Unity Editor version:    2021.3.5f1 (40eb3a945986)
Branch:                  2021.3/staging
Build type:              Release
Batch mode:              YES
System name:             Linux
Distro version:          #35~24.04.1-Ubuntu SMP PREEMPT_DYNAMIC Tue May 26 19:30:42 UTC 2
Kernel version:          6.17.0-35-generic
Architecture:            x86_64
Available memory:        31688 MB
[SignatureVerifier] Application signature verification not supported on this platform.
[LicensingClient] Handshaking with LicensingClient (version: 1.17.4+4293ba1)
[Licensing::Module] Successfully connected to LicensingClient on channel: "LicenseClient-claw" (connect: 0.00s, validation: 0.01s, handshake: 0.00s)
Entitlement-based licensing initiated
[Licensing::Module] Error: Access token is unavailable
[LicensingClient] Licenses updated successfully

LICENSE SYSTEM [2026814 11:14:7] Next license update check is after 2026-08-15T09:14:07


LICENSE SYSTEM [2026814 11:14:7] Current license is already valid and activated. Skipping license activation process (Provided username/password will be ignored).
[Licensing::Module] Serial number assigned to: "F4-CYFX-Q64F-37F5-YX8Z-XXXX"
Pro License: NO
Initialize udev device monitor.
[Package Manager] Server::Start -- Port 58797 was selected

COMMAND LINE ARGUMENTS:
/home/claw/unity-2021.3.5/Editor/Unity
-batchmode
-nographics
-projectPath
/home/claw/gloomhaven_vr/unity/GloomhavenVR.Assets
-buildTarget
Win64
-executeMethod
GloomhavenVR.EnvironmentsBuilder.BuildAll
-logFile
/home/claw/gloomhaven_vr/build-environments.log
Successfully changed project path to: /home/claw/gloomhaven_vr/unity/GloomhavenVR.Assets
/home/claw/gloomhaven_vr/unity/GloomhavenVR.Assets
[UnityMemory] Configuration Parameters - Can be set up in boot.config
    "memorysetup-bucket-allocator-granularity=16"
    "memorysetup-bucket-allocator-bucket-count=8"
    "memorysetup-bucket-allocator-block-size=33554432"
    "memorysetup-bucket-allocator-block-count=8"
    "memorysetup-main-allocator-block-size=16777216"
    "memorysetup-thread-allocator-block-size=16777216"
    "memorysetup-gfx-main-allocator-block-size=16777216"
    "memorysetup-gfx-thread-allocator-block-size=16777216"
    "memorysetup-cache-allocator-block-size=4194304"
    "memorysetup-typetree-allocator-block-size=2097152"
    "memorysetup-profiler-bucket-allocator-granularity=16"
    "memorysetup-profiler-bucket-allocator-bucket-count=8"
    "memorysetup-profiler-bucket-allocator-block-size=33554432"
    "memorysetup-profiler-bucket-allocator-block-count=8"
    "memorysetup-profiler-allocator-block-size=16777216"
    "memorysetup-profiler-editor-allocator-block-size=1048576"
    "memorysetup-temp-allocator-size-main=16777216"
    "memorysetup-job-temp-allocator-block-size=2097152"
    "memorysetup-job-temp-allocator-block-size-background=1048576"
    "memorysetup-job-temp-allocator-reduction-small-platforms=262144"
    "memorysetup-temp-allocator-size-background-worker=32768"
    "memorysetup-temp-allocator-size-job-worker=262144"
    "memorysetup-temp-allocator-size-preload-manager=33554432"
    "memorysetup-temp-allocator-size-nav-mesh-worker=65536"
    "memorysetup-temp-allocator-size-audio-worker=65536"
    "memorysetup-temp-allocator-size-cloud-worker=32768"
    "memorysetup-temp-allocator-size-gi-baking-worker=262144"
    "memorysetup-temp-allocator-size-gfx=262144"
[Package Manager] Restoring resolved packages state from cache
[Package Manager] 
Registered 41 packages:
  Packages from [https://packages.unity.com]:
    com.unity.inputsystem@1.7.0 (location: /home/claw/gloomhaven_vr/unity/GloomhavenVR.Assets/Library/PackageCache/com.unity.inputsystem@1.7.0)
    com.unity.xr.core-utils@2.3.0 (location: /home/claw/gloomhaven_vr/unity/GloomhavenVR.Assets/Library/PackageCache/com.unity.xr.core-utils@2.3.0)
    com.unity.xr.interaction.toolkit@2.6.5 (location: /home/claw/gloomhaven_vr/unity/GloomhavenVR.Assets/Library/PackageCache/com.unity.xr.interaction.toolkit@2.6.5)
    com.unity.xr.management@4.5.0 (location: /home/claw/gloomhaven_vr/unity/GloomhavenVR.Assets/Library/PackageCache/com.unity.xr.management@4.5.0)
    com.unity.xr.openxr@1.13.0 (location: /home/claw/gloomhaven_vr/unity/GloomhavenVR.Assets/Library/PackageCache/com.unity.xr.openxr@1.13.0)
    com.unity.mathematics@1.2.6 (location: /home/claw/gloomhaven_vr/unity/GloomhavenVR.Assets/Library/PackageCache/com.unity.mathematics@1.2.6)
    com.unity.xr.legacyinputhelpers@2.1.10 (location: /home/claw/gloomhaven_vr/unity/GloomhavenVR.Assets/Library/PackageCache/com.unity.xr.legacyinputhelpers@2.1.10)
  Built-in packages:
    com.unity.ugui@1.0.0 (location: /home/claw/gloomhaven_vr/unity/GloomhavenVR.Assets/Library/PackageCache/com.unity.ugui@1.0.0)
    com.unity.modules.ai@1.0.0 (location: /home/claw/gloomhaven_vr/unity/GloomhavenVR.Assets/Library/PackageCache/com.unity.modules.ai@1.0.0)
    com.unity.modules.androidjni@1.0.0 (location: /home/claw/gloomhaven_vr/unity/GloomhavenVR.Assets/Library/PackageCache/com.unity.modules.androidjni@1.0.0)
    com.unity.modules.animation@1.0.0 (location: /home/claw/gloomhaven_vr/unity/GloomhavenVR.Assets/Library/PackageCache/com.unity.modules.animation@1.0.0)
    com.unity.modules.assetbundle@1.0.0 (location: /home/claw/gloomhaven_vr/unity/GloomhavenVR.Assets/Library/PackageCache/com.unity.modules.assetbundle@1.0.0)
    com.unity.modules.audio@1.0.0 (location: /home/claw/gloomhaven_vr/unity/GloomhavenVR.Assets/Library/PackageCache/com.unity.modules.audio@1.0.0)
    com.unity.modules.cloth@1.0.0 (location: /home/claw/gloomhaven_vr/unity/GloomhavenVR.Assets/Library/PackageCache/com.unity.modules.cloth@1.0.0)
    com.unity.modules.director@1.0.0 (location: /home/claw/gloomhaven_vr/unity/GloomhavenVR.Assets/Library/PackageCache/com.unity.modules.director@1.0.0)
    com.unity.modules.imageconversion@1.0.0 (location: /home/claw/gloomhaven_vr/unity/GloomhavenVR.Assets/Library/PackageCache/com.unity.modules.imageconversion@1.0.0)
    com.unity.modules.imgui@1.0.0 (location: /home/claw/gloomhaven_vr/unity/GloomhavenVR.Assets/Library/PackageCache/com.unity.modules.imgui@1.0.0)
    com.unity.modules.jsonserialize@1.0.0 (location: /home/claw/gloomhaven_vr/unity/GloomhavenVR.Assets/Library/PackageCache/com.unity.modules.jsonserialize@1.0.0)
    com.unity.modules.particlesystem@1.0.0 (location: /home/claw/gloomhaven_vr/unity/GloomhavenVR.Assets/Library/PackageCache/com.unity.modules.particlesystem@1.0.0)
    com.unity.modules.physics@1.0.0 (location: /home/claw/gloomhaven_vr/unity/GloomhavenVR.Assets/Library/PackageCache/com.unity.modules.physics@1.0.0)
    com.unity.modules.physics2d@1.0.0 (location: /home/claw/gloomhaven_vr/unity/GloomhavenVR.Assets/Library/PackageCache/com.unity.modules.physics2d@1.0.0)
    com.unity.modules.screencapture@1.0.0 (location: /home/claw/gloomhaven_vr/unity/GloomhavenVR.Assets/Library/PackageCache/com.unity.modules.screencapture@1.0.0)
    com.unity.modules.terrain@1.0.0 (location: /home/claw/gloomhaven_vr/unity/GloomhavenVR.Assets/Library/PackageCache/com.unity.modules.terrain@1.0.0)
    com.unity.modules.terrainphysics@1.0.0 (location: /home/claw/gloomhaven_vr/unity/GloomhavenVR.Assets/Library/PackageCache/com.unity.modules.terrainphysics@1.0.0)
    com.unity.modules.tilemap@1.0.0 (location: /home/claw/gloomhaven_vr/unity/GloomhavenVR.Assets/Library/PackageCache/com.unity.modules.tilemap@1.0.0)
    com.unity.modules.ui@1.0.0 (location: /home/claw/gloomhaven_vr/unity/GloomhavenVR.Assets/Library/PackageCache/com.unity.modules.ui@1.0.0)
    com.unity.modules.uielements@1.0.0 (location: /home/claw/gloomhaven_vr/unity/GloomhavenVR.Assets/Library/PackageCache/com.unity.modules.uielements@1.0.0)
    com.unity.modules.umbra@1.0.0 (location: /home/claw/gloomhaven_vr/unity/GloomhavenVR.Assets/Library/PackageCache/com.unity.modules.umbra@1.0.0)
    com.unity.modules.unityanalytics@1.0.0 (location: /home/claw/gloomhaven_vr/unity/GloomhavenVR.Assets/Library/PackageCache/com.unity.modules.unityanalytics@1.0.0)
    com.unity.modules.unitywebrequest@1.0.0 (location: /home/claw/gloomhaven_vr/unity/GloomhavenVR.Assets/Library/PackageCache/com.unity.modules.unitywebrequest@1.0.0)
    com.unity.modules.unitywebrequestassetbundle@1.0.0 (location: /home/claw/gloomhaven_vr/unity/GloomhavenVR.Assets/Library/PackageCache/com.unity.modules.unitywebrequestassetbundle@1.0.0)
    com.unity.modules.unitywebrequestaudio@1.0.0 (location: /home/claw/gloomhaven_vr/unity/GloomhavenVR.Assets/Library/PackageCache/com.unity.modules.unitywebrequestaudio@1.0.0)
    com.unity.modules.unitywebrequesttexture@1.0.0 (location: /home/claw/gloomhaven_vr/unity/GloomhavenVR.Assets/Library/PackageCache/com.unity.modules.unitywebrequesttexture@1.0.0)
    com.unity.modules.unitywebrequestwww@1.0.0 (location: /home/claw/gloomhaven_vr/unity/GloomhavenVR.Assets/Library/PackageCache/com.unity.modules.unitywebrequestwww@1.0.0)
    com.unity.modules.vehicles@1.0.0 (location: /home/claw/gloomhaven_vr/unity/GloomhavenVR.Assets/Library/PackageCache/com.unity.modules.vehicles@1.0.0)
    com.unity.modules.video@1.0.0 (location: /home/claw/gloomhaven_vr/unity/GloomhavenVR.Assets/Library/PackageCache/com.unity.modules.video@1.0.0)
    com.unity.modules.vr@1.0.0 (location: /home/claw/gloomhaven_vr/unity/GloomhavenVR.Assets/Library/PackageCache/com.unity.modules.vr@1.0.0)
    com.unity.modules.wind@1.0.0 (location: /home/claw/gloomhaven_vr/unity/GloomhavenVR.Assets/Library/PackageCache/com.unity.modules.wind@1.0.0)
    com.unity.modules.xr@1.0.0 (location: /home/claw/gloomhaven_vr/unity/GloomhavenVR.Assets/Library/PackageCache/com.unity.modules.xr@1.0.0)
    com.unity.modules.subsystems@1.0.0 (location: /home/claw/gloomhaven_vr/unity/GloomhavenVR.Assets/Library/PackageCache/com.unity.modules.subsystems@1.0.0)
    com.unity.modules.uielementsnative@1.0.0 (location: /home/claw/gloomhaven_vr/unity/GloomhavenVR.Assets/Library/PackageCache/com.unity.modules.uielementsnative@1.0.0)

[Subsystems] Looking for new subsystems at path /home/claw/gloomhaven_vr/unity/GloomhavenVR.Assets/Library/PackageCache/com.unity.xr.openxr@1.13.0
[Subsystems] Novel subsystem found at Library/PackageCache/com.unity.xr.openxr@1.13.0/Runtime/UnitySubsystemsManifest.json
[Subsystems] Discovering subsystems at path /home/claw/unity-2021.3.5/Editor/Data/Resources/UnitySubsystems
[Subsystems] Discovering subsystems at path /home/claw/gloomhaven_vr/unity/GloomhavenVR.Assets/Assets
[Subsystems] Discovering subsystems at path /home/claw/gloomhaven_vr/unity/GloomhavenVR.Assets/Library/PackageCache/com.unity.xr.openxr@1.13.0
[Subsystems] No descriptors matched for  examples in Library/PackageCache/com.unity.xr.openxr@1.13.0/Runtime/UnitySubsystemsManifest.json.
[Subsystems] 1 'inputs' descriptors matched in Library/PackageCache/com.unity.xr.openxr@1.13.0/Runtime/UnitySubsystemsManifest.json
[Subsystems] 1 'displays' descriptors matched in Library/PackageCache/com.unity.xr.openxr@1.13.0/Runtime/UnitySubsystemsManifest.json
[Subsystems] No descriptors matched for  meshings in Library/PackageCache/com.unity.xr.openxr@1.13.0/Runtime/UnitySubsystemsManifest.json.
Package Manager log level set to [2]
[Package Manager] Done registering packages in 0.04s seconds
Targeting platform: Win64
Refreshing native plugins compatible for Editor in 8.12 ms, found 0 plugins.
Preloading 0 native plugins for Editor in 0.00 ms.
Initialize engine version: 2021.3.5f1 (40eb3a945986)
[Subsystems] Discovering subsystems at path /home/claw/unity-2021.3.5/Editor/Data/Resources/UnitySubsystems
[Subsystems] Discovering subsystems at path /home/claw/gloomhaven_vr/unity/GloomhavenVR.Assets/Assets
[Subsystems] Discovering subsystems at path /home/claw/gloomhaven_vr/unity/GloomhavenVR.Assets/Library/PackageCache/com.unity.xr.openxr@1.13.0
[Subsystems] No descriptors matched for  examples in Library/PackageCache/com.unity.xr.openxr@1.13.0/Runtime/UnitySubsystemsManifest.json.
[Subsystems] 1 'inputs' descriptors matched in Library/PackageCache/com.unity.xr.openxr@1.13.0/Runtime/UnitySubsystemsManifest.json
[Subsystems] 1 'displays' descriptors matched in Library/PackageCache/com.unity.xr.openxr@1.13.0/Runtime/UnitySubsystemsManifest.json
[Subsystems] No descriptors matched for  meshings in Library/PackageCache/com.unity.xr.openxr@1.13.0/Runtime/UnitySubsystemsManifest.json.
Forcing GfxDevice: Null
GfxDevice: creating device client; threaded=0; jobified=0
NullGfxDevice:
    Version:  NULL 1.0 [1.0]
    Renderer: Null Device
    Vendor:   Unity Technologies
Initialize mono
Mono path[0] = '/home/claw/unity-2021.3.5/Editor/Data/Managed'
Mono path[1] = '/home/claw/unity-2021.3.5/Editor/Data/MonoBleedingEdge/lib/mono/unityjit-linux'
Mono config path = '/home/claw/unity-2021.3.5/Editor/Data/MonoBleedingEdge/etc'
Using monoOptions --debugger-agent=transport=dt_socket,embedding=1,server=y,suspend=n,address=127.0.0.1:56044
Using cacheserver namespaces - metadata:defaultmetadata, artifacts:defaultartifacts
Using cacheserver namespaces - metadata:defaultmetadata, artifacts:defaultartifacts
ImportWorker Server TCP listen port: 0
AcceleratorClientConnectionCallback - disconnected - :0
Begin MonoManager ReloadAssembly
Registering precompiled unity dll's ...
Register platform support module: /home/claw/unity-2021.3.5/Editor/Data/PlaybackEngines/WindowsStandaloneSupport/UnityEditor.WindowsStandalone.Extensions.dll
Register platform support module: /home/claw/unity-2021.3.5/Editor/Data/PlaybackEngines/LinuxStandaloneSupport/UnityEditor.LinuxStandalone.Extensions.dll
Registered in 0.003107 seconds.
Native extension for LinuxStandalone target not found
Native extension for WindowsStandalone target not found
Refreshing native plugins compatible for Editor in 1.21 ms, found 0 plugins.
Preloading 0 native plugins for Editor in 0.00 ms.
Mono: successfully reloaded assembly
- Completed reload, in  0.381 seconds
Domain Reload Profiling:
	ReloadAssembly (381ms)
		BeginReloadAssembly (38ms)
			ExecutionOrderSort (0ms)
			DisableScriptedObjects (0ms)
			BackupInstance (0ms)
			ReleaseScriptingObjects (0ms)
			CreateAndSetChildDomain (0ms)
		EndReloadAssembly (265ms)
			LoadAssemblies (37ms)
			RebuildTransferFunctionScriptingTraits (0ms)
			SetupTypeCache (73ms)
			ReleaseScriptCaches (0ms)
			RebuildScriptCaches (21ms)
			SetupLoadedEditorAssemblies (133ms)
				LogAssemblyErrors (0ms)
				InitializePlatformSupportModulesInManaged (7ms)
				SetLoadedEditorAssemblies (0ms)
				RefreshPlugins (1ms)
				BeforeProcessingInitializeOnLoad (1ms)
				ProcessInitializeOnLoadAttributes (94ms)
				ProcessInitializeOnLoadMethodAttributes (30ms)
				AfterProcessingInitializeOnLoad (0ms)
				EditorAssembliesLoaded (0ms)
			ExecutionOrderSort2 (0ms)
			AwakeInstancesAfterBackupRestoration (0ms)
Platform modules already initialized, skipping
Application.AssetDatabase Initial Refresh Start
Registering precompiled user dll's ...
Registered in 0.002053 seconds.
Start importing Assets/Editor/BuildEnvironmentRooms.cs using Guid(0001ffc335b424398b53a9a1fa5f3687) Importer(-1,00000000000000000000000000000000)  -> (artifact id: '7d85745ea693a155a84ccffb802e7034') in 0.009770 seconds 
[ScriptCompilation] Requested script compilation because: Assetdatabase observed changes in script compilation related files
Starting: /home/claw/unity-2021.3.5/Editor/Data/bee_backend --profile="Library/Bee/backend_profiler0.traceevents" --stdin-canary --dagfile="Library/Bee/1900b0aE.dag" --continue-on-failure ScriptAssemblies
WorkingDir: /home/claw/gloomhaven_vr/unity/GloomhavenVR.Assets
ExitCode: 0 Duration: 0s837ms
[296/300    0s] Csc Library/Bee/artifacts/1900b0aE.dag/Assembly-CSharp-Editor.dll (+2 others)
[297/300    0s] CopyFiles Library/ScriptAssemblies/Assembly-CSharp-Editor.pdb
[298/300    0s] CopyFiles Library/ScriptAssemblies/Assembly-CSharp-Editor.dll
*** Tundra build success (0.81 seconds), 3 items updated, 300 evaluated
AssetDatabase: script compilation time: 1.026620s
Begin MonoManager ReloadAssembly
Native extension for LinuxStandalone target not found
Native extension for WindowsStandalone target not found
Refreshing native plugins compatible for Editor in 18.11 ms, found 0 plugins.
Preloading 0 native plugins for Editor in 0.00 ms.
System.ArgumentException: Invalid value of 'activeInputHandler' setting: -1
  at UnityEngine.InputSystem.Editor.EditorPlayerSettingHelpers.ActiveInputHandlerToTuple (System.Int32 value) [0x0002e] in /home/claw/gloomhaven_vr/unity/GloomhavenVR.Assets/Library/PackageCache/com.unity.inputsystem@1.7.0/InputSystem/Editor/Settings/EditorPlayerSettingHelpers.cs:124 
  at UnityEngine.InputSystem.Editor.EditorPlayerSettingHelpers.get_newSystemBackendsEnabled () [0x0000b] in /home/claw/gloomhaven_vr/unity/GloomhavenVR.Assets/Library/PackageCache/com.unity.inputsystem@1.7.0/InputSystem/Editor/Settings/EditorPlayerSettingHelpers.cs:20 
  at UnityEngine.InputSystem.InputSystem.InitializeInEditor (UnityEngine.InputSystem.LowLevel.IInputRuntime runtime) [0x00177] in /home/claw/gloomhaven_vr/unity/GloomhavenVR.Assets/Library/PackageCache/com.unity.inputsystem@1.7.0/InputSystem/InputSystem.cs:3463 
  at UnityEngine.InputSystem.InputSystem..cctor () [0x00000] in /home/claw/gloomhaven_vr/unity/GloomhavenVR.Assets/Library/PackageCache/com.unity.inputsystem@1.7.0/InputSystem/InputSystem.cs:3366 
UnityEngine.StackTraceUtility:ExtractStackTrace () (at /home/bokken/buildslave/unity/build/Runtime/Export/Scripting/StackTrace.cs:37)
UnityEngine.DebugLogHandler:LogFormat (UnityEngine.LogType,UnityEngine.Object,string,object[])
UnityEngine.Logger:Log (UnityEngine.LogType,object)
UnityEngine.Debug:LogError (object)
UnityEditor.EditorAssemblies:ProcessInitializeOnLoadAttributes (System.Type[]) (at /home/bokken/buildslave/unity/build/Editor/Mono/EditorAssemblies.cs:130)

(Filename: /home/bokken/buildslave/unity/build/Editor/Mono/EditorAssemblies.cs Line: 130)

System.TypeInitializationException: The type initializer for 'UnityEngine.InputSystem.InputSystem' threw an exception. ---> System.ArgumentException: Invalid value of 'activeInputHandler' setting: -1
  at UnityEngine.InputSystem.Editor.EditorPlayerSettingHelpers.ActiveInputHandlerToTuple (System.Int32 value) [0x0002e] in /home/claw/gloomhaven_vr/unity/GloomhavenVR.Assets/Library/PackageCache/com.unity.inputsystem@1.7.0/InputSystem/Editor/Settings/EditorPlayerSettingHelpers.cs:124 
  at UnityEngine.InputSystem.Editor.EditorPlayerSettingHelpers.get_newSystemBackendsEnabled () [0x0000b] in /home/claw/gloomhaven_vr/unity/GloomhavenVR.Assets/Library/PackageCache/com.unity.inputsystem@1.7.0/InputSystem/Editor/Settings/EditorPlayerSettingHelpers.cs:20 
  at UnityEngine.InputSystem.InputSystem.InitializeInEditor (UnityEngine.InputSystem.LowLevel.IInputRuntime runtime) [0x00177] in /home/claw/gloomhaven_vr/unity/GloomhavenVR.Assets/Library/PackageCache/com.unity.inputsystem@1.7.0/InputSystem/InputSystem.cs:3463 
  at UnityEngine.InputSystem.InputSystem..cctor () [0x00000] in /home/claw/gloomhaven_vr/unity/GloomhavenVR.Assets/Library/PackageCache/com.unity.inputsystem@1.7.0/InputSystem/InputSystem.cs:3366 
   --- End of inner exception stack trace ---
  at UnityEngine.XR.Interaction.Toolkit.Inputs.Simulation.SimulatedInputLayoutLoader.RegisterInputLayouts () [0x00000] in /home/claw/gloomhaven_vr/unity/GloomhavenVR.Assets/Library/PackageCache/com.unity.xr.interaction.toolkit@2.6.5/Runtime/Inputs/Simulation/SimulatedInputLayoutLoader.cs:40 
  at UnityEngine.XR.Interaction.Toolkit.Inputs.Simulation.SimulatedInputLayoutLoader..cctor () [0x00000] in /home/claw/gloomhaven_vr/unity/GloomhavenVR.Assets/Library/PackageCache/com.unity.xr.interaction.toolkit@2.6.5/Runtime/Inputs/Simulation/SimulatedInputLayoutLoader.cs:25 
UnityEngine.StackTraceUtility:ExtractStackTrace () (at /home/bokken/buildslave/unity/build/Runtime/Export/Scripting/StackTrace.cs:37)
UnityEngine.DebugLogHandler:LogFormat (UnityEngine.LogType,UnityEngine.Object,string,object[])
UnityEngine.Logger:Log (UnityEngine.LogType,object)
UnityEngine.Debug:LogError (object)
UnityEditor.EditorAssemblies:ProcessInitializeOnLoadAttributes (System.Type[]) (at /home/bokken/buildslave/unity/build/Editor/Mono/EditorAssemblies.cs:130)

(Filename: /home/bokken/buildslave/unity/build/Editor/Mono/EditorAssemblies.cs Line: 130)

System.TypeInitializationException: The type initializer for 'UnityEngine.InputSystem.InputSystem' threw an exception. ---> System.ArgumentException: Invalid value of 'activeInputHandler' setting: -1
  at UnityEngine.InputSystem.Editor.EditorPlayerSettingHelpers.ActiveInputHandlerToTuple (System.Int32 value) [0x0002e] in /home/claw/gloomhaven_vr/unity/GloomhavenVR.Assets/Library/PackageCache/com.unity.inputsystem@1.7.0/InputSystem/Editor/Settings/EditorPlayerSettingHelpers.cs:124 
  at UnityEngine.InputSystem.Editor.EditorPlayerSettingHelpers.get_newSystemBackendsEnabled () [0x0000b] in /home/claw/gloomhaven_vr/unity/GloomhavenVR.Assets/Library/PackageCache/com.unity.inputsystem@1.7.0/InputSystem/Editor/Settings/EditorPlayerSettingHelpers.cs:20 
  at UnityEngine.InputSystem.InputSystem.InitializeInEditor (UnityEngine.InputSystem.LowLevel.IInputRuntime runtime) [0x00177] in /home/claw/gloomhaven_vr/unity/GloomhavenVR.Assets/Library/PackageCache/com.unity.inputsystem@1.7.0/InputSystem/InputSystem.cs:3463 
  at UnityEngine.InputSystem.InputSystem..cctor () [0x00000] in /home/claw/gloomhaven_vr/unity/GloomhavenVR.Assets/Library/PackageCache/com.unity.inputsystem@1.7.0/InputSystem/InputSystem.cs:3366 
   --- End of inner exception stack trace ---
  at UnityEngine.XR.Interaction.Toolkit.Inputs.Interactions.SectorInteraction..cctor () [0x0000a] in /home/claw/gloomhaven_vr/unity/GloomhavenVR.Assets/Library/PackageCache/com.unity.xr.interaction.toolkit@2.6.5/Runtime/Inputs/Interactions/SectorInteraction.cs:282 
UnityEngine.StackTraceUtility:ExtractStackTrace () (at /home/bokken/buildslave/unity/build/Runtime/Export/Scripting/StackTrace.cs:37)
UnityEngine.DebugLogHandler:LogFormat (UnityEngine.LogType,UnityEngine.Object,string,object[])
UnityEngine.Logger:Log (UnityEngine.LogType,object)
UnityEngine.Debug:LogError (object)
UnityEditor.EditorAssemblies:ProcessInitializeOnLoadAttributes (System.Type[]) (at /home/bokken/buildslave/unity/build/Editor/Mono/EditorAssemblies.cs:130)

(Filename: /home/bokken/buildslave/unity/build/Editor/Mono/EditorAssemblies.cs Line: 130)

System.TypeInitializationException: The type initializer for 'UnityEngine.InputSystem.InputSystem' threw an exception. ---> System.ArgumentException: Invalid value of 'activeInputHandler' setting: -1
  at UnityEngine.InputSystem.Editor.EditorPlayerSettingHelpers.ActiveInputHandlerToTuple (System.Int32 value) [0x0002e] in /home/claw/gloomhaven_vr/unity/GloomhavenVR.Assets/Library/PackageCache/com.unity.inputsystem@1.7.0/InputSystem/Editor/Settings/EditorPlayerSettingHelpers.cs:124 
  at UnityEngine.InputSystem.Editor.EditorPlayerSettingHelpers.get_newSystemBackendsEnabled () [0x0000b] in /home/claw/gloomhaven_vr/unity/GloomhavenVR.Assets/Library/PackageCache/com.unity.inputsystem@1.7.0/InputSystem/Editor/Settings/EditorPlayerSettingHelpers.cs:20 
  at UnityEngine.InputSystem.InputSystem.InitializeInEditor (UnityEngine.InputSystem.LowLevel.IInputRuntime runtime) [0x00177] in /home/claw/gloomhaven_vr/unity/GloomhavenVR.Assets/Library/PackageCache/com.unity.inputsystem@1.7.0/InputSystem/InputSystem.cs:3463 
  at UnityEngine.InputSystem.InputSystem..cctor () [0x00000] in /home/claw/gloomhaven_vr/unity/GloomhavenVR.Assets/Library/PackageCache/com.unity.inputsystem@1.7.0/InputSystem/InputSystem.cs:3366 
   --- End of inner exception stack trace ---
  at UnityEngine.XR.Interaction.Toolkit.Inputs.Composites.Vector3FallbackComposite..cctor () [0x00000] in /home/claw/gloomhaven_vr/unity/GloomhavenVR.Assets/Library/PackageCache/com.unity.xr.interaction.toolkit@2.6.5/Runtime/Inputs/Composites/FallbackComposite.cs:73 
UnityEngine.StackTraceUtility:ExtractStackTrace () (at /home/bokken/buildslave/unity/build/Runtime/Export/Scripting/StackTrace.cs:37)
UnityEngine.DebugLogHandler:LogFormat (UnityEngine.LogType,UnityEngine.Object,string,object[])
UnityEngine.Logger:Log (UnityEngine.LogType,object)
UnityEngine.Debug:LogError (object)
UnityEditor.EditorAssemblies:ProcessInitializeOnLoadAttributes (System.Type[]) (at /home/bokken/buildslave/unity/build/Editor/Mono/EditorAssemblies.cs:130)

(Filename: /home/bokken/buildslave/unity/build/Editor/Mono/EditorAssemblies.cs Line: 130)

System.TypeInitializationException: The type initializer for 'UnityEngine.InputSystem.InputSystem' threw an exception. ---> System.ArgumentException: Invalid value of 'activeInputHandler' setting: -1
  at UnityEngine.InputSystem.Editor.EditorPlayerSettingHelpers.ActiveInputHandlerToTuple (System.Int32 value) [0x0002e] in /home/claw/gloomhaven_vr/unity/GloomhavenVR.Assets/Library/PackageCache/com.unity.inputsystem@1.7.0/InputSystem/Editor/Settings/EditorPlayerSettingHelpers.cs:124 
  at UnityEngine.InputSystem.Editor.EditorPlayerSettingHelpers.get_newSystemBackendsEnabled () [0x0000b] in /home/claw/gloomhaven_vr/unity/GloomhavenVR.Assets/Library/PackageCache/com.unity.inputsystem@1.7.0/InputSystem/Editor/Settings/EditorPlayerSettingHelpers.cs:20 
  at UnityEngine.InputSystem.InputSystem.InitializeInEditor (UnityEngine.InputSystem.LowLevel.IInputRuntime runtime) [0x00177] in /home/claw/gloomhaven_vr/unity/GloomhavenVR.Assets/Library/PackageCache/com.unity.inputsystem@1.7.0/InputSystem/InputSystem.cs:3463 
  at UnityEngine.InputSystem.InputSystem..cctor () [0x00000] in /home/claw/gloomhaven_vr/unity/GloomhavenVR.Assets/Library/PackageCache/com.unity.inputsystem@1.7.0/InputSystem/InputSystem.cs:3366 
   --- End of inner exception stack trace ---
  at UnityEngine.XR.Interaction.Toolkit.Inputs.Composites.QuaternionFallbackComposite..cctor () [0x00000] in /home/claw/gloomhaven_vr/unity/GloomhavenVR.Assets/Library/PackageCache/com.unity.xr.interaction.toolkit@2.6.5/Runtime/Inputs/Composites/FallbackComposite.cs:138 
UnityEngine.StackTraceUtility:ExtractStackTrace () (at /home/bokken/buildslave/unity/build/Runtime/Export/Scripting/StackTrace.cs:37)
UnityEngine.DebugLogHandler:LogFormat (UnityEngine.LogType,UnityEngine.Object,string,object[])
UnityEngine.Logger:Log (UnityEngine.LogType,object)
UnityEngine.Debug:LogError (object)
UnityEditor.EditorAssemblies:ProcessInitializeOnLoadAttributes (System.Type[]) (at /home/bokken/buildslave/unity/build/Editor/Mono/EditorAssemblies.cs:130)

(Filename: /home/bokken/buildslave/unity/build/Editor/Mono/EditorAssemblies.cs Line: 130)

System.TypeInitializationException: The type initializer for 'UnityEngine.InputSystem.InputSystem' threw an exception. ---> System.ArgumentException: Invalid value of 'activeInputHandler' setting: -1
  at UnityEngine.InputSystem.Editor.EditorPlayerSettingHelpers.ActiveInputHandlerToTuple (System.Int32 value) [0x0002e] in /home/claw/gloomhaven_vr/unity/GloomhavenVR.Assets/Library/PackageCache/com.unity.inputsystem@1.7.0/InputSystem/Editor/Settings/EditorPlayerSettingHelpers.cs:124 
  at UnityEngine.InputSystem.Editor.EditorPlayerSettingHelpers.get_newSystemBackendsEnabled () [0x0000b] in /home/claw/gloomhaven_vr/unity/GloomhavenVR.Assets/Library/PackageCache/com.unity.inputsystem@1.7.0/InputSystem/Editor/Settings/EditorPlayerSettingHelpers.cs:20 
  at UnityEngine.InputSystem.InputSystem.InitializeInEditor (UnityEngine.InputSystem.LowLevel.IInputRuntime runtime) [0x00177] in /home/claw/gloomhaven_vr/unity/GloomhavenVR.Assets/Library/PackageCache/com.unity.inputsystem@1.7.0/InputSystem/InputSystem.cs:3463 
  at UnityEngine.InputSystem.InputSystem..cctor () [0x00000] in /home/claw/gloomhaven_vr/unity/GloomhavenVR.Assets/Library/PackageCache/com.unity.inputsystem@1.7.0/InputSystem/InputSystem.cs:3366 
   --- End of inner exception stack trace ---
  at UnityEngine.XR.Interaction.Toolkit.Inputs.Composites.IntegerFallbackComposite..cctor () [0x00000] in /home/claw/gloomhaven_vr/unity/GloomhavenVR.Assets/Library/PackageCache/com.unity.xr.interaction.toolkit@2.6.5/Runtime/Inputs/Composites/FallbackComposite.cs:203 
UnityEngine.StackTraceUtility:ExtractStackTrace () (at /home/bokken/buildslave/unity/build/Runtime/Export/Scripting/StackTrace.cs:37)
UnityEngine.DebugLogHandler:LogFormat (UnityEngine.LogType,UnityEngine.Object,string,object[])
UnityEngine.Logger:Log (UnityEngine.LogType,object)
UnityEngine.Debug:LogError (object)
UnityEditor.EditorAssemblies:ProcessInitializeOnLoadAttributes (System.Type[]) (at /home/bokken/buildslave/unity/build/Editor/Mono/EditorAssemblies.cs:130)

(Filename: /home/bokken/buildslave/unity/build/Editor/Mono/EditorAssemblies.cs Line: 130)

System.TypeInitializationException: The type initializer for 'UnityEngine.InputSystem.InputSystem' threw an exception. ---> System.ArgumentException: Invalid value of 'activeInputHandler' setting: -1
  at UnityEngine.InputSystem.Editor.EditorPlayerSettingHelpers.ActiveInputHandlerToTuple (System.Int32 value) [0x0002e] in /home/claw/gloomhaven_vr/unity/GloomhavenVR.Assets/Library/PackageCache/com.unity.inputsystem@1.7.0/InputSystem/Editor/Settings/EditorPlayerSettingHelpers.cs:124 
  at UnityEngine.InputSystem.Editor.EditorPlayerSettingHelpers.get_newSystemBackendsEnabled () [0x0000b] in /home/claw/gloomhaven_vr/unity/GloomhavenVR.Assets/Library/PackageCache/com.unity.inputsystem@1.7.0/InputSystem/Editor/Settings/EditorPlayerSettingHelpers.cs:20 
  at UnityEngine.InputSystem.InputSystem.InitializeInEditor (UnityEngine.InputSystem.LowLevel.IInputRuntime runtime) [0x00177] in /home/claw/gloomhaven_vr/unity/GloomhavenVR.Assets/Library/PackageCache/com.unity.inputsystem@1.7.0/InputSystem/InputSystem.cs:3463 
  at UnityEngine.InputSystem.InputSystem..cctor () [0x00000] in /home/claw/gloomhaven_vr/unity/GloomhavenVR.Assets/Library/PackageCache/com.unity.inputsystem@1.7.0/InputSystem/InputSystem.cs:3366 
   --- End of inner exception stack trace ---
  at UnityEngine.XR.Interaction.Toolkit.Inputs.Composites.ButtonFallbackComposite..cctor () [0x00000] in /home/claw/gloomhaven_vr/unity/GloomhavenVR.Assets/Library/PackageCache/com.unity.xr.interaction.toolkit@2.6.5/Runtime/Inputs/Composites/FallbackComposite.cs:279 
UnityEngine.StackTraceUtility:ExtractStackTrace () (at /home/bokken/buildslave/unity/build/Runtime/Export/Scripting/StackTrace.cs:37)
UnityEngine.DebugLogHandler:LogFormat (UnityEngine.LogType,UnityEngine.Object,string,object[])
UnityEngine.Logger:Log (UnityEngine.LogType,object)
UnityEngine.Debug:LogError (object)
UnityEditor.EditorAssemblies:ProcessInitializeOnLoadAttributes (System.Type[]) (at /home/bokken/buildslave/unity/build/Editor/Mono/EditorAssemblies.cs:130)

(Filename: /home/bokken/buildslave/unity/build/Editor/Mono/EditorAssemblies.cs Line: 130)

Mono: successfully reloaded assembly
- Completed reload, in  0.562 seconds
Domain Reload Profiling:
	ReloadAssembly (563ms)
		BeginReloadAssembly (78ms)
			ExecutionOrderSort (0ms)
			DisableScriptedObjects (4ms)
			BackupInstance (0ms)
			ReleaseScriptingObjects (0ms)
			CreateAndSetChildDomain (21ms)
		EndReloadAssembly (436ms)
			LoadAssemblies (34ms)
			RebuildTransferFunctionScriptingTraits (0ms)
			SetupTypeCache (91ms)
			ReleaseScriptCaches (1ms)
			RebuildScriptCaches (35ms)
			SetupLoadedEditorAssemblies (232ms)
				LogAssemblyErrors (0ms)
				InitializePlatformSupportModulesInManaged (11ms)
				SetLoadedEditorAssemblies (0ms)
				RefreshPlugins (18ms)
				BeforeProcessingInitializeOnLoad (35ms)
				ProcessInitializeOnLoadAttributes (147ms)
				ProcessInitializeOnLoadMethodAttributes (18ms)
				AfterProcessingInitializeOnLoad (3ms)
				EditorAssembliesLoaded (0ms)
			ExecutionOrderSort2 (0ms)
			AwakeInstancesAfterBackupRestoration (3ms)
Platform modules already initialized, skipping
Registering precompiled user dll's ...
Registered in 0.001524 seconds.
Start importing Assets/Bundle/Environments/EnvShaft.shader using Guid(46993638cde6a5dd59d5ddba86afd065) Importer(-1,00000000000000000000000000000000) Launched and connected shader compiler UnityShaderCompiler after 0.01 seconds
 -> (artifact id: '36570d2eecc4aa2a1adc3a0b227b9c2b') in 0.030817 seconds 
Start importing Assets/Bundle/Environments/EnvGround.shader using Guid(771b1ac2430db533099d450a64c78f5e) Importer(-1,00000000000000000000000000000000)  -> (artifact id: '06baae84168ab67bde282ec66fc9750f') in 0.002557 seconds 
Start importing Assets/Bundle/Environments/EnvCritter.shader using Guid(fde489279afa20576969cf7018671eeb) Importer(-1,00000000000000000000000000000000)  -> (artifact id: 'b59b9118cf1bb6ea26326f089f4021e4') in 0.005333 seconds 
ArgumentException: Invalid value of 'activeInputHandler' setting: -1
  at UnityEngine.InputSystem.Editor.EditorPlayerSettingHelpers.ActiveInputHandlerToTuple (System.Int32 value) [0x0002e] in /home/claw/gloomhaven_vr/unity/GloomhavenVR.Assets/Library/PackageCache/com.unity.inputsystem@1.7.0/InputSystem/Editor/Settings/EditorPlayerSettingHelpers.cs:124 
  at UnityEngine.InputSystem.Editor.EditorPlayerSettingHelpers.get_newSystemBackendsEnabled () [0x0000b] in /home/claw/gloomhaven_vr/unity/GloomhavenVR.Assets/Library/PackageCache/com.unity.inputsystem@1.7.0/InputSystem/Editor/Settings/EditorPlayerSettingHelpers.cs:20 
  at UnityEngine.InputSystem.InputSystem.InitializeInEditor (UnityEngine.InputSystem.LowLevel.IInputRuntime runtime) [0x00177] in /home/claw/gloomhaven_vr/unity/GloomhavenVR.Assets/Library/PackageCache/com.unity.inputsystem@1.7.0/InputSystem/InputSystem.cs:3463 
  at UnityEngine.InputSystem.InputSystem..cctor () [0x00000] in /home/claw/gloomhaven_vr/unity/GloomhavenVR.Assets/Library/PackageCache/com.unity.inputsystem@1.7.0/InputSystem/InputSystem.cs:3366 
Rethrow as TypeInitializationException: The type initializer for 'UnityEngine.InputSystem.InputSystem' threw an exception.
  at UnityEngine.InputSystem.LowLevel.NativeInputRuntime.OnProjectChanged () [0x00000] in /home/claw/gloomhaven_vr/unity/GloomhavenVR.Assets/Library/PackageCache/com.unity.inputsystem@1.7.0/InputSystem/NativeInputRuntime.cs:348 
  at UnityEditor.EditorApplication.Internal_CallProjectHasChanged () [0x00028] in /home/bokken/buildslave/unity/build/Editor/Mono/EditorApplication.cs:403 

(Filename: /home/bokken/buildslave/unity/build/Editor/Mono/EditorApplication.cs Line: 403)

Launched and connected shader compiler UnityShaderCompiler after 0.01 seconds
Launched and connected shader compiler UnityShaderCompiler after 0.01 seconds
Launched and connected shader compiler UnityShaderCompiler after 0.01 seconds
Launched and connected shader compiler UnityShaderCompiler after 0.01 seconds
Launched and connected shader compiler UnityShaderCompiler after 0.01 seconds
Launched and connected shader compiler UnityShaderCompiler after 0.01 seconds
Refreshing native plugins compatible for Editor in 0.36 ms, found 0 plugins.
Preloading 0 native plugins for Editor in 0.00 ms.
ArgumentException: Invalid value of 'activeInputHandler' setting: -1
  at UnityEngine.InputSystem.Editor.EditorPlayerSettingHelpers.ActiveInputHandlerToTuple (System.Int32 value) [0x0002e] in /home/claw/gloomhaven_vr/unity/GloomhavenVR.Assets/Library/PackageCache/com.unity.inputsystem@1.7.0/InputSystem/Editor/Settings/EditorPlayerSettingHelpers.cs:124 
  at UnityEngine.InputSystem.Editor.EditorPlayerSettingHelpers.get_newSystemBackendsEnabled () [0x0000b] in /home/claw/gloomhaven_vr/unity/GloomhavenVR.Assets/Library/PackageCache/com.unity.inputsystem@1.7.0/InputSystem/Editor/Settings/EditorPlayerSettingHelpers.cs:20 
  at UnityEngine.InputSystem.InputSystem.InitializeInEditor (UnityEngine.InputSystem.LowLevel.IInputRuntime runtime) [0x00177] in /home/claw/gloomhaven_vr/unity/GloomhavenVR.Assets/Library/PackageCache/com.unity.inputsystem@1.7.0/InputSystem/InputSystem.cs:3463 
  at UnityEngine.InputSystem.InputSystem..cctor () [0x00000] in /home/claw/gloomhaven_vr/unity/GloomhavenVR.Assets/Library/PackageCache/com.unity.inputsystem@1.7.0/InputSystem/InputSystem.cs:3366 
Rethrow as TypeInitializationException: The type initializer for 'UnityEngine.InputSystem.InputSystem' threw an exception.
  at UnityEngine.InputSystem.LowLevel.NativeInputRuntime.OnProjectChanged () [0x00000] in /home/claw/gloomhaven_vr/unity/GloomhavenVR.Assets/Library/PackageCache/com.unity.inputsystem@1.7.0/InputSystem/NativeInputRuntime.cs:348 
  at UnityEditor.EditorApplication.Internal_CallProjectHasChanged () [0x00028] in /home/bokken/buildslave/unity/build/Editor/Mono/EditorApplication.cs:403 

(Filename: /home/bokken/buildslave/unity/build/Editor/Mono/EditorApplication.cs Line: 403)

Asset Pipeline Refresh: Total: 2.217 seconds - Initiated by InitialRefreshV2(ForceSynchronousImport)
	Summary:
		Imports: total=336 (actual=4, local cache=332, cache server=0)
		Asset DB Process Time: managed=3 ms, native=186 ms
		Asset DB Callback time: managed=127 ms, native=56 ms
		Scripting: domain reloads=1, domain reload time=595 ms, compile time=1028 ms, other=218 ms
		Project Asset Count: scripts=2063, non-scripts=552
		Asset File Changes: new=0, changed=4, moved=0, deleted=0
		Scan Filter Count: 1
	InvokeBeforeRefreshCallbacks: 0.113ms
	ApplyChangesToAssetFolders: 0.035ms
	Scan: 85.451ms
	OnSourceAssetsModified: 5.538ms
	InitializeImportedAssetsSnapshot: 11.133ms
	GetAllGuidsForCategorization: 0.187ms
	CategorizeAssets: 23.554ms
	ImportOutOfDateAssets: 1912.912ms (823.801ms without children)
		ImportManagerImport: 60.456ms (11.523ms without children)
			ImportInProcess: 48.893ms
			UpdateCategorizedAssets: 0.040ms
		CompileScripts: 1027.770ms
		ReloadImportedAssets: 0.014ms
		EnsureUptoDateAssetsAreRegisteredWithGuidPM: 0.457ms
		InitializingProgressBar: 0.006ms
		PostProcessAllAssetNotificationsAddChangedAssets: 0.198ms
		OnDemandSchedulerStart: 0.209ms
	ReloadSourceAssets: 0.220ms
	UnloadImportedAssets: 6.558ms
	PostProcessAllAssets: 142.329ms
	Hotreload: 36.099ms
	GatherAllCurrentPrimaryArtifactRevisions: 0.000ms
	UnloadStreamsBegin: 0.163ms
	LoadedImportedAssetsSnapshotReleaseGCHandles: 1.066ms
	GetLoadedSourceAssetsIDs: 0.482ms
	GetLoadedSourceAssetsSnapshot: 0.253ms
	PersistCurrentRevisions: 0.142ms
	UnloadStreamsEnd: 0.008ms
	GenerateScriptTypeHashes: 0.749ms
	Untracked: 132.885ms
Application.AssetDatabase Initial Refresh End
Scanning for USB devices : 1.049ms
Initializing Unity extensions:
UpdateMenuTitleForLanguage: 10
[MODES] ModeService[none].Initialize
[MODES] ModeService[none].LoadModes
[MODES] Loading mode Default (0) for mode-current-id-GloomhavenVR.Assets
ProgressiveSceneManager::Cancel()
Unloading 153 Unused Serialized files (Serialized files now loaded: 0)
Unloading 202 unused Assets / (0.7 MB). Loaded Objects now: 2062.
Memory consumption went from 81.4 MB to 80.7 MB.
Total: 2.999983 ms (FindLiveObjects: 0.092524 ms CreateObjectMapping: 0.026501 ms MarkObjects: 2.586497 ms  DeleteObjects: 0.293802 ms)

Registering precompiled user dll's ...
Registered in 0.001533 seconds.
Asset Pipeline Refresh: Total: 0.049 seconds - Initiated by RefreshV2(NoUpdateAssetOptions)
Registering precompiled user dll's ...
Registered in 0.001581 seconds.
Start importing Assets/Bundle/Environments/Textures/Env_Spark.png using Guid(fbc70a2567687c3f9a7cb64f73d5afa1) Importer(-1,00000000000000000000000000000000)  -> (artifact id: '70519e83f15f97de676713ddf1f24cbd') in 0.003109 seconds 
Refreshing native plugins compatible for Editor in 0.29 ms, found 0 plugins.
Preloading 0 native plugins for Editor in 0.00 ms.
Asset Pipeline Refresh: Total: 0.022 seconds - Initiated by StopAssetImportingV2(NoUpdateAssetOptions)
Registering precompiled user dll's ...
Registered in 0.001557 seconds.
Start importing Assets/Bundle/Environments/Textures/Env_Spark.png using Guid(fbc70a2567687c3f9a7cb64f73d5afa1) Importer(-1,00000000000000000000000000000000)  -> (artifact id: '70519e83f15f97de676713ddf1f24cbd') in 0.001253 seconds 
Refreshing native plugins compatible for Editor in 0.26 ms, found 0 plugins.
Preloading 0 native plugins for Editor in 0.00 ms.
Asset Pipeline Refresh: Total: 0.014 seconds - Initiated by StopAssetImportingV2(NoUpdateAssetOptions)
Registering precompiled user dll's ...
Registered in 0.001527 seconds.
Start importing Assets/Bundle/Environments/Textures/Env_Glow.png using Guid(eb44feae523bbac8bbca5dc1a95c5e2a) Importer(-1,00000000000000000000000000000000)  -> (artifact id: 'a786f3030c4d602601115ac249927bfe') in 0.001716 seconds 
Refreshing native plugins compatible for Editor in 0.25 ms, found 0 plugins.
Preloading 0 native plugins for Editor in 0.00 ms.
Asset Pipeline Refresh: Total: 0.014 seconds - Initiated by StopAssetImportingV2(NoUpdateAssetOptions)
Registering precompiled user dll's ...
Registered in 0.001519 seconds.
Start importing Assets/Bundle/Environments/Textures/Env_Glow.png using Guid(eb44feae523bbac8bbca5dc1a95c5e2a) Importer(-1,00000000000000000000000000000000)  -> (artifact id: 'a786f3030c4d602601115ac249927bfe') in 0.001762 seconds 
Refreshing native plugins compatible for Editor in 0.30 ms, found 0 plugins.
Preloading 0 native plugins for Editor in 0.00 ms.
Asset Pipeline Refresh: Total: 0.014 seconds - Initiated by StopAssetImportingV2(NoUpdateAssetOptions)
Registering precompiled user dll's ...
Registered in 0.001516 seconds.
Start importing Assets/Bundle/Environments/Textures/Env_Streak.png using Guid(65d8a1cf94ef1fa0a81ee26e64243f9e) Importer(-1,00000000000000000000000000000000)  -> (artifact id: '078885ab79782726392f472f3955c14a') in 0.001634 seconds 
Refreshing native plugins compatible for Editor in 0.23 ms, found 0 plugins.
Preloading 0 native plugins for Editor in 0.00 ms.
Asset Pipeline Refresh: Total: 0.013 seconds - Initiated by StopAssetImportingV2(NoUpdateAssetOptions)
Registering precompiled user dll's ...
Registered in 0.001499 seconds.
Start importing Assets/Bundle/Environments/Textures/Env_Streak.png using Guid(65d8a1cf94ef1fa0a81ee26e64243f9e) Importer(-1,00000000000000000000000000000000)  -> (artifact id: '078885ab79782726392f472f3955c14a') in 0.001671 seconds 
Refreshing native plugins compatible for Editor in 0.24 ms, found 0 plugins.
Preloading 0 native plugins for Editor in 0.00 ms.
Asset Pipeline Refresh: Total: 0.013 seconds - Initiated by StopAssetImportingV2(NoUpdateAssetOptions)
Registering precompiled user dll's ...
Registered in 0.001532 seconds.
Start importing Assets/Bundle/Environments/Textures/Env_FogPuff.png using Guid(6ed87ffb8de6a919086c1cad05658cc6) Importer(-1,00000000000000000000000000000000)  -> (artifact id: '1efd63fbcb6573abb972f6ea0fbd8c75') in 0.002942 seconds 
Refreshing native plugins compatible for Editor in 0.25 ms, found 0 plugins.
Preloading 0 native plugins for Editor in 0.00 ms.
Asset Pipeline Refresh: Total: 0.015 seconds - Initiated by StopAssetImportingV2(NoUpdateAssetOptions)
Registering precompiled user dll's ...
Registered in 0.001522 seconds.
Start importing Assets/Bundle/Environments/Textures/Env_FogPuff.png using Guid(6ed87ffb8de6a919086c1cad05658cc6) Importer(-1,00000000000000000000000000000000)  -> (artifact id: '1efd63fbcb6573abb972f6ea0fbd8c75') in 0.002750 seconds 
Refreshing native plugins compatible for Editor in 0.25 ms, found 0 plugins.
Preloading 0 native plugins for Editor in 0.00 ms.
Asset Pipeline Refresh: Total: 0.014 seconds - Initiated by StopAssetImportingV2(NoUpdateAssetOptions)
Registering precompiled user dll's ...
Registered in 0.001523 seconds.
Start importing Assets/Bundle/Environments/Textures/Env_Moon.png using Guid(5f2766a50107ac247ac74ec07df61a7b) Importer(-1,00000000000000000000000000000000)  -> (artifact id: '42bc228bcbad17140ea4b0228276a702') in 0.009147 seconds 
Refreshing native plugins compatible for Editor in 0.26 ms, found 0 plugins.
Preloading 0 native plugins for Editor in 0.00 ms.
Asset Pipeline Refresh: Total: 0.022 seconds - Initiated by StopAssetImportingV2(NoUpdateAssetOptions)
Registering precompiled user dll's ...
Registered in 0.001515 seconds.
Start importing Assets/Bundle/Environments/Textures/Env_Moon.png using Guid(5f2766a50107ac247ac74ec07df61a7b) Importer(-1,00000000000000000000000000000000)  -> (artifact id: '42bc228bcbad17140ea4b0228276a702') in 0.007917 seconds 
Refreshing native plugins compatible for Editor in 0.25 ms, found 0 plugins.
Preloading 0 native plugins for Editor in 0.00 ms.
Asset Pipeline Refresh: Total: 0.020 seconds - Initiated by StopAssetImportingV2(NoUpdateAssetOptions)
Registering precompiled user dll's ...
Registered in 0.001532 seconds.
Start importing Assets/Bundle/Environments/Textures/Env_Strand.png using Guid(ec88b6fb6536211dba4e58594937ab82) Importer(-1,00000000000000000000000000000000)  -> (artifact id: '0d5558e251bf4d0382219fec18a444d8') in 0.003988 seconds 
Refreshing native plugins compatible for Editor in 0.25 ms, found 0 plugins.
Preloading 0 native plugins for Editor in 0.00 ms.
Asset Pipeline Refresh: Total: 0.017 seconds - Initiated by StopAssetImportingV2(NoUpdateAssetOptions)
Registering precompiled user dll's ...
Registered in 0.001519 seconds.
Start importing Assets/Bundle/Environments/Textures/Env_Strand.png using Guid(ec88b6fb6536211dba4e58594937ab82) Importer(-1,00000000000000000000000000000000)  -> (artifact id: '0d5558e251bf4d0382219fec18a444d8') in 0.003581 seconds 
Refreshing native plugins compatible for Editor in 0.25 ms, found 0 plugins.
Preloading 0 native plugins for Editor in 0.00 ms.
Asset Pipeline Refresh: Total: 0.015 seconds - Initiated by StopAssetImportingV2(NoUpdateAssetOptions)
Registering precompiled user dll's ...
Registered in 0.001520 seconds.
Start importing Assets/Bundle/Environments/Textures/Env_Haze.png using Guid(317d7e2492baa3ad5bc351156ff944b4) Importer(-1,00000000000000000000000000000000)  -> (artifact id: 'b45d79739433763b742d8a267dc50d93') in 0.002840 seconds 
Refreshing native plugins compatible for Editor in 0.23 ms, found 0 plugins.
Preloading 0 native plugins for Editor in 0.00 ms.
Asset Pipeline Refresh: Total: 0.015 seconds - Initiated by StopAssetImportingV2(NoUpdateAssetOptions)
Registering precompiled user dll's ...
Registered in 0.001501 seconds.
Start importing Assets/Bundle/Environments/Textures/Env_Haze.png using Guid(317d7e2492baa3ad5bc351156ff944b4) Importer(-1,00000000000000000000000000000000)  -> (artifact id: 'b45d79739433763b742d8a267dc50d93') in 0.002762 seconds 
Refreshing native plugins compatible for Editor in 0.24 ms, found 0 plugins.
Preloading 0 native plugins for Editor in 0.00 ms.
Asset Pipeline Refresh: Total: 0.014 seconds - Initiated by StopAssetImportingV2(NoUpdateAssetOptions)
Asset Pipeline Refresh: Total: 0.013 seconds - Initiated by RefreshV2(NoUpdateAssetOptions)
Registering precompiled user dll's ...
Registered in 0.001536 seconds.
Start importing Assets/Bundle/Environments/Imported/Textures/bark_brown_02_alb.jpg using Guid(1eb73ff20c73339cbbe4e37b0087860f) Importer(-1,00000000000000000000000000000000)  -> (artifact id: 'e6fca8c7b1283b012d990dd7c08ac3bf') in 0.021292 seconds 
Refreshing native plugins compatible for Editor in 0.25 ms, found 0 plugins.
Preloading 0 native plugins for Editor in 0.00 ms.
Asset Pipeline Refresh: Total: 0.033 seconds - Initiated by StopAssetImportingV2(NoUpdateAssetOptions)
Registering precompiled user dll's ...
Registered in 0.001518 seconds.
Start importing Assets/Bundle/Environments/Imported/Textures/bark_brown_02_nrm.jpg using Guid(f9930f446fb8d241e905721528a8c32e) Importer(-1,00000000000000000000000000000000)  -> (artifact id: 'bee7399c68f4789d8183c18a64f824ef') in 0.016872 seconds 
Refreshing native plugins compatible for Editor in 0.25 ms, found 0 plugins.
Preloading 0 native plugins for Editor in 0.00 ms.
Asset Pipeline Refresh: Total: 0.029 seconds - Initiated by StopAssetImportingV2(NoUpdateAssetOptions)
Registering precompiled user dll's ...
Registered in 0.001540 seconds.
Start importing Assets/Bundle/Environments/Imported/Textures/candle_flame_alb.jpg using Guid(42320e239242912f1b32e6f8a37c99ad) Importer(-1,00000000000000000000000000000000)  -> (artifact id: 'c07411c9666a7c9bd1af74ee1f20bc8b') in 0.001808 seconds 
Refreshing native plugins compatible for Editor in 0.24 ms, found 0 plugins.
Preloading 0 native plugins for Editor in 0.00 ms.
Asset Pipeline Refresh: Total: 0.013 seconds - Initiated by StopAssetImportingV2(NoUpdateAssetOptions)
Registering precompiled user dll's ...
Registered in 0.001514 seconds.
Start importing Assets/Bundle/Environments/Imported/Textures/cobweb_alb.png using Guid(d774d12b82849cadfb65a727b9b3d7fe) Importer(-1,00000000000000000000000000000000)  -> (artifact id: '4f951b4f75f4c7e28aabc9b3b85efde1') in 0.098268 seconds 
Refreshing native plugins compatible for Editor in 0.25 ms, found 0 plugins.
Preloading 0 native plugins for Editor in 0.00 ms.
Asset Pipeline Refresh: Total: 0.110 seconds - Initiated by StopAssetImportingV2(NoUpdateAssetOptions)
Registering precompiled user dll's ...
Registered in 0.001524 seconds.
Start importing Assets/Bundle/Environments/Imported/Textures/dark_wooden_planks_alb.jpg using Guid(a7bdb1106fb054b35b8379d5d9065975) Importer(-1,00000000000000000000000000000000)  -> (artifact id: 'd8dda00d6d1c674855ccf003273c9541') in 0.061882 seconds 
Refreshing native plugins compatible for Editor in 0.26 ms, found 0 plugins.
Preloading 0 native plugins for Editor in 0.00 ms.
Asset Pipeline Refresh: Total: 0.074 seconds - Initiated by StopAssetImportingV2(NoUpdateAssetOptions)
Registering precompiled user dll's ...
Registered in 0.001521 seconds.
Start importing Assets/Bundle/Environments/Imported/Textures/dark_wooden_planks_nrm.jpg using Guid(e11aa888241138b9792c73f74a4da538) Importer(-1,00000000000000000000000000000000)  -> (artifact id: '7ad1680987dbdcc36aa28e5ae50c3d2f') in 0.052468 seconds 
Refreshing native plugins compatible for Editor in 0.31 ms, found 0 plugins.
Preloading 0 native plugins for Editor in 0.00 ms.
Asset Pipeline Refresh: Total: 0.065 seconds - Initiated by StopAssetImportingV2(NoUpdateAssetOptions)
Registering precompiled user dll's ...
Registered in 0.001537 seconds.
Start importing Assets/Bundle/Environments/Imported/Textures/dead_tree_trunk_02_alb.jpg using Guid(c7aa4d7d64f243b6babd2dbddf5d1ba2) Importer(-1,00000000000000000000000000000000)  -> (artifact id: '1cfafe1e8b7615b47203870428a9ae9e') in 0.058605 seconds 
Refreshing native plugins compatible for Editor in 0.31 ms, found 0 plugins.
Preloading 0 native plugins for Editor in 0.00 ms.
Asset Pipeline Refresh: Total: 0.072 seconds - Initiated by StopAssetImportingV2(NoUpdateAssetOptions)
Registering precompiled user dll's ...
Registered in 0.002094 seconds.
Start importing Assets/Bundle/Environments/Imported/Textures/dead_tree_trunk_02_nrm.jpg using Guid(d9d14485cc740c29cbbd08fdcc3ea3b7) Importer(-1,00000000000000000000000000000000)  -> (artifact id: 'e13728ed91efe2f3b4fa23cf72c502f0') in 0.043718 seconds 
Refreshing native plugins compatible for Editor in 0.44 ms, found 0 plugins.
Preloading 0 native plugins for Editor in 0.00 ms.
Asset Pipeline Refresh: Total: 0.067 seconds - Initiated by StopAssetImportingV2(NoUpdateAssetOptions)
Registering precompiled user dll's ...
Registered in 0.001589 seconds.
Start importing Assets/Bundle/Environments/Imported/Textures/dead_tree_trunk_alb.jpg using Guid(3c1bae30558648392ae120a4de0ba86e) Importer(-1,00000000000000000000000000000000)  -> (artifact id: 'ecc91f51e8700d82f84f31fe25fe6a87') in 0.064612 seconds 
Refreshing native plugins compatible for Editor in 0.30 ms, found 0 plugins.
Preloading 0 native plugins for Editor in 0.00 ms.
Asset Pipeline Refresh: Total: 0.081 seconds - Initiated by StopAssetImportingV2(NoUpdateAssetOptions)
Registering precompiled user dll's ...
Registered in 0.001578 seconds.
Start importing Assets/Bundle/Environments/Imported/Textures/dead_tree_trunk_nrm.jpg using Guid(65168b0b4d17ec001aa816a58545fd9e) Importer(-1,00000000000000000000000000000000)  -> (artifact id: '8b12acdafb8b0028ef45df5013cd92cd') in 0.015315 seconds 
Refreshing native plugins compatible for Editor in 0.25 ms, found 0 plugins.
Preloading 0 native plugins for Editor in 0.00 ms.
Asset Pipeline Refresh: Total: 0.029 seconds - Initiated by StopAssetImportingV2(NoUpdateAssetOptions)
Registering precompiled user dll's ...
Registered in 0.001525 seconds.
Start importing Assets/Bundle/Environments/Imported/Textures/dry_branches_medium_01_alb.jpg using Guid(4ea2e1a92a8ad29e4a70b4fb109f52ca) Importer(-1,00000000000000000000000000000000)  -> (artifact id: '71f88f15eb8a7e6a52096e0fa544379a') in 0.015677 seconds 
Refreshing native plugins compatible for Editor in 0.27 ms, found 0 plugins.
Preloading 0 native plugins for Editor in 0.00 ms.
Asset Pipeline Refresh: Total: 0.028 seconds - Initiated by StopAssetImportingV2(NoUpdateAssetOptions)
Registering precompiled user dll's ...
Registered in 0.001531 seconds.
Start importing Assets/Bundle/Environments/Imported/Textures/dry_branches_medium_01_nrm.jpg using Guid(b6fa707c1976be34faa3e74a09230172) Importer(-1,00000000000000000000000000000000)  -> (artifact id: 'e1d5d43c65051a610589b017c5a77828') in 0.016913 seconds 
Refreshing native plugins compatible for Editor in 0.25 ms, found 0 plugins.
Preloading 0 native plugins for Editor in 0.00 ms.
Asset Pipeline Refresh: Total: 0.029 seconds - Initiated by StopAssetImportingV2(NoUpdateAssetOptions)
Registering precompiled user dll's ...
Registered in 0.001524 seconds.
Start importing Assets/Bundle/Environments/Imported/Textures/fern_02_alb.png using Guid(eedb69dd22e9955c4ad65a0921947863) Importer(-1,00000000000000000000000000000000)  -> (artifact id: '2a320d3458b3f86b26c6f47eacc6d9e4') in 0.030667 seconds 
Refreshing native plugins compatible for Editor in 0.25 ms, found 0 plugins.
Preloading 0 native plugins for Editor in 0.00 ms.
Asset Pipeline Refresh: Total: 0.043 seconds - Initiated by StopAssetImportingV2(NoUpdateAssetOptions)
Registering precompiled user dll's ...
Registered in 0.001530 seconds.
Start importing Assets/Bundle/Environments/Imported/Textures/fir_twig_alb.png using Guid(b9b65c72ea62fcf59ac250431b8db623) Importer(-1,00000000000000000000000000000000)  -> (artifact id: 'c3fb46b95872db7089d97317ffb98142') in 0.091332 seconds 
Refreshing native plugins compatible for Editor in 0.31 ms, found 0 plugins.
Preloading 0 native plugins for Editor in 0.00 ms.
Asset Pipeline Refresh: Total: 0.104 seconds - Initiated by StopAssetImportingV2(NoUpdateAssetOptions)
Registering precompiled user dll's ...
Registered in 0.001523 seconds.
Start importing Assets/Bundle/Environments/Imported/Textures/forest_ground_04_alb.jpg using Guid(4d4fefe33ff52281abc5b5500f2a9996) Importer(-1,00000000000000000000000000000000)  -> (artifact id: '0bb500be23fe36240525e2356f34be45') in 0.184474 seconds 
Refreshing native plugins compatible for Editor in 0.31 ms, found 0 plugins.
Preloading 0 native plugins for Editor in 0.00 ms.
Asset Pipeline Refresh: Total: 0.197 seconds - Initiated by StopAssetImportingV2(NoUpdateAssetOptions)
Registering precompiled user dll's ...
Registered in 0.001525 seconds.
Start importing Assets/Bundle/Environments/Imported/Textures/forest_ground_04_nrm.jpg using Guid(343a800a67dafdaab9a8eb57e782491d) Importer(-1,00000000000000000000000000000000)  -> (artifact id: '774973d7f8780cb8863ee9ffc92994eb') in 0.065363 seconds 
Refreshing native plugins compatible for Editor in 0.25 ms, found 0 plugins.
Preloading 0 native plugins for Editor in 0.00 ms.
Asset Pipeline Refresh: Total: 0.078 seconds - Initiated by StopAssetImportingV2(NoUpdateAssetOptions)
Registering precompiled user dll's ...
Registered in 0.001527 seconds.
Start importing Assets/Bundle/Environments/Imported/Textures/forest_leaves_04_alb.jpg using Guid(1ebf69e5f96d737509d504ce3565380e) Importer(-1,00000000000000000000000000000000)  -> (artifact id: '1c12b4c3c49eecbef778bbcf6fd16f92') in 0.058109 seconds 
Refreshing native plugins compatible for Editor in 0.25 ms, found 0 plugins.
Preloading 0 native plugins for Editor in 0.00 ms.
Asset Pipeline Refresh: Total: 0.070 seconds - Initiated by StopAssetImportingV2(NoUpdateAssetOptions)
Registering precompiled user dll's ...
Registered in 0.001527 seconds.
Start importing Assets/Bundle/Environments/Imported/Textures/forest_leaves_04_nrm.jpg using Guid(150f32904cc5940e0853f0e0c5bc4c4f) Importer(-1,00000000000000000000000000000000)  -> (artifact id: '3d882a4033415219a350a6bab673eef4') in 0.063262 seconds 
Refreshing native plugins compatible for Editor in 0.25 ms, found 0 plugins.
Preloading 0 native plugins for Editor in 0.00 ms.
Asset Pipeline Refresh: Total: 0.076 seconds - Initiated by StopAssetImportingV2(NoUpdateAssetOptions)
Registering precompiled user dll's ...
Registered in 0.001528 seconds.
Start importing Assets/Bundle/Environments/Imported/Textures/grass_medium_02_alb.png using Guid(dec0372eb13c67840a856af33aaeaede) Importer(-1,00000000000000000000000000000000)  -> (artifact id: '9f4b6ca16fa7df0f2f435adb92ffe01f') in 0.019306 seconds 
Refreshing native plugins compatible for Editor in 0.32 ms, found 0 plugins.
Preloading 0 native plugins for Editor in 0.00 ms.
Asset Pipeline Refresh: Total: 0.032 seconds - Initiated by StopAssetImportingV2(NoUpdateAssetOptions)
Registering precompiled user dll's ...
Registered in 0.001561 seconds.
Start importing Assets/Bundle/Environments/Imported/Textures/jug_01_alb.jpg using Guid(79784879760e4196db2de7463e39b7ed) Importer(-1,00000000000000000000000000000000)  -> (artifact id: 'dacda1230e85bd9d61097e91e4f0d3f8') in 0.013273 seconds 
Refreshing native plugins compatible for Editor in 0.26 ms, found 0 plugins.
Preloading 0 native plugins for Editor in 0.00 ms.
Asset Pipeline Refresh: Total: 0.026 seconds - Initiated by StopAssetImportingV2(NoUpdateAssetOptions)
Registering precompiled user dll's ...
Registered in 0.001523 seconds.
Start importing Assets/Bundle/Environments/Imported/Textures/jug_01_nrm.jpg using Guid(48f007d659dc9a3a7ac04d135b562333) Importer(-1,00000000000000000000000000000000)  -> (artifact id: 'c60743a7928168abe3c8a3c151523505') in 0.009469 seconds 
Refreshing native plugins compatible for Editor in 0.31 ms, found 0 plugins.
Preloading 0 native plugins for Editor in 0.00 ms.
Asset Pipeline Refresh: Total: 0.022 seconds - Initiated by StopAssetImportingV2(NoUpdateAssetOptions)
Registering precompiled user dll's ...
Registered in 0.001527 seconds.
Start importing Assets/Bundle/Environments/Imported/Textures/medieval_blocks_05_alb.jpg using Guid(9337d241186e15f87bf953b305be7bc8) Importer(-1,00000000000000000000000000000000)  -> (artifact id: '4502a9e1e7c73bfb775a30a30ce85582') in 0.173145 seconds 
Refreshing native plugins compatible for Editor in 0.32 ms, found 0 plugins.
Preloading 0 native plugins for Editor in 0.00 ms.
Asset Pipeline Refresh: Total: 0.186 seconds - Initiated by StopAssetImportingV2(NoUpdateAssetOptions)
Registering precompiled user dll's ...
Registered in 0.001542 seconds.
Start importing Assets/Bundle/Environments/Imported/Textures/medieval_blocks_05_nrm.jpg using Guid(445fc73f4406913f7b3944464491a975) Importer(-1,00000000000000000000000000000000)  -> (artifact id: '7f8efd4bd874d5c055952605af2288fa') in 0.062374 seconds 
Refreshing native plugins compatible for Editor in 0.26 ms, found 0 plugins.
Preloading 0 native plugins for Editor in 0.00 ms.
Asset Pipeline Refresh: Total: 0.075 seconds - Initiated by StopAssetImportingV2(NoUpdateAssetOptions)
Registering precompiled user dll's ...
Registered in 0.001534 seconds.
Start importing Assets/Bundle/Environments/Imported/Textures/monastery_stone_floor_alb.jpg using Guid(87043ded25bfbf33eba79d2addcb6620) Importer(-1,00000000000000000000000000000000)  -> (artifact id: 'dcc9bc55d698d2a4475e4b23b402b26a') in 0.171806 seconds 
Refreshing native plugins compatible for Editor in 0.26 ms, found 0 plugins.
Preloading 0 native plugins for Editor in 0.00 ms.
Asset Pipeline Refresh: Total: 0.184 seconds - Initiated by StopAssetImportingV2(NoUpdateAssetOptions)
Registering precompiled user dll's ...
Registered in 0.001585 seconds.
Start importing Assets/Bundle/Environments/Imported/Textures/monastery_stone_floor_nrm.jpg using Guid(96ce2f64e8eaf3aadbf3853cf53ffe4f) Importer(-1,00000000000000000000000000000000)  -> (artifact id: 'c83f8639d49b684d51f8875bd7a7e87a') in 0.060592 seconds 
Refreshing native plugins compatible for Editor in 0.26 ms, found 0 plugins.
Preloading 0 native plugins for Editor in 0.00 ms.
Asset Pipeline Refresh: Total: 0.074 seconds - Initiated by StopAssetImportingV2(NoUpdateAssetOptions)
Registering precompiled user dll's ...
Registered in 0.001525 seconds.
Start importing Assets/Bundle/Environments/Imported/Textures/moss_01_alb.png using Guid(33c33ac6415799d8e969946eccf8c2fe) Importer(-1,00000000000000000000000000000000)  -> (artifact id: 'c62dc8d4f321b50bf24c3596e9ef60af') in 0.021334 seconds 
Refreshing native plugins compatible for Editor in 0.25 ms, found 0 plugins.
Preloading 0 native plugins for Editor in 0.00 ms.
Asset Pipeline Refresh: Total: 0.034 seconds - Initiated by StopAssetImportingV2(NoUpdateAssetOptions)
Registering precompiled user dll's ...
Registered in 0.001533 seconds.
Start importing Assets/Bundle/Environments/Imported/Textures/pine_bark_alb.jpg using Guid(eb47b1a9c338c6cd98109367de2b0edf) Importer(-1,00000000000000000000000000000000)  -> (artifact id: '8099d585bd76c972e9fb0602334690a6') in 0.172128 seconds 
Refreshing native plugins compatible for Editor in 0.29 ms, found 0 plugins.
Preloading 0 native plugins for Editor in 0.00 ms.
Asset Pipeline Refresh: Total: 0.184 seconds - Initiated by StopAssetImportingV2(NoUpdateAssetOptions)
Registering precompiled user dll's ...
Registered in 0.001542 seconds.
Start importing Assets/Bundle/Environments/Imported/Textures/pine_bark_nrm.jpg using Guid(b679f1cb7b692d40daeed5ab11452d24) Importer(-1,00000000000000000000000000000000)  -> (artifact id: '1b6a7ed35bb8e38181d9447d7eed5499') in 0.063864 seconds 
Refreshing native plugins compatible for Editor in 0.26 ms, found 0 plugins.
Preloading 0 native plugins for Editor in 0.00 ms.
Asset Pipeline Refresh: Total: 0.077 seconds - Initiated by StopAssetImportingV2(NoUpdateAssetOptions)
Registering precompiled user dll's ...
Registered in 0.001529 seconds.
Start importing Assets/Bundle/Environments/Imported/Textures/rock_moss_set_01_alb.jpg using Guid(f45bee46cd2ea1f7d990fbce140072aa) Importer(-1,00000000000000000000000000000000)  -> (artifact id: 'a1aee67a690c7855db4e1e47bd6e0899') in 0.058825 seconds 
Refreshing native plugins compatible for Editor in 0.25 ms, found 0 plugins.
Preloading 0 native plugins for Editor in 0.00 ms.
Asset Pipeline Refresh: Total: 0.071 seconds - Initiated by StopAssetImportingV2(NoUpdateAssetOptions)
Registering precompiled user dll's ...
Registered in 0.001532 seconds.
Start importing Assets/Bundle/Environments/Imported/Textures/rock_moss_set_01_nrm.jpg using Guid(78c927bb73586d311b195370e1cb2859) Importer(-1,00000000000000000000000000000000)  -> (artifact id: '096546b4b5bff5096533b10d50d46f73') in 0.013226 seconds 
Refreshing native plugins compatible for Editor in 0.30 ms, found 0 plugins.
Preloading 0 native plugins for Editor in 0.00 ms.
Asset Pipeline Refresh: Total: 0.026 seconds - Initiated by StopAssetImportingV2(NoUpdateAssetOptions)
Registering precompiled user dll's ...
Registered in 0.001941 seconds.
Start importing Assets/Bundle/Environments/Imported/Textures/rock_moss_set_02_alb.jpg using Guid(fe73632003e71c29384cab7c9b278171) Importer(-1,00000000000000000000000000000000)  -> (artifact id: 'ba17b0a0f126ed70b9bec6b20afa115c') in 0.014251 seconds 
Refreshing native plugins compatible for Editor in 0.31 ms, found 0 plugins.
Preloading 0 native plugins for Editor in 0.00 ms.
Asset Pipeline Refresh: Total: 0.027 seconds - Initiated by StopAssetImportingV2(NoUpdateAssetOptions)
Registering precompiled user dll's ...
Registered in 0.001541 seconds.
Start importing Assets/Bundle/Environments/Imported/Textures/rock_moss_set_02_nrm.jpg using Guid(af6b224a0bc6b8d3e99240c2ddb1d58f) Importer(-1,00000000000000000000000000000000)  -> (artifact id: '64559eee78480521ad6e1c5c7d38761c') in 0.013936 seconds 
Refreshing native plugins compatible for Editor in 0.25 ms, found 0 plugins.
Preloading 0 native plugins for Editor in 0.00 ms.
Asset Pipeline Refresh: Total: 0.027 seconds - Initiated by StopAssetImportingV2(NoUpdateAssetOptions)
Registering precompiled user dll's ...
Registered in 0.001526 seconds.
Start importing Assets/Bundle/Environments/Imported/Textures/root_cluster_02_alb.jpg using Guid(a47f979493cf1ff208e62b2283a11223) Importer(-1,00000000000000000000000000000000)  -> (artifact id: '034e5147ca6fa815fc10dbfe09fc291b') in 0.014371 seconds 
Refreshing native plugins compatible for Editor in 0.31 ms, found 0 plugins.
Preloading 0 native plugins for Editor in 0.00 ms.
Asset Pipeline Refresh: Total: 0.027 seconds - Initiated by StopAssetImportingV2(NoUpdateAssetOptions)
Registering precompiled user dll's ...
Registered in 0.001539 seconds.
Start importing Assets/Bundle/Environments/Imported/Textures/root_cluster_02_nrm.jpg using Guid(1987464b01a44d414a6e5a5a2f8df6f9) Importer(-1,00000000000000000000000000000000)  -> (artifact id: '2c3d47aca354dc6562f0f5d3e9d3e208') in 0.014738 seconds 
Refreshing native plugins compatible for Editor in 0.25 ms, found 0 plugins.
Preloading 0 native plugins for Editor in 0.00 ms.
Asset Pipeline Refresh: Total: 0.027 seconds - Initiated by StopAssetImportingV2(NoUpdateAssetOptions)
Registering precompiled user dll's ...
Registered in 0.001533 seconds.
Start importing Assets/Bundle/Environments/Imported/Textures/shrub_03_alb.png using Guid(e7b98580fa4da6eb085907434337935d) Importer(-1,00000000000000000000000000000000)  -> (artifact id: 'e73fc59b2dc30bcce3257d35eb620c54') in 0.031981 seconds 
Refreshing native plugins compatible for Editor in 0.32 ms, found 0 plugins.
Preloading 0 native plugins for Editor in 0.00 ms.
Asset Pipeline Refresh: Total: 0.045 seconds - Initiated by StopAssetImportingV2(NoUpdateAssetOptions)
Registering precompiled user dll's ...
Registered in 0.001552 seconds.
Start importing Assets/Bundle/Environments/Imported/Textures/single_root_alb.jpg using Guid(68186791ba1e151f492b93144d9c78f5) Importer(-1,00000000000000000000000000000000)  -> (artifact id: '7522595c4b4b86c02b1c823c4f95b876') in 0.017723 seconds 
Refreshing native plugins compatible for Editor in 0.28 ms, found 0 plugins.
Preloading 0 native plugins for Editor in 0.00 ms.
Asset Pipeline Refresh: Total: 0.031 seconds - Initiated by StopAssetImportingV2(NoUpdateAssetOptions)
Registering precompiled user dll's ...
Registered in 0.001523 seconds.
Start importing Assets/Bundle/Environments/Imported/Textures/single_root_nrm.jpg using Guid(3190052fb42f27c838857500478fff16) Importer(-1,00000000000000000000000000000000)  -> (artifact id: '541a86d48569db72bfb377a0a12301a0') in 0.015353 seconds 
Refreshing native plugins compatible for Editor in 0.32 ms, found 0 plugins.
Preloading 0 native plugins for Editor in 0.00 ms.
Asset Pipeline Refresh: Total: 0.028 seconds - Initiated by StopAssetImportingV2(NoUpdateAssetOptions)
Registering precompiled user dll's ...
Registered in 0.001534 seconds.
Start importing Assets/Bundle/Environments/Imported/Textures/small_wooden_table_01_alb.jpg using Guid(b5ac569c0693cb298963bc7011868427) Importer(-1,00000000000000000000000000000000)  -> (artifact id: '7264b8858621fa777aa171893e054cff') in 0.016063 seconds 
Refreshing native plugins compatible for Editor in 0.29 ms, found 0 plugins.
Preloading 0 native plugins for Editor in 0.00 ms.
Asset Pipeline Refresh: Total: 0.029 seconds - Initiated by StopAssetImportingV2(NoUpdateAssetOptions)
Registering precompiled user dll's ...
Registered in 0.001530 seconds.
Start importing Assets/Bundle/Environments/Imported/Textures/small_wooden_table_01_nrm.jpg using Guid(11348959bff1c96e68c8bb8b06372898) Importer(-1,00000000000000000000000000000000)  -> (artifact id: '71fba31b1baee1db93282068ccb66e4d') in 0.011741 seconds 
Refreshing native plugins compatible for Editor in 0.26 ms, found 0 plugins.
Preloading 0 native plugins for Editor in 0.00 ms.
Asset Pipeline Refresh: Total: 0.025 seconds - Initiated by StopAssetImportingV2(NoUpdateAssetOptions)
Registering precompiled user dll's ...
Registered in 0.001537 seconds.
Start importing Assets/Bundle/Environments/Imported/Textures/tree_stump_01_alb.jpg using Guid(a89255edc769038d08eeb8cb2c398062) Importer(-1,00000000000000000000000000000000)  -> (artifact id: '0346eb2ec02c2b66dc760681fcfa7660') in 0.017238 seconds 
Refreshing native plugins compatible for Editor in 0.32 ms, found 0 plugins.
Preloading 0 native plugins for Editor in 0.00 ms.
Asset Pipeline Refresh: Total: 0.030 seconds - Initiated by StopAssetImportingV2(NoUpdateAssetOptions)
Registering precompiled user dll's ...
Registered in 0.001530 seconds.
Start importing Assets/Bundle/Environments/Imported/Textures/tree_stump_01_nrm.jpg using Guid(0f7f66156d809bd0f8e13aeea56175c8) Importer(-1,00000000000000000000000000000000)  -> (artifact id: '8e06bf26c0e61aaea532ff42dd8ca66d') in 0.020152 seconds 
Refreshing native plugins compatible for Editor in 0.27 ms, found 0 plugins.
Preloading 0 native plugins for Editor in 0.00 ms.
Asset Pipeline Refresh: Total: 0.034 seconds - Initiated by StopAssetImportingV2(NoUpdateAssetOptions)
Registering precompiled user dll's ...
Registered in 0.001699 seconds.
Start importing Assets/Bundle/Environments/Imported/Textures/tree_stump_02_alb.jpg using Guid(9cd75931a553e680495e542b0b797ec2) Importer(-1,00000000000000000000000000000000)  -> (artifact id: '350677e0845913ad11972a0a836ac070') in 0.017020 seconds 
Refreshing native plugins compatible for Editor in 0.31 ms, found 0 plugins.
Preloading 0 native plugins for Editor in 0.00 ms.
Asset Pipeline Refresh: Total: 0.030 seconds - Initiated by StopAssetImportingV2(NoUpdateAssetOptions)
Registering precompiled user dll's ...
Registered in 0.001542 seconds.
Start importing Assets/Bundle/Environments/Imported/Textures/tree_stump_02_nrm.jpg using Guid(0dcd4249befe99de98cdf60736f95206) Importer(-1,00000000000000000000000000000000)  -> (artifact id: '426eee8daa39cd897d6d9c63009bb196') in 0.020438 seconds 
Refreshing native plugins compatible for Editor in 0.25 ms, found 0 plugins.
Preloading 0 native plugins for Editor in 0.00 ms.
Asset Pipeline Refresh: Total: 0.034 seconds - Initiated by StopAssetImportingV2(NoUpdateAssetOptions)
Registering precompiled user dll's ...
Registered in 0.001536 seconds.
Start importing Assets/Bundle/Environments/Imported/Textures/wine_barrel_01_alb.jpg using Guid(759a8eae463f2df27b5c179d58df0ade) Importer(-1,00000000000000000000000000000000)  -> (artifact id: '8967ab1e99327af51e0471113c016cd5') in 0.050842 seconds 
Refreshing native plugins compatible for Editor in 0.32 ms, found 0 plugins.
Preloading 0 native plugins for Editor in 0.00 ms.
Asset Pipeline Refresh: Total: 0.063 seconds - Initiated by StopAssetImportingV2(NoUpdateAssetOptions)
Registering precompiled user dll's ...
Registered in 0.001780 seconds.
Start importing Assets/Bundle/Environments/Imported/Textures/wine_barrel_01_nrm.jpg using Guid(7735da24591cc5af49bf35dae6775f74) Importer(-1,00000000000000000000000000000000)  -> (artifact id: '2eaaebe533d4d61f27043a6b755db8ee') in 0.037013 seconds 
Refreshing native plugins compatible for Editor in 0.32 ms, found 0 plugins.
Preloading 0 native plugins for Editor in 0.00 ms.
Asset Pipeline Refresh: Total: 0.057 seconds - Initiated by StopAssetImportingV2(NoUpdateAssetOptions)
Registering precompiled user dll's ...
Registered in 0.003394 seconds.
Start importing Assets/Bundle/Environments/Imported/Textures/wooden_axe_02_alb.jpg using Guid(bed0552ddf64190f2b5461ef4930482b) Importer(-1,00000000000000000000000000000000)  -> (artifact id: '2dbe26c880b6b915f42694cda76a61d8') in 0.041835 seconds 
Refreshing native plugins compatible for Editor in 0.29 ms, found 0 plugins.
Preloading 0 native plugins for Editor in 0.00 ms.
Asset Pipeline Refresh: Total: 0.065 seconds - Initiated by StopAssetImportingV2(NoUpdateAssetOptions)
Registering precompiled user dll's ...
Registered in 0.001572 seconds.
Start importing Assets/Bundle/Environments/Imported/Textures/wooden_axe_02_nrm.jpg using Guid(a7a74c8c13b6812b5939f6effe7b56c6) Importer(-1,00000000000000000000000000000000)  -> (artifact id: '40955d76d6e199f8c15d335a85bd557a') in 0.012666 seconds 
Refreshing native plugins compatible for Editor in 0.29 ms, found 0 plugins.
Preloading 0 native plugins for Editor in 0.00 ms.
Asset Pipeline Refresh: Total: 0.025 seconds - Initiated by StopAssetImportingV2(NoUpdateAssetOptions)
Registering precompiled user dll's ...
Registered in 0.001516 seconds.
Start importing Assets/Bundle/Environments/Imported/Textures/wooden_bookshelf_worn_alb.jpg using Guid(c02abef6d0697a376bc4a114cfd08bda) Importer(-1,00000000000000000000000000000000)  -> (artifact id: '3ada1e8fd9fcb5140cccb7aee148477b') in 0.017289 seconds 
Refreshing native plugins compatible for Editor in 0.26 ms, found 0 plugins.
Preloading 0 native plugins for Editor in 0.00 ms.
Asset Pipeline Refresh: Total: 0.029 seconds - Initiated by StopAssetImportingV2(NoUpdateAssetOptions)
Registering precompiled user dll's ...
Registered in 0.001543 seconds.
Start importing Assets/Bundle/Environments/Imported/Textures/wooden_bookshelf_worn_nrm.jpg using Guid(581217f989bd920d79245c34eb07f7e2) Importer(-1,00000000000000000000000000000000)  -> (artifact id: '6f489a00ebe02bf99d154f235feee03d') in 0.016183 seconds 
Refreshing native plugins compatible for Editor in 0.25 ms, found 0 plugins.
Preloading 0 native plugins for Editor in 0.00 ms.
Asset Pipeline Refresh: Total: 0.028 seconds - Initiated by StopAssetImportingV2(NoUpdateAssetOptions)
Registering precompiled user dll's ...
Registered in 0.001526 seconds.
Start importing Assets/Bundle/Environments/Imported/Textures/wooden_bucket_01_alb.jpg using Guid(df104183c78ef76ae95d5cfc856baea1) Importer(-1,00000000000000000000000000000000)  -> (artifact id: '5380379b079ce1610f5332ef2bad9310') in 0.014908 seconds 
Refreshing native plugins compatible for Editor in 0.25 ms, found 0 plugins.
Preloading 0 native plugins for Editor in 0.00 ms.
Asset Pipeline Refresh: Total: 0.027 seconds - Initiated by StopAssetImportingV2(NoUpdateAssetOptions)
Registering precompiled user dll's ...
Registered in 0.001527 seconds.
Start importing Assets/Bundle/Environments/Imported/Textures/wooden_bucket_01_nrm.jpg using Guid(117496288236c0bd2b4348a3c8d13957) Importer(-1,00000000000000000000000000000000)  -> (artifact id: 'e46c195059d8f9808f7efbbd08531b09') in 0.013315 seconds 
Refreshing native plugins compatible for Editor in 0.30 ms, found 0 plugins.
Preloading 0 native plugins for Editor in 0.00 ms.
Asset Pipeline Refresh: Total: 0.025 seconds - Initiated by StopAssetImportingV2(NoUpdateAssetOptions)
Registering precompiled user dll's ...
Registered in 0.001531 seconds.
Start importing Assets/Bundle/Environments/Imported/Textures/wooden_crate_01_alb.jpg using Guid(0ed8a0dba4ca7a508ab2f9e1a8a2d03f) Importer(-1,00000000000000000000000000000000)  -> (artifact id: 'cf9a1360853dd8a67ad06887e0c419d6') in 0.016103 seconds 
Refreshing native plugins compatible for Editor in 0.25 ms, found 0 plugins.
Preloading 0 native plugins for Editor in 0.00 ms.
Asset Pipeline Refresh: Total: 0.028 seconds - Initiated by StopAssetImportingV2(NoUpdateAssetOptions)
Registering precompiled user dll's ...
Registered in 0.001544 seconds.
Start importing Assets/Bundle/Environments/Imported/Textures/wooden_crate_01_nrm.jpg using Guid(68cd18a1066ec722cab4955c7b07a9f5) Importer(-1,00000000000000000000000000000000)  -> (artifact id: 'a23fdc9d826ad47ea7b243de0b660cfa') in 0.013954 seconds 
Refreshing native plugins compatible for Editor in 0.25 ms, found 0 plugins.
Preloading 0 native plugins for Editor in 0.00 ms.
Asset Pipeline Refresh: Total: 0.026 seconds - Initiated by StopAssetImportingV2(NoUpdateAssetOptions)
Registering precompiled user dll's ...
Registered in 0.001525 seconds.
Start importing Assets/Bundle/Environments/Imported/Textures/wooden_stool_02_alb.jpg using Guid(e22fbeb45d2516e8e9e68618c89abfd0) Importer(-1,00000000000000000000000000000000)  -> (artifact id: 'cfa05309c5b73e457d6078eefee641fd') in 0.015462 seconds 
Refreshing native plugins compatible for Editor in 0.24 ms, found 0 plugins.
Preloading 0 native plugins for Editor in 0.00 ms.
Asset Pipeline Refresh: Total: 0.027 seconds - Initiated by StopAssetImportingV2(NoUpdateAssetOptions)
Registering precompiled user dll's ...
Registered in 0.001535 seconds.
Start importing Assets/Bundle/Environments/Imported/Textures/wooden_stool_02_nrm.jpg using Guid(f905599128e56ed9ebdca3f5cd8bd5f8) Importer(-1,00000000000000000000000000000000)  -> (artifact id: '81a8e4f56ab66b28e81f546363fc5d0f') in 0.013961 seconds 
Refreshing native plugins compatible for Editor in 0.25 ms, found 0 plugins.
Preloading 0 native plugins for Editor in 0.00 ms.
Asset Pipeline Refresh: Total: 0.026 seconds - Initiated by StopAssetImportingV2(NoUpdateAssetOptions)
Registering precompiled user dll's ...
Registered in 0.001536 seconds.
Start importing Assets/Bundle/Environments/Imported/Models/dead_tree_trunk.obj using Guid(699b6df2a89605c98bcf07ff63bdcaae) Importer(-1,00000000000000000000000000000000)  -> (artifact id: '631b941aaadf63614f3453494611e7f2') in 0.040346 seconds 
Refreshing native plugins compatible for Editor in 0.27 ms, found 0 plugins.
Preloading 0 native plugins for Editor in 0.00 ms.
Asset Pipeline Refresh: Total: 0.054 seconds - Initiated by StopAssetImportingV2(NoUpdateAssetOptions)
Registering precompiled user dll's ...
Registered in 0.001534 seconds.
Start importing Assets/Bundle/Environments/Imported/Models/dead_tree_trunk_02.obj using Guid(cf5dc207a4eff2f6bac54c71e404d3b9) Importer(-1,00000000000000000000000000000000)  -> (artifact id: '4a4431ebeb9b30838edcd11c2877c9bd') in 0.081624 seconds 
Refreshing native plugins compatible for Editor in 0.26 ms, found 0 plugins.
Preloading 0 native plugins for Editor in 0.00 ms.
Asset Pipeline Refresh: Total: 0.095 seconds - Initiated by StopAssetImportingV2(NoUpdateAssetOptions)
Registering precompiled user dll's ...
Registered in 0.001527 seconds.
Start importing Assets/Bundle/Environments/Imported/Models/dry_branches_medium_01.obj using Guid(0e5e8ad81b7856d92b3b378a289ad39d) Importer(-1,00000000000000000000000000000000)  -> (artifact id: '4d7790c674d48f72953dffb4d9f3cfb8') in 0.021470 seconds 
Refreshing native plugins compatible for Editor in 0.26 ms, found 0 plugins.
Preloading 0 native plugins for Editor in 0.00 ms.
Asset Pipeline Refresh: Total: 0.034 seconds - Initiated by StopAssetImportingV2(NoUpdateAssetOptions)
Registering precompiled user dll's ...
Registered in 0.001538 seconds.
Start importing Assets/Bundle/Environments/Imported/Models/fern_02.obj using Guid(0a0d07310758992a2be504791248503a) Importer(-1,00000000000000000000000000000000)  -> (artifact id: '1ce4c80831691b38e0782f644759472a') in 0.031728 seconds 
Refreshing native plugins compatible for Editor in 0.26 ms, found 0 plugins.
Preloading 0 native plugins for Editor in 0.00 ms.
Asset Pipeline Refresh: Total: 0.045 seconds - Initiated by StopAssetImportingV2(NoUpdateAssetOptions)
Registering precompiled user dll's ...
Registered in 0.001532 seconds.
Start importing Assets/Bundle/Environments/Imported/Models/grass_medium_02.obj using Guid(135b566388409b853a67b9dcdb7c0324) Importer(-1,00000000000000000000000000000000)  -> (artifact id: '2050b89499bb76e18e448957e77b3df7') in 0.049015 seconds 
Refreshing native plugins compatible for Editor in 0.26 ms, found 0 plugins.
Preloading 0 native plugins for Editor in 0.00 ms.
Asset Pipeline Refresh: Total: 0.062 seconds - Initiated by StopAssetImportingV2(NoUpdateAssetOptions)
Registering precompiled user dll's ...
Registered in 0.001538 seconds.
Start importing Assets/Bundle/Environments/Imported/Models/jug_01.obj using Guid(7fe37e9570ceae9c7b5b2dfdf9c8b1b1) Importer(-1,00000000000000000000000000000000)  -> (artifact id: '2e981a5bd107235829f2ed404fcc34e4') in 0.045657 seconds 
Refreshing native plugins compatible for Editor in 0.27 ms, found 0 plugins.
Preloading 0 native plugins for Editor in 0.00 ms.
Asset Pipeline Refresh: Total: 0.058 seconds - Initiated by StopAssetImportingV2(NoUpdateAssetOptions)
Registering precompiled user dll's ...
Registered in 0.001537 seconds.
Start importing Assets/Bundle/Environments/Imported/Models/moss_01.obj using Guid(9d194a1aebf1964a3a5e7f64e78cc26a) Importer(-1,00000000000000000000000000000000)  -> (artifact id: '3f565b427c2aeae0789735dc3d2a9d6e') in 0.007766 seconds 
Refreshing native plugins compatible for Editor in 0.28 ms, found 0 plugins.
Preloading 0 native plugins for Editor in 0.00 ms.
Asset Pipeline Refresh: Total: 0.020 seconds - Initiated by StopAssetImportingV2(NoUpdateAssetOptions)
Registering precompiled user dll's ...
Registered in 0.001524 seconds.
Start importing Assets/Bundle/Environments/Imported/Models/rock_moss_set_01.obj using Guid(681e47b4b06055453b370dab7dd5a135) Importer(-1,00000000000000000000000000000000)  -> (artifact id: '1ae8f78786d24b25b827b54eafe4a87c') in 0.028533 seconds 
Refreshing native plugins compatible for Editor in 0.27 ms, found 0 plugins.
Preloading 0 native plugins for Editor in 0.00 ms.
Asset Pipeline Refresh: Total: 0.041 seconds - Initiated by StopAssetImportingV2(NoUpdateAssetOptions)
Registering precompiled user dll's ...
Registered in 0.001525 seconds.
Start importing Assets/Bundle/Environments/Imported/Models/rock_moss_set_02.obj using Guid(b3fa3832a10dbffcbbee8d6362fb776f) Importer(-1,00000000000000000000000000000000)  -> (artifact id: '99ae7ea392ec2e970290fe79f1a66681') in 0.024138 seconds 
Refreshing native plugins compatible for Editor in 0.28 ms, found 0 plugins.
Preloading 0 native plugins for Editor in 0.00 ms.
Asset Pipeline Refresh: Total: 0.036 seconds - Initiated by StopAssetImportingV2(NoUpdateAssetOptions)
Registering precompiled user dll's ...
Registered in 0.001532 seconds.
Start importing Assets/Bundle/Environments/Imported/Models/root_cluster_02.obj using Guid(4ac23b8c8ae49d9de9ec58827aac0436) Importer(-1,00000000000000000000000000000000)  -> (artifact id: 'd327b7f124420d80e2ce58a29448ebf0') in 0.034930 seconds 
Refreshing native plugins compatible for Editor in 0.25 ms, found 0 plugins.
Preloading 0 native plugins for Editor in 0.00 ms.
Asset Pipeline Refresh: Total: 0.048 seconds - Initiated by StopAssetImportingV2(NoUpdateAssetOptions)
Registering precompiled user dll's ...
Registered in 0.001524 seconds.
Start importing Assets/Bundle/Environments/Imported/Models/shrub_03.obj using Guid(76c17c23998b87126977b8722349bf24) Importer(-1,00000000000000000000000000000000)  -> (artifact id: 'd77b122663a9ff9c2e86298bed2f3983') in 0.031899 seconds 
Refreshing native plugins compatible for Editor in 0.25 ms, found 0 plugins.
Preloading 0 native plugins for Editor in 0.00 ms.
Asset Pipeline Refresh: Total: 0.044 seconds - Initiated by StopAssetImportingV2(NoUpdateAssetOptions)
Registering precompiled user dll's ...
Registered in 0.001523 seconds.
Start importing Assets/Bundle/Environments/Imported/Models/single_root.obj using Guid(e2c95d84dd95d8cad9cb6c0d338f20e4) Importer(-1,00000000000000000000000000000000)  -> (artifact id: '654b70d482f9b27fec815dbbfff78c73') in 0.034626 seconds 
Refreshing native plugins compatible for Editor in 0.25 ms, found 0 plugins.
Preloading 0 native plugins for Editor in 0.00 ms.
Asset Pipeline Refresh: Total: 0.047 seconds - Initiated by StopAssetImportingV2(NoUpdateAssetOptions)
Registering precompiled user dll's ...
Registered in 0.001533 seconds.
Start importing Assets/Bundle/Environments/Imported/Models/small_wooden_table_01.obj using Guid(420e5a33df98ddecd869c3fb15fe277e) Importer(-1,00000000000000000000000000000000)  -> (artifact id: '33478fe73c197a094f4e2bbdef7f506e') in 0.030164 seconds 
Refreshing native plugins compatible for Editor in 0.25 ms, found 0 plugins.
Preloading 0 native plugins for Editor in 0.00 ms.
Asset Pipeline Refresh: Total: 0.042 seconds - Initiated by StopAssetImportingV2(NoUpdateAssetOptions)
Registering precompiled user dll's ...
Registered in 0.001527 seconds.
Start importing Assets/Bundle/Environments/Imported/Models/tree_stump_01.obj using Guid(b579acbfebb7a79d2a619a2818961d2f) Importer(-1,00000000000000000000000000000000)  -> (artifact id: '9976f8dbf02098d357af7939c4c06624') in 0.039304 seconds 
Refreshing native plugins compatible for Editor in 0.26 ms, found 0 plugins.
Preloading 0 native plugins for Editor in 0.00 ms.
Asset Pipeline Refresh: Total: 0.052 seconds - Initiated by StopAssetImportingV2(NoUpdateAssetOptions)
Registering precompiled user dll's ...
Registered in 0.001525 seconds.
Start importing Assets/Bundle/Environments/Imported/Models/tree_stump_02.obj using Guid(13922daa70ec75c6481b49985a30e00d) Importer(-1,00000000000000000000000000000000)  -> (artifact id: '4006c5023198afccfe68d4aaed76ff77') in 0.041998 seconds 
Refreshing native plugins compatible for Editor in 0.26 ms, found 0 plugins.
Preloading 0 native plugins for Editor in 0.00 ms.
Asset Pipeline Refresh: Total: 0.055 seconds - Initiated by StopAssetImportingV2(NoUpdateAssetOptions)
Registering precompiled user dll's ...
Registered in 0.001525 seconds.
Start importing Assets/Bundle/Environments/Imported/Models/wine_barrel_01.obj using Guid(fc84e0d5b5f63a75b8d777d95029394e) Importer(-1,00000000000000000000000000000000)  -> (artifact id: '391e6612ba935f7e74a6216bba063237') in 0.085214 seconds 
Refreshing native plugins compatible for Editor in 0.26 ms, found 0 plugins.
Preloading 0 native plugins for Editor in 0.00 ms.
Asset Pipeline Refresh: Total: 0.099 seconds - Initiated by StopAssetImportingV2(NoUpdateAssetOptions)
Registering precompiled user dll's ...
Registered in 0.001582 seconds.
Start importing Assets/Bundle/Environments/Imported/Models/wooden_axe_02.obj using Guid(4332eabe0bfeb593e836d651de95ed5b) Importer(-1,00000000000000000000000000000000)  -> (artifact id: '8fe3cb4d61453138f3ea64d6183bd444') in 0.022037 seconds 
Refreshing native plugins compatible for Editor in 0.26 ms, found 0 plugins.
Preloading 0 native plugins for Editor in 0.00 ms.
Asset Pipeline Refresh: Total: 0.035 seconds - Initiated by StopAssetImportingV2(NoUpdateAssetOptions)
Registering precompiled user dll's ...
Registered in 0.001519 seconds.
Start importing Assets/Bundle/Environments/Imported/Models/wooden_bookshelf_worn.obj using Guid(866f4fbcaf1816788b92ad1acf481a9d) Importer(-1,00000000000000000000000000000000)  -> (artifact id: '5375df55dfac399b80b6c875daf07cc2') in 0.077563 seconds 
Refreshing native plugins compatible for Editor in 0.26 ms, found 0 plugins.
Preloading 0 native plugins for Editor in 0.00 ms.
Asset Pipeline Refresh: Total: 0.091 seconds - Initiated by StopAssetImportingV2(NoUpdateAssetOptions)
Registering precompiled user dll's ...
Registered in 0.001528 seconds.
Start importing Assets/Bundle/Environments/Imported/Models/wooden_bucket_01.obj using Guid(61e6a85bc074f6e30983e8e4913dddb9) Importer(-1,00000000000000000000000000000000)  -> (artifact id: '07c5f5286a08d8511e37f8420b489ad3') in 0.042038 seconds 
Refreshing native plugins compatible for Editor in 0.26 ms, found 0 plugins.
Preloading 0 native plugins for Editor in 0.00 ms.
Asset Pipeline Refresh: Total: 0.055 seconds - Initiated by StopAssetImportingV2(NoUpdateAssetOptions)
Registering precompiled user dll's ...
Registered in 0.001526 seconds.
Start importing Assets/Bundle/Environments/Imported/Models/wooden_crate_01.obj using Guid(aa4e1cd793b92d93ba861a60d3631937) Importer(-1,00000000000000000000000000000000)  -> (artifact id: '16df55db60c498d8cbd3e4b0eb719835') in 0.052608 seconds 
Refreshing native plugins compatible for Editor in 0.26 ms, found 0 plugins.
Preloading 0 native plugins for Editor in 0.00 ms.
Asset Pipeline Refresh: Total: 0.066 seconds - Initiated by StopAssetImportingV2(NoUpdateAssetOptions)
Registering precompiled user dll's ...
Registered in 0.001519 seconds.
Start importing Assets/Bundle/Environments/Imported/Models/wooden_stool_02.obj using Guid(15867010b1031aca493fa41ae99109b5) Importer(-1,00000000000000000000000000000000)  -> (artifact id: 'dc01c0bd86e918a9d120a6ed02800054') in 0.041977 seconds 
Refreshing native plugins compatible for Editor in 0.26 ms, found 0 plugins.
Preloading 0 native plugins for Editor in 0.00 ms.
Asset Pipeline Refresh: Total: 0.055 seconds - Initiated by StopAssetImportingV2(NoUpdateAssetOptions)
Asset Pipeline Refresh: Total: 0.010 seconds - Initiated by RefreshV2(NoUpdateAssetOptions)
[GloomhavenVR][Env] Star field: 8404 catalogue stars (V<=6.5), 33616 verts, 16808 tris.
UnityEngine.StackTraceUtility:ExtractStackTrace () (at /home/bokken/buildslave/unity/build/Runtime/Export/Scripting/StackTrace.cs:37)
UnityEngine.DebugLogHandler:LogFormat (UnityEngine.LogType,UnityEngine.Object,string,object[])
UnityEngine.Logger:Log (UnityEngine.LogType,object)
UnityEngine.Debug:Log (object)
GloomhavenVR.EnvironmentsBuilder:BuildStarField () (at Assets/Editor/BuildEnvironments.cs:748)
GloomhavenVR.EnvironmentsBuilder:GenerateMeshes () (at Assets/Editor/BuildEnvironments.cs:600)
GloomhavenVR.EnvironmentsBuilder:Build () (at Assets/Editor/BuildEnvironments.cs:129)
GloomhavenVR.EnvironmentsBuilder:BuildAll () (at Assets/Editor/BuildEnvironments.cs:112)

(Filename: Assets/Editor/BuildEnvironments.cs Line: 748)

[GloomhavenVR][Env] Galactic frame OK: l(NCP)=122.93190 deg, pole.centre dot=-1.40E-006; in object space centre=(-0.8734, -0.3963, -0.2830) (alt -23.3 deg at LST 0), NGP=(-0.1981, -0.2417, 0.9499).
UnityEngine.StackTraceUtility:ExtractStackTrace () (at /home/bokken/buildslave/unity/build/Runtime/Export/Scripting/StackTrace.cs:37)
UnityEngine.DebugLogHandler:LogFormat (UnityEngine.LogType,UnityEngine.Object,string,object[])
UnityEngine.Logger:Log (UnityEngine.LogType,object)
UnityEngine.Debug:Log (object)
GloomhavenVR.EnvironmentsBuilder:GalacticBasis () (at Assets/Editor/BuildEnvironments.cs:677)
GloomhavenVR.EnvironmentsBuilder:BuildMaterials () (at Assets/Editor/BuildEnvironments.cs:888)
GloomhavenVR.EnvironmentsBuilder:Build () (at Assets/Editor/BuildEnvironments.cs:130)
GloomhavenVR.EnvironmentsBuilder:BuildAll () (at Assets/Editor/BuildEnvironments.cs:112)

(Filename: Assets/Editor/BuildEnvironments.cs Line: 677)

[GloomhavenVR][Env] Moon: dir=(0.4926, 0.6427, 0.5868) (az 40.0 deg, alt 40.0 deg), disc radius 1.39 deg, stars culled inside 1.44 deg.
UnityEngine.StackTraceUtility:ExtractStackTrace () (at /home/bokken/buildslave/unity/build/Runtime/Export/Scripting/StackTrace.cs:37)
UnityEngine.DebugLogHandler:LogFormat (UnityEngine.LogType,UnityEngine.Object,string,object[])
UnityEngine.Logger:Log (UnityEngine.LogType,object)
UnityEngine.Debug:Log (object)
GloomhavenVR.EnvironmentsBuilder:BuildMaterials () (at Assets/Editor/BuildEnvironments.cs:937)
GloomhavenVR.EnvironmentsBuilder:Build () (at Assets/Editor/BuildEnvironments.cs:130)
GloomhavenVR.EnvironmentsBuilder:BuildAll () (at Assets/Editor/BuildEnvironments.cs:112)

(Filename: Assets/Editor/BuildEnvironments.cs Line: 937)

Registering precompiled user dll's ...
Registered in 0.001530 seconds.
Start importing Assets/Bundle/Environments/Meshes/Env_StarField.asset using Guid(44644f36f90664b15945ca7dae4a98a4) Importer(-1,00000000000000000000000000000000)  -> (artifact id: 'c5e405f90be7aa3e9885e4986a28f054') in 0.005098 seconds 
Start importing Assets/Bundle/Environments/Meshes/Env_GlowSphere.asset using Guid(c9eade94da3e3d49786109c08a57ec18) Importer(-1,00000000000000000000000000000000)  -> (artifact id: 'fdc4cd08f8ca2a550e3648aa4594e1ba') in 0.000572 seconds 
Start importing Assets/Bundle/Environments/Meshes/Env_Dome.asset using Guid(cbabfe78f22fbc7abad648dd788d5c41) Importer(-1,00000000000000000000000000000000)  -> (artifact id: '8cb7c632bb7b64a11cd7611c504b8519') in 0.000832 seconds 
Refreshing native plugins compatible for Editor in 0.25 ms, found 0 plugins.
Preloading 0 native plugins for Editor in 0.00 ms.
Asset Pipeline Refresh: Total: 0.020 seconds - Initiated by StopAssetImportingV2(NoUpdateAssetOptions)
[GloomhavenVR][Env] PlaySpace on Env_Cellar: authored diameter 6.50 m.
UnityEngine.StackTraceUtility:ExtractStackTrace () (at /home/bokken/buildslave/unity/build/Runtime/Export/Scripting/StackTrace.cs:37)
UnityEngine.DebugLogHandler:LogFormat (UnityEngine.LogType,UnityEngine.Object,string,object[])
UnityEngine.Logger:Log (UnityEngine.LogType,object)
UnityEngine.Debug:Log (object)
GloomhavenVR.EnvironmentsBuilder:AddPlaySpace (UnityEngine.Transform,single) (at Assets/Editor/BuildEnvironments.cs:1037)
GloomhavenVR.EnvironmentsBuilder:BuildCellar () (at Assets/Editor/BuildEnvironments.cs:1061)
GloomhavenVR.EnvironmentsBuilder:Build () (at Assets/Editor/BuildEnvironments.cs:132)
GloomhavenVR.EnvironmentsBuilder:BuildAll () (at Assets/Editor/BuildEnvironments.cs:112)

(Filename: Assets/Editor/BuildEnvironments.cs Line: 1037)

[GloomhavenVR][Env] Cellar HEWN — junction irregularity:
  N skirt: h<=23 cm, d<=18 cm, 24/41 stations heaped, 8 loose blocks
  S skirt: h<=19 cm, d<=20 cm, 17/41 stations heaped, 4 loose blocks
  E skirt: h<=17 cm, d<=24 cm, 32/36 stations heaped, 8 loose blocks
  W skirt: h<=24 cm, d<=30 cm, 21/36 stations heaped, 5 loose blocks
  N rat hole: cut u 1.114..1.432 x y 0.000..0.157 (2 cells wide), mouth 15.9 x 13.3 cm and NOT symmetric about it (8.0 cm one jamb, 7.1 the other), ring >= 2.2 cm all round, pocket 13 cm deep tapering to 0.66 and bending +3.4 cm, 4 loose blocks, 50 faces all facing the room (0 backwards), centre 2.3 cm off the route's own endpoint
  S rat hole: cut u 6.045..6.364 x y 0.000..0.157 (2 cells wide), mouth 16.2 x 13.2 cm and NOT symmetric about it (6.9 cm one jamb, 8.1 the other), ring >= 2.2 cm all round, pocket 15 cm deep tapering to 0.66 and bending +3.0 cm, 4 loose blocks, 50 faces all facing the room (0 backwards), centre 0.5 cm off the route's own endpoint
  corners: NE quoins to 3.05 m (step 4.5-10.5 cm); NW cant 1.20-3.28 m + 4 quoins; SE quoins to 2.05 m + cant above; SW cant 0.35-3.28 m (5-22 cm) + 3 quoins; 26 courses and 16 corner blocks
  N cove: drop<=20 cm, reach<=11 cm, 13/36 stations
  S cove: drop<=19 cm, reach<=8 cm, 15/36 stations
  E cove: drop<=23 cm, reach<=17 cm, 17/31 stations
  W cove: drop<=18 cm, reach<=13 cm, 11/31 stations
  wall plates: N 4.15 m, S 1.75 m, S 2.30 m
  beam0: bear W 3.022 / E 3.030 (out of level +8 mm), sag 18 mm, wander 17 mm, twist 0.6 deg, section 0.308 m
  beam1: bear W 3.053 / E 3.050 (out of level -3 mm), sag 14 mm, wander 34 mm, twist 1.2 deg, section 0.306 m
  beam2: bear W 3.035 / E 3.020 (out of level -15 mm), sag 23 mm, wander 17 mm, twist -1.6 deg, section 0.313 m
  beam3: bear W 3.029 / E 3.031 (out of level +3 mm), sag 18 mm, wander 21 mm, twist 1.3 deg, section 0.315 m
  ceiling: 14x20 planks, sag <=18 mm, pinned at the walls and at the beams z -2.70/-0.90/0.90/2.70
  stonework 1958 tris, nearest the room centre below 2.2 m: 4.39 m (PlaySpace radius 3.25 m, walls stand at 4.50/5.25 m); timber 372 tris, all above 2.2 m
UnityEngine.StackTraceUtility:ExtractStackTrace () (at /home/bokken/buildslave/unity/build/Runtime/Export/Scripting/StackTrace.cs:37)
UnityEngine.DebugLogHandler:LogFormat (UnityEngine.LogType,UnityEngine.Object,string,object[])
UnityEngine.Logger:Log (UnityEngine.LogType,object)
UnityEngine.Debug:Log (object)
GloomhavenVR.EnvRoomBuilder:BuildCellarRoom (UnityEngine.Transform) (at Assets/Editor/BuildEnvironmentRooms.cs:1649)
GloomhavenVR.EnvironmentsBuilder:BuildCellar () (at Assets/Editor/BuildEnvironments.cs:1127)
GloomhavenVR.EnvironmentsBuilder:Build () (at Assets/Editor/BuildEnvironments.cs:132)
GloomhavenVR.EnvironmentsBuilder:BuildAll () (at Assets/Editor/BuildEnvironments.cs:112)

(Filename: Assets/Editor/BuildEnvironmentRooms.cs Line: 1649)

[GloomhavenVR][Env] Cellar window opening (snapped): x -1.909..-0.795, y 2.200..2.829, reveal depth 0.34 m.
UnityEngine.StackTraceUtility:ExtractStackTrace () (at /home/bokken/buildslave/unity/build/Runtime/Export/Scripting/StackTrace.cs:37)
UnityEngine.DebugLogHandler:LogFormat (UnityEngine.LogType,UnityEngine.Object,string,object[])
UnityEngine.Logger:Log (UnityEngine.LogType,object)
UnityEngine.Debug:Log (object)
GloomhavenVR.EnvRoomBuilder:BuildCellarRoom (UnityEngine.Transform) (at Assets/Editor/BuildEnvironmentRooms.cs:1664)
GloomhavenVR.EnvironmentsBuilder:BuildCellar () (at Assets/Editor/BuildEnvironments.cs:1127)
GloomhavenVR.EnvironmentsBuilder:Build () (at Assets/Editor/BuildEnvironments.cs:132)
GloomhavenVR.EnvironmentsBuilder:BuildAll () (at Assets/Editor/BuildEnvironments.cs:112)

(Filename: Assets/Editor/BuildEnvironmentRooms.cs Line: 1664)

[GloomhavenVR][Env] Moonlight: one analytic volume, axis 3.89 m, w 0.24->0.42 m, lands at (-3.27,2.22) = 3.95 m from centre (PlaySpace radius 3.25 m); bar pitch 0.223 m from x -1.686.
UnityEngine.StackTraceUtility:ExtractStackTrace () (at /home/bokken/buildslave/unity/build/Runtime/Export/Scripting/StackTrace.cs:37)
UnityEngine.DebugLogHandler:LogFormat (UnityEngine.LogType,UnityEngine.Object,string,object[])
UnityEngine.Logger:Log (UnityEngine.LogType,object)
UnityEngine.Debug:Log (object)
GloomhavenVR.EnvRoomBuilder:BuildCellarRoom (UnityEngine.Transform) (at Assets/Editor/BuildEnvironmentRooms.cs:1907)
GloomhavenVR.EnvironmentsBuilder:BuildCellar () (at Assets/Editor/BuildEnvironments.cs:1127)
GloomhavenVR.EnvironmentsBuilder:Build () (at Assets/Editor/BuildEnvironments.cs:132)
GloomhavenVR.EnvironmentsBuilder:BuildAll () (at Assets/Editor/BuildEnvironments.cs:112)

(Filename: Assets/Editor/BuildEnvironmentRooms.cs Line: 1907)

[GloomhavenVR][Env] Cellar drip: period 2.85 s, hang 1.55 s, fall 0.813 s => the puddle rings at t=2.363 s of every cycle.
UnityEngine.StackTraceUtility:ExtractStackTrace () (at /home/bokken/buildslave/unity/build/Runtime/Export/Scripting/StackTrace.cs:37)
UnityEngine.DebugLogHandler:LogFormat (UnityEngine.LogType,UnityEngine.Object,string,object[])
UnityEngine.Logger:Log (UnityEngine.LogType,object)
UnityEngine.Debug:Log (object)
GloomhavenVR.EnvRoomBuilder:BuildCellarAtmosphere (UnityEngine.Transform,GloomhavenVR.EnvRoomBuilder/LightRig) (at Assets/Editor/BuildEnvironmentRooms.cs:3581)
GloomhavenVR.EnvRoomBuilder:BuildCellarRoom (UnityEngine.Transform) (at Assets/Editor/BuildEnvironmentRooms.cs:2045)
GloomhavenVR.EnvironmentsBuilder:BuildCellar () (at Assets/Editor/BuildEnvironments.cs:1127)
GloomhavenVR.EnvironmentsBuilder:Build () (at Assets/Editor/BuildEnvironments.cs:132)
GloomhavenVR.EnvironmentsBuilder:BuildAll () (at Assets/Editor/BuildEnvironments.cs:112)

(Filename: Assets/Editor/BuildEnvironmentRooms.cs Line: 3581)

[GloomhavenVR][Env] Cellar rat — a SCHEDULE, not a loop (user: "mehr random statt immer den selben weg"). Everything below is H(slot,k) of the SHARED clock alone (_Time.y+_GhvrTimeOfs, slot = floor(t/26 s)): no Random, no per-client state, no sin() in the hash, so two clients compute the same bits.
  ROUTES: a continuum, not a list — P1 wanders +-0.50/0.80 m about (-0.46,0.00), P2 +-0.12/0.32 m about (-0.12,0.28); up to 1.01 m of lateral spread, arc length 5.74..14.21 m (the single old route was 9.90 m). 2541 of the 2541 crossings below take a route no other one takes, measured to the nearest cm.
  MODES over 3000 slots: 2541 crossings (15% of slots quiet), 43% out of the south hole instead of the north, 30% turn back into the hole they came from at u=0.35..0.75, 32% of all crossings (= 45% of the straight ones) stop to sniff.
  TIMING: gap between crossings 12..111 s (median 27 s); each lasts 2.4..9.2 s at 1.33..3.01 m/s; latest a run can still be going is 23.2 s of the 26 s slot.
  CLEARANCE, over the WHOLE family and not just one route: play-space 3.30 m (needs >= 3.25); side walls 1.25 m (the 0.06 m in z is the two HOLES, which are in the wall on purpose); props Barrel0 0.35 m (its (-3.41,-3.00) against u=0.77), Barrel1 0.29 m (its (-3.91,-1.89) against u=0.65), Barrel2 0.13 m (its (-2.66,-3.51) against u=0.85), Bucket 1.30 m (its (-3.88,-3.93) against u=0.80) (the crates are exempt — it ends under them on purpose). Moon-beam axis 0.11..0.48 m, 100% of crossings inside the 0.80 m the beam lights.
UnityEngine.StackTraceUtility:ExtractStackTrace () (at /home/bokken/buildslave/unity/build/Runtime/Export/Scripting/StackTrace.cs:37)
UnityEngine.DebugLogHandler:LogFormat (UnityEngine.LogType,UnityEngine.Object,string,object[])
UnityEngine.Logger:Log (UnityEngine.LogType,object)
UnityEngine.Debug:Log (object)
GloomhavenVR.EnvRoomBuilder:AssertRatSchedule (UnityEngine.Transform,UnityEngine.Vector3,UnityEngine.Vector3) (at Assets/Editor/BuildEnvironmentRooms.cs:3244)
GloomhavenVR.EnvRoomBuilder:BuildCellarAtmosphere (UnityEngine.Transform,GloomhavenVR.EnvRoomBuilder/LightRig) (at Assets/Editor/BuildEnvironmentRooms.cs:3610)
GloomhavenVR.EnvRoomBuilder:BuildCellarRoom (UnityEngine.Transform) (at Assets/Editor/BuildEnvironmentRooms.cs:2045)
GloomhavenVR.EnvironmentsBuilder:BuildCellar () (at Assets/Editor/BuildEnvironments.cs:1127)
GloomhavenVR.EnvironmentsBuilder:Build () (at Assets/Editor/BuildEnvironments.cs:132)
GloomhavenVR.EnvironmentsBuilder:BuildAll () (at Assets/Editor/BuildEnvironments.cs:112)

(Filename: Assets/Editor/BuildEnvironmentRooms.cs Line: 3244)

[GloomhavenVR][Env] Rat mesh CLOSED and OUTWARD: 328 verts, 364 tris, 0 unpaired edges, signed volume +776.8 cm^3, 0 triangles disagreeing with their vertex normals.
UnityEngine.StackTraceUtility:ExtractStackTrace () (at /home/bokken/buildslave/unity/build/Runtime/Export/Scripting/StackTrace.cs:37)
UnityEngine.DebugLogHandler:LogFormat (UnityEngine.LogType,UnityEngine.Object,string,object[])
UnityEngine.Logger:Log (UnityEngine.LogType,object)
UnityEngine.Debug:Log (object)
GloomhavenVR.EnvRoomBuilder:AssertClosedAndOutward (GloomhavenVR.EnvRoomBuilder/Acc,string) (at Assets/Editor/BuildEnvironmentRooms.cs:3063)
GloomhavenVR.EnvRoomBuilder:RatMesh () (at Assets/Editor/BuildEnvironmentRooms.cs:2988)
GloomhavenVR.EnvRoomBuilder:BuildCellarAtmosphere (UnityEngine.Transform,GloomhavenVR.EnvRoomBuilder/LightRig) (at Assets/Editor/BuildEnvironmentRooms.cs:3619)
GloomhavenVR.EnvRoomBuilder:BuildCellarRoom (UnityEngine.Transform) (at Assets/Editor/BuildEnvironmentRooms.cs:2045)
GloomhavenVR.EnvironmentsBuilder:BuildCellar () (at Assets/Editor/BuildEnvironments.cs:1127)
GloomhavenVR.EnvironmentsBuilder:Build () (at Assets/Editor/BuildEnvironments.cs:132)
GloomhavenVR.EnvironmentsBuilder:BuildAll () (at Assets/Editor/BuildEnvironments.cs:112)

(Filename: Assets/Editor/BuildEnvironmentRooms.cs Line: 3063)

Registering precompiled user dll's ...
Registered in 0.001539 seconds.
Refreshing native plugins compatible for Editor in 0.23 ms, found 0 plugins.
Preloading 0 native plugins for Editor in 0.00 ms.
ArgumentException: Invalid value of 'activeInputHandler' setting: -1
  at UnityEngine.InputSystem.Editor.EditorPlayerSettingHelpers.ActiveInputHandlerToTuple (System.Int32 value) [0x0002e] in /home/claw/gloomhaven_vr/unity/GloomhavenVR.Assets/Library/PackageCache/com.unity.inputsystem@1.7.0/InputSystem/Editor/Settings/EditorPlayerSettingHelpers.cs:124 
  at UnityEngine.InputSystem.Editor.EditorPlayerSettingHelpers.get_newSystemBackendsEnabled () [0x0000b] in /home/claw/gloomhaven_vr/unity/GloomhavenVR.Assets/Library/PackageCache/com.unity.inputsystem@1.7.0/InputSystem/Editor/Settings/EditorPlayerSettingHelpers.cs:20 
  at UnityEngine.InputSystem.InputSystem.InitializeInEditor (UnityEngine.InputSystem.LowLevel.IInputRuntime runtime) [0x00177] in /home/claw/gloomhaven_vr/unity/GloomhavenVR.Assets/Library/PackageCache/com.unity.inputsystem@1.7.0/InputSystem/InputSystem.cs:3463 
  at UnityEngine.InputSystem.InputSystem..cctor () [0x00000] in /home/claw/gloomhaven_vr/unity/GloomhavenVR.Assets/Library/PackageCache/com.unity.inputsystem@1.7.0/InputSystem/InputSystem.cs:3366 
Rethrow as TypeInitializationException: The type initializer for 'UnityEngine.InputSystem.InputSystem' threw an exception.
  at UnityEngine.InputSystem.LowLevel.NativeInputRuntime.OnProjectChanged () [0x00000] in /home/claw/gloomhaven_vr/unity/GloomhavenVR.Assets/Library/PackageCache/com.unity.inputsystem@1.7.0/InputSystem/NativeInputRuntime.cs:348 
  at UnityEditor.EditorApplication.Internal_CallProjectHasChanged () [0x00028] in /home/bokken/buildslave/unity/build/Editor/Mono/EditorApplication.cs:403 
UnityEditor.AssetDatabase:DeleteAsset(String)
GloomhavenVR.EnvRoomBuilder:BuildCellarAtmosphere(Transform, LightRig) (at Assets/Editor/BuildEnvironmentRooms.cs:3665)
GloomhavenVR.EnvRoomBuilder:BuildCellarRoom(Transform) (at Assets/Editor/BuildEnvironmentRooms.cs:2045)
GloomhavenVR.EnvironmentsBuilder:BuildCellar() (at Assets/Editor/BuildEnvironments.cs:1127)
GloomhavenVR.EnvironmentsBuilder:Build() (at Assets/Editor/BuildEnvironments.cs:132)
GloomhavenVR.EnvironmentsBuilder:BuildAll() (at Assets/Editor/BuildEnvironments.cs:112)

(Filename: /home/bokken/buildslave/unity/build/Editor/Mono/EditorApplication.cs Line: 403)

Asset Pipeline Refresh: Total: 0.010 seconds - Initiated by StopAssetImportingV2(NoUpdateAssetOptions)
[GloomhavenVR][Env] Removed the ModBuild 139 flat rat hole: Assets/Bundle/Environments/Meshes/Env_C_RatHoles.asset
UnityEngine.StackTraceUtility:ExtractStackTrace () (at /home/bokken/buildslave/unity/build/Runtime/Export/Scripting/StackTrace.cs:37)
UnityEngine.DebugLogHandler:LogFormat (UnityEngine.LogType,UnityEngine.Object,string,object[])
UnityEngine.Logger:Log (UnityEngine.LogType,object)
UnityEngine.Debug:Log (object)
GloomhavenVR.EnvRoomBuilder:BuildCellarAtmosphere (UnityEngine.Transform,GloomhavenVR.EnvRoomBuilder/LightRig) (at Assets/Editor/BuildEnvironmentRooms.cs:3666)
GloomhavenVR.EnvRoomBuilder:BuildCellarRoom (UnityEngine.Transform) (at Assets/Editor/BuildEnvironmentRooms.cs:2045)
GloomhavenVR.EnvironmentsBuilder:BuildCellar () (at Assets/Editor/BuildEnvironments.cs:1127)
GloomhavenVR.EnvironmentsBuilder:Build () (at Assets/Editor/BuildEnvironments.cs:132)
GloomhavenVR.EnvironmentsBuilder:BuildAll () (at Assets/Editor/BuildEnvironments.cs:112)

(Filename: Assets/Editor/BuildEnvironmentRooms.cs Line: 3666)

Registering precompiled user dll's ...
Registered in 0.001521 seconds.
Refreshing native plugins compatible for Editor in 0.28 ms, found 0 plugins.
Preloading 0 native plugins for Editor in 0.00 ms.
ArgumentException: Invalid value of 'activeInputHandler' setting: -1
  at UnityEngine.InputSystem.Editor.EditorPlayerSettingHelpers.ActiveInputHandlerToTuple (System.Int32 value) [0x0002e] in /home/claw/gloomhaven_vr/unity/GloomhavenVR.Assets/Library/PackageCache/com.unity.inputsystem@1.7.0/InputSystem/Editor/Settings/EditorPlayerSettingHelpers.cs:124 
  at UnityEngine.InputSystem.Editor.EditorPlayerSettingHelpers.get_newSystemBackendsEnabled () [0x0000b] in /home/claw/gloomhaven_vr/unity/GloomhavenVR.Assets/Library/PackageCache/com.unity.inputsystem@1.7.0/InputSystem/Editor/Settings/EditorPlayerSettingHelpers.cs:20 
  at UnityEngine.InputSystem.InputSystem.InitializeInEditor (UnityEngine.InputSystem.LowLevel.IInputRuntime runtime) [0x00177] in /home/claw/gloomhaven_vr/unity/GloomhavenVR.Assets/Library/PackageCache/com.unity.inputsystem@1.7.0/InputSystem/InputSystem.cs:3463 
  at UnityEngine.InputSystem.InputSystem..cctor () [0x00000] in /home/claw/gloomhaven_vr/unity/GloomhavenVR.Assets/Library/PackageCache/com.unity.inputsystem@1.7.0/InputSystem/InputSystem.cs:3366 
Rethrow as TypeInitializationException: The type initializer for 'UnityEngine.InputSystem.InputSystem' threw an exception.
  at UnityEngine.InputSystem.LowLevel.NativeInputRuntime.OnProjectChanged () [0x00000] in /home/claw/gloomhaven_vr/unity/GloomhavenVR.Assets/Library/PackageCache/com.unity.inputsystem@1.7.0/InputSystem/NativeInputRuntime.cs:348 
  at UnityEditor.EditorApplication.Internal_CallProjectHasChanged () [0x00028] in /home/bokken/buildslave/unity/build/Editor/Mono/EditorApplication.cs:403 
UnityEditor.AssetDatabase:DeleteAsset(String)
GloomhavenVR.EnvRoomBuilder:BuildCellarAtmosphere(Transform, LightRig) (at Assets/Editor/BuildEnvironmentRooms.cs:3665)
GloomhavenVR.EnvRoomBuilder:BuildCellarRoom(Transform) (at Assets/Editor/BuildEnvironmentRooms.cs:2045)
GloomhavenVR.EnvironmentsBuilder:BuildCellar() (at Assets/Editor/BuildEnvironments.cs:1127)
GloomhavenVR.EnvironmentsBuilder:Build() (at Assets/Editor/BuildEnvironments.cs:132)
GloomhavenVR.EnvironmentsBuilder:BuildAll() (at Assets/Editor/BuildEnvironments.cs:112)

(Filename: /home/bokken/buildslave/unity/build/Editor/Mono/EditorApplication.cs Line: 403)

Asset Pipeline Refresh: Total: 0.009 seconds - Initiated by StopAssetImportingV2(NoUpdateAssetOptions)
[GloomhavenVR][Env] Removed the ModBuild 139 flat rat hole: Assets/Bundle/Environments/Materials/C_RatHole.mat
UnityEngine.StackTraceUtility:ExtractStackTrace () (at /home/bokken/buildslave/unity/build/Runtime/Export/Scripting/StackTrace.cs:37)
UnityEngine.DebugLogHandler:LogFormat (UnityEngine.LogType,UnityEngine.Object,string,object[])
UnityEngine.Logger:Log (UnityEngine.LogType,object)
UnityEngine.Debug:Log (object)
GloomhavenVR.EnvRoomBuilder:BuildCellarAtmosphere (UnityEngine.Transform,GloomhavenVR.EnvRoomBuilder/LightRig) (at Assets/Editor/BuildEnvironmentRooms.cs:3666)
GloomhavenVR.EnvRoomBuilder:BuildCellarRoom (UnityEngine.Transform) (at Assets/Editor/BuildEnvironmentRooms.cs:2045)
GloomhavenVR.EnvironmentsBuilder:BuildCellar () (at Assets/Editor/BuildEnvironments.cs:1127)
GloomhavenVR.EnvironmentsBuilder:Build () (at Assets/Editor/BuildEnvironments.cs:132)
GloomhavenVR.EnvironmentsBuilder:BuildAll () (at Assets/Editor/BuildEnvironments.cs:112)

(Filename: Assets/Editor/BuildEnvironmentRooms.cs Line: 3666)

[GloomhavenVR][Env] Contact shading painted under 11 props.
UnityEngine.StackTraceUtility:ExtractStackTrace () (at /home/bokken/buildslave/unity/build/Runtime/Export/Scripting/StackTrace.cs:37)
UnityEngine.DebugLogHandler:LogFormat (UnityEngine.LogType,UnityEngine.Object,string,object[])
UnityEngine.Logger:Log (UnityEngine.LogType,object)
UnityEngine.Debug:Log (object)
GloomhavenVR.EnvRoomBuilder:PaintContactAO (UnityEngine.GameObject,single,single) (at Assets/Editor/BuildEnvironmentRooms.cs:592)
GloomhavenVR.EnvRoomBuilder:BuildCellarRoom (UnityEngine.Transform) (at Assets/Editor/BuildEnvironmentRooms.cs:2047)
GloomhavenVR.EnvironmentsBuilder:BuildCellar () (at Assets/Editor/BuildEnvironments.cs:1127)
GloomhavenVR.EnvironmentsBuilder:Build () (at Assets/Editor/BuildEnvironments.cs:132)
GloomhavenVR.EnvironmentsBuilder:BuildAll () (at Assets/Editor/BuildEnvironments.cs:112)

(Filename: Assets/Editor/BuildEnvironmentRooms.cs Line: 592)

[GloomhavenVR][Env] Cellar prop grounding (12 props):
  Barrel0: on ground sink=0.015 dy=-0.015 foot=[-4.07,-3.57..-3.33,-2.83] recentre=(+0.00,+0.00) aabbErr=0mm cover=100%
  Barrel1: on ground sink=0.015 dy=-0.015 foot=[-4.62,-2.37..-3.88,-1.63] recentre=(+0.00,+0.00) aabbErr=0mm cover=100%
  Barrel2: on ground sink=0.015 dy=+0.315 foot=[-3.20,-4.39..-2.50,-3.51] recentre=(+0.07,-0.40) aabbErr=0mm cover=100%
  Crate0: on ground sink=0.015 dy=-0.006 foot=[-1.97,-4.19..-1.13,-3.71] recentre=(+0.00,+0.00) aabbErr=0mm cover=100%
  Crate1: on ground sink=0.015 dy=-0.008 foot=[-0.83,-4.29..-0.07,-3.81] recentre=(+0.00,+0.00) aabbErr=0mm cover=100%
  Crate2: on Crate0 sink=0.004 dy=+0.326 foot=[-1.84,-4.15..-1.20,-3.71] recentre=(+0.00,+0.00) aabbErr=0mm cover=98%
  Table: on ground sink=0.015 dy=-0.015 foot=[3.05,2.71..4.15,3.59] recentre=(+0.00,+0.00) aabbErr=0mm cover=100%
  Stool: on ground sink=0.015 dy=-0.019 foot=[2.42,2.17..2.68,2.43] recentre=(+0.00,+0.01) aabbErr=0mm cover=100%
  Shelf: on ground sink=0.015 dy=-0.013 foot=[4.57,0.01..5.15,1.39] recentre=(+0.00,+0.00) aabbErr=0mm cover=100%
  Bucket: on ground sink=0.015 dy=-0.016 foot=[-4.18,-4.22..-3.82,-3.88] recentre=(+0.00,+0.00) aabbErr=0mm cover=100%
  Jug0: on Table sink=0.001 dy=+0.570 foot=[3.44,3.17..3.60,3.43] recentre=(+0.00,+0.01) aabbErr=0mm cover=98%
  Jug1: on Crate1 sink=0.001 dy=+0.287 foot=[-0.57,-4.13..-0.33,-3.97] recentre=(-0.01,+0.00) aabbErr=0mm cover=100%
UnityEngine.StackTraceUtility:ExtractStackTrace () (at /home/bokken/buildslave/unity/build/Runtime/Export/Scripting/StackTrace.cs:37)
UnityEngine.DebugLogHandler:LogFormat (UnityEngine.LogType,UnityEngine.Object,string,object[])
UnityEngine.Logger:Log (UnityEngine.LogType,object)
UnityEngine.Debug:Log (object)
GloomhavenVR.EnvRoomBuilder:ReportGrounding (string) (at Assets/Editor/BuildEnvironmentRooms.cs:638)
GloomhavenVR.EnvRoomBuilder:BuildCellarRoom (UnityEngine.Transform) (at Assets/Editor/BuildEnvironmentRooms.cs:2049)
GloomhavenVR.EnvironmentsBuilder:BuildCellar () (at Assets/Editor/BuildEnvironments.cs:1127)
GloomhavenVR.EnvironmentsBuilder:Build () (at Assets/Editor/BuildEnvironments.cs:132)
GloomhavenVR.EnvironmentsBuilder:BuildAll () (at Assets/Editor/BuildEnvironments.cs:112)

(Filename: Assets/Editor/BuildEnvironmentRooms.cs Line: 638)

[GloomhavenVR][Env] Cellar PlaySpace 6.50 m clear: nearest geometry is 'Stool' at 3.35 m (needs >= 3.25 m).
UnityEngine.StackTraceUtility:ExtractStackTrace () (at /home/bokken/buildslave/unity/build/Runtime/Export/Scripting/StackTrace.cs:37)
UnityEngine.DebugLogHandler:LogFormat (UnityEngine.LogType,UnityEngine.Object,string,object[])
UnityEngine.Logger:Log (UnityEngine.LogType,object)
UnityEngine.Debug:Log (object)
GloomhavenVR.EnvRoomBuilder:AssertPlaySpaceClear (UnityEngine.Transform,string,single,string[]) (at Assets/Editor/BuildEnvironmentRooms.cs:632)
GloomhavenVR.EnvRoomBuilder:BuildCellarRoom (UnityEngine.Transform) (at Assets/Editor/BuildEnvironmentRooms.cs:2054)
GloomhavenVR.EnvironmentsBuilder:BuildCellar () (at Assets/Editor/BuildEnvironments.cs:1127)
GloomhavenVR.EnvironmentsBuilder:Build () (at Assets/Editor/BuildEnvironments.cs:132)
GloomhavenVR.EnvironmentsBuilder:BuildAll () (at Assets/Editor/BuildEnvironments.cs:112)

(Filename: Assets/Editor/BuildEnvironmentRooms.cs Line: 632)

[GloomhavenVR][Env] Cellar room geometry assembled.
UnityEngine.StackTraceUtility:ExtractStackTrace () (at /home/bokken/buildslave/unity/build/Runtime/Export/Scripting/StackTrace.cs:37)
UnityEngine.DebugLogHandler:LogFormat (UnityEngine.LogType,UnityEngine.Object,string,object[])
UnityEngine.Logger:Log (UnityEngine.LogType,object)
UnityEngine.Debug:Log (object)
GloomhavenVR.EnvRoomBuilder:BuildCellarRoom (UnityEngine.Transform) (at Assets/Editor/BuildEnvironmentRooms.cs:2056)
GloomhavenVR.EnvironmentsBuilder:BuildCellar () (at Assets/Editor/BuildEnvironments.cs:1127)
GloomhavenVR.EnvironmentsBuilder:Build () (at Assets/Editor/BuildEnvironments.cs:132)
GloomhavenVR.EnvironmentsBuilder:BuildAll () (at Assets/Editor/BuildEnvironments.cs:112)

(Filename: Assets/Editor/BuildEnvironmentRooms.cs Line: 2056)

[GloomhavenVR][Env] Env_Cellar: 132420 triangles, 2 particle systems, max alive 60.
UnityEngine.StackTraceUtility:ExtractStackTrace () (at /home/bokken/buildslave/unity/build/Runtime/Export/Scripting/StackTrace.cs:37)
UnityEngine.DebugLogHandler:LogFormat (UnityEngine.LogType,UnityEngine.Object,string,object[])
UnityEngine.Logger:Log (UnityEngine.LogType,object)
UnityEngine.Debug:Log (object)
GloomhavenVR.EnvironmentsBuilder:LogStats (UnityEngine.GameObject,string) (at Assets/Editor/BuildEnvironments.cs:1047)
GloomhavenVR.EnvironmentsBuilder:BuildCellar () (at Assets/Editor/BuildEnvironments.cs:1129)
GloomhavenVR.EnvironmentsBuilder:Build () (at Assets/Editor/BuildEnvironments.cs:132)
GloomhavenVR.EnvironmentsBuilder:BuildAll () (at Assets/Editor/BuildEnvironments.cs:112)

(Filename: Assets/Editor/BuildEnvironments.cs Line: 1047)

Registering precompiled user dll's ...
Registered in 0.001532 seconds.
Start importing Assets/Bundle/Environments/Env_Cellar.prefab using Guid(a1b5d8c25e1e2a5a9b0fc1ec02749cbd) Importer(-1,00000000000000000000000000000000)  -> (artifact id: '576b0c00472c5876eb565d50e2fcf445') in 0.009508 seconds 
Refreshing native plugins compatible for Editor in 0.25 ms, found 0 plugins.
Preloading 0 native plugins for Editor in 0.00 ms.
Asset Pipeline Refresh: Total: 0.026 seconds - Initiated by StopAssetImportingV2(NoUpdateAssetOptions)
[GloomhavenVR][Env] Prefab written: Assets/Bundle/Environments/Env_Cellar.prefab
UnityEngine.StackTraceUtility:ExtractStackTrace () (at /home/bokken/buildslave/unity/build/Runtime/Export/Scripting/StackTrace.cs:37)
UnityEngine.DebugLogHandler:LogFormat (UnityEngine.LogType,UnityEngine.Object,string,object[])
UnityEngine.Logger:Log (UnityEngine.LogType,object)
UnityEngine.Debug:Log (object)
GloomhavenVR.EnvironmentsBuilder:BuildCellar () (at Assets/Editor/BuildEnvironments.cs:1132)
GloomhavenVR.EnvironmentsBuilder:Build () (at Assets/Editor/BuildEnvironments.cs:132)
GloomhavenVR.EnvironmentsBuilder:BuildAll () (at Assets/Editor/BuildEnvironments.cs:112)

(Filename: Assets/Editor/BuildEnvironments.cs Line: 1132)

[GloomhavenVR][Env] PlaySpace on Env_Swamp: authored diameter 9.00 m.
UnityEngine.StackTraceUtility:ExtractStackTrace () (at /home/bokken/buildslave/unity/build/Runtime/Export/Scripting/StackTrace.cs:37)
UnityEngine.DebugLogHandler:LogFormat (UnityEngine.LogType,UnityEngine.Object,string,object[])
UnityEngine.Logger:Log (UnityEngine.LogType,object)
UnityEngine.Debug:Log (object)
GloomhavenVR.EnvironmentsBuilder:AddPlaySpace (UnityEngine.Transform,single) (at Assets/Editor/BuildEnvironments.cs:1037)
GloomhavenVR.EnvironmentsBuilder:BuildForest () (at Assets/Editor/BuildEnvironments.cs:1151)
GloomhavenVR.EnvironmentsBuilder:Build () (at Assets/Editor/BuildEnvironments.cs:133)
GloomhavenVR.EnvironmentsBuilder:BuildAll () (at Assets/Editor/BuildEnvironments.cs:112)

(Filename: Assets/Editor/BuildEnvironments.cs Line: 1037)

[GloomhavenVR][Env] Canopy shell: 3486 boughs.
UnityEngine.StackTraceUtility:ExtractStackTrace () (at /home/bokken/buildslave/unity/build/Runtime/Export/Scripting/StackTrace.cs:37)
UnityEngine.DebugLogHandler:LogFormat (UnityEngine.LogType,UnityEngine.Object,string,object[])
UnityEngine.Logger:Log (UnityEngine.LogType,object)
UnityEngine.Debug:Log (object)
GloomhavenVR.EnvRoomBuilder:BuildForestRoom (UnityEngine.Transform) (at Assets/Editor/BuildEnvironmentRooms.cs:4968)
GloomhavenVR.EnvironmentsBuilder:BuildForest () (at Assets/Editor/BuildEnvironments.cs:1288)
GloomhavenVR.EnvironmentsBuilder:Build () (at Assets/Editor/BuildEnvironments.cs:133)
GloomhavenVR.EnvironmentsBuilder:BuildAll () (at Assets/Editor/BuildEnvironments.cs:112)

(Filename: Assets/Editor/BuildEnvironmentRooms.cs Line: 4968)

[GloomhavenVR][Env] Canopy shadow: alpha atlas fir_twig_alb.png 1024x1024, 23.6% of it is over cutoff 0.50 — that is the fraction of every 'Canopy' card that can cast.
UnityEngine.StackTraceUtility:ExtractStackTrace () (at /home/bokken/buildslave/unity/build/Runtime/Export/Scripting/StackTrace.cs:37)
UnityEngine.DebugLogHandler:LogFormat (UnityEngine.LogType,UnityEngine.Object,string,object[])
UnityEngine.Logger:Log (UnityEngine.LogType,object)
UnityEngine.Debug:Log (object)
GloomhavenVR.EnvRoomBuilder/CanopyShadowBake:AddCutout (GloomhavenVR.EnvRoomBuilder/Acc,string,string,single) (at Assets/Editor/BuildEnvironmentRooms.cs:4381)
GloomhavenVR.EnvRoomBuilder:BuildForestRoom (UnityEngine.Transform) (at Assets/Editor/BuildEnvironmentRooms.cs:5055)
GloomhavenVR.EnvironmentsBuilder:BuildForest () (at Assets/Editor/BuildEnvironments.cs:1288)
GloomhavenVR.EnvironmentsBuilder:Build () (at Assets/Editor/BuildEnvironments.cs:133)
GloomhavenVR.EnvironmentsBuilder:BuildAll () (at Assets/Editor/BuildEnvironments.cs:112)

(Filename: Assets/Editor/BuildEnvironmentRooms.cs Line: 4381)

Registering precompiled user dll's ...
Registered in 0.001525 seconds.
Start importing Assets/Bundle/Environments/Textures/Env_S_CanopyShadow.png using Guid(15a32bfffc6c20dbe89e48920b0109b6) Importer(-1,00000000000000000000000000000000)  -> (artifact id: '550e96907400f3902d9723cbf0922361') in 0.009572 seconds 
Refreshing native plugins compatible for Editor in 0.26 ms, found 0 plugins.
Preloading 0 native plugins for Editor in 0.00 ms.
Asset Pipeline Refresh: Total: 0.024 seconds - Initiated by StopAssetImportingV2(NoUpdateAssetOptions)
Registering precompiled user dll's ...
Registered in 0.001510 seconds.
Start importing Assets/Bundle/Environments/Textures/Env_S_CanopyShadow.png using Guid(15a32bfffc6c20dbe89e48920b0109b6) Importer(-1,00000000000000000000000000000000)  -> (artifact id: '550e96907400f3902d9723cbf0922361') in 0.009474 seconds 
Refreshing native plugins compatible for Editor in 0.25 ms, found 0 plugins.
Preloading 0 native plugins for Editor in 0.00 ms.
Asset Pipeline Refresh: Total: 0.023 seconds - Initiated by StopAssetImportingV2(NoUpdateAssetOptions)
[GloomhavenVR][Env] Clearing floor CONTRAST (final shaded luminance per unit albedo, the ambient + three point lights + landing pool all included as the separate addends they are): THE MOON IS 77% of the lit floor's brightness — that is the ceiling on everything a shadow term can do here; unshadowed mean 0.2005, as shaded 0.1716 (14.4% off the clearing's average brightness); over the 18.2% of it that is at least half shadowed a LIT patch reads 2.04x a SHADOWED one, and the deepest shadow in the clearing is 2.84x down at (1.6,-5.0). THAT ratio, not the shadow percentage, is what he can or cannot see.
UnityEngine.StackTraceUtility:ExtractStackTrace () (at /home/bokken/buildslave/unity/build/Runtime/Export/Scripting/StackTrace.cs:37)
UnityEngine.DebugLogHandler:LogFormat (UnityEngine.LogType,UnityEngine.Object,string,object[])
UnityEngine.Logger:Log (UnityEngine.LogType,object)
UnityEngine.Debug:Log (object)
GloomhavenVR.EnvRoomBuilder/CanopyShadowBake:Report (System.Func`3<single, single, single>,single,GloomhavenVR.EnvRoomBuilder/CanopyShadowBake/Look,System.Func`4<single, single, single, single>) (at Assets/Editor/BuildEnvironmentRooms.cs:4702)
GloomhavenVR.EnvRoomBuilder:BuildForestRoom (UnityEngine.Transform) (at Assets/Editor/BuildEnvironmentRooms.cs:5147)
GloomhavenVR.EnvironmentsBuilder:BuildForest () (at Assets/Editor/BuildEnvironments.cs:1288)
GloomhavenVR.EnvironmentsBuilder:Build () (at Assets/Editor/BuildEnvironments.cs:133)
GloomhavenVR.EnvironmentsBuilder:BuildAll () (at Assets/Editor/BuildEnvironments.cs:112)

(Filename: Assets/Editor/BuildEnvironmentRooms.cs Line: 4702)

[GloomhavenVR][Env] Canopy shadow map: 512x512, box 28.0 x 22.6 m (5.5 x 4.4 cm per texel), 25680 triangles rasterised (10832 projected clear of the map, 2412214 texel writes dropped by the alpha test), occluder depth 0.5..45.5 m of a 46.4 m encoded range (0.71 mm per 16-bit step, bias 6.0 cm), 75.2% of texels hold an occluder, CLEARING FLOOR (r<5.4 m) loses 18.5% of its moon on average and 18.2% of it is at least half shadowed, 760 KiB on disk / 1024 KiB as RGBA32 in the bundle -> Assets/Bundle/Environments/Textures/Env_S_CanopyShadow.png
UnityEngine.StackTraceUtility:ExtractStackTrace () (at /home/bokken/buildslave/unity/build/Runtime/Export/Scripting/StackTrace.cs:37)
UnityEngine.DebugLogHandler:LogFormat (UnityEngine.LogType,UnityEngine.Object,string,object[])
UnityEngine.Logger:Log (UnityEngine.LogType,object)
UnityEngine.Debug:Log (object)
GloomhavenVR.EnvRoomBuilder/CanopyShadowBake:Report (System.Func`3<single, single, single>,single,GloomhavenVR.EnvRoomBuilder/CanopyShadowBake/Look,System.Func`4<single, single, single, single>) (at Assets/Editor/BuildEnvironmentRooms.cs:4721)
GloomhavenVR.EnvRoomBuilder:BuildForestRoom (UnityEngine.Transform) (at Assets/Editor/BuildEnvironmentRooms.cs:5147)
GloomhavenVR.EnvironmentsBuilder:BuildForest () (at Assets/Editor/BuildEnvironments.cs:1288)
GloomhavenVR.EnvironmentsBuilder:Build () (at Assets/Editor/BuildEnvironments.cs:133)
GloomhavenVR.EnvironmentsBuilder:BuildAll () (at Assets/Editor/BuildEnvironments.cs:112)

(Filename: Assets/Editor/BuildEnvironmentRooms.cs Line: 4721)

[GloomhavenVR][Env] Canopy shadow -> S_Ground: a fully occluded fragment keeps 25% of its moon (strength 0.75), penumbra 18 cm (3.3 x 4.1 texels), throw 9.0 m releasing over 3.5 m, bite ramp 26%..66% coverage.
UnityEngine.StackTraceUtility:ExtractStackTrace () (at /home/bokken/buildslave/unity/build/Runtime/Export/Scripting/StackTrace.cs:37)
UnityEngine.DebugLogHandler:LogFormat (UnityEngine.LogType,UnityEngine.Object,string,object[])
UnityEngine.Logger:Log (UnityEngine.LogType,object)
UnityEngine.Debug:Log (object)
GloomhavenVR.EnvRoomBuilder/CanopyShadowBake:Apply (UnityEngine.Material,GloomhavenVR.EnvRoomBuilder/CanopyShadowBake/Look) (at Assets/Editor/BuildEnvironmentRooms.cs:4647)
GloomhavenVR.EnvRoomBuilder:BuildForestRoom (UnityEngine.Transform) (at Assets/Editor/BuildEnvironmentRooms.cs:5176)
GloomhavenVR.EnvironmentsBuilder:BuildForest () (at Assets/Editor/BuildEnvironments.cs:1288)
GloomhavenVR.EnvironmentsBuilder:Build () (at Assets/Editor/BuildEnvironments.cs:133)
GloomhavenVR.EnvironmentsBuilder:BuildAll () (at Assets/Editor/BuildEnvironments.cs:112)

(Filename: Assets/Editor/BuildEnvironmentRooms.cs Line: 4647)

[GloomhavenVR][Env] Moon shaft 0: lands (1.32,6.82) r 6.9 m, length 18.0 m, top y 11.4 m at r 20.1 m (canopy there 11.2 m), candidate 0 of 8 scoring 1.00 — head 100% lit, arrival 100%, whole beam 79%, i.e. 21% OF THE BEAM SHADOWED; DEEPEST BAND down to 14% visibility, longest continuous band under 55% is 4.5 m of 18.0 (36% of the body). Profile top->foot |999999999999999999999999999711121111112479999999|
UnityEngine.StackTraceUtility:ExtractStackTrace () (at /home/bokken/buildslave/unity/build/Runtime/Export/Scripting/StackTrace.cs:37)
UnityEngine.DebugLogHandler:LogFormat (UnityEngine.LogType,UnityEngine.Object,string,object[])
UnityEngine.Logger:Log (UnityEngine.LogType,object)
UnityEngine.Debug:Log (object)
GloomhavenVR.EnvRoomBuilder:BuildForestRoom (UnityEngine.Transform) (at Assets/Editor/BuildEnvironmentRooms.cs:5393)
GloomhavenVR.EnvironmentsBuilder:BuildForest () (at Assets/Editor/BuildEnvironments.cs:1288)
GloomhavenVR.EnvironmentsBuilder:Build () (at Assets/Editor/BuildEnvironments.cs:133)
GloomhavenVR.EnvironmentsBuilder:BuildAll () (at Assets/Editor/BuildEnvironments.cs:112)

(Filename: Assets/Editor/BuildEnvironmentRooms.cs Line: 5393)

[GloomhavenVR][Env] Moon shaft 1: lands (3.28,3.94) r 5.1 m, length 17.9 m, top y 11.3 m at r 18.8 m (canopy there 10.8 m), candidate 1 of 8 scoring 1.00 — head 96% lit, arrival 94%, whole beam 79%, i.e. 21% OF THE BEAM SHADOWED; DEEPEST BAND down to 14% visibility, longest continuous band under 55% is 4.1 m of 17.9 (33% of the body). Profile top->foot |889999999999999999999999999997741111111113699999|
UnityEngine.StackTraceUtility:ExtractStackTrace () (at /home/bokken/buildslave/unity/build/Runtime/Export/Scripting/StackTrace.cs:37)
UnityEngine.DebugLogHandler:LogFormat (UnityEngine.LogType,UnityEngine.Object,string,object[])
UnityEngine.Logger:Log (UnityEngine.LogType,object)
UnityEngine.Debug:Log (object)
GloomhavenVR.EnvRoomBuilder:BuildForestRoom (UnityEngine.Transform) (at Assets/Editor/BuildEnvironmentRooms.cs:5393)
GloomhavenVR.EnvironmentsBuilder:BuildForest () (at Assets/Editor/BuildEnvironments.cs:1288)
GloomhavenVR.EnvironmentsBuilder:Build () (at Assets/Editor/BuildEnvironments.cs:133)
GloomhavenVR.EnvironmentsBuilder:BuildAll () (at Assets/Editor/BuildEnvironments.cs:112)

(Filename: Assets/Editor/BuildEnvironmentRooms.cs Line: 5393)

[GloomhavenVR][Env] Moon shaft 2: lands (6.06,2.37) r 6.5 m, length 18.4 m, top y 11.6 m at r 20.0 m (canopy there 11.2 m), candidate 1 of 8 scoring 0.56 — head 100% lit, arrival 97%, whole beam 92%, i.e. 8% OF THE BEAM SHADOWED; DEEPEST BAND down to 48% visibility, longest continuous band under 55% is 1.9 m of 18.4 (15% of the body). Profile top->foot |999999999999999999999999999944445568999999999997|
UnityEngine.StackTraceUtility:ExtractStackTrace () (at /home/bokken/buildslave/unity/build/Runtime/Export/Scripting/StackTrace.cs:37)
UnityEngine.DebugLogHandler:LogFormat (UnityEngine.LogType,UnityEngine.Object,string,object[])
UnityEngine.Logger:Log (UnityEngine.LogType,object)
UnityEngine.Debug:Log (object)
GloomhavenVR.EnvRoomBuilder:BuildForestRoom (UnityEngine.Transform) (at Assets/Editor/BuildEnvironmentRooms.cs:5393)
GloomhavenVR.EnvironmentsBuilder:BuildForest () (at Assets/Editor/BuildEnvironments.cs:1288)
GloomhavenVR.EnvironmentsBuilder:Build () (at Assets/Editor/BuildEnvironments.cs:133)
GloomhavenVR.EnvironmentsBuilder:BuildAll () (at Assets/Editor/BuildEnvironments.cs:112)

(Filename: Assets/Editor/BuildEnvironmentRooms.cs Line: 5393)

[GloomhavenVR][Env] Moon shafts: 2 of 3 moved off the authored roll — the search now wants a beam that is OPEN AT THE TOP and CROSSED further down, not the clearest gap it can find (which is what ModBuild 139 asked for and got).
UnityEngine.StackTraceUtility:ExtractStackTrace () (at /home/bokken/buildslave/unity/build/Runtime/Export/Scripting/StackTrace.cs:37)
UnityEngine.DebugLogHandler:LogFormat (UnityEngine.LogType,UnityEngine.Object,string,object[])
UnityEngine.Logger:Log (UnityEngine.LogType,object)
UnityEngine.Debug:Log (object)
GloomhavenVR.EnvRoomBuilder:BuildForestRoom (UnityEngine.Transform) (at Assets/Editor/BuildEnvironmentRooms.cs:5404)
GloomhavenVR.EnvironmentsBuilder:BuildForest () (at Assets/Editor/BuildEnvironments.cs:1288)
GloomhavenVR.EnvironmentsBuilder:Build () (at Assets/Editor/BuildEnvironments.cs:133)
GloomhavenVR.EnvironmentsBuilder:BuildAll () (at Assets/Editor/BuildEnvironments.cs:112)

(Filename: Assets/Editor/BuildEnvironmentRooms.cs Line: 5404)

[GloomhavenVR][Env] Canopy shadow -> S_Shaft: a fully occluded fragment keeps 14% of its moon (strength 0.86), penumbra 22 cm (4.0 x 5.0 texels), throw 5.0 m releasing over 2.5 m, bite ramp 34%..72% coverage.
UnityEngine.StackTraceUtility:ExtractStackTrace () (at /home/bokken/buildslave/unity/build/Runtime/Export/Scripting/StackTrace.cs:37)
UnityEngine.DebugLogHandler:LogFormat (UnityEngine.LogType,UnityEngine.Object,string,object[])
UnityEngine.Logger:Log (UnityEngine.LogType,object)
UnityEngine.Debug:Log (object)
GloomhavenVR.EnvRoomBuilder/CanopyShadowBake:Apply (UnityEngine.Material,GloomhavenVR.EnvRoomBuilder/CanopyShadowBake/Look) (at Assets/Editor/BuildEnvironmentRooms.cs:4647)
GloomhavenVR.EnvRoomBuilder:BuildForestRoom (UnityEngine.Transform) (at Assets/Editor/BuildEnvironmentRooms.cs:5431)
GloomhavenVR.EnvironmentsBuilder:BuildForest () (at Assets/Editor/BuildEnvironments.cs:1288)
GloomhavenVR.EnvironmentsBuilder:Build () (at Assets/Editor/BuildEnvironments.cs:133)
GloomhavenVR.EnvironmentsBuilder:BuildAll () (at Assets/Editor/BuildEnvironments.cs:112)

(Filename: Assets/Editor/BuildEnvironmentRooms.cs Line: 4647)

[GloomhavenVR][Env] Contact shading painted under 66 props.
UnityEngine.StackTraceUtility:ExtractStackTrace () (at /home/bokken/buildslave/unity/build/Runtime/Export/Scripting/StackTrace.cs:37)
UnityEngine.DebugLogHandler:LogFormat (UnityEngine.LogType,UnityEngine.Object,string,object[])
UnityEngine.Logger:Log (UnityEngine.LogType,object)
UnityEngine.Debug:Log (object)
GloomhavenVR.EnvRoomBuilder:PaintContactAO (UnityEngine.GameObject,single,single) (at Assets/Editor/BuildEnvironmentRooms.cs:592)
GloomhavenVR.EnvRoomBuilder:BuildForestRoom (UnityEngine.Transform) (at Assets/Editor/BuildEnvironmentRooms.cs:5600)
GloomhavenVR.EnvironmentsBuilder:BuildForest () (at Assets/Editor/BuildEnvironments.cs:1288)
GloomhavenVR.EnvironmentsBuilder:Build () (at Assets/Editor/BuildEnvironments.cs:133)
GloomhavenVR.EnvironmentsBuilder:BuildAll () (at Assets/Editor/BuildEnvironments.cs:112)

(Filename: Assets/Editor/BuildEnvironmentRooms.cs Line: 592)

[GloomhavenVR][Env] Forest prop grounding (37 props):
  Log0: on ground sink=0.100 dy=-0.168 foot=[-3.85,-7.45..-2.35,-4.75] recentre=(+0.03,+0.02) aabbErr=0mm cover=100%
  Log0: BEDDED 1.5 cm — that much of its scanned ground skirt was standing proud of the forest floor (1509 bearing vertices over 41 shell(s), reach 14 cm, band 5 cm, q 0.90).
  Log1: on ground sink=0.120 dy=-0.053 foot=[5.80,3.60..8.00,6.40] recentre=(+0.01,-0.02) aabbErr=0mm cover=100%
  Log1: bedding not needed — its bearing surface (792 vertices of 41 shell(s)) already sits within -2.4 cm of the floor.
  LeanTree: on ground sink=0.050 dy=+2.152 foot=[-7.95,4.99..-4.85,6.81] recentre=(+0.38,-0.11) aabbErr=399mm cover=100%
  Stump0: on ground sink=0.050 dy=+0.088 foot=[3.48,-5.02..5.32,-3.18] recentre=(-0.10,+0.04) aabbErr=0mm cover=100%
  Stump0: BEDDED 18.7 cm — that much of its scanned ground skirt was standing proud of the forest floor (894 bearing vertices over 86 shell(s), reach 18 cm, band 18 cm, q 0.99).
  Stump1: on ground sink=0.050 dy=+0.086 foot=[-7.99,-2.86..-6.41,-1.34] recentre=(-0.03,+0.02) aabbErr=0mm cover=100%
  Stump1: BEDDED 16.1 cm — that much of its scanned ground skirt was standing proud of the forest floor (1038 bearing vertices over 65 shell(s), reach 18 cm, band 18 cm, q 0.99).
  Axe: on Stump0 sink=0.060 dy=+0.580 foot=[4.39,-4.10..4.78,-3.65] recentre=(+0.03,+0.04) aabbErr=15mm cover=100%
  Root2: on ground sink=0.060 dy=-0.077 foot=[-4.51,-5.06..-2.69,-3.94] recentre=(+1.04,-0.59) aabbErr=0mm cover=100%
  Root2: BEDDED 2.8 cm — that much of its scanned ground skirt was standing proud of the forest floor (1962 bearing vertices over 66 shell(s), reach 8 cm, band 5 cm, q 0.90).
  Root3: on ground sink=0.060 dy=-0.058 foot=[1.83,4.29..3.37,5.51] recentre=(-0.84,+0.68) aabbErr=0mm cover=100%
  Root3: BEDDED 2.3 cm — that much of its scanned ground skirt was standing proud of the forest floor (2400 bearing vertices over 66 shell(s), reach 8 cm, band 5 cm, q 0.90).
  Rocks0: on ground sink=0.120 dy=+0.094 foot=[-8.25,1.51..-4.55,5.29] recentre=(+0.11,+0.18) aabbErr=0mm cover=100%
  Rocks0: BEDDED 2.4 cm — that much of its scanned ground skirt was standing proud of the forest floor (429 bearing vertices over 44 shell(s), reach 30 cm, band 5 cm, q 0.90).
  Rocks1: on ground sink=0.120 dy=+0.024 foot=[6.05,-3.33..8.75,0.53] recentre=(-0.01,+0.27) aabbErr=0mm cover=100%
  Rocks1: BEDDED 10.8 cm — that much of its scanned ground skirt was standing proud of the forest floor (358 bearing vertices over 26 shell(s), reach 30 cm, band 5 cm, q 0.90).
  Rocks2: on ground sink=0.100 dy=-0.092 foot=[-3.82,5.63..-2.38,8.77] recentre=(+0.06,-0.10) aabbErr=0mm cover=100%
  Rocks2: BEDDED 7.8 cm — that much of its scanned ground skirt was standing proud of the forest floor (460 bearing vertices over 26 shell(s), reach 30 cm, band 5 cm, q 0.90).
  Branches0: on ground sink=0.050 dy=-0.061 foot=[0.74,-6.48..2.06,-5.32] recentre=(-0.02,+0.06) aabbErr=0mm cover=100%
  Branches0: BEDDED 3.1 cm — that much of its scanned ground skirt was standing proud of the forest floor (493 bearing vertices over 29 shell(s), reach 10 cm, band 5 cm, q 0.90).
  Branches1: on ground sink=0.050 dy=-0.078 foot=[-7.48,-5.56..-6.32,-4.44] recentre=(+0.07,-0.07) aabbErr=0mm cover=100%
  Branches1: BEDDED 4.1 cm — that much of its scanned ground skirt was standing proud of the forest floor (515 bearing vertices over 29 shell(s), reach 10 cm, band 5 cm, q 0.90).
  Crate: on ground sink=0.060 dy=+0.260 foot=[-4.35,-7.31..-3.85,-6.69] recentre=(+0.14,-0.05) aabbErr=42mm cover=100%
  Fern0: on ground sink=0.050 dy=-0.020 foot=[4.12,2.75..7.68,5.85] recentre=(+0.82,-0.79) aabbErr=0mm cover=100%
  Fern1: on ground sink=0.050 dy=-0.077 foot=[-7.54,3.27..-4.26,6.33] recentre=(-0.67,+0.89) aabbErr=0mm cover=100%
  Fern2: on ground sink=0.050 dy=-0.068 foot=[-3.68,-7.58..-1.12,-4.62] recentre=(-0.70,-0.71) aabbErr=0mm cover=100%
  Grass0: on ground sink=0.050 dy=-0.099 foot=[1.55,5.19..4.05,6.01] recentre=(+1.14,-0.08) aabbErr=0mm cover=100%
  Grass1: on ground sink=0.050 dy=-0.143 foot=[-6.83,-4.69..-5.97,-2.11] recentre=(-0.29,+1.18) aabbErr=0mm cover=100%
  Shrub0: on ground sink=0.080 dy=-0.128 foot=[5.04,0.53..7.76,1.67] recentre=(+1.21,-0.43) aabbErr=0mm cover=100%
  Shrub1: on ground sink=0.080 dy=-0.127 foot=[-8.41,-0.11..-5.99,0.91] recentre=(-1.09,-0.38) aabbErr=0mm cover=100%
  Shrub2: on ground sink=0.080 dy=-0.129 foot=[0.09,5.48..1.71,8.12] recentre=(+0.66,+1.17) aabbErr=0mm cover=100%
  Moss0: on ground sink=0.020 dy=-0.184 foot=[-2.55,-4.47..-2.25,-4.33] recentre=(+0.14,-0.06) aabbErr=0mm cover=100%
  Moss1: on ground sink=0.020 dy=-0.092 foot=[5.77,4.04..6.03,4.16] recentre=(-0.12,+0.05) aabbErr=0mm cover=100%
  Moss2: on ground sink=0.020 dy=-0.109 foot=[-6.17,3.04..-6.03,3.36] recentre=(-0.06,-0.15) aabbErr=0mm cover=100%
  Moss3: on ground sink=0.020 dy=-0.060 foot=[3.37,-4.93..3.43,-4.67] recentre=(-0.02,+0.12) aabbErr=0mm cover=100%
UnityEngine.StackTraceUtility:ExtractStackTrace () (at /home/bokken/buildslave/unity/build/Runtime/Export/Scripting/StackTrace.cs:37)
UnityEngine.DebugLogHandler:LogFormat (UnityEngine.LogType,UnityEngine.Object,string,object[])
UnityEngine.Logger:Log (UnityEngine.LogType,object)
UnityEngine.Debug:Log (object)
GloomhavenVR.EnvRoomBuilder:ReportGrounding (string) (at Assets/Editor/BuildEnvironmentRooms.cs:638)
GloomhavenVR.EnvRoomBuilder:BuildForestRoom (UnityEngine.Transform) (at Assets/Editor/BuildEnvironmentRooms.cs:5602)
GloomhavenVR.EnvironmentsBuilder:BuildForest () (at Assets/Editor/BuildEnvironments.cs:1288)
GloomhavenVR.EnvironmentsBuilder:Build () (at Assets/Editor/BuildEnvironments.cs:133)
GloomhavenVR.EnvironmentsBuilder:BuildAll () (at Assets/Editor/BuildEnvironments.cs:112)

(Filename: Assets/Editor/BuildEnvironmentRooms.cs Line: 638)

[GloomhavenVR][Env] Forest PlaySpace 9.00 m clear: nearest geometry is 'Moss0' at 4.99 m (needs >= 4.50 m).
UnityEngine.StackTraceUtility:ExtractStackTrace () (at /home/bokken/buildslave/unity/build/Runtime/Export/Scripting/StackTrace.cs:37)
UnityEngine.DebugLogHandler:LogFormat (UnityEngine.LogType,UnityEngine.Object,string,object[])
UnityEngine.Logger:Log (UnityEngine.LogType,object)
UnityEngine.Debug:Log (object)
GloomhavenVR.EnvRoomBuilder:AssertPlaySpaceClear (UnityEngine.Transform,string,single,string[]) (at Assets/Editor/BuildEnvironmentRooms.cs:632)
GloomhavenVR.EnvRoomBuilder:BuildForestRoom (UnityEngine.Transform) (at Assets/Editor/BuildEnvironmentRooms.cs:5605)
GloomhavenVR.EnvironmentsBuilder:BuildForest () (at Assets/Editor/BuildEnvironments.cs:1288)
GloomhavenVR.EnvironmentsBuilder:Build () (at Assets/Editor/BuildEnvironments.cs:133)
GloomhavenVR.EnvironmentsBuilder:BuildAll () (at Assets/Editor/BuildEnvironments.cs:112)

(Filename: Assets/Editor/BuildEnvironmentRooms.cs Line: 632)

[GloomhavenVR][Env] Night-forest room geometry assembled.
UnityEngine.StackTraceUtility:ExtractStackTrace () (at /home/bokken/buildslave/unity/build/Runtime/Export/Scripting/StackTrace.cs:37)
UnityEngine.DebugLogHandler:LogFormat (UnityEngine.LogType,UnityEngine.Object,string,object[])
UnityEngine.Logger:Log (UnityEngine.LogType,object)
UnityEngine.Debug:Log (object)
GloomhavenVR.EnvRoomBuilder:BuildForestRoom (UnityEngine.Transform) (at Assets/Editor/BuildEnvironmentRooms.cs:5606)
GloomhavenVR.EnvironmentsBuilder:BuildForest () (at Assets/Editor/BuildEnvironments.cs:1288)
GloomhavenVR.EnvironmentsBuilder:Build () (at Assets/Editor/BuildEnvironments.cs:133)
GloomhavenVR.EnvironmentsBuilder:BuildAll () (at Assets/Editor/BuildEnvironments.cs:112)

(Filename: Assets/Editor/BuildEnvironmentRooms.cs Line: 5606)

[GloomhavenVR][Env] Env_Swamp: 143025 triangles, 5 particle systems, max alive 84.
UnityEngine.StackTraceUtility:ExtractStackTrace () (at /home/bokken/buildslave/unity/build/Runtime/Export/Scripting/StackTrace.cs:37)
UnityEngine.DebugLogHandler:LogFormat (UnityEngine.LogType,UnityEngine.Object,string,object[])
UnityEngine.Logger:Log (UnityEngine.LogType,object)
UnityEngine.Debug:Log (object)
GloomhavenVR.EnvironmentsBuilder:LogStats (UnityEngine.GameObject,string) (at Assets/Editor/BuildEnvironments.cs:1047)
GloomhavenVR.EnvironmentsBuilder:BuildForest () (at Assets/Editor/BuildEnvironments.cs:1290)
GloomhavenVR.EnvironmentsBuilder:Build () (at Assets/Editor/BuildEnvironments.cs:133)
GloomhavenVR.EnvironmentsBuilder:BuildAll () (at Assets/Editor/BuildEnvironments.cs:112)

(Filename: Assets/Editor/BuildEnvironments.cs Line: 1047)

Registering precompiled user dll's ...
Registered in 0.001526 seconds.
Start importing Assets/Bundle/Environments/Env_Swamp.prefab using Guid(06cdab41c158bba35955b5830a720efc) Importer(-1,00000000000000000000000000000000)  -> (artifact id: 'f42e9ce6b69508aec5894d6031f64202') in 0.010426 seconds 
Refreshing native plugins compatible for Editor in 0.25 ms, found 0 plugins.
Preloading 0 native plugins for Editor in 0.00 ms.
Asset Pipeline Refresh: Total: 0.028 seconds - Initiated by StopAssetImportingV2(NoUpdateAssetOptions)
[GloomhavenVR][Env] Prefab written: Assets/Bundle/Environments/Env_Swamp.prefab
UnityEngine.StackTraceUtility:ExtractStackTrace () (at /home/bokken/buildslave/unity/build/Runtime/Export/Scripting/StackTrace.cs:37)
UnityEngine.DebugLogHandler:LogFormat (UnityEngine.LogType,UnityEngine.Object,string,object[])
UnityEngine.Logger:Log (UnityEngine.LogType,object)
UnityEngine.Debug:Log (object)
GloomhavenVR.EnvironmentsBuilder:BuildForest () (at Assets/Editor/BuildEnvironments.cs:1293)
GloomhavenVR.EnvironmentsBuilder:Build () (at Assets/Editor/BuildEnvironments.cs:133)
GloomhavenVR.EnvironmentsBuilder:BuildAll () (at Assets/Editor/BuildEnvironments.cs:112)

(Filename: Assets/Editor/BuildEnvironments.cs Line: 1293)

Registering precompiled user dll's ...
Registered in 0.001527 seconds.
Start importing Assets/Bundle/Environments/Materials/S_Shrub0.mat using Guid(20fbed5859d8ef9ddbe6b8c35dc1b5ac) Importer(-1,00000000000000000000000000000000)  -> (artifact id: '320fe04660fa1830f6572cb66240fac6') in 0.000738 seconds 
Start importing Assets/Bundle/Environments/Materials/S_TrunkB.mat using Guid(90fc9cfc5ed1fceaa9ffb899070efbd2) Importer(-1,00000000000000000000000000000000)  -> (artifact id: '339b808674ed59a239c600bf0a95f41e') in 0.000578 seconds 
Start importing Assets/Bundle/Environments/Materials/S_Ground.mat using Guid(a0838f18404da983e94c863f6eafed25) Importer(-1,00000000000000000000000000000000)  -> (artifact id: 'fa04edf172f100eaace1d06d27d8e5dd') in 0.000551 seconds 
Start importing Assets/Bundle/Environments/Materials/C_WaxShelf.mat using Guid(c0c86796b42f69563bb4487f6bc0e28f) Importer(-1,00000000000000000000000000000000)  -> (artifact id: '11ddf20a1168f5fe67c428e3f0d82d7c') in 0.000521 seconds 
Start importing Assets/Bundle/Environments/Materials/S_Foliage.mat using Guid(e0a23a44b226253369639ec3e1144af2) Importer(-1,00000000000000000000000000000000)  -> (artifact id: '72d579bee11421db091193fed572db7d') in 0.000557 seconds 
Start importing Assets/Bundle/Environments/Materials/C_Timber.mat using Guid(a13ec92af85100fb196d0f8b00007a9e) Importer(-1,00000000000000000000000000000000)  -> (artifact id: '5c34b7bfd05098e82bfaf168cf442f4d') in 0.000538 seconds 
Start importing Assets/Bundle/Environments/Materials/C_WallW.mat using Guid(b1a939b885698328eb034108e1a2acc9) Importer(-1,00000000000000000000000000000000)  -> (artifact id: 'fa9e2f493bf644a5ad17595e09149fe5') in 0.000523 seconds 
Start importing Assets/Bundle/Environments/Materials/C_GlowTable.mat using Guid(f19238d15bdfb9615b51aa7fd2ac7a34) Importer(-1,00000000000000000000000000000000)  -> (artifact id: 'b88b1fe49494faa9b0e7b004004fea5d') in 0.000556 seconds 
Start importing Assets/Bundle/Environments/Materials/S_Rocks0.mat using Guid(f17cc2f68211c1556afee29ed182d65b) Importer(-1,00000000000000000000000000000000)  -> (artifact id: '8dbfa7fd9207ff3532c04adb3ec828f3') in 0.000529 seconds 
Start importing Assets/Bundle/Environments/Materials/C_WallE.mat using Guid(f13d9190514860665b3e9412bc0bd5b8) Importer(-1,00000000000000000000000000000000)  -> (artifact id: 'aea0d98dace49c8913fbac8b5f270653') in 0.000551 seconds 
Start importing Assets/Bundle/Environments/Materials/S_Fern1.mat using Guid(12b082d0fb3c3e7d98ff2f1ef386482d) Importer(-1,00000000000000000000000000000000)  -> (artifact id: '7df7d741593c2f5adf0fd551ca5bd15f') in 0.000564 seconds 
Start importing Assets/Bundle/Environments/Materials/S_GlowEyeR.mat using Guid(22fe4fcf986744a5bbf1e42498a9b4da) Importer(-1,00000000000000000000000000000000)  -> (artifact id: 'f5467eefb8ea5ff9831ada55fde1e1c4') in 0.000554 seconds 
Start importing Assets/Bundle/Environments/Materials/C_Puddle.mat using Guid(52c3bd4690bb53af6ab821116a51b948) Importer(-1,00000000000000000000000000000000)  -> (artifact id: '232925193f4ed4ad51a4b70e5514f1c6') in 0.000535 seconds 
Start importing Assets/Bundle/Environments/Materials/S_Rocks1.mat using Guid(52160c9f8693a3ea8b6b2e81f3c5b853) Importer(-1,00000000000000000000000000000000)  -> (artifact id: 'b524c99f0f1b96b714252b764541d2b4') in 0.000533 seconds 
Start importing Assets/Bundle/Environments/Materials/S_Branches1.mat using Guid(c2c6c6a50a58ec9b3ad59b654a5ee437) Importer(-1,00000000000000000000000000000000)  -> (artifact id: '2da90656683bfe21fe46a32280df9a54') in 0.000532 seconds 
Start importing Assets/Bundle/Environments/Materials/C_Step5.mat using Guid(d22fe80acab99945e9edf51cd76c66ad) Importer(-1,00000000000000000000000000000000)  -> (artifact id: '80fdf88c6bc5a958a20819ebfd0de1ea') in 0.000553 seconds 
Start importing Assets/Bundle/Environments/Materials/C_Crate1.mat using Guid(e207d6d5af285af118c814efd3962e3c) Importer(-1,00000000000000000000000000000000)  -> (artifact id: 'e0124d64d55d207786e986c79041c5f1') in 0.000530 seconds 
Start importing Assets/Bundle/Environments/Materials/C_FlameTable1.mat using Guid(5313749a27a898df489ac9e2454ae326) Importer(-1,00000000000000000000000000000000)  -> (artifact id: '39f0079a1cd671aab0a25f3022484b64') in 0.000522 seconds 
Start importing Assets/Bundle/Environments/Materials/C_Barrel1.mat using Guid(531a3e5a94f72c9659042413452aa7a9) Importer(-1,00000000000000000000000000000000)  -> (artifact id: '175d7cf29521a755e0261898f53a7dec') in 0.000540 seconds 
Start importing Assets/Bundle/Environments/Materials/C_Rat.mat using Guid(6373eb799cfdbe5578b777eafaa4637a) Importer(-1,00000000000000000000000000000000)  -> (artifact id: '871c6d17a180284797f521fa50e7d37c') in 0.000542 seconds 
Start importing Assets/Bundle/Environments/Materials/C_GlowMoon.mat using Guid(83bc8997bb0f0aad8ab8d25a0608cabe) Importer(-1,00000000000000000000000000000000)  -> (artifact id: 'acc9163b9178e750f9a142500f3774fa') in 0.000529 seconds 
Start importing Assets/Bundle/Environments/Materials/S_Root3.mat using Guid(93d020cae1011a69e8ae817048d0a94c) Importer(-1,00000000000000000000000000000000)  -> (artifact id: '7784fb3ca5eacae9a64ea93028a8588c') in 0.000536 seconds 
Start importing Assets/Bundle/Environments/Materials/C_Ceiling.mat using Guid(d3c08ed5e7b36d0f98230b88a765b956) Importer(-1,00000000000000000000000000000000)  -> (artifact id: '8a24c4c34f89b5685fd5ced03e3fc638') in 0.000538 seconds 
Start importing Assets/Bundle/Environments/Materials/C_Jug1.mat using Guid(e30dd528f3292f65fb9461e7c0a8e36d) Importer(-1,00000000000000000000000000000000)  -> (artifact id: '369a6cea3845bd8283ba05984740dfd7') in 0.000522 seconds 
Start importing Assets/Bundle/Environments/Materials/C_Step3.mat using Guid(051ed128bfce5d4e1aa38e14488323fe) Importer(-1,00000000000000000000000000000000)  -> (artifact id: 'ec7bd08015fda2cab69e0dbd1a048f37') in 0.000562 seconds 
Start importing Assets/Bundle/Environments/Materials/C_Shaft.mat using Guid(45335bb5a50061e53aa9465fd2c3f5af) Importer(-1,00000000000000000000000000000000)  -> (artifact id: '9e0a03daab515d5cec08856a2bef40fc') in 0.000536 seconds 
Start importing Assets/Bundle/Environments/Materials/C_Reveal.mat using Guid(753dd4e5c0ac308b6bcc91a200ef8204) Importer(-1,00000000000000000000000000000000)  -> (artifact id: 'c88fbdc5d132fd8f3c36589b06ba9213') in 0.000516 seconds 
Start importing Assets/Bundle/Environments/Materials/C_Floor.mat using Guid(85461414190709fec80de7127bd1cfc2) Importer(-1,00000000000000000000000000000000)  -> (artifact id: 'ffb8bafb7775c3ff7c111a363fab594e') in 0.000523 seconds 
Start importing Assets/Bundle/Environments/Materials/S_GlowEyeL.mat using Guid(858e7ce101a697fcfaf461a591674ead) Importer(-1,00000000000000000000000000000000)  -> (artifact id: '434928bdcedcb6d3b32ed1d89b03d4d8') in 0.000546 seconds 
Start importing Assets/Bundle/Environments/Materials/C_WaxTable.mat using Guid(b580149588b51420393b9f8c00158d01) Importer(-1,00000000000000000000000000000000)  -> (artifact id: 'bd2867800db151ca2006846884f6a312') in 0.000590 seconds 
Start importing Assets/Bundle/Environments/Materials/S_Shrub1.mat using Guid(c53b9b29b87eb48f1a030612ff30985a) Importer(-1,00000000000000000000000000000000)  -> (artifact id: '091e8ccc52c7a793f493896766f9e0f0') in 0.000541 seconds 
Start importing Assets/Bundle/Environments/Materials/C_GlowShelf.mat using Guid(c5fe0ba41492a45279449b8adcacbd20) Importer(-1,00000000000000000000000000000000)  -> (artifact id: '5b6012b321ea5ab3bb1c37fa459d8a88') in 0.000540 seconds 
Start importing Assets/Bundle/Environments/Materials/C_Barrel0.mat using Guid(e5ea629bc4a511df394bbb37d81aa75d) Importer(-1,00000000000000000000000000000000)  -> (artifact id: '0ae0c8db19869ef27a56c7480fcd8306') in 0.000534 seconds 
Start importing Assets/Bundle/Environments/Materials/C_WebStrandA.mat using Guid(9603bcbb27f372ac2bfaaa51a35db722) Importer(-1,00000000000000000000000000000000)  -> (artifact id: 'e6273f55e1023b18ffb1ac933b89ea88') in 0.000557 seconds 
Start importing Assets/Bundle/Environments/Materials/S_Branches0.mat using Guid(a6f80dbf1e3821063843d105132a594c) Importer(-1,00000000000000000000000000000000)  -> (artifact id: '3a7e627733e13946d87f02832016b28e') in 0.000537 seconds 
Start importing Assets/Bundle/Environments/Materials/C_ShaftCap.mat using Guid(07d51113143d4ef4e98b43e355ab08e5) Importer(-1,00000000000000000000000000000000)  -> (artifact id: 'ee6aa35b49d6fd74d0759500864d04fd') in 0.000519 seconds 
Start importing Assets/Bundle/Environments/Materials/S_Axe.mat using Guid(17c713a23dcbac5f39c41a7cf75fb188) Importer(-1,00000000000000000000000000000000)  -> (artifact id: '033c97c667bc8299566dcf3eb74fb93d') in 0.000539 seconds 
Start importing Assets/Bundle/Environments/Materials/S_Stump1.mat using Guid(376b733f62081f3e5a52003835f3787f) Importer(-1,00000000000000000000000000000000)  -> (artifact id: 'bed2e624c0aecee89fd559f94e4ad7c7') in 0.000578 seconds 
Start importing Assets/Bundle/Environments/Materials/C_Barrel2.mat using Guid(97ec6363c74a3ceb2b04b536b399ecc5) Importer(-1,00000000000000000000000000000000)  -> (artifact id: '4eb9ca4c82d9b087c2c666c37166194f') in 0.000528 seconds 
Start importing Assets/Bundle/Environments/Materials/C_Step2.mat using Guid(c7c4ac236039a16e1964ef28723d4458) Importer(-1,00000000000000000000000000000000)  -> (artifact id: '686f87fccbf8d1cba201519fff3acb90') in 0.000547 seconds 
Start importing Assets/Bundle/Environments/Materials/C_Crate2.mat using Guid(c73f55f4fe3fcdde18c78ad2940af569) Importer(-1,00000000000000000000000000000000)  -> (artifact id: '7a21b04698a69590a0109597d54df30a') in 0.000528 seconds 
Start importing Assets/Bundle/Environments/Materials/C_WebWindow.mat using Guid(f77768fae739accf580b004a85879b6d) Importer(-1,00000000000000000000000000000000)  -> (artifact id: '051244dbf0d0206432f8e94aabee6228') in 0.000542 seconds 
Start importing Assets/Bundle/Environments/Materials/C_Step0.mat using Guid(38470075e6a4c7f219ded37272534401) Importer(-1,00000000000000000000000000000000)  -> (artifact id: '6194a57595a0b8a4ce18506687911afc') in 0.000528 seconds 
Start importing Assets/Bundle/Environments/Materials/C_WebCorner.mat using Guid(486f40654e6eadc508f6b948ddc6c9eb) Importer(-1,00000000000000000000000000000000)  -> (artifact id: '7ab9357207db03f155e2afa60ac59458') in 0.000603 seconds 
Start importing Assets/Bundle/Environments/Materials/C_FlameCrate0.mat using Guid(68101618db5d0baa0acef7d7bdd898fa) Importer(-1,00000000000000000000000000000000)  -> (artifact id: 'aa9da923ac7d61cbc39661945773c17d') in 0.000562 seconds 
Start importing Assets/Bundle/Environments/Materials/S_LeanTree.mat using Guid(884661ff9159f806eb8275cc5aac201b) Importer(-1,00000000000000000000000000000000)  -> (artifact id: '933f182f83f3491a31edfd6548ed10b4') in 0.000567 seconds 
Start importing Assets/Bundle/Environments/Materials/C_WebStrandB.mat using Guid(a86003e347f2f041294efb59b929c22d) Importer(-1,00000000000000000000000000000000)  -> (artifact id: '3d06a694b4a732b6af1df77eef723d44') in 0.000558 seconds 
Start importing Assets/Bundle/Environments/Materials/C_WebCornerTop.mat using Guid(09ec7dbbccd7624afadd10384f1e4045) Importer(-1,00000000000000000000000000000000)  -> (artifact id: 'd40a15cd20e8cab4c085b67f6b523e8e') in 0.000524 seconds 
Start importing Assets/Bundle/Environments/Materials/C_Step4.mat using Guid(495c24aaf8140bbe9856dda66fb331a5) Importer(-1,00000000000000000000000000000000)  -> (artifact id: '19f7dbff83091fe04ce959f2eaf2f819') in 0.000553 seconds 
Start importing Assets/Bundle/Environments/Materials/S_Moss3.mat using Guid(5945c48b9c998e4d1bcebfa3438ddacd) Importer(-1,00000000000000000000000000000000)  -> (artifact id: 'c032b523a3e4200f5dd6000f7458b766') in 0.000542 seconds 
Start importing Assets/Bundle/Environments/Materials/C_Stonework.mat using Guid(6976b210610c554239e6d2112c57ff82) Importer(-1,00000000000000000000000000000000)  -> (artifact id: 'ce9aa94204f35ea1f4f8bb93c3077f42') in 0.000611 seconds 
Start importing Assets/Bundle/Environments/Materials/S_Log1.mat using Guid(7905558766d9d64adb05d4a7dc687445) Importer(-1,00000000000000000000000000000000)  -> (artifact id: '34414333d1730f92099ba7ae05ee9c1f') in 0.000550 seconds 
Start importing Assets/Bundle/Environments/Materials/S_Stump0.mat using Guid(9928970a4a3785a14a77fca6bb3cdde7) Importer(-1,00000000000000000000000000000000)  -> (artifact id: '7ff66f34f94036491ddd4d931cfa7bf3') in 0.000546 seconds 
Start importing Assets/Bundle/Environments/Materials/C_Shelf.mat using Guid(b9123b6c13d778197bc6c15b8a32eb05) Importer(-1,00000000000000000000000000000000)  -> (artifact id: 'fcdd2a5b7c6d8e93b93c7488bbb0e05f') in 0.000534 seconds 
Start importing Assets/Bundle/Environments/Materials/S_Moss0.mat using Guid(b96f653b6c8b25240aedde6402126333) Importer(-1,00000000000000000000000000000000)  -> (artifact id: '0e751b819c98d9aa2e08e48fe3a7995c') in 0.000521 seconds 
Start importing Assets/Bundle/Environments/Materials/S_Fern2.mat using Guid(e936d00b06b39c617a0068df0632cdfc) Importer(-1,00000000000000000000000000000000)  -> (artifact id: '3c94987bcb12346d7f604b6fb12bb513') in 0.000548 seconds 
Start importing Assets/Bundle/Environments/Materials/C_FlameCrate1.mat using Guid(0a8f1b90507e5df74aebd4af699796b0) Importer(-1,00000000000000000000000000000000)  -> (artifact id: '8c1b7b9f3f281f5462434e54c724bb7d') in 0.000543 seconds 
Start importing Assets/Bundle/Environments/Materials/C_Jug0.mat using Guid(1a9eb8faf1869a6e296f42164e7573ad) Importer(-1,00000000000000000000000000000000)  -> (artifact id: 'c196b929d4837cd5d3b4c1dafabbcc07') in 0.000525 seconds 
Start importing Assets/Bundle/Environments/Materials/S_Rocks2.mat using Guid(1a3f16b4a4784c7b5bb0943fb67f70c1) Importer(-1,00000000000000000000000000000000)  -> (artifact id: '2f4e447459e1defd56476ddc890d218f') in 0.000564 seconds 
Start importing Assets/Bundle/Environments/Materials/C_WaxCrate.mat using Guid(6a2f2e6b618ec4d59b639d2d14e86b06) Importer(-1,00000000000000000000000000000000)  -> (artifact id: 'ccbd293d99f7e60c67a2d6b613b1164e') in 0.000592 seconds 
Start importing Assets/Bundle/Environments/Materials/C_Step1.mat using Guid(7afd9522f2ca2e6ff8e5393da5a28c25) Importer(-1,00000000000000000000000000000000)  -> (artifact id: 'd9c6e2ed33317b24b852e3cde059b4ef') in 0.000529 seconds 
Start importing Assets/Bundle/Environments/Materials/S_Shaft.mat using Guid(9a5a5c8921ad4387c97f7654c69ebbc4) Importer(-1,00000000000000000000000000000000)  -> (artifact id: 'dba56b35dbc5c723e7870147b539310b') in 0.000545 seconds 
Start importing Assets/Bundle/Environments/Materials/C_MoonPool.mat using Guid(ba40d8b9a37c6209db7efd5b4e83752e) Importer(-1,00000000000000000000000000000000)  -> (artifact id: '85bd5b0e4a2d95b34381264607690d20') in 0.000523 seconds 
Start importing Assets/Bundle/Environments/Materials/C_Table.mat using Guid(ca6b4f0d37a29a44988c7d4e1535a2c6) Importer(-1,00000000000000000000000000000000)  -> (artifact id: '93f85f4e556a8405c390cda875e27b8b') in 0.000518 seconds 
Start importing Assets/Bundle/Environments/Materials/C_WallN.mat using Guid(da577f65bfed29def8799b4070092883) Importer(-1,00000000000000000000000000000000)  -> (artifact id: '6af98661ee342654907f2a77aa834756') in 0.000553 seconds 
Start importing Assets/Bundle/Environments/Materials/S_GlowLantern.mat using Guid(3bcb0a15027f18c33afe452996967745) Importer(-1,00000000000000000000000000000000)  -> (artifact id: '00b6b7ed202f652e1ab023e9a56ed9cf') in 0.000526 seconds 
Start importing Assets/Bundle/Environments/Materials/C_Bucket.mat using Guid(3b1cae4dbae2eeec7a78ec811f81f509) Importer(-1,00000000000000000000000000000000)  -> (artifact id: 'e3455245007aa87f9080989c7eb02f62') in 0.000518 seconds 
Start importing Assets/Bundle/Environments/Materials/S_Shrub2.mat using Guid(6bb033d24dd2986f4bebfc2bbcc86273) Importer(-1,00000000000000000000000000000000)  -> (artifact id: '20d5bc0c3f99b54b27bf0ee743cdc6ab') in 0.000609 seconds 
Start importing Assets/Bundle/Environments/Materials/S_GlowFar.mat using Guid(bba1157bbb1efcf2da4b3999fae073b2) Importer(-1,00000000000000000000000000000000)  -> (artifact id: '05b0ab16f5cd19ffba64e981ade60efb') in 0.000534 seconds 
Start importing Assets/Bundle/Environments/Materials/C_GlowCrate.mat using Guid(bb9f8867645caa8aa9e20bdb951d8bf7) Importer(-1,00000000000000000000000000000000)  -> (artifact id: '5f131899fc3934c0143dcf2fd6645caf') in 0.000524 seconds 
Start importing Assets/Bundle/Environments/Materials/S_TrunkA.mat using Guid(dbd5078a6b147b5a1964427622ac7d53) Importer(-1,00000000000000000000000000000000)  -> (artifact id: 'f11fe9816fdaaa890f305c4889f2b755') in 0.000545 seconds 
Start importing Assets/Bundle/Environments/Materials/C_FlameTable2.mat using Guid(eba7bcdd988c6b7e1b8c12015f3459d3) Importer(-1,00000000000000000000000000000000)  -> (artifact id: 'd0aa2c8c585d992869c300e11b4bb1da') in 0.000554 seconds 
Start importing Assets/Bundle/Environments/Materials/S_Grass1.mat using Guid(0cef51504e572ea3abd4e80a47e21258) Importer(-1,00000000000000000000000000000000)  -> (artifact id: '291e7f6dd53f221e4ab04d33f727faaa') in 0.000544 seconds 
Start importing Assets/Bundle/Environments/Materials/C_FlameTable0.mat using Guid(1c3ed87c05381fc78bff163ee86cdbd5) Importer(-1,00000000000000000000000000000000)  -> (artifact id: 'a4441a7013de89f7ff9a17b5ccb87bdc') in 0.000584 seconds 
Start importing Assets/Bundle/Environments/Materials/S_Fern0.mat using Guid(3c3235380aec97330b5d7152f2392421) Importer(-1,00000000000000000000000000000000)  -> (artifact id: '243a6af8abcb12870f39a5a00e48dbe0') in 0.000541 seconds 
Start importing Assets/Bundle/Environments/Materials/C_WallS.mat using Guid(4c365df11a45e9d048e720fdd3776ade) Importer(-1,00000000000000000000000000000000)  -> (artifact id: '2a3e4bb47210e59686402c0f4030b364') in 0.000521 seconds 
Start importing Assets/Bundle/Environments/Materials/C_Bars.mat using Guid(4cee79cc8c16b1f4d894b4bdd8e124a7) Importer(-1,00000000000000000000000000000000)  -> (artifact id: '5a1a238c2f463c08470e553d9d9ce79e') in 0.000549 seconds 
Start importing Assets/Bundle/Environments/Materials/C_MoonPoolAir.mat using Guid(9c296fa6c58bc1ac1abb2a82a14f1f40) Importer(-1,00000000000000000000000000000000)  -> (artifact id: 'a6a6efad20c23f0cc26d4af990b208b7') in 0.000544 seconds 
Start importing Assets/Bundle/Environments/Materials/C_WebShelf.mat using Guid(fc7f1fed95d666e2d86db660fecfeced) Importer(-1,00000000000000000000000000000000)  -> (artifact id: 'e369a969ef48799bebd997f0d11176ee') in 0.000529 seconds 
Start importing Assets/Bundle/Environments/Materials/S_Log0.mat using Guid(0d0eecf62d6b40f03b98cd385b3141da) Importer(-1,00000000000000000000000000000000)  -> (artifact id: 'aa46bc4a68c1dd7b3820e2cac1a214ed') in 0.000588 seconds 
Start importing Assets/Bundle/Environments/Materials/C_Stool.mat using Guid(1d200edb64c405a3fb74f5920e5b87e8) Importer(-1,00000000000000000000000000000000)  -> (artifact id: 'c67b6d6639d509e67c4556aeaea8c1ff') in 0.000552 seconds 
Start importing Assets/Bundle/Environments/Materials/S_Grass0.mat using Guid(1d8512099227f9d96b2bf5ae913c6402) Importer(-1,00000000000000000000000000000000)  -> (artifact id: '2c6290a4a51b0519a5522aad25533d09') in 0.000563 seconds 
Start importing Assets/Bundle/Environments/Materials/S_Crate.mat using Guid(5da050b45d84c8e438f9470046bf98af) Importer(-1,00000000000000000000000000000000)  -> (artifact id: '5e85ab795907006b5a1e549d2e65e1e7') in 0.000541 seconds 
Start importing Assets/Bundle/Environments/Materials/S_GlowWisp.mat using Guid(7dc4842a1d386b3f39dd5969bfa0e308) Importer(-1,00000000000000000000000000000000)  -> (artifact id: 'd9aa117298d7fdf40bd33ad2817943cb') in 0.000527 seconds 
Start importing Assets/Bundle/Environments/Materials/C_FlameShelf0.mat using Guid(dd9a90b29ed31b05bb65c050e65deb4b) Importer(-1,00000000000000000000000000000000)  -> (artifact id: '556068af37bcdb4a0cc1584c2410ab9b') in 0.000539 seconds 
Start importing Assets/Bundle/Environments/Materials/C_MoonShaft.mat using Guid(edd2403c19d280ee68a5f02dbd8942d7) Importer(-1,00000000000000000000000000000000)  -> (artifact id: 'aa31e174e014c27d10cdd50ffd58be48') in 0.000523 seconds 
Start importing Assets/Bundle/Environments/Materials/C_WebStrandC.mat using Guid(5e19a2536a5a29146b343f5fd546847a) Importer(-1,00000000000000000000000000000000)  -> (artifact id: '93e1f42b1cbb4e65213ae7e4512b4242') in 0.000550 seconds 
Start importing Assets/Bundle/Environments/Materials/S_Moss1.mat using Guid(6e050eb78f7d27e41969cb070ea3428a) Importer(-1,00000000000000000000000000000000)  -> (artifact id: '5aee2a7305bcb12592e4185f92d25b1b') in 0.000533 seconds 
Start importing Assets/Bundle/Environments/Materials/C_Eyes.mat using Guid(3f0fc6c71515d940ba52cd4abf2b218e) Importer(-1,00000000000000000000000000000000)  -> (artifact id: '17ae5be9f510d706380bf8da2f7d20b9') in 0.000536 seconds 
Start importing Assets/Bundle/Environments/Materials/S_Moss2.mat using Guid(afb0b8ed52b0bd7738fefabee72986cb) Importer(-1,00000000000000000000000000000000)  -> (artifact id: '308166cee85857ca83a2423c71509430') in 0.000898 seconds 
Start importing Assets/Bundle/Environments/Materials/C_Drip.mat using Guid(af27693ed2a031b6bbe8e8623dda557e) Importer(-1,00000000000000000000000000000000)  -> (artifact id: '4c162f1891566c228d91001420f3880e') in 0.000629 seconds 
Start importing Assets/Bundle/Environments/Materials/C_Crate0.mat using Guid(df8a220e7ec464952bcb4fa9c97ee612) Importer(-1,00000000000000000000000000000000)  -> (artifact id: '50f2356bc60210bd158b83cf0406833c') in 0.000557 seconds 
Start importing Assets/Bundle/Environments/Materials/S_Root2.mat using Guid(df7ca1c3b45e9c594ad9a8a7d9f269a4) Importer(-1,00000000000000000000000000000000)  -> (artifact id: '0e0d42b9738c73bad1c476225cf719a0') in 0.000549 seconds 
Start importing Assets/Bundle/Environments/Meshes/Env_C_Timber.asset using Guid(f068448f91813541babdfc331bc70599) Importer(-1,00000000000000000000000000000000)  -> (artifact id: 'e7f46e2ac0c4e37e0352cc2b38a0b3ca') in 0.000650 seconds 
Start importing Assets/Bundle/Environments/Meshes/Env_C_StrandA.asset using Guid(116aa5cbdc8d4a6f5b9b31e77236b2d6) Importer(-1,00000000000000000000000000000000)  -> (artifact id: '53804ddf69b9d790fce80248bcfce4ba') in 0.000525 seconds 
Start importing Assets/Bundle/Environments/Meshes/Env_C_WebWindow.asset using Guid(410132400f2bac392a7c48fa175b9075) Importer(-1,00000000000000000000000000000000)  -> (artifact id: 'e8a48ff0947288cd46cb7f0c28dfde6b') in 0.000576 seconds 
Start importing Assets/Bundle/Environments/Meshes/Env_S_Ground.asset using Guid(5130d6ba718ebcbe2ba1df3f7c0f9f7a) Importer(-1,00000000000000000000000000000000)  -> (artifact id: '6981dc708c8fe1ad5d96885387e9bc46') in 0.001511 seconds 
Start importing Assets/Bundle/Environments/Meshes/Env_S_TrunkA.asset using Guid(61db4a72eebc4e438acc901e63493cff) Importer(-1,00000000000000000000000000000000)  -> (artifact id: '0fcb2833599dd4147eeb18e4739e6235') in 0.001227 seconds 
Start importing Assets/Bundle/Environments/Meshes/Env_C_WebShelf.asset using Guid(227f4284e6acaf230acab3151ad93b52) Importer(-1,00000000000000000000000000000000)  -> (artifact id: '39fc275777f9115115b78aa90946983a') in 0.000523 seconds 
Start importing Assets/Bundle/Environments/Meshes/Env_C_Shaft.asset using Guid(92dec7ea942fa9c89b7bbe86baf7b9cf) Importer(-1,00000000000000000000000000000000)  -> (artifact id: 'c13b353263256d5ef31598582f3d4048') in 0.000538 seconds 
Start importing Assets/Bundle/Environments/Meshes/Env_S_Shafts.asset using Guid(b2ce7ce95572b4652bbf8f49427deb3d) Importer(-1,00000000000000000000000000000000)  -> (artifact id: '703f48944396ec25d67c22702cfbb84c') in 0.000517 seconds 
Start importing Assets/Bundle/Environments/Meshes/Env_C_StrandC.asset using Guid(e28b6b3be900382bab37deb1de5a77aa) Importer(-1,00000000000000000000000000000000)  -> (artifact id: '07790195a0ee2a543a701854117d0b40') in 0.000632 seconds 
Start importing Assets/Bundle/Environments/Meshes/Env_S_TrunkB.asset using Guid(c3f049139de4c0440abcf9208b2b09f0) Importer(-1,00000000000000000000000000000000)  -> (artifact id: '5a0e6006f362a02b549cc688cc07f90f') in 0.001396 seconds 
Start importing Assets/Bundle/Environments/Meshes/Env_C_Stonework.asset using Guid(740902dcab4a1692f9031e1a67872e1e) Importer(-1,00000000000000000000000000000000)  -> (artifact id: 'af246e636cd1a9926e1f88b3cd9cc0bf') in 0.001239 seconds 
Start importing Assets/Bundle/Environments/Meshes/Env_C_WallE.asset using Guid(e4ac7311e59b5e1e2b69caf8388ce1de) Importer(-1,00000000000000000000000000000000)  -> (artifact id: 'e8a735bb9ffd59a24264a27237dcce0b') in 0.000696 seconds 
Start importing Assets/Bundle/Environments/Meshes/Env_C_Reveal.asset using Guid(f45234e8c26dd1700b6fda8fd5c970a9) Importer(-1,00000000000000000000000000000000)  -> (artifact id: 'aa5a4798a51aa525589a6a12e530e0b8') in 0.000484 seconds 
Start importing Assets/Bundle/Environments/Meshes/Env_C_Bars.asset using Guid(85cdbb529db5c0c42924cf9f803b21f5) Importer(-1,00000000000000000000000000000000)  -> (artifact id: '87a4e6d4a5ad3923ee07c93e3ceb0cb2') in 0.000518 seconds 
Start importing Assets/Bundle/Environments/Meshes/Env_C_WebCornerTop.asset using Guid(c57e0caa296e2e86aa35745c37e68da1) Importer(-1,00000000000000000000000000000000)  -> (artifact id: '392425c02142f1960d263d757fb1acca') in 0.000524 seconds 
Start importing Assets/Bundle/Environments/Meshes/Env_C_Rat.asset using Guid(d61fea95a25008146a828fb3e3fec2ac) Importer(-1,00000000000000000000000000000000)  -> (artifact id: '7bac268f114d951394f1f10c98b3193d') in 0.000603 seconds 
Start importing Assets/Bundle/Environments/Meshes/Env_C_ShaftCap.asset using Guid(37b81780d6d04a9bfac6bc8a2fd3a749) Importer(-1,00000000000000000000000000000000)  -> (artifact id: '01c442a6483cd4736ab74637c7170f58') in 0.000521 seconds 
Start importing Assets/Bundle/Environments/Meshes/Env_C_MoonPoolAir.asset using Guid(974cc930d6438ef6da00a7514e9c3846) Importer(-1,00000000000000000000000000000000)  -> (artifact id: '8c87eed0113030c1ffbbaf60581ddfe2') in 0.000519 seconds 
Start importing Assets/Bundle/Environments/Meshes/Env_Flame.asset using Guid(d72c3e6d0e13ff6b89ad88ceb01f2a79) Importer(-1,00000000000000000000000000000000)  -> (artifact id: 'cb6d4e361339dae36d11ce6caf95c914') in 0.000478 seconds 
Start importing Assets/Bundle/Environments/Meshes/Env_C_WaxCrate.asset using Guid(b8e34a4edce3916098cb7dfb26dc4718) Importer(-1,00000000000000000000000000000000)  -> (artifact id: '9600869a33696f876b6dcf235aecee22') in 0.000551 seconds 
Start importing Assets/Bundle/Environments/Meshes/Env_C_WaxTable.asset using Guid(c8ebd0d99ec9cd2f7b87c355d5b6faf2) Importer(-1,00000000000000000000000000000000)  -> (artifact id: '8d217634f2e0e7536e45500e68e73240') in 0.000553 seconds 
Start importing Assets/Bundle/Environments/Meshes/Env_C_StrandB.asset using Guid(198380c7e305a5f1994aab53089c6b44) Importer(-1,00000000000000000000000000000000)  -> (artifact id: 'cbf01ba1d5094b59454c9dba320cd0db') in 0.000476 seconds 
Start importing Assets/Bundle/Environments/Meshes/Env_C_WaxShelf.asset using Guid(49afb40c7371b31c1aff268df2631749) Importer(-1,00000000000000000000000000000000)  -> (artifact id: '2e7677138538a3af5e0a9ce7c0e37ddd') in 0.000494 seconds 
Start importing Assets/Bundle/Environments/Meshes/Env_C_WallW.asset using Guid(69a0351b8ce84ecd9a4af84be24cdd41) Importer(-1,00000000000000000000000000000000)  -> (artifact id: '26171749d7e0768a3532a9b4c1837782') in 0.000707 seconds 
Start importing Assets/Bundle/Environments/Meshes/Env_S_Canopy.asset using Guid(99c6e4ce6b67db01d92b937254114066) Importer(-1,00000000000000000000000000000000)  -> (artifact id: '06badf3ef98199bd8bcb8e745b0059bd') in 0.005615 seconds 
Start importing Assets/Bundle/Environments/Meshes/Env_C_MoonShaft.asset using Guid(4a05a726809de51709ba2896c1e11d2e) Importer(-1,00000000000000000000000000000000)  -> (artifact id: '44a553a1cb02af4ae2088fe5d2decde2') in 0.000577 seconds 
Start importing Assets/Bundle/Environments/Meshes/Env_C_WallS.asset using Guid(9b68be57b4b2bb6dab91ac1e951c82c5) Importer(-1,00000000000000000000000000000000)  -> (artifact id: '3b05f53c209a013ccd71f5cbfe3d5b33') in 0.000754 seconds 
Start importing Assets/Bundle/Environments/Meshes/Env_C_MoonPool.asset using Guid(eb78c68a1702530fc8d88bd8178db6fa) Importer(-1,00000000000000000000000000000000)  -> (artifact id: 'cdf1aa93850335a1bfe5a0bc64090826') in 0.000532 seconds 
Start importing Assets/Bundle/Environments/Meshes/Env_C_Drip.asset using Guid(bcb79ffc72b597d569df5104e37bbdbf) Importer(-1,00000000000000000000000000000000)  -> (artifact id: '85b843db52144de2b1cdbdf9e24c2725') in 0.000513 seconds 
Start importing Assets/Bundle/Environments/Meshes/Env_C_Ceil.asset using Guid(2df9693cd1f7b6235a70791ff967f7f4) Importer(-1,00000000000000000000000000000000)  -> (artifact id: 'c52c6c3a9fb5eb0c0ac6eb604db443f2') in 0.000588 seconds 
Start importing Assets/Bundle/Environments/Meshes/Env_C_WallN.asset using Guid(5e856db509654b2b4b5f6c5c1fa3d206) Importer(-1,00000000000000000000000000000000)  -> (artifact id: 'fbcebe6c72ba55d0fa94393cad7db854') in 0.000741 seconds 
Start importing Assets/Bundle/Environments/Meshes/Env_C_WebCorner.asset using Guid(ee78ffcd88ce3a1dfb3f6b7498dfa74c) Importer(-1,00000000000000000000000000000000)  -> (artifact id: '20925d84001adc0a0f2c76659601ae8b') in 0.000503 seconds 
Start importing Assets/Bundle/Environments/Meshes/Env_C_Floor.asset using Guid(6fec9ae4e2c86018cbac6e65f760d317) Importer(-1,00000000000000000000000000000000)  -> (artifact id: 'a34ad1dccbddc7b3663cb48eafc451d0') in 0.001179 seconds 
Start importing Assets/Bundle/Environments/Meshes/Env_C_Puddle.asset using Guid(bf019806875ff492da507bdd1753b76d) Importer(-1,00000000000000000000000000000000)  -> (artifact id: 'd289b28f89ce1bec846fb8192768c9a4') in 0.000588 seconds 
Start importing Assets/Bundle/Environments/Meshes/Env_C_Step.asset using Guid(ef8fcad377f111d1f909644b7b6dee7e) Importer(-1,00000000000000000000000000000000)  -> (artifact id: '176d598dd4e710a68db08da5cf60fd4a') in 0.000491 seconds 
Refreshing native plugins compatible for Editor in 0.28 ms, found 0 plugins.
Preloading 0 native plugins for Editor in 0.00 ms.
ArgumentException: Invalid value of 'activeInputHandler' setting: -1
  at UnityEngine.InputSystem.Editor.EditorPlayerSettingHelpers.ActiveInputHandlerToTuple (System.Int32 value) [0x0002e] in /home/claw/gloomhaven_vr/unity/GloomhavenVR.Assets/Library/PackageCache/com.unity.inputsystem@1.7.0/InputSystem/Editor/Settings/EditorPlayerSettingHelpers.cs:124 
  at UnityEngine.InputSystem.Editor.EditorPlayerSettingHelpers.get_newSystemBackendsEnabled () [0x0000b] in /home/claw/gloomhaven_vr/unity/GloomhavenVR.Assets/Library/PackageCache/com.unity.inputsystem@1.7.0/InputSystem/Editor/Settings/EditorPlayerSettingHelpers.cs:20 
  at UnityEngine.InputSystem.InputSystem.InitializeInEditor (UnityEngine.InputSystem.LowLevel.IInputRuntime runtime) [0x00177] in /home/claw/gloomhaven_vr/unity/GloomhavenVR.Assets/Library/PackageCache/com.unity.inputsystem@1.7.0/InputSystem/InputSystem.cs:3463 
  at UnityEngine.InputSystem.InputSystem..cctor () [0x00000] in /home/claw/gloomhaven_vr/unity/GloomhavenVR.Assets/Library/PackageCache/com.unity.inputsystem@1.7.0/InputSystem/InputSystem.cs:3366 
Rethrow as TypeInitializationException: The type initializer for 'UnityEngine.InputSystem.InputSystem' threw an exception.
  at UnityEngine.InputSystem.LowLevel.NativeInputRuntime.OnProjectChanged () [0x00000] in /home/claw/gloomhaven_vr/unity/GloomhavenVR.Assets/Library/PackageCache/com.unity.inputsystem@1.7.0/InputSystem/NativeInputRuntime.cs:348 
  at UnityEditor.EditorApplication.Internal_CallProjectHasChanged () [0x00028] in /home/bokken/buildslave/unity/build/Editor/Mono/EditorApplication.cs:403 
UnityEditor.AssetDatabase:SaveAssets()
GloomhavenVR.EnvironmentsBuilder:Build() (at Assets/Editor/BuildEnvironments.cs:134)
GloomhavenVR.EnvironmentsBuilder:BuildAll() (at Assets/Editor/BuildEnvironments.cs:112)

(Filename: /home/bokken/buildslave/unity/build/Editor/Mono/EditorApplication.cs Line: 403)

Asset Pipeline Refresh: Total: 0.134 seconds - Initiated by StopAssetImportingV2(NoUpdateAssetOptions)
Registering precompiled user dll's ...
Registered in 0.001529 seconds.
Refreshing native plugins compatible for Editor in 0.25 ms, found 0 plugins.
Preloading 0 native plugins for Editor in 0.00 ms.
ArgumentException: Invalid value of 'activeInputHandler' setting: -1
  at UnityEngine.InputSystem.Editor.EditorPlayerSettingHelpers.ActiveInputHandlerToTuple (System.Int32 value) [0x0002e] in /home/claw/gloomhaven_vr/unity/GloomhavenVR.Assets/Library/PackageCache/com.unity.inputsystem@1.7.0/InputSystem/Editor/Settings/EditorPlayerSettingHelpers.cs:124 
  at UnityEngine.InputSystem.Editor.EditorPlayerSettingHelpers.get_newSystemBackendsEnabled () [0x0000b] in /home/claw/gloomhaven_vr/unity/GloomhavenVR.Assets/Library/PackageCache/com.unity.inputsystem@1.7.0/InputSystem/Editor/Settings/EditorPlayerSettingHelpers.cs:20 
  at UnityEngine.InputSystem.InputSystem.InitializeInEditor (UnityEngine.InputSystem.LowLevel.IInputRuntime runtime) [0x00177] in /home/claw/gloomhaven_vr/unity/GloomhavenVR.Assets/Library/PackageCache/com.unity.inputsystem@1.7.0/InputSystem/InputSystem.cs:3463 
  at UnityEngine.InputSystem.InputSystem..cctor () [0x00000] in /home/claw/gloomhaven_vr/unity/GloomhavenVR.Assets/Library/PackageCache/com.unity.inputsystem@1.7.0/InputSystem/InputSystem.cs:3366 
Rethrow as TypeInitializationException: The type initializer for 'UnityEngine.InputSystem.InputSystem' threw an exception.
  at UnityEngine.InputSystem.LowLevel.NativeInputRuntime.OnProjectChanged () [0x00000] in /home/claw/gloomhaven_vr/unity/GloomhavenVR.Assets/Library/PackageCache/com.unity.inputsystem@1.7.0/InputSystem/NativeInputRuntime.cs:348 
  at UnityEditor.EditorApplication.Internal_CallProjectHasChanged () [0x00028] in /home/bokken/buildslave/unity/build/Editor/Mono/EditorApplication.cs:403 
UnityEditor.AssetDatabase:DeleteAsset(String)
GloomhavenVR.EnvironmentsBuilder:PruneUnreferenced() (at Assets/Editor/BuildEnvironments.cs:159)
GloomhavenVR.EnvironmentsBuilder:Build() (at Assets/Editor/BuildEnvironments.cs:135)
GloomhavenVR.EnvironmentsBuilder:BuildAll() (at Assets/Editor/BuildEnvironments.cs:112)

(Filename: /home/bokken/buildslave/unity/build/Editor/Mono/EditorApplication.cs Line: 403)

Asset Pipeline Refresh: Total: 0.009 seconds - Initiated by StopAssetImportingV2(NoUpdateAssetOptions)
[GloomhavenVR][Env] pruned unreferenced Assets/Bundle/Environments/Materials/S_Roots0.mat
UnityEngine.StackTraceUtility:ExtractStackTrace () (at /home/bokken/buildslave/unity/build/Runtime/Export/Scripting/StackTrace.cs:37)
UnityEngine.DebugLogHandler:LogFormat (UnityEngine.LogType,UnityEngine.Object,string,object[])
UnityEngine.Logger:Log (UnityEngine.LogType,object)
UnityEngine.Debug:Log (object)
GloomhavenVR.EnvironmentsBuilder:PruneUnreferenced () (at Assets/Editor/BuildEnvironments.cs:160)
GloomhavenVR.EnvironmentsBuilder:Build () (at Assets/Editor/BuildEnvironments.cs:135)
GloomhavenVR.EnvironmentsBuilder:BuildAll () (at Assets/Editor/BuildEnvironments.cs:112)

(Filename: Assets/Editor/BuildEnvironments.cs Line: 160)

Registering precompiled user dll's ...
Registered in 0.001516 seconds.
Refreshing native plugins compatible for Editor in 0.23 ms, found 0 plugins.
Preloading 0 native plugins for Editor in 0.00 ms.
ArgumentException: Invalid value of 'activeInputHandler' setting: -1
  at UnityEngine.InputSystem.Editor.EditorPlayerSettingHelpers.ActiveInputHandlerToTuple (System.Int32 value) [0x0002e] in /home/claw/gloomhaven_vr/unity/GloomhavenVR.Assets/Library/PackageCache/com.unity.inputsystem@1.7.0/InputSystem/Editor/Settings/EditorPlayerSettingHelpers.cs:124 
  at UnityEngine.InputSystem.Editor.EditorPlayerSettingHelpers.get_newSystemBackendsEnabled () [0x0000b] in /home/claw/gloomhaven_vr/unity/GloomhavenVR.Assets/Library/PackageCache/com.unity.inputsystem@1.7.0/InputSystem/Editor/Settings/EditorPlayerSettingHelpers.cs:20 
  at UnityEngine.InputSystem.InputSystem.InitializeInEditor (UnityEngine.InputSystem.LowLevel.IInputRuntime runtime) [0x00177] in /home/claw/gloomhaven_vr/unity/GloomhavenVR.Assets/Library/PackageCache/com.unity.inputsystem@1.7.0/InputSystem/InputSystem.cs:3463 
  at UnityEngine.InputSystem.InputSystem..cctor () [0x00000] in /home/claw/gloomhaven_vr/unity/GloomhavenVR.Assets/Library/PackageCache/com.unity.inputsystem@1.7.0/InputSystem/InputSystem.cs:3366 
Rethrow as TypeInitializationException: The type initializer for 'UnityEngine.InputSystem.InputSystem' threw an exception.
  at UnityEngine.InputSystem.LowLevel.NativeInputRuntime.OnProjectChanged () [0x00000] in /home/claw/gloomhaven_vr/unity/GloomhavenVR.Assets/Library/PackageCache/com.unity.inputsystem@1.7.0/InputSystem/NativeInputRuntime.cs:348 
  at UnityEditor.EditorApplication.Internal_CallProjectHasChanged () [0x00028] in /home/bokken/buildslave/unity/build/Editor/Mono/EditorApplication.cs:403 
UnityEditor.AssetDatabase:DeleteAsset(String)
GloomhavenVR.EnvironmentsBuilder:PruneUnreferenced() (at Assets/Editor/BuildEnvironments.cs:159)
GloomhavenVR.EnvironmentsBuilder:Build() (at Assets/Editor/BuildEnvironments.cs:135)
GloomhavenVR.EnvironmentsBuilder:BuildAll() (at Assets/Editor/BuildEnvironments.cs:112)

(Filename: /home/bokken/buildslave/unity/build/Editor/Mono/EditorApplication.cs Line: 403)

Asset Pipeline Refresh: Total: 0.009 seconds - Initiated by StopAssetImportingV2(NoUpdateAssetOptions)
[GloomhavenVR][Env] pruned unreferenced Assets/Bundle/Environments/Materials/S_Roots1.mat
UnityEngine.StackTraceUtility:ExtractStackTrace () (at /home/bokken/buildslave/unity/build/Runtime/Export/Scripting/StackTrace.cs:37)
UnityEngine.DebugLogHandler:LogFormat (UnityEngine.LogType,UnityEngine.Object,string,object[])
UnityEngine.Logger:Log (UnityEngine.LogType,object)
UnityEngine.Debug:Log (object)
GloomhavenVR.EnvironmentsBuilder:PruneUnreferenced () (at Assets/Editor/BuildEnvironments.cs:160)
GloomhavenVR.EnvironmentsBuilder:Build () (at Assets/Editor/BuildEnvironments.cs:135)
GloomhavenVR.EnvironmentsBuilder:BuildAll () (at Assets/Editor/BuildEnvironments.cs:112)

(Filename: Assets/Editor/BuildEnvironments.cs Line: 160)

Asset Pipeline Refresh: Total: 0.014 seconds - Initiated by RefreshV2(NoUpdateAssetOptions)
[GloomhavenVR][Env] Prune: 2 orphan asset(s) removed, 235 referenced.
UnityEngine.StackTraceUtility:ExtractStackTrace () (at /home/bokken/buildslave/unity/build/Runtime/Export/Scripting/StackTrace.cs:37)
UnityEngine.DebugLogHandler:LogFormat (UnityEngine.LogType,UnityEngine.Object,string,object[])
UnityEngine.Logger:Log (UnityEngine.LogType,object)
UnityEngine.Debug:Log (object)
GloomhavenVR.EnvironmentsBuilder:PruneUnreferenced () (at Assets/Editor/BuildEnvironments.cs:164)
GloomhavenVR.EnvironmentsBuilder:Build () (at Assets/Editor/BuildEnvironments.cs:135)
GloomhavenVR.EnvironmentsBuilder:BuildAll () (at Assets/Editor/BuildEnvironments.cs:112)

(Filename: Assets/Editor/BuildEnvironments.cs Line: 164)

[GloomhavenVR][Env] BuildAll OK
UnityEngine.StackTraceUtility:ExtractStackTrace () (at /home/bokken/buildslave/unity/build/Runtime/Export/Scripting/StackTrace.cs:37)
UnityEngine.DebugLogHandler:LogFormat (UnityEngine.LogType,UnityEngine.Object,string,object[])
UnityEngine.Logger:Log (UnityEngine.LogType,object)
UnityEngine.Debug:Log (object)
GloomhavenVR.EnvironmentsBuilder:BuildAll () (at Assets/Editor/BuildEnvironments.cs:113)

(Filename: Assets/Editor/BuildEnvironments.cs Line: 113)

AcceleratorClientConnectionCallback - disconnected - :0
Cleanup mono
debugger-agent: Unable to listen on 48
[Performance] Application.InitializeProject                                                                                                                :        1 samples, Peak.  3.32 s (1.0x), Avg.  3.32 s, Total. 3.322 s (24.1%)
[Performance] Application.PackageManager.StartServer                                                                                                       :        1 samples, Peak.   772 us (1.0x), Avg.   772 us, Total. 772.0 us (0.0%)
[Performance] Application.AcquireProjectLock                                                                                                               :        1 samples, Peak.  1.43 ms (1.0x), Avg.  1.43 ms, Total. 1.432 ms (0.0%)
[Performance] Application.InitializeEngineNoGraphics                                                                                                       :        1 samples, Peak.  40.5 ms (1.0x), Avg.  40.5 ms, Total. 40.52 ms (0.3%)
[Performance] Application.PackageManager.Initialize                                                                                                        :        1 samples, Peak.   416 ms (1.0x), Avg.   416 ms, Total. 415.6 ms (3.0%)
[Performance] CurlRequestCheck                                                                                                                             :        9 samples, Peak.  59.2 us (3.0x), Avg.  19.9 us, Total. 178.8 us (0.0%)
[Performance] Application.EngineGraphics.Initialize                                                                                                        :        1 samples, Peak.  17.7 ms (1.0x), Avg.  17.7 ms, Total. 17.74 ms (0.1%)
[Performance] Application.GI.Initialize                                                                                                                    :        1 samples, Peak.  1.20 ms (1.0x), Avg.  1.20 ms, Total. 1.195 ms (0.0%)
[Performance] Application.LoadAllDefaultResourcesFromEditor                                                                                                :        1 samples, Peak.  1.84 ms (1.0x), Avg.  1.84 ms, Total. 1.838 ms (0.0%)
[Performance] Application.LoadMonoAssemblies                                                                                                               :        1 samples, Peak.   391 ms (1.0x), Avg.   391 ms, Total. 391.0 ms (2.8%)
[Performance] RestoreManagedReferences                                                                                                                     :        2 samples, Peak.  28.8 ms (2.0x), Avg.  14.4 ms, Total. 28.81 ms (0.2%)
[Performance] InitializeOnLoad LayerSettingsWindow                                                                                                         :        2 samples, Peak.   153 us (1.0x), Avg.   147 us, Total. 293.6 us (0.0%)
[Performance] InitializeOnLoad ParameterControllerEditor                                                                                                   :        2 samples, Peak.  10.4 us (1.1x), Avg.  9.75 us, Total. 19.49 us (0.0%)
[Performance] InitializeOnLoad ServicesRepository                                                                                                          :        2 samples, Peak.   563 us (1.1x), Avg.   515 us, Total. 1.029 ms (0.0%)
[Performance] InitializeOnLoad CrashService                                                                                                                :        2 samples, Peak.  1.66 ms (1.8x), Avg.   943 us, Total. 1.886 ms (0.0%)
[Performance] InitializeOnLoad UDPService                                                                                                                  :        2 samples, Peak.   127 us (1.1x), Avg.   116 us, Total. 231.1 us (0.0%)
[Performance] InitializeOnLoad CloudBuildPoller                                                                                                            :        2 samples, Peak.  68.8 us (1.0x), Avg.  66.1 us, Total. 132.2 us (0.0%)
[Performance] InitializeOnLoad BuildService                                                                                                                :        2 samples, Peak.  94.8 us (1.0x), Avg.  93.9 us, Total. 187.7 us (0.0%)
[Performance] InitializeOnLoad PurchasingService                                                                                                           :        2 samples, Peak.  4.61 ms (1.0x), Avg.  4.50 ms, Total. 9.008 ms (0.1%)
[Performance] InitializeOnLoad AdsService                                                                                                                  :        2 samples, Peak.   322 us (1.0x), Avg.   319 us, Total. 638.4 us (0.0%)
[Performance] InitializeOnLoad AnalyticsService                                                                                                            :        2 samples, Peak.  98.5 us (1.0x), Avg.  97.6 us, Total. 195.2 us (0.0%)
[Performance] InitializeOnLoad CollabService                                                                                                               :        2 samples, Peak.  97.9 us (1.0x), Avg.  97.3 us, Total. 194.7 us (0.0%)
[Performance] InitializeOnLoad UIDocumentHierarchyWatcher                                                                                                  :        2 samples, Peak.   528 us (1.6x), Avg.   331 us, Total. 661.7 us (0.0%)
[Performance] InitializeOnLoad RetainedMode                                                                                                                :        2 samples, Peak.  1.33 ms (1.0x), Avg.  1.32 ms, Total. 2.638 ms (0.0%)
[Performance] InitializeOnLoad UXMLEditorFactories                                                                                                         :        2 samples, Peak.  37.1 ms (1.0x), Avg.  36.8 ms, Total. 73.58 ms (0.5%)
[Performance] InitializeOnLoad EditorMonitor                                                                                                               :        2 samples, Peak.   185 us (1.1x), Avg.   162 us, Total. 324.8 us (0.0%)
[Performance] InitializeOnLoad EditorShaderLoader                                                                                                          :        2 samples, Peak.   661 us (1.0x), Avg.   644 us, Total. 1.288 ms (0.0%)
[Performance] InitializeOnLoad SearchMonitor                                                                                                               :        2 samples, Peak.  18.9 ms (1.4x), Avg.  13.4 ms, Total. 26.80 ms (0.2%)
[Performance] InitializeOnLoad PlayModeDownload                                                                                                            :        2 samples, Peak.  1.54 ms (1.8x), Avg.   846 us, Total. 1.691 ms (0.0%)
[Performance] InitializeOnLoad SearchWindow                                                                                                                :        2 samples, Peak.  88.8 us (1.0x), Avg.  86.6 us, Total. 173.2 us (0.0%)
[Performance] InitializeOnLoad EditMode                                                                                                                    :        2 samples, Peak.   324 us (1.1x), Avg.   291 us, Total. 582.6 us (0.0%)
[Performance] InitializeOnLoad AssetStoreContext                                                                                                           :        2 samples, Peak.  3.24 ms (1.5x), Avg.  2.22 ms, Total. 4.438 ms (0.0%)
[Performance] InitializeOnLoad DrivenRectTransformUndo                                                                                                     :        2 samples, Peak.   187 us (1.1x), Avg.   175 us, Total. 350.9 us (0.0%)
[Performance] InitializeOnLoad SettingsService                                                                                                             :        2 samples, Peak.  4.87 us (1.1x), Avg.  4.53 us, Total. 9.062 us (0.0%)
[Performance] InitializeOnLoad PrefabInstanceChangedListener                                                                                               :        2 samples, Peak.  95.0 us (1.5x), Avg.  62.8 us, Total. 125.7 us (0.0%)
[Performance] InitializeOnLoad CacheServerWindow                                                                                                           :        2 samples, Peak.  7.16 us (1.0x), Avg.  7.03 us, Total. 14.06 us (0.0%)
[Performance] InitializeOnLoad WindowLayout                                                                                                                :        2 samples, Peak.  11.1 ms (1.1x), Avg.  10.0 ms, Total. 20.05 ms (0.1%)
[Performance] InitializeOnLoad ManagedDebuggerWindow                                                                                                       :        2 samples, Peak.   465 us (1.0x), Avg.   459 us, Total. 917.5 us (0.0%)
[Performance] InitializeOnLoad NativeFormatImporterUtility                                                                                                 :        2 samples, Peak.  1.96 ms (1.1x), Avg.  1.81 ms, Total. 3.617 ms (0.0%)
[Performance] InitializeOnLoad UISystemProfilerRenderService                                                                                               :        2 samples, Peak.  8.64 us (1.1x), Avg.  8.00 us, Total. 15.99 us (0.0%)
[Performance] InitializeOnLoad ShortcutIntegration                                                                                                         :        2 samples, Peak.  65.4 us (1.1x), Avg.  61.4 us, Total. 122.8 us (0.0%)
[Performance] InitializeOnLoad AddComponentWindow                                                                                                          :        2 samples, Peak.  86.2 us (1.0x), Avg.  84.6 us, Total. 169.2 us (0.0%)
[Performance] InitializeOnLoad MenuItems                                                                                                                   :        2 samples, Peak.   304 us (1.7x), Avg.   181 us, Total. 362.7 us (0.0%)
[Performance] InitializeOnLoad MixerEffectDefinitionReloader                                                                                               :        2 samples, Peak.  2.13 ms (1.3x), Avg.  1.70 ms, Total. 3.392 ms (0.0%)
[Performance] InitializeOnLoad CloudBuild                                                                                                                  :        2 samples, Peak.  4.58 us (1.0x), Avg.  4.43 us, Total. 8.857 us (0.0%)
[Performance] InitializeOnLoad UnityConnect                                                                                                                :        2 samples, Peak.  46.4 us (1.0x), Avg.  45.4 us, Total. 90.79 us (0.0%)
[Performance] InitializeOnLoad ProjectSearch                                                                                                               :        2 samples, Peak.  30.5 us (1.0x), Avg.  30.0 us, Total. 60.06 us (0.0%)
[Performance] InitializeOnLoad SearchService                                                                                                               :        2 samples, Peak.   154 us (1.0x), Avg.   153 us, Total. 305.5 us (0.0%)
[Performance] InitializeOnLoad SceneSearch                                                                                                                 :        2 samples, Peak.  26.2 us (1.0x), Avg.  25.2 us, Total. 50.45 us (0.0%)
[Performance] InitializeOnLoad ObjectSelectorSearch                                                                                                        :        2 samples, Peak.  18.9 us (1.0x), Avg.  18.8 us, Total. 37.67 us (0.0%)
[Performance] InitializeOnLoad Collab                                                                                                                      :        2 samples, Peak.  4.82 ms (1.2x), Avg.  3.91 ms, Total. 7.826 ms (0.1%)
[Performance] InitializeOnLoad ManagedDebugger                                                                                                             :        2 samples, Peak.   938 ns (1.0x), Avg.   922 ns, Total. 1.844 us (0.0%)
[Performance] InitializeOnLoad EditorDragAndDrop.RegisterEditorClient                                                                                      :        2 samples, Peak.  1.50 ms (1.8x), Avg.   833 us, Total. 1.666 ms (0.0%)
[Performance] InitializeOnLoad LiveReloadTrackerCreator.Initialize                                                                                         :        2 samples, Peak.   160 us (1.1x), Avg.   148 us, Total. 295.9 us (0.0%)
[Performance] InitializeOnLoad EditorDelegateRegistration.Initialize                                                                                       :        2 samples, Peak.   304 us (1.0x), Avg.   290 us, Total. 579.2 us (0.0%)
[Performance] InitializeOnLoad PackageManagerHookGUIDConverter.RegisterPackagesEventHandler                                                                :        2 samples, Peak.  91.6 us (1.4x), Avg.  63.4 us, Total. 126.9 us (0.0%)
[Performance] InitializeOnLoad RuntimeEditorDelegateRegistration.Initialize                                                                                :        2 samples, Peak.   162 us (1.1x), Avg.   147 us, Total. 293.2 us (0.0%)
[Performance] InitializeOnLoad EditorEventCallbacks.InitializeFontAssetResourceChangeCallBacks                                                             :        2 samples, Peak.   883 us (1.0x), Avg.   858 us, Total. 1.717 ms (0.0%)
[Performance] InitializeOnLoad SceneTemplateService.Init                                                                                                   :        2 samples, Peak.   404 us (1.3x), Avg.   304 us, Total. 609.0 us (0.0%)
[Performance] InitializeOnLoad ScopedRegistryAddedPopup.SubscribeToRegistriesAdded                                                                         :        2 samples, Peak.  17.7 ms (1.5x), Avg.  11.9 ms, Total. 23.90 ms (0.2%)
[Performance] InitializeOnLoad EntitlementsErrorChecker.OpenFirstEntitlementError                                                                          :        2 samples, Peak.   295 us (1.5x), Avg.   195 us, Total. 390.9 us (0.0%)
[Performance] InitializeOnLoad DiagnosticSwitchesConsoleMessage.Init                                                                                       :        2 samples, Peak.  2.20 ms (1.7x), Avg.  1.27 ms, Total. 2.530 ms (0.0%)
[Performance] InitializeOnLoad SysrootManager.Initialize                                                                                                   :        2 samples, Peak.  9.82 us (1.1x), Avg.  9.25 us, Total. 18.49 us (0.0%)
[Performance] InitializeOnLoad EditorWindow.Initialize                                                                                                     :        2 samples, Peak.   153 us (1.0x), Avg.   149 us, Total. 297.7 us (0.0%)
[Performance] InitializeOnLoad AssetPostprocessingInternal.RefreshCustomDependencies                                                                       :        2 samples, Peak.  1.54 ms (1.3x), Avg.  1.14 ms, Total. 2.280 ms (0.0%)
[Performance] InitializeOnLoad SceneVisibilityManager.Initialize                                                                                           :        2 samples, Peak.  3.85 ms (1.7x), Avg.  2.32 ms, Total. 4.637 ms (0.0%)
[Performance] InitializeOnLoad MemoryProfilerCompilationGuard.InjectCompileGuard                                                                           :        2 samples, Peak.   119 us (1.0x), Avg.   116 us, Total. 232.0 us (0.0%)
[Performance] ProcessService.EditorAfterLoadAllAssemblies                                                                                                  :        2 samples, Peak.   240 us (1.1x), Avg.   212 us, Total. 424.5 us (0.0%)
[Performance] Application.ReadLicenseInfo                                                                                                                  :        1 samples, Peak.  11.0 ms (1.0x), Avg.  11.0 ms, Total. 10.96 ms (0.1%)
[Performance] Application.InitialRefresh                                                                                                                   :        1 samples, Peak.  2.22 s (1.0x), Avg.  2.22 s, Total. 2.218 s (16.1%)
[Performance] ShaderImporter.SourceAssetModified                                                                                                           :        9 samples, Peak.  2.40 ms (4.5x), Avg.   534 us, Total. 4.803 ms (0.0%)
[Performance] UpgradeShaderAsset                                                                                                                           :        6 samples, Peak.  1.12 ms (1.4x), Avg.   796 us, Total. 4.778 ms (0.0%)
[Performance] ShaderIncludeImporter.SourceAssetModified                                                                                                    :        9 samples, Peak.  1.89 us (1.6x), Avg.  1.15 us, Total. 10.33 us (0.0%)
[Performance] PresetManagerPostProcessor.OnPreprocessAsset                                                                                                 :      229 samples, Peak.   446 us (40.7x), Avg.  11.0 us, Total. 2.508 ms (0.0%)
[Performance] CancelSplashScreenOnAssetChange.OnPreprocessAsset                                                                                            :      229 samples, Peak.   164 us (57.9x), Avg.  2.83 us, Total. 648.6 us (0.0%)
[Performance] Compiling Scripts                                                                                                                            :        1 samples, Peak.  1.03 s (1.0x), Avg.  1.03 s, Total. 1.027 s (7.4%)
[Performance] InitializeOnLoad InteractionLayerUpdater                                                                                                     :        1 samples, Peak.  3.57 us (1.0x), Avg.  3.57 us, Total. 3.568 us (0.0%)
[Performance] InitializeOnLoad BuildHelperUtils                                                                                                            :        1 samples, Peak.  6.66 us (1.0x), Avg.  6.66 us, Total. 6.659 us (0.0%)
[Performance] InitializeOnLoad BuildValidator                                                                                                              :        1 samples, Peak.   552 us (1.0x), Avg.   552 us, Total. 551.9 us (0.0%)
[Performance] InitializeOnLoad ScriptableSettingsInitializer                                                                                               :        1 samples, Peak.   508 us (1.0x), Avg.   508 us, Total. 508.3 us (0.0%)
[Performance] InitializeOnLoad InputSystem                                                                                                                 :        1 samples, Peak.  64.6 ms (1.0x), Avg.  64.6 ms, Total. 64.59 ms (0.5%)
[Performance] InitializeOnLoad TouchSimulation                                                                                                             :        1 samples, Peak.   280 us (1.0x), Avg.   280 us, Total. 280.1 us (0.0%)
[Performance] InitializeOnLoad PrefabLayoutRebuilder                                                                                                       :        1 samples, Peak.   198 us (1.0x), Avg.   198 us, Total. 197.7 us (0.0%)
[Performance] InitializeOnLoad SimulatedInputLayoutLoader                                                                                                  :        1 samples, Peak.   513 us (1.0x), Avg.   513 us, Total. 512.9 us (0.0%)
[Performance] InitializeOnLoad SectorInteraction                                                                                                           :        1 samples, Peak.   228 us (1.0x), Avg.   228 us, Total. 227.6 us (0.0%)
[Performance] InitializeOnLoad Vector3FallbackComposite                                                                                                    :        1 samples, Peak.   223 us (1.0x), Avg.   223 us, Total. 223.4 us (0.0%)
[Performance] InitializeOnLoad QuaternionFallbackComposite                                                                                                 :        1 samples, Peak.   163 us (1.0x), Avg.   163 us, Total. 162.5 us (0.0%)
[Performance] InitializeOnLoad IntegerFallbackComposite                                                                                                    :        1 samples, Peak.   150 us (1.0x), Avg.   150 us, Total. 150.0 us (0.0%)
[Performance] InitializeOnLoad ButtonFallbackComposite                                                                                                     :        1 samples, Peak.   152 us (1.0x), Avg.   152 us, Total. 152.3 us (0.0%)
[Performance] InitializeOnLoad XRGeneralSettingsPerBuildTarget                                                                                             :        1 samples, Peak.   409 us (1.0x), Avg.   409 us, Total. 409.0 us (0.0%)
[Performance] InitializeOnLoad XRPackageInitializationBootstrap                                                                                            :        1 samples, Peak.  59.3 us (1.0x), Avg.  59.3 us, Total. 59.34 us (0.0%)
[Performance] InitializeOnLoad XRPackageMetadataStore                                                                                                      :        1 samples, Peak.   367 us (1.0x), Avg.   367 us, Total. 367.5 us (0.0%)
[Performance] InitializeOnLoad XRLegacyUninstaller                                                                                                         :        1 samples, Peak.  5.90 ms (1.0x), Avg.  5.90 ms, Total. 5.899 ms (0.0%)
[Performance] InitializeOnLoad OpenXRProjectValidationRulesSetup.OpenXRProjectValidationCheck                                                              :        1 samples, Peak.  4.40 ms (1.0x), Avg.  4.40 ms, Total. 4.396 ms (0.0%)
[Performance] InitializeOnLoad OpenXRChooseRuntimeLibraries.InitializeOnLoad                                                                               :        1 samples, Peak.   826 us (1.0x), Avg.   826 us, Total. 826.5 us (0.0%)
[Performance] InitializeOnLoad OpenXRFeatureSetManager.InitializeOnLoad                                                                                    :        1 samples, Peak.   223 us (1.0x), Avg.   223 us, Total. 222.6 us (0.0%)
[Performance] InitializeOnLoad CoreUtilsAnalytics.RegisterEvents                                                                                           :        1 samples, Peak.   377 us (1.0x), Avg.   377 us, Total. 376.8 us (0.0%)
[Performance] DidReloadScriptsPackageVersionUtility.OnReloadScripts                                                                                        :        1 samples, Peak.  71.3 us (1.0x), Avg.  71.3 us, Total. 71.27 us (0.0%)
[Performance] DidReloadScriptsAdvancedDropdownWindow.OnScriptReload                                                                                        :        2 samples, Peak.   208 us (1.2x), Avg.   170 us, Total. 340.0 us (0.0%)
[Performance] AssemblyReloadEvents.afterAssemblyReload: UnityEditor.XR.Management.Metadata.XRPackageMetadataStore.AssemblyReloadEvents_afterAssemblyReload :        1 samples, Peak.  2.01 ms (1.0x), Avg.  2.01 ms, Total. 2.012 ms (0.0%)
[Performance] ShaderImporter.Import                                                                                                                        :        3 samples, Peak.  24.6 ms (2.6x), Avg.  9.34 ms, Total. 28.02 ms (0.2%)
[Performance] EditorApplication.projectChanged: UnityEngine.InputSystem.LowLevel.NativeInputRuntime.OnProjectChanged                                       :        7 samples, Peak.   162 us (3.2x), Avg.  51.2 us, Total. 358.3 us (0.0%)
[Performance] AssetDatabase.ImportAssets                                                                                                                   :      105 samples, Peak.   135 ms (91.3x), Avg.  1.48 ms, Total. 155.0 ms (1.1%)
[Performance] VersionControl.Task.Wait                                                                                                                     :        1 samples, Peak.  4.71 us (1.0x), Avg.  4.71 us, Total. 4.712 us (0.0%)
[Performance] BuilderAssetPostprocessor.OnPostprocessAllAssets                                                                                             :      202 samples, Peak.  2.48 ms (36.0x), Avg.  69.0 us, Total. 13.93 ms (0.1%)
[Performance] ArtifactBrowserPostProcessor.OnPostprocessAllAssets                                                                                          :      202 samples, Peak.   305 us (48.8x), Avg.  6.25 us, Total. 1.263 ms (0.0%)
[Performance] AssetEvents.OnPostprocessAllAssets                                                                                                           :      404 samples, Peak.   182 us (47.6x), Avg.  3.82 us, Total. 1.544 ms (0.0%)
[Performance] AudioMixerPostprocessor.OnPostprocessAllAssets                                                                                               :      202 samples, Peak.   209 us (44.3x), Avg.  4.71 us, Total. 950.8 us (0.0%)
[Performance] StyleCatalogPostProcessor.OnPostprocessAllAssets                                                                                             :      202 samples, Peak.  18.1 ms (97.3x), Avg.   186 us, Total. 37.55 ms (0.3%)
[Performance] BuildCatalog                                                                                                                                 :        1 samples, Peak.  17.3 ms (1.0x), Avg.  17.3 ms, Total. 17.27 ms (0.1%)
[Performance] ModelImporterPostProcessor.OnPostprocessAllAssets                                                                                            :      202 samples, Peak.  12.3 ms (36.2x), Avg.   339 us, Total. 68.51 ms (0.5%)
[Performance] RetainedModeAssetPostprocessor.OnPostprocessAllAssets                                                                                        :      202 samples, Peak.  2.80 ms (72.6x), Avg.  38.5 us, Total. 7.782 ms (0.1%)
[Performance] AssetChangedListener.OnPostprocessAllAssets                                                                                                  :      202 samples, Peak.  18.9 ms (80.6x), Avg.   234 us, Total. 47.30 ms (0.3%)
[Performance] TextAssetPostProcessor.OnPostprocessAllAssets                                                                                                :      202 samples, Peak.   489 us (48.5x), Avg.  10.1 us, Total. 2.036 ms (0.0%)
[Performance] UIDocumentAssetPostProcessor.OnPostprocessAllAssets                                                                                          :      202 samples, Peak.  1.09 ms (72.2x), Avg.  15.1 us, Total. 3.057 ms (0.0%)
[Performance] AssetCallbacks.OnPostprocessAllAssets                                                                                                        :      202 samples, Peak.  50.5 ms (100.4x), Avg.   503 us, Total. 101.7 ms (0.7%)
[Performance] SyncVS.PostprocessSyncProject                                                                                                                :      101 samples, Peak.   789 us (95.4x), Avg.  8.28 us, Total. 835.8 us (0.0%)
[Performance] Application.ImportPackagesAndSetTemplateWhenCreatingProject                                                                                  :        1 samples, Peak.  9.69 ms (1.0x), Avg.  9.69 ms, Total. 9.694 ms (0.1%)
[Performance] Application.SyncCurrentColorSpace                                                                                                            :        1 samples, Peak.  3.69 ms (1.0x), Avg.  3.69 ms, Total. 3.687 ms (0.0%)
[Performance] Application.OnUsbDevicesChanged                                                                                                              :        1 samples, Peak.  1.06 ms (1.0x), Avg.  1.06 ms, Total. 1.060 ms (0.0%)
[Performance] Application.AssetInstanceCacheUpdate                                                                                                         :        1 samples, Peak.   206 ns (1.0x), Avg.   206 ns, Total. 206.0 ns (0.0%)
[Performance] Application.UnityExtensions.Initialize                                                                                                       :        1 samples, Peak.   494 us (1.0x), Avg.   494 us, Total. 493.6 us (0.0%)
[Performance] Application.InitializeManagedCompilationPipeline                                                                                             :        1 samples, Peak.  30.9 ms (1.0x), Avg.  30.9 ms, Total. 30.87 ms (0.2%)
[Performance] Application.ExecuteStartups                                                                                                                  :        1 samples, Peak.  30.0 ms (1.0x), Avg.  30.0 ms, Total. 29.97 ms (0.2%)
[Performance] Menu.RegisterMenuInterface                                                                                                                   :       26 samples, Peak.  6.16 us (15.3x), Avg.   402 ns, Total. 10.44 us (0.0%)
[Performance] Gizmo.RebuildRenderers                                                                                                                       :        1 samples, Peak.  29.5 ms (1.0x), Avg.  29.5 ms, Total. 29.53 ms (0.2%)
[Performance] Gizmo.AddGizmoRenderers                                                                                                                      :       45 samples, Peak.  1.44 ms (29.7x), Avg.  48.4 us, Total. 2.180 ms (0.0%)
[Performance] Application.editorInitializingProject                                                                                                        :        1 samples, Peak.  17.8 us (1.0x), Avg.  17.8 us, Total. 17.80 us (0.0%)
[Performance] Application.InitializeMenu                                                                                                                   :        1 samples, Peak.  49.9 ms (1.0x), Avg.  49.9 ms, Total. 49.90 ms (0.4%)
[Performance] Menu.RebuildAll                                                                                                                              :        1 samples, Peak.  49.9 ms (1.0x), Avg.  49.9 ms, Total. 49.88 ms (0.4%)
[Performance] Menu.BuildRegisteredMenuInterfaces                                                                                                           :        1 samples, Peak.  49.4 ms (1.0x), Avg.  49.4 ms, Total. 49.45 ms (0.4%)
[Performance] Menu.FilterMenuItem                                                                                                                          :     2494 samples, Peak.  10.4 ms (2340.6x), Avg.  4.44 us, Total. 11.08 ms (0.1%)
[Performance] UpdateAllMenus                                                                                                                               :        1 samples, Peak.   390 us (1.0x), Avg.   390 us, Total. 389.8 us (0.0%)
[Performance] EditorSceneManager.sceneClosing: UnityEditor.SceneVisibilityManager.EditorSceneManagerOnSceneClosing                                         :        1 samples, Peak.   219 us (1.0x), Avg.   219 us, Total. 218.6 us (0.0%)
[Performance] EditorSceneManager.activeSceneChangedInEditMode: callback in UnityEditor.Search.SearchMonitor                                                :        1 samples, Peak.  53.0 us (1.0x), Avg.  53.0 us, Total. 53.00 us (0.0%)
[Performance] GUIView.RepaintAll.PlayerLoopController                                                                                                      :        1 samples, Peak.   420 ns (1.0x), Avg.   420 ns, Total. 420.0 ns (0.0%)
[Performance] EditorSceneManager.newSceneCreated: UnityEditor.SceneVisibilityManager.EditorSceneManagerOnNewSceneCreated                                   :        1 samples, Peak.   229 us (1.0x), Avg.   229 us, Total. 228.9 us (0.0%)
[Performance] EditorSceneManager.newSceneCreated: UnityEditor.SceneManagement.StageNavigationManager.OnNewSceneCreated                                     :        1 samples, Peak.  49.6 us (1.0x), Avg.  49.6 us, Total. 49.62 us (0.0%)
[Performance] Application.InvokeFinishedLoadingProject                                                                                                     :        1 samples, Peak.  2.13 ms (1.0x), Avg.  2.13 ms, Total. 2.129 ms (0.0%)
[Performance] ProcessService.OnProjectLoaded                                                                                                               :        1 samples, Peak.  32.7 us (1.0x), Avg.  32.7 us, Total. 32.71 us (0.0%)
[Performance] AssetDatabase.Refresh                                                                                                                        :        4 samples, Peak.  48.6 ms (2.3x), Avg.  21.4 ms, Total. 85.63 ms (0.6%)
[Performance] AssetDatabase.ImportAsset                                                                                                                    :       92 samples, Peak.   197 ms (4.1x), Avg.  48.0 ms, Total. 4.413 s (32.0%)
[Performance] TextureImporter.Import                                                                                                                       :       71 samples, Peak.   180 ms (5.7x), Avg.  31.8 ms, Total. 2.258 s (16.4%)
[Performance] SkyImport.OnPreprocessTexture                                                                                                                :       71 samples, Peak.   115 us (15.3x), Avg.  7.50 us, Total. 532.8 us (0.0%)
[Performance] ModelImporter.Import                                                                                                                         :       21 samples, Peak.  83.3 ms (2.1x), Avg.  39.8 ms, Total. 836.0 ms (6.1%)
[Performance] SceneDataContainer.TransformHierarchyChangedSetParentCallback                                                                                :      393 samples, Peak.  9.18 us (11.2x), Avg.   823 ns, Total. 323.6 us (0.0%)
[Performance] SceneVisibilityState.IsFlagSetInParents                                                                                                      :      681 samples, Peak.  6.28 us (18.5x), Avg.   340 ns, Total. 231.6 us (0.0%)
[Performance] TreeAOImporter.OnPostprocessModel                                                                                                            :       21 samples, Peak.   568 us (15.2x), Avg.  37.4 us, Total. 785.8 us (0.0%)
[Performance] BuilderAssetModificationProcessor.OnWillSaveAssets                                                                                           :        7 samples, Peak.   724 us (6.1x), Avg.   118 us, Total. 827.5 us (0.0%)
[Performance] TerrainModificationProcessor.OnWillSaveAssets                                                                                                :        7 samples, Peak.   467 us (6.8x), Avg.  68.3 us, Total. 477.9 us (0.0%)
[Performance] AssetDatabase.DeleteAssets                                                                                                                   :        4 samples, Peak.  12.3 ms (1.2x), Avg.  10.3 ms, Total. 41.11 ms (0.3%)
[Performance] ProcessAssetModifications.OnWillDeleteAsset                                                                                                  :        4 samples, Peak.   220 us (3.6x), Avg.  61.6 us, Total. 246.6 us (0.0%)
[Performance] BuilderAssetModificationProcessor.OnWillDeleteAsset                                                                                          :        4 samples, Peak.   228 us (3.9x), Avg.  58.3 us, Total. 233.3 us (0.0%)
[Performance] TMP_FontAssetPostProcessor.OnWillDeleteAsset                                                                                                 :        4 samples, Peak.   109 us (3.2x), Avg.  34.1 us, Total. 136.5 us (0.0%)
[Performance] CancelSplashScreenOnAssetDelete.OnWillDeleteAsset                                                                                            :        4 samples, Peak.  70.6 us (3.4x), Avg.  20.8 us, Total. 83.28 us (0.0%)
[Performance] Application.Shutdown.CollabTerminate                                                                                                         :        1 samples, Peak.   794 ns (1.0x), Avg.   794 ns, Total. 794.0 ns (0.0%)
[Performance] Application.Shutdown.CollabCleanup                                                                                                           :        1 samples, Peak.   415 us (1.0x), Avg.   415 us, Total. 414.6 us (0.0%)
[Performance] Application.Shutdown.SaveDefaultWindowPreferences                                                                                            :        1 samples, Peak.  93.2 us (1.0x), Avg.  93.2 us, Total. 93.16 us (0.0%)
[Performance] Application.Shutdown.SaveSceneManagerSetup                                                                                                   :        1 samples, Peak.  91.7 us (1.0x), Avg.  91.7 us, Total. 91.74 us (0.0%)
[Performance] Application.Shutdown.CleanupAllContainerWindows                                                                                              :        1 samples, Peak.   462 ns (1.0x), Avg.   462 ns, Total. 462.0 ns (0.0%)
[Performance] EditorApplication.quitting: UnityEditor.Search.SearchMonitor.OnQuitting                                                                      :        1 samples, Peak.  1.36 ms (1.0x), Avg.  1.36 ms, Total. 1.356 ms (0.0%)
[Performance] EditorApplication.quitting: callback in UnityEditor.TextCore.Text.EditorEventCallbacks                                                       :        1 samples, Peak.  7.67 ms (1.0x), Avg.  7.67 ms, Total. 7.669 ms (0.1%)
[Performance] Application.Shutdown.PauseProfilerSession                                                                                                    :        1 samples, Peak.  28.2 us (1.0x), Avg.  28.2 us, Total. 28.24 us (0.0%)
[Performance] Application.Shutdown.PauseAssetImportWorkers                                                                                                 :        1 samples, Peak.   363 us (1.0x), Avg.   363 us, Total. 362.8 us (0.0%)
[Performance] Application.Shutdown.SaveAssets                                                                                                              :        1 samples, Peak.   296 us (1.0x), Avg.   296 us, Total. 296.3 us (0.0%)
[Performance] Application.Shutdown.CleanupRenderPipeline                                                                                                   :        1 samples, Peak.  1.70 us (1.0x), Avg.  1.70 us, Total. 1.696 us (0.0%)
[Performance] Application.Shutdown.StopPreloadManager                                                                                                      :        1 samples, Peak.  10.2 ms (1.0x), Avg.  10.2 ms, Total. 10.20 ms (0.1%)
[Performance] Application.Shutdown.DestroyWorld                                                                                                            :        1 samples, Peak.   305 us (1.0x), Avg.   305 us, Total. 305.4 us (0.0%)
[Performance] Application.Shutdown.CleanupAfterLoad                                                                                                        :        1 samples, Peak.  2.62 ms (1.0x), Avg.  2.62 ms, Total. 2.622 ms (0.0%)
[Performance] Application.Shutdown.Progress                                                                                                                :        1 samples, Peak.  5.80 us (1.0x), Avg.  5.80 us, Total. 5.801 us (0.0%)
[Performance] Application.Shutdown.GICleanupManagers                                                                                                       :        1 samples, Peak.   954 us (1.0x), Avg.   954 us, Total. 953.8 us (0.0%)
[Performance] Application.Shutdown.MenuCleanupClass                                                                                                        :        1 samples, Peak.  64.8 us (1.0x), Avg.  64.8 us, Total. 64.79 us (0.0%)
[Performance] Application.Shutdown.ADBSaveStateBeforeShutdown                                                                                              :        1 samples, Peak.  3.92 us (1.0x), Avg.  3.92 us, Total. 3.916 us (0.0%)
[Performance] Application.Shutdown.RemoteShutdown                                                                                                          :        1 samples, Peak.   838 ns (1.0x), Avg.   838 ns, Total. 838.0 ns (0.0%)
[Performance] Application.Shutdown.CleanupVCProvider                                                                                                       :        1 samples, Peak.  3.01 us (1.0x), Avg.  3.01 us, Total. 3.009 us (0.0%)
[Performance] Application.Shutdown.InputShutdown                                                                                                           :        1 samples, Peak.  1.24 us (1.0x), Avg.  1.24 us, Total. 1.243 us (0.0%)
[Performance] Application.Shutdown.GizmoManagerDestroy                                                                                                     :        1 samples, Peak.   411 us (1.0x), Avg.   411 us, Total. 410.8 us (0.0%)
[Performance] Application.Shutdown.ProfilerSession                                                                                                         :        1 samples, Peak.   134 us (1.0x), Avg.   134 us, Total. 134.0 us (0.0%)
[Performance] Application.Shutdown.ReleaseGfxWindowOnAllGUIViews                                                                                           :        1 samples, Peak.   289 ns (1.0x), Avg.   289 ns, Total. 289.0 ns (0.0%)
[Performance] Application.Shutdown.CleanupEngine                                                                                                           :        1 samples, Peak.   178 ms (1.0x), Avg.   178 ms, Total. 177.5 ms (1.3%)
[Performance] Application.Shutdown.CleanupAssetDatabase                                                                                                    :        1 samples, Peak.  6.05 ms (1.0x), Avg.  6.05 ms, Total. 6.049 ms (0.0%)
[Performance] Application.Shutdown.ScriptCompilationCleanUp                                                                                                :        1 samples, Peak.  52.5 us (1.0x), Avg.  52.5 us, Total. 52.52 us (0.0%)
[Performance] Application.Shutdown.DestroyJobSystem                                                                                                        :        1 samples, Peak.  44.1 us (1.0x), Avg.  44.1 us, Total. 44.14 us (0.0%)
[Performance] Application.Shutdown.CleanupPersistentManager                                                                                                :        1 samples, Peak.  2.14 ms (1.0x), Avg.  2.14 ms, Total. 2.145 ms (0.0%)
[Performance] Application.Shutdown.CleanupAsyncReadManager                                                                                                 :        1 samples, Peak.   660 us (1.0x), Avg.   660 us, Total. 660.2 us (0.0%)
[Performance] Application.Shutdown.CleanupMono                                                                                                             :        1 samples, Peak.  47.9 ms (1.0x), Avg.  47.9 ms, Total. 47.92 ms (0.3%)
[Performance] Application.Shutdown.CleanupStdConverters                                                                                                    :        1 samples, Peak.  8.84 us (1.0x), Avg.  8.84 us, Total. 8.844 us (0.0%)
[Performance] Application.Shutdown.UnloadAllPlatformSupportModuleNativeDlls                                                                                :        1 samples, Peak.   449 ns (1.0x), Avg.   449 ns, Total. 449.0 ns (0.0%)
[Performance] Application.Shutdown.UnloadAllPlatformSupportNativeLibraries                                                                                 :        1 samples, Peak.   154 ns (1.0x), Avg.   154 ns, Total. 154.0 ns (0.0%)
[Performance] Application.Shutdown.CleanupAutoDocumentation                                                                                                :        1 samples, Peak.   123 us (1.0x), Avg.   123 us, Total. 123.1 us (0.0%)
[Performance] Application.Shutdown.ShaderNameManagerDestroy                                                                                                :        1 samples, Peak.  28.5 us (1.0x), Avg.  28.5 us, Total. 28.50 us (0.0%)
[Performance] Application.Shutdown.CleanupCacheServer                                                                                                      :        1 samples, Peak.   209 ns (1.0x), Avg.   209 ns, Total. 209.0 ns (0.0%)
[Performance] Application.Shutdown.Virtualization_Shutdown                                                                                                 :        1 samples, Peak.   320 ns (1.0x), Avg.   320 ns, Total. 320.0 ns (0.0%)
[Package Manager] Server::Kill -- Server was shutdown
Checking for leaked weakptr:
  Found no leaked weakptrs.
Memory Statistics:
[ALLOC_TEMP_TLS] TLS Allocator
  StackAllocators : 
    [ALLOC_TEMP_CurlRequest]
      Initial Block Size 64.0 KB
      Current Block Size 64.0 KB
      Peak Allocated Bytes 0 B
      Overflow Count 0
    [ALLOC_TEMP_MAIN]
      Peak usage frame count: [8.0 MB-16.0 MB]: 1 frames
      Initial Block Size 16.0 MB
      Current Block Size 85.9 MB
      Peak Allocated Bytes 85.8 MB
      Overflow Count 0
    [ALLOC_TEMP_Background Job.Worker 8]
      Initial Block Size 32.0 KB
      Current Block Size 32.0 KB
      Peak Allocated Bytes 0 B
      Overflow Count 0
    [ALLOC_TEMP_Job.Worker 4]
      Initial Block Size 256.0 KB
      Current Block Size 292.0 KB
      Peak Allocated Bytes 288.5 KB
      Overflow Count 1
    [ALLOC_TEMP_AssetDatabase.FileHasherReader] x 4
      Initial Block Size 64.0 KB
      Current Block Size 64.0 KB
      Peak Allocated Bytes 114 B
      Overflow Count 0
    [ALLOC_TEMP_BakingJobs.Worker 5]
      Initial Block Size 256.0 KB
      Current Block Size 256.0 KB
      Peak Allocated Bytes 0 B
      Overflow Count 0
    [ALLOC_TEMP_BakingJobs.Worker 10]
      Initial Block Size 256.0 KB
      Current Block Size 256.0 KB
      Peak Allocated Bytes 0 B
      Overflow Count 0
    [ALLOC_TEMP_Background Job.Worker 11]
      Initial Block Size 32.0 KB
      Current Block Size 32.0 KB
      Peak Allocated Bytes 0 B
      Overflow Count 0
    [ALLOC_TEMP_Background Job.Worker 3]
      Initial Block Size 32.0 KB
      Current Block Size 32.0 KB
      Peak Allocated Bytes 0 B
      Overflow Count 0
    [ALLOC_TEMP_BatchDeleteObjects]
      Initial Block Size 64.0 KB
      Current Block Size 64.0 KB
      Peak Allocated Bytes 0 B
      Overflow Count 0
    [ALLOC_TEMP_CoreBusinessMetricsCache]
      Initial Block Size 64.0 KB
      Current Block Size 64.0 KB
      Peak Allocated Bytes 8.0 KB
      Overflow Count 0
    [ALLOC_TEMP_REST Message Handler]
      Initial Block Size 64.0 KB
      Current Block Size 64.0 KB
      Peak Allocated Bytes 0 B
      Overflow Count 0
    [ALLOC_TEMP_Job.Worker 13]
      Initial Block Size 256.0 KB
      Current Block Size 296.0 KB
      Peak Allocated Bytes 294.0 KB
      Overflow Count 1
    [ALLOC_TEMP_Background Job.Worker 2]
      Initial Block Size 32.0 KB
      Current Block Size 32.0 KB
      Peak Allocated Bytes 0 B
      Overflow Count 0
    [ALLOC_TEMP_AssetDatabase.IOService]
      Initial Block Size 64.0 KB
      Current Block Size 64.0 KB
      Peak Allocated Bytes 0 B
      Overflow Count 0
    [ALLOC_TEMP_Job.Worker 10]
      Initial Block Size 256.0 KB
      Current Block Size 356.0 KB
      Peak Allocated Bytes 352.6 KB
      Overflow Count 0
    [ALLOC_TEMP_Job.Worker 12]
      Initial Block Size 256.0 KB
      Current Block Size 356.0 KB
      Peak Allocated Bytes 352.6 KB
      Overflow Count 0
    [ALLOC_TEMP_Loading.PreloadManager]
      Initial Block Size 32.0 MB
      Current Block Size 32.0 MB
      Peak Allocated Bytes 0 B
      Overflow Count 0
    [ALLOC_TEMP_AUDIO_FMOD PulseAudio Mixer]
      Initial Block Size 64.0 KB
      Current Block Size 64.0 KB
      Peak Allocated Bytes 0 B
      Overflow Count 0
    [ALLOC_TEMP_Job.Worker 14]
      Initial Block Size 256.0 KB
      Current Block Size 292.0 KB
      Peak Allocated Bytes 288.5 KB
      Overflow Count 0
    [ALLOC_TEMP_Job.Worker 3]
      Initial Block Size 256.0 KB
      Current Block Size 292.0 KB
      Peak Allocated Bytes 288.5 KB
      Overflow Count 1
    [ALLOC_TEMP_BakingJobs.Worker 7]
      Initial Block Size 256.0 KB
      Current Block Size 256.0 KB
      Peak Allocated Bytes 0 B
      Overflow Count 0
    [ALLOC_TEMP_Background Job.Worker 5]
      Initial Block Size 32.0 KB
      Current Block Size 32.0 KB
      Peak Allocated Bytes 0 B
      Overflow Count 0
    [ALLOC_TEMP_CurlRequest]
      Initial Block Size 64.0 KB
      Current Block Size 64.0 KB
      Peak Allocated Bytes 257 B
      Overflow Count 0
    [ALLOC_TEMP_Background Job.Worker 13]
      Initial Block Size 32.0 KB
      Current Block Size 32.0 KB
      Peak Allocated Bytes 0 B
      Overflow Count 0
    [ALLOC_TEMP_Job.Worker 2]
      Initial Block Size 256.0 KB
      Current Block Size 292.0 KB
      Peak Allocated Bytes 288.5 KB
      Overflow Count 1
    [ALLOC_TEMP_BakingJobs.Worker 6]
      Initial Block Size 256.0 KB
      Current Block Size 256.0 KB
      Peak Allocated Bytes 0 B
      Overflow Count 0
    [ALLOC_TEMP_Job.Worker 11]
      Initial Block Size 256.0 KB
      Current Block Size 356.0 KB
      Peak Allocated Bytes 352.6 KB
      Overflow Count 0
    [ALLOC_TEMP_Job.Worker 6]
      Initial Block Size 256.0 KB
      Current Block Size 292.0 KB
      Peak Allocated Bytes 288.5 KB
      Overflow Count 1
    [ALLOC_TEMP_Job.Worker 5]
      Initial Block Size 256.0 KB
      Current Block Size 292.0 KB
      Peak Allocated Bytes 288.5 KB
      Overflow Count 1
    [ALLOC_TEMP_Profiler.Dispatcher]
      Initial Block Size 64.0 KB
      Current Block Size 64.0 KB
      Peak Allocated Bytes 0 B
      Overflow Count 0
    [ALLOC_TEMP_Job.Worker 0]
      Initial Block Size 256.0 KB
      Current Block Size 356.0 KB
      Peak Allocated Bytes 352.6 KB
      Overflow Count 0
    [ALLOC_TEMP_Background Job.Worker 9]
      Initial Block Size 32.0 KB
      Current Block Size 32.0 KB
      Peak Allocated Bytes 0 B
      Overflow Count 0
    [ALLOC_TEMP_BakingJobs.Worker 8]
      Initial Block Size 256.0 KB
      Current Block Size 256.0 KB
      Peak Allocated Bytes 0 B
      Overflow Count 0
    [ALLOC_TEMP_Job.Worker 9]
      Initial Block Size 256.0 KB
      Current Block Size 292.0 KB
      Peak Allocated Bytes 288.5 KB
      Overflow Count 0
    [ALLOC_TEMP_BakingJobs.Worker 1]
      Initial Block Size 256.0 KB
      Current Block Size 256.0 KB
      Peak Allocated Bytes 0 B
      Overflow Count 0
    [ALLOC_TEMP_Loading.AsyncRead]
      Initial Block Size 64.0 KB
      Current Block Size 64.0 KB
      Peak Allocated Bytes 128 B
      Overflow Count 0
    [ALLOC_TEMP_Background Job.Worker 10]
      Initial Block Size 32.0 KB
      Current Block Size 32.0 KB
      Peak Allocated Bytes 0 B
      Overflow Count 0
    [ALLOC_TEMP_Background Job.Worker 6]
      Initial Block Size 32.0 KB
      Current Block Size 32.0 KB
      Peak Allocated Bytes 0 B
      Overflow Count 0
    [ALLOC_TEMP_BakingJobs.Worker 9]
      Initial Block Size 256.0 KB
      Current Block Size 256.0 KB
      Peak Allocated Bytes 0 B
      Overflow Count 0
    [ALLOC_TEMP_Background Job.Worker 1]
      Initial Block Size 32.0 KB
      Current Block Size 32.0 KB
      Peak Allocated Bytes 0 B
      Overflow Count 0
    [ALLOC_TEMP_BakingJobs.Worker 11]
      Initial Block Size 256.0 KB
      Current Block Size 256.0 KB
      Peak Allocated Bytes 0 B
      Overflow Count 0
    [ALLOC_TEMP_AUDIO_FMOD stream thread]
      Initial Block Size 64.0 KB
      Current Block Size 64.0 KB
      Peak Allocated Bytes 0 B
      Overflow Count 0
    [ALLOC_TEMP_AssetDatabase.FileHasherHasher] x 4
      Initial Block Size 64.0 KB
      Current Block Size 64.0 KB
      Peak Allocated Bytes 31 B
      Overflow Count 0
    [ALLOC_TEMP_BakingJobs.Worker 2]
      Initial Block Size 256.0 KB
      Current Block Size 256.0 KB
      Peak Allocated Bytes 0 B
      Overflow Count 0
    [ALLOC_TEMP_Background Job.Worker 7]
      Initial Block Size 32.0 KB
      Current Block Size 32.0 KB
      Peak Allocated Bytes 0 B
      Overflow Count 0
    [ALLOC_TEMP_Job.Worker 8]
      Initial Block Size 256.0 KB
      Current Block Size 356.0 KB
      Peak Allocated Bytes 352.6 KB
      Overflow Count 0
    [ALLOC_TEMP_BakingJobs.Worker 15]
      Initial Block Size 256.0 KB
      Current Block Size 256.0 KB
      Peak Allocated Bytes 0 B
      Overflow Count 0
    [ALLOC_TEMP_BakingJobs.Worker 0]
      Initial Block Size 256.0 KB
      Current Block Size 256.0 KB
      Peak Allocated Bytes 0 B
      Overflow Count 0
    [ALLOC_TEMP_BakingJobs.Worker 3]
      Initial Block Size 256.0 KB
      Current Block Size 256.0 KB
      Peak Allocated Bytes 0 B
      Overflow Count 0
    [ALLOC_TEMP_BakingJobs.Worker 14]
      Initial Block Size 256.0 KB
      Current Block Size 256.0 KB
      Peak Allocated Bytes 0 B
      Overflow Count 0
    [ALLOC_TEMP_Background Job.Worker 15]
      Initial Block Size 32.0 KB
      Current Block Size 32.0 KB
      Peak Allocated Bytes 0 B
      Overflow Count 0
    [ALLOC_TEMP_Job.Worker 1]
      Initial Block Size 256.0 KB
      Current Block Size 356.0 KB
      Peak Allocated Bytes 352.6 KB
      Overflow Count 0
    [ALLOC_TEMP_BakingJobs.Worker 4]
      Initial Block Size 256.0 KB
      Current Block Size 256.0 KB
      Peak Allocated Bytes 0 B
      Overflow Count 0
    [ALLOC_TEMP_Background Job.Worker 12]
      Initial Block Size 32.0 KB
      Current Block Size 32.0 KB
      Peak Allocated Bytes 0 B
      Overflow Count 0
    [ALLOC_TEMP_HTTP REST Server]
      Initial Block Size 64.0 KB
      Current Block Size 64.0 KB
      Peak Allocated Bytes 71 B
      Overflow Count 0
    [ALLOC_TEMP_BakingJobs.Worker 12]
      Initial Block Size 256.0 KB
      Current Block Size 256.0 KB
      Peak Allocated Bytes 0 B
      Overflow Count 0
    [ALLOC_TEMP_BakingJobs.Worker 13]
      Initial Block Size 256.0 KB
      Current Block Size 256.0 KB
      Peak Allocated Bytes 0 B
      Overflow Count 0
    [ALLOC_TEMP_AssetGarbageCollectorHelper] x 15
      Initial Block Size 64.0 KB
      Current Block Size 64.0 KB
      Peak Allocated Bytes 0 B
      Overflow Count 0
    [ALLOC_TEMP_Background Job.Worker 0]
      Initial Block Size 32.0 KB
      Current Block Size 256.0 KB
      Peak Allocated Bytes 197.9 KB
      Overflow Count 1335
    [ALLOC_TEMP_Background Job.Worker 4]
      Initial Block Size 32.0 KB
      Current Block Size 32.0 KB
      Peak Allocated Bytes 0 B
      Overflow Count 0
    [ALLOC_TEMP_Background Job.Worker 14]
      Initial Block Size 32.0 KB
      Current Block Size 32.0 KB
      Peak Allocated Bytes 0 B
      Overflow Count 0
    [ALLOC_TEMP_Job.Worker 7]
      Initial Block Size 256.0 KB
      Current Block Size 292.0 KB
      Peak Allocated Bytes 288.5 KB
      Overflow Count 1
[ALLOC_MEMORYPROFILER]
  Peak usage frame count: [256.0 KB-0.5 MB]: 1 frames
  Requested Block Size 1.0 MB
  Peak Block count 1
  Peak Allocated memory 272.9 KB
  Peak Large allocation bytes 0 B
[ALLOC_DEFAULT] Dual Thread Allocator
  Peak main deferred allocation count 998
    [ALLOC_BUCKET]
      Large Block size 32.0 MB
      Used Block count 1
      Peak Allocated bytes 4.8 MB
    [ALLOC_DEFAULT_MAIN]
      Peak usage frame count: [32.0 MB-64.0 MB]: 1 frames
      Requested Block Size 16.0 MB
      Peak Block count 4
      Peak Allocated memory 61.5 MB
      Peak Large allocation bytes 0 B
    [ALLOC_DEFAULT_THREAD]
      Peak usage frame count: [2.0 MB-4.0 MB]: 1 frames
      Requested Block Size 16.0 MB
      Peak Block count 1
      Peak Allocated memory 2.6 MB
      Peak Large allocation bytes 0 B
[ALLOC_TEMP_JOB_1_FRAME]
  Initial Block Size 2.0 MB
  Used Block Count 1
  Overflow Count (too large) 0
  Overflow Count (full) 0
[ALLOC_TEMP_JOB_2_FRAMES]
  Initial Block Size 2.0 MB
  Used Block Count 1
  Overflow Count (too large) 0
  Overflow Count (full) 0
[ALLOC_TEMP_JOB_4_FRAMES (JobTemp)]
  Initial Block Size 2.0 MB
  Used Block Count 12
  Overflow Count (too large) 0
  Overflow Count (full) 0
[ALLOC_TEMP_JOB_ASYNC (Background)]
  Initial Block Size 1.0 MB
  Used Block Count 8
  Overflow Count (too large) 0
  Overflow Count (full) 0
[ALLOC_GFX] Dual Thread Allocator
  Peak main deferred allocation count 0
    [ALLOC_BUCKET]
      Large Block size 32.0 MB
      Used Block count 1
      Peak Allocated bytes 4.8 MB
    [ALLOC_GFX_MAIN]
      Peak usage frame count: [4.0 MB-8.0 MB]: 1 frames
      Requested Block Size 16.0 MB
      Peak Block count 4
      Peak Allocated memory 59.5 MB
      Peak Large allocation bytes 21.3 MB
    [ALLOC_GFX_THREAD]
      Peak usage frame count: [0-1.0 KB]: 1 frames
      Requested Block Size 16.0 MB
      Peak Block count 1
      Peak Allocated memory 5.1 KB
      Peak Large allocation bytes 0 B
[ALLOC_CACHEOBJECTS] Dual Thread Allocator
  Peak main deferred allocation count 1203
    [ALLOC_BUCKET]
      Large Block size 32.0 MB
      Used Block count 1
      Peak Allocated bytes 4.8 MB
    [ALLOC_CACHEOBJECTS_MAIN]
      Peak usage frame count: [16.0 MB-32.0 MB]: 1 frames
      Requested Block Size 4.0 MB
      Peak Block count 8
      Peak Allocated memory 26.6 MB
      Peak Large allocation bytes 10.7 MB
    [ALLOC_CACHEOBJECTS_THREAD]
      Peak usage frame count: [0-1.0 KB]: 1 frames
      Requested Block Size 4.0 MB
      Peak Block count 0
      Peak Allocated memory 0 B
      Peak Large allocation bytes 0 B
[ALLOC_TYPETREE] Dual Thread Allocator
  Peak main deferred allocation count 1020
    [ALLOC_BUCKET]
      Large Block size 32.0 MB
      Used Block count 1
      Peak Allocated bytes 4.8 MB
    [ALLOC_TYPETREE_MAIN]
      Peak usage frame count: [4.0 MB-8.0 MB]: 1 frames
      Requested Block Size 2.0 MB
      Peak Block count 4
      Peak Allocated memory 6.9 MB
      Peak Large allocation bytes 0 B
    [ALLOC_TYPETREE_THREAD]
      Peak usage frame count: [0-1.0 KB]: 1 frames
      Requested Block Size 2.0 MB
      Peak Block count 0
      Peak Allocated memory 0 B
      Peak Large allocation bytes 0 B
[ALLOC_PROFILER]
  Peak usage frame count: [64.0 KB-128.0 KB]: 1 frames
  Requested Block Size 16.0 MB
  Peak Block count 1
  Peak Allocated memory 86.6 KB
  Peak Large allocation bytes 0 B
    [ALLOC_PROFILER_BUCKET]
      Large Block size 32.0 MB
      Used Block count 1
      Peak Allocated bytes 1.9 KB
[ALLOC_PROFILER_EDITOR]
  Peak usage frame count: [0-1.0 KB]: 1 frames
  Requested Block Size 1.0 MB
  Peak Block count 0
  Peak Allocated memory 0 B
  Peak Large allocation bytes 0 B
    [ALLOC_PROFILER_BUCKET]
      Large Block size 32.0 MB
      Used Block count 1
      Peak Allocated bytes 1.9 KB
##utp:{"type":"MemoryLeaks","version":2,"phase":"Immediate","time":1786698860802,"processId":2770044,"allocatedMemory":3797784,"memoryLabels":[{"Default":8639},{"Permanent":16120},{"Thread":1083572},{"Manager":32713},{"VertexData":12},{"Geometry":280},{"Texture":160},{"Shader":69203},{"Material":24},{"GfxDevice":35528},{"Animation":312},{"Audio":3976},{"Physics":289},{"Serialization":672},{"Input":26792},{"JobScheduler":200},{"Mono":40},{"ScriptingNativeRuntime":43520},{"BaseObject":1620252},{"Resource":944},{"Renderer":1936},{"Transform":48},{"File":804},{"WebCam":24},{"Culling":40},{"Terrain":1025},{"Wind":24},{"String":160115},{"DynamicArray":65101},{"HashMap":43932},{"Utility":14394},{"Curl":3751},{"PoolAlloc":32192},{"AI":40},{"TypeTree":2064},{"ScriptManager":368},{"RuntimeInitializeOnLoadManager":72},{"SpriteAtlas":112},{"GI":3320},{"Unet":16},{"Director":7816},{"CloudService":672},{"WebRequest":720},{"VR":46025},{"SceneManager":640},{"Video":72},{"LazyScriptCache":32},{"NativeArray":12},{"Camera":25},{"Secure":1},{"SerializationCache":624},{"APIUpdating":5872},{"Subsystems":48},{"VirtualTexturing":57560},{"StaticSafetyDebugInfo":327752},{"EditorGui":40},{"EditorUtility":7066},{"VersionControl":4},{"Undo":450},{"AssetDatabase":10586},{"RestService":1518},{"EditorGi":368},{"License":800},{"UnityConnect":29664},{"Collab":785},{"Upm":1504},{"DrivenProperties":80},{"HubClient":32},{"LocalIPC":99},{"ProfilerEditor":20133},{"CoreBusinessMetrics":2702},{"Licensing":1424},{"AssetReference":32}]}
