Unity Editor version:    2021.3.5f1 (40eb3a945986)
Branch:                  2021.3/staging
Build type:              Release
Batch mode:              YES
System name:             Linux
Distro version:          #35~24.04.1-Ubuntu SMP PREEMPT_DYNAMIC Tue May 26 19:30:42 UTC 2
Kernel version:          6.17.0-35-generic
Architecture:            x86_64
Available memory:        31688 MB
[SignatureVerifier] Application signature verification not supported on this platform.
[LicensingClient] Handshaking with LicensingClient (version: 1.17.4+4293ba1)
[Licensing::Module] Successfully connected to LicensingClient on channel: "LicenseClient-claw" (connect: 0.00s, validation: 0.01s, handshake: 0.00s)
Entitlement-based licensing initiated
[Licensing::Module] Error: Access token is unavailable
[LicensingClient] Licenses updated successfully

LICENSE SYSTEM [2026814 13:53:11] Next license update check is after 2026-08-15T11:53:11


LICENSE SYSTEM [2026814 13:53:11] Current license is already valid and activated. Skipping license activation process (Provided username/password will be ignored).
[Licensing::Module] Serial number assigned to: "F4-CYFX-Q64F-37F5-YX8Z-XXXX"
Pro License: NO

(Unity:2881386): Gdk-CRITICAL **: 13:53:11.400: gdk_window_get_cursor: assertion 'GDK_IS_WINDOW (window)' failed

(Unity:2881386): Gtk-CRITICAL **: 13:53:11.402: gtk_window_set_default_icon: assertion 'GDK_IS_PIXBUF (icon)' failed

(Unity:2881386): GLib-GObject-CRITICAL **: 13:53:11.402: g_object_unref: assertion 'G_IS_OBJECT (object)' failed
Desktop is 1280 x 1024 @ 60 Hz
Initialize udev device monitor.
[Package Manager] Server::Start -- Port 38967 was selected

COMMAND LINE ARGUMENTS:
/home/claw/unity-2021.3.5/Editor/Unity
-batchmode
-projectPath
/home/claw/gloomhaven_vr/unity/GloomhavenVR.Assets
-buildTarget
Win64
-executeMethod
GloomhavenVR.EnvironmentsPreview.RenderAll
-logFile
/home/claw/gloomhaven_vr/preview.log
Successfully changed project path to: /home/claw/gloomhaven_vr/unity/GloomhavenVR.Assets
/home/claw/gloomhaven_vr/unity/GloomhavenVR.Assets
[UnityMemory] Configuration Parameters - Can be set up in boot.config
    "memorysetup-bucket-allocator-granularity=16"
    "memorysetup-bucket-allocator-bucket-count=8"
    "memorysetup-bucket-allocator-block-size=33554432"
    "memorysetup-bucket-allocator-block-count=8"
    "memorysetup-main-allocator-block-size=16777216"
    "memorysetup-thread-allocator-block-size=16777216"
    "memorysetup-gfx-main-allocator-block-size=16777216"
    "memorysetup-gfx-thread-allocator-block-size=16777216"
    "memorysetup-cache-allocator-block-size=4194304"
    "memorysetup-typetree-allocator-block-size=2097152"
    "memorysetup-profiler-bucket-allocator-granularity=16"
    "memorysetup-profiler-bucket-allocator-bucket-count=8"
    "memorysetup-profiler-bucket-allocator-block-size=33554432"
    "memorysetup-profiler-bucket-allocator-block-count=8"
    "memorysetup-profiler-allocator-block-size=16777216"
    "memorysetup-profiler-editor-allocator-block-size=1048576"
    "memorysetup-temp-allocator-size-main=16777216"
    "memorysetup-job-temp-allocator-block-size=2097152"
    "memorysetup-job-temp-allocator-block-size-background=1048576"
    "memorysetup-job-temp-allocator-reduction-small-platforms=262144"
    "memorysetup-temp-allocator-size-background-worker=32768"
    "memorysetup-temp-allocator-size-job-worker=262144"
    "memorysetup-temp-allocator-size-preload-manager=33554432"
    "memorysetup-temp-allocator-size-nav-mesh-worker=65536"
    "memorysetup-temp-allocator-size-audio-worker=65536"
    "memorysetup-temp-allocator-size-cloud-worker=32768"
    "memorysetup-temp-allocator-size-gi-baking-worker=262144"
    "memorysetup-temp-allocator-size-gfx=262144"
[Package Manager] Restoring resolved packages state from cache
[Package Manager] 
Registered 41 packages:
  Packages from [https://packages.unity.com]:
    com.unity.inputsystem@1.7.0 (location: /home/claw/gloomhaven_vr/unity/GloomhavenVR.Assets/Library/PackageCache/com.unity.inputsystem@1.7.0)
    com.unity.xr.core-utils@2.3.0 (location: /home/claw/gloomhaven_vr/unity/GloomhavenVR.Assets/Library/PackageCache/com.unity.xr.core-utils@2.3.0)
    com.unity.xr.interaction.toolkit@2.6.5 (location: /home/claw/gloomhaven_vr/unity/GloomhavenVR.Assets/Library/PackageCache/com.unity.xr.interaction.toolkit@2.6.5)
    com.unity.xr.management@4.5.0 (location: /home/claw/gloomhaven_vr/unity/GloomhavenVR.Assets/Library/PackageCache/com.unity.xr.management@4.5.0)
    com.unity.xr.openxr@1.13.0 (location: /home/claw/gloomhaven_vr/unity/GloomhavenVR.Assets/Library/PackageCache/com.unity.xr.openxr@1.13.0)
    com.unity.mathematics@1.2.6 (location: /home/claw/gloomhaven_vr/unity/GloomhavenVR.Assets/Library/PackageCache/com.unity.mathematics@1.2.6)
    com.unity.xr.legacyinputhelpers@2.1.10 (location: /home/claw/gloomhaven_vr/unity/GloomhavenVR.Assets/Library/PackageCache/com.unity.xr.legacyinputhelpers@2.1.10)
  Built-in packages:
    com.unity.ugui@1.0.0 (location: /home/claw/gloomhaven_vr/unity/GloomhavenVR.Assets/Library/PackageCache/com.unity.ugui@1.0.0)
    com.unity.modules.ai@1.0.0 (location: /home/claw/gloomhaven_vr/unity/GloomhavenVR.Assets/Library/PackageCache/com.unity.modules.ai@1.0.0)
    com.unity.modules.androidjni@1.0.0 (location: /home/claw/gloomhaven_vr/unity/GloomhavenVR.Assets/Library/PackageCache/com.unity.modules.androidjni@1.0.0)
    com.unity.modules.animation@1.0.0 (location: /home/claw/gloomhaven_vr/unity/GloomhavenVR.Assets/Library/PackageCache/com.unity.modules.animation@1.0.0)
    com.unity.modules.assetbundle@1.0.0 (location: /home/claw/gloomhaven_vr/unity/GloomhavenVR.Assets/Library/PackageCache/com.unity.modules.assetbundle@1.0.0)
    com.unity.modules.audio@1.0.0 (location: /home/claw/gloomhaven_vr/unity/GloomhavenVR.Assets/Library/PackageCache/com.unity.modules.audio@1.0.0)
    com.unity.modules.cloth@1.0.0 (location: /home/claw/gloomhaven_vr/unity/GloomhavenVR.Assets/Library/PackageCache/com.unity.modules.cloth@1.0.0)
    com.unity.modules.director@1.0.0 (location: /home/claw/gloomhaven_vr/unity/GloomhavenVR.Assets/Library/PackageCache/com.unity.modules.director@1.0.0)
    com.unity.modules.imageconversion@1.0.0 (location: /home/claw/gloomhaven_vr/unity/GloomhavenVR.Assets/Library/PackageCache/com.unity.modules.imageconversion@1.0.0)
    com.unity.modules.imgui@1.0.0 (location: /home/claw/gloomhaven_vr/unity/GloomhavenVR.Assets/Library/PackageCache/com.unity.modules.imgui@1.0.0)
    com.unity.modules.jsonserialize@1.0.0 (location: /home/claw/gloomhaven_vr/unity/GloomhavenVR.Assets/Library/PackageCache/com.unity.modules.jsonserialize@1.0.0)
    com.unity.modules.particlesystem@1.0.0 (location: /home/claw/gloomhaven_vr/unity/GloomhavenVR.Assets/Library/PackageCache/com.unity.modules.particlesystem@1.0.0)
    com.unity.modules.physics@1.0.0 (location: /home/claw/gloomhaven_vr/unity/GloomhavenVR.Assets/Library/PackageCache/com.unity.modules.physics@1.0.0)
    com.unity.modules.physics2d@1.0.0 (location: /home/claw/gloomhaven_vr/unity/GloomhavenVR.Assets/Library/PackageCache/com.unity.modules.physics2d@1.0.0)
    com.unity.modules.screencapture@1.0.0 (location: /home/claw/gloomhaven_vr/unity/GloomhavenVR.Assets/Library/PackageCache/com.unity.modules.screencapture@1.0.0)
    com.unity.modules.terrain@1.0.0 (location: /home/claw/gloomhaven_vr/unity/GloomhavenVR.Assets/Library/PackageCache/com.unity.modules.terrain@1.0.0)
    com.unity.modules.terrainphysics@1.0.0 (location: /home/claw/gloomhaven_vr/unity/GloomhavenVR.Assets/Library/PackageCache/com.unity.modules.terrainphysics@1.0.0)
    com.unity.modules.tilemap@1.0.0 (location: /home/claw/gloomhaven_vr/unity/GloomhavenVR.Assets/Library/PackageCache/com.unity.modules.tilemap@1.0.0)
    com.unity.modules.ui@1.0.0 (location: /home/claw/gloomhaven_vr/unity/GloomhavenVR.Assets/Library/PackageCache/com.unity.modules.ui@1.0.0)
    com.unity.modules.uielements@1.0.0 (location: /home/claw/gloomhaven_vr/unity/GloomhavenVR.Assets/Library/PackageCache/com.unity.modules.uielements@1.0.0)
    com.unity.modules.umbra@1.0.0 (location: /home/claw/gloomhaven_vr/unity/GloomhavenVR.Assets/Library/PackageCache/com.unity.modules.umbra@1.0.0)
    com.unity.modules.unityanalytics@1.0.0 (location: /home/claw/gloomhaven_vr/unity/GloomhavenVR.Assets/Library/PackageCache/com.unity.modules.unityanalytics@1.0.0)
    com.unity.modules.unitywebrequest@1.0.0 (location: /home/claw/gloomhaven_vr/unity/GloomhavenVR.Assets/Library/PackageCache/com.unity.modules.unitywebrequest@1.0.0)
    com.unity.modules.unitywebrequestassetbundle@1.0.0 (location: /home/claw/gloomhaven_vr/unity/GloomhavenVR.Assets/Library/PackageCache/com.unity.modules.unitywebrequestassetbundle@1.0.0)
    com.unity.modules.unitywebrequestaudio@1.0.0 (location: /home/claw/gloomhaven_vr/unity/GloomhavenVR.Assets/Library/PackageCache/com.unity.modules.unitywebrequestaudio@1.0.0)
    com.unity.modules.unitywebrequesttexture@1.0.0 (location: /home/claw/gloomhaven_vr/unity/GloomhavenVR.Assets/Library/PackageCache/com.unity.modules.unitywebrequesttexture@1.0.0)
    com.unity.modules.unitywebrequestwww@1.0.0 (location: /home/claw/gloomhaven_vr/unity/GloomhavenVR.Assets/Library/PackageCache/com.unity.modules.unitywebrequestwww@1.0.0)
    com.unity.modules.vehicles@1.0.0 (location: /home/claw/gloomhaven_vr/unity/GloomhavenVR.Assets/Library/PackageCache/com.unity.modules.vehicles@1.0.0)
    com.unity.modules.video@1.0.0 (location: /home/claw/gloomhaven_vr/unity/GloomhavenVR.Assets/Library/PackageCache/com.unity.modules.video@1.0.0)
    com.unity.modules.vr@1.0.0 (location: /home/claw/gloomhaven_vr/unity/GloomhavenVR.Assets/Library/PackageCache/com.unity.modules.vr@1.0.0)
    com.unity.modules.wind@1.0.0 (location: /home/claw/gloomhaven_vr/unity/GloomhavenVR.Assets/Library/PackageCache/com.unity.modules.wind@1.0.0)
    com.unity.modules.xr@1.0.0 (location: /home/claw/gloomhaven_vr/unity/GloomhavenVR.Assets/Library/PackageCache/com.unity.modules.xr@1.0.0)
    com.unity.modules.subsystems@1.0.0 (location: /home/claw/gloomhaven_vr/unity/GloomhavenVR.Assets/Library/PackageCache/com.unity.modules.subsystems@1.0.0)
    com.unity.modules.uielementsnative@1.0.0 (location: /home/claw/gloomhaven_vr/unity/GloomhavenVR.Assets/Library/PackageCache/com.unity.modules.uielementsnative@1.0.0)

[Subsystems] Looking for new subsystems at path /home/claw/gloomhaven_vr/unity/GloomhavenVR.Assets/Library/PackageCache/com.unity.xr.openxr@1.13.0
[Subsystems] Novel subsystem found at Library/PackageCache/com.unity.xr.openxr@1.13.0/Runtime/UnitySubsystemsManifest.json
[Subsystems] Discovering subsystems at path /home/claw/unity-2021.3.5/Editor/Data/Resources/UnitySubsystems
[Subsystems] Discovering subsystems at path /home/claw/gloomhaven_vr/unity/GloomhavenVR.Assets/Assets
[Subsystems] Discovering subsystems at path /home/claw/gloomhaven_vr/unity/GloomhavenVR.Assets/Library/PackageCache/com.unity.xr.openxr@1.13.0
[Subsystems] No descriptors matched for  examples in Library/PackageCache/com.unity.xr.openxr@1.13.0/Runtime/UnitySubsystemsManifest.json.
[Subsystems] 1 'inputs' descriptors matched in Library/PackageCache/com.unity.xr.openxr@1.13.0/Runtime/UnitySubsystemsManifest.json
[Subsystems] 1 'displays' descriptors matched in Library/PackageCache/com.unity.xr.openxr@1.13.0/Runtime/UnitySubsystemsManifest.json
[Subsystems] No descriptors matched for  meshings in Library/PackageCache/com.unity.xr.openxr@1.13.0/Runtime/UnitySubsystemsManifest.json.
Package Manager log level set to [2]
[Package Manager] Done registering packages in 0.03s seconds
Targeting platform: Win64
Refreshing native plugins compatible for Editor in 6.94 ms, found 0 plugins.
Preloading 0 native plugins for Editor in 0.00 ms.
Initialize engine version: 2021.3.5f1 (40eb3a945986)
[Subsystems] Discovering subsystems at path /home/claw/unity-2021.3.5/Editor/Data/Resources/UnitySubsystems
[Subsystems] Discovering subsystems at path /home/claw/gloomhaven_vr/unity/GloomhavenVR.Assets/Assets
[Subsystems] Discovering subsystems at path /home/claw/gloomhaven_vr/unity/GloomhavenVR.Assets/Library/PackageCache/com.unity.xr.openxr@1.13.0
[Subsystems] No descriptors matched for  examples in Library/PackageCache/com.unity.xr.openxr@1.13.0/Runtime/UnitySubsystemsManifest.json.
[Subsystems] 1 'inputs' descriptors matched in Library/PackageCache/com.unity.xr.openxr@1.13.0/Runtime/UnitySubsystemsManifest.json
[Subsystems] 1 'displays' descriptors matched in Library/PackageCache/com.unity.xr.openxr@1.13.0/Runtime/UnitySubsystemsManifest.json
[Subsystems] No descriptors matched for  meshings in Library/PackageCache/com.unity.xr.openxr@1.13.0/Runtime/UnitySubsystemsManifest.json.
GLX Extensions: GLX_ARB_context_flush_control GLX_ARB_create_context GLX_ARB_create_context_no_error GLX_ARB_create_context_profile GLX_ARB_fbconfig_float GLX_ARB_framebuffer_sRGB GLX_ARB_get_proc_address GLX_ARB_multisample GLX_EXT_create_context_es2_profile GLX_EXT_create_context_es_profile GLX_EXT_fbconfig_packed_float GLX_EXT_framebuffer_sRGB GLX_EXT_no_config_context GLX_EXT_texture_from_pixmap GLX_EXT_visual_info GLX_EXT_visual_rating GLX_MESA_copy_sub_buffer GLX_MESA_gl_interop GLX_MESA_query_renderer GLX_SGIS_multisample GLX_SGIX_fbconfig GLX_SGIX_pbuffer GLX_SGIX_visual_select_group GLX_SGI_make_current_read 
Renderer: llvmpipe (LLVM 20.1.2, 256 bits)
Vendor:   Mesa
Version:  4.5 (Core Profile) Mesa 25.2.8-0ubuntu0.24.04.2
GLES:     0
 GL_3DFX_texture_compression_FXT1 GL_AMD_conservative_depth GL_AMD_draw_buffers_blend GL_AMD_gpu_shader_int64 GL_AMD_multi_draw_indirect GL_AMD_pinned_memory GL_AMD_query_buffer_object GL_AMD_seamless_cubemap_per_texture GL_AMD_shader_stencil_export GL_AMD_shader_trinary_minmax GL_AMD_texture_texture4 GL_AMD_vertex_shader_layer GL_AMD_vertex_shader_viewport_index GL_ANGLE_texture_compression_dxt3 GL_ANGLE_texture_compression_dxt5 GL_ARB_ES2_compatibility GL_ARB_ES3_1_compatibility GL_ARB_ES3_2_compatibility GL_ARB_ES3_compatibility GL_ARB_arrays_of_arrays GL_ARB_base_instance GL_ARB_blend_func_extended GL_ARB_buffer_storage GL_ARB_clear_buffer_object GL_ARB_clear_texture GL_ARB_clip_control GL_ARB_compressed_texture_pixel_storage GL_ARB_compute_shader GL_ARB_conditional_render_inverted GL_ARB_conservative_depth GL_ARB_copy_buffer GL_ARB_copy_image GL_ARB_cull_distance GL_ARB_debug_output GL_ARB_depth_buffer_float GL_ARB_depth_clamp GL_ARB_derivative_control GL_ARB_direct_state_access GL_ARB_draw_buffers GL_A
RB_draw_buffers_blend GL_ARB_draw_elements_base_vertex GL_ARB_draw_indirect GL_ARB_draw_instanced GL_ARB_enhanced_layouts GL_ARB_explicit_attrib_location GL_ARB_explicit_uniform_location GL_ARB_fragment_coord_conventions GL_ARB_fragment_layer_viewport GL_ARB_fragment_shader GL_ARB_framebuffer_no_attachments GL_ARB_framebuffer_object GL_ARB_framebuffer_sRGB GL_ARB_get_program_binary GL_ARB_get_texture_sub_image GL_ARB_gl_spirv GL_ARB_gpu_shader5 GL_ARB_gpu_shader_fp64 GL_ARB_gpu_shader_int64 GL_ARB_half_float_pixel GL_ARB_half_float_vertex GL_ARB_indirect_parameters GL_ARB_instanced_arrays GL_ARB_internalformat_query GL_ARB_internalformat_query2 GL_ARB_invalidate_subdata GL_ARB_map_buffer_alignment GL_ARB_map_buffer_range GL_ARB_multi_bind GL_ARB_multi_draw_indirect GL_ARB_occlusion_query2 GL_ARB_parallel_shader_compile GL_ARB_pipeline_statistics_query GL_ARB_pixel_buffer_object GL_ARB_point_sprite GL_ARB_polygon_offset_clamp GL_ARB_post_depth_coverage GL_ARB_program_interface_query GL_ARB_provoking_vertex GL
_ARB_query_buffer_object GL_ARB_robust_buffer_access_behavior GL_ARB_robustness GL_ARB_sample_shading GL_ARB_sampler_objects GL_ARB_seamless_cube_map GL_ARB_seamless_cubemap_per_texture GL_ARB_separate_shader_objects GL_ARB_shader_atomic_counter_ops GL_ARB_shader_atomic_counters GL_ARB_shader_ballot GL_ARB_shader_bit_encoding GL_ARB_shader_clock GL_ARB_shader_draw_parameters GL_ARB_shader_group_vote GL_ARB_shader_image_load_store GL_ARB_shader_image_size GL_ARB_shader_objects GL_ARB_shader_precision GL_ARB_shader_stencil_export GL_ARB_shader_storage_buffer_object GL_ARB_shader_subroutine GL_ARB_shader_texture_image_samples GL_ARB_shader_texture_lod GL_ARB_shader_viewport_layer_array GL_ARB_shading_language_420pack GL_ARB_shading_language_include GL_ARB_shading_language_packing GL_ARB_spirv_extensions GL_ARB_stencil_texturing GL_ARB_sync GL_ARB_tessellation_shader GL_ARB_texture_barrier GL_ARB_texture_border_clamp GL_ARB_texture_buffer_object GL_ARB_texture_buffer_object_rgb32 GL_ARB_texture_buffer_range GL_A
RB_texture_compression_bptc GL_ARB_texture_compression_rgtc GL_ARB_texture_cube_map_array GL_ARB_texture_filter_anisotropic GL_ARB_texture_filter_minmax GL_ARB_texture_float GL_ARB_texture_gather GL_ARB_texture_mirror_clamp_to_edge GL_ARB_texture_multisample GL_ARB_texture_non_power_of_two GL_ARB_texture_query_levels GL_ARB_texture_query_lod GL_ARB_texture_rectangle GL_ARB_texture_rg GL_ARB_texture_rgb10_a2ui GL_ARB_texture_stencil8 GL_ARB_texture_storage GL_ARB_texture_storage_multisample GL_ARB_texture_swizzle GL_ARB_texture_view GL_ARB_timer_query GL_ARB_transform_feedback2 GL_ARB_transform_feedback3 GL_ARB_transform_feedback_instanced GL_ARB_transform_feedback_overflow_query GL_ARB_uniform_buffer_object GL_ARB_vertex_array_bgra GL_ARB_vertex_array_object GL_ARB_vertex_attrib_64bit GL_ARB_vertex_attrib_binding GL_ARB_vertex_buffer_object GL_ARB_vertex_shader GL_ARB_vertex_type_10f_11f_11f_rev GL_ARB_vertex_type_2_10_10_10_rev GL_ARB_viewport_array GL_ARM_shader_framebuffer_fetch_depth_stencil GL_ATI_blend
_equation_separate GL_ATI_meminfo GL_ATI_texture_float GL_ATI_texture_mirror_once GL_EXT_EGL_image_storage GL_EXT_EGL_image_storage_compression GL_EXT_EGL_sync GL_EXT_abgr GL_EXT_blend_equation_separate GL_EXT_debug_label GL_EXT_draw_buffers2 GL_EXT_draw_instanced GL_EXT_framebuffer_blit GL_EXT_framebuffer_multisample GL_EXT_framebuffer_multisample_blit_scaled GL_EXT_framebuffer_object GL_EXT_framebuffer_sRGB GL_EXT_memory_object GL_EXT_memory_object_fd GL_EXT_packed_depth_stencil GL_EXT_packed_float GL_EXT_pixel_buffer_object GL_EXT_polygon_offset_clamp GL_EXT_provoking_vertex GL_EXT_shader_clock GL_EXT_shader_framebuffer_fetch GL_EXT_shader_framebuffer_fetch_non_coherent GL_EXT_shader_image_load_formatted GL_EXT_shader_integer_mix GL_EXT_texture_array GL_EXT_texture_compression_dxt1 GL_EXT_texture_compression_rgtc GL_EXT_texture_compression_s3tc GL_EXT_texture_filter_anisotropic GL_EXT_texture_filter_minmax GL_EXT_texture_integer GL_EXT_texture_mirror_clamp GL_EXT_texture_sRGB GL_EXT_texture_sRGB_R8 GL_EXT
_texture_sRGB_RG8 GL_EXT_texture_sRGB_decode GL_EXT_texture_shadow_lod GL_EXT_texture_shared_exponent GL_EXT_texture_snorm GL_EXT_texture_storage GL_EXT_texture_swizzle GL_EXT_timer_query GL_EXT_transform_feedback GL_EXT_vertex_array_bgra GL_EXT_vertex_attrib_64bit GL_IBM_multimode_draw_arrays GL_INTEL_shader_atomic_float_minmax GL_KHR_blend_equation_advanced GL_KHR_blend_equation_advanced_coherent GL_KHR_context_flush_control GL_KHR_debug GL_KHR_no_error GL_KHR_parallel_shader_compile GL_KHR_robust_buffer_access_behavior GL_KHR_robustness GL_KHR_texture_compression_astc_ldr GL_KHR_texture_compression_astc_sliced_3d GL_MESA_framebuffer_flip_y GL_MESA_pack_invert GL_MESA_shader_integer_functions GL_MESA_texture_signed_rgba GL_NVX_gpu_memory_info GL_NV_alpha_to_coverage_dither_control GL_NV_conditional_render GL_NV_copy_image GL_NV_depth_clamp GL_NV_packed_depth_stencil GL_NV_shader_atomic_float GL_NV_texture_barrier GL_OES_EGL_image GL_OVR_multiview GL_OVR_multiview2 GL_S3_s3tc
OPENGL LOG: Creating OpenGL 4.5 graphics device ; Context level  <OpenGL 4.5> ; Context handle -1047327968
Initialize mono
Mono path[0] = '/home/claw/unity-2021.3.5/Editor/Data/Managed'
Mono path[1] = '/home/claw/unity-2021.3.5/Editor/Data/MonoBleedingEdge/lib/mono/unityjit-linux'
Mono config path = '/home/claw/unity-2021.3.5/Editor/Data/MonoBleedingEdge/etc'
Using monoOptions --debugger-agent=transport=dt_socket,embedding=1,server=y,suspend=n,address=127.0.0.1:56386
Using cacheserver namespaces - metadata:defaultmetadata, artifacts:defaultartifacts
Using cacheserver namespaces - metadata:defaultmetadata, artifacts:defaultartifacts
ImportWorker Server TCP listen port: 0
AcceleratorClientConnectionCallback - disconnected - :0
Begin MonoManager ReloadAssembly
Registering precompiled unity dll's ...
Register platform support module: /home/claw/unity-2021.3.5/Editor/Data/PlaybackEngines/WindowsStandaloneSupport/UnityEditor.WindowsStandalone.Extensions.dll
Register platform support module: /home/claw/unity-2021.3.5/Editor/Data/PlaybackEngines/LinuxStandaloneSupport/UnityEditor.LinuxStandalone.Extensions.dll
Registered in 0.003065 seconds.
Native extension for LinuxStandalone target not found
Native extension for WindowsStandalone target not found
Refreshing native plugins compatible for Editor in 1.75 ms, found 0 plugins.
Preloading 0 native plugins for Editor in 0.00 ms.
Mono: successfully reloaded assembly
- Completed reload, in  0.486 seconds
Domain Reload Profiling:
	ReloadAssembly (486ms)
		BeginReloadAssembly (41ms)
			ExecutionOrderSort (0ms)
			DisableScriptedObjects (0ms)
			BackupInstance (0ms)
			ReleaseScriptingObjects (0ms)
			CreateAndSetChildDomain (1ms)
		EndReloadAssembly (364ms)
			LoadAssemblies (40ms)
			RebuildTransferFunctionScriptingTraits (0ms)
			SetupTypeCache (78ms)
			ReleaseScriptCaches (0ms)
			RebuildScriptCaches (40ms)
			SetupLoadedEditorAssemblies (204ms)
				LogAssemblyErrors (0ms)
				InitializePlatformSupportModulesInManaged (9ms)
				SetLoadedEditorAssemblies (0ms)
				RefreshPlugins (2ms)
				BeforeProcessingInitializeOnLoad (1ms)
				ProcessInitializeOnLoadAttributes (149ms)
				ProcessInitializeOnLoadMethodAttributes (43ms)
				AfterProcessingInitializeOnLoad (0ms)
				EditorAssembliesLoaded (0ms)
			ExecutionOrderSort2 (0ms)
			AwakeInstancesAfterBackupRestoration (0ms)
Platform modules already initialized, skipping
Application.AssetDatabase Initial Refresh Start
Registering precompiled user dll's ...
Registered in 0.002400 seconds.
Starting: /home/claw/unity-2021.3.5/Editor/Data/bee_backend --profile="Library/Bee/backend_profiler0.traceevents" --stdin-canary --dagfile="Library/Bee/1900b0aE.dag" --continue-on-failure ScriptAssemblies
WorkingDir: /home/claw/gloomhaven_vr/unity/GloomhavenVR.Assets
ExitCode: 0 Duration: 0s40ms
*** Tundra build success (0.01 seconds), 0 items updated, 300 evaluated
AssetDatabase: script compilation time: 0.292625s
Begin MonoManager ReloadAssembly
Native extension for LinuxStandalone target not found
Native extension for WindowsStandalone target not found
Refreshing native plugins compatible for Editor in 13.42 ms, found 0 plugins.
Preloading 0 native plugins for Editor in 0.00 ms.
System.ArgumentException: Invalid value of 'activeInputHandler' setting: -1
  at UnityEngine.InputSystem.Editor.EditorPlayerSettingHelpers.ActiveInputHandlerToTuple (System.Int32 value) [0x0002e] in /home/claw/gloomhaven_vr/unity/GloomhavenVR.Assets/Library/PackageCache/com.unity.inputsystem@1.7.0/InputSystem/Editor/Settings/EditorPlayerSettingHelpers.cs:124 
  at UnityEngine.InputSystem.Editor.EditorPlayerSettingHelpers.get_newSystemBackendsEnabled () [0x0000b] in /home/claw/gloomhaven_vr/unity/GloomhavenVR.Assets/Library/PackageCache/com.unity.inputsystem@1.7.0/InputSystem/Editor/Settings/EditorPlayerSettingHelpers.cs:20 
  at UnityEngine.InputSystem.InputSystem.InitializeInEditor (UnityEngine.InputSystem.LowLevel.IInputRuntime runtime) [0x00177] in /home/claw/gloomhaven_vr/unity/GloomhavenVR.Assets/Library/PackageCache/com.unity.inputsystem@1.7.0/InputSystem/InputSystem.cs:3463 
  at UnityEngine.InputSystem.InputSystem..cctor () [0x00000] in /home/claw/gloomhaven_vr/unity/GloomhavenVR.Assets/Library/PackageCache/com.unity.inputsystem@1.7.0/InputSystem/InputSystem.cs:3366 
UnityEngine.StackTraceUtility:ExtractStackTrace () (at /home/bokken/buildslave/unity/build/Runtime/Export/Scripting/StackTrace.cs:37)
UnityEngine.DebugLogHandler:LogFormat (UnityEngine.LogType,UnityEngine.Object,string,object[])
UnityEngine.Logger:Log (UnityEngine.LogType,object)
UnityEngine.Debug:LogError (object)
UnityEditor.EditorAssemblies:ProcessInitializeOnLoadAttributes (System.Type[]) (at /home/bokken/buildslave/unity/build/Editor/Mono/EditorAssemblies.cs:130)

(Filename: /home/bokken/buildslave/unity/build/Editor/Mono/EditorAssemblies.cs Line: 130)

System.TypeInitializationException: The type initializer for 'UnityEngine.InputSystem.InputSystem' threw an exception. ---> System.ArgumentException: Invalid value of 'activeInputHandler' setting: -1
  at UnityEngine.InputSystem.Editor.EditorPlayerSettingHelpers.ActiveInputHandlerToTuple (System.Int32 value) [0x0002e] in /home/claw/gloomhaven_vr/unity/GloomhavenVR.Assets/Library/PackageCache/com.unity.inputsystem@1.7.0/InputSystem/Editor/Settings/EditorPlayerSettingHelpers.cs:124 
  at UnityEngine.InputSystem.Editor.EditorPlayerSettingHelpers.get_newSystemBackendsEnabled () [0x0000b] in /home/claw/gloomhaven_vr/unity/GloomhavenVR.Assets/Library/PackageCache/com.unity.inputsystem@1.7.0/InputSystem/Editor/Settings/EditorPlayerSettingHelpers.cs:20 
  at UnityEngine.InputSystem.InputSystem.InitializeInEditor (UnityEngine.InputSystem.LowLevel.IInputRuntime runtime) [0x00177] in /home/claw/gloomhaven_vr/unity/GloomhavenVR.Assets/Library/PackageCache/com.unity.inputsystem@1.7.0/InputSystem/InputSystem.cs:3463 
  at UnityEngine.InputSystem.InputSystem..cctor () [0x00000] in /home/claw/gloomhaven_vr/unity/GloomhavenVR.Assets/Library/PackageCache/com.unity.inputsystem@1.7.0/InputSystem/InputSystem.cs:3366 
   --- End of inner exception stack trace ---
  at UnityEngine.XR.Interaction.Toolkit.Inputs.Simulation.SimulatedInputLayoutLoader.RegisterInputLayouts () [0x00000] in /home/claw/gloomhaven_vr/unity/GloomhavenVR.Assets/Library/PackageCache/com.unity.xr.interaction.toolkit@2.6.5/Runtime/Inputs/Simulation/SimulatedInputLayoutLoader.cs:40 
  at UnityEngine.XR.Interaction.Toolkit.Inputs.Simulation.SimulatedInputLayoutLoader..cctor () [0x00000] in /home/claw/gloomhaven_vr/unity/GloomhavenVR.Assets/Library/PackageCache/com.unity.xr.interaction.toolkit@2.6.5/Runtime/Inputs/Simulation/SimulatedInputLayoutLoader.cs:25 
UnityEngine.StackTraceUtility:ExtractStackTrace () (at /home/bokken/buildslave/unity/build/Runtime/Export/Scripting/StackTrace.cs:37)
UnityEngine.DebugLogHandler:LogFormat (UnityEngine.LogType,UnityEngine.Object,string,object[])
UnityEngine.Logger:Log (UnityEngine.LogType,object)
UnityEngine.Debug:LogError (object)
UnityEditor.EditorAssemblies:ProcessInitializeOnLoadAttributes (System.Type[]) (at /home/bokken/buildslave/unity/build/Editor/Mono/EditorAssemblies.cs:130)

(Filename: /home/bokken/buildslave/unity/build/Editor/Mono/EditorAssemblies.cs Line: 130)

System.TypeInitializationException: The type initializer for 'UnityEngine.InputSystem.InputSystem' threw an exception. ---> System.ArgumentException: Invalid value of 'activeInputHandler' setting: -1
  at UnityEngine.InputSystem.Editor.EditorPlayerSettingHelpers.ActiveInputHandlerToTuple (System.Int32 value) [0x0002e] in /home/claw/gloomhaven_vr/unity/GloomhavenVR.Assets/Library/PackageCache/com.unity.inputsystem@1.7.0/InputSystem/Editor/Settings/EditorPlayerSettingHelpers.cs:124 
  at UnityEngine.InputSystem.Editor.EditorPlayerSettingHelpers.get_newSystemBackendsEnabled () [0x0000b] in /home/claw/gloomhaven_vr/unity/GloomhavenVR.Assets/Library/PackageCache/com.unity.inputsystem@1.7.0/InputSystem/Editor/Settings/EditorPlayerSettingHelpers.cs:20 
  at UnityEngine.InputSystem.InputSystem.InitializeInEditor (UnityEngine.InputSystem.LowLevel.IInputRuntime runtime) [0x00177] in /home/claw/gloomhaven_vr/unity/GloomhavenVR.Assets/Library/PackageCache/com.unity.inputsystem@1.7.0/InputSystem/InputSystem.cs:3463 
  at UnityEngine.InputSystem.InputSystem..cctor () [0x00000] in /home/claw/gloomhaven_vr/unity/GloomhavenVR.Assets/Library/PackageCache/com.unity.inputsystem@1.7.0/InputSystem/InputSystem.cs:3366 
   --- End of inner exception stack trace ---
  at UnityEngine.XR.Interaction.Toolkit.Inputs.Interactions.SectorInteraction..cctor () [0x0000a] in /home/claw/gloomhaven_vr/unity/GloomhavenVR.Assets/Library/PackageCache/com.unity.xr.interaction.toolkit@2.6.5/Runtime/Inputs/Interactions/SectorInteraction.cs:282 
UnityEngine.StackTraceUtility:ExtractStackTrace () (at /home/bokken/buildslave/unity/build/Runtime/Export/Scripting/StackTrace.cs:37)
UnityEngine.DebugLogHandler:LogFormat (UnityEngine.LogType,UnityEngine.Object,string,object[])
UnityEngine.Logger:Log (UnityEngine.LogType,object)
UnityEngine.Debug:LogError (object)
UnityEditor.EditorAssemblies:ProcessInitializeOnLoadAttributes (System.Type[]) (at /home/bokken/buildslave/unity/build/Editor/Mono/EditorAssemblies.cs:130)

(Filename: /home/bokken/buildslave/unity/build/Editor/Mono/EditorAssemblies.cs Line: 130)

System.TypeInitializationException: The type initializer for 'UnityEngine.InputSystem.InputSystem' threw an exception. ---> System.ArgumentException: Invalid value of 'activeInputHandler' setting: -1
  at UnityEngine.InputSystem.Editor.EditorPlayerSettingHelpers.ActiveInputHandlerToTuple (System.Int32 value) [0x0002e] in /home/claw/gloomhaven_vr/unity/GloomhavenVR.Assets/Library/PackageCache/com.unity.inputsystem@1.7.0/InputSystem/Editor/Settings/EditorPlayerSettingHelpers.cs:124 
  at UnityEngine.InputSystem.Editor.EditorPlayerSettingHelpers.get_newSystemBackendsEnabled () [0x0000b] in /home/claw/gloomhaven_vr/unity/GloomhavenVR.Assets/Library/PackageCache/com.unity.inputsystem@1.7.0/InputSystem/Editor/Settings/EditorPlayerSettingHelpers.cs:20 
  at UnityEngine.InputSystem.InputSystem.InitializeInEditor (UnityEngine.InputSystem.LowLevel.IInputRuntime runtime) [0x00177] in /home/claw/gloomhaven_vr/unity/GloomhavenVR.Assets/Library/PackageCache/com.unity.inputsystem@1.7.0/InputSystem/InputSystem.cs:3463 
  at UnityEngine.InputSystem.InputSystem..cctor () [0x00000] in /home/claw/gloomhaven_vr/unity/GloomhavenVR.Assets/Library/PackageCache/com.unity.inputsystem@1.7.0/InputSystem/InputSystem.cs:3366 
   --- End of inner exception stack trace ---
  at UnityEngine.XR.Interaction.Toolkit.Inputs.Composites.Vector3FallbackComposite..cctor () [0x00000] in /home/claw/gloomhaven_vr/unity/GloomhavenVR.Assets/Library/PackageCache/com.unity.xr.interaction.toolkit@2.6.5/Runtime/Inputs/Composites/FallbackComposite.cs:73 
UnityEngine.StackTraceUtility:ExtractStackTrace () (at /home/bokken/buildslave/unity/build/Runtime/Export/Scripting/StackTrace.cs:37)
UnityEngine.DebugLogHandler:LogFormat (UnityEngine.LogType,UnityEngine.Object,string,object[])
UnityEngine.Logger:Log (UnityEngine.LogType,object)
UnityEngine.Debug:LogError (object)
UnityEditor.EditorAssemblies:ProcessInitializeOnLoadAttributes (System.Type[]) (at /home/bokken/buildslave/unity/build/Editor/Mono/EditorAssemblies.cs:130)

(Filename: /home/bokken/buildslave/unity/build/Editor/Mono/EditorAssemblies.cs Line: 130)

System.TypeInitializationException: The type initializer for 'UnityEngine.InputSystem.InputSystem' threw an exception. ---> System.ArgumentException: Invalid value of 'activeInputHandler' setting: -1
  at UnityEngine.InputSystem.Editor.EditorPlayerSettingHelpers.ActiveInputHandlerToTuple (System.Int32 value) [0x0002e] in /home/claw/gloomhaven_vr/unity/GloomhavenVR.Assets/Library/PackageCache/com.unity.inputsystem@1.7.0/InputSystem/Editor/Settings/EditorPlayerSettingHelpers.cs:124 
  at UnityEngine.InputSystem.Editor.EditorPlayerSettingHelpers.get_newSystemBackendsEnabled () [0x0000b] in /home/claw/gloomhaven_vr/unity/GloomhavenVR.Assets/Library/PackageCache/com.unity.inputsystem@1.7.0/InputSystem/Editor/Settings/EditorPlayerSettingHelpers.cs:20 
  at UnityEngine.InputSystem.InputSystem.InitializeInEditor (UnityEngine.InputSystem.LowLevel.IInputRuntime runtime) [0x00177] in /home/claw/gloomhaven_vr/unity/GloomhavenVR.Assets/Library/PackageCache/com.unity.inputsystem@1.7.0/InputSystem/InputSystem.cs:3463 
  at UnityEngine.InputSystem.InputSystem..cctor () [0x00000] in /home/claw/gloomhaven_vr/unity/GloomhavenVR.Assets/Library/PackageCache/com.unity.inputsystem@1.7.0/InputSystem/InputSystem.cs:3366 
   --- End of inner exception stack trace ---
  at UnityEngine.XR.Interaction.Toolkit.Inputs.Composites.QuaternionFallbackComposite..cctor () [0x00000] in /home/claw/gloomhaven_vr/unity/GloomhavenVR.Assets/Library/PackageCache/com.unity.xr.interaction.toolkit@2.6.5/Runtime/Inputs/Composites/FallbackComposite.cs:138 
UnityEngine.StackTraceUtility:ExtractStackTrace () (at /home/bokken/buildslave/unity/build/Runtime/Export/Scripting/StackTrace.cs:37)
UnityEngine.DebugLogHandler:LogFormat (UnityEngine.LogType,UnityEngine.Object,string,object[])
UnityEngine.Logger:Log (UnityEngine.LogType,object)
UnityEngine.Debug:LogError (object)
UnityEditor.EditorAssemblies:ProcessInitializeOnLoadAttributes (System.Type[]) (at /home/bokken/buildslave/unity/build/Editor/Mono/EditorAssemblies.cs:130)

(Filename: /home/bokken/buildslave/unity/build/Editor/Mono/EditorAssemblies.cs Line: 130)

System.TypeInitializationException: The type initializer for 'UnityEngine.InputSystem.InputSystem' threw an exception. ---> System.ArgumentException: Invalid value of 'activeInputHandler' setting: -1
  at UnityEngine.InputSystem.Editor.EditorPlayerSettingHelpers.ActiveInputHandlerToTuple (System.Int32 value) [0x0002e] in /home/claw/gloomhaven_vr/unity/GloomhavenVR.Assets/Library/PackageCache/com.unity.inputsystem@1.7.0/InputSystem/Editor/Settings/EditorPlayerSettingHelpers.cs:124 
  at UnityEngine.InputSystem.Editor.EditorPlayerSettingHelpers.get_newSystemBackendsEnabled () [0x0000b] in /home/claw/gloomhaven_vr/unity/GloomhavenVR.Assets/Library/PackageCache/com.unity.inputsystem@1.7.0/InputSystem/Editor/Settings/EditorPlayerSettingHelpers.cs:20 
  at UnityEngine.InputSystem.InputSystem.InitializeInEditor (UnityEngine.InputSystem.LowLevel.IInputRuntime runtime) [0x00177] in /home/claw/gloomhaven_vr/unity/GloomhavenVR.Assets/Library/PackageCache/com.unity.inputsystem@1.7.0/InputSystem/InputSystem.cs:3463 
  at UnityEngine.InputSystem.InputSystem..cctor () [0x00000] in /home/claw/gloomhaven_vr/unity/GloomhavenVR.Assets/Library/PackageCache/com.unity.inputsystem@1.7.0/InputSystem/InputSystem.cs:3366 
   --- End of inner exception stack trace ---
  at UnityEngine.XR.Interaction.Toolkit.Inputs.Composites.IntegerFallbackComposite..cctor () [0x00000] in /home/claw/gloomhaven_vr/unity/GloomhavenVR.Assets/Library/PackageCache/com.unity.xr.interaction.toolkit@2.6.5/Runtime/Inputs/Composites/FallbackComposite.cs:203 
UnityEngine.StackTraceUtility:ExtractStackTrace () (at /home/bokken/buildslave/unity/build/Runtime/Export/Scripting/StackTrace.cs:37)
UnityEngine.DebugLogHandler:LogFormat (UnityEngine.LogType,UnityEngine.Object,string,object[])
UnityEngine.Logger:Log (UnityEngine.LogType,object)
UnityEngine.Debug:LogError (object)
UnityEditor.EditorAssemblies:ProcessInitializeOnLoadAttributes (System.Type[]) (at /home/bokken/buildslave/unity/build/Editor/Mono/EditorAssemblies.cs:130)

(Filename: /home/bokken/buildslave/unity/build/Editor/Mono/EditorAssemblies.cs Line: 130)

System.TypeInitializationException: The type initializer for 'UnityEngine.InputSystem.InputSystem' threw an exception. ---> System.ArgumentException: Invalid value of 'activeInputHandler' setting: -1
  at UnityEngine.InputSystem.Editor.EditorPlayerSettingHelpers.ActiveInputHandlerToTuple (System.Int32 value) [0x0002e] in /home/claw/gloomhaven_vr/unity/GloomhavenVR.Assets/Library/PackageCache/com.unity.inputsystem@1.7.0/InputSystem/Editor/Settings/EditorPlayerSettingHelpers.cs:124 
  at UnityEngine.InputSystem.Editor.EditorPlayerSettingHelpers.get_newSystemBackendsEnabled () [0x0000b] in /home/claw/gloomhaven_vr/unity/GloomhavenVR.Assets/Library/PackageCache/com.unity.inputsystem@1.7.0/InputSystem/Editor/Settings/EditorPlayerSettingHelpers.cs:20 
  at UnityEngine.InputSystem.InputSystem.InitializeInEditor (UnityEngine.InputSystem.LowLevel.IInputRuntime runtime) [0x00177] in /home/claw/gloomhaven_vr/unity/GloomhavenVR.Assets/Library/PackageCache/com.unity.inputsystem@1.7.0/InputSystem/InputSystem.cs:3463 
  at UnityEngine.InputSystem.InputSystem..cctor () [0x00000] in /home/claw/gloomhaven_vr/unity/GloomhavenVR.Assets/Library/PackageCache/com.unity.inputsystem@1.7.0/InputSystem/InputSystem.cs:3366 
   --- End of inner exception stack trace ---
  at UnityEngine.XR.Interaction.Toolkit.Inputs.Composites.ButtonFallbackComposite..cctor () [0x00000] in /home/claw/gloomhaven_vr/unity/GloomhavenVR.Assets/Library/PackageCache/com.unity.xr.interaction.toolkit@2.6.5/Runtime/Inputs/Composites/FallbackComposite.cs:279 
UnityEngine.StackTraceUtility:ExtractStackTrace () (at /home/bokken/buildslave/unity/build/Runtime/Export/Scripting/StackTrace.cs:37)
UnityEngine.DebugLogHandler:LogFormat (UnityEngine.LogType,UnityEngine.Object,string,object[])
UnityEngine.Logger:Log (UnityEngine.LogType,object)
UnityEngine.Debug:LogError (object)
UnityEditor.EditorAssemblies:ProcessInitializeOnLoadAttributes (System.Type[]) (at /home/bokken/buildslave/unity/build/Editor/Mono/EditorAssemblies.cs:130)

(Filename: /home/bokken/buildslave/unity/build/Editor/Mono/EditorAssemblies.cs Line: 130)

Mono: successfully reloaded assembly
- Completed reload, in  0.571 seconds
Domain Reload Profiling:
	ReloadAssembly (571ms)
		BeginReloadAssembly (91ms)
			ExecutionOrderSort (0ms)
			DisableScriptedObjects (4ms)
			BackupInstance (0ms)
			ReleaseScriptingObjects (0ms)
			CreateAndSetChildDomain (20ms)
		EndReloadAssembly (431ms)
			LoadAssemblies (35ms)
			RebuildTransferFunctionScriptingTraits (0ms)
			SetupTypeCache (94ms)
			ReleaseScriptCaches (1ms)
			RebuildScriptCaches (33ms)
			SetupLoadedEditorAssemblies (225ms)
				LogAssemblyErrors (0ms)
				InitializePlatformSupportModulesInManaged (8ms)
				SetLoadedEditorAssemblies (0ms)
				RefreshPlugins (13ms)
				BeforeProcessingInitializeOnLoad (33ms)
				ProcessInitializeOnLoadAttributes (149ms)
				ProcessInitializeOnLoadMethodAttributes (18ms)
				AfterProcessingInitializeOnLoad (3ms)
				EditorAssembliesLoaded (0ms)
			ExecutionOrderSort2 (0ms)
			AwakeInstancesAfterBackupRestoration (3ms)
Platform modules already initialized, skipping
Registering precompiled user dll's ...
Registered in 0.001550 seconds.
Asset Pipeline Refresh: Total: 1.552 seconds - Initiated by InitialRefreshV2(ForceSynchronousImport)
	Summary:
		Imports: total=332 (actual=0, local cache=332, cache server=0)
		Asset DB Process Time: managed=0 ms, native=261 ms
		Asset DB Callback time: managed=20 ms, native=0 ms
		Scripting: domain reloads=1, domain reload time=620 ms, compile time=294 ms, other=355 ms
		Project Asset Count: scripts=2063, non-scripts=556
		Asset File Changes: new=0, changed=0, moved=0, deleted=0
		Scan Filter Count: 1
	InvokeBeforeRefreshCallbacks: 0.119ms
	ApplyChangesToAssetFolders: 0.033ms
	Scan: 210.070ms
	OnSourceAssetsModified: 0.001ms
	InitializeImportedAssetsSnapshot: 4.012ms
	GetAllGuidsForCategorization: 0.224ms
	CategorizeAssets: 29.599ms
	ImportOutOfDateAssets: 1280.041ms (985.402ms without children)
		CompileScripts: 293.856ms
		ReloadImportedAssets: 0.011ms
		EnsureUptoDateAssetsAreRegisteredWithGuidPM: 0.396ms
		InitializingProgressBar: 0.003ms
		PostProcessAllAssetNotificationsAddChangedAssets: 0.204ms
		OnDemandSchedulerStart: 0.169ms
	ReloadSourceAssets: 0.250ms
	UnloadImportedAssets: 6.370ms
	PostProcessAllAssets: 20.648ms
	GatherAllCurrentPrimaryArtifactRevisions: 0.000ms
	UnloadStreamsBegin: 0.165ms
	LoadedImportedAssetsSnapshotReleaseGCHandles: 0.469ms
	GetLoadedSourceAssetsSnapshot: 0.266ms
	PersistCurrentRevisions: 0.103ms
	UnloadStreamsEnd: 0.009ms
	GenerateScriptTypeHashes: 0.832ms
	Untracked: 20.269ms
Application.AssetDatabase Initial Refresh End
Launched and connected shader compiler UnityShaderCompiler after 0.01 seconds
Scanning for USB devices : 1.032ms
Initializing Unity extensions:
UpdateMenuTitleForLanguage: 10
[MODES] ModeService[none].Initialize
[MODES] ModeService[none].LoadModes
[MODES] Loading mode Default (0) for mode-current-id-GloomhavenVR.Assets
ProgressiveSceneManager::Cancel()
Unloading 153 Unused Serialized files (Serialized files now loaded: 0)
Unloading 202 unused Assets / (0.7 MB). Loaded Objects now: 2059.
Memory consumption went from 81.2 MB to 80.5 MB.
Total: 3.377817 ms (FindLiveObjects: 0.089383 ms CreateObjectMapping: 0.028049 ms MarkObjects: 2.712695 ms  DeleteObjects: 0.546973 ms)

Unloading 42 Unused Serialized files (Serialized files now loaded: 0)
Unloading 304 unused Assets / (48.9 KB). Loaded Objects now: 2059.
Memory consumption went from 80.7 MB to 80.6 MB.
Total: 2.885586 ms (FindLiveObjects: 0.087781 ms CreateObjectMapping: 0.030943 ms MarkObjects: 2.655979 ms  DeleteObjects: 0.109868 ms)

[GloomhavenVR][EnvPreview] wrote /tmp/claude-1000/-home-claw-gloomhaven-vr/e3713fea-50d1-40b9-9862-dd2fbd9817f7/scratchpad/prev2/env_cellar_N.png
UnityEngine.StackTraceUtility:ExtractStackTrace () (at /home/bokken/buildslave/unity/build/Runtime/Export/Scripting/StackTrace.cs:37)
UnityEngine.DebugLogHandler:LogFormat (UnityEngine.LogType,UnityEngine.Object,string,object[])
UnityEngine.Logger:Log (UnityEngine.LogType,object)
UnityEngine.Debug:Log (object)
GloomhavenVR.EnvironmentsPreview:<Render>g__Shoot|15_1 (string,UnityEngine.Vector3,UnityEngine.Vector3,bool,single,string,GloomhavenVR.EnvironmentsPreview/<>c__DisplayClass15_0&,GloomhavenVR.EnvironmentsPreview/<>c__DisplayClass15_1&,GloomhavenVR.EnvironmentsPreview/<>c__DisplayClass15_2&) (at Assets/Editor/PreviewEnvironments.cs:444)
GloomhavenVR.EnvironmentsPreview:Render () (at Assets/Editor/PreviewEnvironments.cs:460)
GloomhavenVR.EnvironmentsPreview:RenderAll () (at Assets/Editor/PreviewEnvironments.cs:334)

(Filename: Assets/Editor/PreviewEnvironments.cs Line: 444)

[GloomhavenVR][EnvPreview] wrote /tmp/claude-1000/-home-claw-gloomhaven-vr/e3713fea-50d1-40b9-9862-dd2fbd9817f7/scratchpad/prev2/env_cellar_E.png
UnityEngine.StackTraceUtility:ExtractStackTrace () (at /home/bokken/buildslave/unity/build/Runtime/Export/Scripting/StackTrace.cs:37)
UnityEngine.DebugLogHandler:LogFormat (UnityEngine.LogType,UnityEngine.Object,string,object[])
UnityEngine.Logger:Log (UnityEngine.LogType,object)
UnityEngine.Debug:Log (object)
GloomhavenVR.EnvironmentsPreview:<Render>g__Shoot|15_1 (string,UnityEngine.Vector3,UnityEngine.Vector3,bool,single,string,GloomhavenVR.EnvironmentsPreview/<>c__DisplayClass15_0&,GloomhavenVR.EnvironmentsPreview/<>c__DisplayClass15_1&,GloomhavenVR.EnvironmentsPreview/<>c__DisplayClass15_2&) (at Assets/Editor/PreviewEnvironments.cs:444)
GloomhavenVR.EnvironmentsPreview:Render () (at Assets/Editor/PreviewEnvironments.cs:460)
GloomhavenVR.EnvironmentsPreview:RenderAll () (at Assets/Editor/PreviewEnvironments.cs:334)

(Filename: Assets/Editor/PreviewEnvironments.cs Line: 444)

[GloomhavenVR][EnvPreview] wrote /tmp/claude-1000/-home-claw-gloomhaven-vr/e3713fea-50d1-40b9-9862-dd2fbd9817f7/scratchpad/prev2/env_cellar_S.png
UnityEngine.StackTraceUtility:ExtractStackTrace () (at /home/bokken/buildslave/unity/build/Runtime/Export/Scripting/StackTrace.cs:37)
UnityEngine.DebugLogHandler:LogFormat (UnityEngine.LogType,UnityEngine.Object,string,object[])
UnityEngine.Logger:Log (UnityEngine.LogType,object)
UnityEngine.Debug:Log (object)
GloomhavenVR.EnvironmentsPreview:<Render>g__Shoot|15_1 (string,UnityEngine.Vector3,UnityEngine.Vector3,bool,single,string,GloomhavenVR.EnvironmentsPreview/<>c__DisplayClass15_0&,GloomhavenVR.EnvironmentsPreview/<>c__DisplayClass15_1&,GloomhavenVR.EnvironmentsPreview/<>c__DisplayClass15_2&) (at Assets/Editor/PreviewEnvironments.cs:444)
GloomhavenVR.EnvironmentsPreview:Render () (at Assets/Editor/PreviewEnvironments.cs:460)
GloomhavenVR.EnvironmentsPreview:RenderAll () (at Assets/Editor/PreviewEnvironments.cs:334)

(Filename: Assets/Editor/PreviewEnvironments.cs Line: 444)

[GloomhavenVR][EnvPreview] wrote /tmp/claude-1000/-home-claw-gloomhaven-vr/e3713fea-50d1-40b9-9862-dd2fbd9817f7/scratchpad/prev2/env_cellar_W.png
UnityEngine.StackTraceUtility:ExtractStackTrace () (at /home/bokken/buildslave/unity/build/Runtime/Export/Scripting/StackTrace.cs:37)
UnityEngine.DebugLogHandler:LogFormat (UnityEngine.LogType,UnityEngine.Object,string,object[])
UnityEngine.Logger:Log (UnityEngine.LogType,object)
UnityEngine.Debug:Log (object)
GloomhavenVR.EnvironmentsPreview:<Render>g__Shoot|15_1 (string,UnityEngine.Vector3,UnityEngine.Vector3,bool,single,string,GloomhavenVR.EnvironmentsPreview/<>c__DisplayClass15_0&,GloomhavenVR.EnvironmentsPreview/<>c__DisplayClass15_1&,GloomhavenVR.EnvironmentsPreview/<>c__DisplayClass15_2&) (at Assets/Editor/PreviewEnvironments.cs:444)
GloomhavenVR.EnvironmentsPreview:Render () (at Assets/Editor/PreviewEnvironments.cs:460)
GloomhavenVR.EnvironmentsPreview:RenderAll () (at Assets/Editor/PreviewEnvironments.cs:334)

(Filename: Assets/Editor/PreviewEnvironments.cs Line: 444)

[GloomhavenVR][EnvPreview] wrote /tmp/claude-1000/-home-claw-gloomhaven-vr/e3713fea-50d1-40b9-9862-dd2fbd9817f7/scratchpad/prev2/env_cellar_Corner.png
UnityEngine.StackTraceUtility:ExtractStackTrace () (at /home/bokken/buildslave/unity/build/Runtime/Export/Scripting/StackTrace.cs:37)
UnityEngine.DebugLogHandler:LogFormat (UnityEngine.LogType,UnityEngine.Object,string,object[])
UnityEngine.Logger:Log (UnityEngine.LogType,object)
UnityEngine.Debug:Log (object)
GloomhavenVR.EnvironmentsPreview:<Render>g__Shoot|15_1 (string,UnityEngine.Vector3,UnityEngine.Vector3,bool,single,string,GloomhavenVR.EnvironmentsPreview/<>c__DisplayClass15_0&,GloomhavenVR.EnvironmentsPreview/<>c__DisplayClass15_1&,GloomhavenVR.EnvironmentsPreview/<>c__DisplayClass15_2&) (at Assets/Editor/PreviewEnvironments.cs:444)
GloomhavenVR.EnvironmentsPreview:Render () (at Assets/Editor/PreviewEnvironments.cs:460)
GloomhavenVR.EnvironmentsPreview:RenderAll () (at Assets/Editor/PreviewEnvironments.cs:334)

(Filename: Assets/Editor/PreviewEnvironments.cs Line: 444)

[GloomhavenVR][EnvPreview] wrote /tmp/claude-1000/-home-claw-gloomhaven-vr/e3713fea-50d1-40b9-9862-dd2fbd9817f7/scratchpad/prev2/env_cellar_Up.png
UnityEngine.StackTraceUtility:ExtractStackTrace () (at /home/bokken/buildslave/unity/build/Runtime/Export/Scripting/StackTrace.cs:37)
UnityEngine.DebugLogHandler:LogFormat (UnityEngine.LogType,UnityEngine.Object,string,object[])
UnityEngine.Logger:Log (UnityEngine.LogType,object)
UnityEngine.Debug:Log (object)
GloomhavenVR.EnvironmentsPreview:<Render>g__Shoot|15_1 (string,UnityEngine.Vector3,UnityEngine.Vector3,bool,single,string,GloomhavenVR.EnvironmentsPreview/<>c__DisplayClass15_0&,GloomhavenVR.EnvironmentsPreview/<>c__DisplayClass15_1&,GloomhavenVR.EnvironmentsPreview/<>c__DisplayClass15_2&) (at Assets/Editor/PreviewEnvironments.cs:444)
GloomhavenVR.EnvironmentsPreview:Render () (at Assets/Editor/PreviewEnvironments.cs:460)
GloomhavenVR.EnvironmentsPreview:RenderAll () (at Assets/Editor/PreviewEnvironments.cs:334)

(Filename: Assets/Editor/PreviewEnvironments.cs Line: 444)

[GloomhavenVR][EnvPreview] wrote /tmp/claude-1000/-home-claw-gloomhaven-vr/e3713fea-50d1-40b9-9862-dd2fbd9817f7/scratchpad/prev2/env_cellar_Canopy.png
UnityEngine.StackTraceUtility:ExtractStackTrace () (at /home/bokken/buildslave/unity/build/Runtime/Export/Scripting/StackTrace.cs:37)
UnityEngine.DebugLogHandler:LogFormat (UnityEngine.LogType,UnityEngine.Object,string,object[])
UnityEngine.Logger:Log (UnityEngine.LogType,object)
UnityEngine.Debug:Log (object)
GloomhavenVR.EnvironmentsPreview:<Render>g__Shoot|15_1 (string,UnityEngine.Vector3,UnityEngine.Vector3,bool,single,string,GloomhavenVR.EnvironmentsPreview/<>c__DisplayClass15_0&,GloomhavenVR.EnvironmentsPreview/<>c__DisplayClass15_1&,GloomhavenVR.EnvironmentsPreview/<>c__DisplayClass15_2&) (at Assets/Editor/PreviewEnvironments.cs:444)
GloomhavenVR.EnvironmentsPreview:Render () (at Assets/Editor/PreviewEnvironments.cs:460)
GloomhavenVR.EnvironmentsPreview:RenderAll () (at Assets/Editor/PreviewEnvironments.cs:334)

(Filename: Assets/Editor/PreviewEnvironments.cs Line: 444)

[GloomhavenVR][EnvPreview] wrote /tmp/claude-1000/-home-claw-gloomhaven-vr/e3713fea-50d1-40b9-9862-dd2fbd9817f7/scratchpad/prev2/env_cellar_Zenith.png
UnityEngine.StackTraceUtility:ExtractStackTrace () (at /home/bokken/buildslave/unity/build/Runtime/Export/Scripting/StackTrace.cs:37)
UnityEngine.DebugLogHandler:LogFormat (UnityEngine.LogType,UnityEngine.Object,string,object[])
UnityEngine.Logger:Log (UnityEngine.LogType,object)
UnityEngine.Debug:Log (object)
GloomhavenVR.EnvironmentsPreview:<Render>g__Shoot|15_1 (string,UnityEngine.Vector3,UnityEngine.Vector3,bool,single,string,GloomhavenVR.EnvironmentsPreview/<>c__DisplayClass15_0&,GloomhavenVR.EnvironmentsPreview/<>c__DisplayClass15_1&,GloomhavenVR.EnvironmentsPreview/<>c__DisplayClass15_2&) (at Assets/Editor/PreviewEnvironments.cs:444)
GloomhavenVR.EnvironmentsPreview:Render () (at Assets/Editor/PreviewEnvironments.cs:460)
GloomhavenVR.EnvironmentsPreview:RenderAll () (at Assets/Editor/PreviewEnvironments.cs:334)

(Filename: Assets/Editor/PreviewEnvironments.cs Line: 444)

[GloomhavenVR][EnvPreview] wrote /tmp/claude-1000/-home-claw-gloomhaven-vr/e3713fea-50d1-40b9-9862-dd2fbd9817f7/scratchpad/prev2/env_cellar_LowS.png
UnityEngine.StackTraceUtility:ExtractStackTrace () (at /home/bokken/buildslave/unity/build/Runtime/Export/Scripting/StackTrace.cs:37)
UnityEngine.DebugLogHandler:LogFormat (UnityEngine.LogType,UnityEngine.Object,string,object[])
UnityEngine.Logger:Log (UnityEngine.LogType,object)
UnityEngine.Debug:Log (object)
GloomhavenVR.EnvironmentsPreview:<Render>g__Shoot|15_1 (string,UnityEngine.Vector3,UnityEngine.Vector3,bool,single,string,GloomhavenVR.EnvironmentsPreview/<>c__DisplayClass15_0&,GloomhavenVR.EnvironmentsPreview/<>c__DisplayClass15_1&,GloomhavenVR.EnvironmentsPreview/<>c__DisplayClass15_2&) (at Assets/Editor/PreviewEnvironments.cs:444)
GloomhavenVR.EnvironmentsPreview:Render () (at Assets/Editor/PreviewEnvironments.cs:460)
GloomhavenVR.EnvironmentsPreview:RenderAll () (at Assets/Editor/PreviewEnvironments.cs:334)

(Filename: Assets/Editor/PreviewEnvironments.cs Line: 444)

[GloomhavenVR][EnvPreview] wrote /tmp/claude-1000/-home-claw-gloomhaven-vr/e3713fea-50d1-40b9-9862-dd2fbd9817f7/scratchpad/prev2/env_cellar_LowN.png
UnityEngine.StackTraceUtility:ExtractStackTrace () (at /home/bokken/buildslave/unity/build/Runtime/Export/Scripting/StackTrace.cs:37)
UnityEngine.DebugLogHandler:LogFormat (UnityEngine.LogType,UnityEngine.Object,string,object[])
UnityEngine.Logger:Log (UnityEngine.LogType,object)
UnityEngine.Debug:Log (object)
GloomhavenVR.EnvironmentsPreview:<Render>g__Shoot|15_1 (string,UnityEngine.Vector3,UnityEngine.Vector3,bool,single,string,GloomhavenVR.EnvironmentsPreview/<>c__DisplayClass15_0&,GloomhavenVR.EnvironmentsPreview/<>c__DisplayClass15_1&,GloomhavenVR.EnvironmentsPreview/<>c__DisplayClass15_2&) (at Assets/Editor/PreviewEnvironments.cs:444)
GloomhavenVR.EnvironmentsPreview:Render () (at Assets/Editor/PreviewEnvironments.cs:460)
GloomhavenVR.EnvironmentsPreview:RenderAll () (at Assets/Editor/PreviewEnvironments.cs:334)

(Filename: Assets/Editor/PreviewEnvironments.cs Line: 444)

[GloomhavenVR][EnvPreview] wrote /tmp/claude-1000/-home-claw-gloomhaven-vr/e3713fea-50d1-40b9-9862-dd2fbd9817f7/scratchpad/prev2/env_cellar_LowW.png
UnityEngine.StackTraceUtility:ExtractStackTrace () (at /home/bokken/buildslave/unity/build/Runtime/Export/Scripting/StackTrace.cs:37)
UnityEngine.DebugLogHandler:LogFormat (UnityEngine.LogType,UnityEngine.Object,string,object[])
UnityEngine.Logger:Log (UnityEngine.LogType,object)
UnityEngine.Debug:Log (object)
GloomhavenVR.EnvironmentsPreview:<Render>g__Shoot|15_1 (string,UnityEngine.Vector3,UnityEngine.Vector3,bool,single,string,GloomhavenVR.EnvironmentsPreview/<>c__DisplayClass15_0&,GloomhavenVR.EnvironmentsPreview/<>c__DisplayClass15_1&,GloomhavenVR.EnvironmentsPreview/<>c__DisplayClass15_2&) (at Assets/Editor/PreviewEnvironments.cs:444)
GloomhavenVR.EnvironmentsPreview:Render () (at Assets/Editor/PreviewEnvironments.cs:460)
GloomhavenVR.EnvironmentsPreview:RenderAll () (at Assets/Editor/PreviewEnvironments.cs:334)

(Filename: Assets/Editor/PreviewEnvironments.cs Line: 444)

[GloomhavenVR][EnvPreview] wrote /tmp/claude-1000/-home-claw-gloomhaven-vr/e3713fea-50d1-40b9-9862-dd2fbd9817f7/scratchpad/prev2/env_cellar_Edge.png
UnityEngine.StackTraceUtility:ExtractStackTrace () (at /home/bokken/buildslave/unity/build/Runtime/Export/Scripting/StackTrace.cs:37)
UnityEngine.DebugLogHandler:LogFormat (UnityEngine.LogType,UnityEngine.Object,string,object[])
UnityEngine.Logger:Log (UnityEngine.LogType,object)
UnityEngine.Debug:Log (object)
GloomhavenVR.EnvironmentsPreview:<Render>g__Shoot|15_1 (string,UnityEngine.Vector3,UnityEngine.Vector3,bool,single,string,GloomhavenVR.EnvironmentsPreview/<>c__DisplayClass15_0&,GloomhavenVR.EnvironmentsPreview/<>c__DisplayClass15_1&,GloomhavenVR.EnvironmentsPreview/<>c__DisplayClass15_2&) (at Assets/Editor/PreviewEnvironments.cs:444)
GloomhavenVR.EnvironmentsPreview:Render () (at Assets/Editor/PreviewEnvironments.cs:460)
GloomhavenVR.EnvironmentsPreview:RenderAll () (at Assets/Editor/PreviewEnvironments.cs:334)

(Filename: Assets/Editor/PreviewEnvironments.cs Line: 444)

[GloomhavenVR][EnvPreview] wrote /tmp/claude-1000/-home-claw-gloomhaven-vr/e3713fea-50d1-40b9-9862-dd2fbd9817f7/scratchpad/prev2/env_cellar_SkyOnly.png
UnityEngine.StackTraceUtility:ExtractStackTrace () (at /home/bokken/buildslave/unity/build/Runtime/Export/Scripting/StackTrace.cs:37)
UnityEngine.DebugLogHandler:LogFormat (UnityEngine.LogType,UnityEngine.Object,string,object[])
UnityEngine.Logger:Log (UnityEngine.LogType,object)
UnityEngine.Debug:Log (object)
GloomhavenVR.EnvironmentsPreview:<Render>g__Shoot|15_1 (string,UnityEngine.Vector3,UnityEngine.Vector3,bool,single,string,GloomhavenVR.EnvironmentsPreview/<>c__DisplayClass15_0&,GloomhavenVR.EnvironmentsPreview/<>c__DisplayClass15_1&,GloomhavenVR.EnvironmentsPreview/<>c__DisplayClass15_2&) (at Assets/Editor/PreviewEnvironments.cs:444)
GloomhavenVR.EnvironmentsPreview:Render () (at Assets/Editor/PreviewEnvironments.cs:460)
GloomhavenVR.EnvironmentsPreview:RenderAll () (at Assets/Editor/PreviewEnvironments.cs:334)

(Filename: Assets/Editor/PreviewEnvironments.cs Line: 444)

[GloomhavenVR][EnvPreview] wrote /tmp/claude-1000/-home-claw-gloomhaven-vr/e3713fea-50d1-40b9-9862-dd2fbd9817f7/scratchpad/prev2/env_cellar_SkyBand.png
UnityEngine.StackTraceUtility:ExtractStackTrace () (at /home/bokken/buildslave/unity/build/Runtime/Export/Scripting/StackTrace.cs:37)
UnityEngine.DebugLogHandler:LogFormat (UnityEngine.LogType,UnityEngine.Object,string,object[])
UnityEngine.Logger:Log (UnityEngine.LogType,object)
UnityEngine.Debug:Log (object)
GloomhavenVR.EnvironmentsPreview:<Render>g__Shoot|15_1 (string,UnityEngine.Vector3,UnityEngine.Vector3,bool,single,string,GloomhavenVR.EnvironmentsPreview/<>c__DisplayClass15_0&,GloomhavenVR.EnvironmentsPreview/<>c__DisplayClass15_1&,GloomhavenVR.EnvironmentsPreview/<>c__DisplayClass15_2&) (at Assets/Editor/PreviewEnvironments.cs:444)
GloomhavenVR.EnvironmentsPreview:Render () (at Assets/Editor/PreviewEnvironments.cs:460)
GloomhavenVR.EnvironmentsPreview:RenderAll () (at Assets/Editor/PreviewEnvironments.cs:334)

(Filename: Assets/Editor/PreviewEnvironments.cs Line: 444)

[GloomhavenVR][EnvPreview] wrote /tmp/claude-1000/-home-claw-gloomhaven-vr/e3713fea-50d1-40b9-9862-dd2fbd9817f7/scratchpad/prev2/env_cellar_Moon.png
UnityEngine.StackTraceUtility:ExtractStackTrace () (at /home/bokken/buildslave/unity/build/Runtime/Export/Scripting/StackTrace.cs:37)
UnityEngine.DebugLogHandler:LogFormat (UnityEngine.LogType,UnityEngine.Object,string,object[])
UnityEngine.Logger:Log (UnityEngine.LogType,object)
UnityEngine.Debug:Log (object)
GloomhavenVR.EnvironmentsPreview:<Render>g__Shoot|15_1 (string,UnityEngine.Vector3,UnityEngine.Vector3,bool,single,string,GloomhavenVR.EnvironmentsPreview/<>c__DisplayClass15_0&,GloomhavenVR.EnvironmentsPreview/<>c__DisplayClass15_1&,GloomhavenVR.EnvironmentsPreview/<>c__DisplayClass15_2&) (at Assets/Editor/PreviewEnvironments.cs:444)
GloomhavenVR.EnvironmentsPreview:Render () (at Assets/Editor/PreviewEnvironments.cs:460)
GloomhavenVR.EnvironmentsPreview:RenderAll () (at Assets/Editor/PreviewEnvironments.cs:334)

(Filename: Assets/Editor/PreviewEnvironments.cs Line: 444)

[GloomhavenVR][EnvPreview] wrote /tmp/claude-1000/-home-claw-gloomhaven-vr/e3713fea-50d1-40b9-9862-dd2fbd9817f7/scratchpad/prev2/env_cellar_MoonWide.png
UnityEngine.StackTraceUtility:ExtractStackTrace () (at /home/bokken/buildslave/unity/build/Runtime/Export/Scripting/StackTrace.cs:37)
UnityEngine.DebugLogHandler:LogFormat (UnityEngine.LogType,UnityEngine.Object,string,object[])
UnityEngine.Logger:Log (UnityEngine.LogType,object)
UnityEngine.Debug:Log (object)
GloomhavenVR.EnvironmentsPreview:<Render>g__Shoot|15_1 (string,UnityEngine.Vector3,UnityEngine.Vector3,bool,single,string,GloomhavenVR.EnvironmentsPreview/<>c__DisplayClass15_0&,GloomhavenVR.EnvironmentsPreview/<>c__DisplayClass15_1&,GloomhavenVR.EnvironmentsPreview/<>c__DisplayClass15_2&) (at Assets/Editor/PreviewEnvironments.cs:444)
GloomhavenVR.EnvironmentsPreview:Render () (at Assets/Editor/PreviewEnvironments.cs:460)
GloomhavenVR.EnvironmentsPreview:RenderAll () (at Assets/Editor/PreviewEnvironments.cs:334)

(Filename: Assets/Editor/PreviewEnvironments.cs Line: 444)

[GloomhavenVR][EnvPreview] wrote /tmp/claude-1000/-home-claw-gloomhaven-vr/e3713fea-50d1-40b9-9862-dd2fbd9817f7/scratchpad/prev2/env_cellar_MoonSky.png
UnityEngine.StackTraceUtility:ExtractStackTrace () (at /home/bokken/buildslave/unity/build/Runtime/Export/Scripting/StackTrace.cs:37)
UnityEngine.DebugLogHandler:LogFormat (UnityEngine.LogType,UnityEngine.Object,string,object[])
UnityEngine.Logger:Log (UnityEngine.LogType,object)
UnityEngine.Debug:Log (object)
GloomhavenVR.EnvironmentsPreview:<Render>g__Shoot|15_1 (string,UnityEngine.Vector3,UnityEngine.Vector3,bool,single,string,GloomhavenVR.EnvironmentsPreview/<>c__DisplayClass15_0&,GloomhavenVR.EnvironmentsPreview/<>c__DisplayClass15_1&,GloomhavenVR.EnvironmentsPreview/<>c__DisplayClass15_2&) (at Assets/Editor/PreviewEnvironments.cs:444)
GloomhavenVR.EnvironmentsPreview:Render () (at Assets/Editor/PreviewEnvironments.cs:460)
GloomhavenVR.EnvironmentsPreview:RenderAll () (at Assets/Editor/PreviewEnvironments.cs:334)

(Filename: Assets/Editor/PreviewEnvironments.cs Line: 444)

[GloomhavenVR][EnvPreview] wrote /tmp/claude-1000/-home-claw-gloomhaven-vr/e3713fea-50d1-40b9-9862-dd2fbd9817f7/scratchpad/prev2/env_cellar_TreeLine.png
UnityEngine.StackTraceUtility:ExtractStackTrace () (at /home/bokken/buildslave/unity/build/Runtime/Export/Scripting/StackTrace.cs:37)
UnityEngine.DebugLogHandler:LogFormat (UnityEngine.LogType,UnityEngine.Object,string,object[])
UnityEngine.Logger:Log (UnityEngine.LogType,object)
UnityEngine.Debug:Log (object)
GloomhavenVR.EnvironmentsPreview:<Render>g__Shoot|15_1 (string,UnityEngine.Vector3,UnityEngine.Vector3,bool,single,string,GloomhavenVR.EnvironmentsPreview/<>c__DisplayClass15_0&,GloomhavenVR.EnvironmentsPreview/<>c__DisplayClass15_1&,GloomhavenVR.EnvironmentsPreview/<>c__DisplayClass15_2&) (at Assets/Editor/PreviewEnvironments.cs:444)
GloomhavenVR.EnvironmentsPreview:Render () (at Assets/Editor/PreviewEnvironments.cs:460)
GloomhavenVR.EnvironmentsPreview:RenderAll () (at Assets/Editor/PreviewEnvironments.cs:334)

(Filename: Assets/Editor/PreviewEnvironments.cs Line: 444)

[GloomhavenVR][EnvPreview] wrote /tmp/claude-1000/-home-claw-gloomhaven-vr/e3713fea-50d1-40b9-9862-dd2fbd9817f7/scratchpad/prev2/env_cellar_TreeLineLow.png
UnityEngine.StackTraceUtility:ExtractStackTrace () (at /home/bokken/buildslave/unity/build/Runtime/Export/Scripting/StackTrace.cs:37)
UnityEngine.DebugLogHandler:LogFormat (UnityEngine.LogType,UnityEngine.Object,string,object[])
UnityEngine.Logger:Log (UnityEngine.LogType,object)
UnityEngine.Debug:Log (object)
GloomhavenVR.EnvironmentsPreview:<Render>g__Shoot|15_1 (string,UnityEngine.Vector3,UnityEngine.Vector3,bool,single,string,GloomhavenVR.EnvironmentsPreview/<>c__DisplayClass15_0&,GloomhavenVR.EnvironmentsPreview/<>c__DisplayClass15_1&,GloomhavenVR.EnvironmentsPreview/<>c__DisplayClass15_2&) (at Assets/Editor/PreviewEnvironments.cs:444)
GloomhavenVR.EnvironmentsPreview:Render () (at Assets/Editor/PreviewEnvironments.cs:460)
GloomhavenVR.EnvironmentsPreview:RenderAll () (at Assets/Editor/PreviewEnvironments.cs:334)

(Filename: Assets/Editor/PreviewEnvironments.cs Line: 444)

[GloomhavenVR][EnvPreview] wrote /tmp/claude-1000/-home-claw-gloomhaven-vr/e3713fea-50d1-40b9-9862-dd2fbd9817f7/scratchpad/prev2/env_cellar_DarkCornerSW.png
UnityEngine.StackTraceUtility:ExtractStackTrace () (at /home/bokken/buildslave/unity/build/Runtime/Export/Scripting/StackTrace.cs:37)
UnityEngine.DebugLogHandler:LogFormat (UnityEngine.LogType,UnityEngine.Object,string,object[])
UnityEngine.Logger:Log (UnityEngine.LogType,object)
UnityEngine.Debug:Log (object)
GloomhavenVR.EnvironmentsPreview:<Render>g__Shoot|15_1 (string,UnityEngine.Vector3,UnityEngine.Vector3,bool,single,string,GloomhavenVR.EnvironmentsPreview/<>c__DisplayClass15_0&,GloomhavenVR.EnvironmentsPreview/<>c__DisplayClass15_1&,GloomhavenVR.EnvironmentsPreview/<>c__DisplayClass15_2&) (at Assets/Editor/PreviewEnvironments.cs:444)
GloomhavenVR.EnvironmentsPreview:Render () (at Assets/Editor/PreviewEnvironments.cs:460)
GloomhavenVR.EnvironmentsPreview:RenderAll () (at Assets/Editor/PreviewEnvironments.cs:334)

(Filename: Assets/Editor/PreviewEnvironments.cs Line: 444)

[GloomhavenVR][EnvPreview] wrote /tmp/claude-1000/-home-claw-gloomhaven-vr/e3713fea-50d1-40b9-9862-dd2fbd9817f7/scratchpad/prev2/env_cellar_DarkCornerNW.png
UnityEngine.StackTraceUtility:ExtractStackTrace () (at /home/bokken/buildslave/unity/build/Runtime/Export/Scripting/StackTrace.cs:37)
UnityEngine.DebugLogHandler:LogFormat (UnityEngine.LogType,UnityEngine.Object,string,object[])
UnityEngine.Logger:Log (UnityEngine.LogType,object)
UnityEngine.Debug:Log (object)
GloomhavenVR.EnvironmentsPreview:<Render>g__Shoot|15_1 (string,UnityEngine.Vector3,UnityEngine.Vector3,bool,single,string,GloomhavenVR.EnvironmentsPreview/<>c__DisplayClass15_0&,GloomhavenVR.EnvironmentsPreview/<>c__DisplayClass15_1&,GloomhavenVR.EnvironmentsPreview/<>c__DisplayClass15_2&) (at Assets/Editor/PreviewEnvironments.cs:444)
GloomhavenVR.EnvironmentsPreview:Render () (at Assets/Editor/PreviewEnvironments.cs:460)
GloomhavenVR.EnvironmentsPreview:RenderAll () (at Assets/Editor/PreviewEnvironments.cs:334)

(Filename: Assets/Editor/PreviewEnvironments.cs Line: 444)

[GloomhavenVR][EnvPreview] wrote /tmp/claude-1000/-home-claw-gloomhaven-vr/e3713fea-50d1-40b9-9862-dd2fbd9817f7/scratchpad/prev2/env_cellar_Window.png
UnityEngine.StackTraceUtility:ExtractStackTrace () (at /home/bokken/buildslave/unity/build/Runtime/Export/Scripting/StackTrace.cs:37)
UnityEngine.DebugLogHandler:LogFormat (UnityEngine.LogType,UnityEngine.Object,string,object[])
UnityEngine.Logger:Log (UnityEngine.LogType,object)
UnityEngine.Debug:Log (object)
GloomhavenVR.EnvironmentsPreview:<Render>g__Shoot|15_1 (string,UnityEngine.Vector3,UnityEngine.Vector3,bool,single,string,GloomhavenVR.EnvironmentsPreview/<>c__DisplayClass15_0&,GloomhavenVR.EnvironmentsPreview/<>c__DisplayClass15_1&,GloomhavenVR.EnvironmentsPreview/<>c__DisplayClass15_2&) (at Assets/Editor/PreviewEnvironments.cs:444)
GloomhavenVR.EnvironmentsPreview:Render () (at Assets/Editor/PreviewEnvironments.cs:460)
GloomhavenVR.EnvironmentsPreview:RenderAll () (at Assets/Editor/PreviewEnvironments.cs:334)

(Filename: Assets/Editor/PreviewEnvironments.cs Line: 444)

[GloomhavenVR][EnvPreview] wrote /tmp/claude-1000/-home-claw-gloomhaven-vr/e3713fea-50d1-40b9-9862-dd2fbd9817f7/scratchpad/prev2/env_cellar_WindowClose.png
UnityEngine.StackTraceUtility:ExtractStackTrace () (at /home/bokken/buildslave/unity/build/Runtime/Export/Scripting/StackTrace.cs:37)
UnityEngine.DebugLogHandler:LogFormat (UnityEngine.LogType,UnityEngine.Object,string,object[])
UnityEngine.Logger:Log (UnityEngine.LogType,object)
UnityEngine.Debug:Log (object)
GloomhavenVR.EnvironmentsPreview:<Render>g__Shoot|15_1 (string,UnityEngine.Vector3,UnityEngine.Vector3,bool,single,string,GloomhavenVR.EnvironmentsPreview/<>c__DisplayClass15_0&,GloomhavenVR.EnvironmentsPreview/<>c__DisplayClass15_1&,GloomhavenVR.EnvironmentsPreview/<>c__DisplayClass15_2&) (at Assets/Editor/PreviewEnvironments.cs:444)
GloomhavenVR.EnvironmentsPreview:Render () (at Assets/Editor/PreviewEnvironments.cs:460)
GloomhavenVR.EnvironmentsPreview:RenderAll () (at Assets/Editor/PreviewEnvironments.cs:334)

(Filename: Assets/Editor/PreviewEnvironments.cs Line: 444)

[GloomhavenVR][EnvPreview] wrote /tmp/claude-1000/-home-claw-gloomhaven-vr/e3713fea-50d1-40b9-9862-dd2fbd9817f7/scratchpad/prev2/env_cellar_Puddle.png
UnityEngine.StackTraceUtility:ExtractStackTrace () (at /home/bokken/buildslave/unity/build/Runtime/Export/Scripting/StackTrace.cs:37)
UnityEngine.DebugLogHandler:LogFormat (UnityEngine.LogType,UnityEngine.Object,string,object[])
UnityEngine.Logger:Log (UnityEngine.LogType,object)
UnityEngine.Debug:Log (object)
GloomhavenVR.EnvironmentsPreview:<Render>g__Shoot|15_1 (string,UnityEngine.Vector3,UnityEngine.Vector3,bool,single,string,GloomhavenVR.EnvironmentsPreview/<>c__DisplayClass15_0&,GloomhavenVR.EnvironmentsPreview/<>c__DisplayClass15_1&,GloomhavenVR.EnvironmentsPreview/<>c__DisplayClass15_2&) (at Assets/Editor/PreviewEnvironments.cs:444)
GloomhavenVR.EnvironmentsPreview:Render () (at Assets/Editor/PreviewEnvironments.cs:460)
GloomhavenVR.EnvironmentsPreview:RenderAll () (at Assets/Editor/PreviewEnvironments.cs:334)

(Filename: Assets/Editor/PreviewEnvironments.cs Line: 444)

[GloomhavenVR][EnvPreview] wrote /tmp/claude-1000/-home-claw-gloomhaven-vr/e3713fea-50d1-40b9-9862-dd2fbd9817f7/scratchpad/prev2/env_cellar_PuddleLow.png
UnityEngine.StackTraceUtility:ExtractStackTrace () (at /home/bokken/buildslave/unity/build/Runtime/Export/Scripting/StackTrace.cs:37)
UnityEngine.DebugLogHandler:LogFormat (UnityEngine.LogType,UnityEngine.Object,string,object[])
UnityEngine.Logger:Log (UnityEngine.LogType,object)
UnityEngine.Debug:Log (object)
GloomhavenVR.EnvironmentsPreview:<Render>g__Shoot|15_1 (string,UnityEngine.Vector3,UnityEngine.Vector3,bool,single,string,GloomhavenVR.EnvironmentsPreview/<>c__DisplayClass15_0&,GloomhavenVR.EnvironmentsPreview/<>c__DisplayClass15_1&,GloomhavenVR.EnvironmentsPreview/<>c__DisplayClass15_2&) (at Assets/Editor/PreviewEnvironments.cs:444)
GloomhavenVR.EnvironmentsPreview:Render () (at Assets/Editor/PreviewEnvironments.cs:460)
GloomhavenVR.EnvironmentsPreview:RenderAll () (at Assets/Editor/PreviewEnvironments.cs:334)

(Filename: Assets/Editor/PreviewEnvironments.cs Line: 444)

[GloomhavenVR][EnvPreview] wrote /tmp/claude-1000/-home-claw-gloomhaven-vr/e3713fea-50d1-40b9-9862-dd2fbd9817f7/scratchpad/prev2/env_cellar_DripColumn.png
UnityEngine.StackTraceUtility:ExtractStackTrace () (at /home/bokken/buildslave/unity/build/Runtime/Export/Scripting/StackTrace.cs:37)
UnityEngine.DebugLogHandler:LogFormat (UnityEngine.LogType,UnityEngine.Object,string,object[])
UnityEngine.Logger:Log (UnityEngine.LogType,object)
UnityEngine.Debug:Log (object)
GloomhavenVR.EnvironmentsPreview:<Render>g__Shoot|15_1 (string,UnityEngine.Vector3,UnityEngine.Vector3,bool,single,string,GloomhavenVR.EnvironmentsPreview/<>c__DisplayClass15_0&,GloomhavenVR.EnvironmentsPreview/<>c__DisplayClass15_1&,GloomhavenVR.EnvironmentsPreview/<>c__DisplayClass15_2&) (at Assets/Editor/PreviewEnvironments.cs:444)
GloomhavenVR.EnvironmentsPreview:Render () (at Assets/Editor/PreviewEnvironments.cs:460)
GloomhavenVR.EnvironmentsPreview:RenderAll () (at Assets/Editor/PreviewEnvironments.cs:334)

(Filename: Assets/Editor/PreviewEnvironments.cs Line: 444)

[GloomhavenVR][EnvPreview] wrote /tmp/claude-1000/-home-claw-gloomhaven-vr/e3713fea-50d1-40b9-9862-dd2fbd9817f7/scratchpad/prev2/env_cellar_RatRun.png
UnityEngine.StackTraceUtility:ExtractStackTrace () (at /home/bokken/buildslave/unity/build/Runtime/Export/Scripting/StackTrace.cs:37)
UnityEngine.DebugLogHandler:LogFormat (UnityEngine.LogType,UnityEngine.Object,string,object[])
UnityEngine.Logger:Log (UnityEngine.LogType,object)
UnityEngine.Debug:Log (object)
GloomhavenVR.EnvironmentsPreview:<Render>g__Shoot|15_1 (string,UnityEngine.Vector3,UnityEngine.Vector3,bool,single,string,GloomhavenVR.EnvironmentsPreview/<>c__DisplayClass15_0&,GloomhavenVR.EnvironmentsPreview/<>c__DisplayClass15_1&,GloomhavenVR.EnvironmentsPreview/<>c__DisplayClass15_2&) (at Assets/Editor/PreviewEnvironments.cs:444)
GloomhavenVR.EnvironmentsPreview:Render () (at Assets/Editor/PreviewEnvironments.cs:460)
GloomhavenVR.EnvironmentsPreview:RenderAll () (at Assets/Editor/PreviewEnvironments.cs:334)

(Filename: Assets/Editor/PreviewEnvironments.cs Line: 444)

[GloomhavenVR][EnvPreview] wrote /tmp/claude-1000/-home-claw-gloomhaven-vr/e3713fea-50d1-40b9-9862-dd2fbd9817f7/scratchpad/prev2/env_cellar_RatBeam.png
UnityEngine.StackTraceUtility:ExtractStackTrace () (at /home/bokken/buildslave/unity/build/Runtime/Export/Scripting/StackTrace.cs:37)
UnityEngine.DebugLogHandler:LogFormat (UnityEngine.LogType,UnityEngine.Object,string,object[])
UnityEngine.Logger:Log (UnityEngine.LogType,object)
UnityEngine.Debug:Log (object)
GloomhavenVR.EnvironmentsPreview:<Render>g__Shoot|15_1 (string,UnityEngine.Vector3,UnityEngine.Vector3,bool,single,string,GloomhavenVR.EnvironmentsPreview/<>c__DisplayClass15_0&,GloomhavenVR.EnvironmentsPreview/<>c__DisplayClass15_1&,GloomhavenVR.EnvironmentsPreview/<>c__DisplayClass15_2&) (at Assets/Editor/PreviewEnvironments.cs:444)
GloomhavenVR.EnvironmentsPreview:Render () (at Assets/Editor/PreviewEnvironments.cs:460)
GloomhavenVR.EnvironmentsPreview:RenderAll () (at Assets/Editor/PreviewEnvironments.cs:334)

(Filename: Assets/Editor/PreviewEnvironments.cs Line: 444)

[GloomhavenVR][EnvPreview] wrote /tmp/claude-1000/-home-claw-gloomhaven-vr/e3713fea-50d1-40b9-9862-dd2fbd9817f7/scratchpad/prev2/env_cellar_RatLow.png
UnityEngine.StackTraceUtility:ExtractStackTrace () (at /home/bokken/buildslave/unity/build/Runtime/Export/Scripting/StackTrace.cs:37)
UnityEngine.DebugLogHandler:LogFormat (UnityEngine.LogType,UnityEngine.Object,string,object[])
UnityEngine.Logger:Log (UnityEngine.LogType,object)
UnityEngine.Debug:Log (object)
GloomhavenVR.EnvironmentsPreview:<Render>g__Shoot|15_1 (string,UnityEngine.Vector3,UnityEngine.Vector3,bool,single,string,GloomhavenVR.EnvironmentsPreview/<>c__DisplayClass15_0&,GloomhavenVR.EnvironmentsPreview/<>c__DisplayClass15_1&,GloomhavenVR.EnvironmentsPreview/<>c__DisplayClass15_2&) (at Assets/Editor/PreviewEnvironments.cs:444)
GloomhavenVR.EnvironmentsPreview:Render () (at Assets/Editor/PreviewEnvironments.cs:460)
GloomhavenVR.EnvironmentsPreview:RenderAll () (at Assets/Editor/PreviewEnvironments.cs:334)

(Filename: Assets/Editor/PreviewEnvironments.cs Line: 444)

[GloomhavenVR][EnvPreview] wrote /tmp/claude-1000/-home-claw-gloomhaven-vr/e3713fea-50d1-40b9-9862-dd2fbd9817f7/scratchpad/prev2/env_cellar_RatEnd.png
UnityEngine.StackTraceUtility:ExtractStackTrace () (at /home/bokken/buildslave/unity/build/Runtime/Export/Scripting/StackTrace.cs:37)
UnityEngine.DebugLogHandler:LogFormat (UnityEngine.LogType,UnityEngine.Object,string,object[])
UnityEngine.Logger:Log (UnityEngine.LogType,object)
UnityEngine.Debug:Log (object)
GloomhavenVR.EnvironmentsPreview:<Render>g__Shoot|15_1 (string,UnityEngine.Vector3,UnityEngine.Vector3,bool,single,string,GloomhavenVR.EnvironmentsPreview/<>c__DisplayClass15_0&,GloomhavenVR.EnvironmentsPreview/<>c__DisplayClass15_1&,GloomhavenVR.EnvironmentsPreview/<>c__DisplayClass15_2&) (at Assets/Editor/PreviewEnvironments.cs:444)
GloomhavenVR.EnvironmentsPreview:Render () (at Assets/Editor/PreviewEnvironments.cs:460)
GloomhavenVR.EnvironmentsPreview:RenderAll () (at Assets/Editor/PreviewEnvironments.cs:334)

(Filename: Assets/Editor/PreviewEnvironments.cs Line: 444)

[GloomhavenVR][EnvPreview] wrote /tmp/claude-1000/-home-claw-gloomhaven-vr/e3713fea-50d1-40b9-9862-dd2fbd9817f7/scratchpad/prev2/env_cellar_Web.png
UnityEngine.StackTraceUtility:ExtractStackTrace () (at /home/bokken/buildslave/unity/build/Runtime/Export/Scripting/StackTrace.cs:37)
UnityEngine.DebugLogHandler:LogFormat (UnityEngine.LogType,UnityEngine.Object,string,object[])
UnityEngine.Logger:Log (UnityEngine.LogType,object)
UnityEngine.Debug:Log (object)
GloomhavenVR.EnvironmentsPreview:<Render>g__Shoot|15_1 (string,UnityEngine.Vector3,UnityEngine.Vector3,bool,single,string,GloomhavenVR.EnvironmentsPreview/<>c__DisplayClass15_0&,GloomhavenVR.EnvironmentsPreview/<>c__DisplayClass15_1&,GloomhavenVR.EnvironmentsPreview/<>c__DisplayClass15_2&) (at Assets/Editor/PreviewEnvironments.cs:444)
GloomhavenVR.EnvironmentsPreview:Render () (at Assets/Editor/PreviewEnvironments.cs:460)
GloomhavenVR.EnvironmentsPreview:RenderAll () (at Assets/Editor/PreviewEnvironments.cs:334)

(Filename: Assets/Editor/PreviewEnvironments.cs Line: 444)

[GloomhavenVR][EnvPreview] wrote /tmp/claude-1000/-home-claw-gloomhaven-vr/e3713fea-50d1-40b9-9862-dd2fbd9817f7/scratchpad/prev2/env_cellar_WebCorner.png
UnityEngine.StackTraceUtility:ExtractStackTrace () (at /home/bokken/buildslave/unity/build/Runtime/Export/Scripting/StackTrace.cs:37)
UnityEngine.DebugLogHandler:LogFormat (UnityEngine.LogType,UnityEngine.Object,string,object[])
UnityEngine.Logger:Log (UnityEngine.LogType,object)
UnityEngine.Debug:Log (object)
GloomhavenVR.EnvironmentsPreview:<Render>g__Shoot|15_1 (string,UnityEngine.Vector3,UnityEngine.Vector3,bool,single,string,GloomhavenVR.EnvironmentsPreview/<>c__DisplayClass15_0&,GloomhavenVR.EnvironmentsPreview/<>c__DisplayClass15_1&,GloomhavenVR.EnvironmentsPreview/<>c__DisplayClass15_2&) (at Assets/Editor/PreviewEnvironments.cs:444)
GloomhavenVR.EnvironmentsPreview:Render () (at Assets/Editor/PreviewEnvironments.cs:460)
GloomhavenVR.EnvironmentsPreview:RenderAll () (at Assets/Editor/PreviewEnvironments.cs:334)

(Filename: Assets/Editor/PreviewEnvironments.cs Line: 444)

[GloomhavenVR][EnvPreview] wrote /tmp/claude-1000/-home-claw-gloomhaven-vr/e3713fea-50d1-40b9-9862-dd2fbd9817f7/scratchpad/prev2/env_cellar_CandleTable.png
UnityEngine.StackTraceUtility:ExtractStackTrace () (at /home/bokken/buildslave/unity/build/Runtime/Export/Scripting/StackTrace.cs:37)
UnityEngine.DebugLogHandler:LogFormat (UnityEngine.LogType,UnityEngine.Object,string,object[])
UnityEngine.Logger:Log (UnityEngine.LogType,object)
UnityEngine.Debug:Log (object)
GloomhavenVR.EnvironmentsPreview:<Render>g__Shoot|15_1 (string,UnityEngine.Vector3,UnityEngine.Vector3,bool,single,string,GloomhavenVR.EnvironmentsPreview/<>c__DisplayClass15_0&,GloomhavenVR.EnvironmentsPreview/<>c__DisplayClass15_1&,GloomhavenVR.EnvironmentsPreview/<>c__DisplayClass15_2&) (at Assets/Editor/PreviewEnvironments.cs:444)
GloomhavenVR.EnvironmentsPreview:Render () (at Assets/Editor/PreviewEnvironments.cs:460)
GloomhavenVR.EnvironmentsPreview:RenderAll () (at Assets/Editor/PreviewEnvironments.cs:334)

(Filename: Assets/Editor/PreviewEnvironments.cs Line: 444)

[GloomhavenVR][EnvPreview] wrote /tmp/claude-1000/-home-claw-gloomhaven-vr/e3713fea-50d1-40b9-9862-dd2fbd9817f7/scratchpad/prev2/env_cellar_CandleCrate.png
UnityEngine.StackTraceUtility:ExtractStackTrace () (at /home/bokken/buildslave/unity/build/Runtime/Export/Scripting/StackTrace.cs:37)
UnityEngine.DebugLogHandler:LogFormat (UnityEngine.LogType,UnityEngine.Object,string,object[])
UnityEngine.Logger:Log (UnityEngine.LogType,object)
UnityEngine.Debug:Log (object)
GloomhavenVR.EnvironmentsPreview:<Render>g__Shoot|15_1 (string,UnityEngine.Vector3,UnityEngine.Vector3,bool,single,string,GloomhavenVR.EnvironmentsPreview/<>c__DisplayClass15_0&,GloomhavenVR.EnvironmentsPreview/<>c__DisplayClass15_1&,GloomhavenVR.EnvironmentsPreview/<>c__DisplayClass15_2&) (at Assets/Editor/PreviewEnvironments.cs:444)
GloomhavenVR.EnvironmentsPreview:Render () (at Assets/Editor/PreviewEnvironments.cs:460)
GloomhavenVR.EnvironmentsPreview:RenderAll () (at Assets/Editor/PreviewEnvironments.cs:334)

(Filename: Assets/Editor/PreviewEnvironments.cs Line: 444)

[GloomhavenVR][EnvPreview] wrote /tmp/claude-1000/-home-claw-gloomhaven-vr/e3713fea-50d1-40b9-9862-dd2fbd9817f7/scratchpad/prev2/env_cellar_Axe.png
UnityEngine.StackTraceUtility:ExtractStackTrace () (at /home/bokken/buildslave/unity/build/Runtime/Export/Scripting/StackTrace.cs:37)
UnityEngine.DebugLogHandler:LogFormat (UnityEngine.LogType,UnityEngine.Object,string,object[])
UnityEngine.Logger:Log (UnityEngine.LogType,object)
UnityEngine.Debug:Log (object)
GloomhavenVR.EnvironmentsPreview:<Render>g__Shoot|15_1 (string,UnityEngine.Vector3,UnityEngine.Vector3,bool,single,string,GloomhavenVR.EnvironmentsPreview/<>c__DisplayClass15_0&,GloomhavenVR.EnvironmentsPreview/<>c__DisplayClass15_1&,GloomhavenVR.EnvironmentsPreview/<>c__DisplayClass15_2&) (at Assets/Editor/PreviewEnvironments.cs:444)
GloomhavenVR.EnvironmentsPreview:Render () (at Assets/Editor/PreviewEnvironments.cs:460)
GloomhavenVR.EnvironmentsPreview:RenderAll () (at Assets/Editor/PreviewEnvironments.cs:334)

(Filename: Assets/Editor/PreviewEnvironments.cs Line: 444)

[GloomhavenVR][EnvPreview] wrote /tmp/claude-1000/-home-claw-gloomhaven-vr/e3713fea-50d1-40b9-9862-dd2fbd9817f7/scratchpad/prev2/env_cellar_AxeLow.png
UnityEngine.StackTraceUtility:ExtractStackTrace () (at /home/bokken/buildslave/unity/build/Runtime/Export/Scripting/StackTrace.cs:37)
UnityEngine.DebugLogHandler:LogFormat (UnityEngine.LogType,UnityEngine.Object,string,object[])
UnityEngine.Logger:Log (UnityEngine.LogType,object)
UnityEngine.Debug:Log (object)
GloomhavenVR.EnvironmentsPreview:<Render>g__Shoot|15_1 (string,UnityEngine.Vector3,UnityEngine.Vector3,bool,single,string,GloomhavenVR.EnvironmentsPreview/<>c__DisplayClass15_0&,GloomhavenVR.EnvironmentsPreview/<>c__DisplayClass15_1&,GloomhavenVR.EnvironmentsPreview/<>c__DisplayClass15_2&) (at Assets/Editor/PreviewEnvironments.cs:444)
GloomhavenVR.EnvironmentsPreview:Render () (at Assets/Editor/PreviewEnvironments.cs:460)
GloomhavenVR.EnvironmentsPreview:RenderAll () (at Assets/Editor/PreviewEnvironments.cs:334)

(Filename: Assets/Editor/PreviewEnvironments.cs Line: 444)

[GloomhavenVR][EnvPreview] wrote /tmp/claude-1000/-home-claw-gloomhaven-vr/e3713fea-50d1-40b9-9862-dd2fbd9817f7/scratchpad/prev2/env_cellar_Fireflies.png
UnityEngine.StackTraceUtility:ExtractStackTrace () (at /home/bokken/buildslave/unity/build/Runtime/Export/Scripting/StackTrace.cs:37)
UnityEngine.DebugLogHandler:LogFormat (UnityEngine.LogType,UnityEngine.Object,string,object[])
UnityEngine.Logger:Log (UnityEngine.LogType,object)
UnityEngine.Debug:Log (object)
GloomhavenVR.EnvironmentsPreview:<Render>g__Shoot|15_1 (string,UnityEngine.Vector3,UnityEngine.Vector3,bool,single,string,GloomhavenVR.EnvironmentsPreview/<>c__DisplayClass15_0&,GloomhavenVR.EnvironmentsPreview/<>c__DisplayClass15_1&,GloomhavenVR.EnvironmentsPreview/<>c__DisplayClass15_2&) (at Assets/Editor/PreviewEnvironments.cs:444)
GloomhavenVR.EnvironmentsPreview:Render () (at Assets/Editor/PreviewEnvironments.cs:460)
GloomhavenVR.EnvironmentsPreview:RenderAll () (at Assets/Editor/PreviewEnvironments.cs:334)

(Filename: Assets/Editor/PreviewEnvironments.cs Line: 444)

[GloomhavenVR][EnvPreview] wrote /tmp/claude-1000/-home-claw-gloomhaven-vr/e3713fea-50d1-40b9-9862-dd2fbd9817f7/scratchpad/prev2/env_cellar_FirefliesClose.png
UnityEngine.StackTraceUtility:ExtractStackTrace () (at /home/bokken/buildslave/unity/build/Runtime/Export/Scripting/StackTrace.cs:37)
UnityEngine.DebugLogHandler:LogFormat (UnityEngine.LogType,UnityEngine.Object,string,object[])
UnityEngine.Logger:Log (UnityEngine.LogType,object)
UnityEngine.Debug:Log (object)
GloomhavenVR.EnvironmentsPreview:<Render>g__Shoot|15_1 (string,UnityEngine.Vector3,UnityEngine.Vector3,bool,single,string,GloomhavenVR.EnvironmentsPreview/<>c__DisplayClass15_0&,GloomhavenVR.EnvironmentsPreview/<>c__DisplayClass15_1&,GloomhavenVR.EnvironmentsPreview/<>c__DisplayClass15_2&) (at Assets/Editor/PreviewEnvironments.cs:444)
GloomhavenVR.EnvironmentsPreview:Render () (at Assets/Editor/PreviewEnvironments.cs:460)
GloomhavenVR.EnvironmentsPreview:RenderAll () (at Assets/Editor/PreviewEnvironments.cs:334)

(Filename: Assets/Editor/PreviewEnvironments.cs Line: 444)

[GloomhavenVR][EnvPreview] wrote /tmp/claude-1000/-home-claw-gloomhaven-vr/e3713fea-50d1-40b9-9862-dd2fbd9817f7/scratchpad/prev2/env_cellar_MeteorSky.png
UnityEngine.StackTraceUtility:ExtractStackTrace () (at /home/bokken/buildslave/unity/build/Runtime/Export/Scripting/StackTrace.cs:37)
UnityEngine.DebugLogHandler:LogFormat (UnityEngine.LogType,UnityEngine.Object,string,object[])
UnityEngine.Logger:Log (UnityEngine.LogType,object)
UnityEngine.Debug:Log (object)
GloomhavenVR.EnvironmentsPreview:<Render>g__Shoot|15_1 (string,UnityEngine.Vector3,UnityEngine.Vector3,bool,single,string,GloomhavenVR.EnvironmentsPreview/<>c__DisplayClass15_0&,GloomhavenVR.EnvironmentsPreview/<>c__DisplayClass15_1&,GloomhavenVR.EnvironmentsPreview/<>c__DisplayClass15_2&) (at Assets/Editor/PreviewEnvironments.cs:444)
GloomhavenVR.EnvironmentsPreview:Render () (at Assets/Editor/PreviewEnvironments.cs:460)
GloomhavenVR.EnvironmentsPreview:RenderAll () (at Assets/Editor/PreviewEnvironments.cs:334)

(Filename: Assets/Editor/PreviewEnvironments.cs Line: 444)

[GloomhavenVR][EnvPreview] wrote /tmp/claude-1000/-home-claw-gloomhaven-vr/e3713fea-50d1-40b9-9862-dd2fbd9817f7/scratchpad/prev2/env_cellar_BeamSide.png
UnityEngine.StackTraceUtility:ExtractStackTrace () (at /home/bokken/buildslave/unity/build/Runtime/Export/Scripting/StackTrace.cs:37)
UnityEngine.DebugLogHandler:LogFormat (UnityEngine.LogType,UnityEngine.Object,string,object[])
UnityEngine.Logger:Log (UnityEngine.LogType,object)
UnityEngine.Debug:Log (object)
GloomhavenVR.EnvironmentsPreview:<Render>g__Shoot|15_1 (string,UnityEngine.Vector3,UnityEngine.Vector3,bool,single,string,GloomhavenVR.EnvironmentsPreview/<>c__DisplayClass15_0&,GloomhavenVR.EnvironmentsPreview/<>c__DisplayClass15_1&,GloomhavenVR.EnvironmentsPreview/<>c__DisplayClass15_2&) (at Assets/Editor/PreviewEnvironments.cs:444)
GloomhavenVR.EnvironmentsPreview:Render () (at Assets/Editor/PreviewEnvironments.cs:460)
GloomhavenVR.EnvironmentsPreview:RenderAll () (at Assets/Editor/PreviewEnvironments.cs:334)

(Filename: Assets/Editor/PreviewEnvironments.cs Line: 444)

[GloomhavenVR][EnvPreview] wrote /tmp/claude-1000/-home-claw-gloomhaven-vr/e3713fea-50d1-40b9-9862-dd2fbd9817f7/scratchpad/prev2/env_cellar_BeamEdge.png
UnityEngine.StackTraceUtility:ExtractStackTrace () (at /home/bokken/buildslave/unity/build/Runtime/Export/Scripting/StackTrace.cs:37)
UnityEngine.DebugLogHandler:LogFormat (UnityEngine.LogType,UnityEngine.Object,string,object[])
UnityEngine.Logger:Log (UnityEngine.LogType,object)
UnityEngine.Debug:Log (object)
GloomhavenVR.EnvironmentsPreview:<Render>g__Shoot|15_1 (string,UnityEngine.Vector3,UnityEngine.Vector3,bool,single,string,GloomhavenVR.EnvironmentsPreview/<>c__DisplayClass15_0&,GloomhavenVR.EnvironmentsPreview/<>c__DisplayClass15_1&,GloomhavenVR.EnvironmentsPreview/<>c__DisplayClass15_2&) (at Assets/Editor/PreviewEnvironments.cs:444)
GloomhavenVR.EnvironmentsPreview:Render () (at Assets/Editor/PreviewEnvironments.cs:460)
GloomhavenVR.EnvironmentsPreview:RenderAll () (at Assets/Editor/PreviewEnvironments.cs:334)

(Filename: Assets/Editor/PreviewEnvironments.cs Line: 444)

[GloomhavenVR][EnvPreview] wrote /tmp/claude-1000/-home-claw-gloomhaven-vr/e3713fea-50d1-40b9-9862-dd2fbd9817f7/scratchpad/prev2/env_cellar_BeamAlong.png
UnityEngine.StackTraceUtility:ExtractStackTrace () (at /home/bokken/buildslave/unity/build/Runtime/Export/Scripting/StackTrace.cs:37)
UnityEngine.DebugLogHandler:LogFormat (UnityEngine.LogType,UnityEngine.Object,string,object[])
UnityEngine.Logger:Log (UnityEngine.LogType,object)
UnityEngine.Debug:Log (object)
GloomhavenVR.EnvironmentsPreview:<Render>g__Shoot|15_1 (string,UnityEngine.Vector3,UnityEngine.Vector3,bool,single,string,GloomhavenVR.EnvironmentsPreview/<>c__DisplayClass15_0&,GloomhavenVR.EnvironmentsPreview/<>c__DisplayClass15_1&,GloomhavenVR.EnvironmentsPreview/<>c__DisplayClass15_2&) (at Assets/Editor/PreviewEnvironments.cs:444)
GloomhavenVR.EnvironmentsPreview:Render () (at Assets/Editor/PreviewEnvironments.cs:460)
GloomhavenVR.EnvironmentsPreview:RenderAll () (at Assets/Editor/PreviewEnvironments.cs:334)

(Filename: Assets/Editor/PreviewEnvironments.cs Line: 444)

[GloomhavenVR][EnvPreview] wrote /tmp/claude-1000/-home-claw-gloomhaven-vr/e3713fea-50d1-40b9-9862-dd2fbd9817f7/scratchpad/prev2/env_cellar_BeamLow.png
UnityEngine.StackTraceUtility:ExtractStackTrace () (at /home/bokken/buildslave/unity/build/Runtime/Export/Scripting/StackTrace.cs:37)
UnityEngine.DebugLogHandler:LogFormat (UnityEngine.LogType,UnityEngine.Object,string,object[])
UnityEngine.Logger:Log (UnityEngine.LogType,object)
UnityEngine.Debug:Log (object)
GloomhavenVR.EnvironmentsPreview:<Render>g__Shoot|15_1 (string,UnityEngine.Vector3,UnityEngine.Vector3,bool,single,string,GloomhavenVR.EnvironmentsPreview/<>c__DisplayClass15_0&,GloomhavenVR.EnvironmentsPreview/<>c__DisplayClass15_1&,GloomhavenVR.EnvironmentsPreview/<>c__DisplayClass15_2&) (at Assets/Editor/PreviewEnvironments.cs:444)
GloomhavenVR.EnvironmentsPreview:Render () (at Assets/Editor/PreviewEnvironments.cs:460)
GloomhavenVR.EnvironmentsPreview:RenderAll () (at Assets/Editor/PreviewEnvironments.cs:334)

(Filename: Assets/Editor/PreviewEnvironments.cs Line: 444)

[GloomhavenVR][EnvPreview] wrote /tmp/claude-1000/-home-claw-gloomhaven-vr/e3713fea-50d1-40b9-9862-dd2fbd9817f7/scratchpad/prev2/env_cellar_BeamGraze.png
UnityEngine.StackTraceUtility:ExtractStackTrace () (at /home/bokken/buildslave/unity/build/Runtime/Export/Scripting/StackTrace.cs:37)
UnityEngine.DebugLogHandler:LogFormat (UnityEngine.LogType,UnityEngine.Object,string,object[])
UnityEngine.Logger:Log (UnityEngine.LogType,object)
UnityEngine.Debug:Log (object)
GloomhavenVR.EnvironmentsPreview:<Render>g__Shoot|15_1 (string,UnityEngine.Vector3,UnityEngine.Vector3,bool,single,string,GloomhavenVR.EnvironmentsPreview/<>c__DisplayClass15_0&,GloomhavenVR.EnvironmentsPreview/<>c__DisplayClass15_1&,GloomhavenVR.EnvironmentsPreview/<>c__DisplayClass15_2&) (at Assets/Editor/PreviewEnvironments.cs:444)
GloomhavenVR.EnvironmentsPreview:Render () (at Assets/Editor/PreviewEnvironments.cs:460)
GloomhavenVR.EnvironmentsPreview:RenderAll () (at Assets/Editor/PreviewEnvironments.cs:334)

(Filename: Assets/Editor/PreviewEnvironments.cs Line: 444)

[GloomhavenVR][EnvPreview] wrote /tmp/claude-1000/-home-claw-gloomhaven-vr/e3713fea-50d1-40b9-9862-dd2fbd9817f7/scratchpad/prev2/env_cellar_PoolClose.png
UnityEngine.StackTraceUtility:ExtractStackTrace () (at /home/bokken/buildslave/unity/build/Runtime/Export/Scripting/StackTrace.cs:37)
UnityEngine.DebugLogHandler:LogFormat (UnityEngine.LogType,UnityEngine.Object,string,object[])
UnityEngine.Logger:Log (UnityEngine.LogType,object)
UnityEngine.Debug:Log (object)
GloomhavenVR.EnvironmentsPreview:<Render>g__Shoot|15_1 (string,UnityEngine.Vector3,UnityEngine.Vector3,bool,single,string,GloomhavenVR.EnvironmentsPreview/<>c__DisplayClass15_0&,GloomhavenVR.EnvironmentsPreview/<>c__DisplayClass15_1&,GloomhavenVR.EnvironmentsPreview/<>c__DisplayClass15_2&) (at Assets/Editor/PreviewEnvironments.cs:444)
GloomhavenVR.EnvironmentsPreview:Render () (at Assets/Editor/PreviewEnvironments.cs:460)
GloomhavenVR.EnvironmentsPreview:RenderAll () (at Assets/Editor/PreviewEnvironments.cs:334)

(Filename: Assets/Editor/PreviewEnvironments.cs Line: 444)

[GloomhavenVR][EnvPreview] wrote /tmp/claude-1000/-home-claw-gloomhaven-vr/e3713fea-50d1-40b9-9862-dd2fbd9817f7/scratchpad/prev2/env_cellar_SillClose.png
UnityEngine.StackTraceUtility:ExtractStackTrace () (at /home/bokken/buildslave/unity/build/Runtime/Export/Scripting/StackTrace.cs:37)
UnityEngine.DebugLogHandler:LogFormat (UnityEngine.LogType,UnityEngine.Object,string,object[])
UnityEngine.Logger:Log (UnityEngine.LogType,object)
UnityEngine.Debug:Log (object)
GloomhavenVR.EnvironmentsPreview:<Render>g__Shoot|15_1 (string,UnityEngine.Vector3,UnityEngine.Vector3,bool,single,string,GloomhavenVR.EnvironmentsPreview/<>c__DisplayClass15_0&,GloomhavenVR.EnvironmentsPreview/<>c__DisplayClass15_1&,GloomhavenVR.EnvironmentsPreview/<>c__DisplayClass15_2&) (at Assets/Editor/PreviewEnvironments.cs:444)
GloomhavenVR.EnvironmentsPreview:Render () (at Assets/Editor/PreviewEnvironments.cs:460)
GloomhavenVR.EnvironmentsPreview:RenderAll () (at Assets/Editor/PreviewEnvironments.cs:334)

(Filename: Assets/Editor/PreviewEnvironments.cs Line: 444)

[GloomhavenVR][EnvPreview] wrote /tmp/claude-1000/-home-claw-gloomhaven-vr/e3713fea-50d1-40b9-9862-dd2fbd9817f7/scratchpad/prev2/env_cellar_BarStripe.png
UnityEngine.StackTraceUtility:ExtractStackTrace () (at /home/bokken/buildslave/unity/build/Runtime/Export/Scripting/StackTrace.cs:37)
UnityEngine.DebugLogHandler:LogFormat (UnityEngine.LogType,UnityEngine.Object,string,object[])
UnityEngine.Logger:Log (UnityEngine.LogType,object)
UnityEngine.Debug:Log (object)
GloomhavenVR.EnvironmentsPreview:<Render>g__Shoot|15_1 (string,UnityEngine.Vector3,UnityEngine.Vector3,bool,single,string,GloomhavenVR.EnvironmentsPreview/<>c__DisplayClass15_0&,GloomhavenVR.EnvironmentsPreview/<>c__DisplayClass15_1&,GloomhavenVR.EnvironmentsPreview/<>c__DisplayClass15_2&) (at Assets/Editor/PreviewEnvironments.cs:444)
GloomhavenVR.EnvironmentsPreview:Render () (at Assets/Editor/PreviewEnvironments.cs:460)
GloomhavenVR.EnvironmentsPreview:RenderAll () (at Assets/Editor/PreviewEnvironments.cs:334)

(Filename: Assets/Editor/PreviewEnvironments.cs Line: 444)

[GloomhavenVR][EnvPreview] wrote /tmp/claude-1000/-home-claw-gloomhaven-vr/e3713fea-50d1-40b9-9862-dd2fbd9817f7/scratchpad/prev2/env_cellar_WebShelfClose.png
UnityEngine.StackTraceUtility:ExtractStackTrace () (at /home/bokken/buildslave/unity/build/Runtime/Export/Scripting/StackTrace.cs:37)
UnityEngine.DebugLogHandler:LogFormat (UnityEngine.LogType,UnityEngine.Object,string,object[])
UnityEngine.Logger:Log (UnityEngine.LogType,object)
UnityEngine.Debug:Log (object)
GloomhavenVR.EnvironmentsPreview:<Render>g__Shoot|15_1 (string,UnityEngine.Vector3,UnityEngine.Vector3,bool,single,string,GloomhavenVR.EnvironmentsPreview/<>c__DisplayClass15_0&,GloomhavenVR.EnvironmentsPreview/<>c__DisplayClass15_1&,GloomhavenVR.EnvironmentsPreview/<>c__DisplayClass15_2&) (at Assets/Editor/PreviewEnvironments.cs:444)
GloomhavenVR.EnvironmentsPreview:Render () (at Assets/Editor/PreviewEnvironments.cs:460)
GloomhavenVR.EnvironmentsPreview:RenderAll () (at Assets/Editor/PreviewEnvironments.cs:334)

(Filename: Assets/Editor/PreviewEnvironments.cs Line: 444)

[GloomhavenVR][EnvPreview] wrote /tmp/claude-1000/-home-claw-gloomhaven-vr/e3713fea-50d1-40b9-9862-dd2fbd9817f7/scratchpad/prev2/env_cellar_WebCornerNew.png
UnityEngine.StackTraceUtility:ExtractStackTrace () (at /home/bokken/buildslave/unity/build/Runtime/Export/Scripting/StackTrace.cs:37)
UnityEngine.DebugLogHandler:LogFormat (UnityEngine.LogType,UnityEngine.Object,string,object[])
UnityEngine.Logger:Log (UnityEngine.LogType,object)
UnityEngine.Debug:Log (object)
GloomhavenVR.EnvironmentsPreview:<Render>g__Shoot|15_1 (string,UnityEngine.Vector3,UnityEngine.Vector3,bool,single,string,GloomhavenVR.EnvironmentsPreview/<>c__DisplayClass15_0&,GloomhavenVR.EnvironmentsPreview/<>c__DisplayClass15_1&,GloomhavenVR.EnvironmentsPreview/<>c__DisplayClass15_2&) (at Assets/Editor/PreviewEnvironments.cs:444)
GloomhavenVR.EnvironmentsPreview:Render () (at Assets/Editor/PreviewEnvironments.cs:460)
GloomhavenVR.EnvironmentsPreview:RenderAll () (at Assets/Editor/PreviewEnvironments.cs:334)

(Filename: Assets/Editor/PreviewEnvironments.cs Line: 444)

[GloomhavenVR][EnvPreview] wrote /tmp/claude-1000/-home-claw-gloomhaven-vr/e3713fea-50d1-40b9-9862-dd2fbd9817f7/scratchpad/prev2/env_cellar_StrandClose.png
UnityEngine.StackTraceUtility:ExtractStackTrace () (at /home/bokken/buildslave/unity/build/Runtime/Export/Scripting/StackTrace.cs:37)
UnityEngine.DebugLogHandler:LogFormat (UnityEngine.LogType,UnityEngine.Object,string,object[])
UnityEngine.Logger:Log (UnityEngine.LogType,object)
UnityEngine.Debug:Log (object)
GloomhavenVR.EnvironmentsPreview:<Render>g__Shoot|15_1 (string,UnityEngine.Vector3,UnityEngine.Vector3,bool,single,string,GloomhavenVR.EnvironmentsPreview/<>c__DisplayClass15_0&,GloomhavenVR.EnvironmentsPreview/<>c__DisplayClass15_1&,GloomhavenVR.EnvironmentsPreview/<>c__DisplayClass15_2&) (at Assets/Editor/PreviewEnvironments.cs:444)
GloomhavenVR.EnvironmentsPreview:Render () (at Assets/Editor/PreviewEnvironments.cs:460)
GloomhavenVR.EnvironmentsPreview:RenderAll () (at Assets/Editor/PreviewEnvironments.cs:334)

(Filename: Assets/Editor/PreviewEnvironments.cs Line: 444)

[GloomhavenVR][EnvPreview] wrote /tmp/claude-1000/-home-claw-gloomhaven-vr/e3713fea-50d1-40b9-9862-dd2fbd9817f7/scratchpad/prev2/env_cellar_FloorToMoon.png
UnityEngine.StackTraceUtility:ExtractStackTrace () (at /home/bokken/buildslave/unity/build/Runtime/Export/Scripting/StackTrace.cs:37)
UnityEngine.DebugLogHandler:LogFormat (UnityEngine.LogType,UnityEngine.Object,string,object[])
UnityEngine.Logger:Log (UnityEngine.LogType,object)
UnityEngine.Debug:Log (object)
GloomhavenVR.EnvironmentsPreview:<Render>g__Shoot|15_1 (string,UnityEngine.Vector3,UnityEngine.Vector3,bool,single,string,GloomhavenVR.EnvironmentsPreview/<>c__DisplayClass15_0&,GloomhavenVR.EnvironmentsPreview/<>c__DisplayClass15_1&,GloomhavenVR.EnvironmentsPreview/<>c__DisplayClass15_2&) (at Assets/Editor/PreviewEnvironments.cs:444)
GloomhavenVR.EnvironmentsPreview:Render () (at Assets/Editor/PreviewEnvironments.cs:460)
GloomhavenVR.EnvironmentsPreview:RenderAll () (at Assets/Editor/PreviewEnvironments.cs:334)

(Filename: Assets/Editor/PreviewEnvironments.cs Line: 444)

[GloomhavenVR][EnvPreview] wrote /tmp/claude-1000/-home-claw-gloomhaven-vr/e3713fea-50d1-40b9-9862-dd2fbd9817f7/scratchpad/prev2/env_cellar_FloorAway.png
UnityEngine.StackTraceUtility:ExtractStackTrace () (at /home/bokken/buildslave/unity/build/Runtime/Export/Scripting/StackTrace.cs:37)
UnityEngine.DebugLogHandler:LogFormat (UnityEngine.LogType,UnityEngine.Object,string,object[])
UnityEngine.Logger:Log (UnityEngine.LogType,object)
UnityEngine.Debug:Log (object)
GloomhavenVR.EnvironmentsPreview:<Render>g__Shoot|15_1 (string,UnityEngine.Vector3,UnityEngine.Vector3,bool,single,string,GloomhavenVR.EnvironmentsPreview/<>c__DisplayClass15_0&,GloomhavenVR.EnvironmentsPreview/<>c__DisplayClass15_1&,GloomhavenVR.EnvironmentsPreview/<>c__DisplayClass15_2&) (at Assets/Editor/PreviewEnvironments.cs:444)
GloomhavenVR.EnvironmentsPreview:Render () (at Assets/Editor/PreviewEnvironments.cs:460)
GloomhavenVR.EnvironmentsPreview:RenderAll () (at Assets/Editor/PreviewEnvironments.cs:334)

(Filename: Assets/Editor/PreviewEnvironments.cs Line: 444)

[GloomhavenVR][EnvPreview] wrote /tmp/claude-1000/-home-claw-gloomhaven-vr/e3713fea-50d1-40b9-9862-dd2fbd9817f7/scratchpad/prev2/env_cellar_FloorLow.png
UnityEngine.StackTraceUtility:ExtractStackTrace () (at /home/bokken/buildslave/unity/build/Runtime/Export/Scripting/StackTrace.cs:37)
UnityEngine.DebugLogHandler:LogFormat (UnityEngine.LogType,UnityEngine.Object,string,object[])
UnityEngine.Logger:Log (UnityEngine.LogType,object)
UnityEngine.Debug:Log (object)
GloomhavenVR.EnvironmentsPreview:<Render>g__Shoot|15_1 (string,UnityEngine.Vector3,UnityEngine.Vector3,bool,single,string,GloomhavenVR.EnvironmentsPreview/<>c__DisplayClass15_0&,GloomhavenVR.EnvironmentsPreview/<>c__DisplayClass15_1&,GloomhavenVR.EnvironmentsPreview/<>c__DisplayClass15_2&) (at Assets/Editor/PreviewEnvironments.cs:444)
GloomhavenVR.EnvironmentsPreview:Render () (at Assets/Editor/PreviewEnvironments.cs:460)
GloomhavenVR.EnvironmentsPreview:RenderAll () (at Assets/Editor/PreviewEnvironments.cs:334)

(Filename: Assets/Editor/PreviewEnvironments.cs Line: 444)

[GloomhavenVR][EnvPreview] wrote /tmp/claude-1000/-home-claw-gloomhaven-vr/e3713fea-50d1-40b9-9862-dd2fbd9817f7/scratchpad/prev2/env_cellar_FloorEdge.png
UnityEngine.StackTraceUtility:ExtractStackTrace () (at /home/bokken/buildslave/unity/build/Runtime/Export/Scripting/StackTrace.cs:37)
UnityEngine.DebugLogHandler:LogFormat (UnityEngine.LogType,UnityEngine.Object,string,object[])
UnityEngine.Logger:Log (UnityEngine.LogType,object)
UnityEngine.Debug:Log (object)
GloomhavenVR.EnvironmentsPreview:<Render>g__Shoot|15_1 (string,UnityEngine.Vector3,UnityEngine.Vector3,bool,single,string,GloomhavenVR.EnvironmentsPreview/<>c__DisplayClass15_0&,GloomhavenVR.EnvironmentsPreview/<>c__DisplayClass15_1&,GloomhavenVR.EnvironmentsPreview/<>c__DisplayClass15_2&) (at Assets/Editor/PreviewEnvironments.cs:444)
GloomhavenVR.EnvironmentsPreview:Render () (at Assets/Editor/PreviewEnvironments.cs:460)
GloomhavenVR.EnvironmentsPreview:RenderAll () (at Assets/Editor/PreviewEnvironments.cs:334)

(Filename: Assets/Editor/PreviewEnvironments.cs Line: 444)

[GloomhavenVR][EnvPreview] wrote /tmp/claude-1000/-home-claw-gloomhaven-vr/e3713fea-50d1-40b9-9862-dd2fbd9817f7/scratchpad/prev2/env_cellar_BeamInsideL.png
UnityEngine.StackTraceUtility:ExtractStackTrace () (at /home/bokken/buildslave/unity/build/Runtime/Export/Scripting/StackTrace.cs:37)
UnityEngine.DebugLogHandler:LogFormat (UnityEngine.LogType,UnityEngine.Object,string,object[])
UnityEngine.Logger:Log (UnityEngine.LogType,object)
UnityEngine.Debug:Log (object)
GloomhavenVR.EnvironmentsPreview:<Render>g__Shoot|15_1 (string,UnityEngine.Vector3,UnityEngine.Vector3,bool,single,string,GloomhavenVR.EnvironmentsPreview/<>c__DisplayClass15_0&,GloomhavenVR.EnvironmentsPreview/<>c__DisplayClass15_1&,GloomhavenVR.EnvironmentsPreview/<>c__DisplayClass15_2&) (at Assets/Editor/PreviewEnvironments.cs:444)
GloomhavenVR.EnvironmentsPreview:Render () (at Assets/Editor/PreviewEnvironments.cs:460)
GloomhavenVR.EnvironmentsPreview:RenderAll () (at Assets/Editor/PreviewEnvironments.cs:334)

(Filename: Assets/Editor/PreviewEnvironments.cs Line: 444)

[GloomhavenVR][EnvPreview] wrote /tmp/claude-1000/-home-claw-gloomhaven-vr/e3713fea-50d1-40b9-9862-dd2fbd9817f7/scratchpad/prev2/env_cellar_BeamInsideR.png
UnityEngine.StackTraceUtility:ExtractStackTrace () (at /home/bokken/buildslave/unity/build/Runtime/Export/Scripting/StackTrace.cs:37)
UnityEngine.DebugLogHandler:LogFormat (UnityEngine.LogType,UnityEngine.Object,string,object[])
UnityEngine.Logger:Log (UnityEngine.LogType,object)
UnityEngine.Debug:Log (object)
GloomhavenVR.EnvironmentsPreview:<Render>g__Shoot|15_1 (string,UnityEngine.Vector3,UnityEngine.Vector3,bool,single,string,GloomhavenVR.EnvironmentsPreview/<>c__DisplayClass15_0&,GloomhavenVR.EnvironmentsPreview/<>c__DisplayClass15_1&,GloomhavenVR.EnvironmentsPreview/<>c__DisplayClass15_2&) (at Assets/Editor/PreviewEnvironments.cs:444)
GloomhavenVR.EnvironmentsPreview:Render () (at Assets/Editor/PreviewEnvironments.cs:460)
GloomhavenVR.EnvironmentsPreview:RenderAll () (at Assets/Editor/PreviewEnvironments.cs:334)

(Filename: Assets/Editor/PreviewEnvironments.cs Line: 444)

[GloomhavenVR][EnvPreview] wrote /tmp/claude-1000/-home-claw-gloomhaven-vr/e3713fea-50d1-40b9-9862-dd2fbd9817f7/scratchpad/prev2/env_cellar_BeamInsideUp.png
UnityEngine.StackTraceUtility:ExtractStackTrace () (at /home/bokken/buildslave/unity/build/Runtime/Export/Scripting/StackTrace.cs:37)
UnityEngine.DebugLogHandler:LogFormat (UnityEngine.LogType,UnityEngine.Object,string,object[])
UnityEngine.Logger:Log (UnityEngine.LogType,object)
UnityEngine.Debug:Log (object)
GloomhavenVR.EnvironmentsPreview:<Render>g__Shoot|15_1 (string,UnityEngine.Vector3,UnityEngine.Vector3,bool,single,string,GloomhavenVR.EnvironmentsPreview/<>c__DisplayClass15_0&,GloomhavenVR.EnvironmentsPreview/<>c__DisplayClass15_1&,GloomhavenVR.EnvironmentsPreview/<>c__DisplayClass15_2&) (at Assets/Editor/PreviewEnvironments.cs:444)
GloomhavenVR.EnvironmentsPreview:Render () (at Assets/Editor/PreviewEnvironments.cs:460)
GloomhavenVR.EnvironmentsPreview:RenderAll () (at Assets/Editor/PreviewEnvironments.cs:334)

(Filename: Assets/Editor/PreviewEnvironments.cs Line: 444)

[GloomhavenVR][EnvPreview] wrote /tmp/claude-1000/-home-claw-gloomhaven-vr/e3713fea-50d1-40b9-9862-dd2fbd9817f7/scratchpad/prev2/env_cellar_BeamInsideDown.png
UnityEngine.StackTraceUtility:ExtractStackTrace () (at /home/bokken/buildslave/unity/build/Runtime/Export/Scripting/StackTrace.cs:37)
UnityEngine.DebugLogHandler:LogFormat (UnityEngine.LogType,UnityEngine.Object,string,object[])
UnityEngine.Logger:Log (UnityEngine.LogType,object)
UnityEngine.Debug:Log (object)
GloomhavenVR.EnvironmentsPreview:<Render>g__Shoot|15_1 (string,UnityEngine.Vector3,UnityEngine.Vector3,bool,single,string,GloomhavenVR.EnvironmentsPreview/<>c__DisplayClass15_0&,GloomhavenVR.EnvironmentsPreview/<>c__DisplayClass15_1&,GloomhavenVR.EnvironmentsPreview/<>c__DisplayClass15_2&) (at Assets/Editor/PreviewEnvironments.cs:444)
GloomhavenVR.EnvironmentsPreview:Render () (at Assets/Editor/PreviewEnvironments.cs:460)
GloomhavenVR.EnvironmentsPreview:RenderAll () (at Assets/Editor/PreviewEnvironments.cs:334)

(Filename: Assets/Editor/PreviewEnvironments.cs Line: 444)

[GloomhavenVR][EnvPreview] wrote /tmp/claude-1000/-home-claw-gloomhaven-vr/e3713fea-50d1-40b9-9862-dd2fbd9817f7/scratchpad/prev2/env_cellar_BeamMouthUp.png
UnityEngine.StackTraceUtility:ExtractStackTrace () (at /home/bokken/buildslave/unity/build/Runtime/Export/Scripting/StackTrace.cs:37)
UnityEngine.DebugLogHandler:LogFormat (UnityEngine.LogType,UnityEngine.Object,string,object[])
UnityEngine.Logger:Log (UnityEngine.LogType,object)
UnityEngine.Debug:Log (object)
GloomhavenVR.EnvironmentsPreview:<Render>g__Shoot|15_1 (string,UnityEngine.Vector3,UnityEngine.Vector3,bool,single,string,GloomhavenVR.EnvironmentsPreview/<>c__DisplayClass15_0&,GloomhavenVR.EnvironmentsPreview/<>c__DisplayClass15_1&,GloomhavenVR.EnvironmentsPreview/<>c__DisplayClass15_2&) (at Assets/Editor/PreviewEnvironments.cs:444)
GloomhavenVR.EnvironmentsPreview:Render () (at Assets/Editor/PreviewEnvironments.cs:460)
GloomhavenVR.EnvironmentsPreview:RenderAll () (at Assets/Editor/PreviewEnvironments.cs:334)

(Filename: Assets/Editor/PreviewEnvironments.cs Line: 444)

[GloomhavenVR][EnvPreview] wrote /tmp/claude-1000/-home-claw-gloomhaven-vr/e3713fea-50d1-40b9-9862-dd2fbd9817f7/scratchpad/prev2/env_cellar_BeamKneeUp.png
UnityEngine.StackTraceUtility:ExtractStackTrace () (at /home/bokken/buildslave/unity/build/Runtime/Export/Scripting/StackTrace.cs:37)
UnityEngine.DebugLogHandler:LogFormat (UnityEngine.LogType,UnityEngine.Object,string,object[])
UnityEngine.Logger:Log (UnityEngine.LogType,object)
UnityEngine.Debug:Log (object)
GloomhavenVR.EnvironmentsPreview:<Render>g__Shoot|15_1 (string,UnityEngine.Vector3,UnityEngine.Vector3,bool,single,string,GloomhavenVR.EnvironmentsPreview/<>c__DisplayClass15_0&,GloomhavenVR.EnvironmentsPreview/<>c__DisplayClass15_1&,GloomhavenVR.EnvironmentsPreview/<>c__DisplayClass15_2&) (at Assets/Editor/PreviewEnvironments.cs:444)
GloomhavenVR.EnvironmentsPreview:Render () (at Assets/Editor/PreviewEnvironments.cs:460)
GloomhavenVR.EnvironmentsPreview:RenderAll () (at Assets/Editor/PreviewEnvironments.cs:334)

(Filename: Assets/Editor/PreviewEnvironments.cs Line: 444)

[GloomhavenVR][EnvPreview] wrote /tmp/claude-1000/-home-claw-gloomhaven-vr/e3713fea-50d1-40b9-9862-dd2fbd9817f7/scratchpad/prev2/env_cellar_BeamThruA.png
UnityEngine.StackTraceUtility:ExtractStackTrace () (at /home/bokken/buildslave/unity/build/Runtime/Export/Scripting/StackTrace.cs:37)
UnityEngine.DebugLogHandler:LogFormat (UnityEngine.LogType,UnityEngine.Object,string,object[])
UnityEngine.Logger:Log (UnityEngine.LogType,object)
UnityEngine.Debug:Log (object)
GloomhavenVR.EnvironmentsPreview:<Render>g__Shoot|15_1 (string,UnityEngine.Vector3,UnityEngine.Vector3,bool,single,string,GloomhavenVR.EnvironmentsPreview/<>c__DisplayClass15_0&,GloomhavenVR.EnvironmentsPreview/<>c__DisplayClass15_1&,GloomhavenVR.EnvironmentsPreview/<>c__DisplayClass15_2&) (at Assets/Editor/PreviewEnvironments.cs:444)
GloomhavenVR.EnvironmentsPreview:Render () (at Assets/Editor/PreviewEnvironments.cs:460)
GloomhavenVR.EnvironmentsPreview:RenderAll () (at Assets/Editor/PreviewEnvironments.cs:334)

(Filename: Assets/Editor/PreviewEnvironments.cs Line: 444)

[GloomhavenVR][EnvPreview] wrote /tmp/claude-1000/-home-claw-gloomhaven-vr/e3713fea-50d1-40b9-9862-dd2fbd9817f7/scratchpad/prev2/env_cellar_BeamThruB.png
UnityEngine.StackTraceUtility:ExtractStackTrace () (at /home/bokken/buildslave/unity/build/Runtime/Export/Scripting/StackTrace.cs:37)
UnityEngine.DebugLogHandler:LogFormat (UnityEngine.LogType,UnityEngine.Object,string,object[])
UnityEngine.Logger:Log (UnityEngine.LogType,object)
UnityEngine.Debug:Log (object)
GloomhavenVR.EnvironmentsPreview:<Render>g__Shoot|15_1 (string,UnityEngine.Vector3,UnityEngine.Vector3,bool,single,string,GloomhavenVR.EnvironmentsPreview/<>c__DisplayClass15_0&,GloomhavenVR.EnvironmentsPreview/<>c__DisplayClass15_1&,GloomhavenVR.EnvironmentsPreview/<>c__DisplayClass15_2&) (at Assets/Editor/PreviewEnvironments.cs:444)
GloomhavenVR.EnvironmentsPreview:Render () (at Assets/Editor/PreviewEnvironments.cs:460)
GloomhavenVR.EnvironmentsPreview:RenderAll () (at Assets/Editor/PreviewEnvironments.cs:334)

(Filename: Assets/Editor/PreviewEnvironments.cs Line: 444)

[GloomhavenVR][EnvPreview] wrote /tmp/claude-1000/-home-claw-gloomhaven-vr/e3713fea-50d1-40b9-9862-dd2fbd9817f7/scratchpad/prev2/env_cellar_BeamThruC.png
UnityEngine.StackTraceUtility:ExtractStackTrace () (at /home/bokken/buildslave/unity/build/Runtime/Export/Scripting/StackTrace.cs:37)
UnityEngine.DebugLogHandler:LogFormat (UnityEngine.LogType,UnityEngine.Object,string,object[])
UnityEngine.Logger:Log (UnityEngine.LogType,object)
UnityEngine.Debug:Log (object)
GloomhavenVR.EnvironmentsPreview:<Render>g__Shoot|15_1 (string,UnityEngine.Vector3,UnityEngine.Vector3,bool,single,string,GloomhavenVR.EnvironmentsPreview/<>c__DisplayClass15_0&,GloomhavenVR.EnvironmentsPreview/<>c__DisplayClass15_1&,GloomhavenVR.EnvironmentsPreview/<>c__DisplayClass15_2&) (at Assets/Editor/PreviewEnvironments.cs:444)
GloomhavenVR.EnvironmentsPreview:Render () (at Assets/Editor/PreviewEnvironments.cs:460)
GloomhavenVR.EnvironmentsPreview:RenderAll () (at Assets/Editor/PreviewEnvironments.cs:334)

(Filename: Assets/Editor/PreviewEnvironments.cs Line: 444)

[GloomhavenVR][EnvPreview] wrote /tmp/claude-1000/-home-claw-gloomhaven-vr/e3713fea-50d1-40b9-9862-dd2fbd9817f7/scratchpad/prev2/env_cellar_BeamThruD.png
UnityEngine.StackTraceUtility:ExtractStackTrace () (at /home/bokken/buildslave/unity/build/Runtime/Export/Scripting/StackTrace.cs:37)
UnityEngine.DebugLogHandler:LogFormat (UnityEngine.LogType,UnityEngine.Object,string,object[])
UnityEngine.Logger:Log (UnityEngine.LogType,object)
UnityEngine.Debug:Log (object)
GloomhavenVR.EnvironmentsPreview:<Render>g__Shoot|15_1 (string,UnityEngine.Vector3,UnityEngine.Vector3,bool,single,string,GloomhavenVR.EnvironmentsPreview/<>c__DisplayClass15_0&,GloomhavenVR.EnvironmentsPreview/<>c__DisplayClass15_1&,GloomhavenVR.EnvironmentsPreview/<>c__DisplayClass15_2&) (at Assets/Editor/PreviewEnvironments.cs:444)
GloomhavenVR.EnvironmentsPreview:Render () (at Assets/Editor/PreviewEnvironments.cs:460)
GloomhavenVR.EnvironmentsPreview:RenderAll () (at Assets/Editor/PreviewEnvironments.cs:334)

(Filename: Assets/Editor/PreviewEnvironments.cs Line: 444)

[GloomhavenVR][EnvPreview] wrote /tmp/claude-1000/-home-claw-gloomhaven-vr/e3713fea-50d1-40b9-9862-dd2fbd9817f7/scratchpad/prev2/env_cellar_BeamThruE.png
UnityEngine.StackTraceUtility:ExtractStackTrace () (at /home/bokken/buildslave/unity/build/Runtime/Export/Scripting/StackTrace.cs:37)
UnityEngine.DebugLogHandler:LogFormat (UnityEngine.LogType,UnityEngine.Object,string,object[])
UnityEngine.Logger:Log (UnityEngine.LogType,object)
UnityEngine.Debug:Log (object)
GloomhavenVR.EnvironmentsPreview:<Render>g__Shoot|15_1 (string,UnityEngine.Vector3,UnityEngine.Vector3,bool,single,string,GloomhavenVR.EnvironmentsPreview/<>c__DisplayClass15_0&,GloomhavenVR.EnvironmentsPreview/<>c__DisplayClass15_1&,GloomhavenVR.EnvironmentsPreview/<>c__DisplayClass15_2&) (at Assets/Editor/PreviewEnvironments.cs:444)
GloomhavenVR.EnvironmentsPreview:Render () (at Assets/Editor/PreviewEnvironments.cs:460)
GloomhavenVR.EnvironmentsPreview:RenderAll () (at Assets/Editor/PreviewEnvironments.cs:334)

(Filename: Assets/Editor/PreviewEnvironments.cs Line: 444)

[GloomhavenVR][EnvPreview] wrote /tmp/claude-1000/-home-claw-gloomhaven-vr/e3713fea-50d1-40b9-9862-dd2fbd9817f7/scratchpad/prev2/env_cellar_BeamFromRoom.png
UnityEngine.StackTraceUtility:ExtractStackTrace () (at /home/bokken/buildslave/unity/build/Runtime/Export/Scripting/StackTrace.cs:37)
UnityEngine.DebugLogHandler:LogFormat (UnityEngine.LogType,UnityEngine.Object,string,object[])
UnityEngine.Logger:Log (UnityEngine.LogType,object)
UnityEngine.Debug:Log (object)
GloomhavenVR.EnvironmentsPreview:<Render>g__Shoot|15_1 (string,UnityEngine.Vector3,UnityEngine.Vector3,bool,single,string,GloomhavenVR.EnvironmentsPreview/<>c__DisplayClass15_0&,GloomhavenVR.EnvironmentsPreview/<>c__DisplayClass15_1&,GloomhavenVR.EnvironmentsPreview/<>c__DisplayClass15_2&) (at Assets/Editor/PreviewEnvironments.cs:444)
GloomhavenVR.EnvironmentsPreview:Render () (at Assets/Editor/PreviewEnvironments.cs:460)
GloomhavenVR.EnvironmentsPreview:RenderAll () (at Assets/Editor/PreviewEnvironments.cs:334)

(Filename: Assets/Editor/PreviewEnvironments.cs Line: 444)

[GloomhavenVR][EnvPreview] wrote /tmp/claude-1000/-home-claw-gloomhaven-vr/e3713fea-50d1-40b9-9862-dd2fbd9817f7/scratchpad/prev2/env_cellar_ShaftMoon.png
UnityEngine.StackTraceUtility:ExtractStackTrace () (at /home/bokken/buildslave/unity/build/Runtime/Export/Scripting/StackTrace.cs:37)
UnityEngine.DebugLogHandler:LogFormat (UnityEngine.LogType,UnityEngine.Object,string,object[])
UnityEngine.Logger:Log (UnityEngine.LogType,object)
UnityEngine.Debug:Log (object)
GloomhavenVR.EnvironmentsPreview:<Render>g__Shoot|15_1 (string,UnityEngine.Vector3,UnityEngine.Vector3,bool,single,string,GloomhavenVR.EnvironmentsPreview/<>c__DisplayClass15_0&,GloomhavenVR.EnvironmentsPreview/<>c__DisplayClass15_1&,GloomhavenVR.EnvironmentsPreview/<>c__DisplayClass15_2&) (at Assets/Editor/PreviewEnvironments.cs:444)
GloomhavenVR.EnvironmentsPreview:Render () (at Assets/Editor/PreviewEnvironments.cs:460)
GloomhavenVR.EnvironmentsPreview:RenderAll () (at Assets/Editor/PreviewEnvironments.cs:334)

(Filename: Assets/Editor/PreviewEnvironments.cs Line: 444)

[GloomhavenVR][EnvPreview] wrote /tmp/claude-1000/-home-claw-gloomhaven-vr/e3713fea-50d1-40b9-9862-dd2fbd9817f7/scratchpad/prev2/env_cellar_ShaftMoonLow.png
UnityEngine.StackTraceUtility:ExtractStackTrace () (at /home/bokken/buildslave/unity/build/Runtime/Export/Scripting/StackTrace.cs:37)
UnityEngine.DebugLogHandler:LogFormat (UnityEngine.LogType,UnityEngine.Object,string,object[])
UnityEngine.Logger:Log (UnityEngine.LogType,object)
UnityEngine.Debug:Log (object)
GloomhavenVR.EnvironmentsPreview:<Render>g__Shoot|15_1 (string,UnityEngine.Vector3,UnityEngine.Vector3,bool,single,string,GloomhavenVR.EnvironmentsPreview/<>c__DisplayClass15_0&,GloomhavenVR.EnvironmentsPreview/<>c__DisplayClass15_1&,GloomhavenVR.EnvironmentsPreview/<>c__DisplayClass15_2&) (at Assets/Editor/PreviewEnvironments.cs:444)
GloomhavenVR.EnvironmentsPreview:Render () (at Assets/Editor/PreviewEnvironments.cs:460)
GloomhavenVR.EnvironmentsPreview:RenderAll () (at Assets/Editor/PreviewEnvironments.cs:334)

(Filename: Assets/Editor/PreviewEnvironments.cs Line: 444)

[GloomhavenVR][EnvPreview] wrote /tmp/claude-1000/-home-claw-gloomhaven-vr/e3713fea-50d1-40b9-9862-dd2fbd9817f7/scratchpad/prev2/env_cellar_ShaftYaw0.png
UnityEngine.StackTraceUtility:ExtractStackTrace () (at /home/bokken/buildslave/unity/build/Runtime/Export/Scripting/StackTrace.cs:37)
UnityEngine.DebugLogHandler:LogFormat (UnityEngine.LogType,UnityEngine.Object,string,object[])
UnityEngine.Logger:Log (UnityEngine.LogType,object)
UnityEngine.Debug:Log (object)
GloomhavenVR.EnvironmentsPreview:<Render>g__Shoot|15_1 (string,UnityEngine.Vector3,UnityEngine.Vector3,bool,single,string,GloomhavenVR.EnvironmentsPreview/<>c__DisplayClass15_0&,GloomhavenVR.EnvironmentsPreview/<>c__DisplayClass15_1&,GloomhavenVR.EnvironmentsPreview/<>c__DisplayClass15_2&) (at Assets/Editor/PreviewEnvironments.cs:444)
GloomhavenVR.EnvironmentsPreview:Render () (at Assets/Editor/PreviewEnvironments.cs:460)
GloomhavenVR.EnvironmentsPreview:RenderAll () (at Assets/Editor/PreviewEnvironments.cs:334)

(Filename: Assets/Editor/PreviewEnvironments.cs Line: 444)

[GloomhavenVR][EnvPreview] wrote /tmp/claude-1000/-home-claw-gloomhaven-vr/e3713fea-50d1-40b9-9862-dd2fbd9817f7/scratchpad/prev2/env_cellar_ShaftYaw90.png
UnityEngine.StackTraceUtility:ExtractStackTrace () (at /home/bokken/buildslave/unity/build/Runtime/Export/Scripting/StackTrace.cs:37)
UnityEngine.DebugLogHandler:LogFormat (UnityEngine.LogType,UnityEngine.Object,string,object[])
UnityEngine.Logger:Log (UnityEngine.LogType,object)
UnityEngine.Debug:Log (object)
GloomhavenVR.EnvironmentsPreview:<Render>g__Shoot|15_1 (string,UnityEngine.Vector3,UnityEngine.Vector3,bool,single,string,GloomhavenVR.EnvironmentsPreview/<>c__DisplayClass15_0&,GloomhavenVR.EnvironmentsPreview/<>c__DisplayClass15_1&,GloomhavenVR.EnvironmentsPreview/<>c__DisplayClass15_2&) (at Assets/Editor/PreviewEnvironments.cs:444)
GloomhavenVR.EnvironmentsPreview:Render () (at Assets/Editor/PreviewEnvironments.cs:460)
GloomhavenVR.EnvironmentsPreview:RenderAll () (at Assets/Editor/PreviewEnvironments.cs:334)

(Filename: Assets/Editor/PreviewEnvironments.cs Line: 444)

[GloomhavenVR][EnvPreview] wrote /tmp/claude-1000/-home-claw-gloomhaven-vr/e3713fea-50d1-40b9-9862-dd2fbd9817f7/scratchpad/prev2/env_cellar_ShaftYaw180.png
UnityEngine.StackTraceUtility:ExtractStackTrace () (at /home/bokken/buildslave/unity/build/Runtime/Export/Scripting/StackTrace.cs:37)
UnityEngine.DebugLogHandler:LogFormat (UnityEngine.LogType,UnityEngine.Object,string,object[])
UnityEngine.Logger:Log (UnityEngine.LogType,object)
UnityEngine.Debug:Log (object)
GloomhavenVR.EnvironmentsPreview:<Render>g__Shoot|15_1 (string,UnityEngine.Vector3,UnityEngine.Vector3,bool,single,string,GloomhavenVR.EnvironmentsPreview/<>c__DisplayClass15_0&,GloomhavenVR.EnvironmentsPreview/<>c__DisplayClass15_1&,GloomhavenVR.EnvironmentsPreview/<>c__DisplayClass15_2&) (at Assets/Editor/PreviewEnvironments.cs:444)
GloomhavenVR.EnvironmentsPreview:Render () (at Assets/Editor/PreviewEnvironments.cs:460)
GloomhavenVR.EnvironmentsPreview:RenderAll () (at Assets/Editor/PreviewEnvironments.cs:334)

(Filename: Assets/Editor/PreviewEnvironments.cs Line: 444)

[GloomhavenVR][EnvPreview] wrote /tmp/claude-1000/-home-claw-gloomhaven-vr/e3713fea-50d1-40b9-9862-dd2fbd9817f7/scratchpad/prev2/env_cellar_ShaftYaw270.png
UnityEngine.StackTraceUtility:ExtractStackTrace () (at /home/bokken/buildslave/unity/build/Runtime/Export/Scripting/StackTrace.cs:37)
UnityEngine.DebugLogHandler:LogFormat (UnityEngine.LogType,UnityEngine.Object,string,object[])
UnityEngine.Logger:Log (UnityEngine.LogType,object)
UnityEngine.Debug:Log (object)
GloomhavenVR.EnvironmentsPreview:<Render>g__Shoot|15_1 (string,UnityEngine.Vector3,UnityEngine.Vector3,bool,single,string,GloomhavenVR.EnvironmentsPreview/<>c__DisplayClass15_0&,GloomhavenVR.EnvironmentsPreview/<>c__DisplayClass15_1&,GloomhavenVR.EnvironmentsPreview/<>c__DisplayClass15_2&) (at Assets/Editor/PreviewEnvironments.cs:444)
GloomhavenVR.EnvironmentsPreview:Render () (at Assets/Editor/PreviewEnvironments.cs:460)
GloomhavenVR.EnvironmentsPreview:RenderAll () (at Assets/Editor/PreviewEnvironments.cs:334)

(Filename: Assets/Editor/PreviewEnvironments.cs Line: 444)

[GloomhavenVR][EnvPreview] wrote /tmp/claude-1000/-home-claw-gloomhaven-vr/e3713fea-50d1-40b9-9862-dd2fbd9817f7/scratchpad/prev2/env_cellar_ShaftPlan.png
UnityEngine.StackTraceUtility:ExtractStackTrace () (at /home/bokken/buildslave/unity/build/Runtime/Export/Scripting/StackTrace.cs:37)
UnityEngine.DebugLogHandler:LogFormat (UnityEngine.LogType,UnityEngine.Object,string,object[])
UnityEngine.Logger:Log (UnityEngine.LogType,object)
UnityEngine.Debug:Log (object)
GloomhavenVR.EnvironmentsPreview:<Render>g__Shoot|15_1 (string,UnityEngine.Vector3,UnityEngine.Vector3,bool,single,string,GloomhavenVR.EnvironmentsPreview/<>c__DisplayClass15_0&,GloomhavenVR.EnvironmentsPreview/<>c__DisplayClass15_1&,GloomhavenVR.EnvironmentsPreview/<>c__DisplayClass15_2&) (at Assets/Editor/PreviewEnvironments.cs:444)
GloomhavenVR.EnvironmentsPreview:Render () (at Assets/Editor/PreviewEnvironments.cs:460)
GloomhavenVR.EnvironmentsPreview:RenderAll () (at Assets/Editor/PreviewEnvironments.cs:334)

(Filename: Assets/Editor/PreviewEnvironments.cs Line: 444)

[GloomhavenVR][EnvPreview] wrote /tmp/claude-1000/-home-claw-gloomhaven-vr/e3713fea-50d1-40b9-9862-dd2fbd9817f7/scratchpad/prev2/env_cellar_ShaftTop.png
UnityEngine.StackTraceUtility:ExtractStackTrace () (at /home/bokken/buildslave/unity/build/Runtime/Export/Scripting/StackTrace.cs:37)
UnityEngine.DebugLogHandler:LogFormat (UnityEngine.LogType,UnityEngine.Object,string,object[])
UnityEngine.Logger:Log (UnityEngine.LogType,object)
UnityEngine.Debug:Log (object)
GloomhavenVR.EnvironmentsPreview:<Render>g__Shoot|15_1 (string,UnityEngine.Vector3,UnityEngine.Vector3,bool,single,string,GloomhavenVR.EnvironmentsPreview/<>c__DisplayClass15_0&,GloomhavenVR.EnvironmentsPreview/<>c__DisplayClass15_1&,GloomhavenVR.EnvironmentsPreview/<>c__DisplayClass15_2&) (at Assets/Editor/PreviewEnvironments.cs:444)
GloomhavenVR.EnvironmentsPreview:Render () (at Assets/Editor/PreviewEnvironments.cs:460)
GloomhavenVR.EnvironmentsPreview:RenderAll () (at Assets/Editor/PreviewEnvironments.cs:334)

(Filename: Assets/Editor/PreviewEnvironments.cs Line: 444)

[GloomhavenVR][EnvPreview] wrote /tmp/claude-1000/-home-claw-gloomhaven-vr/e3713fea-50d1-40b9-9862-dd2fbd9817f7/scratchpad/prev2/env_cellar_ShaftUnder.png
UnityEngine.StackTraceUtility:ExtractStackTrace () (at /home/bokken/buildslave/unity/build/Runtime/Export/Scripting/StackTrace.cs:37)
UnityEngine.DebugLogHandler:LogFormat (UnityEngine.LogType,UnityEngine.Object,string,object[])
UnityEngine.Logger:Log (UnityEngine.LogType,object)
UnityEngine.Debug:Log (object)
GloomhavenVR.EnvironmentsPreview:<Render>g__Shoot|15_1 (string,UnityEngine.Vector3,UnityEngine.Vector3,bool,single,string,GloomhavenVR.EnvironmentsPreview/<>c__DisplayClass15_0&,GloomhavenVR.EnvironmentsPreview/<>c__DisplayClass15_1&,GloomhavenVR.EnvironmentsPreview/<>c__DisplayClass15_2&) (at Assets/Editor/PreviewEnvironments.cs:444)
GloomhavenVR.EnvironmentsPreview:Render () (at Assets/Editor/PreviewEnvironments.cs:460)
GloomhavenVR.EnvironmentsPreview:RenderAll () (at Assets/Editor/PreviewEnvironments.cs:334)

(Filename: Assets/Editor/PreviewEnvironments.cs Line: 444)

[GloomhavenVR][EnvPreview] wrote /tmp/claude-1000/-home-claw-gloomhaven-vr/e3713fea-50d1-40b9-9862-dd2fbd9817f7/scratchpad/prev2/env_cellar_Corner_t0.png
UnityEngine.StackTraceUtility:ExtractStackTrace () (at /home/bokken/buildslave/unity/build/Runtime/Export/Scripting/StackTrace.cs:37)
UnityEngine.DebugLogHandler:LogFormat (UnityEngine.LogType,UnityEngine.Object,string,object[])
UnityEngine.Logger:Log (UnityEngine.LogType,object)
UnityEngine.Debug:Log (object)
GloomhavenVR.EnvironmentsPreview:<Render>g__Shoot|15_1 (string,UnityEngine.Vector3,UnityEngine.Vector3,bool,single,string,GloomhavenVR.EnvironmentsPreview/<>c__DisplayClass15_0&,GloomhavenVR.EnvironmentsPreview/<>c__DisplayClass15_1&,GloomhavenVR.EnvironmentsPreview/<>c__DisplayClass15_2&) (at Assets/Editor/PreviewEnvironments.cs:444)
GloomhavenVR.EnvironmentsPreview:Render () (at Assets/Editor/PreviewEnvironments.cs:479)
GloomhavenVR.EnvironmentsPreview:RenderAll () (at Assets/Editor/PreviewEnvironments.cs:334)

(Filename: Assets/Editor/PreviewEnvironments.cs Line: 444)

[GloomhavenVR][EnvPreview] wrote /tmp/claude-1000/-home-claw-gloomhaven-vr/e3713fea-50d1-40b9-9862-dd2fbd9817f7/scratchpad/prev2/env_cellar_CandleTable_t0.png
UnityEngine.StackTraceUtility:ExtractStackTrace () (at /home/bokken/buildslave/unity/build/Runtime/Export/Scripting/StackTrace.cs:37)
UnityEngine.DebugLogHandler:LogFormat (UnityEngine.LogType,UnityEngine.Object,string,object[])
UnityEngine.Logger:Log (UnityEngine.LogType,object)
UnityEngine.Debug:Log (object)
GloomhavenVR.EnvironmentsPreview:<Render>g__Shoot|15_1 (string,UnityEngine.Vector3,UnityEngine.Vector3,bool,single,string,GloomhavenVR.EnvironmentsPreview/<>c__DisplayClass15_0&,GloomhavenVR.EnvironmentsPreview/<>c__DisplayClass15_1&,GloomhavenVR.EnvironmentsPreview/<>c__DisplayClass15_2&) (at Assets/Editor/PreviewEnvironments.cs:444)
GloomhavenVR.EnvironmentsPreview:Render () (at Assets/Editor/PreviewEnvironments.cs:479)
GloomhavenVR.EnvironmentsPreview:RenderAll () (at Assets/Editor/PreviewEnvironments.cs:334)

(Filename: Assets/Editor/PreviewEnvironments.cs Line: 444)

[GloomhavenVR][EnvPreview] wrote /tmp/claude-1000/-home-claw-gloomhaven-vr/e3713fea-50d1-40b9-9862-dd2fbd9817f7/scratchpad/prev2/env_cellar_CandleCrate_t0.png
UnityEngine.StackTraceUtility:ExtractStackTrace () (at /home/bokken/buildslave/unity/build/Runtime/Export/Scripting/StackTrace.cs:37)
UnityEngine.DebugLogHandler:LogFormat (UnityEngine.LogType,UnityEngine.Object,string,object[])
UnityEngine.Logger:Log (UnityEngine.LogType,object)
UnityEngine.Debug:Log (object)
GloomhavenVR.EnvironmentsPreview:<Render>g__Shoot|15_1 (string,UnityEngine.Vector3,UnityEngine.Vector3,bool,single,string,GloomhavenVR.EnvironmentsPreview/<>c__DisplayClass15_0&,GloomhavenVR.EnvironmentsPreview/<>c__DisplayClass15_1&,GloomhavenVR.EnvironmentsPreview/<>c__DisplayClass15_2&) (at Assets/Editor/PreviewEnvironments.cs:444)
GloomhavenVR.EnvironmentsPreview:Render () (at Assets/Editor/PreviewEnvironments.cs:479)
GloomhavenVR.EnvironmentsPreview:RenderAll () (at Assets/Editor/PreviewEnvironments.cs:334)

(Filename: Assets/Editor/PreviewEnvironments.cs Line: 444)

[GloomhavenVR][EnvPreview] wrote /tmp/claude-1000/-home-claw-gloomhaven-vr/e3713fea-50d1-40b9-9862-dd2fbd9817f7/scratchpad/prev2/env_cellar_Puddle_t0.png
UnityEngine.StackTraceUtility:ExtractStackTrace () (at /home/bokken/buildslave/unity/build/Runtime/Export/Scripting/StackTrace.cs:37)
UnityEngine.DebugLogHandler:LogFormat (UnityEngine.LogType,UnityEngine.Object,string,object[])
UnityEngine.Logger:Log (UnityEngine.LogType,object)
UnityEngine.Debug:Log (object)
GloomhavenVR.EnvironmentsPreview:<Render>g__Shoot|15_1 (string,UnityEngine.Vector3,UnityEngine.Vector3,bool,single,string,GloomhavenVR.EnvironmentsPreview/<>c__DisplayClass15_0&,GloomhavenVR.EnvironmentsPreview/<>c__DisplayClass15_1&,GloomhavenVR.EnvironmentsPreview/<>c__DisplayClass15_2&) (at Assets/Editor/PreviewEnvironments.cs:444)
GloomhavenVR.EnvironmentsPreview:Render () (at Assets/Editor/PreviewEnvironments.cs:479)
GloomhavenVR.EnvironmentsPreview:RenderAll () (at Assets/Editor/PreviewEnvironments.cs:334)

(Filename: Assets/Editor/PreviewEnvironments.cs Line: 444)

[GloomhavenVR][EnvPreview] wrote /tmp/claude-1000/-home-claw-gloomhaven-vr/e3713fea-50d1-40b9-9862-dd2fbd9817f7/scratchpad/prev2/env_cellar_PuddleLow_t0.png
UnityEngine.StackTraceUtility:ExtractStackTrace () (at /home/bokken/buildslave/unity/build/Runtime/Export/Scripting/StackTrace.cs:37)
UnityEngine.DebugLogHandler:LogFormat (UnityEngine.LogType,UnityEngine.Object,string,object[])
UnityEngine.Logger:Log (UnityEngine.LogType,object)
UnityEngine.Debug:Log (object)
GloomhavenVR.EnvironmentsPreview:<Render>g__Shoot|15_1 (string,UnityEngine.Vector3,UnityEngine.Vector3,bool,single,string,GloomhavenVR.EnvironmentsPreview/<>c__DisplayClass15_0&,GloomhavenVR.EnvironmentsPreview/<>c__DisplayClass15_1&,GloomhavenVR.EnvironmentsPreview/<>c__DisplayClass15_2&) (at Assets/Editor/PreviewEnvironments.cs:444)
GloomhavenVR.EnvironmentsPreview:Render () (at Assets/Editor/PreviewEnvironments.cs:479)
GloomhavenVR.EnvironmentsPreview:RenderAll () (at Assets/Editor/PreviewEnvironments.cs:334)

(Filename: Assets/Editor/PreviewEnvironments.cs Line: 444)

[GloomhavenVR][EnvPreview] wrote /tmp/claude-1000/-home-claw-gloomhaven-vr/e3713fea-50d1-40b9-9862-dd2fbd9817f7/scratchpad/prev2/env_cellar_DripColumn_t0.png
UnityEngine.StackTraceUtility:ExtractStackTrace () (at /home/bokken/buildslave/unity/build/Runtime/Export/Scripting/StackTrace.cs:37)
UnityEngine.DebugLogHandler:LogFormat (UnityEngine.LogType,UnityEngine.Object,string,object[])
UnityEngine.Logger:Log (UnityEngine.LogType,object)
UnityEngine.Debug:Log (object)
GloomhavenVR.EnvironmentsPreview:<Render>g__Shoot|15_1 (string,UnityEngine.Vector3,UnityEngine.Vector3,bool,single,string,GloomhavenVR.EnvironmentsPreview/<>c__DisplayClass15_0&,GloomhavenVR.EnvironmentsPreview/<>c__DisplayClass15_1&,GloomhavenVR.EnvironmentsPreview/<>c__DisplayClass15_2&) (at Assets/Editor/PreviewEnvironments.cs:444)
GloomhavenVR.EnvironmentsPreview:Render () (at Assets/Editor/PreviewEnvironments.cs:479)
GloomhavenVR.EnvironmentsPreview:RenderAll () (at Assets/Editor/PreviewEnvironments.cs:334)

(Filename: Assets/Editor/PreviewEnvironments.cs Line: 444)

[GloomhavenVR][EnvPreview] wrote /tmp/claude-1000/-home-claw-gloomhaven-vr/e3713fea-50d1-40b9-9862-dd2fbd9817f7/scratchpad/prev2/env_cellar_WindowClose_t0.png
UnityEngine.StackTraceUtility:ExtractStackTrace () (at /home/bokken/buildslave/unity/build/Runtime/Export/Scripting/StackTrace.cs:37)
UnityEngine.DebugLogHandler:LogFormat (UnityEngine.LogType,UnityEngine.Object,string,object[])
UnityEngine.Logger:Log (UnityEngine.LogType,object)
UnityEngine.Debug:Log (object)
GloomhavenVR.EnvironmentsPreview:<Render>g__Shoot|15_1 (string,UnityEngine.Vector3,UnityEngine.Vector3,bool,single,string,GloomhavenVR.EnvironmentsPreview/<>c__DisplayClass15_0&,GloomhavenVR.EnvironmentsPreview/<>c__DisplayClass15_1&,GloomhavenVR.EnvironmentsPreview/<>c__DisplayClass15_2&) (at Assets/Editor/PreviewEnvironments.cs:444)
GloomhavenVR.EnvironmentsPreview:Render () (at Assets/Editor/PreviewEnvironments.cs:479)
GloomhavenVR.EnvironmentsPreview:RenderAll () (at Assets/Editor/PreviewEnvironments.cs:334)

(Filename: Assets/Editor/PreviewEnvironments.cs Line: 444)

[GloomhavenVR][EnvPreview] wrote /tmp/claude-1000/-home-claw-gloomhaven-vr/e3713fea-50d1-40b9-9862-dd2fbd9817f7/scratchpad/prev2/env_cellar_RatRun_t0.png
UnityEngine.StackTraceUtility:ExtractStackTrace () (at /home/bokken/buildslave/unity/build/Runtime/Export/Scripting/StackTrace.cs:37)
UnityEngine.DebugLogHandler:LogFormat (UnityEngine.LogType,UnityEngine.Object,string,object[])
UnityEngine.Logger:Log (UnityEngine.LogType,object)
UnityEngine.Debug:Log (object)
GloomhavenVR.EnvironmentsPreview:<Render>g__Shoot|15_1 (string,UnityEngine.Vector3,UnityEngine.Vector3,bool,single,string,GloomhavenVR.EnvironmentsPreview/<>c__DisplayClass15_0&,GloomhavenVR.EnvironmentsPreview/<>c__DisplayClass15_1&,GloomhavenVR.EnvironmentsPreview/<>c__DisplayClass15_2&) (at Assets/Editor/PreviewEnvironments.cs:444)
GloomhavenVR.EnvironmentsPreview:Render () (at Assets/Editor/PreviewEnvironments.cs:479)
GloomhavenVR.EnvironmentsPreview:RenderAll () (at Assets/Editor/PreviewEnvironments.cs:334)

(Filename: Assets/Editor/PreviewEnvironments.cs Line: 444)

[GloomhavenVR][EnvPreview] wrote /tmp/claude-1000/-home-claw-gloomhaven-vr/e3713fea-50d1-40b9-9862-dd2fbd9817f7/scratchpad/prev2/env_cellar_RatBeam_t0.png
UnityEngine.StackTraceUtility:ExtractStackTrace () (at /home/bokken/buildslave/unity/build/Runtime/Export/Scripting/StackTrace.cs:37)
UnityEngine.DebugLogHandler:LogFormat (UnityEngine.LogType,UnityEngine.Object,string,object[])
UnityEngine.Logger:Log (UnityEngine.LogType,object)
UnityEngine.Debug:Log (object)
GloomhavenVR.EnvironmentsPreview:<Render>g__Shoot|15_1 (string,UnityEngine.Vector3,UnityEngine.Vector3,bool,single,string,GloomhavenVR.EnvironmentsPreview/<>c__DisplayClass15_0&,GloomhavenVR.EnvironmentsPreview/<>c__DisplayClass15_1&,GloomhavenVR.EnvironmentsPreview/<>c__DisplayClass15_2&) (at Assets/Editor/PreviewEnvironments.cs:444)
GloomhavenVR.EnvironmentsPreview:Render () (at Assets/Editor/PreviewEnvironments.cs:479)
GloomhavenVR.EnvironmentsPreview:RenderAll () (at Assets/Editor/PreviewEnvironments.cs:334)

(Filename: Assets/Editor/PreviewEnvironments.cs Line: 444)

[GloomhavenVR][EnvPreview] wrote /tmp/claude-1000/-home-claw-gloomhaven-vr/e3713fea-50d1-40b9-9862-dd2fbd9817f7/scratchpad/prev2/env_cellar_RatLow_t0.png
UnityEngine.StackTraceUtility:ExtractStackTrace () (at /home/bokken/buildslave/unity/build/Runtime/Export/Scripting/StackTrace.cs:37)
UnityEngine.DebugLogHandler:LogFormat (UnityEngine.LogType,UnityEngine.Object,string,object[])
UnityEngine.Logger:Log (UnityEngine.LogType,object)
UnityEngine.Debug:Log (object)
GloomhavenVR.EnvironmentsPreview:<Render>g__Shoot|15_1 (string,UnityEngine.Vector3,UnityEngine.Vector3,bool,single,string,GloomhavenVR.EnvironmentsPreview/<>c__DisplayClass15_0&,GloomhavenVR.EnvironmentsPreview/<>c__DisplayClass15_1&,GloomhavenVR.EnvironmentsPreview/<>c__DisplayClass15_2&) (at Assets/Editor/PreviewEnvironments.cs:444)
GloomhavenVR.EnvironmentsPreview:Render () (at Assets/Editor/PreviewEnvironments.cs:479)
GloomhavenVR.EnvironmentsPreview:RenderAll () (at Assets/Editor/PreviewEnvironments.cs:334)

(Filename: Assets/Editor/PreviewEnvironments.cs Line: 444)

[GloomhavenVR][EnvPreview] wrote /tmp/claude-1000/-home-claw-gloomhaven-vr/e3713fea-50d1-40b9-9862-dd2fbd9817f7/scratchpad/prev2/env_cellar_RatEnd_t0.png
UnityEngine.StackTraceUtility:ExtractStackTrace () (at /home/bokken/buildslave/unity/build/Runtime/Export/Scripting/StackTrace.cs:37)
UnityEngine.DebugLogHandler:LogFormat (UnityEngine.LogType,UnityEngine.Object,string,object[])
UnityEngine.Logger:Log (UnityEngine.LogType,object)
UnityEngine.Debug:Log (object)
GloomhavenVR.EnvironmentsPreview:<Render>g__Shoot|15_1 (string,UnityEngine.Vector3,UnityEngine.Vector3,bool,single,string,GloomhavenVR.EnvironmentsPreview/<>c__DisplayClass15_0&,GloomhavenVR.EnvironmentsPreview/<>c__DisplayClass15_1&,GloomhavenVR.EnvironmentsPreview/<>c__DisplayClass15_2&) (at Assets/Editor/PreviewEnvironments.cs:444)
GloomhavenVR.EnvironmentsPreview:Render () (at Assets/Editor/PreviewEnvironments.cs:479)
GloomhavenVR.EnvironmentsPreview:RenderAll () (at Assets/Editor/PreviewEnvironments.cs:334)

(Filename: Assets/Editor/PreviewEnvironments.cs Line: 444)

[GloomhavenVR][EnvPreview] wrote /tmp/claude-1000/-home-claw-gloomhaven-vr/e3713fea-50d1-40b9-9862-dd2fbd9817f7/scratchpad/prev2/env_cellar_DarkCornerSW_t0.png
UnityEngine.StackTraceUtility:ExtractStackTrace () (at /home/bokken/buildslave/unity/build/Runtime/Export/Scripting/StackTrace.cs:37)
UnityEngine.DebugLogHandler:LogFormat (UnityEngine.LogType,UnityEngine.Object,string,object[])
UnityEngine.Logger:Log (UnityEngine.LogType,object)
UnityEngine.Debug:Log (object)
GloomhavenVR.EnvironmentsPreview:<Render>g__Shoot|15_1 (string,UnityEngine.Vector3,UnityEngine.Vector3,bool,single,string,GloomhavenVR.EnvironmentsPreview/<>c__DisplayClass15_0&,GloomhavenVR.EnvironmentsPreview/<>c__DisplayClass15_1&,GloomhavenVR.EnvironmentsPreview/<>c__DisplayClass15_2&) (at Assets/Editor/PreviewEnvironments.cs:444)
GloomhavenVR.EnvironmentsPreview:Render () (at Assets/Editor/PreviewEnvironments.cs:479)
GloomhavenVR.EnvironmentsPreview:RenderAll () (at Assets/Editor/PreviewEnvironments.cs:334)

(Filename: Assets/Editor/PreviewEnvironments.cs Line: 444)

[GloomhavenVR][EnvPreview] wrote /tmp/claude-1000/-home-claw-gloomhaven-vr/e3713fea-50d1-40b9-9862-dd2fbd9817f7/scratchpad/prev2/env_cellar_Corner_t1.png
UnityEngine.StackTraceUtility:ExtractStackTrace () (at /home/bokken/buildslave/unity/build/Runtime/Export/Scripting/StackTrace.cs:37)
UnityEngine.DebugLogHandler:LogFormat (UnityEngine.LogType,UnityEngine.Object,string,object[])
UnityEngine.Logger:Log (UnityEngine.LogType,object)
UnityEngine.Debug:Log (object)
GloomhavenVR.EnvironmentsPreview:<Render>g__Shoot|15_1 (string,UnityEngine.Vector3,UnityEngine.Vector3,bool,single,string,GloomhavenVR.EnvironmentsPreview/<>c__DisplayClass15_0&,GloomhavenVR.EnvironmentsPreview/<>c__DisplayClass15_1&,GloomhavenVR.EnvironmentsPreview/<>c__DisplayClass15_2&) (at Assets/Editor/PreviewEnvironments.cs:444)
GloomhavenVR.EnvironmentsPreview:Render () (at Assets/Editor/PreviewEnvironments.cs:479)
GloomhavenVR.EnvironmentsPreview:RenderAll () (at Assets/Editor/PreviewEnvironments.cs:334)

(Filename: Assets/Editor/PreviewEnvironments.cs Line: 444)

[GloomhavenVR][EnvPreview] wrote /tmp/claude-1000/-home-claw-gloomhaven-vr/e3713fea-50d1-40b9-9862-dd2fbd9817f7/scratchpad/prev2/env_cellar_CandleTable_t1.png
UnityEngine.StackTraceUtility:ExtractStackTrace () (at /home/bokken/buildslave/unity/build/Runtime/Export/Scripting/StackTrace.cs:37)
UnityEngine.DebugLogHandler:LogFormat (UnityEngine.LogType,UnityEngine.Object,string,object[])
UnityEngine.Logger:Log (UnityEngine.LogType,object)
UnityEngine.Debug:Log (object)
GloomhavenVR.EnvironmentsPreview:<Render>g__Shoot|15_1 (string,UnityEngine.Vector3,UnityEngine.Vector3,bool,single,string,GloomhavenVR.EnvironmentsPreview/<>c__DisplayClass15_0&,GloomhavenVR.EnvironmentsPreview/<>c__DisplayClass15_1&,GloomhavenVR.EnvironmentsPreview/<>c__DisplayClass15_2&) (at Assets/Editor/PreviewEnvironments.cs:444)
GloomhavenVR.EnvironmentsPreview:Render () (at Assets/Editor/PreviewEnvironments.cs:479)
GloomhavenVR.EnvironmentsPreview:RenderAll () (at Assets/Editor/PreviewEnvironments.cs:334)

(Filename: Assets/Editor/PreviewEnvironments.cs Line: 444)

[GloomhavenVR][EnvPreview] wrote /tmp/claude-1000/-home-claw-gloomhaven-vr/e3713fea-50d1-40b9-9862-dd2fbd9817f7/scratchpad/prev2/env_cellar_CandleCrate_t1.png
UnityEngine.StackTraceUtility:ExtractStackTrace () (at /home/bokken/buildslave/unity/build/Runtime/Export/Scripting/StackTrace.cs:37)
UnityEngine.DebugLogHandler:LogFormat (UnityEngine.LogType,UnityEngine.Object,string,object[])
UnityEngine.Logger:Log (UnityEngine.LogType,object)
UnityEngine.Debug:Log (object)
GloomhavenVR.EnvironmentsPreview:<Render>g__Shoot|15_1 (string,UnityEngine.Vector3,UnityEngine.Vector3,bool,single,string,GloomhavenVR.EnvironmentsPreview/<>c__DisplayClass15_0&,GloomhavenVR.EnvironmentsPreview/<>c__DisplayClass15_1&,GloomhavenVR.EnvironmentsPreview/<>c__DisplayClass15_2&) (at Assets/Editor/PreviewEnvironments.cs:444)
GloomhavenVR.EnvironmentsPreview:Render () (at Assets/Editor/PreviewEnvironments.cs:479)
GloomhavenVR.EnvironmentsPreview:RenderAll () (at Assets/Editor/PreviewEnvironments.cs:334)

(Filename: Assets/Editor/PreviewEnvironments.cs Line: 444)

[GloomhavenVR][EnvPreview] wrote /tmp/claude-1000/-home-claw-gloomhaven-vr/e3713fea-50d1-40b9-9862-dd2fbd9817f7/scratchpad/prev2/env_cellar_Puddle_t1.png
UnityEngine.StackTraceUtility:ExtractStackTrace () (at /home/bokken/buildslave/unity/build/Runtime/Export/Scripting/StackTrace.cs:37)
UnityEngine.DebugLogHandler:LogFormat (UnityEngine.LogType,UnityEngine.Object,string,object[])
UnityEngine.Logger:Log (UnityEngine.LogType,object)
UnityEngine.Debug:Log (object)
GloomhavenVR.EnvironmentsPreview:<Render>g__Shoot|15_1 (string,UnityEngine.Vector3,UnityEngine.Vector3,bool,single,string,GloomhavenVR.EnvironmentsPreview/<>c__DisplayClass15_0&,GloomhavenVR.EnvironmentsPreview/<>c__DisplayClass15_1&,GloomhavenVR.EnvironmentsPreview/<>c__DisplayClass15_2&) (at Assets/Editor/PreviewEnvironments.cs:444)
GloomhavenVR.EnvironmentsPreview:Render () (at Assets/Editor/PreviewEnvironments.cs:479)
GloomhavenVR.EnvironmentsPreview:RenderAll () (at Assets/Editor/PreviewEnvironments.cs:334)

(Filename: Assets/Editor/PreviewEnvironments.cs Line: 444)

[GloomhavenVR][EnvPreview] wrote /tmp/claude-1000/-home-claw-gloomhaven-vr/e3713fea-50d1-40b9-9862-dd2fbd9817f7/scratchpad/prev2/env_cellar_PuddleLow_t1.png
UnityEngine.StackTraceUtility:ExtractStackTrace () (at /home/bokken/buildslave/unity/build/Runtime/Export/Scripting/StackTrace.cs:37)
UnityEngine.DebugLogHandler:LogFormat (UnityEngine.LogType,UnityEngine.Object,string,object[])
UnityEngine.Logger:Log (UnityEngine.LogType,object)
UnityEngine.Debug:Log (object)
GloomhavenVR.EnvironmentsPreview:<Render>g__Shoot|15_1 (string,UnityEngine.Vector3,UnityEngine.Vector3,bool,single,string,GloomhavenVR.EnvironmentsPreview/<>c__DisplayClass15_0&,GloomhavenVR.EnvironmentsPreview/<>c__DisplayClass15_1&,GloomhavenVR.EnvironmentsPreview/<>c__DisplayClass15_2&) (at Assets/Editor/PreviewEnvironments.cs:444)
GloomhavenVR.EnvironmentsPreview:Render () (at Assets/Editor/PreviewEnvironments.cs:479)
GloomhavenVR.EnvironmentsPreview:RenderAll () (at Assets/Editor/PreviewEnvironments.cs:334)

(Filename: Assets/Editor/PreviewEnvironments.cs Line: 444)

[GloomhavenVR][EnvPreview] wrote /tmp/claude-1000/-home-claw-gloomhaven-vr/e3713fea-50d1-40b9-9862-dd2fbd9817f7/scratchpad/prev2/env_cellar_DripColumn_t1.png
UnityEngine.StackTraceUtility:ExtractStackTrace () (at /home/bokken/buildslave/unity/build/Runtime/Export/Scripting/StackTrace.cs:37)
UnityEngine.DebugLogHandler:LogFormat (UnityEngine.LogType,UnityEngine.Object,string,object[])
UnityEngine.Logger:Log (UnityEngine.LogType,object)
UnityEngine.Debug:Log (object)
GloomhavenVR.EnvironmentsPreview:<Render>g__Shoot|15_1 (string,UnityEngine.Vector3,UnityEngine.Vector3,bool,single,string,GloomhavenVR.EnvironmentsPreview/<>c__DisplayClass15_0&,GloomhavenVR.EnvironmentsPreview/<>c__DisplayClass15_1&,GloomhavenVR.EnvironmentsPreview/<>c__DisplayClass15_2&) (at Assets/Editor/PreviewEnvironments.cs:444)
GloomhavenVR.EnvironmentsPreview:Render () (at Assets/Editor/PreviewEnvironments.cs:479)
GloomhavenVR.EnvironmentsPreview:RenderAll () (at Assets/Editor/PreviewEnvironments.cs:334)

(Filename: Assets/Editor/PreviewEnvironments.cs Line: 444)

[GloomhavenVR][EnvPreview] wrote /tmp/claude-1000/-home-claw-gloomhaven-vr/e3713fea-50d1-40b9-9862-dd2fbd9817f7/scratchpad/prev2/env_cellar_WindowClose_t1.png
UnityEngine.StackTraceUtility:ExtractStackTrace () (at /home/bokken/buildslave/unity/build/Runtime/Export/Scripting/StackTrace.cs:37)
UnityEngine.DebugLogHandler:LogFormat (UnityEngine.LogType,UnityEngine.Object,string,object[])
UnityEngine.Logger:Log (UnityEngine.LogType,object)
UnityEngine.Debug:Log (object)
GloomhavenVR.EnvironmentsPreview:<Render>g__Shoot|15_1 (string,UnityEngine.Vector3,UnityEngine.Vector3,bool,single,string,GloomhavenVR.EnvironmentsPreview/<>c__DisplayClass15_0&,GloomhavenVR.EnvironmentsPreview/<>c__DisplayClass15_1&,GloomhavenVR.EnvironmentsPreview/<>c__DisplayClass15_2&) (at Assets/Editor/PreviewEnvironments.cs:444)
GloomhavenVR.EnvironmentsPreview:Render () (at Assets/Editor/PreviewEnvironments.cs:479)
GloomhavenVR.EnvironmentsPreview:RenderAll () (at Assets/Editor/PreviewEnvironments.cs:334)

(Filename: Assets/Editor/PreviewEnvironments.cs Line: 444)

[GloomhavenVR][EnvPreview] wrote /tmp/claude-1000/-home-claw-gloomhaven-vr/e3713fea-50d1-40b9-9862-dd2fbd9817f7/scratchpad/prev2/env_cellar_RatRun_t1.png
UnityEngine.StackTraceUtility:ExtractStackTrace () (at /home/bokken/buildslave/unity/build/Runtime/Export/Scripting/StackTrace.cs:37)
UnityEngine.DebugLogHandler:LogFormat (UnityEngine.LogType,UnityEngine.Object,string,object[])
UnityEngine.Logger:Log (UnityEngine.LogType,object)
UnityEngine.Debug:Log (object)
GloomhavenVR.EnvironmentsPreview:<Render>g__Shoot|15_1 (string,UnityEngine.Vector3,UnityEngine.Vector3,bool,single,string,GloomhavenVR.EnvironmentsPreview/<>c__DisplayClass15_0&,GloomhavenVR.EnvironmentsPreview/<>c__DisplayClass15_1&,GloomhavenVR.EnvironmentsPreview/<>c__DisplayClass15_2&) (at Assets/Editor/PreviewEnvironments.cs:444)
GloomhavenVR.EnvironmentsPreview:Render () (at Assets/Editor/PreviewEnvironments.cs:479)
GloomhavenVR.EnvironmentsPreview:RenderAll () (at Assets/Editor/PreviewEnvironments.cs:334)

(Filename: Assets/Editor/PreviewEnvironments.cs Line: 444)

[GloomhavenVR][EnvPreview] wrote /tmp/claude-1000/-home-claw-gloomhaven-vr/e3713fea-50d1-40b9-9862-dd2fbd9817f7/scratchpad/prev2/env_cellar_RatBeam_t1.png
UnityEngine.StackTraceUtility:ExtractStackTrace () (at /home/bokken/buildslave/unity/build/Runtime/Export/Scripting/StackTrace.cs:37)
UnityEngine.DebugLogHandler:LogFormat (UnityEngine.LogType,UnityEngine.Object,string,object[])
UnityEngine.Logger:Log (UnityEngine.LogType,object)
UnityEngine.Debug:Log (object)
GloomhavenVR.EnvironmentsPreview:<Render>g__Shoot|15_1 (string,UnityEngine.Vector3,UnityEngine.Vector3,bool,single,string,GloomhavenVR.EnvironmentsPreview/<>c__DisplayClass15_0&,GloomhavenVR.EnvironmentsPreview/<>c__DisplayClass15_1&,GloomhavenVR.EnvironmentsPreview/<>c__DisplayClass15_2&) (at Assets/Editor/PreviewEnvironments.cs:444)
GloomhavenVR.EnvironmentsPreview:Render () (at Assets/Editor/PreviewEnvironments.cs:479)
GloomhavenVR.EnvironmentsPreview:RenderAll () (at Assets/Editor/PreviewEnvironments.cs:334)

(Filename: Assets/Editor/PreviewEnvironments.cs Line: 444)

[GloomhavenVR][EnvPreview] wrote /tmp/claude-1000/-home-claw-gloomhaven-vr/e3713fea-50d1-40b9-9862-dd2fbd9817f7/scratchpad/prev2/env_cellar_RatLow_t1.png
UnityEngine.StackTraceUtility:ExtractStackTrace () (at /home/bokken/buildslave/unity/build/Runtime/Export/Scripting/StackTrace.cs:37)
UnityEngine.DebugLogHandler:LogFormat (UnityEngine.LogType,UnityEngine.Object,string,object[])
UnityEngine.Logger:Log (UnityEngine.LogType,object)
UnityEngine.Debug:Log (object)
GloomhavenVR.EnvironmentsPreview:<Render>g__Shoot|15_1 (string,UnityEngine.Vector3,UnityEngine.Vector3,bool,single,string,GloomhavenVR.EnvironmentsPreview/<>c__DisplayClass15_0&,GloomhavenVR.EnvironmentsPreview/<>c__DisplayClass15_1&,GloomhavenVR.EnvironmentsPreview/<>c__DisplayClass15_2&) (at Assets/Editor/PreviewEnvironments.cs:444)
GloomhavenVR.EnvironmentsPreview:Render () (at Assets/Editor/PreviewEnvironments.cs:479)
GloomhavenVR.EnvironmentsPreview:RenderAll () (at Assets/Editor/PreviewEnvironments.cs:334)

(Filename: Assets/Editor/PreviewEnvironments.cs Line: 444)

[GloomhavenVR][EnvPreview] wrote /tmp/claude-1000/-home-claw-gloomhaven-vr/e3713fea-50d1-40b9-9862-dd2fbd9817f7/scratchpad/prev2/env_cellar_RatEnd_t1.png
UnityEngine.StackTraceUtility:ExtractStackTrace () (at /home/bokken/buildslave/unity/build/Runtime/Export/Scripting/StackTrace.cs:37)
UnityEngine.DebugLogHandler:LogFormat (UnityEngine.LogType,UnityEngine.Object,string,object[])
UnityEngine.Logger:Log (UnityEngine.LogType,object)
UnityEngine.Debug:Log (object)
GloomhavenVR.EnvironmentsPreview:<Render>g__Shoot|15_1 (string,UnityEngine.Vector3,UnityEngine.Vector3,bool,single,string,GloomhavenVR.EnvironmentsPreview/<>c__DisplayClass15_0&,GloomhavenVR.EnvironmentsPreview/<>c__DisplayClass15_1&,GloomhavenVR.EnvironmentsPreview/<>c__DisplayClass15_2&) (at Assets/Editor/PreviewEnvironments.cs:444)
GloomhavenVR.EnvironmentsPreview:Render () (at Assets/Editor/PreviewEnvironments.cs:479)
GloomhavenVR.EnvironmentsPreview:RenderAll () (at Assets/Editor/PreviewEnvironments.cs:334)

(Filename: Assets/Editor/PreviewEnvironments.cs Line: 444)

[GloomhavenVR][EnvPreview] wrote /tmp/claude-1000/-home-claw-gloomhaven-vr/e3713fea-50d1-40b9-9862-dd2fbd9817f7/scratchpad/prev2/env_cellar_DarkCornerSW_t1.png
UnityEngine.StackTraceUtility:ExtractStackTrace () (at /home/bokken/buildslave/unity/build/Runtime/Export/Scripting/StackTrace.cs:37)
UnityEngine.DebugLogHandler:LogFormat (UnityEngine.LogType,UnityEngine.Object,string,object[])
UnityEngine.Logger:Log (UnityEngine.LogType,object)
UnityEngine.Debug:Log (object)
GloomhavenVR.EnvironmentsPreview:<Render>g__Shoot|15_1 (string,UnityEngine.Vector3,UnityEngine.Vector3,bool,single,string,GloomhavenVR.EnvironmentsPreview/<>c__DisplayClass15_0&,GloomhavenVR.EnvironmentsPreview/<>c__DisplayClass15_1&,GloomhavenVR.EnvironmentsPreview/<>c__DisplayClass15_2&) (at Assets/Editor/PreviewEnvironments.cs:444)
GloomhavenVR.EnvironmentsPreview:Render () (at Assets/Editor/PreviewEnvironments.cs:479)
GloomhavenVR.EnvironmentsPreview:RenderAll () (at Assets/Editor/PreviewEnvironments.cs:334)

(Filename: Assets/Editor/PreviewEnvironments.cs Line: 444)

[GloomhavenVR][EnvPreview] wrote /tmp/claude-1000/-home-claw-gloomhaven-vr/e3713fea-50d1-40b9-9862-dd2fbd9817f7/scratchpad/prev2/env_cellar_Corner_t2.png
UnityEngine.StackTraceUtility:ExtractStackTrace () (at /home/bokken/buildslave/unity/build/Runtime/Export/Scripting/StackTrace.cs:37)
UnityEngine.DebugLogHandler:LogFormat (UnityEngine.LogType,UnityEngine.Object,string,object[])
UnityEngine.Logger:Log (UnityEngine.LogType,object)
UnityEngine.Debug:Log (object)
GloomhavenVR.EnvironmentsPreview:<Render>g__Shoot|15_1 (string,UnityEngine.Vector3,UnityEngine.Vector3,bool,single,string,GloomhavenVR.EnvironmentsPreview/<>c__DisplayClass15_0&,GloomhavenVR.EnvironmentsPreview/<>c__DisplayClass15_1&,GloomhavenVR.EnvironmentsPreview/<>c__DisplayClass15_2&) (at Assets/Editor/PreviewEnvironments.cs:444)
GloomhavenVR.EnvironmentsPreview:Render () (at Assets/Editor/PreviewEnvironments.cs:479)
GloomhavenVR.EnvironmentsPreview:RenderAll () (at Assets/Editor/PreviewEnvironments.cs:334)

(Filename: Assets/Editor/PreviewEnvironments.cs Line: 444)

[GloomhavenVR][EnvPreview] wrote /tmp/claude-1000/-home-claw-gloomhaven-vr/e3713fea-50d1-40b9-9862-dd2fbd9817f7/scratchpad/prev2/env_cellar_CandleTable_t2.png
UnityEngine.StackTraceUtility:ExtractStackTrace () (at /home/bokken/buildslave/unity/build/Runtime/Export/Scripting/StackTrace.cs:37)
UnityEngine.DebugLogHandler:LogFormat (UnityEngine.LogType,UnityEngine.Object,string,object[])
UnityEngine.Logger:Log (UnityEngine.LogType,object)
UnityEngine.Debug:Log (object)
GloomhavenVR.EnvironmentsPreview:<Render>g__Shoot|15_1 (string,UnityEngine.Vector3,UnityEngine.Vector3,bool,single,string,GloomhavenVR.EnvironmentsPreview/<>c__DisplayClass15_0&,GloomhavenVR.EnvironmentsPreview/<>c__DisplayClass15_1&,GloomhavenVR.EnvironmentsPreview/<>c__DisplayClass15_2&) (at Assets/Editor/PreviewEnvironments.cs:444)
GloomhavenVR.EnvironmentsPreview:Render () (at Assets/Editor/PreviewEnvironments.cs:479)
GloomhavenVR.EnvironmentsPreview:RenderAll () (at Assets/Editor/PreviewEnvironments.cs:334)

(Filename: Assets/Editor/PreviewEnvironments.cs Line: 444)

[GloomhavenVR][EnvPreview] wrote /tmp/claude-1000/-home-claw-gloomhaven-vr/e3713fea-50d1-40b9-9862-dd2fbd9817f7/scratchpad/prev2/env_cellar_CandleCrate_t2.png
UnityEngine.StackTraceUtility:ExtractStackTrace () (at /home/bokken/buildslave/unity/build/Runtime/Export/Scripting/StackTrace.cs:37)
UnityEngine.DebugLogHandler:LogFormat (UnityEngine.LogType,UnityEngine.Object,string,object[])
UnityEngine.Logger:Log (UnityEngine.LogType,object)
UnityEngine.Debug:Log (object)
GloomhavenVR.EnvironmentsPreview:<Render>g__Shoot|15_1 (string,UnityEngine.Vector3,UnityEngine.Vector3,bool,single,string,GloomhavenVR.EnvironmentsPreview/<>c__DisplayClass15_0&,GloomhavenVR.EnvironmentsPreview/<>c__DisplayClass15_1&,GloomhavenVR.EnvironmentsPreview/<>c__DisplayClass15_2&) (at Assets/Editor/PreviewEnvironments.cs:444)
GloomhavenVR.EnvironmentsPreview:Render () (at Assets/Editor/PreviewEnvironments.cs:479)
GloomhavenVR.EnvironmentsPreview:RenderAll () (at Assets/Editor/PreviewEnvironments.cs:334)

(Filename: Assets/Editor/PreviewEnvironments.cs Line: 444)

[GloomhavenVR][EnvPreview] wrote /tmp/claude-1000/-home-claw-gloomhaven-vr/e3713fea-50d1-40b9-9862-dd2fbd9817f7/scratchpad/prev2/env_cellar_Puddle_t2.png
UnityEngine.StackTraceUtility:ExtractStackTrace () (at /home/bokken/buildslave/unity/build/Runtime/Export/Scripting/StackTrace.cs:37)
UnityEngine.DebugLogHandler:LogFormat (UnityEngine.LogType,UnityEngine.Object,string,object[])
UnityEngine.Logger:Log (UnityEngine.LogType,object)
UnityEngine.Debug:Log (object)
GloomhavenVR.EnvironmentsPreview:<Render>g__Shoot|15_1 (string,UnityEngine.Vector3,UnityEngine.Vector3,bool,single,string,GloomhavenVR.EnvironmentsPreview/<>c__DisplayClass15_0&,GloomhavenVR.EnvironmentsPreview/<>c__DisplayClass15_1&,GloomhavenVR.EnvironmentsPreview/<>c__DisplayClass15_2&) (at Assets/Editor/PreviewEnvironments.cs:444)
GloomhavenVR.EnvironmentsPreview:Render () (at Assets/Editor/PreviewEnvironments.cs:479)
GloomhavenVR.EnvironmentsPreview:RenderAll () (at Assets/Editor/PreviewEnvironments.cs:334)

(Filename: Assets/Editor/PreviewEnvironments.cs Line: 444)

[GloomhavenVR][EnvPreview] wrote /tmp/claude-1000/-home-claw-gloomhaven-vr/e3713fea-50d1-40b9-9862-dd2fbd9817f7/scratchpad/prev2/env_cellar_PuddleLow_t2.png
UnityEngine.StackTraceUtility:ExtractStackTrace () (at /home/bokken/buildslave/unity/build/Runtime/Export/Scripting/StackTrace.cs:37)
UnityEngine.DebugLogHandler:LogFormat (UnityEngine.LogType,UnityEngine.Object,string,object[])
UnityEngine.Logger:Log (UnityEngine.LogType,object)
UnityEngine.Debug:Log (object)
GloomhavenVR.EnvironmentsPreview:<Render>g__Shoot|15_1 (string,UnityEngine.Vector3,UnityEngine.Vector3,bool,single,string,GloomhavenVR.EnvironmentsPreview/<>c__DisplayClass15_0&,GloomhavenVR.EnvironmentsPreview/<>c__DisplayClass15_1&,GloomhavenVR.EnvironmentsPreview/<>c__DisplayClass15_2&) (at Assets/Editor/PreviewEnvironments.cs:444)
GloomhavenVR.EnvironmentsPreview:Render () (at Assets/Editor/PreviewEnvironments.cs:479)
GloomhavenVR.EnvironmentsPreview:RenderAll () (at Assets/Editor/PreviewEnvironments.cs:334)

(Filename: Assets/Editor/PreviewEnvironments.cs Line: 444)

[GloomhavenVR][EnvPreview] wrote /tmp/claude-1000/-home-claw-gloomhaven-vr/e3713fea-50d1-40b9-9862-dd2fbd9817f7/scratchpad/prev2/env_cellar_DripColumn_t2.png
UnityEngine.StackTraceUtility:ExtractStackTrace () (at /home/bokken/buildslave/unity/build/Runtime/Export/Scripting/StackTrace.cs:37)
UnityEngine.DebugLogHandler:LogFormat (UnityEngine.LogType,UnityEngine.Object,string,object[])
UnityEngine.Logger:Log (UnityEngine.LogType,object)
UnityEngine.Debug:Log (object)
GloomhavenVR.EnvironmentsPreview:<Render>g__Shoot|15_1 (string,UnityEngine.Vector3,UnityEngine.Vector3,bool,single,string,GloomhavenVR.EnvironmentsPreview/<>c__DisplayClass15_0&,GloomhavenVR.EnvironmentsPreview/<>c__DisplayClass15_1&,GloomhavenVR.EnvironmentsPreview/<>c__DisplayClass15_2&) (at Assets/Editor/PreviewEnvironments.cs:444)
GloomhavenVR.EnvironmentsPreview:Render () (at Assets/Editor/PreviewEnvironments.cs:479)
GloomhavenVR.EnvironmentsPreview:RenderAll () (at Assets/Editor/PreviewEnvironments.cs:334)

(Filename: Assets/Editor/PreviewEnvironments.cs Line: 444)

[GloomhavenVR][EnvPreview] wrote /tmp/claude-1000/-home-claw-gloomhaven-vr/e3713fea-50d1-40b9-9862-dd2fbd9817f7/scratchpad/prev2/env_cellar_WindowClose_t2.png
UnityEngine.StackTraceUtility:ExtractStackTrace () (at /home/bokken/buildslave/unity/build/Runtime/Export/Scripting/StackTrace.cs:37)
UnityEngine.DebugLogHandler:LogFormat (UnityEngine.LogType,UnityEngine.Object,string,object[])
UnityEngine.Logger:Log (UnityEngine.LogType,object)
UnityEngine.Debug:Log (object)
GloomhavenVR.EnvironmentsPreview:<Render>g__Shoot|15_1 (string,UnityEngine.Vector3,UnityEngine.Vector3,bool,single,string,GloomhavenVR.EnvironmentsPreview/<>c__DisplayClass15_0&,GloomhavenVR.EnvironmentsPreview/<>c__DisplayClass15_1&,GloomhavenVR.EnvironmentsPreview/<>c__DisplayClass15_2&) (at Assets/Editor/PreviewEnvironments.cs:444)
GloomhavenVR.EnvironmentsPreview:Render () (at Assets/Editor/PreviewEnvironments.cs:479)
GloomhavenVR.EnvironmentsPreview:RenderAll () (at Assets/Editor/PreviewEnvironments.cs:334)

(Filename: Assets/Editor/PreviewEnvironments.cs Line: 444)

[GloomhavenVR][EnvPreview] wrote /tmp/claude-1000/-home-claw-gloomhaven-vr/e3713fea-50d1-40b9-9862-dd2fbd9817f7/scratchpad/prev2/env_cellar_RatRun_t2.png
UnityEngine.StackTraceUtility:ExtractStackTrace () (at /home/bokken/buildslave/unity/build/Runtime/Export/Scripting/StackTrace.cs:37)
UnityEngine.DebugLogHandler:LogFormat (UnityEngine.LogType,UnityEngine.Object,string,object[])
UnityEngine.Logger:Log (UnityEngine.LogType,object)
UnityEngine.Debug:Log (object)
GloomhavenVR.EnvironmentsPreview:<Render>g__Shoot|15_1 (string,UnityEngine.Vector3,UnityEngine.Vector3,bool,single,string,GloomhavenVR.EnvironmentsPreview/<>c__DisplayClass15_0&,GloomhavenVR.EnvironmentsPreview/<>c__DisplayClass15_1&,GloomhavenVR.EnvironmentsPreview/<>c__DisplayClass15_2&) (at Assets/Editor/PreviewEnvironments.cs:444)
GloomhavenVR.EnvironmentsPreview:Render () (at Assets/Editor/PreviewEnvironments.cs:479)
GloomhavenVR.EnvironmentsPreview:RenderAll () (at Assets/Editor/PreviewEnvironments.cs:334)

(Filename: Assets/Editor/PreviewEnvironments.cs Line: 444)

[GloomhavenVR][EnvPreview] wrote /tmp/claude-1000/-home-claw-gloomhaven-vr/e3713fea-50d1-40b9-9862-dd2fbd9817f7/scratchpad/prev2/env_cellar_RatBeam_t2.png
UnityEngine.StackTraceUtility:ExtractStackTrace () (at /home/bokken/buildslave/unity/build/Runtime/Export/Scripting/StackTrace.cs:37)
UnityEngine.DebugLogHandler:LogFormat (UnityEngine.LogType,UnityEngine.Object,string,object[])
UnityEngine.Logger:Log (UnityEngine.LogType,object)
UnityEngine.Debug:Log (object)
GloomhavenVR.EnvironmentsPreview:<Render>g__Shoot|15_1 (string,UnityEngine.Vector3,UnityEngine.Vector3,bool,single,string,GloomhavenVR.EnvironmentsPreview/<>c__DisplayClass15_0&,GloomhavenVR.EnvironmentsPreview/<>c__DisplayClass15_1&,GloomhavenVR.EnvironmentsPreview/<>c__DisplayClass15_2&) (at Assets/Editor/PreviewEnvironments.cs:444)
GloomhavenVR.EnvironmentsPreview:Render () (at Assets/Editor/PreviewEnvironments.cs:479)
GloomhavenVR.EnvironmentsPreview:RenderAll () (at Assets/Editor/PreviewEnvironments.cs:334)

(Filename: Assets/Editor/PreviewEnvironments.cs Line: 444)

[GloomhavenVR][EnvPreview] wrote /tmp/claude-1000/-home-claw-gloomhaven-vr/e3713fea-50d1-40b9-9862-dd2fbd9817f7/scratchpad/prev2/env_cellar_RatLow_t2.png
UnityEngine.StackTraceUtility:ExtractStackTrace () (at /home/bokken/buildslave/unity/build/Runtime/Export/Scripting/StackTrace.cs:37)
UnityEngine.DebugLogHandler:LogFormat (UnityEngine.LogType,UnityEngine.Object,string,object[])
UnityEngine.Logger:Log (UnityEngine.LogType,object)
UnityEngine.Debug:Log (object)
GloomhavenVR.EnvironmentsPreview:<Render>g__Shoot|15_1 (string,UnityEngine.Vector3,UnityEngine.Vector3,bool,single,string,GloomhavenVR.EnvironmentsPreview/<>c__DisplayClass15_0&,GloomhavenVR.EnvironmentsPreview/<>c__DisplayClass15_1&,GloomhavenVR.EnvironmentsPreview/<>c__DisplayClass15_2&) (at Assets/Editor/PreviewEnvironments.cs:444)
GloomhavenVR.EnvironmentsPreview:Render () (at Assets/Editor/PreviewEnvironments.cs:479)
GloomhavenVR.EnvironmentsPreview:RenderAll () (at Assets/Editor/PreviewEnvironments.cs:334)

(Filename: Assets/Editor/PreviewEnvironments.cs Line: 444)

[GloomhavenVR][EnvPreview] wrote /tmp/claude-1000/-home-claw-gloomhaven-vr/e3713fea-50d1-40b9-9862-dd2fbd9817f7/scratchpad/prev2/env_cellar_RatEnd_t2.png
UnityEngine.StackTraceUtility:ExtractStackTrace () (at /home/bokken/buildslave/unity/build/Runtime/Export/Scripting/StackTrace.cs:37)
UnityEngine.DebugLogHandler:LogFormat (UnityEngine.LogType,UnityEngine.Object,string,object[])
UnityEngine.Logger:Log (UnityEngine.LogType,object)
UnityEngine.Debug:Log (object)
GloomhavenVR.EnvironmentsPreview:<Render>g__Shoot|15_1 (string,UnityEngine.Vector3,UnityEngine.Vector3,bool,single,string,GloomhavenVR.EnvironmentsPreview/<>c__DisplayClass15_0&,GloomhavenVR.EnvironmentsPreview/<>c__DisplayClass15_1&,GloomhavenVR.EnvironmentsPreview/<>c__DisplayClass15_2&) (at Assets/Editor/PreviewEnvironments.cs:444)
GloomhavenVR.EnvironmentsPreview:Render () (at Assets/Editor/PreviewEnvironments.cs:479)
GloomhavenVR.EnvironmentsPreview:RenderAll () (at Assets/Editor/PreviewEnvironments.cs:334)

(Filename: Assets/Editor/PreviewEnvironments.cs Line: 444)

[GloomhavenVR][EnvPreview] wrote /tmp/claude-1000/-home-claw-gloomhaven-vr/e3713fea-50d1-40b9-9862-dd2fbd9817f7/scratchpad/prev2/env_cellar_DarkCornerSW_t2.png
UnityEngine.StackTraceUtility:ExtractStackTrace () (at /home/bokken/buildslave/unity/build/Runtime/Export/Scripting/StackTrace.cs:37)
UnityEngine.DebugLogHandler:LogFormat (UnityEngine.LogType,UnityEngine.Object,string,object[])
UnityEngine.Logger:Log (UnityEngine.LogType,object)
UnityEngine.Debug:Log (object)
GloomhavenVR.EnvironmentsPreview:<Render>g__Shoot|15_1 (string,UnityEngine.Vector3,UnityEngine.Vector3,bool,single,string,GloomhavenVR.EnvironmentsPreview/<>c__DisplayClass15_0&,GloomhavenVR.EnvironmentsPreview/<>c__DisplayClass15_1&,GloomhavenVR.EnvironmentsPreview/<>c__DisplayClass15_2&) (at Assets/Editor/PreviewEnvironments.cs:444)
GloomhavenVR.EnvironmentsPreview:Render () (at Assets/Editor/PreviewEnvironments.cs:479)
GloomhavenVR.EnvironmentsPreview:RenderAll () (at Assets/Editor/PreviewEnvironments.cs:334)

(Filename: Assets/Editor/PreviewEnvironments.cs Line: 444)

[GloomhavenVR][EnvPreview] wrote /tmp/claude-1000/-home-claw-gloomhaven-vr/e3713fea-50d1-40b9-9862-dd2fbd9817f7/scratchpad/prev2/env_cellar_Corner_t3.png
UnityEngine.StackTraceUtility:ExtractStackTrace () (at /home/bokken/buildslave/unity/build/Runtime/Export/Scripting/StackTrace.cs:37)
UnityEngine.DebugLogHandler:LogFormat (UnityEngine.LogType,UnityEngine.Object,string,object[])
UnityEngine.Logger:Log (UnityEngine.LogType,object)
UnityEngine.Debug:Log (object)
GloomhavenVR.EnvironmentsPreview:<Render>g__Shoot|15_1 (string,UnityEngine.Vector3,UnityEngine.Vector3,bool,single,string,GloomhavenVR.EnvironmentsPreview/<>c__DisplayClass15_0&,GloomhavenVR.EnvironmentsPreview/<>c__DisplayClass15_1&,GloomhavenVR.EnvironmentsPreview/<>c__DisplayClass15_2&) (at Assets/Editor/PreviewEnvironments.cs:444)
GloomhavenVR.EnvironmentsPreview:Render () (at Assets/Editor/PreviewEnvironments.cs:479)
GloomhavenVR.EnvironmentsPreview:RenderAll () (at Assets/Editor/PreviewEnvironments.cs:334)

(Filename: Assets/Editor/PreviewEnvironments.cs Line: 444)

[GloomhavenVR][EnvPreview] wrote /tmp/claude-1000/-home-claw-gloomhaven-vr/e3713fea-50d1-40b9-9862-dd2fbd9817f7/scratchpad/prev2/env_cellar_CandleTable_t3.png
UnityEngine.StackTraceUtility:ExtractStackTrace () (at /home/bokken/buildslave/unity/build/Runtime/Export/Scripting/StackTrace.cs:37)
UnityEngine.DebugLogHandler:LogFormat (UnityEngine.LogType,UnityEngine.Object,string,object[])
UnityEngine.Logger:Log (UnityEngine.LogType,object)
UnityEngine.Debug:Log (object)
GloomhavenVR.EnvironmentsPreview:<Render>g__Shoot|15_1 (string,UnityEngine.Vector3,UnityEngine.Vector3,bool,single,string,GloomhavenVR.EnvironmentsPreview/<>c__DisplayClass15_0&,GloomhavenVR.EnvironmentsPreview/<>c__DisplayClass15_1&,GloomhavenVR.EnvironmentsPreview/<>c__DisplayClass15_2&) (at Assets/Editor/PreviewEnvironments.cs:444)
GloomhavenVR.EnvironmentsPreview:Render () (at Assets/Editor/PreviewEnvironments.cs:479)
GloomhavenVR.EnvironmentsPreview:RenderAll () (at Assets/Editor/PreviewEnvironments.cs:334)

(Filename: Assets/Editor/PreviewEnvironments.cs Line: 444)

[GloomhavenVR][EnvPreview] wrote /tmp/claude-1000/-home-claw-gloomhaven-vr/e3713fea-50d1-40b9-9862-dd2fbd9817f7/scratchpad/prev2/env_cellar_CandleCrate_t3.png
UnityEngine.StackTraceUtility:ExtractStackTrace () (at /home/bokken/buildslave/unity/build/Runtime/Export/Scripting/StackTrace.cs:37)
UnityEngine.DebugLogHandler:LogFormat (UnityEngine.LogType,UnityEngine.Object,string,object[])
UnityEngine.Logger:Log (UnityEngine.LogType,object)
UnityEngine.Debug:Log (object)
GloomhavenVR.EnvironmentsPreview:<Render>g__Shoot|15_1 (string,UnityEngine.Vector3,UnityEngine.Vector3,bool,single,string,GloomhavenVR.EnvironmentsPreview/<>c__DisplayClass15_0&,GloomhavenVR.EnvironmentsPreview/<>c__DisplayClass15_1&,GloomhavenVR.EnvironmentsPreview/<>c__DisplayClass15_2&) (at Assets/Editor/PreviewEnvironments.cs:444)
GloomhavenVR.EnvironmentsPreview:Render () (at Assets/Editor/PreviewEnvironments.cs:479)
GloomhavenVR.EnvironmentsPreview:RenderAll () (at Assets/Editor/PreviewEnvironments.cs:334)

(Filename: Assets/Editor/PreviewEnvironments.cs Line: 444)

[GloomhavenVR][EnvPreview] wrote /tmp/claude-1000/-home-claw-gloomhaven-vr/e3713fea-50d1-40b9-9862-dd2fbd9817f7/scratchpad/prev2/env_cellar_Puddle_t3.png
UnityEngine.StackTraceUtility:ExtractStackTrace () (at /home/bokken/buildslave/unity/build/Runtime/Export/Scripting/StackTrace.cs:37)
UnityEngine.DebugLogHandler:LogFormat (UnityEngine.LogType,UnityEngine.Object,string,object[])
UnityEngine.Logger:Log (UnityEngine.LogType,object)
UnityEngine.Debug:Log (object)
GloomhavenVR.EnvironmentsPreview:<Render>g__Shoot|15_1 (string,UnityEngine.Vector3,UnityEngine.Vector3,bool,single,string,GloomhavenVR.EnvironmentsPreview/<>c__DisplayClass15_0&,GloomhavenVR.EnvironmentsPreview/<>c__DisplayClass15_1&,GloomhavenVR.EnvironmentsPreview/<>c__DisplayClass15_2&) (at Assets/Editor/PreviewEnvironments.cs:444)
GloomhavenVR.EnvironmentsPreview:Render () (at Assets/Editor/PreviewEnvironments.cs:479)
GloomhavenVR.EnvironmentsPreview:RenderAll () (at Assets/Editor/PreviewEnvironments.cs:334)

(Filename: Assets/Editor/PreviewEnvironments.cs Line: 444)

[GloomhavenVR][EnvPreview] wrote /tmp/claude-1000/-home-claw-gloomhaven-vr/e3713fea-50d1-40b9-9862-dd2fbd9817f7/scratchpad/prev2/env_cellar_PuddleLow_t3.png
UnityEngine.StackTraceUtility:ExtractStackTrace () (at /home/bokken/buildslave/unity/build/Runtime/Export/Scripting/StackTrace.cs:37)
UnityEngine.DebugLogHandler:LogFormat (UnityEngine.LogType,UnityEngine.Object,string,object[])
UnityEngine.Logger:Log (UnityEngine.LogType,object)
UnityEngine.Debug:Log (object)
GloomhavenVR.EnvironmentsPreview:<Render>g__Shoot|15_1 (string,UnityEngine.Vector3,UnityEngine.Vector3,bool,single,string,GloomhavenVR.EnvironmentsPreview/<>c__DisplayClass15_0&,GloomhavenVR.EnvironmentsPreview/<>c__DisplayClass15_1&,GloomhavenVR.EnvironmentsPreview/<>c__DisplayClass15_2&) (at Assets/Editor/PreviewEnvironments.cs:444)
GloomhavenVR.EnvironmentsPreview:Render () (at Assets/Editor/PreviewEnvironments.cs:479)
GloomhavenVR.EnvironmentsPreview:RenderAll () (at Assets/Editor/PreviewEnvironments.cs:334)

(Filename: Assets/Editor/PreviewEnvironments.cs Line: 444)

[GloomhavenVR][EnvPreview] wrote /tmp/claude-1000/-home-claw-gloomhaven-vr/e3713fea-50d1-40b9-9862-dd2fbd9817f7/scratchpad/prev2/env_cellar_DripColumn_t3.png
UnityEngine.StackTraceUtility:ExtractStackTrace () (at /home/bokken/buildslave/unity/build/Runtime/Export/Scripting/StackTrace.cs:37)
UnityEngine.DebugLogHandler:LogFormat (UnityEngine.LogType,UnityEngine.Object,string,object[])
UnityEngine.Logger:Log (UnityEngine.LogType,object)
UnityEngine.Debug:Log (object)
GloomhavenVR.EnvironmentsPreview:<Render>g__Shoot|15_1 (string,UnityEngine.Vector3,UnityEngine.Vector3,bool,single,string,GloomhavenVR.EnvironmentsPreview/<>c__DisplayClass15_0&,GloomhavenVR.EnvironmentsPreview/<>c__DisplayClass15_1&,GloomhavenVR.EnvironmentsPreview/<>c__DisplayClass15_2&) (at Assets/Editor/PreviewEnvironments.cs:444)
GloomhavenVR.EnvironmentsPreview:Render () (at Assets/Editor/PreviewEnvironments.cs:479)
GloomhavenVR.EnvironmentsPreview:RenderAll () (at Assets/Editor/PreviewEnvironments.cs:334)

(Filename: Assets/Editor/PreviewEnvironments.cs Line: 444)

[GloomhavenVR][EnvPreview] wrote /tmp/claude-1000/-home-claw-gloomhaven-vr/e3713fea-50d1-40b9-9862-dd2fbd9817f7/scratchpad/prev2/env_cellar_WindowClose_t3.png
UnityEngine.StackTraceUtility:ExtractStackTrace () (at /home/bokken/buildslave/unity/build/Runtime/Export/Scripting/StackTrace.cs:37)
UnityEngine.DebugLogHandler:LogFormat (UnityEngine.LogType,UnityEngine.Object,string,object[])
UnityEngine.Logger:Log (UnityEngine.LogType,object)
UnityEngine.Debug:Log (object)
GloomhavenVR.EnvironmentsPreview:<Render>g__Shoot|15_1 (string,UnityEngine.Vector3,UnityEngine.Vector3,bool,single,string,GloomhavenVR.EnvironmentsPreview/<>c__DisplayClass15_0&,GloomhavenVR.EnvironmentsPreview/<>c__DisplayClass15_1&,GloomhavenVR.EnvironmentsPreview/<>c__DisplayClass15_2&) (at Assets/Editor/PreviewEnvironments.cs:444)
GloomhavenVR.EnvironmentsPreview:Render () (at Assets/Editor/PreviewEnvironments.cs:479)
GloomhavenVR.EnvironmentsPreview:RenderAll () (at Assets/Editor/PreviewEnvironments.cs:334)

(Filename: Assets/Editor/PreviewEnvironments.cs Line: 444)

[GloomhavenVR][EnvPreview] wrote /tmp/claude-1000/-home-claw-gloomhaven-vr/e3713fea-50d1-40b9-9862-dd2fbd9817f7/scratchpad/prev2/env_cellar_RatRun_t3.png
UnityEngine.StackTraceUtility:ExtractStackTrace () (at /home/bokken/buildslave/unity/build/Runtime/Export/Scripting/StackTrace.cs:37)
UnityEngine.DebugLogHandler:LogFormat (UnityEngine.LogType,UnityEngine.Object,string,object[])
UnityEngine.Logger:Log (UnityEngine.LogType,object)
UnityEngine.Debug:Log (object)
GloomhavenVR.EnvironmentsPreview:<Render>g__Shoot|15_1 (string,UnityEngine.Vector3,UnityEngine.Vector3,bool,single,string,GloomhavenVR.EnvironmentsPreview/<>c__DisplayClass15_0&,GloomhavenVR.EnvironmentsPreview/<>c__DisplayClass15_1&,GloomhavenVR.EnvironmentsPreview/<>c__DisplayClass15_2&) (at Assets/Editor/PreviewEnvironments.cs:444)
GloomhavenVR.EnvironmentsPreview:Render () (at Assets/Editor/PreviewEnvironments.cs:479)
GloomhavenVR.EnvironmentsPreview:RenderAll () (at Assets/Editor/PreviewEnvironments.cs:334)

(Filename: Assets/Editor/PreviewEnvironments.cs Line: 444)

[GloomhavenVR][EnvPreview] wrote /tmp/claude-1000/-home-claw-gloomhaven-vr/e3713fea-50d1-40b9-9862-dd2fbd9817f7/scratchpad/prev2/env_cellar_RatBeam_t3.png
UnityEngine.StackTraceUtility:ExtractStackTrace () (at /home/bokken/buildslave/unity/build/Runtime/Export/Scripting/StackTrace.cs:37)
UnityEngine.DebugLogHandler:LogFormat (UnityEngine.LogType,UnityEngine.Object,string,object[])
UnityEngine.Logger:Log (UnityEngine.LogType,object)
UnityEngine.Debug:Log (object)
GloomhavenVR.EnvironmentsPreview:<Render>g__Shoot|15_1 (string,UnityEngine.Vector3,UnityEngine.Vector3,bool,single,string,GloomhavenVR.EnvironmentsPreview/<>c__DisplayClass15_0&,GloomhavenVR.EnvironmentsPreview/<>c__DisplayClass15_1&,GloomhavenVR.EnvironmentsPreview/<>c__DisplayClass15_2&) (at Assets/Editor/PreviewEnvironments.cs:444)
GloomhavenVR.EnvironmentsPreview:Render () (at Assets/Editor/PreviewEnvironments.cs:479)
GloomhavenVR.EnvironmentsPreview:RenderAll () (at Assets/Editor/PreviewEnvironments.cs:334)

(Filename: Assets/Editor/PreviewEnvironments.cs Line: 444)

[GloomhavenVR][EnvPreview] wrote /tmp/claude-1000/-home-claw-gloomhaven-vr/e3713fea-50d1-40b9-9862-dd2fbd9817f7/scratchpad/prev2/env_cellar_RatLow_t3.png
UnityEngine.StackTraceUtility:ExtractStackTrace () (at /home/bokken/buildslave/unity/build/Runtime/Export/Scripting/StackTrace.cs:37)
UnityEngine.DebugLogHandler:LogFormat (UnityEngine.LogType,UnityEngine.Object,string,object[])
UnityEngine.Logger:Log (UnityEngine.LogType,object)
UnityEngine.Debug:Log (object)
GloomhavenVR.EnvironmentsPreview:<Render>g__Shoot|15_1 (string,UnityEngine.Vector3,UnityEngine.Vector3,bool,single,string,GloomhavenVR.EnvironmentsPreview/<>c__DisplayClass15_0&,GloomhavenVR.EnvironmentsPreview/<>c__DisplayClass15_1&,GloomhavenVR.EnvironmentsPreview/<>c__DisplayClass15_2&) (at Assets/Editor/PreviewEnvironments.cs:444)
GloomhavenVR.EnvironmentsPreview:Render () (at Assets/Editor/PreviewEnvironments.cs:479)
GloomhavenVR.EnvironmentsPreview:RenderAll () (at Assets/Editor/PreviewEnvironments.cs:334)

(Filename: Assets/Editor/PreviewEnvironments.cs Line: 444)

[GloomhavenVR][EnvPreview] wrote /tmp/claude-1000/-home-claw-gloomhaven-vr/e3713fea-50d1-40b9-9862-dd2fbd9817f7/scratchpad/prev2/env_cellar_RatEnd_t3.png
UnityEngine.StackTraceUtility:ExtractStackTrace () (at /home/bokken/buildslave/unity/build/Runtime/Export/Scripting/StackTrace.cs:37)
UnityEngine.DebugLogHandler:LogFormat (UnityEngine.LogType,UnityEngine.Object,string,object[])
UnityEngine.Logger:Log (UnityEngine.LogType,object)
UnityEngine.Debug:Log (object)
GloomhavenVR.EnvironmentsPreview:<Render>g__Shoot|15_1 (string,UnityEngine.Vector3,UnityEngine.Vector3,bool,single,string,GloomhavenVR.EnvironmentsPreview/<>c__DisplayClass15_0&,GloomhavenVR.EnvironmentsPreview/<>c__DisplayClass15_1&,GloomhavenVR.EnvironmentsPreview/<>c__DisplayClass15_2&) (at Assets/Editor/PreviewEnvironments.cs:444)
GloomhavenVR.EnvironmentsPreview:Render () (at Assets/Editor/PreviewEnvironments.cs:479)
GloomhavenVR.EnvironmentsPreview:RenderAll () (at Assets/Editor/PreviewEnvironments.cs:334)

(Filename: Assets/Editor/PreviewEnvironments.cs Line: 444)

[GloomhavenVR][EnvPreview] wrote /tmp/claude-1000/-home-claw-gloomhaven-vr/e3713fea-50d1-40b9-9862-dd2fbd9817f7/scratchpad/prev2/env_cellar_DarkCornerSW_t3.png
UnityEngine.StackTraceUtility:ExtractStackTrace () (at /home/bokken/buildslave/unity/build/Runtime/Export/Scripting/StackTrace.cs:37)
UnityEngine.DebugLogHandler:LogFormat (UnityEngine.LogType,UnityEngine.Object,string,object[])
UnityEngine.Logger:Log (UnityEngine.LogType,object)
UnityEngine.Debug:Log (object)
GloomhavenVR.EnvironmentsPreview:<Render>g__Shoot|15_1 (string,UnityEngine.Vector3,UnityEngine.Vector3,bool,single,string,GloomhavenVR.EnvironmentsPreview/<>c__DisplayClass15_0&,GloomhavenVR.EnvironmentsPreview/<>c__DisplayClass15_1&,GloomhavenVR.EnvironmentsPreview/<>c__DisplayClass15_2&) (at Assets/Editor/PreviewEnvironments.cs:444)
GloomhavenVR.EnvironmentsPreview:Render () (at Assets/Editor/PreviewEnvironments.cs:479)
GloomhavenVR.EnvironmentsPreview:RenderAll () (at Assets/Editor/PreviewEnvironments.cs:334)

(Filename: Assets/Editor/PreviewEnvironments.cs Line: 444)

[GloomhavenVR][EnvPreview] wrote /tmp/claude-1000/-home-claw-gloomhaven-vr/e3713fea-50d1-40b9-9862-dd2fbd9817f7/scratchpad/prev2/env_cellar_Corner_t4.png
UnityEngine.StackTraceUtility:ExtractStackTrace () (at /home/bokken/buildslave/unity/build/Runtime/Export/Scripting/StackTrace.cs:37)
UnityEngine.DebugLogHandler:LogFormat (UnityEngine.LogType,UnityEngine.Object,string,object[])
UnityEngine.Logger:Log (UnityEngine.LogType,object)
UnityEngine.Debug:Log (object)
GloomhavenVR.EnvironmentsPreview:<Render>g__Shoot|15_1 (string,UnityEngine.Vector3,UnityEngine.Vector3,bool,single,string,GloomhavenVR.EnvironmentsPreview/<>c__DisplayClass15_0&,GloomhavenVR.EnvironmentsPreview/<>c__DisplayClass15_1&,GloomhavenVR.EnvironmentsPreview/<>c__DisplayClass15_2&) (at Assets/Editor/PreviewEnvironments.cs:444)
GloomhavenVR.EnvironmentsPreview:Render () (at Assets/Editor/PreviewEnvironments.cs:479)
GloomhavenVR.EnvironmentsPreview:RenderAll () (at Assets/Editor/PreviewEnvironments.cs:334)

(Filename: Assets/Editor/PreviewEnvironments.cs Line: 444)

[GloomhavenVR][EnvPreview] wrote /tmp/claude-1000/-home-claw-gloomhaven-vr/e3713fea-50d1-40b9-9862-dd2fbd9817f7/scratchpad/prev2/env_cellar_CandleTable_t4.png
UnityEngine.StackTraceUtility:ExtractStackTrace () (at /home/bokken/buildslave/unity/build/Runtime/Export/Scripting/StackTrace.cs:37)
UnityEngine.DebugLogHandler:LogFormat (UnityEngine.LogType,UnityEngine.Object,string,object[])
UnityEngine.Logger:Log (UnityEngine.LogType,object)
UnityEngine.Debug:Log (object)
GloomhavenVR.EnvironmentsPreview:<Render>g__Shoot|15_1 (string,UnityEngine.Vector3,UnityEngine.Vector3,bool,single,string,GloomhavenVR.EnvironmentsPreview/<>c__DisplayClass15_0&,GloomhavenVR.EnvironmentsPreview/<>c__DisplayClass15_1&,GloomhavenVR.EnvironmentsPreview/<>c__DisplayClass15_2&) (at Assets/Editor/PreviewEnvironments.cs:444)
GloomhavenVR.EnvironmentsPreview:Render () (at Assets/Editor/PreviewEnvironments.cs:479)
GloomhavenVR.EnvironmentsPreview:RenderAll () (at Assets/Editor/PreviewEnvironments.cs:334)

(Filename: Assets/Editor/PreviewEnvironments.cs Line: 444)

[GloomhavenVR][EnvPreview] wrote /tmp/claude-1000/-home-claw-gloomhaven-vr/e3713fea-50d1-40b9-9862-dd2fbd9817f7/scratchpad/prev2/env_cellar_CandleCrate_t4.png
UnityEngine.StackTraceUtility:ExtractStackTrace () (at /home/bokken/buildslave/unity/build/Runtime/Export/Scripting/StackTrace.cs:37)
UnityEngine.DebugLogHandler:LogFormat (UnityEngine.LogType,UnityEngine.Object,string,object[])
UnityEngine.Logger:Log (UnityEngine.LogType,object)
UnityEngine.Debug:Log (object)
GloomhavenVR.EnvironmentsPreview:<Render>g__Shoot|15_1 (string,UnityEngine.Vector3,UnityEngine.Vector3,bool,single,string,GloomhavenVR.EnvironmentsPreview/<>c__DisplayClass15_0&,GloomhavenVR.EnvironmentsPreview/<>c__DisplayClass15_1&,GloomhavenVR.EnvironmentsPreview/<>c__DisplayClass15_2&) (at Assets/Editor/PreviewEnvironments.cs:444)
GloomhavenVR.EnvironmentsPreview:Render () (at Assets/Editor/PreviewEnvironments.cs:479)
GloomhavenVR.EnvironmentsPreview:RenderAll () (at Assets/Editor/PreviewEnvironments.cs:334)

(Filename: Assets/Editor/PreviewEnvironments.cs Line: 444)

[GloomhavenVR][EnvPreview] wrote /tmp/claude-1000/-home-claw-gloomhaven-vr/e3713fea-50d1-40b9-9862-dd2fbd9817f7/scratchpad/prev2/env_cellar_Puddle_t4.png
UnityEngine.StackTraceUtility:ExtractStackTrace () (at /home/bokken/buildslave/unity/build/Runtime/Export/Scripting/StackTrace.cs:37)
UnityEngine.DebugLogHandler:LogFormat (UnityEngine.LogType,UnityEngine.Object,string,object[])
UnityEngine.Logger:Log (UnityEngine.LogType,object)
UnityEngine.Debug:Log (object)
GloomhavenVR.EnvironmentsPreview:<Render>g__Shoot|15_1 (string,UnityEngine.Vector3,UnityEngine.Vector3,bool,single,string,GloomhavenVR.EnvironmentsPreview/<>c__DisplayClass15_0&,GloomhavenVR.EnvironmentsPreview/<>c__DisplayClass15_1&,GloomhavenVR.EnvironmentsPreview/<>c__DisplayClass15_2&) (at Assets/Editor/PreviewEnvironments.cs:444)
GloomhavenVR.EnvironmentsPreview:Render () (at Assets/Editor/PreviewEnvironments.cs:479)
GloomhavenVR.EnvironmentsPreview:RenderAll () (at Assets/Editor/PreviewEnvironments.cs:334)

(Filename: Assets/Editor/PreviewEnvironments.cs Line: 444)

[GloomhavenVR][EnvPreview] wrote /tmp/claude-1000/-home-claw-gloomhaven-vr/e3713fea-50d1-40b9-9862-dd2fbd9817f7/scratchpad/prev2/env_cellar_PuddleLow_t4.png
UnityEngine.StackTraceUtility:ExtractStackTrace () (at /home/bokken/buildslave/unity/build/Runtime/Export/Scripting/StackTrace.cs:37)
UnityEngine.DebugLogHandler:LogFormat (UnityEngine.LogType,UnityEngine.Object,string,object[])
UnityEngine.Logger:Log (UnityEngine.LogType,object)
UnityEngine.Debug:Log (object)
GloomhavenVR.EnvironmentsPreview:<Render>g__Shoot|15_1 (string,UnityEngine.Vector3,UnityEngine.Vector3,bool,single,string,GloomhavenVR.EnvironmentsPreview/<>c__DisplayClass15_0&,GloomhavenVR.EnvironmentsPreview/<>c__DisplayClass15_1&,GloomhavenVR.EnvironmentsPreview/<>c__DisplayClass15_2&) (at Assets/Editor/PreviewEnvironments.cs:444)
GloomhavenVR.EnvironmentsPreview:Render () (at Assets/Editor/PreviewEnvironments.cs:479)
GloomhavenVR.EnvironmentsPreview:RenderAll () (at Assets/Editor/PreviewEnvironments.cs:334)

(Filename: Assets/Editor/PreviewEnvironments.cs Line: 444)

[GloomhavenVR][EnvPreview] wrote /tmp/claude-1000/-home-claw-gloomhaven-vr/e3713fea-50d1-40b9-9862-dd2fbd9817f7/scratchpad/prev2/env_cellar_DripColumn_t4.png
UnityEngine.StackTraceUtility:ExtractStackTrace () (at /home/bokken/buildslave/unity/build/Runtime/Export/Scripting/StackTrace.cs:37)
UnityEngine.DebugLogHandler:LogFormat (UnityEngine.LogType,UnityEngine.Object,string,object[])
UnityEngine.Logger:Log (UnityEngine.LogType,object)
UnityEngine.Debug:Log (object)
GloomhavenVR.EnvironmentsPreview:<Render>g__Shoot|15_1 (string,UnityEngine.Vector3,UnityEngine.Vector3,bool,single,string,GloomhavenVR.EnvironmentsPreview/<>c__DisplayClass15_0&,GloomhavenVR.EnvironmentsPreview/<>c__DisplayClass15_1&,GloomhavenVR.EnvironmentsPreview/<>c__DisplayClass15_2&) (at Assets/Editor/PreviewEnvironments.cs:444)
GloomhavenVR.EnvironmentsPreview:Render () (at Assets/Editor/PreviewEnvironments.cs:479)
GloomhavenVR.EnvironmentsPreview:RenderAll () (at Assets/Editor/PreviewEnvironments.cs:334)

(Filename: Assets/Editor/PreviewEnvironments.cs Line: 444)

[GloomhavenVR][EnvPreview] wrote /tmp/claude-1000/-home-claw-gloomhaven-vr/e3713fea-50d1-40b9-9862-dd2fbd9817f7/scratchpad/prev2/env_cellar_WindowClose_t4.png
UnityEngine.StackTraceUtility:ExtractStackTrace () (at /home/bokken/buildslave/unity/build/Runtime/Export/Scripting/StackTrace.cs:37)
UnityEngine.DebugLogHandler:LogFormat (UnityEngine.LogType,UnityEngine.Object,string,object[])
UnityEngine.Logger:Log (UnityEngine.LogType,object)
UnityEngine.Debug:Log (object)
GloomhavenVR.EnvironmentsPreview:<Render>g__Shoot|15_1 (string,UnityEngine.Vector3,UnityEngine.Vector3,bool,single,string,GloomhavenVR.EnvironmentsPreview/<>c__DisplayClass15_0&,GloomhavenVR.EnvironmentsPreview/<>c__DisplayClass15_1&,GloomhavenVR.EnvironmentsPreview/<>c__DisplayClass15_2&) (at Assets/Editor/PreviewEnvironments.cs:444)
GloomhavenVR.EnvironmentsPreview:Render () (at Assets/Editor/PreviewEnvironments.cs:479)
GloomhavenVR.EnvironmentsPreview:RenderAll () (at Assets/Editor/PreviewEnvironments.cs:334)

(Filename: Assets/Editor/PreviewEnvironments.cs Line: 444)

[GloomhavenVR][EnvPreview] wrote /tmp/claude-1000/-home-claw-gloomhaven-vr/e3713fea-50d1-40b9-9862-dd2fbd9817f7/scratchpad/prev2/env_cellar_RatRun_t4.png
UnityEngine.StackTraceUtility:ExtractStackTrace () (at /home/bokken/buildslave/unity/build/Runtime/Export/Scripting/StackTrace.cs:37)
UnityEngine.DebugLogHandler:LogFormat (UnityEngine.LogType,UnityEngine.Object,string,object[])
UnityEngine.Logger:Log (UnityEngine.LogType,object)
UnityEngine.Debug:Log (object)
GloomhavenVR.EnvironmentsPreview:<Render>g__Shoot|15_1 (string,UnityEngine.Vector3,UnityEngine.Vector3,bool,single,string,GloomhavenVR.EnvironmentsPreview/<>c__DisplayClass15_0&,GloomhavenVR.EnvironmentsPreview/<>c__DisplayClass15_1&,GloomhavenVR.EnvironmentsPreview/<>c__DisplayClass15_2&) (at Assets/Editor/PreviewEnvironments.cs:444)
GloomhavenVR.EnvironmentsPreview:Render () (at Assets/Editor/PreviewEnvironments.cs:479)
GloomhavenVR.EnvironmentsPreview:RenderAll () (at Assets/Editor/PreviewEnvironments.cs:334)

(Filename: Assets/Editor/PreviewEnvironments.cs Line: 444)

[GloomhavenVR][EnvPreview] wrote /tmp/claude-1000/-home-claw-gloomhaven-vr/e3713fea-50d1-40b9-9862-dd2fbd9817f7/scratchpad/prev2/env_cellar_RatBeam_t4.png
UnityEngine.StackTraceUtility:ExtractStackTrace () (at /home/bokken/buildslave/unity/build/Runtime/Export/Scripting/StackTrace.cs:37)
UnityEngine.DebugLogHandler:LogFormat (UnityEngine.LogType,UnityEngine.Object,string,object[])
UnityEngine.Logger:Log (UnityEngine.LogType,object)
UnityEngine.Debug:Log (object)
GloomhavenVR.EnvironmentsPreview:<Render>g__Shoot|15_1 (string,UnityEngine.Vector3,UnityEngine.Vector3,bool,single,string,GloomhavenVR.EnvironmentsPreview/<>c__DisplayClass15_0&,GloomhavenVR.EnvironmentsPreview/<>c__DisplayClass15_1&,GloomhavenVR.EnvironmentsPreview/<>c__DisplayClass15_2&) (at Assets/Editor/PreviewEnvironments.cs:444)
GloomhavenVR.EnvironmentsPreview:Render () (at Assets/Editor/PreviewEnvironments.cs:479)
GloomhavenVR.EnvironmentsPreview:RenderAll () (at Assets/Editor/PreviewEnvironments.cs:334)

(Filename: Assets/Editor/PreviewEnvironments.cs Line: 444)

[GloomhavenVR][EnvPreview] wrote /tmp/claude-1000/-home-claw-gloomhaven-vr/e3713fea-50d1-40b9-9862-dd2fbd9817f7/scratchpad/prev2/env_cellar_RatLow_t4.png
UnityEngine.StackTraceUtility:ExtractStackTrace () (at /home/bokken/buildslave/unity/build/Runtime/Export/Scripting/StackTrace.cs:37)
UnityEngine.DebugLogHandler:LogFormat (UnityEngine.LogType,UnityEngine.Object,string,object[])
UnityEngine.Logger:Log (UnityEngine.LogType,object)
UnityEngine.Debug:Log (object)
GloomhavenVR.EnvironmentsPreview:<Render>g__Shoot|15_1 (string,UnityEngine.Vector3,UnityEngine.Vector3,bool,single,string,GloomhavenVR.EnvironmentsPreview/<>c__DisplayClass15_0&,GloomhavenVR.EnvironmentsPreview/<>c__DisplayClass15_1&,GloomhavenVR.EnvironmentsPreview/<>c__DisplayClass15_2&) (at Assets/Editor/PreviewEnvironments.cs:444)
GloomhavenVR.EnvironmentsPreview:Render () (at Assets/Editor/PreviewEnvironments.cs:479)
GloomhavenVR.EnvironmentsPreview:RenderAll () (at Assets/Editor/PreviewEnvironments.cs:334)

(Filename: Assets/Editor/PreviewEnvironments.cs Line: 444)

[GloomhavenVR][EnvPreview] wrote /tmp/claude-1000/-home-claw-gloomhaven-vr/e3713fea-50d1-40b9-9862-dd2fbd9817f7/scratchpad/prev2/env_cellar_RatEnd_t4.png
UnityEngine.StackTraceUtility:ExtractStackTrace () (at /home/bokken/buildslave/unity/build/Runtime/Export/Scripting/StackTrace.cs:37)
UnityEngine.DebugLogHandler:LogFormat (UnityEngine.LogType,UnityEngine.Object,string,object[])
UnityEngine.Logger:Log (UnityEngine.LogType,object)
UnityEngine.Debug:Log (object)
GloomhavenVR.EnvironmentsPreview:<Render>g__Shoot|15_1 (string,UnityEngine.Vector3,UnityEngine.Vector3,bool,single,string,GloomhavenVR.EnvironmentsPreview/<>c__DisplayClass15_0&,GloomhavenVR.EnvironmentsPreview/<>c__DisplayClass15_1&,GloomhavenVR.EnvironmentsPreview/<>c__DisplayClass15_2&) (at Assets/Editor/PreviewEnvironments.cs:444)
GloomhavenVR.EnvironmentsPreview:Render () (at Assets/Editor/PreviewEnvironments.cs:479)
GloomhavenVR.EnvironmentsPreview:RenderAll () (at Assets/Editor/PreviewEnvironments.cs:334)

(Filename: Assets/Editor/PreviewEnvironments.cs Line: 444)

[GloomhavenVR][EnvPreview] wrote /tmp/claude-1000/-home-claw-gloomhaven-vr/e3713fea-50d1-40b9-9862-dd2fbd9817f7/scratchpad/prev2/env_cellar_DarkCornerSW_t4.png
UnityEngine.StackTraceUtility:ExtractStackTrace () (at /home/bokken/buildslave/unity/build/Runtime/Export/Scripting/StackTrace.cs:37)
UnityEngine.DebugLogHandler:LogFormat (UnityEngine.LogType,UnityEngine.Object,string,object[])
UnityEngine.Logger:Log (UnityEngine.LogType,object)
UnityEngine.Debug:Log (object)
GloomhavenVR.EnvironmentsPreview:<Render>g__Shoot|15_1 (string,UnityEngine.Vector3,UnityEngine.Vector3,bool,single,string,GloomhavenVR.EnvironmentsPreview/<>c__DisplayClass15_0&,GloomhavenVR.EnvironmentsPreview/<>c__DisplayClass15_1&,GloomhavenVR.EnvironmentsPreview/<>c__DisplayClass15_2&) (at Assets/Editor/PreviewEnvironments.cs:444)
GloomhavenVR.EnvironmentsPreview:Render () (at Assets/Editor/PreviewEnvironments.cs:479)
GloomhavenVR.EnvironmentsPreview:RenderAll () (at Assets/Editor/PreviewEnvironments.cs:334)

(Filename: Assets/Editor/PreviewEnvironments.cs Line: 444)

[GloomhavenVR][EnvPreview] wrote /tmp/claude-1000/-home-claw-gloomhaven-vr/e3713fea-50d1-40b9-9862-dd2fbd9817f7/scratchpad/prev2/env_cellar_Corner_t5.png
UnityEngine.StackTraceUtility:ExtractStackTrace () (at /home/bokken/buildslave/unity/build/Runtime/Export/Scripting/StackTrace.cs:37)
UnityEngine.DebugLogHandler:LogFormat (UnityEngine.LogType,UnityEngine.Object,string,object[])
UnityEngine.Logger:Log (UnityEngine.LogType,object)
UnityEngine.Debug:Log (object)
GloomhavenVR.EnvironmentsPreview:<Render>g__Shoot|15_1 (string,UnityEngine.Vector3,UnityEngine.Vector3,bool,single,string,GloomhavenVR.EnvironmentsPreview/<>c__DisplayClass15_0&,GloomhavenVR.EnvironmentsPreview/<>c__DisplayClass15_1&,GloomhavenVR.EnvironmentsPreview/<>c__DisplayClass15_2&) (at Assets/Editor/PreviewEnvironments.cs:444)
GloomhavenVR.EnvironmentsPreview:Render () (at Assets/Editor/PreviewEnvironments.cs:479)
GloomhavenVR.EnvironmentsPreview:RenderAll () (at Assets/Editor/PreviewEnvironments.cs:334)

(Filename: Assets/Editor/PreviewEnvironments.cs Line: 444)

[GloomhavenVR][EnvPreview] wrote /tmp/claude-1000/-home-claw-gloomhaven-vr/e3713fea-50d1-40b9-9862-dd2fbd9817f7/scratchpad/prev2/env_cellar_CandleTable_t5.png
UnityEngine.StackTraceUtility:ExtractStackTrace () (at /home/bokken/buildslave/unity/build/Runtime/Export/Scripting/StackTrace.cs:37)
UnityEngine.DebugLogHandler:LogFormat (UnityEngine.LogType,UnityEngine.Object,string,object[])
UnityEngine.Logger:Log (UnityEngine.LogType,object)
UnityEngine.Debug:Log (object)
GloomhavenVR.EnvironmentsPreview:<Render>g__Shoot|15_1 (string,UnityEngine.Vector3,UnityEngine.Vector3,bool,single,string,GloomhavenVR.EnvironmentsPreview/<>c__DisplayClass15_0&,GloomhavenVR.EnvironmentsPreview/<>c__DisplayClass15_1&,GloomhavenVR.EnvironmentsPreview/<>c__DisplayClass15_2&) (at Assets/Editor/PreviewEnvironments.cs:444)
GloomhavenVR.EnvironmentsPreview:Render () (at Assets/Editor/PreviewEnvironments.cs:479)
GloomhavenVR.EnvironmentsPreview:RenderAll () (at Assets/Editor/PreviewEnvironments.cs:334)

(Filename: Assets/Editor/PreviewEnvironments.cs Line: 444)

[GloomhavenVR][EnvPreview] wrote /tmp/claude-1000/-home-claw-gloomhaven-vr/e3713fea-50d1-40b9-9862-dd2fbd9817f7/scratchpad/prev2/env_cellar_CandleCrate_t5.png
UnityEngine.StackTraceUtility:ExtractStackTrace () (at /home/bokken/buildslave/unity/build/Runtime/Export/Scripting/StackTrace.cs:37)
UnityEngine.DebugLogHandler:LogFormat (UnityEngine.LogType,UnityEngine.Object,string,object[])
UnityEngine.Logger:Log (UnityEngine.LogType,object)
UnityEngine.Debug:Log (object)
GloomhavenVR.EnvironmentsPreview:<Render>g__Shoot|15_1 (string,UnityEngine.Vector3,UnityEngine.Vector3,bool,single,string,GloomhavenVR.EnvironmentsPreview/<>c__DisplayClass15_0&,GloomhavenVR.EnvironmentsPreview/<>c__DisplayClass15_1&,GloomhavenVR.EnvironmentsPreview/<>c__DisplayClass15_2&) (at Assets/Editor/PreviewEnvironments.cs:444)
GloomhavenVR.EnvironmentsPreview:Render () (at Assets/Editor/PreviewEnvironments.cs:479)
GloomhavenVR.EnvironmentsPreview:RenderAll () (at Assets/Editor/PreviewEnvironments.cs:334)

(Filename: Assets/Editor/PreviewEnvironments.cs Line: 444)

[GloomhavenVR][EnvPreview] wrote /tmp/claude-1000/-home-claw-gloomhaven-vr/e3713fea-50d1-40b9-9862-dd2fbd9817f7/scratchpad/prev2/env_cellar_Puddle_t5.png
UnityEngine.StackTraceUtility:ExtractStackTrace () (at /home/bokken/buildslave/unity/build/Runtime/Export/Scripting/StackTrace.cs:37)
UnityEngine.DebugLogHandler:LogFormat (UnityEngine.LogType,UnityEngine.Object,string,object[])
UnityEngine.Logger:Log (UnityEngine.LogType,object)
UnityEngine.Debug:Log (object)
GloomhavenVR.EnvironmentsPreview:<Render>g__Shoot|15_1 (string,UnityEngine.Vector3,UnityEngine.Vector3,bool,single,string,GloomhavenVR.EnvironmentsPreview/<>c__DisplayClass15_0&,GloomhavenVR.EnvironmentsPreview/<>c__DisplayClass15_1&,GloomhavenVR.EnvironmentsPreview/<>c__DisplayClass15_2&) (at Assets/Editor/PreviewEnvironments.cs:444)
GloomhavenVR.EnvironmentsPreview:Render () (at Assets/Editor/PreviewEnvironments.cs:479)
GloomhavenVR.EnvironmentsPreview:RenderAll () (at Assets/Editor/PreviewEnvironments.cs:334)

(Filename: Assets/Editor/PreviewEnvironments.cs Line: 444)

[GloomhavenVR][EnvPreview] wrote /tmp/claude-1000/-home-claw-gloomhaven-vr/e3713fea-50d1-40b9-9862-dd2fbd9817f7/scratchpad/prev2/env_cellar_PuddleLow_t5.png
UnityEngine.StackTraceUtility:ExtractStackTrace () (at /home/bokken/buildslave/unity/build/Runtime/Export/Scripting/StackTrace.cs:37)
UnityEngine.DebugLogHandler:LogFormat (UnityEngine.LogType,UnityEngine.Object,string,object[])
UnityEngine.Logger:Log (UnityEngine.LogType,object)
UnityEngine.Debug:Log (object)
GloomhavenVR.EnvironmentsPreview:<Render>g__Shoot|15_1 (string,UnityEngine.Vector3,UnityEngine.Vector3,bool,single,string,GloomhavenVR.EnvironmentsPreview/<>c__DisplayClass15_0&,GloomhavenVR.EnvironmentsPreview/<>c__DisplayClass15_1&,GloomhavenVR.EnvironmentsPreview/<>c__DisplayClass15_2&) (at Assets/Editor/PreviewEnvironments.cs:444)
GloomhavenVR.EnvironmentsPreview:Render () (at Assets/Editor/PreviewEnvironments.cs:479)
GloomhavenVR.EnvironmentsPreview:RenderAll () (at Assets/Editor/PreviewEnvironments.cs:334)

(Filename: Assets/Editor/PreviewEnvironments.cs Line: 444)

[GloomhavenVR][EnvPreview] wrote /tmp/claude-1000/-home-claw-gloomhaven-vr/e3713fea-50d1-40b9-9862-dd2fbd9817f7/scratchpad/prev2/env_cellar_DripColumn_t5.png
UnityEngine.StackTraceUtility:ExtractStackTrace () (at /home/bokken/buildslave/unity/build/Runtime/Export/Scripting/StackTrace.cs:37)
UnityEngine.DebugLogHandler:LogFormat (UnityEngine.LogType,UnityEngine.Object,string,object[])
UnityEngine.Logger:Log (UnityEngine.LogType,object)
UnityEngine.Debug:Log (object)
GloomhavenVR.EnvironmentsPreview:<Render>g__Shoot|15_1 (string,UnityEngine.Vector3,UnityEngine.Vector3,bool,single,string,GloomhavenVR.EnvironmentsPreview/<>c__DisplayClass15_0&,GloomhavenVR.EnvironmentsPreview/<>c__DisplayClass15_1&,GloomhavenVR.EnvironmentsPreview/<>c__DisplayClass15_2&) (at Assets/Editor/PreviewEnvironments.cs:444)
GloomhavenVR.EnvironmentsPreview:Render () (at Assets/Editor/PreviewEnvironments.cs:479)
GloomhavenVR.EnvironmentsPreview:RenderAll () (at Assets/Editor/PreviewEnvironments.cs:334)

(Filename: Assets/Editor/PreviewEnvironments.cs Line: 444)

[GloomhavenVR][EnvPreview] wrote /tmp/claude-1000/-home-claw-gloomhaven-vr/e3713fea-50d1-40b9-9862-dd2fbd9817f7/scratchpad/prev2/env_cellar_WindowClose_t5.png
UnityEngine.StackTraceUtility:ExtractStackTrace () (at /home/bokken/buildslave/unity/build/Runtime/Export/Scripting/StackTrace.cs:37)
UnityEngine.DebugLogHandler:LogFormat (UnityEngine.LogType,UnityEngine.Object,string,object[])
UnityEngine.Logger:Log (UnityEngine.LogType,object)
UnityEngine.Debug:Log (object)
GloomhavenVR.EnvironmentsPreview:<Render>g__Shoot|15_1 (string,UnityEngine.Vector3,UnityEngine.Vector3,bool,single,string,GloomhavenVR.EnvironmentsPreview/<>c__DisplayClass15_0&,GloomhavenVR.EnvironmentsPreview/<>c__DisplayClass15_1&,GloomhavenVR.EnvironmentsPreview/<>c__DisplayClass15_2&) (at Assets/Editor/PreviewEnvironments.cs:444)
GloomhavenVR.EnvironmentsPreview:Render () (at Assets/Editor/PreviewEnvironments.cs:479)
GloomhavenVR.EnvironmentsPreview:RenderAll () (at Assets/Editor/PreviewEnvironments.cs:334)

(Filename: Assets/Editor/PreviewEnvironments.cs Line: 444)

[GloomhavenVR][EnvPreview] wrote /tmp/claude-1000/-home-claw-gloomhaven-vr/e3713fea-50d1-40b9-9862-dd2fbd9817f7/scratchpad/prev2/env_cellar_RatRun_t5.png
UnityEngine.StackTraceUtility:ExtractStackTrace () (at /home/bokken/buildslave/unity/build/Runtime/Export/Scripting/StackTrace.cs:37)
UnityEngine.DebugLogHandler:LogFormat (UnityEngine.LogType,UnityEngine.Object,string,object[])
UnityEngine.Logger:Log (UnityEngine.LogType,object)
UnityEngine.Debug:Log (object)
GloomhavenVR.EnvironmentsPreview:<Render>g__Shoot|15_1 (string,UnityEngine.Vector3,UnityEngine.Vector3,bool,single,string,GloomhavenVR.EnvironmentsPreview/<>c__DisplayClass15_0&,GloomhavenVR.EnvironmentsPreview/<>c__DisplayClass15_1&,GloomhavenVR.EnvironmentsPreview/<>c__DisplayClass15_2&) (at Assets/Editor/PreviewEnvironments.cs:444)
GloomhavenVR.EnvironmentsPreview:Render () (at Assets/Editor/PreviewEnvironments.cs:479)
GloomhavenVR.EnvironmentsPreview:RenderAll () (at Assets/Editor/PreviewEnvironments.cs:334)

(Filename: Assets/Editor/PreviewEnvironments.cs Line: 444)

[GloomhavenVR][EnvPreview] wrote /tmp/claude-1000/-home-claw-gloomhaven-vr/e3713fea-50d1-40b9-9862-dd2fbd9817f7/scratchpad/prev2/env_cellar_RatBeam_t5.png
UnityEngine.StackTraceUtility:ExtractStackTrace () (at /home/bokken/buildslave/unity/build/Runtime/Export/Scripting/StackTrace.cs:37)
UnityEngine.DebugLogHandler:LogFormat (UnityEngine.LogType,UnityEngine.Object,string,object[])
UnityEngine.Logger:Log (UnityEngine.LogType,object)
UnityEngine.Debug:Log (object)
GloomhavenVR.EnvironmentsPreview:<Render>g__Shoot|15_1 (string,UnityEngine.Vector3,UnityEngine.Vector3,bool,single,string,GloomhavenVR.EnvironmentsPreview/<>c__DisplayClass15_0&,GloomhavenVR.EnvironmentsPreview/<>c__DisplayClass15_1&,GloomhavenVR.EnvironmentsPreview/<>c__DisplayClass15_2&) (at Assets/Editor/PreviewEnvironments.cs:444)
GloomhavenVR.EnvironmentsPreview:Render () (at Assets/Editor/PreviewEnvironments.cs:479)
GloomhavenVR.EnvironmentsPreview:RenderAll () (at Assets/Editor/PreviewEnvironments.cs:334)

(Filename: Assets/Editor/PreviewEnvironments.cs Line: 444)

[GloomhavenVR][EnvPreview] wrote /tmp/claude-1000/-home-claw-gloomhaven-vr/e3713fea-50d1-40b9-9862-dd2fbd9817f7/scratchpad/prev2/env_cellar_RatLow_t5.png
UnityEngine.StackTraceUtility:ExtractStackTrace () (at /home/bokken/buildslave/unity/build/Runtime/Export/Scripting/StackTrace.cs:37)
UnityEngine.DebugLogHandler:LogFormat (UnityEngine.LogType,UnityEngine.Object,string,object[])
UnityEngine.Logger:Log (UnityEngine.LogType,object)
UnityEngine.Debug:Log (object)
GloomhavenVR.EnvironmentsPreview:<Render>g__Shoot|15_1 (string,UnityEngine.Vector3,UnityEngine.Vector3,bool,single,string,GloomhavenVR.EnvironmentsPreview/<>c__DisplayClass15_0&,GloomhavenVR.EnvironmentsPreview/<>c__DisplayClass15_1&,GloomhavenVR.EnvironmentsPreview/<>c__DisplayClass15_2&) (at Assets/Editor/PreviewEnvironments.cs:444)
GloomhavenVR.EnvironmentsPreview:Render () (at Assets/Editor/PreviewEnvironments.cs:479)
GloomhavenVR.EnvironmentsPreview:RenderAll () (at Assets/Editor/PreviewEnvironments.cs:334)

(Filename: Assets/Editor/PreviewEnvironments.cs Line: 444)

[GloomhavenVR][EnvPreview] wrote /tmp/claude-1000/-home-claw-gloomhaven-vr/e3713fea-50d1-40b9-9862-dd2fbd9817f7/scratchpad/prev2/env_cellar_RatEnd_t5.png
UnityEngine.StackTraceUtility:ExtractStackTrace () (at /home/bokken/buildslave/unity/build/Runtime/Export/Scripting/StackTrace.cs:37)
UnityEngine.DebugLogHandler:LogFormat (UnityEngine.LogType,UnityEngine.Object,string,object[])
UnityEngine.Logger:Log (UnityEngine.LogType,object)
UnityEngine.Debug:Log (object)
GloomhavenVR.EnvironmentsPreview:<Render>g__Shoot|15_1 (string,UnityEngine.Vector3,UnityEngine.Vector3,bool,single,string,GloomhavenVR.EnvironmentsPreview/<>c__DisplayClass15_0&,GloomhavenVR.EnvironmentsPreview/<>c__DisplayClass15_1&,GloomhavenVR.EnvironmentsPreview/<>c__DisplayClass15_2&) (at Assets/Editor/PreviewEnvironments.cs:444)
GloomhavenVR.EnvironmentsPreview:Render () (at Assets/Editor/PreviewEnvironments.cs:479)
GloomhavenVR.EnvironmentsPreview:RenderAll () (at Assets/Editor/PreviewEnvironments.cs:334)

(Filename: Assets/Editor/PreviewEnvironments.cs Line: 444)

[GloomhavenVR][EnvPreview] wrote /tmp/claude-1000/-home-claw-gloomhaven-vr/e3713fea-50d1-40b9-9862-dd2fbd9817f7/scratchpad/prev2/env_cellar_DarkCornerSW_t5.png
UnityEngine.StackTraceUtility:ExtractStackTrace () (at /home/bokken/buildslave/unity/build/Runtime/Export/Scripting/StackTrace.cs:37)
UnityEngine.DebugLogHandler:LogFormat (UnityEngine.LogType,UnityEngine.Object,string,object[])
UnityEngine.Logger:Log (UnityEngine.LogType,object)
UnityEngine.Debug:Log (object)
GloomhavenVR.EnvironmentsPreview:<Render>g__Shoot|15_1 (string,UnityEngine.Vector3,UnityEngine.Vector3,bool,single,string,GloomhavenVR.EnvironmentsPreview/<>c__DisplayClass15_0&,GloomhavenVR.EnvironmentsPreview/<>c__DisplayClass15_1&,GloomhavenVR.EnvironmentsPreview/<>c__DisplayClass15_2&) (at Assets/Editor/PreviewEnvironments.cs:444)
GloomhavenVR.EnvironmentsPreview:Render () (at Assets/Editor/PreviewEnvironments.cs:479)
GloomhavenVR.EnvironmentsPreview:RenderAll () (at Assets/Editor/PreviewEnvironments.cs:334)

(Filename: Assets/Editor/PreviewEnvironments.cs Line: 444)

[GloomhavenVR][EnvPreview] wrote /tmp/claude-1000/-home-claw-gloomhaven-vr/e3713fea-50d1-40b9-9862-dd2fbd9817f7/scratchpad/prev2/env_cellar_Corner_t6.png
UnityEngine.StackTraceUtility:ExtractStackTrace () (at /home/bokken/buildslave/unity/build/Runtime/Export/Scripting/StackTrace.cs:37)
UnityEngine.DebugLogHandler:LogFormat (UnityEngine.LogType,UnityEngine.Object,string,object[])
UnityEngine.Logger:Log (UnityEngine.LogType,object)
UnityEngine.Debug:Log (object)
GloomhavenVR.EnvironmentsPreview:<Render>g__Shoot|15_1 (string,UnityEngine.Vector3,UnityEngine.Vector3,bool,single,string,GloomhavenVR.EnvironmentsPreview/<>c__DisplayClass15_0&,GloomhavenVR.EnvironmentsPreview/<>c__DisplayClass15_1&,GloomhavenVR.EnvironmentsPreview/<>c__DisplayClass15_2&) (at Assets/Editor/PreviewEnvironments.cs:444)
GloomhavenVR.EnvironmentsPreview:Render () (at Assets/Editor/PreviewEnvironments.cs:479)
GloomhavenVR.EnvironmentsPreview:RenderAll () (at Assets/Editor/PreviewEnvironments.cs:334)

(Filename: Assets/Editor/PreviewEnvironments.cs Line: 444)

[GloomhavenVR][EnvPreview] wrote /tmp/claude-1000/-home-claw-gloomhaven-vr/e3713fea-50d1-40b9-9862-dd2fbd9817f7/scratchpad/prev2/env_cellar_CandleTable_t6.png
UnityEngine.StackTraceUtility:ExtractStackTrace () (at /home/bokken/buildslave/unity/build/Runtime/Export/Scripting/StackTrace.cs:37)
UnityEngine.DebugLogHandler:LogFormat (UnityEngine.LogType,UnityEngine.Object,string,object[])
UnityEngine.Logger:Log (UnityEngine.LogType,object)
UnityEngine.Debug:Log (object)
GloomhavenVR.EnvironmentsPreview:<Render>g__Shoot|15_1 (string,UnityEngine.Vector3,UnityEngine.Vector3,bool,single,string,GloomhavenVR.EnvironmentsPreview/<>c__DisplayClass15_0&,GloomhavenVR.EnvironmentsPreview/<>c__DisplayClass15_1&,GloomhavenVR.EnvironmentsPreview/<>c__DisplayClass15_2&) (at Assets/Editor/PreviewEnvironments.cs:444)
GloomhavenVR.EnvironmentsPreview:Render () (at Assets/Editor/PreviewEnvironments.cs:479)
GloomhavenVR.EnvironmentsPreview:RenderAll () (at Assets/Editor/PreviewEnvironments.cs:334)

(Filename: Assets/Editor/PreviewEnvironments.cs Line: 444)

[GloomhavenVR][EnvPreview] wrote /tmp/claude-1000/-home-claw-gloomhaven-vr/e3713fea-50d1-40b9-9862-dd2fbd9817f7/scratchpad/prev2/env_cellar_CandleCrate_t6.png
UnityEngine.StackTraceUtility:ExtractStackTrace () (at /home/bokken/buildslave/unity/build/Runtime/Export/Scripting/StackTrace.cs:37)
UnityEngine.DebugLogHandler:LogFormat (UnityEngine.LogType,UnityEngine.Object,string,object[])
UnityEngine.Logger:Log (UnityEngine.LogType,object)
UnityEngine.Debug:Log (object)
GloomhavenVR.EnvironmentsPreview:<Render>g__Shoot|15_1 (string,UnityEngine.Vector3,UnityEngine.Vector3,bool,single,string,GloomhavenVR.EnvironmentsPreview/<>c__DisplayClass15_0&,GloomhavenVR.EnvironmentsPreview/<>c__DisplayClass15_1&,GloomhavenVR.EnvironmentsPreview/<>c__DisplayClass15_2&) (at Assets/Editor/PreviewEnvironments.cs:444)
GloomhavenVR.EnvironmentsPreview:Render () (at Assets/Editor/PreviewEnvironments.cs:479)
GloomhavenVR.EnvironmentsPreview:RenderAll () (at Assets/Editor/PreviewEnvironments.cs:334)

(Filename: Assets/Editor/PreviewEnvironments.cs Line: 444)

[GloomhavenVR][EnvPreview] wrote /tmp/claude-1000/-home-claw-gloomhaven-vr/e3713fea-50d1-40b9-9862-dd2fbd9817f7/scratchpad/prev2/env_cellar_Puddle_t6.png
UnityEngine.StackTraceUtility:ExtractStackTrace () (at /home/bokken/buildslave/unity/build/Runtime/Export/Scripting/StackTrace.cs:37)
UnityEngine.DebugLogHandler:LogFormat (UnityEngine.LogType,UnityEngine.Object,string,object[])
UnityEngine.Logger:Log (UnityEngine.LogType,object)
UnityEngine.Debug:Log (object)
GloomhavenVR.EnvironmentsPreview:<Render>g__Shoot|15_1 (string,UnityEngine.Vector3,UnityEngine.Vector3,bool,single,string,GloomhavenVR.EnvironmentsPreview/<>c__DisplayClass15_0&,GloomhavenVR.EnvironmentsPreview/<>c__DisplayClass15_1&,GloomhavenVR.EnvironmentsPreview/<>c__DisplayClass15_2&) (at Assets/Editor/PreviewEnvironments.cs:444)
GloomhavenVR.EnvironmentsPreview:Render () (at Assets/Editor/PreviewEnvironments.cs:479)
GloomhavenVR.EnvironmentsPreview:RenderAll () (at Assets/Editor/PreviewEnvironments.cs:334)

(Filename: Assets/Editor/PreviewEnvironments.cs Line: 444)

[GloomhavenVR][EnvPreview] wrote /tmp/claude-1000/-home-claw-gloomhaven-vr/e3713fea-50d1-40b9-9862-dd2fbd9817f7/scratchpad/prev2/env_cellar_PuddleLow_t6.png
UnityEngine.StackTraceUtility:ExtractStackTrace () (at /home/bokken/buildslave/unity/build/Runtime/Export/Scripting/StackTrace.cs:37)
UnityEngine.DebugLogHandler:LogFormat (UnityEngine.LogType,UnityEngine.Object,string,object[])
UnityEngine.Logger:Log (UnityEngine.LogType,object)
UnityEngine.Debug:Log (object)
GloomhavenVR.EnvironmentsPreview:<Render>g__Shoot|15_1 (string,UnityEngine.Vector3,UnityEngine.Vector3,bool,single,string,GloomhavenVR.EnvironmentsPreview/<>c__DisplayClass15_0&,GloomhavenVR.EnvironmentsPreview/<>c__DisplayClass15_1&,GloomhavenVR.EnvironmentsPreview/<>c__DisplayClass15_2&) (at Assets/Editor/PreviewEnvironments.cs:444)
GloomhavenVR.EnvironmentsPreview:Render () (at Assets/Editor/PreviewEnvironments.cs:479)
GloomhavenVR.EnvironmentsPreview:RenderAll () (at Assets/Editor/PreviewEnvironments.cs:334)

(Filename: Assets/Editor/PreviewEnvironments.cs Line: 444)

[GloomhavenVR][EnvPreview] wrote /tmp/claude-1000/-home-claw-gloomhaven-vr/e3713fea-50d1-40b9-9862-dd2fbd9817f7/scratchpad/prev2/env_cellar_DripColumn_t6.png
UnityEngine.StackTraceUtility:ExtractStackTrace () (at /home/bokken/buildslave/unity/build/Runtime/Export/Scripting/StackTrace.cs:37)
UnityEngine.DebugLogHandler:LogFormat (UnityEngine.LogType,UnityEngine.Object,string,object[])
UnityEngine.Logger:Log (UnityEngine.LogType,object)
UnityEngine.Debug:Log (object)
GloomhavenVR.EnvironmentsPreview:<Render>g__Shoot|15_1 (string,UnityEngine.Vector3,UnityEngine.Vector3,bool,single,string,GloomhavenVR.EnvironmentsPreview/<>c__DisplayClass15_0&,GloomhavenVR.EnvironmentsPreview/<>c__DisplayClass15_1&,GloomhavenVR.EnvironmentsPreview/<>c__DisplayClass15_2&) (at Assets/Editor/PreviewEnvironments.cs:444)
GloomhavenVR.EnvironmentsPreview:Render () (at Assets/Editor/PreviewEnvironments.cs:479)
GloomhavenVR.EnvironmentsPreview:RenderAll () (at Assets/Editor/PreviewEnvironments.cs:334)

(Filename: Assets/Editor/PreviewEnvironments.cs Line: 444)

[GloomhavenVR][EnvPreview] wrote /tmp/claude-1000/-home-claw-gloomhaven-vr/e3713fea-50d1-40b9-9862-dd2fbd9817f7/scratchpad/prev2/env_cellar_WindowClose_t6.png
UnityEngine.StackTraceUtility:ExtractStackTrace () (at /home/bokken/buildslave/unity/build/Runtime/Export/Scripting/StackTrace.cs:37)
UnityEngine.DebugLogHandler:LogFormat (UnityEngine.LogType,UnityEngine.Object,string,object[])
UnityEngine.Logger:Log (UnityEngine.LogType,object)
UnityEngine.Debug:Log (object)
GloomhavenVR.EnvironmentsPreview:<Render>g__Shoot|15_1 (string,UnityEngine.Vector3,UnityEngine.Vector3,bool,single,string,GloomhavenVR.EnvironmentsPreview/<>c__DisplayClass15_0&,GloomhavenVR.EnvironmentsPreview/<>c__DisplayClass15_1&,GloomhavenVR.EnvironmentsPreview/<>c__DisplayClass15_2&) (at Assets/Editor/PreviewEnvironments.cs:444)
GloomhavenVR.EnvironmentsPreview:Render () (at Assets/Editor/PreviewEnvironments.cs:479)
GloomhavenVR.EnvironmentsPreview:RenderAll () (at Assets/Editor/PreviewEnvironments.cs:334)

(Filename: Assets/Editor/PreviewEnvironments.cs Line: 444)

[GloomhavenVR][EnvPreview] wrote /tmp/claude-1000/-home-claw-gloomhaven-vr/e3713fea-50d1-40b9-9862-dd2fbd9817f7/scratchpad/prev2/env_cellar_RatRun_t6.png
UnityEngine.StackTraceUtility:ExtractStackTrace () (at /home/bokken/buildslave/unity/build/Runtime/Export/Scripting/StackTrace.cs:37)
UnityEngine.DebugLogHandler:LogFormat (UnityEngine.LogType,UnityEngine.Object,string,object[])
UnityEngine.Logger:Log (UnityEngine.LogType,object)
UnityEngine.Debug:Log (object)
GloomhavenVR.EnvironmentsPreview:<Render>g__Shoot|15_1 (string,UnityEngine.Vector3,UnityEngine.Vector3,bool,single,string,GloomhavenVR.EnvironmentsPreview/<>c__DisplayClass15_0&,GloomhavenVR.EnvironmentsPreview/<>c__DisplayClass15_1&,GloomhavenVR.EnvironmentsPreview/<>c__DisplayClass15_2&) (at Assets/Editor/PreviewEnvironments.cs:444)
GloomhavenVR.EnvironmentsPreview:Render () (at Assets/Editor/PreviewEnvironments.cs:479)
GloomhavenVR.EnvironmentsPreview:RenderAll () (at Assets/Editor/PreviewEnvironments.cs:334)

(Filename: Assets/Editor/PreviewEnvironments.cs Line: 444)

[GloomhavenVR][EnvPreview] wrote /tmp/claude-1000/-home-claw-gloomhaven-vr/e3713fea-50d1-40b9-9862-dd2fbd9817f7/scratchpad/prev2/env_cellar_RatBeam_t6.png
UnityEngine.StackTraceUtility:ExtractStackTrace () (at /home/bokken/buildslave/unity/build/Runtime/Export/Scripting/StackTrace.cs:37)
UnityEngine.DebugLogHandler:LogFormat (UnityEngine.LogType,UnityEngine.Object,string,object[])
UnityEngine.Logger:Log (UnityEngine.LogType,object)
UnityEngine.Debug:Log (object)
GloomhavenVR.EnvironmentsPreview:<Render>g__Shoot|15_1 (string,UnityEngine.Vector3,UnityEngine.Vector3,bool,single,string,GloomhavenVR.EnvironmentsPreview/<>c__DisplayClass15_0&,GloomhavenVR.EnvironmentsPreview/<>c__DisplayClass15_1&,GloomhavenVR.EnvironmentsPreview/<>c__DisplayClass15_2&) (at Assets/Editor/PreviewEnvironments.cs:444)
GloomhavenVR.EnvironmentsPreview:Render () (at Assets/Editor/PreviewEnvironments.cs:479)
GloomhavenVR.EnvironmentsPreview:RenderAll () (at Assets/Editor/PreviewEnvironments.cs:334)

(Filename: Assets/Editor/PreviewEnvironments.cs Line: 444)

[GloomhavenVR][EnvPreview] wrote /tmp/claude-1000/-home-claw-gloomhaven-vr/e3713fea-50d1-40b9-9862-dd2fbd9817f7/scratchpad/prev2/env_cellar_RatLow_t6.png
UnityEngine.StackTraceUtility:ExtractStackTrace () (at /home/bokken/buildslave/unity/build/Runtime/Export/Scripting/StackTrace.cs:37)
UnityEngine.DebugLogHandler:LogFormat (UnityEngine.LogType,UnityEngine.Object,string,object[])
UnityEngine.Logger:Log (UnityEngine.LogType,object)
UnityEngine.Debug:Log (object)
GloomhavenVR.EnvironmentsPreview:<Render>g__Shoot|15_1 (string,UnityEngine.Vector3,UnityEngine.Vector3,bool,single,string,GloomhavenVR.EnvironmentsPreview/<>c__DisplayClass15_0&,GloomhavenVR.EnvironmentsPreview/<>c__DisplayClass15_1&,GloomhavenVR.EnvironmentsPreview/<>c__DisplayClass15_2&) (at Assets/Editor/PreviewEnvironments.cs:444)
GloomhavenVR.EnvironmentsPreview:Render () (at Assets/Editor/PreviewEnvironments.cs:479)
GloomhavenVR.EnvironmentsPreview:RenderAll () (at Assets/Editor/PreviewEnvironments.cs:334)

(Filename: Assets/Editor/PreviewEnvironments.cs Line: 444)

[GloomhavenVR][EnvPreview] wrote /tmp/claude-1000/-home-claw-gloomhaven-vr/e3713fea-50d1-40b9-9862-dd2fbd9817f7/scratchpad/prev2/env_cellar_RatEnd_t6.png
UnityEngine.StackTraceUtility:ExtractStackTrace () (at /home/bokken/buildslave/unity/build/Runtime/Export/Scripting/StackTrace.cs:37)
UnityEngine.DebugLogHandler:LogFormat (UnityEngine.LogType,UnityEngine.Object,string,object[])
UnityEngine.Logger:Log (UnityEngine.LogType,object)
UnityEngine.Debug:Log (object)
GloomhavenVR.EnvironmentsPreview:<Render>g__Shoot|15_1 (string,UnityEngine.Vector3,UnityEngine.Vector3,bool,single,string,GloomhavenVR.EnvironmentsPreview/<>c__DisplayClass15_0&,GloomhavenVR.EnvironmentsPreview/<>c__DisplayClass15_1&,GloomhavenVR.EnvironmentsPreview/<>c__DisplayClass15_2&) (at Assets/Editor/PreviewEnvironments.cs:444)
GloomhavenVR.EnvironmentsPreview:Render () (at Assets/Editor/PreviewEnvironments.cs:479)
GloomhavenVR.EnvironmentsPreview:RenderAll () (at Assets/Editor/PreviewEnvironments.cs:334)

(Filename: Assets/Editor/PreviewEnvironments.cs Line: 444)

[GloomhavenVR][EnvPreview] wrote /tmp/claude-1000/-home-claw-gloomhaven-vr/e3713fea-50d1-40b9-9862-dd2fbd9817f7/scratchpad/prev2/env_cellar_DarkCornerSW_t6.png
UnityEngine.StackTraceUtility:ExtractStackTrace () (at /home/bokken/buildslave/unity/build/Runtime/Export/Scripting/StackTrace.cs:37)
UnityEngine.DebugLogHandler:LogFormat (UnityEngine.LogType,UnityEngine.Object,string,object[])
UnityEngine.Logger:Log (UnityEngine.LogType,object)
UnityEngine.Debug:Log (object)
GloomhavenVR.EnvironmentsPreview:<Render>g__Shoot|15_1 (string,UnityEngine.Vector3,UnityEngine.Vector3,bool,single,string,GloomhavenVR.EnvironmentsPreview/<>c__DisplayClass15_0&,GloomhavenVR.EnvironmentsPreview/<>c__DisplayClass15_1&,GloomhavenVR.EnvironmentsPreview/<>c__DisplayClass15_2&) (at Assets/Editor/PreviewEnvironments.cs:444)
GloomhavenVR.EnvironmentsPreview:Render () (at Assets/Editor/PreviewEnvironments.cs:479)
GloomhavenVR.EnvironmentsPreview:RenderAll () (at Assets/Editor/PreviewEnvironments.cs:334)

(Filename: Assets/Editor/PreviewEnvironments.cs Line: 444)

[GloomhavenVR][EnvPreview] wrote /tmp/claude-1000/-home-claw-gloomhaven-vr/e3713fea-50d1-40b9-9862-dd2fbd9817f7/scratchpad/prev2/env_cellar_HauntWindow_p25.png
UnityEngine.StackTraceUtility:ExtractStackTrace () (at /home/bokken/buildslave/unity/build/Runtime/Export/Scripting/StackTrace.cs:37)
UnityEngine.DebugLogHandler:LogFormat (UnityEngine.LogType,UnityEngine.Object,string,object[])
UnityEngine.Logger:Log (UnityEngine.LogType,object)
UnityEngine.Debug:Log (object)
GloomhavenVR.EnvironmentsPreview:<Render>g__Shoot|15_1 (string,UnityEngine.Vector3,UnityEngine.Vector3,bool,single,string,GloomhavenVR.EnvironmentsPreview/<>c__DisplayClass15_0&,GloomhavenVR.EnvironmentsPreview/<>c__DisplayClass15_1&,GloomhavenVR.EnvironmentsPreview/<>c__DisplayClass15_2&) (at Assets/Editor/PreviewEnvironments.cs:444)
GloomhavenVR.EnvironmentsPreview:Render () (at Assets/Editor/PreviewEnvironments.cs:506)
GloomhavenVR.EnvironmentsPreview:RenderAll () (at Assets/Editor/PreviewEnvironments.cs:334)

(Filename: Assets/Editor/PreviewEnvironments.cs Line: 444)

[GloomhavenVR][EnvPreview] wrote /tmp/claude-1000/-home-claw-gloomhaven-vr/e3713fea-50d1-40b9-9862-dd2fbd9817f7/scratchpad/prev2/env_cellar_HauntWindow_p55.png
UnityEngine.StackTraceUtility:ExtractStackTrace () (at /home/bokken/buildslave/unity/build/Runtime/Export/Scripting/StackTrace.cs:37)
UnityEngine.DebugLogHandler:LogFormat (UnityEngine.LogType,UnityEngine.Object,string,object[])
UnityEngine.Logger:Log (UnityEngine.LogType,object)
UnityEngine.Debug:Log (object)
GloomhavenVR.EnvironmentsPreview:<Render>g__Shoot|15_1 (string,UnityEngine.Vector3,UnityEngine.Vector3,bool,single,string,GloomhavenVR.EnvironmentsPreview/<>c__DisplayClass15_0&,GloomhavenVR.EnvironmentsPreview/<>c__DisplayClass15_1&,GloomhavenVR.EnvironmentsPreview/<>c__DisplayClass15_2&) (at Assets/Editor/PreviewEnvironments.cs:444)
GloomhavenVR.EnvironmentsPreview:Render () (at Assets/Editor/PreviewEnvironments.cs:506)
GloomhavenVR.EnvironmentsPreview:RenderAll () (at Assets/Editor/PreviewEnvironments.cs:334)

(Filename: Assets/Editor/PreviewEnvironments.cs Line: 444)

[GloomhavenVR][EnvPreview] wrote /tmp/claude-1000/-home-claw-gloomhaven-vr/e3713fea-50d1-40b9-9862-dd2fbd9817f7/scratchpad/prev2/env_cellar_HauntWindow_p88.png
UnityEngine.StackTraceUtility:ExtractStackTrace () (at /home/bokken/buildslave/unity/build/Runtime/Export/Scripting/StackTrace.cs:37)
UnityEngine.DebugLogHandler:LogFormat (UnityEngine.LogType,UnityEngine.Object,string,object[])
UnityEngine.Logger:Log (UnityEngine.LogType,object)
UnityEngine.Debug:Log (object)
GloomhavenVR.EnvironmentsPreview:<Render>g__Shoot|15_1 (string,UnityEngine.Vector3,UnityEngine.Vector3,bool,single,string,GloomhavenVR.EnvironmentsPreview/<>c__DisplayClass15_0&,GloomhavenVR.EnvironmentsPreview/<>c__DisplayClass15_1&,GloomhavenVR.EnvironmentsPreview/<>c__DisplayClass15_2&) (at Assets/Editor/PreviewEnvironments.cs:444)
GloomhavenVR.EnvironmentsPreview:Render () (at Assets/Editor/PreviewEnvironments.cs:506)
GloomhavenVR.EnvironmentsPreview:RenderAll () (at Assets/Editor/PreviewEnvironments.cs:334)

(Filename: Assets/Editor/PreviewEnvironments.cs Line: 444)

[GloomhavenVR][EnvPreview] wrote /tmp/claude-1000/-home-claw-gloomhaven-vr/e3713fea-50d1-40b9-9862-dd2fbd9817f7/scratchpad/prev2/env_cellar_HauntWindow_light.png
UnityEngine.StackTraceUtility:ExtractStackTrace () (at /home/bokken/buildslave/unity/build/Runtime/Export/Scripting/StackTrace.cs:37)
UnityEngine.DebugLogHandler:LogFormat (UnityEngine.LogType,UnityEngine.Object,string,object[])
UnityEngine.Logger:Log (UnityEngine.LogType,object)
UnityEngine.Debug:Log (object)
GloomhavenVR.EnvironmentsPreview:<Render>g__Shoot|15_1 (string,UnityEngine.Vector3,UnityEngine.Vector3,bool,single,string,GloomhavenVR.EnvironmentsPreview/<>c__DisplayClass15_0&,GloomhavenVR.EnvironmentsPreview/<>c__DisplayClass15_1&,GloomhavenVR.EnvironmentsPreview/<>c__DisplayClass15_2&) (at Assets/Editor/PreviewEnvironments.cs:444)
GloomhavenVR.EnvironmentsPreview:Render () (at Assets/Editor/PreviewEnvironments.cs:522)
GloomhavenVR.EnvironmentsPreview:RenderAll () (at Assets/Editor/PreviewEnvironments.cs:334)

(Filename: Assets/Editor/PreviewEnvironments.cs Line: 444)

[GloomhavenVR][EnvPreview] wrote /tmp/claude-1000/-home-claw-gloomhaven-vr/e3713fea-50d1-40b9-9862-dd2fbd9817f7/scratchpad/prev2/env_cellar_HauntWindow_dark.png
UnityEngine.StackTraceUtility:ExtractStackTrace () (at /home/bokken/buildslave/unity/build/Runtime/Export/Scripting/StackTrace.cs:37)
UnityEngine.DebugLogHandler:LogFormat (UnityEngine.LogType,UnityEngine.Object,string,object[])
UnityEngine.Logger:Log (UnityEngine.LogType,object)
UnityEngine.Debug:Log (object)
GloomhavenVR.EnvironmentsPreview:<Render>g__Shoot|15_1 (string,UnityEngine.Vector3,UnityEngine.Vector3,bool,single,string,GloomhavenVR.EnvironmentsPreview/<>c__DisplayClass15_0&,GloomhavenVR.EnvironmentsPreview/<>c__DisplayClass15_1&,GloomhavenVR.EnvironmentsPreview/<>c__DisplayClass15_2&) (at Assets/Editor/PreviewEnvironments.cs:444)
GloomhavenVR.EnvironmentsPreview:Render () (at Assets/Editor/PreviewEnvironments.cs:522)
GloomhavenVR.EnvironmentsPreview:RenderAll () (at Assets/Editor/PreviewEnvironments.cs:334)

(Filename: Assets/Editor/PreviewEnvironments.cs Line: 444)

[GloomhavenVR][EnvPreview] wrote /tmp/claude-1000/-home-claw-gloomhaven-vr/e3713fea-50d1-40b9-9862-dd2fbd9817f7/scratchpad/prev2/env_cellar_HauntWindow_fire.png
UnityEngine.StackTraceUtility:ExtractStackTrace () (at /home/bokken/buildslave/unity/build/Runtime/Export/Scripting/StackTrace.cs:37)
UnityEngine.DebugLogHandler:LogFormat (UnityEngine.LogType,UnityEngine.Object,string,object[])
UnityEngine.Logger:Log (UnityEngine.LogType,object)
UnityEngine.Debug:Log (object)
GloomhavenVR.EnvironmentsPreview:<Render>g__Shoot|15_1 (string,UnityEngine.Vector3,UnityEngine.Vector3,bool,single,string,GloomhavenVR.EnvironmentsPreview/<>c__DisplayClass15_0&,GloomhavenVR.EnvironmentsPreview/<>c__DisplayClass15_1&,GloomhavenVR.EnvironmentsPreview/<>c__DisplayClass15_2&) (at Assets/Editor/PreviewEnvironments.cs:444)
GloomhavenVR.EnvironmentsPreview:Render () (at Assets/Editor/PreviewEnvironments.cs:522)
GloomhavenVR.EnvironmentsPreview:RenderAll () (at Assets/Editor/PreviewEnvironments.cs:334)

(Filename: Assets/Editor/PreviewEnvironments.cs Line: 444)

[GloomhavenVR][EnvPreview] wrote /tmp/claude-1000/-home-claw-gloomhaven-vr/e3713fea-50d1-40b9-9862-dd2fbd9817f7/scratchpad/prev2/env_cellar_HauntWindow_earth.png
UnityEngine.StackTraceUtility:ExtractStackTrace () (at /home/bokken/buildslave/unity/build/Runtime/Export/Scripting/StackTrace.cs:37)
UnityEngine.DebugLogHandler:LogFormat (UnityEngine.LogType,UnityEngine.Object,string,object[])
UnityEngine.Logger:Log (UnityEngine.LogType,object)
UnityEngine.Debug:Log (object)
GloomhavenVR.EnvironmentsPreview:<Render>g__Shoot|15_1 (string,UnityEngine.Vector3,UnityEngine.Vector3,bool,single,string,GloomhavenVR.EnvironmentsPreview/<>c__DisplayClass15_0&,GloomhavenVR.EnvironmentsPreview/<>c__DisplayClass15_1&,GloomhavenVR.EnvironmentsPreview/<>c__DisplayClass15_2&) (at Assets/Editor/PreviewEnvironments.cs:444)
GloomhavenVR.EnvironmentsPreview:Render () (at Assets/Editor/PreviewEnvironments.cs:522)
GloomhavenVR.EnvironmentsPreview:RenderAll () (at Assets/Editor/PreviewEnvironments.cs:334)

(Filename: Assets/Editor/PreviewEnvironments.cs Line: 444)

[GloomhavenVR][EnvPreview] wrote /tmp/claude-1000/-home-claw-gloomhaven-vr/e3713fea-50d1-40b9-9862-dd2fbd9817f7/scratchpad/prev2/env_cellar_HauntHands_p25.png
UnityEngine.StackTraceUtility:ExtractStackTrace () (at /home/bokken/buildslave/unity/build/Runtime/Export/Scripting/StackTrace.cs:37)
UnityEngine.DebugLogHandler:LogFormat (UnityEngine.LogType,UnityEngine.Object,string,object[])
UnityEngine.Logger:Log (UnityEngine.LogType,object)
UnityEngine.Debug:Log (object)
GloomhavenVR.EnvironmentsPreview:<Render>g__Shoot|15_1 (string,UnityEngine.Vector3,UnityEngine.Vector3,bool,single,string,GloomhavenVR.EnvironmentsPreview/<>c__DisplayClass15_0&,GloomhavenVR.EnvironmentsPreview/<>c__DisplayClass15_1&,GloomhavenVR.EnvironmentsPreview/<>c__DisplayClass15_2&) (at Assets/Editor/PreviewEnvironments.cs:444)
GloomhavenVR.EnvironmentsPreview:Render () (at Assets/Editor/PreviewEnvironments.cs:506)
GloomhavenVR.EnvironmentsPreview:RenderAll () (at Assets/Editor/PreviewEnvironments.cs:334)

(Filename: Assets/Editor/PreviewEnvironments.cs Line: 444)

[GloomhavenVR][EnvPreview] wrote /tmp/claude-1000/-home-claw-gloomhaven-vr/e3713fea-50d1-40b9-9862-dd2fbd9817f7/scratchpad/prev2/env_cellar_HauntHands_p55.png
UnityEngine.StackTraceUtility:ExtractStackTrace () (at /home/bokken/buildslave/unity/build/Runtime/Export/Scripting/StackTrace.cs:37)
UnityEngine.DebugLogHandler:LogFormat (UnityEngine.LogType,UnityEngine.Object,string,object[])
UnityEngine.Logger:Log (UnityEngine.LogType,object)
UnityEngine.Debug:Log (object)
GloomhavenVR.EnvironmentsPreview:<Render>g__Shoot|15_1 (string,UnityEngine.Vector3,UnityEngine.Vector3,bool,single,string,GloomhavenVR.EnvironmentsPreview/<>c__DisplayClass15_0&,GloomhavenVR.EnvironmentsPreview/<>c__DisplayClass15_1&,GloomhavenVR.EnvironmentsPreview/<>c__DisplayClass15_2&) (at Assets/Editor/PreviewEnvironments.cs:444)
GloomhavenVR.EnvironmentsPreview:Render () (at Assets/Editor/PreviewEnvironments.cs:506)
GloomhavenVR.EnvironmentsPreview:RenderAll () (at Assets/Editor/PreviewEnvironments.cs:334)

(Filename: Assets/Editor/PreviewEnvironments.cs Line: 444)

[GloomhavenVR][EnvPreview] wrote /tmp/claude-1000/-home-claw-gloomhaven-vr/e3713fea-50d1-40b9-9862-dd2fbd9817f7/scratchpad/prev2/env_cellar_HauntHands_p88.png
UnityEngine.StackTraceUtility:ExtractStackTrace () (at /home/bokken/buildslave/unity/build/Runtime/Export/Scripting/StackTrace.cs:37)
UnityEngine.DebugLogHandler:LogFormat (UnityEngine.LogType,UnityEngine.Object,string,object[])
UnityEngine.Logger:Log (UnityEngine.LogType,object)
UnityEngine.Debug:Log (object)
GloomhavenVR.EnvironmentsPreview:<Render>g__Shoot|15_1 (string,UnityEngine.Vector3,UnityEngine.Vector3,bool,single,string,GloomhavenVR.EnvironmentsPreview/<>c__DisplayClass15_0&,GloomhavenVR.EnvironmentsPreview/<>c__DisplayClass15_1&,GloomhavenVR.EnvironmentsPreview/<>c__DisplayClass15_2&) (at Assets/Editor/PreviewEnvironments.cs:444)
GloomhavenVR.EnvironmentsPreview:Render () (at Assets/Editor/PreviewEnvironments.cs:506)
GloomhavenVR.EnvironmentsPreview:RenderAll () (at Assets/Editor/PreviewEnvironments.cs:334)

(Filename: Assets/Editor/PreviewEnvironments.cs Line: 444)

[GloomhavenVR][EnvPreview] wrote /tmp/claude-1000/-home-claw-gloomhaven-vr/e3713fea-50d1-40b9-9862-dd2fbd9817f7/scratchpad/prev2/env_cellar_HauntFloor_p25.png
UnityEngine.StackTraceUtility:ExtractStackTrace () (at /home/bokken/buildslave/unity/build/Runtime/Export/Scripting/StackTrace.cs:37)
UnityEngine.DebugLogHandler:LogFormat (UnityEngine.LogType,UnityEngine.Object,string,object[])
UnityEngine.Logger:Log (UnityEngine.LogType,object)
UnityEngine.Debug:Log (object)
GloomhavenVR.EnvironmentsPreview:<Render>g__Shoot|15_1 (string,UnityEngine.Vector3,UnityEngine.Vector3,bool,single,string,GloomhavenVR.EnvironmentsPreview/<>c__DisplayClass15_0&,GloomhavenVR.EnvironmentsPreview/<>c__DisplayClass15_1&,GloomhavenVR.EnvironmentsPreview/<>c__DisplayClass15_2&) (at Assets/Editor/PreviewEnvironments.cs:444)
GloomhavenVR.EnvironmentsPreview:Render () (at Assets/Editor/PreviewEnvironments.cs:506)
GloomhavenVR.EnvironmentsPreview:RenderAll () (at Assets/Editor/PreviewEnvironments.cs:334)

(Filename: Assets/Editor/PreviewEnvironments.cs Line: 444)

[GloomhavenVR][EnvPreview] wrote /tmp/claude-1000/-home-claw-gloomhaven-vr/e3713fea-50d1-40b9-9862-dd2fbd9817f7/scratchpad/prev2/env_cellar_HauntFloor_p55.png
UnityEngine.StackTraceUtility:ExtractStackTrace () (at /home/bokken/buildslave/unity/build/Runtime/Export/Scripting/StackTrace.cs:37)
UnityEngine.DebugLogHandler:LogFormat (UnityEngine.LogType,UnityEngine.Object,string,object[])
UnityEngine.Logger:Log (UnityEngine.LogType,object)
UnityEngine.Debug:Log (object)
GloomhavenVR.EnvironmentsPreview:<Render>g__Shoot|15_1 (string,UnityEngine.Vector3,UnityEngine.Vector3,bool,single,string,GloomhavenVR.EnvironmentsPreview/<>c__DisplayClass15_0&,GloomhavenVR.EnvironmentsPreview/<>c__DisplayClass15_1&,GloomhavenVR.EnvironmentsPreview/<>c__DisplayClass15_2&) (at Assets/Editor/PreviewEnvironments.cs:444)
GloomhavenVR.EnvironmentsPreview:Render () (at Assets/Editor/PreviewEnvironments.cs:506)
GloomhavenVR.EnvironmentsPreview:RenderAll () (at Assets/Editor/PreviewEnvironments.cs:334)

(Filename: Assets/Editor/PreviewEnvironments.cs Line: 444)

[GloomhavenVR][EnvPreview] wrote /tmp/claude-1000/-home-claw-gloomhaven-vr/e3713fea-50d1-40b9-9862-dd2fbd9817f7/scratchpad/prev2/env_cellar_HauntFloor_p88.png
UnityEngine.StackTraceUtility:ExtractStackTrace () (at /home/bokken/buildslave/unity/build/Runtime/Export/Scripting/StackTrace.cs:37)
UnityEngine.DebugLogHandler:LogFormat (UnityEngine.LogType,UnityEngine.Object,string,object[])
UnityEngine.Logger:Log (UnityEngine.LogType,object)
UnityEngine.Debug:Log (object)
GloomhavenVR.EnvironmentsPreview:<Render>g__Shoot|15_1 (string,UnityEngine.Vector3,UnityEngine.Vector3,bool,single,string,GloomhavenVR.EnvironmentsPreview/<>c__DisplayClass15_0&,GloomhavenVR.EnvironmentsPreview/<>c__DisplayClass15_1&,GloomhavenVR.EnvironmentsPreview/<>c__DisplayClass15_2&) (at Assets/Editor/PreviewEnvironments.cs:444)
GloomhavenVR.EnvironmentsPreview:Render () (at Assets/Editor/PreviewEnvironments.cs:506)
GloomhavenVR.EnvironmentsPreview:RenderAll () (at Assets/Editor/PreviewEnvironments.cs:334)

(Filename: Assets/Editor/PreviewEnvironments.cs Line: 444)

[GloomhavenVR][EnvPreview] wrote /tmp/claude-1000/-home-claw-gloomhaven-vr/e3713fea-50d1-40b9-9862-dd2fbd9817f7/scratchpad/prev2/env_cellar_HauntWeb_p25.png
UnityEngine.StackTraceUtility:ExtractStackTrace () (at /home/bokken/buildslave/unity/build/Runtime/Export/Scripting/StackTrace.cs:37)
UnityEngine.DebugLogHandler:LogFormat (UnityEngine.LogType,UnityEngine.Object,string,object[])
UnityEngine.Logger:Log (UnityEngine.LogType,object)
UnityEngine.Debug:Log (object)
GloomhavenVR.EnvironmentsPreview:<Render>g__Shoot|15_1 (string,UnityEngine.Vector3,UnityEngine.Vector3,bool,single,string,GloomhavenVR.EnvironmentsPreview/<>c__DisplayClass15_0&,GloomhavenVR.EnvironmentsPreview/<>c__DisplayClass15_1&,GloomhavenVR.EnvironmentsPreview/<>c__DisplayClass15_2&) (at Assets/Editor/PreviewEnvironments.cs:444)
GloomhavenVR.EnvironmentsPreview:Render () (at Assets/Editor/PreviewEnvironments.cs:506)
GloomhavenVR.EnvironmentsPreview:RenderAll () (at Assets/Editor/PreviewEnvironments.cs:334)

(Filename: Assets/Editor/PreviewEnvironments.cs Line: 444)

[GloomhavenVR][EnvPreview] wrote /tmp/claude-1000/-home-claw-gloomhaven-vr/e3713fea-50d1-40b9-9862-dd2fbd9817f7/scratchpad/prev2/env_cellar_HauntWeb_p55.png
UnityEngine.StackTraceUtility:ExtractStackTrace () (at /home/bokken/buildslave/unity/build/Runtime/Export/Scripting/StackTrace.cs:37)
UnityEngine.DebugLogHandler:LogFormat (UnityEngine.LogType,UnityEngine.Object,string,object[])
UnityEngine.Logger:Log (UnityEngine.LogType,object)
UnityEngine.Debug:Log (object)
GloomhavenVR.EnvironmentsPreview:<Render>g__Shoot|15_1 (string,UnityEngine.Vector3,UnityEngine.Vector3,bool,single,string,GloomhavenVR.EnvironmentsPreview/<>c__DisplayClass15_0&,GloomhavenVR.EnvironmentsPreview/<>c__DisplayClass15_1&,GloomhavenVR.EnvironmentsPreview/<>c__DisplayClass15_2&) (at Assets/Editor/PreviewEnvironments.cs:444)
GloomhavenVR.EnvironmentsPreview:Render () (at Assets/Editor/PreviewEnvironments.cs:506)
GloomhavenVR.EnvironmentsPreview:RenderAll () (at Assets/Editor/PreviewEnvironments.cs:334)

(Filename: Assets/Editor/PreviewEnvironments.cs Line: 444)

[GloomhavenVR][EnvPreview] wrote /tmp/claude-1000/-home-claw-gloomhaven-vr/e3713fea-50d1-40b9-9862-dd2fbd9817f7/scratchpad/prev2/env_cellar_HauntWeb_p88.png
UnityEngine.StackTraceUtility:ExtractStackTrace () (at /home/bokken/buildslave/unity/build/Runtime/Export/Scripting/StackTrace.cs:37)
UnityEngine.DebugLogHandler:LogFormat (UnityEngine.LogType,UnityEngine.Object,string,object[])
UnityEngine.Logger:Log (UnityEngine.LogType,object)
UnityEngine.Debug:Log (object)
GloomhavenVR.EnvironmentsPreview:<Render>g__Shoot|15_1 (string,UnityEngine.Vector3,UnityEngine.Vector3,bool,single,string,GloomhavenVR.EnvironmentsPreview/<>c__DisplayClass15_0&,GloomhavenVR.EnvironmentsPreview/<>c__DisplayClass15_1&,GloomhavenVR.EnvironmentsPreview/<>c__DisplayClass15_2&) (at Assets/Editor/PreviewEnvironments.cs:444)
GloomhavenVR.EnvironmentsPreview:Render () (at Assets/Editor/PreviewEnvironments.cs:506)
GloomhavenVR.EnvironmentsPreview:RenderAll () (at Assets/Editor/PreviewEnvironments.cs:334)

(Filename: Assets/Editor/PreviewEnvironments.cs Line: 444)

[GloomhavenVR][EnvPreview] wrote /tmp/claude-1000/-home-claw-gloomhaven-vr/e3713fea-50d1-40b9-9862-dd2fbd9817f7/scratchpad/prev2/env_cellar_HauntStair_p25.png
UnityEngine.StackTraceUtility:ExtractStackTrace () (at /home/bokken/buildslave/unity/build/Runtime/Export/Scripting/StackTrace.cs:37)
UnityEngine.DebugLogHandler:LogFormat (UnityEngine.LogType,UnityEngine.Object,string,object[])
UnityEngine.Logger:Log (UnityEngine.LogType,object)
UnityEngine.Debug:Log (object)
GloomhavenVR.EnvironmentsPreview:<Render>g__Shoot|15_1 (string,UnityEngine.Vector3,UnityEngine.Vector3,bool,single,string,GloomhavenVR.EnvironmentsPreview/<>c__DisplayClass15_0&,GloomhavenVR.EnvironmentsPreview/<>c__DisplayClass15_1&,GloomhavenVR.EnvironmentsPreview/<>c__DisplayClass15_2&) (at Assets/Editor/PreviewEnvironments.cs:444)
GloomhavenVR.EnvironmentsPreview:Render () (at Assets/Editor/PreviewEnvironments.cs:506)
GloomhavenVR.EnvironmentsPreview:RenderAll () (at Assets/Editor/PreviewEnvironments.cs:334)

(Filename: Assets/Editor/PreviewEnvironments.cs Line: 444)

[GloomhavenVR][EnvPreview] wrote /tmp/claude-1000/-home-claw-gloomhaven-vr/e3713fea-50d1-40b9-9862-dd2fbd9817f7/scratchpad/prev2/env_cellar_HauntStair_p55.png
UnityEngine.StackTraceUtility:ExtractStackTrace () (at /home/bokken/buildslave/unity/build/Runtime/Export/Scripting/StackTrace.cs:37)
UnityEngine.DebugLogHandler:LogFormat (UnityEngine.LogType,UnityEngine.Object,string,object[])
UnityEngine.Logger:Log (UnityEngine.LogType,object)
UnityEngine.Debug:Log (object)
GloomhavenVR.EnvironmentsPreview:<Render>g__Shoot|15_1 (string,UnityEngine.Vector3,UnityEngine.Vector3,bool,single,string,GloomhavenVR.EnvironmentsPreview/<>c__DisplayClass15_0&,GloomhavenVR.EnvironmentsPreview/<>c__DisplayClass15_1&,GloomhavenVR.EnvironmentsPreview/<>c__DisplayClass15_2&) (at Assets/Editor/PreviewEnvironments.cs:444)
GloomhavenVR.EnvironmentsPreview:Render () (at Assets/Editor/PreviewEnvironments.cs:506)
GloomhavenVR.EnvironmentsPreview:RenderAll () (at Assets/Editor/PreviewEnvironments.cs:334)

(Filename: Assets/Editor/PreviewEnvironments.cs Line: 444)

[GloomhavenVR][EnvPreview] wrote /tmp/claude-1000/-home-claw-gloomhaven-vr/e3713fea-50d1-40b9-9862-dd2fbd9817f7/scratchpad/prev2/env_cellar_HauntStair_p88.png
UnityEngine.StackTraceUtility:ExtractStackTrace () (at /home/bokken/buildslave/unity/build/Runtime/Export/Scripting/StackTrace.cs:37)
UnityEngine.DebugLogHandler:LogFormat (UnityEngine.LogType,UnityEngine.Object,string,object[])
UnityEngine.Logger:Log (UnityEngine.LogType,object)
UnityEngine.Debug:Log (object)
GloomhavenVR.EnvironmentsPreview:<Render>g__Shoot|15_1 (string,UnityEngine.Vector3,UnityEngine.Vector3,bool,single,string,GloomhavenVR.EnvironmentsPreview/<>c__DisplayClass15_0&,GloomhavenVR.EnvironmentsPreview/<>c__DisplayClass15_1&,GloomhavenVR.EnvironmentsPreview/<>c__DisplayClass15_2&) (at Assets/Editor/PreviewEnvironments.cs:444)
GloomhavenVR.EnvironmentsPreview:Render () (at Assets/Editor/PreviewEnvironments.cs:506)
GloomhavenVR.EnvironmentsPreview:RenderAll () (at Assets/Editor/PreviewEnvironments.cs:334)

(Filename: Assets/Editor/PreviewEnvironments.cs Line: 444)

[GloomhavenVR][EnvPreview] wrote /tmp/claude-1000/-home-claw-gloomhaven-vr/e3713fea-50d1-40b9-9862-dd2fbd9817f7/scratchpad/prev2/env_cellar_HauntShelf_p25.png
UnityEngine.StackTraceUtility:ExtractStackTrace () (at /home/bokken/buildslave/unity/build/Runtime/Export/Scripting/StackTrace.cs:37)
UnityEngine.DebugLogHandler:LogFormat (UnityEngine.LogType,UnityEngine.Object,string,object[])
UnityEngine.Logger:Log (UnityEngine.LogType,object)
UnityEngine.Debug:Log (object)
GloomhavenVR.EnvironmentsPreview:<Render>g__Shoot|15_1 (string,UnityEngine.Vector3,UnityEngine.Vector3,bool,single,string,GloomhavenVR.EnvironmentsPreview/<>c__DisplayClass15_0&,GloomhavenVR.EnvironmentsPreview/<>c__DisplayClass15_1&,GloomhavenVR.EnvironmentsPreview/<>c__DisplayClass15_2&) (at Assets/Editor/PreviewEnvironments.cs:444)
GloomhavenVR.EnvironmentsPreview:Render () (at Assets/Editor/PreviewEnvironments.cs:506)
GloomhavenVR.EnvironmentsPreview:RenderAll () (at Assets/Editor/PreviewEnvironments.cs:334)

(Filename: Assets/Editor/PreviewEnvironments.cs Line: 444)

[GloomhavenVR][EnvPreview] wrote /tmp/claude-1000/-home-claw-gloomhaven-vr/e3713fea-50d1-40b9-9862-dd2fbd9817f7/scratchpad/prev2/env_cellar_HauntShelf_p55.png
UnityEngine.StackTraceUtility:ExtractStackTrace () (at /home/bokken/buildslave/unity/build/Runtime/Export/Scripting/StackTrace.cs:37)
UnityEngine.DebugLogHandler:LogFormat (UnityEngine.LogType,UnityEngine.Object,string,object[])
UnityEngine.Logger:Log (UnityEngine.LogType,object)
UnityEngine.Debug:Log (object)
GloomhavenVR.EnvironmentsPreview:<Render>g__Shoot|15_1 (string,UnityEngine.Vector3,UnityEngine.Vector3,bool,single,string,GloomhavenVR.EnvironmentsPreview/<>c__DisplayClass15_0&,GloomhavenVR.EnvironmentsPreview/<>c__DisplayClass15_1&,GloomhavenVR.EnvironmentsPreview/<>c__DisplayClass15_2&) (at Assets/Editor/PreviewEnvironments.cs:444)
GloomhavenVR.EnvironmentsPreview:Render () (at Assets/Editor/PreviewEnvironments.cs:506)
GloomhavenVR.EnvironmentsPreview:RenderAll () (at Assets/Editor/PreviewEnvironments.cs:334)

(Filename: Assets/Editor/PreviewEnvironments.cs Line: 444)

[GloomhavenVR][EnvPreview] wrote /tmp/claude-1000/-home-claw-gloomhaven-vr/e3713fea-50d1-40b9-9862-dd2fbd9817f7/scratchpad/prev2/env_cellar_HauntShelf_p88.png
UnityEngine.StackTraceUtility:ExtractStackTrace () (at /home/bokken/buildslave/unity/build/Runtime/Export/Scripting/StackTrace.cs:37)
UnityEngine.DebugLogHandler:LogFormat (UnityEngine.LogType,UnityEngine.Object,string,object[])
UnityEngine.Logger:Log (UnityEngine.LogType,object)
UnityEngine.Debug:Log (object)
GloomhavenVR.EnvironmentsPreview:<Render>g__Shoot|15_1 (string,UnityEngine.Vector3,UnityEngine.Vector3,bool,single,string,GloomhavenVR.EnvironmentsPreview/<>c__DisplayClass15_0&,GloomhavenVR.EnvironmentsPreview/<>c__DisplayClass15_1&,GloomhavenVR.EnvironmentsPreview/<>c__DisplayClass15_2&) (at Assets/Editor/PreviewEnvironments.cs:444)
GloomhavenVR.EnvironmentsPreview:Render () (at Assets/Editor/PreviewEnvironments.cs:506)
GloomhavenVR.EnvironmentsPreview:RenderAll () (at Assets/Editor/PreviewEnvironments.cs:334)

(Filename: Assets/Editor/PreviewEnvironments.cs Line: 444)

[GloomhavenVR][EnvPreview] wrote /tmp/claude-1000/-home-claw-gloomhaven-vr/e3713fea-50d1-40b9-9862-dd2fbd9817f7/scratchpad/prev2/env_cellar_HauntWideC_p25.png
UnityEngine.StackTraceUtility:ExtractStackTrace () (at /home/bokken/buildslave/unity/build/Runtime/Export/Scripting/StackTrace.cs:37)
UnityEngine.DebugLogHandler:LogFormat (UnityEngine.LogType,UnityEngine.Object,string,object[])
UnityEngine.Logger:Log (UnityEngine.LogType,object)
UnityEngine.Debug:Log (object)
GloomhavenVR.EnvironmentsPreview:<Render>g__Shoot|15_1 (string,UnityEngine.Vector3,UnityEngine.Vector3,bool,single,string,GloomhavenVR.EnvironmentsPreview/<>c__DisplayClass15_0&,GloomhavenVR.EnvironmentsPreview/<>c__DisplayClass15_1&,GloomhavenVR.EnvironmentsPreview/<>c__DisplayClass15_2&) (at Assets/Editor/PreviewEnvironments.cs:444)
GloomhavenVR.EnvironmentsPreview:Render () (at Assets/Editor/PreviewEnvironments.cs:506)
GloomhavenVR.EnvironmentsPreview:RenderAll () (at Assets/Editor/PreviewEnvironments.cs:334)

(Filename: Assets/Editor/PreviewEnvironments.cs Line: 444)

[GloomhavenVR][EnvPreview] wrote /tmp/claude-1000/-home-claw-gloomhaven-vr/e3713fea-50d1-40b9-9862-dd2fbd9817f7/scratchpad/prev2/env_cellar_HauntWideC_p55.png
UnityEngine.StackTraceUtility:ExtractStackTrace () (at /home/bokken/buildslave/unity/build/Runtime/Export/Scripting/StackTrace.cs:37)
UnityEngine.DebugLogHandler:LogFormat (UnityEngine.LogType,UnityEngine.Object,string,object[])
UnityEngine.Logger:Log (UnityEngine.LogType,object)
UnityEngine.Debug:Log (object)
GloomhavenVR.EnvironmentsPreview:<Render>g__Shoot|15_1 (string,UnityEngine.Vector3,UnityEngine.Vector3,bool,single,string,GloomhavenVR.EnvironmentsPreview/<>c__DisplayClass15_0&,GloomhavenVR.EnvironmentsPreview/<>c__DisplayClass15_1&,GloomhavenVR.EnvironmentsPreview/<>c__DisplayClass15_2&) (at Assets/Editor/PreviewEnvironments.cs:444)
GloomhavenVR.EnvironmentsPreview:Render () (at Assets/Editor/PreviewEnvironments.cs:506)
GloomhavenVR.EnvironmentsPreview:RenderAll () (at Assets/Editor/PreviewEnvironments.cs:334)

(Filename: Assets/Editor/PreviewEnvironments.cs Line: 444)

[GloomhavenVR][EnvPreview] wrote /tmp/claude-1000/-home-claw-gloomhaven-vr/e3713fea-50d1-40b9-9862-dd2fbd9817f7/scratchpad/prev2/env_cellar_HauntWideC_p88.png
UnityEngine.StackTraceUtility:ExtractStackTrace () (at /home/bokken/buildslave/unity/build/Runtime/Export/Scripting/StackTrace.cs:37)
UnityEngine.DebugLogHandler:LogFormat (UnityEngine.LogType,UnityEngine.Object,string,object[])
UnityEngine.Logger:Log (UnityEngine.LogType,object)
UnityEngine.Debug:Log (object)
GloomhavenVR.EnvironmentsPreview:<Render>g__Shoot|15_1 (string,UnityEngine.Vector3,UnityEngine.Vector3,bool,single,string,GloomhavenVR.EnvironmentsPreview/<>c__DisplayClass15_0&,GloomhavenVR.EnvironmentsPreview/<>c__DisplayClass15_1&,GloomhavenVR.EnvironmentsPreview/<>c__DisplayClass15_2&) (at Assets/Editor/PreviewEnvironments.cs:444)
GloomhavenVR.EnvironmentsPreview:Render () (at Assets/Editor/PreviewEnvironments.cs:506)
GloomhavenVR.EnvironmentsPreview:RenderAll () (at Assets/Editor/PreviewEnvironments.cs:334)

(Filename: Assets/Editor/PreviewEnvironments.cs Line: 444)

[GloomhavenVR][EnvPreview] wrote /tmp/claude-1000/-home-claw-gloomhaven-vr/e3713fea-50d1-40b9-9862-dd2fbd9817f7/scratchpad/prev2/env_cellar_HauntFarC_p25.png
UnityEngine.StackTraceUtility:ExtractStackTrace () (at /home/bokken/buildslave/unity/build/Runtime/Export/Scripting/StackTrace.cs:37)
UnityEngine.DebugLogHandler:LogFormat (UnityEngine.LogType,UnityEngine.Object,string,object[])
UnityEngine.Logger:Log (UnityEngine.LogType,object)
UnityEngine.Debug:Log (object)
GloomhavenVR.EnvironmentsPreview:<Render>g__Shoot|15_1 (string,UnityEngine.Vector3,UnityEngine.Vector3,bool,single,string,GloomhavenVR.EnvironmentsPreview/<>c__DisplayClass15_0&,GloomhavenVR.EnvironmentsPreview/<>c__DisplayClass15_1&,GloomhavenVR.EnvironmentsPreview/<>c__DisplayClass15_2&) (at Assets/Editor/PreviewEnvironments.cs:444)
GloomhavenVR.EnvironmentsPreview:Render () (at Assets/Editor/PreviewEnvironments.cs:506)
GloomhavenVR.EnvironmentsPreview:RenderAll () (at Assets/Editor/PreviewEnvironments.cs:334)

(Filename: Assets/Editor/PreviewEnvironments.cs Line: 444)

[GloomhavenVR][EnvPreview] wrote /tmp/claude-1000/-home-claw-gloomhaven-vr/e3713fea-50d1-40b9-9862-dd2fbd9817f7/scratchpad/prev2/env_cellar_HauntFarC_p55.png
UnityEngine.StackTraceUtility:ExtractStackTrace () (at /home/bokken/buildslave/unity/build/Runtime/Export/Scripting/StackTrace.cs:37)
UnityEngine.DebugLogHandler:LogFormat (UnityEngine.LogType,UnityEngine.Object,string,object[])
UnityEngine.Logger:Log (UnityEngine.LogType,object)
UnityEngine.Debug:Log (object)
GloomhavenVR.EnvironmentsPreview:<Render>g__Shoot|15_1 (string,UnityEngine.Vector3,UnityEngine.Vector3,bool,single,string,GloomhavenVR.EnvironmentsPreview/<>c__DisplayClass15_0&,GloomhavenVR.EnvironmentsPreview/<>c__DisplayClass15_1&,GloomhavenVR.EnvironmentsPreview/<>c__DisplayClass15_2&) (at Assets/Editor/PreviewEnvironments.cs:444)
GloomhavenVR.EnvironmentsPreview:Render () (at Assets/Editor/PreviewEnvironments.cs:506)
GloomhavenVR.EnvironmentsPreview:RenderAll () (at Assets/Editor/PreviewEnvironments.cs:334)

(Filename: Assets/Editor/PreviewEnvironments.cs Line: 444)

[GloomhavenVR][EnvPreview] wrote /tmp/claude-1000/-home-claw-gloomhaven-vr/e3713fea-50d1-40b9-9862-dd2fbd9817f7/scratchpad/prev2/env_cellar_HauntFarC_p88.png
UnityEngine.StackTraceUtility:ExtractStackTrace () (at /home/bokken/buildslave/unity/build/Runtime/Export/Scripting/StackTrace.cs:37)
UnityEngine.DebugLogHandler:LogFormat (UnityEngine.LogType,UnityEngine.Object,string,object[])
UnityEngine.Logger:Log (UnityEngine.LogType,object)
UnityEngine.Debug:Log (object)
GloomhavenVR.EnvironmentsPreview:<Render>g__Shoot|15_1 (string,UnityEngine.Vector3,UnityEngine.Vector3,bool,single,string,GloomhavenVR.EnvironmentsPreview/<>c__DisplayClass15_0&,GloomhavenVR.EnvironmentsPreview/<>c__DisplayClass15_1&,GloomhavenVR.EnvironmentsPreview/<>c__DisplayClass15_2&) (at Assets/Editor/PreviewEnvironments.cs:444)
GloomhavenVR.EnvironmentsPreview:Render () (at Assets/Editor/PreviewEnvironments.cs:506)
GloomhavenVR.EnvironmentsPreview:RenderAll () (at Assets/Editor/PreviewEnvironments.cs:334)

(Filename: Assets/Editor/PreviewEnvironments.cs Line: 444)

[GloomhavenVR][EnvPreview] wrote /tmp/claude-1000/-home-claw-gloomhaven-vr/e3713fea-50d1-40b9-9862-dd2fbd9817f7/scratchpad/prev2/env_cellar_HauntWindow_forced.png
UnityEngine.StackTraceUtility:ExtractStackTrace () (at /home/bokken/buildslave/unity/build/Runtime/Export/Scripting/StackTrace.cs:37)
UnityEngine.DebugLogHandler:LogFormat (UnityEngine.LogType,UnityEngine.Object,string,object[])
UnityEngine.Logger:Log (UnityEngine.LogType,object)
UnityEngine.Debug:Log (object)
GloomhavenVR.EnvironmentsPreview:<Render>g__Shoot|15_1 (string,UnityEngine.Vector3,UnityEngine.Vector3,bool,single,string,GloomhavenVR.EnvironmentsPreview/<>c__DisplayClass15_0&,GloomhavenVR.EnvironmentsPreview/<>c__DisplayClass15_1&,GloomhavenVR.EnvironmentsPreview/<>c__DisplayClass15_2&) (at Assets/Editor/PreviewEnvironments.cs:444)
GloomhavenVR.EnvironmentsPreview:Render () (at Assets/Editor/PreviewEnvironments.cs:550)
GloomhavenVR.EnvironmentsPreview:RenderAll () (at Assets/Editor/PreviewEnvironments.cs:334)

(Filename: Assets/Editor/PreviewEnvironments.cs Line: 444)

[GloomhavenVR][EnvPreview] wrote /tmp/claude-1000/-home-claw-gloomhaven-vr/e3713fea-50d1-40b9-9862-dd2fbd9817f7/scratchpad/prev2/env_cellar_HauntHands_forced.png
UnityEngine.StackTraceUtility:ExtractStackTrace () (at /home/bokken/buildslave/unity/build/Runtime/Export/Scripting/StackTrace.cs:37)
UnityEngine.DebugLogHandler:LogFormat (UnityEngine.LogType,UnityEngine.Object,string,object[])
UnityEngine.Logger:Log (UnityEngine.LogType,object)
UnityEngine.Debug:Log (object)
GloomhavenVR.EnvironmentsPreview:<Render>g__Shoot|15_1 (string,UnityEngine.Vector3,UnityEngine.Vector3,bool,single,string,GloomhavenVR.EnvironmentsPreview/<>c__DisplayClass15_0&,GloomhavenVR.EnvironmentsPreview/<>c__DisplayClass15_1&,GloomhavenVR.EnvironmentsPreview/<>c__DisplayClass15_2&) (at Assets/Editor/PreviewEnvironments.cs:444)
GloomhavenVR.EnvironmentsPreview:Render () (at Assets/Editor/PreviewEnvironments.cs:550)
GloomhavenVR.EnvironmentsPreview:RenderAll () (at Assets/Editor/PreviewEnvironments.cs:334)

(Filename: Assets/Editor/PreviewEnvironments.cs Line: 444)

[GloomhavenVR][EnvPreview] wrote /tmp/claude-1000/-home-claw-gloomhaven-vr/e3713fea-50d1-40b9-9862-dd2fbd9817f7/scratchpad/prev2/env_cellar_HauntFloor_forced.png
UnityEngine.StackTraceUtility:ExtractStackTrace () (at /home/bokken/buildslave/unity/build/Runtime/Export/Scripting/StackTrace.cs:37)
UnityEngine.DebugLogHandler:LogFormat (UnityEngine.LogType,UnityEngine.Object,string,object[])
UnityEngine.Logger:Log (UnityEngine.LogType,object)
UnityEngine.Debug:Log (object)
GloomhavenVR.EnvironmentsPreview:<Render>g__Shoot|15_1 (string,UnityEngine.Vector3,UnityEngine.Vector3,bool,single,string,GloomhavenVR.EnvironmentsPreview/<>c__DisplayClass15_0&,GloomhavenVR.EnvironmentsPreview/<>c__DisplayClass15_1&,GloomhavenVR.EnvironmentsPreview/<>c__DisplayClass15_2&) (at Assets/Editor/PreviewEnvironments.cs:444)
GloomhavenVR.EnvironmentsPreview:Render () (at Assets/Editor/PreviewEnvironments.cs:550)
GloomhavenVR.EnvironmentsPreview:RenderAll () (at Assets/Editor/PreviewEnvironments.cs:334)

(Filename: Assets/Editor/PreviewEnvironments.cs Line: 444)

[GloomhavenVR][EnvPreview] wrote /tmp/claude-1000/-home-claw-gloomhaven-vr/e3713fea-50d1-40b9-9862-dd2fbd9817f7/scratchpad/prev2/env_cellar_HauntWeb_forced.png
UnityEngine.StackTraceUtility:ExtractStackTrace () (at /home/bokken/buildslave/unity/build/Runtime/Export/Scripting/StackTrace.cs:37)
UnityEngine.DebugLogHandler:LogFormat (UnityEngine.LogType,UnityEngine.Object,string,object[])
UnityEngine.Logger:Log (UnityEngine.LogType,object)
UnityEngine.Debug:Log (object)
GloomhavenVR.EnvironmentsPreview:<Render>g__Shoot|15_1 (string,UnityEngine.Vector3,UnityEngine.Vector3,bool,single,string,GloomhavenVR.EnvironmentsPreview/<>c__DisplayClass15_0&,GloomhavenVR.EnvironmentsPreview/<>c__DisplayClass15_1&,GloomhavenVR.EnvironmentsPreview/<>c__DisplayClass15_2&) (at Assets/Editor/PreviewEnvironments.cs:444)
GloomhavenVR.EnvironmentsPreview:Render () (at Assets/Editor/PreviewEnvironments.cs:550)
GloomhavenVR.EnvironmentsPreview:RenderAll () (at Assets/Editor/PreviewEnvironments.cs:334)

(Filename: Assets/Editor/PreviewEnvironments.cs Line: 444)

[GloomhavenVR][EnvPreview] wrote /tmp/claude-1000/-home-claw-gloomhaven-vr/e3713fea-50d1-40b9-9862-dd2fbd9817f7/scratchpad/prev2/env_cellar_HauntStair_forced.png
UnityEngine.StackTraceUtility:ExtractStackTrace () (at /home/bokken/buildslave/unity/build/Runtime/Export/Scripting/StackTrace.cs:37)
UnityEngine.DebugLogHandler:LogFormat (UnityEngine.LogType,UnityEngine.Object,string,object[])
UnityEngine.Logger:Log (UnityEngine.LogType,object)
UnityEngine.Debug:Log (object)
GloomhavenVR.EnvironmentsPreview:<Render>g__Shoot|15_1 (string,UnityEngine.Vector3,UnityEngine.Vector3,bool,single,string,GloomhavenVR.EnvironmentsPreview/<>c__DisplayClass15_0&,GloomhavenVR.EnvironmentsPreview/<>c__DisplayClass15_1&,GloomhavenVR.EnvironmentsPreview/<>c__DisplayClass15_2&) (at Assets/Editor/PreviewEnvironments.cs:444)
GloomhavenVR.EnvironmentsPreview:Render () (at Assets/Editor/PreviewEnvironments.cs:550)
GloomhavenVR.EnvironmentsPreview:RenderAll () (at Assets/Editor/PreviewEnvironments.cs:334)

(Filename: Assets/Editor/PreviewEnvironments.cs Line: 444)

[GloomhavenVR][EnvPreview] wrote /tmp/claude-1000/-home-claw-gloomhaven-vr/e3713fea-50d1-40b9-9862-dd2fbd9817f7/scratchpad/prev2/env_cellar_HauntShelf_forced.png
UnityEngine.StackTraceUtility:ExtractStackTrace () (at /home/bokken/buildslave/unity/build/Runtime/Export/Scripting/StackTrace.cs:37)
UnityEngine.DebugLogHandler:LogFormat (UnityEngine.LogType,UnityEngine.Object,string,object[])
UnityEngine.Logger:Log (UnityEngine.LogType,object)
UnityEngine.Debug:Log (object)
GloomhavenVR.EnvironmentsPreview:<Render>g__Shoot|15_1 (string,UnityEngine.Vector3,UnityEngine.Vector3,bool,single,string,GloomhavenVR.EnvironmentsPreview/<>c__DisplayClass15_0&,GloomhavenVR.EnvironmentsPreview/<>c__DisplayClass15_1&,GloomhavenVR.EnvironmentsPreview/<>c__DisplayClass15_2&) (at Assets/Editor/PreviewEnvironments.cs:444)
GloomhavenVR.EnvironmentsPreview:Render () (at Assets/Editor/PreviewEnvironments.cs:550)
GloomhavenVR.EnvironmentsPreview:RenderAll () (at Assets/Editor/PreviewEnvironments.cs:334)

(Filename: Assets/Editor/PreviewEnvironments.cs Line: 444)

[GloomhavenVR][EnvPreview] wrote /tmp/claude-1000/-home-claw-gloomhaven-vr/e3713fea-50d1-40b9-9862-dd2fbd9817f7/scratchpad/prev2/env_cellar_HauntWideC_forced.png
UnityEngine.StackTraceUtility:ExtractStackTrace () (at /home/bokken/buildslave/unity/build/Runtime/Export/Scripting/StackTrace.cs:37)
UnityEngine.DebugLogHandler:LogFormat (UnityEngine.LogType,UnityEngine.Object,string,object[])
UnityEngine.Logger:Log (UnityEngine.LogType,object)
UnityEngine.Debug:Log (object)
GloomhavenVR.EnvironmentsPreview:<Render>g__Shoot|15_1 (string,UnityEngine.Vector3,UnityEngine.Vector3,bool,single,string,GloomhavenVR.EnvironmentsPreview/<>c__DisplayClass15_0&,GloomhavenVR.EnvironmentsPreview/<>c__DisplayClass15_1&,GloomhavenVR.EnvironmentsPreview/<>c__DisplayClass15_2&) (at Assets/Editor/PreviewEnvironments.cs:444)
GloomhavenVR.EnvironmentsPreview:Render () (at Assets/Editor/PreviewEnvironments.cs:550)
GloomhavenVR.EnvironmentsPreview:RenderAll () (at Assets/Editor/PreviewEnvironments.cs:334)

(Filename: Assets/Editor/PreviewEnvironments.cs Line: 444)

[GloomhavenVR][EnvPreview] wrote /tmp/claude-1000/-home-claw-gloomhaven-vr/e3713fea-50d1-40b9-9862-dd2fbd9817f7/scratchpad/prev2/env_cellar_HauntFarC_forced.png
UnityEngine.StackTraceUtility:ExtractStackTrace () (at /home/bokken/buildslave/unity/build/Runtime/Export/Scripting/StackTrace.cs:37)
UnityEngine.DebugLogHandler:LogFormat (UnityEngine.LogType,UnityEngine.Object,string,object[])
UnityEngine.Logger:Log (UnityEngine.LogType,object)
UnityEngine.Debug:Log (object)
GloomhavenVR.EnvironmentsPreview:<Render>g__Shoot|15_1 (string,UnityEngine.Vector3,UnityEngine.Vector3,bool,single,string,GloomhavenVR.EnvironmentsPreview/<>c__DisplayClass15_0&,GloomhavenVR.EnvironmentsPreview/<>c__DisplayClass15_1&,GloomhavenVR.EnvironmentsPreview/<>c__DisplayClass15_2&) (at Assets/Editor/PreviewEnvironments.cs:444)
GloomhavenVR.EnvironmentsPreview:Render () (at Assets/Editor/PreviewEnvironments.cs:550)
GloomhavenVR.EnvironmentsPreview:RenderAll () (at Assets/Editor/PreviewEnvironments.cs:334)

(Filename: Assets/Editor/PreviewEnvironments.cs Line: 444)

Unloading 164 Unused Serialized files (Serialized files now loaded: 0)
Unloading 595 unused Assets / (153.5 KB). Loaded Objects now: 2072.
Memory consumption went from 119.2 MB to 119.0 MB.
Total: 3.353728 ms (FindLiveObjects: 0.108128 ms CreateObjectMapping: 0.034278 ms MarkObjects: 2.921279 ms  DeleteObjects: 0.289160 ms)

[GloomhavenVR][EnvPreview] wrote /tmp/claude-1000/-home-claw-gloomhaven-vr/e3713fea-50d1-40b9-9862-dd2fbd9817f7/scratchpad/prev2/env_swamp_N.png
UnityEngine.StackTraceUtility:ExtractStackTrace () (at /home/bokken/buildslave/unity/build/Runtime/Export/Scripting/StackTrace.cs:37)
UnityEngine.DebugLogHandler:LogFormat (UnityEngine.LogType,UnityEngine.Object,string,object[])
UnityEngine.Logger:Log (UnityEngine.LogType,object)
UnityEngine.Debug:Log (object)
GloomhavenVR.EnvironmentsPreview:<Render>g__Shoot|15_1 (string,UnityEngine.Vector3,UnityEngine.Vector3,bool,single,string,GloomhavenVR.EnvironmentsPreview/<>c__DisplayClass15_0&,GloomhavenVR.EnvironmentsPreview/<>c__DisplayClass15_1&,GloomhavenVR.EnvironmentsPreview/<>c__DisplayClass15_2&) (at Assets/Editor/PreviewEnvironments.cs:444)
GloomhavenVR.EnvironmentsPreview:Render () (at Assets/Editor/PreviewEnvironments.cs:460)
GloomhavenVR.EnvironmentsPreview:RenderAll () (at Assets/Editor/PreviewEnvironments.cs:334)

(Filename: Assets/Editor/PreviewEnvironments.cs Line: 444)

[GloomhavenVR][EnvPreview] wrote /tmp/claude-1000/-home-claw-gloomhaven-vr/e3713fea-50d1-40b9-9862-dd2fbd9817f7/scratchpad/prev2/env_swamp_E.png
UnityEngine.StackTraceUtility:ExtractStackTrace () (at /home/bokken/buildslave/unity/build/Runtime/Export/Scripting/StackTrace.cs:37)
UnityEngine.DebugLogHandler:LogFormat (UnityEngine.LogType,UnityEngine.Object,string,object[])
UnityEngine.Logger:Log (UnityEngine.LogType,object)
UnityEngine.Debug:Log (object)
GloomhavenVR.EnvironmentsPreview:<Render>g__Shoot|15_1 (string,UnityEngine.Vector3,UnityEngine.Vector3,bool,single,string,GloomhavenVR.EnvironmentsPreview/<>c__DisplayClass15_0&,GloomhavenVR.EnvironmentsPreview/<>c__DisplayClass15_1&,GloomhavenVR.EnvironmentsPreview/<>c__DisplayClass15_2&) (at Assets/Editor/PreviewEnvironments.cs:444)
GloomhavenVR.EnvironmentsPreview:Render () (at Assets/Editor/PreviewEnvironments.cs:460)
GloomhavenVR.EnvironmentsPreview:RenderAll () (at Assets/Editor/PreviewEnvironments.cs:334)

(Filename: Assets/Editor/PreviewEnvironments.cs Line: 444)

[GloomhavenVR][EnvPreview] wrote /tmp/claude-1000/-home-claw-gloomhaven-vr/e3713fea-50d1-40b9-9862-dd2fbd9817f7/scratchpad/prev2/env_swamp_S.png
UnityEngine.StackTraceUtility:ExtractStackTrace () (at /home/bokken/buildslave/unity/build/Runtime/Export/Scripting/StackTrace.cs:37)
UnityEngine.DebugLogHandler:LogFormat (UnityEngine.LogType,UnityEngine.Object,string,object[])
UnityEngine.Logger:Log (UnityEngine.LogType,object)
UnityEngine.Debug:Log (object)
GloomhavenVR.EnvironmentsPreview:<Render>g__Shoot|15_1 (string,UnityEngine.Vector3,UnityEngine.Vector3,bool,single,string,GloomhavenVR.EnvironmentsPreview/<>c__DisplayClass15_0&,GloomhavenVR.EnvironmentsPreview/<>c__DisplayClass15_1&,GloomhavenVR.EnvironmentsPreview/<>c__DisplayClass15_2&) (at Assets/Editor/PreviewEnvironments.cs:444)
GloomhavenVR.EnvironmentsPreview:Render () (at Assets/Editor/PreviewEnvironments.cs:460)
GloomhavenVR.EnvironmentsPreview:RenderAll () (at Assets/Editor/PreviewEnvironments.cs:334)

(Filename: Assets/Editor/PreviewEnvironments.cs Line: 444)

[GloomhavenVR][EnvPreview] wrote /tmp/claude-1000/-home-claw-gloomhaven-vr/e3713fea-50d1-40b9-9862-dd2fbd9817f7/scratchpad/prev2/env_swamp_W.png
UnityEngine.StackTraceUtility:ExtractStackTrace () (at /home/bokken/buildslave/unity/build/Runtime/Export/Scripting/StackTrace.cs:37)
UnityEngine.DebugLogHandler:LogFormat (UnityEngine.LogType,UnityEngine.Object,string,object[])
UnityEngine.Logger:Log (UnityEngine.LogType,object)
UnityEngine.Debug:Log (object)
GloomhavenVR.EnvironmentsPreview:<Render>g__Shoot|15_1 (string,UnityEngine.Vector3,UnityEngine.Vector3,bool,single,string,GloomhavenVR.EnvironmentsPreview/<>c__DisplayClass15_0&,GloomhavenVR.EnvironmentsPreview/<>c__DisplayClass15_1&,GloomhavenVR.EnvironmentsPreview/<>c__DisplayClass15_2&) (at Assets/Editor/PreviewEnvironments.cs:444)
GloomhavenVR.EnvironmentsPreview:Render () (at Assets/Editor/PreviewEnvironments.cs:460)
GloomhavenVR.EnvironmentsPreview:RenderAll () (at Assets/Editor/PreviewEnvironments.cs:334)

(Filename: Assets/Editor/PreviewEnvironments.cs Line: 444)

[GloomhavenVR][EnvPreview] wrote /tmp/claude-1000/-home-claw-gloomhaven-vr/e3713fea-50d1-40b9-9862-dd2fbd9817f7/scratchpad/prev2/env_swamp_Corner.png
UnityEngine.StackTraceUtility:ExtractStackTrace () (at /home/bokken/buildslave/unity/build/Runtime/Export/Scripting/StackTrace.cs:37)
UnityEngine.DebugLogHandler:LogFormat (UnityEngine.LogType,UnityEngine.Object,string,object[])
UnityEngine.Logger:Log (UnityEngine.LogType,object)
UnityEngine.Debug:Log (object)
GloomhavenVR.EnvironmentsPreview:<Render>g__Shoot|15_1 (string,UnityEngine.Vector3,UnityEngine.Vector3,bool,single,string,GloomhavenVR.EnvironmentsPreview/<>c__DisplayClass15_0&,GloomhavenVR.EnvironmentsPreview/<>c__DisplayClass15_1&,GloomhavenVR.EnvironmentsPreview/<>c__DisplayClass15_2&) (at Assets/Editor/PreviewEnvironments.cs:444)
GloomhavenVR.EnvironmentsPreview:Render () (at Assets/Editor/PreviewEnvironments.cs:460)
GloomhavenVR.EnvironmentsPreview:RenderAll () (at Assets/Editor/PreviewEnvironments.cs:334)

(Filename: Assets/Editor/PreviewEnvironments.cs Line: 444)

[GloomhavenVR][EnvPreview] wrote /tmp/claude-1000/-home-claw-gloomhaven-vr/e3713fea-50d1-40b9-9862-dd2fbd9817f7/scratchpad/prev2/env_swamp_Up.png
UnityEngine.StackTraceUtility:ExtractStackTrace () (at /home/bokken/buildslave/unity/build/Runtime/Export/Scripting/StackTrace.cs:37)
UnityEngine.DebugLogHandler:LogFormat (UnityEngine.LogType,UnityEngine.Object,string,object[])
UnityEngine.Logger:Log (UnityEngine.LogType,object)
UnityEngine.Debug:Log (object)
GloomhavenVR.EnvironmentsPreview:<Render>g__Shoot|15_1 (string,UnityEngine.Vector3,UnityEngine.Vector3,bool,single,string,GloomhavenVR.EnvironmentsPreview/<>c__DisplayClass15_0&,GloomhavenVR.EnvironmentsPreview/<>c__DisplayClass15_1&,GloomhavenVR.EnvironmentsPreview/<>c__DisplayClass15_2&) (at Assets/Editor/PreviewEnvironments.cs:444)
GloomhavenVR.EnvironmentsPreview:Render () (at Assets/Editor/PreviewEnvironments.cs:460)
GloomhavenVR.EnvironmentsPreview:RenderAll () (at Assets/Editor/PreviewEnvironments.cs:334)

(Filename: Assets/Editor/PreviewEnvironments.cs Line: 444)

[GloomhavenVR][EnvPreview] wrote /tmp/claude-1000/-home-claw-gloomhaven-vr/e3713fea-50d1-40b9-9862-dd2fbd9817f7/scratchpad/prev2/env_swamp_Canopy.png
UnityEngine.StackTraceUtility:ExtractStackTrace () (at /home/bokken/buildslave/unity/build/Runtime/Export/Scripting/StackTrace.cs:37)
UnityEngine.DebugLogHandler:LogFormat (UnityEngine.LogType,UnityEngine.Object,string,object[])
UnityEngine.Logger:Log (UnityEngine.LogType,object)
UnityEngine.Debug:Log (object)
GloomhavenVR.EnvironmentsPreview:<Render>g__Shoot|15_1 (string,UnityEngine.Vector3,UnityEngine.Vector3,bool,single,string,GloomhavenVR.EnvironmentsPreview/<>c__DisplayClass15_0&,GloomhavenVR.EnvironmentsPreview/<>c__DisplayClass15_1&,GloomhavenVR.EnvironmentsPreview/<>c__DisplayClass15_2&) (at Assets/Editor/PreviewEnvironments.cs:444)
GloomhavenVR.EnvironmentsPreview:Render () (at Assets/Editor/PreviewEnvironments.cs:460)
GloomhavenVR.EnvironmentsPreview:RenderAll () (at Assets/Editor/PreviewEnvironments.cs:334)

(Filename: Assets/Editor/PreviewEnvironments.cs Line: 444)

[GloomhavenVR][EnvPreview] wrote /tmp/claude-1000/-home-claw-gloomhaven-vr/e3713fea-50d1-40b9-9862-dd2fbd9817f7/scratchpad/prev2/env_swamp_Zenith.png
UnityEngine.StackTraceUtility:ExtractStackTrace () (at /home/bokken/buildslave/unity/build/Runtime/Export/Scripting/StackTrace.cs:37)
UnityEngine.DebugLogHandler:LogFormat (UnityEngine.LogType,UnityEngine.Object,string,object[])
UnityEngine.Logger:Log (UnityEngine.LogType,object)
UnityEngine.Debug:Log (object)
GloomhavenVR.EnvironmentsPreview:<Render>g__Shoot|15_1 (string,UnityEngine.Vector3,UnityEngine.Vector3,bool,single,string,GloomhavenVR.EnvironmentsPreview/<>c__DisplayClass15_0&,GloomhavenVR.EnvironmentsPreview/<>c__DisplayClass15_1&,GloomhavenVR.EnvironmentsPreview/<>c__DisplayClass15_2&) (at Assets/Editor/PreviewEnvironments.cs:444)
GloomhavenVR.EnvironmentsPreview:Render () (at Assets/Editor/PreviewEnvironments.cs:460)
GloomhavenVR.EnvironmentsPreview:RenderAll () (at Assets/Editor/PreviewEnvironments.cs:334)

(Filename: Assets/Editor/PreviewEnvironments.cs Line: 444)

[GloomhavenVR][EnvPreview] wrote /tmp/claude-1000/-home-claw-gloomhaven-vr/e3713fea-50d1-40b9-9862-dd2fbd9817f7/scratchpad/prev2/env_swamp_LowS.png
UnityEngine.StackTraceUtility:ExtractStackTrace () (at /home/bokken/buildslave/unity/build/Runtime/Export/Scripting/StackTrace.cs:37)
UnityEngine.DebugLogHandler:LogFormat (UnityEngine.LogType,UnityEngine.Object,string,object[])
UnityEngine.Logger:Log (UnityEngine.LogType,object)
UnityEngine.Debug:Log (object)
GloomhavenVR.EnvironmentsPreview:<Render>g__Shoot|15_1 (string,UnityEngine.Vector3,UnityEngine.Vector3,bool,single,string,GloomhavenVR.EnvironmentsPreview/<>c__DisplayClass15_0&,GloomhavenVR.EnvironmentsPreview/<>c__DisplayClass15_1&,GloomhavenVR.EnvironmentsPreview/<>c__DisplayClass15_2&) (at Assets/Editor/PreviewEnvironments.cs:444)
GloomhavenVR.EnvironmentsPreview:Render () (at Assets/Editor/PreviewEnvironments.cs:460)
GloomhavenVR.EnvironmentsPreview:RenderAll () (at Assets/Editor/PreviewEnvironments.cs:334)

(Filename: Assets/Editor/PreviewEnvironments.cs Line: 444)

[GloomhavenVR][EnvPreview] wrote /tmp/claude-1000/-home-claw-gloomhaven-vr/e3713fea-50d1-40b9-9862-dd2fbd9817f7/scratchpad/prev2/env_swamp_LowN.png
UnityEngine.StackTraceUtility:ExtractStackTrace () (at /home/bokken/buildslave/unity/build/Runtime/Export/Scripting/StackTrace.cs:37)
UnityEngine.DebugLogHandler:LogFormat (UnityEngine.LogType,UnityEngine.Object,string,object[])
UnityEngine.Logger:Log (UnityEngine.LogType,object)
UnityEngine.Debug:Log (object)
GloomhavenVR.EnvironmentsPreview:<Render>g__Shoot|15_1 (string,UnityEngine.Vector3,UnityEngine.Vector3,bool,single,string,GloomhavenVR.EnvironmentsPreview/<>c__DisplayClass15_0&,GloomhavenVR.EnvironmentsPreview/<>c__DisplayClass15_1&,GloomhavenVR.EnvironmentsPreview/<>c__DisplayClass15_2&) (at Assets/Editor/PreviewEnvironments.cs:444)
GloomhavenVR.EnvironmentsPreview:Render () (at Assets/Editor/PreviewEnvironments.cs:460)
GloomhavenVR.EnvironmentsPreview:RenderAll () (at Assets/Editor/PreviewEnvironments.cs:334)

(Filename: Assets/Editor/PreviewEnvironments.cs Line: 444)

[GloomhavenVR][EnvPreview] wrote /tmp/claude-1000/-home-claw-gloomhaven-vr/e3713fea-50d1-40b9-9862-dd2fbd9817f7/scratchpad/prev2/env_swamp_LowW.png
UnityEngine.StackTraceUtility:ExtractStackTrace () (at /home/bokken/buildslave/unity/build/Runtime/Export/Scripting/StackTrace.cs:37)
UnityEngine.DebugLogHandler:LogFormat (UnityEngine.LogType,UnityEngine.Object,string,object[])
UnityEngine.Logger:Log (UnityEngine.LogType,object)
UnityEngine.Debug:Log (object)
GloomhavenVR.EnvironmentsPreview:<Render>g__Shoot|15_1 (string,UnityEngine.Vector3,UnityEngine.Vector3,bool,single,string,GloomhavenVR.EnvironmentsPreview/<>c__DisplayClass15_0&,GloomhavenVR.EnvironmentsPreview/<>c__DisplayClass15_1&,GloomhavenVR.EnvironmentsPreview/<>c__DisplayClass15_2&) (at Assets/Editor/PreviewEnvironments.cs:444)
GloomhavenVR.EnvironmentsPreview:Render () (at Assets/Editor/PreviewEnvironments.cs:460)
GloomhavenVR.EnvironmentsPreview:RenderAll () (at Assets/Editor/PreviewEnvironments.cs:334)

(Filename: Assets/Editor/PreviewEnvironments.cs Line: 444)

[GloomhavenVR][EnvPreview] wrote /tmp/claude-1000/-home-claw-gloomhaven-vr/e3713fea-50d1-40b9-9862-dd2fbd9817f7/scratchpad/prev2/env_swamp_Edge.png
UnityEngine.StackTraceUtility:ExtractStackTrace () (at /home/bokken/buildslave/unity/build/Runtime/Export/Scripting/StackTrace.cs:37)
UnityEngine.DebugLogHandler:LogFormat (UnityEngine.LogType,UnityEngine.Object,string,object[])
UnityEngine.Logger:Log (UnityEngine.LogType,object)
UnityEngine.Debug:Log (object)
GloomhavenVR.EnvironmentsPreview:<Render>g__Shoot|15_1 (string,UnityEngine.Vector3,UnityEngine.Vector3,bool,single,string,GloomhavenVR.EnvironmentsPreview/<>c__DisplayClass15_0&,GloomhavenVR.EnvironmentsPreview/<>c__DisplayClass15_1&,GloomhavenVR.EnvironmentsPreview/<>c__DisplayClass15_2&) (at Assets/Editor/PreviewEnvironments.cs:444)
GloomhavenVR.EnvironmentsPreview:Render () (at Assets/Editor/PreviewEnvironments.cs:460)
GloomhavenVR.EnvironmentsPreview:RenderAll () (at Assets/Editor/PreviewEnvironments.cs:334)

(Filename: Assets/Editor/PreviewEnvironments.cs Line: 444)

[GloomhavenVR][EnvPreview] wrote /tmp/claude-1000/-home-claw-gloomhaven-vr/e3713fea-50d1-40b9-9862-dd2fbd9817f7/scratchpad/prev2/env_swamp_SkyOnly.png
UnityEngine.StackTraceUtility:ExtractStackTrace () (at /home/bokken/buildslave/unity/build/Runtime/Export/Scripting/StackTrace.cs:37)
UnityEngine.DebugLogHandler:LogFormat (UnityEngine.LogType,UnityEngine.Object,string,object[])
UnityEngine.Logger:Log (UnityEngine.LogType,object)
UnityEngine.Debug:Log (object)
GloomhavenVR.EnvironmentsPreview:<Render>g__Shoot|15_1 (string,UnityEngine.Vector3,UnityEngine.Vector3,bool,single,string,GloomhavenVR.EnvironmentsPreview/<>c__DisplayClass15_0&,GloomhavenVR.EnvironmentsPreview/<>c__DisplayClass15_1&,GloomhavenVR.EnvironmentsPreview/<>c__DisplayClass15_2&) (at Assets/Editor/PreviewEnvironments.cs:444)
GloomhavenVR.EnvironmentsPreview:Render () (at Assets/Editor/PreviewEnvironments.cs:460)
GloomhavenVR.EnvironmentsPreview:RenderAll () (at Assets/Editor/PreviewEnvironments.cs:334)

(Filename: Assets/Editor/PreviewEnvironments.cs Line: 444)

[GloomhavenVR][EnvPreview] wrote /tmp/claude-1000/-home-claw-gloomhaven-vr/e3713fea-50d1-40b9-9862-dd2fbd9817f7/scratchpad/prev2/env_swamp_SkyBand.png
UnityEngine.StackTraceUtility:ExtractStackTrace () (at /home/bokken/buildslave/unity/build/Runtime/Export/Scripting/StackTrace.cs:37)
UnityEngine.DebugLogHandler:LogFormat (UnityEngine.LogType,UnityEngine.Object,string,object[])
UnityEngine.Logger:Log (UnityEngine.LogType,object)
UnityEngine.Debug:Log (object)
GloomhavenVR.EnvironmentsPreview:<Render>g__Shoot|15_1 (string,UnityEngine.Vector3,UnityEngine.Vector3,bool,single,string,GloomhavenVR.EnvironmentsPreview/<>c__DisplayClass15_0&,GloomhavenVR.EnvironmentsPreview/<>c__DisplayClass15_1&,GloomhavenVR.EnvironmentsPreview/<>c__DisplayClass15_2&) (at Assets/Editor/PreviewEnvironments.cs:444)
GloomhavenVR.EnvironmentsPreview:Render () (at Assets/Editor/PreviewEnvironments.cs:460)
GloomhavenVR.EnvironmentsPreview:RenderAll () (at Assets/Editor/PreviewEnvironments.cs:334)

(Filename: Assets/Editor/PreviewEnvironments.cs Line: 444)

[GloomhavenVR][EnvPreview] wrote /tmp/claude-1000/-home-claw-gloomhaven-vr/e3713fea-50d1-40b9-9862-dd2fbd9817f7/scratchpad/prev2/env_swamp_Moon.png
UnityEngine.StackTraceUtility:ExtractStackTrace () (at /home/bokken/buildslave/unity/build/Runtime/Export/Scripting/StackTrace.cs:37)
UnityEngine.DebugLogHandler:LogFormat (UnityEngine.LogType,UnityEngine.Object,string,object[])
UnityEngine.Logger:Log (UnityEngine.LogType,object)
UnityEngine.Debug:Log (object)
GloomhavenVR.EnvironmentsPreview:<Render>g__Shoot|15_1 (string,UnityEngine.Vector3,UnityEngine.Vector3,bool,single,string,GloomhavenVR.EnvironmentsPreview/<>c__DisplayClass15_0&,GloomhavenVR.EnvironmentsPreview/<>c__DisplayClass15_1&,GloomhavenVR.EnvironmentsPreview/<>c__DisplayClass15_2&) (at Assets/Editor/PreviewEnvironments.cs:444)
GloomhavenVR.EnvironmentsPreview:Render () (at Assets/Editor/PreviewEnvironments.cs:460)
GloomhavenVR.EnvironmentsPreview:RenderAll () (at Assets/Editor/PreviewEnvironments.cs:334)

(Filename: Assets/Editor/PreviewEnvironments.cs Line: 444)

[GloomhavenVR][EnvPreview] wrote /tmp/claude-1000/-home-claw-gloomhaven-vr/e3713fea-50d1-40b9-9862-dd2fbd9817f7/scratchpad/prev2/env_swamp_MoonWide.png
UnityEngine.StackTraceUtility:ExtractStackTrace () (at /home/bokken/buildslave/unity/build/Runtime/Export/Scripting/StackTrace.cs:37)
UnityEngine.DebugLogHandler:LogFormat (UnityEngine.LogType,UnityEngine.Object,string,object[])
UnityEngine.Logger:Log (UnityEngine.LogType,object)
UnityEngine.Debug:Log (object)
GloomhavenVR.EnvironmentsPreview:<Render>g__Shoot|15_1 (string,UnityEngine.Vector3,UnityEngine.Vector3,bool,single,string,GloomhavenVR.EnvironmentsPreview/<>c__DisplayClass15_0&,GloomhavenVR.EnvironmentsPreview/<>c__DisplayClass15_1&,GloomhavenVR.EnvironmentsPreview/<>c__DisplayClass15_2&) (at Assets/Editor/PreviewEnvironments.cs:444)
GloomhavenVR.EnvironmentsPreview:Render () (at Assets/Editor/PreviewEnvironments.cs:460)
GloomhavenVR.EnvironmentsPreview:RenderAll () (at Assets/Editor/PreviewEnvironments.cs:334)

(Filename: Assets/Editor/PreviewEnvironments.cs Line: 444)

[GloomhavenVR][EnvPreview] wrote /tmp/claude-1000/-home-claw-gloomhaven-vr/e3713fea-50d1-40b9-9862-dd2fbd9817f7/scratchpad/prev2/env_swamp_MoonSky.png
UnityEngine.StackTraceUtility:ExtractStackTrace () (at /home/bokken/buildslave/unity/build/Runtime/Export/Scripting/StackTrace.cs:37)
UnityEngine.DebugLogHandler:LogFormat (UnityEngine.LogType,UnityEngine.Object,string,object[])
UnityEngine.Logger:Log (UnityEngine.LogType,object)
UnityEngine.Debug:Log (object)
GloomhavenVR.EnvironmentsPreview:<Render>g__Shoot|15_1 (string,UnityEngine.Vector3,UnityEngine.Vector3,bool,single,string,GloomhavenVR.EnvironmentsPreview/<>c__DisplayClass15_0&,GloomhavenVR.EnvironmentsPreview/<>c__DisplayClass15_1&,GloomhavenVR.EnvironmentsPreview/<>c__DisplayClass15_2&) (at Assets/Editor/PreviewEnvironments.cs:444)
GloomhavenVR.EnvironmentsPreview:Render () (at Assets/Editor/PreviewEnvironments.cs:460)
GloomhavenVR.EnvironmentsPreview:RenderAll () (at Assets/Editor/PreviewEnvironments.cs:334)

(Filename: Assets/Editor/PreviewEnvironments.cs Line: 444)

[GloomhavenVR][EnvPreview] wrote /tmp/claude-1000/-home-claw-gloomhaven-vr/e3713fea-50d1-40b9-9862-dd2fbd9817f7/scratchpad/prev2/env_swamp_TreeLine.png
UnityEngine.StackTraceUtility:ExtractStackTrace () (at /home/bokken/buildslave/unity/build/Runtime/Export/Scripting/StackTrace.cs:37)
UnityEngine.DebugLogHandler:LogFormat (UnityEngine.LogType,UnityEngine.Object,string,object[])
UnityEngine.Logger:Log (UnityEngine.LogType,object)
UnityEngine.Debug:Log (object)
GloomhavenVR.EnvironmentsPreview:<Render>g__Shoot|15_1 (string,UnityEngine.Vector3,UnityEngine.Vector3,bool,single,string,GloomhavenVR.EnvironmentsPreview/<>c__DisplayClass15_0&,GloomhavenVR.EnvironmentsPreview/<>c__DisplayClass15_1&,GloomhavenVR.EnvironmentsPreview/<>c__DisplayClass15_2&) (at Assets/Editor/PreviewEnvironments.cs:444)
GloomhavenVR.EnvironmentsPreview:Render () (at Assets/Editor/PreviewEnvironments.cs:460)
GloomhavenVR.EnvironmentsPreview:RenderAll () (at Assets/Editor/PreviewEnvironments.cs:334)

(Filename: Assets/Editor/PreviewEnvironments.cs Line: 444)

[GloomhavenVR][EnvPreview] wrote /tmp/claude-1000/-home-claw-gloomhaven-vr/e3713fea-50d1-40b9-9862-dd2fbd9817f7/scratchpad/prev2/env_swamp_TreeLineLow.png
UnityEngine.StackTraceUtility:ExtractStackTrace () (at /home/bokken/buildslave/unity/build/Runtime/Export/Scripting/StackTrace.cs:37)
UnityEngine.DebugLogHandler:LogFormat (UnityEngine.LogType,UnityEngine.Object,string,object[])
UnityEngine.Logger:Log (UnityEngine.LogType,object)
UnityEngine.Debug:Log (object)
GloomhavenVR.EnvironmentsPreview:<Render>g__Shoot|15_1 (string,UnityEngine.Vector3,UnityEngine.Vector3,bool,single,string,GloomhavenVR.EnvironmentsPreview/<>c__DisplayClass15_0&,GloomhavenVR.EnvironmentsPreview/<>c__DisplayClass15_1&,GloomhavenVR.EnvironmentsPreview/<>c__DisplayClass15_2&) (at Assets/Editor/PreviewEnvironments.cs:444)
GloomhavenVR.EnvironmentsPreview:Render () (at Assets/Editor/PreviewEnvironments.cs:460)
GloomhavenVR.EnvironmentsPreview:RenderAll () (at Assets/Editor/PreviewEnvironments.cs:334)

(Filename: Assets/Editor/PreviewEnvironments.cs Line: 444)

[GloomhavenVR][EnvPreview] wrote /tmp/claude-1000/-home-claw-gloomhaven-vr/e3713fea-50d1-40b9-9862-dd2fbd9817f7/scratchpad/prev2/env_swamp_DarkCornerSW.png
UnityEngine.StackTraceUtility:ExtractStackTrace () (at /home/bokken/buildslave/unity/build/Runtime/Export/Scripting/StackTrace.cs:37)
UnityEngine.DebugLogHandler:LogFormat (UnityEngine.LogType,UnityEngine.Object,string,object[])
UnityEngine.Logger:Log (UnityEngine.LogType,object)
UnityEngine.Debug:Log (object)
GloomhavenVR.EnvironmentsPreview:<Render>g__Shoot|15_1 (string,UnityEngine.Vector3,UnityEngine.Vector3,bool,single,string,GloomhavenVR.EnvironmentsPreview/<>c__DisplayClass15_0&,GloomhavenVR.EnvironmentsPreview/<>c__DisplayClass15_1&,GloomhavenVR.EnvironmentsPreview/<>c__DisplayClass15_2&) (at Assets/Editor/PreviewEnvironments.cs:444)
GloomhavenVR.EnvironmentsPreview:Render () (at Assets/Editor/PreviewEnvironments.cs:460)
GloomhavenVR.EnvironmentsPreview:RenderAll () (at Assets/Editor/PreviewEnvironments.cs:334)

(Filename: Assets/Editor/PreviewEnvironments.cs Line: 444)

[GloomhavenVR][EnvPreview] wrote /tmp/claude-1000/-home-claw-gloomhaven-vr/e3713fea-50d1-40b9-9862-dd2fbd9817f7/scratchpad/prev2/env_swamp_DarkCornerNW.png
UnityEngine.StackTraceUtility:ExtractStackTrace () (at /home/bokken/buildslave/unity/build/Runtime/Export/Scripting/StackTrace.cs:37)
UnityEngine.DebugLogHandler:LogFormat (UnityEngine.LogType,UnityEngine.Object,string,object[])
UnityEngine.Logger:Log (UnityEngine.LogType,object)
UnityEngine.Debug:Log (object)
GloomhavenVR.EnvironmentsPreview:<Render>g__Shoot|15_1 (string,UnityEngine.Vector3,UnityEngine.Vector3,bool,single,string,GloomhavenVR.EnvironmentsPreview/<>c__DisplayClass15_0&,GloomhavenVR.EnvironmentsPreview/<>c__DisplayClass15_1&,GloomhavenVR.EnvironmentsPreview/<>c__DisplayClass15_2&) (at Assets/Editor/PreviewEnvironments.cs:444)
GloomhavenVR.EnvironmentsPreview:Render () (at Assets/Editor/PreviewEnvironments.cs:460)
GloomhavenVR.EnvironmentsPreview:RenderAll () (at Assets/Editor/PreviewEnvironments.cs:334)

(Filename: Assets/Editor/PreviewEnvironments.cs Line: 444)

[GloomhavenVR][EnvPreview] wrote /tmp/claude-1000/-home-claw-gloomhaven-vr/e3713fea-50d1-40b9-9862-dd2fbd9817f7/scratchpad/prev2/env_swamp_Window.png
UnityEngine.StackTraceUtility:ExtractStackTrace () (at /home/bokken/buildslave/unity/build/Runtime/Export/Scripting/StackTrace.cs:37)
UnityEngine.DebugLogHandler:LogFormat (UnityEngine.LogType,UnityEngine.Object,string,object[])
UnityEngine.Logger:Log (UnityEngine.LogType,object)
UnityEngine.Debug:Log (object)
GloomhavenVR.EnvironmentsPreview:<Render>g__Shoot|15_1 (string,UnityEngine.Vector3,UnityEngine.Vector3,bool,single,string,GloomhavenVR.EnvironmentsPreview/<>c__DisplayClass15_0&,GloomhavenVR.EnvironmentsPreview/<>c__DisplayClass15_1&,GloomhavenVR.EnvironmentsPreview/<>c__DisplayClass15_2&) (at Assets/Editor/PreviewEnvironments.cs:444)
GloomhavenVR.EnvironmentsPreview:Render () (at Assets/Editor/PreviewEnvironments.cs:460)
GloomhavenVR.EnvironmentsPreview:RenderAll () (at Assets/Editor/PreviewEnvironments.cs:334)

(Filename: Assets/Editor/PreviewEnvironments.cs Line: 444)

[GloomhavenVR][EnvPreview] wrote /tmp/claude-1000/-home-claw-gloomhaven-vr/e3713fea-50d1-40b9-9862-dd2fbd9817f7/scratchpad/prev2/env_swamp_WindowClose.png
UnityEngine.StackTraceUtility:ExtractStackTrace () (at /home/bokken/buildslave/unity/build/Runtime/Export/Scripting/StackTrace.cs:37)
UnityEngine.DebugLogHandler:LogFormat (UnityEngine.LogType,UnityEngine.Object,string,object[])
UnityEngine.Logger:Log (UnityEngine.LogType,object)
UnityEngine.Debug:Log (object)
GloomhavenVR.EnvironmentsPreview:<Render>g__Shoot|15_1 (string,UnityEngine.Vector3,UnityEngine.Vector3,bool,single,string,GloomhavenVR.EnvironmentsPreview/<>c__DisplayClass15_0&,GloomhavenVR.EnvironmentsPreview/<>c__DisplayClass15_1&,GloomhavenVR.EnvironmentsPreview/<>c__DisplayClass15_2&) (at Assets/Editor/PreviewEnvironments.cs:444)
GloomhavenVR.EnvironmentsPreview:Render () (at Assets/Editor/PreviewEnvironments.cs:460)
GloomhavenVR.EnvironmentsPreview:RenderAll () (at Assets/Editor/PreviewEnvironments.cs:334)

(Filename: Assets/Editor/PreviewEnvironments.cs Line: 444)

[GloomhavenVR][EnvPreview] wrote /tmp/claude-1000/-home-claw-gloomhaven-vr/e3713fea-50d1-40b9-9862-dd2fbd9817f7/scratchpad/prev2/env_swamp_Puddle.png
UnityEngine.StackTraceUtility:ExtractStackTrace () (at /home/bokken/buildslave/unity/build/Runtime/Export/Scripting/StackTrace.cs:37)
UnityEngine.DebugLogHandler:LogFormat (UnityEngine.LogType,UnityEngine.Object,string,object[])
UnityEngine.Logger:Log (UnityEngine.LogType,object)
UnityEngine.Debug:Log (object)
GloomhavenVR.EnvironmentsPreview:<Render>g__Shoot|15_1 (string,UnityEngine.Vector3,UnityEngine.Vector3,bool,single,string,GloomhavenVR.EnvironmentsPreview/<>c__DisplayClass15_0&,GloomhavenVR.EnvironmentsPreview/<>c__DisplayClass15_1&,GloomhavenVR.EnvironmentsPreview/<>c__DisplayClass15_2&) (at Assets/Editor/PreviewEnvironments.cs:444)
GloomhavenVR.EnvironmentsPreview:Render () (at Assets/Editor/PreviewEnvironments.cs:460)
GloomhavenVR.EnvironmentsPreview:RenderAll () (at Assets/Editor/PreviewEnvironments.cs:334)

(Filename: Assets/Editor/PreviewEnvironments.cs Line: 444)

[GloomhavenVR][EnvPreview] wrote /tmp/claude-1000/-home-claw-gloomhaven-vr/e3713fea-50d1-40b9-9862-dd2fbd9817f7/scratchpad/prev2/env_swamp_PuddleLow.png
UnityEngine.StackTraceUtility:ExtractStackTrace () (at /home/bokken/buildslave/unity/build/Runtime/Export/Scripting/StackTrace.cs:37)
UnityEngine.DebugLogHandler:LogFormat (UnityEngine.LogType,UnityEngine.Object,string,object[])
UnityEngine.Logger:Log (UnityEngine.LogType,object)
UnityEngine.Debug:Log (object)
GloomhavenVR.EnvironmentsPreview:<Render>g__Shoot|15_1 (string,UnityEngine.Vector3,UnityEngine.Vector3,bool,single,string,GloomhavenVR.EnvironmentsPreview/<>c__DisplayClass15_0&,GloomhavenVR.EnvironmentsPreview/<>c__DisplayClass15_1&,GloomhavenVR.EnvironmentsPreview/<>c__DisplayClass15_2&) (at Assets/Editor/PreviewEnvironments.cs:444)
GloomhavenVR.EnvironmentsPreview:Render () (at Assets/Editor/PreviewEnvironments.cs:460)
GloomhavenVR.EnvironmentsPreview:RenderAll () (at Assets/Editor/PreviewEnvironments.cs:334)

(Filename: Assets/Editor/PreviewEnvironments.cs Line: 444)

[GloomhavenVR][EnvPreview] wrote /tmp/claude-1000/-home-claw-gloomhaven-vr/e3713fea-50d1-40b9-9862-dd2fbd9817f7/scratchpad/prev2/env_swamp_DripColumn.png
UnityEngine.StackTraceUtility:ExtractStackTrace () (at /home/bokken/buildslave/unity/build/Runtime/Export/Scripting/StackTrace.cs:37)
UnityEngine.DebugLogHandler:LogFormat (UnityEngine.LogType,UnityEngine.Object,string,object[])
UnityEngine.Logger:Log (UnityEngine.LogType,object)
UnityEngine.Debug:Log (object)
GloomhavenVR.EnvironmentsPreview:<Render>g__Shoot|15_1 (string,UnityEngine.Vector3,UnityEngine.Vector3,bool,single,string,GloomhavenVR.EnvironmentsPreview/<>c__DisplayClass15_0&,GloomhavenVR.EnvironmentsPreview/<>c__DisplayClass15_1&,GloomhavenVR.EnvironmentsPreview/<>c__DisplayClass15_2&) (at Assets/Editor/PreviewEnvironments.cs:444)
GloomhavenVR.EnvironmentsPreview:Render () (at Assets/Editor/PreviewEnvironments.cs:460)
GloomhavenVR.EnvironmentsPreview:RenderAll () (at Assets/Editor/PreviewEnvironments.cs:334)

(Filename: Assets/Editor/PreviewEnvironments.cs Line: 444)

[GloomhavenVR][EnvPreview] wrote /tmp/claude-1000/-home-claw-gloomhaven-vr/e3713fea-50d1-40b9-9862-dd2fbd9817f7/scratchpad/prev2/env_swamp_RatRun.png
UnityEngine.StackTraceUtility:ExtractStackTrace () (at /home/bokken/buildslave/unity/build/Runtime/Export/Scripting/StackTrace.cs:37)
UnityEngine.DebugLogHandler:LogFormat (UnityEngine.LogType,UnityEngine.Object,string,object[])
UnityEngine.Logger:Log (UnityEngine.LogType,object)
UnityEngine.Debug:Log (object)
GloomhavenVR.EnvironmentsPreview:<Render>g__Shoot|15_1 (string,UnityEngine.Vector3,UnityEngine.Vector3,bool,single,string,GloomhavenVR.EnvironmentsPreview/<>c__DisplayClass15_0&,GloomhavenVR.EnvironmentsPreview/<>c__DisplayClass15_1&,GloomhavenVR.EnvironmentsPreview/<>c__DisplayClass15_2&) (at Assets/Editor/PreviewEnvironments.cs:444)
GloomhavenVR.EnvironmentsPreview:Render () (at Assets/Editor/PreviewEnvironments.cs:460)
GloomhavenVR.EnvironmentsPreview:RenderAll () (at Assets/Editor/PreviewEnvironments.cs:334)

(Filename: Assets/Editor/PreviewEnvironments.cs Line: 444)

[GloomhavenVR][EnvPreview] wrote /tmp/claude-1000/-home-claw-gloomhaven-vr/e3713fea-50d1-40b9-9862-dd2fbd9817f7/scratchpad/prev2/env_swamp_RatBeam.png
UnityEngine.StackTraceUtility:ExtractStackTrace () (at /home/bokken/buildslave/unity/build/Runtime/Export/Scripting/StackTrace.cs:37)
UnityEngine.DebugLogHandler:LogFormat (UnityEngine.LogType,UnityEngine.Object,string,object[])
UnityEngine.Logger:Log (UnityEngine.LogType,object)
UnityEngine.Debug:Log (object)
GloomhavenVR.EnvironmentsPreview:<Render>g__Shoot|15_1 (string,UnityEngine.Vector3,UnityEngine.Vector3,bool,single,string,GloomhavenVR.EnvironmentsPreview/<>c__DisplayClass15_0&,GloomhavenVR.EnvironmentsPreview/<>c__DisplayClass15_1&,GloomhavenVR.EnvironmentsPreview/<>c__DisplayClass15_2&) (at Assets/Editor/PreviewEnvironments.cs:444)
GloomhavenVR.EnvironmentsPreview:Render () (at Assets/Editor/PreviewEnvironments.cs:460)
GloomhavenVR.EnvironmentsPreview:RenderAll () (at Assets/Editor/PreviewEnvironments.cs:334)

(Filename: Assets/Editor/PreviewEnvironments.cs Line: 444)

[GloomhavenVR][EnvPreview] wrote /tmp/claude-1000/-home-claw-gloomhaven-vr/e3713fea-50d1-40b9-9862-dd2fbd9817f7/scratchpad/prev2/env_swamp_RatLow.png
UnityEngine.StackTraceUtility:ExtractStackTrace () (at /home/bokken/buildslave/unity/build/Runtime/Export/Scripting/StackTrace.cs:37)
UnityEngine.DebugLogHandler:LogFormat (UnityEngine.LogType,UnityEngine.Object,string,object[])
UnityEngine.Logger:Log (UnityEngine.LogType,object)
UnityEngine.Debug:Log (object)
GloomhavenVR.EnvironmentsPreview:<Render>g__Shoot|15_1 (string,UnityEngine.Vector3,UnityEngine.Vector3,bool,single,string,GloomhavenVR.EnvironmentsPreview/<>c__DisplayClass15_0&,GloomhavenVR.EnvironmentsPreview/<>c__DisplayClass15_1&,GloomhavenVR.EnvironmentsPreview/<>c__DisplayClass15_2&) (at Assets/Editor/PreviewEnvironments.cs:444)
GloomhavenVR.EnvironmentsPreview:Render () (at Assets/Editor/PreviewEnvironments.cs:460)
GloomhavenVR.EnvironmentsPreview:RenderAll () (at Assets/Editor/PreviewEnvironments.cs:334)

(Filename: Assets/Editor/PreviewEnvironments.cs Line: 444)

[GloomhavenVR][EnvPreview] wrote /tmp/claude-1000/-home-claw-gloomhaven-vr/e3713fea-50d1-40b9-9862-dd2fbd9817f7/scratchpad/prev2/env_swamp_RatEnd.png
UnityEngine.StackTraceUtility:ExtractStackTrace () (at /home/bokken/buildslave/unity/build/Runtime/Export/Scripting/StackTrace.cs:37)
UnityEngine.DebugLogHandler:LogFormat (UnityEngine.LogType,UnityEngine.Object,string,object[])
UnityEngine.Logger:Log (UnityEngine.LogType,object)
UnityEngine.Debug:Log (object)
GloomhavenVR.EnvironmentsPreview:<Render>g__Shoot|15_1 (string,UnityEngine.Vector3,UnityEngine.Vector3,bool,single,string,GloomhavenVR.EnvironmentsPreview/<>c__DisplayClass15_0&,GloomhavenVR.EnvironmentsPreview/<>c__DisplayClass15_1&,GloomhavenVR.EnvironmentsPreview/<>c__DisplayClass15_2&) (at Assets/Editor/PreviewEnvironments.cs:444)
GloomhavenVR.EnvironmentsPreview:Render () (at Assets/Editor/PreviewEnvironments.cs:460)
GloomhavenVR.EnvironmentsPreview:RenderAll () (at Assets/Editor/PreviewEnvironments.cs:334)

(Filename: Assets/Editor/PreviewEnvironments.cs Line: 444)

[GloomhavenVR][EnvPreview] wrote /tmp/claude-1000/-home-claw-gloomhaven-vr/e3713fea-50d1-40b9-9862-dd2fbd9817f7/scratchpad/prev2/env_swamp_Web.png
UnityEngine.StackTraceUtility:ExtractStackTrace () (at /home/bokken/buildslave/unity/build/Runtime/Export/Scripting/StackTrace.cs:37)
UnityEngine.DebugLogHandler:LogFormat (UnityEngine.LogType,UnityEngine.Object,string,object[])
UnityEngine.Logger:Log (UnityEngine.LogType,object)
UnityEngine.Debug:Log (object)
GloomhavenVR.EnvironmentsPreview:<Render>g__Shoot|15_1 (string,UnityEngine.Vector3,UnityEngine.Vector3,bool,single,string,GloomhavenVR.EnvironmentsPreview/<>c__DisplayClass15_0&,GloomhavenVR.EnvironmentsPreview/<>c__DisplayClass15_1&,GloomhavenVR.EnvironmentsPreview/<>c__DisplayClass15_2&) (at Assets/Editor/PreviewEnvironments.cs:444)
GloomhavenVR.EnvironmentsPreview:Render () (at Assets/Editor/PreviewEnvironments.cs:460)
GloomhavenVR.EnvironmentsPreview:RenderAll () (at Assets/Editor/PreviewEnvironments.cs:334)

(Filename: Assets/Editor/PreviewEnvironments.cs Line: 444)

[GloomhavenVR][EnvPreview] wrote /tmp/claude-1000/-home-claw-gloomhaven-vr/e3713fea-50d1-40b9-9862-dd2fbd9817f7/scratchpad/prev2/env_swamp_WebCorner.png
UnityEngine.StackTraceUtility:ExtractStackTrace () (at /home/bokken/buildslave/unity/build/Runtime/Export/Scripting/StackTrace.cs:37)
UnityEngine.DebugLogHandler:LogFormat (UnityEngine.LogType,UnityEngine.Object,string,object[])
UnityEngine.Logger:Log (UnityEngine.LogType,object)
UnityEngine.Debug:Log (object)
GloomhavenVR.EnvironmentsPreview:<Render>g__Shoot|15_1 (string,UnityEngine.Vector3,UnityEngine.Vector3,bool,single,string,GloomhavenVR.EnvironmentsPreview/<>c__DisplayClass15_0&,GloomhavenVR.EnvironmentsPreview/<>c__DisplayClass15_1&,GloomhavenVR.EnvironmentsPreview/<>c__DisplayClass15_2&) (at Assets/Editor/PreviewEnvironments.cs:444)
GloomhavenVR.EnvironmentsPreview:Render () (at Assets/Editor/PreviewEnvironments.cs:460)
GloomhavenVR.EnvironmentsPreview:RenderAll () (at Assets/Editor/PreviewEnvironments.cs:334)

(Filename: Assets/Editor/PreviewEnvironments.cs Line: 444)

[GloomhavenVR][EnvPreview] wrote /tmp/claude-1000/-home-claw-gloomhaven-vr/e3713fea-50d1-40b9-9862-dd2fbd9817f7/scratchpad/prev2/env_swamp_CandleTable.png
UnityEngine.StackTraceUtility:ExtractStackTrace () (at /home/bokken/buildslave/unity/build/Runtime/Export/Scripting/StackTrace.cs:37)
UnityEngine.DebugLogHandler:LogFormat (UnityEngine.LogType,UnityEngine.Object,string,object[])
UnityEngine.Logger:Log (UnityEngine.LogType,object)
UnityEngine.Debug:Log (object)
GloomhavenVR.EnvironmentsPreview:<Render>g__Shoot|15_1 (string,UnityEngine.Vector3,UnityEngine.Vector3,bool,single,string,GloomhavenVR.EnvironmentsPreview/<>c__DisplayClass15_0&,GloomhavenVR.EnvironmentsPreview/<>c__DisplayClass15_1&,GloomhavenVR.EnvironmentsPreview/<>c__DisplayClass15_2&) (at Assets/Editor/PreviewEnvironments.cs:444)
GloomhavenVR.EnvironmentsPreview:Render () (at Assets/Editor/PreviewEnvironments.cs:460)
GloomhavenVR.EnvironmentsPreview:RenderAll () (at Assets/Editor/PreviewEnvironments.cs:334)

(Filename: Assets/Editor/PreviewEnvironments.cs Line: 444)

[GloomhavenVR][EnvPreview] wrote /tmp/claude-1000/-home-claw-gloomhaven-vr/e3713fea-50d1-40b9-9862-dd2fbd9817f7/scratchpad/prev2/env_swamp_CandleCrate.png
UnityEngine.StackTraceUtility:ExtractStackTrace () (at /home/bokken/buildslave/unity/build/Runtime/Export/Scripting/StackTrace.cs:37)
UnityEngine.DebugLogHandler:LogFormat (UnityEngine.LogType,UnityEngine.Object,string,object[])
UnityEngine.Logger:Log (UnityEngine.LogType,object)
UnityEngine.Debug:Log (object)
GloomhavenVR.EnvironmentsPreview:<Render>g__Shoot|15_1 (string,UnityEngine.Vector3,UnityEngine.Vector3,bool,single,string,GloomhavenVR.EnvironmentsPreview/<>c__DisplayClass15_0&,GloomhavenVR.EnvironmentsPreview/<>c__DisplayClass15_1&,GloomhavenVR.EnvironmentsPreview/<>c__DisplayClass15_2&) (at Assets/Editor/PreviewEnvironments.cs:444)
GloomhavenVR.EnvironmentsPreview:Render () (at Assets/Editor/PreviewEnvironments.cs:460)
GloomhavenVR.EnvironmentsPreview:RenderAll () (at Assets/Editor/PreviewEnvironments.cs:334)

(Filename: Assets/Editor/PreviewEnvironments.cs Line: 444)

[GloomhavenVR][EnvPreview] wrote /tmp/claude-1000/-home-claw-gloomhaven-vr/e3713fea-50d1-40b9-9862-dd2fbd9817f7/scratchpad/prev2/env_swamp_Axe.png
UnityEngine.StackTraceUtility:ExtractStackTrace () (at /home/bokken/buildslave/unity/build/Runtime/Export/Scripting/StackTrace.cs:37)
UnityEngine.DebugLogHandler:LogFormat (UnityEngine.LogType,UnityEngine.Object,string,object[])
UnityEngine.Logger:Log (UnityEngine.LogType,object)
UnityEngine.Debug:Log (object)
GloomhavenVR.EnvironmentsPreview:<Render>g__Shoot|15_1 (string,UnityEngine.Vector3,UnityEngine.Vector3,bool,single,string,GloomhavenVR.EnvironmentsPreview/<>c__DisplayClass15_0&,GloomhavenVR.EnvironmentsPreview/<>c__DisplayClass15_1&,GloomhavenVR.EnvironmentsPreview/<>c__DisplayClass15_2&) (at Assets/Editor/PreviewEnvironments.cs:444)
GloomhavenVR.EnvironmentsPreview:Render () (at Assets/Editor/PreviewEnvironments.cs:460)
GloomhavenVR.EnvironmentsPreview:RenderAll () (at Assets/Editor/PreviewEnvironments.cs:334)

(Filename: Assets/Editor/PreviewEnvironments.cs Line: 444)

[GloomhavenVR][EnvPreview] wrote /tmp/claude-1000/-home-claw-gloomhaven-vr/e3713fea-50d1-40b9-9862-dd2fbd9817f7/scratchpad/prev2/env_swamp_AxeLow.png
UnityEngine.StackTraceUtility:ExtractStackTrace () (at /home/bokken/buildslave/unity/build/Runtime/Export/Scripting/StackTrace.cs:37)
UnityEngine.DebugLogHandler:LogFormat (UnityEngine.LogType,UnityEngine.Object,string,object[])
UnityEngine.Logger:Log (UnityEngine.LogType,object)
UnityEngine.Debug:Log (object)
GloomhavenVR.EnvironmentsPreview:<Render>g__Shoot|15_1 (string,UnityEngine.Vector3,UnityEngine.Vector3,bool,single,string,GloomhavenVR.EnvironmentsPreview/<>c__DisplayClass15_0&,GloomhavenVR.EnvironmentsPreview/<>c__DisplayClass15_1&,GloomhavenVR.EnvironmentsPreview/<>c__DisplayClass15_2&) (at Assets/Editor/PreviewEnvironments.cs:444)
GloomhavenVR.EnvironmentsPreview:Render () (at Assets/Editor/PreviewEnvironments.cs:460)
GloomhavenVR.EnvironmentsPreview:RenderAll () (at Assets/Editor/PreviewEnvironments.cs:334)

(Filename: Assets/Editor/PreviewEnvironments.cs Line: 444)

[GloomhavenVR][EnvPreview] wrote /tmp/claude-1000/-home-claw-gloomhaven-vr/e3713fea-50d1-40b9-9862-dd2fbd9817f7/scratchpad/prev2/env_swamp_Fireflies.png
UnityEngine.StackTraceUtility:ExtractStackTrace () (at /home/bokken/buildslave/unity/build/Runtime/Export/Scripting/StackTrace.cs:37)
UnityEngine.DebugLogHandler:LogFormat (UnityEngine.LogType,UnityEngine.Object,string,object[])
UnityEngine.Logger:Log (UnityEngine.LogType,object)
UnityEngine.Debug:Log (object)
GloomhavenVR.EnvironmentsPreview:<Render>g__Shoot|15_1 (string,UnityEngine.Vector3,UnityEngine.Vector3,bool,single,string,GloomhavenVR.EnvironmentsPreview/<>c__DisplayClass15_0&,GloomhavenVR.EnvironmentsPreview/<>c__DisplayClass15_1&,GloomhavenVR.EnvironmentsPreview/<>c__DisplayClass15_2&) (at Assets/Editor/PreviewEnvironments.cs:444)
GloomhavenVR.EnvironmentsPreview:Render () (at Assets/Editor/PreviewEnvironments.cs:460)
GloomhavenVR.EnvironmentsPreview:RenderAll () (at Assets/Editor/PreviewEnvironments.cs:334)

(Filename: Assets/Editor/PreviewEnvironments.cs Line: 444)

[GloomhavenVR][EnvPreview] wrote /tmp/claude-1000/-home-claw-gloomhaven-vr/e3713fea-50d1-40b9-9862-dd2fbd9817f7/scratchpad/prev2/env_swamp_FirefliesClose.png
UnityEngine.StackTraceUtility:ExtractStackTrace () (at /home/bokken/buildslave/unity/build/Runtime/Export/Scripting/StackTrace.cs:37)
UnityEngine.DebugLogHandler:LogFormat (UnityEngine.LogType,UnityEngine.Object,string,object[])
UnityEngine.Logger:Log (UnityEngine.LogType,object)
UnityEngine.Debug:Log (object)
GloomhavenVR.EnvironmentsPreview:<Render>g__Shoot|15_1 (string,UnityEngine.Vector3,UnityEngine.Vector3,bool,single,string,GloomhavenVR.EnvironmentsPreview/<>c__DisplayClass15_0&,GloomhavenVR.EnvironmentsPreview/<>c__DisplayClass15_1&,GloomhavenVR.EnvironmentsPreview/<>c__DisplayClass15_2&) (at Assets/Editor/PreviewEnvironments.cs:444)
GloomhavenVR.EnvironmentsPreview:Render () (at Assets/Editor/PreviewEnvironments.cs:460)
GloomhavenVR.EnvironmentsPreview:RenderAll () (at Assets/Editor/PreviewEnvironments.cs:334)

(Filename: Assets/Editor/PreviewEnvironments.cs Line: 444)

[GloomhavenVR][EnvPreview] wrote /tmp/claude-1000/-home-claw-gloomhaven-vr/e3713fea-50d1-40b9-9862-dd2fbd9817f7/scratchpad/prev2/env_swamp_MeteorSky.png
UnityEngine.StackTraceUtility:ExtractStackTrace () (at /home/bokken/buildslave/unity/build/Runtime/Export/Scripting/StackTrace.cs:37)
UnityEngine.DebugLogHandler:LogFormat (UnityEngine.LogType,UnityEngine.Object,string,object[])
UnityEngine.Logger:Log (UnityEngine.LogType,object)
UnityEngine.Debug:Log (object)
GloomhavenVR.EnvironmentsPreview:<Render>g__Shoot|15_1 (string,UnityEngine.Vector3,UnityEngine.Vector3,bool,single,string,GloomhavenVR.EnvironmentsPreview/<>c__DisplayClass15_0&,GloomhavenVR.EnvironmentsPreview/<>c__DisplayClass15_1&,GloomhavenVR.EnvironmentsPreview/<>c__DisplayClass15_2&) (at Assets/Editor/PreviewEnvironments.cs:444)
GloomhavenVR.EnvironmentsPreview:Render () (at Assets/Editor/PreviewEnvironments.cs:460)
GloomhavenVR.EnvironmentsPreview:RenderAll () (at Assets/Editor/PreviewEnvironments.cs:334)

(Filename: Assets/Editor/PreviewEnvironments.cs Line: 444)

[GloomhavenVR][EnvPreview] wrote /tmp/claude-1000/-home-claw-gloomhaven-vr/e3713fea-50d1-40b9-9862-dd2fbd9817f7/scratchpad/prev2/env_swamp_BeamSide.png
UnityEngine.StackTraceUtility:ExtractStackTrace () (at /home/bokken/buildslave/unity/build/Runtime/Export/Scripting/StackTrace.cs:37)
UnityEngine.DebugLogHandler:LogFormat (UnityEngine.LogType,UnityEngine.Object,string,object[])
UnityEngine.Logger:Log (UnityEngine.LogType,object)
UnityEngine.Debug:Log (object)
GloomhavenVR.EnvironmentsPreview:<Render>g__Shoot|15_1 (string,UnityEngine.Vector3,UnityEngine.Vector3,bool,single,string,GloomhavenVR.EnvironmentsPreview/<>c__DisplayClass15_0&,GloomhavenVR.EnvironmentsPreview/<>c__DisplayClass15_1&,GloomhavenVR.EnvironmentsPreview/<>c__DisplayClass15_2&) (at Assets/Editor/PreviewEnvironments.cs:444)
GloomhavenVR.EnvironmentsPreview:Render () (at Assets/Editor/PreviewEnvironments.cs:460)
GloomhavenVR.EnvironmentsPreview:RenderAll () (at Assets/Editor/PreviewEnvironments.cs:334)

(Filename: Assets/Editor/PreviewEnvironments.cs Line: 444)

[GloomhavenVR][EnvPreview] wrote /tmp/claude-1000/-home-claw-gloomhaven-vr/e3713fea-50d1-40b9-9862-dd2fbd9817f7/scratchpad/prev2/env_swamp_BeamEdge.png
UnityEngine.StackTraceUtility:ExtractStackTrace () (at /home/bokken/buildslave/unity/build/Runtime/Export/Scripting/StackTrace.cs:37)
UnityEngine.DebugLogHandler:LogFormat (UnityEngine.LogType,UnityEngine.Object,string,object[])
UnityEngine.Logger:Log (UnityEngine.LogType,object)
UnityEngine.Debug:Log (object)
GloomhavenVR.EnvironmentsPreview:<Render>g__Shoot|15_1 (string,UnityEngine.Vector3,UnityEngine.Vector3,bool,single,string,GloomhavenVR.EnvironmentsPreview/<>c__DisplayClass15_0&,GloomhavenVR.EnvironmentsPreview/<>c__DisplayClass15_1&,GloomhavenVR.EnvironmentsPreview/<>c__DisplayClass15_2&) (at Assets/Editor/PreviewEnvironments.cs:444)
GloomhavenVR.EnvironmentsPreview:Render () (at Assets/Editor/PreviewEnvironments.cs:460)
GloomhavenVR.EnvironmentsPreview:RenderAll () (at Assets/Editor/PreviewEnvironments.cs:334)

(Filename: Assets/Editor/PreviewEnvironments.cs Line: 444)

[GloomhavenVR][EnvPreview] wrote /tmp/claude-1000/-home-claw-gloomhaven-vr/e3713fea-50d1-40b9-9862-dd2fbd9817f7/scratchpad/prev2/env_swamp_BeamAlong.png
UnityEngine.StackTraceUtility:ExtractStackTrace () (at /home/bokken/buildslave/unity/build/Runtime/Export/Scripting/StackTrace.cs:37)
UnityEngine.DebugLogHandler:LogFormat (UnityEngine.LogType,UnityEngine.Object,string,object[])
UnityEngine.Logger:Log (UnityEngine.LogType,object)
UnityEngine.Debug:Log (object)
GloomhavenVR.EnvironmentsPreview:<Render>g__Shoot|15_1 (string,UnityEngine.Vector3,UnityEngine.Vector3,bool,single,string,GloomhavenVR.EnvironmentsPreview/<>c__DisplayClass15_0&,GloomhavenVR.EnvironmentsPreview/<>c__DisplayClass15_1&,GloomhavenVR.EnvironmentsPreview/<>c__DisplayClass15_2&) (at Assets/Editor/PreviewEnvironments.cs:444)
GloomhavenVR.EnvironmentsPreview:Render () (at Assets/Editor/PreviewEnvironments.cs:460)
GloomhavenVR.EnvironmentsPreview:RenderAll () (at Assets/Editor/PreviewEnvironments.cs:334)

(Filename: Assets/Editor/PreviewEnvironments.cs Line: 444)

[GloomhavenVR][EnvPreview] wrote /tmp/claude-1000/-home-claw-gloomhaven-vr/e3713fea-50d1-40b9-9862-dd2fbd9817f7/scratchpad/prev2/env_swamp_BeamLow.png
UnityEngine.StackTraceUtility:ExtractStackTrace () (at /home/bokken/buildslave/unity/build/Runtime/Export/Scripting/StackTrace.cs:37)
UnityEngine.DebugLogHandler:LogFormat (UnityEngine.LogType,UnityEngine.Object,string,object[])
UnityEngine.Logger:Log (UnityEngine.LogType,object)
UnityEngine.Debug:Log (object)
GloomhavenVR.EnvironmentsPreview:<Render>g__Shoot|15_1 (string,UnityEngine.Vector3,UnityEngine.Vector3,bool,single,string,GloomhavenVR.EnvironmentsPreview/<>c__DisplayClass15_0&,GloomhavenVR.EnvironmentsPreview/<>c__DisplayClass15_1&,GloomhavenVR.EnvironmentsPreview/<>c__DisplayClass15_2&) (at Assets/Editor/PreviewEnvironments.cs:444)
GloomhavenVR.EnvironmentsPreview:Render () (at Assets/Editor/PreviewEnvironments.cs:460)
GloomhavenVR.EnvironmentsPreview:RenderAll () (at Assets/Editor/PreviewEnvironments.cs:334)

(Filename: Assets/Editor/PreviewEnvironments.cs Line: 444)

[GloomhavenVR][EnvPreview] wrote /tmp/claude-1000/-home-claw-gloomhaven-vr/e3713fea-50d1-40b9-9862-dd2fbd9817f7/scratchpad/prev2/env_swamp_BeamGraze.png
UnityEngine.StackTraceUtility:ExtractStackTrace () (at /home/bokken/buildslave/unity/build/Runtime/Export/Scripting/StackTrace.cs:37)
UnityEngine.DebugLogHandler:LogFormat (UnityEngine.LogType,UnityEngine.Object,string,object[])
UnityEngine.Logger:Log (UnityEngine.LogType,object)
UnityEngine.Debug:Log (object)
GloomhavenVR.EnvironmentsPreview:<Render>g__Shoot|15_1 (string,UnityEngine.Vector3,UnityEngine.Vector3,bool,single,string,GloomhavenVR.EnvironmentsPreview/<>c__DisplayClass15_0&,GloomhavenVR.EnvironmentsPreview/<>c__DisplayClass15_1&,GloomhavenVR.EnvironmentsPreview/<>c__DisplayClass15_2&) (at Assets/Editor/PreviewEnvironments.cs:444)
GloomhavenVR.EnvironmentsPreview:Render () (at Assets/Editor/PreviewEnvironments.cs:460)
GloomhavenVR.EnvironmentsPreview:RenderAll () (at Assets/Editor/PreviewEnvironments.cs:334)

(Filename: Assets/Editor/PreviewEnvironments.cs Line: 444)

[GloomhavenVR][EnvPreview] wrote /tmp/claude-1000/-home-claw-gloomhaven-vr/e3713fea-50d1-40b9-9862-dd2fbd9817f7/scratchpad/prev2/env_swamp_PoolClose.png
UnityEngine.StackTraceUtility:ExtractStackTrace () (at /home/bokken/buildslave/unity/build/Runtime/Export/Scripting/StackTrace.cs:37)
UnityEngine.DebugLogHandler:LogFormat (UnityEngine.LogType,UnityEngine.Object,string,object[])
UnityEngine.Logger:Log (UnityEngine.LogType,object)
UnityEngine.Debug:Log (object)
GloomhavenVR.EnvironmentsPreview:<Render>g__Shoot|15_1 (string,UnityEngine.Vector3,UnityEngine.Vector3,bool,single,string,GloomhavenVR.EnvironmentsPreview/<>c__DisplayClass15_0&,GloomhavenVR.EnvironmentsPreview/<>c__DisplayClass15_1&,GloomhavenVR.EnvironmentsPreview/<>c__DisplayClass15_2&) (at Assets/Editor/PreviewEnvironments.cs:444)
GloomhavenVR.EnvironmentsPreview:Render () (at Assets/Editor/PreviewEnvironments.cs:460)
GloomhavenVR.EnvironmentsPreview:RenderAll () (at Assets/Editor/PreviewEnvironments.cs:334)

(Filename: Assets/Editor/PreviewEnvironments.cs Line: 444)

[GloomhavenVR][EnvPreview] wrote /tmp/claude-1000/-home-claw-gloomhaven-vr/e3713fea-50d1-40b9-9862-dd2fbd9817f7/scratchpad/prev2/env_swamp_SillClose.png
UnityEngine.StackTraceUtility:ExtractStackTrace () (at /home/bokken/buildslave/unity/build/Runtime/Export/Scripting/StackTrace.cs:37)
UnityEngine.DebugLogHandler:LogFormat (UnityEngine.LogType,UnityEngine.Object,string,object[])
UnityEngine.Logger:Log (UnityEngine.LogType,object)
UnityEngine.Debug:Log (object)
GloomhavenVR.EnvironmentsPreview:<Render>g__Shoot|15_1 (string,UnityEngine.Vector3,UnityEngine.Vector3,bool,single,string,GloomhavenVR.EnvironmentsPreview/<>c__DisplayClass15_0&,GloomhavenVR.EnvironmentsPreview/<>c__DisplayClass15_1&,GloomhavenVR.EnvironmentsPreview/<>c__DisplayClass15_2&) (at Assets/Editor/PreviewEnvironments.cs:444)
GloomhavenVR.EnvironmentsPreview:Render () (at Assets/Editor/PreviewEnvironments.cs:460)
GloomhavenVR.EnvironmentsPreview:RenderAll () (at Assets/Editor/PreviewEnvironments.cs:334)

(Filename: Assets/Editor/PreviewEnvironments.cs Line: 444)

[GloomhavenVR][EnvPreview] wrote /tmp/claude-1000/-home-claw-gloomhaven-vr/e3713fea-50d1-40b9-9862-dd2fbd9817f7/scratchpad/prev2/env_swamp_BarStripe.png
UnityEngine.StackTraceUtility:ExtractStackTrace () (at /home/bokken/buildslave/unity/build/Runtime/Export/Scripting/StackTrace.cs:37)
UnityEngine.DebugLogHandler:LogFormat (UnityEngine.LogType,UnityEngine.Object,string,object[])
UnityEngine.Logger:Log (UnityEngine.LogType,object)
UnityEngine.Debug:Log (object)
GloomhavenVR.EnvironmentsPreview:<Render>g__Shoot|15_1 (string,UnityEngine.Vector3,UnityEngine.Vector3,bool,single,string,GloomhavenVR.EnvironmentsPreview/<>c__DisplayClass15_0&,GloomhavenVR.EnvironmentsPreview/<>c__DisplayClass15_1&,GloomhavenVR.EnvironmentsPreview/<>c__DisplayClass15_2&) (at Assets/Editor/PreviewEnvironments.cs:444)
GloomhavenVR.EnvironmentsPreview:Render () (at Assets/Editor/PreviewEnvironments.cs:460)
GloomhavenVR.EnvironmentsPreview:RenderAll () (at Assets/Editor/PreviewEnvironments.cs:334)

(Filename: Assets/Editor/PreviewEnvironments.cs Line: 444)

[GloomhavenVR][EnvPreview] wrote /tmp/claude-1000/-home-claw-gloomhaven-vr/e3713fea-50d1-40b9-9862-dd2fbd9817f7/scratchpad/prev2/env_swamp_WebShelfClose.png
UnityEngine.StackTraceUtility:ExtractStackTrace () (at /home/bokken/buildslave/unity/build/Runtime/Export/Scripting/StackTrace.cs:37)
UnityEngine.DebugLogHandler:LogFormat (UnityEngine.LogType,UnityEngine.Object,string,object[])
UnityEngine.Logger:Log (UnityEngine.LogType,object)
UnityEngine.Debug:Log (object)
GloomhavenVR.EnvironmentsPreview:<Render>g__Shoot|15_1 (string,UnityEngine.Vector3,UnityEngine.Vector3,bool,single,string,GloomhavenVR.EnvironmentsPreview/<>c__DisplayClass15_0&,GloomhavenVR.EnvironmentsPreview/<>c__DisplayClass15_1&,GloomhavenVR.EnvironmentsPreview/<>c__DisplayClass15_2&) (at Assets/Editor/PreviewEnvironments.cs:444)
GloomhavenVR.EnvironmentsPreview:Render () (at Assets/Editor/PreviewEnvironments.cs:460)
GloomhavenVR.EnvironmentsPreview:RenderAll () (at Assets/Editor/PreviewEnvironments.cs:334)

(Filename: Assets/Editor/PreviewEnvironments.cs Line: 444)

[GloomhavenVR][EnvPreview] wrote /tmp/claude-1000/-home-claw-gloomhaven-vr/e3713fea-50d1-40b9-9862-dd2fbd9817f7/scratchpad/prev2/env_swamp_WebCornerNew.png
UnityEngine.StackTraceUtility:ExtractStackTrace () (at /home/bokken/buildslave/unity/build/Runtime/Export/Scripting/StackTrace.cs:37)
UnityEngine.DebugLogHandler:LogFormat (UnityEngine.LogType,UnityEngine.Object,string,object[])
UnityEngine.Logger:Log (UnityEngine.LogType,object)
UnityEngine.Debug:Log (object)
GloomhavenVR.EnvironmentsPreview:<Render>g__Shoot|15_1 (string,UnityEngine.Vector3,UnityEngine.Vector3,bool,single,string,GloomhavenVR.EnvironmentsPreview/<>c__DisplayClass15_0&,GloomhavenVR.EnvironmentsPreview/<>c__DisplayClass15_1&,GloomhavenVR.EnvironmentsPreview/<>c__DisplayClass15_2&) (at Assets/Editor/PreviewEnvironments.cs:444)
GloomhavenVR.EnvironmentsPreview:Render () (at Assets/Editor/PreviewEnvironments.cs:460)
GloomhavenVR.EnvironmentsPreview:RenderAll () (at Assets/Editor/PreviewEnvironments.cs:334)

(Filename: Assets/Editor/PreviewEnvironments.cs Line: 444)

[GloomhavenVR][EnvPreview] wrote /tmp/claude-1000/-home-claw-gloomhaven-vr/e3713fea-50d1-40b9-9862-dd2fbd9817f7/scratchpad/prev2/env_swamp_StrandClose.png
UnityEngine.StackTraceUtility:ExtractStackTrace () (at /home/bokken/buildslave/unity/build/Runtime/Export/Scripting/StackTrace.cs:37)
UnityEngine.DebugLogHandler:LogFormat (UnityEngine.LogType,UnityEngine.Object,string,object[])
UnityEngine.Logger:Log (UnityEngine.LogType,object)
UnityEngine.Debug:Log (object)
GloomhavenVR.EnvironmentsPreview:<Render>g__Shoot|15_1 (string,UnityEngine.Vector3,UnityEngine.Vector3,bool,single,string,GloomhavenVR.EnvironmentsPreview/<>c__DisplayClass15_0&,GloomhavenVR.EnvironmentsPreview/<>c__DisplayClass15_1&,GloomhavenVR.EnvironmentsPreview/<>c__DisplayClass15_2&) (at Assets/Editor/PreviewEnvironments.cs:444)
GloomhavenVR.EnvironmentsPreview:Render () (at Assets/Editor/PreviewEnvironments.cs:460)
GloomhavenVR.EnvironmentsPreview:RenderAll () (at Assets/Editor/PreviewEnvironments.cs:334)

(Filename: Assets/Editor/PreviewEnvironments.cs Line: 444)

[GloomhavenVR][EnvPreview] wrote /tmp/claude-1000/-home-claw-gloomhaven-vr/e3713fea-50d1-40b9-9862-dd2fbd9817f7/scratchpad/prev2/env_swamp_FloorToMoon.png
UnityEngine.StackTraceUtility:ExtractStackTrace () (at /home/bokken/buildslave/unity/build/Runtime/Export/Scripting/StackTrace.cs:37)
UnityEngine.DebugLogHandler:LogFormat (UnityEngine.LogType,UnityEngine.Object,string,object[])
UnityEngine.Logger:Log (UnityEngine.LogType,object)
UnityEngine.Debug:Log (object)
GloomhavenVR.EnvironmentsPreview:<Render>g__Shoot|15_1 (string,UnityEngine.Vector3,UnityEngine.Vector3,bool,single,string,GloomhavenVR.EnvironmentsPreview/<>c__DisplayClass15_0&,GloomhavenVR.EnvironmentsPreview/<>c__DisplayClass15_1&,GloomhavenVR.EnvironmentsPreview/<>c__DisplayClass15_2&) (at Assets/Editor/PreviewEnvironments.cs:444)
GloomhavenVR.EnvironmentsPreview:Render () (at Assets/Editor/PreviewEnvironments.cs:460)
GloomhavenVR.EnvironmentsPreview:RenderAll () (at Assets/Editor/PreviewEnvironments.cs:334)

(Filename: Assets/Editor/PreviewEnvironments.cs Line: 444)

[GloomhavenVR][EnvPreview] wrote /tmp/claude-1000/-home-claw-gloomhaven-vr/e3713fea-50d1-40b9-9862-dd2fbd9817f7/scratchpad/prev2/env_swamp_FloorAway.png
UnityEngine.StackTraceUtility:ExtractStackTrace () (at /home/bokken/buildslave/unity/build/Runtime/Export/Scripting/StackTrace.cs:37)
UnityEngine.DebugLogHandler:LogFormat (UnityEngine.LogType,UnityEngine.Object,string,object[])
UnityEngine.Logger:Log (UnityEngine.LogType,object)
UnityEngine.Debug:Log (object)
GloomhavenVR.EnvironmentsPreview:<Render>g__Shoot|15_1 (string,UnityEngine.Vector3,UnityEngine.Vector3,bool,single,string,GloomhavenVR.EnvironmentsPreview/<>c__DisplayClass15_0&,GloomhavenVR.EnvironmentsPreview/<>c__DisplayClass15_1&,GloomhavenVR.EnvironmentsPreview/<>c__DisplayClass15_2&) (at Assets/Editor/PreviewEnvironments.cs:444)
GloomhavenVR.EnvironmentsPreview:Render () (at Assets/Editor/PreviewEnvironments.cs:460)
GloomhavenVR.EnvironmentsPreview:RenderAll () (at Assets/Editor/PreviewEnvironments.cs:334)

(Filename: Assets/Editor/PreviewEnvironments.cs Line: 444)

[GloomhavenVR][EnvPreview] wrote /tmp/claude-1000/-home-claw-gloomhaven-vr/e3713fea-50d1-40b9-9862-dd2fbd9817f7/scratchpad/prev2/env_swamp_FloorLow.png
UnityEngine.StackTraceUtility:ExtractStackTrace () (at /home/bokken/buildslave/unity/build/Runtime/Export/Scripting/StackTrace.cs:37)
UnityEngine.DebugLogHandler:LogFormat (UnityEngine.LogType,UnityEngine.Object,string,object[])
UnityEngine.Logger:Log (UnityEngine.LogType,object)
UnityEngine.Debug:Log (object)
GloomhavenVR.EnvironmentsPreview:<Render>g__Shoot|15_1 (string,UnityEngine.Vector3,UnityEngine.Vector3,bool,single,string,GloomhavenVR.EnvironmentsPreview/<>c__DisplayClass15_0&,GloomhavenVR.EnvironmentsPreview/<>c__DisplayClass15_1&,GloomhavenVR.EnvironmentsPreview/<>c__DisplayClass15_2&) (at Assets/Editor/PreviewEnvironments.cs:444)
GloomhavenVR.EnvironmentsPreview:Render () (at Assets/Editor/PreviewEnvironments.cs:460)
GloomhavenVR.EnvironmentsPreview:RenderAll () (at Assets/Editor/PreviewEnvironments.cs:334)

(Filename: Assets/Editor/PreviewEnvironments.cs Line: 444)

[GloomhavenVR][EnvPreview] wrote /tmp/claude-1000/-home-claw-gloomhaven-vr/e3713fea-50d1-40b9-9862-dd2fbd9817f7/scratchpad/prev2/env_swamp_FloorEdge.png
UnityEngine.StackTraceUtility:ExtractStackTrace () (at /home/bokken/buildslave/unity/build/Runtime/Export/Scripting/StackTrace.cs:37)
UnityEngine.DebugLogHandler:LogFormat (UnityEngine.LogType,UnityEngine.Object,string,object[])
UnityEngine.Logger:Log (UnityEngine.LogType,object)
UnityEngine.Debug:Log (object)
GloomhavenVR.EnvironmentsPreview:<Render>g__Shoot|15_1 (string,UnityEngine.Vector3,UnityEngine.Vector3,bool,single,string,GloomhavenVR.EnvironmentsPreview/<>c__DisplayClass15_0&,GloomhavenVR.EnvironmentsPreview/<>c__DisplayClass15_1&,GloomhavenVR.EnvironmentsPreview/<>c__DisplayClass15_2&) (at Assets/Editor/PreviewEnvironments.cs:444)
GloomhavenVR.EnvironmentsPreview:Render () (at Assets/Editor/PreviewEnvironments.cs:460)
GloomhavenVR.EnvironmentsPreview:RenderAll () (at Assets/Editor/PreviewEnvironments.cs:334)

(Filename: Assets/Editor/PreviewEnvironments.cs Line: 444)

[GloomhavenVR][EnvPreview] wrote /tmp/claude-1000/-home-claw-gloomhaven-vr/e3713fea-50d1-40b9-9862-dd2fbd9817f7/scratchpad/prev2/env_swamp_BeamInsideL.png
UnityEngine.StackTraceUtility:ExtractStackTrace () (at /home/bokken/buildslave/unity/build/Runtime/Export/Scripting/StackTrace.cs:37)
UnityEngine.DebugLogHandler:LogFormat (UnityEngine.LogType,UnityEngine.Object,string,object[])
UnityEngine.Logger:Log (UnityEngine.LogType,object)
UnityEngine.Debug:Log (object)
GloomhavenVR.EnvironmentsPreview:<Render>g__Shoot|15_1 (string,UnityEngine.Vector3,UnityEngine.Vector3,bool,single,string,GloomhavenVR.EnvironmentsPreview/<>c__DisplayClass15_0&,GloomhavenVR.EnvironmentsPreview/<>c__DisplayClass15_1&,GloomhavenVR.EnvironmentsPreview/<>c__DisplayClass15_2&) (at Assets/Editor/PreviewEnvironments.cs:444)
GloomhavenVR.EnvironmentsPreview:Render () (at Assets/Editor/PreviewEnvironments.cs:460)
GloomhavenVR.EnvironmentsPreview:RenderAll () (at Assets/Editor/PreviewEnvironments.cs:334)

(Filename: Assets/Editor/PreviewEnvironments.cs Line: 444)

[GloomhavenVR][EnvPreview] wrote /tmp/claude-1000/-home-claw-gloomhaven-vr/e3713fea-50d1-40b9-9862-dd2fbd9817f7/scratchpad/prev2/env_swamp_BeamInsideR.png
UnityEngine.StackTraceUtility:ExtractStackTrace () (at /home/bokken/buildslave/unity/build/Runtime/Export/Scripting/StackTrace.cs:37)
UnityEngine.DebugLogHandler:LogFormat (UnityEngine.LogType,UnityEngine.Object,string,object[])
UnityEngine.Logger:Log (UnityEngine.LogType,object)
UnityEngine.Debug:Log (object)
GloomhavenVR.EnvironmentsPreview:<Render>g__Shoot|15_1 (string,UnityEngine.Vector3,UnityEngine.Vector3,bool,single,string,GloomhavenVR.EnvironmentsPreview/<>c__DisplayClass15_0&,GloomhavenVR.EnvironmentsPreview/<>c__DisplayClass15_1&,GloomhavenVR.EnvironmentsPreview/<>c__DisplayClass15_2&) (at Assets/Editor/PreviewEnvironments.cs:444)
GloomhavenVR.EnvironmentsPreview:Render () (at Assets/Editor/PreviewEnvironments.cs:460)
GloomhavenVR.EnvironmentsPreview:RenderAll () (at Assets/Editor/PreviewEnvironments.cs:334)

(Filename: Assets/Editor/PreviewEnvironments.cs Line: 444)

[GloomhavenVR][EnvPreview] wrote /tmp/claude-1000/-home-claw-gloomhaven-vr/e3713fea-50d1-40b9-9862-dd2fbd9817f7/scratchpad/prev2/env_swamp_BeamInsideUp.png
UnityEngine.StackTraceUtility:ExtractStackTrace () (at /home/bokken/buildslave/unity/build/Runtime/Export/Scripting/StackTrace.cs:37)
UnityEngine.DebugLogHandler:LogFormat (UnityEngine.LogType,UnityEngine.Object,string,object[])
UnityEngine.Logger:Log (UnityEngine.LogType,object)
UnityEngine.Debug:Log (object)
GloomhavenVR.EnvironmentsPreview:<Render>g__Shoot|15_1 (string,UnityEngine.Vector3,UnityEngine.Vector3,bool,single,string,GloomhavenVR.EnvironmentsPreview/<>c__DisplayClass15_0&,GloomhavenVR.EnvironmentsPreview/<>c__DisplayClass15_1&,GloomhavenVR.EnvironmentsPreview/<>c__DisplayClass15_2&) (at Assets/Editor/PreviewEnvironments.cs:444)
GloomhavenVR.EnvironmentsPreview:Render () (at Assets/Editor/PreviewEnvironments.cs:460)
GloomhavenVR.EnvironmentsPreview:RenderAll () (at Assets/Editor/PreviewEnvironments.cs:334)

(Filename: Assets/Editor/PreviewEnvironments.cs Line: 444)

[GloomhavenVR][EnvPreview] wrote /tmp/claude-1000/-home-claw-gloomhaven-vr/e3713fea-50d1-40b9-9862-dd2fbd9817f7/scratchpad/prev2/env_swamp_BeamInsideDown.png
UnityEngine.StackTraceUtility:ExtractStackTrace () (at /home/bokken/buildslave/unity/build/Runtime/Export/Scripting/StackTrace.cs:37)
UnityEngine.DebugLogHandler:LogFormat (UnityEngine.LogType,UnityEngine.Object,string,object[])
UnityEngine.Logger:Log (UnityEngine.LogType,object)
UnityEngine.Debug:Log (object)
GloomhavenVR.EnvironmentsPreview:<Render>g__Shoot|15_1 (string,UnityEngine.Vector3,UnityEngine.Vector3,bool,single,string,GloomhavenVR.EnvironmentsPreview/<>c__DisplayClass15_0&,GloomhavenVR.EnvironmentsPreview/<>c__DisplayClass15_1&,GloomhavenVR.EnvironmentsPreview/<>c__DisplayClass15_2&) (at Assets/Editor/PreviewEnvironments.cs:444)
GloomhavenVR.EnvironmentsPreview:Render () (at Assets/Editor/PreviewEnvironments.cs:460)
GloomhavenVR.EnvironmentsPreview:RenderAll () (at Assets/Editor/PreviewEnvironments.cs:334)

(Filename: Assets/Editor/PreviewEnvironments.cs Line: 444)

[GloomhavenVR][EnvPreview] wrote /tmp/claude-1000/-home-claw-gloomhaven-vr/e3713fea-50d1-40b9-9862-dd2fbd9817f7/scratchpad/prev2/env_swamp_BeamMouthUp.png
UnityEngine.StackTraceUtility:ExtractStackTrace () (at /home/bokken/buildslave/unity/build/Runtime/Export/Scripting/StackTrace.cs:37)
UnityEngine.DebugLogHandler:LogFormat (UnityEngine.LogType,UnityEngine.Object,string,object[])
UnityEngine.Logger:Log (UnityEngine.LogType,object)
UnityEngine.Debug:Log (object)
GloomhavenVR.EnvironmentsPreview:<Render>g__Shoot|15_1 (string,UnityEngine.Vector3,UnityEngine.Vector3,bool,single,string,GloomhavenVR.EnvironmentsPreview/<>c__DisplayClass15_0&,GloomhavenVR.EnvironmentsPreview/<>c__DisplayClass15_1&,GloomhavenVR.EnvironmentsPreview/<>c__DisplayClass15_2&) (at Assets/Editor/PreviewEnvironments.cs:444)
GloomhavenVR.EnvironmentsPreview:Render () (at Assets/Editor/PreviewEnvironments.cs:460)
GloomhavenVR.EnvironmentsPreview:RenderAll () (at Assets/Editor/PreviewEnvironments.cs:334)

(Filename: Assets/Editor/PreviewEnvironments.cs Line: 444)

[GloomhavenVR][EnvPreview] wrote /tmp/claude-1000/-home-claw-gloomhaven-vr/e3713fea-50d1-40b9-9862-dd2fbd9817f7/scratchpad/prev2/env_swamp_BeamKneeUp.png
UnityEngine.StackTraceUtility:ExtractStackTrace () (at /home/bokken/buildslave/unity/build/Runtime/Export/Scripting/StackTrace.cs:37)
UnityEngine.DebugLogHandler:LogFormat (UnityEngine.LogType,UnityEngine.Object,string,object[])
UnityEngine.Logger:Log (UnityEngine.LogType,object)
UnityEngine.Debug:Log (object)
GloomhavenVR.EnvironmentsPreview:<Render>g__Shoot|15_1 (string,UnityEngine.Vector3,UnityEngine.Vector3,bool,single,string,GloomhavenVR.EnvironmentsPreview/<>c__DisplayClass15_0&,GloomhavenVR.EnvironmentsPreview/<>c__DisplayClass15_1&,GloomhavenVR.EnvironmentsPreview/<>c__DisplayClass15_2&) (at Assets/Editor/PreviewEnvironments.cs:444)
GloomhavenVR.EnvironmentsPreview:Render () (at Assets/Editor/PreviewEnvironments.cs:460)
GloomhavenVR.EnvironmentsPreview:RenderAll () (at Assets/Editor/PreviewEnvironments.cs:334)

(Filename: Assets/Editor/PreviewEnvironments.cs Line: 444)

[GloomhavenVR][EnvPreview] wrote /tmp/claude-1000/-home-claw-gloomhaven-vr/e3713fea-50d1-40b9-9862-dd2fbd9817f7/scratchpad/prev2/env_swamp_BeamThruA.png
UnityEngine.StackTraceUtility:ExtractStackTrace () (at /home/bokken/buildslave/unity/build/Runtime/Export/Scripting/StackTrace.cs:37)
UnityEngine.DebugLogHandler:LogFormat (UnityEngine.LogType,UnityEngine.Object,string,object[])
UnityEngine.Logger:Log (UnityEngine.LogType,object)
UnityEngine.Debug:Log (object)
GloomhavenVR.EnvironmentsPreview:<Render>g__Shoot|15_1 (string,UnityEngine.Vector3,UnityEngine.Vector3,bool,single,string,GloomhavenVR.EnvironmentsPreview/<>c__DisplayClass15_0&,GloomhavenVR.EnvironmentsPreview/<>c__DisplayClass15_1&,GloomhavenVR.EnvironmentsPreview/<>c__DisplayClass15_2&) (at Assets/Editor/PreviewEnvironments.cs:444)
GloomhavenVR.EnvironmentsPreview:Render () (at Assets/Editor/PreviewEnvironments.cs:460)
GloomhavenVR.EnvironmentsPreview:RenderAll () (at Assets/Editor/PreviewEnvironments.cs:334)

(Filename: Assets/Editor/PreviewEnvironments.cs Line: 444)

[GloomhavenVR][EnvPreview] wrote /tmp/claude-1000/-home-claw-gloomhaven-vr/e3713fea-50d1-40b9-9862-dd2fbd9817f7/scratchpad/prev2/env_swamp_BeamThruB.png
UnityEngine.StackTraceUtility:ExtractStackTrace () (at /home/bokken/buildslave/unity/build/Runtime/Export/Scripting/StackTrace.cs:37)
UnityEngine.DebugLogHandler:LogFormat (UnityEngine.LogType,UnityEngine.Object,string,object[])
UnityEngine.Logger:Log (UnityEngine.LogType,object)
UnityEngine.Debug:Log (object)
GloomhavenVR.EnvironmentsPreview:<Render>g__Shoot|15_1 (string,UnityEngine.Vector3,UnityEngine.Vector3,bool,single,string,GloomhavenVR.EnvironmentsPreview/<>c__DisplayClass15_0&,GloomhavenVR.EnvironmentsPreview/<>c__DisplayClass15_1&,GloomhavenVR.EnvironmentsPreview/<>c__DisplayClass15_2&) (at Assets/Editor/PreviewEnvironments.cs:444)
GloomhavenVR.EnvironmentsPreview:Render () (at Assets/Editor/PreviewEnvironments.cs:460)
GloomhavenVR.EnvironmentsPreview:RenderAll () (at Assets/Editor/PreviewEnvironments.cs:334)

(Filename: Assets/Editor/PreviewEnvironments.cs Line: 444)

[GloomhavenVR][EnvPreview] wrote /tmp/claude-1000/-home-claw-gloomhaven-vr/e3713fea-50d1-40b9-9862-dd2fbd9817f7/scratchpad/prev2/env_swamp_BeamThruC.png
UnityEngine.StackTraceUtility:ExtractStackTrace () (at /home/bokken/buildslave/unity/build/Runtime/Export/Scripting/StackTrace.cs:37)
UnityEngine.DebugLogHandler:LogFormat (UnityEngine.LogType,UnityEngine.Object,string,object[])
UnityEngine.Logger:Log (UnityEngine.LogType,object)
UnityEngine.Debug:Log (object)
GloomhavenVR.EnvironmentsPreview:<Render>g__Shoot|15_1 (string,UnityEngine.Vector3,UnityEngine.Vector3,bool,single,string,GloomhavenVR.EnvironmentsPreview/<>c__DisplayClass15_0&,GloomhavenVR.EnvironmentsPreview/<>c__DisplayClass15_1&,GloomhavenVR.EnvironmentsPreview/<>c__DisplayClass15_2&) (at Assets/Editor/PreviewEnvironments.cs:444)
GloomhavenVR.EnvironmentsPreview:Render () (at Assets/Editor/PreviewEnvironments.cs:460)
GloomhavenVR.EnvironmentsPreview:RenderAll () (at Assets/Editor/PreviewEnvironments.cs:334)

(Filename: Assets/Editor/PreviewEnvironments.cs Line: 444)

[GloomhavenVR][EnvPreview] wrote /tmp/claude-1000/-home-claw-gloomhaven-vr/e3713fea-50d1-40b9-9862-dd2fbd9817f7/scratchpad/prev2/env_swamp_BeamThruD.png
UnityEngine.StackTraceUtility:ExtractStackTrace () (at /home/bokken/buildslave/unity/build/Runtime/Export/Scripting/StackTrace.cs:37)
UnityEngine.DebugLogHandler:LogFormat (UnityEngine.LogType,UnityEngine.Object,string,object[])
UnityEngine.Logger:Log (UnityEngine.LogType,object)
UnityEngine.Debug:Log (object)
GloomhavenVR.EnvironmentsPreview:<Render>g__Shoot|15_1 (string,UnityEngine.Vector3,UnityEngine.Vector3,bool,single,string,GloomhavenVR.EnvironmentsPreview/<>c__DisplayClass15_0&,GloomhavenVR.EnvironmentsPreview/<>c__DisplayClass15_1&,GloomhavenVR.EnvironmentsPreview/<>c__DisplayClass15_2&) (at Assets/Editor/PreviewEnvironments.cs:444)
GloomhavenVR.EnvironmentsPreview:Render () (at Assets/Editor/PreviewEnvironments.cs:460)
GloomhavenVR.EnvironmentsPreview:RenderAll () (at Assets/Editor/PreviewEnvironments.cs:334)

(Filename: Assets/Editor/PreviewEnvironments.cs Line: 444)

[GloomhavenVR][EnvPreview] wrote /tmp/claude-1000/-home-claw-gloomhaven-vr/e3713fea-50d1-40b9-9862-dd2fbd9817f7/scratchpad/prev2/env_swamp_BeamThruE.png
UnityEngine.StackTraceUtility:ExtractStackTrace () (at /home/bokken/buildslave/unity/build/Runtime/Export/Scripting/StackTrace.cs:37)
UnityEngine.DebugLogHandler:LogFormat (UnityEngine.LogType,UnityEngine.Object,string,object[])
UnityEngine.Logger:Log (UnityEngine.LogType,object)
UnityEngine.Debug:Log (object)
GloomhavenVR.EnvironmentsPreview:<Render>g__Shoot|15_1 (string,UnityEngine.Vector3,UnityEngine.Vector3,bool,single,string,GloomhavenVR.EnvironmentsPreview/<>c__DisplayClass15_0&,GloomhavenVR.EnvironmentsPreview/<>c__DisplayClass15_1&,GloomhavenVR.EnvironmentsPreview/<>c__DisplayClass15_2&) (at Assets/Editor/PreviewEnvironments.cs:444)
GloomhavenVR.EnvironmentsPreview:Render () (at Assets/Editor/PreviewEnvironments.cs:460)
GloomhavenVR.EnvironmentsPreview:RenderAll () (at Assets/Editor/PreviewEnvironments.cs:334)

(Filename: Assets/Editor/PreviewEnvironments.cs Line: 444)

[GloomhavenVR][EnvPreview] wrote /tmp/claude-1000/-home-claw-gloomhaven-vr/e3713fea-50d1-40b9-9862-dd2fbd9817f7/scratchpad/prev2/env_swamp_BeamFromRoom.png
UnityEngine.StackTraceUtility:ExtractStackTrace () (at /home/bokken/buildslave/unity/build/Runtime/Export/Scripting/StackTrace.cs:37)
UnityEngine.DebugLogHandler:LogFormat (UnityEngine.LogType,UnityEngine.Object,string,object[])
UnityEngine.Logger:Log (UnityEngine.LogType,object)
UnityEngine.Debug:Log (object)
GloomhavenVR.EnvironmentsPreview:<Render>g__Shoot|15_1 (string,UnityEngine.Vector3,UnityEngine.Vector3,bool,single,string,GloomhavenVR.EnvironmentsPreview/<>c__DisplayClass15_0&,GloomhavenVR.EnvironmentsPreview/<>c__DisplayClass15_1&,GloomhavenVR.EnvironmentsPreview/<>c__DisplayClass15_2&) (at Assets/Editor/PreviewEnvironments.cs:444)
GloomhavenVR.EnvironmentsPreview:Render () (at Assets/Editor/PreviewEnvironments.cs:460)
GloomhavenVR.EnvironmentsPreview:RenderAll () (at Assets/Editor/PreviewEnvironments.cs:334)

(Filename: Assets/Editor/PreviewEnvironments.cs Line: 444)

[GloomhavenVR][EnvPreview] wrote /tmp/claude-1000/-home-claw-gloomhaven-vr/e3713fea-50d1-40b9-9862-dd2fbd9817f7/scratchpad/prev2/env_swamp_ShaftMoon.png
UnityEngine.StackTraceUtility:ExtractStackTrace () (at /home/bokken/buildslave/unity/build/Runtime/Export/Scripting/StackTrace.cs:37)
UnityEngine.DebugLogHandler:LogFormat (UnityEngine.LogType,UnityEngine.Object,string,object[])
UnityEngine.Logger:Log (UnityEngine.LogType,object)
UnityEngine.Debug:Log (object)
GloomhavenVR.EnvironmentsPreview:<Render>g__Shoot|15_1 (string,UnityEngine.Vector3,UnityEngine.Vector3,bool,single,string,GloomhavenVR.EnvironmentsPreview/<>c__DisplayClass15_0&,GloomhavenVR.EnvironmentsPreview/<>c__DisplayClass15_1&,GloomhavenVR.EnvironmentsPreview/<>c__DisplayClass15_2&) (at Assets/Editor/PreviewEnvironments.cs:444)
GloomhavenVR.EnvironmentsPreview:Render () (at Assets/Editor/PreviewEnvironments.cs:460)
GloomhavenVR.EnvironmentsPreview:RenderAll () (at Assets/Editor/PreviewEnvironments.cs:334)

(Filename: Assets/Editor/PreviewEnvironments.cs Line: 444)

[GloomhavenVR][EnvPreview] wrote /tmp/claude-1000/-home-claw-gloomhaven-vr/e3713fea-50d1-40b9-9862-dd2fbd9817f7/scratchpad/prev2/env_swamp_ShaftMoonLow.png
UnityEngine.StackTraceUtility:ExtractStackTrace () (at /home/bokken/buildslave/unity/build/Runtime/Export/Scripting/StackTrace.cs:37)
UnityEngine.DebugLogHandler:LogFormat (UnityEngine.LogType,UnityEngine.Object,string,object[])
UnityEngine.Logger:Log (UnityEngine.LogType,object)
UnityEngine.Debug:Log (object)
GloomhavenVR.EnvironmentsPreview:<Render>g__Shoot|15_1 (string,UnityEngine.Vector3,UnityEngine.Vector3,bool,single,string,GloomhavenVR.EnvironmentsPreview/<>c__DisplayClass15_0&,GloomhavenVR.EnvironmentsPreview/<>c__DisplayClass15_1&,GloomhavenVR.EnvironmentsPreview/<>c__DisplayClass15_2&) (at Assets/Editor/PreviewEnvironments.cs:444)
GloomhavenVR.EnvironmentsPreview:Render () (at Assets/Editor/PreviewEnvironments.cs:460)
GloomhavenVR.EnvironmentsPreview:RenderAll () (at Assets/Editor/PreviewEnvironments.cs:334)

(Filename: Assets/Editor/PreviewEnvironments.cs Line: 444)

[GloomhavenVR][EnvPreview] wrote /tmp/claude-1000/-home-claw-gloomhaven-vr/e3713fea-50d1-40b9-9862-dd2fbd9817f7/scratchpad/prev2/env_swamp_ShaftYaw0.png
UnityEngine.StackTraceUtility:ExtractStackTrace () (at /home/bokken/buildslave/unity/build/Runtime/Export/Scripting/StackTrace.cs:37)
UnityEngine.DebugLogHandler:LogFormat (UnityEngine.LogType,UnityEngine.Object,string,object[])
UnityEngine.Logger:Log (UnityEngine.LogType,object)
UnityEngine.Debug:Log (object)
GloomhavenVR.EnvironmentsPreview:<Render>g__Shoot|15_1 (string,UnityEngine.Vector3,UnityEngine.Vector3,bool,single,string,GloomhavenVR.EnvironmentsPreview/<>c__DisplayClass15_0&,GloomhavenVR.EnvironmentsPreview/<>c__DisplayClass15_1&,GloomhavenVR.EnvironmentsPreview/<>c__DisplayClass15_2&) (at Assets/Editor/PreviewEnvironments.cs:444)
GloomhavenVR.EnvironmentsPreview:Render () (at Assets/Editor/PreviewEnvironments.cs:460)
GloomhavenVR.EnvironmentsPreview:RenderAll () (at Assets/Editor/PreviewEnvironments.cs:334)

(Filename: Assets/Editor/PreviewEnvironments.cs Line: 444)

[GloomhavenVR][EnvPreview] wrote /tmp/claude-1000/-home-claw-gloomhaven-vr/e3713fea-50d1-40b9-9862-dd2fbd9817f7/scratchpad/prev2/env_swamp_ShaftYaw90.png
UnityEngine.StackTraceUtility:ExtractStackTrace () (at /home/bokken/buildslave/unity/build/Runtime/Export/Scripting/StackTrace.cs:37)
UnityEngine.DebugLogHandler:LogFormat (UnityEngine.LogType,UnityEngine.Object,string,object[])
UnityEngine.Logger:Log (UnityEngine.LogType,object)
UnityEngine.Debug:Log (object)
GloomhavenVR.EnvironmentsPreview:<Render>g__Shoot|15_1 (string,UnityEngine.Vector3,UnityEngine.Vector3,bool,single,string,GloomhavenVR.EnvironmentsPreview/<>c__DisplayClass15_0&,GloomhavenVR.EnvironmentsPreview/<>c__DisplayClass15_1&,GloomhavenVR.EnvironmentsPreview/<>c__DisplayClass15_2&) (at Assets/Editor/PreviewEnvironments.cs:444)
GloomhavenVR.EnvironmentsPreview:Render () (at Assets/Editor/PreviewEnvironments.cs:460)
GloomhavenVR.EnvironmentsPreview:RenderAll () (at Assets/Editor/PreviewEnvironments.cs:334)

(Filename: Assets/Editor/PreviewEnvironments.cs Line: 444)

[GloomhavenVR][EnvPreview] wrote /tmp/claude-1000/-home-claw-gloomhaven-vr/e3713fea-50d1-40b9-9862-dd2fbd9817f7/scratchpad/prev2/env_swamp_ShaftYaw180.png
UnityEngine.StackTraceUtility:ExtractStackTrace () (at /home/bokken/buildslave/unity/build/Runtime/Export/Scripting/StackTrace.cs:37)
UnityEngine.DebugLogHandler:LogFormat (UnityEngine.LogType,UnityEngine.Object,string,object[])
UnityEngine.Logger:Log (UnityEngine.LogType,object)
UnityEngine.Debug:Log (object)
GloomhavenVR.EnvironmentsPreview:<Render>g__Shoot|15_1 (string,UnityEngine.Vector3,UnityEngine.Vector3,bool,single,string,GloomhavenVR.EnvironmentsPreview/<>c__DisplayClass15_0&,GloomhavenVR.EnvironmentsPreview/<>c__DisplayClass15_1&,GloomhavenVR.EnvironmentsPreview/<>c__DisplayClass15_2&) (at Assets/Editor/PreviewEnvironments.cs:444)
GloomhavenVR.EnvironmentsPreview:Render () (at Assets/Editor/PreviewEnvironments.cs:460)
GloomhavenVR.EnvironmentsPreview:RenderAll () (at Assets/Editor/PreviewEnvironments.cs:334)

(Filename: Assets/Editor/PreviewEnvironments.cs Line: 444)

[GloomhavenVR][EnvPreview] wrote /tmp/claude-1000/-home-claw-gloomhaven-vr/e3713fea-50d1-40b9-9862-dd2fbd9817f7/scratchpad/prev2/env_swamp_ShaftYaw270.png
UnityEngine.StackTraceUtility:ExtractStackTrace () (at /home/bokken/buildslave/unity/build/Runtime/Export/Scripting/StackTrace.cs:37)
UnityEngine.DebugLogHandler:LogFormat (UnityEngine.LogType,UnityEngine.Object,string,object[])
UnityEngine.Logger:Log (UnityEngine.LogType,object)
UnityEngine.Debug:Log (object)
GloomhavenVR.EnvironmentsPreview:<Render>g__Shoot|15_1 (string,UnityEngine.Vector3,UnityEngine.Vector3,bool,single,string,GloomhavenVR.EnvironmentsPreview/<>c__DisplayClass15_0&,GloomhavenVR.EnvironmentsPreview/<>c__DisplayClass15_1&,GloomhavenVR.EnvironmentsPreview/<>c__DisplayClass15_2&) (at Assets/Editor/PreviewEnvironments.cs:444)
GloomhavenVR.EnvironmentsPreview:Render () (at Assets/Editor/PreviewEnvironments.cs:460)
GloomhavenVR.EnvironmentsPreview:RenderAll () (at Assets/Editor/PreviewEnvironments.cs:334)

(Filename: Assets/Editor/PreviewEnvironments.cs Line: 444)

[GloomhavenVR][EnvPreview] wrote /tmp/claude-1000/-home-claw-gloomhaven-vr/e3713fea-50d1-40b9-9862-dd2fbd9817f7/scratchpad/prev2/env_swamp_ShaftPlan.png
UnityEngine.StackTraceUtility:ExtractStackTrace () (at /home/bokken/buildslave/unity/build/Runtime/Export/Scripting/StackTrace.cs:37)
UnityEngine.DebugLogHandler:LogFormat (UnityEngine.LogType,UnityEngine.Object,string,object[])
UnityEngine.Logger:Log (UnityEngine.LogType,object)
UnityEngine.Debug:Log (object)
GloomhavenVR.EnvironmentsPreview:<Render>g__Shoot|15_1 (string,UnityEngine.Vector3,UnityEngine.Vector3,bool,single,string,GloomhavenVR.EnvironmentsPreview/<>c__DisplayClass15_0&,GloomhavenVR.EnvironmentsPreview/<>c__DisplayClass15_1&,GloomhavenVR.EnvironmentsPreview/<>c__DisplayClass15_2&) (at Assets/Editor/PreviewEnvironments.cs:444)
GloomhavenVR.EnvironmentsPreview:Render () (at Assets/Editor/PreviewEnvironments.cs:460)
GloomhavenVR.EnvironmentsPreview:RenderAll () (at Assets/Editor/PreviewEnvironments.cs:334)

(Filename: Assets/Editor/PreviewEnvironments.cs Line: 444)

[GloomhavenVR][EnvPreview] wrote /tmp/claude-1000/-home-claw-gloomhaven-vr/e3713fea-50d1-40b9-9862-dd2fbd9817f7/scratchpad/prev2/env_swamp_ShaftTop.png
UnityEngine.StackTraceUtility:ExtractStackTrace () (at /home/bokken/buildslave/unity/build/Runtime/Export/Scripting/StackTrace.cs:37)
UnityEngine.DebugLogHandler:LogFormat (UnityEngine.LogType,UnityEngine.Object,string,object[])
UnityEngine.Logger:Log (UnityEngine.LogType,object)
UnityEngine.Debug:Log (object)
GloomhavenVR.EnvironmentsPreview:<Render>g__Shoot|15_1 (string,UnityEngine.Vector3,UnityEngine.Vector3,bool,single,string,GloomhavenVR.EnvironmentsPreview/<>c__DisplayClass15_0&,GloomhavenVR.EnvironmentsPreview/<>c__DisplayClass15_1&,GloomhavenVR.EnvironmentsPreview/<>c__DisplayClass15_2&) (at Assets/Editor/PreviewEnvironments.cs:444)
GloomhavenVR.EnvironmentsPreview:Render () (at Assets/Editor/PreviewEnvironments.cs:460)
GloomhavenVR.EnvironmentsPreview:RenderAll () (at Assets/Editor/PreviewEnvironments.cs:334)

(Filename: Assets/Editor/PreviewEnvironments.cs Line: 444)

[GloomhavenVR][EnvPreview] wrote /tmp/claude-1000/-home-claw-gloomhaven-vr/e3713fea-50d1-40b9-9862-dd2fbd9817f7/scratchpad/prev2/env_swamp_ShaftUnder.png
UnityEngine.StackTraceUtility:ExtractStackTrace () (at /home/bokken/buildslave/unity/build/Runtime/Export/Scripting/StackTrace.cs:37)
UnityEngine.DebugLogHandler:LogFormat (UnityEngine.LogType,UnityEngine.Object,string,object[])
UnityEngine.Logger:Log (UnityEngine.LogType,object)
UnityEngine.Debug:Log (object)
GloomhavenVR.EnvironmentsPreview:<Render>g__Shoot|15_1 (string,UnityEngine.Vector3,UnityEngine.Vector3,bool,single,string,GloomhavenVR.EnvironmentsPreview/<>c__DisplayClass15_0&,GloomhavenVR.EnvironmentsPreview/<>c__DisplayClass15_1&,GloomhavenVR.EnvironmentsPreview/<>c__DisplayClass15_2&) (at Assets/Editor/PreviewEnvironments.cs:444)
GloomhavenVR.EnvironmentsPreview:Render () (at Assets/Editor/PreviewEnvironments.cs:460)
GloomhavenVR.EnvironmentsPreview:RenderAll () (at Assets/Editor/PreviewEnvironments.cs:334)

(Filename: Assets/Editor/PreviewEnvironments.cs Line: 444)

[GloomhavenVR][EnvPreview] wrote /tmp/claude-1000/-home-claw-gloomhaven-vr/e3713fea-50d1-40b9-9862-dd2fbd9817f7/scratchpad/prev2/env_swamp_HauntFace_p25.png
UnityEngine.StackTraceUtility:ExtractStackTrace () (at /home/bokken/buildslave/unity/build/Runtime/Export/Scripting/StackTrace.cs:37)
UnityEngine.DebugLogHandler:LogFormat (UnityEngine.LogType,UnityEngine.Object,string,object[])
UnityEngine.Logger:Log (UnityEngine.LogType,object)
UnityEngine.Debug:Log (object)
GloomhavenVR.EnvironmentsPreview:<Render>g__Shoot|15_1 (string,UnityEngine.Vector3,UnityEngine.Vector3,bool,single,string,GloomhavenVR.EnvironmentsPreview/<>c__DisplayClass15_0&,GloomhavenVR.EnvironmentsPreview/<>c__DisplayClass15_1&,GloomhavenVR.EnvironmentsPreview/<>c__DisplayClass15_2&) (at Assets/Editor/PreviewEnvironments.cs:444)
GloomhavenVR.EnvironmentsPreview:Render () (at Assets/Editor/PreviewEnvironments.cs:506)
GloomhavenVR.EnvironmentsPreview:RenderAll () (at Assets/Editor/PreviewEnvironments.cs:334)

(Filename: Assets/Editor/PreviewEnvironments.cs Line: 444)

[GloomhavenVR][EnvPreview] wrote /tmp/claude-1000/-home-claw-gloomhaven-vr/e3713fea-50d1-40b9-9862-dd2fbd9817f7/scratchpad/prev2/env_swamp_HauntFace_p55.png
UnityEngine.StackTraceUtility:ExtractStackTrace () (at /home/bokken/buildslave/unity/build/Runtime/Export/Scripting/StackTrace.cs:37)
UnityEngine.DebugLogHandler:LogFormat (UnityEngine.LogType,UnityEngine.Object,string,object[])
UnityEngine.Logger:Log (UnityEngine.LogType,object)
UnityEngine.Debug:Log (object)
GloomhavenVR.EnvironmentsPreview:<Render>g__Shoot|15_1 (string,UnityEngine.Vector3,UnityEngine.Vector3,bool,single,string,GloomhavenVR.EnvironmentsPreview/<>c__DisplayClass15_0&,GloomhavenVR.EnvironmentsPreview/<>c__DisplayClass15_1&,GloomhavenVR.EnvironmentsPreview/<>c__DisplayClass15_2&) (at Assets/Editor/PreviewEnvironments.cs:444)
GloomhavenVR.EnvironmentsPreview:Render () (at Assets/Editor/PreviewEnvironments.cs:506)
GloomhavenVR.EnvironmentsPreview:RenderAll () (at Assets/Editor/PreviewEnvironments.cs:334)

(Filename: Assets/Editor/PreviewEnvironments.cs Line: 444)

[GloomhavenVR][EnvPreview] wrote /tmp/claude-1000/-home-claw-gloomhaven-vr/e3713fea-50d1-40b9-9862-dd2fbd9817f7/scratchpad/prev2/env_swamp_HauntFace_p88.png
UnityEngine.StackTraceUtility:ExtractStackTrace () (at /home/bokken/buildslave/unity/build/Runtime/Export/Scripting/StackTrace.cs:37)
UnityEngine.DebugLogHandler:LogFormat (UnityEngine.LogType,UnityEngine.Object,string,object[])
UnityEngine.Logger:Log (UnityEngine.LogType,object)
UnityEngine.Debug:Log (object)
GloomhavenVR.EnvironmentsPreview:<Render>g__Shoot|15_1 (string,UnityEngine.Vector3,UnityEngine.Vector3,bool,single,string,GloomhavenVR.EnvironmentsPreview/<>c__DisplayClass15_0&,GloomhavenVR.EnvironmentsPreview/<>c__DisplayClass15_1&,GloomhavenVR.EnvironmentsPreview/<>c__DisplayClass15_2&) (at Assets/Editor/PreviewEnvironments.cs:444)
GloomhavenVR.EnvironmentsPreview:Render () (at Assets/Editor/PreviewEnvironments.cs:506)
GloomhavenVR.EnvironmentsPreview:RenderAll () (at Assets/Editor/PreviewEnvironments.cs:334)

(Filename: Assets/Editor/PreviewEnvironments.cs Line: 444)

[GloomhavenVR][EnvPreview] wrote /tmp/claude-1000/-home-claw-gloomhaven-vr/e3713fea-50d1-40b9-9862-dd2fbd9817f7/scratchpad/prev2/env_swamp_HauntEyes_p25.png
UnityEngine.StackTraceUtility:ExtractStackTrace () (at /home/bokken/buildslave/unity/build/Runtime/Export/Scripting/StackTrace.cs:37)
UnityEngine.DebugLogHandler:LogFormat (UnityEngine.LogType,UnityEngine.Object,string,object[])
UnityEngine.Logger:Log (UnityEngine.LogType,object)
UnityEngine.Debug:Log (object)
GloomhavenVR.EnvironmentsPreview:<Render>g__Shoot|15_1 (string,UnityEngine.Vector3,UnityEngine.Vector3,bool,single,string,GloomhavenVR.EnvironmentsPreview/<>c__DisplayClass15_0&,GloomhavenVR.EnvironmentsPreview/<>c__DisplayClass15_1&,GloomhavenVR.EnvironmentsPreview/<>c__DisplayClass15_2&) (at Assets/Editor/PreviewEnvironments.cs:444)
GloomhavenVR.EnvironmentsPreview:Render () (at Assets/Editor/PreviewEnvironments.cs:506)
GloomhavenVR.EnvironmentsPreview:RenderAll () (at Assets/Editor/PreviewEnvironments.cs:334)

(Filename: Assets/Editor/PreviewEnvironments.cs Line: 444)

[GloomhavenVR][EnvPreview] wrote /tmp/claude-1000/-home-claw-gloomhaven-vr/e3713fea-50d1-40b9-9862-dd2fbd9817f7/scratchpad/prev2/env_swamp_HauntEyes_p55.png
UnityEngine.StackTraceUtility:ExtractStackTrace () (at /home/bokken/buildslave/unity/build/Runtime/Export/Scripting/StackTrace.cs:37)
UnityEngine.DebugLogHandler:LogFormat (UnityEngine.LogType,UnityEngine.Object,string,object[])
UnityEngine.Logger:Log (UnityEngine.LogType,object)
UnityEngine.Debug:Log (object)
GloomhavenVR.EnvironmentsPreview:<Render>g__Shoot|15_1 (string,UnityEngine.Vector3,UnityEngine.Vector3,bool,single,string,GloomhavenVR.EnvironmentsPreview/<>c__DisplayClass15_0&,GloomhavenVR.EnvironmentsPreview/<>c__DisplayClass15_1&,GloomhavenVR.EnvironmentsPreview/<>c__DisplayClass15_2&) (at Assets/Editor/PreviewEnvironments.cs:444)
GloomhavenVR.EnvironmentsPreview:Render () (at Assets/Editor/PreviewEnvironments.cs:506)
GloomhavenVR.EnvironmentsPreview:RenderAll () (at Assets/Editor/PreviewEnvironments.cs:334)

(Filename: Assets/Editor/PreviewEnvironments.cs Line: 444)

[GloomhavenVR][EnvPreview] wrote /tmp/claude-1000/-home-claw-gloomhaven-vr/e3713fea-50d1-40b9-9862-dd2fbd9817f7/scratchpad/prev2/env_swamp_HauntEyes_p88.png
UnityEngine.StackTraceUtility:ExtractStackTrace () (at /home/bokken/buildslave/unity/build/Runtime/Export/Scripting/StackTrace.cs:37)
UnityEngine.DebugLogHandler:LogFormat (UnityEngine.LogType,UnityEngine.Object,string,object[])
UnityEngine.Logger:Log (UnityEngine.LogType,object)
UnityEngine.Debug:Log (object)
GloomhavenVR.EnvironmentsPreview:<Render>g__Shoot|15_1 (string,UnityEngine.Vector3,UnityEngine.Vector3,bool,single,string,GloomhavenVR.EnvironmentsPreview/<>c__DisplayClass15_0&,GloomhavenVR.EnvironmentsPreview/<>c__DisplayClass15_1&,GloomhavenVR.EnvironmentsPreview/<>c__DisplayClass15_2&) (at Assets/Editor/PreviewEnvironments.cs:444)
GloomhavenVR.EnvironmentsPreview:Render () (at Assets/Editor/PreviewEnvironments.cs:506)
GloomhavenVR.EnvironmentsPreview:RenderAll () (at Assets/Editor/PreviewEnvironments.cs:334)

(Filename: Assets/Editor/PreviewEnvironments.cs Line: 444)

[GloomhavenVR][EnvPreview] wrote /tmp/claude-1000/-home-claw-gloomhaven-vr/e3713fea-50d1-40b9-9862-dd2fbd9817f7/scratchpad/prev2/env_swamp_HauntWatcher_p25.png
UnityEngine.StackTraceUtility:ExtractStackTrace () (at /home/bokken/buildslave/unity/build/Runtime/Export/Scripting/StackTrace.cs:37)
UnityEngine.DebugLogHandler:LogFormat (UnityEngine.LogType,UnityEngine.Object,string,object[])
UnityEngine.Logger:Log (UnityEngine.LogType,object)
UnityEngine.Debug:Log (object)
GloomhavenVR.EnvironmentsPreview:<Render>g__Shoot|15_1 (string,UnityEngine.Vector3,UnityEngine.Vector3,bool,single,string,GloomhavenVR.EnvironmentsPreview/<>c__DisplayClass15_0&,GloomhavenVR.EnvironmentsPreview/<>c__DisplayClass15_1&,GloomhavenVR.EnvironmentsPreview/<>c__DisplayClass15_2&) (at Assets/Editor/PreviewEnvironments.cs:444)
GloomhavenVR.EnvironmentsPreview:Render () (at Assets/Editor/PreviewEnvironments.cs:506)
GloomhavenVR.EnvironmentsPreview:RenderAll () (at Assets/Editor/PreviewEnvironments.cs:334)

(Filename: Assets/Editor/PreviewEnvironments.cs Line: 444)

[GloomhavenVR][EnvPreview] wrote /tmp/claude-1000/-home-claw-gloomhaven-vr/e3713fea-50d1-40b9-9862-dd2fbd9817f7/scratchpad/prev2/env_swamp_HauntWatcher_p55.png
UnityEngine.StackTraceUtility:ExtractStackTrace () (at /home/bokken/buildslave/unity/build/Runtime/Export/Scripting/StackTrace.cs:37)
UnityEngine.DebugLogHandler:LogFormat (UnityEngine.LogType,UnityEngine.Object,string,object[])
UnityEngine.Logger:Log (UnityEngine.LogType,object)
UnityEngine.Debug:Log (object)
GloomhavenVR.EnvironmentsPreview:<Render>g__Shoot|15_1 (string,UnityEngine.Vector3,UnityEngine.Vector3,bool,single,string,GloomhavenVR.EnvironmentsPreview/<>c__DisplayClass15_0&,GloomhavenVR.EnvironmentsPreview/<>c__DisplayClass15_1&,GloomhavenVR.EnvironmentsPreview/<>c__DisplayClass15_2&) (at Assets/Editor/PreviewEnvironments.cs:444)
GloomhavenVR.EnvironmentsPreview:Render () (at Assets/Editor/PreviewEnvironments.cs:506)
GloomhavenVR.EnvironmentsPreview:RenderAll () (at Assets/Editor/PreviewEnvironments.cs:334)

(Filename: Assets/Editor/PreviewEnvironments.cs Line: 444)

[GloomhavenVR][EnvPreview] wrote /tmp/claude-1000/-home-claw-gloomhaven-vr/e3713fea-50d1-40b9-9862-dd2fbd9817f7/scratchpad/prev2/env_swamp_HauntWatcher_p88.png
UnityEngine.StackTraceUtility:ExtractStackTrace () (at /home/bokken/buildslave/unity/build/Runtime/Export/Scripting/StackTrace.cs:37)
UnityEngine.DebugLogHandler:LogFormat (UnityEngine.LogType,UnityEngine.Object,string,object[])
UnityEngine.Logger:Log (UnityEngine.LogType,object)
UnityEngine.Debug:Log (object)
GloomhavenVR.EnvironmentsPreview:<Render>g__Shoot|15_1 (string,UnityEngine.Vector3,UnityEngine.Vector3,bool,single,string,GloomhavenVR.EnvironmentsPreview/<>c__DisplayClass15_0&,GloomhavenVR.EnvironmentsPreview/<>c__DisplayClass15_1&,GloomhavenVR.EnvironmentsPreview/<>c__DisplayClass15_2&) (at Assets/Editor/PreviewEnvironments.cs:444)
GloomhavenVR.EnvironmentsPreview:Render () (at Assets/Editor/PreviewEnvironments.cs:506)
GloomhavenVR.EnvironmentsPreview:RenderAll () (at Assets/Editor/PreviewEnvironments.cs:334)

(Filename: Assets/Editor/PreviewEnvironments.cs Line: 444)

[GloomhavenVR][EnvPreview] wrote /tmp/claude-1000/-home-claw-gloomhaven-vr/e3713fea-50d1-40b9-9862-dd2fbd9817f7/scratchpad/prev2/env_swamp_HauntWatcher_light.png
UnityEngine.StackTraceUtility:ExtractStackTrace () (at /home/bokken/buildslave/unity/build/Runtime/Export/Scripting/StackTrace.cs:37)
UnityEngine.DebugLogHandler:LogFormat (UnityEngine.LogType,UnityEngine.Object,string,object[])
UnityEngine.Logger:Log (UnityEngine.LogType,object)
UnityEngine.Debug:Log (object)
GloomhavenVR.EnvironmentsPreview:<Render>g__Shoot|15_1 (string,UnityEngine.Vector3,UnityEngine.Vector3,bool,single,string,GloomhavenVR.EnvironmentsPreview/<>c__DisplayClass15_0&,GloomhavenVR.EnvironmentsPreview/<>c__DisplayClass15_1&,GloomhavenVR.EnvironmentsPreview/<>c__DisplayClass15_2&) (at Assets/Editor/PreviewEnvironments.cs:444)
GloomhavenVR.EnvironmentsPreview:Render () (at Assets/Editor/PreviewEnvironments.cs:522)
GloomhavenVR.EnvironmentsPreview:RenderAll () (at Assets/Editor/PreviewEnvironments.cs:334)

(Filename: Assets/Editor/PreviewEnvironments.cs Line: 444)

[GloomhavenVR][EnvPreview] wrote /tmp/claude-1000/-home-claw-gloomhaven-vr/e3713fea-50d1-40b9-9862-dd2fbd9817f7/scratchpad/prev2/env_swamp_HauntWatcher_dark.png
UnityEngine.StackTraceUtility:ExtractStackTrace () (at /home/bokken/buildslave/unity/build/Runtime/Export/Scripting/StackTrace.cs:37)
UnityEngine.DebugLogHandler:LogFormat (UnityEngine.LogType,UnityEngine.Object,string,object[])
UnityEngine.Logger:Log (UnityEngine.LogType,object)
UnityEngine.Debug:Log (object)
GloomhavenVR.EnvironmentsPreview:<Render>g__Shoot|15_1 (string,UnityEngine.Vector3,UnityEngine.Vector3,bool,single,string,GloomhavenVR.EnvironmentsPreview/<>c__DisplayClass15_0&,GloomhavenVR.EnvironmentsPreview/<>c__DisplayClass15_1&,GloomhavenVR.EnvironmentsPreview/<>c__DisplayClass15_2&) (at Assets/Editor/PreviewEnvironments.cs:444)
GloomhavenVR.EnvironmentsPreview:Render () (at Assets/Editor/PreviewEnvironments.cs:522)
GloomhavenVR.EnvironmentsPreview:RenderAll () (at Assets/Editor/PreviewEnvironments.cs:334)

(Filename: Assets/Editor/PreviewEnvironments.cs Line: 444)

[GloomhavenVR][EnvPreview] wrote /tmp/claude-1000/-home-claw-gloomhaven-vr/e3713fea-50d1-40b9-9862-dd2fbd9817f7/scratchpad/prev2/env_swamp_HauntWatcher_fire.png
UnityEngine.StackTraceUtility:ExtractStackTrace () (at /home/bokken/buildslave/unity/build/Runtime/Export/Scripting/StackTrace.cs:37)
UnityEngine.DebugLogHandler:LogFormat (UnityEngine.LogType,UnityEngine.Object,string,object[])
UnityEngine.Logger:Log (UnityEngine.LogType,object)
UnityEngine.Debug:Log (object)
GloomhavenVR.EnvironmentsPreview:<Render>g__Shoot|15_1 (string,UnityEngine.Vector3,UnityEngine.Vector3,bool,single,string,GloomhavenVR.EnvironmentsPreview/<>c__DisplayClass15_0&,GloomhavenVR.EnvironmentsPreview/<>c__DisplayClass15_1&,GloomhavenVR.EnvironmentsPreview/<>c__DisplayClass15_2&) (at Assets/Editor/PreviewEnvironments.cs:444)
GloomhavenVR.EnvironmentsPreview:Render () (at Assets/Editor/PreviewEnvironments.cs:522)
GloomhavenVR.EnvironmentsPreview:RenderAll () (at Assets/Editor/PreviewEnvironments.cs:334)

(Filename: Assets/Editor/PreviewEnvironments.cs Line: 444)

[GloomhavenVR][EnvPreview] wrote /tmp/claude-1000/-home-claw-gloomhaven-vr/e3713fea-50d1-40b9-9862-dd2fbd9817f7/scratchpad/prev2/env_swamp_HauntWatcher_earth.png
UnityEngine.StackTraceUtility:ExtractStackTrace () (at /home/bokken/buildslave/unity/build/Runtime/Export/Scripting/StackTrace.cs:37)
UnityEngine.DebugLogHandler:LogFormat (UnityEngine.LogType,UnityEngine.Object,string,object[])
UnityEngine.Logger:Log (UnityEngine.LogType,object)
UnityEngine.Debug:Log (object)
GloomhavenVR.EnvironmentsPreview:<Render>g__Shoot|15_1 (string,UnityEngine.Vector3,UnityEngine.Vector3,bool,single,string,GloomhavenVR.EnvironmentsPreview/<>c__DisplayClass15_0&,GloomhavenVR.EnvironmentsPreview/<>c__DisplayClass15_1&,GloomhavenVR.EnvironmentsPreview/<>c__DisplayClass15_2&) (at Assets/Editor/PreviewEnvironments.cs:444)
GloomhavenVR.EnvironmentsPreview:Render () (at Assets/Editor/PreviewEnvironments.cs:522)
GloomhavenVR.EnvironmentsPreview:RenderAll () (at Assets/Editor/PreviewEnvironments.cs:334)

(Filename: Assets/Editor/PreviewEnvironments.cs Line: 444)

[GloomhavenVR][EnvPreview] wrote /tmp/claude-1000/-home-claw-gloomhaven-vr/e3713fea-50d1-40b9-9862-dd2fbd9817f7/scratchpad/prev2/env_swamp_HauntCross_p25.png
UnityEngine.StackTraceUtility:ExtractStackTrace () (at /home/bokken/buildslave/unity/build/Runtime/Export/Scripting/StackTrace.cs:37)
UnityEngine.DebugLogHandler:LogFormat (UnityEngine.LogType,UnityEngine.Object,string,object[])
UnityEngine.Logger:Log (UnityEngine.LogType,object)
UnityEngine.Debug:Log (object)
GloomhavenVR.EnvironmentsPreview:<Render>g__Shoot|15_1 (string,UnityEngine.Vector3,UnityEngine.Vector3,bool,single,string,GloomhavenVR.EnvironmentsPreview/<>c__DisplayClass15_0&,GloomhavenVR.EnvironmentsPreview/<>c__DisplayClass15_1&,GloomhavenVR.EnvironmentsPreview/<>c__DisplayClass15_2&) (at Assets/Editor/PreviewEnvironments.cs:444)
GloomhavenVR.EnvironmentsPreview:Render () (at Assets/Editor/PreviewEnvironments.cs:506)
GloomhavenVR.EnvironmentsPreview:RenderAll () (at Assets/Editor/PreviewEnvironments.cs:334)

(Filename: Assets/Editor/PreviewEnvironments.cs Line: 444)

[GloomhavenVR][EnvPreview] wrote /tmp/claude-1000/-home-claw-gloomhaven-vr/e3713fea-50d1-40b9-9862-dd2fbd9817f7/scratchpad/prev2/env_swamp_HauntCross_p55.png
UnityEngine.StackTraceUtility:ExtractStackTrace () (at /home/bokken/buildslave/unity/build/Runtime/Export/Scripting/StackTrace.cs:37)
UnityEngine.DebugLogHandler:LogFormat (UnityEngine.LogType,UnityEngine.Object,string,object[])
UnityEngine.Logger:Log (UnityEngine.LogType,object)
UnityEngine.Debug:Log (object)
GloomhavenVR.EnvironmentsPreview:<Render>g__Shoot|15_1 (string,UnityEngine.Vector3,UnityEngine.Vector3,bool,single,string,GloomhavenVR.EnvironmentsPreview/<>c__DisplayClass15_0&,GloomhavenVR.EnvironmentsPreview/<>c__DisplayClass15_1&,GloomhavenVR.EnvironmentsPreview/<>c__DisplayClass15_2&) (at Assets/Editor/PreviewEnvironments.cs:444)
GloomhavenVR.EnvironmentsPreview:Render () (at Assets/Editor/PreviewEnvironments.cs:506)
GloomhavenVR.EnvironmentsPreview:RenderAll () (at Assets/Editor/PreviewEnvironments.cs:334)

(Filename: Assets/Editor/PreviewEnvironments.cs Line: 444)

[GloomhavenVR][EnvPreview] wrote /tmp/claude-1000/-home-claw-gloomhaven-vr/e3713fea-50d1-40b9-9862-dd2fbd9817f7/scratchpad/prev2/env_swamp_HauntCross_p88.png
UnityEngine.StackTraceUtility:ExtractStackTrace () (at /home/bokken/buildslave/unity/build/Runtime/Export/Scripting/StackTrace.cs:37)
UnityEngine.DebugLogHandler:LogFormat (UnityEngine.LogType,UnityEngine.Object,string,object[])
UnityEngine.Logger:Log (UnityEngine.LogType,object)
UnityEngine.Debug:Log (object)
GloomhavenVR.EnvironmentsPreview:<Render>g__Shoot|15_1 (string,UnityEngine.Vector3,UnityEngine.Vector3,bool,single,string,GloomhavenVR.EnvironmentsPreview/<>c__DisplayClass15_0&,GloomhavenVR.EnvironmentsPreview/<>c__DisplayClass15_1&,GloomhavenVR.EnvironmentsPreview/<>c__DisplayClass15_2&) (at Assets/Editor/PreviewEnvironments.cs:444)
GloomhavenVR.EnvironmentsPreview:Render () (at Assets/Editor/PreviewEnvironments.cs:506)
GloomhavenVR.EnvironmentsPreview:RenderAll () (at Assets/Editor/PreviewEnvironments.cs:334)

(Filename: Assets/Editor/PreviewEnvironments.cs Line: 444)

[GloomhavenVR][EnvPreview] wrote /tmp/claude-1000/-home-claw-gloomhaven-vr/e3713fea-50d1-40b9-9862-dd2fbd9817f7/scratchpad/prev2/env_swamp_HauntLoom_p25.png
UnityEngine.StackTraceUtility:ExtractStackTrace () (at /home/bokken/buildslave/unity/build/Runtime/Export/Scripting/StackTrace.cs:37)
UnityEngine.DebugLogHandler:LogFormat (UnityEngine.LogType,UnityEngine.Object,string,object[])
UnityEngine.Logger:Log (UnityEngine.LogType,object)
UnityEngine.Debug:Log (object)
GloomhavenVR.EnvironmentsPreview:<Render>g__Shoot|15_1 (string,UnityEngine.Vector3,UnityEngine.Vector3,bool,single,string,GloomhavenVR.EnvironmentsPreview/<>c__DisplayClass15_0&,GloomhavenVR.EnvironmentsPreview/<>c__DisplayClass15_1&,GloomhavenVR.EnvironmentsPreview/<>c__DisplayClass15_2&) (at Assets/Editor/PreviewEnvironments.cs:444)
GloomhavenVR.EnvironmentsPreview:Render () (at Assets/Editor/PreviewEnvironments.cs:506)
GloomhavenVR.EnvironmentsPreview:RenderAll () (at Assets/Editor/PreviewEnvironments.cs:334)

(Filename: Assets/Editor/PreviewEnvironments.cs Line: 444)

[GloomhavenVR][EnvPreview] wrote /tmp/claude-1000/-home-claw-gloomhaven-vr/e3713fea-50d1-40b9-9862-dd2fbd9817f7/scratchpad/prev2/env_swamp_HauntLoom_p55.png
UnityEngine.StackTraceUtility:ExtractStackTrace () (at /home/bokken/buildslave/unity/build/Runtime/Export/Scripting/StackTrace.cs:37)
UnityEngine.DebugLogHandler:LogFormat (UnityEngine.LogType,UnityEngine.Object,string,object[])
UnityEngine.Logger:Log (UnityEngine.LogType,object)
UnityEngine.Debug:Log (object)
GloomhavenVR.EnvironmentsPreview:<Render>g__Shoot|15_1 (string,UnityEngine.Vector3,UnityEngine.Vector3,bool,single,string,GloomhavenVR.EnvironmentsPreview/<>c__DisplayClass15_0&,GloomhavenVR.EnvironmentsPreview/<>c__DisplayClass15_1&,GloomhavenVR.EnvironmentsPreview/<>c__DisplayClass15_2&) (at Assets/Editor/PreviewEnvironments.cs:444)
GloomhavenVR.EnvironmentsPreview:Render () (at Assets/Editor/PreviewEnvironments.cs:506)
GloomhavenVR.EnvironmentsPreview:RenderAll () (at Assets/Editor/PreviewEnvironments.cs:334)

(Filename: Assets/Editor/PreviewEnvironments.cs Line: 444)

[GloomhavenVR][EnvPreview] wrote /tmp/claude-1000/-home-claw-gloomhaven-vr/e3713fea-50d1-40b9-9862-dd2fbd9817f7/scratchpad/prev2/env_swamp_HauntLoom_p88.png
UnityEngine.StackTraceUtility:ExtractStackTrace () (at /home/bokken/buildslave/unity/build/Runtime/Export/Scripting/StackTrace.cs:37)
UnityEngine.DebugLogHandler:LogFormat (UnityEngine.LogType,UnityEngine.Object,string,object[])
UnityEngine.Logger:Log (UnityEngine.LogType,object)
UnityEngine.Debug:Log (object)
GloomhavenVR.EnvironmentsPreview:<Render>g__Shoot|15_1 (string,UnityEngine.Vector3,UnityEngine.Vector3,bool,single,string,GloomhavenVR.EnvironmentsPreview/<>c__DisplayClass15_0&,GloomhavenVR.EnvironmentsPreview/<>c__DisplayClass15_1&,GloomhavenVR.EnvironmentsPreview/<>c__DisplayClass15_2&) (at Assets/Editor/PreviewEnvironments.cs:444)
GloomhavenVR.EnvironmentsPreview:Render () (at Assets/Editor/PreviewEnvironments.cs:506)
GloomhavenVR.EnvironmentsPreview:RenderAll () (at Assets/Editor/PreviewEnvironments.cs:334)

(Filename: Assets/Editor/PreviewEnvironments.cs Line: 444)

[GloomhavenVR][EnvPreview] wrote /tmp/claude-1000/-home-claw-gloomhaven-vr/e3713fea-50d1-40b9-9862-dd2fbd9817f7/scratchpad/prev2/env_swamp_HauntHang_p25.png
UnityEngine.StackTraceUtility:ExtractStackTrace () (at /home/bokken/buildslave/unity/build/Runtime/Export/Scripting/StackTrace.cs:37)
UnityEngine.DebugLogHandler:LogFormat (UnityEngine.LogType,UnityEngine.Object,string,object[])
UnityEngine.Logger:Log (UnityEngine.LogType,object)
UnityEngine.Debug:Log (object)
GloomhavenVR.EnvironmentsPreview:<Render>g__Shoot|15_1 (string,UnityEngine.Vector3,UnityEngine.Vector3,bool,single,string,GloomhavenVR.EnvironmentsPreview/<>c__DisplayClass15_0&,GloomhavenVR.EnvironmentsPreview/<>c__DisplayClass15_1&,GloomhavenVR.EnvironmentsPreview/<>c__DisplayClass15_2&) (at Assets/Editor/PreviewEnvironments.cs:444)
GloomhavenVR.EnvironmentsPreview:Render () (at Assets/Editor/PreviewEnvironments.cs:506)
GloomhavenVR.EnvironmentsPreview:RenderAll () (at Assets/Editor/PreviewEnvironments.cs:334)

(Filename: Assets/Editor/PreviewEnvironments.cs Line: 444)

[GloomhavenVR][EnvPreview] wrote /tmp/claude-1000/-home-claw-gloomhaven-vr/e3713fea-50d1-40b9-9862-dd2fbd9817f7/scratchpad/prev2/env_swamp_HauntHang_p55.png
UnityEngine.StackTraceUtility:ExtractStackTrace () (at /home/bokken/buildslave/unity/build/Runtime/Export/Scripting/StackTrace.cs:37)
UnityEngine.DebugLogHandler:LogFormat (UnityEngine.LogType,UnityEngine.Object,string,object[])
UnityEngine.Logger:Log (UnityEngine.LogType,object)
UnityEngine.Debug:Log (object)
GloomhavenVR.EnvironmentsPreview:<Render>g__Shoot|15_1 (string,UnityEngine.Vector3,UnityEngine.Vector3,bool,single,string,GloomhavenVR.EnvironmentsPreview/<>c__DisplayClass15_0&,GloomhavenVR.EnvironmentsPreview/<>c__DisplayClass15_1&,GloomhavenVR.EnvironmentsPreview/<>c__DisplayClass15_2&) (at Assets/Editor/PreviewEnvironments.cs:444)
GloomhavenVR.EnvironmentsPreview:Render () (at Assets/Editor/PreviewEnvironments.cs:506)
GloomhavenVR.EnvironmentsPreview:RenderAll () (at Assets/Editor/PreviewEnvironments.cs:334)

(Filename: Assets/Editor/PreviewEnvironments.cs Line: 444)

[GloomhavenVR][EnvPreview] wrote /tmp/claude-1000/-home-claw-gloomhaven-vr/e3713fea-50d1-40b9-9862-dd2fbd9817f7/scratchpad/prev2/env_swamp_HauntHang_p88.png
UnityEngine.StackTraceUtility:ExtractStackTrace () (at /home/bokken/buildslave/unity/build/Runtime/Export/Scripting/StackTrace.cs:37)
UnityEngine.DebugLogHandler:LogFormat (UnityEngine.LogType,UnityEngine.Object,string,object[])
UnityEngine.Logger:Log (UnityEngine.LogType,object)
UnityEngine.Debug:Log (object)
GloomhavenVR.EnvironmentsPreview:<Render>g__Shoot|15_1 (string,UnityEngine.Vector3,UnityEngine.Vector3,bool,single,string,GloomhavenVR.EnvironmentsPreview/<>c__DisplayClass15_0&,GloomhavenVR.EnvironmentsPreview/<>c__DisplayClass15_1&,GloomhavenVR.EnvironmentsPreview/<>c__DisplayClass15_2&) (at Assets/Editor/PreviewEnvironments.cs:444)
GloomhavenVR.EnvironmentsPreview:Render () (at Assets/Editor/PreviewEnvironments.cs:506)
GloomhavenVR.EnvironmentsPreview:RenderAll () (at Assets/Editor/PreviewEnvironments.cs:334)

(Filename: Assets/Editor/PreviewEnvironments.cs Line: 444)

[GloomhavenVR][EnvPreview] wrote /tmp/claude-1000/-home-claw-gloomhaven-vr/e3713fea-50d1-40b9-9862-dd2fbd9817f7/scratchpad/prev2/env_swamp_HauntWide_p25.png
UnityEngine.StackTraceUtility:ExtractStackTrace () (at /home/bokken/buildslave/unity/build/Runtime/Export/Scripting/StackTrace.cs:37)
UnityEngine.DebugLogHandler:LogFormat (UnityEngine.LogType,UnityEngine.Object,string,object[])
UnityEngine.Logger:Log (UnityEngine.LogType,object)
UnityEngine.Debug:Log (object)
GloomhavenVR.EnvironmentsPreview:<Render>g__Shoot|15_1 (string,UnityEngine.Vector3,UnityEngine.Vector3,bool,single,string,GloomhavenVR.EnvironmentsPreview/<>c__DisplayClass15_0&,GloomhavenVR.EnvironmentsPreview/<>c__DisplayClass15_1&,GloomhavenVR.EnvironmentsPreview/<>c__DisplayClass15_2&) (at Assets/Editor/PreviewEnvironments.cs:444)
GloomhavenVR.EnvironmentsPreview:Render () (at Assets/Editor/PreviewEnvironments.cs:506)
GloomhavenVR.EnvironmentsPreview:RenderAll () (at Assets/Editor/PreviewEnvironments.cs:334)

(Filename: Assets/Editor/PreviewEnvironments.cs Line: 444)

[GloomhavenVR][EnvPreview] wrote /tmp/claude-1000/-home-claw-gloomhaven-vr/e3713fea-50d1-40b9-9862-dd2fbd9817f7/scratchpad/prev2/env_swamp_HauntWide_p55.png
UnityEngine.StackTraceUtility:ExtractStackTrace () (at /home/bokken/buildslave/unity/build/Runtime/Export/Scripting/StackTrace.cs:37)
UnityEngine.DebugLogHandler:LogFormat (UnityEngine.LogType,UnityEngine.Object,string,object[])
UnityEngine.Logger:Log (UnityEngine.LogType,object)
UnityEngine.Debug:Log (object)
GloomhavenVR.EnvironmentsPreview:<Render>g__Shoot|15_1 (string,UnityEngine.Vector3,UnityEngine.Vector3,bool,single,string,GloomhavenVR.EnvironmentsPreview/<>c__DisplayClass15_0&,GloomhavenVR.EnvironmentsPreview/<>c__DisplayClass15_1&,GloomhavenVR.EnvironmentsPreview/<>c__DisplayClass15_2&) (at Assets/Editor/PreviewEnvironments.cs:444)
GloomhavenVR.EnvironmentsPreview:Render () (at Assets/Editor/PreviewEnvironments.cs:506)
GloomhavenVR.EnvironmentsPreview:RenderAll () (at Assets/Editor/PreviewEnvironments.cs:334)

(Filename: Assets/Editor/PreviewEnvironments.cs Line: 444)

[GloomhavenVR][EnvPreview] wrote /tmp/claude-1000/-home-claw-gloomhaven-vr/e3713fea-50d1-40b9-9862-dd2fbd9817f7/scratchpad/prev2/env_swamp_HauntWide_p88.png
UnityEngine.StackTraceUtility:ExtractStackTrace () (at /home/bokken/buildslave/unity/build/Runtime/Export/Scripting/StackTrace.cs:37)
UnityEngine.DebugLogHandler:LogFormat (UnityEngine.LogType,UnityEngine.Object,string,object[])
UnityEngine.Logger:Log (UnityEngine.LogType,object)
UnityEngine.Debug:Log (object)
GloomhavenVR.EnvironmentsPreview:<Render>g__Shoot|15_1 (string,UnityEngine.Vector3,UnityEngine.Vector3,bool,single,string,GloomhavenVR.EnvironmentsPreview/<>c__DisplayClass15_0&,GloomhavenVR.EnvironmentsPreview/<>c__DisplayClass15_1&,GloomhavenVR.EnvironmentsPreview/<>c__DisplayClass15_2&) (at Assets/Editor/PreviewEnvironments.cs:444)
GloomhavenVR.EnvironmentsPreview:Render () (at Assets/Editor/PreviewEnvironments.cs:506)
GloomhavenVR.EnvironmentsPreview:RenderAll () (at Assets/Editor/PreviewEnvironments.cs:334)

(Filename: Assets/Editor/PreviewEnvironments.cs Line: 444)

[GloomhavenVR][EnvPreview] wrote /tmp/claude-1000/-home-claw-gloomhaven-vr/e3713fea-50d1-40b9-9862-dd2fbd9817f7/scratchpad/prev2/env_swamp_HauntWideL_p25.png
UnityEngine.StackTraceUtility:ExtractStackTrace () (at /home/bokken/buildslave/unity/build/Runtime/Export/Scripting/StackTrace.cs:37)
UnityEngine.DebugLogHandler:LogFormat (UnityEngine.LogType,UnityEngine.Object,string,object[])
UnityEngine.Logger:Log (UnityEngine.LogType,object)
UnityEngine.Debug:Log (object)
GloomhavenVR.EnvironmentsPreview:<Render>g__Shoot|15_1 (string,UnityEngine.Vector3,UnityEngine.Vector3,bool,single,string,GloomhavenVR.EnvironmentsPreview/<>c__DisplayClass15_0&,GloomhavenVR.EnvironmentsPreview/<>c__DisplayClass15_1&,GloomhavenVR.EnvironmentsPreview/<>c__DisplayClass15_2&) (at Assets/Editor/PreviewEnvironments.cs:444)
GloomhavenVR.EnvironmentsPreview:Render () (at Assets/Editor/PreviewEnvironments.cs:506)
GloomhavenVR.EnvironmentsPreview:RenderAll () (at Assets/Editor/PreviewEnvironments.cs:334)

(Filename: Assets/Editor/PreviewEnvironments.cs Line: 444)

[GloomhavenVR][EnvPreview] wrote /tmp/claude-1000/-home-claw-gloomhaven-vr/e3713fea-50d1-40b9-9862-dd2fbd9817f7/scratchpad/prev2/env_swamp_HauntWideL_p55.png
UnityEngine.StackTraceUtility:ExtractStackTrace () (at /home/bokken/buildslave/unity/build/Runtime/Export/Scripting/StackTrace.cs:37)
UnityEngine.DebugLogHandler:LogFormat (UnityEngine.LogType,UnityEngine.Object,string,object[])
UnityEngine.Logger:Log (UnityEngine.LogType,object)
UnityEngine.Debug:Log (object)
GloomhavenVR.EnvironmentsPreview:<Render>g__Shoot|15_1 (string,UnityEngine.Vector3,UnityEngine.Vector3,bool,single,string,GloomhavenVR.EnvironmentsPreview/<>c__DisplayClass15_0&,GloomhavenVR.EnvironmentsPreview/<>c__DisplayClass15_1&,GloomhavenVR.EnvironmentsPreview/<>c__DisplayClass15_2&) (at Assets/Editor/PreviewEnvironments.cs:444)
GloomhavenVR.EnvironmentsPreview:Render () (at Assets/Editor/PreviewEnvironments.cs:506)
GloomhavenVR.EnvironmentsPreview:RenderAll () (at Assets/Editor/PreviewEnvironments.cs:334)

(Filename: Assets/Editor/PreviewEnvironments.cs Line: 444)

[GloomhavenVR][EnvPreview] wrote /tmp/claude-1000/-home-claw-gloomhaven-vr/e3713fea-50d1-40b9-9862-dd2fbd9817f7/scratchpad/prev2/env_swamp_HauntWideL_p88.png
UnityEngine.StackTraceUtility:ExtractStackTrace () (at /home/bokken/buildslave/unity/build/Runtime/Export/Scripting/StackTrace.cs:37)
UnityEngine.DebugLogHandler:LogFormat (UnityEngine.LogType,UnityEngine.Object,string,object[])
UnityEngine.Logger:Log (UnityEngine.LogType,object)
UnityEngine.Debug:Log (object)
GloomhavenVR.EnvironmentsPreview:<Render>g__Shoot|15_1 (string,UnityEngine.Vector3,UnityEngine.Vector3,bool,single,string,GloomhavenVR.EnvironmentsPreview/<>c__DisplayClass15_0&,GloomhavenVR.EnvironmentsPreview/<>c__DisplayClass15_1&,GloomhavenVR.EnvironmentsPreview/<>c__DisplayClass15_2&) (at Assets/Editor/PreviewEnvironments.cs:444)
GloomhavenVR.EnvironmentsPreview:Render () (at Assets/Editor/PreviewEnvironments.cs:506)
GloomhavenVR.EnvironmentsPreview:RenderAll () (at Assets/Editor/PreviewEnvironments.cs:334)

(Filename: Assets/Editor/PreviewEnvironments.cs Line: 444)

[GloomhavenVR][EnvPreview] wrote /tmp/claude-1000/-home-claw-gloomhaven-vr/e3713fea-50d1-40b9-9862-dd2fbd9817f7/scratchpad/prev2/env_swamp_HauntFace_forced.png
UnityEngine.StackTraceUtility:ExtractStackTrace () (at /home/bokken/buildslave/unity/build/Runtime/Export/Scripting/StackTrace.cs:37)
UnityEngine.DebugLogHandler:LogFormat (UnityEngine.LogType,UnityEngine.Object,string,object[])
UnityEngine.Logger:Log (UnityEngine.LogType,object)
UnityEngine.Debug:Log (object)
GloomhavenVR.EnvironmentsPreview:<Render>g__Shoot|15_1 (string,UnityEngine.Vector3,UnityEngine.Vector3,bool,single,string,GloomhavenVR.EnvironmentsPreview/<>c__DisplayClass15_0&,GloomhavenVR.EnvironmentsPreview/<>c__DisplayClass15_1&,GloomhavenVR.EnvironmentsPreview/<>c__DisplayClass15_2&) (at Assets/Editor/PreviewEnvironments.cs:444)
GloomhavenVR.EnvironmentsPreview:Render () (at Assets/Editor/PreviewEnvironments.cs:550)
GloomhavenVR.EnvironmentsPreview:RenderAll () (at Assets/Editor/PreviewEnvironments.cs:334)

(Filename: Assets/Editor/PreviewEnvironments.cs Line: 444)

[GloomhavenVR][EnvPreview] wrote /tmp/claude-1000/-home-claw-gloomhaven-vr/e3713fea-50d1-40b9-9862-dd2fbd9817f7/scratchpad/prev2/env_swamp_HauntEyes_forced.png
UnityEngine.StackTraceUtility:ExtractStackTrace () (at /home/bokken/buildslave/unity/build/Runtime/Export/Scripting/StackTrace.cs:37)
UnityEngine.DebugLogHandler:LogFormat (UnityEngine.LogType,UnityEngine.Object,string,object[])
UnityEngine.Logger:Log (UnityEngine.LogType,object)
UnityEngine.Debug:Log (object)
GloomhavenVR.EnvironmentsPreview:<Render>g__Shoot|15_1 (string,UnityEngine.Vector3,UnityEngine.Vector3,bool,single,string,GloomhavenVR.EnvironmentsPreview/<>c__DisplayClass15_0&,GloomhavenVR.EnvironmentsPreview/<>c__DisplayClass15_1&,GloomhavenVR.EnvironmentsPreview/<>c__DisplayClass15_2&) (at Assets/Editor/PreviewEnvironments.cs:444)
GloomhavenVR.EnvironmentsPreview:Render () (at Assets/Editor/PreviewEnvironments.cs:550)
GloomhavenVR.EnvironmentsPreview:RenderAll () (at Assets/Editor/PreviewEnvironments.cs:334)

(Filename: Assets/Editor/PreviewEnvironments.cs Line: 444)

[GloomhavenVR][EnvPreview] wrote /tmp/claude-1000/-home-claw-gloomhaven-vr/e3713fea-50d1-40b9-9862-dd2fbd9817f7/scratchpad/prev2/env_swamp_HauntWatcher_forced.png
UnityEngine.StackTraceUtility:ExtractStackTrace () (at /home/bokken/buildslave/unity/build/Runtime/Export/Scripting/StackTrace.cs:37)
UnityEngine.DebugLogHandler:LogFormat (UnityEngine.LogType,UnityEngine.Object,string,object[])
UnityEngine.Logger:Log (UnityEngine.LogType,object)
UnityEngine.Debug:Log (object)
GloomhavenVR.EnvironmentsPreview:<Render>g__Shoot|15_1 (string,UnityEngine.Vector3,UnityEngine.Vector3,bool,single,string,GloomhavenVR.EnvironmentsPreview/<>c__DisplayClass15_0&,GloomhavenVR.EnvironmentsPreview/<>c__DisplayClass15_1&,GloomhavenVR.EnvironmentsPreview/<>c__DisplayClass15_2&) (at Assets/Editor/PreviewEnvironments.cs:444)
GloomhavenVR.EnvironmentsPreview:Render () (at Assets/Editor/PreviewEnvironments.cs:550)
GloomhavenVR.EnvironmentsPreview:RenderAll () (at Assets/Editor/PreviewEnvironments.cs:334)

(Filename: Assets/Editor/PreviewEnvironments.cs Line: 444)

[GloomhavenVR][EnvPreview] wrote /tmp/claude-1000/-home-claw-gloomhaven-vr/e3713fea-50d1-40b9-9862-dd2fbd9817f7/scratchpad/prev2/env_swamp_HauntCross_forced.png
UnityEngine.StackTraceUtility:ExtractStackTrace () (at /home/bokken/buildslave/unity/build/Runtime/Export/Scripting/StackTrace.cs:37)
UnityEngine.DebugLogHandler:LogFormat (UnityEngine.LogType,UnityEngine.Object,string,object[])
UnityEngine.Logger:Log (UnityEngine.LogType,object)
UnityEngine.Debug:Log (object)
GloomhavenVR.EnvironmentsPreview:<Render>g__Shoot|15_1 (string,UnityEngine.Vector3,UnityEngine.Vector3,bool,single,string,GloomhavenVR.EnvironmentsPreview/<>c__DisplayClass15_0&,GloomhavenVR.EnvironmentsPreview/<>c__DisplayClass15_1&,GloomhavenVR.EnvironmentsPreview/<>c__DisplayClass15_2&) (at Assets/Editor/PreviewEnvironments.cs:444)
GloomhavenVR.EnvironmentsPreview:Render () (at Assets/Editor/PreviewEnvironments.cs:550)
GloomhavenVR.EnvironmentsPreview:RenderAll () (at Assets/Editor/PreviewEnvironments.cs:334)

(Filename: Assets/Editor/PreviewEnvironments.cs Line: 444)

[GloomhavenVR][EnvPreview] wrote /tmp/claude-1000/-home-claw-gloomhaven-vr/e3713fea-50d1-40b9-9862-dd2fbd9817f7/scratchpad/prev2/env_swamp_HauntLoom_forced.png
UnityEngine.StackTraceUtility:ExtractStackTrace () (at /home/bokken/buildslave/unity/build/Runtime/Export/Scripting/StackTrace.cs:37)
UnityEngine.DebugLogHandler:LogFormat (UnityEngine.LogType,UnityEngine.Object,string,object[])
UnityEngine.Logger:Log (UnityEngine.LogType,object)
UnityEngine.Debug:Log (object)
GloomhavenVR.EnvironmentsPreview:<Render>g__Shoot|15_1 (string,UnityEngine.Vector3,UnityEngine.Vector3,bool,single,string,GloomhavenVR.EnvironmentsPreview/<>c__DisplayClass15_0&,GloomhavenVR.EnvironmentsPreview/<>c__DisplayClass15_1&,GloomhavenVR.EnvironmentsPreview/<>c__DisplayClass15_2&) (at Assets/Editor/PreviewEnvironments.cs:444)
GloomhavenVR.EnvironmentsPreview:Render () (at Assets/Editor/PreviewEnvironments.cs:550)
GloomhavenVR.EnvironmentsPreview:RenderAll () (at Assets/Editor/PreviewEnvironments.cs:334)

(Filename: Assets/Editor/PreviewEnvironments.cs Line: 444)

[GloomhavenVR][EnvPreview] wrote /tmp/claude-1000/-home-claw-gloomhaven-vr/e3713fea-50d1-40b9-9862-dd2fbd9817f7/scratchpad/prev2/env_swamp_HauntHang_forced.png
UnityEngine.StackTraceUtility:ExtractStackTrace () (at /home/bokken/buildslave/unity/build/Runtime/Export/Scripting/StackTrace.cs:37)
UnityEngine.DebugLogHandler:LogFormat (UnityEngine.LogType,UnityEngine.Object,string,object[])
UnityEngine.Logger:Log (UnityEngine.LogType,object)
UnityEngine.Debug:Log (object)
GloomhavenVR.EnvironmentsPreview:<Render>g__Shoot|15_1 (string,UnityEngine.Vector3,UnityEngine.Vector3,bool,single,string,GloomhavenVR.EnvironmentsPreview/<>c__DisplayClass15_0&,GloomhavenVR.EnvironmentsPreview/<>c__DisplayClass15_1&,GloomhavenVR.EnvironmentsPreview/<>c__DisplayClass15_2&) (at Assets/Editor/PreviewEnvironments.cs:444)
GloomhavenVR.EnvironmentsPreview:Render () (at Assets/Editor/PreviewEnvironments.cs:550)
GloomhavenVR.EnvironmentsPreview:RenderAll () (at Assets/Editor/PreviewEnvironments.cs:334)

(Filename: Assets/Editor/PreviewEnvironments.cs Line: 444)

[GloomhavenVR][EnvPreview] wrote /tmp/claude-1000/-home-claw-gloomhaven-vr/e3713fea-50d1-40b9-9862-dd2fbd9817f7/scratchpad/prev2/env_swamp_HauntWide_forced.png
UnityEngine.StackTraceUtility:ExtractStackTrace () (at /home/bokken/buildslave/unity/build/Runtime/Export/Scripting/StackTrace.cs:37)
UnityEngine.DebugLogHandler:LogFormat (UnityEngine.LogType,UnityEngine.Object,string,object[])
UnityEngine.Logger:Log (UnityEngine.LogType,object)
UnityEngine.Debug:Log (object)
GloomhavenVR.EnvironmentsPreview:<Render>g__Shoot|15_1 (string,UnityEngine.Vector3,UnityEngine.Vector3,bool,single,string,GloomhavenVR.EnvironmentsPreview/<>c__DisplayClass15_0&,GloomhavenVR.EnvironmentsPreview/<>c__DisplayClass15_1&,GloomhavenVR.EnvironmentsPreview/<>c__DisplayClass15_2&) (at Assets/Editor/PreviewEnvironments.cs:444)
GloomhavenVR.EnvironmentsPreview:Render () (at Assets/Editor/PreviewEnvironments.cs:550)
GloomhavenVR.EnvironmentsPreview:RenderAll () (at Assets/Editor/PreviewEnvironments.cs:334)

(Filename: Assets/Editor/PreviewEnvironments.cs Line: 444)

[GloomhavenVR][EnvPreview] wrote /tmp/claude-1000/-home-claw-gloomhaven-vr/e3713fea-50d1-40b9-9862-dd2fbd9817f7/scratchpad/prev2/env_swamp_HauntWideL_forced.png
UnityEngine.StackTraceUtility:ExtractStackTrace () (at /home/bokken/buildslave/unity/build/Runtime/Export/Scripting/StackTrace.cs:37)
UnityEngine.DebugLogHandler:LogFormat (UnityEngine.LogType,UnityEngine.Object,string,object[])
UnityEngine.Logger:Log (UnityEngine.LogType,object)
UnityEngine.Debug:Log (object)
GloomhavenVR.EnvironmentsPreview:<Render>g__Shoot|15_1 (string,UnityEngine.Vector3,UnityEngine.Vector3,bool,single,string,GloomhavenVR.EnvironmentsPreview/<>c__DisplayClass15_0&,GloomhavenVR.EnvironmentsPreview/<>c__DisplayClass15_1&,GloomhavenVR.EnvironmentsPreview/<>c__DisplayClass15_2&) (at Assets/Editor/PreviewEnvironments.cs:444)
GloomhavenVR.EnvironmentsPreview:Render () (at Assets/Editor/PreviewEnvironments.cs:550)
GloomhavenVR.EnvironmentsPreview:RenderAll () (at Assets/Editor/PreviewEnvironments.cs:334)

(Filename: Assets/Editor/PreviewEnvironments.cs Line: 444)

[GloomhavenVR][EnvPreview] RenderAll OK
UnityEngine.StackTraceUtility:ExtractStackTrace () (at /home/bokken/buildslave/unity/build/Runtime/Export/Scripting/StackTrace.cs:37)
UnityEngine.DebugLogHandler:LogFormat (UnityEngine.LogType,UnityEngine.Object,string,object[])
UnityEngine.Logger:Log (UnityEngine.LogType,object)
UnityEngine.Debug:Log (object)
GloomhavenVR.EnvironmentsPreview:RenderAll () (at Assets/Editor/PreviewEnvironments.cs:335)

(Filename: Assets/Editor/PreviewEnvironments.cs Line: 335)

AcceleratorClientConnectionCallback - disconnected - :0
Cleanup mono
debugger-agent: Unable to listen on 59
[Performance] Application.InitializeProject                                                                                                                :        1 samples, Peak.  2.82 s (1.0x), Avg.  2.82 s, Total. 2.820 s (2.0%)
[Performance] Application.PackageManager.StartServer                                                                                                       :        1 samples, Peak.  1.06 ms (1.0x), Avg.  1.06 ms, Total. 1.061 ms (0.0%)
[Performance] Application.AcquireProjectLock                                                                                                               :        1 samples, Peak.  2.87 ms (1.0x), Avg.  2.87 ms, Total. 2.868 ms (0.0%)
[Performance] Application.InitializeEngineNoGraphics                                                                                                       :        1 samples, Peak.  40.6 ms (1.0x), Avg.  40.6 ms, Total. 40.60 ms (0.0%)
[Performance] Application.PackageManager.Initialize                                                                                                        :        1 samples, Peak.   416 ms (1.0x), Avg.   416 ms, Total. 416.0 ms (0.3%)
[Performance] CurlRequestCheck                                                                                                                             :        9 samples, Peak.  32.4 us (2.7x), Avg.  11.9 us, Total. 107.2 us (0.0%)
[Performance] Application.EngineGraphics.Initialize                                                                                                        :        1 samples, Peak.  34.9 ms (1.0x), Avg.  34.9 ms, Total. 34.92 ms (0.0%)
[Performance] Application.GI.Initialize                                                                                                                    :        1 samples, Peak.  1.91 ms (1.0x), Avg.  1.91 ms, Total. 1.907 ms (0.0%)
[Performance] Application.LoadAllDefaultResourcesFromEditor                                                                                                :        1 samples, Peak.  2.24 ms (1.0x), Avg.  2.24 ms, Total. 2.238 ms (0.0%)
[Performance] Application.LoadMonoAssemblies                                                                                                               :        1 samples, Peak.   493 ms (1.0x), Avg.   493 ms, Total. 493.2 ms (0.3%)
[Performance] RestoreManagedReferences                                                                                                                     :        2 samples, Peak.  29.4 ms (2.0x), Avg.  14.7 ms, Total. 29.38 ms (0.0%)
[Performance] InitializeOnLoad LayerSettingsWindow                                                                                                         :        2 samples, Peak.   169 us (1.1x), Avg.   158 us, Total. 315.7 us (0.0%)
[Performance] InitializeOnLoad ParameterControllerEditor                                                                                                   :        2 samples, Peak.  12.5 us (1.1x), Avg.  11.4 us, Total. 22.82 us (0.0%)
[Performance] InitializeOnLoad ServicesRepository                                                                                                          :        2 samples, Peak.   792 us (1.2x), Avg.   637 us, Total. 1.274 ms (0.0%)
[Performance] InitializeOnLoad CrashService                                                                                                                :        2 samples, Peak.  2.30 ms (1.3x), Avg.  1.80 ms, Total. 3.595 ms (0.0%)
[Performance] InitializeOnLoad UDPService                                                                                                                  :        2 samples, Peak.   224 us (1.0x), Avg.   221 us, Total. 442.1 us (0.0%)
[Performance] InitializeOnLoad CloudBuildPoller                                                                                                            :        2 samples, Peak.   153 us (1.0x), Avg.   146 us, Total. 291.4 us (0.0%)
[Performance] InitializeOnLoad BuildService                                                                                                                :        2 samples, Peak.   189 us (1.0x), Avg.   188 us, Total. 376.1 us (0.0%)
[Performance] InitializeOnLoad PurchasingService                                                                                                           :        2 samples, Peak.  7.08 ms (1.1x), Avg.  6.17 ms, Total. 12.33 ms (0.0%)
[Performance] InitializeOnLoad AdsService                                                                                                                  :        2 samples, Peak.   557 us (1.3x), Avg.   433 us, Total. 866.9 us (0.0%)
[Performance] InitializeOnLoad AnalyticsService                                                                                                            :        2 samples, Peak.   187 us (1.3x), Avg.   140 us, Total. 280.6 us (0.0%)
[Performance] InitializeOnLoad CollabService                                                                                                               :        2 samples, Peak.   195 us (1.4x), Avg.   144 us, Total. 287.1 us (0.0%)
[Performance] InitializeOnLoad UIDocumentHierarchyWatcher                                                                                                  :        2 samples, Peak.   886 us (1.7x), Avg.   508 us, Total. 1.015 ms (0.0%)
[Performance] InitializeOnLoad RetainedMode                                                                                                                :        2 samples, Peak.  2.42 ms (1.3x), Avg.  1.86 ms, Total. 3.727 ms (0.0%)
[Performance] InitializeOnLoad UXMLEditorFactories                                                                                                         :        2 samples, Peak.  59.2 ms (1.2x), Avg.  47.5 ms, Total. 94.96 ms (0.1%)
[Performance] InitializeOnLoad EditorMonitor                                                                                                               :        2 samples, Peak.   252 us (1.3x), Avg.   199 us, Total. 398.9 us (0.0%)
[Performance] InitializeOnLoad EditorShaderLoader                                                                                                          :        2 samples, Peak.  1.08 ms (1.3x), Avg.   854 us, Total. 1.707 ms (0.0%)
[Performance] InitializeOnLoad SearchMonitor                                                                                                               :        2 samples, Peak.  27.8 ms (1.6x), Avg.  17.8 ms, Total. 35.69 ms (0.0%)
[Performance] InitializeOnLoad PlayModeDownload                                                                                                            :        2 samples, Peak.  2.38 ms (1.9x), Avg.  1.26 ms, Total. 2.529 ms (0.0%)
[Performance] InitializeOnLoad SearchWindow                                                                                                                :        2 samples, Peak.  98.1 us (1.0x), Avg.  93.6 us, Total. 187.3 us (0.0%)
[Performance] InitializeOnLoad EditMode                                                                                                                    :        2 samples, Peak.   326 us (1.1x), Avg.   293 us, Total. 585.4 us (0.0%)
[Performance] InitializeOnLoad AssetStoreContext                                                                                                           :        2 samples, Peak.  3.60 ms (1.5x), Avg.  2.40 ms, Total. 4.792 ms (0.0%)
[Performance] InitializeOnLoad DrivenRectTransformUndo                                                                                                     :        2 samples, Peak.   286 us (1.3x), Avg.   228 us, Total. 456.6 us (0.0%)
[Performance] InitializeOnLoad SettingsService                                                                                                             :        2 samples, Peak.  14.6 us (1.5x), Avg.  9.47 us, Total. 18.95 us (0.0%)
[Performance] InitializeOnLoad PrefabInstanceChangedListener                                                                                               :        2 samples, Peak.   189 us (1.7x), Avg.   110 us, Total. 219.7 us (0.0%)
[Performance] InitializeOnLoad CacheServerWindow                                                                                                           :        2 samples, Peak.  12.7 us (1.3x), Avg.  10.1 us, Total. 20.15 us (0.0%)
[Performance] InitializeOnLoad WindowLayout                                                                                                                :        2 samples, Peak.  17.4 ms (1.3x), Avg.  13.1 ms, Total. 26.30 ms (0.0%)
[Performance] InitializeOnLoad ManagedDebuggerWindow                                                                                                       :        2 samples, Peak.   771 us (1.3x), Avg.   611 us, Total. 1.221 ms (0.0%)
[Performance] InitializeOnLoad NativeFormatImporterUtility                                                                                                 :        2 samples, Peak.  3.29 ms (1.4x), Avg.  2.44 ms, Total. 4.877 ms (0.0%)
[Performance] InitializeOnLoad UISystemProfilerRenderService                                                                                               :        2 samples, Peak.  11.4 us (1.3x), Avg.  8.92 us, Total. 17.84 us (0.0%)
[Performance] InitializeOnLoad ShortcutIntegration                                                                                                         :        2 samples, Peak.   189 us (1.6x), Avg.   120 us, Total. 239.3 us (0.0%)
[Performance] InitializeOnLoad AddComponentWindow                                                                                                          :        2 samples, Peak.   168 us (1.4x), Avg.   122 us, Total. 244.7 us (0.0%)
[Performance] InitializeOnLoad MenuItems                                                                                                                   :        2 samples, Peak.   508 us (1.8x), Avg.   281 us, Total. 562.0 us (0.0%)
[Performance] InitializeOnLoad MixerEffectDefinitionReloader                                                                                               :        2 samples, Peak.  3.46 ms (1.5x), Avg.  2.34 ms, Total. 4.676 ms (0.0%)
[Performance] InitializeOnLoad CloudBuild                                                                                                                  :        2 samples, Peak.  8.16 us (1.4x), Avg.  5.93 us, Total. 11.85 us (0.0%)
[Performance] InitializeOnLoad UnityConnect                                                                                                                :        2 samples, Peak.  83.3 us (1.3x), Avg.  64.0 us, Total. 128.0 us (0.0%)
[Performance] InitializeOnLoad ProjectSearch                                                                                                               :        2 samples, Peak.  65.2 us (1.4x), Avg.  46.1 us, Total. 92.29 us (0.0%)
[Performance] InitializeOnLoad SearchService                                                                                                               :        2 samples, Peak.   280 us (1.3x), Avg.   214 us, Total. 427.9 us (0.0%)
[Performance] InitializeOnLoad SceneSearch                                                                                                                 :        2 samples, Peak.  57.8 us (1.4x), Avg.  40.9 us, Total. 81.90 us (0.0%)
[Performance] InitializeOnLoad ObjectSelectorSearch                                                                                                        :        2 samples, Peak.  74.9 us (1.6x), Avg.  46.3 us, Total. 92.55 us (0.0%)
[Performance] InitializeOnLoad Collab                                                                                                                      :        2 samples, Peak.  9.29 ms (1.5x), Avg.  6.08 ms, Total. 12.16 ms (0.0%)
[Performance] InitializeOnLoad ManagedDebugger                                                                                                             :        2 samples, Peak.  1.92 us (1.5x), Avg.  1.27 us, Total. 2.549 us (0.0%)
[Performance] InitializeOnLoad EditorDragAndDrop.RegisterEditorClient                                                                                      :        2 samples, Peak.  1.33 ms (1.8x), Avg.   750 us, Total. 1.501 ms (0.0%)
[Performance] InitializeOnLoad LiveReloadTrackerCreator.Initialize                                                                                         :        2 samples, Peak.   164 us (1.1x), Avg.   153 us, Total. 305.8 us (0.0%)
[Performance] InitializeOnLoad EditorDelegateRegistration.Initialize                                                                                       :        2 samples, Peak.   315 us (1.1x), Avg.   295 us, Total. 590.7 us (0.0%)
[Performance] InitializeOnLoad PackageManagerHookGUIDConverter.RegisterPackagesEventHandler                                                                :        2 samples, Peak.  95.2 us (1.5x), Avg.  62.4 us, Total. 124.7 us (0.0%)
[Performance] InitializeOnLoad RuntimeEditorDelegateRegistration.Initialize                                                                                :        2 samples, Peak.   756 us (1.7x), Avg.   440 us, Total. 879.1 us (0.0%)
[Performance] InitializeOnLoad EditorEventCallbacks.InitializeFontAssetResourceChangeCallBacks                                                             :        2 samples, Peak.  1.17 ms (1.2x), Avg.   982 us, Total. 1.965 ms (0.0%)
[Performance] InitializeOnLoad SceneTemplateService.Init                                                                                                   :        2 samples, Peak.   442 us (1.4x), Avg.   314 us, Total. 627.1 us (0.0%)
[Performance] InitializeOnLoad ScopedRegistryAddedPopup.SubscribeToRegistriesAdded                                                                         :        2 samples, Peak.  23.6 ms (1.6x), Avg.  14.5 ms, Total. 29.10 ms (0.0%)
[Performance] InitializeOnLoad EntitlementsErrorChecker.OpenFirstEntitlementError                                                                          :        2 samples, Peak.   506 us (1.7x), Avg.   294 us, Total. 587.3 us (0.0%)
[Performance] InitializeOnLoad DiagnosticSwitchesConsoleMessage.Init                                                                                       :        2 samples, Peak.  3.54 ms (1.8x), Avg.  1.92 ms, Total. 3.840 ms (0.0%)
[Performance] InitializeOnLoad SysrootManager.Initialize                                                                                                   :        2 samples, Peak.  13.8 us (1.3x), Avg.  10.4 us, Total. 20.80 us (0.0%)
[Performance] InitializeOnLoad EditorWindow.Initialize                                                                                                     :        2 samples, Peak.   224 us (1.2x), Avg.   181 us, Total. 362.4 us (0.0%)
[Performance] InitializeOnLoad AssetPostprocessingInternal.RefreshCustomDependencies                                                                       :        2 samples, Peak.  1.49 ms (1.1x), Avg.  1.35 ms, Total. 2.707 ms (0.0%)
[Performance] InitializeOnLoad SceneVisibilityManager.Initialize                                                                                           :        2 samples, Peak.  6.31 ms (1.8x), Avg.  3.51 ms, Total. 7.015 ms (0.0%)
[Performance] InitializeOnLoad MemoryProfilerCompilationGuard.InjectCompileGuard                                                                           :        2 samples, Peak.   198 us (1.3x), Avg.   153 us, Total. 305.9 us (0.0%)
[Performance] ProcessService.EditorAfterLoadAllAssemblies                                                                                                  :        2 samples, Peak.   299 us (1.1x), Avg.   260 us, Total. 520.6 us (0.0%)
[Performance] Application.ReadLicenseInfo                                                                                                                  :        1 samples, Peak.  10.9 ms (1.0x), Avg.  10.9 ms, Total. 10.90 ms (0.0%)
[Performance] Application.InitialRefresh                                                                                                                   :        1 samples, Peak.  1.55 s (1.0x), Avg.  1.55 s, Total. 1.553 s (1.1%)
[Performance] Compiling Scripts                                                                                                                            :        1 samples, Peak.   293 ms (1.0x), Avg.   293 ms, Total. 292.6 ms (0.2%)
[Performance] InitializeOnLoad InteractionLayerUpdater                                                                                                     :        1 samples, Peak.  3.45 us (1.0x), Avg.  3.45 us, Total. 3.450 us (0.0%)
[Performance] InitializeOnLoad BuildHelperUtils                                                                                                            :        1 samples, Peak.  6.53 us (1.0x), Avg.  6.53 us, Total. 6.535 us (0.0%)
[Performance] InitializeOnLoad BuildValidator                                                                                                              :        1 samples, Peak.   556 us (1.0x), Avg.   556 us, Total. 556.2 us (0.0%)
[Performance] InitializeOnLoad ScriptableSettingsInitializer                                                                                               :        1 samples, Peak.   512 us (1.0x), Avg.   512 us, Total. 511.7 us (0.0%)
[Performance] InitializeOnLoad InputSystem                                                                                                                 :        1 samples, Peak.  66.5 ms (1.0x), Avg.  66.5 ms, Total. 66.53 ms (0.0%)
[Performance] InitializeOnLoad TouchSimulation                                                                                                             :        1 samples, Peak.   255 us (1.0x), Avg.   255 us, Total. 255.4 us (0.0%)
[Performance] InitializeOnLoad PrefabLayoutRebuilder                                                                                                       :        1 samples, Peak.   186 us (1.0x), Avg.   186 us, Total. 185.9 us (0.0%)
[Performance] InitializeOnLoad SimulatedInputLayoutLoader                                                                                                  :        1 samples, Peak.   522 us (1.0x), Avg.   522 us, Total. 522.1 us (0.0%)
[Performance] InitializeOnLoad SectorInteraction                                                                                                           :        1 samples, Peak.   223 us (1.0x), Avg.   223 us, Total. 223.4 us (0.0%)
[Performance] InitializeOnLoad Vector3FallbackComposite                                                                                                    :        1 samples, Peak.   207 us (1.0x), Avg.   207 us, Total. 207.4 us (0.0%)
[Performance] InitializeOnLoad QuaternionFallbackComposite                                                                                                 :        1 samples, Peak.   162 us (1.0x), Avg.   162 us, Total. 162.2 us (0.0%)
[Performance] InitializeOnLoad IntegerFallbackComposite                                                                                                    :        1 samples, Peak.   166 us (1.0x), Avg.   166 us, Total. 166.2 us (0.0%)
[Performance] InitializeOnLoad ButtonFallbackComposite                                                                                                     :        1 samples, Peak.   163 us (1.0x), Avg.   163 us, Total. 163.0 us (0.0%)
[Performance] InitializeOnLoad XRGeneralSettingsPerBuildTarget                                                                                             :        1 samples, Peak.   385 us (1.0x), Avg.   385 us, Total. 384.8 us (0.0%)
[Performance] InitializeOnLoad XRPackageInitializationBootstrap                                                                                            :        1 samples, Peak.  49.6 us (1.0x), Avg.  49.6 us, Total. 49.58 us (0.0%)
[Performance] InitializeOnLoad XRPackageMetadataStore                                                                                                      :        1 samples, Peak.   350 us (1.0x), Avg.   350 us, Total. 349.7 us (0.0%)
[Performance] InitializeOnLoad XRLegacyUninstaller                                                                                                         :        1 samples, Peak.  5.66 ms (1.0x), Avg.  5.66 ms, Total. 5.659 ms (0.0%)
[Performance] InitializeOnLoad OpenXRProjectValidationRulesSetup.OpenXRProjectValidationCheck                                                              :        1 samples, Peak.  4.19 ms (1.0x), Avg.  4.19 ms, Total. 4.187 ms (0.0%)
[Performance] InitializeOnLoad OpenXRChooseRuntimeLibraries.InitializeOnLoad                                                                               :        1 samples, Peak.  1.63 ms (1.0x), Avg.  1.63 ms, Total. 1.628 ms (0.0%)
[Performance] InitializeOnLoad OpenXRFeatureSetManager.InitializeOnLoad                                                                                    :        1 samples, Peak.   274 us (1.0x), Avg.   274 us, Total. 273.9 us (0.0%)
[Performance] InitializeOnLoad CoreUtilsAnalytics.RegisterEvents                                                                                           :        1 samples, Peak.   388 us (1.0x), Avg.   388 us, Total. 388.3 us (0.0%)
[Performance] DidReloadScriptsPackageVersionUtility.OnReloadScripts                                                                                        :        1 samples, Peak.  64.4 us (1.0x), Avg.  64.4 us, Total. 64.39 us (0.0%)
[Performance] DidReloadScriptsAdvancedDropdownWindow.OnScriptReload                                                                                        :        2 samples, Peak.   202 us (1.2x), Avg.   167 us, Total. 334.0 us (0.0%)
[Performance] AssemblyReloadEvents.afterAssemblyReload: UnityEditor.XR.Management.Metadata.XRPackageMetadataStore.AssemblyReloadEvents_afterAssemblyReload :        1 samples, Peak.  1.94 ms (1.0x), Avg.  1.94 ms, Total. 1.940 ms (0.0%)
[Performance] SyncVS.PostprocessSyncProject                                                                                                                :        1 samples, Peak.   690 us (1.0x), Avg.   690 us, Total. 690.1 us (0.0%)
[Performance] Application.ImportPackagesAndSetTemplateWhenCreatingProject                                                                                  :        1 samples, Peak.  9.57 ms (1.0x), Avg.  9.57 ms, Total. 9.572 ms (0.0%)
[Performance] Application.SyncCurrentColorSpace                                                                                                            :        1 samples, Peak.  45.5 ms (1.0x), Avg.  45.5 ms, Total. 45.53 ms (0.0%)
[Performance] Application.OnUsbDevicesChanged                                                                                                              :        1 samples, Peak.  1.05 ms (1.0x), Avg.  1.05 ms, Total. 1.047 ms (0.0%)
[Performance] Application.AssetInstanceCacheUpdate                                                                                                         :        1 samples, Peak.   319 ns (1.0x), Avg.   319 ns, Total. 319.0 ns (0.0%)
[Performance] Application.UnityExtensions.Initialize                                                                                                       :        1 samples, Peak.   681 us (1.0x), Avg.   681 us, Total. 680.5 us (0.0%)
[Performance] Application.InitializeManagedCompilationPipeline                                                                                             :        1 samples, Peak.  29.8 ms (1.0x), Avg.  29.8 ms, Total. 29.80 ms (0.0%)
[Performance] Application.ExecuteStartups                                                                                                                  :        1 samples, Peak.  38.7 ms (1.0x), Avg.  38.7 ms, Total. 38.68 ms (0.0%)
[Performance] Menu.RegisterMenuInterface                                                                                                                   :       26 samples, Peak.  1.59 us (7.9x), Avg.   202 ns, Total. 5.251 us (0.0%)
[Performance] Gizmo.RebuildRenderers                                                                                                                       :        1 samples, Peak.  38.3 ms (1.0x), Avg.  38.3 ms, Total. 38.25 ms (0.0%)
[Performance] Gizmo.AddGizmoRenderers                                                                                                                      :       45 samples, Peak.  1.58 ms (30.6x), Avg.  51.8 us, Total. 2.331 ms (0.0%)
[Performance] Application.editorInitializingProject                                                                                                        :        1 samples, Peak.  20.9 us (1.0x), Avg.  20.9 us, Total. 20.91 us (0.0%)
[Performance] Application.InitializeMenu                                                                                                                   :        1 samples, Peak.  73.0 ms (1.0x), Avg.  73.0 ms, Total. 73.04 ms (0.1%)
[Performance] Menu.RebuildAll                                                                                                                              :        1 samples, Peak.  73.0 ms (1.0x), Avg.  73.0 ms, Total. 73.03 ms (0.1%)
[Performance] Menu.BuildRegisteredMenuInterfaces                                                                                                           :        1 samples, Peak.  72.6 ms (1.0x), Avg.  72.6 ms, Total. 72.60 ms (0.1%)
[Performance] Menu.FilterMenuItem                                                                                                                          :     2494 samples, Peak.  29.4 ms (2373.7x), Avg.  12.4 us, Total. 30.86 ms (0.0%)
[Performance] UpdateAllMenus                                                                                                                               :        1 samples, Peak.   380 us (1.0x), Avg.   380 us, Total. 380.5 us (0.0%)
[Performance] EditorSceneManager.sceneClosing: UnityEditor.SceneVisibilityManager.EditorSceneManagerOnSceneClosing                                         :        3 samples, Peak.   214 us (2.9x), Avg.  73.8 us, Total. 221.3 us (0.0%)
[Performance] EditorSceneManager.activeSceneChangedInEditMode: callback in UnityEditor.Search.SearchMonitor                                                :        3 samples, Peak.  50.7 us (2.9x), Avg.  17.4 us, Total. 52.17 us (0.0%)
[Performance] GUIView.RepaintAll.PlayerLoopController                                                                                                      :        3 samples, Peak.   578 ns (1.2x), Avg.   480 ns, Total. 1.439 us (0.0%)
[Performance] EditorSceneManager.newSceneCreated: UnityEditor.SceneVisibilityManager.EditorSceneManagerOnNewSceneCreated                                   :        3 samples, Peak.   314 us (2.9x), Avg.   107 us, Total. 322.3 us (0.0%)
[Performance] EditorSceneManager.newSceneCreated: UnityEditor.SceneManagement.StageNavigationManager.OnNewSceneCreated                                     :        3 samples, Peak.  46.4 us (2.9x), Avg.  16.2 us, Total. 48.50 us (0.0%)
[Performance] Application.InvokeFinishedLoadingProject                                                                                                     :        1 samples, Peak.  2.06 ms (1.0x), Avg.  2.06 ms, Total. 2.058 ms (0.0%)
[Performance] ProcessService.OnProjectLoaded                                                                                                               :        1 samples, Peak.  35.0 us (1.0x), Avg.  35.0 us, Total. 35.03 us (0.0%)
[Performance] VersionControl.Task.Wait                                                                                                                     :        1 samples, Peak.  3.61 us (1.0x), Avg.  3.61 us, Total. 3.609 us (0.0%)
[Performance] Application.Shutdown.CollabTerminate                                                                                                         :        1 samples, Peak.  1.01 us (1.0x), Avg.  1.01 us, Total. 1.009 us (0.0%)
[Performance] Application.Shutdown.CollabCleanup                                                                                                           :        1 samples, Peak.  1.12 ms (1.0x), Avg.  1.12 ms, Total. 1.121 ms (0.0%)
[Performance] Application.Shutdown.SaveDefaultWindowPreferences                                                                                            :        1 samples, Peak.   233 us (1.0x), Avg.   233 us, Total. 233.1 us (0.0%)
[Performance] Application.Shutdown.SaveSceneManagerSetup                                                                                                   :        1 samples, Peak.   292 us (1.0x), Avg.   292 us, Total. 292.2 us (0.0%)
[Performance] Application.Shutdown.CleanupAllContainerWindows                                                                                              :        1 samples, Peak.   639 ns (1.0x), Avg.   639 ns, Total. 639.0 ns (0.0%)
[Performance] EditorApplication.quitting: UnityEditor.Search.SearchMonitor.OnQuitting                                                                      :        1 samples, Peak.  3.17 ms (1.0x), Avg.  3.17 ms, Total. 3.166 ms (0.0%)
[Performance] EditorApplication.quitting: callback in UnityEditor.TextCore.Text.EditorEventCallbacks                                                       :        1 samples, Peak.  14.1 ms (1.0x), Avg.  14.1 ms, Total. 14.08 ms (0.0%)
[Performance] Application.Shutdown.PauseProfilerSession                                                                                                    :        1 samples, Peak.  37.5 us (1.0x), Avg.  37.5 us, Total. 37.49 us (0.0%)
[Performance] Application.Shutdown.PauseAssetImportWorkers                                                                                                 :        1 samples, Peak.   472 us (1.0x), Avg.   472 us, Total. 472.4 us (0.0%)
[Performance] Application.Shutdown.SaveAssets                                                                                                              :        1 samples, Peak.  3.89 ms (1.0x), Avg.  3.89 ms, Total. 3.894 ms (0.0%)
[Performance] BuilderAssetModificationProcessor.OnWillSaveAssets                                                                                           :        1 samples, Peak.   781 us (1.0x), Avg.   781 us, Total. 781.5 us (0.0%)
[Performance] TerrainModificationProcessor.OnWillSaveAssets                                                                                                :        1 samples, Peak.   449 us (1.0x), Avg.   449 us, Total. 448.9 us (0.0%)
[Performance] AssetDatabase.ImportAssets                                                                                                                   :        2 samples, Peak.   377 ns (1.8x), Avg.   211 ns, Total. 422.0 ns (0.0%)
[Performance] Application.Shutdown.CleanupRenderPipeline                                                                                                   :        1 samples, Peak.  2.42 us (1.0x), Avg.  2.42 us, Total. 2.420 us (0.0%)
[Performance] Application.Shutdown.StopPreloadManager                                                                                                      :        1 samples, Peak.  10.1 ms (1.0x), Avg.  10.1 ms, Total. 10.07 ms (0.0%)
[Performance] Application.Shutdown.DestroyWorld                                                                                                            :        1 samples, Peak.   387 us (1.0x), Avg.   387 us, Total. 386.5 us (0.0%)
[Performance] Application.Shutdown.CleanupAfterLoad                                                                                                        :        1 samples, Peak.  3.28 ms (1.0x), Avg.  3.28 ms, Total. 3.283 ms (0.0%)
[Performance] Application.Shutdown.Progress                                                                                                                :        1 samples, Peak.  9.95 us (1.0x), Avg.  9.95 us, Total. 9.954 us (0.0%)
[Performance] Application.Shutdown.GICleanupManagers                                                                                                       :        1 samples, Peak.  1.61 ms (1.0x), Avg.  1.61 ms, Total. 1.613 ms (0.0%)
[Performance] Application.Shutdown.MenuCleanupClass                                                                                                        :        1 samples, Peak.  78.3 us (1.0x), Avg.  78.3 us, Total. 78.32 us (0.0%)
[Performance] Application.Shutdown.ADBSaveStateBeforeShutdown                                                                                              :        1 samples, Peak.  4.92 us (1.0x), Avg.  4.92 us, Total. 4.919 us (0.0%)
[Performance] Application.Shutdown.RemoteShutdown                                                                                                          :        1 samples, Peak.   833 ns (1.0x), Avg.   833 ns, Total. 833.0 ns (0.0%)
[Performance] Application.Shutdown.CleanupVCProvider                                                                                                       :        1 samples, Peak.  3.65 us (1.0x), Avg.  3.65 us, Total. 3.649 us (0.0%)
[Performance] Application.Shutdown.InputShutdown                                                                                                           :        1 samples, Peak.  1.32 us (1.0x), Avg.  1.32 us, Total. 1.316 us (0.0%)
[Performance] Application.Shutdown.GizmoManagerDestroy                                                                                                     :        1 samples, Peak.   837 us (1.0x), Avg.   837 us, Total. 837.1 us (0.0%)
[Performance] Application.Shutdown.ProfilerSession                                                                                                         :        1 samples, Peak.   196 us (1.0x), Avg.   196 us, Total. 195.8 us (0.0%)
[Performance] Application.Shutdown.ReleaseGfxWindowOnAllGUIViews                                                                                           :        1 samples, Peak.   423 ns (1.0x), Avg.   423 ns, Total. 423.0 ns (0.0%)
[Performance] Application.Shutdown.CleanupEngine                                                                                                           :        1 samples, Peak.   110 ms (1.0x), Avg.   110 ms, Total. 110.3 ms (0.1%)
[Performance] Application.Shutdown.CleanupAssetDatabase                                                                                                    :        1 samples, Peak.  2.53 ms (1.0x), Avg.  2.53 ms, Total. 2.529 ms (0.0%)
[Performance] Application.Shutdown.ScriptCompilationCleanUp                                                                                                :        1 samples, Peak.  26.4 us (1.0x), Avg.  26.4 us, Total. 26.39 us (0.0%)
[Performance] Application.Shutdown.DestroyJobSystem                                                                                                        :        1 samples, Peak.  19.9 us (1.0x), Avg.  19.9 us, Total. 19.90 us (0.0%)
[Performance] Application.Shutdown.CleanupPersistentManager                                                                                                :        1 samples, Peak.  3.32 ms (1.0x), Avg.  3.32 ms, Total. 3.323 ms (0.0%)
[Performance] Application.Shutdown.CleanupAsyncReadManager                                                                                                 :        1 samples, Peak.   386 us (1.0x), Avg.   386 us, Total. 385.6 us (0.0%)
[Performance] Application.Shutdown.CleanupMono                                                                                                             :        1 samples, Peak.  37.9 ms (1.0x), Avg.  37.9 ms, Total. 37.88 ms (0.0%)
[Performance] Application.Shutdown.CleanupStdConverters                                                                                                    :        1 samples, Peak.  8.19 us (1.0x), Avg.  8.19 us, Total. 8.186 us (0.0%)
[Performance] Application.Shutdown.UnloadAllPlatformSupportModuleNativeDlls                                                                                :        1 samples, Peak.   297 ns (1.0x), Avg.   297 ns, Total. 297.0 ns (0.0%)
[Performance] Application.Shutdown.UnloadAllPlatformSupportNativeLibraries                                                                                 :        1 samples, Peak.   189 ns (1.0x), Avg.   189 ns, Total. 189.0 ns (0.0%)
[Performance] Application.Shutdown.CleanupAutoDocumentation                                                                                                :        1 samples, Peak.   122 us (1.0x), Avg.   122 us, Total. 122.4 us (0.0%)
[Performance] Application.Shutdown.ShaderNameManagerDestroy                                                                                                :        1 samples, Peak.  27.6 us (1.0x), Avg.  27.6 us, Total. 27.63 us (0.0%)
[Performance] Application.Shutdown.CleanupCacheServer                                                                                                      :        1 samples, Peak.   304 ns (1.0x), Avg.   304 ns, Total. 304.0 ns (0.0%)
[Performance] Application.Shutdown.Virtualization_Shutdown                                                                                                 :        1 samples, Peak.   295 ns (1.0x), Avg.   295 ns, Total. 295.0 ns (0.0%)
[Package Manager] Server::Kill -- Server was shutdown
Checking for leaked weakptr:
  Found no leaked weakptrs.
Memory Statistics:
[ALLOC_TEMP_TLS] TLS Allocator
  StackAllocators : 
    [ALLOC_TEMP_CurlRequest]
      Initial Block Size 64.0 KB
      Current Block Size 64.0 KB
      Peak Allocated Bytes 0 B
      Overflow Count 0
    [ALLOC_TEMP_MAIN]
      Peak usage frame count: [4.0 MB-8.0 MB]: 1 frames, [8.0 MB-16.0 MB]: 2 frames
      Initial Block Size 16.0 MB
      Current Block Size 16.0 MB
      Peak Allocated Bytes 14.1 MB
      Overflow Count 0
    [ALLOC_TEMP_Background Job.Worker 8]
      Initial Block Size 32.0 KB
      Current Block Size 32.0 KB
      Peak Allocated Bytes 0 B
      Overflow Count 0
    [ALLOC_TEMP_Job.Worker 4]
      Initial Block Size 256.0 KB
      Current Block Size 256.0 KB
      Peak Allocated Bytes 0.6 KB
      Overflow Count 1
    [ALLOC_TEMP_AssetDatabase.FileHasherReader] x 4
      Initial Block Size 64.0 KB
      Current Block Size 64.0 KB
      Peak Allocated Bytes 116 B
      Overflow Count 0
    [ALLOC_TEMP_BakingJobs.Worker 10]
      Initial Block Size 256.0 KB
      Current Block Size 256.0 KB
      Peak Allocated Bytes 0 B
      Overflow Count 0
    [ALLOC_TEMP_BakingJobs.Worker 5]
      Initial Block Size 256.0 KB
      Current Block Size 256.0 KB
      Peak Allocated Bytes 0 B
      Overflow Count 0
    [ALLOC_TEMP_Background Job.Worker 11]
      Initial Block Size 32.0 KB
      Current Block Size 32.0 KB
      Peak Allocated Bytes 0 B
      Overflow Count 0
    [ALLOC_TEMP_Background Job.Worker 3]
      Initial Block Size 32.0 KB
      Current Block Size 32.0 KB
      Peak Allocated Bytes 0 B
      Overflow Count 0
    [ALLOC_TEMP_BatchDeleteObjects]
      Initial Block Size 64.0 KB
      Current Block Size 64.0 KB
      Peak Allocated Bytes 0 B
      Overflow Count 0
    [ALLOC_TEMP_CoreBusinessMetricsCache]
      Initial Block Size 64.0 KB
      Current Block Size 64.0 KB
      Peak Allocated Bytes 8.0 KB
      Overflow Count 0
    [ALLOC_TEMP_REST Message Handler]
      Initial Block Size 64.0 KB
      Current Block Size 64.0 KB
      Peak Allocated Bytes 0 B
      Overflow Count 0
    [ALLOC_TEMP_Job.Worker 13]
      Initial Block Size 256.0 KB
      Current Block Size 256.0 KB
      Peak Allocated Bytes 4.1 KB
      Overflow Count 1
    [ALLOC_TEMP_Background Job.Worker 2]
      Initial Block Size 32.0 KB
      Current Block Size 32.0 KB
      Peak Allocated Bytes 0 B
      Overflow Count 0
    [ALLOC_TEMP_AssetDatabase.IOService]
      Initial Block Size 64.0 KB
      Current Block Size 64.0 KB
      Peak Allocated Bytes 0 B
      Overflow Count 0
    [ALLOC_TEMP_Job.Worker 10]
      Initial Block Size 256.0 KB
      Current Block Size 356.0 KB
      Peak Allocated Bytes 352.6 KB
      Overflow Count 0
    [ALLOC_TEMP_Job.Worker 12]
      Initial Block Size 256.0 KB
      Current Block Size 256.0 KB
      Peak Allocated Bytes 0.6 KB
      Overflow Count 0
    [ALLOC_TEMP_Loading.PreloadManager]
      Initial Block Size 32.0 MB
      Current Block Size 32.0 MB
      Peak Allocated Bytes 0 B
      Overflow Count 0
    [ALLOC_TEMP_AUDIO_FMOD PulseAudio Mixer]
      Initial Block Size 64.0 KB
      Current Block Size 64.0 KB
      Peak Allocated Bytes 0 B
      Overflow Count 0
    [ALLOC_TEMP_Job.Worker 14]
      Initial Block Size 256.0 KB
      Current Block Size 356.0 KB
      Peak Allocated Bytes 352.6 KB
      Overflow Count 0
    [ALLOC_TEMP_Job.Worker 3]
      Initial Block Size 256.0 KB
      Current Block Size 356.0 KB
      Peak Allocated Bytes 352.6 KB
      Overflow Count 0
    [ALLOC_TEMP_BakingJobs.Worker 7]
      Initial Block Size 256.0 KB
      Current Block Size 256.0 KB
      Peak Allocated Bytes 0 B
      Overflow Count 0
    [ALLOC_TEMP_Background Job.Worker 5]
      Initial Block Size 32.0 KB
      Current Block Size 32.0 KB
      Peak Allocated Bytes 0 B
      Overflow Count 0
    [ALLOC_TEMP_CurlRequest]
      Initial Block Size 64.0 KB
      Current Block Size 64.0 KB
      Peak Allocated Bytes 257 B
      Overflow Count 0
    [ALLOC_TEMP_Background Job.Worker 13]
      Initial Block Size 32.0 KB
      Current Block Size 32.0 KB
      Peak Allocated Bytes 0 B
      Overflow Count 0
    [ALLOC_TEMP_Job.Worker 2]
      Initial Block Size 256.0 KB
      Current Block Size 356.0 KB
      Peak Allocated Bytes 352.6 KB
      Overflow Count 0
    [ALLOC_TEMP_BakingJobs.Worker 6]
      Initial Block Size 256.0 KB
      Current Block Size 256.0 KB
      Peak Allocated Bytes 0 B
      Overflow Count 0
    [ALLOC_TEMP_Job.Worker 11]
      Initial Block Size 256.0 KB
      Current Block Size 356.0 KB
      Peak Allocated Bytes 352.6 KB
      Overflow Count 0
    [ALLOC_TEMP_Job.Worker 0]
      Initial Block Size 256.0 KB
      Current Block Size 356.0 KB
      Peak Allocated Bytes 352.6 KB
      Overflow Count 0
    [ALLOC_TEMP_Job.Worker 5]
      Initial Block Size 256.0 KB
      Current Block Size 256.0 KB
      Peak Allocated Bytes 0.6 KB
      Overflow Count 1
    [ALLOC_TEMP_Profiler.Dispatcher]
      Initial Block Size 64.0 KB
      Current Block Size 64.0 KB
      Peak Allocated Bytes 0 B
      Overflow Count 0
    [ALLOC_TEMP_Job.Worker 6]
      Initial Block Size 256.0 KB
      Current Block Size 256.0 KB
      Peak Allocated Bytes 0.6 KB
      Overflow Count 1
    [ALLOC_TEMP_Background Job.Worker 9]
      Initial Block Size 32.0 KB
      Current Block Size 32.0 KB
      Peak Allocated Bytes 0 B
      Overflow Count 0
    [ALLOC_TEMP_BakingJobs.Worker 8]
      Initial Block Size 256.0 KB
      Current Block Size 256.0 KB
      Peak Allocated Bytes 0 B
      Overflow Count 0
    [ALLOC_TEMP_Job.Worker 9]
      Initial Block Size 256.0 KB
      Current Block Size 256.0 KB
      Peak Allocated Bytes 0.6 KB
      Overflow Count 0
    [ALLOC_TEMP_BakingJobs.Worker 1]
      Initial Block Size 256.0 KB
      Current Block Size 256.0 KB
      Peak Allocated Bytes 0 B
      Overflow Count 0
    [ALLOC_TEMP_Loading.AsyncRead]
      Initial Block Size 64.0 KB
      Current Block Size 64.0 KB
      Peak Allocated Bytes 128 B
      Overflow Count 0
    [ALLOC_TEMP_Background Job.Worker 10]
      Initial Block Size 32.0 KB
      Current Block Size 32.0 KB
      Peak Allocated Bytes 0 B
      Overflow Count 0
    [ALLOC_TEMP_Background Job.Worker 6]
      Initial Block Size 32.0 KB
      Current Block Size 32.0 KB
      Peak Allocated Bytes 0 B
      Overflow Count 0
    [ALLOC_TEMP_BakingJobs.Worker 9]
      Initial Block Size 256.0 KB
      Current Block Size 256.0 KB
      Peak Allocated Bytes 0 B
      Overflow Count 0
    [ALLOC_TEMP_Background Job.Worker 1]
      Initial Block Size 32.0 KB
      Current Block Size 32.0 KB
      Peak Allocated Bytes 0 B
      Overflow Count 0
    [ALLOC_TEMP_BakingJobs.Worker 11]
      Initial Block Size 256.0 KB
      Current Block Size 256.0 KB
      Peak Allocated Bytes 0 B
      Overflow Count 0
    [ALLOC_TEMP_AUDIO_FMOD stream thread]
      Initial Block Size 64.0 KB
      Current Block Size 64.0 KB
      Peak Allocated Bytes 0 B
      Overflow Count 0
    [ALLOC_TEMP_AssetDatabase.FileHasherHasher] x 4
      Initial Block Size 64.0 KB
      Current Block Size 64.0 KB
      Peak Allocated Bytes 31 B
      Overflow Count 0
    [ALLOC_TEMP_BakingJobs.Worker 2]
      Initial Block Size 256.0 KB
      Current Block Size 256.0 KB
      Peak Allocated Bytes 0 B
      Overflow Count 0
    [ALLOC_TEMP_Background Job.Worker 15]
      Initial Block Size 32.0 KB
      Current Block Size 32.0 KB
      Peak Allocated Bytes 0 B
      Overflow Count 0
    [ALLOC_TEMP_Background Job.Worker 7]
      Initial Block Size 32.0 KB
      Current Block Size 32.0 KB
      Peak Allocated Bytes 0 B
      Overflow Count 0
    [ALLOC_TEMP_Job.Worker 8]
      Initial Block Size 256.0 KB
      Current Block Size 356.0 KB
      Peak Allocated Bytes 352.6 KB
      Overflow Count 0
    [ALLOC_TEMP_BakingJobs.Worker 15]
      Initial Block Size 256.0 KB
      Current Block Size 256.0 KB
      Peak Allocated Bytes 0 B
      Overflow Count 0
    [ALLOC_TEMP_BakingJobs.Worker 0]
      Initial Block Size 256.0 KB
      Current Block Size 256.0 KB
      Peak Allocated Bytes 0 B
      Overflow Count 0
    [ALLOC_TEMP_BakingJobs.Worker 3]
      Initial Block Size 256.0 KB
      Current Block Size 256.0 KB
      Peak Allocated Bytes 0 B
      Overflow Count 0
    [ALLOC_TEMP_BakingJobs.Worker 14]
      Initial Block Size 256.0 KB
      Current Block Size 256.0 KB
      Peak Allocated Bytes 0 B
      Overflow Count 0
    [ALLOC_TEMP_Job.Worker 1]
      Initial Block Size 256.0 KB
      Current Block Size 256.0 KB
      Peak Allocated Bytes 0.6 KB
      Overflow Count 1
    [ALLOC_TEMP_BakingJobs.Worker 4]
      Initial Block Size 256.0 KB
      Current Block Size 256.0 KB
      Peak Allocated Bytes 0 B
      Overflow Count 0
    [ALLOC_TEMP_Background Job.Worker 12]
      Initial Block Size 32.0 KB
      Current Block Size 32.0 KB
      Peak Allocated Bytes 0 B
      Overflow Count 0
    [ALLOC_TEMP_HTTP REST Server]
      Initial Block Size 64.0 KB
      Current Block Size 64.0 KB
      Peak Allocated Bytes 71 B
      Overflow Count 0
    [ALLOC_TEMP_BakingJobs.Worker 12]
      Initial Block Size 256.0 KB
      Current Block Size 256.0 KB
      Peak Allocated Bytes 0 B
      Overflow Count 0
    [ALLOC_TEMP_BakingJobs.Worker 13]
      Initial Block Size 256.0 KB
      Current Block Size 256.0 KB
      Peak Allocated Bytes 0 B
      Overflow Count 0
    [ALLOC_TEMP_AssetGarbageCollectorHelper] x 15
      Initial Block Size 64.0 KB
      Current Block Size 64.0 KB
      Peak Allocated Bytes 0 B
      Overflow Count 0
    [ALLOC_TEMP_Background Job.Worker 0]
      Initial Block Size 32.0 KB
      Current Block Size 188.0 KB
      Peak Allocated Bytes 146.1 KB
      Overflow Count 2
    [ALLOC_TEMP_Background Job.Worker 4]
      Initial Block Size 32.0 KB
      Current Block Size 32.0 KB
      Peak Allocated Bytes 0 B
      Overflow Count 0
    [ALLOC_TEMP_Background Job.Worker 14]
      Initial Block Size 32.0 KB
      Current Block Size 32.0 KB
      Peak Allocated Bytes 0 B
      Overflow Count 0
    [ALLOC_TEMP_Job.Worker 7]
      Initial Block Size 256.0 KB
      Current Block Size 256.0 KB
      Peak Allocated Bytes 0.6 KB
      Overflow Count 1
[ALLOC_MEMORYPROFILER]
  Peak usage frame count: [128.0 KB-256.0 KB]: 2 frames, [256.0 KB-0.5 MB]: 1 frames
  Requested Block Size 1.0 MB
  Peak Block count 1
  Peak Allocated memory 291.5 KB
  Peak Large allocation bytes 0 B
[ALLOC_DEFAULT] Dual Thread Allocator
  Peak main deferred allocation count 618
    [ALLOC_BUCKET]
      Large Block size 32.0 MB
      Used Block count 1
      Peak Allocated bytes 4.9 MB
    [ALLOC_DEFAULT_MAIN]
      Peak usage frame count: [32.0 MB-64.0 MB]: 3 frames
      Requested Block Size 16.0 MB
      Peak Block count 4
      Peak Allocated memory 51.3 MB
      Peak Large allocation bytes 0 B
    [ALLOC_DEFAULT_THREAD]
      Peak usage frame count: [1.0 MB-2.0 MB]: 2 frames, [2.0 MB-4.0 MB]: 1 frames
      Requested Block Size 16.0 MB
      Peak Block count 1
      Peak Allocated memory 2.8 MB
      Peak Large allocation bytes 0 B
[ALLOC_TEMP_JOB_1_FRAME]
  Initial Block Size 2.0 MB
  Used Block Count 1
  Overflow Count (too large) 0
  Overflow Count (full) 0
[ALLOC_TEMP_JOB_2_FRAMES]
  Initial Block Size 2.0 MB
  Used Block Count 1
  Overflow Count (too large) 0
  Overflow Count (full) 0
[ALLOC_TEMP_JOB_4_FRAMES (JobTemp)]
  Initial Block Size 2.0 MB
  Used Block Count 23
  Overflow Count (too large) 0
  Overflow Count (full) 0
[ALLOC_TEMP_JOB_ASYNC (Background)]
  Initial Block Size 1.0 MB
  Used Block Count 7
  Overflow Count (too large) 0
  Overflow Count (full) 0
[ALLOC_GFX] Dual Thread Allocator
  Peak main deferred allocation count 116
    [ALLOC_BUCKET]
      Large Block size 32.0 MB
      Used Block count 1
      Peak Allocated bytes 4.9 MB
    [ALLOC_GFX_MAIN]
      Peak usage frame count: [4.0 MB-8.0 MB]: 1 frames, [8.0 MB-16.0 MB]: 1 frames, [32.0 MB-64.0 MB]: 1 frames
      Requested Block Size 16.0 MB
      Peak Block count 4
      Peak Allocated memory 57.0 MB
      Peak Large allocation bytes 14.1 MB
    [ALLOC_GFX_THREAD]
      Peak usage frame count: [0-1.0 KB]: 3 frames
      Requested Block Size 16.0 MB
      Peak Block count 0
      Peak Allocated memory 0 B
      Peak Large allocation bytes 0 B
[ALLOC_CACHEOBJECTS] Dual Thread Allocator
  Peak main deferred allocation count 1207
    [ALLOC_BUCKET]
      Large Block size 32.0 MB
      Used Block count 1
      Peak Allocated bytes 4.9 MB
    [ALLOC_CACHEOBJECTS_MAIN]
      Peak usage frame count: [16.0 MB-32.0 MB]: 3 frames
      Requested Block Size 4.0 MB
      Peak Block count 8
      Peak Allocated memory 26.5 MB
      Peak Large allocation bytes 10.7 MB
    [ALLOC_CACHEOBJECTS_THREAD]
      Peak usage frame count: [0-1.0 KB]: 3 frames
      Requested Block Size 4.0 MB
      Peak Block count 0
      Peak Allocated memory 0 B
      Peak Large allocation bytes 0 B
[ALLOC_TYPETREE] Dual Thread Allocator
  Peak main deferred allocation count 1020
    [ALLOC_BUCKET]
      Large Block size 32.0 MB
      Used Block count 1
      Peak Allocated bytes 4.9 MB
    [ALLOC_TYPETREE_MAIN]
      Peak usage frame count: [4.0 MB-8.0 MB]: 3 frames
      Requested Block Size 2.0 MB
      Peak Block count 4
      Peak Allocated memory 6.9 MB
      Peak Large allocation bytes 0 B
    [ALLOC_TYPETREE_THREAD]
      Peak usage frame count: [0-1.0 KB]: 3 frames
      Requested Block Size 2.0 MB
      Peak Block count 0
      Peak Allocated memory 0 B
      Peak Large allocation bytes 0 B
[ALLOC_PROFILER]
  Peak usage frame count: [32.0 KB-64.0 KB]: 1 frames, [64.0 KB-128.0 KB]: 2 frames
  Requested Block Size 16.0 MB
  Peak Block count 1
  Peak Allocated memory 75.9 KB
  Peak Large allocation bytes 0 B
    [ALLOC_PROFILER_BUCKET]
      Large Block size 32.0 MB
      Used Block count 1
      Peak Allocated bytes 1.8 KB
[ALLOC_PROFILER_EDITOR]
  Peak usage frame count: [0-1.0 KB]: 3 frames
  Requested Block Size 1.0 MB
  Peak Block count 0
  Peak Allocated memory 0 B
  Peak Large allocation bytes 0 B
    [ALLOC_PROFILER_BUCKET]
      Large Block size 32.0 MB
      Used Block count 1
      Peak Allocated bytes 1.8 KB
##utp:{"type":"MemoryLeaks","version":2,"phase":"Immediate","time":1786708535014,"processId":2881386,"allocatedMemory":3798550,"memoryLabels":[{"Default":8223},{"Permanent":16120},{"Thread":1083572},{"Manager":32713},{"VertexData":12},{"Geometry":280},{"Texture":160},{"Shader":68027},{"Material":24},{"GfxDevice":36104},{"Animation":312},{"Audio":3976},{"Physics":289},{"Serialization":672},{"Input":26792},{"JobScheduler":200},{"Mono":40},{"ScriptingNativeRuntime":43520},{"BaseObject":1621428},{"Resource":944},{"Renderer":1936},{"Transform":48},{"File":804},{"WebCam":24},{"Culling":40},{"Terrain":1025},{"Wind":24},{"String":160413},{"DynamicArray":65489},{"HashMap":43932},{"Utility":14394},{"Curl":3751},{"PoolAlloc":32192},{"AI":40},{"TypeTree":2064},{"ScriptManager":368},{"RuntimeInitializeOnLoadManager":72},{"SpriteAtlas":112},{"GI":3320},{"Unet":16},{"Director":7816},{"CloudService":672},{"WebRequest":720},{"VR":46025},{"SceneManager":640},{"Video":72},{"LazyScriptCache":32},{"NativeArray":12},{"Camera":25},{"Secure":1},{"SerializationCache":624},{"APIUpdating":5872},{"Subsystems":48},{"VirtualTexturing":57560},{"StaticSafetyDebugInfo":327752},{"EditorGui":40},{"EditorUtility":6058},{"VersionControl":4},{"Undo":450},{"AssetDatabase":10586},{"RestService":1518},{"EditorGi":368},{"License":1312},{"UnityConnect":29664},{"Collab":785},{"Upm":1504},{"DrivenProperties":80},{"HubClient":32},{"LocalIPC":99},{"ProfilerEditor":20133},{"CoreBusinessMetrics":2702},{"Licensing":1840},{"AssetReference":32}]}
