# GloomhavenVR import — Poly Haven 'dead_tree_trunk' (CC0), processed by ph_pipeline.py
v 0.851123 0.013778 -0.088049
v 0.851123 0.013778 -0.088049
v 0.861764 0.019776 -0.095459
v 0.861764 0.019776 -0.095459
v 0.860261 0.014112 -0.087481
v 0.860261 0.014112 -0.087481
v 0.860261 0.014112 -0.087481
v 0.860261 0.014112 -0.087481
v 0.842720 0.013616 -0.088827
v 0.842720 0.013616 -0.088827
v 0.865112 0.008490 -0.075340
v 0.865112 0.008490 -0.075340
v 1.010568 0.031537 -0.087315
v 1.010568 0.031537 -0.087315
v 1.030141 0.030904 -0.084828
v 1.030141 0.030904 -0.084828
v 0.885993 0.004893 -0.058665
v 0.834036 0.011601 -0.086674
v 0.834036 0.011601 -0.086674
v 0.867498 0.014005 -0.086734
v 0.867498 0.014005 -0.086734
v 0.857402 0.024840 -0.101459
v 0.857402 0.024840 -0.101459
v 1.019899 0.032122 -0.086780
v 1.019899 0.032122 -0.086780
v 0.998342 0.028922 -0.086929
v 0.998342 0.028922 -0.086929
v 1.003453 0.031811 -0.088709
v 1.003453 0.031811 -0.088709
v 0.854553 0.032199 -0.108281
v 0.854553 0.032199 -0.108281
v 0.863048 0.017210 0.041454
v 0.863048 0.017210 0.041454
v 0.817513 0.013289 -0.090468
v 0.817513 0.013289 -0.090468
v 0.824987 0.011645 -0.087814
v 0.824987 0.011645 -0.087814
v 1.134783 0.107825 -0.092161
v 1.098765 0.037492 -0.083736
v 1.098765 0.037492 -0.083736
v 1.079144 0.035671 -0.084254
v 1.079144 0.035671 -0.084254
v 1.091396 0.034617 -0.081812
v 1.091396 0.034617 -0.081812
v 1.059752 0.033943 -0.084827
v 1.059752 0.033943 -0.084827
v 1.098395 0.132159 0.079746
v 1.098395 0.132159 0.079746
v 1.036260 0.164276 -0.065630
v 1.010432 0.175027 -0.034149
v 1.010432 0.175027 -0.034149
v 1.068717 0.129179 0.088194
v 1.068717 0.129179 0.088194
v 1.076164 0.129171 0.087084
v 1.076164 0.129171 0.087084
v 1.044367 0.189507 -0.024570
v 1.044367 0.189507 -0.024570
v 1.037410 0.189790 -0.023773
v 1.037410 0.189790 -0.023773
v 1.060584 0.184647 -0.026612
v 1.060584 0.184647 -0.026612
v 1.049773 0.199908 0.027445
v 1.059382 0.129206 0.078489
v 1.059382 0.129206 0.078489
v 1.081052 0.131382 0.067388
v 1.053767 0.131485 0.074692
v 1.053767 0.131485 0.074692
v 1.085909 0.129849 0.086899
v 1.085909 0.129849 0.086899
v 0.990094 0.186410 -0.029928
v 0.990094 0.186410 -0.029928
v 0.996578 0.184377 -0.032064
v 0.996578 0.184377 -0.032064
v 1.093599 0.132081 0.081072
v 1.093599 0.132081 0.081072
v 1.089069 0.130569 0.083039
v 1.089069 0.130569 0.083039
v 1.069431 0.181894 -0.041562
v 1.069431 0.181894 -0.041562
v 1.039314 0.190782 -0.016489
v 1.066000 0.182552 -0.033738
v 1.066000 0.182552 -0.033738
v 0.957924 0.179972 0.051287
v 1.054827 0.180427 -0.042564
v 1.054827 0.180427 -0.042564
v 1.060514 0.181109 -0.042452
v 1.060514 0.181109 -0.042452
v 1.049595 0.179538 -0.043198
v 1.049595 0.179538 -0.043198
v 1.041443 0.181032 -0.044891
v 1.041443 0.181032 -0.044891
v 1.094802 0.149216 0.073859
v 1.094802 0.149216 0.073859
v 1.084483 0.174422 0.066666
v 1.089354 0.148760 0.070391
v 1.089354 0.148760 0.070391
v 0.991206 0.112253 -0.097421
v 1.075931 0.144406 0.071893
v 1.075931 0.144406 0.071893
v 1.070203 0.145489 0.072667
v 1.070203 0.145489 0.072667
v 1.042949 0.045617 0.084780
v 1.025204 0.191979 -0.016787
v 1.025204 0.191979 -0.016787
v 1.014526 0.188678 -0.018749
v 1.014526 0.188678 -0.018749
v 1.003069 0.187907 -0.013793
v 1.003069 0.187907 -0.013793
v 1.058155 0.142870 0.074213
v 1.058155 0.142870 0.074213
v 1.080308 0.147965 0.071402
v 1.080308 0.147965 0.071402
v 0.990752 0.183920 -0.023081
v 0.990752 0.183920 -0.023081
v 1.033301 0.190746 -0.021503
v 1.033301 0.190746 -0.021503
v 1.029497 0.172325 -0.026041
v 1.020733 0.191086 -0.017450
v 1.020733 0.191086 -0.017450
v 1.007843 0.188255 -0.015962
v 1.007843 0.188255 -0.015962
v 1.023820 0.180477 -0.044741
v 1.023820 0.180477 -0.044741
v 1.018775 0.178567 -0.040428
v 1.018775 0.178567 -0.040428
v 1.042235 0.135445 0.077499
v 0.825631 0.182834 0.003033
v 0.855088 0.042395 -0.115010
v 0.855088 0.042395 -0.115010
v 0.854540 0.036514 -0.111480
v 0.854540 0.036514 -0.111480
v 0.857557 0.057532 -0.118667
v 0.857557 0.057532 -0.118667
v 0.997548 0.186200 -0.015818
v 0.997548 0.186200 -0.015818
v 0.991368 0.185125 -0.018665
v 0.991368 0.185125 -0.018665
v 0.970379 0.193523 -0.002924
v 0.915758 0.142051 -0.094233
v 0.895668 0.150860 -0.096285
v 0.895668 0.150860 -0.096285
v 0.889944 0.150956 -0.094428
v 0.889944 0.150956 -0.094428
v 0.848501 0.184543 -0.016913
v 0.848501 0.184543 -0.016913
v 1.033928 0.179546 -0.047670
v 1.033928 0.179546 -0.047670
v 0.909179 0.151984 -0.097161
v 0.909179 0.151984 -0.097161
v 0.944343 0.167811 -0.070941
v 0.853821 0.051323 -0.118023
v 0.853821 0.051323 -0.118023
v 0.916423 0.182041 -0.096760
v 0.916423 0.182041 -0.096760
v 0.912714 0.184731 -0.092099
v 0.912714 0.184731 -0.092099
v 0.880008 0.122176 -0.108778
v 0.840546 0.141016 -0.092581
v 0.840546 0.141016 -0.092581
v 0.901973 0.151760 -0.097510
v 0.901973 0.151760 -0.097510
v 0.845790 0.185535 -0.006220
v 0.845790 0.185535 -0.006220
v 0.845423 0.183452 -0.000807
v 0.845423 0.183452 -0.000807
v 0.844511 0.182535 -0.027821
v 0.844511 0.182535 -0.027821
v 0.847504 0.183721 -0.023692
v 0.847504 0.183721 -0.023692
v 0.843007 0.169294 -0.058329
v 0.843007 0.169294 -0.058329
v 0.842883 0.171858 -0.054762
v 0.842883 0.171858 -0.054762
v 0.841334 0.175323 -0.050554
v 0.841334 0.175323 -0.050554
v 0.843100 0.179154 -0.048086
v 0.843100 0.179154 -0.048086
v 0.934233 0.182829 -0.085949
v 0.934233 0.182829 -0.085949
v 0.928722 0.174183 -0.085142
v 0.928722 0.174183 -0.085142
v 0.925956 0.168035 -0.084611
v 0.925956 0.168035 -0.084611
v 0.925956 0.168035 -0.084611
v 0.924910 0.163205 -0.084570
v 0.924910 0.163205 -0.084570
v 0.937758 0.186034 -0.093455
v 0.921786 0.169193 -0.078405
v 0.921786 0.169193 -0.078405
v 0.911471 0.176641 -0.068648
v 0.911471 0.176641 -0.068648
v 0.921683 0.160082 -0.087365
v 0.921683 0.160082 -0.087365
v 0.915277 0.152084 -0.092102
v 0.915277 0.152084 -0.092102
v 0.915212 0.174741 -0.074642
v 0.915212 0.174741 -0.074642
v 0.842739 0.182187 -0.044988
v 0.842739 0.182187 -0.044988
v 0.845373 0.183819 -0.039637
v 0.845373 0.183819 -0.039637
v 0.849314 0.110377 -0.110221
v 0.849314 0.110377 -0.110221
v 0.844380 0.117399 -0.107000
v 0.844380 0.117399 -0.107000
v 0.910538 0.147588 -0.093523
v 0.910538 0.147588 -0.093523
v 0.848301 0.099778 -0.115164
v 0.848301 0.099778 -0.115164
v 0.849646 0.095738 -0.115377
v 0.849646 0.095738 -0.115377
v 0.849368 0.090512 -0.116630
v 0.849368 0.090512 -0.116630
v 0.918253 0.180171 -0.103226
v 0.918253 0.180171 -0.103226
v 0.840812 0.129850 -0.100302
v 0.840812 0.129850 -0.100302
v 0.932603 0.192075 -0.087571
v 0.932603 0.192075 -0.087571
v 0.922038 0.191674 -0.089461
v 0.922038 0.191674 -0.089461
v 0.841070 0.155914 -0.075394
v 0.841070 0.155914 -0.075394
v 0.845792 0.162684 -0.069219
v 0.845792 0.162684 -0.069219
v 0.841248 0.160256 -0.071025
v 0.841248 0.160256 -0.071025
v 0.843402 0.166052 -0.063500
v 0.843402 0.166052 -0.063500
v 0.888266 0.156498 -0.091945
v 0.888266 0.156498 -0.091945
v 0.889547 0.164895 -0.076247
v 0.889547 0.164895 -0.076247
v 0.877039 0.185791 -0.036168
v 0.848631 0.181380 0.018844
v 0.848631 0.181380 0.018844
v 0.847156 0.177079 0.021919
v 0.847156 0.177079 0.021919
v 0.931051 0.176830 -0.098912
v 0.931051 0.176830 -0.098912
v 0.927691 0.174175 -0.101563
v 0.927691 0.174175 -0.101563
v 0.926211 0.185053 -0.095229
v 0.846887 0.104412 -0.112573
v 0.846887 0.104412 -0.112573
v 0.923285 0.177469 -0.104636
v 0.923285 0.177469 -0.104636
v 0.836610 0.146904 -0.088190
v 0.836610 0.146904 -0.088190
v 0.938148 0.189537 -0.088466
v 0.938148 0.189537 -0.088466
v 0.926914 0.193068 -0.087950
v 0.926914 0.193068 -0.087950
v 0.911843 0.177713 -0.096494
v 0.884131 0.157441 -0.085969
v 0.884131 0.157441 -0.085969
v 0.896086 0.168823 -0.073111
v 0.896086 0.168823 -0.073111
v 0.883492 0.159325 -0.079286
v 0.883492 0.159325 -0.079286
v 0.851909 0.068329 -0.119498
v 0.851909 0.068329 -0.119498
v 0.849684 0.083312 -0.117935
v 0.849684 0.083312 -0.117935
v 0.850039 0.130057 0.067114
v 0.850039 0.130057 0.067114
v 0.848723 0.183430 0.007371
v 0.848723 0.183430 0.007371
v 0.872243 0.164894 -0.070232
v 0.845616 0.160432 0.051621
v 0.845616 0.160432 0.051621
v 0.849993 0.147882 0.056446
v 0.849993 0.147882 0.056446
v 0.850391 0.138426 0.061588
v 0.850391 0.138426 0.061588
v 0.850408 0.142621 0.058890
v 0.850408 0.142621 0.058890
v 0.843398 0.123851 -0.104131
v 0.843398 0.123851 -0.104131
v 0.843560 0.183566 -0.033519
v 0.843560 0.183566 -0.033519
v 0.953700 0.081817 0.087388
v 0.849128 0.074816 -0.119272
v 0.849128 0.074816 -0.119272
v 0.847772 0.133736 0.063845
v 0.847772 0.133736 0.063845
v 0.843767 0.040161 0.066924
v 0.853188 0.108973 0.073712
v 0.853188 0.108973 0.073712
v 0.852444 0.104261 0.074905
v 0.852444 0.104261 0.074905
v 0.851102 0.112729 0.072842
v 0.851102 0.112729 0.072842
v 0.844682 0.174781 0.026922
v 0.844682 0.174781 0.026922
v 0.867959 0.180348 0.033202
v 0.864261 0.024700 0.051110
v 0.864261 0.024700 0.051110
v 0.864479 0.030587 0.056929
v 0.864479 0.030587 0.056929
v 0.860711 0.036615 0.061705
v 0.860711 0.036615 0.061705
v 0.833229 0.082265 0.077018
v 0.843612 0.171820 0.039253
v 0.843612 0.171820 0.039253
v 0.853702 0.074553 0.077932
v 0.853702 0.074553 0.077932
v 0.855956 0.055989 0.074525
v 0.855956 0.055989 0.074525
v 0.858022 0.051382 0.073405
v 0.858022 0.051382 0.073405
v 0.856179 0.046900 0.069866
v 0.856179 0.046900 0.069866
v 0.843749 0.173560 0.033179
v 0.843749 0.173560 0.033179
v 0.646469 0.002254 -0.075634
v 0.646469 0.002254 -0.075634
v 0.639625 0.003048 -0.077151
v 0.639625 0.003048 -0.077151
v 0.653357 -0.009679 -0.048115
v 0.644307 0.017484 -0.095650
v 0.611095 0.003543 -0.078682
v 0.611095 0.003543 -0.078682
v 0.859386 0.085144 0.077743
v 0.859386 0.085144 0.077743
v 0.778010 0.013906 -0.091814
v 0.778010 0.013906 -0.091814
v 0.761707 0.008938 -0.085789
v 0.761707 0.008938 -0.085789
v 0.754924 0.009916 -0.087037
v 0.754924 0.009916 -0.087037
v 0.857067 0.069740 0.077669
v 0.857067 0.069740 0.077669
v 0.856151 0.042458 0.065804
v 0.856151 0.042458 0.065804
v 0.742371 0.009242 -0.085985
v 0.742371 0.009242 -0.085985
v 0.890118 0.057484 0.078417
v 0.856421 0.062666 0.076212
v 0.856421 0.062666 0.076212
v 0.718382 0.003380 -0.077688
v 0.718382 0.003380 -0.077688
v 0.711452 0.001633 -0.074921
v 0.711452 0.001633 -0.074921
v 0.784876 0.014801 -0.092829
v 0.784876 0.014801 -0.092829
v 0.691788 -0.000405 -0.071424
v 0.691788 -0.000405 -0.071424
v 0.632530 0.003719 -0.078386
v 0.632530 0.003719 -0.078386
v 0.624232 0.004259 -0.079353
v 0.624232 0.004259 -0.079353
v 0.616744 0.004070 -0.079354
v 0.616744 0.004070 -0.079354
v 0.675566 -0.000059 -0.071657
v 0.675566 -0.000059 -0.071657
v 0.604496 0.004954 -0.080415
v 0.604496 0.004954 -0.080415
v 0.653493 0.001258 -0.073901
v 0.653493 0.001258 -0.073901
v 0.597109 0.004348 -0.079776
v 0.597109 0.004348 -0.079776
v 0.737887 -0.009871 -0.056173
v 0.701434 0.009113 -0.085559
v 0.727906 0.006468 -0.082103
v 0.727906 0.006468 -0.082103
v 0.810194 0.014217 -0.091812
v 0.810194 0.014217 -0.091812
v 0.803721 0.012836 -0.090407
v 0.803721 0.012836 -0.090407
v 0.791569 0.015127 -0.093179
v 0.791569 0.015127 -0.093179
v 0.704125 0.001249 -0.074422
v 0.704125 0.001249 -0.074422
v 0.683612 -0.000213 -0.071583
v 0.683612 -0.000213 -0.071583
v 0.661485 0.000001 -0.071640
v 0.661485 0.000001 -0.071640
v 0.674268 0.088849 -0.116811
v 0.664904 0.175895 -0.038840
v 0.857251 0.029360 -0.105877
v 0.857251 0.029360 -0.105877
v 0.751657 0.046566 -0.119638
v 0.757257 0.146821 -0.083951
v 0.815225 0.111933 -0.107959
v 0.735912 0.150652 0.061009
v -1.158985 0.195076 -0.032740
v -1.158985 0.195076 -0.032740
v -1.391688 0.200103 -0.014849
v -0.945447 0.109499 0.056737
v -0.945447 0.109499 0.056737
v 0.948050 0.018183 -0.082434
v 0.948050 0.018183 -0.082434
v 0.956854 0.018300 -0.081094
v 0.956854 0.018300 -0.081094
v -1.162763 0.198986 -0.057637
v -1.162763 0.198986 -0.057637
v -1.173003 0.197226 -0.031288
v -1.173003 0.197226 -0.031288
v -1.506792 0.191052 -0.000055
v -1.459613 0.140379 -0.046771
v -1.459613 0.140379 -0.046771
v -1.512189 0.236127 -0.033226
v -1.512189 0.236127 -0.033226
v -1.519537 0.231116 -0.018720
v -1.519537 0.231116 -0.018720
v -1.520838 0.240675 -0.027141
v -1.520838 0.240675 -0.027141
v -1.477305 0.155586 -0.036103
v -1.477305 0.155586 -0.036103
v -1.528194 0.241639 -0.022949
v -1.528194 0.241639 -0.022949
v -1.528194 0.241639 -0.022949
v -1.520797 0.225843 -0.011805
v -1.520797 0.225843 -0.011805
v -1.526881 0.222165 -0.009717
v -1.526881 0.222165 -0.009717
v -1.167882 0.188726 -0.025227
v -1.442109 0.119760 -0.013472
v 1.071831 0.008771 -0.039818
v -0.927569 0.035803 0.019003
v -0.927569 0.035803 0.019003
v 0.986725 0.023835 -0.083471
v 0.986725 0.023835 -0.083471
v 0.992652 0.026359 -0.085318
v 0.992652 0.026359 -0.085318
v -1.527799 0.197045 -0.004791
v -1.527799 0.197045 -0.004791
v -1.509987 0.177368 -0.024297
v -1.509987 0.177368 -0.024297
v -0.502664 0.007239 -0.120843
v -0.502664 0.007239 -0.120843
v -1.180909 0.199430 -0.034259
v -1.180909 0.199430 -0.034259
v -1.143955 0.160577 -0.084449
v -1.143955 0.160577 -0.084449
v -1.151696 0.163865 -0.085502
v -1.151696 0.163865 -0.085502
v -1.493788 0.235768 -0.042939
v -1.493788 0.235768 -0.042939
v -1.504512 0.237067 -0.039795
v -1.504512 0.237067 -0.039795
v -1.518633 0.254649 -0.011510
v -1.451702 0.211490 -0.041676
v -1.451702 0.211490 -0.041676
v -1.388335 0.192254 -0.013217
v -1.388335 0.192254 -0.013217
v -1.388335 0.192254 -0.013217
v -1.163324 0.161937 -0.085321
v -1.163324 0.161937 -0.085321
v -1.533545 0.244990 -0.023178
v -1.533545 0.244990 -0.023178
v -1.171130 0.159950 -0.084843
v -1.171130 0.159950 -0.084843
v -1.461532 0.215214 -0.043063
v -1.461532 0.215214 -0.043063
v -1.420117 0.201833 -0.042564
v -1.420117 0.201833 -0.042564
v -1.320854 0.100130 -0.053107
v -1.320854 0.100130 -0.053107
v -1.443430 0.205403 0.001882
v -1.437266 0.208576 -0.040719
v -1.437266 0.208576 -0.040719
v -1.441942 0.210695 -0.040994
v -1.441942 0.210695 -0.040994
v -1.472235 0.223047 -0.043396
v -1.472235 0.223047 -0.043396
v -1.474607 0.234875 -0.009528
v -1.179226 0.163158 -0.102611
v -1.179226 0.163158 -0.102611
v 1.304572 0.035636 -0.064194
v 1.304572 0.035636 -0.064194
v -1.484530 0.161731 -0.035623
v -1.484530 0.161731 -0.035623
v -1.110371 0.113678 -0.159196
v -1.110371 0.113678 -0.159196
v -1.138926 0.143343 -0.116956
v -1.093953 0.104541 -0.163279
v -1.093953 0.104541 -0.163279
v -1.123885 0.114183 -0.164489
v -1.123885 0.114183 -0.164489
v -1.030831 0.091441 -0.165654
v -1.030831 0.091441 -0.165654
v -1.056287 0.100625 -0.166844
v -1.056287 0.100625 -0.166844
v -1.067554 0.094284 -0.155330
v -1.067554 0.094284 -0.155330
v -1.075318 0.103227 -0.166438
v -1.075318 0.103227 -0.166438
v -1.100973 0.109438 -0.160489
v -1.100973 0.109438 -0.160489
v -1.120066 0.114749 -0.161686
v -1.120066 0.114749 -0.161686
v -1.083046 0.109387 -0.125425
v -1.083046 0.109387 -0.125425
v -1.081149 0.104286 -0.130717
v -1.081149 0.104286 -0.130717
v -1.079850 0.100591 -0.138845
v -1.079850 0.100591 -0.138845
v -1.077369 0.096137 -0.147190
v -1.077369 0.096137 -0.147190
v -1.177846 0.172768 -0.097096
v -1.177846 0.172768 -0.097096
v -1.047335 0.101411 -0.166274
v -1.047335 0.101411 -0.166274
v -1.130843 0.114244 -0.164852
v -1.130843 0.114244 -0.164852
v -1.030021 0.085921 -0.162682
v -1.030021 0.085921 -0.162682
v -1.045589 0.086180 -0.158958
v -1.045589 0.086180 -0.158958
v -1.183614 0.159523 -0.084924
v -1.183614 0.159523 -0.084924
v -1.061482 0.091228 -0.155448
v -1.061482 0.091228 -0.155448
v -1.074413 0.092940 -0.150194
v -1.074413 0.092940 -0.150194
v -1.143977 0.121308 -0.162229
v -1.143977 0.121308 -0.162229
v -1.149653 0.124390 -0.160515
v -1.149653 0.124390 -0.160515
v -1.156240 0.125944 -0.162886
v -1.156240 0.125944 -0.162886
v -1.197141 0.123295 -0.147516
v -1.197141 0.123295 -0.147516
v -1.192536 0.125975 -0.145175
v -1.192536 0.125975 -0.145175
v -1.137290 0.117410 -0.163397
v -1.137290 0.117410 -0.163397
v -1.220172 0.164837 -0.103866
v -1.220172 0.164837 -0.103866
v -1.173577 0.126001 -0.155473
v -1.173577 0.126001 -0.155473
v -1.166979 0.125390 -0.156572
v -1.166979 0.125390 -0.156572
v -1.159807 0.126770 -0.160053
v -1.159807 0.126770 -0.160053
v -1.149409 0.129883 -0.144024
v -1.183454 0.165057 -0.106090
v -1.183454 0.165057 -0.106090
v -1.126730 0.167818 -0.147491
v -1.126730 0.167818 -0.147491
v -1.112426 0.165580 -0.144825
v -1.112426 0.165580 -0.144825
v -1.192487 0.165021 -0.103044
v -1.192487 0.165021 -0.103044
v -1.221134 0.142757 -0.154146
v -1.221134 0.142757 -0.154146
v -1.098173 0.162044 -0.148139
v -1.098173 0.162044 -0.148139
v -1.063004 0.158231 -0.100983
v -1.063004 0.158231 -0.100983
v -1.190272 0.157102 -0.155083
v -1.190272 0.157102 -0.155083
v -1.043928 0.149243 -0.151352
v -1.043928 0.149243 -0.151352
v -1.176697 0.168645 -0.151093
v -1.176697 0.168645 -0.151093
v -1.141506 0.158987 -0.137974
v -1.162448 0.173323 -0.147678
v -1.162448 0.173323 -0.147678
v -1.167528 0.140496 -0.131148
v -1.167528 0.140496 -0.131148
v -1.084410 0.159559 -0.146729
v -1.084410 0.159559 -0.146729
v -1.076692 0.158030 -0.145235
v -1.076692 0.158030 -0.145235
v -1.201423 0.153945 -0.150801
v -1.201423 0.153945 -0.150801
v -1.213147 0.140616 -0.146498
v -0.998274 0.040685 -0.120316
v -0.998274 0.040685 -0.120316
v -1.199097 0.144274 -0.148784
v -1.199097 0.144274 -0.148784
v -1.208585 0.208447 -0.057505
v -1.208585 0.208447 -0.057505
v -1.199444 0.208328 -0.056809
v -1.199444 0.208328 -0.056809
v -1.196363 0.202388 -0.030911
v -1.196363 0.202388 -0.030911
v -1.190148 0.201508 -0.034049
v -1.190148 0.201508 -0.034049
v -1.220765 0.207624 -0.034776
v -1.220765 0.207624 -0.034776
v -1.192629 0.165950 -0.158432
v -1.192629 0.165950 -0.158432
v -1.084233 0.212636 -0.023537
v -1.084233 0.212636 -0.023537
v -1.086597 0.222033 -0.025237
v -1.086597 0.222033 -0.025237
v -1.080515 0.149559 -0.094716
v -1.080515 0.149559 -0.094716
v -1.059060 0.194136 -0.033729
v -1.059060 0.194136 -0.033729
v -1.066972 0.196088 -0.034018
v -1.066972 0.196088 -0.034018
v -1.079706 0.207783 -0.024130
v -1.079706 0.207783 -0.024130
v -1.066166 0.189236 -0.031224
v -1.066166 0.189236 -0.031224
v -1.090920 0.212936 -0.041219
v -1.090920 0.212936 -0.041219
v -1.016623 0.158046 -0.004010
v -1.174164 0.131013 -0.102953
v -1.174164 0.131013 -0.102953
v -1.053019 0.196027 -0.028514
v -1.053019 0.196027 -0.028514
v -1.074565 0.151242 -0.099269
v -1.074565 0.151242 -0.099269
v -1.077606 0.161639 -0.097597
v -1.077606 0.161639 -0.097597
v -1.084087 0.158125 -0.098667
v -1.084087 0.158125 -0.098667
v -1.082717 0.161928 -0.100852
v -1.082717 0.161928 -0.100852
v -1.202507 0.170588 -0.105157
v -1.202507 0.170588 -0.105157
v -1.209113 0.169907 -0.102021
v -1.209113 0.169907 -0.102021
v -1.109948 0.188684 -0.048750
v -1.109948 0.188684 -0.048750
v -1.102192 0.204341 -0.048200
v -1.102192 0.204341 -0.048200
v -1.102192 0.204341 -0.048200
v -1.126603 0.135708 -0.116119
v -1.126603 0.135708 -0.116119
v -0.034475 -0.027082 -0.018817
v -0.034475 -0.027082 -0.018817
v -1.124772 0.187758 -0.024968
v -1.124772 0.187758 -0.024968
v -1.137225 0.187815 -0.028796
v -1.137225 0.187815 -0.028796
v -1.131449 0.187344 -0.025875
v -1.131449 0.187344 -0.025875
v -1.221224 0.158586 -0.098638
v -1.221224 0.158586 -0.098638
v -1.154959 0.191348 -0.033674
v -1.154959 0.191348 -0.033674
v -1.198985 0.167430 -0.104223
v -1.198985 0.167430 -0.104223
v -1.089844 0.184010 -0.020948
v -1.089844 0.184010 -0.020948
v -1.045547 0.196520 -0.027303
v -1.045547 0.196520 -0.027303
v -1.146568 0.197366 -0.056569
v -1.146568 0.197366 -0.056569
v -1.068099 0.148948 -0.098154
v -1.068099 0.148948 -0.098154
v -1.062517 0.148066 -0.098974
v -1.062517 0.148066 -0.098974
v -1.208648 0.151368 -0.089704
v -1.208648 0.151368 -0.089704
v -1.208648 0.151368 -0.089704
v -1.209011 0.150502 -0.094119
v -1.209011 0.150502 -0.094119
v -1.115910 0.164911 -0.065517
v -1.134215 0.164275 -0.087707
v -1.134215 0.164275 -0.087707
v -1.137185 0.160723 -0.085966
v -1.137185 0.160723 -0.085966
v -1.203716 0.150379 -0.088719
v -1.203716 0.150379 -0.088719
v -1.052381 0.201024 -0.064566
v -1.052381 0.201024 -0.064566
v -1.198731 0.148022 -0.088723
v -1.198731 0.148022 -0.088723
v -1.191063 0.151007 -0.094526
v -1.191063 0.151007 -0.094526
v -1.088265 0.223126 -0.029165
v -1.088265 0.223126 -0.029165
v -1.038041 0.201416 -0.021377
v -1.038041 0.201416 -0.021377
v -1.180773 0.155617 0.007172
v -1.214394 0.166984 -0.101703
v -1.214394 0.166984 -0.101703
v -1.102541 0.186880 -0.024864
v -1.102541 0.186880 -0.024864
v -1.108383 0.187253 -0.024288
v -1.108383 0.187253 -0.024288
v -1.097266 0.157398 -0.100146
v -1.097266 0.157398 -0.100146
v -1.115951 0.158245 -0.101517
v -1.115951 0.158245 -0.101517
v -1.138591 0.193887 -0.055502
v -1.138591 0.193887 -0.055502
v -1.108763 0.059234 -0.096808
v -1.108763 0.059234 -0.096808
v -1.204417 0.075497 -0.062590
v -1.204417 0.075497 -0.062590
v -1.182006 0.075042 -0.071323
v -1.182006 0.075042 -0.071323
v -1.177475 0.058908 -0.055592
v -1.190241 0.075790 -0.067909
v -1.190241 0.075790 -0.067909
v -1.217941 0.105775 -0.080400
v -1.217941 0.105775 -0.080400
v -1.221784 0.099187 -0.074688
v -1.221784 0.099187 -0.074688
v -1.097779 0.086509 -0.109618
v -1.150219 0.067419 -0.081345
v -1.150219 0.067419 -0.081345
v -1.157380 0.068177 -0.078798
v -1.157380 0.068177 -0.078798
v -1.251989 0.207887 -0.056249
v -1.251989 0.207887 -0.056249
v -1.251989 0.207887 -0.056249
v -1.038380 0.041744 -0.107027
v -1.038380 0.041744 -0.107027
v -1.079619 0.048497 -0.101957
v -1.079619 0.048497 -0.101957
v -1.222577 0.118246 -0.080184
v -1.222577 0.118246 -0.080184
v -1.268826 0.101627 -0.058060
v -0.486020 0.006888 -0.119816
v -0.486020 0.006888 -0.119816
v -1.090511 0.051015 -0.099310
v -1.090511 0.051015 -0.099310
v -1.078443 0.117235 -0.122423
v -1.078443 0.117235 -0.122423
v -1.068266 0.125855 -0.117863
v -1.068266 0.125855 -0.117863
v -1.076083 0.121384 -0.118974
v -1.076083 0.121384 -0.118974
v -1.095862 0.053966 -0.100463
v -1.095862 0.053966 -0.100463
v -0.958880 0.160808 0.010683
v -0.958880 0.160808 0.010683
v -1.165257 0.129829 -0.105266
v -1.165257 0.129829 -0.105266
v -1.190504 0.205168 -0.057571
v -1.190504 0.205168 -0.057571
v -1.189739 0.132285 -0.093271
v -1.189739 0.132285 -0.093271
v -1.219328 0.110692 -0.082882
v -1.219328 0.110692 -0.082882
v -1.194378 0.148306 -0.091297
v -1.194378 0.148306 -0.091297
v -1.198773 0.136232 -0.089826
v -1.198773 0.136232 -0.089826
v -1.381849 0.106441 -0.008765
v -1.381849 0.106441 -0.008765
v -1.217149 0.127297 -0.065069
v -1.205761 0.144419 -0.091277
v -1.205761 0.144419 -0.091277
v -1.145075 0.189422 -0.031874
v -1.145075 0.189422 -0.031874
v -1.191416 0.157560 -0.088494
v -1.191416 0.157560 -0.088494
v -1.214836 0.155138 -0.099035
v -1.214836 0.155138 -0.099035
v -1.169347 0.172227 -0.103625
v -1.188736 0.168206 -0.067672
v -1.184808 0.210001 -0.057803
v -1.184808 0.210001 -0.057803
v -1.197105 0.206580 -0.029706
v -1.197105 0.206580 -0.029706
v -1.205148 0.210231 -0.029657
v -1.205148 0.210231 -0.029657
v -1.214928 0.207831 -0.058238
v -1.214928 0.207831 -0.058238
v -1.209090 0.208310 -0.035283
v -1.209090 0.208310 -0.035283
v -1.192027 0.168556 -0.107015
v -1.192027 0.168556 -0.107015
v -1.184814 0.167450 -0.110879
v -1.184814 0.167450 -0.110879
v -1.190610 0.171976 -0.114856
v -1.190610 0.171976 -0.114856
v -1.182402 0.168867 -0.098816
v -1.182402 0.168867 -0.098816
v -1.197902 0.152207 -0.118358
v -1.170114 0.174564 -0.095771
v -1.171446 0.203143 -0.061361
v -1.171446 0.203143 -0.061361
v -1.165721 0.195795 -0.032717
v -1.165721 0.195795 -0.032717
v -1.178996 0.203315 -0.059917
v -1.178996 0.203315 -0.059917
v 0.912421 0.011123 -0.074975
v 0.912421 0.011123 -0.074975
v -1.034046 0.150057 0.041938
v -1.034046 0.150057 0.041938
v -1.039536 0.155363 0.045140
v -1.059340 0.129865 -0.117224
v -1.059340 0.129865 -0.117224
v -1.029073 0.139623 0.038133
v -1.029073 0.139623 0.038133
v -0.771782 0.170632 -0.057952
v -0.771782 0.170632 -0.057952
v 1.433795 0.148591 0.083978
v 1.433795 0.148591 0.083978
v -0.764524 0.165215 -0.066047
v -0.764524 0.165215 -0.066047
v -0.771036 0.172709 -0.063509
v -0.033698 -0.026344 -0.024693
v -0.033698 -0.026344 -0.024693
v -0.770198 0.163870 -0.064083
v -0.770198 0.163870 -0.064083
v 1.287108 0.036867 -0.066474
v 1.287108 0.036867 -0.066474
v 0.038586 -0.025767 0.007160
v -0.861435 0.061273 0.073306
v -0.716736 0.090364 0.085096
v -1.123502 0.060636 -0.088911
v -1.123502 0.060636 -0.088911
v -0.729840 0.028513 0.061721
v -0.457988 -0.001542 -0.106036
v -1.129921 0.063490 -0.088368
v -1.129921 0.063490 -0.088368
v -0.913064 0.028407 -0.088693
v -0.913064 0.028407 -0.088693
v -1.115801 0.060406 -0.093543
v -1.115801 0.060406 -0.093543
v -0.730170 0.026878 -0.133042
v -0.730170 0.026878 -0.133042
v -0.816911 0.042041 -0.145069
v -0.816911 0.042041 -0.145069
v -0.822481 0.040974 -0.143885
v -0.822481 0.040974 -0.143885
v 1.106402 0.039632 -0.084929
v 1.106402 0.039632 -0.084929
v -0.761269 0.029769 -0.135143
v -0.761269 0.029769 -0.135143
v -0.752950 0.027433 -0.132589
v -0.752950 0.027433 -0.132589
v -1.288976 0.164959 -0.062736
v -1.288976 0.164959 -0.062736
v -0.745946 0.027568 -0.132929
v -0.745946 0.027568 -0.132929
v -0.667019 0.025231 -0.135638
v -0.667019 0.025231 -0.135638
v -0.680054 0.026203 -0.135887
v -0.680054 0.026203 -0.135887
v -0.691705 0.023234 -0.131417
v -0.691705 0.023234 -0.131417
v -0.684973 0.024952 -0.134078
v -0.684973 0.024952 -0.134078
v -0.037640 -0.026235 0.000767
v -0.037640 -0.026235 0.000767
v -0.655137 0.025601 -0.137325
v -0.655137 0.025601 -0.137325
v -0.729154 0.012657 -0.095279
v -0.714324 0.024231 -0.131432
v -0.714324 0.024231 -0.131432
v 0.861515 0.011238 0.030011
v 0.861515 0.011238 0.030011
v -1.119267 0.187984 -0.025766
v -1.119267 0.187984 -0.025766
v -0.784432 0.033927 -0.139637
v -0.784432 0.033927 -0.139637
v -0.776920 0.033026 -0.138916
v -0.776920 0.033026 -0.138916
v -0.935634 0.030124 -0.110987
v 1.323842 0.037558 -0.066254
v 1.323842 0.037558 -0.066254
v -0.885065 0.042605 -0.143966
v -0.885065 0.042605 -0.143966
v -0.909703 0.035464 -0.133279
v -0.909703 0.035464 -0.133279
v -0.877697 0.041429 -0.143063
v -0.877697 0.041429 -0.143063
v -1.197196 0.075669 -0.065137
v -1.197196 0.075669 -0.065137
v -0.871241 0.039858 -0.141457
v -0.871241 0.039858 -0.141457
v -0.859467 0.037946 -0.139275
v -0.859467 0.037946 -0.139275
v -0.837551 0.042127 -0.144589
v -0.837551 0.042127 -0.144589
v -0.937666 0.053274 -0.150872
v -0.937666 0.053274 -0.150872
v -0.909968 0.028541 -0.117275
v -0.909968 0.028541 -0.117275
v -0.936668 0.070138 -0.159731
v -0.901762 0.043096 -0.143522
v -0.901762 0.043096 -0.143522
v -0.911860 0.039439 -0.138449
v -0.911860 0.039439 -0.138449
v -0.911860 0.039439 -0.138449
v -0.907629 0.042182 -0.142046
v -0.907629 0.042182 -0.142046
v -0.907629 0.042182 -0.142046
v -1.102278 0.055829 -0.097681
v -1.102278 0.055829 -0.097681
v -1.019187 0.093992 -0.165083
v -1.019187 0.093992 -0.165083
v -0.956653 0.040297 -0.132202
v -0.956653 0.040297 -0.132202
v -0.963984 0.066951 -0.157637
v -0.963984 0.066951 -0.157637
v -0.958038 0.061796 -0.155916
v -0.958038 0.061796 -0.155916
v -1.016701 0.088435 -0.164377
v -1.016701 0.088435 -0.164377
v -1.016701 0.088435 -0.164377
v -1.008910 0.085126 -0.163906
v -1.008910 0.085126 -0.163906
v -1.014435 0.104190 -0.165226
v -1.014435 0.104190 -0.165226
v -1.018108 0.099793 -0.165020
v -1.018108 0.099793 -0.165020
v -0.976698 0.038897 -0.123086
v -0.976698 0.038897 -0.123086
v -0.946751 0.047981 -0.144838
v -0.943145 0.054409 -0.151495
v -0.943145 0.054409 -0.151495
v -0.963969 0.040258 -0.130236
v -0.963969 0.040258 -0.130236
v -0.742329 0.154211 -0.113254
v -0.742329 0.154211 -0.113254
v -0.764894 0.169799 -0.101386
v -0.764894 0.169799 -0.101386
v -0.770169 0.163879 -0.089959
v -0.770169 0.163879 -0.089959
v -0.765067 0.162025 -0.090385
v -0.765067 0.162025 -0.090385
v -0.766206 0.172687 -0.098387
v -0.766206 0.172687 -0.098387
v -1.084897 0.215596 -0.041205
v -1.084897 0.215596 -0.041205
v -1.030081 0.040724 -0.108500
v -1.030081 0.040724 -0.108500
v -0.755337 0.161866 -0.109687
v -0.755337 0.161866 -0.109687
v -0.757247 0.161777 -0.090492
v -0.757247 0.161777 -0.090492
v -0.921286 0.031397 -0.018787
v -0.921286 0.031397 -0.018787
v -0.965106 0.176028 -0.123966
v -0.965106 0.176028 -0.123966
v -1.047191 0.204894 -0.067023
v -1.047191 0.204894 -0.067023
v -0.983367 0.189122 -0.100701
v -0.983367 0.189122 -0.100701
v 0.884356 0.012083 -0.080575
v 0.884356 0.012083 -0.080575
v -1.035401 0.202945 -0.070983
v -1.035401 0.202945 -0.070983
v -1.027490 0.202533 -0.069999
v -1.027490 0.202533 -0.069999
v -1.102142 0.213599 -0.045764
v -1.102142 0.213599 -0.045764
v -1.097464 0.214862 -0.042085
v -1.097464 0.214862 -0.042085
v -1.016937 0.135952 -0.127607
v -1.016937 0.135952 -0.127607
v -1.039533 0.123466 0.045082
v -1.054206 0.221933 -0.021252
v -0.987347 0.159339 -0.143418
v -0.987347 0.159339 -0.143418
v -0.997015 0.141056 -0.149196
v -0.997015 0.141056 -0.149196
v -1.009341 0.117155 -0.162774
v -1.009341 0.117155 -0.162774
v -0.992378 0.106957 -0.163042
v -1.008250 0.123597 -0.153664
v -1.008250 0.123597 -0.153664
v -1.004661 0.139125 -0.148460
v -1.004661 0.139125 -0.148460
v -1.004661 0.139125 -0.148460
v -1.004661 0.139125 -0.148460
v -1.012696 0.140029 -0.148952
v -1.012696 0.140029 -0.148952
v -1.063127 0.200223 -0.065321
v -1.063127 0.200223 -0.065321
v -1.069743 0.201446 -0.064353
v -1.069743 0.201446 -0.064353
v -1.074359 0.226061 -0.055229
v -1.311244 0.093829 0.029558
v -1.074879 0.202012 -0.063464
v -1.074879 0.202012 -0.063464
v -1.083642 0.203074 -0.063001
v -1.083642 0.203074 -0.063001
v -1.125509 0.163415 -0.089814
v -1.125509 0.163415 -0.089814
v -1.129965 0.164141 -0.089178
v -1.129965 0.164141 -0.089178
v -0.916203 0.029919 -0.067885
v -0.916203 0.029919 -0.067885
v -0.820859 0.183400 -0.089577
v 0.318573 0.159946 -0.029561
v -1.086935 0.141760 -0.112705
v -0.981480 0.165311 -0.135812
v -0.981480 0.165311 -0.135812
v -0.976178 0.165735 -0.128928
v -0.976178 0.165735 -0.128928
v -1.134288 0.133758 -0.117219
v -1.134288 0.133758 -0.117219
v -0.998482 0.249138 -0.031035
v -0.991101 0.209320 0.000992
v -0.991101 0.209320 0.000992
v -1.016917 0.216665 -0.071833
v -0.955227 0.158183 0.015636
v -0.955227 0.158183 0.015636
v -0.957385 0.161150 0.005422
v -0.957385 0.161150 0.005422
v -0.954196 0.159851 0.021726
v -0.954196 0.159851 0.021726
v -0.953505 0.163601 0.029676
v -0.953505 0.163601 0.029676
v -0.953505 0.163601 0.029676
v -0.953505 0.163601 0.029676
v -0.961461 0.162815 0.026404
v -0.961461 0.162815 0.026404
v -0.964458 0.167120 0.023319
v -0.968536 0.158159 0.024112
v -0.968536 0.158159 0.024112
v -0.983428 0.205561 -0.000572
v -0.983428 0.205561 -0.000572
v -0.968184 0.163759 0.023564
v -1.062085 0.188018 -0.025334
v -0.956333 0.175834 -0.003547
v -0.956333 0.175834 -0.003547
v -0.945688 0.214303 -0.064087
v -0.945688 0.214303 -0.064087
v -0.947860 0.210316 -0.064001
v -0.947860 0.210316 -0.064001
v -0.944009 0.219614 -0.053734
v -0.944009 0.219614 -0.053734
v -0.942893 0.225707 -0.051108
v -0.942893 0.225707 -0.051108
v -0.944008 0.231101 -0.034158
v -0.944008 0.231101 -0.034158
v -0.945259 0.208320 -0.005100
v -0.945259 0.208320 -0.005100
v -0.945259 0.208320 -0.005100
v -0.953421 0.178896 -0.004586
v -0.953421 0.178896 -0.004586
v -0.942354 0.211303 -0.011564
v -0.942354 0.211303 -0.011564
v -0.950338 0.196258 -0.003437
v -0.950338 0.196258 -0.003437
v -1.097454 0.153336 -0.096629
v -1.097454 0.153336 -0.096629
v -1.097454 0.153336 -0.096629
v 0.878648 0.012512 -0.082247
v 0.878648 0.012512 -0.082247
v -1.217597 0.075443 -0.059071
v -1.217597 0.075443 -0.059071
v -0.999370 0.209521 -0.079543
v -0.999370 0.209521 -0.079543
v -0.929284 0.039285 0.034873
v -0.929284 0.039285 0.034873
v -1.006751 0.209631 -0.081061
v -1.006751 0.209631 -0.081061
v -1.022832 0.205897 -0.072084
v -1.022832 0.205897 -0.072084
v -0.971433 0.206351 -0.070747
v -0.971433 0.206351 -0.070747
v -0.981197 0.211471 -0.073493
v -0.981197 0.211471 -0.073493
v -0.991194 0.183065 -0.080602
v -0.991194 0.183065 -0.080602
v -0.942583 0.215671 -0.013113
v -0.942583 0.215671 -0.013113
v -0.941496 0.225900 -0.017961
v -0.941496 0.225900 -0.017961
v -0.950938 0.203604 -0.068204
v -0.950938 0.203604 -0.068204
v -0.950938 0.203604 -0.068204
v -0.955864 0.197502 -0.083593
v -0.955864 0.197502 -0.083593
v -0.949046 0.200341 -0.081113
v -0.949046 0.200341 -0.081113
v -1.002772 0.213377 -0.001993
v -1.002772 0.213377 -0.001993
v -1.018664 0.190256 -0.008950
v -1.118377 0.161251 -0.093146
v -1.118377 0.161251 -0.093146
v -1.073970 0.204431 -0.025504
v -1.073970 0.204431 -0.025504
v -1.067987 0.199037 -0.027641
v -1.067987 0.199037 -0.027641
v -1.070614 0.187249 -0.028171
v -1.070614 0.187249 -0.028171
v -0.863428 0.219697 -0.031142
v -1.116125 0.147450 -0.110892
v -1.116125 0.147450 -0.110892
v -1.119245 0.138795 -0.114927
v -1.119245 0.138795 -0.114927
v -1.090187 0.151303 -0.098489
v -1.090187 0.151303 -0.098489
v -0.995433 0.080808 -0.162507
v -0.995433 0.080808 -0.162507
v -1.012693 0.149505 0.031640
v -1.012693 0.149505 0.031640
v -1.014886 0.135960 0.053466
v -1.014886 0.135960 0.053466
v 0.871185 0.005012 0.009277
v 0.871185 0.005012 0.009277
v -1.052769 0.131875 -0.116108
v -1.052769 0.131875 -0.116108
v -1.006136 0.133251 0.056591
v -1.006136 0.133251 0.056591
v 1.134012 0.038683 -0.081512
v 1.134012 0.038683 -0.081512
v -1.028857 0.134666 0.042175
v -1.028857 0.134666 0.042175
v 1.461807 0.098095 -0.088354
v 1.461807 0.098095 -0.088354
v -1.024119 0.134359 0.043054
v -1.024119 0.134359 0.043054
v -0.997338 0.130966 0.056808
v -0.997338 0.130966 0.056808
v -0.966514 0.127775 0.057855
v -0.966514 0.127775 0.057855
v -0.985660 0.131872 0.060852
v -0.985660 0.131872 0.060852
v -0.976086 0.156898 0.058473
v -1.034892 0.132596 -0.117135
v -1.034892 0.132596 -0.117135
v -1.121145 0.190073 -0.051525
v -1.121145 0.190073 -0.051525
v -0.948038 0.159558 0.052397
v -0.948038 0.159558 0.052397
v -1.104759 0.194717 -0.050487
v -1.104759 0.194717 -0.050487
v -0.959361 0.132943 0.066309
v -0.959361 0.132943 0.066309
v -0.947492 0.158980 0.040618
v -0.947492 0.158980 0.040618
v 0.009219 0.014595 -0.096130
v 0.009219 0.014595 -0.096130
v -0.952186 0.123573 0.059743
v -0.952186 0.123573 0.059743
v -0.941181 0.056724 0.067766
v -0.941181 0.056724 0.067766
v -0.936185 0.079197 0.075764
v -0.936185 0.079197 0.075764
v -1.099369 0.202691 -0.055129
v -1.099369 0.202691 -0.055129
v -0.934904 0.094358 0.064639
v -0.934904 0.094358 0.064639
v -0.932496 0.089522 0.069031
v -0.932496 0.089522 0.069031
v -0.936132 0.098253 0.061481
v -0.936132 0.098253 0.061481
v -1.088713 0.157276 -0.095496
v -1.088713 0.157276 -0.095496
v -1.092003 0.158504 -0.101289
v -1.092003 0.158504 -0.101289
v -1.085041 0.164344 -0.103685
v -0.958439 0.088872 0.068193
v -1.085538 0.158193 -0.103522
v -1.085538 0.158193 -0.103522
v -1.075268 0.157099 -0.104039
v -1.255247 0.212395 -0.051928
v -1.255247 0.212395 -0.051928
v -1.073116 0.164554 -0.098927
v -1.073116 0.164554 -0.098927
v -1.260540 0.218015 -0.043846
v -1.260540 0.218015 -0.043846
v -1.266644 0.219824 -0.046427
v -1.266644 0.219824 -0.046427
v -1.284823 0.214597 -0.071366
v -1.039826 0.156686 -0.102831
v -1.068281 0.161498 -0.099871
v -1.068281 0.161498 -0.099871
v -1.291981 0.201951 -0.071861
v -1.291981 0.201951 -0.071861
v -1.305722 0.202278 -0.075633
v -1.305722 0.202278 -0.075633
v -1.240554 0.146402 -0.078090
v -1.240554 0.146402 -0.078090
v -1.240405 0.152033 -0.082115
v -1.240405 0.152033 -0.082115
v -1.239748 0.158120 -0.073674
v -1.239748 0.158120 -0.073674
v -1.252506 0.155552 -0.080848
v -1.249814 0.147387 -0.076929
v -1.249814 0.147387 -0.076929
v -1.244869 0.145642 -0.076495
v -1.244869 0.145642 -0.076495
v -1.266003 0.150563 -0.066358
v -1.244989 0.127209 -0.078601
v -1.244989 0.127209 -0.078601
v -1.239664 0.126256 -0.076948
v -1.239664 0.126256 -0.076948
v -1.259255 0.152132 -0.081901
v -1.259255 0.152132 -0.081901
v -1.255836 0.153061 -0.073510
v -1.255836 0.153061 -0.073510
v -1.255836 0.153061 -0.073510
v -1.248692 0.128904 -0.076490
v -1.248692 0.128904 -0.076490
v -1.273514 0.193944 -0.055834
v -1.273514 0.193944 -0.055834
v -1.278502 0.183214 -0.062199
v -1.278502 0.183214 -0.062199
v -1.278502 0.183214 -0.062199
v -1.246492 0.214646 -0.038944
v -1.246492 0.214646 -0.038944
v -1.246492 0.214646 -0.038944
v -1.237438 0.213332 -0.038683
v -1.237438 0.213332 -0.038683
v -1.271227 0.189762 -0.062210
v -1.271227 0.189762 -0.062210
v -1.266954 0.200829 -0.051702
v -1.266954 0.200829 -0.051702
v -1.266769 0.193626 -0.061833
v -1.266769 0.193626 -0.061833
v -1.101203 0.164505 -0.004897
v -1.256173 0.206008 -0.043955
v -1.256173 0.206008 -0.043955
v -1.251908 0.211623 -0.039127
v -1.251908 0.211623 -0.039127
v -0.917927 0.030125 -0.058800
v -0.917927 0.030125 -0.058800
v -1.262096 0.196813 -0.061419
v -1.262096 0.196813 -0.061419
v -1.243119 0.166064 -0.065327
v 0.471331 0.167980 -0.027184
v -1.502041 0.170958 -0.029678
v -1.502041 0.170958 -0.029678
v -1.296796 0.172452 -0.049235
v -1.296796 0.172452 -0.049235
v -1.294909 0.171788 -0.054379
v -1.294909 0.171788 -0.054379
v -1.324019 0.148520 -0.055622
v -1.290080 0.169615 -0.059997
v -1.290080 0.169615 -0.059997
v -1.079211 0.210372 -0.035395
v -1.079211 0.210372 -0.035395
v -1.087980 0.177805 -0.070775
v -1.211948 0.207410 -0.048071
v -1.233570 0.206551 -0.055884
v -1.233570 0.206551 -0.055884
v -1.259795 0.192821 -0.042465
v -1.278770 0.177574 -0.061361
v -1.278770 0.177574 -0.061361
v -1.328083 0.102989 -0.054406
v -1.328083 0.102989 -0.054406
v -1.064260 0.191913 -0.038560
v -1.064260 0.191913 -0.038560
v -1.064260 0.191913 -0.038560
v -1.086784 0.149345 -0.094435
v -1.086784 0.149345 -0.094435
v -1.247379 0.114434 -0.068878
v -1.247379 0.114434 -0.068878
v -0.970244 0.039616 -0.127340
v -0.970244 0.039616 -0.127340
v 0.865643 0.001809 -0.046817
v 0.865643 0.001809 -0.046817
v -1.243053 0.074467 -0.054381
v -1.243053 0.074467 -0.054381
v -1.087634 0.206323 -0.063618
v -1.087634 0.206323 -0.063618
v -1.098371 0.207882 -0.061906
v -1.098371 0.207882 -0.061906
v -1.130687 0.136457 -0.117543
v -1.130687 0.136457 -0.117543
v -1.087108 0.217919 -0.023129
v -1.087108 0.217919 -0.023129
v -1.155388 0.130111 -0.109209
v -1.155388 0.130111 -0.109209
v -1.336079 0.103901 -0.054521
v -1.336079 0.103901 -0.054521
v -1.299824 0.087825 -0.050590
v -1.299824 0.087825 -0.050590
v -0.127720 0.063283 -0.125840
v 0.892145 0.011406 -0.078029
v 0.892145 0.011406 -0.078029
v -1.374422 0.117109 -0.059257
v -1.374422 0.117109 -0.059257
v -1.374422 0.117109 -0.059257
v -1.145855 0.171600 -0.146838
v -1.145855 0.171600 -0.146838
v -1.277451 0.077192 -0.055561
v -1.277451 0.077192 -0.055561
v -1.265461 0.077067 -0.055091
v -1.265461 0.077067 -0.055091
v -1.376046 0.108864 -0.054712
v -1.376046 0.108864 -0.054712
v -1.373621 0.105107 -0.052872
v -1.373621 0.105107 -0.052872
v -1.366636 0.114065 -0.057357
v -1.366636 0.114065 -0.057357
v -1.349611 0.108968 -0.055533
v -1.349611 0.108968 -0.055533
v -1.092799 0.125368 -0.139857
v -1.032235 0.134550 -0.121517
v -1.032235 0.134550 -0.121517
v -1.139597 0.168779 -0.148491
v -1.139597 0.168779 -0.148491
v -1.382236 0.130157 0.002600
v -1.382236 0.130157 0.002600
v -1.193731 0.169919 -0.152506
v -1.193731 0.169919 -0.152506
v -1.198254 0.140561 -0.160440
v -1.386731 0.119020 0.006900
v -1.386731 0.119020 0.006900
v 0.933336 0.014362 -0.078769
v 0.933336 0.014362 -0.078769
v -1.199578 0.157260 -0.155047
v -1.199578 0.157260 -0.155047
v -1.205266 0.142939 -0.151874
v -1.205266 0.142939 -0.151874
v -1.131976 0.167804 -0.148659
v -1.131976 0.167804 -0.148659
v -1.215154 0.144125 -0.154514
v -1.215154 0.144125 -0.154514
v -1.213864 0.139456 -0.142376
v -1.213864 0.139456 -0.142376
v -1.211645 0.142866 -0.150019
v -1.211645 0.142866 -0.150019
v -1.370092 0.188842 -0.013746
v -1.370092 0.188842 -0.013746
v -1.376277 0.185779 -0.037243
v -1.376277 0.185779 -0.037243
v -1.381213 0.148908 -0.000680
v -1.381213 0.148908 -0.000680
v -1.316352 0.199153 -0.079535
v -1.316352 0.199153 -0.079535
v -1.374674 0.182044 0.006095
v -1.374674 0.182044 0.006095
v -1.163756 0.144940 -0.133677
v -1.163756 0.144940 -0.133677
v -1.383763 0.143849 -0.000636
v -1.383763 0.143849 -0.000636
v -1.171088 0.143976 -0.131887
v -1.171088 0.143976 -0.131887
v -1.326566 0.170758 -0.047169
v -1.326566 0.170758 -0.047169
v -1.153099 0.172621 -0.148684
v -1.153099 0.172621 -0.148684
v -1.345355 0.176854 -0.044079
v -1.345355 0.176854 -0.044079
v -1.165978 0.171060 -0.145494
v -1.165978 0.171060 -0.145494
v -1.335063 0.215976 -0.086955
v -1.335063 0.215976 -0.086955
v -1.168289 0.165753 -0.146572
v -1.168289 0.165753 -0.146572
v -1.331014 0.209660 -0.088107
v -1.331014 0.209660 -0.088107
v -1.329430 0.207623 -0.084470
v -1.329430 0.207623 -0.084470
v -1.320431 0.203572 -0.082665
v -1.320431 0.203572 -0.082665
v -1.187058 0.161772 -0.160177
v -1.187058 0.161772 -0.160177
v -1.341116 0.224463 -0.092177
v -1.341116 0.224463 -0.092177
v -1.187386 0.169392 -0.151914
v -1.187386 0.169392 -0.151914
v -1.187329 0.141268 -0.137773
v -1.348906 0.136713 0.002609
v -1.359910 0.178711 -0.039172
v -1.359910 0.178711 -0.039172
v -1.031394 0.144941 -0.150557
v -1.031394 0.144941 -0.150557
v -1.036956 0.145894 -0.152699
v -1.036956 0.145894 -0.152699
v -1.382018 0.192613 -0.038445
v -1.382018 0.192613 -0.038445
v -1.374195 0.161856 0.001302
v -1.374195 0.161856 0.001302
v -1.374299 0.170048 0.004551
v -1.374299 0.170048 0.004551
v -1.287712 0.226057 -0.059468
v -1.287712 0.226057 -0.059468
v -1.183856 0.156034 -0.156840
v -1.183856 0.156034 -0.156840
v -1.326528 0.237688 -0.080382
v -1.326528 0.237688 -0.080382
v -1.358270 0.235861 -0.091976
v -1.358270 0.235861 -0.091976
v -1.333615 0.230885 -0.090536
v -1.306438 0.231014 -0.070367
v -1.306438 0.231014 -0.070367
v -1.344467 0.239884 -0.087093
v -1.344467 0.239884 -0.087093
v -1.295745 0.228091 -0.061752
v -1.295745 0.228091 -0.061752
v -1.338502 0.239468 -0.083709
v -1.338502 0.239468 -0.083709
v -0.605957 0.051892 0.086974
v 0.823712 -0.001051 -0.067417
v -0.486875 0.016932 -0.132408
v -0.601915 0.015058 -0.130510
v -0.601915 0.015058 -0.130510
v -0.567015 0.039764 -0.151944
v -0.534664 0.009145 -0.126942
v -0.534664 0.009145 -0.126942
v -0.528685 0.008655 -0.125464
v -0.528685 0.008655 -0.125464
v -0.540264 0.009132 -0.127545
v -0.540264 0.009132 -0.127545
v -1.090699 0.162171 -0.147365
v -1.090699 0.162171 -0.147365
v 0.906274 0.011076 -0.075366
v 0.906274 0.011076 -0.075366
v -1.106752 0.164462 -0.146231
v -1.106752 0.164462 -0.146231
v -1.217553 0.141710 -0.147380
v -1.217553 0.141710 -0.147380
v -0.569290 0.007710 -0.125529
v -0.569290 0.007710 -0.125529
v -0.585666 0.009838 -0.126038
v -0.585666 0.009838 -0.126038
v -0.592133 0.011080 -0.126656
v -0.592133 0.011080 -0.126656
v -1.024494 0.143902 -0.150320
v -1.024494 0.143902 -0.150320
v -0.637542 0.021594 -0.134774
v -0.637542 0.021594 -0.134774
v -0.610229 0.015659 -0.130510
v -0.610229 0.015659 -0.130510
v -1.187990 0.123220 -0.147976
v -1.187990 0.123220 -0.147976
v -1.182080 0.120670 -0.149975
v -1.182080 0.120670 -0.149975
v -0.516380 0.007538 -0.122208
v -0.516380 0.007538 -0.122208
v -0.522621 0.008183 -0.123842
v -0.522621 0.008183 -0.123842
v -0.338899 0.005049 -0.125398
v -0.338899 0.005049 -0.125398
v -0.325475 0.005585 -0.126739
v -0.325475 0.005585 -0.126739
v -0.408323 0.003627 -0.120257
v -0.408323 0.003627 -0.120257
v -0.393314 0.002878 -0.120193
v -0.393314 0.002878 -0.120193
v -0.387896 0.002075 -0.118970
v -0.387896 0.002075 -0.118970
v -0.373598 0.001299 -0.118258
v -0.373598 0.001299 -0.118258
v -0.343940 0.003850 -0.123425
v -0.343940 0.003850 -0.123425
v -0.350624 0.004452 -0.123348
v -0.350624 0.004452 -0.123348
v -0.359878 0.002278 -0.120404
v -0.359878 0.002278 -0.120404
v -0.466577 0.005414 -0.119418
v -0.466577 0.005414 -0.119418
v -0.451089 0.006068 -0.121268
v -0.451089 0.006068 -0.121268
v -0.456439 0.004841 -0.118962
v -0.456439 0.004841 -0.118962
v -1.201763 0.120331 -0.148007
v -1.201763 0.120331 -0.148007
v -1.046258 0.042936 -0.106612
v -1.046258 0.042936 -0.106612
v -1.211547 0.131641 -0.140901
v -1.211547 0.131641 -0.140901
v 0.614517 0.077042 0.090611
v 0.404152 0.054308 0.102475
v -0.437110 0.004246 -0.119279
v -0.437110 0.004246 -0.119279
v -1.037133 0.086495 -0.161700
v -1.037133 0.086495 -0.161700
v -0.340542 0.160154 -0.081231
v -0.591410 0.002239 -0.065481
v -0.391200 0.184461 0.003629
v -1.083206 0.114982 -0.123932
v -1.083206 0.114982 -0.123932
v -1.088806 0.103531 -0.163657
v -1.088806 0.103531 -0.163657
v -1.081042 0.104165 -0.166128
v -1.081042 0.104165 -0.166128
v 0.066705 0.009038 -0.088035
v 0.066705 0.009038 -0.088035
v -1.110910 0.131064 -0.168561
v 0.114963 0.007927 -0.084823
v 0.114963 0.007927 -0.084823
v -1.064100 0.102349 -0.166804
v -1.064100 0.102349 -0.166804
v 0.139931 0.024880 -0.096685
v 0.108700 0.007462 -0.084271
v 0.108700 0.007462 -0.084271
v 0.025507 0.016673 -0.096001
v 0.025507 0.016673 -0.096001
v 0.072917 -0.001847 -0.074757
v -0.037452 0.047403 0.091762
v -0.037452 0.047403 0.091762
v 0.086857 0.008469 -0.085843
v 0.086857 0.008469 -0.085843
v 0.094083 0.008324 -0.085476
v 0.094083 0.008324 -0.085476
v 0.078994 0.009292 -0.087163
v 0.078994 0.009292 -0.087163
v 0.072622 0.007776 -0.086297
v 0.072622 0.007776 -0.086297
v -1.038322 0.095727 -0.166415
v -1.038322 0.095727 -0.166415
v 0.867932 0.004177 -0.060142
v 0.867932 0.004177 -0.060142
v 0.058962 0.011454 -0.090906
v 0.058962 0.011454 -0.090906
v 0.045404 0.014689 -0.094131
v 0.045404 0.014689 -0.094131
v -0.045625 -0.001837 0.051973
v -0.045625 -0.001837 0.051973
v -0.079920 -0.013932 0.037499
v -0.066338 0.044373 -0.109583
v -0.028022 0.066565 -0.111137
v -0.028022 0.066565 -0.111137
v -0.025222 0.060293 -0.109482
v -0.025222 0.060293 -0.109482
v -0.024747 0.056209 -0.107765
v -0.024747 0.056209 -0.107765
v -0.038010 0.034480 0.085907
v -0.038010 0.034480 0.085907
v -0.037398 0.041654 0.091091
v -0.037398 0.041654 0.091091
v -0.041999 0.017674 0.074311
v -0.041999 0.017674 0.074311
v 0.063843 0.043161 -0.104987
v -0.019470 0.032734 -0.105957
v -0.019470 0.032734 -0.105957
v -0.034821 -0.012230 -0.072459
v -0.034821 -0.012230 -0.072459
v -0.004192 0.046444 -0.106561
v -0.022594 0.045133 -0.107024
v -0.022594 0.045133 -0.107024
v -0.026177 0.049471 -0.106930
v -0.026177 0.049471 -0.106930
v -0.029156 0.017370 -0.104288
v -0.029156 0.017370 -0.104288
v -0.027130 0.005223 -0.096637
v -0.027130 0.005223 -0.096637
v 0.003001 0.015414 -0.097462
v 0.003001 0.015414 -0.097462
v -1.410906 0.198283 -0.043141
v -1.410906 0.198283 -0.043141
v -1.401659 0.195810 -0.043650
v -1.401659 0.195810 -0.043650
v -1.391934 0.194378 -0.042947
v -1.391934 0.194378 -0.042947
v -0.042514 -0.008307 0.041504
v -0.042514 -0.008307 0.041504
v 0.263913 0.016164 -0.087598
v 0.263913 0.016164 -0.087598
v 0.249463 0.012928 -0.085673
v 0.249463 0.012928 -0.085673
v 0.293357 0.015549 -0.086253
v 0.293357 0.015549 -0.086253
v 0.286303 0.015491 -0.086298
v 0.286303 0.015491 -0.086298
v -0.919396 0.030603 -0.034164
v -0.919396 0.030603 -0.034164
v 0.278858 0.015607 -0.086598
v 0.278858 0.015607 -0.086598
v 0.208575 0.001917 -0.078497
v 0.208575 0.001917 -0.078497
v 0.227395 0.006379 -0.081213
v 0.227395 0.006379 -0.081213
v 0.137769 0.002384 -0.079321
v 0.137769 0.002384 -0.079321
v 0.120264 -0.001129 0.057772
v 0.155176 0.047528 0.101509
v -1.000663 0.036306 -0.073652
v 0.214112 0.003919 -0.080114
v 0.214112 0.003919 -0.080114
v -0.926420 0.125022 0.069131
v 0.275140 0.061868 0.107573
v 0.191074 0.000700 -0.078557
v 0.191074 0.000700 -0.078557
v 0.232324 0.031525 -0.099720
v 0.182075 0.001454 -0.079516
v 0.182075 0.001454 -0.079516
v 0.169145 0.002384 -0.080482
v 0.169145 0.002384 -0.080482
v 0.200038 -0.000508 -0.076678
v 0.200038 -0.000508 -0.076678
v 0.219867 0.004457 -0.080113
v 0.219867 0.004457 -0.080113
v 0.233050 0.091031 -0.102548
v -0.047189 0.105150 0.065835
v -0.047189 0.105150 0.065835
v -0.043317 0.108804 0.058922
v -0.043317 0.108804 0.058922
v 0.054071 0.167530 0.038428
v -0.028132 -0.022059 -0.042256
v -0.028132 -0.022059 -0.042256
v -0.037852 0.133183 0.003339
v -0.037852 0.133183 0.003339
v -0.042390 0.130422 0.019695
v -0.042390 0.130422 0.019695
v -0.946421 0.058424 -0.154650
v -0.946421 0.058424 -0.154650
v -0.042651 0.129472 0.025042
v -0.042651 0.129472 0.025042
v -0.042518 0.119897 0.041195
v -0.042518 0.119897 0.041195
v -0.040356 0.066895 0.096844
v -0.040356 0.066895 0.096844
v -0.039257 0.062656 0.095377
v -0.039257 0.062656 0.095377
v 0.381846 0.013058 -0.082435
v 0.381846 0.013058 -0.082435
v -0.043122 0.078157 0.096659
v -0.043122 0.078157 0.096659
v -0.041066 0.073370 0.097473
v -0.041066 0.073370 0.097473
v -1.244392 0.159147 -0.073346
v -1.244392 0.159147 -0.073346
v 0.420802 0.010516 -0.081138
v 0.420802 0.010516 -0.081138
v -0.159336 0.010513 -0.116664
v -0.159336 0.010513 -0.116664
v -1.018253 0.149710 0.033878
v -1.018253 0.149710 0.033878
v 0.210909 0.154900 -0.065832
v -1.465103 0.219331 -0.043750
v -1.465103 0.219331 -0.043750
v -1.429777 0.204895 -0.040963
v -1.429777 0.204895 -0.040963
v -0.912215 0.027582 -0.111082
v -0.912215 0.027582 -0.111082
v -0.032009 0.145781 -0.027991
v -0.032009 0.145781 -0.027991
v -0.030971 0.142567 -0.020653
v -0.030971 0.142567 -0.020653
v 0.300218 0.016070 -0.086419
v 0.300218 0.016070 -0.086419
v -0.937062 0.073726 0.076311
v -0.937062 0.073726 0.076311
v 0.003035 0.161660 -0.053440
v -0.021049 0.111641 -0.093212
v -0.021049 0.111641 -0.093212
v -0.021112 0.108590 -0.097375
v -0.021112 0.108590 -0.097375
v -0.021188 0.101300 -0.105408
v -0.021188 0.101300 -0.105408
v -0.020115 0.094697 -0.109161
v -0.020115 0.094697 -0.109161
v -0.029523 0.144831 -0.048958
v -0.029523 0.144831 -0.048958
v -0.029546 0.136315 -0.061617
v -0.029546 0.136315 -0.061617
v -0.028430 0.132476 -0.064023
v -0.028430 0.132476 -0.064023
v -0.025419 0.129574 -0.066128
v -0.025419 0.129574 -0.066128
v -0.042726 0.109874 -0.104109
v -0.024809 0.120135 -0.074361
v -0.024809 0.120135 -0.074361
v -0.028574 0.080694 -0.111757
v -0.028574 0.080694 -0.111757
v -0.028347 0.071648 -0.112621
v -0.028347 0.071648 -0.112621
v -0.035212 0.133447 -0.007624
v -0.035212 0.133447 -0.007624
v -1.537999 0.250410 -0.017585
v -1.537999 0.250410 -0.017585
v -1.533471 0.259815 -0.005457
v -1.539101 0.247309 -0.021128
v -1.539101 0.247309 -0.021128
v -1.535340 0.255318 -0.011067
v -1.535340 0.255318 -0.011067
v -1.382940 0.158980 -0.046177
v 0.399956 0.013691 -0.083524
v 0.399956 0.013691 -0.083524
v 0.406523 0.014312 -0.084330
v 0.406523 0.014312 -0.084330
v -0.056421 0.019969 -0.108632
v -0.056421 0.019969 -0.108632
v -0.095777 0.017495 -0.112302
v -0.095777 0.017495 -0.112302
v -0.090074 0.019152 -0.112369
v -0.090074 0.019152 -0.112369
v -1.385896 0.111262 -0.000132
v -1.385896 0.111262 -0.000132
v -0.939760 0.052571 0.062785
v -0.939760 0.052571 0.062785
v -0.139855 0.009261 -0.112249
v -0.139855 0.009261 -0.112249
v -0.152520 0.010227 -0.115184
v -0.152520 0.010227 -0.115184
v 0.446466 0.005765 -0.076843
v 0.446466 0.005765 -0.076843
v -0.063398 0.019111 -0.109305
v -0.063398 0.019111 -0.109305
v 0.503530 -0.009280 -0.057931
v -0.173791 0.011712 -0.120110
v -0.173791 0.011712 -0.120110
v -0.166069 0.011060 -0.118229
v -0.166069 0.011060 -0.118229
v -0.103016 0.015617 -0.112265
v -0.103016 0.015617 -0.112265
v -0.111382 0.014404 -0.112366
v -0.111382 0.014404 -0.112366
v -0.118230 0.012533 -0.111892
v -0.118230 0.012533 -0.111892
v -0.076983 0.017082 -0.110325
v -0.076983 0.017082 -0.110325
v -0.070509 0.015494 -0.108743
v -0.070509 0.015494 -0.108743
v -0.055790 -0.001368 -0.095644
v 0.867115 0.005557 -0.066574
v 0.867115 0.005557 -0.066574
v 0.868536 0.003092 -0.054269
v 0.868536 0.003092 -0.054269
v -1.498747 0.235989 -0.041714
v -1.498747 0.235989 -0.041714
v -0.047847 0.006574 0.063177
v -0.047847 0.006574 0.063177
v -0.043289 -0.016625 0.026501
v -0.043289 -0.016625 0.026501
v -0.045552 0.014005 0.071131
v -0.045552 0.014005 0.071131
v -0.048676 0.010516 0.067597
v -0.048676 0.010516 0.067597
v -1.487264 0.231875 -0.043735
v -1.487264 0.231875 -0.043735
v -1.479624 0.226628 -0.043496
v -1.479624 0.226628 -0.043496
v -0.424174 0.002949 -0.118454
v -0.424174 0.002949 -0.118454
v -0.040802 -0.018904 0.021811
v -0.040802 -0.018904 0.021811
v -0.098847 0.133545 0.071315
v 0.590435 0.002070 -0.076814
v 0.590435 0.002070 -0.076814
v -0.058081 0.125386 0.034954
v 0.472613 0.007014 -0.078577
v 0.472613 0.007014 -0.078577
v 0.458333 0.006093 -0.077366
v 0.458333 0.006093 -0.077366
v -1.379007 0.098865 -0.037295
v -1.379007 0.098865 -0.037295
v -0.044480 0.130971 0.015087
v -0.044480 0.130971 0.015087
v -1.388321 0.197741 -0.012820
v -1.388321 0.197741 -0.012820
v 0.501524 0.009672 -0.082164
v 0.501524 0.009672 -0.082164
v 0.490845 0.008236 -0.080361
v 0.490845 0.008236 -0.080361
v -1.446568 0.132709 -0.051306
v -1.446568 0.132709 -0.051306
v -0.044941 0.120945 0.034843
v -0.044941 0.120945 0.034843
v -0.044527 0.085873 0.095814
v -0.044527 0.085873 0.095814
v -0.049917 0.099322 0.079172
v -0.049917 0.099322 0.079172
v 0.583035 0.000683 -0.074956
v 0.583035 0.000683 -0.074956
v -1.043702 0.074762 0.073239
v -0.835203 0.017989 -0.019131
v 0.567329 0.002446 -0.076577
v 0.567329 0.002446 -0.076577
v -1.410009 0.123973 -0.057627
v -1.410009 0.123973 -0.057627
v -0.289856 -0.007560 0.042450
v 0.865684 0.009301 0.024713
v 0.865684 0.009301 0.024713
v -1.257487 0.146588 0.013806
v -0.181527 0.010305 -0.120173
v -0.181527 0.010305 -0.120173
v -1.087629 0.046077 -0.073445
v -0.242929 0.128848 -0.102068
v -0.255125 0.008129 -0.132005
v -1.258148 0.075210 -0.034773
v -0.276558 0.002123 -0.125173
v -0.276558 0.002123 -0.125173
v -0.264847 0.002718 -0.125683
v -0.264847 0.002718 -0.125683
v -1.532525 0.221346 -0.007416
v -1.532525 0.221346 -0.007416
v -0.227062 0.005504 -0.123883
v -0.227062 0.005504 -0.123883
v -0.343636 0.016350 -0.134120
v -0.299844 0.002151 -0.124129
v -0.299844 0.002151 -0.124129
v -0.030666 -0.020443 -0.048274
v -0.030666 -0.020443 -0.048274
v -0.214576 0.008652 -0.124426
v -0.214576 0.008652 -0.124426
v -0.207953 0.010184 -0.124538
v -0.207953 0.010184 -0.124538
v -0.199407 0.011055 -0.123750
v -0.199407 0.011055 -0.123750
v -0.189723 -0.006439 -0.099154
v 0.771915 0.013356 -0.091156
v 0.771915 0.013356 -0.091156
v 0.871876 0.003573 0.001128
v 0.871876 0.003573 0.001128
v -0.297012 0.184755 -0.007689
v 1.160903 0.009140 0.025491
v 0.866814 0.006623 0.016526
v 0.866814 0.006623 0.016526
v -0.968167 0.178586 -0.117878
v -0.968167 0.178586 -0.117878
v -0.372074 0.105413 0.083634
v -0.003824 0.016640 -0.099308
v -0.003824 0.016640 -0.099308
v -0.490882 0.063861 0.085360
v -0.388914 0.019030 0.067989
v -1.465931 0.144454 -0.041651
v -1.465931 0.144454 -0.041651
v -0.040440 -0.024887 0.006882
v -0.040440 -0.024887 0.006882
v -1.472608 0.181924 -0.043050
v -1.471172 0.151327 -0.041591
v -1.471172 0.151327 -0.041591
v -1.079781 0.183449 -0.018935
v -1.079781 0.183449 -0.018935
v -1.005281 0.039037 -0.113062
v -1.005281 0.039037 -0.113062
v -1.532758 0.211450 -0.006342
v -1.532758 0.211450 -0.006342
v -0.036104 -0.027198 -0.006872
v -0.036104 -0.027198 -0.006872
v -1.530555 0.204840 -0.005804
v -1.530555 0.204840 -0.005804
v -1.215380 0.208543 -0.036465
v -1.215380 0.208543 -0.036465
v -0.965589 0.204522 -0.069271
v -0.965589 0.204522 -0.069271
v -1.067092 0.046369 -0.105169
v -1.067092 0.046369 -0.105169
v -0.916490 0.029807 -0.075246
v -0.916490 0.029807 -0.075246
v -1.391593 0.197513 -0.018478
v -1.391593 0.197513 -0.018478
v -1.521408 0.184264 -0.011813
v -1.521408 0.184264 -0.011813
v -1.432335 0.127505 -0.054059
v -1.432335 0.127505 -0.054059
v -0.866109 0.038120 -0.139434
v -0.866109 0.038120 -0.139434
v 1.106019 0.137679 0.073612
v 1.106019 0.137679 0.073612
v -1.422462 0.125834 -0.056845
v -1.422462 0.125834 -0.056845
v -0.031038 -0.009884 -0.077387
v -0.031038 -0.009884 -0.077387
v 1.156532 0.039294 -0.079328
v 1.156532 0.039294 -0.079328
v 1.294748 0.036611 -0.065726
v 1.294748 0.036611 -0.065726
v 1.141634 0.038304 -0.080019
v 1.141634 0.038304 -0.080019
v 1.164364 0.040587 -0.079818
v 1.164364 0.040587 -0.079818
v 1.088135 0.062594 -0.096518
v 1.120084 0.040524 -0.084716
v 1.120084 0.040524 -0.084716
v 1.126315 0.038819 -0.082644
v 1.126315 0.038819 -0.082644
v 1.147829 0.032151 -0.072018
v 1.428464 0.178504 0.065873
v 1.428464 0.178504 0.065873
v 1.428464 0.178504 0.065873
v 1.428464 0.178504 0.065873
v 1.114024 0.039602 -0.084364
v 1.114024 0.039602 -0.084364
v 1.427092 0.179105 0.061459
v 1.427092 0.179105 0.061459
v 1.248885 0.037320 -0.068546
v 1.248885 0.037320 -0.068546
v 1.260500 0.036006 -0.066431
v 1.260500 0.036006 -0.066431
v 1.249330 0.019623 -0.041160
v 1.427723 0.176233 0.055225
v 1.427723 0.176233 0.055225
v 1.279404 0.035340 -0.064821
v 1.279404 0.035340 -0.064821
v 1.193617 0.038455 -0.075078
v 1.193617 0.038455 -0.075078
v 1.201281 0.039158 -0.075038
v 1.201281 0.039158 -0.075038
v 1.214385 0.041443 -0.075956
v 1.214385 0.041443 -0.075956
v 1.221304 0.040391 -0.074037
v 1.221304 0.040391 -0.074037
v -1.433478 0.156724 -0.048643
v 1.456305 0.128551 0.039338
v 1.456305 0.128551 0.039338
v 1.466804 0.135324 0.042266
v 1.466804 0.135324 0.042266
v -0.032883 -0.025244 -0.030554
v -0.032883 -0.025244 -0.030554
v -1.385263 0.126075 0.004997
v -1.385263 0.126075 0.004997
v 1.505038 0.069570 -0.039565
v 1.505038 0.069570 -0.039565
v 1.509298 0.081421 -0.044668
v 1.509298 0.081421 -0.044668
v 1.473236 0.078943 -0.000534
v 1.504319 0.056924 -0.034384
v 1.504319 0.056924 -0.034384
v 1.450743 0.207978 0.025581
v 1.450743 0.207978 0.025581
v 1.453096 0.207821 0.052463
v 1.453096 0.207821 0.052463
v 1.491369 0.079489 -0.086125
v 1.491369 0.079489 -0.086125
v -1.383582 0.117246 -0.058299
v -1.383582 0.117246 -0.058299
v 1.461561 0.102869 -0.088950
v 1.461561 0.102869 -0.088950
v 1.423147 0.206173 0.052088
v 1.423147 0.206173 0.052088
v 1.423866 0.201558 0.056366
v 1.423866 0.201558 0.056366
v -1.393692 0.118085 -0.057636
v -1.393692 0.118085 -0.057636
v 1.497221 0.076117 -0.086153
v 1.497221 0.076117 -0.086153
v -1.401977 0.120707 -0.057493
v -1.401977 0.120707 -0.057493
v 1.441648 0.169067 0.046467
v 1.441648 0.169067 0.046467
v 1.441648 0.169067 0.046467
v 1.451458 0.123282 -0.084932
v 1.451458 0.123282 -0.084932
v 1.456564 0.120903 -0.085751
v 1.456564 0.120903 -0.085751
v 1.451471 0.127547 -0.082959
v 1.451471 0.127547 -0.082959
v 1.413347 0.088531 -0.088596
v 1.452042 0.137883 -0.077065
v 1.452042 0.137883 -0.077065
v 1.442360 0.148075 -0.069126
v 1.442360 0.148075 -0.069126
v 1.464540 0.120031 -0.069020
v 1.439107 0.074027 0.060931
v 1.439107 0.074027 0.060931
v 1.440453 0.179894 -0.034136
v 1.440453 0.179894 -0.034136
v 1.441929 0.181995 -0.026642
v 1.441929 0.181995 -0.026642
v 1.444146 0.183216 -0.022065
v 1.444146 0.183216 -0.022065
v 1.442093 0.186730 -0.017852
v 1.442093 0.186730 -0.017852
v 1.438474 0.157259 0.070138
v 1.438474 0.157259 0.070138
v 1.431256 0.144324 0.081559
v 1.431256 0.144324 0.081559
v -1.387791 0.122580 0.007243
v -1.387791 0.122580 0.007243
v 1.442283 0.159769 0.069116
v 1.442283 0.159769 0.069116
v 1.435284 0.165351 0.050192
v 1.435284 0.165351 0.050192
v 1.436106 0.151950 0.069727
v 1.436106 0.151950 0.069727
v 1.435709 0.156773 0.065041
v 1.435709 0.156773 0.065041
v 1.435709 0.156773 0.065041
v 1.459345 0.143992 -0.044335
v 1.459345 0.143992 -0.044335
v 1.462139 0.144695 -0.039553
v 1.462139 0.144695 -0.039553
v 1.461656 0.146285 -0.019316
v 1.461656 0.146285 -0.019316
v 1.458210 0.205760 0.053245
v 1.458210 0.205760 0.053245
v 1.452127 0.202880 0.015747
v 1.452127 0.202880 0.015747
v 1.451194 0.202235 0.010806
v 1.451194 0.202235 0.010806
v 1.457249 0.115201 0.022018
v 1.457249 0.115201 0.022018
v 1.476700 0.161767 0.024634
v 1.476700 0.161767 0.024634
v 1.472329 0.151552 0.029317
v 1.474963 0.124767 0.005893
v 1.472694 0.169348 0.031577
v 1.472694 0.169348 0.031577
v 1.441716 0.190183 -0.011604
v 1.441716 0.190183 -0.011604
v 1.451826 0.197732 0.001889
v 1.451826 0.197732 0.001889
v -0.701685 0.009691 -0.016263
v 1.445297 0.132277 0.048203
v 1.445297 0.132277 0.048203
v 1.445297 0.132277 0.048203
v 1.449499 0.119108 0.057065
v 1.449499 0.119108 0.057065
v 1.446005 0.130078 0.043996
v 1.446005 0.130078 0.043996
v 1.446232 0.126272 0.054446
v 1.446232 0.126272 0.054446
v 1.459591 0.116798 0.027259
v 1.459591 0.116798 0.027259
v 1.443976 0.169698 -0.049281
v 1.443976 0.169698 -0.049281
v 1.396701 0.167690 -0.054719
v 1.451161 0.193624 0.057555
v 1.458629 0.173758 0.041245
v 1.458629 0.173758 0.041245
v 1.467159 0.122563 0.031328
v 1.467159 0.122563 0.031328
v 1.469798 0.132552 0.039298
v 1.469798 0.132552 0.039298
v -1.381485 0.138732 -0.000305
v -1.381485 0.138732 -0.000305
v 1.437475 0.177015 0.050198
v 1.437475 0.177015 0.050198
v 1.431061 0.169283 0.061271
v 1.431061 0.169283 0.061271
v 1.430614 0.213176 0.044790
v 1.430614 0.213176 0.044790
v 1.439443 0.177516 0.069967
v 1.439443 0.177516 0.069967
v 1.434362 0.174546 0.056672
v 1.434362 0.174546 0.056672
v 1.430127 0.171356 0.062765
v 1.430127 0.171356 0.062765
v 1.431300 0.179299 0.069882
v 1.431300 0.179299 0.069882
v -1.533895 0.217204 -0.006370
v -1.533895 0.217204 -0.006370
v 1.449459 0.060368 0.046243
v 1.449459 0.060368 0.046243
v -0.041812 0.022962 0.078212
v -0.041812 0.022962 0.078212
v 0.918527 0.011235 -0.074365
v 0.918527 0.011235 -0.074365
v 1.473695 0.123028 -0.046917
v 1.473695 0.123028 -0.046917
v 1.466666 0.134866 -0.048932
v 1.466666 0.134866 -0.048932
v 1.474123 0.117073 -0.028920
v 1.460372 0.141328 -0.050584
v 1.460372 0.141328 -0.050584
v 1.460372 0.141328 -0.050584
v 1.465631 0.195291 0.049512
v 1.465631 0.195291 0.049512
v 1.429272 0.099095 0.064925
v 1.429272 0.099095 0.064925
v 1.473094 0.153276 -0.004598
v 1.473094 0.153276 -0.004598
v -1.381983 0.101556 -0.025269
v -1.381983 0.101556 -0.025269
v 1.466828 0.147254 -0.012129
v 1.466828 0.147254 -0.012129
v 1.442222 0.062915 0.043089
v 1.442222 0.062915 0.043089
v 1.435570 0.062633 0.045733
v 1.435570 0.062633 0.045733
v 1.434830 0.090675 0.060650
v 1.434830 0.090675 0.060650
v 1.436215 0.066837 0.048236
v 1.436215 0.066837 0.048236
v 1.391749 0.180082 -0.050882
v 1.391749 0.180082 -0.050882
v 1.435204 0.095858 0.062634
v 1.435204 0.095858 0.062634
v 1.446195 0.153297 -0.064543
v 1.446195 0.153297 -0.064543
v 1.460932 0.064711 0.017253
v 1.460932 0.064711 0.017253
v 1.449975 0.205703 0.021780
v 1.449975 0.205703 0.021780
v 1.453315 0.210707 0.030099
v 1.453315 0.210707 0.030099
v 1.443788 0.206629 0.042310
v 1.443788 0.206629 0.042310
v 1.288120 0.127750 -0.087112
v 1.402339 0.169246 -0.059520
v 1.402339 0.169246 -0.059520
v 1.392734 0.156836 -0.066003
v 1.392734 0.156836 -0.066003
v 1.401226 0.158473 -0.066647
v 1.401226 0.158473 -0.066647
v -1.495183 0.167421 -0.030331
v -1.495183 0.167421 -0.030331
v -0.901696 0.029075 -0.047683
v 1.398629 0.179285 -0.051507
v 1.398629 0.179285 -0.051507
v -1.229812 0.099487 -0.071524
v -1.229812 0.099487 -0.071524
v 1.420710 0.197214 0.059099
v 1.420710 0.197214 0.059099
v 1.311952 0.204694 -0.027388
v 1.428044 0.135872 0.089592
v 1.428044 0.135872 0.089592
v 1.414165 0.136772 0.092438
v 1.427974 0.141277 0.085844
v 1.427974 0.141277 0.085844
v 0.949939 0.009581 -0.066030
v 0.867235 0.001283 -0.023633
v 0.867235 0.001283 -0.023633
v -0.417265 0.002478 -0.117753
v -0.417265 0.002478 -0.117753
v -1.516513 0.238401 -0.030184
v -1.516513 0.238401 -0.030184
v 1.322999 0.176736 0.071879
v 0.865915 0.001066 -0.032726
v 0.865915 0.001066 -0.032726
v 0.743503 0.048562 0.073911
v 1.161121 0.205648 0.030165
v -0.032093 -0.023495 -0.037388
v -0.032093 -0.023495 -0.037388
v 1.234805 0.194812 -0.048730
v -0.040624 -0.021375 0.016455
v -0.040624 -0.021375 0.016455
v 0.993103 0.002988 0.019008
v 1.323733 0.097173 0.085894
v 1.429725 0.103229 0.087436
v 1.429725 0.103229 0.087436
v -0.934519 0.046933 0.054743
v -0.934519 0.046933 0.054743
v 1.424950 0.126851 0.090217
v 1.424950 0.126851 0.090217
v 1.427773 0.113998 0.093342
v 1.427773 0.113998 0.093342
v 1.428506 0.108704 0.091319
v 1.428506 0.108704 0.091319
v 0.854988 0.079411 0.077942
v 0.854988 0.079411 0.077942
v 1.425942 0.131422 0.090518
v 1.425942 0.131422 0.090518
v 1.426835 0.121920 0.091414
v 1.426835 0.121920 0.091414
v 1.511077 0.048387 -0.029339
v 1.511077 0.048387 -0.029339
v 1.509690 0.045444 -0.024104
v 1.509690 0.045444 -0.024104
v 1.509690 0.045444 -0.024104
v -0.917588 0.030271 -0.039743
v -0.917588 0.030271 -0.039743
v 0.798103 0.014035 -0.091909
v 0.798103 0.014035 -0.091909
v 1.501492 0.061842 -0.079098
v 1.501492 0.061842 -0.079098
v 1.496130 0.033368 -0.006310
v 1.496130 0.033368 -0.006310
v 1.502129 0.046089 -0.040210
v 1.502129 0.046089 -0.040210
v 1.492887 0.054055 -0.069753
v 1.492887 0.054055 -0.069753
v 1.492993 0.055728 -0.075614
v 1.492993 0.055728 -0.075614
v 1.497183 0.046424 -0.046158
v 1.497183 0.046424 -0.046158
v 1.491168 0.051563 -0.067928
v 1.491168 0.051563 -0.067928
v 1.492267 0.032243 0.000077
v 1.492267 0.032243 0.000077
v -0.709111 0.194720 -0.024628
v 1.464763 0.029312 0.030381
v 1.464763 0.029312 0.030381
v 1.464763 0.029312 0.030381
v 1.459151 0.029859 0.033015
v 1.459151 0.029859 0.033015
v 1.456259 0.039030 0.040653
v 1.456259 0.039030 0.040653
v 1.457083 0.045996 0.040243
v 1.457083 0.045996 0.040243
v 1.340093 0.024740 0.042528
v 1.338649 0.039722 -0.069172
v 1.338649 0.039722 -0.069172
v 1.489205 0.048497 -0.013267
v 1.417651 0.046434 -0.075899
v 1.417651 0.046434 -0.075899
v 1.395002 0.049557 -0.076790
v 1.395002 0.049557 -0.076790
v 1.424411 0.047475 -0.075687
v 1.424411 0.047475 -0.075687
v 1.434849 0.048546 -0.075935
v 1.434849 0.048546 -0.075935
v 1.442624 0.047789 -0.075711
v 1.442624 0.047789 -0.075711
v 1.389086 0.042515 -0.070438
v 1.449263 0.047555 -0.075607
v 1.449263 0.047555 -0.075607
v 1.472816 0.054737 -0.079551
v 1.472816 0.054737 -0.079551
v 1.467775 0.054250 -0.079064
v 1.467775 0.054250 -0.079064
v 1.388260 0.047984 -0.075516
v 1.388260 0.047984 -0.075516
v 1.361028 0.047372 -0.076486
v 1.361028 0.047372 -0.076486
v 1.352136 0.044048 -0.073983
v 1.352136 0.044048 -0.073983
v 1.371769 0.047776 -0.075216
v 1.371769 0.047776 -0.075216
v 1.378015 0.046981 -0.074302
v 1.378015 0.046981 -0.074302
v 1.347996 0.063683 -0.084880
v 1.382902 0.048257 -0.075638
v 1.382902 0.048257 -0.075638
v 1.411149 0.047546 -0.076274
v 1.411149 0.047546 -0.076274
v -1.377132 0.098741 -0.044100
v -1.377132 0.098741 -0.044100
v 1.345746 0.041203 -0.070829
v 1.345746 0.041203 -0.070829
v 1.488668 0.029725 0.006012
v 1.488668 0.029725 0.006012
v 1.500216 0.034896 -0.011373
v 1.500216 0.034896 -0.011373
v 1.463662 0.053064 -0.078386
v 1.463662 0.053064 -0.078386
v 1.504545 0.035978 -0.014750
v 1.504545 0.035978 -0.014750
v 1.456945 0.050877 -0.076992
v 1.456945 0.050877 -0.076992
v 1.464825 0.062524 -0.083602
v 1.375849 0.213948 0.004985
v -0.477806 0.005911 -0.119178
v -0.477806 0.005911 -0.119178
v -1.380765 0.100142 -0.031284
v -1.380765 0.100142 -0.031284
v 1.428411 0.100342 0.073164
v 1.428411 0.100342 0.073164
v 1.470792 0.047546 0.024157
v 1.470792 0.047546 0.024157
v 1.472234 0.040285 0.024630
v 1.472234 0.040285 0.024630
v 0.133839 -0.016238 -0.034762
v 1.475339 0.029840 0.022341
v 1.475339 0.029840 0.022341
v 1.470451 0.029711 0.027171
v 1.470451 0.029711 0.027171
v 1.479237 0.029588 0.016221
v 1.479237 0.029588 0.016221
v 1.208000 0.040564 -0.075644
v 1.208000 0.040564 -0.075644
v 1.483888 0.029064 0.011174
v 1.483888 0.029064 0.011174
v 1.454128 0.035277 0.038213
v 1.454128 0.035277 0.038213
v 1.455051 0.049893 0.042623
v 1.455051 0.049893 0.042623
v -0.783379 0.200531 -0.025287
v 1.402266 0.164959 -0.062861
v 1.402266 0.164959 -0.062861
v 1.446164 0.088350 0.034914
v 1.471086 0.016115 0.013085
v 0.862325 0.013819 0.035360
v 0.862325 0.013819 0.035360
v 1.387810 0.177742 -0.051501
v 1.387810 0.177742 -0.051501
v 1.490659 0.048423 -0.063988
v 1.490659 0.048423 -0.063988
v 1.491960 0.046338 -0.056575
v 1.491960 0.046338 -0.056575
v -0.923881 0.033358 0.003560
v -0.923881 0.033358 0.003560
v 1.486491 0.056530 -0.080039
v 1.486491 0.056530 -0.080039
v 1.387003 0.176364 -0.056491
v 1.387003 0.176364 -0.056491
v 1.494046 0.045010 -0.051450
v 1.494046 0.045010 -0.051450
v 1.495944 0.057635 -0.070725
v 1.495944 0.057635 -0.070725
v 1.495944 0.057635 -0.070725
v 1.404591 0.169046 0.076029
v 1.508584 0.052374 -0.027945
v 1.508584 0.052374 -0.027945
v 1.508900 0.046033 -0.034983
v 1.508900 0.046033 -0.034983
v -0.937897 0.061647 0.072093
v -0.937897 0.061647 0.072093
v 0.854659 0.063047 -0.119492
v 0.854659 0.063047 -0.119492
v 1.407480 0.077211 0.078488
v 1.055687 0.188173 -0.025045
v 1.055687 0.188173 -0.025045
v 1.386265 0.166683 -0.061202
v 1.386265 0.166683 -0.061202
v -1.158506 0.162747 -0.085109
v -1.158506 0.162747 -0.085109
v 1.423026 0.184553 0.059673
v 1.423026 0.184553 0.059673
v 1.421505 0.190538 0.059853
v 1.421505 0.190538 0.059853
v -0.029977 -0.015733 0.029216
v 1.106941 0.142339 0.071242
v 1.106941 0.142339 0.071242
v 1.100632 0.144932 0.072321
v 1.100632 0.144932 0.072321
v 1.101773 0.135877 0.074627
v 1.101773 0.135877 0.074627
v 1.092435 0.115878 0.092212
v 1.142603 0.100411 0.096708
v 1.262994 0.216872 0.045931
v -0.658674 0.108589 -0.145422
v 1.224163 0.134382 0.087522
v 0.575918 0.002051 -0.076497
v 0.575918 0.002051 -0.076497
v 0.555759 0.003451 -0.077588
v 0.555759 0.003451 -0.077588
v 0.560433 0.001696 -0.075552
v 0.560433 0.001696 -0.075552
v 0.584507 -0.010984 -0.058342
v 0.573446 0.068821 -0.113988
v 1.013445 0.177744 -0.038511
v 1.013445 0.177744 -0.038511
v 0.521872 0.008902 -0.082115
v 0.521872 0.008902 -0.082115
v 0.544502 0.006148 -0.080303
v 0.544502 0.006148 -0.080303
v 0.438040 0.005790 -0.076371
v 0.438040 0.005790 -0.076371
v 0.465026 0.008716 -0.080384
v 0.465026 0.008716 -0.080384
v 0.481453 0.006339 -0.077985
v 0.481453 0.006339 -0.077985
v 0.486412 0.007255 -0.079159
v 0.486412 0.007255 -0.079159
v 0.845504 0.165776 0.047361
v 0.845504 0.165776 0.047361
v 0.492996 0.041061 -0.108800
v 0.515549 0.008578 -0.081485
v 0.515549 0.008578 -0.081485
v -1.073543 0.047588 -0.104221
v -1.073543 0.047588 -0.104221
v 0.509018 0.008709 -0.081286
v 0.509018 0.008709 -0.081286
v 0.495941 0.009740 -0.082089
v 0.495941 0.009740 -0.082089
v 0.452076 0.005268 -0.076319
v 0.452076 0.005268 -0.076319
v 0.320200 0.036881 -0.100037
v 0.331711 0.018586 -0.087725
v 0.331711 0.018586 -0.087725
v 0.356744 0.012460 -0.081503
v 0.356744 0.012460 -0.081503
v 0.413528 0.012365 -0.082662
v 0.413528 0.012365 -0.082662
v 0.437873 0.018117 -0.089342
v 0.394130 0.061158 -0.111237
v 0.317574 0.018151 -0.087900
v 0.317574 0.018151 -0.087900
v 0.312820 0.018029 -0.087853
v 0.312820 0.018029 -0.087853
v 0.339392 0.017837 -0.086745
v 0.339392 0.017837 -0.086745
v 0.347422 0.014637 -0.083682
v 0.347422 0.014637 -0.083682
v -0.564549 0.006298 -0.123682
v -0.564549 0.006298 -0.123682
v 0.307465 0.017977 -0.087689
v 0.307465 0.017977 -0.087689
v 0.324544 0.018489 -0.087969
v 0.324544 0.018489 -0.087969
v 0.365328 0.013381 -0.082293
v 0.365328 0.013381 -0.082293
v 0.428689 0.008981 -0.079624
v 0.428689 0.008981 -0.079624
v 0.392977 0.012918 -0.082585
v 0.392977 0.012918 -0.082585
v 0.374311 0.014623 -0.083530
v 0.374311 0.014623 -0.083530
v -1.013895 0.039325 -0.111890
v -1.013895 0.039325 -0.111890
v -1.525934 0.189571 -0.003367
v -1.525934 0.189571 -0.003367
v -0.772768 0.168678 -0.067869
v -0.772768 0.168678 -0.067869
v -0.772768 0.168678 -0.067869
v -0.776654 0.165397 -0.094243
v -1.091924 0.208328 -0.062211
v -1.091924 0.208328 -0.062211
v -0.775201 0.176583 -0.064727
v -1.157724 0.193588 -0.047351
v 0.571997 0.160501 -0.062826
v 0.418460 -0.006224 -0.061040
v 1.411816 0.152523 -0.073461
v -0.932609 0.044180 0.048834
v -0.932609 0.044180 0.048834
v -1.154820 0.198466 -0.057161
v -1.154820 0.198466 -0.057161
v -1.238069 0.101876 -0.069382
v -1.238069 0.101876 -0.069382
v -1.383546 0.105166 -0.013166
v -1.383546 0.105166 -0.013166
v -0.808961 0.074704 -0.157138
v 0.415911 0.173365 0.021096
v -0.950751 0.142438 0.067131
v -0.950751 0.142438 0.067131
v 1.029957 0.191593 -0.017737
v 1.029957 0.191593 -0.017737
v 1.450285 0.133149 -0.079883
v 1.450285 0.133149 -0.079883
v 0.353507 0.143242 0.080406
v -0.979184 0.129284 0.058259
v -0.979184 0.129284 0.058259
v -0.017795 -0.025613 -0.030516
v -0.032740 -0.018418 -0.054935
v -0.032740 -0.018418 -0.054935
v -1.374490 0.101649 -0.049612
v -1.374490 0.101649 -0.049612
v 0.578598 0.167303 0.044869
v 0.981890 0.021819 -0.081872
v 0.981890 0.021819 -0.081872
v 0.976356 0.021274 -0.082044
v 0.976356 0.021274 -0.082044
v 1.073852 0.035058 -0.084215
v 1.073852 0.035058 -0.084215
v 1.044005 0.031721 -0.084431
v 1.044005 0.031721 -0.084431
v 1.084052 0.034663 -0.082799
v 1.084052 0.034663 -0.082799
v 1.037215 0.030153 -0.083670
v 1.037215 0.030153 -0.083670
v 1.016864 0.062432 -0.100780
v 1.066801 0.035464 -0.085169
v 1.066801 0.035464 -0.085169
v 1.052338 0.033655 -0.085267
v 1.052338 0.033655 -0.085267
v 0.969116 0.020116 -0.081871
v 0.969116 0.020116 -0.081871
v 0.963381 0.018156 -0.079905
v 0.963381 0.018156 -0.079905
v 0.934819 0.029221 -0.099779
v -0.990374 0.131196 0.058609
v -0.990374 0.131196 0.058609
v -0.807025 0.121645 0.074396
v 0.908075 0.006224 0.023282
v -1.070254 0.157945 -0.145985
v -1.070254 0.157945 -0.145985
v -0.811129 0.040172 -0.143561
v -0.811129 0.040172 -0.143561
v -0.804071 0.037536 -0.141291
v -0.804071 0.037536 -0.141291
v -0.798232 0.035361 -0.139412
v -0.798232 0.035361 -0.139412
v -0.738880 0.028388 -0.133948
v -0.738880 0.028388 -0.133948
v -0.674206 0.025850 -0.135774
v -0.674206 0.025850 -0.135774
v -0.648265 0.030294 -0.142071
v -0.648761 0.024706 -0.136878
v -0.648761 0.024706 -0.136878
v -0.660365 0.025014 -0.136157
v -0.660365 0.025014 -0.136157
v -0.700850 0.023245 -0.130908
v -0.700850 0.023245 -0.130908
v -0.722918 0.024454 -0.130827
v -0.722918 0.024454 -0.130827
v -0.801084 0.024375 -0.122582
v 1.400508 0.210916 0.054827
v -0.791904 0.035174 -0.139782
v -0.791904 0.035174 -0.139782
v 1.436312 0.212568 0.042314
v 1.436312 0.212568 0.042314
v 1.447605 0.210432 0.044772
v 1.447605 0.210432 0.044772
v -0.726204 0.056575 -0.154725
v -0.927443 0.048578 -0.147136
v -0.927443 0.048578 -0.147136
v -0.928548 0.041550 -0.139467
v -0.928548 0.041550 -0.139467
v -0.893955 0.044162 -0.145235
v -0.893955 0.044162 -0.145235
v 1.450529 0.208012 0.032558
v 1.450529 0.208012 0.032558
v -1.406013 0.104972 -0.046609
v -0.908398 0.032321 -0.127893
v -0.908398 0.032321 -0.127893
v -0.852449 0.039314 -0.141295
v -0.852449 0.039314 -0.141295
v -0.873540 0.053261 -0.154379
v -0.845675 0.040855 -0.143059
v -0.845675 0.040855 -0.143059
v 1.465173 0.053120 0.019188
v 1.465173 0.053120 0.019188
v -0.829326 0.041051 -0.143492
v -0.829326 0.041051 -0.143492
v -0.893549 0.025226 -0.115364
v -0.920394 0.040619 -0.139053
v -0.920394 0.040619 -0.139053
v -0.920233 0.045993 -0.145087
v -0.920233 0.045993 -0.145087
v 1.461611 0.057575 0.016412
v 1.461611 0.057575 0.016412
v -0.990172 0.078914 -0.161603
v -0.990172 0.078914 -0.161603
v -0.945588 0.040372 -0.134882
v -0.945588 0.040372 -0.134882
v -0.982239 0.077213 -0.161375
v -0.982239 0.077213 -0.161375
v -0.973537 0.072517 -0.158914
v -0.973537 0.072517 -0.158914
v -0.938347 0.038760 -0.134174
v -0.938347 0.038760 -0.134174
v -0.951217 0.041335 -0.135383
v -0.951217 0.041335 -0.135383
v -0.969274 0.068236 -0.157588
v -0.969274 0.068236 -0.157588
v -1.002270 0.083590 -0.163133
v -1.002270 0.083590 -0.163133
v -0.952827 0.059749 -0.154922
v -0.952827 0.059749 -0.154922
v -0.984042 0.039153 -0.120752
v -0.984042 0.039153 -0.120752
v 1.448778 0.156781 -0.056845
v 1.448778 0.156781 -0.056845
v 1.448778 0.156781 -0.056845
v 1.461636 0.084969 0.025335
v 1.461636 0.084969 0.025335
v 1.460773 0.098249 0.018738
v 1.460773 0.098249 0.018738
v -0.747888 0.157238 -0.112892
v -0.747888 0.157238 -0.112892
v -0.742328 0.147593 -0.106609
v -0.742328 0.147593 -0.106609
v -0.739156 0.151732 -0.100590
v -0.739156 0.151732 -0.100590
v -0.708013 0.149436 -0.077520
v -0.768976 0.173270 -0.094333
v -0.768976 0.173270 -0.094333
v 1.463229 0.091755 0.025978
v 1.463229 0.091755 0.025978
v 1.459146 0.103378 0.017940
v 1.459146 0.103378 0.017940
v 1.461828 0.080267 0.024425
v 1.461828 0.080267 0.024425
v 1.433172 0.082230 0.060995
v 1.433172 0.082230 0.060995
v 1.442846 0.067886 0.057875
v 1.442846 0.067886 0.057875
v 1.439188 0.068857 0.054018
v 1.439188 0.068857 0.054018
v -0.743809 0.169311 -0.097486
v -0.738090 0.160708 -0.093415
v -0.738090 0.160708 -0.093415
v -0.740576 0.156693 -0.092462
v -0.740576 0.156693 -0.092462
v -0.740576 0.156693 -0.092462
v -0.739918 0.152941 -0.094707
v -0.739918 0.152941 -0.094707
v -0.739051 0.168897 -0.095555
v -0.746709 0.160620 -0.090771
v -0.746709 0.160620 -0.090771
v 1.439504 0.068819 0.061893
v 1.439504 0.068819 0.061893
v -0.961669 0.172302 -0.120476
v -0.961669 0.172302 -0.120476
v -0.974138 0.179112 -0.123468
v -0.974138 0.179112 -0.123468
v -0.974755 0.182414 -0.112053
v -0.974755 0.182414 -0.112053
v -0.980958 0.184302 -0.106658
v -0.980958 0.184302 -0.106658
v -0.985412 0.185032 -0.092287
v -0.985412 0.185032 -0.092287
v -0.992342 0.184933 -0.088924
v -0.992342 0.184933 -0.088924
v 1.474950 0.156899 0.001437
v 1.474950 0.156899 0.001437
v 1.478821 0.155591 0.010740
v 1.478821 0.155591 0.010740
v 1.480868 0.156651 0.000677
v 1.480868 0.156651 0.000677
v 1.471046 0.153585 -0.010365
v 1.471046 0.153585 -0.010365
v -1.022348 0.134553 -0.123132
v -1.022348 0.134553 -0.123132
v 1.482411 0.156444 0.006820
v 1.482411 0.156444 0.006820
v 0.915877 0.188727 -0.089551
v 0.915877 0.188727 -0.089551
v 1.434988 0.086309 0.063331
v 1.434988 0.086309 0.063331
v -0.885481 0.136233 -0.145215
v 1.434858 0.076600 0.062486
v 1.434858 0.076600 0.062486
v -0.995034 0.153160 -0.145568
v -0.995034 0.153160 -0.145568
v 1.478952 0.105463 -0.048682
v 1.478952 0.105463 -0.048682
v 1.474564 0.107191 -0.047243
v 1.474564 0.107191 -0.047243
v 1.452717 0.155696 -0.053960
v 1.452717 0.155696 -0.053960
v -0.995446 0.146291 -0.148593
v -0.995446 0.146291 -0.148593
v -1.004643 0.133276 -0.153091
v -1.004643 0.133276 -0.153091
v -1.002582 0.142950 -0.149394
v -1.002582 0.142950 -0.149394
v -1.011047 0.136039 -0.140166
v -1.011047 0.136039 -0.140166
v -1.012743 0.111286 -0.164522
v -1.012743 0.111286 -0.164522
v -1.008369 0.139473 -0.144178
v -1.008369 0.139473 -0.144178
v -1.044864 0.141131 -0.136305
v -1.019026 0.142935 -0.151142
v -1.019026 0.142935 -0.151142
v -0.984296 0.157400 -0.106158
v -1.017316 0.135099 -0.134107
v -1.017316 0.135099 -0.134107
v 1.453553 0.163359 -0.029317
v 1.442018 0.169883 0.077822
v 1.442018 0.169883 0.077822
v 1.454964 0.150809 -0.050785
v 1.454964 0.150809 -0.050785
v -0.920145 0.180679 -0.099646
v 1.468988 0.129652 -0.048841
v 1.468988 0.129652 -0.048841
v 1.475194 0.114331 -0.045977
v 1.475194 0.114331 -0.045977
v -1.002046 0.039755 -0.116762
v -1.002046 0.039755 -0.116762
v -0.024241 0.086760 -0.110607
v -0.024241 0.086760 -0.110607
v -0.987492 0.163240 -0.136399
v -0.983742 0.163098 -0.141481
v -0.983742 0.163098 -0.141481
v -0.983742 0.163098 -0.141481
v -0.707409 0.024542 -0.132493
v -0.707409 0.024542 -0.132493
v -0.979936 0.166332 -0.131810
v -0.979936 0.166332 -0.131810
v -0.971613 0.169204 -0.131761
v -0.971613 0.169204 -0.131761
v -0.965152 0.170703 -0.128172
v -0.965152 0.170703 -0.128172
v -1.025366 0.207347 -0.018282
v -1.025366 0.207347 -0.018282
v -1.011249 0.211611 -0.006981
v -1.011249 0.211611 -0.006981
v 1.430813 0.102869 0.082743
v 1.430813 0.102869 0.082743
v 1.454387 0.057889 0.047194
v 1.454387 0.057889 0.047194
v -1.290019 0.103316 -0.053132
v -1.290019 0.103316 -0.053132
v -0.996659 0.212012 0.000110
v -0.996659 0.212012 0.000110
v 1.440056 0.173325 0.074209
v 1.440056 0.173325 0.074209
v 1.440056 0.173325 0.074209
v 0.854089 0.046677 -0.116776
v 0.854089 0.046677 -0.116776
v 1.443575 0.178331 0.072482
v 1.443575 0.178331 0.072482
v 1.436730 0.176043 0.059726
v 1.436730 0.176043 0.059726
v 1.439890 0.153937 0.050900
v 1.433896 0.176343 0.054937
v 1.433896 0.176343 0.054937
v 1.429067 0.169309 0.049024
v 1.449313 0.171388 0.046153
v 1.449313 0.171388 0.046153
v 1.442100 0.172485 0.050375
v 1.442100 0.172485 0.050375
v 1.460066 0.126431 0.035565
v 1.460066 0.126431 0.035565
v -0.957508 0.162748 0.024471
v -0.957508 0.162748 0.024471
v -0.957508 0.162748 0.024471
v -1.286589 0.153420 -0.058352
v -1.286589 0.153420 -0.058352
v -0.957346 0.168204 0.026666
v -0.957346 0.168204 0.026666
v -0.523709 -0.002758 0.004641
v -0.958586 0.157600 0.022558
v -0.958586 0.157600 0.022558
v 1.463197 0.119089 0.035984
v 1.463197 0.119089 0.035984
v 1.463197 0.119089 0.035984
v -0.963688 0.159691 0.022203
v -0.963688 0.159691 0.022203
v -0.996097 0.153870 0.027205
v -0.996097 0.153870 0.027205
v -0.967993 0.153177 0.022144
v -0.967993 0.153177 0.022144
v -0.967993 0.153177 0.022144
v -0.978720 0.206516 -0.001761
v -0.978720 0.206516 -0.001761
v -0.965549 0.163374 0.025919
v -0.967709 0.152639 0.027326
v -0.967709 0.152639 0.027326
v -0.971280 0.163896 0.026884
v -0.971280 0.163896 0.026884
v -0.972018 0.205808 -0.002240
v -0.972018 0.205808 -0.002240
v -0.960769 0.207785 -0.004714
v -0.960769 0.207785 -0.004714
v 1.455420 0.110252 0.020760
v 1.455420 0.110252 0.020760
v 1.470149 0.133768 0.034094
v 1.470149 0.133768 0.034094
v 1.470149 0.133768 0.034094
v -1.007633 0.149658 0.031364
v -1.007633 0.149658 0.031364
v 1.474036 0.135586 0.035836
v 1.474036 0.135586 0.035836
v -0.956511 0.169484 -0.003240
v -0.956511 0.169484 -0.003240
v -0.956022 0.163805 -0.001015
v -0.956022 0.163805 -0.001015
v -0.968246 0.188886 -0.009809
v -0.944817 0.218325 -0.060011
v -0.944817 0.218325 -0.060011
v -0.941318 0.228421 -0.047362
v -0.941318 0.228421 -0.047362
v -0.941522 0.228099 -0.039645
v -0.941522 0.228099 -0.039645
v -0.942246 0.228988 -0.028485
v -0.942246 0.228988 -0.028485
v -0.944967 0.201875 -0.001982
v -0.944967 0.201875 -0.001982
v -0.923815 0.219151 -0.018268
v -0.949363 0.190014 -0.004947
v -0.949363 0.190014 -0.004947
v -0.953099 0.184873 -0.005222
v -0.953099 0.184873 -0.005222
v 1.462927 0.186874 0.042805
v 1.462927 0.186874 0.042805
v -0.994452 0.183512 -0.084589
v -0.994452 0.183512 -0.084589
v -0.994028 0.211552 -0.078867
v -0.994028 0.211552 -0.078867
v 1.469204 0.190449 0.045852
v 1.469204 0.190449 0.045852
v -1.010817 0.212047 -0.079494
v -1.010817 0.212047 -0.079494
v -1.019632 0.208929 -0.074266
v -1.019632 0.208929 -0.074266
v 1.463421 0.173636 0.037829
v 1.463421 0.173636 0.037829
v -0.965222 0.190847 -0.083470
v -0.965222 0.190847 -0.083470
v -0.961971 0.194406 -0.086465
v -0.961971 0.194406 -0.086465
v 1.468520 0.186106 0.039645
v 1.468520 0.186106 0.039645
v -0.971889 0.190231 -0.084094
v -0.971889 0.190231 -0.084094
v -0.982975 0.188065 -0.081567
v -0.982975 0.188065 -0.081567
v -0.975582 0.208370 -0.071872
v -0.975582 0.208370 -0.071872
v -0.987435 0.185902 -0.081322
v -0.987435 0.185902 -0.081322
v 1.470608 0.177555 0.039094
v 1.470608 0.177555 0.039094
v 1.470608 0.177555 0.039094
v 1.473317 0.184403 0.038867
v 1.473317 0.184403 0.038867
v 1.477481 0.175948 0.035490
v 1.477481 0.175948 0.035490
v -1.386053 0.115062 0.004293
v -1.386053 0.115062 0.004293
v -0.987386 0.151901 0.027281
v -0.987386 0.151901 0.027281
v -0.956531 0.236652 -0.031917
v -0.943919 0.228129 -0.022231
v -0.943919 0.228129 -0.022231
v -0.942738 0.222019 -0.014308
v -0.942738 0.222019 -0.014308
v 1.443668 0.163477 -0.050123
v 1.443668 0.163477 -0.050123
v -0.916128 0.029983 -0.051813
v -0.916128 0.029983 -0.051813
v -0.989366 0.188998 -0.071062
v -0.945601 0.201019 -0.077731
v -0.945601 0.201019 -0.077731
v 1.440326 0.171060 -0.044669
v 1.440326 0.171060 -0.044669
v -1.009206 0.214402 -0.003679
v -1.009206 0.214402 -0.003679
v -1.013332 0.209731 -0.013518
v -1.013332 0.209731 -0.013518
v -0.898078 0.197687 -0.076675
v -1.310639 0.232804 -0.073515
v -1.310639 0.232804 -0.073515
v 1.441732 0.132134 0.070169
v -0.852835 0.160595 0.020276
v 1.452214 0.126373 0.058040
v 1.452214 0.126373 0.058040
v 1.447990 0.128216 0.050427
v 1.447990 0.128216 0.050427
v 1.460663 0.124997 0.049065
v -0.250748 -0.019429 -0.036470
v -0.955009 0.210421 -0.004111
v -0.955009 0.210421 -0.004111
v -1.041249 0.202723 -0.069991
v -1.041249 0.202723 -0.069991
v 1.450100 0.202844 0.005479
v 1.450100 0.202844 0.005479
v 1.447932 0.191529 -0.005535
v 1.447932 0.191529 -0.005535
v 0.839791 0.150463 -0.083270
v 0.839791 0.150463 -0.083270
v -1.383116 0.103311 -0.019108
v -1.383116 0.103311 -0.019108
v -1.020745 0.133593 0.046776
v -1.020745 0.133593 0.046776
v -0.973302 0.129650 0.060260
v -0.973302 0.129650 0.060260
v 1.478742 0.137291 0.036100
v -0.764305 0.170414 -0.059917
v -0.764305 0.170414 -0.059917
v 1.478078 0.169082 0.029294
v 1.478078 0.169082 0.029294
v 1.475573 0.158045 0.016853
v 1.475573 0.158045 0.016853
v -0.977082 0.188407 -0.081162
v -0.977082 0.188407 -0.081162
v -1.001820 0.153228 0.030276
v -1.001820 0.153228 0.030276
v -1.022218 0.156038 0.055331
v -0.982430 0.152136 0.030852
v -0.982430 0.152136 0.030852
v -0.971235 0.151398 0.030009
v -0.971235 0.151398 0.030009
v 1.476272 0.157163 0.023734
v 1.476272 0.157163 0.023734
v 0.852777 0.117013 0.072058
v 0.852777 0.117013 0.072058
v -0.954265 0.136830 0.069524
v -0.954265 0.136830 0.069524
v -0.949383 0.148332 0.063404
v -0.949383 0.148332 0.063404
v -0.949220 0.156408 0.057537
v -0.949220 0.156408 0.057537
v -0.959342 0.127480 0.058755
v -0.959342 0.127480 0.058755
v -0.959342 0.127480 0.058755
v -0.944362 0.161702 0.046250
v -0.944362 0.161702 0.046250
v -0.936506 0.159515 0.010591
v -0.934164 0.084183 0.073150
v -0.934164 0.084183 0.073150
v -0.924188 0.060982 0.075472
v 1.467388 0.141874 0.041284
v 1.467388 0.141874 0.041284
v 0.452308 -0.001971 0.023872
v 1.449191 0.206642 0.047924
v 1.449191 0.206642 0.047924
v 1.461078 0.200409 0.048034
v 1.461078 0.200409 0.048034
v -0.940260 0.101511 0.059095
v -0.940260 0.101511 0.059095
v 1.463261 0.204479 0.050338
v 1.463261 0.204479 0.050338
v -1.225152 0.076253 -0.058104
v -1.225152 0.076253 -0.058104
v 1.460181 0.149238 -0.025929
v 1.460181 0.149238 -0.025929
v 1.459193 0.147352 -0.033528
v 1.459193 0.147352 -0.033528
v 1.457710 0.146333 -0.048123
v 1.457710 0.146333 -0.048123
v 1.429600 0.149261 0.060947
v 1.434863 0.148551 0.065771
v 1.434863 0.148551 0.065771
v 1.434109 0.143205 0.062800
v 1.434109 0.143205 0.062800
v 1.439555 0.165915 0.070350
v 1.439555 0.165915 0.070350
v -0.924430 0.034743 0.014539
v -0.924430 0.034743 0.014539
v 1.438724 0.156660 0.059725
v 1.438724 0.156660 0.059725
v -1.256526 0.213910 -0.046813
v -1.256526 0.213910 -0.046813
v -1.256526 0.213910 -0.046813
v -1.253857 0.214615 -0.042762
v -1.253857 0.214615 -0.042762
v 1.438424 0.140660 0.053096
v 1.438424 0.140660 0.053096
v -1.278941 0.208821 -0.053338
v -1.276407 0.220078 -0.050862
v -1.276407 0.220078 -0.050862
v 1.437283 0.152682 0.054811
v 1.437283 0.152682 0.054811
v -1.280472 0.187978 -0.064757
v -1.280472 0.187978 -0.064757
v -1.280472 0.187978 -0.064757
v -1.283937 0.196859 -0.065578
v -1.283937 0.196859 -0.065578
v -1.285765 0.199960 -0.068612
v -1.285765 0.199960 -0.068612
v -1.298733 0.201054 -0.073046
v -1.298733 0.201054 -0.073046
v 1.433447 0.146600 0.055336
v 1.433447 0.146600 0.055336
v 1.433447 0.146600 0.055336
v -0.035262 -0.027334 -0.012879
v -0.035262 -0.027334 -0.012879
v -1.241535 0.155833 -0.078730
v -1.241535 0.155833 -0.078730
v -1.248909 0.155301 -0.069501
v -1.248909 0.155301 -0.069501
v -1.313162 0.179635 -0.031371
v 0.860620 0.010443 -0.080681
v 0.860620 0.010443 -0.080681
v 1.438754 0.158491 0.084536
v 1.438754 0.158491 0.084536
v -1.262779 0.156557 -0.081173
v 1.438660 0.164182 0.081009
v 1.438660 0.164182 0.081009
v 1.436333 0.152859 0.086397
v 1.436333 0.152859 0.086397
v -0.023750 0.008959 -0.098442
v -0.023750 0.008959 -0.098442
v -1.277435 0.189833 -0.060706
v -1.277435 0.189833 -0.060706
v -1.274257 0.185401 -0.063339
v -1.274257 0.185401 -0.063339
v -1.233010 0.210332 -0.037848
v -1.233010 0.210332 -0.037848
v -1.268367 0.196419 -0.052622
v -1.268367 0.196419 -0.052622
v -1.263941 0.203641 -0.049747
v -1.263941 0.203641 -0.049747
v 1.438660 0.176746 -0.044018
v 1.438660 0.176746 -0.044018
v -1.257057 0.204060 -0.060307
v -1.257057 0.204060 -0.060307
v -1.287807 0.145982 -0.060552
v -1.287807 0.145982 -0.060552
v -1.247011 0.204134 -0.058060
v -1.247011 0.204134 -0.058060
v -1.309611 0.169709 -0.050297
v -1.309611 0.169709 -0.050297
v -1.289770 0.157667 -0.058739
v -1.289770 0.157667 -0.058739
v -1.291881 0.174277 -0.060339
v -1.291881 0.174277 -0.060339
v -1.291881 0.174277 -0.060339
v -1.285180 0.174514 -0.062670
v -1.285180 0.174514 -0.062670
v 1.465264 0.183269 0.020923
v -1.288128 0.133457 -0.058132
v -1.288128 0.133457 -0.058132
v -1.292614 0.124902 -0.056331
v -1.292614 0.124902 -0.056331
v -1.286528 0.140885 -0.057985
v -1.286528 0.140885 -0.057985
v -1.222438 0.207707 -0.059477
v -1.222438 0.207707 -0.059477
v -1.227463 0.207848 -0.058015
v -1.227463 0.207848 -0.058015
v -1.226547 0.207806 -0.035645
v -1.226547 0.207806 -0.035645
v 1.459080 0.108551 -0.086464
v 1.459080 0.108551 -0.086464
v -1.250718 0.114727 -0.080239
v -1.250718 0.114727 -0.080239
v -1.256743 0.112262 -0.081274
v 1.444677 0.143863 -0.074045
v 1.444677 0.143863 -0.074045
v -1.386812 0.192584 -0.042134
v -1.386812 0.192584 -0.042134
v -1.228586 0.121032 -0.080374
v -1.228586 0.121032 -0.080374
v -1.233062 0.123767 -0.079291
v -1.233062 0.123767 -0.079291
v -1.250260 0.120724 -0.071787
v -1.250260 0.120724 -0.071787
v -1.250260 0.120724 -0.071787
v -1.249544 0.119767 -0.076606
v -1.249544 0.119767 -0.076606
v -0.243459 0.002363 -0.123124
v -0.243459 0.002363 -0.123124
v 1.441565 0.163581 0.043935
v 1.441565 0.163581 0.043935
v -1.288486 0.087334 -0.053765
v -1.288486 0.087334 -0.053765
v -1.291216 0.109266 -0.054707
v -1.291216 0.109266 -0.054707
v -1.289416 0.093367 -0.052593
v -1.289416 0.093367 -0.052593
v 0.749100 0.009440 -0.086395
v 0.749100 0.009440 -0.086395
v -1.313463 0.098221 -0.052678
v -1.313463 0.098221 -0.052678
v -1.306852 0.093206 -0.051335
v -1.306852 0.093206 -0.051335
v 1.499006 0.059593 -0.074769
v 1.499006 0.059593 -0.074769
v 1.504873 0.075464 -0.084314
v 1.504873 0.075464 -0.084314
v 0.537632 0.007066 -0.081035
v 0.537632 0.007066 -0.081035
v 0.509645 0.130806 0.086260
v 1.505551 0.067893 -0.083393
v 1.505551 0.067893 -0.083393
v -1.238918 0.106296 -0.088033
v 1.506162 0.064921 -0.080424
v 1.506162 0.064921 -0.080424
v 1.487685 0.104173 -0.047811
v 1.487685 0.104173 -0.047811
v -1.286427 0.080958 -0.055261
v -1.286427 0.080958 -0.055261
v 1.494821 0.100396 -0.046587
v 1.494821 0.100396 -0.046587
v -1.280846 0.080037 -0.054994
v -1.280846 0.080037 -0.054994
v 1.503583 0.095582 -0.042085
v 1.503583 0.095582 -0.042085
v -1.271863 0.077498 -0.055053
v -1.271863 0.077498 -0.055053
v -1.258798 0.076420 -0.054931
v -1.258798 0.076420 -0.054931
v -1.372849 0.112217 -0.056798
v -1.372849 0.112217 -0.056798
v -1.358068 0.112421 -0.056879
v -1.358068 0.112421 -0.056879
v 1.504709 0.087223 -0.042460
v 1.504709 0.087223 -0.042460
v -1.231547 0.076987 -0.057565
v -1.231547 0.076987 -0.057565
v 0.563135 0.020796 -0.096811
v 1.470186 0.092520 -0.086871
v 1.470186 0.092520 -0.086871
v 1.505175 0.083487 -0.065203
v 1.478072 0.087555 -0.086855
v 1.478072 0.087555 -0.086855
v -0.039520 0.029200 0.082398
v -0.039520 0.029200 0.082398
v 1.316770 0.036874 -0.065509
v 1.316770 0.036874 -0.065509
v 1.440501 0.209397 0.039192
v 1.440501 0.209397 0.039192
v 1.440501 0.209397 0.039192
v -1.367181 0.186114 -0.006992
v -1.367181 0.186114 -0.006992
v -1.395550 0.176072 0.002687
v -1.371020 0.184094 -0.033387
v -1.371020 0.184094 -0.033387
v -1.372882 0.189775 -0.021463
v -1.372882 0.189775 -0.021463
v -1.396135 0.195817 -0.025552
v -1.374548 0.188896 -0.028036
v -1.374548 0.188896 -0.028036
v -1.376450 0.154437 -0.000315
v -1.376450 0.154437 -0.000315
v 1.508229 0.073756 -0.043589
v 1.508229 0.073756 -0.043589
v -1.321007 0.168222 -0.048348
v -1.321007 0.168222 -0.048348
v -1.311489 0.196598 -0.078156
v -1.311489 0.196598 -0.078156
v -1.369606 0.185510 0.000991
v -1.369606 0.185510 0.000991
v 1.499740 0.062818 -0.038582
v 1.499740 0.062818 -0.038582
v -1.384388 0.197344 -0.016067
v -1.384388 0.197344 -0.016067
v 1.474617 0.137354 0.040596
v -1.335894 0.174187 -0.047078
v -1.335894 0.174187 -0.047078
v 1.454083 0.130558 0.043494
v 1.454083 0.130558 0.043494
v 1.458218 0.115686 0.041208
v 1.458218 0.115686 0.041208
v 1.455389 0.116073 0.047664
v 1.455389 0.116073 0.047664
v -1.058754 0.154066 -0.149751
v -1.058754 0.154066 -0.149751
v -1.336707 0.220260 -0.092257
v -1.336707 0.220260 -0.092257
v -1.352073 0.178752 -0.041681
v -1.352073 0.178752 -0.041681
v -1.370062 0.180262 -0.036562
v -1.370062 0.180262 -0.036562
v -1.370062 0.180262 -0.036562
v -1.353217 0.182882 -0.006649
v -1.351693 0.236211 -0.090316
v -1.351693 0.236211 -0.090316
v -1.349161 0.241408 -0.089612
v -1.349161 0.241408 -0.089612
v -1.355435 0.231538 -0.093114
v -1.355435 0.231538 -0.093114
v -1.329742 0.224435 -0.075660
v -1.314839 0.234593 -0.076661
v -1.314839 0.234593 -0.076661
v -1.282631 0.224014 -0.055702
v -1.282631 0.224014 -0.055702
v -1.352029 0.229442 -0.095414
v -1.352029 0.229442 -0.095414
v -1.346488 0.225813 -0.093422
v -1.346488 0.225813 -0.093422
v -1.331521 0.238750 -0.081903
v -1.331521 0.238750 -0.081903
v -0.065288 -0.026236 -0.037508
v -1.321542 0.236728 -0.078710
v -1.321542 0.236728 -0.078710
v -0.643143 0.022371 -0.135079
v -0.643143 0.022371 -0.135079
v -0.495775 0.006142 -0.118834
v -0.495775 0.006142 -0.118834
v -0.913959 0.032739 0.016393
v -0.545439 0.006977 -0.124719
v -0.545439 0.006977 -0.124719
v -0.576678 0.009798 -0.127026
v -0.576678 0.009798 -0.127026
v -0.502815 0.098032 -0.138957
v 1.186049 0.038066 -0.075329
v 1.186049 0.038066 -0.075329
v 1.171499 0.039700 -0.078331
v 1.171499 0.039700 -0.078331
v 1.284968 0.057634 -0.084060
v 1.243815 0.040418 -0.072226
v 1.243815 0.040418 -0.072226
v 0.001850 0.091494 -0.110180
v 1.236891 0.041239 -0.073681
v 1.236891 0.041239 -0.073681
v -0.630766 0.019881 -0.133572
v -0.630766 0.019881 -0.133572
v -0.617097 0.016624 -0.131050
v -0.617097 0.016624 -0.131050
v -0.332736 0.005620 -0.126230
v -0.332736 0.005620 -0.126230
v -0.400435 0.003858 -0.121205
v -0.400435 0.003858 -0.121205
v 1.178806 0.039057 -0.077198
v 1.178806 0.039057 -0.077198
v -0.444798 0.005368 -0.120535
v -0.444798 0.005368 -0.120535
v -0.471676 0.005651 -0.119336
v -0.471676 0.005651 -0.119336
v 1.192342 0.061238 -0.090513
v -0.366334 0.001425 -0.119054
v -0.366334 0.001425 -0.119054
v -0.039009 -0.022873 0.012468
v -0.039009 -0.022873 0.012468
v -0.429557 0.003357 -0.118612
v -0.429557 0.003357 -0.118612
v -0.913433 0.043908 -0.143483
v -0.913433 0.043908 -0.143483
v -0.453535 0.147563 -0.091537
v -0.911291 0.026842 -0.104781
v -0.911291 0.026842 -0.104781
v -1.058555 0.154432 -0.104392
v -1.058555 0.154432 -0.104392
v -0.630428 0.185428 -0.066210
v -1.149736 0.130632 -0.111560
v -1.149736 0.130632 -0.111560
v 1.250812 0.033908 0.055920
v -0.452843 0.191529 -0.038431
v 1.366920 0.048635 -0.076570
v 1.366920 0.048635 -0.076570
v 0.121743 0.005983 -0.082724
v 0.121743 0.005983 -0.082724
v 0.128863 0.003049 -0.079542
v 0.128863 0.003049 -0.079542
v 0.016400 0.017863 -0.097209
v 0.016400 0.017863 -0.097209
v 0.033555 0.015247 -0.094949
v 0.033555 0.015247 -0.094949
v 0.040092 0.016332 -0.095540
v 0.040092 0.016332 -0.095540
v -0.552723 0.006311 -0.124078
v -0.552723 0.006311 -0.124078
v 1.051977 0.138655 0.074223
v 1.051977 0.138655 0.074223
v 0.051582 0.012339 -0.092240
v 0.051582 0.012339 -0.092240
v -0.032333 -0.003332 -0.088309
v -0.032333 -0.003332 -0.088309
v -0.029757 0.001238 -0.093138
v -0.029757 0.001238 -0.093138
v -0.038073 0.019696 -0.106415
v -0.038073 0.019696 -0.106415
v -0.011062 0.017207 -0.100739
v -0.011062 0.017207 -0.100739
v -0.019230 0.018489 -0.102547
v -0.019230 0.018489 -0.102547
v -0.019230 0.018489 -0.102547
v -0.019230 0.018489 -0.102547
v -1.018887 0.208798 -0.016777
v -1.018887 0.208798 -0.016777
v 0.899070 0.012134 -0.078659
v 0.899070 0.012134 -0.078659
v 0.023292 0.089614 0.109829
v -1.193381 0.105734 -0.083793
v 0.256071 0.013331 -0.085654
v 0.256071 0.013331 -0.085654
v 0.271553 0.015729 -0.087021
v 0.271553 0.015729 -0.087021
v 0.276517 0.000542 -0.072400
v 0.244724 0.010286 -0.083708
v 0.244724 0.010286 -0.083708
v 0.240325 0.007453 -0.081321
v 0.240325 0.007453 -0.081321
v 0.234604 0.006659 -0.080920
v 0.234604 0.006659 -0.080920
v -0.033605 -0.015961 -0.062595
v -0.033605 -0.015961 -0.062595
v -1.051723 0.151544 -0.151156
v -1.051723 0.151544 -0.151156
v 0.160928 0.003567 -0.081304
v 0.160928 0.003567 -0.081304
v 0.152008 0.002592 -0.079916
v 0.152008 0.002592 -0.079916
v 0.144453 0.003710 -0.080798
v 0.144453 0.003710 -0.080798
v 0.767167 0.010801 -0.088132
v 0.767167 0.010801 -0.088132
v 0.202058 -0.017006 -0.053966
v -0.043695 0.129227 0.009747
v -0.043695 0.129227 0.009747
v -0.494453 0.179648 0.026139
v -0.020088 0.128936 0.021842
v -0.384413 -0.001977 -0.112744
v 0.182217 0.176577 0.002845
v -0.402100 -0.009871 -0.036303
v -1.181064 0.084235 0.056593
v 1.269823 0.035236 -0.065157
v 1.269823 0.035236 -0.065157
v 0.087011 0.177624 -0.052664
v -0.020537 0.113053 -0.088112
v -0.020537 0.113053 -0.088112
v -0.025467 0.118068 -0.079945
v -0.025467 0.118068 -0.079945
v -0.030554 0.137427 -0.057191
v -0.030554 0.137427 -0.057191
v -0.051404 0.145636 -0.029407
v -0.012860 0.155073 -0.014926
v -0.024910 0.125769 -0.069246
v -0.024910 0.125769 -0.069246
v -0.032750 0.136096 -0.011395
v -0.032750 0.136096 -0.011395
v -0.036520 0.133760 -0.000953
v -0.036520 0.133760 -0.000953
v -0.031714 0.147707 -0.042962
v -0.031714 0.147707 -0.042962
v -0.032946 0.149178 -0.037400
v -0.032946 0.149178 -0.037400
v -1.292234 0.083638 -0.053309
v -1.292234 0.083638 -0.053309
v -1.292234 0.083638 -0.053309
v 0.219929 0.168714 0.052204
v 0.155346 0.139796 0.092956
v -0.055869 0.022074 0.078069
v 0.322287 0.152643 0.023143
v -0.042509 -0.013014 0.033126
v -0.042509 -0.013014 0.033126
v -0.047224 0.021527 -0.107806
v -0.047224 0.021527 -0.107806
v -0.123864 -0.001102 -0.099237
v -0.145635 0.009617 -0.113532
v -0.145635 0.009617 -0.113532
v -0.133347 0.011287 -0.112882
v -0.133347 0.011287 -0.112882
v 0.744365 0.180830 -0.005373
v -0.125119 0.013225 -0.113150
v -0.125119 0.013225 -0.113150
v -0.126071 0.151363 -0.078368
v -0.045601 -0.005208 0.046810
v -0.045601 -0.005208 0.046810
v -0.046588 0.002199 0.057732
v -0.046588 0.002199 0.057732
v -0.957517 0.038946 0.018076
v -0.107863 0.178062 -0.008071
v 1.486564 0.032413 -0.053166
v -0.552314 0.203746 -0.022922
v -0.214705 0.119610 0.076619
v -0.045244 0.117745 0.049058
v -0.045244 0.117745 0.049058
v -0.045767 0.125905 0.029174
v -0.045767 0.125905 0.029174
v -1.291544 0.118215 -0.056298
v -1.291544 0.118215 -0.056298
v -0.048159 0.096343 0.089937
v -0.048159 0.096343 0.089937
v -0.044694 0.092282 0.095918
v -0.044694 0.092282 0.095918
v -0.049927 0.099312 0.084055
v -0.049927 0.099312 0.084055
v -0.049898 0.104031 0.069185
v -0.049898 0.104031 0.069185
v -0.044210 0.114220 0.055792
v -0.044210 0.114220 0.055792
v -0.070298 0.087267 0.096829
v 0.906323 0.174404 -0.071055
v 0.906323 0.174404 -0.071055
v 0.874040 0.049516 -0.119307
v -1.144083 0.131153 -0.113911
v -1.144083 0.131153 -0.113911
v -0.243463 0.035534 0.078537
v -1.309818 0.118860 -0.054692
v -0.189974 0.009373 -0.120512
v -0.189974 0.009373 -0.120512
v -0.252275 0.001910 -0.123706
v -0.252275 0.001910 -0.123706
v -0.282764 0.001333 -0.123916
v -0.282764 0.001333 -0.123916
v -0.259238 0.004000 -0.126805
v -0.259238 0.004000 -0.126805
v -0.220797 0.006796 -0.124065
v -0.220797 0.006796 -0.124065
v -0.233700 0.005116 -0.124858
v -0.233700 0.005116 -0.124858
v -0.331859 0.077142 -0.139932
v -0.208607 0.057159 -0.132971
v -0.308905 0.004045 -0.125769
v -0.308905 0.004045 -0.125769
v -0.317506 0.004835 -0.126435
v -0.317506 0.004835 -0.126435
v -0.569348 0.153516 0.053268
v -1.514943 0.181108 -0.020613
v -1.514943 0.181108 -0.020613
v -0.251623 0.150366 0.030154
v -0.217400 0.183150 -0.037181
v -0.988329 0.210261 -0.076408
v -0.988329 0.210261 -0.076408
v -0.932222 0.039357 -0.136083
v -0.932222 0.039357 -0.136083
v 0.351370 0.137274 -0.088522
v 0.088481 0.107805 -0.104446
v -0.921827 0.031803 -0.012240
v -0.921827 0.031803 -0.012240
v -1.359237 0.095017 -0.039840
v -0.925585 0.036976 0.026683
v -0.925585 0.036976 0.026683
v 0.878737 0.129347 0.068656
v -0.919110 0.030283 -0.046121
v -0.919110 0.030283 -0.046121
v 0.237420 -0.008202 0.021231
v 0.868956 0.002410 -0.006996
v 0.868956 0.002410 -0.006996
v -0.021903 0.038549 -0.106165
v -0.021903 0.038549 -0.106165
v -1.208014 0.129065 -0.144967
v -1.208014 0.129065 -0.144967
v -0.415367 0.144543 0.053964
v 0.175488 0.001912 -0.080007
v 0.175488 0.001912 -0.080007
v -1.522014 0.236037 -0.022174
v -1.522014 0.236037 -0.022174
v -0.948269 0.202312 -0.072968
v -0.948269 0.202312 -0.072968
v -0.147660 -0.021747 0.009605
v 1.472570 0.139903 0.037205
v 1.472570 0.139903 0.037205
v -0.462374 0.003936 -0.116774
v -0.462374 0.003936 -0.116774
v -1.011989 0.053764 -0.144253
v 1.021935 0.022533 -0.077207
v 0.816105 0.177781 -0.045629
v -1.069221 0.102319 -0.166060
v -1.069221 0.102319 -0.166060
v -0.022441 0.022125 0.080202
v 1.064049 0.129192 0.083341
v 1.064049 0.129192 0.083341
v -1.030386 0.203383 -0.020002
v -1.030386 0.203383 -0.020002
v 1.485383 0.082496 -0.087376
v 1.485383 0.082496 -0.087376
v -0.290808 0.000428 -0.122486
v -0.290808 0.000428 -0.122486
v -1.163317 0.068633 -0.076696
v -1.163317 0.068633 -0.076696
v 0.940401 0.016045 -0.080414
v 0.940401 0.016045 -0.080414
v -1.250515 0.076967 -0.055197
v -1.250515 0.076967 -0.055197
v -1.417114 0.127207 -0.058125
v -1.417114 0.127207 -0.058125
v 1.396960 0.183997 -0.046814
v -1.138471 0.131868 -0.114954
v -1.138471 0.131868 -0.114954
v -1.168013 0.071261 -0.076239
v -1.168013 0.071261 -0.076239
v 0.545628 0.007861 0.053402
v -0.921892 0.031135 -0.026509
v -0.921892 0.031135 -0.026509
v -0.238592 0.003990 -0.124301
v -0.238592 0.003990 -0.124301
v -0.028913 0.099193 0.094072
v -0.038766 0.055902 0.093357
v -0.038766 0.055902 0.093357
v 1.435370 0.168799 0.054721
v 1.435370 0.168799 0.054721
v -0.754342 0.153627 0.051470
v 0.550521 0.004905 -0.079199
v 0.550521 0.004905 -0.079199
v -0.958705 0.204648 -0.068652
v -0.958705 0.204648 -0.068652
v 1.455589 0.114436 -0.085932
v 1.455589 0.114436 -0.085932
v -1.237000 0.075382 -0.055681
v -1.237000 0.075382 -0.055681
v -1.175909 0.159257 -0.088443
v -1.175909 0.159257 -0.088443
v 0.852886 0.122366 0.071182
v 0.852886 0.122366 0.071182
v -1.022144 0.039775 -0.110082
v -1.022144 0.039775 -0.110082
v -1.063874 0.155976 -0.145896
v -1.063874 0.155976 -0.145896
v -1.293019 0.114168 -0.055798
v -1.293019 0.114168 -0.055798
v 0.918480 0.156083 -0.089734
v 0.918480 0.156083 -0.089734
v 0.840956 0.134968 -0.096614
v 0.840956 0.134968 -0.096614
v -1.521580 0.186679 -0.002334
v -1.521580 0.186679 -0.002334
v -1.086963 0.191202 -0.039635
v -0.767854 0.134028 -0.137125
v -0.023803 0.013020 -0.101108
v -0.023803 0.013020 -0.101108
v -1.517945 0.182356 -0.016309
v -1.517945 0.182356 -0.016309
v 0.870653 0.001876 -0.015283
v 0.870653 0.001876 -0.015283
v 1.508405 0.039607 -0.017857
v 1.508405 0.039607 -0.017857
v 1.382372 0.170185 -0.057601
v 1.382372 0.170185 -0.057601
v -1.053998 0.044205 -0.106534
v -1.053998 0.044205 -0.106534
v -0.910213 0.027239 -0.094512
v -0.910213 0.027239 -0.094512
v -0.035028 -0.014265 -0.067498
v -0.035028 -0.014265 -0.067498
v -0.902916 0.155873 0.059958
v -0.950880 0.160393 0.035303
v -0.950880 0.160393 0.035303
v -0.270834 0.002493 -0.125674
v -0.270834 0.002493 -0.125674
v -0.595432 0.013325 -0.129027
v -0.595432 0.013325 -0.129027
v -0.526138 -0.001283 -0.105017
v -1.166985 0.199270 -0.060849
v -1.166985 0.199270 -0.060849
v -1.116973 0.155989 -0.107187
v -1.116973 0.155989 -0.107187
v -1.142944 0.066338 -0.083690
v -1.142944 0.066338 -0.083690
v -0.355478 0.003085 -0.121885
v -0.355478 0.003085 -0.121885
v -1.259859 0.202607 -0.047548
v -1.259859 0.202607 -0.047548
v -1.045621 0.131468 -0.116081
v -1.045621 0.131468 -0.116081
v -1.147512 0.101791 -0.099142
v -1.193805 0.144388 -0.142338
v -1.193805 0.144388 -0.142338
v 1.050268 0.188171 -0.024106
v 1.050268 0.188171 -0.024106
v -1.522316 0.206134 -0.032377
v -1.439605 0.131068 -0.053851
v -1.439605 0.131068 -0.053851
v 0.848627 0.182102 0.014222
v 0.848627 0.182102 0.014222
v 1.443028 0.136464 0.053074
v 1.443028 0.136464 0.053074
v 0.823820 -0.001661 0.002060
v 0.668860 -0.000983 -0.070043
v 0.668860 -0.000983 -0.070043
v 0.856679 0.091647 0.076925
v 0.856679 0.091647 0.076925
v 1.229102 0.040384 -0.073464
v 1.229102 0.040384 -0.073464
v -0.509285 0.006593 -0.119900
v -0.509285 0.006593 -0.119900
v 0.934704 0.180557 -0.094818
v 0.934704 0.180557 -0.094818
v -1.120198 0.167117 -0.147410
v -1.120198 0.167117 -0.147410
v 0.926258 0.012773 -0.076823
v 0.926258 0.012773 -0.076823
v -1.115650 0.189873 -0.051812
v -1.115650 0.189873 -0.051812
v 0.817652 0.042703 -0.118144
v 0.863440 0.001048 -0.040657
v 0.863440 0.001048 -0.040657
v 0.866098 0.020565 0.046211
v 0.866098 0.020565 0.046211
v -0.937553 0.068164 0.075502
v -0.937553 0.068164 0.075502
v -0.296926 -0.011969 -0.105788
v -1.010435 0.120314 -0.156674
v -1.010435 0.120314 -0.156674
v 1.402733 0.176280 -0.054746
v 1.402733 0.176280 -0.054746
v 1.149505 0.038849 -0.079696
v 1.149505 0.038849 -0.079696
v -0.769706 0.031915 -0.137219
v -0.769706 0.031915 -0.137219
v -0.930799 0.041619 0.042383
v -0.930799 0.041619 0.042383
v -1.179579 0.157159 -0.087076
v -1.179579 0.157159 -0.087076
v -1.452885 0.136096 -0.049707
v -1.452885 0.136096 -0.049707
v -1.177829 0.123336 -0.152724
v -1.177829 0.123336 -0.152724
v -0.932154 0.052842 -0.150822
v -0.932154 0.052842 -0.150822
v -0.767884 0.169514 -0.091338
v -0.767884 0.169514 -0.091338
v -1.185111 0.131516 -0.096360
v -1.185111 0.131516 -0.096360
v -0.623825 0.018073 -0.132224
v -0.623825 0.018073 -0.132224
v -0.915112 0.029297 -0.081928
v -0.915112 0.029297 -0.081928
v -0.995196 0.154525 0.010672
v -0.763122 0.166329 -0.105181
v -0.763122 0.166329 -0.105181
v -0.051209 0.102019 0.074781
v -0.051209 0.102019 0.074781
v 0.530224 0.007760 -0.081387
v 0.530224 0.007760 -0.081387
v 0.850649 0.154718 0.055030
v 0.850649 0.154718 0.055030
v -0.031635 -0.007311 -0.082334
v -0.031635 -0.007311 -0.082334
v -1.135811 0.064879 -0.086073
v -1.135811 0.064879 -0.086073
v 1.458810 0.094208 0.024478
v 1.458810 0.094208 0.024478
v 0.901645 0.171728 -0.071984
v 0.901645 0.171728 -0.071984
v -1.241044 0.203568 -0.057847
v -1.241044 0.203568 -0.057847
v 1.429291 0.101343 0.078558
v 1.429291 0.101343 0.078558
v 0.461709 0.124103 -0.091975
v -0.941870 0.106252 0.056685
v -0.941870 0.106252 0.056685
v 0.348161 -0.010649 -0.001529
v 1.445515 0.208705 0.035875
v 1.445515 0.208705 0.035875
v 1.452110 0.116839 0.051365
v 1.452110 0.116839 0.051365
v 0.724177 0.004266 -0.078990
v 0.724177 0.004266 -0.078990
v 1.434243 0.198220 -0.017013
v -1.060750 0.045293 -0.106175
v -1.060750 0.045293 -0.106175
v -1.379809 0.134119 0.000854
v -1.379809 0.134119 0.000854
v -1.076225 0.185524 -0.023359
v -1.076225 0.185524 -0.023359
v -1.211310 0.077314 -0.061881
v -1.211310 0.077314 -0.061881
v 0.734837 0.006934 -0.082848
v 0.734837 0.006934 -0.082848
v 1.404808 0.048104 -0.076130
v 1.404808 0.048104 -0.076130
v -1.373445 0.174806 0.006161
v -1.373445 0.174806 0.006161
v -1.113825 0.187618 -0.025027
v -1.113825 0.187618 -0.025027
v -0.017395 0.026189 -0.104947
v -0.017395 0.026189 -0.104947
v 0.873184 0.012675 -0.083465
v 0.873184 0.012675 -0.083465
v -1.342889 0.105077 -0.053948
v -1.342889 0.105077 -0.053948
v 0.847145 0.185039 -0.011567
v 0.847145 0.185039 -0.011567
v -1.023486 0.150179 0.035376
v -1.023486 0.150179 0.035376
v 1.410843 0.019277 -0.015173
v -0.966010 0.203441 -0.003869
v -0.966010 0.203441 -0.003869
v -0.654934 0.165364 0.027533
v -1.202267 0.140326 -0.090551
v -1.202267 0.140326 -0.090551
v -1.303203 0.171081 -0.049766
v -1.303203 0.171081 -0.049766
v -0.908423 0.030053 -0.122822
v -0.908423 0.030053 -0.122822
v 1.329409 0.027712 -0.052217
v 1.439240 0.178546 -0.039206
v 1.439240 0.178546 -0.039206
v -1.046377 0.130284 -0.162358
v -0.966265 0.184845 -0.115888
v -1.315305 0.167127 -0.049549
v -1.315305 0.167127 -0.049549
v -1.064277 0.130588 -0.116480
v -1.064277 0.130588 -0.116480
v -1.053592 0.089216 -0.158021
v -1.053592 0.089216 -0.158021
v -1.023549 0.088365 -0.164961
v -1.023549 0.088365 -0.164961
v -1.023549 0.088365 -0.164961
v -1.092678 0.051929 -0.005099
v -0.962113 0.142100 -0.148191
v 0.665088 0.002875 0.032942
v 1.459972 0.071612 0.020532
v 1.459972 0.071612 0.020532
v -1.174528 0.071833 -0.073106
v -1.174528 0.071833 -0.073106
v 1.148487 0.173042 -0.060817
v 0.102171 0.009051 -0.085756
v 0.102171 0.009051 -0.085756
v -1.384138 0.108484 -0.004914
v -1.384138 0.108484 -0.004914
v -0.913228 0.027188 -0.099574
v -0.913228 0.027188 -0.099574
v -1.290722 0.098269 -0.052455
v -1.290722 0.098269 -0.052455
v -1.258264 0.199125 -0.060579
v -1.258264 0.199125 -0.060579
v -1.066509 0.096978 -0.161722
v 1.389500 0.161760 -0.063603
v 1.389500 0.161760 -0.063603
v -1.203237 0.125643 -0.146415
v -1.203237 0.125643 -0.146415
v -0.029416 0.139392 -0.015228
v -0.029416 0.139392 -0.015228
v -1.426831 0.125346 -0.054944
v -1.426831 0.125346 -0.054944
v -0.669144 0.013210 -0.118268
v 1.064610 0.145057 0.074508
v 1.064610 0.145057 0.074508
v 1.311082 0.036955 -0.065771
v 1.311082 0.036955 -0.065771
v -0.010088 -0.003213 -0.084749
v -1.082382 0.213478 -0.032009
v -1.082382 0.213478 -0.032009
v -1.126366 0.191285 -0.053621
v -1.126366 0.191285 -0.053621
v -0.381654 0.002989 -0.120123
v -0.381654 0.002989 -0.120123
v -1.507200 0.174073 -0.029820
v -1.507200 0.174073 -0.029820
v 1.498486 0.097124 -0.042853
v 1.498486 0.097124 -0.042853
v 0.838440 0.129069 0.067231
v -0.976615 0.152849 0.030761
v -0.976615 0.152849 0.030761
v 0.845465 0.113368 -0.108649
v 0.845465 0.113368 -0.108649
v 1.479831 0.057180 -0.080789
v 1.479831 0.057180 -0.080789
v -0.559259 0.006292 -0.123859
v -0.559259 0.006292 -0.123859
v -1.097012 0.184643 -0.023902
v -1.097012 0.184643 -0.023902
v -1.086219 0.218288 -0.030788
v -1.086219 0.218288 -0.030788
v -1.243786 0.107442 -0.070977
v -1.243786 0.107442 -0.070977
v -1.489418 0.164204 -0.031068
v -1.489418 0.164204 -0.031068
v -0.084273 0.017722 -0.111288
v -0.084273 0.017722 -0.111288
v 0.854434 0.098512 0.076117
v 0.854434 0.098512 0.076117
v -1.068734 0.065045 -0.132737
v -1.029619 0.147808 0.035336
v -1.029619 0.147808 0.035336
v -1.029619 0.147808 0.035336
v -1.163277 0.147384 -0.167174
v 1.469041 0.035969 0.029584
v 1.469041 0.035969 0.029584
v 0.698264 0.000622 -0.073429
v 0.698264 0.000622 -0.073429
v -0.922957 0.032493 -0.004860
v -0.922957 0.032493 -0.004860
v -0.936077 0.032278 -0.032241
v -1.197671 0.148707 -0.145811
v -1.197671 0.148707 -0.145811
v 1.254472 0.036590 -0.067457
v 1.254472 0.036590 -0.067457
v -0.588971 0.004584 -0.117804
v 1.436104 0.045659 0.050646
v -0.129229 0.044548 0.089352
v 0.346445 0.005034 -0.074177
v -0.935760 0.049746 0.059239
v -0.935760 0.049746 0.059239
v -0.990645 0.040326 -0.121495
v -0.990645 0.040326 -0.121495
v -0.021529 0.105630 -0.101475
v -0.021529 0.105630 -0.101475
v -0.030053 0.141607 -0.052818
v -0.030053 0.141607 -0.052818
v -0.926078 0.034315 0.009737
v -0.926078 0.034315 0.009737
v 1.003980 0.178650 -0.034244
v 1.003980 0.178650 -0.034244
v -0.946370 0.115921 0.057901
v -0.946370 0.115921 0.057901
v 1.426996 0.209352 0.050640
v 1.426996 0.209352 0.050640
v -1.180483 0.130746 -0.099448
v -1.180483 0.130746 -0.099448
v -1.301613 0.229536 -0.067619
v -1.301613 0.229536 -0.067619
v -0.413428 0.031702 -0.144006
v -1.521675 0.184187 -0.005707
v -1.521675 0.184187 -0.005707
v -0.582714 0.156220 -0.105422
v 0.387287 0.011780 -0.081364
v 0.387287 0.011780 -0.081364
v -1.132208 0.192125 -0.053924
v -1.132208 0.192125 -0.053924
v -1.084557 0.049105 -0.099314
v -1.084557 0.049105 -0.099314
v 1.331271 0.038631 -0.067600
v 1.331271 0.038631 -0.067600
vt 0.008723 0.014761
vt 0.411963 0.008577
vt 0.405715 0.001638
vt 0.426021 0.401908
vt 0.009267 0.008727
vt 0.412115 0.002590
vt 0.425227 0.408288
vt 0.436424 0.008075
vt 0.008030 0.020299
vt 0.411629 0.014085
vt 0.018266 0.005951
vt 0.439624 0.016840
vt 0.522500 0.397129
vt 0.535448 0.002612
vt 0.535151 0.398465
vt 0.548196 0.004536
vt 0.453807 0.028137
vt 0.009618 0.026153
vt 0.413553 0.019764
vt 0.429945 0.408591
vt 0.441169 0.008541
vt 0.400582 0.004487
vt 0.423077 0.396868
vt 0.528539 0.397024
vt 0.541560 0.002822
vt 0.514597 0.398722
vt 0.527349 0.003696
vt 0.517863 0.396479
vt 0.530804 0.001666
vt 0.394012 0.006325
vt 0.421138 0.390357
vt 0.097952 0.006998
vt 0.440960 0.095778
vt 0.006287 0.036923
vt 0.410914 0.030587
vt 0.008625 0.032102
vt 0.412944 0.025695
vt 0.606593 0.351384
vt 0.579499 0.396681
vt 0.593141 0.004067
vt 0.566800 0.396918
vt 0.580299 0.003983
vt 0.574669 0.398719
vt 0.588210 0.006004
vt 0.554273 0.397216
vt 0.567607 0.003922
vt 0.593115 0.179047
vt 0.754835 0.451209
vt 0.545764 0.303946
vt 0.147165 0.973579
vt 0.530763 0.276899
vt 0.574815 0.174753
vt 0.778074 0.455652
vt 0.579265 0.174979
vt 0.772323 0.455844
vt 0.123931 0.958606
vt 0.554899 0.272152
vt 0.124971 0.963211
vt 0.550480 0.271041
vt 0.125504 0.947024
vt 0.565206 0.276339
vt 0.561823 0.238488
vt 0.568445 0.178996
vt 0.783065 0.446894
vt 0.767474 0.442355
vt 0.565778 0.180831
vt 0.785882 0.442312
vt 0.585036 0.175234
vt 0.764867 0.456749
vt 0.148436 0.990434
vt 0.518144 0.272328
vt 0.149273 0.985433
vt 0.521712 0.274662
vt 0.590073 0.178545
vt 0.758272 0.452662
vt 0.587255 0.177180
vt 0.761960 0.454197
vt 0.131770 0.937911
vt 0.569850 0.285897
vt 0.552898 0.266797
vt 0.128636 0.942456
vt 0.567918 0.280843
vt 0.504017 0.213936
vt 0.139570 0.943791
vt 0.560196 0.285709
vt 0.136784 0.941016
vt 0.563929 0.286035
vt 0.141600 0.946765
vt 0.556812 0.285817
vt 0.146017 0.950445
vt 0.551315 0.286171
vt 0.590851 0.191395
vt 0.754279 0.431165
vt 0.584291 0.208575
vt 0.587451 0.190149
vt 0.759389 0.431476
vt 0.512164 0.341067
vt 0.579555 0.187636
vt 0.770045 0.432578
vt 0.576224 0.188170
vt 0.774257 0.431272
vt 0.557695 0.123263
vt 0.124903 0.972678
vt 0.543287 0.265383
vt 0.130660 0.977675
vt 0.536201 0.266517
vt 0.132824 0.986102
vt 0.528979 0.263021
vt 0.568774 0.186669
vt 0.783343 0.432865
vt 0.582267 0.189514
vt 0.766187 0.430700
vt 0.143241 0.990727
vt 0.520569 0.268740
vt 0.124679 0.966391
vt 0.548051 0.269085
vt 0.137291 0.964003
vt 0.127136 0.974768
vt 0.540373 0.265605
vt 0.132119 0.982491
vt 0.531988 0.264522
vt 0.151497 0.961741
vt 0.539512 0.284702
vt 0.149901 0.966316
vt 0.536213 0.281459
vt 0.558593 0.182161
vt 0.243962 0.026050
vt 0.386020 0.005949
vt 0.421463 0.382400
vt 0.390502 0.006321
vt 0.421106 0.386864
vt 0.375791 0.004256
vt 0.423371 0.372270
vt 0.136277 0.988687
vt 0.525224 0.264297
vt 0.140116 0.991703
vt 0.521215 0.265970
vt 0.508128 0.253107
vt 0.465877 0.318605
vt 0.046395 0.989151
vt 0.453367 0.312306
vt 0.042799 0.990812
vt 0.449922 0.311536
vt 0.257017 0.010339
vt 0.428660 0.253273
vt 0.149663 0.954657
vt 0.546060 0.287672
vt 0.054360 0.985007
vt 0.460598 0.312204
vt 0.485102 0.298793
vt 0.379846 0.006735
vt 0.420782 0.376239
vt 0.048437 0.964256
vt 0.061300 0.950072
vt 0.044188 0.963800
vt 0.063370 0.946626
vt 0.441454 0.331642
vt 0.317108 0.014956
vt 0.417529 0.312865
vt 0.049993 0.986852
vt 0.456923 0.312236
vt 0.249946 0.012235
vt 0.428410 0.245987
vt 0.246103 0.012696
vt 0.429216 0.242276
vt 0.264348 0.012831
vt 0.424953 0.260089
vt 0.261502 0.010925
vt 0.427319 0.257620
vt 0.287956 0.013495
vt 0.421497 0.283583
vt 0.285100 0.013576
vt 0.421675 0.280707
vt 0.281547 0.014536
vt 0.421022 0.277048
vt 0.278642 0.013251
vt 0.422557 0.274231
vt 0.035809 0.946422
vt 0.071885 0.964743
vt 0.029306 0.949132
vt 0.070450 0.970800
vt 0.024839 0.950336
vt 0.069255 0.974901
vt 0.470791 0.302106
vt 0.068001 0.977791
vt 0.471073 0.304289
vt 0.068420 0.960774
vt 0.025304 0.955489
vt 0.470756 0.299010
vt 0.025051 0.965078
vt 0.465279 0.291130
vt 0.065174 0.979698
vt 0.468939 0.306467
vt 0.059659 0.984536
vt 0.464794 0.311803
vt 0.028175 0.961311
vt 0.467210 0.295154
vt 0.275813 0.013386
vt 0.422643 0.271376
vt 0.272111 0.011780
vt 0.424780 0.267921
vt 0.340265 0.009290
vt 0.420682 0.336481
vt 0.335185 0.012437
vt 0.418037 0.331116
vt 0.056868 0.987909
vt 0.462143 0.314854
vt 0.347882 0.010038
vt 0.419154 0.344041
vt 0.350508 0.009153
vt 0.419875 0.346741
vt 0.354019 0.009384
vt 0.419428 0.350265
vt 0.052742 0.965633
vt 0.057555 0.952259
vt 0.325947 0.014721
vt 0.416743 0.321681
vt 0.042415 0.947866
vt 0.072260 0.956404
vt 0.044106 0.955435
vt 0.069424 0.950742
vt 0.302139 0.014716
vt 0.419116 0.297775
vt 0.296210 0.011589
vt 0.422672 0.292046
vt 0.298134 0.014577
vt 0.419536 0.293760
vt 0.291921 0.013206
vt 0.421436 0.287595
vt 0.039700 0.988056
vt 0.449468 0.308078
vt 0.029387 0.981701
vt 0.450504 0.297682
vt 0.445987 0.267485
vt 0.232982 0.010365
vt 0.431200 0.229199
vt 0.229505 0.011487
vt 0.430464 0.225717
vt 0.060127 0.961202
vt 0.062747 0.965997
vt 0.057045 0.959907
vt 0.060252 0.967752
vt 0.064793 0.955359
vt 0.344418 0.010941
vt 0.418644 0.340476
vt 0.056498 0.966198
vt 0.056721 0.955771
vt 0.312338 0.017514
vt 0.415529 0.307811
vt 0.040847 0.943901
vt 0.071896 0.959914
vt 0.043516 0.951769
vt 0.071518 0.953233
vt 0.047110 0.968644
vt 0.034907 0.988656
vt 0.446886 0.304944
vt 0.027932 0.976434
vt 0.454913 0.295046
vt 0.030487 0.987381
vt 0.446107 0.300845
vt 0.368663 0.007879
vt 0.420048 0.365009
vt 0.358797 0.009233
vt 0.419269 0.355067
vt 0.183267 0.012257
vt 0.433863 0.180223
vt 0.240713 0.010382
vt 0.430846 0.236798
vt 0.439735 0.293212
vt 0.206327 0.013960
vt 0.431188 0.202869
vt 0.197130 0.011569
vt 0.433870 0.193944
vt 0.189966 0.011678
vt 0.434105 0.186869
vt 0.193271 0.011502
vt 0.434087 0.190146
vt 0.330579 0.013030
vt 0.417913 0.326473
vt 0.268180 0.013199
vt 0.424022 0.263806
vt 0.502179 0.147191
vt 0.364407 0.009654
vt 0.418500 0.360660
vt 0.186608 0.013597
vt 0.432341 0.183458
vt 0.120817 0.019250
vt 0.168317 0.010927
vt 0.435917 0.165421
vt 0.165107 0.011563
vt 0.435417 0.162188
vt 0.170943 0.012200
vt 0.434535 0.167981
vt 0.226027 0.013520
vt 0.429231 0.222003
vt 0.445226 0.221749
vt 0.106012 0.005926
vt 0.442095 0.103764
vt 0.111479 0.005585
vt 0.442454 0.109188
vt 0.116658 0.007882
vt 0.440170 0.114326
vt 0.150865 0.025282
vt 0.217631 0.014537
vt 0.429474 0.213776
vt 0.145159 0.011428
vt 0.436217 0.142372
vt 0.132464 0.010347
vt 0.437558 0.129874
vt 0.129236 0.009100
vt 0.438807 0.126743
vt 0.125470 0.010499
vt 0.437502 0.123043
vt 0.221818 0.014292
vt 0.429111 0.217834
vt 0.015455 0.150369
vt 0.421536 0.142911
vt 0.014208 0.154869
vt 0.420369 0.147400
vt 0.035793 0.146197
vt 0.404866 0.144058
vt 0.012568 0.173724
vt 0.419142 0.166158
vt 0.152079 0.007413
vt 0.440035 0.149353
vt 0.004124 0.062971
vt 0.409799 0.056425
vt 0.008889 0.073935
vt 0.414757 0.067169
vt 0.007699 0.078387
vt 0.413647 0.071592
vt 0.141849 0.009288
vt 0.438423 0.139168
vt 0.121503 0.010697
vt 0.437342 0.119105
vt 0.008285 0.086713
vt 0.414318 0.079826
vt 0.460471 0.130852
vt 0.137048 0.009871
vt 0.437926 0.134395
vt 0.014634 0.102750
vt 0.420692 0.095663
vt 0.016715 0.107378
vt 0.422760 0.100243
vt 0.003413 0.058398
vt 0.408965 0.051924
vt 0.019199 0.120435
vt 0.425200 0.113187
vt 0.013143 0.159537
vt 0.419398 0.152055
vt 0.012233 0.165005
vt 0.418612 0.157504
vt 0.012133 0.169965
vt 0.418628 0.162433
vt 0.018818 0.131170
vt 0.424790 0.123832
vt 0.010940 0.178041
vt 0.417613 0.170481
vt 0.016878 0.145748
vt 0.422898 0.138310
vt 0.011355 0.182951
vt 0.418125 0.175351
vt 0.031207 0.090171
vt 0.413803 0.106787
vt 0.011203 0.096366
vt 0.417269 0.089358
vt 0.004948 0.041698
vt 0.409834 0.035370
vt 0.006023 0.046042
vt 0.411098 0.039611
vt 0.003284 0.053963
vt 0.408694 0.047543
vt 0.017049 0.112236
vt 0.423093 0.105055
vt 0.018977 0.125846
vt 0.424961 0.118551
vt 0.018684 0.140489
vt 0.424657 0.133080
vt 0.354196 0.124193
vt 0.276563 0.131998
vt 0.396451 0.004571
vt 0.422915 0.392761
vt 0.381933 0.073263
vt 0.310736 0.069852
vt 0.338551 0.031823
vt 0.200522 0.088567
vt 0.177917 0.867253
vt 0.673460 0.427151
vt 0.002672 0.008241
vt 0.326210 0.781148
vt 0.953197 0.807625
vt 0.482208 0.406987
vt 0.494087 0.009614
vt 0.487970 0.407320
vt 0.499867 0.010366
vt 0.669094 0.444290
vt 0.970381 0.333014
vt 0.168978 0.869355
vt 0.664174 0.425353
vt 0.468334 0.461048
vt 0.509903 0.424090
vt 0.861201 0.090780
vt 0.446614 0.526542
vt 0.917844 0.036409
vt 0.438713 0.480549
vt 0.908971 0.028871
vt 0.441347 0.521199
vt 0.917638 0.028655
vt 0.496518 0.434139
vt 0.864400 0.074205
vt 0.430926 0.485446
vt 0.435649 0.520530
vt 0.916511 0.023042
vt 0.444155 0.479965
vt 0.903996 0.025763
vt 0.443435 0.475325
vt 0.899422 0.023678
vt 0.172111 0.859222
vt 0.529269 0.441332
vt 0.574582 0.038486
vt 0.327401 0.706572
vt 0.937946 0.881461
vt 0.507194 0.402894
vt 0.519574 0.007347
vt 0.510962 0.400756
vt 0.523534 0.005477
vt 0.452619 0.459382
vt 0.878667 0.024437
vt 0.471396 0.442921
vt 0.870812 0.046648
vt 0.639573 0.533474
vt 0.664978 0.983913
vt 0.163803 0.870712
vt 0.658562 0.426498
vt 0.935957 0.356044
vt 0.993460 0.098644
vt 0.933588 0.351928
vt 0.990276 0.093469
vt 0.460732 0.526238
vt 0.923653 0.049219
vt 0.453177 0.525493
vt 0.921461 0.042138
vt 0.440340 0.503894
vt 0.492486 0.528377
vt 0.917483 0.080336
vt 0.001775 0.001881
vt 0.003722 0.013936
vt 0.536418 0.509656
vt 0.931955 0.345042
vt 0.989223 0.085046
vt 0.427866 0.487819
vt 0.431768 0.518674
vt 0.931157 0.340151
vt 0.988968 0.079176
vt 0.485862 0.529775
vt 0.917820 0.073350
vt 0.514567 0.529025
vt 0.918618 0.102566
vt 0.065914 0.719899
vt 0.867372 0.186471
vt 0.502647 0.491405
vt 0.502399 0.527495
vt 0.919117 0.090132
vt 0.498944 0.527212
vt 0.919291 0.086667
vt 0.477433 0.527207
vt 0.919851 0.064920
vt 0.473970 0.502636
vt 0.964936 0.079878
vt 0.972956 0.068591
vt 0.712204 0.412333
vt 0.726278 0.019098
vt 0.490451 0.435447
vt 0.867742 0.068818
vt 0.142961 0.610753
vt 0.623467 0.501165
vt 0.962184 0.114343
vt 0.130309 0.612611
vt 0.613451 0.507077
vt 0.151369 0.614777
vt 0.631412 0.505515
vt 0.089004 0.614884
vt 0.581310 0.532377
vt 0.106312 0.616937
vt 0.596082 0.523300
vt 0.595291 0.512224
vt 0.881627 0.430044
vt 0.118532 0.615603
vt 0.605086 0.515357
vt 0.136170 0.611747
vt 0.617506 0.503257
vt 0.149019 0.612814
vt 0.629479 0.503240
vt 0.594087 0.487835
vt 0.893574 0.408105
vt 0.595062 0.492561
vt 0.889819 0.411103
vt 0.597020 0.497881
vt 0.887600 0.416409
vt 0.597585 0.503937
vt 0.885010 0.422170
vt 0.973019 0.080442
vt 0.974254 0.078851
vt 0.100841 0.618768
vt 0.592759 0.527928
vt 0.155715 0.614079
vt 0.635569 0.506809
vt 0.577903 0.530171
vt 0.866034 0.449442
vt 0.583665 0.521717
vt 0.870665 0.440344
vt 0.929724 0.332688
vt 0.989694 0.069072
vt 0.591545 0.514359
vt 0.877917 0.432252
vt 0.596216 0.506767
vt 0.882720 0.424632
vt 0.165208 0.613854
vt 0.645056 0.506160
vt 0.169206 0.613424
vt 0.649219 0.505615
vt 0.172995 0.615490
vt 0.653065 0.508053
vt 0.198895 0.601556
vt 0.681304 0.510158
vt 0.195439 0.600983
vt 0.679216 0.507079
vt 0.160302 0.614384
vt 0.640139 0.506364
vt 0.937844 0.069997
vt 0.968826 0.033855
vt 0.184664 0.611081
vt 0.664476 0.508833
vt 0.180349 0.611947
vt 0.660832 0.506763
vt 0.175539 0.614261
vt 0.655790 0.506985
vt 0.652123 0.494809
vt 0.961618 0.080307
vt 0.971071 0.064588
vt 0.160538 0.653270
vt 0.647838 0.461298
vt 0.151118 0.655217
vt 0.638471 0.461496
vt 0.952592 0.070776
vt 0.974884 0.058100
vt 0.217187 0.606905
vt 0.705014 0.499657
vt 0.141636 0.653238
vt 0.630670 0.458540
vt 0.936303 0.410564
vt 0.964970 0.904846
vt 0.202265 0.633414
vt 0.690495 0.479489
vt 0.106030 0.651714
vt 0.600391 0.442106
vt 0.194146 0.648966
vt 0.678042 0.467626
vt 0.653881 0.473204
vt 0.184184 0.652692
vt 0.669978 0.465075
vt 0.668846 0.489717
vt 0.951928 0.099135
vt 0.132557 0.654287
vt 0.622226 0.455374
vt 0.127579 0.655434
vt 0.617631 0.453913
vt 0.210620 0.630759
vt 0.694976 0.486035
vt 0.697394 0.498026
vt 0.263244 0.629471
vt 0.821469 0.442401
vt 0.207885 0.621419
vt 0.692305 0.489800
vt 0.637204 0.439753
vt 0.965535 0.303349
vt 0.642993 0.441326
vt 0.967401 0.308746
vt 0.153620 0.871532
vt 0.649050 0.422205
vt 0.157959 0.871736
vt 0.652548 0.425134
vt 0.137725 0.873632
vt 0.631293 0.422487
vt 0.202808 0.640332
vt 0.691177 0.468218
vt 0.244871 0.936315
vt 0.735667 0.459428
vt 0.245763 0.943330
vt 0.734626 0.465523
vt 0.932107 0.398671
vt 0.973497 0.891576
vt 0.237754 0.878755
vt 0.255684 0.915266
vt 0.250387 0.917867
vt 0.734705 0.444751
vt 0.246437 0.932014
vt 0.735675 0.455702
vt 0.235209 0.869641
vt 0.734314 0.438085
vt 0.241716 0.965517
vt 0.719211 0.457835
vt 0.274198 0.845817
vt 0.909815 0.341017
vt 0.936567 0.103356
vt 0.241735 0.882016
vt 0.261221 0.917361
vt 0.931670 0.403301
vt 0.970664 0.895305
vt 0.939420 0.400473
vt 0.976629 0.907713
vt 0.935856 0.398395
vt 0.979621 0.907135
vt 0.937381 0.400001
vt 0.979194 0.904301
vt 0.947634 0.070546
vt 0.968306 0.050694
vt 0.944181 0.068730
vt 0.968736 0.044390
vt 0.704565 0.443327
vt 0.979709 0.367240
vt 0.237684 0.980332
vt 0.711037 0.452870
vt 0.988567 0.372978
vt 0.911519 0.370741
vt 0.962591 0.125023
vt 0.068251 0.598040
vt 0.363396 0.923288
vt 0.199444 0.860404
vt 0.698520 0.423367
vt 0.191237 0.861992
vt 0.689310 0.425090
vt 0.195108 0.860480
vt 0.693546 0.423615
vt 0.933617 0.071250
vt 0.975412 0.031887
vt 0.179989 0.864262
vt 0.677128 0.428115
vt 0.949543 0.072319
vt 0.971897 0.053011
vt 0.221845 0.860202
vt 0.722604 0.427799
vt 0.246532 0.882890
vt 0.266558 0.916440
vt 0.679793 0.445912
vt 0.972616 0.343338
vt 0.930821 0.406897
vt 0.966190 0.894854
vt 0.931195 0.409220
vt 0.962610 0.895813
vt 0.920801 0.317084
vt 0.926208 0.078787
vt 0.990770 0.039135
vt 0.928842 0.079230
vt 0.986948 0.039770
vt 0.954446 0.367043
vt 0.934247 0.361718
vt 0.991095 0.106196
vt 0.935975 0.359721
vt 0.993391 0.103637
vt 0.921673 0.319522
vt 0.992733 0.043085
vt 0.276333 0.992554
vt 0.985324 0.414083
vt 0.921805 0.322999
vt 0.994358 0.047567
vt 0.922399 0.329911
vt 0.990674 0.055445
vt 0.245253 0.946361
vt 0.731902 0.465433
vt 0.252323 0.886391
vt 0.273266 0.919969
vt 0.166315 0.827552
vt 0.941092 0.068827
vt 0.969884 0.039337
vt 0.213511 0.862232
vt 0.713750 0.427576
vt 0.209899 0.861506
vt 0.709990 0.425570
vt 0.986316 0.912090
vt 0.986397 0.894364
vt 0.928352 0.375179
vt 0.983918 0.122093
vt 0.685540 0.444967
vt 0.972709 0.348963
vt 0.195606 0.658778
vt 0.858967 0.378978
vt 0.138524 0.691488
vt 0.868047 0.315455
vt 0.150995 0.682518
vt 0.868710 0.329908
vt 0.159074 0.695104
vt 0.146234 0.685664
vt 0.868764 0.324501
vt 0.115088 0.978360
vt 0.889474 0.309613
vt 0.114330 0.985074
vt 0.884917 0.306831
vt 0.878613 0.389716
vt 0.170953 0.673599
vt 0.864399 0.350675
vt 0.166785 0.676146
vt 0.864844 0.345905
vt 0.608888 0.435004
vt 0.717131 0.498165
vt 0.956739 0.278445
vt 0.240192 0.643653
vt 0.831714 0.417503
vt 0.214774 0.652499
vt 0.847621 0.395813
vt 0.111707 0.969225
vt 0.895992 0.306339
vt 0.884070 0.276667
vt 0.628805 0.534797
vt 0.654192 0.983742
vt 0.208101 0.655567
vt 0.851243 0.389385
vt 0.593137 0.480790
vt 0.900329 0.406964
vt 0.589721 0.471965
vt 0.906826 0.409816
vt 0.591026 0.477591
vt 0.903528 0.404319
vt 0.204134 0.655339
vt 0.854555 0.387164
vt 0.313566 0.848699
vt 0.965443 0.742145
vt 0.908864 0.346638
vt 0.939941 0.108293
vt 0.649278 0.441888
vt 0.967355 0.314298
vt 0.910412 0.329558
vt 0.928615 0.095347
vt 0.113394 0.974848
vt 0.892337 0.309012
vt 0.921525 0.326664
vt 0.993281 0.051766
vt 0.913163 0.323479
vt 0.926039 0.089645
vt 0.037186 0.762949
vt 0.566703 0.442509
vt 0.904957 0.308574
vt 0.918153 0.319657
vt 0.927041 0.083259
vt 0.186080 0.863833
vt 0.683699 0.426407
vt 0.926786 0.330351
vt 0.988195 0.062223
vt 0.932074 0.075045
vt 0.980149 0.035942
vt 0.972747 0.084693
vt 0.944265 0.323427
vt 0.652390 0.445637
vt 0.971303 0.316779
vt 0.153237 0.874326
vt 0.646915 0.420299
vt 0.148125 0.877232
vt 0.641069 0.419906
vt 0.632983 0.439083
vt 0.963750 0.299701
vt 0.143859 0.875464
vt 0.638736 0.423942
vt 0.954856 0.072794
vt 0.970814 0.057228
vt 0.959068 0.082010
vt 0.967297 0.062597
vt 0.959872 0.076936
vt 0.964092 0.056968
vt 0.969669 0.078011
vt 0.972967 0.074353
vt 0.944206 0.084679
vt 0.976344 0.084445
vt 0.663093 0.447941
vt 0.969688 0.326370
vt 0.173716 0.868320
vt 0.668924 0.426880
vt 0.657781 0.448636
vt 0.968425 0.321696
vt 0.459482 0.414867
vt 0.470682 0.016137
vt 0.220067 0.974490
vt 0.221763 0.963803
vt 0.221797 0.969403
vt 0.586817 0.465477
vt 0.909807 0.416541
vt 0.218604 0.983883
vt 0.273662 0.809031
vt 0.727803 0.008254
vt 0.835033 0.658602
vt 0.115993 0.682673
vt 0.813774 0.190329
vt 0.725174 0.016558
vt 0.829786 0.653148
vt 0.723811 0.009888
vt 0.064304 0.597921
vt 0.362891 0.927068
vt 0.727504 0.002041
vt 0.833223 0.654016
vt 0.700954 0.410177
vt 0.715027 0.017346
vt 0.079811 0.548693
vt 0.895504 0.837215
vt 0.802560 0.812849
vt 0.187586 0.665905
vt 0.859611 0.368217
vt 0.808645 0.857852
vt 0.635502 0.974020
vt 0.183163 0.666777
vt 0.861907 0.364329
vt 0.321455 0.637250
vt 0.930632 0.951616
vt 0.191591 0.661784
vt 0.859794 0.373998
vt 0.787916 0.524105
vt 0.813417 0.986760
vt 0.845431 0.524371
vt 0.870516 0.994618
vt 0.848673 0.522499
vt 0.874035 0.993311
vt 0.584486 0.395329
vt 0.598208 0.002818
vt 0.808079 0.522421
vt 0.833713 0.987411
vt 0.802365 0.521319
vt 0.828161 0.985594
vt 0.916724 0.196191
vt 0.923674 0.263443
vt 0.797972 0.522435
vt 0.823651 0.986161
vt 0.747639 0.531284
vt 0.772648 0.990909
vt 0.756067 0.530539
vt 0.781119 0.990661
vt 0.762978 0.525955
vt 0.788344 0.986544
vt 0.758994 0.528649
vt 0.784171 0.988962
vt 0.081401 0.598692
vt 0.365493 0.910762
vt 0.740143 0.533351
vt 0.765060 0.992648
vt 0.811078 0.959900
vt 0.777481 0.523977
vt 0.802996 0.985758
vt 0.089447 0.008277
vt 0.439571 0.087359
vt 0.202832 0.861424
vt 0.702573 0.424100
vt 0.823535 0.523074
vt 0.848988 0.990219
vt 0.818639 0.523406
vt 0.844075 0.989864
vt 0.304006 0.627121
vt 0.724789 0.411138
vt 0.738712 0.017378
vt 0.887992 0.512785
vt 0.914533 0.991130
vt 0.316403 0.608043
vt 0.929821 0.981661
vt 0.883133 0.513111
vt 0.909702 0.990539
vt 0.142453 0.688585
vt 0.868395 0.320021
vt 0.878718 0.512801
vt 0.905428 0.989387
vt 0.870871 0.512984
vt 0.897689 0.988043
vt 0.858327 0.520913
vt 0.883838 0.993425
vt 0.814849 0.486099
vt 0.923016 0.511664
vt 0.319257 0.618866
vt 0.929273 0.970325
vt 0.925896 0.524296
vt 0.898490 0.510043
vt 0.925320 0.990305
vt 0.313879 0.604450
vt 0.795598 0.492506
vt 0.931531 0.985768
vt 0.796332 0.496388
vt 0.901901 0.508013
vt 0.929025 0.988899
vt 0.200219 0.657797
vt 0.856139 0.382788
vt 0.081991 0.618138
vt 0.982093 0.522339
vt 0.287214 0.615667
vt 0.810345 0.467683
vt 0.832504 0.477900
vt 0.942247 0.514927
vt 0.827485 0.479079
vt 0.937234 0.513726
vt 0.079612 0.614963
vt 0.863139 0.457739
vt 0.979256 0.519513
vt 0.858671 0.460774
vt 0.973712 0.519290
vt 0.080394 0.625243
vt 0.981645 0.529678
vt 0.082124 0.621961
vt 0.982816 0.526124
vt 0.276345 0.624666
vt 0.813818 0.454037
vt 0.814268 0.478252
vt 0.817541 0.483721
vt 0.926543 0.511424
vt 0.283008 0.618070
vt 0.812325 0.463274
vt 0.437867 0.028934
vt 0.816199 0.620160
vt 0.429100 0.047230
vt 0.833142 0.628275
vt 0.415376 0.050513
vt 0.833067 0.638163
vt 0.414502 0.046876
vt 0.830350 0.637163
vt 0.426026 0.048419
vt 0.834498 0.630294
vt 0.245240 0.962733
vt 0.722863 0.459173
vt 0.245201 0.641568
vt 0.828794 0.422065
vt 0.435502 0.039080
vt 0.825449 0.622526
vt 0.415050 0.041546
vt 0.826011 0.635107
vt 0.326127 0.682002
vt 0.934456 0.906159
vt 0.943010 0.493022
vt 0.965943 0.596996
vt 0.279912 0.989539
vt 0.988647 0.417972
vt 0.959643 0.477144
vt 0.973157 0.621379
vt 0.441079 0.412260
vt 0.452240 0.012697
vt 0.288302 0.990458
vt 0.988282 0.427394
vt 0.293510 0.990833
vt 0.987711 0.433292
vt 0.239262 0.974008
vt 0.712104 0.458500
vt 0.240656 0.970115
vt 0.715494 0.459309
vt 0.576651 0.441218
vt 0.908852 0.450393
vt 0.265175 0.798201
vt 0.266888 0.940050
vt 0.905541 0.487199
vt 0.973899 0.575209
vt 0.899760 0.471083
vt 0.977065 0.561262
vt 0.078628 0.634182
vt 0.982092 0.538999
vt 0.968119 0.537449
vt 0.077633 0.641644
vt 0.981488 0.547295
vt 0.079419 0.652926
vt 0.581755 0.426964
vt 0.895142 0.464757
vt 0.982028 0.558693
vt 0.084571 0.652226
vt 0.584799 0.430763
vt 0.269138 0.992838
vt 0.984533 0.406317
vt 0.264615 0.991597
vt 0.985054 0.401479
vt 0.261213 0.972868
vt 0.090915 0.767494
vt 0.260767 0.991644
vt 0.985211 0.397778
vt 0.254210 0.992251
vt 0.986313 0.391693
vt 0.934692 0.367133
vt 0.990853 0.112623
vt 0.934257 0.364377
vt 0.990692 0.109349
vt 0.322356 0.650702
vt 0.932257 0.938048
vt 0.869800 0.636290
vt 0.282629 0.359073
vt 0.917891 0.396024
vt 0.917021 0.493130
vt 0.971846 0.582902
vt 0.924096 0.492385
vt 0.970062 0.587944
vt 0.910688 0.366492
vt 0.958257 0.121516
vt 0.309364 0.947838
vt 0.287761 0.886359
vt 0.311439 0.914721
vt 0.300184 0.981020
vt 0.317546 0.846991
vt 0.962883 0.745469
vt 0.312477 0.852089
vt 0.965164 0.738702
vt 0.320302 0.843980
vt 0.961492 0.749180
vt 0.170726 0.937283
vt 0.704237 0.015848
vt 0.704237 0.002772
vt 0.960454 0.754756
vt 0.176560 0.937014
vt 0.709284 0.013580
vt 0.710062 0.009760
vt 0.184840 0.935229
vt 0.716036 0.007262
vt 0.292455 0.883862
vt 0.317273 0.912874
vt 0.713116 0.009419
vt 0.239322 0.867319
vt 0.310983 0.864649
vt 0.966959 0.725566
vt 0.346854 0.972481
vt 0.954095 0.652026
vt 0.345920 0.975293
vt 0.954568 0.649219
vt 0.346497 0.964452
vt 0.954268 0.659691
vt 0.346113 0.959914
vt 0.954722 0.663913
vt 0.343040 0.947605
vt 0.957807 0.675088
vt 0.316413 0.886783
vt 0.344385 0.920402
vt 0.960729 0.700959
vt 0.312516 0.867056
vt 0.965316 0.722926
vt 0.347342 0.924802
vt 0.957742 0.696822
vt 0.313582 0.878328
vt 0.964437 0.710277
vt 0.932279 0.387524
vt 0.984571 0.914953
vt 0.985522 0.890755
vt 0.437320 0.411326
vt 0.448490 0.011600
vt 0.131152 0.696132
vt 0.867817 0.307347
vt 0.312496 0.987197
vt 0.996063 0.455531
vt 0.328410 0.716935
vt 0.938975 0.870964
vt 0.307623 0.987754
vt 0.996950 0.449864
vt 0.296625 0.988489
vt 0.990730 0.436799
vt 0.331551 0.982982
vt 0.992327 0.477833
vt 0.324267 0.982318
vt 0.996452 0.470172
vt 0.966873 0.464179
vt 0.980084 0.636029
vt 0.346189 0.927896
vt 0.957861 0.693778
vt 0.344903 0.935827
vt 0.957349 0.686076
vt 0.345008 0.980770
vt 0.954613 0.643911
vt 0.988417 0.493885
vt 0.956348 0.634192
vt 0.973908 0.493587
vt 0.952061 0.636472
vt 0.978400 0.496755
vt 0.280550 0.889099
vt 0.303435 0.918507
vt 0.265320 0.872038
vt 0.933295 0.372489
vt 0.989467 0.118349
vt 0.249039 0.928094
vt 0.736123 0.452066
vt 0.251702 0.922860
vt 0.736872 0.447713
vt 0.233075 0.866799
vt 0.732418 0.436127
vt 0.903831 0.681647
vt 0.919602 0.376576
vt 0.974163 0.126688
vt 0.913695 0.375059
vt 0.967223 0.128004
vt 0.931104 0.392687
vt 0.980294 0.891976
vt 0.851621 0.466472
vt 0.964419 0.519568
vt 0.211549 0.950884
vt 0.285128 0.820734
vt 0.202834 0.984227
vt 0.284667 0.804138
vt 0.074958 0.002235
vt 0.445267 0.072867
vt 0.583895 0.462316
vt 0.911825 0.421342
vt 0.196332 0.985609
vt 0.290272 0.801519
vt 0.602232 0.398004
vt 0.616043 0.005900
vt 0.215530 0.986953
vt 0.272953 0.805045
vt 0.062674 0.934295
vt 0.815765 0.370833
vt 0.212230 0.986927
vt 0.275980 0.804521
vt 0.190055 0.986916
vt 0.295552 0.799053
vt 0.168123 0.985106
vt 0.314936 0.794906
vt 0.182032 0.983839
vt 0.303378 0.800071
vt 0.180855 0.961180
vt 0.579309 0.453557
vt 0.912796 0.434450
vt 0.697281 0.443963
vt 0.976718 0.360422
vt 0.162874 0.952461
vt 0.954526 0.769152
vt 0.707530 0.447474
vt 0.981651 0.372272
vt 0.164403 0.977222
vt 0.960400 0.790289
vt 0.164409 0.943907
vt 0.955319 0.761218
vt 0.006178 0.573251
vt 0.403512 0.555196
vt 0.323719 0.791025
vt 0.957022 0.798269
vt 0.324916 0.741789
vt 0.947390 0.846993
vt 0.329430 0.757364
vt 0.945560 0.830710
vt 0.239730 0.985054
vt 0.987010 0.377907
vt 0.331593 0.769251
vt 0.945839 0.818609
vt 0.332627 0.764943
vt 0.943886 0.822614
vt 0.331180 0.772510
vt 0.946921 0.815494
vt 0.935775 0.394104
vt 0.980435 0.910578
vt 0.983298 0.896561
vt 0.984437 0.909222
vt 0.980703 0.902019
vt 0.316327 0.767195
vt 0.979015 0.898564
vt 0.982331 0.905508
vt 0.972532 0.900093
vt 0.606830 0.430967
vt 0.718588 0.502489
vt 0.940012 0.403513
vt 0.972762 0.907385
vt 0.357527 0.826919
vt 0.720080 0.509547
vt 0.356759 0.831100
vt 0.724481 0.509879
vt 0.741404 0.497469
vt 0.936474 0.428673
vt 0.938664 0.406941
vt 0.968973 0.906180
vt 0.332142 0.846481
vt 0.743926 0.488314
vt 0.331442 0.856127
vt 0.752857 0.486193
vt 0.430467 0.005361
vt 0.916436 0.297348
vt 0.426255 0.004768
vt 0.919830 0.298314
vt 0.420211 0.002365
vt 0.924957 0.296268
vt 0.422397 0.011715
vt 0.429933 0.011104
vt 0.916498 0.291438
vt 0.431207 0.008134
vt 0.915434 0.294629
vt 0.915802 0.279026
vt 0.095728 0.964391
vt 0.900983 0.294975
vt 0.099575 0.963224
vt 0.900433 0.297838
vt 0.417991 0.019018
vt 0.424351 0.016667
vt 0.415117 0.012451
vt 0.430111 0.016757
vt 0.919082 0.286169
vt 0.092808 0.962958
vt 0.902202 0.293186
vt 0.101593 0.882531
vt 0.337653 0.829391
vt 0.092417 0.882395
vt 0.730995 0.477907
vt 0.936735 0.266643
vt 0.123947 0.882607
vt 0.360438 0.815924
vt 0.613425 0.423059
vt 0.128706 0.879704
vt 0.619334 0.423562
vt 0.727517 0.483513
vt 0.942092 0.269920
vt 0.107537 0.880461
vt 0.344162 0.826970
vt 0.725347 0.486664
vt 0.945107 0.271899
vt 0.217133 0.840450
vt 0.115707 0.879615
vt 0.351202 0.819920
vt 0.120173 0.882276
vt 0.356419 0.817288
vt 0.322568 0.656605
vt 0.933160 0.932129
vt 0.722907 0.489404
vt 0.947806 0.274090
vt 0.932520 0.291973
vt 0.275526 0.261578
vt 0.478095 0.439717
vt 0.869655 0.054933
vt 0.077985 0.870085
vt 0.921571 0.185582
vt 0.078989 0.873465
vt 0.920194 0.188893
vt 0.897821 0.174245
vt 0.919695 0.194072
vt 0.926603 0.261855
vt 0.242406 0.956695
vt 0.727746 0.456427
vt 0.958817 0.389084
vt 0.636113 0.432135
vt 0.620990 0.436000
vt 0.959511 0.288660
vt 0.108849 0.869261
vt 0.089394 0.879834
vt 0.933395 0.267583
vt 0.060883 0.720332
vt 0.867956 0.181210
vt 0.234738 0.874853
vt 0.250799 0.913007
vt 0.735492 0.441762
vt 0.932302 0.395369
vt 0.977193 0.890123
vt 0.092132 0.991880
vt 0.893759 0.291173
vt 0.279637 0.620954
vt 0.813338 0.458965
vt 0.037709 0.006109
vt 0.440293 0.036081
vt 0.116911 0.704469
vt 0.867167 0.291952
vt 0.250687 0.991010
vt 0.989060 0.389331
vt 0.242486 0.990612
vt 0.991368 0.381997
vt 0.911858 0.368478
vt 0.961194 0.122375
vt 0.244610 0.940464
vt 0.735746 0.462834
vt 0.908793 0.353224
vt 0.945173 0.112823
vt 0.056106 0.722223
vt 0.866969 0.175911
vt 0.081713 0.718378
vt 0.863411 0.202504
vt 0.411185 0.618183
vt 0.446218 0.413702
vt 0.457362 0.014367
vt 0.029970 0.724296
vt 0.564777 0.402516
vt 0.868442 0.149024
vt 0.173136 0.653475
vt 0.659677 0.464056
vt 0.096020 0.711254
vt 0.868742 0.271299
vt 0.103118 0.708513
vt 0.868930 0.278540
vt 0.031375 0.730257
vt 0.565777 0.408748
vt 0.033854 0.732123
vt 0.568130 0.410917
vt 0.035471 0.724426
vt 0.867923 0.154575
vt 0.046885 0.723224
vt 0.867693 0.166278
vt 0.612758 0.481246
vt 0.580316 0.450389
vt 0.910100 0.437590
vt 0.168795 0.651972
vt 0.655608 0.462772
vt 0.036257 0.784194
vt 0.561034 0.464340
vt 0.204845 0.644682
vt 0.687710 0.464462
vt 0.203752 0.618024
vt 0.034045 0.775927
vt 0.562055 0.455577
vt 0.472850 0.410894
vt 0.484391 0.012898
vt 0.208397 0.633458
vt 0.695659 0.482452
vt 0.210946 0.616912
vt 0.696530 0.491771
vt 0.163833 0.652207
vt 0.651155 0.461440
vt 0.216095 0.611158
vt 0.703128 0.495813
vt 0.214796 0.598195
vt 0.695070 0.499759
vt 0.215444 0.615285
vt 0.699067 0.495581
vt 0.034969 0.832197
vt 0.549175 0.511534
vt 0.545703 0.527386
vt 0.916622 0.133611
vt 0.034791 0.796403
vt 0.555557 0.475636
vt 0.327832 0.863320
vt 0.759713 0.482741
vt 0.033463 0.818673
vt 0.548236 0.497026
vt 0.666922 0.487069
vt 0.952551 0.099092
vt 0.033827 0.792907
vt 0.555715 0.471944
vt 0.671086 0.488679
vt 0.952026 0.098265
vt 0.058826 0.862669
vt 0.913556 0.168458
vt 0.177970 0.652495
vt 0.664266 0.464094
vt 0.047333 0.855839
vt 0.913830 0.155312
vt 0.187069 0.653784
vt 0.671862 0.467280
vt 0.333631 0.878781
vt 0.776007 0.490227
vt 0.190992 0.654611
vt 0.673123 0.470706
vt 0.329832 0.875512
vt 0.772384 0.486975
vt 0.330557 0.872658
vt 0.770041 0.485377
vt 0.329227 0.867642
vt 0.763432 0.484984
vt 0.198720 0.638173
vt 0.690039 0.472767
vt 0.334532 0.886581
vt 0.781200 0.496282
vt 0.201113 0.646870
vt 0.684213 0.465656
vt 0.682163 0.492395
vt 0.058277 0.792400
vt 0.038772 0.850380
vt 0.914244 0.145607
vt 0.097425 0.651597
vt 0.594042 0.437449
vt 0.101155 0.650429
vt 0.597368 0.438644
vt 0.540001 0.526667
vt 0.920623 0.129145
vt 0.037343 0.805574
vt 0.555301 0.485335
vt 0.035845 0.811038
vt 0.552396 0.490271
vt 0.355280 0.847847
vt 0.741242 0.508965
vt 0.197890 0.633262
vt 0.687238 0.476670
vt 0.353972 0.876454
vt 0.770862 0.508137
vt 0.343881 0.896661
vt 0.790529 0.505018
vt 0.776643 0.501272
vt 0.354386 0.862175
vt 0.755669 0.508335
vt 0.351305 0.888561
vt 0.782708 0.508447
vt 0.353233 0.853095
vt 0.746720 0.510036
vt 0.351883 0.884123
vt 0.778630 0.508915
vt 0.727652 0.835328
vt 0.024437 0.034110
vt 0.631244 0.545265
vt 0.704753 0.530364
vt 0.729874 0.988314
vt 0.685957 0.554828
vt 0.660857 0.533223
vt 0.685846 0.987136
vt 0.656829 0.533061
vt 0.681935 0.986299
vt 0.664510 0.532814
vt 0.689488 0.987325
vt 0.136947 0.654410
vt 0.626339 0.456254
vt 0.455485 0.414880
vt 0.466651 0.015965
vt 0.147385 0.654345
vt 0.634866 0.460473
vt 0.217203 0.601792
vt 0.699651 0.500123
vt 0.682847 0.527989
vt 0.708248 0.984757
vt 0.693621 0.527505
vt 0.718950 0.984945
vt 0.697926 0.527714
vt 0.723212 0.985368
vt 0.092898 0.651967
vt 0.590969 0.434731
vt 0.728400 0.532007
vt 0.753378 0.990870
vt 0.710154 0.529857
vt 0.735269 0.988053
vt 0.192801 0.603568
vt 0.675749 0.508426
vt 0.188653 0.604791
vt 0.671622 0.508500
vt 0.648515 0.532575
vt 0.673882 0.984412
vt 0.652731 0.532849
vt 0.677963 0.985387
vt 0.535184 0.552692
vt 0.559420 0.991636
vt 0.526741 0.554898
vt 0.550829 0.993010
vt 0.578986 0.542141
vt 0.603967 0.985712
vt 0.569376 0.543496
vt 0.594268 0.985997
vt 0.565764 0.543183
vt 0.590722 0.985259
vt 0.556554 0.544106
vt 0.581467 0.985138
vt 0.538197 0.550753
vt 0.562582 0.989970
vt 0.542511 0.550312
vt 0.566908 0.989905
vt 0.548043 0.547020
vt 0.572718 0.987164
vt 0.616224 0.536207
vt 0.641577 0.983710
vt 0.606497 0.539053
vt 0.631648 0.985506
vt 0.609652 0.536837
vt 0.635007 0.983627
vt 0.199975 0.598250
vt 0.684050 0.512436
vt 0.235277 0.645011
vt 0.834986 0.413600
vt 0.209545 0.597018
vt 0.692599 0.504883
vt 0.153486 0.172468
vt 0.144093 0.310592
vt 0.597292 0.538791
vt 0.622524 0.984315
vt 0.580907 0.526655
vt 0.868540 0.445597
vt 0.552553 0.666000
vt 0.720799 0.944224
vt 0.589220 0.724106
vt 0.594581 0.484161
vt 0.897218 0.408759
vt 0.126980 0.613005
vt 0.610674 0.508815
vt 0.122231 0.615239
vt 0.608015 0.513185
vt 0.011203 0.534976
vt 0.410435 0.518586
vt 0.145366 0.628097
vt 0.011491 0.502989
vt 0.412725 0.487714
vt 0.111427 0.616819
vt 0.599999 0.520093
vt 0.399465 0.471563
vt 0.012234 0.507091
vt 0.413145 0.491730
vt 0.004846 0.562461
vt 0.402689 0.544751
vt 0.022594 0.530311
vt 0.160881 0.586393
vt 0.367979 0.833333
vt 0.011874 0.521587
vt 0.411834 0.505700
vt 0.011852 0.516803
vt 0.412120 0.501080
vt 0.011129 0.526833
vt 0.410808 0.510722
vt 0.012434 0.531001
vt 0.411838 0.514817
vt 0.094364 0.616490
vt 0.586543 0.530450
vt 0.028785 0.004428
vt 0.441606 0.027182
vt 0.008940 0.540194
vt 0.407973 0.523499
vt 0.006237 0.549260
vt 0.404857 0.532092
vt 0.119504 0.598653
vt 0.371394 0.874516
vt 0.393082 0.886825
vt 0.369986 0.616148
vt 0.349637 0.636183
vt 0.367345 0.577368
vt 0.346814 0.632682
vt 0.371580 0.575791
vt 0.345719 0.630060
vt 0.374421 0.575629
vt 0.151467 0.588351
vt 0.367805 0.842547
vt 0.157136 0.586889
vt 0.367687 0.836960
vt 0.138571 0.593190
vt 0.369767 0.855543
vt 0.385498 0.519621
vt 0.338651 0.616294
vt 0.389697 0.573189
vt 0.031484 0.601537
vt 0.363763 0.958931
vt 0.381357 0.562498
vt 0.342584 0.623492
vt 0.381618 0.574690
vt 0.345467 0.625637
vt 0.378699 0.576790
vt 0.341947 0.605091
vt 0.359835 0.987458
vt 0.011303 0.597601
vt 0.358871 0.978221
vt 0.005290 0.577396
vt 0.402571 0.559183
vt 0.521050 0.529551
vt 0.918494 0.109092
vt 0.527065 0.529830
vt 0.918769 0.115360
vt 0.533448 0.529611
vt 0.919453 0.121715
vt 0.111142 0.597839
vt 0.369182 0.882292
vt 0.002973 0.404050
vt 0.407527 0.392278
vt 0.005373 0.413647
vt 0.409946 0.401548
vt 0.003899 0.384530
vt 0.408337 0.373346
vt 0.003916 0.389208
vt 0.408352 0.377882
vt 0.325143 0.672153
vt 0.933551 0.916156
vt 0.003724 0.394144
vt 0.408184 0.382669
vt 0.013811 0.440795
vt 0.418451 0.427727
vt 0.010462 0.428317
vt 0.415076 0.415678
vt 0.015605 0.487592
vt 0.417821 0.473127
vt 0.108661 0.492811
vt 0.146637 0.467540
vt 0.268876 0.659405
vt 0.012108 0.437135
vt 0.416782 0.424191
vt 0.939503 0.796516
vt 0.151928 0.392443
vt 0.014586 0.452384
vt 0.419064 0.438946
vt 0.395182 0.412570
vt 0.014040 0.458358
vt 0.418311 0.444715
vt 0.013626 0.466936
vt 0.417450 0.453001
vt 0.015858 0.446418
vt 0.420418 0.433186
vt 0.011856 0.433320
vt 0.416501 0.420499
vt 0.355912 0.412349
vt 0.213720 0.588805
vt 0.375795 0.784810
vt 0.218960 0.586446
vt 0.373087 0.780117
vt 0.243546 0.518865
vt 0.052057 0.595363
vt 0.359355 0.938636
vt 0.260305 0.580912
vt 0.367864 0.739457
vt 0.249256 0.584645
vt 0.371072 0.751222
vt 0.821407 0.483902
vt 0.929455 0.513894
vt 0.245848 0.585288
vt 0.371504 0.754652
vt 0.233241 0.585063
vt 0.372084 0.766470
vt 0.174312 0.586201
vt 0.370609 0.820800
vt 0.171272 0.585966
vt 0.369758 0.823567
vt 0.006274 0.325780
vt 0.411348 0.316250
vt 0.182009 0.587001
vt 0.372923 0.813853
vt 0.178643 0.586019
vt 0.371349 0.816761
vt 0.418793 0.004896
vt 0.924112 0.293763
vt 0.007871 0.299921
vt 0.413389 0.290961
vt 0.421872 0.579149
vt 0.443533 0.990457
vt 0.214241 0.953939
vt 0.282452 0.817985
vt 0.309887 0.428435
vt 0.482434 0.528582
vt 0.919470 0.070161
vt 0.507844 0.528196
vt 0.918258 0.095593
vt 0.318848 0.623102
vt 0.930524 0.966198
vt 0.282171 0.574046
vt 0.365437 0.716676
vt 0.277003 0.573916
vt 0.364453 0.721884
vt 0.003546 0.379979
vt 0.408001 0.368932
vt 0.328597 0.753923
vt 0.945781 0.834282
vt 0.297092 0.547756
vt 0.334284 0.570528
vt 0.352610 0.669531
vt 0.337562 0.570752
vt 0.352197 0.666318
vt 0.344527 0.571325
vt 0.351050 0.659553
vt 0.349367 0.655001
vt 0.349421 0.571069
vt 0.297020 0.571888
vt 0.363663 0.703335
vt 0.307185 0.573810
vt 0.362229 0.693893
vt 0.310148 0.573128
vt 0.361123 0.691230
vt 0.312662 0.571402
vt 0.358789 0.689483
vt 0.366190 0.661887
vt 0.320716 0.572596
vt 0.356494 0.681997
vt 0.352340 0.644937
vt 0.358125 0.577146
vt 0.350711 0.639378
vt 0.363950 0.577430
vt 0.267271 0.578770
vt 0.366601 0.732291
vt 0.426777 0.493967
vt 0.428291 0.513499
vt 0.431546 0.503040
vt 0.425538 0.491132
vt 0.427857 0.516775
vt 0.429483 0.498681
vt 0.429511 0.507750
vt 0.895255 0.134579
vt 0.005344 0.313769
vt 0.410681 0.304494
vt 0.004645 0.309416
vt 0.410072 0.300220
vt 0.359458 0.602360
vt 0.377196 0.990950
vt 0.383546 0.594296
vt 0.402544 0.991373
vt 0.380333 0.596343
vt 0.398842 0.992232
vt 0.035106 0.769415
vt 0.563767 0.448848
vt 0.325255 0.737579
vt 0.946225 0.851106
vt 0.409115 0.581006
vt 0.431022 0.987660
vt 0.417434 0.579877
vt 0.439150 0.989569
vt 0.012034 0.282877
vt 0.417738 0.274274
vt 0.363658 0.600694
vt 0.381707 0.990787
vt 0.027628 0.244781
vt 0.431424 0.578079
vt 0.452803 0.992771
vt 0.426309 0.578621
vt 0.447850 0.991509
vt 0.387656 0.591817
vt 0.407238 0.990433
vt 0.392579 0.589528
vt 0.412625 0.989925
vt 0.396400 0.587016
vt 0.417054 0.988855
vt 0.371777 0.597185
vt 0.390502 0.990212
vt 0.367387 0.597182
vt 0.386384 0.988710
vt 0.377596 0.974820
vt 0.024424 0.004859
vt 0.440994 0.022883
vt 0.032742 0.004112
vt 0.442080 0.031086
vt 0.457273 0.526011
vt 0.922501 0.046089
vt 0.128900 0.598665
vt 0.373090 0.865658
vt 0.099979 0.599982
vt 0.369392 0.893233
vt 0.135775 0.596026
vt 0.371887 0.858704
vt 0.132857 0.598588
vt 0.373745 0.861921
vt 0.465895 0.526846
vt 0.922852 0.054140
vt 0.471983 0.527412
vt 0.921172 0.059771
vt 0.588886 0.539248
vt 0.614117 0.983910
vt 0.096331 0.598837
vt 0.367733 0.896524
vt 0.412363 0.778326
vt 0.013683 0.187449
vt 0.420518 0.179780
vt 0.382398 0.760977
vt 0.010552 0.265535
vt 0.416526 0.257174
vt 0.011607 0.275006
vt 0.417423 0.266522
vt 0.034555 0.744012
vt 0.567420 0.423113
vt 0.252280 0.585835
vt 0.372087 0.747965
vt 0.001741 0.011025
vt 0.002594 0.005306
vt 0.007431 0.246389
vt 0.413795 0.238197
vt 0.009029 0.253455
vt 0.415236 0.245218
vt 0.518958 0.419258
vt 0.860585 0.101137
vt 0.237424 0.586501
vt 0.373379 0.762449
vt 0.187238 0.587409
vt 0.374228 0.809088
vt 0.203899 0.590422
vt 0.377789 0.793624
vt 0.015075 0.192394
vt 0.421969 0.184674
vt 0.262472 0.759892
vt 0.878206 0.909381
vt 0.013297 0.202767
vt 0.420250 0.194988
vt 0.541532 0.408510
vt 0.865321 0.125622
vt 0.525050 0.883475
vt 0.085641 0.005626
vt 0.442135 0.083538
vt 0.116907 0.812702
vt 0.435993 0.575876
vt 0.457819 0.992283
vt 0.214234 0.671900
vt 0.488965 0.649488
vt 0.482989 0.566576
vt 0.112087 0.721651
vt 0.495214 0.558043
vt 0.519213 0.992065
vt 0.487895 0.560072
vt 0.511689 0.992661
vt 0.442555 0.471634
vt 0.896144 0.020981
vt 0.464208 0.566400
vt 0.487299 0.992710
vt 0.539730 0.561396
vt 0.509938 0.554891
vt 0.534201 0.991093
vt 0.048096 0.597392
vt 0.360991 0.942612
vt 0.456858 0.570343
vt 0.479145 0.994106
vt 0.452942 0.572350
vt 0.474825 0.994706
vt 0.447644 0.574096
vt 0.469293 0.994564
vt 0.463315 0.974899
vt 0.004536 0.067021
vt 0.410308 0.060420
vt 0.069478 0.001871
vt 0.445491 0.067426
vt 0.527767 0.720387
vt 0.631678 0.078416
vt 0.079927 0.005024
vt 0.442618 0.077859
vt 0.945274 0.488663
vt 0.967401 0.607471
vt 0.576426 0.803435
vt 0.003973 0.581953
vt 0.401252 0.563573
vt 0.653356 0.829457
vt 0.587104 0.859479
vt 0.505831 0.428358
vt 0.860852 0.084834
vt 0.085740 0.600024
vt 0.367320 0.906787
vt 0.889138 0.077106
vt 0.500314 0.429448
vt 0.864316 0.080336
vt 0.228277 0.859605
vt 0.728974 0.428693
vt 0.260045 0.635170
vt 0.820595 0.435947
vt 0.445625 0.466023
vt 0.889085 0.022039
vt 0.076223 0.598270
vt 0.364473 0.915666
vt 0.448626 0.462848
vt 0.884224 0.022837
vt 0.139960 0.876347
vt 0.634579 0.424290
vt 0.335631 0.982733
vt 0.990772 0.482519
vt 0.222286 0.648791
vt 0.843573 0.403153
vt 0.321141 0.646156
vt 0.932615 0.942805
vt 0.005417 0.009022
vt 0.535833 0.513689
vt 0.461563 0.449483
vt 0.872124 0.033974
vt 0.528141 0.415308
vt 0.861370 0.111200
vt 0.875059 0.512004
vt 0.901991 0.987897
vt 0.597893 0.184022
vt 0.750248 0.444691
vt 0.533962 0.411759
vt 0.863429 0.117641
vt 0.027689 0.599326
vt 0.361374 0.962443
vt 0.616795 0.399293
vt 0.630653 0.007515
vt 0.705888 0.410870
vt 0.719953 0.017875
vt 0.607143 0.399045
vt 0.620958 0.007070
vt 0.621902 0.398704
vt 0.635787 0.006987
vt 0.573615 0.377429
vt 0.593322 0.395362
vt 0.607123 0.003030
vt 0.597271 0.397240
vt 0.611065 0.005008
vt 0.624561 0.014113
vt 0.436353 0.071880
vt 0.806883 0.217914
vt 0.886556 0.247342
vt 0.951766 0.950964
vt 0.589388 0.395790
vt 0.603147 0.003382
vt 0.436199 0.068068
vt 0.954557 0.951998
vt 0.676262 0.407819
vt 0.690368 0.015819
vt 0.683706 0.409766
vt 0.697849 0.017530
vt 0.690328 0.036837
vt 0.435101 0.062505
vt 0.955011 0.947540
vt 0.695899 0.411411
vt 0.710042 0.018745
vt 0.640642 0.402728
vt 0.654615 0.011057
vt 0.645611 0.402607
vt 0.659599 0.010973
vt 0.654156 0.401499
vt 0.668161 0.009857
vt 0.658582 0.403069
vt 0.672601 0.011387
vt 0.884093 0.104359
vt 0.848587 0.499214
vt 0.920913 0.213132
vt 0.737846 0.012284
vt 0.924703 0.219353
vt 0.060328 0.597764
vt 0.362371 0.930876
vt 0.034525 0.781034
vt 0.560765 0.460698
vt 0.109402 0.905080
vt 0.987595 0.159734
vt 0.099677 0.905380
vt 0.993640 0.165919
vt 0.953584 0.174688
vt 0.119966 0.903829
vt 0.983278 0.149558
vt 0.166400 0.916881
vt 0.813298 0.259819
vt 0.144349 0.907778
vt 0.981872 0.959812
vt 0.085942 0.935239
vt 0.834693 0.383586
vt 0.559123 0.404731
vt 0.866614 0.143326
vt 0.060239 0.932086
vt 0.815694 0.367711
vt 0.796903 0.236978
vt 0.964336 0.969335
vt 0.798127 0.233060
vt 0.962360 0.965702
vt 0.552794 0.406834
vt 0.865078 0.136897
vt 0.090512 0.935186
vt 0.838381 0.385940
vt 0.547166 0.407807
vt 0.865001 0.131276
vt 0.426686 0.051951
vt 0.909132 0.241811
vt 0.963086 0.935981
vt 0.045914 0.924982
vt 0.809268 0.354075
vt 0.049588 0.924557
vt 0.812557 0.355702
vt 0.044229 0.922425
vt 0.809299 0.351050
vt 0.783993 0.376132
vt 0.040390 0.915596
vt 0.809818 0.343438
vt 0.031434 0.909704
vt 0.804952 0.334439
vt 0.055792 0.914063
vt 0.058171 0.700601
vt 0.821088 0.125850
vt 0.210948 0.919674
vt 0.803431 0.302599
vt 0.205768 0.918503
vt 0.804864 0.297746
vt 0.202616 0.917039
vt 0.806503 0.294863
vt 0.199156 0.918810
vt 0.805129 0.291418
vt 0.116201 0.666565
vt 0.892229 0.229703
vt 0.113330 0.684930
vt 0.814212 0.186815
vt 0.033124 0.778197
vt 0.560640 0.457546
vt 0.118482 0.663992
vt 0.892171 0.232250
vt 0.423876 0.060047
vt 0.904244 0.238998
vt 0.112212 0.668086
vt 0.700624 0.002533
vt 0.113450 0.663308
vt 0.693832 0.001617
vt 0.895203 0.228898
vt 0.228322 0.896805
vt 0.987282 0.224349
vt 0.225290 0.894934
vt 0.983380 0.223492
vt 0.214162 0.889387
vt 0.969580 0.225670
vt 0.143355 0.903955
vt 0.983957 0.956960
vt 0.173217 0.914034
vt 0.813778 0.266983
vt 0.176332 0.915262
vt 0.812603 0.270080
vt 0.069093 0.659665
vt 0.933068 0.200529
vt 0.179784 0.878460
vt 0.936197 0.237963
vt 0.932497 0.230321
vt 0.947836 0.209643
vt 0.171875 0.883080
vt 0.930761 0.242389
vt 0.194457 0.919382
vt 0.805109 0.286905
vt 0.183227 0.914694
vt 0.812021 0.277187
vt 0.791259 0.910054
vt 0.089949 0.663780
vt 0.846060 0.510340
vt 0.911803 0.215908
vt 0.085732 0.676368
vt 0.832387 0.504290
vt 0.848656 0.508175
vt 0.913502 0.213497
vt 0.090155 0.669080
vt 0.840721 0.510276
vt 0.072694 0.660661
vt 0.930639 0.203426
vt 0.223985 0.917691
vt 0.806082 0.314886
vt 0.871002 0.479815
vt 0.975094 0.952398
vt 0.919783 0.245238
vt 0.974862 0.933203
vt 0.846707 0.489512
vt 0.929813 0.210053
vt 0.734528 0.013131
vt 0.926726 0.218383
vt 0.035879 0.789961
vt 0.558642 0.469754
vt 0.434148 0.053517
vt 0.962010 0.943530
vt 0.428682 0.072670
vt 0.892533 0.245633
vt 0.801059 0.244257
vt 0.972059 0.972220
vt 0.813990 0.215055
vt 0.884051 0.240446
vt 0.423776 0.068962
vt 0.900025 0.244155
vt 0.429907 0.070886
vt 0.890947 0.245818
vt 0.808478 0.215128
vt 0.884312 0.245550
vt 0.443421 0.468972
vt 0.893039 0.020948
vt 0.038734 0.691576
vt 0.832220 0.104735
vt 0.142844 0.592364
vt 0.369822 0.851387
vt 0.463462 0.414959
vt 0.474691 0.016432
vt 0.060803 0.898802
vt 0.989127 0.206346
vt 0.051471 0.897967
vt 0.990190 0.215840
vt 0.975613 0.201337
vt 0.045467 0.898072
vt 0.232735 0.897127
vt 0.991671 0.222169
vt 0.149634 0.895145
vt 0.985435 0.947730
vt 0.078305 0.696889
vt 0.818579 0.144079
vt 0.201054 0.885950
vt 0.957559 0.228661
vt 0.034814 0.752141
vt 0.566313 0.431270
vt 0.209085 0.886253
vt 0.963985 0.225235
vt 0.043607 0.692699
vt 0.829555 0.109305
vt 0.045904 0.696241
vt 0.825364 0.110955
vt 0.070646 0.695600
vt 0.822000 0.137554
vt 0.048946 0.696467
vt 0.825810 0.114045
vt 0.771450 0.311473
vt 0.867110 0.488588
vt 0.074124 0.694484
vt 0.822029 0.141069
vt 0.031324 0.904462
vt 0.806697 0.329805
vt 0.034711 0.668874
vt 0.934185 0.165830
vt 0.168786 0.915210
vt 0.814192 0.262578
vt 0.163591 0.919793
vt 0.814413 0.256054
vt 0.152113 0.914123
vt 0.981380 0.970507
vt 0.705727 0.348110
vt 0.778329 0.319927
vt 0.865525 0.474965
vt 0.772264 0.328727
vt 0.878994 0.473122
vt 0.777700 0.327984
vt 0.873311 0.470419
vt 0.483061 0.439442
vt 0.867884 0.059885
vt 0.922041 0.925298
vt 0.775912 0.311943
vt 0.864208 0.484697
vt 0.109644 0.989190
vt 0.884685 0.301783
vt 0.797336 0.229344
vt 0.958742 0.964073
vt 0.725164 0.285736
vt 0.110011 0.692110
vt 0.809850 0.179558
vt 0.799683 0.180217
vt 0.112796 0.688926
vt 0.811948 0.183355
vt 0.495380 0.021958
vt 0.053055 0.005095
vt 0.441825 0.051248
vt 0.584395 0.539446
vt 0.609631 0.983609
vt 0.443621 0.524074
vt 0.917700 0.032535
vt 0.737535 0.205840
vt 0.047043 0.005982
vt 0.440750 0.045322
vt 0.130474 0.086534
vt 0.634155 0.240864
vt 0.055635 0.597671
vt 0.361875 0.935384
vt 0.678367 0.297185
vt 0.092449 0.599257
vt 0.367545 0.900284
vt 0.524880 0.074160
vt 0.739955 0.149418
vt 0.091570 0.703927
vt 0.811146 0.156885
vt 0.327604 0.730894
vt 0.942560 0.857269
vt 0.105617 0.696295
vt 0.808072 0.173658
vt 0.099567 0.702632
vt 0.808770 0.164890
vt 0.096003 0.703622
vt 0.809977 0.161262
vt 0.148362 0.010464
vt 0.437091 0.145579
vt 0.108095 0.694648
vt 0.808375 0.176657
vt 0.103141 0.698748
vt 0.808504 0.170146
vt 0.126337 0.899869
vt 0.862886 0.035883
vt 0.127351 0.895810
vt 0.862144 0.039760
vt 0.977188 0.140536
vt 0.325485 0.668419
vt 0.932498 0.919809
vt 0.004581 0.049695
vt 0.409821 0.043278
vt 0.105917 0.932826
vt 0.841293 0.396896
vt 0.852787 0.053799
vt 0.960907 0.136794
vt 0.125884 0.909503
vt 0.856257 0.028943
vt 0.115163 0.929187
vt 0.849057 0.009382
vt 0.835699 0.401217
vt 0.848174 0.005572
vt 0.124155 0.914401
vt 0.853043 0.025166
vt 0.117475 0.928685
vt 0.847822 0.011269
vt 0.850843 0.058286
vt 0.955999 0.137126
vt 0.795665 0.699463
vt 0.014376 0.685405
vt 0.834127 0.078782
vt 0.928076 0.137823
vt 0.016367 0.688447
vt 0.830815 0.081050
vt 0.024253 0.690974
vt 0.830632 0.089207
vt 0.027663 0.688666
vt 0.833765 0.092511
vt 0.750374 0.090164
vt 0.734524 0.409305
vt 0.748256 0.015059
vt 0.963926 0.149153
vt 0.786202 0.404929
vt 0.799260 0.008303
vt 0.771530 0.402376
vt 0.784579 0.006844
vt 0.790632 0.404451
vt 0.803653 0.007882
vt 0.797368 0.403919
vt 0.810390 0.007177
vt 0.802397 0.404583
vt 0.815417 0.007583
vt 0.780964 0.013349
vt 0.806704 0.404868
vt 0.819704 0.007714
vt 0.822147 0.399977
vt 0.835019 0.002942
vt 0.818860 0.400304
vt 0.831744 0.003146
vt 0.767098 0.403519
vt 0.780262 0.008243
vt 0.749327 0.402990
vt 0.762678 0.008231
vt 0.743454 0.405467
vt 0.756936 0.010880
vt 0.756353 0.403391
vt 0.769643 0.008606
vt 0.760395 0.404270
vt 0.773672 0.009356
vt 0.741346 0.390495
vt 0.763622 0.403212
vt 0.776805 0.008120
vt 0.781993 0.404039
vt 0.795036 0.007745
vt 0.034320 0.739496
vt 0.567803 0.418539
vt 0.739199 0.408071
vt 0.752826 0.013625
vt 0.848015 0.061869
vt 0.951242 0.136234
vt 0.854904 0.050038
vt 0.965235 0.136417
vt 0.816165 0.401114
vt 0.829048 0.003886
vt 0.856739 0.046941
vt 0.968825 0.136026
vt 0.811755 0.402665
vt 0.824663 0.005415
vt 0.816516 0.393864
vt 0.762730 0.267734
vt 0.623422 0.535038
vt 0.648839 0.983344
vt 0.034557 0.748109
vt 0.566771 0.427211
vt 0.083013 0.699837
vt 0.815145 0.148175
vt 0.021375 0.674822
vt 0.934782 0.149925
vt 0.017830 0.677293
vt 0.935087 0.145089
vt 0.048423 0.488189
vt 0.840799 0.073288
vt 0.937200 0.137842
vt 0.837699 0.076500
vt 0.932522 0.137913
vt 0.843369 0.069374
vt 0.942079 0.137477
vt 0.649999 0.401850
vt 0.664001 0.010243
vt 0.845549 0.065550
vt 0.946588 0.136632
vt 0.021292 0.690412
vt 0.828788 0.086542
vt 0.030560 0.689305
vt 0.833426 0.095950
vt 0.850243 0.694003
vt 0.778333 0.323315
vt 0.868042 0.471805
vt 0.055938 0.679336
vt 0.834451 0.065280
vt 0.093358 0.007624
vt 0.440279 0.091228
vt 0.769009 0.313266
vt 0.870275 0.489371
vt 0.120239 0.926723
vt 0.847114 0.014408
vt 0.122718 0.922121
vt 0.848459 0.019241
vt 0.327612 0.696331
vt 0.935744 0.891609
vt 0.831072 0.399004
vt 0.843887 0.002850
vt 0.766756 0.314739
vt 0.873986 0.489567
vt 0.124292 0.918642
vt 0.849888 0.022612
vt 0.111977 0.928797
vt 0.838832 0.403524
vt 0.851511 0.007516
vt 0.790331 0.204501
vt 0.123084 0.899167
vt 0.979976 0.144969
vt 0.127531 0.904053
vt 0.859905 0.033006
vt 0.327424 0.745719
vt 0.945590 0.842632
vt 0.372134 0.006122
vt 0.421640 0.368557
vt 0.799151 0.134394
vt 0.123671 0.950833
vt 0.562276 0.273667
vt 0.768281 0.321766
vt 0.879282 0.482174
vt 0.932749 0.347849
vt 0.989847 0.088521
vt 0.802683 0.223212
vt 0.955366 0.956413
vt 0.799705 0.225753
vt 0.956811 0.960132
vt 0.100690 0.590686
vt 0.598434 0.187118
vt 0.749172 0.441549
vt 0.594403 0.188505
vt 0.751310 0.436296
vt 0.595370 0.182806
vt 0.752730 0.446410
vt 0.589261 0.166116
vt 0.621046 0.156547
vt 0.701302 0.235234
vt 0.751602 0.589294
vt 0.675431 0.177460
vt 0.013605 0.197078
vt 0.420542 0.189337
vt 0.012260 0.210427
vt 0.419211 0.202589
vt 0.014070 0.207347
vt 0.421021 0.199538
vt 0.028228 0.191851
vt 0.367459 0.190849
vt 0.149874 0.970363
vt 0.532941 0.279756
vt 0.007660 0.232893
vt 0.414306 0.224829
vt 0.009698 0.217875
vt 0.416599 0.209964
vt 0.012284 0.288470
vt 0.417890 0.279777
vt 0.008935 0.270577
vt 0.414855 0.262122
vt 0.011099 0.259666
vt 0.417165 0.251392
vt 0.010084 0.256386
vt 0.416224 0.248134
vt 0.210853 0.013720
vt 0.431138 0.207305
vt 0.387293 0.243661
vt 0.008155 0.237081
vt 0.414706 0.228992
vt 0.218307 0.650255
vt 0.846017 0.399686
vt 0.008240 0.241411
vt 0.414696 0.233284
vt 0.007477 0.250091
vt 0.413766 0.241862
vt 0.012503 0.279154
vt 0.418249 0.270618
vt 0.392059 0.355995
vt 0.001609 0.359091
vt 0.406247 0.348643
vt 0.007240 0.342423
vt 0.411923 0.332497
vt 0.006313 0.304758
vt 0.411783 0.295681
vt 0.405987 0.279747
vt 0.375028 0.308278
vt 0.001800 0.368473
vt 0.406382 0.357755
vt 0.001897 0.371626
vt 0.406455 0.360817
vt 0.002381 0.353987
vt 0.407029 0.343687
vt 0.005275 0.348635
vt 0.409905 0.338512
vt 0.679552 0.526983
vt 0.705079 0.983470
vt 0.002010 0.375178
vt 0.406527 0.364267
vt 0.001578 0.363849
vt 0.406191 0.353264
vt 0.006352 0.336740
vt 0.411170 0.326943
vt 0.009283 0.294684
vt 0.414848 0.285839
vt 0.006185 0.318392
vt 0.411418 0.309032
vt 0.005096 0.330800
vt 0.410077 0.321123
vt 0.254854 0.637156
vt 0.823550 0.431255
vt 0.456308 0.456078
vt 0.873495 0.026348
vt 0.720648 0.013636
vt 0.723206 0.003218
vt 0.834341 0.651471
vt 0.838143 0.633434
vt 0.247197 0.989889
vt 0.990720 0.386375
vt 0.720685 0.008321
vt 0.673530 0.437262
vt 0.297326 0.194165
vt 0.025053 0.301482
vt 0.783184 0.333776
vt 0.328084 0.726594
vt 0.941223 0.861439
vt 0.674188 0.445533
vt 0.971428 0.338080
vt 0.103826 0.991793
vt 0.886024 0.296554
vt 0.035590 0.760257
vt 0.565599 0.439517
vt 0.845941 0.548303
vt 0.243352 0.297894
vt 0.160560 0.968030
vt 0.954513 0.783735
vt 0.123710 0.969679
vt 0.546223 0.266388
vt 0.041382 0.919284
vt 0.808606 0.346931
vt 0.203084 0.340610
vt 0.177185 0.985734
vt 0.307100 0.797134
vt 0.059333 0.587600
vt 0.043625 0.599151
vt 0.362341 0.947055
vt 0.034485 0.735158
vt 0.568406 0.414104
vt 0.224001 0.192995
vt 0.504128 0.404669
vt 0.516349 0.008902
vt 0.500542 0.404981
vt 0.512711 0.008948
vt 0.563379 0.397133
vt 0.576832 0.004113
vt 0.544097 0.398318
vt 0.557264 0.004694
vt 0.569935 0.398122
vt 0.583441 0.005277
vt 0.539705 0.399358
vt 0.552780 0.005587
vt 0.527047 0.374362
vt 0.558849 0.396421
vt 0.572266 0.003268
vt 0.549492 0.397092
vt 0.562769 0.003643
vt 0.495862 0.405778
vt 0.507936 0.009390
vt 0.492244 0.407759
vt 0.504142 0.011116
vt 0.472791 0.394349
vt 0.185233 0.985633
vt 0.300148 0.799153
vt 0.862233 0.793984
vt 0.470178 0.080116
vt 0.123577 0.655338
vt 0.614376 0.451756
vt 0.841432 0.523758
vt 0.866656 0.993372
vt 0.836479 0.522622
vt 0.861910 0.991508
vt 0.832385 0.521663
vt 0.857979 0.989979
vt 0.793659 0.524148
vt 0.819147 0.987355
vt 0.752295 0.530919
vt 0.777323 0.990801
vt 0.736353 0.538484
vt 0.735960 0.533345
vt 0.760880 0.992472
vt 0.743385 0.532060
vt 0.768357 0.991490
vt 0.768776 0.524751
vt 0.794236 0.985805
vt 0.782932 0.522835
vt 0.808541 0.985072
vt 0.858898 0.976588
vt 0.782585 0.234959
vt 0.828406 0.522643
vt 0.853893 0.990420
vt 0.804758 0.246065
vt 0.976041 0.971924
vt 0.148139 0.913073
vt 0.980593 0.967192
vt 0.789775 0.547787
vt 0.807941 0.489171
vt 0.915677 0.509775
vt 0.303262 0.606268
vt 0.802985 0.484700
vt 0.893899 0.512554
vt 0.920374 0.991979
vt 0.161611 0.917327
vt 0.814506 0.252659
vt 0.549479 0.419606
vt 0.318319 0.611635
vt 0.928700 0.977690
vt 0.866898 0.515690
vt 0.893264 0.989936
vt 0.883391 0.524247
vt 0.863069 0.518307
vt 0.888994 0.991760
vt 0.026829 0.672750
vt 0.934293 0.156532
vt 0.852930 0.521274
vt 0.878450 0.992825
vt 0.918180 0.968761
vt 0.308425 0.605302
vt 0.799443 0.488563
vt 0.803550 0.491677
vt 0.910613 0.508948
vt 0.030365 0.670873
vt 0.933780 0.160952
vt 0.848704 0.468593
vt 0.960747 0.519431
vt 0.293600 0.612175
vt 0.807237 0.474251
vt 0.844888 0.472101
vt 0.955444 0.519981
vt 0.838964 0.474838
vt 0.948978 0.518384
vt 0.298341 0.611717
vt 0.803687 0.477411
vt 0.289966 0.612653
vt 0.809883 0.471728
vt 0.835068 0.475531
vt 0.945503 0.516304
vt 0.855481 0.463762
vt 0.969259 0.519806
vt 0.824402 0.480991
vt 0.933631 0.513563
vt 0.272120 0.627203
vt 0.815724 0.449502
vt 0.031755 0.898674
vt 0.232154 0.910807
vt 0.809422 0.324894
vt 0.048968 0.668749
vt 0.932628 0.180350
vt 0.057392 0.661896
vt 0.937498 0.190302
vt 0.437569 0.033362
vt 0.820001 0.620306
vt 0.437235 0.022446
vt 0.811772 0.621786
vt 0.431703 0.022143
vt 0.812179 0.627429
vt 0.791288 0.644691
vt 0.422809 0.050123
vt 0.835812 0.632495
vt 0.053051 0.667085
vt 0.932911 0.184713
vt 0.060702 0.660148
vt 0.937136 0.193139
vt 0.045899 0.668762
vt 0.932841 0.177347
vt 0.064707 0.698785
vt 0.818844 0.131899
vt 0.052573 0.701948
vt 0.823638 0.121448
vt 0.052787 0.698458
vt 0.824672 0.118195
vt 0.425094 0.034113
vt 0.417885 0.028813
vt 0.424121 0.025112
vt 0.414749 0.029532
vt 0.425065 0.021925
vt 0.815681 0.632962
vt 0.427796 0.020586
vt 0.813189 0.631987
vt 0.423199 0.030958
vt 0.415717 0.034431
vt 0.819887 0.633427
vt 0.055807 0.703161
vt 0.820440 0.122522
vt 0.939376 0.491009
vt 0.968721 0.593442
vt 0.949422 0.492324
vt 0.972132 0.603494
vt 0.949636 0.483554
vt 0.968055 0.612866
vt 0.954368 0.479670
vt 0.972002 0.616179
vt 0.959570 0.470187
vt 0.976171 0.626952
vt 0.960968 0.464553
vt 0.980062 0.630408
vt 0.196508 0.885220
vt 0.955102 0.232517
vt 0.189842 0.879947
vt 0.945284 0.232728
vt 0.196358 0.881598
vt 0.952257 0.234881
vt 0.204339 0.888210
vt 0.961264 0.229005
vt 0.577033 0.445438
vt 0.910842 0.445237
vt 0.193008 0.879910
vt 0.948109 0.234709
vt 0.042952 0.960070
vt 0.066769 0.947470
vt 0.067870 0.697977
vt 0.820426 0.134689
vt 0.904515 0.575615
vt 0.061546 0.701314
vt 0.818624 0.128077
vt 0.900366 0.481110
vt 0.977703 0.569749
vt 0.073159 0.904300
vt 0.991863 0.193535
vt 0.070597 0.902406
vt 0.990774 0.196405
vt 0.034350 0.896656
vt 0.231235 0.907542
vt 0.899815 0.475298
vt 0.976787 0.564889
vt 0.078402 0.648261
vt 0.980434 0.554062
vt 0.896364 0.467994
vt 0.980942 0.561395
vt 0.579781 0.433645
vt 0.901527 0.458168
vt 0.080258 0.629978
vt 0.982452 0.534394
vt 0.580944 0.430277
vt 0.898264 0.461644
vt 0.593135 0.450170
vt 0.089274 0.651926
vt 0.588860 0.432221
vt 0.938263 0.468761
vt 0.579619 0.438717
vt 0.904094 0.452029
vt 0.212483 0.904667
vt 0.128269 0.669497
vt 0.816192 0.206833
vt 0.038415 0.896062
vt 0.230405 0.903313
vt 0.932414 0.617546
vt 0.055208 0.898902
vt 0.990318 0.211870
vt 0.066418 0.900067
vt 0.989010 0.200515
vt 0.261476 0.632335
vt 0.821153 0.439062
vt 0.350658 0.649418
vt 0.354385 0.574073
vt 0.911977 0.492346
vt 0.907188 0.491120
vt 0.913678 0.497101
vt 0.972309 0.578559
vt 0.773174 0.525361
vt 0.798578 0.986792
vt 0.920488 0.493626
vt 0.971689 0.585556
vt 0.928081 0.495372
vt 0.966093 0.588479
vt 0.934053 0.494509
vt 0.963196 0.592428
vt 0.261383 0.887663
vt 0.283087 0.921463
vt 0.273839 0.889481
vt 0.295845 0.918997
vt 0.089357 0.701690
vt 0.813433 0.154642
vt 0.035500 0.690914
vt 0.833983 0.101498
vt 0.875655 0.205804
vt 0.884462 0.263345
vt 0.284341 0.888056
vt 0.307655 0.916826
vt 0.129920 0.665677
vt 0.814739 0.210044
vt 0.885496 0.237203
vt 0.382991 0.006589
vt 0.420867 0.379375
vt 0.816881 0.213611
vt 0.881942 0.238448
vt 0.421655 0.071487
vt 0.897521 0.244137
vt 0.906108 0.231915
vt 0.436328 0.057659
vt 0.958692 0.945957
vt 0.428992 0.060436
vt 0.913406 0.243954
vt 0.968351 0.936244
vt 0.430294 0.050118
vt 0.963754 0.939344
vt 0.848843 0.495349
vt 0.924294 0.211858
vt 0.321634 0.840968
vt 0.708354 0.004457
vt 0.963276 0.751863
vt 0.909288 0.198097
vt 0.916045 0.264881
vt 0.705365 0.011701
vt 0.705431 0.007119
vt 0.675351 0.901869
vt 0.318145 0.841647
vt 0.711460 0.002336
vt 0.078625 0.662143
vt 0.841949 0.489956
vt 0.926121 0.207603
vt 0.315011 0.839997
vt 0.713076 0.005678
vt 0.202330 0.943672
vt 0.294994 0.827301
vt 0.186752 0.932860
vt 0.310878 0.836962
vt 0.717730 0.004398
vt 0.295445 0.884585
vt 0.320708 0.912775
vt 0.711536 0.012289
vt 0.189173 0.934526
vt 0.312095 0.833724
vt 0.182845 0.938623
vt 0.715066 0.011440
vt 0.299635 0.884126
vt 0.325345 0.912232
vt 0.306714 0.885540
vt 0.333476 0.916842
vt 0.065916 0.660879
vt 0.933801 0.197131
vt 0.730893 0.013337
vt 0.733875 0.001660
vt 0.929301 0.217699
vt 0.208710 0.949008
vt 0.288207 0.821764
vt 0.731226 0.010276
vt 0.732617 0.004361
vt 0.311389 0.860551
vt 0.966223 0.730083
vt 0.312445 0.856719
vt 0.964830 0.734098
vt 0.301834 0.872747
vt 0.346498 0.968717
vt 0.954451 0.655649
vt 0.346535 0.956622
vt 0.954332 0.666988
vt 0.345795 0.951362
vt 0.955187 0.671799
vt 0.344440 0.943410
vt 0.956954 0.678982
vt 0.316767 0.882209
vt 0.961038 0.705864
vt 0.945592 0.691175
vt 0.314386 0.874295
vt 0.963361 0.714724
vt 0.312175 0.870911
vt 0.965631 0.718639
vt 0.157514 0.895113
vt 0.986262 0.938132
vt 0.963515 0.461688
vt 0.981760 0.633159
vt 0.315732 0.985244
vt 0.997334 0.459685
vt 0.153173 0.891539
vt 0.986368 0.943203
vt 0.304941 0.985883
vt 0.997577 0.446153
vt 0.298809 0.986503
vt 0.993544 0.439191
vt 0.923363 0.244762
vt 0.977335 0.930296
vt 0.962764 0.633018
vt 0.970904 0.485570
vt 0.959690 0.631481
vt 0.970158 0.489782
vt 0.159677 0.891298
vt 0.987010 0.933833
vt 0.966786 0.632317
vt 0.968815 0.480844
vt 0.968757 0.471750
vt 0.973606 0.634898
vt 0.328495 0.982765
vt 0.993915 0.474533
vt 0.967741 0.467889
vt 0.977076 0.635442
vt 0.164149 0.885691
vt 0.926985 0.248427
vt 0.982767 0.929429
vt 0.160004 0.888172
vt 0.987562 0.930493
vt 0.166327 0.880966
vt 0.931879 0.247907
vt 0.034848 0.773051
vt 0.563157 0.452603
vt 0.197180 0.941349
vt 0.299870 0.829666
vt 0.334382 0.946986
vt 0.343214 0.939036
vt 0.958606 0.682831
vt 0.344393 0.932243
vt 0.958405 0.689547
vt 0.225506 0.913964
vt 0.808099 0.318353
vt 0.324686 0.660697
vt 0.931826 0.927652
vt 0.979205 0.462945
vt 0.949982 0.638681
vt 0.981616 0.497341
vt 0.220133 0.917355
vt 0.805071 0.311238
vt 0.276896 0.889685
vt 0.299163 0.919525
vt 0.269583 0.888620
vt 0.291763 0.920361
vt 0.922145 0.643033
vt 0.354567 0.865635
vt 0.759242 0.507946
vt 0.099108 0.679976
vt 0.896838 0.739738
vt 0.089393 0.673206
vt 0.836078 0.508523
vt 0.088339 0.666752
vt 0.843044 0.508069
vt 0.841201 0.499315
vt 0.501529 0.933391
vt 0.310390 0.887216
vt 0.337773 0.919056
vt 0.284379 0.990913
vt 0.987671 0.423055
vt 0.179564 0.916933
vt 0.810740 0.273121
vt 0.190126 0.915492
vt 0.809474 0.283438
vt 0.308368 0.015480
vt 0.417913 0.304021
vt 0.035056 0.756302
vt 0.565791 0.435464
vt 0.208699 0.986707
vt 0.278866 0.803091
vt 0.173258 0.983816
vt 0.311037 0.797608
vt 0.730773 0.007007
vt 0.727803 0.012761
vt 0.830201 0.658242
vt 0.175396 0.882149
vt 0.934386 0.243215
vt 0.185900 0.881315
vt 0.941181 0.234810
vt 0.969986 0.634609
vt 0.970062 0.476157
vt 0.204179 0.947677
vt 0.291919 0.824266
vt 0.206573 0.969683
vt 0.193537 0.942217
vt 0.303454 0.828518
vt 0.190639 0.936698
vt 0.310347 0.831225
vt 0.182910 0.877479
vt 0.936853 0.235080
vt 0.173783 0.010946
vt 0.435653 0.170867
vt 0.161519 0.972896
vt 0.956688 0.787651
vt 0.161033 0.963129
vt 0.953531 0.779345
vt 0.162676 0.956594
vt 0.954638 0.773057
vt 0.163131 0.983773
vt 0.319454 0.793993
vt 0.961744 0.796059
vt 0.161298 0.947566
vt 0.952768 0.764732
vt 0.951010 0.741144
vt 0.331074 0.760799
vt 0.944573 0.827007
vt 0.936273 0.841593
vt 0.739257 0.007990
vt 0.925312 0.222496
vt 0.081381 0.279404
vt 0.148207 0.909580
vt 0.981074 0.963718
vt 0.148068 0.899936
vt 0.985712 0.952199
vt 0.328859 0.775360
vt 0.949696 0.813069
vt 0.144324 0.899728
vt 0.987246 0.955090
vt 0.126618 0.697946
vt 0.868386 0.302830
vt 0.216172 0.893360
vt 0.974106 0.227382
vt 0.220658 0.895428
vt 0.979135 0.226031
vt 0.042266 0.895530
vt 0.229601 0.899580
vt 0.696347 0.008864
vt 0.108959 0.666126
vt 0.701596 0.007264
vt 0.104725 0.665258
vt 0.701128 0.013067
vt 0.123516 0.664588
vt 0.890481 0.235979
vt 0.328765 0.703301
vt 0.935951 0.884448
vt 0.688453 0.003874
vt 0.898380 0.230244
vt 0.355646 0.823569
vt 0.606382 0.427443
vt 0.717815 0.506020
vt 0.357308 0.820657
vt 0.608407 0.424999
vt 0.098181 0.661701
vt 0.906468 0.221788
vt 0.345928 0.836854
vt 0.353875 0.837677
vt 0.731251 0.510080
vt 0.688453 0.010153
vt 0.902079 0.228581
vt 0.093708 0.886110
vt 0.330065 0.833447
vt 0.733260 0.480870
vt 0.333820 0.838647
vt 0.737125 0.485720
vt 0.332808 0.841565
vt 0.739224 0.487916
vt 0.332053 0.851121
vt 0.748003 0.486537
vt 0.103361 0.660021
vt 0.694052 0.013766
vt 0.902623 0.224485
vt 0.072214 0.598147
vt 0.363915 0.919497
vt 0.423031 0.004547
vt 0.921564 0.296517
vt 0.415117 0.007213
vt 0.923468 0.289557
vt 0.071401 0.851879
vt 0.014382 0.008757
vt 0.436653 0.013137
vt 0.120357 0.676618
vt 0.814643 0.198033
vt 0.421498 0.018951
vt 0.123766 0.672980
vt 0.814195 0.202430
vt 0.118824 0.680459
vt 0.813500 0.193965
vt 0.008579 0.595342
vt 0.356599 0.980783
vt 0.096793 0.884094
vt 0.333049 0.831431
vt 0.728846 0.480255
vt 0.939087 0.268503
vt 0.130462 0.876878
vt 0.622816 0.423647
vt 0.104851 0.879438
vt 0.341038 0.826527
vt 0.110275 0.880312
vt 0.347011 0.825876
vt 0.217965 0.920573
vt 0.801879 0.309125
vt 0.720554 0.494668
vt 0.952943 0.275802
vt 0.904366 0.199378
vt 0.911141 0.264313
vt 0.612165 0.437583
vt 0.954913 0.281987
vt 0.069580 0.867964
vt 0.915709 0.179263
vt 0.911531 0.195498
vt 0.918580 0.262862
vt 0.080365 0.877912
vt 0.922859 0.192894
vt 0.929112 0.260065
vt 0.084621 0.879726
vt 0.930527 0.264198
vt 0.175017 0.897068
vt 0.895766 0.201055
vt 0.903176 0.264297
vt 0.889289 0.199748
vt 0.897744 0.261721
vt 0.900777 0.200665
vt 0.907730 0.265166
vt 0.627999 0.439131
vt 0.961744 0.295372
vt 0.624881 0.437752
vt 0.960942 0.292320
vt 0.134051 0.874129
vt 0.627446 0.422464
vt 0.056550 0.929241
vt 0.814151 0.363683
vt 0.090787 0.982806
vt 0.092231 0.973744
vt 0.089754 0.977984
vt 0.034232 0.913324
vt 0.805494 0.338798
vt 0.536968 0.529095
vt 0.919061 0.125287
vt 0.107524 0.967427
vt 0.897076 0.303193
vt 0.104332 0.965497
vt 0.898459 0.301039
vt 0.087032 0.989835
vt 0.087927 0.967765
vt 0.897911 0.290882
vt 0.087743 0.986300
vt 0.091129 0.969314
vt 0.474069 0.561924
vt 0.497922 0.991222
vt 0.422544 0.053752
vt 0.909603 0.238221
vt 0.865653 0.210207
vt 0.874754 0.264413
vt 0.879398 0.203824
vt 0.888189 0.262679
vt 0.869346 0.208219
vt 0.878442 0.263754
vt 0.008114 0.082254
vt 0.414105 0.075414
vt 0.070619 0.718478
vt 0.867646 0.191612
vt 0.076006 0.718750
vt 0.865595 0.196902
vt 0.108891 0.930706
vt 0.840262 0.400315
vt 0.094676 0.932166
vt 0.843401 0.386913
vt 0.008937 0.222430
vt 0.415778 0.214475
vt 0.189637 0.240579
vt 0.099476 0.933698
vt 0.843371 0.391839
vt 0.101666 0.978347
vt 0.102089 0.932670
vt 0.843923 0.394501
vt 0.078947 0.904139
vt 0.992299 0.187861
vt 0.090009 0.713004
vt 0.870843 0.265774
vt 0.084000 0.903906
vt 0.992709 0.182658
vt 0.093213 0.711498
vt 0.870368 0.269158
vt 0.090496 0.902037
vt 0.992847 0.175982
vt 0.099347 0.709909
vt 0.869052 0.274669
vt 0.107213 0.707241
vt 0.868614 0.282563
vt 0.032285 0.727126
vt 0.566950 0.405595
vt 0.040955 0.723239
vt 0.868474 0.160250
vt 0.095280 0.903278
vt 0.992104 0.170628
vt 0.122750 0.699342
vt 0.868939 0.299029
vt 0.402273 0.197450
vt 0.069312 0.933140
vt 0.821149 0.374656
vt 0.095217 0.918925
vt 0.075578 0.934034
vt 0.826167 0.378023
vt 0.147501 0.590051
vt 0.368581 0.846585
vt 0.720168 0.411553
vt 0.734150 0.017999
vt 0.153460 0.917554
vt 0.808525 0.247547
vt 0.979442 0.972890
vt 0.037686 0.828006
vt 0.551880 0.507028
vt 0.538735 0.485659
vt 0.032761 0.844804
vt 0.549361 0.525087
vt 0.031357 0.836256
vt 0.547070 0.516623
vt 0.530622 0.517555
vt 0.029860 0.840470
vt 0.546232 0.520997
vt 0.037029 0.800513
vt 0.556479 0.480310
vt 0.105015 0.905947
vt 0.991421 0.161469
vt 0.062048 0.865305
vt 0.912955 0.172444
vt 0.326965 0.859629
vt 0.756196 0.481894
vt 0.036551 0.822777
vt 0.550711 0.501609
vt 0.115063 0.906720
vt 0.984246 0.155252
vt 0.005663 0.004164
vt 0.538941 0.512908
vt 0.733991 0.008877
vt 0.053009 0.859633
vt 0.913343 0.161986
vt 0.847136 0.502458
vt 0.918251 0.214913
vt 0.078902 0.667150
vt 0.836895 0.491846
vt 0.081414 0.670836
vt 0.834509 0.496254
vt 0.115977 0.652870
vt 0.607558 0.447865
vt 0.332444 0.883252
vt 0.777994 0.494170
vt 0.043328 0.853141
vt 0.914733 0.150945
vt 0.032612 0.848259
vt 0.551031 0.527878
vt 0.914373 0.138657
vt 0.047342 0.830304
vt 0.347470 0.894122
vt 0.786873 0.505644
vt 0.350935 0.892298
vt 0.785872 0.508843
vt 0.340743 0.895033
vt 0.790359 0.501614
vt 0.342745 0.874698
vt 0.355094 0.868877
vt 0.762814 0.507533
vt 0.354469 0.843473
vt 0.736945 0.509435
vt 0.337873 0.894269
vt 0.788271 0.499449
vt 0.336064 0.890001
vt 0.784760 0.496737
vt 0.353376 0.879699
vt 0.774154 0.508428
vt 0.383190 0.935128
vt 0.354479 0.873197
vt 0.767559 0.508035
vt 0.732075 0.531986
vt 0.757048 0.990978
vt 0.634893 0.532852
vt 0.660457 0.982638
vt 0.928724 0.883662
vt 0.667403 0.529914
vt 0.692752 0.984904
vt 0.687879 0.528839
vt 0.713176 0.985934
vt 0.649993 0.598289
vt 0.635750 0.402590
vt 0.649704 0.010897
vt 0.626464 0.399998
vt 0.640361 0.008316
vt 0.700459 0.392214
vt 0.673127 0.404556
vt 0.687156 0.012642
vt 0.352915 0.556715
vt 0.668684 0.403320
vt 0.682700 0.011480
vt 0.723850 0.531297
vt 0.748863 0.990006
vt 0.714677 0.529905
vt 0.739770 0.988289
vt 0.531349 0.553948
vt 0.555493 0.992522
vt 0.574063 0.543586
vt 0.598913 0.986610
vt 0.631137 0.401051
vt 0.645060 0.009356
vt 0.602373 0.539066
vt 0.627549 0.985098
vt 0.619496 0.535701
vt 0.644875 0.983561
vt 0.640908 0.384620
vt 0.551994 0.545332
vt 0.576814 0.985891
vt 0.089513 0.598575
vt 0.366467 0.902984
vt 0.592360 0.538909
vt 0.617606 0.983933
vt 0.799659 0.494223
vt 0.905913 0.508453
vt 0.623441 0.648647
vt 0.320383 0.626903
vt 0.929743 0.962120
vt 0.932316 0.414146
vt 0.961759 0.901763
vt 0.740175 0.667924
vt 0.909026 0.356934
vt 0.948458 0.115257
vt 0.691829 0.103368
vt 0.627301 0.694819
vt 0.753194 0.402376
vt 0.766508 0.007609
vt 0.013081 0.498392
vt 0.414586 0.483383
vt 0.015620 0.493500
vt 0.417385 0.478836
vt 0.003889 0.568510
vt 0.401448 0.550543
vt 0.005871 0.557111
vt 0.404015 0.539653
vt 0.004924 0.552817
vt 0.403382 0.535449
vt 0.671976 0.528482
vt 0.697442 0.984117
vt 0.564878 0.184381
vt 0.787073 0.436962
vt 0.008092 0.545112
vt 0.406890 0.528197
vt 0.019330 0.600735
vt 0.362251 0.970597
vt 0.014864 0.599225
vt 0.360585 0.974845
vt 0.347990 0.605182
vt 0.365454 0.989681
vt 0.003153 0.586777
vt 0.400436 0.568229
vt 0.001767 0.592199
vt 0.335858 0.607297
vt 0.353351 0.987280
vt 0.399102 0.573468
vt 0.265547 0.888396
vt 0.287632 0.921095
vt 0.450687 0.412908
vt 0.461902 0.013762
vt 0.180930 0.542288
vt 0.889559 0.324461
vt 0.005209 0.409263
vt 0.409738 0.397307
vt 0.003465 0.398988
vt 0.407966 0.387368
vt 0.017570 0.395661
vt 0.007524 0.416807
vt 0.412066 0.404580
vt 0.009956 0.419740
vt 0.414457 0.407386
vt 0.010493 0.423536
vt 0.415032 0.411051
vt 0.038371 0.600168
vt 0.362931 0.952194
vt 0.111206 0.651959
vt 0.604087 0.445058
vt 0.013042 0.472414
vt 0.416510 0.458264
vt 0.014553 0.478222
vt 0.417527 0.463996
vt 0.013982 0.483275
vt 0.416582 0.468832
vt 0.007036 0.070257
vt 0.412853 0.063565
vt 0.033862 0.444585
vt 0.255834 0.585162
vt 0.371504 0.744364
vt 0.655458 0.737162
vt 0.246385 0.569819
vt 0.588151 0.980341
vt 0.263946 0.446084
vt 0.597692 0.930087
vt 0.167948 0.766185
vt 0.689698 0.411001
vt 0.703859 0.018552
vt 0.295701 0.500778
vt 0.330941 0.570096
vt 0.352746 0.672863
vt 0.324631 0.572880
vt 0.356685 0.678262
vt 0.304134 0.573832
vt 0.363340 0.696511
vt 0.377932 0.717319
vt 0.273244 0.559614
vt 0.315850 0.571747
vt 0.357741 0.686585
vt 0.269995 0.576696
vt 0.365177 0.729245
vt 0.262989 0.579755
vt 0.367175 0.736628
vt 0.292485 0.572952
vt 0.365463 0.707261
vt 0.288774 0.573792
vt 0.366433 0.710809
vt 0.086584 0.715203
vt 0.862479 0.208593
vt 0.872544 0.262118
vt 0.230817 0.423045
vt 0.202536 0.463253
vt 0.378910 0.852175
vt 0.245131 0.358518
vt 0.104849 0.598759
vt 0.369013 0.888413
vt 0.354014 0.604838
vt 0.371229 0.991416
vt 0.420741 0.976762
vt 0.412890 0.580423
vt 0.434735 0.988463
vt 0.405557 0.583605
vt 0.426793 0.988816
vt 0.251647 0.080227
vt 0.400878 0.586383
vt 0.421463 0.989781
vt 0.423272 0.679113
vt 0.115467 0.599254
vt 0.371260 0.878437
vt 0.124202 0.598566
vt 0.372145 0.870066
vt 0.308229 0.710178
vt 0.419727 0.724852
vt 0.841836 0.025005
vt 0.691230 0.700900
vt 0.479937 0.791838
vt 0.228034 0.586611
vt 0.373791 0.771477
vt 0.242261 0.587130
vt 0.373917 0.757791
vt 0.885244 0.201847
vt 0.893706 0.262510
vt 0.196319 0.589237
vt 0.377109 0.800758
vt 0.191391 0.587422
vt 0.374634 0.805099
vt 0.200677 0.590441
vt 0.378215 0.796623
vt 0.211279 0.590462
vt 0.377585 0.786819
vt 0.223149 0.586546
vt 0.373213 0.776199
vt 0.390978 0.810203
vt 0.027000 0.968580
vt 0.461946 0.292703
vt 0.434066 0.377008
vt 0.909274 0.360497
vt 0.951844 0.117718
vt 0.495858 0.847210
vt 0.881900 0.189456
vt 0.441112 0.573886
vt 0.463271 0.992153
vt 0.479646 0.560634
vt 0.503602 0.991367
vt 0.498987 0.556370
vt 0.523185 0.991027
vt 0.484589 0.561929
vt 0.508084 0.993754
vt 0.460474 0.568192
vt 0.483227 0.993246
vt 0.468456 0.565494
vt 0.491594 0.993113
vt 0.538740 0.601422
vt 0.460478 0.603733
vt 0.515986 0.555498
vt 0.540105 0.992428
vt 0.521577 0.555241
vt 0.545672 0.992816
vt 0.701898 0.763710
vt 0.467181 0.444824
vt 0.872079 0.041835
vt 0.500549 0.754295
vt 0.479316 0.705057
vt 0.319840 0.984736
vt 0.995908 0.464243
vt 0.301754 0.609412
vt 0.802318 0.481285
vt 0.325547 0.336430
vt 0.346130 0.502184
vt 0.326708 0.686161
vt 0.934679 0.901907
vt 0.047203 0.738618
vt 0.329658 0.711156
vt 0.936595 0.876460
vt 0.453252 0.179408
vt 0.323632 0.664667
vt 0.933630 0.923899
vt 0.080841 0.419531
vt 0.064078 0.003877
vt 0.443359 0.062128
vt 0.341091 0.619502
vt 0.385882 0.574482
vt 0.206643 0.599490
vt 0.690294 0.508181
vt 0.604319 0.769721
vt 0.013828 0.462727
vt 0.417884 0.448936
vt 0.434777 0.481838
vt 0.913138 0.027548
vt 0.952305 0.641277
vt 0.984773 0.495546
vt 0.435353 0.906247
vt 0.735067 0.006197
vt 0.928308 0.221392
vt 0.613212 0.534722
vt 0.638759 0.981898
vt 0.840405 0.445994
vt 0.542658 0.011907
vt 0.278074 0.031640
vt 0.114606 0.615936
vt 0.601995 0.517537
vt 0.140838 0.579381
vt 0.571633 0.177198
vt 0.781376 0.451700
vt 0.257458 0.886396
vt 0.278853 0.919859
vt 0.081369 0.935351
vt 0.830838 0.381426
vt 0.503918 0.554386
vt 0.528328 0.989795
vt 0.163367 0.678292
vt 0.865092 0.341976
vt 0.477350 0.409138
vt 0.489041 0.011436
vt 0.111878 0.704821
vt 0.868957 0.287551
vt 0.536437 0.408998
vt 0.865718 0.120536
vt 0.774869 0.307693
vt 0.909708 0.363795
vt 0.954843 0.120335
vt 0.159928 0.678569
vt 0.866845 0.339118
vt 0.101592 0.218312
vt 0.324661 0.677280
vt 0.935010 0.911143
vt 0.471329 0.563945
vt 0.494763 0.992427
vt 0.196359 0.574803
vt 0.166625 0.586396
vt 0.369170 0.827967
vt 0.422730 0.064327
vt 0.901681 0.240964
vt 0.828700 0.761095
vt 0.010801 0.213888
vt 0.417738 0.206017
vt 0.339925 0.981408
vt 0.990275 0.488021
vt 0.052371 0.927674
vt 0.811900 0.359868
vt 0.120109 0.702088
vt 0.867797 0.295644
vt 0.928494 0.337845
vt 0.986787 0.075410
vt 0.177381 0.010678
vt 0.435751 0.174469
vt 0.249967 0.639466
vt 0.826120 0.426524
vt 0.119418 0.655351
vt 0.610494 0.450613
vt 0.882315 0.201702
vt 0.891237 0.261636
vt 0.062415 0.982115
vt 0.466887 0.309070
vt 0.321840 0.014666
vt 0.417262 0.317605
vt 0.459657 0.455769
vt 0.869857 0.027284
vt 0.720291 0.441983
vt 0.827855 0.594326
vt 0.005368 0.595387
vt 0.356537 0.983890
vt 0.464621 0.447165
vt 0.871833 0.038115
vt 0.058577 0.002801
vt 0.444269 0.056647
vt 0.859431 0.044157
vt 0.972564 0.137349
vt 0.766109 0.318481
vt 0.878781 0.486699
vt 0.230391 0.646135
vt 0.838380 0.409915
vt 0.322481 0.633170
vt 0.928846 0.955487
vt 0.035029 0.601389
vt 0.363868 0.955503
vt 0.925710 0.770157
vt 0.167737 0.941021
vt 0.957808 0.758093
vt 0.491663 0.559164
vt 0.515539 0.992525
vt 0.700361 0.529507
vt 0.725547 0.987262
vt 0.679638 0.971483
vt 0.667117 0.447291
vt 0.968785 0.330011
vt 0.924827 0.375332
vt 0.979542 0.122865
vt 0.175265 0.671184
vt 0.863665 0.355498
vt 0.545397 0.548528
vt 0.569951 0.988421
vt 0.112182 0.878162
vt 0.347981 0.822943
vt 0.581959 0.458317
vt 0.912043 0.426448
vt 0.888633 0.356172
vt 0.213009 0.621678
vt 0.686951 0.491116
vt 0.124182 0.954473
vt 0.558837 0.272683
vt 0.893198 0.040751
vt 0.522976 0.416398
vt 0.861795 0.105949
vt 0.236080 0.010417
vt 0.431004 0.232250
vt 0.094220 0.663246
vt 0.909246 0.219224
vt 0.069650 0.034147
vt 0.019993 0.135625
vt 0.425951 0.128252
vt 0.156495 0.009074
vt 0.438243 0.153699
vt 0.663616 0.403581
vt 0.677641 0.011818
vt 0.643660 0.531917
vt 0.669227 0.982990
vt 0.064733 0.960777
vt 0.066184 0.963910
vt 0.156318 0.653662
vt 0.643713 0.460662
vt 0.468357 0.412779
vt 0.479745 0.014512
vt 0.700668 0.444706
vt 0.977019 0.364018
vt 0.385008 0.030664
vt 0.041796 0.007612
vt 0.438952 0.040183
vt 0.101733 0.004853
vt 0.443125 0.099509
vt 0.328015 0.750364
vt 0.945778 0.837904
vt 0.531763 0.976411
vt 0.078740 0.638578
vt 0.982568 0.543507
vt 0.778538 0.314657
vt 0.863971 0.480585
vt 0.612242 0.399139
vt 0.626082 0.007278
vt 0.813809 0.523165
vt 0.839318 0.988906
vt 0.328418 0.722038
vt 0.939982 0.865895
vt 0.929114 0.335329
vt 0.988439 0.072431
vt 0.514605 0.421212
vt 0.860863 0.096345
vt 0.186760 0.608000
vt 0.668058 0.508638
vt 0.812613 0.488825
vt 0.919597 0.512445
vt 0.419481 0.049293
vt 0.834180 0.634663
vt 0.909970 0.333205
vt 0.930926 0.097821
vt 0.719178 0.530489
vt 0.744232 0.989042
vt 0.321082 0.641786
vt 0.931855 0.947169
vt 0.291985 0.837863
vt 0.432388 0.045346
vt 0.831140 0.625538
vt 0.207329 0.591237
vt 0.378537 0.790412
vt 0.008480 0.227346
vt 0.415236 0.219345
vt 0.201730 0.010885
vt 0.434399 0.198485
vt 0.024040 0.599987
vt 0.361781 0.966007
vt 0.179579 0.668851
vt 0.862721 0.360277
vt 0.056206 0.666258
vt 0.933761 0.187748
vt 0.027433 0.972225
vt 0.458598 0.293847
vt 0.615997 0.437918
vt 0.955567 0.285609
vt 0.086333 0.701217
vt 0.813885 0.151571
vt 0.332355 0.265741
vt 0.328222 0.778831
vt 0.951005 0.809779
vt 0.064583 0.347482
vt 0.157277 0.917100
vt 0.811553 0.250107
vt 0.082511 0.673791
vt 0.832774 0.499393
vt 0.013671 0.098892
vt 0.419725 0.091847
vt 0.798928 0.286994
vt 0.226170 0.647294
vt 0.841207 0.406577
vt 0.037456 0.787139
vt 0.561089 0.467568
vt 0.230064 0.863045
vt 0.730114 0.432250
vt 0.134109 0.692671
vt 0.869224 0.311349
vt 0.010732 0.091764
vt 0.416778 0.084807
vt 0.777873 0.403608
vt 0.790931 0.007660
vt 0.035364 0.814287
vt 0.551221 0.493386
vt 0.206367 0.861491
vt 0.706569 0.425031
vt 0.336249 0.612567
vt 0.393996 0.572112
vt 0.433733 0.410725
vt 0.444900 0.010842
vt 0.051949 0.723828
vt 0.866251 0.171341
vt 0.253483 0.011259
vt 0.428447 0.249608
vt 0.216535 0.956853
vt 0.279997 0.815554
vt 0.796431 0.051441
vt 0.303522 0.882629
vt 0.329923 0.913291
vt 0.758568 0.741834
vt 0.915862 0.321478
vt 0.926549 0.086440
vt 0.073805 0.868991
vt 0.918487 0.182548
vt 0.319266 0.615061
vt 0.928485 0.974099
vt 0.742260 0.028675
vt 0.214540 0.920483
vt 0.802431 0.305865
vt 0.104968 0.637414
vt 0.960572 0.609950
vt 0.065390 0.867494
vt 0.913077 0.176243
vt 0.588076 0.468372
vt 0.910314 0.412810
vt 0.588074 0.518505
vt 0.874708 0.436636
vt 0.083949 0.613961
vt 0.576781 0.534711
vt 0.865501 0.454052
vt 0.219730 0.715584
vt 0.954093 0.567591
vt 0.088920 0.139426
vt 0.039475 0.669179
vt 0.932725 0.171093
vt 0.156160 0.681263
vt 0.866862 0.334658
vt 0.620467 0.305708
vt 0.011068 0.511488
vt 0.411714 0.495897
vt 0.036037 0.765864
vt 0.565125 0.445311
vt 0.319903 0.630427
vt 0.930896 0.958705
vt 0.872230 0.206370
vt 0.881389 0.262939
vt 0.720716 0.491375
vt 0.949837 0.276002
vt 0.597493 0.516027
vt 0.770263 0.325254
vt 0.879282 0.477623
vt 0.202905 0.600377
vt 0.686594 0.509747
vt 0.272779 0.573842
vt 0.363189 0.725882
vt 0.531835 0.414059
vt 0.861654 0.115084
vt 0.772760 0.976871
vt 0.572758 0.187973
vt 0.778541 0.430700
vt 0.716488 0.411205
vt 0.730485 0.017806
vt 0.020571 0.585464
vt 0.245048 0.954116
vt 0.729501 0.459135
vt 0.693722 0.444776
vt 0.974588 0.357213
vt 0.561960 0.544825
vt 0.586755 0.986440
vt 0.474240 0.439443
vt 0.871803 0.051374
vt 0.087282 0.901827
vt 0.991483 0.179000
vt 0.183128 0.020431
vt 0.190778 0.939947
vt 0.307010 0.829648
vt 0.338031 0.011767
vt 0.418428 0.334015
vt 0.826751 0.398332
vt 0.839715 0.001639
vt 0.676160 0.527634
vt 0.701664 0.983768
vt 0.217298 0.861954
vt 0.717669 0.427486
vt 0.244586 0.949963
vt 0.730268 0.462612
vt 0.098000 0.990727
vt 0.890191 0.294114
vt 0.487298 0.438817
vt 0.866533 0.064173
vt 0.376441 0.596390
vt 0.395158 0.990998
vt 0.161147 0.010397
vt 0.436744 0.158286
vt 0.861979 0.415367
vt 0.220720 0.958296
vt 0.222682 0.979651
vt 0.276202 0.813843
vt 0.181020 0.630985
vt 0.016639 0.681361
vt 0.931055 0.142333
vt 0.017768 0.116127
vt 0.423799 0.108912
vt 0.327027 0.690933
vt 0.935282 0.897095
vt 0.314582 0.675791
vt 0.211641 0.625566
vt 0.690710 0.489014
vt 0.679839 0.408831
vt 0.693965 0.016720
vt 0.720660 0.978472
vt 0.819728 0.101054
vt 0.425126 0.838261
vt 0.014454 0.349210
vt 0.327351 0.734352
vt 0.943499 0.853886
vt 0.267827 0.627623
vt 0.818919 0.446620
vt 0.340786 0.571249
vt 0.351952 0.663143
vt 0.300252 0.572799
vt 0.363601 0.700231
vt 0.327083 0.700522
vt 0.937085 0.887541
vt 0.148725 0.978577
vt 0.526950 0.276714
vt 0.326248 0.785337
vt 0.953572 0.803450
vt 0.799329 0.239387
vt 0.967637 0.969737
vt 0.909604 0.336672
vt 0.933270 0.100318
vt 0.354357 0.858551
vt 0.751943 0.508422
vt 0.586337 0.564955
vt 0.460431 0.453219
vt 0.869963 0.030233
vt 0.706863 0.637776
vt 0.007330 0.322155
vt 0.412461 0.312733
vt 0.689941 0.444381
vt 0.973905 0.353335
vt 0.212028 0.654829
vt 0.848498 0.392310
vt 0.729669 0.410289
vt 0.743502 0.016287
vn 0.0640 -0.8487 -0.5250
vn 0.0732 -0.6771 -0.7322
vn -0.1121 -0.7995 -0.5901
vn 0.7399 -0.5794 -0.3417
vn 0.0866 -0.8643 -0.4955
vn -0.0319 -0.7527 -0.6575
vn 0.1970 -0.6967 -0.6898
vn 0.1161 -0.9112 -0.3952
vn 0.0656 -0.8494 -0.5236
vn 0.0469 -0.6888 -0.7235
vn 0.1376 -0.9139 -0.3818
vn 0.2571 -0.8268 -0.5003
vn 0.1223 -0.4174 -0.9005
vn 0.1086 -0.6785 -0.7265
vn 0.1107 -0.4112 -0.9048
vn 0.0468 -0.6971 -0.7154
vn 0.0775 -0.9819 -0.1730
vn 0.0657 -0.8497 -0.5231
vn 0.0315 -0.7027 -0.7108
vn 0.1606 -0.6831 -0.7125
vn 0.0033 -0.9505 -0.3107
vn -0.0833 -0.7729 -0.6290
vn 0.2226 -0.6654 -0.7125
vn 0.1034 -0.4085 -0.9069
vn 0.0713 -0.6971 -0.7134
vn 0.1394 -0.6950 -0.7053
vn 0.1124 -0.6830 -0.7217
vn 0.1574 -0.4700 -0.8685
vn 0.1208 -0.6687 -0.7336
vn 0.0335 -0.6191 -0.7846
vn 0.0787 -0.5969 -0.7984
vn -0.1478 -0.8063 0.5728
vn 0.0075 -0.8474 0.5309
vn -0.0073 -0.8500 -0.5268
vn 0.0823 -0.6831 -0.7256
vn 0.0279 -0.8494 -0.5270
vn 0.0947 -0.6840 -0.7233
vn -0.0122 0.2327 -0.9725
vn -0.0291 -0.4633 -0.8857
vn 0.1846 -0.8706 -0.4561
vn 0.0977 -0.4394 -0.8930
vn 0.0373 -0.8576 -0.5130
vn 0.0396 -0.4613 -0.8864
vn 0.1690 -0.8726 -0.4583
vn 0.0651 -0.4317 -0.8997
vn 0.1054 -0.8556 -0.5068
vn 0.6066 0.3313 0.7227
vn -0.2248 0.9400 0.2564
vn 0.0124 0.6418 -0.7668
vn 0.2638 0.9111 -0.3167
vn 0.2664 0.9577 -0.1085
vn -0.4469 -0.5952 0.6678
vn -0.0318 0.9957 0.0866
vn 0.0953 0.4577 0.8840
vn -0.0158 0.9941 0.1077
vn 0.0245 0.0642 -0.9976
vn 0.1629 0.9852 -0.0535
vn -0.2386 0.2305 -0.9434
vn 0.0766 0.9851 -0.1541
vn -0.2785 0.6707 -0.6875
vn -0.1649 -0.9581 0.2342
vn -0.0512 0.9775 0.2046
vn 0.2929 0.9356 0.1973
vn 0.0409 0.9624 0.2685
vn -0.0268 0.5639 0.8254
vn 0.3834 0.8320 0.4010
vn 0.2338 0.4400 0.8671
vn 0.3055 0.4597 0.8339
vn -0.0807 0.9919 0.0980
vn 0.3033 0.9185 0.2538
vn 0.0981 -0.9945 -0.0357
vn 0.3462 0.9380 -0.0152
vn 0.0169 -0.7975 0.6030
vn 0.1995 0.5453 0.8141
vn -0.1081 0.9930 0.0484
vn 0.3527 0.5524 0.7553
vn -0.1648 0.9770 0.1352
vn -0.2430 0.9696 -0.0274
vn -0.0331 0.8799 -0.4740
vn 0.0142 0.9827 -0.1845
vn -0.3148 0.9025 -0.2939
vn -0.3215 -0.9458 -0.0461
vn -0.0990 0.7416 0.6635
vn -0.1341 0.9555 0.2629
vn -0.0884 0.8480 -0.5226
vn -0.1141 0.9494 0.2925
vn -0.0333 0.8249 -0.5642
vn -0.1112 0.9560 0.2716
vn 0.0327 0.8172 -0.5754
vn -0.0769 0.9228 0.3775
vn 0.2022 0.7364 -0.6456
vn 0.1954 0.3423 0.9191
vn -0.1982 -0.1957 0.9604
vn -0.0060 0.5627 0.8266
vn -0.2601 0.0902 0.9614
vn -0.3377 -0.0013 0.9413
vn 0.1145 0.2757 -0.9544
vn 0.1050 0.1415 0.9844
vn 0.1683 -0.2624 0.9502
vn 0.2527 0.0753 0.9646
vn 0.2593 -0.1571 0.9529
vn -0.0504 -0.5287 0.8473
vn -0.0621 0.7769 -0.6265
vn -0.0487 -0.3408 0.9389
vn -0.2487 0.1953 -0.9487
vn -0.0903 0.9938 0.0654
vn -0.0442 0.5700 -0.8205
vn 0.1058 -0.8494 0.5171
vn 0.1236 0.1025 0.9870
vn 0.1424 -0.2801 0.9493
vn 0.0093 0.1748 0.9846
vn 0.1862 -0.2232 0.9568
vn 0.2878 0.9575 0.0166
vn 0.1528 -0.9829 -0.1025
vn -0.5643 0.3055 -0.7669
vn 0.1164 0.9823 -0.1467
vn -0.0904 0.9085 -0.4079
vn -0.0125 0.4439 -0.8960
vn -0.0541 -0.3658 0.9291
vn -0.4089 0.0214 -0.9123
vn -0.0804 0.9966 -0.0201
vn 0.1064 0.9229 0.3700
vn -0.5544 0.4646 -0.6905
vn -0.0015 0.9170 0.3989
vn -0.4316 0.6228 -0.6526
vn -0.0912 0.2286 0.9692
vn -0.0987 0.9676 0.2324
vn 0.0709 -0.4493 -0.8906
vn -0.0249 -0.4671 -0.8838
vn 0.0549 -0.5618 -0.8255
vn 0.0539 -0.5731 -0.8177
vn 0.0343 -0.1274 -0.9913
vn -0.1146 -0.1574 -0.9809
vn 0.1197 0.7527 -0.6474
vn 0.1101 -0.9782 0.1762
vn 0.2192 0.8871 -0.4061
vn 0.1039 -0.9681 0.2282
vn -0.0679 0.9941 -0.0841
vn 0.1521 0.3643 -0.9188
vn -0.2726 0.1568 -0.9493
vn -0.2109 -0.6508 -0.7293
vn -0.3600 0.2247 -0.9055
vn -0.2155 -0.6079 0.7642
vn -0.1656 0.9805 -0.1059
vn 0.0170 0.9998 0.0033
vn -0.0781 0.9503 0.3013
vn -0.0198 0.7604 -0.6491
vn 0.6265 -0.0447 -0.7782
vn 0.2386 -0.1259 -0.9629
vn 0.1534 0.7842 -0.6012
vn 0.0444 -0.1725 -0.9840
vn -0.0781 -0.1762 -0.9812
vn -0.5964 0.5982 -0.5351
vn -0.1903 0.8596 -0.4743
vn -0.2372 -0.4943 0.8363
vn -0.1760 0.7053 -0.6867
vn 0.0282 0.4122 -0.9107
vn -0.1186 0.5429 -0.8314
vn -0.0691 0.5631 -0.8235
vn -0.1144 0.0823 -0.9900
vn -0.0721 -0.4093 -0.9095
vn -0.1222 0.9922 0.0233
vn 0.1429 0.9885 0.0497
vn 0.0070 0.9810 0.1939
vn -0.3071 0.9076 0.2863
vn 0.0943 0.9944 0.0480
vn -0.0932 0.9953 0.0249
vn -0.1875 0.9748 -0.1212
vn -0.1279 0.9819 -0.1398
vn 0.0053 0.8366 -0.5478
vn -0.0642 0.8379 -0.5420
vn -0.0299 0.7963 -0.6041
vn 0.0014 0.7991 -0.6012
vn -0.0762 0.6799 -0.7294
vn 0.0855 0.6926 -0.7162
vn -0.1017 0.6472 -0.7555
vn 0.1755 0.5586 -0.8107
vn -0.4608 0.4854 0.7430
vn 0.5592 -0.7571 -0.3378
vn -0.4762 0.3362 0.8125
vn 0.4762 -0.3362 -0.8125
vn 0.0308 0.7926 0.6090
vn 0.5466 -0.2009 -0.8129
vn 0.5034 0.5479 -0.6681
vn 0.6300 -0.0684 -0.7735
vn 0.5682 0.0533 -0.8212
vn 0.7537 -0.0311 -0.6565
vn 0.5674 0.8201 0.0744
vn 0.2054 0.8634 -0.4609
vn -0.1096 0.9933 0.0368
vn -0.0143 -0.3009 0.9535
vn 0.6475 -0.0328 -0.7614
vn 0.5661 0.1244 -0.8149
vn 0.4628 -0.0891 -0.8820
vn 0.3233 0.2114 -0.9224
vn 0.5577 0.8296 0.0269
vn 0.2557 0.9249 -0.2813
vn -0.1363 0.8879 -0.4393
vn 0.0602 0.8199 -0.5693
vn -0.1827 0.9787 -0.0937
vn -0.0457 0.9884 -0.1445
vn -0.0428 0.3959 -0.9173
vn -0.1048 0.3847 -0.9171
vn -0.0418 0.3848 -0.9221
vn -0.0962 0.3746 -0.9222
vn 0.6484 -0.1025 -0.7544
vn 0.6958 0.6841 -0.2189
vn -0.1658 0.1285 -0.9778
vn 0.0248 0.2415 -0.9701
vn -0.1340 0.1630 -0.9775
vn 0.0496 0.1878 -0.9809
vn -0.1267 0.1920 -0.9732
vn 0.0518 0.1929 -0.9799
vn -0.6274 -0.3146 -0.7123
vn 0.0230 0.8430 -0.5374
vn -0.1419 0.5534 -0.8208
vn -0.0690 0.5595 -0.8259
vn -0.0836 -0.4359 0.8961
vn 0.1716 0.6505 -0.7398
vn -0.1065 -0.3842 0.9171
vn -0.1123 0.6115 -0.7832
vn -0.0156 0.7995 -0.6005
vn -0.0091 0.7204 -0.6935
vn -0.0894 0.7840 -0.6142
vn -0.0882 0.7606 -0.6432
vn -0.1784 0.7184 -0.6724
vn -0.0875 0.7051 -0.7037
vn 0.0440 0.8647 -0.5003
vn -0.0908 0.8408 -0.5337
vn -0.5379 0.4441 -0.7166
vn -0.3892 -0.8712 0.2991
vn -0.5809 0.8034 -0.1311
vn -0.2157 0.7541 -0.6203
vn -0.0288 0.9704 -0.2400
vn -0.3020 0.8034 0.5132
vn -0.2277 0.9002 0.3712
vn -0.2266 0.8292 0.5110
vn -0.3804 0.7960 0.4708
vn 0.2743 0.5230 -0.8070
vn 0.0482 -0.7521 0.6573
vn 0.5395 0.4773 -0.6936
vn -0.0831 -0.9203 0.3824
vn 0.0984 0.6572 -0.7472
vn -0.0262 0.4403 -0.8975
vn -0.1325 0.4371 -0.8896
vn -0.3691 -0.7865 -0.4951
vn 0.4853 0.6008 -0.6353
vn -0.2622 0.6616 -0.7025
vn 0.0921 0.7276 -0.6797
vn -0.2978 0.0145 0.9545
vn 0.7294 0.4473 -0.5175
vn -0.1403 -0.3726 0.9173
vn 0.1115 0.6626 -0.7406
vn -0.3772 0.6083 -0.6983
vn -0.6360 0.6838 -0.3575
vn 0.8229 0.3172 0.4715
vn -0.4936 0.8697 -0.0020
vn -0.1976 0.6854 -0.7009
vn -0.6249 0.7449 -0.2336
vn 0.0640 0.8836 -0.4639
vn -0.0401 0.0007 -0.9992
vn 0.0542 0.0536 -0.9971
vn -0.1452 0.1652 -0.9755
vn 0.1181 0.1452 -0.9823
vn -0.0373 0.5375 0.8424
vn -0.0290 0.5859 0.8098
vn -0.0491 0.9909 0.1255
vn 0.2486 0.9661 -0.0699
vn -0.1053 0.7758 -0.6221
vn -0.6369 0.4498 0.6262
vn 0.1182 0.5995 0.7916
vn 0.5079 0.1720 0.8441
vn -0.2191 0.2766 0.9357
vn -0.0011 0.5175 0.8557
vn -0.0525 0.5062 0.8608
vn 0.1056 0.4519 0.8858
vn -0.0924 0.4545 0.8859
vn -0.0743 0.4598 -0.8849
vn -0.0906 0.4637 -0.8813
vn -0.1147 0.9933 -0.0122
vn -0.0569 0.9919 0.1134
vn 0.0045 -0.1167 0.9932
vn -0.1281 0.1027 -0.9864
vn 0.1335 0.1328 -0.9821
vn 0.0843 0.4693 0.8790
vn -0.0520 0.5482 0.8347
vn -0.0265 -0.5849 0.8107
vn -0.0957 0.2412 0.9657
vn 0.0004 0.2404 0.9707
vn -0.1162 0.2123 0.9703
vn 0.0192 0.2226 0.9747
vn -0.3786 0.0243 0.9252
vn 0.0216 0.2102 0.9774
vn 0.0726 0.9612 0.2661
vn -0.2800 0.9375 0.2067
vn -0.0756 0.8860 0.4575
vn -0.0839 -0.7647 0.6389
vn 0.1416 -0.7074 0.6925
vn 0.0413 -0.6774 0.7344
vn 0.1033 -0.6784 0.7274
vn 0.1409 -0.5441 0.8271
vn -0.0176 -0.6098 0.7924
vn -0.0501 -0.0010 0.9987
vn -0.6688 0.5506 0.4995
vn -0.1827 0.8599 0.4767
vn -0.1318 -0.1579 0.9786
vn -0.0231 -0.0209 0.9995
vn -0.2679 -0.2415 0.9327
vn -0.0984 -0.2552 0.9619
vn -0.1037 -0.3953 0.9127
vn -0.0477 -0.4722 0.8802
vn 0.1834 -0.6570 0.7312
vn 0.0154 -0.6577 0.7531
vn 0.0560 0.9633 0.2627
vn -0.2642 0.9416 0.2089
vn -0.0244 -0.9194 -0.3926
vn 0.0395 -0.7931 -0.6078
vn -0.0186 -0.9189 -0.3940
vn 0.0372 -0.7923 -0.6089
vn 0.0033 -0.9932 -0.1164
vn 0.0388 -0.5652 -0.8240
vn 0.0009 -0.8143 -0.5804
vn 0.0001 -0.7727 -0.6348
vn -0.0375 0.0902 0.9952
vn 0.0938 0.1282 0.9873
vn 0.0181 -0.8375 -0.5461
vn -0.0238 -0.6594 -0.7514
vn 0.0570 -0.8629 -0.5022
vn -0.0229 -0.6720 -0.7402
vn -0.0092 -0.8395 -0.5433
vn 0.0095 -0.6641 -0.7476
vn -0.2733 -0.2175 0.9370
vn -0.0700 -0.1283 0.9893
vn 0.1775 -0.5638 0.8066
vn -0.0117 -0.6272 0.7787
vn 0.0072 -0.8423 -0.5390
vn -0.0130 -0.6867 -0.7268
vn 0.0315 -0.3691 0.9289
vn -0.3845 -0.1591 0.9093
vn -0.0965 -0.2142 0.9720
vn 0.0064 -0.8488 -0.5286
vn -0.0092 -0.8176 -0.5757
vn 0.0068 -0.8480 -0.5299
vn -0.0098 -0.8223 -0.5690
vn 0.0227 -0.8323 -0.5538
vn -0.0190 -0.6609 -0.7502
vn -0.0324 -0.8993 -0.4361
vn -0.0196 -0.8231 -0.5676
vn -0.0148 -0.9181 -0.3962
vn 0.0247 -0.7898 -0.6129
vn 0.0501 -0.8803 -0.4719
vn 0.0201 -0.7883 -0.6150
vn 0.0187 -0.8261 -0.5632
vn 0.0003 -0.7723 -0.6353
vn -0.0014 -0.9252 -0.3794
vn -0.0188 -0.8206 -0.5712
vn -0.0057 -0.8083 -0.5888
vn -0.0126 -0.7471 -0.6646
vn -0.0342 -0.9200 -0.3904
vn 0.0450 -0.7915 -0.6095
vn 0.0194 -0.8185 -0.5741
vn -0.0117 -0.7309 -0.6824
vn 0.0168 -0.9775 -0.2101
vn -0.0373 -0.6748 -0.7370
vn 0.0178 -0.8428 -0.5380
vn -0.0064 -0.8171 -0.5765
vn 0.0337 -0.8387 -0.5436
vn 0.0117 -0.6804 -0.7328
vn -0.0214 -0.8639 -0.5032
vn 0.0225 -0.6859 -0.7273
vn 0.0008 -0.8464 -0.5326
vn 0.0053 -0.6738 -0.7389
vn 0.0037 -0.8509 -0.5254
vn -0.0030 -0.8172 -0.5763
vn -0.0140 -0.9209 -0.3895
vn -0.0101 -0.8258 -0.5639
vn -0.0361 -0.9197 -0.3909
vn 0.0291 -0.7980 -0.6019
vn -0.0255 0.1942 -0.9806
vn -0.0216 0.9552 -0.2952
vn -0.0057 -0.6858 -0.7278
vn 0.1948 -0.6511 -0.7336
vn -0.0551 -0.2347 -0.9705
vn -0.0355 0.6811 -0.7313
vn -0.1055 0.3992 -0.9108
vn 0.0036 0.6369 0.7709
vn 0.3585 0.4592 0.8128
vn 0.3710 0.9265 -0.0624
vn -0.7043 0.6584 0.2654
vn 0.5571 0.1064 0.8236
vn -0.3422 -0.2933 0.8927
vn 0.0908 -0.8073 -0.5831
vn 0.1013 -0.8762 -0.4711
vn 0.0900 -0.8099 -0.5796
vn 0.0742 -0.8775 -0.4738
vn -0.2670 0.7933 0.5471
vn 0.2366 0.1149 -0.9648
vn -0.0435 0.5625 0.8256
vn 0.2415 0.9703 0.0100
vn -0.1460 -0.3083 0.9400
vn -0.6039 -0.7797 -0.1653
vn -0.4963 -0.0778 -0.8647
vn -0.4897 0.5863 -0.6454
vn -0.5899 0.1769 -0.7879
vn -0.9966 0.0133 0.0816
vn -0.9716 -0.0208 0.2357
vn -0.1381 0.7480 -0.6492
vn -0.7312 -0.1568 -0.6638
vn -0.6986 -0.7148 0.0310
vn -0.5365 -0.1245 -0.8347
vn -0.3897 -0.4297 0.8145
vn 0.0526 0.6373 -0.7688
vn -0.4556 -0.5943 -0.6628
vn -0.6117 0.0541 -0.7892
vn -0.8475 0.4131 -0.3332
vn -0.1160 0.3486 0.9300
vn -0.4427 0.6875 -0.5756
vn 0.0528 0.6870 0.7248
vn -0.4776 -0.7169 0.5078
vn 0.0504 -0.9825 -0.1796
vn -0.1080 -0.9801 0.1666
vn -0.1875 -0.9692 0.1598
vn 0.1211 -0.7614 -0.6369
vn 0.0870 -0.8288 -0.5527
vn 0.1314 -0.7307 -0.6700
vn 0.0981 -0.7155 -0.6917
vn -0.1969 0.0821 0.9770
vn -0.9083 -0.3088 -0.2822
vn -0.0978 -0.8611 0.4990
vn -0.8442 -0.4455 -0.2979
vn 0.0002 -0.7666 -0.6422
vn 0.0032 -0.8824 -0.4705
vn 0.1346 0.7296 0.6705
vn 0.2466 0.9689 0.0180
vn 0.2737 0.7666 -0.5809
vn 0.1357 0.9163 0.3769
vn -0.0607 0.9966 0.0565
vn 0.2584 0.9480 0.1857
vn 0.2222 0.9697 -0.1016
vn -0.2173 -0.1353 -0.9667
vn 0.0992 0.9318 -0.3492
vn -0.4407 0.0386 -0.8968
vn -0.3668 0.8636 0.3458
vn 0.1945 0.8540 -0.4826
vn 0.0905 -0.0177 -0.9957
vn 0.6321 -0.0576 0.7727
vn -0.8646 -0.0341 0.5014
vn -0.2559 0.8043 0.5364
vn -0.0382 0.9555 -0.2924
vn -0.1707 0.8339 0.5249
vn -0.1671 -0.6439 0.7466
vn 0.1671 0.6439 -0.7466
vn -0.0969 0.8546 -0.5102
vn -0.3139 0.8081 0.4984
vn 0.5297 0.8055 -0.2657
vn 0.1317 -0.0442 -0.9903
vn 0.2776 0.9607 0.0092
vn -0.0370 0.1634 -0.9859
vn -0.1448 -0.7076 -0.6916
vn 0.0798 -0.1306 -0.9882
vn 0.2481 0.4926 0.8341
vn 0.4231 0.8970 0.1280
vn 0.0253 0.0538 -0.9982
vn 0.4267 0.9026 -0.0570
vn 0.0639 0.0032 -0.9980
vn 0.4293 0.8616 -0.2708
vn -0.1343 -0.0751 -0.9881
vn 0.3494 0.7981 0.4909
vn -0.6664 0.7379 0.1067
vn 0.6664 -0.7379 -0.1067
vn -0.0083 -0.6743 -0.7384
vn 0.0089 -0.8254 -0.5645
vn -0.5355 -0.7849 0.3119
vn -0.4677 -0.0485 -0.8826
vn -0.1211 -0.4736 -0.8724
vn -0.2434 -0.7162 0.6541
vn 0.0375 0.1996 -0.9792
vn -0.2317 -0.3303 -0.9150
vn -0.1498 -0.7352 0.6611
vn 0.2231 -0.3872 -0.8946
vn -0.1420 -0.8630 0.4849
vn 0.1621 0.1476 -0.9757
vn -0.1503 -0.4777 -0.8656
vn 0.0364 0.1375 -0.9898
vn 0.0536 -0.8609 -0.5060
vn -0.2442 -0.8787 -0.4103
vn -0.3640 -0.5602 -0.7441
vn 0.0606 0.0174 -0.9980
vn -0.1357 -0.7116 -0.6894
vn -0.5319 -0.4996 -0.6837
vn -0.2398 -0.7202 0.6510
vn 0.3983 -0.5369 -0.7437
vn -0.1595 -0.8359 0.5252
vn -0.9099 -0.3380 0.2406
vn -0.8265 0.1591 -0.5400
vn -0.8872 -0.4536 0.0847
vn -0.8564 0.3307 -0.3964
vn -0.8864 -0.4627 0.0140
vn -0.9140 -0.1348 -0.3826
vn -0.8281 -0.2970 -0.4755
vn -0.9077 -0.3556 -0.2227
vn -0.3326 0.8001 -0.4992
vn 0.3326 -0.8001 0.4992
vn 0.0604 0.1322 -0.9894
vn -0.1424 -0.3390 -0.9300
vn -0.1404 -0.0517 -0.9887
vn -0.1027 -0.8372 0.5371
vn -0.1414 -0.4853 -0.8629
vn -0.1297 -0.5468 -0.8272
vn -0.2355 -0.6428 -0.7289
vn -0.2727 -0.6002 -0.7519
vn 0.1870 0.8987 -0.3968
vn -0.0214 0.8345 0.5506
vn -0.3741 -0.8133 -0.4457
vn -0.3443 -0.5590 -0.7543
vn -0.7419 -0.2831 -0.6078
vn -0.6558 -0.4919 -0.5726
vn -0.2130 0.0907 -0.9728
vn -0.4315 -0.8589 0.2758
vn -0.0351 -0.6797 -0.7327
vn -0.3542 -0.8857 0.3002
vn -0.2890 -0.3900 -0.8743
vn -0.1711 -0.9502 0.2604
vn 0.1104 -0.3760 -0.9200
vn 0.2026 -0.5498 0.8103
vn -0.1198 -0.7398 -0.6621
vn -0.0453 -0.4227 0.9051
vn -0.1898 -0.0045 -0.9818
vn -0.3743 -0.8685 0.3250
vn -0.5084 0.0865 -0.8567
vn -0.0726 0.4706 0.8794
vn -0.1439 -0.4725 -0.8695
vn 0.2495 -0.9462 -0.2059
vn -0.2512 -0.3857 -0.8878
vn 0.0504 -0.9606 0.2734
vn -0.4950 -0.3570 -0.7922
vn 0.0836 -0.9870 0.1374
vn -0.0160 -0.6966 0.7173
vn -0.4435 0.6667 0.5990
vn 0.4435 -0.6667 -0.5990
vn 0.1369 0.5364 -0.8328
vn 0.0113 0.7241 0.6896
vn 0.1648 0.5638 -0.8093
vn 0.1948 0.1481 0.9696
vn -0.5033 0.7420 -0.4429
vn -0.0706 0.1471 -0.9866
vn -0.1849 -0.9175 -0.3522
vn -0.1357 0.9483 0.2868
vn 0.0352 0.5376 -0.8425
vn 0.0769 0.2090 0.9749
vn -0.0530 0.3314 -0.9420
vn 0.1176 0.6799 -0.7238
vn -0.1112 0.3543 -0.9285
vn 0.1474 0.7421 0.6538
vn 0.1004 0.4898 -0.8660
vn 0.3585 0.8122 0.4602
vn 0.1393 0.5411 -0.8293
vn -0.1259 0.4421 0.8881
vn 0.0617 0.3131 0.9477
vn -0.3698 0.5657 -0.7370
vn 0.0897 0.6448 0.7591
vn -0.4251 -0.8944 0.1391
vn 0.3433 -0.9229 0.1744
vn 0.3504 0.7528 -0.5572
vn -0.0756 0.2143 0.9738
vn 0.1826 0.6531 -0.7350
vn -0.1041 0.2993 0.9485
vn -0.9817 -0.1688 -0.0884
vn 0.0780 0.7553 0.6507
vn -0.3646 0.8859 0.2869
vn 0.0060 -0.9956 -0.0931
vn -0.1324 -0.8998 -0.4158
vn 0.1923 0.9390 -0.2852
vn -0.4992 0.5369 0.6801
vn -0.0416 0.9947 0.0945
vn 0.0806 0.2814 -0.9562
vn 0.2597 0.8486 0.4609
vn 0.0538 0.2743 -0.9601
vn 0.4144 0.5679 -0.7112
vn 0.5254 0.8169 -0.2381
vn 0.3047 0.8402 0.4485
vn 0.2128 0.9739 0.0791
vn -0.0987 0.2147 0.9717
vn -0.0328 0.9987 -0.0378
vn 0.7588 -0.2167 0.6143
vn -0.8715 -0.4111 -0.2676
vn -0.0385 -0.1195 0.9921
vn -0.5911 -0.4349 0.6793
vn -0.0700 0.8051 0.5890
vn -0.9824 -0.0694 0.1735
vn -0.2478 0.9180 -0.3096
vn -0.0778 -0.7533 -0.6530
vn -0.5785 0.7442 0.3340
vn -0.2965 -0.4743 0.8289
vn 0.0886 -0.6375 0.7653
vn 0.0476 -0.8313 0.5538
vn 0.0025 -0.2037 0.9790
vn -0.3392 -0.5590 0.7566
vn -0.1701 0.9350 0.3113
vn -0.0666 0.9225 0.3802
vn -0.0178 0.7401 0.6723
vn -0.0767 0.0586 0.9953
vn -0.1447 0.6075 0.7810
vn -0.3271 -0.4002 -0.8561
vn -0.2714 -0.7460 -0.6081
vn -0.2968 0.6232 0.7235
vn -0.4031 -0.2641 0.8762
vn 0.0394 0.7990 -0.6001
vn -0.2312 -0.6309 -0.7406
vn 0.1993 0.9360 -0.2902
vn -0.3211 0.7553 0.5714
vn -0.8107 0.4191 -0.4089
vn -0.4637 0.8731 0.1508
vn -0.5349 0.7050 -0.4657
vn -0.2400 0.9223 0.3028
vn -0.0740 0.5694 -0.8187
vn -0.0393 0.9796 -0.1973
vn -0.3653 0.4958 -0.7879
vn 0.0290 0.1827 0.9827
vn 0.3801 -0.2917 -0.8777
vn -0.3626 0.5962 -0.7163
vn -0.5579 0.5008 -0.6617
vn -0.5784 -0.1473 0.8024
vn -0.7810 0.1055 -0.6156
vn 0.3004 -0.5685 -0.7658
vn 0.1677 0.1640 -0.9721
vn 0.0473 -0.9972 -0.0578
vn 0.0155 -0.9974 -0.0707
vn -0.0764 0.6060 0.7918
vn -0.0646 0.9956 0.0673
vn 0.0439 0.9913 0.1238
vn 0.0160 0.9308 0.3652
vn 0.0003 0.7398 0.6728
vn -0.0297 0.9833 0.1796
vn -0.6097 -0.5889 -0.5306
vn -0.0287 0.4378 0.8986
vn 0.2240 0.7797 0.5848
vn 0.4038 0.9123 0.0678
vn 0.5292 0.5973 -0.6027
vn 0.0580 -0.2374 -0.9697
vn -0.0713 0.6258 0.7767
vn -0.0383 0.9346 0.3538
vn -0.4542 0.8904 0.0301
vn -0.2817 -0.3120 0.9074
vn 0.2018 0.7961 0.5705
vn 0.1593 0.1417 -0.9770
vn 0.1365 0.8066 -0.5751
vn -0.1865 -0.6777 -0.7113
vn -0.3688 0.8969 0.2440
vn -0.1450 -0.6317 -0.7615
vn -0.6770 -0.1438 0.7218
vn -0.8996 -0.4086 0.1542
vn -0.3834 0.8891 0.2500
vn -0.7421 -0.6408 -0.1967
vn -0.3672 0.8427 0.3938
vn -0.1983 0.8512 -0.4859
vn -0.3531 0.8971 0.2655
vn -0.0098 0.8857 0.4641
vn -0.2678 0.9600 0.0820
vn -0.1345 0.7002 0.7012
vn 0.2796 0.6253 -0.7286
vn 0.0292 0.5317 0.8465
vn -0.2626 0.1262 -0.9566
vn -0.0564 0.1454 -0.9878
vn -0.0446 0.7316 -0.6803
vn 0.2549 0.2634 0.9304
vn -0.8571 0.4643 -0.2231
vn 0.6718 -0.7331 -0.1063
vn 0.1477 0.8487 -0.5078
vn -0.9837 -0.0909 0.1549
vn -0.3717 0.4937 0.7862
vn -0.2742 -0.2218 0.9357
vn -0.0307 0.6637 0.7473
vn -0.1569 0.6565 -0.7378
vn 0.1170 -0.7802 0.6145
vn 0.1259 0.6647 0.7364
vn 0.1430 0.8990 0.4139
vn 0.0109 0.6507 0.7593
vn 0.0394 0.9531 0.3002
vn -0.2960 0.7704 0.5647
vn -0.2373 -0.5018 -0.8318
vn 0.1350 0.8505 -0.5084
vn 0.0771 0.8747 -0.4786
vn 0.1746 0.8798 0.4422
vn 0.1527 0.3428 -0.9269
vn -0.3417 -0.9167 -0.2072
vn -0.3714 -0.2680 -0.8890
vn -0.2477 -0.6894 -0.6807
vn -0.2435 -0.4957 -0.8337
vn -0.3748 -0.6990 -0.6090
vn -0.3840 -0.4661 -0.7970
vn -0.2531 -0.9402 -0.2278
vn -0.2848 -0.6961 -0.6590
vn -0.3464 -0.4677 -0.8132
vn 0.2702 -0.5631 -0.7809
vn -0.1150 -0.5519 -0.8259
vn 0.0579 -0.8483 -0.5263
vn 0.3662 -0.4821 0.7959
vn -0.5504 -0.1535 -0.8207
vn -0.2943 -0.7701 -0.5660
vn -0.3395 -0.4113 -0.8459
vn -0.2750 -0.7869 -0.5525
vn -0.3366 -0.4133 -0.8461
vn 0.1510 0.6992 -0.6988
vn 0.4292 0.6199 -0.6570
vn 0.2054 0.2490 -0.9465
vn -0.1427 -0.9898 0.0000
vn -0.1650 -0.8984 -0.4071
vn -0.1955 -0.9710 -0.1373
vn -0.3605 -0.7624 -0.5374
vn 0.1690 0.3691 -0.9139
vn 0.2686 0.7028 -0.6587
vn -0.2235 -0.1615 -0.9612
vn -0.0246 -0.7823 -0.6224
vn -0.0166 -0.8746 -0.4845
vn -0.3952 -0.9094 -0.1296
vn -0.2948 -0.7973 -0.5267
vn -0.7285 0.1479 0.6689
vn -0.8030 0.5732 0.1630
vn -0.4786 0.8484 0.2261
vn -0.0196 0.2876 -0.9576
vn -0.6188 0.5146 0.5935
vn -0.4372 0.2492 -0.8642
vn -0.3888 -0.9095 -0.1471
vn -0.5085 -0.4551 -0.7310
vn -0.1624 0.9382 0.3056
vn 0.0570 0.9698 0.2373
vn -0.3149 -0.4044 -0.8587
vn -0.2431 -0.7290 -0.6399
vn -0.2989 0.5230 -0.7982
vn -0.1252 0.2560 -0.9585
vn -0.5043 -0.2281 -0.8328
vn -0.4666 -0.7603 -0.4519
vn 0.2571 -0.0136 -0.9663
vn -0.0230 0.0632 -0.9977
vn -0.5988 0.6772 -0.4275
vn 0.5579 -0.1645 0.8134
vn -0.5892 -0.3877 -0.7089
vn -0.5732 -0.7074 -0.4136
vn 0.3189 -0.7792 0.5395
vn -0.2282 -0.9088 0.3493
vn -0.1592 0.4084 -0.8988
vn -0.9952 -0.0975 0.0024
vn -0.7515 -0.5917 -0.2916
vn 0.0713 0.9367 0.3427
vn 0.0422 0.9658 0.2560
vn -0.9928 0.0187 0.1182
vn -0.6477 0.7212 -0.2457
vn -0.4624 -0.8421 -0.2775
vn 0.0028 0.2524 0.9676
vn 0.0205 0.9896 -0.1425
vn -0.1607 0.5125 -0.8435
vn 0.2183 0.9407 0.2595
vn -0.1650 0.2413 -0.9563
vn 0.4316 0.8074 0.4022
vn 0.6554 0.5623 -0.5043
vn -0.4472 -0.6479 0.6166
vn 0.2915 0.9236 -0.2492
vn -0.0540 0.9969 0.0571
vn 0.1260 0.3078 -0.9431
vn -0.2808 -0.1008 0.9544
vn -0.3408 0.9401 0.0100
vn -0.9507 0.3056 0.0520
vn -0.2113 0.8324 0.5123
vn 0.3703 0.3019 -0.8785
vn 0.4860 -0.3753 -0.7892
vn -0.3518 0.2876 -0.8908
vn 0.0122 0.9989 -0.0454
vn -0.4098 0.5018 -0.7618
vn 0.4098 -0.5018 0.7618
vn -0.4511 -0.1564 -0.8787
vn 0.0000 0.0000 0.0000
vn 0.2523 0.8965 0.3643
vn 0.0164 0.1699 -0.9853
vn 0.1632 0.6935 0.7017
vn 0.1588 0.9854 -0.0618
vn 0.5261 0.8081 -0.2649
vn -0.1233 0.2465 -0.9613
vn 0.0511 -0.8282 -0.5581
vn 0.0426 -0.9544 -0.2956
vn -0.1164 -0.8645 0.4889
vn 0.1164 0.8645 -0.4889
vn 0.0000 0.0000 0.0000
vn 0.0378 0.8477 0.5292
vn 0.0119 0.3790 -0.9253
vn -0.9548 0.1093 0.2763
vn -0.7243 0.0793 -0.6849
vn -0.6430 0.6816 0.3493
vn 0.3152 0.7880 -0.5290
vn 0.2012 -0.5709 0.7960
vn 0.5948 -0.6340 0.4943
vn 0.4719 0.6217 -0.6251
vn 0.2269 0.9080 -0.3521
vn -0.2482 0.9357 -0.2508
vn -0.0081 -0.9892 -0.1464
vn 0.0544 -0.9883 -0.1424
vn -0.9177 -0.3625 0.1626
vn 0.9055 0.3870 -0.1742
vn 0.0088 -0.6457 -0.7635
vn 0.0298 -0.7985 -0.6012
vn 0.0395 -0.9744 0.2212
vn -0.0317 -0.4831 0.8750
vn -0.0239 0.1106 0.9936
vn -0.2393 -0.8795 -0.4113
vn -0.3345 -0.3634 -0.8695
vn -0.0660 -0.7551 0.6523
vn -0.0353 -0.9650 -0.2597
vn -0.3681 -0.6841 -0.6297
vn -0.3611 -0.3083 -0.8801
vn -0.1655 -0.9819 0.0920
vn 0.0460 -0.9874 0.1514
vn -0.2453 -0.9183 -0.3109
vn -0.4906 -0.1856 -0.8514
vn 0.0187 -0.5912 -0.8063
vn -0.1564 -0.9257 -0.3444
vn -0.0207 -0.3421 -0.9394
vn -0.0207 -0.7932 -0.6086
vn -0.0851 -0.3347 -0.9385
vn -0.0221 -0.7993 -0.6006
vn 0.0382 -0.4259 -0.9040
vn 0.0633 -0.8421 -0.5356
vn 0.0433 -0.6256 -0.7789
vn -0.0639 -0.8275 -0.5578
vn 0.0292 -0.6215 -0.7829
vn -0.0187 -0.9180 -0.3961
vn -0.2344 0.0803 -0.9688
vn -0.0039 0.2381 -0.9712
vn -0.0347 -0.5852 -0.8102
vn 0.0211 -0.9263 -0.3763
vn -0.0521 -0.7053 -0.7070
vn -0.0658 -0.8167 -0.5733
vn 0.0076 0.8155 0.5787
vn -0.0218 -0.8110 -0.5846
vn -0.1011 -0.6381 -0.7633
vn -0.0296 -0.8187 -0.5734
vn -0.1016 -0.6193 -0.7786
vn -0.0176 -0.8111 -0.5847
vn 0.3383 -0.9110 0.2358
vn -0.2066 -0.9744 0.0886
vn -0.0863 -0.6430 -0.7610
vn -0.0617 -0.8154 -0.5755
vn -0.0609 -0.9839 -0.1680
vn -0.0845 -0.6026 -0.7936
vn -0.0193 -0.9499 -0.3120
vn 0.0065 -0.9113 0.4117
vn -0.0417 -0.9176 0.3954
vn 0.0320 0.6776 0.7347
vn -0.0049 0.9766 0.2151
vn 0.0164 -0.3860 -0.9224
vn -0.0741 -0.8375 -0.5414
vn -0.0084 -0.4826 -0.8758
vn -0.0275 -0.8659 -0.4994
vn -0.1158 -0.9784 -0.1713
vn -0.0255 -0.6905 -0.7229
vn 0.0157 -0.8156 -0.5783
vn -0.0185 -0.6885 -0.7250
vn -0.0704 -0.8431 -0.5331
vn -0.2510 -0.8338 -0.4917
vn 0.2486 -0.7272 -0.6398
vn -0.0048 -0.6903 -0.7235
vn -0.0709 -0.8428 -0.5336
vn -0.2403 -0.6782 -0.6945
vn -0.2971 -0.4760 -0.8278
vn 0.0380 -0.6902 -0.7226
vn -0.0732 -0.8419 -0.5347
vn -0.0369 -0.7187 -0.6943
vn -0.0347 -0.8476 -0.5295
vn 0.0732 -0.4808 -0.8738
vn -0.0019 -0.7799 -0.6259
vn -0.0537 -0.7092 -0.7030
vn -0.0131 -0.4644 -0.8855
vn -0.1229 -0.9576 -0.2605
vn -0.1633 -0.9540 -0.2515
vn 0.0627 -0.1614 -0.9849
vn -0.0965 -0.6004 -0.7938
vn -0.0026 -0.8447 -0.5353
vn -0.1891 -0.8685 -0.4583
vn -0.0606 -0.7558 -0.6520
vn 0.0932 -0.8131 -0.5746
vn -0.0636 -0.7561 -0.6514
vn -0.0695 -0.5839 -0.8088
vn 0.0261 -0.8374 -0.5459
vn -0.4209 -0.9007 -0.1080
vn -0.3749 -0.2879 -0.8812
vn -0.4366 -0.2625 -0.8605
vn 0.0994 -0.0490 -0.9938
vn -0.0752 -0.9262 -0.3696
vn -0.1684 -0.7781 -0.6052
vn -0.1247 -0.4457 -0.8865
vn -0.0485 -0.2240 -0.9734
vn -0.0943 -0.6062 -0.7897
vn -0.0207 -0.3716 -0.9282
vn -0.0431 0.0177 -0.9989
vn -0.0159 -0.5035 -0.8638
vn 0.0886 -0.0446 -0.9951
vn -0.1053 -0.5206 -0.8473
vn 0.0769 -0.0188 -0.9969
vn -0.0473 0.0517 -0.9975
vn 0.1068 -0.0688 -0.9919
vn -0.0714 0.0208 -0.9972
vn 0.0866 -0.0359 -0.9956
vn -0.1278 -0.9768 -0.1716
vn -0.1528 -0.9103 -0.3846
vn -0.0927 -0.7418 -0.6641
vn -0.1019 -0.6875 -0.7190
vn 0.0732 -0.4861 -0.8708
vn -0.0815 -0.9263 -0.3678
vn -0.1012 -0.8432 -0.5281
vn 0.8738 0.3896 -0.2911
vn 0.5535 0.3797 -0.7413
vn 0.1368 0.7512 -0.6457
vn -0.5806 0.4464 -0.6809
vn 0.1462 0.1788 0.9730
vn -0.5328 -0.6042 0.5925
vn 0.1839 0.2767 0.9432
vn -0.0729 -0.8491 -0.5232
vn 0.1541 0.9493 -0.2740
vn -0.5979 0.5014 -0.6254
vn -0.1796 0.8483 0.4981
vn -0.3604 0.0903 0.9284
vn -0.1246 -0.9920 -0.0206
vn -0.1855 -0.8892 -0.4182
vn 0.1512 0.7738 -0.6151
vn -0.5760 -0.4259 -0.6977
vn 0.0434 0.6371 0.7696
vn -0.1059 -0.9307 -0.3502
vn -0.1045 -0.9933 0.0498
vn -0.0533 -0.9975 0.0467
vn -0.5693 -0.8200 0.0584
vn 0.6098 0.5775 -0.5428
vn -0.3036 0.1835 -0.9350
vn -0.1967 -0.5014 -0.8426
vn -0.9513 0.0791 -0.2980
vn 0.4647 0.8375 0.2874
vn 0.0709 -0.7481 -0.6598
vn 0.0201 -0.9495 -0.3131
vn -0.1118 0.0893 -0.9897
vn -0.1143 -0.3720 -0.9212
vn 0.0063 -0.1334 -0.9910
vn 0.0631 0.2534 -0.9653
vn -0.4829 0.5754 -0.6601
vn -0.5897 -0.1844 0.7863
vn -0.2333 0.9034 0.3597
vn -0.4415 -0.1037 0.8912
vn 0.1531 0.9837 0.0942
vn -0.4695 0.8693 -0.1547
vn -0.1777 0.6034 0.7774
vn -0.2622 0.4395 0.8591
vn -0.6821 0.7253 0.0936
vn 0.0543 0.3395 -0.9391
vn -0.2404 0.9289 -0.2817
vn 0.0819 0.3148 -0.9456
vn 0.2040 0.5999 -0.7736
vn 0.3628 0.6218 -0.6941
vn 0.1028 0.1853 -0.9773
vn 0.2516 0.2044 -0.9460
vn -0.1675 0.3579 -0.9186
vn 0.1260 0.6214 -0.7733
vn 0.1109 0.9937 0.0151
vn -0.7250 0.2360 -0.6471
vn -0.4564 0.2169 -0.8629
vn 0.1717 0.5401 -0.8239
vn 0.1088 0.9826 0.1503
vn -0.0016 0.3632 -0.9317
vn 0.0181 0.2174 -0.9759
vn -0.0954 0.3302 -0.9391
vn -0.0947 0.3284 -0.9398
vn -0.3413 0.8467 -0.4083
vn -0.3801 -0.4459 0.8104
vn -0.0733 0.3245 -0.9430
vn -0.0803 0.3278 -0.9413
vn 0.1470 0.2630 -0.9535
vn 0.1780 0.2614 -0.9487
vn -0.0205 0.9753 -0.2200
vn 0.2247 0.9698 -0.0945
vn 0.0677 0.9951 -0.0726
vn 0.1596 0.9806 0.1138
vn -0.0435 -0.9989 0.0149
vn -0.1120 -0.9932 0.0313
vn 0.1939 0.8274 -0.5270
vn 0.0103 0.9893 -0.1454
vn -0.0182 0.4796 -0.8773
vn -0.4235 0.9047 0.0464
vn 0.5629 0.7022 -0.4360
vn -0.3707 0.9070 0.1998
vn -0.0279 0.6215 -0.7829
vn 0.2269 -0.5488 -0.8046
vn -0.2575 -0.0983 -0.9613
vn 0.0202 0.9917 0.1270
vn -0.0987 -0.3443 0.9337
vn 0.2704 0.5817 0.7671
vn -0.1542 0.6566 -0.7383
vn -0.0926 0.9956 0.0115
vn -0.0358 0.9910 0.1289
vn -0.1360 0.9625 0.2347
vn 0.0183 0.9722 0.2335
vn -0.2792 0.8658 -0.4152
vn -0.4544 0.5004 -0.7370
vn 0.0311 0.9678 0.2496
vn -0.3893 0.2541 0.8854
vn 0.7540 0.2258 -0.6168
vn 0.3071 0.9491 0.0704
vn -0.0376 0.9856 0.1647
vn -0.3003 0.4175 0.8576
vn -0.1172 0.9354 -0.3335
vn -0.9663 -0.1379 -0.2174
vn -0.4232 0.2564 -0.8690
vn 0.0705 -0.4144 0.9074
vn 0.2997 0.5363 0.7891
vn -0.5990 0.0538 -0.7989
vn -0.2423 0.7411 0.6261
vn -0.2927 0.1831 0.9385
vn -0.3477 0.3359 0.8754
vn -0.6906 0.4638 -0.5550
vn -0.0832 0.4391 -0.8946
vn -0.5686 0.5538 -0.6083
vn -0.1437 0.3591 -0.9222
vn 0.3919 0.8206 -0.4159
vn 0.5651 0.7551 -0.3323
vn -0.4985 0.5515 -0.6688
vn 0.8688 0.0825 -0.4883
vn 0.3879 0.9161 -0.1013
vn 0.5435 0.8372 -0.0610
vn -0.2579 0.0716 0.9635
vn 0.3234 0.7152 0.6196
vn 0.2027 0.5683 0.7975
vn -0.1492 0.2752 0.9497
vn -0.1439 0.4256 0.8934
vn 0.3127 0.6949 0.6476
vn -0.1432 0.8164 0.5595
vn -0.3350 -0.0005 0.9422
vn 0.6367 -0.2695 0.7225
vn 0.2905 -0.6047 0.7415
vn -0.3686 0.6181 0.6943
vn -0.3519 -0.6033 -0.7157
vn 0.1481 -0.6906 -0.7079
vn 0.0357 -0.9477 -0.3173
vn -0.1667 -0.5733 -0.8022
vn -0.1762 -0.5340 -0.8269
vn -0.0637 0.6556 -0.7525
vn 0.2028 -0.2879 -0.9359
vn -0.1348 -0.9598 0.2460
vn -0.0768 -0.9582 0.2757
vn 0.1660 0.8639 -0.4756
vn -0.4228 -0.6582 -0.6230
vn -0.6107 0.3519 -0.7094
vn -0.1681 -0.3878 -0.9063
vn 0.4277 0.6257 -0.6524
vn 0.1855 -0.1742 -0.9671
vn 0.2354 0.7619 -0.6034
vn 0.2843 -0.2047 -0.9366
vn 0.2833 0.7891 -0.5450
vn -0.4726 0.7457 0.4697
vn -0.6660 0.2010 0.7183
vn 0.2077 0.2719 0.9396
vn -0.0823 0.7447 0.6623
vn 0.3189 0.8132 0.4868
vn -0.0362 0.7361 -0.6759
vn -0.0155 0.7718 -0.6357
vn -0.2492 0.7704 -0.5868
vn -0.0077 0.6817 -0.7316
vn -0.3166 0.9226 -0.2204
vn 0.1178 0.7673 -0.6303
vn -0.2687 0.9632 0.0091
vn -0.3118 -0.0708 0.9475
vn -0.1119 0.6345 0.7648
vn -0.2955 0.1320 0.9462
vn -0.1186 0.8684 -0.4814
vn 0.2491 0.9419 -0.2253
vn 0.0601 -0.2992 0.9523
vn -0.2164 -0.6055 0.7658
vn 0.5371 -0.5106 0.6714
vn -0.0983 -0.7547 0.6486
vn -0.1609 0.9614 0.2232
vn -0.0563 0.9164 0.3963
vn 0.1204 0.9830 0.1387
vn 0.0226 0.4071 -0.9131
vn 0.1703 0.3904 -0.9047
vn 0.1388 -0.2590 -0.9559
vn 0.1647 0.2922 -0.9421
vn 0.4060 0.7991 -0.4435
vn -0.1060 -0.6398 -0.7612
vn -0.0851 -0.5211 -0.8492
vn 0.1237 -0.0347 -0.9917
vn -0.0560 0.9565 -0.2863
vn 0.1350 0.9322 0.3358
vn -0.5150 -0.2638 0.8156
vn -0.4023 0.1932 0.8949
vn 0.1028 -0.9697 0.2217
vn -0.0367 -0.9827 0.1818
vn -0.1775 0.9191 0.3518
vn 0.0269 0.4072 -0.9129
vn -0.1317 -0.0583 0.9896
vn -0.1865 -0.4124 0.8917
vn 0.1666 -0.2746 -0.9470
vn 0.0824 -0.7610 -0.6435
vn -0.7052 -0.1997 0.6803
vn -0.2801 0.4824 0.8300
vn 0.7076 0.4156 -0.5715
vn 0.0374 -0.1646 -0.9856
vn -0.4510 -0.4096 0.7930
vn -0.3690 0.6465 0.6678
vn -0.1006 0.0186 0.9947
vn -0.2528 -0.0563 0.9659
vn 0.0408 -0.0078 0.9991
vn 0.1949 0.2895 0.9371
vn -0.1034 0.1332 0.9857
vn -0.1840 0.0511 0.9816
vn -0.1732 0.7349 0.6557
vn -0.0303 0.9072 0.4196
vn -0.6056 0.3109 -0.7325
vn 0.3297 -0.0527 -0.9426
vn 0.2318 0.5092 -0.8289
vn -0.0028 0.9208 0.3901
vn 0.8032 0.4923 0.3355
vn -0.4549 0.2931 0.8409
vn -0.5675 0.4217 -0.7072
vn -0.7180 -0.2951 0.6304
vn -0.2235 -0.6812 0.6972
vn -0.0986 0.9942 -0.0420
vn -0.2785 0.9567 -0.0848
vn 0.1685 -0.6540 -0.7375
vn 0.0691 -0.2841 -0.9563
vn 0.1488 0.2086 0.9666
vn -0.3010 -0.3626 0.8820
vn -0.8133 -0.4416 0.3789
vn -0.1257 -0.7247 0.6775
vn -0.1894 0.2968 0.9360
vn 0.3629 0.2245 0.9044
vn -0.6793 0.7265 -0.1040
vn -0.9218 -0.2219 -0.3180
vn -0.0343 0.6429 0.7651
vn -0.8124 0.1419 0.5656
vn -0.0409 0.6387 0.7683
vn -0.3940 0.1470 0.9073
vn -0.0161 0.6068 0.7947
vn -0.7356 0.0744 0.6733
vn -0.3788 0.7175 -0.5846
vn -0.1144 0.9499 0.2909
vn -0.2141 -0.4005 -0.8910
vn -0.0363 0.9732 0.2269
vn -0.4793 0.8420 -0.2476
vn -0.1230 -0.0288 0.9920
vn -0.1325 -0.3451 -0.9292
vn -0.5224 0.7742 0.3575
vn 0.0035 -0.0609 -0.9981
vn 0.1400 0.8975 -0.4181
vn 0.3051 0.8798 -0.3646
vn 0.1721 0.2561 0.9512
vn 0.0224 0.7184 -0.6952
vn -0.1874 -0.4986 0.8463
vn 0.4308 0.7671 -0.4754
vn -0.4136 -0.1057 0.9043
vn 0.3844 0.8065 -0.4492
vn 0.4595 0.3102 -0.8322
vn -0.0686 0.6688 -0.7403
vn -0.0684 0.1973 -0.9779
vn 0.1616 0.5314 -0.8316
vn -0.0689 -0.9186 0.3892
vn 0.2689 -0.1147 -0.9563
vn -0.3149 -0.3403 0.8861
vn 0.2305 -0.6438 0.7296
vn -0.2288 -0.5425 -0.8083
vn 0.6719 -0.1252 -0.7300
vn -0.1339 -0.1057 -0.9853
vn 0.9921 0.0987 0.0778
vn 0.1011 0.8660 -0.4897
vn -0.6907 -0.6422 0.3323
vn -0.5848 0.3870 -0.7130
vn -0.2956 -0.4908 -0.8196
vn -0.4310 -0.7532 -0.4970
vn -0.1804 -0.5087 -0.8418
vn -0.1802 -0.7017 -0.6893
vn -0.2894 0.0223 -0.9569
vn -0.1281 0.3766 -0.9175
vn 0.2032 0.8826 -0.4239
vn 0.1547 0.4841 -0.8613
vn 0.2975 0.7199 -0.6270
vn -0.2878 0.2865 0.9138
vn 0.2878 -0.2865 -0.9138
vn -0.4081 0.9048 0.1220
vn -0.2728 -0.8665 -0.4180
vn -0.5680 0.5441 -0.6175
vn -0.7190 0.1711 -0.6736
vn -0.1596 0.4303 -0.8885
vn -0.6991 -0.0716 0.7114
vn -0.5068 -0.3193 0.8007
vn -0.7557 0.0535 0.6527
vn 0.0060 -0.4712 -0.8820
vn -0.1609 -0.1542 -0.9748
vn -0.0202 -0.1472 0.9889
vn -0.3657 0.6129 0.7004
vn 0.1330 0.9575 -0.2559
vn -0.1354 -0.0350 0.9902
vn 0.2004 0.9771 -0.0721
vn 0.2716 -0.1361 -0.9527
vn 0.0265 0.1612 -0.9866
vn -0.7076 0.1610 0.6880
vn -0.2693 -0.2116 0.9395
vn 0.2475 -0.2162 -0.9444
vn -0.0068 0.1200 -0.9927
vn 0.0161 0.7200 0.6938
vn -0.8408 0.2831 0.4614
vn -0.5694 0.0810 0.8181
vn -0.0830 -0.1404 0.9866
vn -0.6117 0.4251 0.6672
vn -0.0805 -0.9965 0.0204
vn -0.0683 -0.9976 0.0055
vn 0.2738 -0.1786 -0.9450
vn 0.0525 0.1577 -0.9861
vn 0.0124 0.2782 -0.9605
vn 0.0084 0.9819 -0.1892
vn -0.4053 -0.7854 0.4678
vn -0.1597 -0.1667 -0.9730
vn -0.6321 -0.7185 -0.2902
vn -0.4858 0.6943 -0.5310
vn -0.5092 0.8065 -0.3004
vn -0.6210 0.5512 -0.5572
vn -0.0934 0.1433 -0.9853
vn -0.5868 0.2661 -0.7647
vn -0.2395 -0.0172 -0.9707
vn -0.9752 0.0234 -0.2201
vn -0.9084 0.3966 -0.1325
vn -0.2296 0.6401 -0.7331
vn 0.0903 0.9957 0.0191
vn -0.3222 0.4276 0.8446
vn -0.0592 0.1271 -0.9901
vn -0.4097 0.5672 0.7144
vn -0.5821 0.8102 -0.0691
vn -0.0457 0.0532 -0.9975
vn -0.1364 -0.7167 -0.6840
vn 0.0446 -0.0678 -0.9967
vn -0.4769 0.8188 0.3196
vn -0.2137 -0.7795 0.5888
vn -0.0544 0.2934 0.9544
vn 0.2700 0.8885 -0.3710
vn 0.0869 -0.8235 -0.5607
vn -0.8720 -0.4492 -0.1943
vn -0.5127 -0.1090 -0.8516
vn -0.0976 -0.9364 -0.3370
vn -0.1285 -0.8935 -0.4302
vn 0.1170 -0.9880 -0.1009
vn 0.0925 -0.9908 -0.0991
vn 0.0422 -0.9966 0.0703
vn -0.1148 -0.2395 -0.9641
vn 0.1100 0.3252 -0.9392
vn -0.0314 0.2437 -0.9693
vn -0.6187 0.7786 0.1049
vn -0.6041 0.0262 -0.7965
vn 0.2355 -0.5424 -0.8064
vn 0.2235 0.3451 -0.9116
vn -0.0812 0.2101 0.9743
vn -0.9957 -0.0525 0.0762
vn -0.3263 -0.3959 -0.8584
vn -0.1551 -0.4730 -0.8673
vn -0.1029 -0.7708 -0.6287
vn -0.0403 -0.0138 -0.9991
vn -0.4367 -0.5619 0.7026
vn -0.3607 -0.2354 -0.9025
vn 0.1090 0.1097 -0.9880
vn 0.0834 -0.8449 -0.5284
vn 0.0493 -0.9513 -0.3043
vn 0.0488 -0.4360 -0.8986
vn -0.1427 -0.5115 -0.8473
vn 0.1757 0.3259 -0.9289
vn 0.1522 0.5691 -0.8081
vn 0.0716 0.5899 0.8043
vn -0.4088 -0.8628 0.2974
vn -0.0502 -0.0841 -0.9952
vn -0.0780 -0.9950 -0.0628
vn 0.0009 -0.1199 -0.9928
vn 0.2656 -0.5373 -0.8005
vn -0.1813 -0.4376 -0.8807
vn 0.6317 -0.0934 -0.7695
vn -0.1503 -0.5939 -0.7903
vn 0.0376 -0.6236 -0.7808
vn 0.1836 0.2997 -0.9362
vn -0.1897 -0.6732 -0.7148
vn 0.1440 -0.0954 -0.9850
vn -0.4479 -0.1710 0.8776
vn 0.0301 0.9225 0.3848
vn -0.4656 0.4721 -0.7485
vn 0.0641 0.6152 -0.7857
vn 0.2779 0.6773 0.6812
vn -0.1048 0.5318 0.8403
vn -0.3039 0.5694 0.7638
vn 0.5467 0.1389 -0.8257
vn -0.7933 0.1287 0.5950
vn -0.4630 -0.0351 -0.8856
vn 0.2442 -0.2983 0.9227
vn -0.3216 -0.3967 0.8598
vn 0.0387 -0.8171 -0.5752
vn 0.0869 -0.8902 -0.4473
vn -0.5174 0.2256 -0.8255
vn 0.0503 0.7504 0.6591
vn -0.0909 0.9379 -0.3348
vn -0.0476 0.9830 0.1771
vn 0.1373 0.5599 -0.8171
vn -0.0477 0.7909 0.6101
vn -0.0525 0.7825 -0.6204
vn -0.1819 0.9008 0.3943
vn -0.5366 -0.6760 -0.5051
vn -0.1354 0.7408 0.6579
vn 0.1692 0.9856 -0.0006
vn -0.0951 0.9400 0.3276
vn 0.3086 0.9491 0.0632
vn -0.0213 0.9170 0.3983
vn 0.5137 0.8547 -0.0754
vn 0.3780 0.2068 -0.9024
vn -0.0878 0.0359 0.9955
vn 0.0971 -0.0718 0.9927
vn -0.5192 -0.3914 0.7597
vn 0.3378 -0.2035 -0.9190
vn 0.4953 0.1940 0.8468
vn -0.3001 0.6516 0.6966
vn 0.3722 -0.1194 0.9204
vn 0.9511 0.2952 -0.0910
vn -0.0845 0.0399 0.9956
vn 0.9264 0.3525 -0.1322
vn -0.4385 0.0161 0.8986
vn -0.4673 0.1004 -0.8784
vn 0.2442 0.7421 -0.6242
vn 0.0711 0.3615 -0.9296
vn 0.1471 0.5453 -0.8252
vn 0.0624 0.6488 0.7584
vn 0.2375 0.9656 -0.1056
vn -0.1625 0.4450 -0.8807
vn -0.6797 0.4516 -0.5779
vn -0.1579 0.2714 0.9494
vn -0.8801 -0.1520 0.4498
vn 0.4550 -0.0531 -0.8889
vn -0.2746 0.6836 -0.6763
vn -0.2601 -0.9642 0.0514
vn -0.8356 -0.5463 0.0579
vn 0.3438 -0.0339 -0.9384
vn -0.6005 -0.4630 0.6520
vn 0.3074 -0.6360 -0.7079
vn -0.7083 -0.4875 0.5105
vn 0.2977 0.0169 -0.9545
vn -0.0518 0.0150 0.9985
vn -0.5867 -0.5939 -0.5506
vn -0.4035 -0.8723 0.2764
vn 0.1765 0.0450 -0.9833
vn 0.0990 0.2477 -0.9638
vn -0.0419 0.4487 0.8927
vn -0.1979 0.0369 0.9795
vn -0.1685 -0.0634 0.9837
vn 0.0303 0.9906 -0.1333
vn -0.2221 0.5460 -0.8078
vn 0.1933 0.4879 -0.8513
vn 0.0986 0.9342 0.3429
vn 0.2544 0.3932 -0.8836
vn 0.2235 0.9018 0.3698
vn 0.4524 0.8449 0.2854
vn 0.5365 0.1751 -0.8256
vn -0.3286 -0.2837 0.9009
vn -0.1069 -0.2543 0.9612
vn 0.3130 -0.1101 0.9433
vn -0.1751 -0.3306 0.9274
vn -0.3087 0.1755 0.9348
vn 0.4820 0.6866 -0.5443
vn -0.7197 0.5814 0.3794
vn -0.7316 -0.4680 -0.4957
vn -0.2126 0.3733 0.9030
vn 0.3495 0.6472 -0.6775
vn -0.5454 -0.1989 0.8142
vn 0.1344 0.4040 -0.9049
vn 0.3491 0.2990 -0.8881
vn -0.3230 0.4955 0.8063
vn 0.5537 0.7509 -0.3601
vn -0.3970 0.2707 0.8770
vn 0.2838 0.4548 -0.8442
vn -0.6456 -0.2475 0.7225
vn 0.4926 0.7330 -0.4692
vn -0.4012 0.2396 0.8841
vn 0.3302 0.6956 -0.6380
vn -0.0225 -0.3483 0.9371
vn 0.0699 -0.9535 -0.2932
vn 0.0098 -0.5112 -0.8594
vn -0.0310 -0.6297 -0.7762
vn -0.0628 -0.8006 -0.5959
vn 0.0350 -0.2590 -0.9653
vn 0.0393 -0.6417 -0.7659
vn 0.0452 -0.8952 -0.4433
vn 0.0717 -0.8284 -0.5555
vn 0.0403 -0.8967 -0.4408
vn 0.0056 -0.6200 -0.7846
vn 0.0847 -0.8831 -0.4614
vn 0.1257 0.5599 -0.8190
vn -0.0648 0.2030 0.9770
vn 0.0870 -0.8456 -0.5267
vn 0.0229 -0.9463 -0.3225
vn -0.0648 0.5602 -0.8258
vn 0.2271 0.0268 0.9735
vn -0.1757 -0.9689 -0.1744
vn 0.0103 0.9480 0.3180
vn 0.0560 -0.6373 -0.7686
vn -0.0713 -0.8482 -0.5248
vn -0.0634 -0.6303 -0.7738
vn -0.0809 -0.8253 -0.5589
vn 0.0062 -0.6644 -0.7474
vn -0.1501 -0.8219 -0.5495
vn 0.0319 0.6327 -0.7738
vn 0.2032 0.8613 0.4656
vn -0.0409 -0.6712 -0.7402
vn -0.0865 -0.8175 -0.5693
vn -0.0322 -0.6312 -0.7749
vn -0.0649 -0.8035 -0.5917
vn -0.5404 -0.6780 -0.4983
vn 0.1261 -0.4917 0.8616
vn -0.2872 -0.6184 -0.7315
vn 0.1110 -0.7177 0.6875
vn 0.0659 -0.8216 -0.5662
vn 0.0249 -0.8951 -0.4451
vn 0.0751 -0.8373 -0.5416
vn 0.0370 -0.8956 -0.4434
vn -0.0940 -0.6327 -0.7687
vn -0.0369 -0.7925 -0.6088
vn -0.0317 -0.6010 -0.7986
vn -0.0475 -0.7966 -0.6027
vn -0.0991 -0.6531 -0.7508
vn -0.0364 -0.8531 -0.5205
vn 0.0734 -0.6043 -0.7934
vn -0.0389 -0.8577 -0.5126
vn -0.0037 -0.6473 -0.7622
vn 0.0066 -0.8364 -0.5481
vn -0.0100 -0.7158 -0.6982
vn -0.0475 -0.8150 -0.5775
vn -0.0994 -0.6455 -0.7573
vn -0.0727 -0.8309 -0.5516
vn -0.0504 -0.6539 -0.7549
vn -0.0114 -0.7475 -0.6642
vn -0.0870 -0.6420 -0.7617
vn -0.0428 -0.8110 -0.5835
vn 0.4472 -0.1962 -0.8727
vn -0.0468 -0.8983 -0.4369
vn -0.0128 -0.7361 -0.6768
vn -0.0272 -0.8892 -0.4567
vn -0.0695 -0.8149 -0.5754
vn 0.0010 -0.8967 -0.4427
vn -0.0700 0.2684 -0.9607
vn -0.0098 -0.4336 0.9010
vn -0.1589 -0.9871 0.0212
vn -0.1538 -0.9036 -0.3999
vn -0.7422 -0.2532 -0.6205
vn -0.0023 -0.3038 0.9527
vn 0.0188 -0.0916 0.9956
vn 0.0262 -0.3643 0.9309
vn 0.0085 -0.6732 -0.7394
vn -0.0587 -0.8774 -0.4761
vn -0.1743 -0.5001 -0.8483
vn -0.2057 -0.5787 -0.7892
vn 0.0209 0.7994 -0.6005
vn -0.0801 -0.9963 -0.0300
vn 0.0945 0.9560 0.2776
vn -0.7491 0.2492 0.6138
vn -0.7189 0.5688 0.3996
vn -0.2215 -0.3406 -0.9137
vn -0.2180 -0.8330 0.5086
vn -0.1279 -0.2293 -0.9649
vn -0.1547 -0.7245 -0.6716
vn 0.0012 -0.7731 -0.6343
vn 0.1792 -0.4256 -0.8870
vn 0.0212 0.1024 -0.9945
vn 0.0031 -0.7237 -0.6901
vn -0.0063 -0.5671 -0.8236
vn -0.0799 0.2059 -0.9753
vn -0.1294 -0.6502 -0.7486
vn 0.0102 -0.3652 -0.9309
vn -0.0114 -0.6930 -0.7208
vn 0.0181 -0.6016 -0.7986
vn 0.0246 -0.5253 -0.8506
vn 0.0365 -0.3280 -0.9440
vn 0.0300 -0.8734 -0.4861
vn 0.4723 -0.1125 0.8743
vn -0.0054 -0.1305 0.9914
vn 0.0230 -0.7462 -0.6654
vn 0.0563 -0.4535 -0.8895
vn 0.0415 -0.7644 -0.6434
vn -0.0033 -0.5063 -0.8623
vn 0.0545 -0.7561 -0.6522
vn 0.0595 -0.4439 -0.8941
vn 0.0584 -0.7659 -0.6403
vn 0.0644 -0.4535 -0.8889
vn 0.1582 0.1514 -0.9757
vn -0.1674 -0.4137 -0.8949
vn 0.1484 -0.9669 -0.2075
vn 0.0554 -0.9776 -0.2033
vn 0.0200 -0.7632 -0.6459
vn 0.1584 -0.4210 -0.8931
vn -0.1173 -0.8314 -0.5431
vn 0.1133 -0.4172 -0.9017
vn 0.1136 -0.8102 0.5750
vn 0.0508 -0.8223 0.5668
vn -0.0629 -0.8758 0.4786
vn 0.1338 -0.0360 -0.9904
vn -0.1430 -0.0594 -0.9879
vn -0.0540 -0.2818 -0.9580
vn 0.1145 -0.2896 -0.9503
vn -0.0702 -0.3067 -0.9492
vn 0.1217 -0.2814 -0.9518
vn -0.0842 -0.2945 -0.9519
vn -0.1413 -0.5562 0.8190
vn -0.4406 -0.4323 0.7867
vn 0.3824 -0.2090 0.9001
vn -0.4308 -0.4117 0.8031
vn -0.1070 -0.5894 0.8007
vn 0.0127 -0.6259 0.7798
vn 0.0628 -0.2199 -0.9735
vn 0.0525 -0.0982 -0.9938
vn 0.0450 -0.0940 -0.9946
vn 0.1577 -0.9204 -0.3578
vn -0.0356 -0.9169 -0.3974
vn 0.0585 -0.1596 -0.9854
vn 0.0593 -0.0559 -0.9967
vn 0.0272 -0.0285 -0.9992
vn 0.0696 -0.0296 -0.9971
vn 0.0072 -0.0691 -0.9976
vn 0.1835 0.0603 -0.9812
vn 0.1098 -0.4879 -0.8659
vn 0.1950 -0.6460 -0.7380
vn 0.0990 -0.5549 -0.8260
vn 0.0956 -0.6061 -0.7896
vn 0.1885 -0.2359 -0.9533
vn 0.3194 0.9377 -0.1367
vn -0.0136 0.1385 -0.9903
vn 0.2119 0.9751 -0.0651
vn 0.0357 0.1149 -0.9927
vn 0.2488 0.9684 -0.0200
vn 0.1274 0.1222 -0.9843
vn -0.0397 -0.8726 0.4869
vn 0.0743 -0.8571 0.5098
vn 0.0434 -0.6785 -0.7334
vn 0.0252 -0.5868 -0.8093
vn 0.0571 -0.6692 -0.7409
vn 0.0234 -0.5887 -0.8080
vn 0.0289 -0.6953 -0.7181
vn 0.0127 -0.5539 -0.8325
vn 0.0133 -0.6855 -0.7280
vn 0.0214 -0.5641 -0.8255
vn -0.0963 -0.9949 0.0316
vn -0.0460 -0.9976 0.0524
vn 0.0243 -0.6877 -0.7256
vn 0.0315 -0.5746 -0.8178
vn 0.1131 -0.8010 -0.5878
vn -0.0152 -0.5744 -0.8184
vn 0.0572 -0.6556 -0.7529
vn 0.0437 -0.5977 -0.8005
vn 0.0292 -0.9232 -0.3832
vn -0.0384 -0.6083 -0.7928
vn -0.0157 -0.8309 0.5562
vn 0.0171 -0.3927 0.9195
vn -0.1017 -0.9948 0.0060
vn 0.0872 -0.7970 -0.5976
vn -0.0111 -0.5741 -0.8187
vn -0.1179 0.2224 0.9678
vn 0.0316 -0.2587 0.9654
vn 0.0006 -0.8114 -0.5845
vn 0.0476 -0.6079 -0.7926
vn 0.0227 -0.3150 -0.9488
vn -0.0114 -0.8147 -0.5797
vn 0.0239 -0.5847 -0.8109
vn -0.0576 -0.8386 -0.5417
vn 0.0116 -0.5763 -0.8172
vn 0.0573 -0.8053 -0.5901
vn 0.0582 -0.6210 -0.7817
vn 0.0475 -0.7723 -0.6335
vn 0.0497 -0.6008 -0.7978
vn 0.0336 0.1845 -0.9823
vn -0.1813 0.9320 0.3140
vn 0.2049 0.8502 0.4849
vn -0.8333 0.3414 0.4348
vn -0.0546 0.8051 0.5906
vn -0.2011 0.9039 0.3776
vn -0.0499 -0.9673 -0.2488
vn 0.0745 -0.9620 -0.2628
vn -0.0334 0.9666 0.2539
vn -0.0425 0.9279 0.3705
vn 0.0537 0.9903 0.1280
vn -0.1423 0.9742 0.1752
vn -0.1152 -0.6783 -0.7257
vn 0.0682 -0.4442 -0.8933
vn 0.0935 0.8508 0.5170
vn -0.0671 0.9549 0.2892
vn -0.2151 0.9564 0.1974
vn 0.2400 0.9429 0.2308
vn 0.5388 -0.1194 0.8339
vn -0.2083 -0.3055 0.9292
vn 0.6568 -0.1596 0.7370
vn -0.2049 -0.3131 0.9274
vn -0.0807 -0.8052 -0.5875
vn 0.0316 -0.5194 -0.8540
vn -0.0268 0.1399 0.9898
vn 0.0637 0.1717 0.9831
vn 0.2708 -0.0007 0.9626
vn -0.0349 -0.0272 0.9990
vn -0.1285 0.9413 -0.3121
vn -0.3578 0.7344 -0.5767
vn -0.0448 -0.7650 -0.6424
vn -0.0237 -0.7083 -0.7055
vn 0.1945 -0.2800 -0.9401
vn 0.0923 -0.7906 -0.6053
vn -0.0537 0.9550 -0.2916
vn 0.1881 0.9076 0.3752
vn 0.0505 0.7943 -0.6055
vn 0.6549 0.7398 -0.1542
vn 0.0095 -0.0206 -0.9997
vn 0.3638 0.9256 0.1050
vn -0.0574 0.1959 -0.9789
vn -0.1073 -0.9832 -0.1475
vn -0.1554 -0.9780 -0.1395
vn -0.5912 0.7268 0.3496
vn -0.0345 0.9254 0.3774
vn -0.5990 0.6592 0.4547
vn -0.0782 0.8696 0.4875
vn 0.0644 -0.7211 -0.6898
vn 0.0175 -0.5592 -0.8289
vn -0.3631 -0.0130 0.9317
vn 0.0800 0.0151 0.9967
vn -0.2735 0.8747 -0.4001
vn 0.4521 0.8164 -0.3593
vn 0.1192 0.9150 -0.3854
vn 0.2563 0.7759 -0.5764
vn 0.2274 0.7815 -0.5809
vn 0.1024 0.6195 -0.7783
vn 0.1777 0.5682 -0.8035
vn 0.0001 0.3160 -0.9488
vn 0.0070 0.3466 -0.9380
vn -0.3432 0.8619 -0.3732
vn -0.4468 0.7209 -0.5298
vn -0.3385 0.6536 -0.6770
vn -0.3359 0.8429 -0.4203
vn -0.1552 0.4804 -0.8632
vn 0.5740 0.6086 -0.5479
vn -0.2524 0.5411 -0.8022
vn 0.4165 0.7155 -0.5609
vn 0.1118 0.5827 -0.8050
vn -0.7400 0.6234 -0.2524
vn 0.5729 0.6044 -0.5536
vn -0.2635 0.1230 -0.9568
vn 0.2594 0.0383 -0.9650
vn -0.7998 -0.1729 -0.5748
vn 0.2550 0.0120 -0.9669
vn -0.2475 0.9306 0.2695
vn 0.3616 0.9020 0.2359
vn -0.0371 -0.7600 0.6488
vn 0.0371 0.7600 -0.6488
vn 0.0000 0.0000 0.0000
vn -0.0514 -0.7381 0.6728
vn 0.0514 0.7381 -0.6728
vn -0.0152 -0.7881 0.6153
vn 0.0152 0.7881 -0.6153
vn 0.0318 0.2451 -0.9690
vn -0.0072 -0.7515 -0.6597
vn -0.0583 -0.5087 -0.8590
vn -0.0257 -0.7563 -0.6537
vn -0.0608 -0.5415 -0.8385
vn 0.0924 -0.0012 -0.9957
vn 0.1537 -0.5105 -0.8460
vn 0.1149 -0.1365 -0.9839
vn 0.0857 -0.6049 -0.7917
vn 0.0069 0.1034 -0.9946
vn 0.1108 -0.5101 -0.8529
vn 0.4321 -0.6905 0.5800
vn -0.2475 -0.8151 0.5238
vn -0.6742 -0.6295 0.3863
vn -0.0620 -0.7952 0.6032
vn 0.1109 -0.2658 -0.9576
vn 0.1208 -0.6988 -0.7050
vn 0.1956 -0.2802 -0.9398
vn 0.0845 -0.7822 -0.6173
vn -0.0171 -0.7817 -0.6234
vn -0.0124 -0.7155 -0.6985
vn 0.0049 -0.0104 -0.9999
vn 0.1659 -0.5038 -0.8477
vn -0.0106 -0.9655 -0.2604
vn 0.1142 -0.2358 -0.9651
vn 0.1062 -0.7902 -0.6036
vn 0.2011 -0.2843 -0.9374
vn 0.0813 -0.7826 -0.6171
vn 0.0543 -0.2474 -0.9674
vn 0.1715 -0.7297 -0.6619
vn 0.0281 -0.2569 -0.9660
vn 0.1182 -0.6953 -0.7089
vn 0.0728 -0.2516 -0.9651
vn 0.1104 -0.7003 -0.7053
vn 0.1702 -0.0396 -0.9846
vn 0.0561 -0.5814 -0.8117
vn 0.1089 -0.0446 -0.9930
vn 0.1024 -0.5530 -0.8269
vn 0.0612 -0.7533 -0.6548
vn 0.1498 -0.9483 -0.2798
vn 0.0917 -0.9499 -0.2986
vn 0.1356 -0.9788 -0.1538
vn 0.0611 -0.9850 -0.1611
vn 0.1141 0.9922 -0.0512
vn -0.2687 -0.0879 -0.9592
vn 0.0369 -0.7646 0.6434
vn -0.0847 -0.7390 0.6683
vn -0.0328 -0.8908 0.4532
vn 0.0761 -0.8800 0.4689
vn -0.0487 -0.6794 0.7322
vn -0.0297 -0.6733 0.7388
vn 0.0011 -0.7367 0.6762
vn -0.2469 -0.7305 0.6367
vn 0.5072 0.8217 -0.2597
vn -0.1621 -0.2051 -0.9652
vn 0.4888 0.8285 -0.2733
vn -0.1239 -0.2612 -0.9573
vn -0.0023 -0.6638 -0.7479
vn -0.0269 -0.9144 -0.4040
vn -0.0224 -0.9067 0.4211
vn 0.0593 -0.8995 0.4329
vn 0.1837 0.6762 0.7135
vn 0.0212 -0.8196 -0.5725
vn -0.0317 -0.7508 -0.6598
vn 0.3405 0.8436 0.4152
vn -0.0417 -0.8137 -0.5798
vn 0.0143 -0.6686 -0.7435
vn 0.0008 -0.7859 -0.6184
vn -0.0234 -0.7253 -0.6881
vn -0.1796 -0.9800 0.0862
vn -0.2353 -0.9708 0.0458
vn 0.1256 0.9794 -0.1584
vn -0.5868 0.7895 -0.1798
vn -0.8367 -0.2376 0.4935
vn 0.5700 0.5332 0.6252
vn -0.0231 -0.7884 -0.6147
vn -0.0037 -0.6476 -0.7620
vn 0.0131 -0.7845 -0.6200
vn -0.0621 -0.6512 -0.7563
vn -0.5026 -0.8128 -0.2945
vn -0.2080 0.2191 -0.9533
vn -0.0777 0.9087 0.4101
vn 0.3100 0.9103 0.2743
vn 0.0474 0.0746 0.9961
vn 0.0424 0.0571 0.9975
vn -0.2952 0.8564 0.4236
vn -0.1924 0.8996 0.3921
vn -0.0130 -0.8188 -0.5739
vn -0.0175 -0.7436 -0.6684
vn -0.0997 -0.3155 0.9437
vn -0.1035 -0.9847 0.1400
vn -0.0101 -0.8097 -0.5868
vn -0.0236 -0.7430 -0.6689
vn -0.1854 -0.5218 -0.8326
vn 0.1373 0.2104 -0.9679
vn -0.0295 -0.8814 0.4714
vn 0.0562 -0.9355 0.3488
vn -0.0589 -0.9515 0.3021
vn -0.0649 0.6061 0.7927
vn 0.0558 -0.2329 -0.9709
vn 0.1355 -0.8000 -0.5845
vn -0.1822 -0.9814 -0.0611
vn 0.0657 0.6001 -0.7972
vn 0.0714 -0.4699 -0.8798
vn -0.1570 -0.9858 0.0597
vn -0.0777 -0.6153 -0.7845
vn -0.0034 -0.8071 -0.5904
vn 0.0340 -0.7845 -0.6192
vn 0.0907 -0.8655 -0.4927
vn 0.1564 0.3567 0.9210
vn -0.7063 0.4382 -0.5560
vn 0.1303 -0.7190 -0.6827
vn 0.1357 -0.7963 -0.5895
vn 0.0009 -0.4075 -0.9132
vn -0.0353 -0.6652 -0.7458
vn -0.0512 -0.7953 -0.6041
vn 0.0223 -0.9555 -0.2943
vn 0.0669 -0.9524 -0.2973
vn 0.0057 -0.1742 -0.9847
vn 0.1805 -0.7561 -0.6291
vn 0.0625 -0.1755 -0.9825
vn 0.1561 -0.7712 -0.6172
vn 0.2205 -0.1488 -0.9640
vn 0.1119 -0.7884 -0.6049
vn 0.0854 -0.9195 -0.3836
vn 0.0382 -0.8492 -0.5267
vn -0.0585 -0.6702 -0.7399
vn 0.1099 -0.9832 0.1458
vn -0.0226 -0.9876 0.1552
vn 0.0340 0.9780 0.2057
vn 0.0368 -0.9482 0.3157
vn 0.0841 -0.9518 0.2950
vn -0.0512 -0.9654 0.2556
vn -0.6615 -0.5023 -0.5568
vn -0.9502 0.2179 0.2229
vn -0.0002 0.2935 0.9560
vn 0.1053 -0.6095 -0.7858
vn 0.1961 -0.2296 -0.9533
vn -0.0389 -0.2054 0.9779
vn -0.0597 -0.6610 0.7480
vn -0.7406 -0.6709 0.0381
vn -0.5891 -0.1347 -0.7967
vn 0.1933 -0.9363 0.2932
vn -0.1140 -0.9729 0.2012
vn -0.2112 -0.0371 -0.9767
vn -0.6931 -0.7156 -0.0870
vn -0.2761 -0.0587 -0.9593
vn 0.0306 -0.8515 -0.5234
vn -0.0461 0.9301 0.3644
vn 0.0577 -0.9955 -0.0757
vn -0.1416 -0.9066 -0.3976
vn -0.2642 -0.0392 0.9637
vn -0.9162 -0.2442 -0.3176
vn 0.2862 -0.9450 0.1583
vn -0.1416 -0.9862 0.0862
vn -0.2279 0.0131 0.9736
vn -0.8940 -0.3385 -0.2937
vn 0.0762 0.6238 0.7779
vn -0.1065 0.9861 -0.1278
vn 0.2341 0.7083 -0.6660
vn 0.1154 -0.0624 -0.9914
vn -0.1906 -0.9727 -0.1324
vn -0.2276 -0.8124 -0.5368
vn -0.0621 -0.9978 0.0244
vn -0.1536 -0.9878 0.0250
vn -0.8365 0.5446 -0.0615
vn -0.5547 0.8165 0.1604
vn 0.2035 -0.9359 0.2874
vn -0.9579 -0.2168 -0.1883
vn -0.3275 -0.6187 -0.7141
vn -0.0353 0.1808 -0.9829
vn 0.0136 -0.6990 -0.7150
vn -0.0334 -0.8647 -0.5012
vn -0.5473 -0.2827 -0.7877
vn -0.3321 0.5864 0.7389
vn -0.1936 -0.5510 -0.8117
vn -0.3276 0.1316 -0.9356
vn 0.1684 -0.9198 -0.3544
vn 0.0151 -0.8981 -0.4395
vn 0.0710 -0.5425 -0.8370
vn 0.0846 -0.7611 -0.6431
vn 0.0548 -0.6417 -0.7650
vn 0.0305 -0.7969 -0.6033
vn 0.0642 -0.4739 -0.8782
vn 0.0865 -0.7562 -0.6486
vn 0.0452 -0.5070 -0.8608
vn 0.0568 -0.7355 -0.6751
vn 0.0377 -0.1265 -0.9912
vn 0.2356 -0.1706 -0.9568
vn 0.0653 -0.7615 -0.6449
vn 0.1476 -0.3110 -0.9389
vn -0.1611 -0.9494 -0.2696
vn 0.0686 -0.8709 -0.4867
vn 0.9167 0.3183 -0.2415
vn -0.1979 0.9047 0.3772
vn 0.5097 0.6080 -0.6086
vn 0.8156 0.5504 -0.1785
vn 0.0295 -0.4410 -0.8970
vn 0.0466 -0.7937 -0.6066
vn 0.9336 0.3170 -0.1670
vn 0.8014 0.1434 0.5807
vn 0.0783 -0.6892 -0.7203
vn -0.0780 -0.8379 -0.5402
vn 0.0565 -0.6684 -0.7416
vn 0.0074 -0.8406 -0.5417
vn 0.0415 -0.9680 -0.2475
vn 0.9170 -0.1522 0.3688
vn 0.4084 -0.6380 0.6528
vn 0.0071 -0.6543 -0.7562
vn 0.0169 -0.8346 -0.5506
vn 0.0558 -0.5579 -0.8280
vn 0.0645 -0.8237 -0.5633
vn 0.0485 -0.5600 -0.8271
vn 0.0860 -0.8055 -0.5864
vn 0.1371 -0.4832 -0.8647
vn 0.0705 -0.8117 -0.5798
vn 0.0787 -0.5485 -0.8324
vn 0.0292 -0.8337 -0.5515
vn -0.0477 0.1728 -0.9838
vn 0.5858 0.8097 0.0335
vn 0.8744 0.0328 0.4841
vn 0.2489 -0.1745 0.9527
vn -0.4063 -0.7738 0.4859
vn -0.0233 -0.9759 -0.2168
vn 0.0739 -0.9759 -0.2052
vn -0.1202 0.5899 0.7985
vn -0.2998 0.6462 0.7018
vn 0.6732 -0.6514 -0.3500
vn 0.8364 -0.0738 0.5431
vn 0.9548 0.2461 -0.1669
vn 0.7637 0.1336 0.6316
vn 0.8456 0.1531 0.5115
vn -0.0711 0.7565 0.6501
vn 0.3245 0.7754 0.5417
vn 0.9393 0.3119 -0.1432
vn 0.8996 -0.3432 -0.2699
vn 0.3642 0.7978 -0.4805
vn -0.4604 0.3546 0.8138
vn 0.4640 0.7619 -0.4518
vn -0.0065 -0.1372 -0.9905
vn -0.0944 -0.5907 -0.8014
vn -0.0688 0.2792 -0.9578
vn 0.9496 0.1528 -0.2736
vn -0.0464 0.1317 -0.9902
vn 0.1990 0.4458 0.8727
vn 0.0822 0.5466 0.8334
vn 0.1740 0.5668 0.8053
vn 0.1360 0.5875 0.7977
vn -0.1296 -0.5640 -0.8155
vn 0.0137 0.2664 -0.9638
vn 0.3454 0.8365 -0.4254
vn 0.1049 -0.4192 -0.9018
vn -0.1904 -0.5250 -0.8295
vn 0.0886 0.2416 -0.9663
vn 0.1500 -0.5890 0.7941
vn -0.3913 0.3003 0.8699
vn 0.2504 -0.7429 0.6209
vn 0.6768 0.5937 -0.4352
vn -0.1887 0.3053 -0.9334
vn 0.7774 0.5271 -0.3432
vn -0.0214 0.1158 -0.9930
vn 0.7700 0.3521 -0.5321
vn -0.2910 0.4093 -0.8648
vn -0.0077 -0.0422 -0.9991
vn 0.8184 0.5746 0.0036
vn 0.1055 0.5013 -0.8588
vn 0.6007 0.4726 -0.6448
vn 0.1992 0.6793 -0.7063
vn 0.7650 0.4896 -0.4185
vn 0.8186 0.3796 0.4310
vn 0.4903 0.2190 0.8436
vn 0.7861 0.5303 -0.3175
vn 0.7602 0.5621 -0.3259
vn 0.7488 0.5251 -0.4045
vn 0.7387 0.5666 -0.3651
vn 0.8899 0.4497 -0.0770
vn 0.7038 0.5951 -0.3879
vn 0.8416 0.5057 -0.1896
vn 0.8141 0.5658 -0.1309
vn 0.2013 -0.1528 -0.9675
vn 0.3925 -0.9011 0.1845
vn 0.5288 -0.2906 0.7974
vn 0.6113 -0.5018 0.6120
vn 0.0646 0.1459 0.9872
vn -0.3545 0.2836 0.8910
vn 0.5706 0.0199 0.8210
vn 0.9871 -0.1344 -0.0866
vn 0.5434 0.8378 -0.0531
vn 0.9254 0.3763 0.0453
vn 0.5178 -0.0133 -0.8554
vn 0.8151 -0.1251 -0.5657
vn 0.8393 -0.3417 -0.4228
vn 0.7847 -0.6189 -0.0353
vn -0.2040 -0.9697 0.1341
vn 0.8473 0.4812 -0.2247
vn 0.9023 0.3567 -0.2421
vn 0.7929 0.5298 -0.3009
vn 0.9258 0.3322 -0.1805
vn 0.8686 0.1327 -0.4774
vn 0.9366 0.3028 -0.1764
vn 0.2325 0.8214 -0.5208
vn 0.4010 -0.0659 0.9137
vn 0.8384 0.5371 -0.0928
vn 0.2834 0.9157 -0.2849
vn 0.8303 0.5375 -0.1471
vn -0.0989 0.9916 -0.0828
vn 0.8849 -0.4395 -0.1543
vn 0.6660 -0.6656 0.3368
vn 0.5708 0.1648 -0.8044
vn 0.9247 -0.2750 0.2633
vn 0.8877 -0.0222 0.4599
vn 0.9847 -0.0811 0.1540
vn 0.8515 0.5178 0.0829
vn 0.9414 0.0234 -0.3364
vn 0.5708 0.6128 -0.5465
vn 0.7587 0.3257 -0.5642
vn 0.8714 0.2762 -0.4054
vn 0.6334 0.5169 -0.5759
vn -0.0383 -0.9905 0.1323
vn 0.8525 0.5032 0.1416
vn 0.4271 0.9040 0.0218
vn 0.9686 0.2299 0.0950
vn 0.4645 -0.5133 0.7217
vn 0.6647 -0.4404 0.6034
vn 0.3582 0.9276 -0.1060
vn 0.4582 -0.1367 0.8783
vn 0.9338 0.3270 0.1453
vn 0.1666 0.9614 0.2189
vn 0.8533 -0.4658 -0.2343
vn 0.4939 -0.8689 0.0313
vn 0.7599 -0.1240 0.6381
vn -0.9645 -0.0324 -0.2622
vn -0.1494 0.5473 -0.8235
vn 0.2838 0.0282 0.9585
vn 0.5180 -0.1342 0.8448
vn 0.5149 -0.4200 0.7473
vn 0.9142 0.2759 0.2970
vn 0.9537 0.0484 0.2968
vn 0.5968 -0.7033 0.3862
vn -0.5166 -0.8481 0.1178
vn -0.0828 0.0949 0.9920
vn -0.1804 0.0261 0.9832
vn 0.2345 -0.3914 0.8898
vn 0.2490 -0.5564 0.7927
vn 0.6752 0.1975 0.7107
vn 0.7153 0.6241 -0.3144
vn -0.2771 0.6811 -0.6778
vn 0.3057 0.7246 0.6177
vn -0.1939 0.9559 0.2207
vn 0.7146 0.1497 -0.6833
vn -0.4635 0.8845 -0.0533
vn 0.6361 0.3616 -0.6816
vn 0.8722 0.4743 0.1194
vn -0.5708 0.2191 -0.7913
vn -0.0696 0.6400 0.7652
vn 0.3770 0.6335 -0.6758
vn -0.0584 0.1767 0.9825
vn -0.9094 0.0241 -0.4151
vn -0.0820 0.3657 0.9271
vn -0.1078 0.3736 0.9213
vn -0.1085 -0.5612 0.8206
vn 0.0282 -0.5772 0.8162
vn 0.0439 -0.8285 -0.5582
vn 0.0395 -0.9451 -0.3244
vn 0.8772 0.2665 -0.3994
vn 0.8757 0.4642 0.1328
vn 0.7549 0.4868 -0.4394
vn 0.7031 0.6410 0.3079
vn 0.9053 0.4186 0.0727
vn 0.6262 0.5767 -0.5247
vn 0.8665 0.4945 -0.0682
vn 0.8359 0.5434 0.0778
vn 0.7239 0.6326 -0.2753
vn 0.4847 0.0124 0.8746
vn 0.9111 -0.1826 0.3695
vn 0.6477 -0.1873 0.7385
vn 0.8001 0.4960 -0.3374
vn 0.9808 -0.0896 -0.1734
vn -0.1238 -0.9631 0.2389
vn -0.2499 -0.9492 0.1912
vn 0.7133 -0.1440 -0.6859
vn 0.7609 -0.2153 -0.6121
vn 0.0398 0.3002 0.9531
vn 0.0283 0.3925 0.9193
vn 0.7249 -0.0088 0.6888
vn 0.9313 0.1280 0.3411
vn 0.9157 0.0212 0.4013
vn 0.5568 -0.0314 0.8301
vn 0.9145 -0.4034 0.0314
vn 0.9240 -0.0480 -0.3794
vn -0.3618 0.8587 -0.3631
vn -0.0357 0.2826 -0.9586
vn 0.7270 0.6787 0.1036
vn 0.5499 -0.1140 0.8274
vn 0.6565 0.4441 -0.6098
vn 0.1271 0.8180 -0.5610
vn 0.7344 -0.0471 0.6771
vn 0.8375 -0.0433 0.5447
vn 0.7841 0.5457 -0.2957
vn 0.7426 0.5340 -0.4042
vn 0.7065 -0.7073 0.0250
vn -0.6083 0.7929 0.0361
vn 0.3529 0.7873 -0.5056
vn 0.2141 0.8196 0.5314
vn 0.0259 0.2853 -0.9581
vn 0.4673 0.5269 -0.7099
vn -0.6445 0.4668 -0.6056
vn 0.3283 -0.1579 0.9313
vn 0.0426 0.7125 -0.7003
vn -0.0077 0.6602 -0.7511
vn -0.3414 0.6766 -0.6524
vn -0.3774 -0.7946 0.4755
vn -0.2962 -0.2800 -0.9132
vn -0.1268 -0.9915 0.0291
vn -0.0347 0.6990 -0.7143
vn -0.2144 0.2937 -0.9315
vn -0.2258 -0.9382 -0.2624
vn 0.2962 0.1308 0.9461
vn -0.0373 0.2469 0.9683
vn 0.0820 0.2850 0.9550
vn 0.0053 0.8647 -0.5022
vn 0.8150 0.0100 0.5794
vn 0.2093 0.3805 0.9008
vn -0.0132 0.1580 0.9873
vn 0.7954 0.2512 0.5516
vn 0.0717 0.7472 0.6607
vn 0.0811 -0.9614 -0.2630
vn 0.0806 -0.9965 0.0220
vn 0.1816 -0.9834 -0.0041
vn -0.0380 -0.6650 -0.7459
vn -0.0435 -0.8826 -0.4681
vn -0.0702 0.7486 -0.6593
vn -0.5149 0.1500 -0.8440
vn 0.0219 0.5011 0.8651
vn 0.0606 -0.9982 -0.0049
vn 0.1696 -0.9854 -0.0141
vn 0.0423 -0.3922 0.9189
vn -0.0735 0.9484 0.3083
vn -0.0131 -0.9629 -0.2694
vn 0.0809 -0.9704 -0.2276
vn -0.0293 0.8057 -0.5916
vn 0.0327 -0.9239 0.3812
vn 0.0257 -0.9264 0.3756
vn 0.0448 -0.9517 0.3037
vn -0.0143 -0.1861 0.9824
vn 0.9734 0.0601 0.2210
vn 0.4740 -0.6203 0.6250
vn -0.3379 -0.8530 0.3978
vn 0.1877 -0.8540 0.4852
vn 0.7367 0.1413 0.6613
vn 0.4157 0.2566 0.8726
vn 0.8429 0.0370 0.5367
vn -0.5888 -0.0016 0.8083
vn 0.9110 -0.1040 0.3992
vn 0.0437 -0.4018 0.9147
vn -0.0372 0.0398 0.9985
vn -0.0029 0.0170 0.9999
vn 0.7166 -0.1996 0.6683
vn 0.1617 0.0018 0.9868
vn 0.7052 0.3039 0.6406
vn -0.2119 -0.0649 0.9751
vn 0.9489 0.2557 0.1848
vn 0.6310 -0.7635 -0.1373
vn 0.8265 0.3681 0.4259
vn 0.7272 -0.6162 -0.3024
vn 0.4550 0.5402 0.7079
vn -0.0983 -0.9949 0.0238
vn -0.0592 -0.9977 0.0318
vn -0.0532 -0.8741 -0.4828
vn 0.0352 -0.6876 -0.7252
vn 0.7588 -0.4384 0.4817
vn 0.0791 -0.6633 -0.7441
vn 0.4950 -0.8687 -0.0196
vn 0.6307 0.5434 0.5540
vn 0.5850 -0.4831 -0.6515
vn 0.6439 -0.0080 -0.7651
vn 0.8495 -0.4066 0.3362
vn 0.9099 -0.4117 -0.0516
vn 0.4091 -0.2790 -0.8688
vn 0.5810 -0.6764 -0.4527
vn 0.7534 -0.4217 -0.5045
vn 0.7661 -0.2950 -0.5710
vn 0.9152 -0.3944 -0.0831
vn 0.0162 0.6080 0.7938
vn 0.6810 -0.6844 0.2604
vn 0.5930 0.5747 0.5640
vn 0.0424 0.9977 -0.0538
vn 0.3334 0.0327 0.9422
vn 0.2843 -0.7093 0.6451
vn 0.4913 -0.2148 0.8441
vn 0.5455 0.0941 0.8328
vn -0.5636 -0.7982 0.2129
vn 0.6492 0.0445 -0.7593
vn 0.3238 -0.3442 0.8813
vn 0.3953 -0.0137 -0.9185
vn 0.4425 -0.1220 0.8884
vn 0.0726 -0.8722 0.4837
vn -0.1000 -0.5179 -0.8496
vn 0.0287 -0.8230 -0.5673
vn 0.6995 0.3880 0.6001
vn -0.0017 -0.4276 -0.9039
vn 0.1307 -0.9910 -0.0273
vn -0.0740 -0.2570 -0.9636
vn -0.0276 -0.6567 -0.7537
vn 0.1228 -0.6998 -0.7037
vn 0.0365 -0.8135 -0.5804
vn 0.0258 -0.5227 -0.8521
vn 0.0420 -0.7677 -0.6395
vn -0.0148 -0.4546 -0.8906
vn -0.0645 -0.8785 -0.4734
vn 0.0210 -0.8021 -0.5969
vn 0.0092 -0.4785 -0.8780
vn 0.0310 -0.8039 -0.5940
vn -0.0101 -0.4697 -0.8828
vn 0.0663 -0.7444 -0.6644
vn -0.0217 -0.4867 -0.8733
vn 0.0622 -0.7403 -0.6694
vn -0.0310 -0.2894 -0.9567
vn 0.0008 -0.6804 -0.7328
vn 0.0196 -0.4450 -0.8953
vn 0.0514 -0.6487 -0.7593
vn -0.1372 -0.5026 -0.8535
vn 0.0371 -0.7938 -0.6070
vn 0.0957 -0.4084 -0.9078
vn 0.2623 -0.0131 -0.9649
vn 0.0243 -0.3514 -0.9359
vn 0.0280 -0.6136 -0.7891
vn -0.0019 -0.2999 -0.9540
vn -0.1620 -0.1892 -0.9685
vn -0.0201 -0.6829 -0.7302
vn -0.0438 -0.3018 -0.9524
vn -0.0636 -0.6244 -0.7785
vn -0.1370 -0.9558 -0.2601
vn -0.1738 -0.9327 -0.3160
vn -0.1217 -0.5173 -0.8471
vn 0.1146 -0.8494 -0.5151
vn 0.6422 -0.7517 0.1502
vn 0.5549 0.5883 0.5882
vn 0.2763 -0.9605 -0.0332
vn 0.5096 0.5092 0.6936
vn -0.0183 -0.4810 -0.8765
vn 0.0958 -0.7257 -0.6813
vn 0.3962 -0.9126 -0.1007
vn 0.4047 0.3984 0.8231
vn 0.0561 -0.5212 -0.8516
vn 0.1367 -0.6935 -0.7074
vn 0.0118 -0.3134 -0.9496
vn 0.0476 0.9932 -0.1064
vn -0.0478 -0.7833 -0.6197
vn -0.0718 -0.9102 -0.4079
vn -0.1572 -0.9700 0.1854
vn -0.2597 -0.9548 0.1443
vn 0.9229 -0.3826 0.0436
vn 0.7487 -0.6566 0.0909
vn 0.7490 0.2958 0.5929
vn 0.7405 0.3526 0.5721
vn 0.6921 0.2290 0.6845
vn 0.9158 -0.1110 0.3861
vn 0.0072 -0.9914 -0.1308
vn 0.6350 -0.5574 0.5348
vn 0.5765 0.6097 0.5440
vn 0.4724 -0.6235 0.6230
vn 0.7505 0.0388 0.6598
vn 0.6536 -0.5228 0.5473
vn 0.7684 0.3883 0.5087
vn 0.0396 -0.5635 -0.8252
vn 0.1016 -0.7916 -0.6025
vn 0.6320 -0.5433 0.5527
vn 0.6322 0.5336 0.5618
vn 0.9422 0.1597 0.2947
vn -0.0208 -0.7728 0.6343
vn 0.9421 0.2601 0.2115
vn 0.4305 -0.3515 0.8313
vn 0.1530 0.9867 0.0545
vn 0.6395 0.3374 -0.6908
vn -0.6522 0.4622 -0.6008
vn 0.8067 -0.0563 0.5883
vn 0.2674 -0.9196 0.2880
vn -0.0634 -0.8749 0.4801
vn -0.0238 -0.8844 0.4661
vn 0.5067 -0.8499 0.1449
vn 0.3510 0.5525 -0.7560
vn 0.8946 -0.3786 -0.2373
vn 0.9186 -0.3539 -0.1759
vn 0.8457 -0.3863 -0.3680
vn 0.8485 -0.4106 -0.3339
vn -0.1732 -0.9809 0.0886
vn -0.1705 -0.9817 0.0845
vn 0.3019 0.8931 -0.3334
vn 0.1339 -0.7374 -0.6621
vn -0.7772 0.3564 0.5186
vn 0.5106 0.4172 -0.7518
vn 0.8265 -0.3857 -0.4102
vn 0.8123 -0.4285 -0.3957
vn 0.7072 -0.3799 0.5962
vn 0.5406 -0.8413 0.0020
vn 0.7243 -0.6664 -0.1771
vn -0.0306 0.4501 0.8925
vn 0.7689 0.4971 0.4021
vn 0.3180 0.7248 0.6112
vn 0.8315 -0.2964 -0.4698
vn 0.4540 -0.8848 0.1050
vn -0.5698 -0.3216 0.7563
vn -0.2291 -0.5097 0.8293
vn 0.0032 -0.0720 -0.9974
vn -0.0111 -0.0295 -0.9995
vn 0.1930 -0.4939 0.8479
vn -0.1297 0.2743 -0.9528
vn 0.4723 0.4164 0.7769
vn 0.0761 -0.6078 0.7905
vn 0.3110 0.7260 -0.6133
vn -0.1675 0.9512 0.2590
vn -0.1309 0.8493 0.5115
vn 0.4007 0.3954 0.8265
vn 0.1519 0.2123 0.9653
vn 0.2853 0.3028 0.9093
vn 0.0711 0.0582 0.9958
vn 0.0474 -0.8957 0.4422
vn -0.3735 -0.3820 -0.8453
vn -0.2013 0.1345 0.9703
vn 0.3340 0.3507 0.8749
vn 0.0071 -0.3511 0.9363
vn -0.0387 0.6700 0.7414
vn -0.3127 0.8846 0.3459
vn -0.0771 0.2074 0.9752
vn 0.0679 -0.0477 0.9966
vn -0.0519 0.9012 0.4303
vn 0.0003 0.4292 -0.9032
vn -0.0265 0.1845 0.9825
vn -0.0327 -0.8191 -0.5727
vn -0.0048 -0.7364 -0.6765
vn -0.0766 -0.8492 -0.5225
vn 0.0062 -0.7436 -0.6686
vn -0.0934 -0.8595 -0.5026
vn -0.0047 -0.7436 -0.6687
vn -0.0021 -0.9733 -0.2294
vn -0.0174 0.0595 -0.9981
vn -0.0465 0.8929 0.4479
vn -0.7379 0.0953 -0.6681
vn -0.0420 -0.7830 -0.6205
vn -0.0285 -0.6533 -0.7565
vn -0.0318 -0.8070 -0.5898
vn -0.0259 -0.7330 -0.6797
vn -0.0377 -0.7626 -0.6457
vn -0.0269 -0.7248 -0.6885
vn 0.0047 -0.7763 -0.6303
vn 0.0085 -0.6839 -0.7295
vn -0.0140 -0.7963 -0.6048
vn -0.0225 -0.6594 -0.7515
vn 0.0029 -0.7878 -0.6160
vn -0.0594 -0.6515 -0.7563
vn -0.7768 0.3867 0.4971
vn 0.0223 0.6788 0.7340
vn -0.0337 -0.2865 -0.9575
vn -0.0255 -0.7903 -0.6122
vn -0.0393 -0.6589 -0.7512
vn -0.2018 -0.9694 -0.1400
vn -0.2810 -0.7967 -0.5351
vn -0.0321 -0.7882 -0.6146
vn -0.0212 -0.6538 -0.7564
vn 0.0014 -0.7855 -0.6189
vn -0.0430 -0.6506 -0.7582
vn 0.0041 -0.8034 -0.5954
vn -0.0139 -0.7193 -0.6946
vn -0.0167 -0.2512 -0.9678
vn 0.0315 -0.6893 -0.7238
vn 0.0492 -0.5362 -0.8427
vn 0.0085 -0.7082 -0.7060
vn 0.0359 -0.5407 -0.8404
vn -0.0592 -0.7636 -0.6430
vn -0.0279 -0.7049 -0.7087
vn -0.0422 -0.6252 -0.7793
vn -0.0494 -0.0950 -0.9942
vn 0.0240 -0.6915 -0.7220
vn 0.0114 -0.5449 -0.8384
vn 0.0053 -0.6684 -0.7438
vn -0.0104 -0.5399 -0.8417
vn 0.0160 -0.6959 -0.7179
vn 0.1314 -0.4749 -0.8702
vn -0.0046 -0.7032 -0.7110
vn 0.0676 -0.5425 -0.8373
vn 0.0274 -0.6438 -0.7647
vn -0.0214 -0.9325 -0.3606
vn -0.0068 -0.6525 -0.7578
vn -0.0086 -0.5428 -0.8398
vn 0.0281 -0.6929 -0.7205
vn 0.0280 -0.5438 -0.8388
vn -0.0015 -0.6954 -0.7186
vn -0.0325 -0.5034 -0.8634
vn -0.0313 -0.7650 -0.6432
vn -0.0083 -0.7246 -0.6891
vn 0.0018 -0.7465 -0.6654
vn -0.0726 -0.5080 -0.8583
vn -0.0005 -0.7298 -0.6836
vn -0.0231 -0.5042 -0.8633
vn -0.0556 -0.9967 -0.0594
vn -0.1159 -0.9045 -0.4104
vn -0.1786 0.1258 0.9759
vn -0.6055 -0.6563 -0.4502
vn 0.4742 0.5445 -0.6919
vn -0.9223 -0.2345 0.3072
vn -0.7921 0.6090 0.0410
vn -0.0028 0.9413 -0.3376
vn -0.0778 0.4310 -0.8990
vn -0.1139 0.2547 -0.9603
vn 0.0000 0.0000 -1.0000
vn 0.1857 0.9536 0.2368
vn -0.0270 0.8423 -0.5383
vn -0.0193 -0.9407 -0.3386
vn 0.0644 0.5566 -0.8283
vn -0.2236 -0.9147 0.3367
vn 0.3107 -0.8452 0.4349
vn 0.0605 0.8865 0.4587
vn 0.0930 0.2321 -0.9682
vn -0.4881 -0.8540 -0.1802
vn 0.2615 -0.6487 0.7147
vn -0.0691 -0.9517 0.2991
vn -0.2311 -0.9207 0.3145
vn 0.0306 -0.0443 -0.9985
vn 0.0172 0.9839 0.1777
vn -0.0320 0.4716 0.8812
vn 0.2154 0.4030 0.8895
vn -0.3192 0.4152 -0.8519
vn 0.0892 0.9958 -0.0217
vn 0.7311 0.2787 -0.6228
vn -0.0542 0.3776 -0.9244
vn -0.0252 0.6936 0.7199
vn 0.0053 -0.0083 1.0000
vn 0.2333 0.3434 0.9097
vn 0.1024 -0.9805 -0.1679
vn 0.1491 -0.9264 -0.3457
vn 0.0620 -0.9487 -0.3099
vn 0.0642 -0.7764 -0.6270
vn -0.1407 -0.7419 -0.6556
vn -0.0107 0.8847 0.4660
vn 0.1131 -0.7775 -0.6186
vn 0.3936 -0.9152 0.0869
vn 0.0996 -0.8000 -0.5917
vn 0.1064 -0.8784 -0.4659
vn 0.0765 -0.4396 -0.8949
vn 0.0575 -0.8602 -0.5067
vn 0.0290 -0.4333 -0.9008
vn 0.1541 -0.8287 -0.5381
vn 0.1402 -0.4529 -0.8804
vn 0.0206 -0.8590 -0.5116
vn 0.0397 -0.4483 -0.8930
vn 0.0890 -0.7420 -0.6645
vn 0.0590 -0.1484 -0.9872
vn 0.0606 -0.4254 -0.9030
vn 0.0929 -0.8535 -0.5127
vn 0.0040 -0.3667 -0.9303
vn 0.1107 -0.8510 -0.5134
vn 0.1030 -0.7930 -0.6004
vn 0.1378 -0.8935 -0.4274
vn 0.0834 -0.8149 -0.5736
vn 0.1457 -0.8985 -0.4142
vn 0.1183 -0.5429 -0.8314
vn -0.3164 0.1808 0.9312
vn -0.3052 -0.0147 0.9522
vn -0.0311 0.3589 0.9328
vn 0.0490 -0.9217 0.3849
vn -0.0280 0.4912 -0.8706
vn 0.1157 0.6210 0.7752
vn 0.1424 -0.3699 -0.9181
vn -0.1209 -0.8199 -0.5595
vn 0.1567 -0.3699 -0.9158
vn -0.1271 -0.8207 -0.5570
vn 0.0079 -0.4090 -0.9125
vn -0.0929 -0.8265 -0.5552
vn -0.0372 -0.5820 -0.8123
vn -0.0234 -0.9281 -0.3717
vn -0.0342 -0.7448 -0.6664
vn -0.0468 -0.8162 -0.5758
vn -0.0322 -0.4227 -0.9057
vn -0.0454 -0.6778 -0.7338
vn -0.1076 -0.7888 -0.6051
vn -0.0824 -0.6536 -0.7523
vn -0.0458 -0.8233 -0.5657
vn -0.0078 -0.5853 -0.8108
vn -0.1090 -0.9095 -0.4012
vn -0.0247 -0.5984 -0.8008
vn -0.1251 -0.9349 -0.3322
vn -0.0660 -0.9345 -0.3498
vn -0.0078 0.8622 0.5065
vn -0.0572 -0.4220 -0.9048
vn -0.0991 -0.8181 -0.5665
vn -0.3164 0.4220 -0.8496
vn 0.4486 0.7677 0.4577
vn 0.5546 0.7227 -0.4125
vn -0.6832 0.3449 0.6437
vn 0.0141 -0.2087 -0.9779
vn -0.0614 -0.7110 -0.7005
vn 0.1167 -0.4633 -0.8785
vn 0.0001 -0.9281 -0.3723
vn -0.0615 -0.7366 -0.6735
vn -0.0760 -0.6177 -0.7828
vn -0.0371 -0.8442 -0.5347
vn 0.8270 -0.0759 0.5571
vn -0.2984 0.9502 -0.0897
vn -0.2951 -0.8635 -0.4090
vn -0.1998 -0.8776 -0.4358
vn -0.0099 -0.8751 -0.4838
vn -0.0353 -0.7116 -0.7017
vn -0.0097 -0.7942 -0.6076
vn 0.0016 -0.3524 -0.9358
vn -0.0242 -0.7029 -0.7108
vn 0.0072 -0.7713 -0.6365
vn 0.7988 0.5449 -0.2550
vn -0.0272 0.6121 0.7903
vn 0.0234 -0.3878 -0.9214
vn -0.0282 -0.7997 -0.5997
vn -0.0720 -0.9645 -0.2539
vn -0.0932 -0.9149 -0.3927
vn -0.0625 -0.7451 -0.6640
vn -0.0654 -0.7412 -0.6681
vn 0.0595 -0.4877 -0.8710
vn 0.8826 0.4683 -0.0420
vn 0.3517 0.4567 0.8172
vn -0.0711 -0.5239 -0.8488
vn 0.0706 -0.0456 -0.9965
vn -0.1440 -0.9298 -0.3388
vn -0.1042 -0.7960 -0.5962
vn -0.0659 -0.5326 -0.8438
vn 0.0165 -0.1048 -0.9944
vn -0.1079 -0.4656 -0.8784
vn -0.0512 -0.4959 -0.8669
vn -0.0977 -0.9363 -0.3373
vn -0.1125 -0.7938 -0.5977
vn -0.0802 -0.9242 -0.3735
vn -0.1754 -0.7646 -0.6202
vn -0.1260 -0.4451 -0.8866
vn -0.0438 -0.3165 -0.9476
vn -0.0732 -0.5163 -0.8533
vn 0.0935 -0.0357 -0.9950
vn -0.1249 -0.6820 -0.7206
vn -0.0069 -0.4112 -0.9115
vn -0.0990 -0.9906 -0.0948
vn -0.1444 -0.9082 -0.3929
vn 0.6730 0.4762 -0.5660
vn 0.5230 0.8040 -0.2829
vn 0.1550 0.8177 -0.5544
vn 0.4923 -0.1674 0.8542
vn 0.8850 -0.1652 0.4353
vn 0.5430 0.4028 0.7369
vn 0.9082 0.2545 0.3323
vn 0.2793 0.7185 -0.6370
vn -0.0040 0.6407 -0.7678
vn 0.9647 0.1552 -0.2128
vn -0.3992 0.8154 0.4192
vn 0.8748 0.2989 -0.3812
vn 0.4477 0.7180 -0.5329
vn 0.0169 0.8342 -0.5512
vn 0.1946 0.8566 0.4778
vn -0.7156 0.6975 -0.0360
vn 0.4060 0.2625 0.8754
vn 0.8488 0.5245 0.0669
vn 0.6867 0.1971 0.6997
vn 0.7391 0.0122 0.6735
vn 0.3912 -0.3477 0.8521
vn 0.8919 -0.1750 0.4170
vn 0.8989 -0.0570 0.4344
vn 0.5770 -0.1687 0.7991
vn 0.9572 0.1332 0.2570
vn 0.9431 -0.3179 0.0979
vn 0.5946 -0.6612 -0.4575
vn 0.8039 -0.0205 -0.5944
vn 0.5677 0.8187 0.0862
vn 0.1651 0.3145 0.9348
vn 0.2055 -0.3037 -0.9303
vn 0.2925 0.0455 0.9552
vn 0.9265 0.0922 -0.3647
vn 0.4192 0.7062 -0.5706
vn 0.9714 0.2358 0.0292
vn 0.3359 0.8245 -0.4553
vn -1.0000 0.0000 0.0000
vn 0.1751 0.4982 0.8492
vn 0.1468 0.9227 0.3566
vn 0.8488 0.3061 0.4311
vn 0.4873 -0.2530 0.8358
vn -0.8631 0.2442 -0.4420
vn -0.7080 -0.4565 0.5388
vn -0.3023 -0.9235 0.2361
vn -0.1794 0.8653 -0.4681
vn -0.6416 0.0646 -0.7643
vn -0.4715 0.4850 -0.7365
vn -0.8071 0.0893 -0.5836
vn -0.4443 0.5920 -0.6724
vn -0.7512 0.2717 -0.6016
vn 0.1866 -0.9695 0.1591
vn -0.7660 0.1650 -0.6213
vn -0.2124 0.9772 0.0019
vn 0.3030 0.6358 -0.7098
vn 0.5721 -0.8138 -0.1023
vn 0.7822 0.1618 0.6016
vn 0.1683 0.9494 0.2652
vn 0.4472 0.6926 -0.5660
vn 0.0366 -0.9857 -0.1646
vn 0.8018 0.2918 -0.5214
vn 0.8390 -0.1763 -0.5147
vn 0.0594 0.9299 0.3629
vn -0.1973 0.7485 -0.6331
vn 0.8674 0.4724 0.1561
vn 0.2882 -0.9544 -0.0783
vn 0.2362 -0.5786 0.7807
vn -0.2108 0.5999 -0.7718
vn 0.9169 -0.1982 0.3464
vn 0.4510 0.1117 0.8855
vn 0.0709 0.4621 -0.8840
vn 0.6913 0.5177 0.5041
vn 0.4827 0.3242 0.8136
vn -0.9418 0.2448 0.2303
vn 0.0452 0.3560 -0.9334
vn 0.5417 0.8405 -0.0154
vn 0.1797 0.8667 -0.4653
vn 0.7828 0.6223 0.0066
vn 0.5643 0.7322 -0.3813
vn 0.7481 0.4528 -0.4851
vn 0.6706 0.7016 -0.2409
vn -0.9638 0.1638 0.2104
vn 0.0432 0.2511 -0.9670
vn 0.1735 0.3858 -0.9061
vn 0.3925 0.4796 -0.7848
vn -0.3067 0.8771 -0.3697
vn -0.2201 0.2907 -0.9312
vn 0.1856 0.7611 0.6215
vn -0.5669 0.8208 -0.0697
vn 0.0308 0.1668 -0.9855
vn 0.1014 0.1404 -0.9849
vn 0.1229 0.9635 0.2378
vn -0.6767 0.7334 -0.0650
vn 0.0533 0.8751 0.4810
vn 0.2785 0.2255 -0.9336
vn 0.2205 0.8452 0.4868
vn -0.5670 0.6699 -0.4794
vn 0.2021 0.9706 0.1310
vn -0.4311 0.8812 -0.1939
vn 0.8124 0.4742 -0.3393
vn 0.9524 -0.2418 -0.1855
vn -0.0514 0.6184 0.7841
vn 0.9158 0.3730 -0.1486
vn 0.9086 0.3839 -0.1647
vn 0.1358 0.7917 -0.5957
vn 0.8296 0.4105 -0.3786
vn 0.8848 0.4616 0.0634
vn 0.9110 0.0458 -0.4099
vn 0.9980 0.0205 0.0594
vn 0.1538 -0.9845 -0.0837
vn -0.2041 -0.9001 -0.3849
vn -0.0642 0.2222 -0.9729
vn 0.0859 0.0258 -0.9960
vn -0.9728 0.0337 -0.2290
vn -0.9321 0.3596 0.0434
vn -0.2945 0.9242 -0.2431
vn 0.3481 0.5910 -0.7277
vn 0.0318 -0.5572 -0.8298
vn -0.0668 -0.9385 -0.3388
vn -0.5642 0.8048 0.1843
vn 0.5385 0.7065 -0.4592
vn -0.4022 0.8908 0.2114
vn -0.1659 0.4680 -0.8680
vn -0.4372 0.8859 0.1551
vn 0.8807 0.3224 -0.3470
vn -0.3961 0.3155 0.8623
vn -0.1874 -0.1737 0.9668
vn -0.9135 0.2910 0.2842
vn -0.8910 0.4175 0.1784
vn 0.9588 -0.2631 0.1069
vn 0.7237 -0.6788 0.1248
vn 0.9365 0.3150 0.1541
vn 0.2383 -0.0832 0.9676
vn -0.0549 -0.1688 -0.9841
vn -0.2370 -0.1995 -0.9508
vn -0.2667 -0.1281 0.9552
vn 0.0838 0.6460 0.7587
vn 0.9184 0.1322 -0.3729
vn -0.0169 0.5064 0.8621
vn 0.9538 -0.1694 -0.2482
vn 0.0696 -0.3123 -0.9474
vn -0.0724 -0.3303 -0.9411
vn -0.1196 0.7506 0.6498
vn 0.5048 -0.5765 -0.6425
vn -0.7177 0.6555 0.2350
vn 0.9895 0.1000 0.1039
vn 0.7538 -0.0086 0.6570
vn 0.3884 -0.7345 0.5565
vn 0.2663 -0.3990 0.8774
vn 0.8345 0.2464 0.4929
vn 0.4018 -0.0031 0.9157
vn 0.4243 -0.4990 0.7556
vn 0.0264 -0.4812 0.8762
vn 0.1644 -0.4969 0.8521
vn 0.5188 0.8522 0.0676
vn 0.6609 0.6909 0.2930
vn -0.3607 0.3904 -0.8470
vn 0.4239 0.2702 -0.8645
vn -0.1167 0.9136 -0.3894
vn -0.0864 0.1081 -0.9904
vn -0.3725 -0.0980 -0.9228
vn -0.4099 0.2706 0.8711
vn 0.5592 0.2951 -0.7747
vn -0.0525 -0.9535 0.2968
vn -0.3381 0.9366 0.0925
vn 0.1905 0.3067 -0.9325
vn 0.8720 -0.4854 0.0637
vn 0.7996 -0.4738 0.3689
vn 0.5938 -0.8005 0.0812
vn 0.1498 0.6827 -0.7152
vn -0.1201 0.1816 -0.9760
vn 0.1543 0.9857 0.0673
vn 0.0387 0.9984 0.0417
vn -0.9558 -0.2246 -0.1899
vn -0.2697 0.7145 0.6456
vn -0.4287 0.2911 -0.8552
vn 0.2015 -0.3052 0.9307
vn 0.0680 0.6802 0.7298
vn 0.1137 0.8169 0.5655
vn -0.7833 -0.6085 -0.1275
vn -0.2519 0.9611 0.1135
vn -0.8129 0.5823 0.0053
vn -0.6549 0.5518 -0.5164
vn 0.0466 -0.3992 0.9157
vn 0.2441 0.6059 0.7571
vn 0.1140 -0.3004 0.9470
vn -0.4151 0.6555 0.6309
vn 0.9347 -0.2096 0.2870
vn 0.6712 -0.1629 0.7232
vn 0.5945 -0.8033 0.0345
vn 0.2334 0.3650 -0.9013
vn 0.9699 -0.1286 0.2066
vn -0.3776 0.8116 -0.4458
vn -0.1712 0.9770 0.1269
vn 0.2972 -0.9063 0.3004
vn 0.1031 0.3323 -0.9375
vn 0.0005 0.3210 0.9471
vn -0.5179 0.1330 0.8450
vn 0.0651 0.6382 0.7672
vn -0.3139 0.5883 0.7452
vn -0.0383 0.0158 0.9991
vn -0.2071 0.7776 -0.5936
vn 0.2281 0.8698 -0.4376
vn 0.0726 0.9081 -0.4124
vn 0.8493 0.3425 -0.4018
vn 0.4793 0.8768 -0.0393
vn 0.4767 0.8786 -0.0271
vn 0.4199 0.8808 0.2189
vn 0.3591 0.9059 0.2245
vn -0.4621 0.3330 0.8219
vn 0.7455 -0.5223 0.4142
vn 0.2409 0.8420 0.4827
vn -0.2409 -0.1187 0.9633
vn 0.7693 -0.4836 0.4176
vn -0.2570 0.1253 0.9583
vn 0.4025 0.0045 0.9154
vn 0.7126 -0.6761 0.1875
vn -0.1517 0.8474 -0.5088
vn -0.8584 -0.4871 0.1607
vn -0.4063 0.8856 0.2249
vn 0.1568 0.9685 -0.1936
vn 0.2719 -0.2640 -0.9254
vn 0.8936 0.3736 -0.2488
vn 0.3244 -0.6588 0.6788
vn 0.2549 0.9044 -0.3421
vn -0.3651 -0.6001 -0.7117
vn -0.6927 0.4261 -0.5819
vn -0.2243 -0.4772 -0.8497
vn 0.3451 -0.2131 0.9140
vn 0.3175 -0.5603 0.7650
vn -0.4224 0.8936 -0.1519
vn -0.4470 -0.1160 -0.8870
vn -0.3191 0.8669 -0.3829
vn -0.4143 0.7846 -0.4613
vn 0.1603 0.9714 -0.1750
vn 0.2693 0.9530 -0.1390
vn -0.2905 0.9336 -0.2096
vn -0.1428 0.9848 -0.0984
vn -0.1840 0.9629 -0.1975
vn -0.2941 0.9276 -0.2302
vn 0.4887 0.5851 -0.6472
vn 0.1824 -0.1703 -0.9684
vn -0.5143 0.7894 -0.3351
vn -0.3297 0.9441 -0.0050
vn 0.8813 0.4583 -0.1151
vn 0.2134 -0.3314 0.9190
vn 0.4075 -0.4314 0.8048
vn 0.8288 0.3945 -0.3969
vn 0.6659 0.1021 0.7390
vn 0.7351 0.6005 -0.3147
vn 0.5973 -0.3130 0.7384
vn 0.3847 -0.6059 0.6964
vn -0.2786 -0.6499 0.7071
vn 0.0782 0.9931 -0.0875
vn -0.0979 0.9749 0.2000
vn 0.2016 0.9766 0.0749
vn 0.4244 0.8783 0.2203
vn 0.3566 0.9035 0.2379
vn -0.6312 0.2769 0.7245
vn 0.2457 0.4051 0.8806
vn 0.7641 0.6215 -0.1729
vn 0.0409 0.7205 -0.6923
vn -0.1100 -0.9939 0.0044
vn -0.0643 -0.9979 0.0054
vn -0.1667 0.4129 -0.8954
vn 0.1486 0.9086 -0.3903
vn -0.2866 0.9396 -0.1871
vn 0.8701 0.3727 -0.3224
vn 0.3666 -0.6222 0.6917
vn -0.4704 -0.0084 0.8824
vn -0.5807 0.6068 0.5428
vn -0.8008 0.3356 0.4960
vn -0.7294 0.4880 0.4794
vn 0.0650 0.8497 -0.5232
vn -0.3306 0.5600 0.7597
vn 0.5638 0.7617 -0.3194
vn 0.9337 0.0730 0.3504
vn 0.0445 0.8058 0.5905
vn 0.7742 0.4292 0.4652
vn 0.6037 0.6443 0.4695
vn 0.8859 0.4198 0.1975
vn 0.2500 0.7017 0.6672
vn 0.8119 0.2828 0.5108
vn -0.0174 -0.9996 -0.0228
vn 0.0339 -0.2751 0.9608
vn -0.0852 0.7224 0.6862
vn -0.2714 0.3554 -0.8944
vn -0.2530 -0.9634 0.0883
vn 0.8434 0.5018 -0.1921
vn -0.2446 0.9693 -0.0268
vn 0.7430 0.4448 -0.5001
vn 0.6943 0.2917 -0.6580
vn 0.0087 0.8119 -0.5838
vn 0.1683 0.7813 -0.6011
vn -0.0856 -0.9551 0.2836
vn -0.2386 -0.9397 0.2451
vn -0.7087 -0.2914 0.6425
vn -0.4772 0.8452 0.2406
vn 0.0583 0.0712 0.9958
vn -0.0716 0.1653 0.9836
vn 0.9477 -0.0158 -0.3189
vn 0.4354 0.8599 -0.2665
vn 0.0361 0.7600 -0.6490
vn 0.7830 0.5885 -0.2013
vn 0.6041 -0.1971 0.7721
vn 0.9194 0.3454 0.1881
vn 0.9461 0.1113 0.3042
vn -0.1755 0.9723 -0.1544
vn -0.4822 0.6164 -0.6225
vn -0.3425 0.8612 -0.3755
vn -0.4274 0.9001 -0.0849
vn -0.5361 0.6225 0.5702
vn 0.0141 0.9848 -0.1731
vn -0.1350 0.9704 0.2003
vn -0.2445 0.9434 -0.2240
vn 0.0067 0.9967 0.0805
vn 0.8844 0.3383 -0.3216
vn 0.8721 -0.4666 0.1470
vn -0.1506 0.2079 0.9665
vn 0.0533 0.1597 0.9857
vn -0.2954 0.1939 0.9355
vn -0.0552 -0.1631 0.9851
vn 0.0246 0.5552 0.8314
vn 0.3341 0.5220 0.7848
vn 0.0369 0.7407 0.6708
vn 0.5424 0.6081 0.5797
vn -0.5592 -0.3109 0.7685
vn -0.0706 0.2353 0.9694
vn -0.2627 -0.6954 0.6689
vn -0.1888 0.9762 -0.1065
vn 0.7993 -0.5628 0.2106
vn -0.0703 0.8320 0.5502
vn -0.0617 0.5565 0.8285
vn 0.5823 0.3250 0.7452
vn 0.0171 -0.4674 0.8839
vn 0.3380 0.4117 0.8463
vn 0.4954 0.3746 0.7838
vn -0.0184 -0.9476 0.3190
vn 0.6558 0.7185 -0.2316
vn -0.4287 0.4945 0.7561
vn 0.9156 -0.2606 0.3061
vn 0.5533 0.0260 0.8326
vn 0.0548 0.5302 0.8461
vn -0.6105 0.0214 0.7918
vn 0.0688 0.8114 -0.5804
vn 0.2884 -0.5842 0.7586
vn -0.1316 -0.4868 -0.8636
vn -0.1422 -0.5587 -0.8171
vn 0.9097 0.4046 -0.0936
vn 0.9058 0.4044 -0.1263
vn 0.9430 0.2887 0.1656
vn 0.8984 0.4379 -0.0332
vn 0.8563 0.4388 -0.2725
vn 0.8885 0.4379 -0.1374
vn 0.9989 -0.0460 0.0132
vn 0.8407 0.2191 -0.4952
vn 0.6444 0.4154 -0.6420
vn 0.8539 0.5054 -0.1240
vn 0.8072 0.5104 -0.2966
vn 0.9940 -0.0690 0.0844
vn 0.9996 0.0288 -0.0005
vn -0.1103 -0.9843 0.1380
vn -0.2076 -0.9703 0.1242
vn 0.6141 -0.6958 0.3724
vn -0.4687 0.8247 -0.3164
vn -0.4981 -0.0351 0.8664
vn 0.1290 0.9592 -0.2518
vn 0.3426 0.8632 -0.3707
vn -0.7527 0.2499 0.6091
vn 0.1318 0.9581 -0.2543
vn 0.7374 0.6505 0.1819
vn 0.2471 0.1315 0.9600
vn -0.4932 -0.2340 0.8379
vn -0.5208 -0.0698 0.8508
vn 0.3261 0.8713 -0.3668
vn 0.6467 -0.5938 0.4786
vn 0.7689 -0.5424 0.3385
vn -0.7986 -0.0070 0.6018
vn -0.7350 -0.2835 0.6159
vn 0.1565 -0.2266 -0.9613
vn -0.8370 -0.1794 0.5169
vn -0.3692 -0.3049 -0.8779
vn -0.6839 -0.4557 0.5698
vn 0.6517 -0.1805 -0.7367
vn -0.3707 -0.6375 0.6754
vn 0.2806 -0.1711 -0.9444
vn 0.7668 0.6178 0.1743
vn 0.8302 0.0262 0.5568
vn 0.5835 -0.0215 0.8119
vn 0.1244 -0.9919 0.0264
vn -0.0339 -0.9994 -0.0032
vn 0.0889 0.8176 -0.5689
vn 0.8673 0.4398 -0.2332
vn -0.4775 0.8619 0.1705
vn -0.4439 0.6364 -0.6308
vn 0.0077 0.9982 -0.0599
vn 0.1118 -0.8836 -0.4547
vn 0.2281 -0.8489 -0.4768
vn 0.9745 -0.0120 0.2239
vn -0.0897 0.4327 0.8971
vn -1.0000 0.0000 0.0000
vn 0.9922 -0.1076 0.0624
vn -0.0509 0.5180 0.8539
vn 0.7162 -0.3049 0.6277
vn 0.0725 0.1895 0.9792
vn 0.3018 -0.5429 -0.7837
vn 0.0985 -0.5332 -0.8403
vn -0.7378 -0.0498 0.6732
vn -0.6589 -0.3170 0.6822
vn 0.1735 -0.1197 -0.9775
vn -0.0727 -0.0145 -0.9973
vn -0.2352 0.1051 0.9662
vn 0.3565 0.7824 0.5107
vn -0.6740 0.3001 0.6751
vn -0.3241 -0.2233 0.9193
vn -0.5633 0.3018 0.7692
vn -0.3867 -0.7894 0.4768
vn 0.7994 0.4391 -0.4100
vn -0.9716 -0.2348 0.0278
vn 0.4165 0.1578 -0.8953
vn 0.3341 0.2429 -0.9107
vn -0.1420 -0.1165 -0.9830
vn -0.2283 -0.1356 -0.9641
vn 0.1592 0.6253 -0.7640
vn -0.1251 0.1737 -0.9768
vn -0.2796 0.8277 -0.4866
vn -0.0382 0.2679 -0.9627
vn -0.0027 -0.3134 -0.9496
vn -0.3855 -0.3955 -0.8337
vn -0.4406 0.8882 -0.1306
vn -0.7744 -0.3383 -0.5347
vn -0.3165 -0.1904 -0.9293
vn -0.2287 0.8469 -0.4800
vn -0.1858 -0.0139 -0.9825
vn 0.8157 0.5168 -0.2598
vn -0.0934 -0.0570 -0.9940
vn -0.0362 -0.0242 -0.9991
vn -0.0987 -0.0764 -0.9922
vn -0.1575 -0.0879 -0.9836
vn -0.1013 -0.1954 -0.9755
vn -0.1928 -0.2384 -0.9518
vn 0.0152 0.9998 0.0121
vn -0.1623 0.0658 -0.9845
vn -0.0816 0.9819 0.1707
vn -0.3053 -0.0668 -0.9499
vn -0.2009 0.0177 0.9794
vn 0.1994 0.9585 0.2037
vn 0.6708 0.5056 -0.5427
vn -0.0563 0.2319 -0.9711
vn 0.1019 -0.5946 0.7975
vn -0.1019 0.5946 -0.7975
vn 0.0000 0.0000 0.0000
vn 0.7730 0.6317 -0.0596
vn 0.1562 0.6435 -0.7493
vn 0.2057 0.9758 -0.0746
vn 0.3868 0.1540 -0.9092
vn 0.1220 0.3891 -0.9131
vn 0.3421 0.7520 -0.5635
vn -0.0538 0.4612 -0.8857
vn 0.2392 0.8454 -0.4776
vn -0.8396 -0.5310 -0.1146
vn -0.9819 0.0937 -0.1645
vn -0.8730 -0.4136 -0.2583
vn -0.6653 -0.7129 0.2217
vn -0.7596 0.1875 -0.6228
vn 0.0974 -0.7715 -0.6287
vn 0.0873 -0.8563 -0.5091
vn 0.3481 -0.0710 0.9348
vn -0.8486 0.3986 0.3478
vn 0.0411 -0.0016 -0.9992
vn -0.2884 0.1331 -0.9482
vn -0.1430 -0.2759 -0.9505
vn -0.2388 -0.2935 -0.9257
vn 0.3584 0.2119 -0.9092
vn -0.2776 0.0573 -0.9590
vn 0.0032 -0.8432 -0.5376
vn -0.0267 -0.6658 -0.7456
vn -0.1939 -0.5323 -0.8241
vn 0.0783 -0.1105 -0.9908
vn -0.2077 -0.8384 -0.5040
vn 0.0333 -0.1259 -0.9915
vn 0.8453 -0.3719 0.3837
vn 0.2489 -0.8423 -0.4781
vn 0.7436 0.6122 -0.2688
vn 0.0567 -0.2289 -0.9718
vn -0.0407 -0.7863 -0.6165
vn -0.0517 -0.6934 -0.7187
vn 0.0575 0.4784 0.8762
vn 0.9919 0.1058 -0.0702
vn 0.0614 -0.4304 -0.9006
vn -0.3491 -0.3821 -0.8557
vn 0.8763 -0.2768 0.3944
vn 0.0957 -0.6428 -0.7601
vn 0.2598 0.7406 -0.6197
vn 0.3914 0.8662 -0.3105
vn -0.3107 -0.9358 0.1664
vn -0.1754 0.0311 -0.9840
vn 0.5981 0.7301 -0.3305
vn 0.6060 0.7944 -0.0399
vn -0.2777 -0.9570 0.0833
vn -0.0803 -0.0962 -0.9921
vn 0.6803 0.6676 -0.3024
vn 0.5813 0.5143 0.6305
vn 0.0271 -0.9911 -0.1301
vn 0.0453 -0.1292 -0.9906
vn -0.0172 -0.9981 -0.0594
vn -0.0100 -0.1271 -0.9918
vn 0.1067 -0.5649 -0.8182
vn -0.1687 -0.4564 -0.8736
vn -0.1241 -0.6899 -0.7132
vn 0.0258 0.1058 -0.9940
vn 0.9382 0.3441 -0.0373
vn 0.7571 0.2262 0.6130
vn -0.1399 -0.5110 -0.8481
vn -0.1085 -0.5875 -0.8019
vn -0.0050 -0.5665 -0.8240
vn 0.5142 0.5826 -0.6294
vn 0.0028 -0.1255 -0.9921
vn 0.8969 0.3476 -0.2733
vn 0.4772 0.7511 -0.4562
vn -0.0865 -0.0832 -0.9928
vn -0.1099 -0.5270 0.8427
vn -0.1588 -0.4056 0.9002
vn -0.0034 -0.6692 -0.7431
vn 0.0158 -0.8162 -0.5776
vn 0.7874 0.5456 0.2870
vn -0.0738 0.9449 -0.3189
vn 0.6216 0.7824 0.0394
vn 0.2149 0.9518 0.2187
vn -0.2400 0.9338 0.2653
vn -0.0055 0.2320 0.9727
vn 0.6517 0.6413 -0.4049
vn 0.4679 0.7607 -0.4499
vn 0.4489 0.8732 -0.1896
vn 0.2600 0.9641 -0.0539
vn 0.2756 0.9604 0.0408
vn 0.5279 0.7933 -0.3034
vn 0.2297 0.8718 -0.4327
vn -0.1497 -0.0699 0.9863
vn 0.0018 -0.1359 0.9907
vn 0.6769 -0.6307 -0.3796
vn 0.7755 -0.0089 0.6313
vn 0.1296 0.7941 -0.5938
vn -0.0764 0.3556 -0.9315
vn -0.2716 -0.2612 0.9263
vn 0.2947 -0.0774 -0.9524
vn 0.4032 0.6541 0.6400
vn -0.3382 0.9395 0.0548
vn 0.6525 0.5282 0.5433
vn 0.9295 -0.2968 0.2190
vn 0.6450 0.6491 0.4033
vn 0.5704 -0.4820 -0.6651
vn 0.6878 -0.0209 0.7256
vn 0.1122 0.9404 -0.3209
vn -0.0565 0.3313 -0.9418
vn 0.3069 0.8299 0.4660
vn 0.7085 0.1755 0.6835
vn 0.7910 -0.4454 0.4194
vn 0.7656 -0.5203 0.3783
vn 0.6955 -0.4781 0.5364
vn 0.6990 -0.4943 0.5168
vn -0.4510 0.2233 -0.8641
vn 0.4671 0.8270 0.3130
vn -0.7883 -0.4309 0.4392
vn 0.6937 -0.0860 -0.7151
vn 0.1290 0.9853 -0.1120
vn -0.1948 0.4965 -0.8459
vn 0.4065 0.8614 -0.3044
vn 0.5899 0.5975 -0.5431
vn 0.0737 0.3732 -0.9248
vn 0.2821 0.8150 0.5061
vn -0.3433 0.4112 0.8445
vn 0.2128 0.4837 -0.8490
vn -0.4782 0.1623 0.8631
vn 0.4461 -0.0968 -0.8897
vn -0.5288 -0.6865 0.4991
vn 0.1173 0.4738 -0.8728
vn -0.5049 -0.0636 0.8608
vn -0.2824 0.4953 0.8215
vn 0.4702 0.5531 -0.6877
vn -0.6078 -0.0241 0.7937
vn 0.6651 0.5952 -0.4509
vn -0.4473 -0.8460 0.2902
vn 0.1460 0.6521 -0.7439
vn -0.5437 -0.7033 0.4580
vn 0.2548 -0.0994 -0.9619
vn -0.1969 0.3713 0.9074
vn 0.3048 0.6661 -0.6807
vn -0.0462 -0.9866 -0.1562
vn -0.1961 0.3574 0.9131
vn 0.3909 0.6019 -0.6964
vn -0.0528 -0.6797 -0.7316
vn -0.0957 -0.8044 -0.5863
vn 0.0300 -0.7919 -0.6099
vn 0.0199 -0.8983 -0.4389
vn -0.0731 -0.9676 0.2418
vn -0.0659 -0.6628 -0.7459
vn 0.0394 -0.9150 -0.4016
vn -0.0577 -0.6272 -0.7767
vn -0.0964 -0.8059 -0.5841
vn 0.0835 0.3438 -0.9353
vn 0.0970 -0.5638 -0.8202
vn 0.0716 -0.8084 -0.5842
vn 0.0944 -0.5577 -0.8246
vn 0.0456 -0.7211 -0.6913
vn 0.0335 -0.3773 -0.9255
vn 0.0782 -0.6850 -0.7244
vn -0.0166 -0.8323 -0.5541
vn 0.0133 0.2884 -0.9574
vn 0.0412 -0.6121 -0.7897
vn 0.0538 -0.8220 -0.5670
vn -0.0261 -0.6580 -0.7525
vn -0.1312 -0.8625 -0.4888
vn -0.0146 -0.6525 -0.7576
vn -0.0723 -0.8097 -0.5824
vn -0.0543 -0.6268 -0.7773
vn -0.0219 -0.7765 -0.6297
vn -0.0125 -0.6370 -0.7708
vn -0.0386 -0.8553 -0.5168
vn 0.1019 -0.5570 -0.8242
vn 0.0595 -0.7559 -0.6519
vn 0.0195 -0.6811 -0.7319
vn -0.0497 -0.8833 -0.4662
vn -0.0471 -0.7827 -0.6206
vn -0.0492 -0.8988 -0.4355
vn 0.0562 -0.2849 -0.9569
vn -0.0714 -0.6527 -0.7542
vn 0.0370 -0.9201 -0.3899
vn 0.1812 -0.9361 0.3014
vn 0.0047 -0.9392 0.3432
vn -0.0185 -0.6613 -0.7499
vn -0.0547 -0.8823 -0.4674
vn -0.0642 -0.7519 -0.6561
vn 0.0717 -0.4786 -0.8751
vn 0.0459 0.7105 -0.7022
vn -0.1244 -0.9916 -0.0365
vn -0.0922 -0.9957 -0.0026
vn -0.1018 0.7270 -0.6791
vn -0.0441 -0.1460 -0.9883
vn -0.1059 0.9254 -0.3640
vn -0.3215 -0.3953 -0.8605
vn -0.3775 -0.0710 -0.9233
vn 0.0305 -0.7534 0.6568
vn 0.0515 0.9646 -0.2586
vn 0.1835 -0.2882 -0.9398
vn 0.1032 -0.4923 -0.8643
vn -0.0187 -0.8794 -0.4757
vn 0.0676 -0.6341 -0.7703
vn -0.1506 -0.9139 -0.3769
vn 0.0290 -0.6264 -0.7790
vn 0.0601 -0.5629 -0.8243
vn 0.0593 -0.2716 -0.9606
vn 0.0759 -0.6424 -0.7626
vn 0.0330 -0.3697 -0.9286
vn 0.0336 -0.7253 -0.6876
vn 0.0136 -0.3428 -0.9393
vn -0.0150 -0.6437 -0.7651
vn 0.1165 -0.8972 0.4260
vn 0.4061 -0.3885 0.8272
vn 0.2206 -0.0342 0.9748
vn -0.1453 -0.8476 -0.5104
vn 0.1146 -0.4182 -0.9011
vn 0.1013 -0.7887 -0.6064
vn 0.1206 -0.7924 -0.5980
vn 0.1235 -0.7270 -0.6754
vn 0.1375 -0.7229 -0.6771
vn 0.2573 0.1726 -0.9508
vn 0.0601 -0.4941 -0.8673
vn 0.0905 -0.6113 -0.7862
vn 0.1735 -0.2314 -0.9573
vn 0.2214 -0.5610 -0.7977
vn 0.0425 -0.1893 -0.9810
vn 0.2020 -0.4038 -0.8923
vn 0.2318 -0.2593 -0.9376
vn -0.4076 0.3509 0.8430
vn -0.2202 0.3277 0.9187
vn 0.0525 -0.8179 -0.5729
vn 0.0344 -0.9467 -0.3204
vn -0.1110 0.0787 0.9907
vn -0.3506 -0.3277 -0.8773
vn 0.0488 -0.6801 -0.7315
vn 0.0231 -0.5924 -0.8053
vn 0.0214 -0.6898 -0.7237
vn 0.0369 -0.5689 -0.8216
vn 0.0537 -0.8862 -0.4601
vn 0.0526 -0.6787 -0.7325
vn -0.0170 -0.6082 -0.7936
vn 0.0461 -0.6905 -0.7219
vn 0.0012 -0.6070 -0.7947
vn 0.0548 -0.6635 -0.7462
vn 0.0416 -0.6001 -0.7988
vn 0.1870 -0.9241 -0.3333
vn -0.0120 -0.9344 -0.3560
vn 0.0337 0.4725 -0.8807
vn 0.3377 0.8369 0.4308
vn -0.0171 -0.8111 -0.5847
vn -0.0193 -0.5975 -0.8016
vn -0.0859 -0.8838 -0.4599
vn -0.0335 -0.6124 -0.7898
vn -0.0113 -0.9165 -0.3998
vn -0.0231 -0.6032 -0.7972
vn 0.2513 -0.9013 -0.3527
vn -0.0874 -0.6796 -0.7284
vn 0.0542 -0.9646 -0.2582
vn -0.0208 0.9977 0.0647
vn 0.0593 0.9609 0.2706
vn 0.0410 0.8438 0.5351
vn -0.3121 0.8846 0.3465
vn -0.0448 -0.9337 -0.3551
vn 0.0416 0.9984 0.0381
vn -0.0601 -0.9963 0.0607
vn -0.1759 -0.3504 0.9199
vn 0.0423 -0.6610 -0.7492
vn 0.0200 -0.8458 -0.5332
vn -0.0579 0.9092 -0.4122
vn -0.0731 0.7280 -0.6817
vn 0.1432 0.9137 -0.3803
vn -0.5275 0.6658 -0.5277
vn 0.0885 0.9224 -0.3760
vn -0.4955 0.7537 -0.4317
vn -0.3536 0.8145 -0.4599
vn 0.1894 0.9815 -0.0277
vn -0.4441 0.8695 0.2160
vn -0.3800 0.6043 -0.7003
vn 0.6224 0.5416 -0.5650
vn -0.5662 0.7647 0.3077
vn -0.1084 0.8277 0.5507
vn 0.2165 0.9750 0.0502
vn 0.3728 0.9094 0.1845
vn 0.1417 0.9298 -0.3396
vn -0.4023 0.7894 -0.4638
vn -0.1690 0.9799 -0.1060
vn -0.2182 0.9732 -0.0727
vn -0.3700 -0.8867 0.2771
vn -0.1991 -0.1375 -0.9703
vn -0.2560 0.1417 -0.9562
vn 0.0604 0.8915 0.4491
vn 0.0187 0.5939 0.8043
vn -0.0565 -0.5438 0.8373
vn 0.0024 0.9906 0.1364
vn -0.0376 -0.8729 0.4864
vn 0.0775 -0.8744 0.4791
vn 0.1403 0.0404 -0.9893
vn 0.0889 -0.4930 -0.8655
vn 0.0401 -0.8608 -0.5073
vn 0.1964 -0.2810 -0.9394
vn 0.0724 -0.7515 -0.6557
vn -0.0023 -0.2416 -0.9704
vn 0.1404 -0.6825 -0.7173
vn -0.0946 0.9934 0.0645
vn 0.0891 -0.2404 -0.9666
vn 0.1016 -0.6885 -0.7181
vn 0.1396 0.7545 -0.6413
vn 0.0454 -0.8390 0.5422
vn 0.0668 -0.8391 0.5398
vn 0.1012 -0.7958 0.5970
vn 0.0130 -0.7921 0.6102
vn -0.1640 -0.9421 0.2926
vn 0.2506 0.9637 0.0925
vn 0.4127 -0.8018 -0.4321
vn -0.0158 0.9999 0.0023
vn -0.0298 0.5027 0.8640
vn -0.0654 0.9294 0.3631
vn 0.0715 0.9028 0.4241
vn 0.1019 0.7414 0.6633
vn 0.3033 0.6422 0.7039
vn -0.0892 -0.0527 -0.9946
vn -0.1056 -0.0391 -0.9936
vn -0.2363 0.8041 0.5455
vn -0.1663 0.8208 0.5465
vn -0.0538 0.3705 0.9273
vn -0.0473 0.4071 0.9122
vn -0.0714 0.9843 0.1614
vn -0.4133 0.8922 0.1821
vn -0.1029 0.9566 0.2727
vn 0.0209 0.8711 0.4907
vn -0.5420 0.6858 0.4858
vn -0.6834 0.3483 0.6416
vn -0.0575 0.2956 0.9536
vn -0.4531 0.8913 0.0176
vn -0.0375 -0.0235 0.9990
vn 0.0970 -0.2872 -0.9530
vn -0.1950 -0.4225 -0.8852
vn -0.3080 -0.1059 -0.9455
vn 0.0124 -0.3857 0.9225
vn -0.0279 -0.0787 -0.9965
vn 0.1480 -0.1951 -0.9696
vn 0.0840 -0.8004 -0.5936
vn 0.0659 -0.7875 -0.6127
vn 0.0610 -0.8569 -0.5118
vn -0.0621 -0.6495 -0.7578
vn -0.0194 -0.7988 -0.6013
vn 0.0532 -0.8022 -0.5947
vn 0.0292 -0.8204 -0.5711
vn 0.1328 -0.2667 -0.9546
vn 0.1575 -0.7771 -0.6094
vn 0.1390 -0.6920 -0.7084
vn 0.1234 -0.8090 -0.5747
vn 0.0496 0.2660 -0.9627
vn 0.0947 0.1165 -0.9887
vn 0.0818 -0.3912 -0.9167
vn -0.0341 -0.7897 -0.6125
vn 0.0120 -0.5360 -0.8441
vn -0.0453 -0.7964 -0.6031
vn -0.0799 0.5943 0.8003
vn -0.1221 -0.8736 0.4710
vn -0.7566 -0.4472 -0.4771
vn 0.0307 0.8261 0.5627
vn 0.0305 0.9890 -0.1450
vn 0.1191 0.8715 -0.4758
vn 0.3682 -0.2435 -0.8973
vn 0.1824 -0.9305 -0.3175
vn -0.1013 -0.7877 -0.6077
vn -0.0220 0.6305 -0.7758
vn 0.0142 0.3206 -0.9471
vn -0.1278 -0.9895 0.0675
vn -0.0893 -0.9944 0.0571
vn -0.1580 -0.9738 -0.1634
vn -0.1142 -0.9729 0.2012
vn -0.1834 -0.9645 0.1900
vn -0.0409 0.3612 0.9316
vn -0.1206 -0.9927 -0.0047
vn -0.0678 -0.9976 0.0154
vn 0.0792 -0.9402 0.3313
vn 0.1080 -0.9898 0.0934
vn 0.0281 -0.9956 0.0892
vn 0.0701 -0.0501 -0.9963
vn 0.0119 -0.0768 -0.9970
vn -0.7103 -0.2711 -0.6496
vn 0.1002 -0.6258 0.7735
vn 0.0184 0.6287 0.7774
vn -0.0167 -0.8169 -0.5765
vn 0.0186 -0.5785 -0.8155
vn -0.7481 -0.2223 0.6252
vn -0.9609 -0.1994 -0.1922
vn 0.0731 0.9721 -0.2228
vn -0.2990 0.8653 -0.4022
vn -0.0375 -0.9655 0.2575
vn 0.4618 0.8692 -0.1768
vn 0.9142 0.1265 0.3851
vn -0.0461 -0.8025 -0.5948
vn -0.0334 -0.8957 -0.4434
vn -0.1550 -0.7386 -0.6561
vn 0.0761 -0.8624 -0.5005
vn -0.1052 0.9057 -0.4106
vn 0.0082 0.1246 -0.9922
vn -0.0699 -0.6500 -0.7567
vn 0.1306 -0.5851 0.8004
vn -0.4909 -0.7334 0.4703
vn -0.0661 0.9956 0.0662
vn -0.3632 0.3886 0.8468
vn -0.1750 -0.1592 0.9716
vn 0.4795 0.7464 -0.4614
vn -0.0077 -0.1780 -0.9840
vn -0.0212 -0.7369 -0.6757
vn -0.0273 -0.7978 -0.6023
vn -0.3161 -0.7631 -0.5637
vn -0.3242 -0.4195 -0.8479
vn 0.0678 -0.8157 -0.5745
vn 0.1095 -0.8775 -0.4670
vn -0.1538 -0.9779 -0.1416
vn 0.0604 -0.0708 -0.9957
vn -0.1121 -0.5006 -0.8584
vn -0.0316 0.2299 -0.9727
vn 0.0661 0.7855 -0.6154
vn -0.2463 -0.3920 -0.8864
vn -0.2614 -0.1759 -0.9490
vn -0.4058 -0.6903 -0.5990
vn -0.3879 -0.3721 -0.8433
vn 0.0242 -0.7784 0.6273
vn -0.0963 -0.9946 0.0399
vn -0.0585 -0.9974 0.0413
vn 0.1038 -0.7662 -0.6342
vn 0.1263 -0.8052 -0.5794
vn -0.1872 0.5339 0.8245
vn 0.4435 -0.1156 0.8888
vn -0.1114 -0.2193 0.9693
vn 0.6088 0.4817 -0.6303
vn 0.5995 0.3655 -0.7121
vn 0.0151 0.7095 0.7045
vn -0.0806 -0.8518 -0.5176
vn -0.0147 -0.7371 -0.6756
vn 0.0898 0.7483 -0.6572
vn 0.0662 0.0239 -0.9975
vn 0.8262 0.2311 -0.5137
vn 0.0323 0.0500 -0.9982
vn -0.1764 -0.9303 -0.3215
vn -0.2231 -0.3967 -0.8904
vn -0.1831 0.8567 -0.4822
vn -0.3285 0.7835 0.5274
vn -0.1474 0.2468 0.9578
vn 0.0117 0.3016 0.9534
vn -0.1007 -0.9943 -0.0353
vn -0.1714 -0.8928 -0.4165
vn 0.0632 0.5686 -0.8202
vn 0.3005 0.7585 0.5783
vn -0.1168 -0.1884 -0.9751
vn -0.1666 -0.1454 -0.9752
vn 0.6318 -0.0479 -0.7736
vn 0.3994 0.2088 -0.8927
vn -0.1335 0.5539 -0.8218
vn -0.0724 0.5623 -0.8237
vn -0.0356 -0.3644 0.9305
vn -0.8609 -0.4365 -0.2616
vn -0.3396 0.5357 0.7731
vn 0.1128 0.5543 -0.8247
vn 0.3464 -0.5044 -0.7909
vn 0.1367 -0.4829 -0.8649
vn 0.1273 -0.9083 0.3986
vn -0.7931 -0.4343 -0.4270
vn 0.0954 -0.9939 0.0551
vn 0.1207 -0.9927 0.0068
vn 0.6647 -0.6969 -0.2692
vn 0.4153 0.5071 0.7552
vn -0.0815 -0.5585 0.8255
vn 0.2504 0.4443 -0.8602
vn -0.1330 -0.9896 -0.0553
vn -0.2021 -0.8430 -0.4984
vn -0.1829 -0.9768 0.1112
vn 0.1993 -0.9473 0.2507
vn 0.1543 -0.9181 -0.3651
vn -0.2034 -0.9382 -0.2799
vn -0.1499 0.7444 0.6507
vn 0.1672 0.9317 0.3224
vn 0.3263 0.9322 0.1567
vn -0.0063 -0.7391 -0.6736
vn 0.0240 -0.8232 -0.5672
vn 0.0242 -0.6695 -0.7424
vn -0.0951 -0.8112 -0.5770
vn -0.0111 -0.9750 -0.2220
vn 0.5597 0.8279 -0.0355
vn 0.4215 -0.0971 -0.9016
vn 0.2329 0.7375 -0.6339
vn -0.2316 0.8138 -0.5330
vn -0.3423 -0.7149 -0.6097
vn -0.3296 -0.3963 -0.8569
vn -0.1361 -0.6033 -0.7858
vn -0.0366 -0.7928 -0.6083
vn -0.5755 0.3740 0.7273
vn -0.3949 -0.4864 0.7794
vn 0.0014 0.9023 0.4311
vn -0.0368 0.4679 -0.8830
vn -0.2568 -0.3745 -0.8909
vn -0.9611 -0.1001 0.2574
vn -0.6170 -0.1504 0.7725
vn -0.0992 0.2477 -0.9638
vn -0.0132 0.9399 -0.3412
vn -0.7111 -0.1145 -0.6937
vn -0.3819 -0.6686 -0.6380
vn -0.0949 0.2198 -0.9709
vn -0.0498 0.9847 0.1668
vn -0.0873 0.9799 0.1795
vn 0.8366 0.5126 0.1933
vn 0.8480 0.2127 0.4854
vn 0.0336 -0.9614 0.2731
vn 0.0189 -0.9339 -0.3570
vn -0.0121 -0.8165 -0.5772
vn -0.0387 0.1065 0.9936
vn 0.1141 0.1549 0.9813
vn 0.0454 -0.5831 -0.8111
vn 0.0522 -0.8249 -0.5629
vn 0.0553 -0.8160 -0.5754
vn 0.0243 -0.8947 -0.4459
vn 0.2262 0.3442 -0.9113
vn -0.0198 -0.3849 0.9228
vn 0.1921 0.5329 -0.8241
vn -0.0183 0.7775 0.6286
vn -0.0112 -0.8108 -0.5852
vn 0.0624 -0.9116 -0.4064
vn 0.0619 0.9660 -0.2512
vn 0.2452 0.4646 -0.8509
vn -0.0074 -0.3324 -0.9431
vn 0.0746 -0.9965 -0.0365
vn 0.1284 -0.9904 -0.0506
vn -0.1097 -0.7784 0.6181
vn 0.0791 -0.7736 0.6287
vn -0.5461 -0.2709 0.7927
vn -0.1349 -0.2551 0.9574
vn -0.0242 -0.9370 -0.3484
vn 0.2988 0.7203 -0.6260
vn 0.2863 0.6993 -0.6550
vn 0.4066 0.5820 -0.7042
vn -0.5165 0.3602 -0.7768
vn 0.0729 -0.5436 -0.8362
vn 0.0807 -0.7597 -0.6452
vn 0.0627 -0.6489 -0.7583
vn -0.0564 -0.8332 -0.5502
vn -0.1778 -0.9377 0.2986
vn 0.2246 -0.8729 0.4332
vn -0.3860 0.7115 -0.5872
vn 0.4400 0.5117 0.7379
vn -0.5488 -0.8111 -0.2025
vn -0.1750 0.1137 -0.9780
vn -0.1697 -0.5634 -0.8086
vn 0.3137 -0.8766 -0.3649
vn -0.0608 -0.6971 -0.7144
vn 0.2364 -0.3955 -0.8875
vn 0.2079 0.4143 0.8861
vn -0.4601 0.4331 0.7751
vn -0.5666 -0.2070 -0.7976
vn -0.4391 -0.7677 -0.4667
vn -0.0160 -0.6509 -0.7590
vn -0.1234 -0.8559 -0.5023
vn -0.1259 -0.9902 0.0607
vn -0.0912 -0.9939 0.0622
vn -0.1987 0.8825 0.4263
vn 0.1261 0.7766 -0.6173
vn -0.6215 -0.0985 -0.7772
vn -0.2107 0.9024 0.3758
vn -0.3426 0.8906 0.2992
vn -0.0464 -0.7823 -0.6211
vn -0.0244 -0.6515 -0.7583
vn 0.0246 0.4199 0.9072
vn 0.0471 0.5166 0.8549
vn 0.1047 -0.8523 -0.5125
vn 0.0587 -0.8676 -0.4939
vn -0.4006 -0.6249 -0.6700
vn -0.3685 -0.3072 -0.8774
vn 0.1553 0.7692 0.6199
vn 0.8054 0.5826 0.1090
vn -0.4793 0.8775 0.0149
vn -0.1862 0.6019 -0.7765
vn 0.0681 0.8428 -0.5339
vn 0.1249 0.1874 -0.9743
vn 0.9079 -0.4006 -0.1237
vn 0.7418 -0.6704 -0.0140
vn 0.0081 0.5490 -0.8358
vn 0.2245 0.3801 0.8973
vn -0.5477 -0.1000 0.8307
vn -0.0036 -0.9825 0.1862
vn 0.5437 -0.0695 0.8364
vn 0.0060 0.9806 -0.1957
vn 0.6885 -0.4651 0.5565
vn 0.6440 -0.5160 0.5648
vn 0.0260 -0.8427 -0.5378
vn -0.0054 -0.8136 -0.5814
vn 0.3745 0.8118 -0.4479
vn -0.1692 -0.9788 -0.1155
vn -0.1874 -0.8144 -0.5492
vn -0.0819 0.3429 0.9358
vn -0.2807 0.3127 0.9074
vn -0.1225 0.9419 0.3127
vn -0.0465 0.9332 0.3562
vn -0.1866 -0.6070 -0.7725
vn -0.2221 -0.5036 -0.8349
vn 0.0196 -0.8449 -0.5346
vn -0.0039 -0.8027 -0.5964
vn -0.0117 -0.2924 -0.9562
vn -0.0663 -0.6142 -0.7864
vn 0.5739 -0.1651 0.8021
vn -0.1621 -0.1580 0.9740
vn -0.0618 0.6361 0.7691
vn 0.0259 0.9588 0.2829
vn 0.0024 -0.2410 -0.9705
vn 0.3713 -0.3117 -0.8746
vn 0.1769 -0.6884 -0.7034
vn -0.0434 -0.9594 -0.2786
vn -0.1912 -0.6808 -0.7070
vn 0.0474 -0.0590 -0.9971
vn -0.1940 0.9711 -0.1393
vn 0.2650 0.9640 -0.0222
vn -0.1710 0.9482 -0.2675
vn -0.2716 0.9516 -0.1437
vn -0.0124 -0.9999 -0.0110
vn 0.2989 -0.3996 0.8666
vn 0.1502 0.6125 0.7760
vn 0.0063 0.7862 0.6180
vn -0.5450 -0.5736 -0.6115
vn -0.6700 -0.6389 -0.3781
vn -0.1453 0.8647 -0.4808
vn 0.0332 0.2223 -0.9744
vn -0.1627 -0.9153 -0.3685
vn -0.1160 -0.9233 -0.3663
vn 0.0302 -0.9377 -0.3462
vn 0.7843 0.5374 -0.3099
vn 0.7855 0.5402 -0.3020
vn 0.0969 0.3285 -0.9395
vn -0.1217 0.8315 -0.5420
vn -0.1893 0.8192 -0.5414
vn -0.2377 0.4002 -0.8851
vn -0.5310 0.8444 -0.0710
vn -0.1017 0.1271 -0.9867
vn -0.3614 -0.8163 -0.4506
vn -0.3386 -0.5706 -0.7482
vn 0.1011 0.1164 -0.9880
vn -0.1221 -0.4843 -0.8663
vn -0.0117 -0.5164 -0.8563
vn -0.1359 -0.9694 0.2045
vn 0.1102 0.4117 -0.9046
vn 0.0230 -0.8719 0.4891
vn 0.4319 -0.3558 0.8288
vn 0.8564 -0.2474 0.4532
vn -0.3860 -0.7100 -0.5889
vn -0.3735 -0.4198 -0.8272
vn -0.0442 0.7271 -0.6851
vn 0.0002 -0.7105 -0.7037
vn 0.0281 -0.6124 -0.7900
vn 0.4255 -0.6878 0.5881
vn -0.2302 -0.8970 0.3773
vn -0.1714 -0.9816 0.0839
vn -0.0628 -0.9970 0.0456
vn 0.1468 0.0287 -0.9887
vn -0.2381 -0.0651 -0.9691
vn 0.3315 -0.0859 -0.9395
vn -0.0417 0.1233 -0.9915
vn -0.3334 -0.7498 -0.5715
vn 0.3031 -0.2493 0.9198
vn 0.3817 0.5954 -0.7069
vn -0.3949 -0.3680 -0.8418
vn -0.1240 -0.3806 0.9164
vn -0.6734 0.7067 0.2169
vn -0.1266 0.8204 0.5577
vn -0.3337 -0.6285 -0.7026
vn -0.2957 0.1275 -0.9467
vn -0.0763 -0.9393 -0.3346
vn -0.0401 0.2830 0.9583
vn 0.1481 -0.3108 0.9389
vn 0.0060 -0.6583 -0.7528
vn 0.0210 -0.8126 -0.5825
vn 0.1386 -0.8043 -0.5778
vn -0.4231 0.6313 -0.6500
vn -0.0828 0.3380 -0.9375
vn 0.1714 0.8616 -0.4778
vn 0.2295 0.4743 -0.8499
vn -0.0310 -0.6794 -0.7331
vn -0.0167 -0.8266 -0.5626
vn -0.3973 -0.7947 0.4588
vn -0.3231 -0.2256 -0.9191
vn 0.5678 0.7673 -0.2983
vn 0.4814 0.7687 0.4212
vn -0.0669 0.4413 0.8949
vn 0.0662 0.9871 -0.1455
vn 0.1420 0.9887 -0.0488
vn -0.0400 0.4038 -0.9140
vn -0.0948 0.3582 -0.9288
vn 0.0649 -0.3161 -0.9465
vn 0.0711 -0.7340 -0.6754
vn -0.0249 -0.6459 -0.7630
vn -0.0078 -0.9519 -0.3064
vn -0.0169 0.6881 0.7254
vn 0.1118 0.8898 0.4424
vn 0.2204 0.3960 -0.8914
vn 0.0019 0.3104 -0.9506
vn -0.8136 -0.5476 -0.1954
vn -0.3725 -0.3261 -0.8689
vn 0.2161 -0.6750 0.7054
vn -0.4433 -0.1740 -0.8793
vn 0.1558 -0.0417 -0.9869
vn -0.0059 -0.6391 -0.7691
vn -0.0709 0.1472 0.9866
vn 0.0838 0.1715 0.9816
vn -0.4743 -0.6101 -0.6347
vn -0.2242 0.9276 -0.2988
vn -0.7886 -0.4083 0.4599
vn -0.5830 0.0041 -0.8125
vn -0.1073 0.1888 -0.9761
vn 0.4092 0.0863 0.9084
vn 0.8036 -0.0972 0.5872
vn -0.0112 -0.8656 -0.5006
vn -0.0367 -0.8141 -0.5795
vn -0.1538 -0.9847 0.0814
vn -0.1450 -0.9867 0.0728
vn -0.1047 -0.9932 0.0518
vn -0.8487 -0.4470 0.2827
vn -0.1664 0.6076 0.7766
vn 0.0582 -0.6690 -0.7410
vn 0.0030 -0.8405 -0.5417
vn -0.0885 -0.9440 -0.3179
vn 0.0614 -0.6279 0.7758
vn -0.0763 -0.3244 0.9428
vn -0.0034 -0.8640 -0.5035
vn -0.3102 -0.8664 0.3913
vn 0.0211 -0.8291 0.5588
vn -0.1190 -0.9870 -0.1079
vn -0.1107 -0.8978 -0.4263
vn 0.2158 0.7454 -0.6307
vn 0.2259 0.7233 -0.6525
vn -0.4309 0.6931 -0.5778
vn -0.4850 0.6732 -0.5582
vn -0.1272 -0.9868 0.1002
vn -0.1877 -0.9760 0.1107
vn 0.3700 0.6991 -0.6118
vn 0.6085 0.7398 0.2870
vn 0.5248 0.0880 0.8467
vn -0.3507 -0.3181 0.8808
vn 0.1541 0.6731 0.7233
vn 0.1412 0.5722 0.8079
vn -0.4916 -0.2656 -0.8293
vn -0.3592 -0.7639 -0.5361
vn -0.3945 0.2241 0.8912
vn 0.5239 0.7077 -0.4740
vn -0.0119 -0.3047 -0.9524
vn 0.3368 -0.9146 0.2239
vn -0.9998 -0.0208 0.0069
vn 0.0484 0.7285 -0.6833
vn -0.0491 -0.7838 -0.6191
vn -0.0134 -0.5162 -0.8564
vn 0.0689 0.9974 -0.0229
vn 0.2713 0.5102 -0.8162
vn -0.2380 -0.9610 -0.1408
vn -0.2993 -0.7984 -0.5225
vn -0.0117 -0.5965 -0.8025
vn 0.0034 -0.8156 -0.5785
f 1431/1431/1431 3426/3426/3426 1766/1766/1766
f 771/771/771 751/751/751 1321/1321/1321
f 174/174/174 172/172/172 3334/3334/3334
f 174/174/174 3334/3334/3334 176/176/176
f 3211/3211/3211 3668/3668/3668 3210/3210/3210
f 181/181/181 183/183/183 254/254/254
f 3447/3447/3447 303/303/303 324/324/324
f 1556/1556/1556 1135/1135/1135 2824/2824/2824
f 3572/3572/3572 3595/3595/3595 510/510/510
f 3150/3150/3150 1489/1489/1489 1474/1474/1474
f 209/209/209 157/157/157 211/211/211
f 1951/1951/1951 2589/2589/2589 2033/2033/2033
f 225/225/225 229/229/229 269/269/269
f 328/328/328 3191/3191/3191 363/363/363
f 230/230/230 255/255/255 254/254/254
f 3676/3676/3676 1986/1986/1986 2000/2000/2000
f 234/234/234 171/171/171 173/173/173
f 1845/1845/1845 420/420/420 821/821/821
f 3334/3334/3334 198/198/198 176/176/176
f 1551/1551/1551 3313/3313/3313 1552/1552/1552
f 3135/3135/3135 2163/2163/2163 2173/2173/2173
f 3620/3620/3620 274/274/274 276/276/276
f 1496/1496/1496 1687/1687/1687 3637/3637/3637
f 1050/1050/1050 3299/3299/3299 992/992/992
f 2553/2553/2553 1282/1282/1282 1156/1156/1156
f 3671/3671/3671 117/117/117 50/50/50
f 1795/1795/1795 838/838/838 2270/2270/2270
f 1574/1574/1574 3364/3364/3364 3168/3168/3168
f 1260/1260/1260 3240/3240/3240 3237/3237/3237
f 3432/3432/3432 3355/3355/3355 987/987/987
f 3310/3310/3310 293/293/293 289/289/289
f 3536/3536/3536 366/366/366 364/364/364
f 2232/2232/2232 2413/2413/2413 33/33/33
f 2456/2456/2456 2435/2435/2435 867/867/867
f 3333/3333/3333 2399/2399/2399 2395/2395/2395
f 3307/3307/3307 740/740/740 2369/2369/2369
f 579/579/579 755/755/755 418/418/418
f 84/84/84 117/117/117 86/86/86
f 1676/1676/1676 1728/1728/1728 2311/2311/2311
f 3567/3567/3567 2733/2733/2733 2729/2729/2729
f 2438/2438/2438 2435/2435/2435 2421/2421/2421
f 1514/1514/1514 1500/1500/1500 1498/1498/1498
f 842/842/842 2434/2434/2434 844/844/844
f 2969/2969/2969 3307/3307/3307 2967/2967/2967
f 1817/1817/1817 2464/2464/2464 979/979/979
f 3020/3020/3020 3540/3540/3540 1315/1315/1315
f 3561/3561/3561 853/853/853 2453/2453/2453
f 1575/1575/1575 1769/1769/1769 2382/2382/2382
f 2764/2764/2764 3068/3068/3068 3067/3067/3067
f 2452/2452/2452 2386/2386/2386 2186/2186/2186
f 3118/3118/3118 1795/1795/1795 2270/2270/2270
f 3531/3531/3531 1011/1011/1011 1074/1074/1074
f 1757/1757/1757 2989/2989/2989 1268/1268/1268
f 3462/3462/3462 2087/2087/2087 3444/3444/3444
f 2280/2280/2280 3129/3129/3129 3684/3684/3684
f 1621/1621/1621 3098/3098/3098 1623/1623/1623
f 3303/3303/3303 981/981/981 1212/1212/1212
f 1989/1989/1989 2772/2772/2772 2657/2657/2657
f 1143/1143/1143 2817/2817/2817 1106/1106/1106
f 3289/3289/3289 1260/1260/1260 1677/1677/1677
f 254/254/254 252/252/252 220/220/220
f 1840/1840/1840 45/45/45 2403/2403/2403
f 1291/1291/1291 419/419/419 2742/2742/2742
f 3224/3224/3224 3275/3275/3275 2959/2959/2959
f 3357/3357/3357 3346/3346/3346 692/692/692
f 3329/3329/3329 1964/1964/1964 1963/1963/1963
f 2384/2384/2384 3078/3078/3078 3182/3182/3182
f 2229/2229/2229 2035/2035/2035 2011/2011/2011
f 3461/3461/3461 37/37/37 35/35/35
f 3391/3391/3391 157/157/157 217/217/217
f 3205/3205/3205 1620/1620/1620 3098/3098/3098
f 233/233/233 269/269/269 258/258/258
f 3327/3327/3327 2773/2773/2773 1777/1777/1777
f 232/232/232 257/257/257 254/254/254
f 1858/1858/1858 3132/3132/3132 1783/1783/1783
f 3481/3481/3481 1732/1732/1732 419/419/419
f 853/853/853 3125/3125/3125 3589/3589/3589
f 360/360/360 317/317/317 321/321/321
f 359/359/359 320/320/320 316/316/316
f 123/123/123 49/49/49 125/125/125
f 1025/1025/1025 1029/1029/1029 2745/2745/2745
f 3459/3459/3459 3394/3394/3394 620/620/620
f 2359/2359/2359 684/684/684 645/645/645
f 771/771/771 477/477/477 1255/1255/1255
f 3060/3060/3060 3026/3026/3026 3023/3023/3023
f 1972/1972/1972 3442/3442/3442 2766/2766/2766
f 804/804/804 692/692/692 808/808/808
f 887/887/887 853/853/853 907/907/907
f 2223/2223/2223 2146/2146/2146 3658/3658/3658
f 1620/1620/1620 1574/1574/1574 3204/3204/3204
f 3354/3354/3354 2243/2243/2243 3404/3404/3404
f 969/969/969 1347/1347/1347 3307/3307/3307
f 1789/1789/1789 3609/3609/3609 3158/3158/3158
f 280/280/280 127/127/127 166/166/166
f 713/713/713 2928/2928/2928 2926/2926/2926
f 3418/3418/3418 1402/1402/1402 3657/3657/3657
f 3444/3444/3444 1749/1749/1749 845/845/845
f 1394/1394/1394 559/559/559 550/550/550
f 1509/1509/1509 3143/3143/3143 1473/1473/1473
f 2770/2770/2770 1972/1972/1972 2766/2766/2766
f 1637/1637/1637 1639/1639/1639 3208/3208/3208
f 3085/3085/3085 802/802/802 2824/2824/2824
f 1259/1259/1259 2970/2970/2970 3275/3275/3275
f 156/156/156 2557/2557/2557 243/243/243
f 3432/3432/3432 3358/3358/3358 3583/3583/3583
f 1258/1258/1258 3223/3223/3223 1757/1757/1757
f 3078/3078/3078 1576/1576/1576 2092/2092/2092
f 1742/1742/1742 3577/3577/3577 3247/3247/3247
f 3526/3526/3526 1929/1929/1929 1927/1927/1927
f 582/582/582 434/434/434 1225/1225/1225
f 3392/3392/3392 3682/3682/3682 400/400/400
f 1783/1783/1783 420/420/420 1845/1845/1845
f 2961/2961/2961 2623/2623/2623 3275/3275/3275
f 1469/1469/1469 1466/1466/1466 1471/1471/1471
f 2325/2325/2325 2341/2341/2341 2321/2321/2321
f 800/800/800 3563/3563/3563 1862/1862/1862
f 3336/3336/3336 3595/3595/3595 489/489/489
f 3461/3461/3461 2630/2630/2630 128/128/128
f 3550/3550/3550 163/163/163 296/296/296
f 3275/3275/3275 3591/3591/3591 2963/2963/2963
f 3549/3549/3549 144/144/144 127/127/127
f 3512/3512/3512 2913/2913/2913 1225/1225/1225
f 2379/2379/2379 2977/2977/2977 2372/2372/2372
f 3556/3556/3556 3369/3369/3369 803/803/803
f 538/538/538 521/521/521 519/519/519
f 2089/2089/2089 3444/3444/3444 287/287/287
f 3173/3173/3173 1560/1560/1560 1544/1544/1544
f 3620/3620/3620 288/288/288 292/292/292
f 3526/3526/3526 2779/2779/2779 1970/1970/1970
f 3462/3462/3462 3444/3444/3444 1378/1378/1378
f 2976/2976/2976 3501/3501/3501 2306/2306/2306
f 655/655/655 653/653/653 751/751/751
f 3500/3500/3500 2975/2975/2975 1676/1676/1676
f 3234/3234/3234 3078/3078/3078 3327/3327/3327
f 3435/3435/3435 117/117/117 56/56/56
f 1332/1332/1332 1328/1328/1328 3645/3645/3645
f 3692/3692/3692 3563/3563/3563 855/855/855
f 2250/2250/2250 2007/2007/2007 1847/1847/1847
f 3461/3461/3461 30/30/30 381/381/381
f 126/126/126 2277/2277/2277 63/63/63
f 1563/1563/1563 3321/3321/3321 3193/3193/3193
f 3409/3409/3409 2464/2464/2464 811/811/811
f 3492/3492/3492 3104/3104/3104 3657/3657/3657
f 660/660/660 658/658/658 751/751/751
f 2867/2867/2867 1188/1188/1188 2897/2897/2897
f 1916/1916/1916 2938/2938/2938 1896/1896/1896
f 1789/1789/1789 1523/1523/1523 3609/3609/3609
f 443/443/443 441/441/441 403/403/403
f 2380/2380/2380 2788/2788/2788 1109/1109/1109
f 1717/1717/1717 1735/1735/1735 3255/3255/3255
f 755/755/755 757/757/757 418/418/418
f 1840/1840/1840 2392/2392/2392 2401/2401/2401
f 303/303/303 2089/2089/2089 287/287/287
f 93/93/93 96/96/96 65/65/65
f 1347/1347/1347 1356/1356/1356 3028/3028/3028
f 2016/2016/2016 17/17/17 780/780/780
f 2382/2382/2382 1769/1769/1769 2383/2383/2383
f 3330/3330/3330 1379/1379/1379 1439/1439/1439
f 2415/2415/2415 567/567/567 2583/2583/2583
f 1494/1494/1494 3246/3246/3246 1495/1495/1495
f 3558/3558/3558 744/744/744 771/771/771
f 2094/2094/2094 3118/3118/3118 2270/2270/2270
f 2866/2866/2866 2636/2636/2636 2854/2854/2854
f 1284/1284/1284 1267/1267/1267 559/559/559
f 2270/2270/2270 801/801/801 3337/3337/3337
f 3533/3533/3533 688/688/688 692/692/692
f 752/752/752 3378/3378/3378 3479/3479/3479
f 2862/2862/2862 3067/3067/3067 2874/2874/2874
f 3123/3123/3123 874/874/874 881/881/881
f 692/692/692 3003/3003/3003 2836/2836/2836
f 2924/2924/2924 3015/3015/3015 2055/2055/2055
f 970/970/970 968/968/968 966/966/966
f 1676/1676/1676 1720/1720/1720 2298/2298/2298
f 1484/1484/1484 1463/1463/1463 1509/1509/1509
f 2277/2277/2277 76/76/76 68/68/68
f 3475/3475/3475 2443/2443/2443 822/822/822
f 692/692/692 2836/2836/2836 1038/1038/1038
f 732/732/732 3489/3489/3489 3169/3169/3169
f 422/422/422 3085/3085/3085 3309/3309/3309
f 3401/3401/3401 17/17/17 2413/2413/2413
f 3268/3268/3268 3366/3366/3366 1590/1590/1590
f 2743/2743/2743 1109/1109/1109 2802/2802/2802
f 1845/1845/1845 3094/3094/3094 3110/3110/3110
f 2792/2792/2792 2226/2226/2226 2504/2504/2504
f 3203/3203/3203 1858/1858/1858 1857/1857/1857
f 457/457/457 461/461/461 3025/3025/3025
f 3420/3420/3420 773/773/773 2359/2359/2359
f 497/497/497 699/699/699 495/495/495
f 503/503/503 751/751/751 772/772/772
f 3307/3307/3307 2185/2185/2185 2385/2385/2385
f 486/486/486 3595/3595/3595 514/514/514
f 3465/3465/3465 2413/2413/2413 298/298/298
f 3464/3464/3464 287/287/287 32/32/32
f 1267/1267/1267 1325/1325/1325 559/559/559
f 868/868/868 2371/2371/2371 2462/2462/2462
f 453/453/453 752/752/752 449/449/449
f 904/904/904 2467/2467/2467 2466/2466/2466
f 109/109/109 3605/3605/3605 94/94/94
f 2653/2653/2653 1791/1791/1791 1377/1377/1377
f 477/477/477 3273/3273/3273 3131/3131/3131
f 874/874/874 955/955/955 3578/3578/3578
f 234/234/234 281/281/281 167/167/167
f 2589/2589/2589 2838/2838/2838 2840/2840/2840
f 3556/3556/3556 3129/3129/3129 2139/2139/2139
f 1456/1456/1456 718/718/718 1280/1280/1280
f 3442/3442/3442 2860/2860/2860 2766/2766/2766
f 2383/2383/2383 3609/3609/3609 2382/2382/2382
f 2354/2354/2354 2355/2355/2355 798/798/798
f 3199/3199/3199 1574/1574/1574 3227/3227/3227
f 3488/3488/3488 2355/2355/2355 914/914/914
f 2986/2986/2986 713/713/713 2990/2990/2990
f 1060/1060/1060 3326/3326/3326 2754/2754/2754
f 2203/2203/2203 3307/3307/3307 2031/2031/2031
f 1512/1512/1512 1830/1830/1830 3609/3609/3609
f 2510/2510/2510 1884/1884/1884 1964/1964/1964
f 2074/2074/2074 2102/2102/2102 2766/2766/2766
f 1871/1871/1871 1823/1823/1823 3439/3439/3439
f 157/157/157 3271/3271/3271 264/264/264
f 3652/3652/3652 1207/1207/1207 2752/2752/2752
f 3324/3324/3324 408/408/408 3437/3437/3437
f 3303/3303/3303 1569/1569/1569 1605/1605/1605
f 861/861/861 2464/2464/2464 857/857/857
f 3115/3115/3115 3093/3093/3093 1838/1838/1838
f 3304/3304/3304 1569/1569/1569 1469/1469/1469
f 2016/2016/2016 3458/3458/3458 2079/2079/2079
f 3540/3540/3540 3020/3020/3020 1359/1359/1359
f 3169/3169/3169 738/738/738 732/732/732
f 2015/2015/2015 779/779/779 2409/2409/2409
f 1317/1317/1317 751/751/751 563/563/563
f 2290/2290/2290 50/50/50 117/117/117
f 3454/3454/3454 187/187/187 254/254/254
f 3652/3652/3652 3650/3650/3650 2239/2239/2239
f 3239/3239/3239 384/384/384 380/380/380
f 3303/3303/3303 2325/2325/2325 2317/2317/2317
f 418/418/418 387/387/387 775/775/775
f 3691/3691/3691 854/854/854 3095/3095/3095
f 3289/3289/3289 1755/1755/1755 1260/1260/1260
f 468/468/468 439/439/439 1696/1696/1696
f 3156/3156/3156 3232/3232/3232 1496/1496/1496
f 363/363/363 2965/2965/2965 330/330/330
f 1122/1122/1122 3140/3140/3140 3609/3609/3609
f 1985/1985/1985 2063/2063/2063 2061/2061/2061
f 154/154/154 243/243/243 215/215/215
f 1011/1011/1011 641/641/641 1202/1202/1202
f 3460/3460/3460 621/621/621 656/656/656
f 741/741/741 3588/3588/3588 419/419/419
f 2426/2426/2426 1382/1382/1382 3491/3491/3491
f 1701/1701/1701 1495/1495/1495 1713/1713/1713
f 2880/2880/2880 3078/3078/3078 628/628/628
f 2218/2218/2218 1865/1865/1865 3115/3115/3115
f 3337/3337/3337 3011/3011/3011 2013/2013/2013
f 2085/2085/2085 404/404/404 3437/3437/3437
f 3095/3095/3095 471/471/471 1834/1834/1834
f 3539/3539/3539 3060/3060/3060 1314/1314/1314
f 1242/1242/1242 3462/3462/3462 1378/1378/1378
f 468/468/468 441/441/441 443/443/443
f 2288/2288/2288 2284/2284/2284 2286/2286/2286
f 3588/3588/3588 1665/1665/1665 419/419/419
f 2721/2721/2721 2727/2727/2727 2754/2754/2754
f 254/254/254 240/240/240 3454/3454/3454
f 296/296/296 83/83/83 234/234/234
f 1464/1464/1464 492/492/492 480/480/480
f 363/363/363 1378/1378/1378 3444/3444/3444
f 2158/2158/2158 2163/2163/2163 2154/2154/2154
f 1568/1568/1568 1555/1555/1555 1560/1560/1560
f 1811/1811/1811 762/762/762 1225/1225/1225
f 3060/3060/3060 3539/3539/3539 1358/1358/1358
f 2346/2346/2346 1591/1591/1591 2361/2361/2361
f 1676/1676/1676 3359/3359/3359 2827/2827/2827
f 559/559/559 1325/1325/1325 561/561/561
f 1745/1745/1745 2287/2287/2287 3005/3005/3005
f 383/383/383 385/385/385 3461/3461/3461
f 2211/2211/2211 1549/1549/1549 3189/3189/3189
f 3193/3193/3193 3187/3187/3187 3185/3185/3185
f 3431/3431/3431 1156/1156/1156 1111/1111/1111
f 3620/3620/3620 386/386/386 303/303/303
f 3067/3067/3067 3074/3074/3074 1342/1342/1342
f 1813/1813/1813 2754/2754/2754 1049/1049/1049
f 3190/3190/3190 1469/1469/1469 3188/3188/3188
f 2418/2418/2418 2371/2371/2371 2420/2420/2420
f 713/713/713 2368/2368/2368 3169/3169/3169
f 3138/3138/3138 1549/1549/1549 2211/2211/2211
f 968/968/968 989/989/989 992/992/992
f 3320/3320/3320 1791/1791/1791 1788/1788/1788
f 3543/3543/3543 3161/3161/3161 1496/1496/1496
f 3165/3165/3165 989/989/989 948/948/948
f 2479/2479/2479 3301/3301/3301 853/853/853
f 1616/1616/1616 3174/3174/3174 1537/1537/1537
f 1602/1602/1602 1671/1671/1671 1777/1777/1777
f 1560/1560/1560 1536/1536/1536 3176/3176/3176
f 3178/3178/3178 1560/1560/1560 3176/3176/3176
f 3657/3657/3657 3147/3147/3147 3087/3087/3087
f 1095/1095/1095 1840/1840/1840 1836/1836/1836
f 1099/1099/1099 1921/1921/1921 3006/3006/3006
f 3243/3243/3243 2270/2270/2270 1493/1493/1493
f 2895/2895/2895 3609/3609/3609 1521/1521/1521
f 1219/1219/1219 1279/1279/1279 3000/3000/3000
f 2314/2314/2314 2306/2306/2306 1729/1729/1729
f 3174/3174/3174 1533/1533/1533 3172/3172/3172
f 1183/1183/1183 1174/1174/1174 2884/2884/2884
f 1560/1560/1560 3173/3173/3173 1534/1534/1534
f 3436/3436/3436 57/57/57 80/80/80
f 599/599/599 1011/1011/1011 1233/1233/1233
f 2347/2347/2347 2325/2325/2325 1592/1592/1592
f 1469/1469/1469 1569/1569/1569 1560/1560/1560
f 3048/3048/3048 2772/2772/2772 3050/3050/3050
f 3271/3271/3271 97/97/97 2409/2409/2409
f 379/379/379 383/383/383 364/364/364
f 3002/3002/3002 1884/1884/1884 1883/1883/1883
f 699/699/699 3432/3432/3432 982/982/982
f 1880/1880/1880 3008/3008/3008 3030/3030/3030
f 2929/2929/2929 2925/2925/2925 1219/1219/1219
f 3127/3127/3127 982/982/982 649/649/649
f 1126/1126/1126 2255/2255/2255 1143/1143/1143
f 3427/3427/3427 1432/1432/1432 3468/3468/3468
f 2639/2639/2639 2957/2957/2957 1907/1907/1907
f 3604/3604/3604 3082/3082/3082 1406/1406/1406
f 837/837/837 833/833/833 3604/3604/3604
f 1871/1871/1871 1653/1653/1653 3353/3353/3353
f 2435/2435/2435 2464/2464/2464 867/867/867
f 1211/1211/1211 1190/1190/1190 2900/2900/2900
f 406/406/406 3324/3324/3324 3437/3437/3437
f 522/522/522 1464/1464/1464 520/520/520
f 3313/3313/3313 2211/2211/2211 3193/3193/3193
f 1388/1388/1388 3419/3419/3419 3087/3087/3087
f 52/52/52 3338/3338/3338 2277/2277/2277
f 706/706/706 1211/1211/1211 2910/2910/2910
f 1691/1691/1691 1522/1522/1522 3155/3155/3155
f 1521/1521/1521 3609/3609/3609 3154/3154/3154
f 3415/3415/3415 1756/1756/1756 1760/1760/1760
f 2452/2452/2452 3602/3602/3602 1828/1828/1828
f 2437/2437/2437 2420/2420/2420 2371/2371/2371
f 1518/1518/1518 1502/1502/1502 1514/1514/1514
f 1518/1518/1518 1514/1514/1514 1516/1516/1516
f 728/728/728 3169/3169/3169 604/604/604
f 831/831/831 3604/3604/3604 2425/2425/2425
f 2800/2800/2800 3495/3495/3495 2683/2683/2683
f 3428/3428/3428 1228/1228/1228 1203/1203/1203
f 3337/3337/3337 1475/1475/1475 1505/1505/1505
f 3611/3611/3611 3394/3394/3394 3632/3632/3632
f 1514/1514/1514 3098/3098/3098 1509/1509/1509
f 3645/3645/3645 534/534/534 532/532/532
f 1482/1482/1482 1484/1484/1484 1509/1509/1509
f 1474/1474/1474 3142/3142/3142 3144/3144/3144
f 1489/1489/1489 1462/1462/1462 1474/1474/1474
f 2565/2565/2565 2983/2983/2983 3008/3008/3008
f 3407/3407/3407 3528/3528/3528 3641/3641/3641
f 2037/2037/2037 2229/2229/2229 2041/2041/2041
f 1146/1146/1146 592/592/592 1237/1237/1237
f 3127/3127/3127 1156/1156/1156 982/982/982
f 1481/1481/1481 1474/1474/1474 1483/1483/1483
f 2062/2062/2062 3526/3526/3526 2362/2362/2362
f 2701/2701/2701 1021/1021/1021 2694/2694/2694
f 1884/1884/1884 2508/2508/2508 2495/2495/2495
f 2591/2591/2591 2250/2250/2250 2892/2892/2892
f 3585/3585/3585 1470/1470/1470 1474/1474/1474
f 2600/2600/2600 3332/3332/3332 572/572/572
f 3143/3143/3143 1509/1509/1509 3145/3145/3145
f 3142/3142/3142 1474/1474/1474 3609/3609/3609
f 1469/1469/1469 3137/3137/3137 1466/1466/1466
f 3136/3136/3136 1474/1474/1474 1465/1465/1465
f 2582/2582/2582 2575/2575/2575 960/960/960
f 1453/1453/1453 3133/3133/3133 1455/1455/1455
f 2869/2869/2869 2871/2871/2871 1155/1155/1155
f 2893/2893/2893 790/790/790 2766/2766/2766
f 3443/3443/3443 1974/1974/1974 2636/2636/2636
f 3443/3443/3443 2636/2636/2636 2861/2861/2861
f 1757/1757/1757 3201/3201/3201 969/969/969
f 2782/2782/2782 3334/3334/3334 222/222/222
f 3248/3248/3248 1714/1714/1714 1717/1717/1717
f 1152/1152/1152 1155/1155/1155 1154/1154/1154
f 3465/3465/3465 33/33/33 2413/2413/2413
f 839/839/839 1796/1796/1796 1495/1495/1495
f 3193/3193/3193 3174/3174/3174 3313/3313/3313
f 2441/2441/2441 2924/2924/2924 2055/2055/2055
f 3566/3566/3566 1485/1485/1485 504/504/504
f 3508/3508/3508 2496/2496/2496 2229/2229/2229
f 3626/3626/3626 3249/3249/3249 2167/2167/2167
f 3231/3231/3231 1532/1532/1532 1495/1495/1495
f 2767/2767/2767 3369/3369/3369 2226/2226/2226
f 3343/3343/3343 2199/2199/2199 3010/3010/3010
f 2378/2378/2378 1916/1916/1916 2362/2362/2362
f 383/383/383 3192/3192/3192 329/329/329
f 3517/3517/3517 1143/1143/1143 2832/2832/2832
f 2377/2377/2377 1917/1917/1917 1921/1921/1921
f 1514/1514/1514 3159/3159/3159 3163/3163/3163
f 1241/1241/1241 903/903/903 3332/3332/3332
f 3441/3441/3441 296/296/296 268/268/268
f 747/747/747 752/752/752 512/512/512
f 3169/3169/3169 698/698/698 696/696/696
f 2464/2464/2464 873/873/873 3562/3562/3562
f 1752/1752/1752 3276/3276/3276 3289/3289/3289
f 2902/2902/2902 2936/2936/2936 1225/1225/1225
f 3595/3595/3595 485/485/485 505/505/505
f 2944/2944/2944 1529/1529/1529 3025/3025/3025
f 2463/2463/2463 2435/2435/2435 869/869/869
f 3328/3328/3328 2790/2790/2790 2685/2685/2685
f 400/400/400 2009/2009/2009 1804/1804/1804
f 1378/1378/1378 36/36/36 18/18/18
f 481/481/481 538/538/538 507/507/507
f 1665/1665/1665 2742/2742/2742 419/419/419
f 1292/1292/1292 2409/2409/2409 3348/3348/3348
f 181/181/181 254/254/254 179/179/179
f 1786/1786/1786 2532/2532/2532 2586/2586/2586
f 2236/2236/2236 2238/2238/2238 3249/3249/3249
f 3532/3532/3532 1075/1075/1075 3394/3394/3394
f 1520/1520/1520 3397/3397/3397 1691/1691/1691
f 385/385/385 3390/3390/3390 216/216/216
f 2608/2608/2608 2432/2432/2432 842/842/842
f 2589/2589/2589 2750/2750/2750 2757/2757/2757
f 1122/1122/1122 3609/3609/3609 1523/1523/1523
f 3228/3228/3228 1699/1699/1699 1705/1705/1705
f 3012/3012/3012 3268/3268/3268 3228/3228/3228
f 3251/3251/3251 3659/3659/3659 1714/1714/1714
f 3573/3573/3573 3641/3641/3641 515/515/515
f 17/17/17 2079/2079/2079 2413/2413/2413
f 2743/2743/2743 2801/2801/2801 1109/1109/1109
f 1514/1514/1514 1509/1509/1509 1473/1473/1473
f 1211/1211/1211 1598/1598/1598 2884/2884/2884
f 2366/2366/2366 752/752/752 397/397/397
f 673/673/673 3201/3201/3201 1742/1742/1742
f 2409/2409/2409 935/935/935 3271/3271/3271
f 2247/2247/2247 3008/3008/3008 2129/2129/2129
f 3497/3497/3497 2355/2355/2355 912/912/912
f 3632/3632/3632 3394/3394/3394 670/670/670
f 2258/2258/2258 3271/3271/3271 133/133/133
f 2331/2331/2331 2317/2317/2317 2333/2333/2333
f 1524/1524/1524 1790/1790/1790 1514/1514/1514
f 1184/1184/1184 2954/2954/2954 2951/2951/2951
f 2260/2260/2260 60/60/60 117/117/117
f 2754/2754/2754 1051/1051/1051 2731/2731/2731
f 3270/3270/3270 269/269/269 150/150/150
f 3322/3322/3322 1564/1564/1564 1560/1560/1560
f 3544/3544/3544 1514/1514/1514 3163/3163/3163
f 2289/2289/2289 3005/3005/3005 2306/2306/2306
f 3310/3310/3310 2809/2809/2809 293/293/293
f 2769/2769/2769 1976/1976/1976 2772/2772/2772
f 476/476/476 1280/1280/1280 493/493/493
f 2690/2690/2690 2774/2774/2774 2675/2675/2675
f 2556/2556/2556 155/155/155 254/254/254
f 3288/3288/3288 1453/1453/1453 1755/1755/1755
f 2105/2105/2105 2113/2113/2113 2259/2259/2259
f 352/352/352 321/321/321 350/350/350
f 2104/2104/2104 2766/2766/2766 2112/2112/2112
f 843/843/843 2433/2433/2433 2443/2443/2443
f 891/891/891 3332/3332/3332 889/889/889
f 1986/1986/1986 1954/1954/1954 1890/1890/1890
f 457/457/457 1608/1608/1608 461/461/461
f 2185/2185/2185 3307/3307/3307 1722/1722/1722
f 2066/2066/2066 1208/1208/1208 979/979/979
f 2443/2443/2443 834/834/834 2431/2431/2431
f 139/139/139 195/195/195 3389/3389/3389
f 3384/3384/3384 3051/3051/3051 3566/3566/3566
f 601/601/601 968/968/968 943/943/943
f 3310/3310/3310 289/289/289 291/291/291
f 601/601/601 919/919/919 968/968/968
f 3090/3090/3090 3124/3124/3124 3288/3288/3288
f 3404/3404/3404 2262/2262/2262 3354/3354/3354
f 1467/1467/1467 3335/3335/3335 3566/3566/3566
f 376/376/376 356/356/356 364/364/364
f 3332/3332/3332 2349/2349/2349 3383/3383/3383
f 419/419/419 401/401/401 3481/3481/3481
f 968/968/968 1130/1130/1130 622/622/622
f 2923/2923/2923 1174/1174/1174 1221/1221/1221
f 1986/1986/1986 2713/2713/2713 2026/2026/2026
f 375/375/375 347/347/347 320/320/320
f 955/955/955 952/952/952 3578/3578/3578
f 705/705/705 1155/1155/1155 1148/1148/1148
f 3570/3570/3570 2583/2583/2583 720/720/720
f 3365/3365/3365 3364/3364/3364 1589/1589/1589
f 420/420/420 40/40/40 821/821/821
f 346/346/346 383/383/383 3461/3461/3461
f 2121/2121/2121 1378/1378/1378 371/371/371
f 3198/3198/3198 1424/1424/1424 1426/1426/1426
f 2288/2288/2288 3359/3359/3359 1676/1676/1676
f 3078/3078/3078 3234/3234/3234 1691/1691/1691
f 3105/3105/3105 1766/1766/1766 1419/1419/1419
f 3554/3554/3554 2690/2690/2690 2675/2675/2675
f 3641/3641/3641 710/710/710 3690/3690/3690
f 3525/3525/3525 364/364/364 366/366/366
f 2256/2256/2256 2824/2824/2824 3467/3467/3467
f 3364/3364/3364 3264/3264/3264 3498/3498/3498
f 135/135/135 137/137/137 80/80/80
f 2435/2435/2435 2459/2459/2459 869/869/869
f 134/134/134 117/117/117 136/136/136
f 1553/1553/1553 707/707/707 921/921/921
f 3414/3414/3414 1121/1121/1121 2821/2821/2821
f 751/751/751 1317/1317/1317 1321/1321/1321
f 749/749/749 771/771/771 654/654/654
f 2712/2712/2712 2706/2706/2706 2924/2924/2924
f 353/353/353 351/351/351 2288/2288/2288
f 1400/1400/1400 3657/3657/3657 1402/1402/1402
f 1382/1382/1382 3088/3088/3088 1399/1399/1399
f 1454/1454/1454 1971/1971/1971 3604/3604/3604
f 17/17/17 2887/2887/2887 8/8/8
f 3090/3090/3090 1382/1382/1382 2280/2280/2280
f 3299/3299/3299 2710/2710/2710 992/992/992
f 321/321/321 317/317/317 319/319/319
f 603/603/603 1202/1202/1202 947/947/947
f 729/729/729 771/771/771 1255/1255/1255
f 3524/3524/3524 365/365/365 363/363/363
f 765/765/765 539/539/539 751/751/751
f 734/734/734 2980/2980/2980 711/711/711
f 3174/3174/3174 1547/1547/1547 3179/3179/3179
f 335/335/335 302/302/302 338/338/338
f 3474/3474/3474 1845/1845/1845 1837/1837/1837
f 106/106/106 80/80/80 119/119/119
f 1341/1341/1341 1363/1363/1363 1346/1346/1346
f 338/338/338 3448/3448/3448 325/325/325
f 751/751/751 748/748/748 513/513/513
f 3288/3288/3288 1766/1766/1766 3681/3681/3681
f 1170/1170/1170 1169/1169/1169 1172/1172/1172
f 3501/3501/3501 2293/2293/2293 2306/2306/2306
f 2409/2409/2409 3166/3166/3166 1261/1261/1261
f 1338/1338/1338 3067/3067/3067 1336/1336/1336
f 1219/1219/1219 1323/1323/1323 3033/3033/3033
f 1368/1368/1368 1376/1376/1376 3077/3077/3077
f 377/377/377 3445/3445/3445 320/320/320
f 3406/3406/3406 1443/1443/1443 1553/1553/1553
f 231/231/231 269/269/269 256/256/256
f 3648/3648/3648 373/373/373 363/363/363
f 3567/3567/3567 1787/1787/1787 2537/2537/2537
f 3070/3070/3070 2862/2862/2862 2863/2863/2863
f 371/371/371 1378/1378/1378 345/345/345
f 3641/3641/3641 725/725/725 699/699/699
f 231/231/231 139/139/139 269/269/269
f 1992/1992/1992 1875/1875/1875 1964/1964/1964
f 2365/2365/2365 396/396/396 2359/2359/2359
f 1170/1170/1170 1182/1182/1182 1169/1169/1169
f 3578/3578/3578 2560/2560/2560 874/874/874
f 740/740/740 3307/3307/3307 1347/1347/1347
f 1228/1228/1228 673/673/673 418/418/418
f 3124/3124/3124 1453/1453/1453 3288/3288/3288
f 2122/2122/2122 372/372/372 3461/3461/3461
f 2435/2435/2435 3476/3476/3476 823/823/823
f 1308/1308/1308 1354/1354/1354 3025/3025/3025
f 294/294/294 127/127/127 314/314/314
f 1717/1717/1717 3267/3267/3267 3253/3253/3253
f 2261/2261/2261 80/80/80 61/61/61
f 3371/3371/3371 3005/3005/3005 2285/2285/2285
f 2229/2229/2229 2494/2494/2494 2507/2507/2507
f 2270/2270/2270 1531/1531/1531 3230/3230/3230
f 855/855/855 3563/3563/3563 3014/3014/3014
f 1503/1503/1503 3337/3337/3337 1505/1505/1505
f 3490/3490/3490 733/733/733 771/771/771
f 3035/3035/3035 1313/1313/1313 1155/1155/1155
f 1812/1812/1812 1048/1048/1048 2745/2745/2745
f 1906/1906/1906 1653/1653/1653 1902/1902/1902
f 3471/3471/3471 3526/3526/3526 2058/2058/2058
f 287/287/287 306/306/306 303/303/303
f 3271/3271/3271 2631/2631/2631 152/152/152
f 2464/2464/2464 2435/2435/2435 1743/1743/1743
f 2464/2464/2464 3562/3562/3562 2454/2454/2454
f 1019/1019/1019 2763/2763/2763 2692/2692/2692
f 1147/1147/1147 2856/2856/2856 2859/2859/2859
f 2150/2150/2150 2180/2180/2180 2187/2187/2187
f 3556/3556/3556 3294/3294/3294 3250/3250/3250
f 3325/3325/3325 1059/1059/1059 2763/2763/2763
f 1280/1280/1280 559/559/559 538/538/538
f 3275/3275/3275 3386/3386/3386 2961/2961/2961
f 2966/2966/2966 383/383/383 331/331/331
f 2357/2357/2357 1247/1247/1247 1224/1224/1224
f 3435/3435/3435 2260/2260/2260 117/117/117
f 2851/2851/2851 421/421/421 3247/3247/3247
f 3601/3601/3601 3211/3211/3211 3216/3216/3216
f 94/94/94 62/62/62 83/83/83
f 1551/1551/1551 801/801/801 2211/2211/2211
f 474/474/474 1797/1797/1797 410/410/410
f 3008/3008/3008 2981/2981/2981 2978/2978/2978
f 2230/2230/2230 2216/2216/2216 2212/2212/2212
f 3426/3426/3426 1433/1433/1433 1766/1766/1766
f 1742/1742/1742 3201/3201/3201 3577/3577/3577
f 2422/2422/2422 828/828/828 2443/2443/2443
f 386/386/386 127/127/127 3239/3239/3239
f 1496/1496/1496 3316/3316/3316 1510/1510/1510
f 1879/1879/1879 1286/1286/1286 419/419/419
f 838/838/838 2382/2382/2382 2270/2270/2270
f 801/801/801 2270/2270/2270 2382/2382/2382
f 3448/3448/3448 3310/3310/3310 3640/3640/3640
f 2566/2566/2566 2021/2021/2021 2984/2984/2984
f 692/692/692 690/690/690 3582/3582/3582
f 3412/3412/3412 2412/2412/2412 2767/2767/2767
f 3146/3146/3146 1382/1382/1382 3086/3086/3086
f 3563/3563/3563 1835/1835/1835 472/472/472
f 3620/3620/3620 285/285/285 274/274/274
f 3310/3310/3310 83/83/83 296/296/296
f 3657/3657/3657 2335/2335/2335 3628/3628/3628
f 1347/1347/1347 3529/3529/3529 1285/1285/1285
f 400/400/400 1808/1808/1808 427/427/427
f 3548/3548/3548 1219/1219/1219 1257/1257/1257
f 3633/3633/3633 1238/1238/1238 2980/2980/2980
f 947/947/947 1202/1202/1202 673/673/673
f 3356/3356/3356 477/477/477 988/988/988
f 2766/2766/2766 2847/2847/2847 2845/2845/2845
f 846/846/846 2413/2413/2413 2232/2232/2232
f 264/264/264 3271/3271/3271 284/284/284
f 3658/3658/3658 2038/2038/2038 2042/2042/2042
f 2766/2766/2766 2860/2860/2860 2876/2876/2876
f 3375/3375/3375 1916/1916/1916 1913/1913/1913
f 3196/3196/3196 3250/3250/3250 3294/3294/3294
f 1858/1858/1858 2219/2219/2219 1868/1868/1868
f 538/538/538 523/523/523 521/521/521
f 1788/1788/1788 1792/1792/1792 3274/3274/3274
f 2639/2639/2639 3367/3367/3367 1940/1940/1940
f 1330/1330/1330 1334/1334/1334 1336/1336/1336
f 1858/1858/1858 1870/1870/1870 3450/3450/3450
f 3641/3641/3641 3528/3528/3528 1815/1815/1815
f 204/204/204 385/385/385 278/278/278
f 981/981/981 1605/1605/1605 3199/3199/3199
f 2543/2543/2543 3567/3567/3567 2541/2541/2541
f 198/198/198 3334/3334/3334 200/200/200
f 2965/2965/2965 363/363/363 336/336/336
f 1347/1347/1347 1310/1310/1310 1318/1318/1318
f 2257/2257/2257 3461/3461/3461 261/261/261
f 3004/3004/3004 3377/3377/3377 3169/3169/3169
f 2511/2511/2511 2494/2494/2494 2229/2229/2229
f 751/751/751 539/539/539 469/469/469
f 2229/2229/2229 2207/2207/2207 2460/2460/2460
f 1816/1816/1816 978/978/978 853/853/853
f 699/699/699 723/723/723 719/719/719
f 378/378/378 360/360/360 321/321/321
f 171/171/171 234/234/234 269/269/269
f 2999/2999/2999 1278/1278/1278 3307/3307/3307
f 678/678/678 3541/3541/3541 1202/1202/1202
f 3198/3198/3198 2083/2083/2083 1422/1422/1422
f 2371/2371/2371 2443/2443/2443 851/851/851
f 2491/2491/2491 1921/1921/1921 2047/2047/2047
f 2259/2259/2259 2040/2040/2040 2046/2046/2046
f 863/863/863 689/689/689 3169/3169/3169
f 49/49/49 2291/2291/2291 125/125/125
f 3414/3414/3414 2821/2821/2821 1002/1002/1002
f 185/185/185 254/254/254 183/183/183
f 2650/2650/2650 2918/2918/2918 1174/1174/1174
f 2787/2787/2787 1102/1102/1102 947/947/947
f 1260/1260/1260 3242/3242/3242 1637/1637/1637
f 260/260/260 256/256/256 269/269/269
f 3461/3461/3461 19/19/19 37/37/37
f 269/269/269 227/227/227 225/225/225
f 157/157/157 223/223/223 269/269/269
f 2970/2970/2970 2968/2968/2968 3275/3275/3275
f 794/794/794 2358/2358/2358 2353/2353/2353
f 2808/2808/2808 3620/3620/3620 292/292/292
f 2702/2702/2702 1031/1031/1031 2690/2690/2690
f 3445/3445/3445 355/355/355 320/320/320
f 3307/3307/3307 1256/1256/1256 1231/1231/1231
f 254/254/254 178/178/178 250/250/250
f 385/385/385 248/248/248 158/158/158
f 2980/2980/2980 1238/1238/1238 2950/2950/2950
f 1171/1171/1171 1174/1174/1174 1183/1183/1183
f 441/441/441 468/468/468 1696/1696/1696
f 2690/2690/2690 2686/2686/2686 1012/1012/1012
f 935/935/935 1036/1036/1036 3271/3271/3271
f 3329/3329/3329 2681/2681/2681 1964/1964/1964
f 3423/3423/3423 1078/1078/1078 477/477/477
f 3211/3211/3211 1615/1615/1615 1613/1613/1613
f 2993/2993/2993 1270/1270/1270 1757/1757/1757
f 2507/2507/2507 3508/3508/3508 2229/2229/2229
f 1733/1733/1733 1871/1871/1871 3439/3439/3439
f 3661/3661/3661 1666/1666/1666 3247/3247/3247
f 1952/1952/1952 2021/2021/2021 2839/2839/2839
f 3525/3525/3525 342/342/342 364/364/364
f 3620/3620/3620 290/290/290 288/288/288
f 2996/2996/2996 1271/1271/1271 713/713/713
f 3620/3620/3620 303/303/303 290/290/290
f 364/364/364 337/337/337 3536/3536/3536
f 3565/3565/3565 3526/3526/3526 1925/1925/1925
f 2354/2354/2354 793/793/793 2355/2355/2355
f 3409/3409/3409 3590/3590/3590 2464/2464/2464
f 2824/2824/2824 3478/3478/3478 3085/3085/3085
f 836/836/836 2426/2426/2426 832/832/832
f 3592/3592/3592 713/713/713 2964/2964/2964
f 3394/3394/3394 1253/1253/1253 590/590/590
f 1871/1871/1871 3482/3482/3482 1797/1797/1797
f 3617/3617/3617 3437/3437/3437 1214/1214/1214
f 277/277/277 275/275/275 3310/3310/3310
f 276/276/276 272/272/272 3620/3620/3620
f 3616/3616/3616 1213/1213/1213 400/400/400
f 408/408/408 2085/2085/2085 3437/3437/3437
f 2519/2519/2519 909/909/909 2498/2498/2498
f 1464/1464/1464 480/480/480 506/506/506
f 879/879/879 2464/2464/2464 859/859/859
f 2079/2079/2079 1293/1293/1293 3349/3349/3349
f 692/692/692 1754/1754/1754 3577/3577/3577
f 2931/2931/2931 1225/1225/1225 759/759/759
f 1717/1717/1717 3253/3253/3253 1586/1586/1586
f 3660/3660/3660 2330/2330/2330 2332/2332/2332
f 3440/3440/3440 127/127/127 235/235/235
f 2716/2716/2716 992/992/992 2714/2714/2714
f 3178/3178/3178 3180/3180/3180 1560/1560/1560
f 2084/2084/2084 407/407/407 443/443/443
f 1511/1511/1511 1514/1514/1514 3544/3544/3544
f 3067/3067/3067 3079/3079/3079 1364/1364/1364
f 3383/3383/3383 922/922/922 3332/3332/3332
f 3341/3341/3341 2616/2616/2616 948/948/948
f 2986/2986/2986 3225/3225/3225 2960/2960/2960
f 3328/3328/3328 2825/2825/2825 3042/3042/3042
f 3652/3652/3652 853/853/853 1207/1207/1207
f 717/717/717 3641/3641/3641 3690/3690/3690
f 2277/2277/2277 74/74/74 76/76/76
f 296/296/296 3441/3441/3441 236/236/236
f 1209/1209/1209 1200/1200/1200 1155/1155/1155
f 1109/1109/1109 2819/2819/2819 1120/1120/1120
f 1340/1340/1340 585/585/585 1289/1289/1289
f 3471/3471/3471 2067/2067/2067 3354/3354/3354
f 3419/3419/3419 432/432/432 3084/3084/3084
f 751/751/751 737/737/737 668/668/668
f 1695/1695/1695 17/17/17 1243/1243/1243
f 2900/2900/2900 1197/1197/1197 1211/1211/1211
f 1211/1211/1211 1230/1230/1230 1190/1190/1190
f 2869/2869/2869 1196/1196/1196 2899/2899/2899
f 3132/3132/3132 2281/2281/2281 2278/2278/2278
f 1711/1711/1711 2083/2083/2083 807/807/807
f 3546/3546/3546 17/17/17 21/21/21
f 1491/1491/1491 1474/1474/1474 3144/3144/3144
f 1163/1163/1163 1172/1172/1172 1169/1169/1169
f 1228/1228/1228 1186/1186/1186 2897/2897/2897
f 1035/1035/1035 681/681/681 1082/1082/1082
f 1660/1660/1660 1681/1681/1681 1260/1260/1260
f 1691/1691/1691 1690/1690/1690 1675/1675/1675
f 1556/1556/1556 1125/1125/1125 3674/3674/3674
f 656/656/656 621/621/621 1117/1117/1117
f 470/470/470 751/751/751 770/770/770
f 2192/2192/2192 2196/2196/2196 2152/2152/2152
f 741/741/741 419/419/419 2370/2370/2370
f 1616/1616/1616 2336/2336/2336 3174/3174/3174
f 3667/3667/3667 1620/1620/1620 3209/3209/3209
f 816/816/816 818/818/818 2371/2371/2371
f 1620/1620/1620 3204/3204/3204 3304/3304/3304
f 2438/2438/2438 850/850/850 2435/2435/2435
f 819/819/819 817/817/817 2435/2435/2435
f 1217/1217/1217 1228/1228/1228 2919/2919/2919
f 2443/2443/2443 836/836/836 834/834/834
f 128/128/128 130/130/130 3461/3461/3461
f 3547/3547/3547 3307/3307/3307 1278/1278/1278
f 3198/3198/3198 1428/1428/1428 3117/3117/3117
f 2378/2378/2378 1915/1915/1915 1916/1916/1916
f 1856/1856/1856 3655/3655/3655 3095/3095/3095
f 549/549/549 1389/1389/1389 3566/3566/3566
f 1177/1177/1177 2948/2948/2948 2980/2980/2980
f 129/129/129 3271/3271/3271 131/131/131
f 49/49/49 150/150/150 138/138/138
f 385/385/385 263/263/263 283/283/283
f 3453/3453/3453 239/239/239 243/243/243
f 799/799/799 1861/1861/1861 3095/3095/3095
f 3553/3553/3553 2163/2163/2163 3249/3249/3249
f 1211/1211/1211 1174/1174/1174 1230/1230/1230
f 1109/1109/1109 2814/2814/2814 1114/1114/1114
f 3128/3128/3128 650/650/650 1146/1146/1146
f 3296/3296/3296 3399/3399/3399 3437/3437/3437
f 1998/1998/1998 2006/2006/2006 2636/2636/2636
f 3406/3406/3406 1553/1553/1553 1754/1754/1754
f 3463/3463/3463 17/17/17 2088/2088/2088
f 2641/2641/2641 2643/2643/2643 1909/1909/1909
f 2267/2267/2267 1849/1849/1849 1853/1853/1853
f 27/27/27 29/29/29 3333/3333/3333
f 3432/3432/3432 3169/3169/3169 728/728/728
f 3563/3563/3563 2163/2163/2163 3553/3553/3553
f 860/860/860 2457/2457/2457 864/864/864
f 2864/2864/2864 1154/1154/1154 1155/1155/1155
f 3314/3314/3314 3444/3444/3444 3400/3400/3400
f 2457/2457/2457 2371/2371/2371 868/868/868
f 1136/1136/1136 2832/2832/2832 1143/1143/1143
f 1331/1331/1331 1368/1368/1368 1155/1155/1155
f 1143/1143/1143 1132/1132/1132 1136/1136/1136
f 3681/3681/3681 3107/3107/3107 1421/1421/1421
f 1143/1143/1143 947/947/947 1742/1742/1742
f 3503/3503/3503 3310/3310/3310 296/296/296
f 2827/2827/2827 1448/1448/1448 3519/3519/3519
f 3676/3676/3676 1898/1898/1898 1986/1986/1986
f 1106/1106/1106 2789/2789/2789 1143/1143/1143
f 2713/2713/2713 1986/1986/1986 2707/2707/2707
f 874/874/874 2448/2448/2448 875/875/875
f 3647/3647/3647 2142/2142/2142 2215/2215/2215
f 1556/1556/1556 3518/3518/3518 2833/2833/2833
f 805/805/805 809/809/809 699/699/699
f 186/186/186 184/184/184 150/150/150
f 1558/1558/1558 3193/3193/3193 1561/1561/1561
f 629/629/629 633/633/633 1202/1202/1202
f 955/955/955 886/886/886 901/901/901
f 3444/3444/3444 1780/1780/1780 1089/1089/1089
f 955/955/955 901/901/901 899/899/899
f 992/992/992 1040/1040/1040 1044/1044/1044
f 477/477/477 3131/3131/3131 1255/1255/1255
f 842/842/842 815/815/815 2434/2434/2434
f 2360/2360/2360 379/379/379 2289/2289/2289
f 1428/1428/1428 3198/3198/3198 3615/3615/3615
f 3052/3052/3052 3385/3385/3385 2583/2583/2583
f 713/713/713 2960/2960/2960 2964/2964/2964
f 630/630/630 3394/3394/3394 634/634/634
f 2594/2594/2594 3567/3567/3567 2722/2722/2722
f 807/807/807 2083/2083/2083 3198/3198/3198
f 2202/2202/2202 3114/3114/3114 807/807/807
f 3516/3516/3516 3303/3303/3303 1212/1212/1212
f 663/663/663 968/968/968 931/931/931
f 2864/2864/2864 1155/1155/1155 3071/3071/3071
f 3169/3169/3169 3432/3432/3432 3583/3583/3583
f 3607/3607/3607 471/471/471 3095/3095/3095
f 3177/3177/3177 3174/3174/3174 3179/3179/3179
f 2374/2374/2374 1556/1556/1556 2813/2813/2813
f 120/120/120 105/105/105 117/117/117
f 119/119/119 80/80/80 104/104/104
f 3455/3455/3455 543/543/543 1464/1464/1464
f 796/796/796 3078/3078/3078 1877/1877/1877
f 2868/2868/2868 2898/2898/2898 2862/2862/2862
f 3377/3377/3377 713/713/713 3169/3169/3169
f 2701/2701/2701 2747/2747/2747 1057/1057/1057
f 2204/2204/2204 2452/2452/2452 1723/1723/1723
f 3184/3184/3184 2583/2583/2583 556/556/556
f 871/871/871 906/906/906 874/874/874
f 213/213/213 211/211/211 157/157/157
f 3472/3472/3472 2059/2059/2059 1985/1985/1985
f 1545/1545/1545 3193/3193/3193 1565/1565/1565
f 2101/2101/2101 2824/2824/2824 3662/3662/3662
f 3370/3370/3370 2288/2288/2288 2294/2294/2294
f 912/912/912 2355/2355/2355 918/918/918
f 917/917/917 2519/2519/2519 911/911/911
f 1469/1469/1469 1471/1471/1471 3586/3586/3586
f 3646/3646/3646 2209/2209/2209 2229/2229/2229
f 752/752/752 661/661/661 651/651/651
f 3646/3646/3646 2229/2229/2229 2140/2140/2140
f 2903/2903/2903 1228/1228/1228 1198/1198/1198
f 101/101/101 65/65/65 99/99/99
f 1241/1241/1241 3332/3332/3332 908/908/908
f 2975/2975/2975 2294/2294/2294 1676/1676/1676
f 2887/2887/2887 17/17/17 12/12/12
f 464/464/464 461/461/461 462/462/462
f 807/807/807 3200/3200/3200 2653/2653/2653
f 2690/2690/2690 2699/2699/2699 1024/1024/1024
f 656/656/656 685/685/685 3688/3688/3688
f 3610/3610/3610 3631/3631/3631 948/948/948
f 807/807/807 2653/2653/2653 3419/3419/3419
f 2368/2368/2368 713/713/713 3634/3634/3634
f 814/814/814 2443/2443/2443 2433/2433/2433
f 2066/2066/2066 2753/2753/2753 1208/1208/1208
f 2409/2409/2409 779/779/779 1391/1391/1391
f 2464/2464/2464 3126/3126/3126 1611/1611/1611
f 3449/3449/3449 3115/3115/3115 3099/3099/3099
f 2583/2583/2583 3570/3570/3570 784/784/784
f 2580/2580/2580 954/954/954 955/955/955
f 1096/1096/1096 1845/1845/1845 1844/1844/1844
f 3514/3514/3514 2205/2205/2205 2766/2766/2766
f 2999/2999/2999 3307/3307/3307 1276/1276/1276
f 3437/3437/3437 430/430/430 3296/3296/3296
f 1346/1346/1346 527/527/527 1410/1410/1410
f 1753/1753/1753 1777/1777/1777 3277/3277/3277
f 3060/3060/3060 1306/1306/1306 3018/3018/3018
f 3415/3415/3415 1758/1758/1758 1756/1756/1756
f 1743/1743/1743 1971/1971/1971 806/806/806
f 853/853/853 2481/2481/2481 2473/2473/2473
f 470/470/470 540/540/540 751/751/751
f 2371/2371/2371 849/849/849 2437/2437/2437
f 1746/1746/1746 1905/1905/1905 2452/2452/2452
f 1996/1996/1996 2643/2643/2643 1986/1986/1986
f 3307/3307/3307 1274/1274/1274 1272/1272/1272
f 2090/2090/2090 94/94/94 2278/2278/2278
f 3563/3563/3563 2151/2151/2151 2188/2188/2188
f 3020/3020/3020 448/448/448 461/461/461
f 639/639/639 545/545/545 771/771/771
f 928/928/928 3085/3085/3085 3306/3306/3306
f 1260/1260/1260 3237/3237/3237 1668/1668/1668
f 3269/3269/3269 190/190/190 254/254/254
f 338/338/338 325/325/325 2109/2109/2109
f 1174/1174/1174 827/827/827 1221/1221/1221
f 3432/3432/3432 3130/3130/3130 3272/3272/3272
f 3524/3524/3524 363/363/363 341/341/341
f 3013/3013/3013 3607/3607/3607 3095/3095/3095
f 1542/1542/1542 2120/2120/2120 2066/2066/2066
f 2784/2784/2784 3307/3307/3307 2369/2369/2369
f 2896/2896/2896 1691/1691/1691 3397/3397/3397
f 3584/3584/3584 49/49/49 79/79/79
f 80/80/80 79/79/79 82/82/82
f 2470/2470/2470 1884/1884/1884 2050/2050/2050
f 2001/2001/2001 2250/2250/2250 2632/2632/2632
f 751/751/751 750/750/750 655/655/655
f 745/745/745 418/418/418 631/631/631
f 419/419/419 1286/1286/1286 3530/3530/3530
f 3546/3546/3546 1037/1037/1037 17/17/17
f 1076/1076/1076 2701/2701/2701 2767/2767/2767
f 3578/3578/3578 984/984/984 2610/2610/2610
f 2754/2754/2754 1047/1047/1047 2717/2717/2717
f 2066/2066/2066 2464/2464/2464 1743/1743/1743
f 2829/2829/2829 2442/2442/2442 1986/1986/1986
f 1783/1783/1783 2278/2278/2278 102/102/102
f 1717/1717/1717 1714/1714/1714 3268/3268/3268
f 749/749/749 635/635/635 771/771/771
f 699/699/699 3507/3507/3507 3425/3425/3425
f 3394/3394/3394 1235/1235/1235 596/596/596
f 2798/2798/2798 2754/2754/2754 2727/2727/2727
f 2763/2763/2763 1017/1017/1017 1015/1015/1015
f 2277/2277/2277 2278/2278/2278 94/94/94
f 2798/2798/2798 2728/2728/2728 2754/2754/2754
f 1289/1289/1289 1294/1294/1294 553/553/553
f 3393/3393/3393 3437/3437/3437 3683/3683/3683
f 2759/2759/2759 1067/1067/1067 1065/1065/1065
f 2626/2626/2626 989/989/989 1066/1066/1066
f 1065/1065/1065 1067/1067/1067 2625/2625/2625
f 3671/3671/3671 72/72/72 117/117/117
f 2312/2312/2312 1729/1729/1729 2306/2306/2306
f 3611/3611/3611 1223/1223/1223 3394/3394/3394
f 2792/2792/2792 789/789/789 2226/2226/2226
f 2792/2792/2792 2504/2504/2504 793/793/793
f 593/593/593 1011/1011/1011 606/606/606
f 853/853/853 902/902/902 1240/1240/1240
f 2277/2277/2277 126/126/126 102/102/102
f 3339/3339/3339 53/53/53 65/65/65
f 2824/2824/2824 1129/1129/1129 1619/1619/1619
f 2245/2245/2245 3008/3008/3008 2133/2133/2133
f 3499/3499/3499 3268/3268/3268 1739/1739/1739
f 2986/2986/2986 2960/2960/2960 713/713/713
f 2412/2412/2412 3412/3412/3412 802/802/802
f 2754/2754/2754 1052/1052/1052 2708/2708/2708
f 2754/2754/2754 2708/2708/2708 2586/2586/2586
f 1604/1604/1604 1086/1086/1086 3495/3495/3495
f 2754/2754/2754 2732/2732/2732 1052/1052/1052
f 3249/3249/3249 2125/2125/2125 2230/2230/2230
f 2797/2797/2797 2726/2726/2726 3567/3567/3567
f 2450/2450/2450 3520/3520/3520 2924/2924/2924
f 946/946/946 2553/2553/2553 2586/2586/2586
f 3157/3157/3157 1520/1520/1520 1691/1691/1691
f 1202/1202/1202 641/641/641 3629/3629/3629
f 692/692/692 3376/3376/3376 3003/3003/3003
f 2761/2761/2761 1067/1067/1067 2617/2617/2617
f 3236/3236/3236 1777/1777/1777 1671/1671/1671
f 1732/1732/1732 2452/2452/2452 419/419/419
f 692/692/692 804/804/804 1754/1754/1754
f 2709/2709/2709 1053/1053/1053 2733/2733/2733
f 948/948/948 589/589/589 1252/1252/1252
f 2956/2956/2956 3363/3363/3363 1777/1777/1777
f 1940/1940/1940 2957/2957/2957 2639/2639/2639
f 2775/2775/2775 1025/1025/1025 2745/2745/2745
f 2638/2638/2638 1986/1986/1986 1860/1860/1860
f 3313/3313/3313 3174/3174/3174 3519/3519/3519
f 2557/2557/2557 221/221/221 243/243/243
f 1553/1553/1553 2599/2599/2599 571/571/571
f 2690/2690/2690 2688/2688/2688 2686/2686/2686
f 1963/1963/1963 1966/1966/1966 2740/2740/2740
f 1474/1474/1474 801/801/801 3609/3609/3609
f 3434/3434/3434 574/574/574 1346/1346/1346
f 3521/3521/3521 2451/2451/2451 3526/3526/3526
f 34/34/34 1378/1378/1378 367/367/367
f 2745/2745/2745 1014/1014/1014 1016/1016/1016
f 1805/1805/1805 3437/3437/3437 1809/1809/1809
f 403/403/403 2084/2084/2084 443/443/443
f 382/382/382 3271/3271/3271 23/23/23
f 1290/1290/1290 1347/1347/1347 1936/1936/1936
f 2785/2785/2785 2370/2370/2370 419/419/419
f 338/338/338 282/282/282 3310/3310/3310
f 2476/2476/2476 2472/2472/2472 955/955/955
f 1028/1028/1028 1013/1013/1013 2821/2821/2821
f 3680/3680/3680 1155/1155/1155 1370/1370/1370
f 1464/1464/1464 488/488/488 1460/1460/1460
f 1691/1691/1691 2896/2896/2896 1522/1522/1522
f 47/47/47 2277/2277/2277 2275/2275/2275
f 460/460/460 3275/3275/3275 2968/2968/2968
f 2080/2080/2080 3444/3444/3444 2087/2087/2087
f 2057/2057/2057 38/38/38 3584/3584/3584
f 97/97/97 1840/1840/1840 2400/2400/2400
f 2955/2955/2955 3278/3278/3278 1756/1756/1756
f 2394/2394/2394 2400/2400/2400 1840/1840/1840
f 2230/2230/2230 3658/3658/3658 3553/3553/3553
f 2579/2579/2579 3566/3566/3566 953/953/953
f 420/420/420 2404/2404/2404 46/46/46
f 2409/2409/2409 1261/1261/1261 935/935/935
f 2403/2403/2403 2394/2394/2394 1840/1840/1840
f 3323/3323/3323 443/443/443 411/411/411
f 2268/2268/2268 2436/2436/2436 2250/2250/2250
f 2464/2464/2464 861/861/861 865/865/865
f 2288/2288/2288 3370/3370/3370 2284/2284/2284
f 3557/3557/3557 738/738/738 742/742/742
f 3663/3663/3663 2489/2489/2489 1553/1553/1553
f 2745/2745/2745 2691/2691/2691 1014/1014/1014
f 297/297/297 299/299/299 287/287/287
f 3393/3393/3393 2351/2351/2351 3437/3437/3437
f 3453/3453/3453 243/243/243 187/187/187
f 3567/3567/3567 3578/3578/3578 2614/2614/2614
f 2533/2533/2533 930/930/930 3567/3567/3567
f 3211/3211/3211 1637/1637/1637 3242/3242/3242
f 2930/2930/2930 1174/1174/1174 713/713/713
f 117/117/117 58/58/58 56/56/56
f 1561/1561/1561 3193/3193/3193 3321/3321/3321
f 3245/3245/3245 3337/3337/3337 1698/1698/1698
f 426/426/426 27/27/27 3333/3333/3333
f 3526/3526/3526 2758/2758/2758 1984/1984/1984
f 3419/3419/3419 2653/2653/2653 1454/1454/1454
f 2664/2664/2664 2805/2805/2805 2670/2670/2670
f 1226/1226/1226 3512/3512/3512 1225/1225/1225
f 385/385/385 3623/3623/3623 202/202/202
f 32/32/32 287/287/287 3444/3444/3444
f 1553/1553/1553 2348/2348/2348 1802/1802/1802
f 423/423/423 2388/2388/2388 2409/2409/2409
f 2409/2409/2409 2400/2400/2400 28/28/28
f 13/13/13 28/28/28 2400/2400/2400
f 14/14/14 3333/3333/3333 29/29/29
f 3503/3503/3503 273/273/273 3310/3310/3310
f 3461/3461/3461 381/381/381 22/22/22
f 1127/1127/1127 2824/2824/2824 2256/2256/2256
f 1885/1885/1885 2251/2251/2251 3008/3008/3008
f 8/8/8 21/21/21 17/17/17
f 2229/2229/2229 2224/2224/2224 2147/2147/2147
f 2/2/2 10/10/10 3461/3461/3461
f 3566/3566/3566 1389/1389/1389 564/564/564
f 2452/2452/2452 2204/2204/2204 419/419/419
f 1894/1894/1894 1653/1653/1653 1265/1265/1265
f 2824/2824/2824 2364/2364/2364 3478/3478/3478
f 3005/3005/3005 321/321/321 358/358/358
f 420/420/420 44/44/44 40/40/40
f 3149/3149/3149 65/65/65 110/110/110
f 3566/3566/3566 962/962/962 958/958/958
f 3333/3333/3333 2395/2395/2395 420/420/420
f 1619/1619/1619 3467/3467/3467 2824/2824/2824
f 2079/2079/2079 424/424/424 3333/3333/3333
f 2583/2583/2583 945/945/945 2587/2587/2587
f 3369/3369/3369 2767/2767/2767 2412/2412/2412
f 2581/2581/2581 963/963/963 2583/2583/2583
f 296/296/296 295/295/295 315/315/315
f 3197/3197/3197 3254/3254/3254 1734/1734/1734
f 2707/2707/2707 1986/1986/1986 2725/2725/2725
f 1560/1560/1560 2317/2317/2317 1544/1544/1544
f 2066/2066/2066 3312/3312/3312 2753/2753/2753
f 742/742/742 1176/1176/1176 1185/1185/1185
f 3636/3636/3636 1797/1797/1797 474/474/474
f 3298/3298/3298 3242/3242/3242 1755/1755/1755
f 2927/2927/2927 1219/1219/1219 2925/2925/2925
f 656/656/656 2264/2264/2264 449/449/449
f 1914/1914/1914 2377/2377/2377 1921/1921/1921
f 86/86/86 117/117/117 78/78/78
f 500/500/500 3595/3595/3595 516/516/516
f 2862/2862/2862 1159/1159/1159 2872/2872/2872
f 3214/3214/3214 1639/1639/1639 1637/1637/1637
f 1109/1109/1109 1093/1093/1093 1103/1103/1103
f 1514/1514/1514 1473/1473/1473 3141/3141/3141
f 1386/1386/1386 3419/3419/3419 1384/1384/1384
f 2493/2493/2493 2048/2048/2048 2362/2362/2362
f 16/16/16 2399/2399/2399 3333/3333/3333
f 2586/2586/2586 933/933/933 2538/2538/2538
f 1112/1112/1112 3612/3612/3612 3394/3394/3394
f 1368/1368/1368 3075/3075/3075 3073/3073/3073
f 2100/2100/2100 3661/3661/3661 3247/3247/3247
f 2230/2230/2230 3553/3553/3553 3249/3249/3249
f 3115/3115/3115 1840/1840/1840 38/38/38
f 3437/3437/3437 428/428/428 1809/1809/1809
f 2081/2081/2081 2088/2088/2088 17/17/17
f 2624/2624/2624 713/713/713 3592/3592/3592
f 3513/3513/3513 1227/1227/1227 1211/1211/1211
f 3270/3270/3270 150/150/150 191/191/191
f 2201/2201/2201 1379/1379/1379 3113/3113/3113
f 2777/2777/2777 2754/2754/2754 932/932/932
f 2361/2361/2361 2296/2296/2296 1672/1672/1672
f 662/662/662 751/751/751 653/653/653
f 661/661/661 752/752/752 665/665/665
f 2771/2771/2771 1980/1980/1980 2772/2772/2772
f 1509/1509/1509 1490/1490/1490 3151/3151/3151
f 2609/2609/2609 983/983/983 2586/2586/2586
f 564/564/564 566/566/566 3566/3566/3566
f 968/968/968 970/970/970 972/972/972
f 2523/2523/2523 2525/2525/2525 2519/2519/2519
f 3331/3331/3331 807/807/807 1436/1436/1436
f 550/550/550 1280/1280/1280 1390/1390/1390
f 731/731/731 752/752/752 578/578/578
f 730/730/730 577/577/577 1225/1225/1225
f 3078/3078/3078 1691/1691/1691 3182/3182/3182
f 2791/2791/2791 792/792/792 794/794/794
f 1324/1324/1324 3645/3645/3645 560/560/560
f 126/126/126 3148/3148/3148 109/109/109
f 2596/2596/2596 2021/2021/2021 2018/2018/2018
f 3221/3221/3221 3212/3212/3212 3219/3219/3219
f 1693/1693/1693 12/12/12 17/17/17
f 1813/1813/1813 3373/3373/3373 2754/2754/2754
f 127/127/127 2304/2304/2304 304/304/304
f 3362/3362/3362 2955/2955/2955 1756/1756/1756
f 1280/1280/1280 496/496/496 494/494/494
f 3456/3456/3456 559/559/559 544/544/544
f 920/920/920 3394/3394/3394 1223/1223/1223
f 3678/3678/3678 3490/3490/3490 771/771/771
f 1558/1558/1558 1565/1565/1565 3193/3193/3193
f 3249/3249/3249 3402/3402/3402 2195/2195/2195
f 1276/1276/1276 2997/2997/2997 1263/1263/1263
f 1309/1309/1309 1653/1653/1653 1355/1355/1355
f 2305/2305/2305 296/296/296 305/305/305
f 2200/2200/2200 3354/3354/3354 2073/2073/2073
f 1347/1347/1347 1878/1878/1878 1936/1936/1936
f 3397/3397/3397 1520/1520/1520 3162/3162/3162
f 3364/3364/3364 1572/1572/1572 1570/1570/1570
f 1291/1291/1291 1937/1937/1937 419/419/419
f 418/418/418 775/775/775 398/398/398
f 1859/1859/1859 1852/1852/1852 2639/2639/2639
f 1562/1562/1562 3322/3322/3322 1560/1560/1560
f 3566/3566/3566 900/900/900 885/885/885
f 825/825/825 842/842/842 2435/2435/2435
f 1346/1346/1346 586/586/586 1341/1341/1341
f 2790/2790/2790 3328/3328/3328 3042/3042/3042
f 2519/2519/2519 3496/3496/3496 911/911/911
f 896/896/896 2485/2485/2485 3332/3332/3332
f 885/885/885 893/893/893 3566/3566/3566
f 890/890/890 2484/2484/2484 874/874/874
f 888/888/888 904/904/904 2482/2482/2482
f 1089/1089/1089 1784/1784/1784 3444/3444/3444
f 2924/2924/2924 2441/2441/2441 2828/2828/2828
f 3487/3487/3487 915/915/915 2519/2519/2519
f 1224/1224/1224 1033/1033/1033 982/982/982
f 1109/1109/1109 3413/3413/3413 999/999/999
f 877/877/877 858/858/858 853/853/853
f 1109/1109/1109 2804/2804/2804 3621/3621/3621
f 2152/2152/2152 2217/2217/2217 2221/2221/2221
f 875/875/875 881/881/881 874/874/874
f 1095/1095/1095 1843/1843/1843 1840/1840/1840
f 2464/2464/2464 876/876/876 2449/2449/2449
f 1751/1751/1751 3060/3060/3060 1347/1347/1347
f 3641/3641/3641 499/499/499 501/501/501
f 1557/1557/1557 1448/1448/1448 2379/2379/2379
f 2381/2381/2381 1108/1108/1108 1143/1143/1143
f 2793/2793/2793 2924/2924/2924 1965/1965/1965
f 2454/2454/2454 859/859/859 2464/2464/2464
f 2895/2895/2895 3396/3396/3396 3609/3609/3609
f 1482/1482/1482 1509/1509/1509 1478/1478/1478
f 3572/3572/3572 514/514/514 3595/3595/3595
f 2435/2435/2435 842/842/842 1743/1743/1743
f 857/857/857 2464/2464/2464 2449/2449/2449
f 742/742/742 1171/1171/1171 1173/1173/1173
f 1067/1067/1067 3340/3340/3340 671/671/671
f 1757/1757/1757 3350/3350/3350 1244/1244/1244
f 2266/2266/2266 2250/2250/2250 1847/1847/1847
f 1964/1964/1964 2658/2658/2658 1982/1982/1982
f 812/812/812 686/686/686 1754/1754/1754
f 1964/1964/1964 1990/1990/1990 2658/2658/2658
f 1176/1176/1176 742/742/742 1178/1178/1178
f 1129/1129/1129 2824/2824/2824 2823/2823/2823
f 1420/1420/1420 3468/3468/3468 3106/3106/3106
f 1173/1173/1173 1164/1164/1164 742/742/742
f 3334/3334/3334 2782/2782/2782 248/248/248
f 1778/1778/1778 363/363/363 3191/3191/3191
f 1191/1191/1191 1228/1228/1228 1194/1194/1194
f 1197/1197/1197 1201/1201/1201 1211/1211/1211
f 1200/1200/1200 1196/1196/1196 1155/1155/1155
f 3446/3446/3446 378/378/378 321/321/321
f 3581/3581/3581 1884/1884/1884 2512/2512/2512
f 3417/3417/3417 1382/1382/1382 1401/1401/1401
f 1378/1378/1378 11/11/11 1692/1692/1692
f 3468/3468/3468 3198/3198/3198 1434/1434/1434
f 3649/3649/3649 364/364/364 374/374/374
f 1454/1454/1454 3604/3604/3604 3657/3657/3657
f 842/842/842 829/829/829 2423/2423/2423
f 1146/1146/1146 1082/1082/1082 1144/1144/1144
f 2280/2280/2280 3684/3684/3684 3090/3090/3090
f 883/883/883 1754/1754/1754 686/686/686
f 337/337/337 364/364/364 383/383/383
f 3364/3364/3364 3262/3262/3262 3258/3258/3258
f 2155/2155/2155 2170/2170/2170 1916/1916/1916
f 477/477/477 1078/1078/1078 1080/1080/1080
f 3129/3129/3129 2504/2504/2504 2139/2139/2139
f 46/46/46 2402/2402/2402 420/420/420
f 2443/2443/2443 2426/2426/2426 836/836/836
f 3328/3328/3328 2685/2685/2685 2680/2680/2680
f 380/380/380 386/386/386 3239/3239/3239
f 2426/2426/2426 830/830/830 2424/2424/2424
f 3660/3660/3660 3519/3519/3519 3174/3174/3174
f 477/477/477 3356/3356/3356 3273/3273/3273
f 2418/2418/2418 2416/2416/2416 2371/2371/2371
f 2417/2417/2417 2419/2419/2419 2435/2435/2435
f 2333/2333/2333 2325/2325/2325 2321/2321/2321
f 2265/2265/2265 751/751/751 450/450/450
f 1803/1803/1803 2349/2349/2349 3332/3332/3332
f 3657/3657/3657 3102/3102/3102 3492/3492/3492
f 3681/3681/3681 1423/1423/1423 3107/3107/3107
f 234/234/234 177/177/177 199/199/199
f 2785/2785/2785 419/419/419 2032/2032/2032
f 2865/2865/2865 2844/2844/2844 2877/2877/2877
f 1710/1710/1710 3681/3681/3681 2082/2082/2082
f 2058/2058/2058 3526/3526/3526 2227/2227/2227
f 3579/3579/3579 3359/3359/3359 2288/2288/2288
f 2192/2192/2192 2152/2152/2152 2126/2126/2126
f 3395/3395/3395 2355/2355/2355 2499/2499/2499
f 2824/2824/2824 1127/1127/1127 1667/1667/1667
f 1109/1109/1109 2816/2816/2816 1118/1118/1118
f 2586/2586/2586 2613/2613/2613 2611/2611/2611
f 693/693/693 692/692/692 862/862/862
f 1009/1009/1009 2667/2667/2667 2745/2745/2745
f 340/340/340 309/309/309 338/338/338
f 1393/1393/1393 1464/1464/1464 543/543/543
f 1575/1575/1575 2382/2382/2382 2091/2091/2091
f 1768/1768/1768 3345/3345/3345 3468/3468/3468
f 3679/3679/3679 2862/2862/2862 1373/1373/1373
f 3679/3679/3679 1369/1369/1369 3067/3067/3067
f 3332/3332/3332 3407/3407/3407 3641/3641/3641
f 3578/3578/3578 950/950/950 2606/2606/2606
f 1964/1964/1964 2021/2021/2021 1952/1952/1952
f 2464/2464/2464 865/865/865 1825/1825/1825
f 2119/2119/2119 3652/3652/3652 3311/3311/3311
f 1661/1661/1661 3234/3234/3234 1682/1682/1682
f 3289/3289/3289 1677/1677/1677 1752/1752/1752
f 1451/1451/1451 483/483/483 508/508/508
f 831/831/831 2430/2430/2430 3604/3604/3604
f 928/928/928 3361/3361/3361 2066/2066/2066
f 2885/2885/2885 1751/1751/1751 1228/1228/1228
f 1637/1637/1637 1497/1497/1497 1496/1496/1496
f 1005/1005/1005 2672/2672/2672 2668/2668/2668
f 1788/1788/1788 3297/3297/3297 3320/3320/3320
f 2139/2139/2139 2226/2226/2226 3369/3369/3369
f 3069/3069/3069 1368/1368/1368 3080/3080/3080
f 937/937/937 992/992/992 939/939/939
f 771/771/771 545/545/545 763/763/763
f 1801/1801/1801 3532/3532/3532 3394/3394/3394
f 460/460/460 1232/1232/1232 3275/3275/3275
f 862/862/862 692/692/692 688/688/688
f 3645/3645/3645 522/522/522 536/536/536
f 2561/2561/2561 2229/2229/2229 2513/2513/2513
f 1653/1653/1653 3000/3000/3000 1277/1277/1277
f 2108/2108/2108 324/324/324 303/303/303
f 608/608/608 982/982/982 591/591/591
f 3364/3364/3364 1587/1587/1587 1589/1589/1589
f 338/338/338 313/313/313 335/335/335
f 806/806/806 803/803/803 2412/2412/2412
f 126/126/126 63/63/63 66/66/66
f 3609/3609/3609 3152/3152/3152 3154/3154/3154
f 3448/3448/3448 338/338/338 3310/3310/3310
f 3669/3669/3669 3652/3652/3652 2239/2239/2239
f 2410/2410/2410 1109/1109/1109 1103/1103/1103
f 3334/3334/3334 224/224/224 226/226/226
f 2996/2996/2996 713/713/713 3351/3351/3351
f 2411/2411/2411 1143/1143/1143 1108/1108/1108
f 1719/1719/1719 2306/2306/2306 2301/2301/2301
f 3365/3365/3365 1475/1475/1475 3364/3364/3364
f 1371/1371/1371 3063/3063/3063 3067/3067/3067
f 1612/1612/1612 3212/3212/3212 3221/3221/3221
f 1613/1613/1613 3222/3222/3222 3211/3211/3211
f 2352/2352/2352 794/794/794 792/792/792
f 2994/2994/2994 713/713/713 1271/1271/1271
f 3631/3631/3631 669/669/669 948/948/948
f 2090/2090/2090 3584/3584/3584 80/80/80
f 2076/2076/2076 2250/2250/2250 2097/2097/2097
f 1219/1219/1219 3044/3044/3044 1323/1323/1323
f 3197/3197/3197 3215/3215/3215 1644/1644/1644
f 1676/1676/1676 2298/2298/2298 1718/1718/1718
f 1212/1212/1212 2977/2977/2977 2387/2387/2387
f 3171/3171/3171 1560/1560/1560 1534/1534/1534
f 807/807/807 3331/3331/3331 1440/1440/1440
f 2460/2460/2460 2469/2469/2469 2229/2229/2229
f 3523/3523/3523 3050/3050/3050 2772/2772/2772
f 1039/1039/1039 3169/3169/3169 3534/3534/3534
f 3606/3606/3606 65/65/65 101/101/101
f 3201/3201/3201 692/692/692 3577/3577/3577
f 138/138/138 150/150/150 234/234/234
f 692/692/692 702/702/702 700/700/700
f 3659/3659/3659 3274/3274/3274 3327/3327/3327
f 3620/3620/3620 265/265/265 285/285/285
f 3424/3424/3424 3506/3506/3506 692/692/692
f 2114/2114/2114 3008/3008/3008 2251/2251/2251
f 1786/1786/1786 2586/2586/2586 2536/2536/2536
f 1787/1787/1787 3567/3567/3567 2535/2535/2535
f 1042/1042/1042 3247/3247/3247 3308/3308/3308
f 1976/1976/1976 3523/3523/3523 2772/2772/2772
f 3487/3487/3487 2519/2519/2519 2505/2505/2505
f 1581/1581/1581 904/904/904 2487/2487/2487
f 883/883/883 724/724/724 1754/1754/1754
f 282/282/282 102/102/102 83/83/83
f 1884/1884/1884 2510/2510/2510 2497/2497/2497
f 3326/3326/3326 2756/2756/2756 2754/2754/2754
f 780/780/780 17/17/17 1392/1392/1392
f 524/524/524 1289/1289/1289 526/526/526
f 1812/1812/1812 2745/2745/2745 3372/3372/3372
f 49/49/49 3672/3672/3672 51/51/51
f 3158/3158/3158 3609/3609/3609 3160/3160/3160
f 38/38/38 2057/2057/2057 3115/3115/3115
f 3174/3174/3174 2336/2336/2336 2328/2328/2328
f 92/92/92 94/94/94 95/95/95
f 2602/2602/2602 1514/1514/1514 1641/1641/1641
f 363/363/363 3444/3444/3444 3579/3579/3579
f 3577/3577/3577 1754/1754/1754 1553/1553/1553
f 3327/3327/3327 1777/1777/1777 3234/3234/3234
f 1756/1756/1756 1764/1764/1764 3286/3286/3286
f 257/257/257 3510/3510/3510 254/254/254
f 3279/3279/3279 3468/3468/3468 3283/3283/3283
f 3012/3012/3012 3228/3228/3228 2014/2014/2014
f 180/180/180 254/254/254 182/182/182
f 58/58/58 117/117/117 115/115/115
f 2364/2364/2364 2824/2824/2824 2101/2101/2101
f 1824/1824/1824 864/864/864 2457/2457/2457
f 1601/1601/1601 1679/1679/1679 1260/1260/1260
f 1603/1603/1603 3551/3551/3551 2801/2801/2801
f 2246/2246/2246 2134/2134/2134 3249/3249/3249
f 2708/2708/2708 2542/2542/2542 2586/2586/2586
f 3610/3610/3610 948/948/948 968/968/968
f 165/165/165 296/296/296 163/163/163
f 1155/1155/1155 3593/3593/3593 1209/1209/1209
f 3304/3304/3304 1469/1469/1469 1509/1509/1509
f 2630/2630/2630 3461/3461/3461 151/151/151
f 3332/3332/3332 922/922/922 708/708/708
f 2773/2773/2773 3327/3327/3327 1748/1748/1748
f 2464/2464/2464 3590/3590/3590 3126/3126/3126
f 730/730/730 1225/1225/1225 753/753/753
f 1215/1215/1215 3559/3559/3559 2885/2885/2885
f 1358/1358/1358 1356/1356/1356 1347/1347/1347
f 3594/3594/3594 2910/2910/2910 1211/1211/1211
f 400/400/400 3295/3295/3295 429/429/429
f 884/884/884 699/699/699 725/725/725
f 2355/2355/2355 793/793/793 2504/2504/2504
f 800/800/800 1835/1835/1835 3563/3563/3563
f 2766/2766/2766 2845/2845/2845 1942/1942/1942
f 1385/1385/1385 1383/1383/1383 1379/1379/1379
f 3419/3419/3419 3452/3452/3452 432/432/432
f 3681/3681/3681 1449/1449/1449 3111/3111/3111
f 1125/1125/1125 1556/1556/1556 2818/2818/2818
f 406/406/406 3437/3437/3437 415/415/415
f 121/121/121 80/80/80 106/106/106
f 1469/1469/1469 1480/1480/1480 1509/1509/1509
f 3620/3620/3620 3502/3502/3502 270/270/270
f 1382/1382/1382 1387/1387/1387 3086/3086/3086
f 1225/1225/1225 762/762/762 758/758/758
f 765/765/765 751/751/751 771/771/771
f 3603/3603/3603 1823/1823/1823 1871/1871/1871
f 790/790/790 1934/1934/1934 2766/2766/2766
f 3202/3202/3202 1856/1856/1856 3095/3095/3095
f 2222/2222/2222 2229/2229/2229 2145/2145/2145
f 1921/1921/1921 3374/3374/3374 1912/1912/1912
f 97/97/97 3271/3271/3271 157/157/157
f 713/713/713 1269/1269/1269 2990/2990/2990
f 2467/2467/2467 3122/3122/3122 2466/2466/2466
f 3017/3017/3017 2440/2440/2440 2056/2056/2056
f 1415/1415/1415 1379/1379/1379 1413/1413/1413
f 1414/1414/1414 3419/3419/3419 1416/1416/1416
f 2259/2259/2259 3658/3658/3658 2531/2531/2531
f 2645/2645/2645 1964/1964/1964 1873/1873/1873
f 2229/2229/2229 2147/2147/2147 2145/2145/2145
f 3388/3388/3388 194/194/194 254/254/254
f 3020/3020/3020 3041/3041/3041 448/448/448
f 3020/3020/3020 3025/3025/3025 3041/3041/3041
f 3692/3692/3692 2151/2151/2151 3563/3563/3563
f 1556/1556/1556 1137/1137/1137 1133/1133/1133
f 3379/3379/3379 454/454/454 751/751/751
f 1419/1419/1419 1766/1766/1766 3292/3292/3292
f 3681/3681/3681 1425/1425/1425 1423/1423/1423
f 1766/1766/1766 1417/1417/1417 1429/1429/1429
f 3483/3483/3483 1411/1411/1411 1289/1289/1289
f 1418/1418/1418 3468/3468/3468 1430/1430/1430
f 2678/2678/2678 1964/1964/1964 1960/1960/1960
f 1710/1710/1710 3120/3120/3120 3681/3681/3681
f 3281/3281/3281 3468/3468/3468 3345/3345/3345
f 716/716/716 3689/3689/3689 1754/1754/1754
f 3332/3332/3332 1452/1452/1452 509/509/509
f 1691/1691/1691 1513/1513/1513 3411/3411/3411
f 853/853/853 3589/3589/3589 3408/3408/3408
f 422/422/422 2852/2852/2852 3085/3085/3085
f 3410/3410/3410 1512/1512/1512 3609/3609/3609
f 3067/3067/3067 1330/1330/1330 1336/1336/1336
f 1309/1309/1309 3059/3059/3059 1653/1653/1653
f 2550/2550/2550 2924/2924/2924 2029/2029/2029
f 2149/2149/2149 3132/3132/3132 1858/1858/1858
f 3329/3329/3329 1963/1963/1963 2826/2826/2826
f 525/525/525 1346/1346/1346 1442/1442/1442
f 2409/2409/2409 394/394/394 392/392/392
f 3629/3629/3629 676/676/676 1202/1202/1202
f 3630/3630/3630 642/642/642 3394/3394/3394
f 2650/2650/2650 1174/1174/1174 2912/2912/2912
f 3545/3545/3545 20/20/20 3271/3271/3271
f 1083/1083/1083 2471/2471/2471 3332/3332/3332
f 2252/2252/2252 2152/2152/2152 2118/2118/2118
f 1229/1229/1229 2922/2922/2922 1228/1228/1228
f 2907/2907/2907 2589/2589/2589 2757/2757/2757
f 3651/3651/3651 3306/3306/3306 3085/3085/3085
f 363/363/363 343/343/343 341/341/341
f 676/676/676 678/678/678 1202/1202/1202
f 199/199/199 201/201/201 234/234/234
f 3575/3575/3575 508/508/508 483/483/483
f 2004/2004/2004 2635/2635/2635 2636/2636/2636
f 3576/3576/3576 894/894/894 3332/3332/3332
f 1448/1448/1448 3359/3359/3359 2977/2977/2977
f 2382/2382/2382 795/795/795 1876/1876/1876
f 2066/2066/2066 2120/2120/2120 3312/3312/3312
f 145/145/145 3550/3550/3550 296/296/296
f 2588/2588/2588 946/946/946 2586/2586/2586
f 2064/2064/2064 400/400/400 1213/1213/1213
f 2211/2211/2211 3136/3136/3136 3138/3138/3138
f 2413/2413/2413 300/300/300 298/298/298
f 1553/1553/1553 921/921/921 3382/3382/3382
f 2766/2766/2766 1938/1938/1938 2849/2849/2849
f 594/594/594 948/948/948 595/595/595
f 419/419/419 400/400/400 409/409/409
f 3364/3364/3364 3498/3498/3498 1738/1738/1738
f 3153/3153/3153 1691/1691/1691 3155/3155/3155
f 2809/2809/2809 3310/3310/3310 3381/3381/3381
f 2945/2945/2945 1355/1355/1355 1653/1653/1653
f 1716/1716/1716 3005/3005/3005 362/362/362
f 1754/1754/1754 709/709/709 2309/2309/2309
f 3098/3098/3098 1621/1621/1621 3205/3205/3205
f 2766/2766/2766 2077/2077/2077 2074/2074/2074
f 3669/3669/3669 3247/3247/3247 3652/3652/3652
f 2001/2001/2001 2007/2007/2007 2250/2250/2250
f 139/139/139 3389/3389/3389 193/193/193
f 2660/2660/2660 2647/2647/2647 2655/2655/2655
f 3584/3584/3584 79/79/79 80/80/80
f 3338/3338/3338 63/63/63 2277/2277/2277
f 892/892/892 890/890/890 874/874/874
f 2186/2186/2186 1723/1723/1723 2452/2452/2452
f 3036/3036/3036 3060/3060/3060 3018/3018/3018
f 3526/3526/3526 2062/2062/2062 2227/2227/2227
f 2413/2413/2413 1090/1090/1090 1781/1781/1781
f 1676/1676/1676 2827/2827/2827 2361/2361/2361
f 1508/1508/1508 3228/3228/3228 1703/1703/1703
f 3526/3526/3526 1931/1931/1931 1929/1929/1929
f 3198/3198/3198 1422/1422/1422 3108/3108/3108
f 2862/2862/2862 1187/1187/1187 2904/2904/2904
f 1219/1219/1219 3548/3548/3548 1279/1279/1279
f 2356/2356/2356 1248/1248/1248 968/968/968
f 3660/3660/3660 2318/2318/2318 2330/2330/2330
f 2885/2885/2885 1217/1217/1217 1215/1215/1215
f 2526/2526/2526 2524/2524/2524 2504/2504/2504
f 605/605/605 771/771/771 729/729/729
f 807/807/807 3114/3114/3114 1436/1436/1436
f 2066/2066/2066 3361/3361/3361 1542/1542/1542
f 3188/3188/3188 1469/1469/1469 3186/3186/3186
f 3344/3344/3344 1767/1767/1767 1756/1756/1756
f 2376/2376/2376 80/80/80 116/116/116
f 2456/2456/2456 2459/2459/2459 2435/2435/2435
f 3604/3604/3604 1406/1406/1406 3657/3657/3657
f 3419/3419/3419 3084/3084/3084 715/715/715
f 3642/3642/3642 782/782/782 2801/2801/2801
f 766/766/766 751/751/751 540/540/540
f 3275/3275/3275 3256/3256/3256 3386/3386/3386
f 3689/3689/3689 709/709/709 1754/1754/1754
f 1465/1465/1465 1474/1474/1474 1470/1470/1470
f 764/764/764 546/546/546 751/751/751
f 3585/3585/3585 1474/1474/1474 1479/1479/1479
f 538/538/538 562/562/562 1320/1320/1320
f 1509/1509/1509 1480/1480/1480 1478/1478/1478
f 2831/2831/2831 1986/1986/1986 2026/2026/2026
f 1483/1483/1483 1474/1474/1474 1462/1462/1462
f 1146/1146/1146 615/615/615 1150/1150/1150
f 1074/1074/1074 1011/1011/1011 599/599/599
f 3174/3174/3174 3193/3193/3193 1567/1567/1567
f 1116/1116/1116 620/620/620 3394/3394/3394
f 756/756/756 580/580/580 1225/1225/1225
f 2661/2661/2661 2799/2799/2799 2801/2801/2801
f 1691/1691/1691 3411/3411/3411 3182/3182/3182
f 1557/1557/1557 3519/3519/3519 1448/1448/1448
f 3337/3337/3337 3245/3245/3245 1493/1493/1493
f 2963/2963/2963 2959/2959/2959 3275/3275/3275
f 1496/1496/1496 1497/1497/1497 1499/1499/1499
f 1496/1496/1496 1499/1499/1499 1501/1501/1501
f 2157/2157/2157 2153/2153/2153 2199/2199/2199
f 2163/2163/2163 2158/2158/2158 3249/3249/3249
f 2203/2203/2203 1722/1722/1722 3307/3307/3307
f 3228/3228/3228 1705/1705/1705 1703/1703/1703
f 1517/1517/1517 1515/1515/1515 1496/1496/1496
f 3579/3579/3579 2288/2288/2288 320/320/320
f 3198/3198/3198 3468/3468/3468 3200/3200/3200
f 2924/2924/2924 2548/2548/2548 2544/2544/2544
f 3315/3315/3315 2413/2413/2413 1781/1781/1781
f 2977/2977/2977 1212/1212/1212 2372/2372/2372
f 3657/3657/3657 3628/3628/3628 3147/3147/3147
f 2851/2851/2851 3247/3247/3247 3669/3669/3669
f 3597/3597/3597 2263/2263/2263 1985/1985/1985
f 2127/2127/2127 2133/2133/2133 3008/3008/3008
f 2319/2319/2319 2339/2339/2339 2317/2317/2317
f 3008/3008/3008 2991/2991/2991 3001/3001/3001
f 15/15/15 2400/2400/2400 2398/2398/2398
f 3685/3685/3685 2344/2344/2344 2361/2361/2361
f 552/552/552 3128/3128/3128 1146/1146/1146
f 739/739/739 3558/3558/3558 771/771/771
f 1332/1332/1332 3645/3645/3645 557/557/557
f 2324/2324/2324 2343/2343/2343 1600/1600/1600
f 1113/1113/1113 3460/3460/3460 656/656/656
f 1637/1637/1637 3210/3210/3210 1632/1632/1632
f 2253/2253/2253 3008/3008/3008 2114/2114/2114
f 3580/3580/3580 2229/2229/2229 2049/2049/2049
f 1756/1756/1756 1767/1767/1767 1766/1766/1766
f 1553/1553/1553 902/902/902 853/853/853
f 1038/1038/1038 3533/3533/3533 692/692/692
f 2317/2317/2317 1538/1538/1538 1540/1540/1540
f 1698/1698/1698 3337/3337/3337 1704/1704/1704
f 2317/2317/2317 1540/1540/1540 1544/1544/1544
f 1098/1098/1098 947/947/947 1102/1102/1102
f 2323/2323/2323 2324/2324/2324 1600/1600/1600
f 1963/1963/1963 2735/2735/2735 2718/2718/2718
f 1155/1155/1155 2873/2873/2873 1160/1160/1160
f 695/695/695 2980/2980/2980 734/734/734
f 695/695/695 697/697/697 2980/2980/2980
f 1582/1582/1582 2488/2488/2488 874/874/874
f 1971/1971/1971 1377/1377/1377 806/806/806
f 3507/3507/3507 699/699/699 809/809/809
f 3447/3447/3447 3639/3639/3639 303/303/303
f 3201/3201/3201 1751/1751/1751 969/969/969
f 2149/2149/2149 1858/1858/1858 3563/3563/3563
f 1691/1691/1691 1688/1688/1688 1690/1690/1690
f 3586/3586/3586 1480/1480/1480 1469/1469/1469
f 259/259/259 254/254/254 255/255/255
f 3564/3564/3564 1924/1924/1924 2589/2589/2589
f 3526/3526/3526 1927/1927/1927 1925/1925/1925
f 1757/1757/1757 2995/2995/2995 3350/3350/3350
f 3341/3341/3341 948/948/948 672/672/672
f 1556/1556/1556 1133/1133/1133 1135/1135/1135
f 1262/1262/1262 17/17/17 936/936/936
f 1548/1548/1548 1560/1560/1560 3180/3180/3180
f 1555/1555/1555 1546/1546/1546 1560/1560/1560
f 1741/1741/1741 3005/3005/3005 1716/1716/1716
f 3078/3078/3078 2384/2384/2384 1770/1770/1770
f 2318/2318/2318 3660/3660/3660 2338/2338/2338
f 3337/3337/3337 3168/3168/3168 3364/3364/3364
f 2317/2317/2317 2337/2337/2337 1617/1617/1617
f 1617/1617/1617 1538/1538/1538 2317/2317/2317
f 2443/2443/2443 824/824/824 822/822/822
f 2317/2317/2317 2329/2329/2329 2337/2337/2337
f 933/933/933 2586/2586/2586 2540/2540/2540
f 1459/1459/1459 1461/1461/1461 3595/3595/3595
f 3363/3363/3363 3287/3287/3287 1777/1777/1777
f 3513/3513/3513 1211/1211/1211 2914/2914/2914
f 3302/3302/3302 904/904/904 2447/2447/2447
f 1207/1207/1207 853/853/853 978/978/978
f 703/703/703 3347/3347/3347 3432/3432/3432
f 3468/3468/3468 1432/1432/1432 1430/1430/1430
f 2652/2652/2652 2647/2647/2647 1005/1005/1005
f 1811/1811/1811 1225/1225/1225 584/584/584
f 807/807/807 1440/1440/1440 1438/1438/1438
f 2754/2754/2754 2756/2756/2756 1064/1064/1064
f 1971/1971/1971 1454/1454/1454 2653/2653/2653
f 2229/2229/2229 2037/2037/2037 2035/2035/2035
f 1155/1155/1155 3680/3680/3680 1374/1374/1374
f 2359/2359/2359 776/776/776 388/388/388
f 1553/1553/1553 2489/2489/2489 902/902/902
f 1653/1653/1653 1894/1894/1894 1902/1902/1902
f 3660/3660/3660 2332/2332/2332 2320/2320/2320
f 166/166/166 127/127/127 168/168/168
f 2387/2387/2387 380/380/380 2360/2360/2360
f 1602/1602/1602 1777/1777/1777 1680/1680/1680
f 738/738/738 3169/3169/3169 742/742/742
f 1969/1969/1969 2924/2924/2924 2780/2780/2780
f 3332/3332/3332 894/894/894 896/896/896
f 3169/3169/3169 1039/1039/1039 2837/2837/2837
f 2315/2315/2315 1720/1720/1720 2361/2361/2361
f 1495/1495/1495 3078/3078/3078 1807/1807/1807
f 3419/3419/3419 715/715/715 807/807/807
f 1146/1146/1146 1142/1142/1142 615/615/615
f 1331/1331/1331 1155/1155/1155 1335/1335/1335
f 1476/1476/1476 3268/3268/3268 1506/1506/1506
f 2797/2797/2797 3567/3567/3567 2729/2729/2729
f 1730/1730/1730 2313/2313/2313 1676/1676/1676
f 2314/2314/2314 1731/1731/1731 2306/2306/2306
f 2313/2313/2313 1728/1728/1728 1676/1676/1676
f 2069/2069/2069 2980/2980/2980 697/697/697
f 1730/1730/1730 1676/1676/1676 2302/2302/2302
f 576/576/576 578/578/578 752/752/752
f 691/691/691 3169/3169/3169 3583/3583/3583
f 2022/2022/2022 2019/2019/2019 1921/1921/1921
f 3201/3201/3201 1757/1757/1757 692/692/692
f 795/795/795 2382/2382/2382 627/627/627
f 2879/2879/2879 2382/2382/2382 1806/1806/1806
f 2745/2745/2745 2667/2667/2667 2674/2674/2674
f 2024/2024/2024 1948/1948/1948 2021/2021/2021
f 3600/3600/3600 3215/3215/3215 3212/3212/3212
f 2308/2308/2308 2312/2312/2312 2306/2306/2306
f 3432/3432/3432 699/699/699 3425/3425/3425
f 2378/2378/2378 2362/2362/2362 1918/1918/1918
f 3432/3432/3432 3425/3425/3425 701/701/701
f 420/420/420 2395/2395/2395 2404/2404/2404
f 1582/1582/1582 874/874/874 906/906/906
f 699/699/699 1457/1457/1457 495/495/495
f 2520/2520/2520 2527/2527/2527 2519/2519/2519
f 2069/2069/2069 2367/2367/2367 2980/2980/2980
f 3324/3324/3324 413/413/413 408/408/408
f 693/693/693 690/690/690 692/692/692
f 3090/3090/3090 3288/3288/3288 3681/3681/3681
f 2230/2230/2230 2144/2144/2144 2223/2223/2223
f 2483/2483/2483 889/889/889 3332/3332/3332
f 1496/1496/1496 1689/1689/1689 1687/1687/1687
f 854/854/854 3013/3013/3013 3095/3095/3095
f 1830/1830/1830 3504/3504/3504 3609/3609/3609
f 1109/1109/1109 1118/1118/1118 2810/2810/2810
f 2259/2259/2259 1923/1923/1923 2562/2562/2562
f 2808/2808/2808 3380/3380/3380 3620/3620/3620
f 1963/1963/1963 2636/2636/2636 2826/2826/2826
f 3450/3450/3450 3100/3100/3100 1858/1858/1858
f 2311/2311/2311 2307/2307/2307 1676/1676/1676
f 701/701/701 703/703/703 3432/3432/3432
f 644/644/644 948/948/948 607/607/607
f 2988/2988/2988 2984/2984/2984 2021/2021/2021
f 1152/1152/1152 2857/2857/2857 1155/1155/1155
f 3511/3511/3511 258/258/258 269/269/269
f 3382/3382/3382 2348/2348/2348 1553/1553/1553
f 1721/1721/1721 2324/2324/2324 2299/2299/2299
f 3085/3085/3085 3670/3670/3670 2240/2240/2240
f 3459/3459/3459 1112/1112/1112 3394/3394/3394
f 3174/3174/3174 3175/3175/3175 1535/1535/1535
f 2583/2583/2583 3184/3184/3184 3052/3052/3052
f 3451/3451/3451 1413/1413/1413 1379/1379/1379
f 1620/1620/1620 1629/1629/1629 3212/3212/3212
f 1634/1634/1634 1636/1636/1636 1637/1637/1637
f 3547/3547/3547 1256/1256/1256 3307/3307/3307
f 3686/3686/3686 1592/1592/1592 2325/2325/2325
f 1382/1382/1382 1399/1399/1399 1401/1401/1401
f 3334/3334/3334 172/172/172 170/170/170
f 1109/1109/1109 1003/1003/1003 2671/2671/2671
f 3319/3319/3319 3599/3599/3599 1346/1346/1346
f 1641/1641/1641 1514/1514/1514 1643/1643/1643
f 2444/2444/2444 2467/2467/2467 904/904/904
f 3489/3489/3489 3677/3677/3677 3169/3169/3169
f 2230/2230/2230 2223/2223/2223 3658/3658/3658
f 3249/3249/3249 2191/2191/2191 2125/2125/2125
f 3394/3394/3394 590/590/590 670/670/670
f 3268/3268/3268 1588/1588/1588 1596/1596/1596
f 3313/3313/3313 1551/1551/1551 2211/2211/2211
f 2828/2828/2828 1889/1889/1889 2924/2924/2924
f 3119/3119/3119 2095/2095/2095 1495/1495/1495
f 3085/3085/3085 1043/1043/1043 3309/3309/3309
f 3468/3468/3468 1777/1777/1777 2773/2773/2773
f 3422/3422/3422 982/982/982 1077/1077/1077
f 1307/1307/1307 3020/3020/3020 3019/3019/3019
f 839/839/839 1495/1495/1495 1807/1807/1807
f 2338/2338/2338 3660/3660/3660 3174/3174/3174
f 1601/1601/1601 1260/1260/1260 1670/1670/1670
f 2490/2490/2490 3332/3332/3332 903/903/903
f 2078/2078/2078 2076/2076/2076 2075/2075/2075
f 988/988/988 477/477/477 1251/1251/1251
f 1315/1315/1315 3037/3037/3037 3020/3020/3020
f 3624/3624/3624 157/157/157 203/203/203
f 3623/3623/3623 385/385/385 204/204/204
f 2987/2987/2987 3618/3618/3618 3008/3008/3008
f 692/692/692 3506/3506/3506 808/808/808
f 2763/2763/2763 2594/2594/2594 2755/2755/2755
f 1109/1109/1109 2671/2671/2671 1006/1006/1006
f 1403/1403/1403 2584/2584/2584 3566/3566/3566
f 1884/1884/1884 3581/3581/3581 2050/2050/2050
f 2754/2754/2754 2586/2586/2586 1156/1156/1156
f 1496/1496/1496 1662/1662/1662 1660/1660/1660
f 321/321/321 352/352/352 354/354/354
f 2367/2367/2367 3633/3633/3633 2980/2980/2980
f 791/791/791 2894/2894/2894 2076/2076/2076
f 3378/3378/3378 752/752/752 453/453/453
f 376/376/376 364/364/364 348/348/348
f 723/723/723 699/699/699 982/982/982
f 2229/2229/2229 2045/2045/2045 2039/2039/2039
f 2218/2218/2218 3115/3115/3115 1867/1867/1867
f 2386/2386/2386 2452/2452/2452 1275/1275/1275
f 3234/3234/3234 1684/1684/1684 1682/1682/1682
f 197/197/197 191/191/191 150/150/150
f 2865/2865/2865 2853/2853/2853 2844/2844/2844
f 3636/3636/3636 2065/2065/2065 1797/1797/1797
f 1986/1986/1986 1988/1988/1988 2719/2719/2719
f 3413/3413/3413 1109/1109/1109 1120/1120/1120
f 3614/3614/3614 1425/1425/1425 3681/3681/3681
f 2204/2204/2204 2032/2032/2032 419/419/419
f 2374/2374/2374 2811/2811/2811 1556/1556/1556
f 3642/3642/3642 2801/2801/2801 3551/3551/3551
f 3555/3555/3555 2745/2745/2745 2674/2674/2674
f 2597/2597/2597 2567/2567/2567 1921/1921/1921
f 3554/3554/3554 2673/2673/2673 2690/2690/2690
f 3109/3109/3109 3115/3115/3115 3091/3091/3091
f 1224/1224/1224 971/971/971 967/967/967
f 3618/3618/3618 2991/2991/2991 3008/3008/3008
f 3565/3565/3565 2908/2908/2908 3526/3526/3526
f 2873/2873/2873 1155/1155/1155 2871/2871/2871
f 1985/1985/1985 3405/3405/3405 2244/2244/2244
f 947/947/947 1104/1104/1104 1094/1094/1094
f 3594/3594/3594 1211/1211/1211 1210/1210/1210
f 3419/3419/3419 1388/1388/1388 1384/1384/1384
f 2923/2923/2923 1221/1221/1221 2921/2921/2921
f 1234/1234/1234 594/594/594 595/595/595
f 3394/3394/3394 588/588/588 1253/1253/1253
f 2922/2922/2922 2919/2919/2919 1228/1228/1228
f 3392/3392/3392 400/400/400 2350/2350/2350
f 2322/2322/2322 2361/2361/2361 1656/1656/1656
f 916/916/916 914/914/914 2355/2355/2355
f 2176/2176/2176 2180/2180/2180 2178/2178/2178
f 3430/3430/3430 1110/1110/1110 2583/2583/2583
f 2219/2219/2219 1858/1858/1858 1866/1866/1866
f 17/17/17 3401/3401/3401 2081/2081/2081
f 1778/1778/1778 326/326/326 363/363/363
f 2375/2375/2375 118/118/118 103/103/103
f 2791/2791/2791 794/794/794 788/788/788
f 3394/3394/3394 630/630/630 848/848/848
f 3444/3444/3444 2080/2080/2080 3400/3400/3400
f 3211/3211/3211 3601/3601/3601 1615/1615/1615
f 1123/1123/1123 1514/1514/1514 3141/3141/3141
f 3318/3318/3318 1445/1445/1445 1289/1289/1289
f 1753/1753/1753 1678/1678/1678 1777/1777/1777
f 1079/1079/1079 1077/1077/1077 982/982/982
f 2278/2278/2278 1783/1783/1783 3132/3132/3132
f 559/559/559 558/558/558 1346/1346/1346
f 3181/3181/3181 3410/3410/3410 3609/3609/3609
f 1845/1845/1845 1096/1096/1096 1837/1837/1837
f 59/59/59 80/80/80 57/57/57
f 2445/2445/2445 874/874/874 2468/2468/2468
f 1756/1756/1756 3280/3280/3280 3344/3344/3344
f 1474/1474/1474 2211/2211/2211 801/801/801
f 529/529/529 538/538/538 519/519/519
f 1597/1597/1597 1169/1169/1169 2883/2883/2883
f 3653/3653/3653 568/568/568 1289/1289/1289
f 1298/1298/1298 541/541/541 1464/1464/1464
f 1298/1298/1298 1464/1464/1464 3645/3645/3645
f 2255/2255/2255 3466/3466/3466 1143/1143/1143
f 3076/3076/3076 3067/3067/3067 1364/1364/1364
f 771/771/771 563/563/563 477/477/477
f 1316/1316/1316 559/559/559 1320/1320/1320
f 1757/1757/1757 969/969/969 3307/3307/3307
f 2079/2079/2079 2408/2408/2408 2406/2406/2406
f 386/386/386 2387/2387/2387 1447/1447/1447
f 2939/2939/2939 2980/2980/2980 2953/2953/2953
f 1328/1328/1328 560/560/560 3645/3645/3645
f 1783/1783/1783 102/102/102 420/420/420
f 347/347/347 3648/3648/3648 363/363/363
f 2250/2250/2250 2591/2591/2591 2628/2628/2628
f 2382/2382/2382 3609/3609/3609 801/801/801
f 1073/1073/1073 3394/3394/3394 596/596/596
f 1556/1556/1556 3674/3674/3674 391/391/391
f 150/150/150 189/189/189 197/197/197
f 2122/2122/2122 3461/3461/3461 370/370/370
f 2930/2930/2930 713/713/713 2926/2926/2926
f 3229/3229/3229 3226/3226/3226 2379/2379/2379
f 541/541/541 3455/3455/3455 1464/1464/1464
f 523/523/523 538/538/538 537/537/537
f 429/429/429 3616/3616/3616 400/400/400
f 1346/1346/1346 525/525/525 527/527/527
f 3407/3407/3407 3332/3332/3332 1444/1444/1444
f 1409/1409/1409 526/526/526 1289/1289/1289
f 3096/3096/3096 3095/3095/3095 1854/1854/1854
f 751/751/751 477/477/477 563/563/563
f 1453/1453/1453 1455/1455/1455 1782/1782/1782
f 1996/1996/1996 1986/1986/1986 2638/2638/2638
f 2862/2862/2862 3679/3679/3679 3067/3067/3067
f 692/692/692 1757/1757/1757 3376/3376/3376
f 3617/3617/3617 430/430/430 3437/3437/3437
f 3595/3595/3595 500/500/500 1280/1280/1280
f 1458/1458/1458 1464/1464/1464 1460/1460/1460
f 3332/3332/3332 511/511/511 1452/1452/1452
f 3595/3595/3595 1451/1451/1451 510/510/510
f 3394/3394/3394 623/623/623 1116/1116/1116
f 1843/1843/1843 1841/1841/1841 1840/1840/1840
f 2152/2152/2152 3403/3403/3403 2118/2118/2118
f 3399/3399/3399 1821/1821/1821 3437/3437/3437
f 3402/3402/3402 3249/3249/3249 2117/2117/2117
f 498/498/498 1280/1280/1280 500/500/500
f 1878/1878/1878 1347/1347/1347 1285/1285/1285
f 3183/3183/3183 3566/3566/3566 3051/3051/3051
f 1666/1666/1666 1143/1143/1143 3247/3247/3247
f 1280/1280/1280 476/476/476 491/491/491
f 1915/1915/1915 1911/1911/1911 1916/1916/1916
f 1464/1464/1464 3566/3566/3566 488/488/488
f 2827/2827/2827 3359/3359/3359 1448/1448/1448
f 80/80/80 71/71/71 73/73/73
f 1981/1981/1981 2229/2229/2229 1959/1959/1959
f 3553/3553/3553 2259/2259/2259 2149/2149/2149
f 2070/2070/2070 3169/3169/3169 2368/2368/2368
f 3468/3468/3468 3291/3291/3291 1768/1768/1768
f 1169/1169/1169 1597/1597/1597 1167/1167/1167
f 2464/2464/2464 3494/3494/3494 811/811/811
f 538/538/538 1320/1320/1320 1346/1346/1346
f 2599/2599/2599 1553/1553/1553 1802/1802/1802
f 3366/3366/3366 3268/3268/3268 1476/1476/1476
f 2796/2796/2796 2807/2807/2807 1963/1963/1963
f 2639/2639/2639 2005/2005/2005 2003/2003/2003
f 682/682/682 1068/1068/1068 1224/1224/1224
f 3101/3101/3101 2426/2426/2426 3491/3491/3491
f 3297/3297/3297 3251/3251/3251 3248/3248/3248
f 3437/3437/3437 417/417/417 415/415/415
f 3641/3641/3641 511/511/511 3332/3332/3332
f 1560/1560/1560 1569/1569/1569 3303/3303/3303
f 2772/2772/2772 1980/1980/1980 2769/2769/2769
f 2634/2634/2634 2003/2003/2003 1997/1997/1997
f 1556/1556/1556 391/391/391 3518/3518/3518
f 3340/3340/3340 1067/1067/1067 2615/2615/2615
f 2426/2426/2426 2427/2427/2427 840/840/840
f 1100/1100/1100 1916/1916/1916 1896/1896/1896
f 761/761/761 418/418/418 757/757/757
f 2086/2086/2086 2250/2250/2250 2436/2436/2436
f 1305/1305/1305 1396/1396/1396 570/570/570
f 3423/3423/3423 477/477/477 683/683/683
f 2783/2783/2783 157/157/157 249/249/249
f 2735/2735/2735 1963/1963/1963 2740/2740/2740
f 3605/3605/3605 100/100/100 94/94/94
f 2258/2258/2258 262/262/262 3271/3271/3271
f 1155/1155/1155 2765/2765/2765 1370/1370/1370
f 3008/3008/3008 2135/2135/2135 2129/2129/2129
f 2356/2356/2356 968/968/968 1246/1246/1246
f 2160/2160/2160 2162/2162/2162 3249/3249/3249
f 2161/2161/2161 2199/2199/2199 2164/2164/2164
f 3249/3249/3249 2169/2169/2169 2167/2167/2167
f 2178/2178/2178 2180/2180/2180 1916/1916/1916
f 1916/1916/1916 3375/3375/3375 2938/2938/2938
f 1059/1059/1059 1017/1017/1017 2763/2763/2763
f 3658/3658/3658 2148/2148/2148 2225/2225/2225
f 2852/2852/2852 3670/3670/3670 3085/3085/3085
f 2072/2072/2072 2269/2269/2269 1986/1986/1986
f 2250/2250/2250 2076/2076/2076 2894/2894/2894
f 3406/3406/3406 1754/1754/1754 3527/3527/3527
f 2754/2754/2754 1064/1064/1064 1062/1062/1062
f 1609/1609/1609 1797/1797/1797 463/463/463
f 1797/1797/1797 1609/1609/1609 458/458/458
f 752/752/752 651/651/651 743/743/743
f 1748/1748/1748 3200/3200/3200 2773/2773/2773
f 2452/2452/2452 2998/2998/2998 1273/1273/1273
f 838/838/838 1806/1806/1806 2382/2382/2382
f 1258/1258/1258 1757/1757/1757 2969/2969/2969
f 3458/3458/3458 1293/1293/1293 2079/2079/2079
f 1239/1239/1239 1174/1174/1174 2952/2952/2952
f 3685/3685/3685 2361/2361/2361 1591/1591/1591
f 3654/3654/3654 1346/1346/1346 569/569/569
f 2096/2096/2096 3333/3333/3333 420/420/420
f 2784/2784/2784 2031/2031/2031 3307/3307/3307
f 2190/2190/2190 2152/2152/2152 2221/2221/2221
f 375/375/375 320/320/320 355/355/355
f 3122/3122/3122 878/878/878 2466/2466/2466
f 2924/2924/2924 2724/2724/2724 2737/2737/2737
f 3473/3473/3473 3115/3115/3115 1832/1832/1832
f 3115/3115/3115 1836/1836/1836 1840/1840/1840
f 2021/2021/2021 2598/2598/2598 2018/2018/2018
f 2743/2743/2743 2661/2661/2661 2801/2801/2801
f 2340/2340/2340 3660/3660/3660 2320/2320/2320
f 139/139/139 207/207/207 195/195/195
f 2270/2270/2270 1712/1712/1712 2094/2094/2094
f 3004/3004/3004 3169/3169/3169 2837/2837/2837
f 3644/3644/3644 3495/3495/3495 787/787/787
f 3681/3681/3681 1379/1379/1379 3090/3090/3090
f 689/689/689 3534/3534/3534 3169/3169/3169
f 3664/3664/3664 3332/3332/3332 2490/2490/2490
f 983/983/983 2605/2605/2605 2603/2603/2603
f 1797/1797/1797 3482/3482/3482 402/402/402
f 603/603/603 2690/2690/2690 1067/1067/1067
f 2290/2290/2290 117/117/117 124/124/124
f 1797/1797/1797 402/402/402 1794/1794/1794
f 904/904/904 2480/2480/2480 2474/2474/2474
f 1464/1464/1464 522/522/522 3645/3645/3645
f 2201/2201/2201 714/714/714 1379/1379/1379
f 1240/1240/1240 907/907/907 853/853/853
f 3519/3519/3519 3660/3660/3660 2361/2361/2361
f 1185/1185/1185 2952/2952/2952 1174/1174/1174
f 2074/2074/2074 2110/2110/2110 2102/2102/2102
f 1963/1963/1963 2545/2545/2545 2549/2549/2549
f 2199/2199/2199 2197/2197/2197 2164/2164/2164
f 3505/3505/3505 1691/1691/1691 3153/3153/3153
f 2623/2623/2623 3591/3591/3591 3275/3275/3275
f 551/551/551 1156/1156/1156 3127/3127/3127
f 3307/3307/3307 459/459/459 2967/2967/2967
f 2259/2259/2259 2559/2559/2559 2040/2040/2040
f 511/511/511 3641/3641/3641 3573/3573/3573
f 2190/2190/2190 2138/2138/2138 2152/2152/2152
f 2862/2862/2862 2874/2874/2874 1159/1159/1159
f 1726/1726/1726 1818/1818/1818 447/447/447
f 3078/3078/3078 2092/2092/2092 1877/1877/1877
f 3626/3626/3626 2242/2242/2242 3249/3249/3249
f 400/400/400 416/416/416 1762/1762/1762
f 1541/1541/1541 3652/3652/3652 2119/2119/2119
f 2452/2452/2452 1901/1901/1901 1893/1893/1893
f 3560/3560/3560 1216/1216/1216 1219/1219/1219
f 3559/3559/3559 2915/2915/2915 2885/2885/2885
f 692/692/692 700/700/700 3424/3424/3424
f 3655/3655/3655 1854/1854/1854 3095/3095/3095
f 1814/1814/1814 3527/3527/3527 1754/1754/1754
f 2261/2261/2261 3436/3436/3436 80/80/80
f 3041/3041/3041 3025/3025/3025 1819/1819/1819
f 1553/1553/1553 1443/1443/1443 707/707/707
f 1661/1661/1661 1663/1663/1663 1691/1691/1691
f 2820/2820/2820 1115/1115/1115 2821/2821/2821
f 3372/3372/3372 2745/2745/2745 1058/1058/1058
f 1831/1831/1831 1513/1513/1513 1691/1691/1691
f 3569/3569/3569 1219/1219/1219 3033/3033/3033
f 3432/3432/3432 987/987/987 1250/1250/1250
f 3005/3005/3005 3371/3371/3371 2295/2295/2295
f 2607/2607/2607 843/843/843 2443/2443/2443
f 3119/3119/3119 1495/1495/1495 1796/1796/1796
f 2924/2924/2924 1887/1887/1887 2450/2450/2450
f 338/338/338 2109/2109/2109 307/307/307
f 401/401/401 419/419/419 1793/1793/1793
f 2065/2065/2065 3437/3437/3437 1797/1797/1797
f 3228/3228/3228 1495/1495/1495 1699/1699/1699
f 1740/1740/1740 2288/2288/2288 2282/2282/2282
f 3395/3395/3395 2443/2443/2443 2371/2371/2371
f 3125/3125/3125 853/853/853 1610/1610/1610
f 3224/3224/3224 1259/1259/1259 3275/3275/3275
f 3105/3105/3105 1417/1417/1417 1766/1766/1766
f 3193/3193/3193 2211/2211/2211 3187/3187/3187
f 3487/3487/3487 913/913/913 915/915/915
f 2690/2690/2690 1008/1008/1008 1067/1067/1067
f 2656/2656/2656 3047/3047/3047 2229/2229/2229
f 3193/3193/3193 1545/1545/1545 1554/1554/1554
f 743/743/743 3557/3557/3557 742/742/742
f 694/694/694 863/863/863 3169/3169/3169
f 2076/2076/2076 2259/2259/2259 2113/2113/2113
f 3062/3062/3062 3064/3064/3064 1372/1372/1372
f 3095/3095/3095 2057/2057/2057 2180/2180/2180
f 3604/3604/3604 835/835/835 837/837/837
f 1757/1757/1757 2985/2985/2985 2989/2989/2989
f 3461/3461/3461 6/6/6 2/2/2
f 660/660/660 751/751/751 436/436/436
f 1037/1037/1037 936/936/936 17/17/17
f 1036/1036/1036 3545/3545/3545 3271/3271/3271
f 2363/2363/2363 2100/2100/2100 3247/3247/3247
f 3437/3437/3437 2065/2065/2065 1214/1214/1214
f 2246/2246/2246 3249/3249/3249 2238/2238/2238
f 2259/2259/2259 3515/3515/3515 2620/2620/2620
f 2251/2251/2251 2116/2116/2116 2114/2114/2114
f 1605/1605/1605 3204/3204/3204 3199/3199/3199
f 1447/1447/1447 2977/2977/2977 3359/3359/3359
f 3469/3469/3469 953/953/953 3566/3566/3566
f 3526/3526/3526 2200/2200/2200 2436/2436/2436
f 2848/2848/2848 2844/2844/2844 2846/2846/2846
f 2390/2390/2390 2409/2409/2409 2388/2388/2388
f 383/383/383 346/346/346 327/327/327
f 740/740/740 1347/1347/1347 3587/3587/3587
f 714/714/714 3083/3083/3083 1379/1379/1379
f 1434/1434/1434 3427/3427/3427 3468/3468/3468
f 379/379/379 364/364/364 321/321/321
f 2724/2724/2724 2924/2924/2924 2706/2706/2706
f 538/538/538 1346/1346/1346 1412/1412/1412
f 3657/3657/3657 3419/3419/3419 1454/1454/1454
f 400/400/400 3682/3682/3682 1820/1820/1820
f 1005/1005/1005 2668/2668/2668 1004/1004/1004
f 65/65/65 96/96/96 112/112/112
f 2211/2211/2211 1474/1474/1474 3136/3136/3136
f 102/102/102 2096/2096/2096 420/420/420
f 3193/3193/3193 3185/3185/3185 1563/1563/1563
f 1786/1786/1786 2534/2534/2534 929/929/929
f 888/888/888 908/908/908 904/904/904
f 2360/2360/2360 1212/1212/1212 2387/2387/2387
f 320/320/320 363/363/363 3579/3579/3579
f 1260/1260/1260 1755/1755/1755 3242/3242/3242
f 2064/2064/2064 3635/3635/3635 400/400/400
f 3635/3635/3635 473/473/473 400/400/400
f 2156/2156/2156 2163/2163/2163 2171/2171/2171
f 2306/2306/2306 3516/3516/3516 2289/2289/2289
f 2462/2462/2462 2371/2371/2371 818/818/818
f 3288/3288/3288 3289/3289/3289 1756/1756/1756
f 3613/3613/3613 1113/1113/1113 656/656/656
f 3040/3040/3040 1818/1818/1818 389/389/389
f 2176/2176/2176 3134/3134/3134 2180/2180/2180
f 383/383/383 2966/2966/2966 337/337/337
f 207/207/207 139/139/139 149/149/149
f 2537/2537/2537 2539/2539/2539 3567/3567/3567
f 2225/2225/2225 2622/2622/2622 3658/3658/3658
f 1210/1210/1210 1211/1211/1211 1201/1201/1201
f 3249/3249/3249 2194/2194/2194 2169/2169/2169
f 2199/2199/2199 2166/2166/2166 2168/2168/2168
f 3334/3334/3334 228/228/228 224/224/224
f 1347/1347/1347 1290/1290/1290 2741/2741/2741
f 3463/3463/3463 1243/1243/1243 17/17/17
f 1757/1757/1757 1268/1268/1268 2993/2993/2993
f 383/383/383 329/329/329 331/331/331
f 1084/1084/1084 955/955/955 2472/2472/2472
f 3556/3556/3556 3250/3250/3250 3129/3129/3129
f 3190/3190/3190 1550/1550/1550 1469/1469/1469
f 1143/1143/1143 3673/3673/3673 1124/1124/1124
f 3566/3566/3566 1352/1352/1352 1350/1350/1350
f 1181/1181/1181 1169/1169/1169 1179/1179/1179
f 2199/2199/2199 2161/2161/2161 2159/2159/2159
f 3486/3486/3486 871/871/871 874/874/874
f 3420/3420/3420 2359/2359/2359 396/396/396
f 856/856/856 2448/2448/2448 2457/2457/2457
f 2405/2405/2405 2407/2407/2407 2409/2409/2409
f 3274/3274/3274 3659/3659/3659 3251/3251/3251
f 3170/3170/3170 1533/1533/1533 3174/3174/3174
f 1144/1144/1144 1082/1082/1082 1140/1140/1140
f 2385/2385/2385 1274/1274/1274 3307/3307/3307
f 2464/2464/2464 1817/1817/1817 3494/3494/3494
f 2862/2862/2862 3429/3429/3429 1204/1204/1204
f 425/425/425 423/423/423 2409/2409/2409
f 1993/1993/1993 1347/1347/1347 1318/1318/1318
f 3555/3555/3555 2676/2676/2676 2745/2745/2745
f 24/24/24 2400/2400/2400 15/15/15
f 1257/1257/1257 1219/1219/1219 1232/1232/1232
f 3117/3117/3117 1434/1434/1434 3198/3198/3198
f 3472/3472/3472 1985/1985/1985 2068/2068/2068
f 3394/3394/3394 598/598/598 588/588/588
f 1277/1277/1277 1265/1265/1265 1653/1653/1653
f 2485/2485/2485 1083/1083/1083 3332/3332/3332
f 318/318/318 316/316/316 320/320/320
f 2229/2229/2229 2143/2143/2143 2140/2140/2140
f 1921/1921/1921 2937/2937/2937 3374/3374/3374
f 2230/2230/2230 2214/2214/2214 2141/2141/2141
f 2180/2180/2180 3691/3691/3691 3095/3095/3095
f 699/699/699 687/687/687 813/813/813
f 3233/3233/3233 1691/1691/1691 1659/1659/1659
f 2636/2636/2636 2958/2958/2958 1941/1941/1941
f 2250/2250/2250 2894/2894/2894 2889/2889/2889
f 1741/1741/1741 2283/2283/2283 3005/3005/3005
f 2131/2131/2131 2241/2241/2241 2199/2199/2199
f 3387/3387/3387 713/713/713 2962/2962/2962
f 1743/1743/1743 842/842/842 1971/1971/1971
f 3307/3307/3307 1272/1272/1272 2997/2997/2997
f 1260/1260/1260 3235/3235/3235 1670/1670/1670
f 3236/3236/3236 3234/3234/3234 1777/1777/1777
f 3235/3235/3235 1260/1260/1260 1668/1668/1668
f 455/455/455 468/468/468 444/444/444
f 3236/3236/3236 1669/1669/1669 3234/3234/3234
f 2972/2972/2972 2199/2199/2199 2124/2124/2124
f 1693/1693/1693 17/17/17 1488/1488/1488
f 444/444/444 468/468/468 464/464/464
f 2254/2254/2254 2115/2115/2115 3249/3249/3249
f 2254/2254/2254 3249/3249/3249 2128/2128/2128
f 2253/2253/2253 2127/2127/2127 3008/3008/3008
f 38/38/38 49/49/49 3584/3584/3584
f 2121/2121/2121 369/369/369 1378/1378/1378
f 1858/1858/1858 1783/1783/1783 1845/1845/1845
f 2331/2331/2331 2319/2319/2319 2317/2317/2317
f 2745/2745/2745 2748/2748/2748 1056/1056/1056
f 2231/2231/2231 32/32/32 3444/3444/3444
f 3654/3654/3654 3434/3434/3434 1346/1346/1346
f 1614/1614/1614 3600/3600/3600 3212/3212/3212
f 301/301/301 287/287/287 299/299/299
f 3332/3332/3332 904/904/904 908/908/908
f 461/461/461 464/464/464 468/468/468
f 1496/1496/1496 3232/3232/3232 1658/1658/1658
f 1677/1677/1677 1260/1260/1260 1679/1679/1679
f 1379/1379/1379 3330/3330/3330 1435/1435/1435
f 2934/2934/2934 752/752/752 1227/1227/1227
f 1661/1661/1661 1691/1691/1691 3234/3234/3234
f 1684/1684/1684 3234/3234/3234 1686/1686/1686
f 1260/1260/1260 1683/1683/1683 1685/1685/1685
f 1686/1686/1686 3234/3234/3234 3241/3241/3241
f 2072/2072/2072 1986/1986/1986 1900/1900/1900
f 1923/1923/1923 2259/2259/2259 2531/2531/2531
f 3599/3599/3599 1442/1442/1442 1346/1346/1346
f 2361/2361/2361 1599/1599/1599 2342/2342/2342
f 3197/3197/3197 3252/3252/3252 3364/3364/3364
f 1464/1464/1464 478/478/478 490/490/490
f 2517/2517/2517 2229/2229/2229 2515/2515/2515
f 3198/3198/3198 3108/3108/3108 1424/1424/1424
f 3381/3381/3381 3310/3310/3310 266/266/266
f 1514/1514/1514 1498/1498/1498 1643/1643/1643
f 2397/2397/2397 44/44/44 420/420/420
f 826/826/826 2917/2917/2917 1219/1219/1219
f 1557/1557/1557 1552/1552/1552 3313/3313/3313
f 1891/1891/1891 3342/3342/3342 3008/3008/3008
f 3244/3244/3244 1495/1495/1495 1532/1532/1532
f 1699/1699/1699 1495/1495/1495 3246/3246/3246
f 1916/1916/1916 1100/1100/1100 3007/3007/3007
f 1792/1792/1792 1788/1788/1788 1791/1791/1791
f 1712/1712/1712 2270/2270/2270 1700/1700/1700
f 3228/3228/3228 3659/3659/3659 1495/1495/1495
f 1714/1714/1714 3659/3659/3659 3268/3268/3268
f 254/254/254 246/246/246 242/242/242
f 752/752/752 1211/1211/1211 1227/1227/1227
f 383/383/383 384/384/384 385/385/385
f 3681/3681/3681 3111/3111/3111 1379/1379/1379
f 3307/3307/3307 2997/2997/2997 1276/1276/1276
f 2291/2291/2291 49/49/49 51/51/51
f 1700/1700/1700 2270/2270/2270 3230/3230/3230
f 3100/3100/3100 3097/3097/3097 1858/1858/1858
f 1829/1829/1829 3603/3603/3603 1871/1871/1871
f 3614/3614/3614 1766/1766/1766 1427/1427/1427
f 1704/1704/1704 3337/3337/3337 1702/1702/1702
f 1369/1369/1369 2764/2764/2764 3067/3067/3067
f 3468/3468/3468 3416/3416/3416 1761/1761/1761
f 752/752/752 2934/2934/2934 2932/2932/2932
f 1123/1123/1123 1524/1524/1524 1514/1514/1514
f 636/636/636 751/751/751 531/531/531
f 2586/2586/2586 2571/2571/2571 951/951/951
f 774/774/774 3421/3421/3421 752/752/752
f 2013/2013/2013 1507/1507/1507 3337/3337/3337
f 3641/3641/3641 2310/2310/2310 710/710/710
f 1742/1742/1742 3247/3247/3247 1143/1143/1143
f 2183/2183/2183 3537/3537/3537 1916/1916/1916
f 2211/2211/2211 3189/3189/3189 3187/3187/3187
f 2016/2016/2016 2079/2079/2079 17/17/17
f 1181/1181/1181 2883/2883/2883 1169/1169/1169
f 150/150/150 269/269/269 234/234/234
f 3531/3531/3531 1800/1800/1800 1011/1011/1011
f 3398/3398/3398 3295/3295/3295 400/400/400
f 380/380/380 379/379/379 2360/2360/2360
f 2826/2826/2826 2636/2636/2636 1875/1875/1875
f 3514/3514/3514 2766/2766/2766 2619/2619/2619
f 948/948/948 1072/1072/1072 595/595/595
f 2672/2672/2672 1004/1004/1004 2668/2668/2668
f 2071/2071/2071 1899/1899/1899 2436/2436/2436
f 2307/2307/2307 2292/2292/2292 1676/1676/1676
f 146/146/146 117/117/117 90/90/90
f 1495/1495/1495 2095/2095/2095 1713/1713/1713
f 3569/3569/3569 2916/2916/2916 1219/1219/1219
f 3563/3563/3563 3553/3553/3553 2149/2149/2149
f 1557/1557/1557 2379/2379/2379 3226/3226/3226
f 3437/3437/3437 1821/1821/1821 3683/3683/3683
f 3233/3233/3233 3157/3157/3157 1691/1691/1691
f 3428/3428/3428 2905/2905/2905 1228/1228/1228
f 2855/2855/2855 2862/2862/2862 1204/1204/1204
f 2096/2096/2096 2413/2413/2413 2079/2079/2079
f 982/982/982 3422/3422/3422 682/682/682
f 2230/2230/2230 2189/2189/2189 2220/2220/2220
f 2690/2690/2690 1031/1031/1031 2699/2699/2699
f 1905/1905/1905 1901/1901/1901 2452/2452/2452
f 35/35/35 368/368/368 3461/3461/3461
f 3005/3005/3005 2287/2287/2287 2285/2285/2285
f 3449/3449/3449 1869/1869/1869 3115/3115/3115
f 1653/1653/1653 3056/3056/3056 1327/1327/1327
f 2281/2281/2281 3132/3132/3132 2097/2097/2097
f 3444/3444/3444 3314/3314/3314 1780/1780/1780
f 538/538/538 493/493/493 1280/1280/1280
f 2891/2891/2891 2766/2766/2766 2849/2849/2849
f 1224/1224/1224 656/656/656 1117/1117/1117
f 420/420/420 2402/2402/2402 2393/2393/2393
f 2801/2801/2801 1087/1087/1087 1093/1093/1093
f 3542/3542/3542 679/679/679 3394/3394/3394
f 2184/2184/2184 2154/2154/2154 2163/2163/2163
f 1042/1042/1042 3477/3477/3477 3247/3247/3247
f 1985/1985/1985 2059/2059/2059 2228/2228/2228
f 2862/2862/2862 1360/1360/1360 1373/1373/1373
f 188/188/188 254/254/254 196/196/196
f 1225/1225/1225 704/704/704 1147/1147/1147
f 1448/1448/1448 2977/2977/2977 2379/2379/2379
f 3391/3391/3391 159/159/159 157/157/157
f 1456/1456/1456 1280/1280/1280 494/494/494
f 928/928/928 2066/2066/2066 3085/3085/3085
f 1718/1718/1718 2300/2300/2300 1676/1676/1676
f 1763/1763/1763 417/417/417 3437/3437/3437
f 3262/3262/3262 3364/3364/3364 1738/1738/1738
f 3484/3484/3484 533/533/533 538/538/538
f 726/726/726 995/995/995 3495/3495/3495
f 957/957/957 2574/2574/2574 955/955/955
f 1347/1347/1347 969/969/969 1751/1751/1751
f 538/538/538 535/535/535 537/537/537
f 3016/3016/3016 3521/3521/3521 3526/3526/3526
f 2631/2631/2631 3271/3271/3271 129/129/129
f 1254/1254/1254 3432/3432/3432 728/728/728
f 2829/2829/2829 1986/1986/1986 1890/1890/1890
f 3090/3090/3090 1379/1379/1379 1382/1382/1382
f 3249/3249/3249 2134/2134/2134 2128/2128/2128
f 3271/3271/3271 7/7/7 4/4/4
f 3416/3416/3416 3468/3468/3468 1759/1759/1759
f 870/870/870 904/904/904 905/905/905
f 3566/3566/3566 898/898/898 900/900/900
f 1620/1620/1620 3213/3213/3213 1635/1635/1635
f 538/538/538 481/481/481 493/493/493
f 2435/2435/2435 2463/2463/2463 819/819/819
f 1757/1757/1757 1270/1270/1270 2995/2995/2995
f 1694/1694/1694 1242/1242/1242 1378/1378/1378
f 1260/1260/1260 1685/1685/1685 3240/3240/3240
f 3353/3353/3353 1653/1653/1653 1747/1747/1747
f 3474/3474/3474 1833/1833/1833 1845/1845/1845
f 2250/2250/2250 2266/2266/2266 2268/2268/2268
f 2057/2057/2057 3095/3095/3095 3115/3115/3115
f 2230/2230/2230 2141/2141/2141 2144/2144/2144
f 1694/1694/1694 1378/1378/1378 1487/1487/1487
f 2152/2152/2152 2138/2138/2138 2126/2126/2126
f 2208/2208/2208 2210/2210/2210 2152/2152/2152
f 2207/2207/2207 2229/2229/2229 2209/2209/2209
f 904/904/904 2466/2466/2466 2447/2447/2447
f 3078/3078/3078 2880/2880/2880 1807/1807/1807
f 411/411/411 443/443/443 451/451/451
f 1993/1993/1993 3529/3529/3529 1347/1347/1347
f 2382/2382/2382 2879/2879/2879 627/627/627
f 338/338/338 307/307/307 333/333/333
f 117/117/117 107/107/107 120/120/120
f 2994/2994/2994 1269/1269/1269 713/713/713
f 1760/1760/1760 1756/1756/1756 3282/3282/3282
f 723/723/723 982/982/982 721/721/721
f 1761/1761/1761 3283/3283/3283 3468/3468/3468
f 3687/3687/3687 684/684/684 2359/2359/2359
f 3315/3315/3315 3401/3401/3401 2413/2413/2413
f 1840/1840/1840 97/97/97 49/49/49
f 3285/3285/3285 1777/1777/1777 1765/1765/1765
f 3284/3284/3284 1764/1764/1764 1756/1756/1756
f 2079/2079/2079 3333/3333/3333 2096/2096/2096
f 1765/1765/1765 1777/1777/1777 3287/3287/3287
f 2139/2139/2139 2504/2504/2504 2226/2226/2226
f 400/400/400 1804/1804/1804 1808/1808/1808
f 559/559/559 1333/1333/1333 558/558/558
f 3491/3491/3491 1382/1382/1382 3103/3103/3103
f 1842/1842/1842 1844/1844/1844 1845/1845/1845
f 3266/3266/3266 1572/1572/1572 3364/3364/3364
f 2801/2801/2801 1093/1093/1093 1109/1109/1109
f 826/826/826 1219/1219/1219 1220/1220/1220
f 2293/2293/2293 2308/2308/2308 2306/2306/2306
f 2572/2572/2572 2564/2564/2564 3578/3578/3578
f 3292/3292/3292 1766/1766/1766 3290/3290/3290
f 1664/1664/1664 1347/1347/1347 2741/2741/2741
f 897/897/897 955/955/955 2486/2486/2486
f 2091/2091/2091 2382/2382/2382 1876/1876/1876
f 1772/1772/1772 1774/1774/1774 1777/1777/1777
f 111/111/111 94/94/94 98/98/98
f 3289/3289/3289 3276/3276/3276 1775/1775/1775
f 1469/1469/1469 1550/1550/1550 3139/3139/3139
f 1955/1955/1955 2051/2051/2051 2924/2924/2924
f 556/556/556 2583/2583/2583 1353/1353/1353
f 2772/2772/2772 1989/1989/1989 2644/2644/2644
f 3223/3223/3223 2985/2985/2985 1757/1757/1757
f 1762/1762/1762 2009/2009/2009 400/400/400
f 3645/3645/3645 1289/1289/1289 557/557/557
f 2745/2745/2745 1018/1018/1018 2691/2691/2691
f 2046/2046/2046 2028/2028/2028 2259/2259/2259
f 2345/2345/2345 3686/3686/3686 2325/2325/2325
f 3509/3509/3509 2508/2508/2508 1884/1884/1884
f 1754/1754/1754 724/724/724 716/716/716
f 3231/3231/3231 1495/1495/1495 1701/1701/1701
f 1829/1829/1829 1871/1871/1871 3353/3353/3353
f 1757/1757/1757 3307/3307/3307 2969/2969/2969
f 2270/2270/2270 3243/3243/3243 1531/1531/1531
f 1824/1824/1824 2457/2457/2457 866/866/866
f 705/705/705 2909/2909/2909 1155/1155/1155
f 3349/3349/3349 393/393/393 2079/2079/2079
f 1160/1160/1160 2875/2875/2875 1155/1155/1155
f 240/240/240 254/254/254 242/242/242
f 3348/3348/3348 2409/2409/2409 392/392/392
f 2146/2146/2146 2148/2148/2148 3658/3658/3658
f 1526/1526/1526 1871/1871/1871 458/458/458
f 1994/1994/1994 419/419/419 3530/3530/3530
f 302/302/302 300/300/300 338/338/338
f 2775/2775/2775 2745/2745/2745 2676/2676/2676
f 1321/1321/1321 563/563/563 771/771/771
f 3456/3456/3456 542/542/542 559/559/559
f 2457/2457/2457 2458/2458/2458 2455/2455/2455
f 1451/1451/1451 3595/3595/3595 483/483/483
f 425/425/425 2409/2409/2409 26/26/26
f 813/813/813 805/805/805 699/699/699
f 3379/3379/3379 751/751/751 3480/3480/3480
f 1385/1385/1385 1379/1379/1379 1415/1415/1415
f 3432/3432/3432 1254/1254/1254 3130/3130/3130
f 2666/2666/2666 1008/1008/1008 2690/2690/2690
f 2594/2594/2594 2763/2763/2763 980/980/980
f 2612/2612/2612 2614/2614/2614 3578/3578/3578
f 2653/2653/2653 3200/3200/3200 1792/1792/1792
f 1810/1810/1810 583/583/583 418/418/418
f 2409/2409/2409 97/97/97 2400/2400/2400
f 1598/1598/1598 1211/1211/1211 1168/1168/1168
f 3595/3595/3595 1486/1486/1486 483/483/483
f 3438/3438/3438 1822/1822/1822 2452/2452/2452
f 1412/1412/1412 3484/3484/3484 538/538/538
f 2496/2496/2496 2509/2509/2509 2229/2229/2229
f 1569/1569/1569 3304/3304/3304 1605/1605/1605
f 1637/1637/1637 2601/2601/2601 1640/1640/1640
f 2317/2317/2317 2325/2325/2325 2333/2333/2333
f 3657/3657/3657 3104/3104/3104 1408/1408/1408
f 751/751/751 977/977/977 975/975/975
f 2057/2057/2057 1916/1916/1916 2180/2180/2180
f 2562/2562/2562 2514/2514/2514 2259/2259/2259
f 3121/3121/3121 1711/1711/1711 807/807/807
f 2409/2409/2409 1391/1391/1391 3166/3166/3166
f 3437/3437/3437 467/467/467 1797/1797/1797
f 3658/3658/3658 2622/2622/2622 2012/2012/2012
f 3357/3357/3357 692/692/692 3582/3582/3582
f 3358/3358/3358 3432/3432/3432 3347/3347/3347
f 2789/2789/2789 2381/2381/2381 1143/1143/1143
f 1576/1576/1576 3078/3078/3078 1770/1770/1770
f 3576/3576/3576 3332/3332/3332 509/509/509
f 2014/2014/2014 3228/3228/3228 1508/1508/1508
f 3289/3289/3289 1773/1773/1773 1771/1771/1771
f 3563/3563/3563 1858/1858/1858 1862/1862/1862
f 2515/2515/2515 2229/2229/2229 2530/2530/2530
f 2492/2492/2492 2589/2589/2589 2570/2570/2570
f 2745/2745/2745 1056/1056/1056 2746/2746/2746
f 1986/1986/1986 1853/1853/1853 1860/1860/1860
f 468/468/468 1706/1706/1706 439/439/439
f 2641/2641/2641 1988/1988/1988 1986/1986/1986
f 927/927/927 3652/3652/3652 3360/3360/3360
f 1754/1754/1754 2309/2309/2309 1814/1814/1814
f 3380/3380/3380 265/265/265 3620/3620/3620
f 2435/2435/2435 2419/2419/2419 2421/2421/2421
f 2595/2595/2595 2017/2017/2017 1921/1921/1921
f 1225/1225/1225 2913/2913/2913 704/704/704
f 400/400/400 468/468/468 443/443/443
f 3567/3567/3567 934/934/934 2541/2541/2541
f 1054/1054/1054 2748/2748/2748 2745/2745/2745
f 2639/2639/2639 2642/2642/2642 1995/1995/1995
f 1618/1618/1618 1143/1143/1143 3466/3466/3466
f 2363/2363/2363 3247/3247/3247 3477/3477/3477
f 3503/3503/3503 296/296/296 271/271/271
f 3202/3202/3202 3095/3095/3095 1861/1861/1861
f 2066/2066/2066 979/979/979 2464/2464/2464
f 3115/3115/3115 3473/3473/3473 1836/1836/1836
f 3587/3587/3587 1347/1347/1347 1664/1664/1664
f 2245/2245/2245 2237/2237/2237 3008/3008/3008
f 2362/2362/2362 2262/2262/2262 3596/3596/3596
f 2945/2945/2945 1653/1653/1653 1530/1530/1530
f 2524/2524/2524 2529/2529/2529 2504/2504/2504
f 3377/3377/3377 1245/1245/1245 713/713/713
f 853/853/853 3408/3408/3408 810/810/810
f 3351/3351/3351 713/713/713 1245/1245/1245
f 2021/2021/2021 1964/1964/1964 1884/1884/1884
f 2355/2355/2355 924/924/924 2499/2499/2499
f 3457/3457/3457 2015/2015/2015 2409/2409/2409
f 1992/1992/1992 1964/1964/1964 2681/2681/2681
f 2754/2754/2754 3373/3373/3373 1060/1060/1060
f 3504/3504/3504 3152/3152/3152 3609/3609/3609
f 884/884/884 687/687/687 699/699/699
f 2738/2738/2738 1986/1986/1986 2736/2736/2736
f 321/321/321 364/364/364 356/356/356
f 1420/1420/1420 3293/3293/3293 3468/3468/3468
f 1126/1126/1126 1143/1143/1143 1666/1666/1666
f 1109/1109/1109 2373/2373/2373 2812/2812/2812
f 3691/3691/3691 2180/2180/2180 2150/2150/2150
f 3289/3289/3289 3284/3284/3284 1756/1756/1756
f 2324/2324/2324 2323/2323/2323 1657/1657/1657
f 3196/3196/3196 3320/3320/3320 1455/1455/1455
f 2383/2383/2383 3181/3181/3181 3609/3609/3609
f 3183/3183/3183 555/555/555 3566/3566/3566
f 3658/3658/3658 2012/2012/2012 2036/2036/2036
f 3652/3652/3652 1541/1541/1541 3360/3360/3360
f 3602/3602/3602 2452/2452/2452 1822/1822/1822
f 2082/2082/2082 3681/3681/3681 1421/1421/1421
f 3652/3652/3652 2752/2752/2752 3311/3311/3311
f 2776/2776/2776 931/931/931 992/992/992
f 2373/2373/2373 1109/1109/1109 2810/2810/2810
f 3663/3663/3663 1553/1553/1553 571/571/571
f 3537/3537/3537 2155/2155/2155 1916/1916/1916
f 2940/2940/2940 2980/2980/2980 2941/2941/2941
f 3561/3561/3561 872/872/872 853/853/853
f 1757/1757/1757 1244/1244/1244 3376/3376/3376
f 3613/3613/3613 656/656/656 3688/3688/3688
f 1955/1955/1955 2924/2924/2924 1957/1957/1957
f 3519/3519/3519 1557/1557/1557 3313/3313/3313
f 3247/3247/3247 421/421/421 3308/3308/3308
f 1143/1143/1143 2411/2411/2411 1104/1104/1104
f 2849/2849/2849 2627/2627/2627 2590/2590/2590
f 3568/3568/3568 3032/3032/3032 2885/2885/2885
f 1805/1805/1805 2010/2010/2010 3437/3437/3437
f 1748/1748/1748 1792/1792/1792 3200/3200/3200
f 3457/3457/3457 2409/2409/2409 1292/1292/1292
f 1142/1142/1142 1145/1145/1145 615/615/615
f 2744/2744/2744 2803/2803/2803 3495/3495/3495
f 2624/2624/2624 2962/2962/2962 713/713/713
f 1961/1961/1961 2806/2806/2806 2924/2924/2924
f 1280/1280/1280 2583/2583/2583 567/567/567
f 874/874/874 2457/2457/2457 2448/2448/2448
f 1962/1962/1962 1963/1963/1963 2807/2807/2807
f 1379/1379/1379 1435/1435/1435 3113/3113/3113
f 3317/3317/3317 1514/1514/1514 1511/1511/1511
f 1260/1260/1260 1637/1637/1637 1496/1496/1496
f 3566/3566/3566 1350/1350/1350 1403/1403/1403
f 3659/3659/3659 3228/3228/3228 3268/3268/3268
f 812/812/812 1754/1754/1754 804/804/804
f 3078/3078/3078 796/796/796 628/628/628
f 3433/3433/3433 3653/3653/3653 1289/1289/1289
f 2521/2521/2521 2523/2523/2523 2519/2519/2519
f 2766/2766/2766 1932/1932/1932 1938/1938/1938
f 3403/3403/3403 2152/2152/2152 2196/2196/2196
f 3429/3429/3429 2862/2862/2862 2906/2906/2906
f 1608/1608/1608 462/462/462 461/461/461
f 1862/1862/1862 1858/1858/1858 3203/3203/3203
f 692/692/692 3346/3346/3346 702/702/702
f 3608/3608/3608 3014/3014/3014 3563/3563/3563
f 3352/3352/3352 2452/2452/2452 1828/1828/1828
f 17/17/17 1262/1262/1262 3167/3167/3167
f 3566/3566/3566 958/958/958 2573/2573/2573
f 2097/2097/2097 2086/2086/2086 2281/2281/2281
f 1926/1926/1926 1928/1928/1928 2589/2589/2589
f 2660/2660/2660 2665/2665/2665 1007/1007/1007
f 3103/3103/3103 1382/1382/1382 1407/1407/1407
f 1143/1143/1143 1134/1134/1134 1132/1132/1132
f 3368/3368/3368 2636/2636/2636 1941/1941/1941
f 1637/1637/1637 1642/1642/1642 1497/1497/1497
f 1446/1446/1446 3319/3319/3319 1346/1346/1346
f 2942/2942/2942 1919/1919/1919 1921/1921/1921
f 146/146/146 122/122/122 117/117/117
f 2202/2202/2202 807/807/807 715/715/715
f 3656/3656/3656 1857/1857/1857 1858/1858/1858
f 2289/2289/2289 379/379/379 321/321/321
f 1904/1904/1904 2199/2199/2199 1892/1892/1892
f 450/450/450 751/751/751 454/454/454
f 3352/3352/3352 1746/1746/1746 2452/2452/2452
f 3257/3257/3257 713/713/713 3387/3387/3387
f 2492/2492/2492 2750/2750/2750 2589/2589/2589
f 2636/2636/2636 2640/2640/2640 1908/1908/1908
f 1782/1782/1782 3297/3297/3297 3298/3298/3298
f 459/459/459 3307/3307/3307 1231/1231/1231
f 1559/1559/1559 1562/1562/1562 1560/1560/1560
f 80/80/80 73/73/73 49/49/49
f 3394/3394/3394 746/746/746 632/632/632
f 3647/3647/3647 2152/2152/2152 2210/2210/2210
f 162/162/162 3549/3549/3549 127/127/127
f 3008/3008/3008 3009/3009/3009 3006/3006/3006
f 2199/2199/2199 3007/3007/3007 3010/3010/3010
f 742/742/742 1164/1164/1164 1211/1211/1211
f 2452/2452/2452 1732/1732/1732 3438/3438/3438
f 2886/2886/2886 1378/1378/1378 5/5/5
f 2362/2362/2362 3596/3596/3596 2060/2060/2060
f 3085/3085/3085 2240/2240/2240 3651/3651/3651
f 1509/1509/1509 3098/3098/3098 3304/3304/3304
f 3520/3520/3520 3015/3015/3015 2924/2924/2924
f 409/409/409 400/400/400 473/473/473
f 254/254/254 188/188/188 182/182/182
f 234/234/234 167/167/167 169/169/169
f 3431/3431/3431 1092/1092/1092 982/982/982
f 3335/3335/3335 488/488/488 3566/3566/3566
f 1834/1834/1834 799/799/799 3095/3095/3095
f 3301/3301/3301 2446/2446/2446 853/853/853
f 3652/3652/3652 3305/3305/3305 3650/3650/3650
f 3024/3024/3024 3025/3025/3025 1307/1307/1307
f 2608/2608/2608 842/842/842 844/844/844
f 3433/3433/3433 1289/1289/1289 573/573/573
f 1964/1964/1964 1875/1875/1875 2636/2636/2636
f 3332/3332/3332 3664/3664/3664 572/572/572
f 1043/1043/1043 3085/3085/3085 3478/3478/3478
f 2241/2241/2241 3625/3625/3625 2199/2199/2199
f 2529/2529/2529 2355/2355/2355 2504/2504/2504
f 2885/2885/2885 3032/3032/3032 1322/1322/1322
f 443/443/443 405/405/405 414/414/414
f 937/937/937 2776/2776/2776 992/992/992
f 3067/3067/3067 3061/3061/3061 1366/1366/1366
f 2821/2821/2821 1121/1121/1121 2820/2820/2820
f 3249/3249/3249 2195/2195/2195 2191/2191/2191
f 1777/1777/1777 1776/1776/1776 3277/3277/3277
f 1158/1158/1158 552/552/552 1146/1146/1146
f 2560/2560/2560 2457/2457/2457 874/874/874
f 157/157/157 209/209/209 245/245/245
f 1816/1816/1816 853/853/853 3493/3493/3493
f 3461/3461/3461 130/130/130 30/30/30
f 2096/2096/2096 282/282/282 2413/2413/2413
f 3332/3332/3332 2600/2600/2600 1803/1803/1803
f 3668/3668/3668 3211/3211/3211 1630/1630/1630
f 927/927/927 3305/3305/3305 3652/3652/3652
f 282/282/282 83/83/83 3310/3310/3310
f 845/845/845 2231/2231/2231 3444/3444/3444
f 1345/1345/1345 1346/1346/1346 558/558/558
f 1344/1344/1344 557/557/557 1289/1289/1289
f 614/614/614 612/612/612 1224/1224/1224
f 532/532/532 1289/1289/1289 3645/3645/3645
f 3395/3395/3395 2504/2504/2504 2280/2280/2280
f 1851/1851/1851 1845/1845/1845 821/821/821
f 1790/1790/1790 3159/3159/3159 1514/1514/1514
f 603/603/603 3495/3495/3495 2690/2690/2690
f 1219/1219/1219 1218/1218/1218 1220/1220/1220
f 1855/1855/1855 3656/3656/3656 1858/1858/1858
f 2704/2704/2704 2690/2690/2690 1027/1027/1027
f 691/691/691 694/694/694 3169/3169/3169
f 2720/2720/2720 3567/3567/3567 2726/2726/2726
f 2652/2652/2652 1001/1001/1001 2647/2647/2647
f 1593/1593/1593 1595/1595/1595 3364/3364/3364
f 1850/1850/1850 1840/1840/1840 1841/1841/1841
f 1850/1850/1850 820/820/820 1840/1840/1840
f 3446/3446/3446 321/321/321 356/356/356
f 1547/1547/1547 3174/3174/3174 1567/1567/1567
f 2574/2574/2574 961/961/961 955/955/955
f 1766/1766/1766 3288/3288/3288 1756/1756/1756
f 3368/3368/3368 2004/2004/2004 2636/2636/2636
f 2701/2701/2701 1057/1057/1057 2749/2749/2749
f 1667/1667/1667 3662/3662/3662 2824/2824/2824
f 2097/2097/2097 3132/3132/3132 2149/2149/2149
f 1820/1820/1820 3398/3398/3398 400/400/400
f 3500/3500/3500 1676/1676/1676 2292/2292/2292
f 3638/3638/3638 1688/1688/1688 1691/1691/1691
f 1763/1763/1763 3437/3437/3437 2010/2010/2010
f 3289/3289/3289 1771/1771/1771 3284/3284/3284
f 1491/1491/1491 3150/3150/3150 1474/1474/1474
f 1610/1610/1610 853/853/853 872/872/872
f 1653/1653/1653 1219/1219/1219 3000/3000/3000
f 2725/2725/2725 1986/1986/1986 2738/2738/2738
f 3522/3522/3522 1975/1975/1975 2229/2229/2229
f 3641/3641/3641 1815/1815/1815 2310/2310/2310
f 3574/3574/3574 482/482/482 3566/3566/3566
f 400/400/400 443/443/443 416/416/416
f 3675/3675/3675 1999/1999/1999 2436/2436/2436
f 303/303/303 3639/3639/3639 290/290/290
f 157/157/157 264/264/264 213/213/213
f 2376/2376/2376 104/104/104 80/80/80
f 2375/2375/2375 115/115/115 117/117/117
f 1942/1942/1942 1932/1932/1932 2766/2766/2766
f 3564/3564/3564 2589/2589/2589 2907/2907/2907
f 3318/3318/3318 1289/1289/1289 3598/3598/3598
f 3222/3222/3222 3220/3220/3220 3211/3211/3211
f 3495/3495/3495 3644/3644/3644 3552/3552/3552
f 3060/3060/3060 1751/1751/1751 2885/2885/2885
f 2070/2070/2070 698/698/698 3169/3169/3169
f 1831/1831/1831 1691/1691/1691 3505/3505/3505
f 1568/1568/1568 1560/1560/1560 1548/1548/1548
f 656/656/656 752/752/752 685/685/685
f 2878/2878/2878 2636/2636/2636 2866/2866/2866
f 1386/1386/1386 1416/1416/1416 3419/3419/3419
f 2745/2745/2745 1020/1020/1020 1018/1018/1018
f 1543/1543/1543 3174/3174/3174 3172/3172/3172
f 468/468/468 466/466/466 1708/1708/1708
f 2766/2766/2766 2768/2768/2768 1979/1979/1979
f 1921/1921/1921 2491/2491/2491 2569/2569/2569
f 3038/3038/3038 3008/3008/3008 1880/1880/1880
f 2546/2546/2546 2924/2924/2924 2795/2795/2795
f 1529/1529/1529 1527/1527/1527 3025/3025/3025
f 2021/2021/2021 2566/2566/2566 2568/2568/2568
f 3269/3269/3269 254/254/254 3510/3510/3510
f 2703/2703/2703 2701/2701/2701 1032/1032/1032
f 3095/3095/3095 3099/3099/3099 3115/3115/3115
f 3097/3097/3097 1855/1855/1855 1858/1858/1858
f 2475/2475/2475 3332/3332/3332 2471/2471/2471
f 2834/2834/2834 2924/2924/2924 1953/1953/1953
f 637/637/637 387/387/387 418/418/418
f 2372/2372/2372 1212/1212/1212 981/981/981
f 751/751/751 675/675/675 531/531/531
f 1858/1858/1858 3092/3092/3092 1864/1864/1864
f 532/532/532 3483/3483/3483 1289/1289/1289
f 1339/1339/1339 1155/1155/1155 1313/1313/1313
f 680/680/680 1139/1139/1139 1141/1141/1141
f 2326/2326/2326 2338/2338/2338 3174/3174/3174
f 139/139/139 150/150/150 97/97/97
f 3556/3556/3556 1377/1377/1377 3294/3294/3294
f 980/980/980 2355/2355/2355 3395/3395/3395
f 2089/2089/2089 386/386/386 1447/1447/1447
f 3094/3094/3094 1845/1845/1845 1839/1839/1839
f 3678/3678/3678 771/771/771 605/605/605
f 1645/1645/1645 3216/3216/3216 3211/3211/3211
f 1642/1642/1642 1637/1637/1637 1640/1640/1640
f 3214/3214/3214 1637/1637/1637 1636/1636/1636
f 1747/1747/1747 1653/1653/1653 1906/1906/1906
f 2974/2974/2974 2979/2979/2979 2199/2199/2199
f 3538/3538/3538 2163/2163/2163 2156/2156/2156
f 3354/3354/3354 2043/2043/2043 2233/2233/2233
f 752/752/752 646/646/646 685/685/685
f 178/178/178 254/254/254 180/180/180
f 2529/2529/2529 926/926/926 2355/2355/2355
f 2701/2701/2701 2703/2703/2703 2705/2705/2705
f 899/899/899 2580/2580/2580 955/955/955
f 243/243/243 253/253/253 219/219/219
f 468/468/468 1708/1708/1708 1706/1706/1706
f 3526/3526/3526 2052/2052/2052 1956/1956/1956
f 3294/3294/3294 1377/1377/1377 1791/1791/1791
f 2208/2208/2208 2152/2152/2152 1884/1884/1884
f 3098/3098/3098 1628/1628/1628 1625/1625/1625
f 3470/3470/3470 957/957/957 955/955/955
f 681/681/681 1140/1140/1140 1082/1082/1082
f 3007/3007/3007 2199/2199/2199 1916/1916/1916
f 3332/3332/3332 2475/2475/2475 2477/2477/2477
f 2868/2868/2868 2862/2862/2862 2870/2870/2870
f 1921/1921/1921 1099/1099/1099 1895/1895/1895
f 94/94/94 100/100/100 98/98/98
f 2987/2987/2987 3008/3008/3008 2983/2983/2983
f 1211/1211/1211 1164/1164/1164 1166/1166/1166
f 2981/2981/2981 3008/3008/3008 2123/2123/2123
f 3622/3622/3622 3495/3495/3495 2803/2803/2803
f 379/379/379 380/380/380 384/384/384
f 1219/1219/1219 2927/2927/2927 3275/3275/3275
f 2611/2611/2611 985/985/985 2586/2586/2586
f 287/287/287 301/301/301 334/334/334
f 1913/1913/1913 1916/1916/1916 1911/1911/1911
f 1061/1061/1061 2594/2594/2594 2722/2722/2722
f 314/314/314 127/127/127 304/304/304
f 3502/3502/3502 3620/3620/3620 272/272/272
f 1333/1333/1333 559/559/559 1329/1329/1329
f 3123/3123/3123 2468/2468/2468 874/874/874
f 776/776/776 2359/2359/2359 399/399/399
f 3535/3535/3535 363/363/363 365/365/365
f 1657/1657/1657 1655/1655/1655 2325/2325/2325
f 358/358/358 362/362/362 3005/3005/3005
f 2359/2359/2359 753/753/753 1225/1225/1225
f 2027/2027/2027 2045/2045/2045 2229/2229/2229
f 2380/2380/2380 1109/1109/1109 1107/1107/1107
f 312/312/312 310/310/310 287/287/287
f 363/363/363 3535/3535/3535 336/336/336
f 3168/3168/3168 1552/1552/1552 3227/3227/3227
f 1939/1939/1939 1933/1933/1933 2636/2636/2636
f 1946/1946/1946 2854/2854/2854 2636/2636/2636
f 3578/3578/3578 2606/2606/2606 984/984/984
f 1945/1945/1945 2844/2844/2844 2853/2853/2853
f 3008/3008/3008 2971/2971/2971 2123/2123/2123
f 2695/2695/2695 2745/2745/2745 1022/1022/1022
f 3026/3026/3026 3060/3060/3060 3021/3021/3021
f 2924/2924/2924 2806/2806/2806 2795/2795/2795
f 751/751/751 2265/2265/2265 438/438/438
f 2361/2361/2361 2827/2827/2827 3519/3519/3519
f 1305/1305/1305 1303/1303/1303 1346/1346/1346
f 3042/3042/3042 2684/2684/2684 2790/2790/2790
f 2436/2436/2436 2200/2200/2200 2086/2086/2086
f 2097/2097/2097 2149/2149/2149 2259/2259/2259
f 2387/2387/2387 386/386/386 380/380/380
f 60/60/60 81/81/81 117/117/117
f 3470/3470/3470 955/955/955 954/954/954
f 2939/2939/2939 2941/2941/2941 2980/2980/2980
f 3195/3195/3195 1717/1717/1717 1725/1725/1725
f 2915/2915/2915 3568/3568/3568 2885/2885/2885
f 2601/2601/2601 1637/1637/1637 1627/1627/1627
f 2777/2777/2777 938/938/938 2754/2754/2754
f 976/976/976 657/657/657 656/656/656
f 904/904/904 2474/2474/2474 2482/2482/2482
f 1779/1779/1779 383/383/383 327/327/327
f 1381/1381/1381 3418/3418/3418 3657/3657/3657
f 280/280/280 3334/3334/3334 127/127/127
f 3526/3526/3526 1984/1984/1984 2751/2751/2751
f 223/223/223 227/227/227 269/269/269
f 385/385/385 244/244/244 208/208/208
f 2033/2033/2033 2589/2589/2589 2550/2550/2550
f 1203/1203/1203 1228/1228/1228 1205/1205/1205
f 1055/1055/1055 2701/2701/2701 2749/2749/2749
f 1146/1146/1146 648/648/648 609/609/609
f 1588/1588/1588 3268/3268/3268 1590/1590/1590
f 150/150/150 184/184/184 189/189/189
f 2355/2355/2355 3488/3488/3488 2506/2506/2506
f 597/597/597 1070/1070/1070 948/948/948
f 640/640/640 751/751/751 546/546/546
f 2656/2656/2656 2229/2229/2229 1981/1981/1981
f 1651/1651/1651 1646/1646/1646 443/443/443
f 827/827/827 1174/1174/1174 2918/2918/2918
f 2229/2229/2229 2677/2677/2677 1959/1959/1959
f 1354/1354/1354 2944/2944/2944 3025/3025/3025
f 3364/3364/3364 1595/1595/1595 1587/1587/1587
f 419/419/419 3020/3020/3020 461/461/461
f 2429/2429/2429 2426/2426/2426 840/840/840
f 2628/2628/2628 2632/2632/2632 2250/2250/2250
f 1346/1346/1346 1320/1320/1320 559/559/559
f 674/674/674 618/618/618 771/771/771
f 517/517/517 3641/3641/3641 501/501/501
f 769/769/769 502/502/502 751/751/751
f 1228/1228/1228 2905/2905/2905 1198/1198/1198
f 1144/1144/1144 1142/1142/1142 1146/1146/1146
f 789/789/789 798/798/798 2355/2355/2355
f 3396/3396/3396 3160/3160/3160 3609/3609/3609
f 1574/1574/1574 3168/3168/3168 3227/3227/3227
f 2106/2106/2106 2098/2098/2098 2619/2619/2619
f 1921/1921/1921 2019/2019/2019 2595/2595/2595
f 2464/2464/2464 1611/1611/1611 873/873/873
f 1840/1840/1840 2396/2396/2396 41/41/41
f 279/279/279 157/157/157 205/205/205
f 2452/2452/2452 1893/1893/1893 1264/1264/1264
f 1076/1076/1076 2226/2226/2226 980/980/980
f 3257/3257/3257 2928/2928/2928 713/713/713
f 2548/2548/2548 2924/2924/2924 2554/2554/2554
f 2547/2547/2547 1963/1963/1963 2555/2555/2555
f 3641/3641/3641 717/717/717 725/725/725
f 1825/1825/1825 867/867/867 2464/2464/2464
f 3170/3170/3170 3174/3174/3174 1535/1535/1535
f 2714/2714/2714 992/992/992 1044/1044/1044
f 2198/2198/2198 3249/3249/3249 2165/2165/2165
f 3197/3197/3197 1577/1577/1577 3194/3194/3194
f 3658/3658/3658 2036/2036/2036 2038/2038/2038
f 3067/3067/3067 3065/3065/3065 3072/3072/3072
f 761/761/761 1810/1810/1810 418/418/418
f 3212/3212/3212 3197/3197/3197 1574/1574/1574
f 2509/2509/2509 2677/2677/2677 2229/2229/2229
f 1921/1921/1921 1919/1919/1919 2047/2047/2047
f 1109/1109/1109 2663/2663/2663 2669/2669/2669
f 2637/2637/2637 1859/1859/1859 2639/2639/2639
f 2586/2586/2586 983/983/983 2603/2603/2603
f 1573/1573/1573 1717/1717/1717 1571/1571/1571
f 1546/1546/1546 1566/1566/1566 1560/1560/1560
f 2822/2822/2822 1134/1134/1134 1143/1143/1143
f 2759/2759/2759 2617/2617/2617 1067/1067/1067
f 420/420/420 42/42/42 2397/2397/2397
f 3151/3151/3151 1492/1492/1492 1509/1509/1509
f 2132/2132/2132 2249/2249/2249 2130/2130/2130
f 3229/3229/3229 981/981/981 3199/3199/3199
f 3168/3168/3168 3337/3337/3337 801/801/801
f 2229/2229/2229 2517/2517/2517 2041/2041/2041
f 72/72/72 70/70/70 117/117/117
f 981/981/981 3229/3229/3229 2372/2372/2372
f 2659/2659/2659 3495/3495/3495 2664/2664/2664
f 1280/1280/1280 722/722/722 720/720/720
f 731/731/731 754/754/754 752/752/752
f 1295/1295/1295 1346/1346/1346 554/554/554
f 2560/2560/2560 2371/2371/2371 2457/2457/2457
f 2000/2000/2000 1986/1986/1986 2440/2440/2440
f 3174/3174/3174 1539/1539/1539 1537/1537/1537
f 3174/3174/3174 3177/3177/3177 3175/3175/3175
f 1543/1543/1543 1539/1539/1539 3174/3174/3174
f 1867/1867/1867 3115/3115/3115 1869/1869/1869
f 2875/2875/2875 1162/1162/1162 1155/1155/1155
f 2745/2745/2745 1048/1048/1048 2730/2730/2730
f 2504/2504/2504 3395/3395/3395 910/910/910
f 3595/3595/3595 1468/1468/1468 485/485/485
f 515/515/515 3641/3641/3641 487/487/487
f 3193/3193/3193 1554/1554/1554 1567/1567/1567
f 1652/1652/1652 443/443/443 1647/1647/1647
f 624/624/624 1131/1131/1131 1224/1224/1224
f 1217/1217/1217 2885/2885/2885 1228/1228/1228
f 1553/1553/1553 3652/3652/3652 3247/3247/3247
f 1772/1772/1772 1777/1777/1777 3285/3285/3285
f 1367/1367/1367 3062/3062/3062 1368/1368/1368
f 1935/1935/1935 791/791/791 2076/2076/2076
f 2426/2426/2426 2443/2443/2443 2280/2280/2280
f 3161/3161/3161 1519/1519/1519 1496/1496/1496
f 3156/3156/3156 1496/1496/1496 1519/1519/1519
f 1368/1368/1368 3069/3069/3069 1155/1155/1155
f 3385/3385/3385 2415/2415/2415 2583/2583/2583
f 2316/2316/2316 1673/1673/1673 2324/2324/2324
f 1509/1509/1509 1463/1463/1463 1490/1490/1490
f 388/388/388 638/638/638 2359/2359/2359
f 2005/2005/2005 1852/1852/1852 1846/1846/1846
f 1485/1485/1485 3566/3566/3566 482/482/482
f 712/712/712 3169/3169/3169 735/735/735
f 2305/2305/2305 271/271/271 296/296/296
f 3067/3067/3067 1338/1338/1338 1312/1312/1312
f 3302/3302/3302 2480/2480/2480 904/904/904
f 2933/2933/2933 1226/1226/1226 1225/1225/1225
f 2342/2342/2342 2296/2296/2296 2361/2361/2361
f 3437/3437/3437 442/442/442 1697/1697/1697
f 3303/3303/3303 3516/3516/3516 2325/2325/2325
f 3637/3637/3637 1662/1662/1662 1496/1496/1496
f 1202/1202/1202 633/633/633 418/418/418
f 2701/2701/2701 1076/1076/1076 2763/2763/2763
f 1378/1378/1378 369/369/369 367/367/367
f 622/622/622 941/941/941 968/968/968
f 1495/1495/1495 3659/3659/3659 3327/3327/3327
f 3509/3509/3509 1884/1884/1884 2497/2497/2497
f 244/244/244 385/385/385 202/202/202
f 2451/2451/2451 2054/2054/2054 3526/3526/3526
f 2690/2690/2690 2704/2704/2704 2702/2702/2702
f 2152/2152/2152 3647/3647/3647 2215/2215/2215
f 3469/3469/3469 3566/3566/3566 956/956/956
f 1663/1663/1663 3638/3638/3638 1691/1691/1691
f 2607/2607/2607 2443/2443/2443 2431/2431/2431
f 2576/2576/2576 952/952/952 955/955/955
f 3630/3630/3630 3394/3394/3394 677/677/677
f 2575/2575/2575 2586/2586/2586 951/951/951
f 385/385/385 283/283/283 3461/3461/3461
f 2224/2224/2224 2229/2229/2229 2621/2621/2621
f 2556/2556/2556 254/254/254 220/220/220
f 3323/3323/3323 405/405/405 443/443/443
f 1886/1886/1886 3039/3039/3039 2152/2152/2152
f 1868/1868/1868 1870/1870/1870 1858/1858/1858
f 2848/2848/2848 2877/2877/2877 2844/2844/2844
f 2891/2891/2891 2888/2888/2888 2766/2766/2766
f 434/434/434 399/399/399 2359/2359/2359
f 3008/3008/3008 1903/1903/1903 1891/1891/1891
f 2379/2379/2379 2372/2372/2372 3229/3229/3229
f 1944/1944/1944 1932/1932/1932 1942/1942/1942
f 3248/3248/3248 1717/1717/1717 3211/3211/3211
f 2425/2425/2425 3604/3604/3604 833/833/833
f 3496/3496/3496 2519/2519/2519 923/923/923
f 1206/1206/1206 2855/2855/2855 1204/1204/1204
f 3641/3641/3641 699/699/699 499/499/499
f 2519/2519/2519 2527/2527/2527 2521/2521/2521
f 1620/1620/1620 3667/3667/3667 1629/1629/1629
f 3298/3298/3298 3297/3297/3297 3248/3248/3248
f 1921/1921/1921 2017/2017/2017 2597/2597/2597
f 1050/1050/1050 2745/2745/2745 2730/2730/2730
f 1449/1449/1449 3681/3681/3681 3120/3120/3120
f 974/974/974 656/656/656 1224/1224/1224
f 2457/2457/2457 860/860/860 856/856/856
f 2500/2500/2500 2519/2519/2519 2502/2502/2502
f 3250/3250/3250 3196/3196/3196 3133/3133/3133
f 1963/1963/1963 2640/2640/2640 2636/2636/2636
f 108/108/108 80/80/80 121/121/121
f 955/955/955 897/897/897 895/895/895
f 1312/1312/1312 3034/3034/3034 3067/3067/3067
f 2755/2755/2755 3325/3325/3325 2763/2763/2763
f 825/825/825 829/829/829 842/842/842
f 3499/3499/3499 3265/3265/3265 3268/3268/3268
f 65/65/65 75/75/75 48/48/48
f 3526/3526/3526 1888/1888/1888 2052/2052/2052
f 3515/3515/3515 2259/2259/2259 2206/2206/2206
f 3116/3116/3116 1427/1427/1427 1766/1766/1766
f 3250/3250/3250 3124/3124/3124 3684/3684/3684
f 2772/2772/2772 3045/3045/3045 1977/1977/1977
f 771/771/771 616/616/616 639/639/639
f 343/343/343 363/363/363 373/373/373
f 3542/3542/3542 3394/3394/3394 848/848/848
f 385/385/385 384/384/384 3334/3334/3334
f 1343/1343/1343 3075/3075/3075 1368/1368/1368
f 2935/2935/2935 418/418/418 583/583/583
f 344/344/344 364/364/364 342/342/342
f 3217/3217/3217 1577/1577/1577 3197/3197/3197
f 3649/3649/3649 348/348/348 364/364/364
f 390/390/390 3673/3673/3673 1143/1143/1143
f 2104/2104/2104 2106/2106/2106 2766/2766/2766
f 165/165/165 268/268/268 296/296/296
f 1406/1406/1406 3102/3102/3102 3657/3657/3657
f 1248/1248/1248 1130/1130/1130 968/968/968
f 1863/1863/1863 3115/3115/3115 1865/1865/1865
f 2063/2063/2063 1985/1985/1985 2228/2228/2228
f 1343/1343/1343 1368/1368/1368 3054/3054/3054
f 2325/2325/2325 2306/2306/2306 2324/2324/2324
f 2264/2264/2264 656/656/656 437/437/437
f 3516/3516/3516 1212/1212/1212 2360/2360/2360
f 2279/2279/2279 2281/2281/2281 2086/2086/2086
f 2131/2131/2131 2199/2199/2199 2972/2972/2972
f 3008/3008/3008 3038/3038/3038 1885/1885/1885
f 2247/2247/2247 2971/2971/2971 3008/3008/3008
f 2136/2136/2136 3249/3249/3249 2130/2130/2130
f 3008/3008/3008 2237/2237/2237 2235/2235/2235
f 1368/1368/1368 3062/3062/3062 1372/1372/1372
f 2547/2547/2547 2796/2796/2796 1963/1963/1963
f 3608/3608/3608 3563/3563/3563 472/472/472
f 1410/1410/1410 1412/1412/1412 1346/1346/1346
f 1963/1963/1963 1987/1987/1987 2640/2640/2640
f 1382/1382/1382 1397/1397/1397 3088/3088/3088
f 308/308/308 287/287/287 310/310/310
f 312/312/312 287/287/287 334/334/334
f 1987/1987/1987 1963/1963/1963 2718/2718/2718
f 3437/3437/3437 440/440/440 1707/1707/1707
f 2216/2216/2216 2230/2230/2230 2220/2220/2220
f 2461/2461/2461 1884/1884/1884 2470/2470/2470
f 3620/3620/3620 127/127/127 386/386/386
f 3343/3343/3343 1892/1892/1892 2199/2199/2199
f 3249/3249/3249 2162/2162/2162 2165/2165/2165
f 968/968/968 964/964/964 966/966/966
f 3208/3208/3208 3206/3206/3206 1637/1637/1637
f 3538/3538/3538 2184/2184/2184 2163/2163/2163
f 3333/3333/3333 14/14/14 25/25/25
f 3071/3071/3071 1155/1155/1155 1361/1361/1361
f 2193/2193/2193 2197/2197/2197 2199/2199/2199
f 1553/1553/1553 853/853/853 3652/3652/3652
f 2636/2636/2636 3046/3046/3046 1964/1964/1964
f 2198/2198/2198 2194/2194/2194 3249/3249/3249
f 2179/2179/2179 2163/2163/2163 2177/2177/2177
f 95/95/95 94/94/94 111/111/111
f 114/114/114 80/80/80 137/137/137
f 2171/2171/2171 2163/2163/2163 2182/2182/2182
f 113/113/113 117/117/117 70/70/70
f 3622/3622/3622 2805/2805/2805 3495/3495/3495
f 2646/2646/2646 997/997/997 2654/2654/2654
f 3022/3022/3022 1308/1308/1308 3025/3025/3025
f 234/234/234 83/83/83 138/138/138
f 2163/2163/2163 2175/2175/2175 2173/2173/2173
f 2174/2174/2174 2187/2187/2187 2180/2180/2180
f 1653/1653/1653 1349/1349/1349 3056/3056/3056
f 3571/3571/3571 721/721/721 982/982/982
f 3417/3417/3417 1380/1380/1380 1382/1382/1382
f 1098/1098/1098 787/787/787 947/947/947
f 1444/1444/1444 3332/3332/3332 708/708/708
f 2469/2469/2469 2049/2049/2049 2229/2229/2229
f 214/214/214 254/254/254 153/153/153
f 3640/3640/3640 3310/3310/3310 291/291/291
f 2179/2179/2179 2182/2182/2182 2163/2163/2163
f 1337/1337/1337 1335/1335/1335 1155/1155/1155
f 1280/1280/1280 565/565/565 1390/1390/1390
f 3495/3495/3495 2662/2662/2662 2744/2744/2744
f 1219/1219/1219 2911/2911/2911 2929/2929/2929
f 90/90/90 117/117/117 88/88/88
f 216/216/216 278/278/278 385/385/385
f 3268/3268/3268 1737/1737/1737 3261/3261/3261
f 683/683/683 751/751/751 1069/1069/1069
f 2841/2841/2841 2839/2839/2839 2021/2021/2021
f 222/222/222 3334/3334/3334 226/226/226
f 2132/2132/2132 2130/2130/2130 3249/3249/3249
f 2766/2766/2766 2102/2102/2102 2112/2112/2112
f 1314/1314/1314 3060/3060/3060 3036/3036/3036
f 3060/3060/3060 1358/1358/1358 1347/1347/1347
f 1799/1799/1799 1797/1797/1797 1794/1794/1794
f 3263/3263/3263 3268/3268/3268 3259/3259/3259
f 3027/3027/3027 3022/3022/3022 3025/3025/3025
f 2602/2602/2602 1628/1628/1628 3098/3098/3098
f 3016/3016/3016 2436/2436/2436 2439/2439/2439
f 3023/3023/3023 1306/1306/1306 3060/3060/3060
f 282/282/282 338/338/338 2413/2413/2413
f 3310/3310/3310 275/275/275 286/286/286
f 2801/2801/2801 2786/2786/2786 1087/1087/1087
f 3332/3332/3332 2477/2477/2477 2483/2483/2483
f 1109/1109/1109 1006/1006/1006 2663/2663/2663
f 2552/2552/2552 2583/2583/2583 1281/1281/1281
f 344/344/344 374/374/374 364/364/364
f 2745/2745/2745 2626/2626/2626 991/991/991
f 1990/1990/1990 1964/1964/1964 2645/2645/2645
f 2061/2061/2061 3597/3597/3597 1985/1985/1985
f 443/443/443 452/452/452 1650/1650/1650
f 3619/3619/3619 1884/1884/1884 2992/2992/2992
f 2639/2639/2639 2003/2003/2003 3367/3367/3367
f 3289/3289/3289 1775/1775/1775 1773/1773/1773
f 2428/2428/2428 3082/3082/3082 3604/3604/3604
f 1871/1871/1871 1526/1526/1526 1528/1528/1528
f 3619/3619/3619 2988/2988/2988 2021/2021/2021
f 3437/3437/3437 1709/1709/1709 467/467/467
f 1580/1580/1580 1717/1717/1717 1584/1584/1584
f 1560/1560/1560 1566/1566/1566 1559/1559/1559
f 442/442/442 3437/3437/3437 404/404/404
f 326/326/326 1378/1378/1378 363/363/363
f 3268/3268/3268 3261/3261/3261 3259/3259/3259
f 3461/3461/3461 132/132/132 151/151/151
f 3012/3012/3012 1504/1504/1504 3268/3268/3268
f 1219/1219/1219 1653/1653/1653 3044/3044/3044
f 2793/2793/2793 1961/1961/1961 2924/2924/2924
f 1931/1931/1931 3526/3526/3526 1968/1968/1968
f 263/263/263 385/385/385 212/212/212
f 281/281/281 234/234/234 201/201/201
f 2086/2086/2086 2097/2097/2097 2250/2250/2250
f 1648/1648/1648 1651/1651/1651 443/443/443
f 2076/2076/2076 2113/2113/2113 2103/2103/2103
f 2560/2560/2560 3395/3395/3395 2371/2371/2371
f 234/234/234 173/173/173 175/175/175
f 2588/2588/2588 2586/2586/2586 2578/2578/2578
f 1766/1766/1766 1433/1433/1433 3116/3116/3116
f 262/262/262 284/284/284 3271/3271/3271
f 3195/3195/3195 3211/3211/3211 1717/1717/1717
f 2362/2362/2362 1916/1916/1916 2057/2057/2057
f 3645/3645/3645 1324/1324/1324 1266/1266/1266
f 2259/2259/2259 2514/2514/2514 2559/2559/2559
f 235/235/235 127/127/127 237/237/237
f 127/127/127 3440/3440/3440 267/267/267
f 2862/2862/2862 3070/3070/3070 1360/1360/1360
f 825/825/825 2435/2435/2435 823/823/823
f 1058/1058/1058 2745/2745/2745 1016/1016/1016
f 455/455/455 1606/1606/1606 468/468/468
f 2558/2558/2558 2229/2229/2229 2039/2039/2039
f 2183/2183/2183 2199/2199/2199 2153/2153/2153
f 210/210/210 212/212/212 385/385/385
f 1156/1156/1156 1149/1149/1149 610/610/610
f 992/992/992 2745/2745/2745 1050/1050/1050
f 3526/3526/3526 2751/2751/2751 2362/2362/2362
f 2057/2057/2057 3584/3584/3584 2093/2093/2093
f 2344/2344/2344 1654/1654/1654 2361/2361/2361
f 1637/1637/1637 3206/3206/3206 1622/1622/1622
f 3497/3497/3497 924/924/924 2355/2355/2355
f 141/141/141 161/161/161 139/139/139
f 2565/2565/2565 3008/3008/3008 1921/1921/1921
f 2980/2980/2980 1175/1175/1175 1177/1177/1177
f 3256/3256/3256 3275/3275/3275 2927/2927/2927
f 1581/1581/1581 905/905/905 904/904/904
f 727/727/727 994/994/994 2821/2821/2821
f 248/248/248 385/385/385 3334/3334/3334
f 2980/2980/2980 1184/1184/1184 1175/1175/1175
f 2946/2946/2946 711/711/711 2980/2980/2980
f 530/530/530 674/674/674 771/771/771
f 3421/3421/3421 397/397/397 752/752/752
f 1174/1174/1174 2930/2930/2930 2912/2912/2912
f 1326/1326/1326 3060/3060/3060 3043/3043/3043
f 2892/2892/2892 2250/2250/2250 2889/2889/2889
f 982/982/982 1092/1092/1092 785/785/785
f 1525/1525/1525 3025/3025/3025 1527/1527/1527
f 973/973/973 971/971/971 1224/1224/1224
f 803/803/803 3369/3369/3369 2412/2412/2412
f 1800/1800/1800 641/641/641 1011/1011/1011
f 497/497/497 499/499/499 699/699/699
f 496/496/496 1280/1280/1280 498/498/498
f 789/789/789 2355/2355/2355 980/980/980
f 3025/3025/3025 3020/3020/3020 1307/1307/1307
f 2974/2974/2974 2199/2199/2199 1904/1904/1904
f 3115/3115/3115 1838/1838/1838 1832/1832/1832
f 478/478/478 1464/1464/1464 1458/1458/1458
f 3057/3057/3057 3021/3021/3021 3060/3060/3060
f 751/751/751 636/636/636 750/750/750
f 2602/2602/2602 3098/3098/3098 1514/1514/1514
f 2346/2346/2346 3660/3660/3660 2340/2340/2340
f 751/751/751 666/666/666 737/737/737
f 794/794/794 2353/2353/2353 788/788/788
f 874/874/874 2484/2484/2484 2478/2478/2478
f 534/534/534 3645/3645/3645 536/536/536
f 1062/1062/1062 2723/2723/2723 2754/2754/2754
f 2660/2660/2660 1010/1010/1010 1005/1005/1005
f 1351/1351/1351 1353/1353/1353 2583/2583/2583
f 3430/3430/3430 2583/2583/2583 1091/1091/1091
f 565/565/565 1280/1280/1280 567/567/567
f 1225/1225/1225 2859/2859/2859 1193/1193/1193
f 419/419/419 1937/1937/1937 1879/1879/1879
f 3006/3006/3006 1921/1921/1921 3008/3008/3008
f 1316/1316/1316 538/538/538 559/559/559
f 2271/2271/2271 1826/1826/1826 94/94/94
f 1174/1174/1174 1171/1171/1171 742/742/742
f 1299/1299/1299 559/559/559 542/542/542
f 2717/2717/2717 2715/2715/2715 2754/2754/2754
f 3468/3468/3468 3293/3293/3293 3291/3291/3291
f 1305/1305/1305 570/570/570 1303/1303/1303
f 139/139/139 143/143/143 141/141/141
f 1378/1378/1378 9/9/9 1/1/1
f 1165/1165/1165 1163/1163/1163 1169/1169/1169
f 2872/2872/2872 2870/2870/2870 2862/2862/2862
f 3475/3475/3475 851/851/851 2443/2443/2443
f 1319/1319/1319 3020/3020/3020 1994/1994/1994
f 1675/1675/1675 1659/1659/1659 1691/1691/1691
f 1299/1299/1299 1284/1284/1284 559/559/559
f 712/712/712 2947/2947/2947 742/742/742
f 968/968/968 663/663/663 964/964/964
f 1676/1676/1676 2361/2361/2361 1720/1720/1720
f 1593/1593/1593 3364/3364/3364 1736/1736/1736
f 31/31/31 131/131/131 3271/3271/3271
f 31/31/31 3271/3271/3271 382/382/382
f 631/631/631 418/418/418 633/633/633
f 1560/1560/1560 1564/1564/1564 1469/1469/1469
f 603/603/603 1011/1011/1011 1202/1202/1202
f 87/87/87 79/79/79 49/49/49
f 533/533/533 535/535/535 538/538/538
f 600/600/600 1235/1235/1235 3394/3394/3394
f 2862/2862/2862 2898/2898/2898 1187/1187/1187
f 3672/3672/3672 49/49/49 73/73/73
f 919/919/919 1222/1222/1222 968/968/968
f 2544/2544/2544 2029/2029/2029 2924/2924/2924
f 323/323/323 321/321/321 354/354/354
f 1379/1379/1379 1383/1383/1383 1382/1382/1382
f 2267/2267/2267 1986/1986/1986 2269/2269/2269
f 1409/1409/1409 1289/1289/1289 1411/1411/1411
f 3204/3204/3204 1574/1574/1574 3199/3199/3199
f 1614/1614/1614 3212/3212/3212 1612/1612/1612
f 613/613/613 1145/1145/1145 1139/1139/1139
f 102/102/102 126/126/126 83/83/83
f 742/742/742 1211/1211/1211 752/752/752
f 321/321/321 3005/3005/3005 2289/2289/2289
f 1249/1249/1249 1224/1224/1224 1131/1131/1131
f 1135/1135/1135 2823/2823/2823 2824/2824/2824
f 948/948/948 669/669/669 589/589/589
f 2096/2096/2096 102/102/102 282/282/282
f 3687/3687/3687 3394/3394/3394 3612/3612/3612
f 2819/2819/2819 1109/1109/1109 1114/1114/1114
f 3595/3595/3595 505/505/505 1486/1486/1486
f 384/384/384 383/383/383 379/379/379
f 1674/1674/1674 1496/1496/1496 1658/1658/1658
f 1740/1740/1740 1715/1715/1715 2288/2288/2288
f 1475/1475/1475 3337/3337/3337 3364/3364/3364
f 1072/1072/1072 948/948/948 1070/1070/1070
f 1073/1073/1073 1071/1071/1071 3394/3394/3394
f 2701/2701/2701 1055/1055/1055 1030/1030/1030
f 2276/2276/2276 65/65/65 48/48/48
f 2893/2893/2893 2766/2766/2766 2888/2888/2888
f 3040/3040/3040 1727/1727/1727 446/446/446
f 127/127/127 144/144/144 168/168/168
f 847/847/847 1202/1202/1202 3541/3541/3541
f 3432/3432/3432 625/625/625 1079/1079/1079
f 1653/1653/1653 3059/3059/3059 1349/1349/1349
f 1361/1361/1361 1155/1155/1155 1374/1374/1374
f 647/647/647 649/649/649 982/982/982
f 1556/1556/1556 2815/2815/2815 2813/2813/2813
f 126/126/126 109/109/109 94/94/94
f 1921/1921/1921 2567/2567/2567 2565/2565/2565
f 431/431/431 3451/3451/3451 1379/1379/1379
f 944/944/944 3394/3394/3394 602/602/602
f 1101/1101/1101 2786/2786/2786 2801/2801/2801
f 17/17/17 3167/3167/3167 1392/1392/1392
f 2754/2754/2754 938/938/938 940/940/940
f 1305/1305/1305 1346/1346/1346 1297/1297/1297
f 254/254/254 155/155/155 153/153/153
f 3219/3219/3219 3212/3212/3212 1629/1629/1629
f 243/243/243 247/247/247 215/215/215
f 664/664/664 932/932/932 2754/2754/2754
f 2213/2213/2213 2217/2217/2217 2152/2152/2152
f 3212/3212/3212 3215/3215/3215 3197/3197/3197
f 1206/1206/1206 1192/1192/1192 2858/2858/2858
f 3298/3298/3298 1755/1755/1755 1453/1453/1453
f 3479/3479/3479 512/512/512 752/752/752
f 1745/1745/1745 3005/3005/3005 2283/2283/2283
f 806/806/806 802/802/802 1743/1743/1743
f 1371/1371/1371 3067/3067/3067 1375/1375/1375
f 3304/3304/3304 3098/3098/3098 1620/1620/1620
f 824/824/824 2443/2443/2443 828/828/828
f 55/55/55 65/65/65 53/53/53
f 3666/3666/3666 1626/1626/1626 1637/1637/1637
f 1404/1404/1404 1351/1351/1351 2583/2583/2583
f 2362/2362/2362 2057/2057/2057 2073/2073/2073
f 2976/2976/2976 2306/2306/2306 3005/3005/3005
f 2649/2649/2649 2911/2911/2911 1219/1219/1219
f 2359/2359/2359 1225/1225/1225 434/434/434
f 751/751/751 683/683/683 477/477/477
f 3432/3432/3432 1250/1250/1250 625/625/625
f 3495/3495/3495 2654/2654/2654 997/997/997
f 3268/3268/3268 1596/1596/1596 1594/1594/1594
f 2024/2024/2024 2021/2021/2021 2020/2020/2020
f 486/486/486 516/516/516 3595/3595/3595
f 576/576/576 752/752/752 760/760/760
f 1076/1076/1076 2767/2767/2767 2226/2226/2226
f 1656/1656/1656 2361/2361/2361 1654/1654/1654
f 400/400/400 419/419/419 461/461/461
f 550/550/550 559/559/559 1280/1280/1280
f 1169/1169/1169 1182/1182/1182 1180/1180/1180
f 62/62/62 80/80/80 138/138/138
f 2076/2076/2076 2103/2103/2103 2111/2111/2111
f 321/321/321 323/323/323 358/358/358
f 126/126/126 94/94/94 83/83/83
f 3212/3212/3212 1574/1574/1574 1620/1620/1620
f 555/555/555 1352/1352/1352 3566/3566/3566
f 2890/2890/2890 1179/1179/1179 1169/1169/1169
f 418/418/418 673/673/673 1202/1202/1202
f 1023/1023/1023 2698/2698/2698 2701/2701/2701
f 2648/2648/2648 2821/2821/2821 998/998/998
f 3211/3211/3211 3195/3195/3195 1578/1578/1578
f 727/727/727 2821/2821/2821 996/996/996
f 2976/2976/2976 3005/3005/3005 2295/2295/2295
f 1405/1405/1405 2426/2426/2426 3101/3101/3101
f 3384/3384/3384 3566/3566/3566 2414/2414/2414
f 3354/3354/3354 2233/2233/2233 2243/2243/2243
f 3598/3598/3598 524/524/524 1441/1441/1441
f 3336/3336/3336 1468/1468/1468 3595/3595/3595
f 2504/2504/2504 2501/2501/2501 2503/2503/2503
f 2317/2317/2317 2327/2327/2327 2329/2329/2329
f 1692/1692/1692 1487/1487/1487 1378/1378/1378
f 2317/2317/2317 2339/2339/2339 2327/2327/2327
f 2745/2745/2745 989/989/989 2626/2626/2626
f 2768/2768/2768 2766/2766/2766 1975/1975/1975
f 3174/3174/3174 2328/2328/2328 2326/2326/2326
f 1971/1971/1971 2653/2653/2653 1377/1377/1377
f 575/575/575 759/759/759 1225/1225/1225
f 2746/2746/2746 2697/2697/2697 2745/2745/2745
f 3657/3657/3657 3087/3087/3087 3419/3419/3419
f 948/948/948 587/587/587 597/597/597
f 1304/1304/1304 1296/1296/1296 1289/1289/1289
f 2751/2751/2751 2493/2493/2493 2362/2362/2362
f 2690/2690/2690 1012/1012/1012 1027/1027/1027
f 2933/2933/2933 1225/1225/1225 2931/2931/2931
f 3238/3238/3238 3234/3234/3234 1669/1669/1669
f 2709/2709/2709 2733/2733/2733 2543/2543/2543
f 2732/2732/2732 2754/2754/2754 2728/2728/2728
f 2754/2754/2754 2731/2731/2731 1049/1049/1049
f 3580/3580/3580 2511/2511/2511 2229/2229/2229
f 947/947/947 1094/1094/1094 1088/1088/1088
f 1525/1525/1525 457/457/457 3025/3025/3025
f 842/842/842 2423/2423/2423 815/815/815
f 468/468/468 400/400/400 461/461/461
f 2361/2361/2361 2322/2322/2322 1599/1599/1599
f 2754/2754/2754 1041/1041/1041 2711/2711/2711
f 2152/2152/2152 2252/2252/2252 1886/1886/1886
f 2770/2770/2770 2766/2766/2766 1979/1979/1979
f 1225/1225/1225 1147/1147/1147 2859/2859/2859
f 752/752/752 743/743/743 742/742/742
f 2701/2701/2701 1028/1028/1028 2821/2821/2821
f 2089/2089/2089 3579/3579/3579 3444/3444/3444
f 2346/2346/2346 2361/2361/2361 3660/3660/3660
f 3238/3238/3238 3241/3241/3241 3234/3234/3234
f 2175/2175/2175 2163/2163/2163 3563/3563/3563
f 414/414/414 416/416/416 443/443/443
f 1316/1316/1316 562/562/562 538/538/538
f 820/820/820 39/39/39 1840/1840/1840
f 322/322/322 2288/2288/2288 357/357/357
f 1224/1224/1224 1247/1247/1247 973/973/973
f 2763/2763/2763 1015/1015/1015 2692/2692/2692
f 2687/2687/2687 2821/2821/2821 1013/1013/1013
f 1464/1464/1464 490/490/490 475/475/475
f 1283/1283/1283 1298/1298/1298 3645/3645/3645
f 287/287/287 308/308/308 339/339/339
f 1986/1986/1986 2267/2267/2267 1853/1853/1853
f 1005/1005/1005 1010/1010/1010 2672/2672/2672
f 575/575/575 1225/1225/1225 577/577/577
f 3464/3464/3464 297/297/297 287/287/287
f 3495/3495/3495 2659/2659/2659 2654/2654/2654
f 1081/1081/1081 1236/1236/1236 982/982/982
f 1184/1184/1184 2980/2980/2980 2954/2954/2954
f 3614/3614/3614 3681/3681/3681 1766/1766/1766
f 2274/2274/2274 93/93/93 65/65/65
f 2276/2276/2276 1827/1827/1827 65/65/65
f 1954/1954/1954 2831/2831/2831 2835/2835/2835
f 735/735/735 3169/3169/3169 696/696/696
f 2745/2745/2745 991/991/991 1009/1009/1009
f 2502/2502/2502 2519/2519/2519 2525/2525/2525
f 3495/3495/3495 997/997/997 993/993/993
f 853/853/853 2465/2465/2465 877/877/877
f 42/42/42 420/420/420 2393/2393/2393
f 2159/2159/2159 2157/2157/2157 2199/2199/2199
f 254/254/254 185/185/185 192/192/192
f 2660/2660/2660 1005/1005/1005 2647/2647/2647
f 261/261/261 3461/3461/3461 283/283/283
f 1553/1553/1553 3247/3247/3247 3577/3577/3577
f 1069/1069/1069 751/751/751 975/975/975
f 1949/1949/1949 1947/1947/1947 2589/2589/2589
f 1218/1218/1218 2920/2920/2920 1220/1220/1220
f 2560/2560/2560 3578/3578/3578 3567/3567/3567
f 1289/1289/1289 585/585/585 1287/1287/1287
f 36/36/36 1378/1378/1378 34/34/34
f 412/412/412 443/443/443 407/407/407
f 2636/2636/2636 2635/2635/2635 1998/1998/1998
f 2359/2359/2359 777/777/777 753/753/753
f 2334/2334/2334 1382/1382/1382 3627/3627/3627
f 1260/1260/1260 1496/1496/1496 1660/1660/1660
f 2268/2268/2268 2071/2071/2071 2436/2436/2436
f 3621/3621/3621 2802/2802/2802 1109/1109/1109
f 238/238/238 295/295/295 296/296/296
f 1742/1742/1742 947/947/947 673/673/673
f 623/623/623 3394/3394/3394 942/942/942
f 3134/3134/3134 2172/2172/2172 2180/2180/2180
f 2170/2170/2170 2181/2181/2181 1916/1916/1916
f 3495/3495/3495 603/603/603 947/947/947
f 602/602/602 3394/3394/3394 920/920/920
f 1376/1376/1376 1368/1368/1368 1372/1372/1372
f 2772/2772/2772 2644/2644/2644 1872/1872/1872
f 2745/2745/2745 2697/2697/2697 1022/1022/1022
f 1124/1124/1124 2817/2817/2817 1143/1143/1143
f 2324/2324/2324 2306/2306/2306 2299/2299/2299
f 1949/1949/1949 2589/2589/2589 2840/2840/2840
f 786/786/786 1097/1097/1097 2801/2801/2801
f 2620/2620/2620 2099/2099/2099 2259/2259/2259
f 992/992/992 989/989/989 2745/2745/2745
f 3008/3008/3008 3001/3001/3001 1882/1882/1882
f 2973/2973/2973 1903/1903/1903 3008/3008/3008
f 1797/1797/1797 456/456/456 445/445/445
f 1963/1963/1963 2030/2030/2030 2545/2545/2545
f 1019/1019/1019 1021/1021/1021 2701/2701/2701
f 754/754/754 778/778/778 752/752/752
f 1624/1624/1624 1637/1637/1637 1622/1622/1622
f 3480/3480/3480 751/751/751 513/513/513
f 234/234/234 175/175/175 177/177/177
f 3567/3567/3567 930/930/930 2535/2535/2535
f 1464/1464/1464 518/518/518 520/520/520
f 2550/2550/2550 2589/2589/2589 2924/2924/2924
f 3567/3567/3567 2594/2594/2594 2560/2560/2560
f 2450/2450/2450 1887/1887/1887 2053/2053/2053
f 1117/1117/1117 624/624/624 1224/1224/1224
f 1579/1579/1579 1583/1583/1583 3197/3197/3197
f 2131/2131/2131 2972/2972/2972 2248/2248/2248
f 752/752/752 736/736/736 665/665/665
f 2505/2505/2505 2519/2519/2519 917/917/917
f 1848/1848/1848 2008/2008/2008 2636/2636/2636
f 3124/3124/3124 3133/3133/3133 1453/1453/1453
f 2700/2700/2700 1032/1032/1032 2701/2701/2701
f 3250/3250/3250 3133/3133/3133 3124/3124/3124
f 637/637/637 418/418/418 745/745/745
f 722/722/722 1280/1280/1280 718/718/718
f 438/438/438 436/436/436 751/751/751
f 1871/1871/1871 1528/1528/1528 1653/1653/1653
f 982/982/982 785/785/785 3571/3571/3571
f 2288/2288/2288 361/361/361 357/357/357
f 551/551/551 1157/1157/1157 1156/1156/1156
f 1556/1556/1556 2824/2824/2824 802/802/802
f 3197/3197/3197 1644/1644/1644 3217/3217/3217
f 2353/2353/2353 797/797/797 788/788/788
f 955/955/955 895/895/895 886/886/886
f 2506/2506/2506 918/918/918 2355/2355/2355
f 2409/2409/2409 2390/2390/2390 2405/2405/2405
f 245/245/245 203/203/203 157/157/157
f 3526/3526/3526 1958/1958/1958 2779/2779/2779
f 2334/2334/2334 1397/1397/1397 1382/1382/1382
f 747/747/747 667/667/667 752/752/752
f 893/893/893 3574/3574/3574 3566/3566/3566
f 3332/3332/3332 891/891/891 904/904/904
f 2949/2949/2949 1178/1178/1178 742/742/742
f 976/976/976 656/656/656 974/974/974
f 2598/2598/2598 2021/2021/2021 2568/2568/2568
f 2272/2272/2272 2274/2274/2274 65/65/65
f 2272/2272/2272 65/65/65 1827/1827/1827
f 1985/1985/1985 2234/2234/2234 2044/2044/2044
f 2701/2701/2701 2696/2696/2696 1023/1023/1023
f 2767/2767/2767 2701/2701/2701 2821/2821/2821
f 1211/1211/1211 1166/1166/1166 2882/2882/2882
f 1946/1946/1946 2636/2636/2636 1933/1933/1933
f 1211/1211/1211 2882/2882/2882 1168/1168/1168
f 1189/1189/1189 2869/2869/2869 2899/2899/2899
f 3060/3060/3060 2885/2885/2885 3043/3043/3043
f 3364/3364/3364 1574/1574/1574 3197/3197/3197
f 1514/1514/1514 1502/1502/1502 1500/1500/1500
f 2005/2005/2005 1997/1997/1997 2003/2003/2003
f 91/91/91 89/89/89 49/49/49
f 2034/2034/2034 1964/1964/1964 1952/1952/1952
f 1496/1496/1496 1674/1674/1674 1689/1689/1689
f 3516/3516/3516 2360/2360/2360 2289/2289/2289
f 1447/1447/1447 2387/2387/2387 2977/2977/2977
f 2943/2943/2943 2362/2362/2362 1920/1920/1920
f 2583/2583/2583 1280/1280/1280 720/720/720
f 765/765/765 771/771/771 767/767/767
f 61/61/61 80/80/80 82/82/82
f 1717/1717/1717 1586/1586/1586 1735/1735/1735
f 581/581/581 418/418/418 433/433/433
f 164/164/164 127/127/127 267/267/267
f 2614/2614/2614 2533/2533/2533 3567/3567/3567
f 3199/3199/3199 3227/3227/3227 3226/3226/3226
f 2417/2417/2417 2435/2435/2435 817/817/817
f 2175/2175/2175 3563/3563/3563 2188/2188/2188
f 2416/2416/2416 816/816/816 2371/2371/2371
f 117/117/117 134/134/134 107/107/107
f 2093/2093/2093 2279/2279/2279 2073/2073/2073
f 2760/2760/2760 989/989/989 2618/2618/2618
f 2570/2570/2570 2589/2589/2589 2593/2593/2593
f 2214/2214/2214 2230/2230/2230 2212/2212/2212
f 338/338/338 300/300/300 2413/2413/2413
f 3227/3227/3227 1557/1557/1557 3226/3226/3226
f 1922/1922/1922 2229/2229/2229 2561/2561/2561
f 2821/2821/2821 1556/1556/1556 3412/3412/3412
f 1477/1477/1477 1474/1474/1474 1481/1481/1481
f 1377/1377/1377 3556/3556/3556 803/803/803
f 528/528/528 1464/1464/1464 506/506/506
f 187/187/187 251/251/251 179/179/179
f 3369/3369/3369 3556/3556/3556 2139/2139/2139
f 1637/1637/1637 1624/1624/1624 3666/3666/3666
f 3133/3133/3133 3196/3196/3196 1455/1455/1455
f 1649/1649/1649 443/443/443 1646/1646/1646
f 3207/3207/3207 1620/1620/1620 3205/3205/3205
f 194/194/194 206/206/206 254/254/254
f 1842/1842/1842 1845/1845/1845 1851/1851/1851
f 3658/3658/3658 2516/2516/2516 2531/2531/2531
f 2410/2410/2410 1107/1107/1107 1109/1109/1109
f 968/968/968 941/941/941 943/943/943
f 3286/3286/3286 3362/3362/3362 1756/1756/1756
f 243/243/243 219/219/219 251/251/251
f 3260/3260/3260 1736/1736/1736 3364/3364/3364
f 1645/1645/1645 3211/3211/3211 3218/3218/3218
f 2461/2461/2461 2208/2208/2208 1884/1884/1884
f 3079/3079/3079 3067/3067/3067 3068/3068/3068
f 2424/2424/2424 832/832/832 2426/2426/2426
f 2199/2199/2199 2979/2979/2979 2982/2982/2982
f 254/254/254 160/160/160 140/140/140
f 2992/2992/2992 1884/1884/1884 3002/3002/3002
f 1289/1289/1289 1287/1287/1287 1344/1344/1344
f 948/948/948 594/594/594 607/607/607
f 2636/2636/2636 2878/2878/2878 2861/2861/2861
f 994/994/994 998/998/998 2821/2821/2821
f 3024/3024/3024 3027/3027/3027 3025/3025/3025
f 2583/2583/2583 1110/1110/1110 1281/1281/1281
f 1156/1156/1156 3431/3431/3431 982/982/982
f 1228/1228/1228 1188/1188/1188 1229/1229/1229
f 850/850/850 852/852/852 2435/2435/2435
f 2589/2589/2589 1928/1928/1928 1930/1930/1930
f 2847/2847/2847 2766/2766/2766 2876/2876/2876
f 1921/1921/1921 1910/1910/1910 1914/1914/1914
f 3495/3495/3495 2805/2805/2805 2664/2664/2664
f 102/102/102 2278/2278/2278 2277/2277/2277
f 1743/1743/1743 3085/3085/3085 2066/2066/2066
f 3485/3485/3485 904/904/904 870/870/870
f 1607/1607/1607 456/456/456 1797/1797/1797
f 487/487/487 3641/3641/3641 517/517/517
f 1357/1357/1357 3020/3020/3020 3029/3029/3029
f 2343/2343/2343 2324/2324/2324 2297/2297/2297
f 2023/2023/2023 2843/2843/2843 1947/1947/1947
f 1365/1365/1365 1368/1368/1368 3077/3077/3077
f 3419/3419/3419 1414/1414/1414 3452/3452/3452
f 1128/1128/1128 2822/2822/2822 1143/1143/1143
f 3364/3364/3364 1570/1570/1570 3264/3264/3264
f 466/466/466 468/468/468 1606/1606/1606
f 2465/2465/2465 853/853/853 2446/2446/2446
f 2020/2020/2020 2021/2021/2021 2596/2596/2596
f 234/234/234 169/169/169 145/145/145
f 2701/2701/2701 1030/1030/1030 1026/1026/1026
f 3526/3526/3526 2054/2054/2054 1888/1888/1888
f 2637/2637/2637 2639/2639/2639 1995/1995/1995
f 2236/2236/2236 3249/3249/3249 2136/2136/2136
f 3168/3168/3168 1551/1551/1551 1552/1552/1552
f 2721/2721/2721 2754/2754/2754 2723/2723/2723
f 3405/3405/3405 1985/1985/1985 2263/2263/2263
f 1921/1921/1921 1912/1912/1912 1910/1910/1910
f 3495/3495/3495 995/995/995 2688/2688/2688
f 3395/3395/3395 2499/2499/2499 910/910/910
f 3598/3598/3598 1289/1289/1289 524/524/524
f 1145/1145/1145 1141/1141/1141 1139/1139/1139
f 2528/2528/2528 2519/2519/2519 925/925/925
f 3665/3665/3665 3098/3098/3098 1625/1625/1625
f 2457/2457/2457 2455/2455/2455 866/866/866
f 931/931/931 968/968/968 992/992/992
f 751/751/751 662/662/662 666/666/666
f 2443/2443/2443 3395/3395/3395 2280/2280/2280
f 909/909/909 2519/2519/2519 2500/2500/2500
f 3566/3566/3566 2579/2579/2579 898/898/898
f 926/926/926 916/916/916 2355/2355/2355
f 3149/3149/3149 67/67/67 65/65/65
f 3020/3020/3020 419/419/419 1994/1994/1994
f 359/359/359 377/377/377 320/320/320
f 138/138/138 80/80/80 49/49/49
f 1379/1379/1379 1437/1437/1437 1439/1439/1439
f 1633/1633/1633 1631/1631/1631 1620/1620/1620
f 1715/1715/1715 361/361/361 2288/2288/2288
f 385/385/385 208/208/208 210/210/210
f 2586/2586/2586 2542/2542/2542 2540/2540/2540
f 64/64/64 3339/3339/3339 65/65/65
f 2143/2143/2143 2229/2229/2229 2222/2222/2222
f 3495/3495/3495 2688/2688/2688 2690/2690/2690
f 332/332/332 306/306/306 287/287/287
f 2563/2563/2563 2571/2571/2571 2586/2586/2586
f 3249/3249/3249 2158/2158/2158 2160/2160/2160
f 1365/1365/1365 3080/3080/3080 1368/1368/1368
f 1495/1495/1495 3327/3327/3327 3078/3078/3078
f 143/143/143 139/139/139 231/231/231
f 1874/1874/1874 1991/1991/1991 3042/3042/3042
f 1109/1109/1109 2669/2669/2669 2804/2804/2804
f 2916/2916/2916 3560/3560/3560 1219/1219/1219
f 2589/2589/2589 1967/1967/1967 2780/2780/2780
f 1986/1986/1986 2643/2643/2643 2641/2641/2641
f 127/127/127 294/294/294 237/237/237
f 3053/3053/3053 3067/3067/3067 1342/1342/1342
f 2862/2862/2862 2855/2855/2855 1151/1151/1151
f 448/448/448 1819/1819/1819 3025/3025/3025
f 2564/2564/2564 950/950/950 3578/3578/3578
f 1185/1185/1185 1174/1174/1174 742/742/742
f 2673/2673/2673 2666/2666/2666 2690/2690/2690
f 940/940/940 1047/1047/1047 2754/2754/2754
f 2830/2830/2830 2924/2924/2924 2834/2834/2834
f 2079/2079/2079 2406/2406/2406 2391/2391/2391
f 139/139/139 97/97/97 157/157/157
f 152/152/152 133/133/133 3271/3271/3271
f 1777/1777/1777 1678/1678/1678 1680/1680/1680
f 3148/3148/3148 126/126/126 66/66/66
f 1289/1289/1289 1362/1362/1362 1340/1340/1340
f 311/311/311 313/313/313 338/338/338
f 2409/2409/2409 2407/2407/2407 394/394/394
f 395/395/395 2408/2408/2408 2079/2079/2079
f 1920/1920/1920 2362/2362/2362 2048/2048/2048
f 3511/3511/3511 269/269/269 3270/3270/3270
f 2108/2108/2108 303/303/303 306/306/306
f 3522/3522/3522 2229/2229/2229 3049/3049/3049
f 250/250/250 218/218/218 254/254/254
f 249/249/249 157/157/157 159/159/159
f 214/214/214 246/246/246 254/254/254
f 3239/3239/3239 3334/3334/3334 384/384/384
f 751/751/751 658/658/658 977/977/977
f 1889/1889/1889 1953/1953/1953 2924/2924/2924
f 782/782/782 783/783/783 2801/2801/2801
f 2572/2572/2572 3578/3578/3578 952/952/952
f 3055/3055/3055 3060/3060/3060 1326/1326/1326
f 1839/1839/1839 1845/1845/1845 1833/1833/1833
f 3115/3115/3115 1863/1863/1863 3091/3091/3091
f 1205/1205/1205 1228/1228/1228 1191/1191/1191
f 2262/2262/2262 2362/2362/2362 3354/3354/3354
f 3055/3055/3055 1348/1348/1348 3060/3060/3060
f 1289/1289/1289 1395/1395/1395 547/547/547
f 549/549/549 3566/3566/3566 1464/1464/1464
f 947/947/947 1143/1143/1143 1104/1104/1104
f 1225/1225/1225 1195/1195/1195 2902/2902/2902
f 2452/2452/2452 1264/1264/1264 2998/2998/2998
f 986/986/986 2612/2612/2612 3578/3578/3578
f 770/770/770 751/751/751 503/503/503
f 2610/2610/2610 986/986/986 3578/3578/3578
f 1082/1082/1082 1146/1146/1146 1237/1237/1237
f 925/925/925 2519/2519/2519 915/915/915
f 3268/3268/3268 3265/3265/3265 1717/1717/1717
f 3625/3625/3625 2166/2166/2166 2199/2199/2199
f 43/43/43 1840/1840/1840 39/39/39
f 2097/2097/2097 2259/2259/2259 2076/2076/2076
f 2392/2392/2392 1840/1840/1840 41/41/41
f 3684/3684/3684 3124/3124/3124 3090/3090/3090
f 1556/1556/1556 1115/1115/1115 2815/2815/2815
f 1871/1871/1871 1797/1797/1797 458/458/458
f 1079/1079/1079 982/982/982 3432/3432/3432
f 186/186/186 150/150/150 139/139/139
f 1758/1758/1758 3280/3280/3280 1756/1756/1756
f 161/161/161 149/149/149 139/139/139
f 1973/1973/1973 2772/2772/2772 1977/1977/1977
f 2682/2682/2682 1085/1085/1085 2801/2801/2801
f 117/117/117 105/105/105 118/118/118
f 477/477/477 1080/1080/1080 626/626/626
f 3249/3249/3249 2242/2242/2242 2132/2132/2132
f 3394/3394/3394 632/632/632 634/634/634
f 1225/1225/1225 758/758/758 756/756/756
f 84/84/84 88/88/88 117/117/117
f 87/87/87 49/49/49 85/85/85
f 942/942/942 3394/3394/3394 944/944/944
f 243/243/243 251/251/251 187/187/187
f 1076/1076/1076 980/980/980 2763/2763/2763
f 1345/1345/1345 1288/1288/1288 1346/1346/1346
f 49/49/49 89/89/89 85/85/85
f 3495/3495/3495 2800/2800/2800 2662/2662/2662
f 2345/2345/2345 2325/2325/2325 1655/1655/1655
f 1798/1798/1798 1793/1793/1793 419/419/419
f 351/351/351 349/349/349 320/320/320
f 830/830/830 2426/2426/2426 2429/2429/2429
f 2760/2760/2760 1066/1066/1066 989/989/989
f 3543/3543/3543 1496/1496/1496 1510/1510/1510
f 260/260/260 269/269/269 233/233/233
f 3310/3310/3310 273/273/273 277/277/277
f 2325/2325/2325 2324/2324/2324 1657/1657/1657
f 1138/1138/1138 1224/1224/1224 612/612/612
f 390/390/390 1143/1143/1143 3517/3517/3517
f 673/673/673 1228/1228/1228 1751/1751/1751
f 1618/1618/1618 1128/1128/1128 1143/1143/1143
f 2715/2715/2715 1045/1045/1045 2754/2754/2754
f 94/94/94 92/92/92 2273/2273/2273
f 2090/2090/2090 2279/2279/2279 2093/2093/2093
f 22/22/22 3/3/3 3461/3461/3461
f 654/654/654 744/744/744 652/652/652
f 2532/2532/2532 2613/2613/2613 2586/2586/2586
f 1026/1026/1026 2700/2700/2700 2701/2701/2701
f 1029/1029/1029 1054/1054/1054 2745/2745/2745
f 807/807/807 1450/1450/1450 3121/3121/3121
f 2022/2022/2022 1921/1921/1921 2842/2842/2842
f 2229/2229/2229 2011/2011/2011 2621/2621/2621
f 3300/3300/3300 1051/1051/1051 2754/2754/2754
f 1063/1063/1063 2755/2755/2755 2594/2594/2594
f 3112/3112/3112 1450/1450/1450 807/807/807
f 77/77/77 75/75/75 65/65/65
f 671/671/671 1011/1011/1011 1067/1067/1067
f 1633/1633/1633 1620/1620/1620 1635/1635/1635
f 1620/1620/1620 1638/1638/1638 3213/3213/3213
f 2413/2413/2413 1785/1785/1785 1090/1090/1090
f 3098/3098/3098 3665/3665/3665 1623/1623/1623
f 319/319/319 350/350/350 321/321/321
f 3334/3334/3334 280/280/280 200/200/200
f 1137/1137/1137 1556/1556/1556 2833/2833/2833
f 3227/3227/3227 1552/1552/1552 1557/1557/1557
f 1249/1249/1249 2357/2357/2357 1224/1224/1224
f 654/654/654 771/771/771 744/744/744
f 3039/3039/3039 1881/1881/1881 2152/2152/2152
f 1634/1634/1634 1637/1637/1637 1632/1632/1632
f 2062/2062/2062 2362/2362/2362 2060/2060/2060
f 2230/2230/2230 2137/2137/2137 2189/2189/2189
f 2315/2315/2315 2361/2361/2361 1672/1672/1672
f 1731/1731/1731 2303/2303/2303 2306/2306/2306
f 3394/3394/3394 2359/2359/2359 746/746/746
f 675/675/675 751/751/751 619/619/619
f 3054/3054/3054 1368/1368/1368 1331/1331/1331
f 771/771/771 635/635/635 530/530/530
f 667/667/667 736/736/736 752/752/752
f 748/748/748 751/751/751 668/668/668
f 2956/2956/2956 1777/1777/1777 3468/3468/3468
f 806/806/806 2412/2412/2412 802/802/802
f 853/853/853 887/887/887 2481/2481/2481
f 3115/3115/3115 3109/3109/3109 3093/3093/3093
f 69/69/69 77/77/77 65/65/65
f 2303/2303/2303 2301/2301/2301 2306/2306/2306
f 1964/1964/1964 1982/1982/1982 1960/1960/1960
f 2754/2754/2754 1156/1156/1156 1224/1224/1224
f 2589/2589/2589 1924/1924/1924 1926/1926/1926
f 1067/1067/1067 1011/1011/1011 603/603/603
f 2636/2636/2636 1978/1978/1978 3046/3046/3046
f 771/771/771 618/618/618 616/616/616
f 1653/1653/1653 1528/1528/1528 1530/1530/1530
f 1755/1755/1755 3289/3289/3289 3288/3288/3288
f 1791/1791/1791 3320/3320/3320 3294/3294/3294
f 2891/2891/2891 2849/2849/2849 2590/2590/2590
f 2841/2841/2841 2021/2021/2021 1950/1950/1950
f 1627/1627/1627 1637/1637/1637 1626/1626/1626
f 3042/3042/3042 2679/2679/2679 2684/2684/2684
f 726/726/726 3495/3495/3495 993/993/993
f 1377/1377/1377 803/803/803 806/806/806
f 3298/3298/3298 1453/1453/1453 1782/1782/1782
f 1008/1008/1008 990/990/990 1067/1067/1067
f 1954/1954/1954 1986/1986/1986 2831/2831/2831
f 982/982/982 1033/1033/1033 1081/1081/1081
f 502/502/502 772/772/772 751/751/751
f 2924/2924/2924 2051/2051/2051 1887/1887/1887
f 3337/3337/3337 1493/1493/1493 2270/2270/2270
f 3320/3320/3320 1782/1782/1782 1455/1455/1455
f 1225/1225/1225 580/580/580 582/582/582
f 1224/1224/1224 967/967/967 965/965/965
f 3135/3135/3135 2177/2177/2177 2163/2163/2163
f 2758/2758/2758 3526/3526/3526 2908/2908/2908
f 2772/2772/2772 3048/3048/3048 2657/2657/2657
f 679/679/679 677/677/677 3394/3394/3394
f 2739/2739/2739 1965/1965/1965 2924/2924/2924
f 3016/3016/3016 3526/3526/3526 2436/2436/2436
f 3042/3042/3042 1991/1991/1991 2679/2679/2679
f 3020/3020/3020 1357/1357/1357 1359/1359/1359
f 609/609/609 592/592/592 1146/1146/1146
f 847/847/847 629/629/629 1202/1202/1202
f 116/116/116 80/80/80 59/59/59
f 996/996/996 2821/2821/2821 2689/2689/2689
f 2316/2316/2316 2324/2324/2324 1721/1721/1721
f 1011/1011/1011 593/593/593 1233/1233/1233
f 999/999/999 1003/1003/1003 1109/1109/1109
f 1119/1119/1119 1556/1556/1556 2811/2811/2811
f 1874/1874/1874 3042/3042/3042 2825/2825/2825
f 2551/2551/2551 2030/2030/2030 1964/1964/1964
f 846/846/846 1750/1750/1750 2413/2413/2413
f 1109/1109/1109 1105/1105/1105 2816/2816/2816
f 3248/3248/3248 3211/3211/3211 3242/3242/3242
f 1840/1840/1840 2401/2401/2401 45/45/45
f 136/136/136 117/117/117 113/113/113
f 2937/2937/2937 1921/1921/1921 1895/1895/1895
f 2581/2581/2581 2583/2583/2583 2577/2577/2577
f 3390/3390/3390 385/385/385 158/158/158
f 2021/2021/2021 1948/1948/1948 1950/1950/1950
f 1724/1724/1724 3197/3197/3197 3194/3194/3194
f 955/955/955 874/874/874 2476/2476/2476
f 614/614/614 1224/1224/1224 610/610/610
f 2846/2846/2846 2844/2844/2844 1943/1943/1943
f 1564/1564/1564 3186/3186/3186 1469/1469/1469
f 1260/1260/1260 1681/1681/1681 1683/1683/1683
f 2778/2778/2778 2924/2924/2924 1969/1969/1969
f 1797/1797/1797 1799/1799/1799 410/410/410
f 2350/2350/2350 400/400/400 427/427/427
f 1139/1139/1139 680/680/680 1034/1034/1034
f 2694/2694/2694 2696/2696/2696 2701/2701/2701
f 1138/1138/1138 1033/1033/1033 1224/1224/1224
f 3606/3606/3606 110/110/110 65/65/65
f 83/83/83 62/62/62 138/138/138
f 1898/1898/1898 1900/1900/1900 1986/1986/1986
f 3645/3645/3645 1266/1266/1266 1283/1283/1283
f 2396/2396/2396 1840/1840/1840 43/43/43
f 3334/3334/3334 3239/3239/3239 127/127/127
f 3281/3281/3281 1759/1759/1759 3468/3468/3468
f 968/968/968 948/948/948 989/989/989
f 3011/3011/3011 3337/3337/3337 1503/1503/1503
f 2288/2288/2288 1744/1744/1744 2282/2282/2282
f 164/164/164 162/162/162 127/127/127
f 3067/3067/3067 1161/1161/1161 2874/2874/2874
f 706/706/706 2914/2914/2914 1211/1211/1211
f 807/807/807 1438/1438/1438 3112/3112/3112
f 3142/3142/3142 3609/3609/3609 1472/1472/1472
f 112/112/112 99/99/99 65/65/65
f 2325/2325/2325 3516/3516/3516 2306/2306/2306
f 1289/1289/1289 1300/1300/1300 1304/1304/1304
f 1169/1169/1169 1180/1180/1180 2890/2890/2890
f 1346/1346/1346 1363/1363/1363 554/554/554
f 3609/3609/3609 3140/3140/3140 1472/1472/1472
f 2549/2549/2549 2555/2555/2555 1963/1963/1963
f 3267/3267/3267 1717/1717/1717 1573/1573/1573
f 2843/2843/2843 2593/2593/2593 2589/2589/2589
f 437/437/437 656/656/656 435/435/435
f 3030/3030/3030 3008/3008/3008 1882/1882/1882
f 2200/2200/2200 2073/2073/2073 2279/2279/2279
f 3275/3275/3275 1232/1232/1232 1219/1219/1219
f 228/228/228 3334/3334/3334 170/170/170
f 3211/3211/3211 1578/1578/1578 3218/3218/3218
f 3058/3058/3058 1308/1308/1308 3022/3022/3022
f 2583/2583/2583 2552/2552/2552 945/945/945
f 2522/2522/2522 2520/2520/2520 2528/2528/2528
f 186/186/186 139/139/139 193/193/193
f 2520/2520/2520 2519/2519/2519 2528/2528/2528
f 1801/1801/1801 3394/3394/3394 642/642/642
f 2660/2660/2660 2672/2672/2672 1010/1010/1010
f 1826/1826/1826 2277/2277/2277 94/94/94
f 2259/2259/2259 2099/2099/2099 2107/2107/2107
f 2766/2766/2766 1934/1934/1934 2077/2077/2077
f 1724/1724/1724 1579/1579/1579 3197/3197/3197
f 3111/3111/3111 1437/1437/1437 1379/1379/1379
f 2757/2757/2757 2750/2750/2750 1983/1983/1983
f 3566/3566/3566 484/484/484 1467/1467/1467
f 1169/1169/1169 2881/2881/2881 1165/1165/1165
f 479/479/479 1280/1280/1280 491/491/491
f 1506/1506/1506 3268/3268/3268 1504/1504/1504
f 3566/3566/3566 504/504/504 484/484/484
f 656/656/656 449/449/449 752/752/752
f 1174/1174/1174 2923/2923/2923 1230/1230/1230
f 1494/1494/1494 1495/1495/1495 3244/3244/3244
f 1881/1881/1881 1884/1884/1884 2152/2152/2152
f 345/345/345 1378/1378/1378 326/326/326
f 835/835/835 3604/3604/3604 2432/2432/2432
f 2297/2297/2297 2324/2324/2324 1673/1673/1673
f 3610/3610/3610 968/968/968 1222/1222/1222
f 1383/1383/1383 1387/1387/1387 1382/1382/1382
f 363/363/363 330/330/330 328/328/328
f 3251/3251/3251 1714/1714/1714 3248/3248/3248
f 54/54/54 52/52/52 2277/2277/2277
f 322/322/322 353/353/353 2288/2288/2288
f 3657/3657/3657 1400/1400/1400 3089/3089/3089
f 1951/1951/1951 2838/2838/2838 2589/2589/2589
f 3271/3271/3271 20/20/20 7/7/7
f 982/982/982 682/682/682 1224/1224/1224
f 5/5/5 1378/1378/1378 1/1/1
f 2953/2953/2953 2980/2980/2980 2950/2950/2950
f 1294/1294/1294 1289/1289/1289 568/568/568
f 1556/1556/1556 2821/2821/2821 1115/1115/1115
f 142/142/142 254/254/254 140/140/140
f 1966/1966/1966 1963/1963/1963 2794/2794/2794
f 1075/1075/1075 600/600/600 3394/3394/3394
f 3643/3643/3643 2801/2801/2801 781/781/781
f 3165/3165/3165 2762/2762/2762 989/989/989
f 1303/1303/1303 570/570/570 1396/1396/1396
f 2553/2553/2553 1156/1156/1156 2586/2586/2586
f 2932/2932/2932 760/760/760 752/752/752
f 2585/2585/2585 2583/2583/2583 963/963/963
f 2359/2359/2359 645/645/645 2365/2365/2365
f 2980/2980/2980 2940/2940/2940 2954/2954/2954
f 1366/1366/1366 3065/3065/3065 3067/3067/3067
f 2869/2869/2869 1155/1155/1155 1196/1196/1196
f 3316/3316/3316 1496/1496/1496 1515/1515/1515
f 1310/1310/1310 1347/1347/1347 3028/3028/3028
f 2594/2594/2594 980/980/980 2560/2560/2560
f 2086/2086/2086 2200/2200/2200 2279/2279/2279
f 238/238/238 296/296/296 236/236/236
f 659/659/659 435/435/435 656/656/656
f 3053/3053/3053 1330/1330/1330 3067/3067/3067
f 1695/1695/1695 1488/1488/1488 17/17/17
f 1375/1375/1375 3067/3067/3067 3076/3076/3076
f 1580/1580/1580 1725/1725/1725 1717/1717/1717
f 315/315/315 305/305/305 296/296/296
f 992/992/992 1046/1046/1046 939/939/939
f 2076/2076/2076 2111/2111/2111 2075/2075/2075
f 3290/3290/3290 1766/1766/1766 1767/1767/1767
f 3354/3354/3354 2362/2362/2362 2073/2073/2073
f 431/431/431 1379/1379/1379 3083/3083/3083
f 1785/1785/1785 2413/2413/2413 1750/1750/1750
f 3252/3252/3252 3266/3266/3266 3364/3364/3364
f 142/142/142 230/230/230 254/254/254
f 3526/3526/3526 3471/3471/3471 3354/3354/3354
f 254/254/254 259/259/259 232/232/232
f 1964/1964/1964 2034/2034/2034 2551/2551/2551
f 2693/2693/2693 2745/2745/2745 2695/2695/2695
f 1707/1707/1707 1709/1709/1709 3437/3437/3437
f 2426/2426/2426 2280/2280/2280 1382/1382/1382
f 127/127/127 3620/3620/3620 270/270/270
f 2259/2259/2259 2107/2107/2107 2105/2105/2105
f 3192/3192/3192 383/383/383 1779/1779/1779
f 853/853/853 810/810/810 3493/3493/3493
f 2079/2079/2079 2389/2389/2389 424/424/424
f 2389/2389/2389 2079/2079/2079 2391/2391/2391
f 241/241/241 243/243/243 239/239/239
f 1607/1607/1607 1797/1797/1797 467/467/467
f 13/13/13 2400/2400/2400 24/24/24
f 2949/2949/2949 742/742/742 2947/2947/2947
f 2582/2582/2582 2586/2586/2586 2575/2575/2575
f 3303/3303/3303 1605/1605/1605 981/981/981
f 3354/3354/3354 2200/2200/2200 3526/3526/3526
f 2400/2400/2400 2394/2394/2394 2398/2398/2398
f 187/187/187 179/179/179 254/254/254
f 2351/2351/2351 428/428/428 3437/3437/3437
f 992/992/992 2710/2710/2710 1040/1040/1040
f 968/968/968 972/972/972 1246/1246/1246
f 1734/1734/1734 1585/1585/1585 3197/3197/3197
f 1726/1726/1726 389/389/389 1818/1818/1818
f 1302/1302/1302 1395/1395/1395 1289/1289/1289
f 2885/2885/2885 1322/1322/1322 3043/3043/3043
f 2754/2754/2754 1045/1045/1045 1041/1041/1041
f 573/573/573 1289/1289/1289 1296/1296/1296
f 2304/2304/2304 127/127/127 270/270/270
f 2325/2325/2325 2347/2347/2347 2341/2341/2341
f 3035/3035/3035 1155/1155/1155 1162/1162/1162
f 440/440/440 3437/3437/3437 1697/1697/1697
f 2636/2636/2636 1908/1908/1908 2958/2958/2958
f 648/648/648 1146/1146/1146 650/650/650
f 581/581/581 579/579/579 418/418/418
f 1985/1985/1985 2244/2244/2244 2234/2234/2234
f 1339/1339/1339 1337/1337/1337 1155/1155/1155
f 842/842/842 3604/3604/3604 1971/1971/1971
f 2427/2427/2427 2426/2426/2426 3081/3081/3081
f 1097/1097/1097 1101/1101/1101 2801/2801/2801
f 3165/3165/3165 948/948/948 2616/2616/2616
f 333/333/333 340/340/340 338/338/338
f 332/332/332 287/287/287 339/339/339
f 393/393/393 395/395/395 2079/2079/2079
f 2180/2180/2180 2172/2172/2172 2174/2174/2174
f 3020/3020/3020 1311/1311/1311 3029/3029/3029
f 1275/1275/1275 2452/2452/2452 1273/1273/1273
f 2067/2067/2067 2043/2043/2043 3354/3354/3354
f 2178/2178/2178 1916/1916/1916 2181/2181/2181
f 1367/1367/1367 1368/1368/1368 3066/3066/3066
f 1155/1155/1155 3069/3069/3069 2765/2765/2765
f 2199/2199/2199 2168/2168/2168 2193/2193/2193
f 3485/3485/3485 2444/2444/2444 904/904/904
f 713/713/713 1174/1174/1174 1239/1239/1239
f 1457/1457/1457 699/699/699 719/719/719
f 2722/2722/2722 3567/3567/3567 2720/2720/2720
f 6/6/6 3461/3461/3461 3/3/3
f 1459/1459/1459 1280/1280/1280 479/479/479
f 671/671/671 643/643/643 1011/1011/1011
f 2589/2589/2589 1930/1930/1930 1967/1967/1967
f 2594/2594/2594 1061/1061/1061 1063/1063/1063
f 1319/1319/1319 1311/1311/1311 3020/3020/3020
f 2090/2090/2090 2093/2093/2093 3584/3584/3584
f 318/318/318 320/320/320 349/349/349
f 3164/3164/3164 2615/2615/2615 1067/1067/1067
f 2440/2440/2440 1986/1986/1986 2056/2056/2056
f 139/139/139 157/157/157 269/269/269
f 254/254/254 218/218/218 252/252/252
f 2543/2543/2543 2733/2733/2733 3567/3567/3567
f 2235/2235/2235 2135/2135/2135 3008/3008/3008
f 154/154/154 156/156/156 243/243/243
f 2068/2068/2068 1985/1985/1985 2044/2044/2044
f 2946/2946/2946 2980/2980/2980 2948/2948/2948
f 712/712/712 742/742/742 3169/3169/3169
f 3567/3567/3567 2539/2539/2539 934/934/934
f 1446/1446/1446 1346/1346/1346 1303/1303/1303
f 1405/1405/1405 3081/3081/3081 2426/2426/2426
f 2115/2115/2115 2117/2117/2117 3249/3249/3249
f 1407/1407/1407 1382/1382/1382 1380/1380/1380
f 673/673/673 1751/1751/1751 3201/3201/3201
f 3333/3333/3333 25/25/25 16/16/16
f 2747/2747/2747 2701/2701/2701 2698/2698/2698
f 3095/3095/3095 3096/3096/3096 3099/3099/3099
f 157/157/157 3624/3624/3624 205/205/205
f 3106/3106/3106 3468/3468/3468 1418/1418/1418
f 2280/2280/2280 2504/2504/2504 3129/3129/3129
f 3220/3220/3220 1630/1630/1630 3211/3211/3211
f 3461/3461/3461 372/372/372 346/346/346
f 1603/1603/1603 2801/2801/2801 1085/1085/1085
f 2366/2366/2366 646/646/646 752/752/752
f 3687/3687/3687 2359/2359/2359 3394/3394/3394
f 961/961/961 2576/2576/2576 955/955/955
f 3092/3092/3092 1858/1858/1858 1845/1845/1845
f 1973/1973/1973 2771/2771/2771 2772/2772/2772
f 3110/3110/3110 3092/3092/3092 1845/1845/1845
f 1459/1459/1459 3595/3595/3595 1280/1280/1280
f 1999/1999/1999 2439/2439/2439 2436/2436/2436
f 26/26/26 2409/2409/2409 28/28/28
f 3207/3207/3207 1638/1638/1638 1620/1620/1620
f 2230/2230/2230 2125/2125/2125 2137/2137/2137
f 777/777/777 2359/2359/2359 773/773/773
f 1150/1150/1150 1158/1158/1158 1146/1146/1146
f 2199/2199/2199 2982/2982/2982 2124/2124/2124
f 49/49/49 97/97/97 150/150/150
f 2821/2821/2821 3412/3412/3412 2767/2767/2767
f 980/980/980 3395/3395/3395 2560/2560/2560
f 613/613/613 615/615/615 1145/1145/1145
f 3073/3073/3073 3066/3066/3066 1368/1368/1368
f 1149/1149/1149 1156/1156/1156 1157/1157/1157
f 1631/1631/1631 3209/3209/3209 1620/1620/1620
f 3242/3242/3242 3298/3298/3298 3248/3248/3248
f 2936/2936/2936 584/584/584 1225/1225/1225
f 3164/3164/3164 1067/1067/1067 2761/2761/2761
f 3684/3684/3684 3129/3129/3129 3250/3250/3250
f 789/789/789 980/980/980 2226/2226/2226
f 1464/1464/1464 475/475/475 492/492/492
f 2586/2586/2586 985/985/985 2609/2609/2609
f 923/923/923 2519/2519/2519 2498/2498/2498
f 1957/1957/1957 2924/2924/2924 2778/2778/2778
f 1864/1864/1864 1866/1866/1866 1858/1858/1858
f 3476/3476/3476 2435/2435/2435 852/852/852
f 78/78/78 117/117/117 81/81/81
f 528/528/528 518/518/518 1464/1464/1464
f 598/598/598 3394/3394/3394 1071/1071/1071
f 1348/1348/1348 3057/3057/3057 3060/3060/3060
f 398/398/398 433/433/433 418/418/418
f 2057/2057/2057 2093/2093/2093 2073/2073/2073
f 229/229/229 171/171/171 269/269/269
f 2582/2582/2582 2578/2578/2578 2586/2586/2586
f 1393/1393/1393 549/549/549 1464/1464/1464
f 363/363/363 320/320/320 347/347/347
f 2629/2629/2629 2636/2636/2636 2002/2002/2002
f 2006/2006/2006 1848/1848/1848 2636/2636/2636
f 802/802/802 3085/3085/3085 1743/1743/1743
f 3552/3552/3552 1604/1604/1604 3495/3495/3495
f 3677/3677/3677 604/604/604 3169/3169/3169
f 3675/3675/3675 2436/2436/2436 1897/1897/1897
f 544/544/544 559/559/559 1394/1394/1394
f 3255/3255/3255 1584/1584/1584 1717/1717/1717
f 1871/1871/1871 1733/1733/1733 3482/3482/3482
f 807/807/807 3198/3198/3198 3200/3200/3200
f 3258/3258/3258 3260/3260/3260 3364/3364/3364
f 2495/2495/2495 2512/2512/2512 1884/1884/1884
f 3263/3263/3263 1739/1739/1739 3268/3268/3268
f 1346/1346/1346 1295/1295/1295 569/569/569
f 2716/2716/2716 1046/1046/1046 992/992/992
f 3047/3047/3047 3049/3049/3049 2229/2229/2229
f 2906/2906/2906 2862/2862/2862 1199/1199/1199
f 65/65/65 67/67/67 64/64/64
f 49/49/49 38/38/38 1840/1840/1840
f 2563/2563/2563 2586/2586/2586 949/949/949
f 553/553/553 1362/1362/1362 1289/1289/1289
f 1195/1195/1195 1225/1225/1225 1193/1193/1193
f 566/566/566 2414/2414/2414 3566/3566/3566
f 2897/2897/2897 1188/1188/1188 1228/1228/1228
f 2904/2904/2904 1199/1199/1199 2862/2862/2862
f 1469/1469/1469 3139/3139/3139 3137/3137/3137
f 3067/3067/3067 3072/3072/3072 3074/3074/3074
f 2090/2090/2090 2281/2281/2281 2279/2279/2279
f 1881/1881/1881 3031/3031/3031 1884/1884/1884
f 2649/2649/2649 1219/1219/1219 2917/2917/2917
f 3412/3412/3412 1556/1556/1556 802/802/802
f 1509/1509/1509 1492/1492/1492 3145/3145/3145
f 1748/1748/1748 3274/3274/3274 1792/1792/1792
f 9/9/9 1378/1378/1378 18/18/18
f 3297/3297/3297 1788/1788/1788 3251/3251/3251
f 2648/2648/2648 1002/1002/1002 2821/2821/2821
f 2783/2783/2783 223/223/223 157/157/157
f 1301/1301/1301 548/548/548 1305/1305/1305
f 3274/3274/3274 3251/3251/3251 1788/1788/1788
f 2288/2288/2288 2286/2286/2286 1744/1744/1744
f 853/853/853 2473/2473/2473 2479/2479/2479
f 1474/1474/1474 1477/1477/1477 1479/1479/1479
f 2281/2281/2281 2090/2090/2090 2278/2278/2278
f 962/962/962 3566/3566/3566 2584/2584/2584
f 774/774/774 752/752/752 778/778/778
f 1585/1585/1585 3252/3252/3252 3197/3197/3197
f 1019/1019/1019 2701/2701/2701 2763/2763/2763
f 2586/2586/2586 2604/2604/2604 949/949/949
f 2257/2257/2257 132/132/132 3461/3461/3461
f 148/148/148 160/160/160 254/254/254
f 3468/3468/3468 2773/2773/2773 3200/3200/3200
f 1167/1167/1167 2881/2881/2881 1169/1169/1169
f 3268/3268/3268 1594/1594/1594 1737/1737/1737
f 2530/2530/2530 2229/2229/2229 1922/1922/1922
f 2693/2693/2693 1020/1020/1020 2745/2745/2745
f 2754/2754/2754 1224/1224/1224 664/664/664
f 2862/2862/2862 1151/1151/1151 1153/1153/1153
f 1148/1148/1148 1155/1155/1155 2857/2857/2857
f 2302/2302/2302 1676/1676/1676 2300/2300/2300
f 1777/1777/1777 1774/1774/1774 1776/1776/1776
f 465/465/465 463/463/463 1797/1797/1797
f 3031/3031/3031 1883/1883/1883 1884/1884/1884
f 3486/3486/3486 874/874/874 2445/2445/2445
f 412/412/412 452/452/452 443/443/443
f 3171/3171/3171 1536/1536/1536 1560/1560/1560
f 3008/3008/3008 2978/2978/2978 2973/2973/2973
f 801/801/801 1551/1551/1551 3168/3168/3168
f 587/587/587 948/948/948 1252/1252/1252
f 1445/1445/1445 1302/1302/1302 1289/1289/1289
f 196/196/196 254/254/254 190/190/190
f 2766/2766/2766 2027/2027/2027 2229/2229/2229
f 2682/2682/2682 2801/2801/2801 2799/2799/2799
f 91/91/91 49/49/49 147/147/147
f 2736/2736/2736 1986/1986/1986 2719/2719/2719
f 2687/2687/2687 2689/2689/2689 2821/2821/2821
f 1067/1067/1067 990/990/990 2625/2625/2625
f 2660/2660/2660 1007/1007/1007 2672/2672/2672
f 989/989/989 2762/2762/2762 2618/2618/2618
f 3327/3327/3327 3274/3274/3274 1748/1748/1748
f 3342/3342/3342 3009/3009/3009 3008/3008/3008
f 882/882/882 2464/2464/2464 879/879/879
f 3619/3619/3619 2021/2021/2021 1884/1884/1884
f 2443/2443/2443 814/814/814 2422/2422/2422
f 2335/2335/2335 3657/3657/3657 1398/1398/1398
f 3317/3317/3317 1516/1516/1516 1514/1514/1514
f 1155/1155/1155 2909/2909/2909 3593/3593/3593
f 2442/2442/2442 2056/2056/2056 1986/1986/1986
f 2583/2583/2583 784/784/784 1091/1091/1091
f 3526/3526/3526 1956/1956/1956 1958/1958/1958
f 538/538/538 529/529/529 507/507/507
f 1327/1327/1327 3044/3044/3044 1653/1653/1653
f 2774/2774/2774 2690/2690/2690 1024/1024/1024
f 874/874/874 2478/2478/2478 2476/2476/2476
f 3300/3300/3300 2754/2754/2754 2711/2711/2711
f 842/842/842 2432/2432/2432 3604/3604/3604
f 2277/2277/2277 68/68/68 54/54/54
f 1719/1719/1719 2299/2299/2299 2306/2306/2306
f 640/640/640 617/617/617 751/751/751
f 2558/2558/2558 2513/2513/2513 2229/2229/2229
f 1105/1105/1105 1109/1109/1109 2788/2788/2788
f 1496/1496/1496 1501/1501/1501 1517/1517/1517
f 3282/3282/3282 1756/1756/1756 3278/3278/3278
f 2288/2288/2288 351/351/351 320/320/320
f 882/882/882 876/876/876 2464/2464/2464
f 1300/1300/1300 1289/1289/1289 547/547/547
f 1404/1404/1404 2583/2583/2583 2585/2585/2585
f 1964/1964/1964 2030/2030/2030 1963/1963/1963
f 2554/2554/2554 2924/2924/2924 2546/2546/2546
f 672/672/672 948/948/948 644/644/644
f 3211/3211/3211 3210/3210/3210 1637/1637/1637
f 3627/3627/3627 1382/1382/1382 3146/3146/3146
f 1119/1119/1119 2818/2818/2818 1556/1556/1556
f 591/591/591 982/982/982 1236/1236/1236
f 1447/1447/1447 3359/3359/3359 3579/3579/3579
f 2457/2457/2457 868/868/868 2458/2458/2458
f 1943/1943/1943 2844/2844/2844 1945/1945/1945
f 619/619/619 751/751/751 617/617/617
f 1784/1784/1784 1749/1749/1749 3444/3444/3444
f 1109/1109/1109 2812/2812/2812 2814/2814/2814
f 124/124/124 117/117/117 122/122/122
f 3198/3198/3198 1426/1426/1426 3615/3615/3615
f 608/608/608 647/647/647 982/982/982
f 2089/2089/2089 1447/1447/1447 3579/3579/3579
f 3657/3657/3657 3089/3089/3089 1398/1398/1398
f 1011/1011/1011 643/643/643 606/606/606
f 2794/2794/2794 1963/1963/1963 1962/1962/1962
f 2843/2843/2843 2589/2589/2589 1947/1947/1947
f 1826/1826/1826 2275/2275/2275 2277/2277/2277
f 2152/2152/2152 2215/2215/2215 2213/2213/2213
f 3197/3197/3197 1583/1583/1583 3254/3254/3254
f 2629/2629/2629 2850/2850/2850 2636/2636/2636
f 2002/2002/2002 2636/2636/2636 2008/2008/2008
f 2633/2633/2633 2629/2629/2629 2002/2002/2002
f 47/47/47 74/74/74 2277/2277/2277
f 192/192/192 3388/3388/3388 254/254/254
f 781/781/781 2801/2801/2801 783/783/783
f 2005/2005/2005 2639/2639/2639 1852/1852/1852
f 3643/3643/3643 786/786/786 2801/2801/2801
f 657/657/657 659/659/659 656/656/656
f 3461/3461/3461 368/368/368 370/370/370
f 1396/1396/1396 1305/1305/1305 548/548/548
f 2586/2586/2586 2603/2603/2603 2604/2604/2604
f 3025/3025/3025 461/461/461 448/448/448
f 3204/3204/3204 1605/1605/1605 3304/3304/3304
f 2362/2362/2362 2943/2943/2943 1918/1918/1918
f 849/849/849 2371/2371/2371 851/851/851
f 2772/2772/2772 1872/1872/1872 3045/3045/3045
f 2636/2636/2636 1974/1974/1974 1978/1978/1978
f 1648/1648/1648 443/443/443 1652/1652/1652
f 3303/3303/3303 2317/2317/2317 1560/1560/1560
f 2581/2581/2581 959/959/959 963/963/963
f 3019/3019/3019 3020/3020/3020 3037/3037/3037
f 1968/1968/1968 3526/3526/3526 2781/2781/2781
f 2924/2924/2924 2589/2589/2589 2780/2780/2780
f 965/965/965 664/664/664 1224/1224/1224
f 3604/3604/3604 841/841/841 2428/2428/2428
f 477/477/477 626/626/626 1251/1251/1251
f 3526/3526/3526 1970/1970/1970 2781/2781/2781
f 3604/3604/3604 2430/2430/2430 841/841/841
f 94/94/94 2273/2273/2273 2271/2271/2271
f 1068/1068/1068 974/974/974 1224/1224/1224
f 1005/1005/1005 1004/1004/1004 2651/2651/2651
f 2924/2924/2924 2830/2830/2830 2025/2025/2025
f 2935/2935/2935 2901/2901/2901 1228/1228/1228
f 2453/2453/2453 853/853/853 858/858/858
f 1282/1282/1282 1111/1111/1111 1156/1156/1156
f 3320/3320/3320 3196/3196/3196 3294/3294/3294
f 2592/2592/2592 2842/2842/2842 1921/1921/1921
f 3634/3634/3634 713/713/713 1239/1239/1239
f 2090/2090/2090 80/80/80 62/62/62
f 2294/2294/2294 2288/2288/2288 1676/1676/1676
f 3658/3658/3658 2042/2042/2042 2518/2518/2518
f 2587/2587/2587 2577/2577/2577 2583/2583/2583
f 2510/2510/2510 1964/1964/1964 2678/2678/2678
f 1921/1921/1921 2569/2569/2569 2592/2592/2592
f 1921/1921/1921 1917/1917/1917 2942/2942/2942
f 615/615/615 611/611/611 1150/1150/1150
f 3553/3553/3553 3658/3658/3658 2259/2259/2259
f 2436/2436/2436 1899/1899/1899 1897/1897/1897
f 1798/1798/1798 419/419/419 409/409/409
f 2375/2375/2375 117/117/117 118/118/118
f 217/217/217 157/157/157 279/279/279
f 123/123/123 147/147/147 49/49/49
f 2358/2358/2358 794/794/794 2352/2352/2352
f 1000/1000/1000 2651/2651/2651 1004/1004/1004
f 2886/2886/2886 11/11/11 1378/1378/1378
f 2863/2863/2863 2862/2862/2862 1153/1153/1153
f 2504/2504/2504 910/910/910 2501/2501/2501
f 1786/1786/1786 929/929/929 2532/2532/2532
f 1791/1791/1791 2653/2653/2653 1792/1792/1792
f 2884/2884/2884 1174/1174/1174 1211/1211/1211
f 114/114/114 71/71/71 80/80/80
f 23/23/23 3271/3271/3271 4/4/4
f 1084/1084/1084 2486/2486/2486 955/955/955
f 3310/3310/3310 286/286/286 266/266/266
f 1194/1194/1194 1228/1228/1228 2901/2901/2901
f 1571/1571/1571 1717/1717/1717 3265/3265/3265
f 3046/3046/3046 1873/1873/1873 1964/1964/1964
f 586/586/586 1346/1346/1346 1288/1288/1288
f 2956/2956/2956 3468/3468/3468 3279/3279/3279
f 3122/3122/3122 880/880/880 878/878/878
f 769/769/769 751/751/751 469/469/469
f 739/739/739 771/771/771 733/733/733
f 303/303/303 386/386/386 2089/2089/2089
f 1218/1218/1218 1219/1219/1219 1216/1216/1216
f 3495/3495/3495 947/947/947 787/787/787
f 3432/3432/3432 3272/3272/3272 3355/3355/3355
f 3199/3199/3199 3226/3226/3226 3229/3229/3229
f 2935/2935/2935 1228/1228/1228 418/418/418
f 3337/3337/3337 1507/1507/1507 1702/1702/1702
f 148/148/148 254/254/254 206/206/206
f 241/241/241 247/247/247 243/243/243
f 2183/2183/2183 1916/1916/1916 2199/2199/2199
f 10/10/10 19/19/19 3461/3461/3461
f 2503/2503/2503 2526/2526/2526 2504/2504/2504
f 1206/1206/1206 2858/2858/2858 2855/2855/2855
f 2636/2636/2636 2850/2850/2850 1939/1939/1939
f 94/94/94 2090/2090/2090 62/62/62
f 2705/2705/2705 1028/1028/1028 2701/2701/2701
f 489/489/489 3595/3595/3595 1461/1461/1461
f 3040/3040/3040 389/389/389 1727/1727/1727
f 3067/3067/3067 3063/3063/3063 3061/3061/3061
f 424/424/424 426/426/426 3333/3333/3333
f 2924/2924/2924 2025/2025/2025 2712/2712/2712
f 1782/1782/1782 3320/3320/3320 3297/3297/3297
f 3034/3034/3034 1161/1161/1161 3067/3067/3067
f 1156/1156/1156 610/610/610 1224/1224/1224
f 445/445/445 465/465/465 1797/1797/1797
f 69/69/69 65/65/65 55/55/55
f 296/296/296 234/234/234 145/145/145
f 1408/1408/1408 1381/1381/1381 3657/3657/3657
f 80/80/80 108/108/108 135/135/135
f 253/253/253 243/243/243 221/221/221
f 1649/1649/1649 451/451/451 443/443/443
f 2076/2076/2076 2078/2078/2078 1935/1935/1935
f 2536/2536/2536 2586/2586/2586 2538/2538/2538
f 311/311/311 338/338/338 309/309/309
f 768/768/768 751/751/751 766/766/766
f 443/443/443 1650/1650/1650 1647/1647/1647
f 3658/3658/3658 2518/2518/2518 2516/2516/2516
f 768/768/768 764/764/764 751/751/751
f 559/559/559 561/561/561 1329/1329/1329
f 874/874/874 2488/2488/2488 892/892/892
f 2734/2734/2734 2739/2739/2739 2924/2924/2924
f 767/767/767 771/771/771 763/763/763
f 2766/2766/2766 2229/2229/2229 1975/1975/1975
f 2642/2642/2642 2639/2639/2639 1907/1907/1907
f 947/947/947 1088/1088/1088 2787/2787/2787
f 638/638/638 746/746/746 2359/2359/2359
f 1297/1297/1297 1346/1346/1346 574/574/574
f 1186/1186/1186 1228/1228/1228 2903/2903/2903
f 2027/2027/2027 2766/2766/2766 2205/2205/2205
f 2028/2028/2028 2206/2206/2206 2259/2259/2259
f 2766/2766/2766 2106/2106/2106 2619/2619/2619
f 3566/3566/3566 2573/2573/2573 956/956/956
f 1766/1766/1766 1429/1429/1429 1431/1431/1431
f 1086/1086/1086 2683/2683/2683 3495/3495/3495
f 904/904/904 891/891/891 2487/2487/2487
f 2734/2734/2734 2924/2924/2924 2737/2737/2737
