# GloomhavenVR import — Poly Haven 'jug_01' (CC0), processed by ph_pipeline.py
v -0.087578 0.142173 0.000000
v -0.087578 0.142173 0.000000
v -0.080284 0.160761 0.000000
v -0.095211 0.147488 0.000000
v -0.095211 0.147488 0.000000
v -0.089067 0.163634 0.000000
v -0.103502 0.150453 0.000000
v -0.103502 0.150453 0.000000
v -0.100014 0.167756 0.000000
v -0.113584 0.150637 0.000000
v -0.113584 0.150637 0.000000
v -0.116898 0.168912 0.000000
v -0.123155 0.146043 0.000000
v -0.123155 0.146043 0.000000
v -0.133421 0.161433 0.000000
v -0.130576 0.135882 0.000000
v -0.130576 0.135882 0.000000
v -0.145824 0.145099 0.000000
v -0.135446 0.118348 0.000000
v -0.135446 0.118348 0.000000
v -0.152024 0.120750 0.000000
v -0.133856 0.096160 0.000000
v -0.133856 0.096160 0.000000
v -0.150584 0.092078 0.000000
v -0.081022 0.056958 0.000000
v -0.081022 0.056958 0.000000
v -0.103242 0.061140 0.000000
v -0.103242 0.061140 0.000000
v -0.110811 0.043584 0.000000
v -0.076220 0.033030 0.000000
v -0.092160 0.037412 0.000000
v -0.090442 0.056534 0.000000
v -0.090442 0.056534 0.000000
v -0.126114 0.079860 0.000000
v -0.126114 0.079860 0.000000
v -0.141111 0.069491 0.000000
v -0.114467 0.068892 0.000000
v -0.114467 0.068892 0.000000
v -0.126462 0.053630 0.000000
v -0.072709 0.164509 0.000000
v -0.072709 0.164509 0.000000
v -0.072709 0.164509 0.000000
v -0.081324 0.131546 0.000000
v -0.081324 0.131546 0.000000
v -0.081324 0.131546 0.000000
v -0.081324 0.131546 0.000000
v -0.078345 0.062204 0.000000
v -0.078345 0.062204 0.000000
v -0.078345 0.062204 0.000000
v -0.078345 0.062204 0.000000
v -0.066517 0.027977 0.000000
v -0.066517 0.027977 0.000000
v -0.066517 0.027977 0.000000
v -0.094187 0.150179 -0.008384
v -0.090091 0.160943 -0.008384
v -0.086360 0.145272 -0.009294
v -0.081498 0.157665 -0.009289
v -0.100595 0.164872 -0.008405
v -0.102921 0.153337 -0.008405
v -0.116345 0.165866 -0.008405
v -0.114136 0.153683 -0.008405
v -0.131710 0.158868 -0.008405
v -0.124866 0.148608 -0.008405
v -0.143283 0.143563 -0.008405
v -0.133118 0.137418 -0.008405
v -0.149261 0.120350 -0.008405
v -0.138209 0.118748 -0.008405
v -0.147796 0.092759 -0.008405
v -0.136644 0.095479 -0.008405
v -0.090728 0.053347 -0.008405
v -0.091873 0.040599 -0.008405
v -0.109549 0.046510 -0.008405
v -0.104503 0.058214 -0.008405
v -0.138612 0.071219 -0.008405
v -0.128614 0.078132 -0.008405
v -0.077183 0.037969 -0.008457
v -0.080175 0.052044 -0.008504
v -0.124463 0.056174 -0.008405
v -0.116466 0.066348 -0.008405
v -0.072062 0.157471 -0.013527
v -0.072062 0.157471 -0.013527
v -0.078795 0.136867 -0.013410
v -0.078795 0.136867 -0.013410
v -0.068899 0.034981 -0.011067
v -0.068899 0.034981 -0.011067
v -0.075874 0.054896 -0.010866
v -0.075874 0.054896 -0.010866
v -0.134073 0.060780 0.000000
v -0.120432 0.073890 0.000000
v -0.120432 0.073890 0.000000
v -0.083305 0.035256 0.000000
v -0.118895 0.047991 0.000000
v -0.101665 0.040109 0.000000
v -0.108904 0.064650 0.000000
v -0.108904 0.064650 0.000000
v -0.096933 0.058399 0.000000
v -0.096933 0.058399 0.000000
v -0.084585 0.055761 0.000000
v -0.084585 0.055761 0.000000
v -0.146759 0.079818 0.000000
v -0.130675 0.087112 0.000000
v -0.130675 0.087112 0.000000
v -0.152325 0.106258 0.000000
v -0.135519 0.107123 0.000000
v -0.135519 0.107123 0.000000
v -0.149803 0.133857 0.000000
v -0.133578 0.128072 0.000000
v -0.133578 0.128072 0.000000
v -0.140277 0.154318 0.000000
v -0.127108 0.141776 0.000000
v -0.127108 0.141776 0.000000
v -0.125534 0.166360 0.000000
v -0.118596 0.148984 0.000000
v -0.118596 0.148984 0.000000
v -0.107982 0.169094 0.000000
v -0.108392 0.151036 0.000000
v -0.108392 0.151036 0.000000
v -0.093967 0.165818 0.000000
v -0.099254 0.149196 0.000000
v -0.099254 0.149196 0.000000
v -0.084404 0.161589 0.000000
v -0.082827 0.137208 0.000000
v -0.082827 0.137208 0.000000
v -0.091038 0.145363 0.000000
v -0.091038 0.145363 0.000000
v -0.074765 0.162068 0.000000
v -0.078867 0.059446 0.000000
v -0.078867 0.059446 0.000000
v -0.070135 0.030407 0.000000
v -0.080435 0.160375 -0.005341
v -0.083929 0.151469 -0.010686
v -0.089932 0.148067 -0.008468
v -0.085509 0.158885 -0.008467
v -0.092139 0.155561 -0.009642
v -0.095083 0.147825 -0.004821
v -0.101758 0.159105 -0.009665
v -0.103430 0.150814 -0.004833
v -0.094848 0.163048 -0.008402
v -0.098373 0.151966 -0.008402
v -0.115241 0.159775 -0.009665
v -0.113653 0.151018 -0.004833
v -0.108324 0.154046 -0.008405
v -0.108051 0.166085 -0.008405
v -0.128288 0.153738 -0.009665
v -0.123369 0.146364 -0.004833
v -0.124378 0.163464 -0.008405
v -0.119752 0.151880 -0.008405
v -0.138200 0.140490 -0.009665
v -0.130894 0.136074 -0.004833
v -0.129303 0.143866 -0.008405
v -0.138082 0.152228 -0.008405
v -0.143735 0.119549 -0.009665
v -0.135791 0.118398 -0.004833
v -0.147099 0.132893 -0.008405
v -0.136283 0.129036 -0.008405
v -0.142220 0.094119 -0.009665
v -0.134204 0.096075 -0.004833
v -0.149524 0.106402 -0.008405
v -0.138320 0.106979 -0.008405
v -0.083518 0.038674 -0.008475
v -0.078619 0.045076 -0.009786
v -0.080808 0.056039 -0.004915
v -0.107026 0.052362 -0.009665
v -0.103400 0.060774 -0.004833
v -0.133613 0.074675 -0.009665
v -0.097722 0.055351 -0.008405
v -0.100876 0.043157 -0.008405
v -0.090478 0.056136 -0.004833
v -0.091301 0.046973 -0.009665
v -0.126427 0.079644 -0.004833
v -0.133356 0.085896 -0.008405
v -0.144078 0.081033 -0.008405
v -0.131800 0.062965 -0.008405
v -0.122705 0.071705 -0.008405
v -0.084372 0.052344 -0.008475
v -0.117230 0.050768 -0.008405
v -0.110569 0.061874 -0.008405
v -0.120464 0.061261 -0.009665
v -0.126212 0.053948 -0.004833
v -0.087425 0.142561 -0.005345
v -0.089195 0.163297 -0.004821
v -0.100086 0.167396 -0.004833
v -0.116828 0.168532 -0.004833
v -0.133207 0.161113 -0.004833
v -0.145507 0.144907 -0.004833
v -0.151678 0.120700 -0.004833
v -0.150235 0.092163 -0.004833
v -0.110653 0.043950 -0.004833
v -0.076397 0.034035 -0.004908
v -0.092124 0.037810 -0.004833
v -0.140799 0.069707 -0.004833
v -0.114717 0.068574 -0.004833
v -0.072103 0.163858 -0.007987
v -0.072103 0.163858 -0.007987
v -0.075236 0.147659 -0.015487
v -0.075236 0.147659 -0.015487
v -0.080706 0.132116 -0.007944
v -0.080706 0.132116 -0.007944
v -0.075648 0.157618 -0.010793
v -0.081266 0.141255 -0.010847
v -0.072242 0.044713 -0.012668
v -0.072242 0.044713 -0.012668
v -0.077746 0.060572 -0.006641
v -0.077746 0.060572 -0.006641
v -0.066994 0.029455 -0.006587
v -0.066994 0.029455 -0.006587
v -0.071909 0.036330 -0.009388
v -0.077011 0.053452 -0.009420
v -0.074619 0.161569 -0.006358
v -0.087721 0.153476 -0.009738
v -0.090900 0.145701 -0.004869
v -0.108384 0.151413 -0.004833
v -0.096611 0.157507 -0.009662
v -0.099144 0.149542 -0.004831
v -0.108187 0.160065 -0.009665
v -0.127382 0.142037 -0.004833
v -0.122065 0.157672 -0.009665
v -0.118741 0.149346 -0.004833
v -0.133692 0.148047 -0.009665
v -0.141691 0.130965 -0.009665
v -0.133916 0.128192 -0.004833
v -0.131010 0.086960 -0.004833
v -0.143922 0.106690 -0.009665
v -0.135869 0.107105 -0.004833
v -0.138717 0.083465 -0.009665
v -0.099299 0.049254 -0.009665
v -0.113899 0.056321 -0.009665
v -0.109112 0.064303 -0.004833
v -0.097032 0.058018 -0.004833
v -0.084558 0.055334 -0.004873
v -0.083945 0.045509 -0.009747
v -0.120716 0.073617 -0.004833
v -0.127253 0.067335 -0.009665
v -0.133789 0.061053 -0.004833
v -0.083332 0.035684 -0.004873
v -0.118687 0.048338 -0.004833
v -0.101566 0.040490 -0.004833
v -0.074589 0.044710 -0.010763
v -0.146424 0.079970 -0.004833
v -0.151975 0.106276 -0.004833
v -0.149465 0.133737 -0.004833
v -0.140003 0.154057 -0.004833
v -0.125389 0.165998 -0.004833
v -0.107991 0.168718 -0.004833
v -0.094077 0.165472 -0.004831
v -0.084542 0.161251 -0.004869
v -0.078400 0.149413 -0.012491
v -0.082476 0.137710 -0.006352
v -0.078606 0.058222 -0.005476
v -0.070516 0.031649 -0.005431
v 0.079414 0.154716 -0.000000
v 0.063118 0.019690 -0.000000
v 0.072971 0.042432 -0.000000
v 0.080448 0.070431 -0.000000
v -0.080308 0.069898 0.000000
v -0.080308 0.069898 0.000000
v 0.083688 0.099534 -0.000000
v -0.083675 0.097990 0.000000
v -0.083675 0.097990 0.000000
v -0.082929 0.122007 0.000000
v -0.082929 0.122007 0.000000
v 0.083401 0.123206 -0.000000
v 0.118001 0.203901 -0.000000
v -0.078365 0.194609 0.000000
v -0.078365 0.194609 0.000000
v 0.096853 0.188938 -0.000000
v -0.074902 0.179269 0.000000
v -0.074902 0.179269 0.000000
v 0.060967 0.019690 -0.016336
v 0.054662 0.019690 -0.031559
v 0.044631 0.019690 -0.044631
v 0.031559 0.019690 -0.054662
v 0.016336 0.019690 -0.060967
v -0.000000 0.019690 -0.063118
v -0.016336 0.019690 -0.060967
v -0.031559 0.019690 -0.054662
v -0.044631 0.019690 -0.044631
v -0.054662 0.019690 -0.031559
v -0.062943 0.023315 -0.012720
v 0.070485 0.042428 -0.018886
v 0.063195 0.042406 -0.036486
v 0.051598 0.042386 -0.051598
v 0.036486 0.042381 -0.063195
v 0.018886 0.042381 -0.070485
v -0.000000 0.042381 -0.072971
v -0.018886 0.042381 -0.070485
v -0.036486 0.042381 -0.063195
v -0.051598 0.042381 -0.051598
v -0.063195 0.042381 -0.036486
v -0.070678 0.043671 -0.018990
v 0.077707 0.070398 -0.020822
v 0.069670 0.070238 -0.040224
v 0.056885 0.070046 -0.056885
v 0.040224 0.069937 -0.069670
v 0.020822 0.069902 -0.077707
v -0.000000 0.069898 -0.080448
v -0.020822 0.069898 -0.077707
v -0.040224 0.069898 -0.069670
v -0.056885 0.069898 -0.056885
v -0.069670 0.069898 -0.040224
v -0.076988 0.069898 -0.020645
v 0.080827 0.099794 -0.021657
v 0.072464 0.099477 -0.041837
v 0.059167 0.098837 -0.059167
v 0.041837 0.098293 -0.072464
v 0.021657 0.098043 -0.080823
v -0.000000 0.097993 -0.083675
v -0.021657 0.097990 -0.080823
v -0.041837 0.097990 -0.072464
v -0.059167 0.097990 -0.059167
v -0.072464 0.097990 -0.041837
v -0.080823 0.097990 -0.021657
v 0.080221 0.124968 -0.021463
v 0.071818 0.124943 -0.041464
v 0.058639 0.123911 -0.058639
v 0.041464 0.122896 -0.071818
v 0.021463 0.122242 -0.080103
v -0.000000 0.122032 -0.082929
v -0.021463 0.122007 -0.080103
v -0.041464 0.122007 -0.071818
v -0.058639 0.122007 -0.058639
v -0.071818 0.122007 -0.041464
v -0.080103 0.122007 -0.021463
v 0.073978 0.158964 -0.018674
v 0.111813 0.204069 -0.014787
v 0.067971 0.200010 -0.040847
v 0.055137 0.198308 -0.055137
v 0.038988 0.196564 -0.067529
v 0.020182 0.195118 -0.075319
v -0.000000 0.194249 -0.077976
v -0.020182 0.193975 -0.075319
v -0.038988 0.193943 -0.067529
v -0.055137 0.193943 -0.055137
v -0.067529 0.193943 -0.038988
v -0.075401 0.194168 -0.020194
v 0.052879 0.183395 -0.053004
v 0.037451 0.181757 -0.064867
v -0.072350 0.179269 -0.019386
v 0.019386 0.180402 -0.072350
v -0.000000 0.179574 -0.074902
v -0.019386 0.179302 -0.072350
v -0.037451 0.179269 -0.064867
v 0.088053 0.191824 -0.017390
v -0.052964 0.179269 -0.052964
v 0.064350 0.185227 -0.039191
v -0.064867 0.179269 -0.037451
v 0.093966 0.203319 -0.025340
v -0.018704 0.161027 -0.069804
v -0.036133 0.161002 -0.062584
v -0.051100 0.161002 -0.051100
v 0.059787 0.166210 -0.038492
v -0.062584 0.161002 -0.036133
v 0.050613 0.164690 -0.051328
v -0.069804 0.161002 -0.018704
v 0.036133 0.163149 -0.062584
v 0.018704 0.161956 -0.069804
v -0.000000 0.161244 -0.072266
v 0.078860 0.201647 -0.031579
v 0.072111 0.187671 -0.029098
v 0.065382 0.168609 -0.029075
v -0.061923 0.019741 0.000000
v -0.061923 0.019741 0.000000
v -0.094187 0.150179 0.008384
v -0.090091 0.160943 0.008384
v -0.086360 0.145272 0.009294
v -0.081498 0.157665 0.009289
v -0.100595 0.164872 0.008405
v -0.102921 0.153337 0.008405
v -0.116345 0.165866 0.008405
v -0.114136 0.153683 0.008405
v -0.131710 0.158868 0.008405
v -0.124866 0.148608 0.008405
v -0.143283 0.143563 0.008405
v -0.133118 0.137418 0.008405
v -0.149261 0.120350 0.008405
v -0.138209 0.118748 0.008405
v -0.147796 0.092759 0.008405
v -0.136644 0.095479 0.008405
v -0.090728 0.053347 0.008405
v -0.091873 0.040599 0.008405
v -0.109549 0.046510 0.008405
v -0.104503 0.058214 0.008405
v -0.138612 0.071219 0.008405
v -0.128614 0.078132 0.008405
v -0.077183 0.037969 0.008457
v -0.080175 0.052044 0.008504
v -0.124463 0.056174 0.008405
v -0.116466 0.066348 0.008405
v -0.072062 0.157471 0.013527
v -0.072062 0.157471 0.013527
v -0.078795 0.136867 0.013410
v -0.078795 0.136867 0.013410
v -0.068899 0.034981 0.011067
v -0.068899 0.034981 0.011067
v -0.075874 0.054896 0.010866
v -0.075874 0.054896 0.010866
v -0.080435 0.160375 0.005341
v -0.083929 0.151469 0.010686
v -0.089932 0.148067 0.008468
v -0.085509 0.158885 0.008467
v -0.092139 0.155561 0.009642
v -0.095083 0.147825 0.004821
v 0.080288 0.145239 -0.000000
v -0.101758 0.159105 0.009665
v -0.103430 0.150814 0.004833
v -0.094848 0.163048 0.008402
v -0.098373 0.151966 0.008402
v -0.115241 0.159775 0.009665
v -0.113653 0.151018 0.004833
v -0.108324 0.154046 0.008405
v -0.108051 0.166085 0.008405
v -0.128288 0.153738 0.009665
v -0.123369 0.146364 0.004833
v -0.124378 0.163464 0.008405
v -0.119752 0.151880 0.008405
v -0.138200 0.140490 0.009665
v -0.130894 0.136074 0.004833
v -0.129303 0.143866 0.008405
v -0.138082 0.152228 0.008405
v -0.143735 0.119549 0.009665
v -0.135791 0.118398 0.004833
v -0.147099 0.132893 0.008405
v -0.136283 0.129036 0.008405
v -0.142220 0.094119 0.009665
v -0.134204 0.096075 0.004833
v -0.149524 0.106402 0.008405
v -0.138320 0.106979 0.008405
v -0.083518 0.038674 0.008475
v -0.078619 0.045076 0.009786
v -0.080808 0.056039 0.004915
v -0.107026 0.052362 0.009665
v -0.103400 0.060774 0.004833
v -0.133613 0.074675 0.009665
v -0.097722 0.055351 0.008405
v -0.100876 0.043157 0.008405
v -0.090478 0.056136 0.004833
v -0.091301 0.046973 0.009665
v -0.126427 0.079644 0.004833
v -0.133356 0.085896 0.008405
v -0.144078 0.081033 0.008405
v -0.131800 0.062965 0.008405
v -0.122705 0.071705 0.008405
v -0.084372 0.052344 0.008475
v -0.117230 0.050768 0.008405
v -0.110569 0.061874 0.008405
v -0.120464 0.061261 0.009665
v -0.126212 0.053948 0.004833
v -0.087425 0.142561 0.005345
v -0.089195 0.163297 0.004821
v -0.100086 0.167396 0.004833
v -0.116828 0.168532 0.004833
v -0.133207 0.161113 0.004833
v -0.145507 0.144907 0.004833
v -0.151678 0.120700 0.004833
v -0.150235 0.092163 0.004833
v -0.110653 0.043950 0.004833
v -0.076397 0.034035 0.004908
v -0.092124 0.037810 0.004833
v -0.076679 0.187692 0.000000
v -0.076679 0.187692 0.000000
v 0.108485 0.198665 -0.000000
v -0.083763 0.110663 0.000000
v -0.083763 0.110663 0.000000
v 0.083855 0.112148 -0.000000
v -0.082597 0.084195 0.000000
v -0.082597 0.084195 0.000000
v 0.082616 0.085310 -0.000000
v 0.077119 0.055968 -0.000000
v 0.068341 0.030203 -0.000000
v 0.057185 0.011064 -0.000000
v 0.050074 0.019690 -0.038423
v 0.058312 0.019690 -0.024154
v -0.008238 0.019690 -0.062577
v -0.038423 0.019690 -0.050074
v -0.058275 0.019690 -0.024154
v 0.040436 0.011064 -0.040436
v -0.028593 0.011064 -0.049524
v 0.014801 0.011064 -0.055236
v -0.049524 0.011064 -0.028593
v 0.028593 0.011064 -0.049524
v 0.067416 0.042418 -0.027924
v 0.044421 0.042382 -0.057891
v 0.008238 0.019690 -0.062577
v -0.024154 0.019690 -0.058312
v 0.055237 0.011064 -0.014801
v -0.000000 0.011064 -0.057185
v 0.024154 0.019690 -0.058312
v 0.049524 0.011064 -0.028593
v -0.014801 0.011064 -0.055237
v -0.040436 0.011064 -0.040436
v 0.057891 0.042394 -0.044421
v -0.050074 0.019690 -0.038423
v -0.054988 0.011064 -0.014801
v -0.027924 0.042381 -0.067416
v -0.057891 0.042381 -0.044421
v -0.065733 0.030197 -0.017688
v 0.034170 0.030197 -0.059185
v -0.000000 0.030197 -0.068341
v -0.034170 0.030197 -0.059185
v -0.048324 0.030197 -0.048324
v 0.074324 0.070331 -0.030786
v 0.030786 0.069913 -0.074324
v 0.048973 0.069980 -0.063823
v 0.059185 0.030200 -0.034170
v 0.063823 0.070137 -0.048973
v -0.044421 0.042381 -0.057891
v -0.067391 0.042381 -0.027924
v -0.059185 0.030197 -0.034170
v 0.048324 0.030197 -0.048324
v 0.017688 0.030197 -0.066012
v -0.017688 0.030197 -0.066012
v 0.009525 0.042381 -0.072346
v 0.066012 0.030203 -0.017688
v -0.009525 0.042381 -0.072346
v -0.048973 0.069898 -0.063823
v -0.074319 0.069898 -0.030786
v -0.019960 0.055780 -0.074491
v 0.074491 0.055953 -0.019960
v 0.066787 0.055882 -0.038559
v 0.054531 0.055810 -0.054531
v 0.038559 0.055785 -0.066787
v -0.000000 0.055780 -0.077119
v 0.066383 0.099165 -0.050937
v 0.010922 0.098004 -0.082958
v 0.032020 0.098132 -0.077304
v -0.066787 0.055780 -0.038559
v -0.074869 0.058419 -0.020088
v -0.010500 0.069898 -0.079759
v 0.019960 0.055780 -0.074491
v -0.030786 0.069898 -0.074324
v 0.077305 0.099722 -0.032020
v -0.063823 0.069898 -0.048973
v 0.050937 0.098536 -0.066383
v -0.038559 0.055780 -0.066787
v -0.054531 0.055780 -0.054531
v -0.066383 0.097990 -0.050937
v -0.079795 0.084195 -0.021382
v 0.041307 0.084325 -0.071546
v -0.000000 0.084196 -0.082615
v -0.041307 0.084195 -0.071546
v -0.058417 0.084195 -0.058417
v 0.065791 0.124451 -0.050483
v 0.010824 0.122095 -0.082218
v 0.031735 0.122511 -0.076615
v 0.076630 0.125259 -0.031735
v 0.050483 0.123377 -0.065791
v -0.077304 0.097990 -0.032020
v -0.071546 0.084195 -0.041307
v 0.058417 0.084622 -0.058417
v 0.021382 0.084212 -0.079800
v -0.021382 0.084195 -0.079800
v 0.079800 0.085295 -0.021382
v -0.032020 0.097990 -0.077304
v 0.071546 0.085020 -0.041307
v -0.050937 0.097990 -0.066383
v -0.031735 0.122007 -0.076615
v -0.065791 0.122007 -0.050483
v -0.080909 0.110663 -0.021679
v 0.041882 0.111233 -0.072541
v -0.000000 0.110674 -0.083763
v -0.041882 0.110663 -0.072541
v 0.080932 0.113093 -0.021679
v 0.072541 0.112887 -0.041882
v -0.076615 0.122007 -0.031735
v -0.072541 0.110663 -0.041882
v 0.059229 0.112030 -0.059229
v 0.021679 0.110789 -0.080909
v -0.021679 0.110663 -0.080909
v -0.010824 0.122010 -0.082218
v -0.059229 0.110663 -0.059229
v -0.050483 0.122007 -0.065791
v -0.021038 0.131889 -0.078514
v -0.057476 0.131889 -0.057476
v -0.070393 0.131889 -0.040642
v -0.078514 0.131889 -0.021038
v 0.021038 0.132265 -0.078514
v 0.070393 0.135425 -0.040635
v 0.057476 0.134276 -0.057476
v 0.040642 0.133096 -0.070393
v -0.000000 0.131937 -0.081283
v -0.040642 0.131889 -0.070393
v 0.078835 0.135291 -0.021010
v -0.074905 0.144308 -0.021355
v 0.038980 0.145939 -0.067516
v -0.000000 0.144413 -0.077961
v -0.038980 0.144308 -0.067516
v 0.075842 0.148140 -0.019570
v 0.067452 0.148444 -0.038887
v -0.055127 0.144308 -0.055127
v -0.067516 0.144308 -0.038980
v 0.055118 0.147270 -0.055131
v 0.020178 0.144916 -0.075304
v -0.020178 0.144313 -0.075304
v 0.078533 0.189012 -0.023952
v -0.052219 0.156376 -0.052219
v -0.036925 0.156376 -0.063955
v 0.009777 0.179913 -0.074261
v 0.085703 0.202463 -0.028746
v -0.019114 0.156394 -0.071333
v 0.009433 0.161532 -0.071647
v -0.066765 0.161002 -0.027655
v -0.043992 0.161002 -0.057332
v 0.068514 0.186392 -0.033742
v -0.063955 0.156376 -0.036925
v 0.051954 0.159865 -0.052343
v -0.071333 0.156376 -0.019114
v 0.036925 0.158392 -0.063955
v 0.019114 0.157235 -0.071333
v -0.000000 0.156574 -0.073849
v 0.103864 0.204032 -0.020793
v 0.047468 0.197424 -0.061862
v 0.061917 0.199173 -0.047700
v 0.010178 0.194602 -0.077308
v -0.047468 0.193943 -0.061862
v -0.074000 0.187505 -0.019826
v 0.079555 0.175240 -0.016627
v -0.063593 0.170218 -0.036716
v -0.019825 0.187500 -0.073986
v -0.054162 0.187467 -0.054162
v 0.059157 0.184254 -0.045909
v 0.029840 0.195783 -0.072039
v -0.029840 0.193947 -0.072039
v -0.072039 0.193943 -0.029840
v 0.019005 0.171274 -0.070929
v 0.038298 0.190047 -0.066334
v -0.000000 0.187778 -0.076596
v 0.102264 0.199778 -0.015146
v -0.069200 0.179269 -0.028664
v -0.066334 0.187467 -0.038298
v -0.038298 0.187467 -0.066334
v 0.066467 0.193539 -0.040041
v 0.069701 0.164777 -0.024523
v 0.019825 0.188635 -0.073986
v -0.019005 0.170248 -0.070929
v 0.054151 0.191743 -0.054167
v -0.010178 0.194057 -0.077308
v 0.073530 0.200823 -0.035680
v -0.059423 0.179269 -0.045597
v -0.045597 0.179269 -0.059423
v -0.009777 0.179386 -0.074261
v 0.045587 0.182559 -0.059428
v 0.090684 0.199164 -0.022657
v 0.062000 0.175861 -0.038720
v 0.036716 0.172552 -0.063593
v -0.009433 0.161090 -0.071647
v 0.043931 0.163869 -0.057360
v 0.062888 0.166530 -0.032932
v -0.057332 0.161002 -0.043992
v 0.055825 0.165578 -0.044828
v 0.027655 0.162505 -0.066765
v -0.000000 0.170497 -0.073431
v -0.070929 0.170218 -0.019005
v -0.051924 0.170218 -0.051924
v -0.036716 0.170218 -0.063593
v 0.028664 0.181027 -0.069200
v -0.028664 0.179273 -0.069200
v -0.027655 0.161005 -0.066765
v 0.068556 0.177563 -0.028385
v 0.075888 0.195803 -0.030388
v 0.038423 0.019690 -0.050074
v 0.027924 0.042381 -0.067416
v 0.010500 0.069898 -0.079759
v -0.010922 0.097990 -0.082958
v 0.062423 0.161183 -0.038041
v -0.061862 0.193943 -0.047468
v 0.051659 0.174139 -0.052047
v -0.079240 0.069898 -0.012088
v -0.082958 0.097990 -0.010922
v -0.082218 0.122007 -0.010824
v 0.077899 0.155927 -0.008943
v 0.094253 0.189487 -0.008482
v -0.077622 0.194411 -0.010210
v 0.062577 0.019690 -0.008238
v 0.072346 0.042432 -0.009525
v 0.079759 0.070426 -0.010500
v 0.082968 0.099651 -0.010922
v 0.116494 0.203952 -0.007673
v -0.074261 0.179269 -0.009777
v -0.140799 0.069707 0.004833
v -0.114717 0.068574 0.004833
v -0.020338 0.198899 -0.075901
v -0.039289 0.198868 -0.068051
v 0.055563 0.203269 -0.055563
v 0.039289 0.201504 -0.068051
v -0.072103 0.163858 0.007987
v -0.072103 0.163858 0.007987
v -0.075236 0.147659 0.015487
v -0.075236 0.147659 0.015487
v -0.068051 0.198868 -0.039289
v -0.075911 0.198893 -0.020339
v 0.068608 0.204907 -0.041211
v -0.080706 0.132116 0.007944
v -0.080706 0.132116 0.007944
v -0.075648 0.157618 0.010793
v -0.078639 0.199021 0.000000
v -0.078639 0.199021 0.000000
v 0.122162 0.208048 -0.000000
v 0.020338 0.200044 -0.075901
v -0.000000 0.199171 -0.078578
v -0.081266 0.141255 0.010847
v -0.055563 0.198868 -0.055563
v -0.072242 0.044713 0.012668
v -0.072242 0.044713 0.012668
v 0.080158 0.206110 -0.032167
v 0.115825 0.207922 -0.014775
v 0.095600 0.207148 -0.026377
v -0.062227 0.020620 -0.006185
v -0.056193 0.011064 0.000000
v -0.056193 0.011064 0.000000
v 0.082577 0.132911 -0.000000
v 0.086851 0.172787 -0.000000
v -0.073431 0.170218 0.000000
v -0.073431 0.170218 0.000000
v 0.082558 0.123896 -0.010824
v -0.077746 0.060572 0.006641
v -0.077746 0.060572 0.006641
v -0.066994 0.029455 0.006587
v -0.066994 0.029455 0.006587
v -0.071909 0.036330 0.009388
v -0.077011 0.053452 0.009420
v -0.074619 0.161569 0.006358
v -0.087721 0.153476 0.009738
v -0.090900 0.145701 0.004869
v -0.108384 0.151413 0.004833
v -0.096611 0.157507 0.009662
v -0.099144 0.149542 0.004831
v -0.108187 0.160065 0.009665
v -0.127382 0.142037 0.004833
v -0.122065 0.157672 0.009665
v -0.118741 0.149346 0.004833
v -0.133692 0.148047 0.009665
v -0.141691 0.130965 0.009665
v -0.133916 0.128192 0.004833
v -0.131010 0.086960 0.004833
v -0.143922 0.106690 0.009665
v -0.135869 0.107105 0.004833
v -0.138717 0.083465 0.009665
v -0.099299 0.049254 0.009665
v -0.113899 0.056321 0.009665
v -0.109112 0.064303 0.004833
v -0.097032 0.058018 0.004833
v -0.084558 0.055334 0.004873
v -0.083945 0.045509 0.009747
v -0.120716 0.073617 0.004833
v -0.127253 0.067335 0.009665
v -0.133789 0.061053 0.004833
v -0.083332 0.035684 0.004873
v -0.118687 0.048338 0.004833
v -0.101566 0.040490 0.004833
v -0.074589 0.044710 0.010763
v -0.146424 0.079970 0.004833
v -0.151975 0.106276 0.004833
v -0.149465 0.133737 0.004833
v -0.140003 0.154057 0.004833
v -0.125389 0.165998 0.004833
v -0.107991 0.168718 0.004833
v -0.094077 0.165472 0.004831
v -0.084542 0.161251 0.004869
v -0.078400 0.149413 0.012491
v -0.082476 0.137710 0.006352
v -0.078606 0.058222 0.005476
v -0.070516 0.031649 0.005431
v 0.057428 0.175011 -0.045246
v 0.060967 0.019690 0.016336
v 0.054662 0.019690 0.031559
v 0.044631 0.019690 0.044631
v 0.031559 0.019690 0.054662
v 0.016336 0.019690 0.060967
v -0.000000 0.019690 0.063118
v -0.016336 0.019690 0.060967
v -0.031559 0.019690 0.054662
v -0.044631 0.019690 0.044631
v -0.054662 0.019690 0.031559
v -0.062943 0.023315 0.012720
v 0.070485 0.042428 0.018886
v 0.063195 0.042406 0.036486
v 0.051598 0.042386 0.051598
v 0.036486 0.042381 0.063195
v 0.018886 0.042381 0.070485
v -0.000000 0.042381 0.072971
v -0.018886 0.042381 0.070485
v 0.084593 0.173551 -0.008656
v -0.036486 0.042381 0.063195
v -0.051598 0.042381 0.051598
v -0.063195 0.042381 0.036486
v -0.070678 0.043671 0.018990
v 0.077707 0.070398 0.020822
v 0.069670 0.070238 0.040224
v 0.007464 0.011064 -0.056695
v -0.046946 0.055780 -0.061181
v -0.007464 0.011064 -0.056695
v -0.034812 0.011064 -0.045367
v 0.041603 0.030197 -0.054218
v -0.052800 0.011064 -0.021883
v 0.021883 0.011064 -0.052831
v -0.021883 0.011064 -0.052831
v 0.052831 0.011064 -0.021883
v 0.034812 0.011064 -0.045367
v -0.045367 0.011064 -0.034812
v -0.026153 0.030197 -0.063138
v -0.041603 0.030197 -0.054218
v 0.063138 0.030201 -0.026153
v -0.054218 0.030197 -0.041603
v 0.054218 0.030198 -0.041603
v -0.076325 0.084195 -0.031615
v 0.008920 0.030197 -0.067755
v -0.029512 0.055780 -0.071247
v -0.008920 0.030197 -0.067755
v 0.010933 0.110704 -0.083045
v 0.010066 0.055780 -0.076458
v -0.010066 0.055780 -0.076458
v -0.061181 0.055780 -0.046946
v -0.077386 0.110663 -0.032054
v 0.061181 0.055841 -0.046946
v -0.081894 0.084195 -0.010783
v -0.071234 0.055780 -0.029512
v 0.050292 0.084452 -0.065542
v 0.046946 0.055792 -0.061181
v 0.029512 0.055782 -0.071247
v -0.064486 0.131889 -0.049482
v -0.031615 0.084195 -0.076325
v 0.032054 0.110962 -0.077386
v -0.050292 0.084195 -0.065542
v 0.076325 0.085190 -0.031615
v -0.065542 0.084195 -0.050292
v 0.065542 0.084820 -0.050292
v 0.050991 0.111601 -0.066453
v 0.010783 0.084199 -0.081907
v -0.083045 0.110663 -0.010933
v -0.010783 0.084195 -0.081907
v 0.077389 0.113179 -0.032054
v 0.075134 0.135748 -0.031085
v -0.066453 0.110663 -0.050991
v 0.066453 0.112474 -0.050991
v -0.072026 0.144308 -0.029834
v -0.031105 0.131889 -0.075095
v 0.081516 0.133835 -0.010590
v -0.032054 0.110663 -0.077386
v -0.049482 0.131889 -0.064486
v -0.050991 0.110663 -0.066453
v -0.067841 0.170218 -0.028101
v 0.047458 0.146587 -0.061850
v 0.064485 0.134882 -0.049481
v -0.075095 0.131889 -0.031105
v 0.029834 0.145370 -0.072026
v 0.049482 0.133663 -0.064486
v -0.010176 0.144333 -0.077293
v -0.081033 0.126829 -0.012677
v 0.010176 0.144600 -0.077293
v 0.031105 0.132620 -0.075095
v 0.010609 0.132047 -0.080587
v -0.010609 0.131896 -0.080587
v 0.072008 0.148670 -0.029492
v -0.072419 0.170218 -0.011510
v -0.061850 0.144308 -0.047459
v 0.061820 0.147926 -0.047457
v 0.046627 0.190882 -0.060768
v -0.044701 0.170218 -0.058256
v -0.029834 0.144309 -0.072026
v 0.028101 0.171863 -0.067841
v 0.078948 0.146315 -0.009759
v -0.058256 0.170218 -0.044701
v -0.047459 0.144308 -0.061850
v 0.044668 0.173313 -0.058272
v -0.009585 0.170323 -0.072802
v 0.067755 0.030203 -0.008920
v 0.065549 0.176664 -0.033203
v -0.009639 0.156442 -0.073216
v 0.028261 0.157763 -0.068227
v -0.068227 0.156376 -0.028261
v -0.028261 0.156379 -0.068227
v 0.057767 0.160648 -0.045389
v 0.009585 0.170814 -0.072802
v -0.076009 0.187654 -0.010005
v 0.009998 0.188128 -0.075940
v -0.029312 0.187471 -0.070765
v 0.060759 0.192602 -0.046858
v -0.028101 0.170222 -0.067841
v 0.073922 0.176476 -0.022999
v 0.081908 0.085318 -0.010783
v -0.070765 0.187467 -0.029312
v -0.046628 0.187467 -0.060767
v -0.009998 0.187585 -0.075940
v 0.029312 0.189285 -0.070765
v 0.076458 0.055966 -0.010066
v 0.056885 0.070046 0.056885
v 0.106467 0.198899 -0.007994
v 0.066161 0.161532 -0.030636
v 0.082608 0.197321 -0.026471
v -0.058588 0.156376 -0.044956
v 0.044923 0.159095 -0.058603
v 0.009639 0.156836 -0.073216
v 0.071389 0.194626 -0.034737
v 0.083112 0.112527 -0.010933
v 0.056695 0.011064 -0.007464
v -0.060767 0.187467 -0.046628
v 0.099186 0.201132 -0.019847
v -0.044956 0.156376 -0.058588
v -0.010933 0.110665 -0.083045
v 0.031615 0.084250 -0.076325
v 0.071247 0.055923 -0.029512
v 0.026153 0.030197 -0.063138
v 0.045367 0.011064 -0.034812
v -0.063103 0.030197 -0.026153
v 0.040224 0.069937 0.069670
v -0.030070 0.198872 -0.072596
v 0.047835 0.202373 -0.062340
v 0.020822 0.069902 0.077707
v -0.072596 0.198868 -0.030070
v 0.062409 0.204134 -0.048075
v -0.000000 0.069898 0.080448
v -0.020822 0.069898 0.077707
v -0.077956 0.198996 -0.010262
v -0.040224 0.069898 0.069670
v 0.010256 0.199525 -0.077905
v -0.056885 0.069898 0.056885
v -0.047835 0.198868 -0.062340
v -0.069670 0.069898 0.040224
v -0.076988 0.069898 0.020645
v 0.080827 0.099794 0.021657
v -0.010256 0.198980 -0.077905
v 0.072464 0.099477 0.041837
v 0.074446 0.205548 -0.036104
v 0.059167 0.098837 0.059167
v 0.041837 0.098293 0.072464
v 0.021657 0.098043 0.080823
v 0.120859 0.208035 -0.007554
v -0.000000 0.097993 0.083675
v 0.087054 0.206633 -0.029744
v 0.030070 0.200715 -0.072596
v 0.106337 0.207620 -0.021263
v -0.062340 0.198868 -0.047835
v -0.055982 0.011064 -0.007464
v -0.021657 0.097990 0.080823
v -0.041837 0.097990 0.072464
v -0.059167 0.097990 0.059167
v -0.072464 0.097990 0.041837
v -0.080823 0.097990 0.021657
v 0.080221 0.124968 0.021463
v 0.071818 0.124943 0.041464
v 0.058639 0.123911 0.058639
v 0.041464 0.122896 0.071818
v 0.021463 0.122242 0.080103
v -0.000000 0.122032 0.082929
v -0.021463 0.122007 0.080103
v -0.041464 0.122007 0.071818
v -0.058639 0.122007 0.058639
v -0.071818 0.122007 0.041464
v -0.080103 0.122007 0.021464
v 0.073978 0.158964 0.018674
v 0.111813 0.204069 0.014787
v 0.067971 0.200010 0.040847
v 0.055137 0.198308 0.055137
v 0.038988 0.196564 0.067529
v 0.020182 0.195118 0.075319
v -0.000000 0.194249 0.077976
v -0.020182 0.193975 0.075319
v -0.038988 0.193943 0.067529
v -0.055137 0.193943 0.055137
v -0.067529 0.193943 0.038988
v -0.075401 0.194168 0.020194
v 0.052879 0.183395 0.053004
v 0.037451 0.181757 0.064867
v -0.072350 0.179269 0.019386
v 0.019386 0.180402 0.072350
v -0.000000 0.179574 0.074902
v -0.019386 0.179302 0.072350
v -0.037451 0.179269 0.064867
v 0.088053 0.191824 0.017390
v -0.052964 0.179269 0.052964
v 0.064350 0.185227 0.039191
v -0.064867 0.179269 0.037451
v 0.093966 0.203319 0.025340
v -0.018704 0.161027 0.069804
v -0.036133 0.161002 0.062584
v -0.051100 0.161002 0.051100
v 0.059787 0.166210 0.038492
v -0.062584 0.161002 0.036133
v 0.050613 0.164690 0.051328
v -0.069804 0.161002 0.018704
v 0.036133 0.163149 0.062584
v 0.018704 0.161956 0.069804
v -0.000000 0.161244 0.072266
v 0.078860 0.201647 0.031579
v 0.072111 0.187671 0.029098
v 0.065382 0.168609 0.029075
v 0.077389 0.140469 -0.000000
v 0.050074 0.019690 0.038423
v 0.075368 0.155082 -0.000000
v 0.058312 0.019690 0.024154
v -0.008238 0.019690 0.062577
v -0.038423 0.019690 0.050074
v -0.058275 0.019690 0.024154
v 0.040436 0.011064 0.040436
v -0.028593 0.011064 0.049524
v 0.014801 0.011064 0.055236
v -0.049524 0.011064 0.028593
v 0.028593 0.011064 0.049524
v 0.067416 0.042418 0.027924
v -0.071679 0.150764 0.000000
v 0.044421 0.042382 0.057891
v 0.008238 0.019690 0.062577
v -0.024154 0.019690 0.058312
v 0.055237 0.011064 0.014801
v -0.000000 0.011064 0.057185
v 0.024154 0.019690 0.058312
v 0.049524 0.011064 0.028593
v -0.014801 0.011064 0.055237
v -0.040436 0.011064 0.040436
v 0.057891 0.042394 0.044421
v -0.050074 0.019690 0.038423
v -0.054988 0.011064 0.014801
v -0.027924 0.042381 0.067416
v -0.057891 0.042381 0.044421
v -0.065733 0.030197 0.017688
v 0.034170 0.030197 0.059185
v 0.059449 0.021148 -0.000000
v 0.069055 0.043353 -0.000000
v -0.068272 0.043362 0.000000
v 0.076428 0.070953 -0.000000
v -0.076297 0.070469 0.000000
v 0.079622 0.099657 -0.000000
v -0.079608 0.098109 0.000000
v -0.078879 0.121671 0.000000
v 0.079339 0.123011 -0.000000
v -0.075314 0.139343 0.000000
v 0.115341 0.206413 -0.000000
v -0.074591 0.196081 0.000000
v 0.093563 0.190909 -0.000000
v -0.070882 0.179789 0.000000
v -0.068212 0.160713 0.000000
v 0.000047 0.006045 -0.000000
v 0.057423 0.021148 -0.015387
v 0.051484 0.021148 -0.029724
v 0.042037 0.021148 -0.042037
v 0.029724 0.021148 -0.051484
v 0.015387 0.021148 -0.057423
v -0.000000 0.021148 -0.059449
v -0.015387 0.021148 -0.057423
v -0.029724 0.021148 -0.051484
v -0.042037 0.021148 -0.042037
v -0.051481 0.021148 -0.029730
v -0.057077 0.021143 -0.015552
v 0.066702 0.043349 -0.017874
v 0.059803 0.043329 -0.034530
v 0.048830 0.043311 -0.048832
v 0.034528 0.043307 -0.059805
v 0.017873 0.043307 -0.066704
v -0.000000 0.043307 -0.069057
v -0.017873 0.043307 -0.066704
v -0.034529 0.043307 -0.059805
v -0.048831 0.043307 -0.048831
v -0.059803 0.043308 -0.034533
v -0.066483 0.043327 -0.017981
v 0.073823 0.070920 -0.019784
v 0.066185 0.070764 -0.038220
v 0.054039 0.070577 -0.054048
v 0.038213 0.070472 -0.066192
v 0.019781 0.070439 -0.073826
v -0.000000 0.070435 -0.076431
v -0.019782 0.070435 -0.073826
v -0.038215 0.070435 -0.066191
v -0.054045 0.070435 -0.054045
v -0.066190 0.070435 -0.038216
v -0.073787 0.070447 -0.019805
v 0.076900 0.099909 -0.020600
v 0.068941 0.099590 -0.039807
v 0.056288 0.098952 -0.056294
v 0.039802 0.098410 -0.068944
v 0.020603 0.098161 -0.076895
v -0.000000 0.098111 -0.079608
v -0.020604 0.098108 -0.076895
v -0.039804 0.098108 -0.068942
v -0.056291 0.098108 -0.056291
v -0.068942 0.098108 -0.039804
v -0.076895 0.098108 -0.020605
v 0.076317 0.124689 -0.020367
v 0.068320 0.124625 -0.039422
v 0.055791 0.123590 -0.055759
v 0.039456 0.122570 -0.068301
v 0.020425 0.121911 -0.076189
v 0.000002 0.121697 -0.078879
v -0.020415 0.121671 -0.076192
v -0.039440 0.121671 -0.068312
v -0.055776 0.121671 -0.055776
v -0.068312 0.121671 -0.039440
v -0.076192 0.121671 -0.020416
v 0.073292 0.143038 -0.019121
v 0.065232 0.143324 -0.037574
v 0.053294 0.142149 -0.053205
v 0.037704 0.140854 -0.065190
v 0.019526 0.139878 -0.072735
v 0.000011 0.139426 -0.075313
v -0.019492 0.139346 -0.072748
v -0.037657 0.139343 -0.065224
v -0.053255 0.139343 -0.053255
v -0.065224 0.139343 -0.037657
v -0.072747 0.139343 -0.019493
v 0.070420 0.158918 -0.016700
v 0.061601 0.155160 -0.036029
v 0.050652 0.154058 -0.050670
v 0.035912 0.152665 -0.062025
v 0.018608 0.151542 -0.069215
v 0.000024 0.150927 -0.071676
v -0.018549 0.150776 -0.069237
v -0.035839 0.150764 -0.062076
v -0.050685 0.150764 -0.050685
v -0.062076 0.150764 -0.035840
v -0.069237 0.150764 -0.018552
v 0.109639 0.206243 -0.012594
v 0.065018 0.200630 -0.038149
v 0.052273 0.198798 -0.052307
v 0.036926 0.197053 -0.064070
v 0.019100 0.195609 -0.071440
v -0.000019 0.194741 -0.073950
v -0.019143 0.194466 -0.071429
v -0.036975 0.194433 -0.064042
v -0.052290 0.194433 -0.052290
v -0.064042 0.194433 -0.036975
v -0.071518 0.194639 -0.019117
v 0.049987 0.183924 -0.050213
v 0.035390 0.182265 -0.061412
v -0.068466 0.179786 -0.018344
v 0.018305 0.180913 -0.068476
v -0.000020 0.180088 -0.070880
v -0.018349 0.179817 -0.068464
v -0.035440 0.179784 -0.061384
v 0.085567 0.193376 -0.014771
v -0.050120 0.179784 -0.050120
v 0.061111 0.185932 -0.036878
v -0.061384 0.179784 -0.035440
v 0.092332 0.204944 -0.022174
v -0.017653 0.160737 -0.065888
v -0.034106 0.160713 -0.059073
v -0.048233 0.160713 -0.048233
v 0.056322 0.165985 -0.036375
v -0.059073 0.160713 -0.034106
v 0.047715 0.164402 -0.048492
v -0.065888 0.160713 -0.017655
v 0.034129 0.162866 -0.059059
v 0.017674 0.161671 -0.065882
v 0.000009 0.160955 -0.068212
v 0.076692 0.202710 -0.028383
v 0.069220 0.188661 -0.026495
v 0.062146 0.168813 -0.026622
v -0.058229 0.021136 0.000000
v -0.000000 0.030197 0.068341
v -0.034170 0.030197 0.059185
v -0.048324 0.030197 0.048324
v 0.074324 0.070331 0.030786
v 0.030786 0.069913 0.074324
v 0.048973 0.069980 0.063823
v 0.059185 0.030200 0.034170
v 0.063823 0.070137 0.048973
v -0.044421 0.042381 0.057891
v -0.067391 0.042381 0.027924
v -0.059185 0.030197 0.034170
v 0.048324 0.030197 0.048324
v 0.017688 0.030197 0.066012
v -0.017688 0.030197 0.066012
v 0.009525 0.042381 0.072346
v 0.066012 0.030203 0.017688
v -0.009525 0.042381 0.072346
v -0.048973 0.069898 0.063823
v -0.074319 0.069898 0.030786
v -0.019960 0.055780 0.074491
v 0.074491 0.055953 0.019960
v 0.066787 0.055882 0.038559
v 0.054531 0.055810 0.054531
v 0.038559 0.055785 0.066787
v -0.000000 0.055780 0.077119
v 0.066383 0.099165 0.050937
v 0.010922 0.098004 0.082958
v 0.032020 0.098132 0.077304
v -0.066787 0.055780 0.038559
v -0.074869 0.058419 0.020088
v -0.010500 0.069898 0.079759
v 0.019960 0.055780 0.074491
v -0.030786 0.069898 0.074324
v 0.077305 0.099722 0.032020
v -0.063823 0.069898 0.048973
v 0.050937 0.098536 0.066383
v -0.038559 0.055780 0.066787
v -0.054531 0.055780 0.054531
v -0.066383 0.097990 0.050937
v -0.079795 0.084195 0.021382
v 0.041307 0.084325 0.071546
v -0.000000 0.084196 0.082615
v -0.041307 0.084195 0.071546
v -0.058417 0.084195 0.058417
v 0.065791 0.124451 0.050483
v 0.010824 0.122095 0.082218
v 0.031735 0.122511 0.076615
v 0.076630 0.125259 0.031735
v 0.050483 0.123377 0.065791
v -0.077304 0.097990 0.032020
v -0.071546 0.084195 0.041307
v 0.058417 0.084622 0.058417
v 0.021382 0.084212 0.079800
v -0.021382 0.084195 0.079800
v 0.079800 0.085295 0.021382
v -0.032020 0.097990 0.077304
v 0.071546 0.085020 0.041307
v -0.050937 0.097990 0.066383
v -0.031735 0.122007 0.076615
v -0.065791 0.122007 0.050483
v -0.080909 0.110663 0.021679
v 0.041882 0.111233 0.072541
v -0.000000 0.110674 0.083763
v -0.041882 0.110663 0.072541
v 0.080932 0.113093 0.021679
v 0.072541 0.112887 0.041882
v -0.076615 0.122007 0.031735
v -0.072541 0.110663 0.041882
v 0.059229 0.112030 0.059229
v 0.021679 0.110789 0.080909
v -0.021679 0.110663 0.080909
v -0.010824 0.122010 0.082218
v -0.059229 0.110663 0.059229
v -0.050483 0.122007 0.065791
v -0.021038 0.131889 0.078514
v -0.057476 0.131889 0.057476
v -0.070393 0.131889 0.040642
v -0.078514 0.131889 0.021038
v 0.021038 0.132265 0.078514
v 0.070393 0.135425 0.040635
v 0.057476 0.134276 0.057476
v 0.040642 0.133096 0.070393
v -0.000000 0.131937 0.081283
v -0.040642 0.131889 0.070393
v 0.078835 0.135291 0.021010
v -0.074905 0.144308 0.021355
v 0.038980 0.145939 0.067516
v -0.000000 0.144413 0.077961
v -0.038980 0.144308 0.067516
v 0.075842 0.148140 0.019570
v 0.067452 0.148444 0.038887
v -0.055127 0.144308 0.055127
v -0.067516 0.144308 0.038980
v 0.055118 0.147270 0.055131
v 0.020178 0.144916 0.075304
v -0.020178 0.144313 0.075304
v 0.078533 0.189012 0.023952
v -0.052219 0.156376 0.052219
v -0.036925 0.156376 0.063955
v 0.009777 0.179913 0.074261
v 0.085703 0.202463 0.028746
v -0.019114 0.156394 0.071333
v 0.009433 0.161532 0.071647
v -0.066765 0.161002 0.027655
v -0.043992 0.161002 0.057332
v 0.068514 0.186392 0.033742
v -0.063955 0.156376 0.036925
v 0.051954 0.159865 0.052343
v -0.071333 0.156376 0.019114
v 0.036925 0.158392 0.063955
v 0.019114 0.157235 0.071333
v -0.000000 0.156574 0.073849
v 0.103864 0.204032 0.020793
v 0.047468 0.197424 0.061862
v 0.061917 0.199173 0.047700
v 0.010178 0.194602 0.077308
v -0.047468 0.193943 0.061862
v 0.075854 0.146947 -0.000000
v -0.074000 0.187505 0.019826
v 0.079555 0.175240 0.016627
v -0.063593 0.170218 0.036716
v -0.019825 0.187500 0.073986
v -0.054162 0.187467 0.054162
v 0.059157 0.184254 0.045909
v 0.029840 0.195783 0.072039
v -0.029840 0.193947 0.072039
v -0.072039 0.193943 0.029840
v 0.019005 0.171274 0.070929
v 0.038298 0.190047 0.066334
v -0.000000 0.187778 0.076596
v 0.102264 0.199778 0.015146
v -0.069200 0.179269 0.028664
v -0.066334 0.187467 0.038298
v -0.038298 0.187467 0.066334
v 0.066467 0.193539 0.040041
v 0.069701 0.164777 0.024523
v 0.019825 0.188635 0.073986
v -0.019005 0.170248 0.070929
v 0.054151 0.191743 0.054167
v -0.010178 0.194057 0.077308
v 0.073530 0.200823 0.035680
v -0.059423 0.179269 0.045597
v -0.045597 0.179269 0.059423
v -0.009777 0.179386 0.074261
v 0.045587 0.182559 0.059428
v 0.090684 0.199164 0.022657
v 0.062000 0.175861 0.038720
v 0.036716 0.172552 0.063593
v -0.009433 0.161090 0.071647
v 0.043931 0.163869 0.057360
v 0.062888 0.166530 0.032932
v -0.057332 0.161002 0.043992
v 0.055825 0.165578 0.044828
v 0.027655 0.162505 0.066765
v -0.000000 0.170497 0.073431
v -0.070929 0.170218 0.019005
v -0.051924 0.170218 0.051924
v -0.036716 0.170218 0.063593
v 0.028664 0.181027 0.069200
v -0.028664 0.179273 0.069200
v -0.027655 0.161005 0.066765
v 0.068556 0.177563 0.028385
v 0.075888 0.195803 0.030388
v 0.038423 0.019690 0.050074
v 0.027924 0.042381 0.067416
v 0.010500 0.069898 0.079759
v -0.010922 0.097990 0.082958
v 0.062423 0.161183 0.038041
v -0.061862 0.193943 0.047468
v -0.072681 0.188319 0.000000
v 0.105886 0.201217 -0.000000
v -0.077272 0.131320 0.000000
v -0.079696 0.110570 0.000000
v 0.079786 0.112103 -0.000000
v -0.078548 0.084527 0.000000
v 0.078564 0.085619 -0.000000
v -0.072731 0.056578 0.000000
v 0.073146 0.056702 -0.000000
v 0.064511 0.031344 -0.000000
v 0.053710 0.012812 -0.000000
v 0.047163 0.021148 -0.036190
v 0.054923 0.021148 -0.022750
v -0.007760 0.021148 -0.058940
v -0.036190 0.021148 -0.047163
v -0.054862 0.021147 -0.022805
v 0.037979 0.012812 -0.037979
v -0.026855 0.012812 -0.046514
v 0.013901 0.012812 -0.051880
v -0.046511 0.012811 -0.026860
v 0.026855 0.012812 -0.046514
v 0.063798 0.043340 -0.026428
v 0.042038 0.043308 -0.054786
v 0.007760 0.021148 -0.058940
v -0.022750 0.021148 -0.054923
v 0.051880 0.012812 -0.013901
v -0.000000 0.012812 -0.053710
v 0.022750 0.021148 -0.054923
v 0.046514 0.012812 -0.026855
v -0.013901 0.012812 -0.051880
v -0.037979 0.012812 -0.037979
v 0.054784 0.043319 -0.042040
v -0.047163 0.021148 -0.036190
v -0.051582 0.012792 -0.014042
v -0.026427 0.043307 -0.063800
v -0.054786 0.043307 -0.042039
v -0.062003 0.031352 -0.016847
v 0.032256 0.031340 -0.055869
v -0.000000 0.031340 -0.064512
v -0.032256 0.031340 -0.055869
v -0.045617 0.031340 -0.045617
v 0.070607 0.070855 -0.029252
v 0.029247 0.070450 -0.070612
v 0.046523 0.070513 -0.060638
v 0.055868 0.031342 -0.032256
v 0.060630 0.070665 -0.046532
v -0.042039 0.043307 -0.054786
v -0.063762 0.043312 -0.026463
v -0.055866 0.031340 -0.032261
v 0.045616 0.031340 -0.045617
v 0.016697 0.031340 -0.062314
v -0.016697 0.031340 -0.062314
v 0.009014 0.043307 -0.068466
v 0.062313 0.031344 -0.016697
v -0.009014 0.043307 -0.068466
v -0.046527 0.070435 -0.060636
v -0.070605 0.070438 -0.029256
v -0.018932 0.056525 -0.070657
v 0.070653 0.056688 -0.018934
v 0.063345 0.056620 -0.036578
v 0.051721 0.056552 -0.051726
v 0.036574 0.056530 -0.063349
v -0.000000 0.056525 -0.073149
v 0.063154 0.099278 -0.048465
v 0.010390 0.098122 -0.078926
v 0.030463 0.098250 -0.073548
v -0.063348 0.056526 -0.036577
v -0.070538 0.056544 -0.018992
v -0.009976 0.070435 -0.075776
v 0.018932 0.056526 -0.070657
v -0.029248 0.070435 -0.070612
v 0.073547 0.099834 -0.030465
v -0.060636 0.070435 -0.046527
v 0.048459 0.098651 -0.063158
v -0.036575 0.056525 -0.063349
v -0.051724 0.056525 -0.051724
v -0.063156 0.098108 -0.048462
v -0.075881 0.084520 -0.020339
v 0.039278 0.084643 -0.068040
v -0.000000 0.084516 -0.078564
v -0.039282 0.084516 -0.068038
v -0.055553 0.084516 -0.055553
v 0.062590 0.124132 -0.048000
v 0.010301 0.121762 -0.078203
v 0.030199 0.122182 -0.072868
v 0.072896 0.124949 -0.030161
v 0.048035 0.123053 -0.062564
v -0.073547 0.098108 -0.030464
v -0.068038 0.084516 -0.039282
v 0.055547 0.084935 -0.055557
v 0.020333 0.084532 -0.075887
v -0.020334 0.084516 -0.075887
v 0.075885 0.085602 -0.020335
v -0.030464 0.098108 -0.073547
v 0.068034 0.085329 -0.039287
v -0.048462 0.098108 -0.063156
v -0.030185 0.121671 -0.072874
v -0.062578 0.121671 -0.048018
v -0.076980 0.110570 -0.020627
v 0.039852 0.111143 -0.069016
v 0.000000 0.110581 -0.079696
v -0.039848 0.110570 -0.069018
v 0.077007 0.113018 -0.020611
v 0.069021 0.112799 -0.039843
v 0.069654 0.143591 -0.028609
v 0.028864 0.140307 -0.069557
v 0.045894 0.141484 -0.059706
v 0.059774 0.142789 -0.045797
v -0.072874 0.121671 -0.030185
v -0.069018 0.110570 -0.039848
v 0.056357 0.111940 -0.056349
v 0.020629 0.110696 -0.076979
v -0.020627 0.110570 -0.076980
v -0.010295 0.121675 -0.078204
v -0.056353 0.110570 -0.056353
v -0.048018 0.121671 -0.062578
v -0.009826 0.139360 -0.074669
v -0.045847 0.139343 -0.059750
v -0.069580 0.139343 -0.028821
v -0.019999 0.131321 -0.074639
v -0.054639 0.131320 -0.054639
v -0.066919 0.131320 -0.038636
v -0.074639 0.131320 -0.019999
v 0.020020 0.131706 -0.074631
v 0.043692 0.153349 -0.056809
v 0.056633 0.154715 -0.043733
v 0.066931 0.134880 -0.038598
v 0.054668 0.133732 -0.054605
v 0.009852 0.139590 -0.074663
v 0.038668 0.132545 -0.066897
v -0.028821 0.139343 -0.069580
v 0.000006 0.131371 -0.077271
v -0.059750 0.139343 -0.045847
v 0.065743 0.155690 -0.027186
v -0.038636 0.131320 -0.066919
v 0.074974 0.134800 -0.019867
v 0.009397 0.151166 -0.071055
v -0.027429 0.150766 -0.066222
v -0.056866 0.150764 -0.043635
v -0.070937 0.145640 -0.019007
v 0.036781 0.147372 -0.063556
v 0.000018 0.145762 -0.073437
v -0.036720 0.145640 -0.063600
v 0.071549 0.149752 -0.017988
v 0.063539 0.149851 -0.036606
v -0.051929 0.145640 -0.051929
v -0.043635 0.150764 -0.056866
v -0.066222 0.150764 -0.027430
v -0.063600 0.145640 -0.036720
v 0.051966 0.148728 -0.051877
v 0.019053 0.146306 -0.070919
v -0.019006 0.145647 -0.070937
v 0.027498 0.152050 -0.066186
v -0.009346 0.150814 -0.071065
v 0.076025 0.190135 -0.021047
v -0.049458 0.155424 -0.049458
v -0.034972 0.155425 -0.060574
v 0.009221 0.180425 -0.070277
v 0.084012 0.203814 -0.025424
v -0.018098 0.155443 -0.067562
v 0.008918 0.161245 -0.067625
v -0.063019 0.160713 -0.026103
v -0.041524 0.160713 -0.054115
v 0.065280 0.187258 -0.031503
v -0.060574 0.155424 -0.034972
v 0.049235 0.158904 -0.049545
v -0.067561 0.155424 -0.018103
v 0.035048 0.157464 -0.060521
v 0.018164 0.156301 -0.067539
v 0.000028 0.155630 -0.069942
v 0.102062 0.205891 -0.017924
v 0.044969 0.197910 -0.058704
v 0.058872 0.199693 -0.045074
v 0.009622 0.195093 -0.073320
v -0.045017 0.194433 -0.058667
v -0.070135 0.188102 -0.018776
v 0.076548 0.176083 -0.014080
v -0.060094 0.170619 -0.034695
v -0.018792 0.188083 -0.070113
v -0.051327 0.188050 -0.051327
v 0.056008 0.184844 -0.043431
v 0.028253 0.196272 -0.068339
v -0.028300 0.194437 -0.068319
v -0.068321 0.194432 -0.028294
v 0.017929 0.171671 -0.067034
v 0.036236 0.190624 -0.062896
v -0.000023 0.188360 -0.072588
v 0.100230 0.202037 -0.012949
v -0.065484 0.179784 -0.027124
v -0.062863 0.188050 -0.036294
v -0.036294 0.188050 -0.062863
v 0.063385 0.194289 -0.037541
v 0.066559 0.164719 -0.021938
v 0.018741 0.189215 -0.070127
v -0.017963 0.170648 -0.067025
v 0.051283 0.192328 -0.051367
v -0.009662 0.194548 -0.073315
v 0.070826 0.201641 -0.032802
v -0.056233 0.179784 -0.043149
v -0.043149 0.179784 -0.056233
v -0.009262 0.179900 -0.070272
v 0.043083 0.183068 -0.056279
v 0.088802 0.201032 -0.019850
v 0.058626 0.176470 -0.036567
v 0.034656 0.172946 -0.060116
v -0.008899 0.160800 -0.067628
v 0.041471 0.163584 -0.054137
v 0.059411 0.166333 -0.030831
v -0.054115 0.160713 -0.041524
v 0.052573 0.165308 -0.042404
v 0.026126 0.162221 -0.063009
v -0.000015 0.170897 -0.069390
v -0.067026 0.170619 -0.017960
v -0.049067 0.170619 -0.049067
v -0.034695 0.170619 -0.060094
v 0.027077 0.181536 -0.065503
v -0.027126 0.179788 -0.065484
v -0.026103 0.160716 -0.063019
v 0.065478 0.178277 -0.025866
v 0.073332 0.197010 -0.027575
v 0.036190 0.021148 -0.047163
v 0.026427 0.043307 -0.063800
v 0.009976 0.070436 -0.075776
v -0.010391 0.098108 -0.078926
v 0.059105 0.160129 -0.036056
v -0.058667 0.194433 -0.045017
v 0.048727 0.174566 -0.049273
v -0.067888 0.043350 -0.009136
v -0.075677 0.070461 -0.010003
v -0.078926 0.098109 -0.010391
v -0.078204 0.121671 -0.010296
v 0.076179 0.141457 -0.009496
v 0.074032 0.156202 -0.007718
v -0.074668 0.139343 -0.009830
v -0.071065 0.150764 -0.009356
v 0.091283 0.191273 -0.006735
v -0.073882 0.195899 -0.009677
v 0.058939 0.021148 -0.007760
v 0.068464 0.043352 -0.009014
v 0.075773 0.070948 -0.009976
v 0.078937 0.099771 -0.010385
v 0.113976 0.206392 -0.006537
v -0.070274 0.179788 -0.009250
v -0.067628 0.160713 -0.008903
v -0.019283 0.198381 -0.071958
v -0.037249 0.198349 -0.064516
v 0.052685 0.202749 -0.052669
v 0.037225 0.200985 -0.064530
v 0.051659 0.174139 0.052047
v -0.079240 0.069898 0.012088
v -0.064516 0.198349 -0.037249
v -0.071976 0.198335 -0.019256
v 0.065700 0.204456 -0.038349
v -0.082958 0.097990 0.010922
v -0.082218 0.122007 0.010824
v -0.074570 0.198355 0.000000
v 0.118341 0.208783 -0.000000
v 0.019262 0.199527 -0.071964
v -0.000009 0.198654 -0.074497
v 0.077899 0.155927 0.008943
v -0.052677 0.198349 -0.052677
v 0.094253 0.189487 0.008482
v -0.077622 0.194411 0.010210
v 0.062577 0.019690 0.008238
v 0.078202 0.205899 -0.028604
v 0.072346 0.042432 0.009525
v 0.079759 0.070426 0.010500
v 0.082968 0.099651 0.010922
v 0.112939 0.208395 -0.012124
v 0.093896 0.207177 -0.022723
v -0.058042 0.021138 -0.007947
v 0.116494 0.203952 0.007673
v -0.052676 0.012755 0.000000
v -0.063410 0.031373 0.000000
v -0.074261 0.179269 0.009777
v 0.078530 0.132559 -0.000000
v 0.083085 0.174066 -0.000000
v -0.069391 0.170619 0.000000
v -0.069944 0.155424 0.000000
v -0.073439 0.145640 0.000000
v 0.078539 0.123672 -0.010242
v -0.020338 0.198899 0.075901
v -0.039289 0.198868 0.068051
v 0.055563 0.203269 0.055563
v 0.039289 0.201504 0.068051
v -0.068051 0.198868 0.039289
v -0.075911 0.198893 0.020339
v 0.068608 0.204907 0.041211
v 0.020338 0.200044 0.075901
v -0.000000 0.199171 0.078578
v -0.055563 0.198868 0.055563
v 0.080158 0.206110 0.032167
v 0.115825 0.207922 0.014775
v 0.095600 0.207148 0.026377
v -0.062227 0.020620 0.006185
v 0.082558 0.123896 0.010824
v 0.057428 0.175011 0.045246
v 0.084593 0.173551 0.008656
v 0.007464 0.011064 0.056695
v -0.046946 0.055780 0.061181
v -0.007464 0.011064 0.056695
v -0.034812 0.011064 0.045367
v 0.041603 0.030197 0.054218
v -0.052800 0.011064 0.021883
v 0.021883 0.011064 0.052831
v -0.021883 0.011064 0.052831
v 0.052831 0.011064 0.021883
v 0.034812 0.011064 0.045367
v -0.045367 0.011064 0.034812
v -0.026153 0.030197 0.063138
v -0.041603 0.030197 0.054218
v 0.063138 0.030201 0.026153
v -0.054218 0.030197 0.041603
v 0.054218 0.030198 0.041603
v -0.076325 0.084195 0.031615
v 0.008920 0.030197 0.067755
v -0.029512 0.055780 0.071247
v -0.008920 0.030197 0.067755
v 0.010933 0.110704 0.083045
v 0.010066 0.055780 0.076458
v -0.010066 0.055780 0.076458
v -0.061181 0.055780 0.046946
v -0.077386 0.110663 0.032054
v 0.061181 0.055841 0.046946
v -0.081894 0.084195 0.010783
v -0.071234 0.055780 0.029512
v 0.050292 0.084452 0.065542
v 0.046946 0.055792 0.061181
v 0.029512 0.055782 0.071247
v -0.064486 0.131889 0.049482
v -0.031615 0.084195 0.076325
v 0.032054 0.110962 0.077386
v -0.050292 0.084195 0.065542
v 0.076325 0.085190 0.031615
v -0.065542 0.084195 0.050292
v 0.065542 0.084820 0.050292
v 0.054193 0.175514 -0.042852
v 0.050991 0.111601 0.066453
v 0.010783 0.084199 0.081907
v -0.083045 0.110663 0.010933
v -0.010783 0.084195 0.081907
v 0.077389 0.113179 0.032054
v 0.075134 0.135748 0.031085
v -0.066453 0.110663 0.050991
v 0.066453 0.112474 0.050991
v -0.072026 0.144308 0.029834
v -0.031105 0.131889 0.075095
v 0.081516 0.133835 0.010590
v -0.032054 0.110663 0.077386
v -0.049482 0.131889 0.064486
v -0.050991 0.110663 0.066453
v -0.067841 0.170218 0.028101
v 0.047458 0.146587 0.061850
v 0.064485 0.134882 0.049481
v 0.081135 0.174661 -0.006978
v -0.075095 0.131889 0.031105
v 0.029834 0.145370 0.072026
v 0.049482 0.133663 0.064486
v -0.010176 0.144333 0.077293
v -0.081033 0.126829 0.012677
v 0.007010 0.012812 -0.053250
v -0.044530 0.056525 -0.058032
v -0.007010 0.012812 -0.053250
v -0.032696 0.012812 -0.042611
v 0.039272 0.031340 -0.051180
v -0.049568 0.012808 -0.020601
v 0.020554 0.012812 -0.049621
v -0.020554 0.012812 -0.049621
v 0.049621 0.012812 -0.020554
v 0.032696 0.012812 -0.042611
v -0.042611 0.012812 -0.032696
v -0.024687 0.031340 -0.059600
v -0.039272 0.031340 -0.051180
v 0.059599 0.031343 -0.024688
v -0.051180 0.031340 -0.039272
v 0.051179 0.031341 -0.039272
v -0.072581 0.084517 -0.030066
v 0.008420 0.031340 -0.063959
v -0.027993 0.056525 -0.067580
v -0.008420 0.031340 -0.063959
v 0.010403 0.110611 -0.079013
v 0.009548 0.056525 -0.072522
v -0.009548 0.056525 -0.072522
v -0.058032 0.056525 -0.044530
v -0.073628 0.110570 -0.030498
v 0.058029 0.056582 -0.044532
v -0.077878 0.084525 -0.010261
v -0.067560 0.056530 -0.028012
v 0.047821 0.084767 -0.062331
v 0.044528 0.056536 -0.058033
v -0.072214 0.056567 -0.009615
v 0.027992 0.056527 -0.067580
v -0.061303 0.131320 -0.047039
v -0.030065 0.084516 -0.072582
v 0.030501 0.110870 -0.073627
v -0.047826 0.084516 -0.062328
v 0.072579 0.085497 -0.030069
v -0.062328 0.084516 -0.047826
v 0.062322 0.085131 -0.047831
v 0.048519 0.111511 -0.063222
v 0.010254 0.084519 -0.077891
v -0.079013 0.110570 -0.010402
v -0.010255 0.084516 -0.077891
v 0.073634 0.113093 -0.030490
v 0.071441 0.135209 -0.029504
v -0.063226 0.110570 -0.048515
v 0.063229 0.112385 -0.048510
v -0.067848 0.145640 -0.028104
v -0.029570 0.131320 -0.071389
v 0.077527 0.133432 -0.009947
v -0.030498 0.110570 -0.073628
v -0.047039 0.131320 -0.061303
v -0.048515 0.110570 -0.063226
v -0.064108 0.170619 -0.026554
v 0.044764 0.148037 -0.058208
v 0.061323 0.134339 -0.047004
v -0.072810 0.145640 -0.009586
v -0.071389 0.131320 -0.029570
v 0.028160 0.146783 -0.067818
v 0.047072 0.133117 -0.061273
v -0.009579 0.145671 -0.072810
v -0.076610 0.131320 -0.010086
v 0.009617 0.145967 -0.072802
v 0.029598 0.132065 -0.071374
v 0.010098 0.131484 -0.076607
v -0.010084 0.131329 -0.076610
v 0.067860 0.150123 -0.027588
v -0.068796 0.170619 -0.009057
v -0.058262 0.145640 -0.044706
v 0.058255 0.149372 -0.044667
v 0.044129 0.191459 -0.057631
v -0.042242 0.170619 -0.055051
v -0.028103 0.145641 -0.067848
v 0.026519 0.172258 -0.064122
v 0.074558 0.148004 -0.008788
v -0.055051 0.170619 -0.042242
v -0.044706 0.145640 -0.058262
v 0.042156 0.173712 -0.055106
v -0.009065 0.170723 -0.068795
v 0.063958 0.031344 -0.008420
v 0.062127 0.177384 -0.031178
v -0.009117 0.155495 -0.069345
v 0.026838 0.156832 -0.064582
v -0.064619 0.155424 -0.026766
v -0.026765 0.155427 -0.064620
v 0.054699 0.159629 -0.043014
v 0.009034 0.171213 -0.068799
v -0.072044 0.188272 -0.009469
v 0.009439 0.188709 -0.071970
v -0.027779 0.188054 -0.067061
v 0.057678 0.193231 -0.044309
v -0.026555 0.170623 -0.064107
v 0.071183 0.177140 -0.020097
v 0.077891 0.085626 -0.010253
v -0.067063 0.188051 -0.027776
v -0.044188 0.188050 -0.057587
v -0.009486 0.188167 -0.071964
v 0.027723 0.189864 -0.067084
v 0.072519 0.056700 -0.009548
v 0.010176 0.144600 0.077293
v 0.104066 0.201353 -0.006666
v 0.062777 0.160691 -0.028614
v 0.080502 0.198832 -0.023507
v -0.055490 0.155424 -0.042579
v 0.042612 0.158163 -0.055447
v 0.009175 0.155897 -0.069335
v 0.068426 0.195592 -0.032202
v -0.069345 0.155424 -0.009129
v 0.079080 0.112472 -0.010385
v 0.053250 0.012812 -0.007010
v -0.057587 0.188050 -0.044188
v 0.097446 0.203247 -0.017220
v -0.042579 0.155424 -0.055490
v -0.010402 0.110571 -0.079013
v 0.030062 0.084568 -0.072583
v 0.067576 0.056659 -0.027995
v 0.024687 0.031340 -0.059600
v 0.042611 0.012812 -0.032696
v -0.059546 0.031343 -0.024737
v 0.031105 0.132620 0.075095
v -0.028509 0.198353 -0.068825
v 0.045327 0.201853 -0.059119
v 0.010609 0.132047 0.080587
v -0.068826 0.198344 -0.028505
v 0.059363 0.203630 -0.045360
v -0.010609 0.131896 0.080587
v 0.072008 0.148670 0.029492
v -0.073923 0.198379 -0.009701
v -0.072802 0.170218 0.009585
v 0.009709 0.199008 -0.073861
v -0.045350 0.198349 -0.059102
v -0.009728 0.198462 -0.073858
v 0.071861 0.205210 -0.032953
v -0.061850 0.144308 0.047459
v 0.117259 0.208703 -0.006172
v 0.061820 0.147926 0.047457
v 0.085509 0.206547 -0.025997
v 0.028486 0.200197 -0.068835
v 0.104219 0.207806 -0.017881
v -0.059102 0.198349 -0.045350
v -0.063149 0.031365 -0.008591
v -0.052486 0.012767 -0.007171
v 0.046627 0.190882 0.060768
v -0.044701 0.170218 0.058256
v -0.029834 0.144309 0.072026
v 0.028101 0.171863 0.067841
v 0.078948 0.146315 0.009759
v -0.058256 0.170218 0.044701
v -0.047459 0.144308 0.061850
v 0.044668 0.173313 0.058272
v -0.009585 0.170323 0.072802
v 0.067755 0.030203 0.008920
v 0.065549 0.176664 0.033203
v -0.009639 0.156442 0.073216
v 0.028261 0.157763 0.068227
v -0.068227 0.156376 0.028261
v -0.028261 0.156379 0.068227
v 0.057767 0.160648 0.045389
v 0.009585 0.170814 0.072802
v -0.076009 0.187654 0.010005
v 0.122996 0.209728 -0.000000
v 0.122996 0.209728 -0.000000
v 0.122996 0.209728 -0.000000
v -0.079085 0.200688 0.000000
v -0.079085 0.200688 0.000000
v -0.079085 0.200688 0.000000
v -0.079085 0.200688 0.000000
v 0.115472 0.211382 -0.014072
v 0.116485 0.209596 -0.015121
v 0.116485 0.209596 -0.015121
v 0.068958 0.206708 -0.041565
v 0.068958 0.206708 -0.041565
v 0.055902 0.205083 -0.055929
v 0.055902 0.205083 -0.055929
v 0.039527 0.203316 -0.068491
v 0.039527 0.203316 -0.068491
v 0.038634 0.205034 -0.067169
v 0.019967 0.203575 -0.074870
v 0.020458 0.201856 -0.076387
v 0.020458 0.201856 -0.076387
v -0.000004 0.200983 -0.079079
v -0.000004 0.200983 -0.079079
v -0.000042 0.202703 -0.077486
v -0.020063 0.202432 -0.074843
v -0.020468 0.200713 -0.076384
v -0.020468 0.200713 -0.076384
v -0.038743 0.202401 -0.067104
v -0.039540 0.200682 -0.068485
v -0.039540 0.200682 -0.068485
v -0.055918 0.200683 -0.055918
v -0.055918 0.200683 -0.055918
v -0.054790 0.202401 -0.054790
v -0.067104 0.202401 -0.038743
v -0.068485 0.200683 -0.039540
v -0.068485 0.200683 -0.039540
v -0.076385 0.200685 -0.020468
v -0.076385 0.200685 -0.020468
v -0.074838 0.202397 -0.020051
v 0.095906 0.208835 -0.026887
v 0.095906 0.208835 -0.026887
v 0.080444 0.207823 -0.032611
v 0.080444 0.207823 -0.032611
v 0.079671 0.209555 -0.031217
v 0.009998 0.188128 0.075940
v -0.029312 0.187471 0.070765
v 0.060759 0.192602 0.046858
v -0.028101 0.170222 0.067841
v 0.073922 0.176476 0.022999
v 0.081908 0.085318 0.010783
v -0.070765 0.187467 0.029312
v -0.046628 0.187467 0.060767
v -0.009998 0.187585 0.075940
v 0.029312 0.189285 0.070765
v 0.076458 0.055966 0.010066
v 0.106467 0.198899 0.007994
v 0.066161 0.161532 0.030636
v 0.082608 0.197321 0.026471
v -0.058588 0.156376 0.044956
v 0.044923 0.159095 0.058603
v 0.086707 0.210073 -0.028818
v 0.087310 0.208334 -0.030257
v 0.087310 0.208334 -0.030257
v 0.105994 0.211048 -0.020391
v 0.106762 0.209285 -0.021708
v 0.106762 0.209285 -0.021708
v 0.047063 0.205903 -0.061555
v 0.048127 0.204186 -0.062745
v 0.048127 0.204186 -0.062745
v 0.061510 0.207665 -0.047417
v 0.062768 0.205949 -0.048416
v 0.062768 0.205949 -0.048416
v 0.010315 0.201337 -0.078402
v 0.010315 0.201337 -0.078402
v -0.047169 0.202401 -0.061472
v -0.048140 0.200682 -0.062737
v -0.048140 0.200682 -0.062737
v 0.029549 0.204244 -0.071630
v 0.030251 0.202526 -0.073063
v 0.030251 0.202526 -0.073063
v -0.029654 0.202404 -0.071585
v -0.030262 0.200686 -0.073059
v -0.030262 0.200686 -0.073059
v -0.071585 0.202400 -0.029651
v -0.073059 0.200683 -0.030262
v -0.073059 0.200683 -0.030262
v -0.010134 0.202512 -0.076819
v -0.010324 0.200792 -0.078401
v -0.010324 0.200792 -0.078401
v 0.073737 0.209034 -0.035284
v 0.074780 0.207310 -0.036497
v 0.074780 0.207310 -0.036497
v -0.061472 0.202401 -0.047170
v -0.062737 0.200683 -0.048140
v -0.062737 0.200683 -0.048140
v -0.076805 0.202395 -0.010110
v -0.078407 0.200687 -0.010323
v -0.078407 0.200687 -0.010323
v 0.120379 0.211526 -0.007189
v 0.121672 0.209715 -0.007736
v 0.121672 0.209715 -0.007736
v 0.009639 0.156836 0.073216
v 0.071389 0.194626 0.034737
v 0.083112 0.112527 0.010933
v 0.056695 0.011064 0.007464
v -0.060767 0.187467 0.046628
v 0.099186 0.201132 0.019847
v -0.044956 0.156376 0.058588
v -0.010933 0.110665 0.083045
v 0.031615 0.084250 0.076325
v 0.071247 0.055923 0.029512
v 0.026153 0.030197 0.063138
v 0.045367 0.011064 0.034812
v -0.063103 0.030197 0.026153
v -0.030070 0.198872 0.072596
v 0.047835 0.202373 0.062340
v -0.072596 0.198868 0.030070
v 0.062409 0.204134 0.048075
v -0.077956 0.198996 0.010262
v 0.010256 0.199525 0.077905
v -0.047835 0.198868 0.062340
v -0.010256 0.198980 0.077905
v 0.074446 0.205548 0.036104
v 0.120859 0.208035 0.007554
v 0.087054 0.206633 0.029744
v 0.121599 0.211555 -0.000000
v 0.121599 0.211555 -0.000000
v 0.118679 0.210543 -0.000000
v 0.118679 0.210543 -0.000000
v 0.118679 0.210543 -0.000000
v -0.074698 0.200939 0.000000
v -0.074698 0.200939 0.000000
v -0.074698 0.200939 0.000000
v -0.077464 0.202393 0.000000
v -0.077464 0.202393 0.000000
v 0.113368 0.210231 -0.012088
v 0.113368 0.210231 -0.012088
v 0.065876 0.207032 -0.038452
v 0.065876 0.207032 -0.038452
v 0.067766 0.208428 -0.040485
v 0.052801 0.205407 -0.052833
v 0.052801 0.205407 -0.052833
v 0.054701 0.206799 -0.054873
v 0.037295 0.203642 -0.064719
v 0.037295 0.203642 -0.064719
v 0.019290 0.202181 -0.072161
v 0.019290 0.202181 -0.072161
v -0.000020 0.201309 -0.074695
v -0.000020 0.201309 -0.074695
v -0.019336 0.201038 -0.072149
v -0.019336 0.201038 -0.072149
v -0.037348 0.201008 -0.064688
v -0.037348 0.201008 -0.064688
v -0.052818 0.201008 -0.052818
v -0.052818 0.201008 -0.052818
v -0.064688 0.201008 -0.037348
v -0.064688 0.201008 -0.037348
v -0.072151 0.200988 -0.019324
v -0.072151 0.200988 -0.019324
v 0.094128 0.209283 -0.022890
v 0.094128 0.209283 -0.022890
v 0.095251 0.210581 -0.025485
v 0.078473 0.208186 -0.028702
v 0.078473 0.208186 -0.028702
v 0.030070 0.200715 0.072596
v 0.106337 0.207620 0.021263
v -0.062340 0.198868 0.047835
v -0.055982 0.011064 0.007464
v 0.085743 0.208754 -0.026169
v 0.085743 0.208754 -0.026169
v 0.104545 0.209771 -0.017941
v 0.104545 0.209771 -0.017941
v 0.045420 0.204511 -0.059299
v 0.045420 0.204511 -0.059299
v 0.059504 0.206268 -0.045493
v 0.059504 0.206268 -0.045493
v 0.009718 0.201662 -0.074059
v 0.009718 0.201662 -0.074059
v 0.010048 0.203056 -0.076831
v -0.045471 0.201008 -0.059259
v -0.045471 0.201008 -0.059259
v 0.028535 0.202852 -0.069029
v 0.028535 0.202852 -0.069029
v -0.028585 0.201012 -0.069008
v -0.028585 0.201012 -0.069008
v -0.069009 0.201006 -0.028583
v -0.069009 0.201006 -0.028583
v -0.009759 0.201118 -0.074054
v -0.009759 0.201118 -0.074054
v 0.072082 0.207660 -0.033047
v 0.072082 0.207660 -0.033047
v -0.059259 0.201008 -0.045471
v -0.059259 0.201008 -0.045471
v -0.074059 0.200956 -0.009741
v -0.074059 0.200956 -0.009741
v 0.117655 0.210497 -0.006144
v 0.117655 0.210497 -0.006144
v 0.051143 0.003295 -0.000000
v 0.052459 0.005428 -0.000000
v -0.051775 0.005433 0.000000
v -0.051775 0.005433 0.000000
v -0.050641 0.003299 0.000000
v -0.050641 0.003299 0.000000
v 0.050672 0.005428 -0.013577
v 0.049400 0.003295 -0.013237
v 0.044291 0.003295 -0.025572
v 0.045431 0.005428 -0.026230
v 0.036164 0.003295 -0.036164
v 0.037094 0.005428 -0.037094
v 0.025572 0.003295 -0.044291
v 0.026230 0.005428 -0.045431
v 0.013237 0.003295 -0.049400
v 0.013577 0.005428 -0.050672
v -0.000000 0.003295 -0.051143
v -0.000000 0.005428 -0.052459
v -0.013237 0.003295 -0.049400
v -0.013577 0.005428 -0.050672
v -0.025572 0.003295 -0.044291
v -0.026230 0.005428 -0.045431
v -0.036164 0.003295 -0.036164
v -0.037094 0.005428 -0.037094
v -0.044291 0.003295 -0.025572
v -0.045431 0.005428 -0.026230
v -0.049275 0.003296 -0.013237
v -0.050501 0.005430 -0.013578
v 0.057423 0.021148 0.015387
v 0.051484 0.021148 0.029724
v 0.042037 0.021148 0.042037
v 0.029724 0.021148 0.051484
v 0.015387 0.021148 0.057423
v 0.000000 0.021148 0.059449
v -0.015387 0.021148 0.057423
v -0.029724 0.021148 0.051484
v -0.042037 0.021148 0.042037
v -0.051481 0.021148 0.029730
v -0.057077 0.021143 0.015552
v 0.066702 0.043349 0.017874
v 0.059803 0.043329 0.034530
v 0.048830 0.043311 0.048832
v 0.034528 0.043307 0.059805
v 0.017873 0.043307 0.066704
v 0.048465 0.005428 -0.020075
v 0.047250 0.003295 -0.019571
v 0.041618 0.005428 -0.031935
v 0.040574 0.003295 -0.031134
v 0.031935 0.005428 -0.041618
v 0.031134 0.003295 -0.040574
v 0.020075 0.005428 -0.048465
v 0.019571 0.003295 -0.047250
v 0.006847 0.005428 -0.052010
v 0.006675 0.003295 -0.050705
v -0.006847 0.005428 -0.052010
v -0.006675 0.003295 -0.050705
v -0.020075 0.005428 -0.048465
v -0.019571 0.003295 -0.047250
v -0.031935 0.005428 -0.041618
v -0.031134 0.003295 -0.040574
v -0.041618 0.005428 -0.031935
v -0.040574 0.003295 -0.031134
v -0.048444 0.005429 -0.020075
v -0.047234 0.003295 -0.019571
v -0.051518 0.005432 -0.006848
v -0.050344 0.003297 -0.006676
v 0.052010 0.005428 -0.006847
v 0.050705 0.003295 -0.006675
v 0.050845 0.000932 -0.000000
v -0.000000 0.043307 0.069057
v -0.017873 0.043307 0.066704
v -0.034529 0.043307 0.059805
v -0.048831 0.043307 0.048831
v -0.059803 0.043308 0.034533
v -0.066483 0.043327 0.017981
v 0.073823 0.070920 0.019784
v 0.066185 0.070764 0.038220
v 0.054039 0.070577 0.054048
v 0.038213 0.070472 0.066192
v 0.019781 0.070439 0.073826
v -0.000000 0.070435 0.076431
v -0.019782 0.070435 0.073826
v -0.038215 0.070435 0.066191
v -0.054045 0.070435 0.054045
v -0.066190 0.070435 0.038216
v -0.073787 0.070447 0.019805
v 0.076900 0.099909 0.020600
v 0.068941 0.099590 0.039807
v 0.056288 0.098952 0.056294
v -0.050722 0.000929 0.000000
v -0.050722 0.000929 0.000000
v 0.049113 0.000932 -0.013160
v 0.046974 0.000932 -0.019457
v 0.044033 0.000932 -0.025423
v 0.040338 0.000932 -0.030952
v 0.035953 0.000932 -0.035953
v 0.030952 0.000932 -0.040338
v 0.025423 0.000932 -0.044033
v 0.019457 0.000932 -0.046974
v 0.013160 0.000932 -0.049113
v 0.006637 0.000932 -0.050410
v -0.000000 0.000932 -0.050845
v -0.006637 0.000932 -0.050410
v -0.013160 0.000932 -0.049113
v -0.019457 0.000932 -0.046974
v -0.025423 0.000932 -0.044033
v -0.030952 0.000932 -0.040338
v -0.035953 0.000932 -0.035953
v -0.040338 0.000932 -0.030952
v -0.044033 0.000932 -0.025423
v -0.046970 0.000932 -0.019457
v -0.049082 0.000932 -0.013160
v 0.050410 0.000932 -0.006637
v -0.050321 0.000931 -0.006637
v -0.000000 0.001033 0.000000
v 0.039802 0.098410 0.068944
v 0.049522 0.000241 -0.000000
v 0.049522 0.000241 -0.000000
v 0.020603 0.098161 0.076895
v -0.000000 0.098111 0.079608
v -0.020604 0.098108 0.076895
v -0.039804 0.098108 0.068942
v -0.056291 0.098108 0.056291
v -0.068942 0.098108 0.039804
v -0.076895 0.098108 0.020605
v 0.076317 0.124689 0.020367
v 0.068320 0.124625 0.039422
v 0.055791 0.123590 0.055759
v 0.039456 0.122570 0.068301
v 0.020425 0.121911 0.076189
v 0.000002 0.121697 0.078879
v -0.020415 0.121671 0.076192
v -0.039440 0.121671 0.068312
v -0.055776 0.121671 0.055776
v -0.068312 0.121671 0.039440
v -0.076192 0.121671 0.020416
v 0.073292 0.143038 0.019121
v 0.065232 0.143324 0.037574
v 0.053294 0.142149 0.053205
v 0.037704 0.140854 0.065190
v -0.049522 0.000241 0.000000
v -0.049522 0.000241 0.000000
v -0.049522 0.000241 0.000000
v 0.047835 0.000241 -0.012817
v 0.047835 0.000241 -0.012817
v 0.045752 0.000241 -0.018951
v 0.045752 0.000241 -0.018951
v 0.042887 0.000241 -0.024761
v 0.042887 0.000241 -0.024761
v 0.039288 0.000241 -0.030147
v 0.039288 0.000241 -0.030147
v 0.035017 0.000241 -0.035017
v 0.035017 0.000241 -0.035017
v 0.030147 0.000241 -0.039288
v 0.030147 0.000241 -0.039288
v 0.024761 0.000241 -0.042887
v 0.024761 0.000241 -0.042887
v 0.018951 0.000241 -0.045752
v 0.018951 0.000241 -0.045752
v 0.012817 0.000241 -0.047835
v 0.012817 0.000241 -0.047835
v 0.006464 0.000241 -0.049098
v 0.006464 0.000241 -0.049098
v -0.000000 0.000241 -0.049522
v -0.000000 0.000241 -0.049522
v -0.006464 0.000241 -0.049098
v -0.006464 0.000241 -0.049098
v -0.012817 0.000241 -0.047835
v -0.012817 0.000241 -0.047835
v -0.018951 0.000241 -0.045752
v -0.018951 0.000241 -0.045752
v -0.024761 0.000241 -0.042887
v -0.024761 0.000241 -0.042887
v -0.030147 0.000241 -0.039288
v -0.030147 0.000241 -0.039288
v -0.035017 0.000241 -0.035017
v -0.035017 0.000241 -0.035017
v -0.039288 0.000241 -0.030147
v -0.039288 0.000241 -0.030147
v -0.042887 0.000241 -0.024761
v -0.042887 0.000241 -0.024761
v -0.045752 0.000241 -0.018951
v -0.045752 0.000241 -0.018951
v -0.047835 0.000241 -0.012817
v -0.047835 0.000241 -0.012817
v 0.049098 0.000241 -0.006464
v 0.049098 0.000241 -0.006464
v -0.049098 0.000241 -0.006464
v -0.049098 0.000241 -0.006464
v 0.019526 0.139878 0.072735
v 0.046037 0.001033 -0.000000
v 0.000011 0.139426 0.075313
v -0.019492 0.139346 0.072748
v -0.037657 0.139343 0.065224
v -0.053255 0.139343 0.053255
v -0.065224 0.139343 0.037657
v -0.072747 0.139343 0.019493
v 0.070420 0.158918 0.016700
v 0.061601 0.155160 0.036029
v 0.050652 0.154058 0.050670
v 0.035912 0.152665 0.062025
v 0.018608 0.151542 0.069215
v 0.000024 0.150927 0.071676
v -0.018549 0.150776 0.069237
v -0.035839 0.150764 0.062076
v -0.050685 0.150764 0.050685
v -0.062076 0.150764 0.035840
v -0.069237 0.150764 0.018552
v 0.109639 0.206243 0.012594
v -0.046037 0.001033 0.000000
v 0.044468 0.001033 -0.011915
v 0.042532 0.001033 -0.017617
v 0.039869 0.001033 -0.023019
v 0.036523 0.001033 -0.028025
v 0.032553 0.001033 -0.032553
v 0.028025 0.001033 -0.036523
v 0.023019 0.001033 -0.039869
v 0.017617 0.001033 -0.042532
v 0.011915 0.001033 -0.044468
v 0.006009 0.001033 -0.045643
v -0.000000 0.001033 -0.046037
v -0.006009 0.001033 -0.045643
v -0.011915 0.001033 -0.044468
v -0.017617 0.001033 -0.042532
v -0.023019 0.001033 -0.039869
v -0.028025 0.001033 -0.036523
v -0.032553 0.001033 -0.032553
v -0.036523 0.001033 -0.028025
v -0.039869 0.001033 -0.023019
v -0.042532 0.001033 -0.017617
v -0.044468 0.001033 -0.011915
v 0.045643 0.001033 -0.006009
v -0.045643 0.001033 -0.006009
v 0.065018 0.200630 0.038149
v 0.052273 0.198798 0.052307
v 0.036926 0.197053 0.064070
v 0.019100 0.195609 0.071440
v -0.000019 0.194741 0.073950
v -0.019143 0.194466 0.071429
v -0.036975 0.194433 0.064042
v -0.052290 0.194433 0.052290
v -0.064042 0.194433 0.036975
v -0.071518 0.194639 0.019117
v 0.049987 0.183924 0.050213
v 0.035390 0.182265 0.061412
v -0.068466 0.179786 0.018344
v 0.018305 0.180913 0.068476
v -0.000020 0.180088 0.070880
v -0.018349 0.179817 0.068464
v -0.035440 0.179784 0.061384
v 0.085567 0.193376 0.014771
v -0.050120 0.179784 0.050120
v 0.061111 0.185932 0.036878
v -0.061384 0.179784 0.035440
v -0.047541 0.005766 0.000000
v 0.092332 0.204944 0.022174
v -0.017653 0.160737 0.065888
v 0.048159 0.005820 -0.000000
v 0.041707 0.005820 -0.024079
v 0.044493 0.005820 -0.018429
v 0.046518 0.005820 -0.012464
v 0.034054 0.005820 -0.034054
v 0.038207 0.005820 -0.029317
v 0.024079 0.005820 -0.041707
v 0.029317 0.005820 -0.038207
v 0.012464 0.005820 -0.046518
v 0.018429 0.005820 -0.044493
v 0.000000 0.005820 -0.048159
v 0.006286 0.005820 -0.047746
v -0.012464 0.005820 -0.046518
v -0.006286 0.005820 -0.047747
v -0.024080 0.005820 -0.041707
v -0.018429 0.005820 -0.044493
v -0.034054 0.005820 -0.034054
v -0.029317 0.005820 -0.038207
v -0.041705 0.005819 -0.024082
v -0.038207 0.005820 -0.029317
v -0.046329 0.005796 -0.012543
v -0.044456 0.005813 -0.018454
v -0.047283 0.005775 -0.006378
v 0.047746 0.005820 -0.006286
v -0.034106 0.160713 0.059073
v -0.048233 0.160713 0.048233
v 0.056322 0.165985 0.036375
v -0.059073 0.160713 0.034106
v 0.047715 0.164402 0.048492
v -0.065888 0.160713 0.017655
v 0.034129 0.162866 0.059059
v 0.017674 0.161671 0.065882
v 0.000009 0.160955 0.068212
v 0.076692 0.202710 0.028383
v 0.069220 0.188661 0.026495
v 0.062146 0.168813 0.026622
v 0.047163 0.021148 0.036190
v 0.054923 0.021148 0.022750
v -0.007760 0.021148 0.058940
v -0.036190 0.021148 0.047163
v -0.054862 0.021147 0.022805
v 0.037979 0.012812 0.037979
v -0.026855 0.012812 0.046514
v 0.013901 0.012812 0.051880
v -0.046511 0.012811 0.026860
v 0.026855 0.012812 0.046514
v 0.063798 0.043340 0.026428
v 0.042038 0.043308 0.054786
v 0.007760 0.021148 0.058940
v -0.022750 0.021148 0.054923
v 0.051880 0.012812 0.013901
v -0.000000 0.012812 0.053710
v 0.022750 0.021148 0.054923
v 0.046514 0.012812 0.026855
v -0.013901 0.012812 0.051880
v -0.037979 0.012812 0.037979
v 0.054784 0.043319 0.042040
v -0.047163 0.021148 0.036190
v -0.051582 0.012792 0.014042
v -0.026427 0.043307 0.063800
v -0.054786 0.043307 0.042039
v -0.062003 0.031352 0.016847
v 0.032256 0.031340 0.055869
v 0.000000 0.031340 0.064512
v -0.032256 0.031340 0.055869
v -0.045617 0.031340 0.045617
v 0.070607 0.070855 0.029252
v 0.029247 0.070450 0.070612
v 0.046523 0.070513 0.060638
v 0.055868 0.031342 0.032256
v 0.060630 0.070665 0.046532
v -0.042039 0.043307 0.054786
v -0.063762 0.043312 0.026463
v -0.055866 0.031340 0.032261
v 0.045616 0.031340 0.045617
v 0.016697 0.031340 0.062314
v -0.016697 0.031340 0.062314
v 0.009014 0.043307 0.068466
v 0.062313 0.031344 0.016697
v -0.009014 0.043307 0.068466
v -0.046527 0.070435 0.060636
v -0.070605 0.070438 0.029256
v -0.018932 0.056525 0.070657
v 0.070653 0.056688 0.018934
v 0.063345 0.056620 0.036578
v 0.051721 0.056552 0.051726
v 0.036574 0.056530 0.063349
v -0.000000 0.056525 0.073149
v 0.063154 0.099278 0.048465
v 0.010390 0.098122 0.078926
v 0.030463 0.098250 0.073548
v -0.063348 0.056526 0.036577
v -0.070538 0.056544 0.018992
v -0.009976 0.070435 0.075776
v 0.018932 0.056526 0.070657
v -0.029248 0.070435 0.070612
v 0.073547 0.099834 0.030465
v -0.060636 0.070435 0.046527
v 0.048459 0.098651 0.063158
v -0.036575 0.056525 0.063349
v -0.051724 0.056525 0.051724
v -0.063156 0.098108 0.048462
v -0.075881 0.084520 0.020339
v 0.039278 0.084643 0.068040
v -0.000000 0.084516 0.078564
v -0.039282 0.084516 0.068038
v -0.055553 0.084516 0.055553
v 0.062590 0.124132 0.048000
v 0.010301 0.121762 0.078203
v 0.030199 0.122182 0.072868
v 0.072896 0.124949 0.030161
v 0.048035 0.123053 0.062564
v -0.073547 0.098108 0.030464
v -0.068038 0.084516 0.039282
v 0.055547 0.084935 0.055557
v 0.020333 0.084532 0.075887
v -0.020334 0.084516 0.075887
v 0.075885 0.085602 0.020335
v -0.030464 0.098108 0.073547
v 0.068034 0.085329 0.039287
v -0.048462 0.098108 0.063156
v -0.030185 0.121671 0.072874
v -0.062578 0.121671 0.048018
v -0.076980 0.110570 0.020627
v 0.039852 0.111143 0.069016
v 0.000000 0.110581 0.079696
v -0.039848 0.110570 0.069018
v 0.077007 0.113018 0.020611
v 0.069021 0.112799 0.039843
v 0.069654 0.143591 0.028609
v -0.078760 0.064944 0.000000
v -0.078760 0.064944 0.000000
v -0.078102 0.063811 -0.008175
v -0.075117 0.055741 -0.014319
v -0.071456 0.044707 -0.015155
v -0.067474 0.033558 -0.013667
v -0.065223 0.027400 -0.008580
v -0.064056 0.024289 0.000000
v -0.064056 0.024289 0.000000
v 0.028864 0.140307 0.069557
v 0.045894 0.141484 0.059706
v 0.059774 0.142789 0.045797
v -0.072874 0.121671 0.030185
v -0.069018 0.110570 0.039848
v 0.056357 0.111940 0.056349
v 0.020629 0.110696 0.076979
v -0.020627 0.110570 0.076980
v -0.010295 0.121675 0.078204
v -0.056353 0.110570 0.056353
v -0.048018 0.121671 0.062578
v -0.009826 0.139360 0.074669
v -0.045847 0.139343 0.059750
v -0.069580 0.139343 0.028821
v -0.019999 0.131321 0.074639
v -0.054639 0.131320 0.054639
v -0.066919 0.131320 0.038636
v -0.074639 0.131320 0.019999
v 0.020020 0.131706 0.074631
v 0.043692 0.153349 0.056809
v 0.056633 0.154715 0.043733
v 0.066931 0.134880 0.038598
v 0.054668 0.133732 0.054605
v 0.009852 0.139590 0.074663
v 0.038668 0.132545 0.066897
v -0.028821 0.139343 0.069580
v 0.000006 0.131371 0.077271
v -0.059750 0.139343 0.045847
v 0.065743 0.155690 0.027186
v -0.038636 0.131320 0.066919
v 0.074974 0.134800 0.019867
v 0.009397 0.151166 0.071055
v -0.027429 0.150766 0.066222
v -0.056866 0.150764 0.043635
v -0.070937 0.145640 0.019007
v 0.036781 0.147372 0.063556
v 0.000018 0.145762 0.073437
v -0.036720 0.145640 0.063600
v 0.071549 0.149752 0.017988
v 0.063539 0.149851 0.036606
v -0.051929 0.145640 0.051929
v -0.043635 0.150764 0.056866
v -0.066222 0.150764 0.027430
v -0.063600 0.145640 0.036720
v 0.051966 0.148728 0.051877
v 0.019053 0.146306 0.070919
v -0.019006 0.145647 0.070937
v 0.027498 0.152050 0.066186
v -0.009346 0.150814 0.071065
v 0.076025 0.190135 0.021047
v -0.049458 0.155424 0.049458
v -0.034972 0.155425 0.060574
v 0.009221 0.180425 0.070277
v 0.084012 0.203814 0.025424
v -0.018098 0.155443 0.067562
v 0.008918 0.161245 0.067625
v -0.063019 0.160713 0.026103
v -0.041524 0.160713 0.054115
v 0.065280 0.187258 0.031503
v -0.060574 0.155424 0.034972
v 0.049235 0.158904 0.049545
v -0.067561 0.155424 0.018103
v 0.035048 0.157464 0.060521
v 0.018164 0.156301 0.067539
v 0.000028 0.155630 0.069942
v 0.102062 0.205891 0.017924
v 0.044969 0.197910 0.058704
v 0.058872 0.199693 0.045074
v 0.009622 0.195093 0.073320
v -0.045017 0.194433 0.058667
v -0.070135 0.188102 0.018776
v 0.076548 0.176083 0.014080
v -0.060094 0.170619 0.034695
v -0.018792 0.188083 0.070113
v -0.051327 0.188050 0.051327
v 0.056008 0.184844 0.043431
v 0.028253 0.196272 0.068339
v -0.028300 0.194437 0.068319
v -0.068321 0.194432 0.028294
v 0.017929 0.171671 0.067034
v 0.036236 0.190624 0.062896
v -0.000023 0.188360 0.072588
v 0.100230 0.202037 0.012949
v -0.065484 0.179784 0.027124
v -0.062863 0.188050 0.036294
v -0.036294 0.188050 0.062863
v 0.063385 0.194289 0.037541
v 0.066559 0.164719 0.021938
v 0.018741 0.189215 0.070127
v -0.017963 0.170648 0.067025
v 0.051283 0.192328 0.051367
v -0.009662 0.194548 0.073315
v 0.070826 0.201641 0.032802
v -0.056233 0.179784 0.043149
v -0.043149 0.179784 0.056233
v -0.009262 0.179900 0.070272
v 0.043083 0.183068 0.056279
v 0.088802 0.201032 0.019850
v 0.058626 0.176470 0.036567
v 0.034656 0.172946 0.060116
v -0.008899 0.160800 0.067628
v 0.041471 0.163584 0.054137
v 0.059411 0.166333 0.030831
v -0.054115 0.160713 0.041524
v 0.052573 0.165308 0.042404
v 0.026126 0.162221 0.063009
v -0.000015 0.170897 0.069390
v -0.067026 0.170619 0.017960
v -0.049067 0.170619 0.049067
v -0.034695 0.170619 0.060094
v 0.027077 0.181536 0.065503
v -0.027126 0.179788 0.065484
v -0.026103 0.160716 0.063019
v 0.065478 0.178277 0.025866
v 0.073332 0.197010 0.027575
v 0.036190 0.021148 0.047163
v 0.026427 0.043307 0.063800
v 0.009976 0.070436 0.075776
v -0.010391 0.098108 0.078926
v 0.059105 0.160129 0.036056
v -0.058667 0.194433 0.045017
v 0.048727 0.174566 0.049273
v -0.067888 0.043350 0.009136
v -0.067888 0.043350 0.009136
v -0.075677 0.070461 0.010003
v -0.075677 0.070461 0.010003
v -0.078926 0.098109 0.010391
v -0.078926 0.098109 0.010391
v -0.078204 0.121671 0.010296
v -0.078204 0.121671 0.010296
v 0.076179 0.141457 0.009496
v 0.074032 0.156202 0.007718
v -0.074668 0.139343 0.009830
v -0.074668 0.139343 0.009830
v -0.071065 0.150764 0.009356
v -0.071065 0.150764 0.009356
v 0.091283 0.191273 0.006735
v -0.073882 0.195899 0.009677
v -0.073882 0.195899 0.009677
v 0.058939 0.021148 0.007760
v 0.068464 0.043352 0.009014
v 0.075773 0.070948 0.009976
v 0.078937 0.099771 0.010385
v 0.113976 0.206392 0.006537
v -0.070274 0.179788 0.009250
v -0.070274 0.179788 0.009250
v -0.067628 0.160713 0.008903
v -0.067628 0.160713 0.008903
v -0.019283 0.198381 0.071958
v -0.037249 0.198349 0.064516
v 0.052685 0.202749 0.052669
v 0.037225 0.200985 0.064530
v -0.064516 0.198349 0.037249
v -0.071976 0.198335 0.019256
v 0.065700 0.204456 0.038349
v 0.019262 0.199527 0.071964
v -0.000009 0.198654 0.074497
v -0.052677 0.198349 0.052677
v 0.078202 0.205899 0.028604
v 0.112939 0.208395 0.012124
v 0.093896 0.207177 0.022723
v -0.058042 0.021138 0.007947
v -0.058042 0.021138 0.007947
v 0.078539 0.123672 0.010242
v 0.054193 0.175514 0.042852
v 0.081135 0.174661 0.006978
v 0.007010 0.012812 0.053250
v -0.044530 0.056525 0.058032
v -0.007010 0.012812 0.053250
v -0.032696 0.012812 0.042611
v 0.039272 0.031340 0.051180
v -0.049568 0.012808 0.020601
v 0.020554 0.012812 0.049621
v -0.020554 0.012812 0.049621
v 0.049621 0.012812 0.020554
v 0.032696 0.012812 0.042611
v -0.042611 0.012812 0.032696
v -0.024687 0.031340 0.059600
v -0.039272 0.031340 0.051180
v 0.059599 0.031343 0.024688
v -0.051180 0.031340 0.039272
v 0.051179 0.031341 0.039272
v -0.072581 0.084517 0.030066
v 0.008420 0.031340 0.063959
v -0.027993 0.056525 0.067580
v -0.008420 0.031340 0.063959
v 0.010403 0.110611 0.079013
v 0.009548 0.056525 0.072522
v -0.009548 0.056525 0.072522
v -0.058032 0.056525 0.044530
v -0.073628 0.110570 0.030498
v 0.058029 0.056582 0.044532
v -0.077878 0.084525 0.010261
v -0.077878 0.084525 0.010261
v -0.067560 0.056530 0.028012
v 0.047821 0.084767 0.062331
v 0.044528 0.056536 0.058033
v -0.072214 0.056567 0.009615
v -0.072214 0.056567 0.009615
v 0.027992 0.056527 0.067580
v -0.061303 0.131320 0.047039
v -0.030065 0.084516 0.072582
v 0.030501 0.110870 0.073627
v -0.047826 0.084516 0.062328
v 0.072579 0.085497 0.030069
v -0.062328 0.084516 0.047826
v 0.062322 0.085131 0.047831
v 0.048519 0.111511 0.063222
v 0.010254 0.084519 0.077891
v -0.079013 0.110570 0.010402
v -0.079013 0.110570 0.010402
v -0.010255 0.084516 0.077891
v 0.073634 0.113093 0.030490
v 0.071441 0.135209 0.029504
v -0.063226 0.110570 0.048515
v 0.063229 0.112385 0.048510
v -0.067848 0.145640 0.028104
v -0.029570 0.131320 0.071389
v 0.077527 0.133432 0.009947
v -0.030498 0.110570 0.073628
v -0.047039 0.131320 0.061303
v -0.048515 0.110570 0.063226
v -0.064108 0.170619 0.026554
v 0.044764 0.148037 0.058208
v 0.061323 0.134339 0.047004
v -0.072810 0.145640 0.009586
v -0.072810 0.145640 0.009586
v -0.071389 0.131320 0.029570
v 0.028160 0.146783 0.067818
v 0.047072 0.133117 0.061273
v -0.009579 0.145671 0.072810
v -0.076610 0.131320 0.010086
v -0.076610 0.131320 0.010086
v 0.009617 0.145967 0.072802
v 0.029598 0.132065 0.071374
v 0.010098 0.131484 0.076607
v -0.010084 0.131329 0.076610
v 0.067860 0.150123 0.027588
v -0.068796 0.170619 0.009057
v -0.068796 0.170619 0.009057
v -0.058262 0.145640 0.044706
v 0.058255 0.149372 0.044667
v 0.044129 0.191459 0.057631
v -0.042242 0.170619 0.055051
v -0.028103 0.145641 0.067848
v 0.026519 0.172258 0.064122
v 0.074558 0.148004 0.008788
v -0.055051 0.170619 0.042242
v -0.044706 0.145640 0.058262
v 0.042156 0.173712 0.055106
v -0.009065 0.170723 0.068795
v 0.063958 0.031344 0.008420
v 0.062127 0.177384 0.031178
v -0.009117 0.155495 0.069345
v 0.026838 0.156832 0.064582
v -0.064619 0.155424 0.026766
v -0.026765 0.155427 0.064620
v 0.054699 0.159629 0.043014
v 0.009034 0.171213 0.068799
v -0.072044 0.188272 0.009469
v -0.072044 0.188272 0.009469
v 0.009439 0.188709 0.071970
v -0.027779 0.188054 0.067061
v 0.057678 0.193231 0.044309
v -0.026555 0.170623 0.064107
v 0.071183 0.177140 0.020097
v 0.077891 0.085626 0.010253
v -0.067063 0.188051 0.027776
v -0.044188 0.188050 0.057587
v -0.009486 0.188167 0.071964
v 0.027723 0.189864 0.067084
v 0.072519 0.056700 0.009548
v 0.104066 0.201353 0.006666
v 0.062777 0.160691 0.028614
v 0.080502 0.198832 0.023507
v -0.055490 0.155424 0.042579
v 0.042612 0.158163 0.055447
v 0.009175 0.155897 0.069335
v 0.068426 0.195592 0.032202
v -0.069345 0.155424 0.009129
v -0.069345 0.155424 0.009129
v 0.079080 0.112472 0.010385
v 0.053250 0.012812 0.007010
v -0.057587 0.188050 0.044188
v 0.097446 0.203247 0.017220
v -0.042579 0.155424 0.055490
v -0.010402 0.110571 0.079013
v 0.030062 0.084568 0.072583
v 0.067576 0.056659 0.027995
v 0.024687 0.031340 0.059600
v 0.042611 0.012812 0.032696
v -0.059546 0.031343 0.024737
v -0.028509 0.198353 0.068825
v 0.045327 0.201853 0.059119
v -0.068826 0.198344 0.028505
v 0.059363 0.203630 0.045360
v -0.073923 0.198379 0.009701
v -0.073923 0.198379 0.009701
v 0.009709 0.199008 0.073861
v -0.045350 0.198349 0.059102
v -0.009728 0.198462 0.073858
v 0.071861 0.205210 0.032953
v 0.117259 0.208703 0.006172
v 0.085509 0.206547 0.025997
v 0.028486 0.200197 0.068835
v 0.104219 0.207806 0.017881
v -0.059102 0.198349 0.045350
v -0.063149 0.031365 0.008591
v -0.063149 0.031365 0.008591
v -0.052486 0.012767 0.007171
v -0.052486 0.012767 0.007171
v 0.115472 0.211382 0.014072
v 0.116485 0.209596 0.015121
v 0.116485 0.209596 0.015121
v 0.068958 0.206708 0.041565
v 0.068958 0.206708 0.041565
v 0.055902 0.205083 0.055929
v 0.055902 0.205083 0.055929
v 0.039527 0.203316 0.068491
v 0.039527 0.203316 0.068491
v 0.038634 0.205034 0.067169
v 0.019967 0.203575 0.074870
v 0.020458 0.201856 0.076387
v 0.020458 0.201856 0.076387
v -0.000004 0.200983 0.079079
v -0.000004 0.200983 0.079079
v -0.000042 0.202703 0.077486
v -0.020063 0.202432 0.074843
v -0.020468 0.200713 0.076384
v -0.020468 0.200713 0.076384
v -0.038743 0.202401 0.067104
v -0.039540 0.200682 0.068485
v -0.039540 0.200682 0.068485
v -0.055918 0.200683 0.055918
v -0.055918 0.200683 0.055918
v -0.054790 0.202401 0.054790
v -0.067104 0.202401 0.038743
v -0.068485 0.200683 0.039540
v -0.068485 0.200683 0.039540
v -0.076385 0.200685 0.020468
v -0.076385 0.200685 0.020468
v -0.074838 0.202397 0.020051
v 0.095906 0.208835 0.026887
v 0.095906 0.208835 0.026887
v 0.080444 0.207823 0.032611
v 0.080444 0.207823 0.032611
v 0.079671 0.209555 0.031217
v 0.086707 0.210073 0.028818
v 0.087310 0.208334 0.030257
v 0.087310 0.208334 0.030257
v 0.105994 0.211048 0.020391
v 0.106762 0.209285 0.021708
v 0.106762 0.209285 0.021708
v 0.047063 0.205903 0.061555
v 0.048127 0.204186 0.062745
v 0.048127 0.204186 0.062745
v 0.061510 0.207665 0.047417
v 0.062768 0.205949 0.048416
v 0.062768 0.205949 0.048416
v 0.010315 0.201337 0.078402
v 0.010315 0.201337 0.078402
v -0.047169 0.202401 0.061472
v -0.048140 0.200682 0.062737
v -0.048140 0.200682 0.062737
v 0.029549 0.204244 0.071630
v 0.030251 0.202526 0.073063
v 0.030251 0.202526 0.073063
v -0.029654 0.202404 0.071585
v -0.030262 0.200686 0.073059
v -0.030262 0.200686 0.073059
v -0.071585 0.202400 0.029651
v -0.073059 0.200683 0.030262
v -0.073059 0.200683 0.030262
v -0.010134 0.202512 0.076819
v -0.010324 0.200792 0.078401
v -0.010324 0.200792 0.078401
v 0.073737 0.209034 0.035284
v 0.074780 0.207310 0.036497
v 0.074780 0.207310 0.036497
v -0.061472 0.202401 0.047170
v -0.062737 0.200683 0.048140
v -0.062737 0.200683 0.048140
v -0.076805 0.202395 0.010110
v -0.078407 0.200687 0.010323
v -0.078407 0.200687 0.010323
v 0.120379 0.211526 0.007189
v 0.121672 0.209715 0.007736
v 0.121672 0.209715 0.007736
v 0.113368 0.210231 0.012088
v 0.113368 0.210231 0.012088
v 0.065876 0.207032 0.038452
v 0.065876 0.207032 0.038452
v 0.067766 0.208428 0.040485
v 0.052801 0.205407 0.052833
v 0.052801 0.205407 0.052833
v 0.054701 0.206799 0.054873
v 0.037295 0.203642 0.064719
v 0.037295 0.203642 0.064719
v 0.019290 0.202181 0.072161
v 0.019290 0.202181 0.072161
v -0.000020 0.201309 0.074695
v -0.000020 0.201309 0.074695
v -0.072936 0.166298 0.000000
v -0.072936 0.166298 0.000000
v -0.071941 0.165383 -0.009783
v -0.071282 0.157989 -0.016713
v -0.075157 0.145884 -0.018567
v -0.078625 0.134959 -0.016759
v -0.080774 0.130629 -0.009859
v -0.081626 0.129759 0.000000
v -0.081626 0.129759 0.000000
v -0.019336 0.201038 0.072149
v -0.019336 0.201038 0.072149
v -0.037348 0.201008 0.064688
v -0.037348 0.201008 0.064688
v -0.052818 0.201008 0.052818
v -0.052818 0.201008 0.052818
v -0.064688 0.201008 0.037348
v -0.064688 0.201008 0.037348
v -0.082475 0.124704 0.000000
v -0.082475 0.124704 0.000000
v -0.072151 0.200988 0.019324
v -0.072151 0.200988 0.019324
v 0.094128 0.209283 0.022890
v 0.094128 0.209283 0.022890
v 0.095251 0.210581 0.025485
v 0.078473 0.208186 0.028702
v 0.078473 0.208186 0.028702
v 0.085743 0.208754 0.026169
v 0.085743 0.208754 0.026169
v 0.104545 0.209771 0.017941
v 0.104545 0.209771 0.017941
v 0.045420 0.204511 0.059299
v 0.045420 0.204511 0.059299
v 0.059504 0.206268 0.045493
v 0.059504 0.206268 0.045493
v 0.009718 0.201662 0.074059
v 0.009718 0.201662 0.074059
v 0.010048 0.203056 0.076831
v -0.045471 0.201008 0.059259
v -0.045471 0.201008 0.059259
v 0.028535 0.202852 0.069029
v 0.028535 0.202852 0.069029
v -0.028585 0.201012 0.069008
v -0.028585 0.201012 0.069008
v -0.069009 0.201006 0.028583
v -0.069009 0.201006 0.028583
v -0.009759 0.201118 0.074054
v -0.009759 0.201118 0.074054
v 0.072082 0.207660 0.033047
v 0.072082 0.207660 0.033047
v -0.059259 0.201008 0.045471
v -0.059259 0.201008 0.045471
v -0.074059 0.200956 0.009741
v -0.074059 0.200956 0.009741
v -0.074059 0.200956 0.009741
v 0.117655 0.210497 0.006144
v 0.117655 0.210497 0.006144
v 0.050672 0.005428 0.013577
v 0.049400 0.003295 0.013237
v 0.044291 0.003295 0.025572
v 0.045431 0.005428 0.026230
v 0.036164 0.003295 0.036164
v 0.037094 0.005428 0.037094
v 0.025572 0.003295 0.044291
v 0.026230 0.005428 0.045431
v 0.013237 0.003295 0.049400
v 0.013577 0.005428 0.050672
v -0.000000 0.003295 0.051143
v -0.000000 0.005428 0.052459
v -0.013237 0.003295 0.049400
v -0.013577 0.005428 0.050672
v -0.025572 0.003295 0.044291
v -0.026230 0.005428 0.045431
v -0.036164 0.003295 0.036164
v -0.037094 0.005428 0.037094
v -0.044291 0.003295 0.025572
v -0.045431 0.005428 0.026230
v -0.049275 0.003296 0.013237
v -0.050501 0.005430 0.013578
v 0.048465 0.005428 0.020075
v 0.047250 0.003295 0.019571
v 0.041618 0.005428 0.031935
v 0.040574 0.003295 0.031134
v 0.031935 0.005428 0.041618
v 0.031134 0.003295 0.040574
v 0.020075 0.005428 0.048465
v 0.019571 0.003295 0.047250
v 0.006847 0.005428 0.052010
v 0.006675 0.003295 0.050705
v -0.006847 0.005428 0.052010
v -0.006675 0.003295 0.050705
v -0.020075 0.005428 0.048465
v -0.019571 0.003295 0.047250
v -0.031935 0.005428 0.041618
v -0.031134 0.003295 0.040574
v -0.041618 0.005428 0.031935
v -0.040574 0.003295 0.031134
v -0.048444 0.005429 0.020075
v -0.047234 0.003295 0.019571
v -0.051518 0.005432 0.006848
v -0.050344 0.003297 0.006676
v 0.052010 0.005428 0.006847
v 0.050705 0.003295 0.006675
v 0.049113 0.000932 0.013160
v 0.046974 0.000932 0.019457
v 0.044033 0.000932 0.025423
v 0.040338 0.000932 0.030952
v 0.035953 0.000932 0.035953
v 0.030952 0.000932 0.040338
v 0.025423 0.000932 0.044033
v 0.019457 0.000932 0.046974
v 0.013160 0.000932 0.049113
v 0.006637 0.000932 0.050410
v -0.000000 0.000932 0.050845
v -0.006637 0.000932 0.050410
v -0.013160 0.000932 0.049113
v -0.019457 0.000932 0.046974
v -0.025423 0.000932 0.044033
v -0.030952 0.000932 0.040338
v -0.035953 0.000932 0.035953
v -0.040338 0.000932 0.030952
v -0.044033 0.000932 0.025423
v -0.046970 0.000932 0.019457
v -0.049082 0.000932 0.013160
v 0.050410 0.000932 0.006637
v -0.050321 0.000931 0.006637
v 0.047835 0.000241 0.012817
v 0.047835 0.000241 0.012817
v 0.045752 0.000241 0.018951
v 0.045752 0.000241 0.018951
v 0.042887 0.000241 0.024761
v 0.042887 0.000241 0.024761
v 0.039288 0.000241 0.030147
v 0.039288 0.000241 0.030147
v 0.035017 0.000241 0.035017
v 0.035017 0.000241 0.035017
v 0.030147 0.000241 0.039288
v 0.030147 0.000241 0.039288
v 0.024761 0.000241 0.042887
v 0.024761 0.000241 0.042887
v 0.018951 0.000241 0.045752
v 0.018951 0.000241 0.045752
v 0.012817 0.000241 0.047835
v 0.012817 0.000241 0.047835
v 0.006464 0.000241 0.049098
v 0.006464 0.000241 0.049098
v -0.000000 0.000241 0.049522
v -0.000000 0.000241 0.049522
v -0.006464 0.000241 0.049098
v -0.006464 0.000241 0.049098
v -0.012817 0.000241 0.047835
v -0.012817 0.000241 0.047835
v -0.018951 0.000241 0.045752
v -0.018951 0.000241 0.045752
v -0.024761 0.000241 0.042887
v -0.024761 0.000241 0.042887
v -0.030147 0.000241 0.039288
v -0.030147 0.000241 0.039288
v -0.035017 0.000241 0.035017
v -0.035017 0.000241 0.035017
v -0.039288 0.000241 0.030147
v -0.039288 0.000241 0.030147
v -0.042887 0.000241 0.024761
v -0.042887 0.000241 0.024761
v -0.045752 0.000241 0.018951
v -0.045752 0.000241 0.018951
v -0.047835 0.000241 0.012817
v -0.047835 0.000241 0.012817
v 0.049098 0.000241 0.006464
v 0.049098 0.000241 0.006464
v -0.049098 0.000241 0.006464
v -0.049098 0.000241 0.006464
v 0.044468 0.001033 0.011915
v 0.042532 0.001033 0.017617
v 0.039869 0.001033 0.023019
v 0.036523 0.001033 0.028025
v 0.032553 0.001033 0.032553
v 0.028025 0.001033 0.036523
v 0.023019 0.001033 0.039869
v 0.017617 0.001033 0.042532
v 0.011915 0.001033 0.044468
v 0.006009 0.001033 0.045643
v -0.000000 0.001033 0.046037
v -0.006009 0.001033 0.045643
v -0.011915 0.001033 0.044468
v -0.017617 0.001033 0.042532
v -0.023019 0.001033 0.039869
v -0.028025 0.001033 0.036523
v -0.032553 0.001033 0.032553
v -0.036523 0.001033 0.028025
v -0.039869 0.001033 0.023019
v -0.042532 0.001033 0.017617
v -0.044468 0.001033 0.011915
v 0.045643 0.001033 0.006009
v -0.045643 0.001033 0.006009
v 0.041707 0.005820 0.024079
v 0.044493 0.005820 0.018429
v 0.046518 0.005820 0.012464
v 0.034054 0.005820 0.034054
v 0.038207 0.005820 0.029317
v 0.024079 0.005820 0.041707
v 0.029317 0.005820 0.038207
v 0.012464 0.005820 0.046518
v 0.018429 0.005820 0.044493
v 0.000000 0.005820 0.048159
v 0.006286 0.005820 0.047746
v -0.012464 0.005820 0.046518
v -0.006286 0.005820 0.047747
v -0.024080 0.005820 0.041707
v -0.018429 0.005820 0.044493
v -0.034054 0.005820 0.034054
v -0.029317 0.005820 0.038207
v -0.041705 0.005819 0.024082
v -0.038207 0.005820 0.029317
v -0.046329 0.005796 0.012543
v -0.044456 0.005813 0.018454
v -0.047283 0.005775 0.006378
v -0.047283 0.005775 0.006378
v 0.047746 0.005820 0.006286
v -0.078102 0.063811 0.008175
v -0.075117 0.055741 0.014319
v -0.071456 0.044707 0.015155
v -0.067474 0.033558 0.013667
v -0.065223 0.027400 0.008580
v -0.071941 0.165383 0.009783
v -0.071282 0.157989 0.016713
v -0.075157 0.145884 0.018567
v -0.078625 0.134959 0.016759
v -0.080774 0.130629 0.009859
v 0.039740 0.006048 -0.022944
v 0.039740 0.006048 -0.022944
v 0.042395 0.006048 -0.017560
v 0.042395 0.006048 -0.017560
v 0.044325 0.006048 -0.011877
v 0.044325 0.006048 -0.011877
v 0.032448 0.006048 -0.032448
v 0.032448 0.006048 -0.032448
v 0.036405 0.006048 -0.027935
v 0.036405 0.006048 -0.027935
v 0.022944 0.006048 -0.039740
v 0.022944 0.006048 -0.039740
v 0.027935 0.006048 -0.036405
v 0.027935 0.006048 -0.036405
v 0.011877 0.006048 -0.044325
v 0.011877 0.006048 -0.044325
v 0.017561 0.006048 -0.042395
v 0.017561 0.006048 -0.042395
v 0.000000 0.006048 -0.045888
v 0.000000 0.006048 -0.045888
v 0.005990 0.006048 -0.045495
v 0.005990 0.006048 -0.045495
v -0.011877 0.006048 -0.044325
v -0.011877 0.006048 -0.044325
v -0.005990 0.006048 -0.045495
v -0.005990 0.006048 -0.045495
v -0.022944 0.006048 -0.039741
v -0.022944 0.006048 -0.039741
v -0.017561 0.006048 -0.042395
v -0.017561 0.006048 -0.042395
v -0.032448 0.006048 -0.032448
v -0.032448 0.006048 -0.032448
v -0.027935 0.006048 -0.036405
v -0.027935 0.006048 -0.036405
v -0.039738 0.006048 -0.022949
v -0.039738 0.006048 -0.022949
v -0.036405 0.006048 -0.027935
v -0.036405 0.006048 -0.027935
v -0.044137 0.006033 -0.012015
v -0.044137 0.006033 -0.012015
v -0.042356 0.006045 -0.017606
v -0.042356 0.006045 -0.017606
v -0.045295 0.006003 0.000000
v -0.045295 0.006003 0.000000
v -0.045049 0.006013 -0.006148
v -0.045049 0.006013 -0.006148
v 0.045495 0.006047 -0.005990
v 0.045495 0.006047 -0.005990
v 0.045888 0.006047 -0.000000
v 0.045888 0.006047 -0.000000
v 0.039740 0.006048 0.022944
v 0.039740 0.006048 0.022944
v 0.042395 0.006048 0.017560
v 0.042395 0.006048 0.017560
v 0.044325 0.006048 0.011877
v 0.044325 0.006048 0.011877
v 0.032448 0.006048 0.032448
v 0.032448 0.006048 0.032448
v 0.036405 0.006048 0.027935
v 0.036405 0.006048 0.027935
v 0.022944 0.006048 0.039740
v 0.022944 0.006048 0.039740
v 0.027935 0.006048 0.036405
v 0.027935 0.006048 0.036405
v 0.011877 0.006048 0.044325
v 0.011877 0.006048 0.044325
v 0.017561 0.006048 0.042395
v 0.017561 0.006048 0.042395
v 0.000000 0.006048 0.045888
v 0.000000 0.006048 0.045888
v 0.005990 0.006048 0.045495
v 0.005990 0.006048 0.045495
v -0.011877 0.006048 0.044325
v -0.011877 0.006048 0.044325
v -0.005990 0.006048 0.045495
v -0.005990 0.006048 0.045495
v -0.022944 0.006048 0.039741
v -0.022944 0.006048 0.039741
v -0.017561 0.006048 0.042395
v -0.017561 0.006048 0.042395
v -0.032448 0.006048 0.032448
v -0.032448 0.006048 0.032448
v -0.027935 0.006048 0.036405
v -0.027935 0.006048 0.036405
v -0.039738 0.006048 0.022949
v -0.039738 0.006048 0.022949
v -0.036405 0.006048 0.027935
v -0.036405 0.006048 0.027935
v -0.044137 0.006033 0.012015
v -0.044137 0.006033 0.012015
v -0.042356 0.006045 0.017606
v -0.042356 0.006045 0.017606
v -0.045049 0.006013 0.006148
v -0.045049 0.006013 0.006148
v -0.045049 0.006013 0.006148
v 0.045495 0.006047 0.005990
v 0.045495 0.006047 0.005990
v 0.046497 0.000241 -0.000000
v -0.046497 0.000241 0.000000
v 0.044912 0.000241 -0.012034
v 0.042957 0.000241 -0.017793
v 0.040267 0.000241 -0.023248
v 0.036888 0.000241 -0.028305
v 0.032878 0.000241 -0.032878
v 0.028305 0.000241 -0.036888
v 0.023248 0.000241 -0.040267
v 0.017793 0.000241 -0.042957
v 0.012034 0.000241 -0.044912
v 0.006069 0.000241 -0.046098
v -0.000000 0.000241 -0.046497
v -0.006069 0.000241 -0.046098
v -0.012034 0.000241 -0.044912
v -0.017793 0.000241 -0.042957
v -0.023248 0.000241 -0.040267
v -0.028305 0.000241 -0.036888
v -0.032878 0.000241 -0.032878
v -0.036888 0.000241 -0.028305
v -0.040267 0.000241 -0.023248
v -0.042957 0.000241 -0.017793
v -0.044912 0.000241 -0.012034
v 0.046098 0.000241 -0.006069
v -0.046098 0.000241 -0.006069
v 0.044912 0.000241 0.012034
v 0.042957 0.000241 0.017793
v 0.040267 0.000241 0.023248
v 0.036888 0.000241 0.028305
v 0.032878 0.000241 0.032878
v 0.028305 0.000241 0.036888
v 0.023248 0.000241 0.040267
v 0.017793 0.000241 0.042957
v 0.012034 0.000241 0.044912
v 0.006069 0.000241 0.046098
v -0.000000 0.000241 0.046497
v -0.006069 0.000241 0.046098
v -0.012034 0.000241 0.044912
v -0.017793 0.000241 0.042957
v -0.023248 0.000241 0.040267
v -0.028305 0.000241 0.036888
v -0.032878 0.000241 0.032878
v -0.036888 0.000241 0.028305
v -0.040267 0.000241 0.023248
v -0.042957 0.000241 0.017793
v -0.044912 0.000241 0.012034
v 0.046098 0.000241 0.006069
v -0.046098 0.000241 0.006069
vt 0.048792 0.958011
vt 0.055832 0.814248
vt 0.024503 0.884768
vt 0.062911 0.947511
vt 0.068857 0.826077
vt 0.046481 0.885844
vt 0.077886 0.941254
vt 0.083150 0.833768
vt 0.068458 0.886920
vt 0.096107 0.937517
vt 0.100919 0.839267
vt 0.092654 0.888105
vt 0.115872 0.936158
vt 0.120456 0.842551
vt 0.114426 0.889171
vt 0.138873 0.936290
vt 0.143360 0.844667
vt 0.139171 0.890383
vt 0.170502 0.937146
vt 0.174921 0.846906
vt 0.171910 0.891987
vt 0.207920 0.939366
vt 0.212377 0.848353
vt 0.210775 0.893890
vt 0.328014 0.966756
vt 0.334573 0.832828
vt 0.290475 0.950936
vt 0.295668 0.844904
vt 0.299825 0.898251
vt 0.365526 0.901469
vt 0.332896 0.899870
vt 0.313941 0.957613
vt 0.319675 0.840552
vt 0.239025 0.942773
vt 0.243667 0.848001
vt 0.243253 0.895480
vt 0.266633 0.946888
vt 0.271544 0.846603
vt 0.272698 0.896922
vt 0.005132 0.883819
vt 0.731344 0.947758
vt 0.731358 0.071973
vt 0.034200 0.976810
vt 0.043147 0.794113
vt 0.670569 0.093620
vt 0.670569 0.926131
vt 0.333394 0.976577
vt 0.340887 0.823580
vt 0.556438 0.860825
vt 0.556438 0.158926
vt 0.386989 0.902520
vt 0.505201 0.810993
vt 0.505201 0.208759
vt 0.058883 0.842128
vt 0.049532 0.866150
vt 0.041326 0.829978
vt 0.028227 0.859415
vt 0.070259 0.871824
vt 0.076360 0.850547
vt 0.093626 0.876163
vt 0.097029 0.856275
vt 0.115362 0.877977
vt 0.118141 0.859480
vt 0.139974 0.878621
vt 0.141982 0.860732
vt 0.172639 0.879439
vt 0.173995 0.862235
vt 0.211325 0.881404
vt 0.212069 0.863744
vt 0.325275 0.857823
vt 0.331988 0.882425
vt 0.299823 0.883713
vt 0.297673 0.861834
vt 0.243666 0.882972
vt 0.243975 0.864009
vt 0.361731 0.880278
vt 0.347540 0.851601
vt 0.272996 0.883490
vt 0.272406 0.862858
vt 0.005674 0.852541
vt 0.729252 0.100661
vt 0.021534 0.812437
vt 0.690246 0.113090
vt 0.380185 0.878835
vt 0.529953 0.211490
vt 0.357668 0.844359
vt 0.557661 0.184008
vt 0.258266 0.896216
vt 0.253234 0.944828
vt 0.258008 0.847344
vt 0.350439 0.900730
vt 0.286142 0.897581
vt 0.315484 0.899018
vt 0.278802 0.948819
vt 0.283844 0.845871
vt 0.302453 0.953796
vt 0.307868 0.843228
vt 0.323281 0.962290
vt 0.329426 0.836810
vt 0.227749 0.894721
vt 0.224259 0.941012
vt 0.228798 0.848311
vt 0.191539 0.892948
vt 0.189350 0.938061
vt 0.193769 0.847837
vt 0.154314 0.891125
vt 0.153555 0.936613
vt 0.158003 0.845780
vt 0.126086 0.889742
vt 0.126551 0.936092
vt 0.131078 0.843660
vt 0.103516 0.888637
vt 0.105829 0.936605
vt 0.110505 0.841124
vt 0.080738 0.887522
vt 0.086657 0.939059
vt 0.091664 0.836809
vt 0.057345 0.886376
vt 0.070219 0.943999
vt 0.075788 0.830287
vt 0.034729 0.885268
vt 0.040115 0.967672
vt 0.048141 0.803785
vt 0.055557 0.952233
vt 0.062001 0.820659
vt 0.011383 0.884125
vt 0.331229 0.971850
vt 0.338271 0.828072
vt 0.378811 0.902119
vt 0.025527 0.871430
vt 0.034444 0.844065
vt 0.049700 0.836460
vt 0.038297 0.862683
vt 0.053544 0.853918
vt 0.063524 0.834041
vt 0.072703 0.861508
vt 0.079568 0.842366
vt 0.059740 0.869218
vt 0.067453 0.846745
vt 0.094941 0.866942
vt 0.098889 0.848049
vt 0.086471 0.853780
vt 0.082024 0.874190
vt 0.116556 0.869483
vt 0.119362 0.851498
vt 0.104507 0.877318
vt 0.107502 0.858234
vt 0.140908 0.870203
vt 0.142724 0.853226
vt 0.129332 0.860219
vt 0.126944 0.878361
vt 0.173300 0.871153
vt 0.174472 0.855098
vt 0.155096 0.878928
vt 0.156836 0.861420
vt 0.211671 0.872936
vt 0.212264 0.856562
vt 0.192185 0.880247
vt 0.193146 0.863088
vt 0.348626 0.881717
vt 0.355012 0.866033
vt 0.341416 0.840577
vt 0.299019 0.873114
vt 0.296621 0.853653
vt 0.243878 0.873860
vt 0.311239 0.860329
vt 0.315145 0.883183
vt 0.322415 0.849260
vt 0.329107 0.870223
vt 0.243932 0.856436
vt 0.228769 0.864071
vt 0.228229 0.882362
vt 0.258638 0.883213
vt 0.258589 0.863448
vt 0.338407 0.854360
vt 0.286321 0.883768
vt 0.285100 0.862476
vt 0.272836 0.873488
vt 0.272949 0.890064
vt 0.047836 0.821463
vt 0.047601 0.875437
vt 0.069145 0.879044
vt 0.093041 0.882048
vt 0.114779 0.883438
vt 0.139484 0.884305
vt 0.172239 0.885415
vt 0.211082 0.887383
vt 0.300004 0.890800
vt 0.365158 0.891083
vt 0.333009 0.890876
vt 0.243508 0.889034
vt 0.272014 0.855088
vt 0.003331 0.868641
vt 0.736467 0.086288
vt 0.013415 0.833602
vt 0.711759 0.110025
vt 0.030117 0.801176
vt 0.677583 0.106903
vt 0.014127 0.856485
vt 0.029604 0.820648
vt 0.369119 0.862736
vt 0.545244 0.199981
vt 0.350600 0.832175
vt 0.561338 0.170868
vt 0.386085 0.890474
vt 0.516567 0.214130
vt 0.373290 0.879797
vt 0.354245 0.847381
vt 0.010920 0.869862
vt 0.043464 0.849110
vt 0.055370 0.828279
vt 0.088914 0.845573
vt 0.062929 0.858050
vt 0.071368 0.838612
vt 0.083742 0.864535
vt 0.130284 0.852458
vt 0.105732 0.868573
vt 0.108998 0.850087
vt 0.128011 0.869946
vt 0.155935 0.870581
vt 0.157445 0.854127
vt 0.228875 0.856633
vt 0.192642 0.871955
vt 0.193463 0.855958
vt 0.228515 0.873714
vt 0.313563 0.871965
vt 0.285903 0.873492
vt 0.284441 0.854490
vt 0.309489 0.852011
vt 0.334081 0.845037
vt 0.344055 0.868209
vt 0.258409 0.855781
vt 0.258682 0.873780
vt 0.258521 0.889558
vt 0.350495 0.890923
vt 0.286361 0.890526
vt 0.315630 0.890863
vt 0.363458 0.864583
vt 0.228027 0.888317
vt 0.191873 0.886273
vt 0.154632 0.884775
vt 0.126409 0.883891
vt 0.103912 0.882863
vt 0.081258 0.880645
vt 0.058244 0.877348
vt 0.035903 0.873358
vt 0.021727 0.838418
vt 0.037607 0.810806
vt 0.346501 0.835934
vt 0.378127 0.891261
vt 0.845024 0.509877
vt 0.618496 0.509876
vt 0.656403 0.509876
vt 0.699263 0.509876
vt 0.568445 0.869804
vt 0.568445 0.149948
vt 0.743612 0.509877
vt 0.613405 0.898321
vt 0.613405 0.121431
vt 0.653825 0.918905
vt 0.653825 0.100846
vt 0.782367 0.509877
vt 0.985365 0.509878
vt 0.783228 0.046584
vt 0.783237 0.973162
vt 0.933271 0.509878
vt 0.756689 0.059855
vt 0.756692 0.959904
vt 0.617685 0.483822
vt 0.615283 0.457871
vt 0.611278 0.432120
vt 0.605670 0.406646
vt 0.598493 0.381506
vt 0.589714 0.356751
vt 0.579275 0.332433
vt 0.567060 0.308615
vt 0.552882 0.285387
vt 0.536444 0.262891
vt 0.516887 0.231719
vt 0.655487 0.481476
vt 0.652793 0.453212
vt 0.648387 0.425191
vt 0.642344 0.397473
vt 0.634697 0.370083
vt 0.625396 0.343041
vt 0.614412 0.316318
vt 0.601625 0.289880
vt 0.586831 0.263676
vt 0.569685 0.237625
vt 0.551415 0.210203
vt 0.698211 0.478771
vt 0.694960 0.447916
vt 0.689832 0.417462
vt 0.683124 0.387420
vt 0.674910 0.357753
vt 0.665162 0.328404
vt 0.653850 0.299282
vt 0.640866 0.270262
vt 0.626082 0.241164
vt 0.609290 0.211730
vt 0.589992 0.181666
vt 0.742779 0.475732
vt 0.738687 0.442138
vt 0.732133 0.409385
vt 0.724120 0.377329
vt 0.715065 0.345727
vt 0.704876 0.314420
vt 0.693348 0.283299
vt 0.680408 0.252203
vt 0.666016 0.220883
vt 0.650112 0.189000
vt 0.632606 0.156031
vt 0.783624 0.472410
vt 0.778805 0.436143
vt 0.770560 0.401584
vt 0.761028 0.368057
vt 0.750818 0.335110
vt 0.740060 0.302419
vt 0.728372 0.269857
vt 0.715493 0.237338
vt 0.701515 0.204591
vt 0.686468 0.171321
vt 0.670528 0.136995
vt 0.849844 0.465486
vt 0.978311 0.482831
vt 0.921949 0.401363
vt 0.908233 0.367288
vt 0.894556 0.331489
vt 0.881145 0.295783
vt 0.868145 0.259962
vt 0.855400 0.223988
vt 0.842228 0.188076
vt 0.828337 0.152379
vt 0.813704 0.116951
vt 0.798713 0.081684
vt 0.880086 0.374985
vt 0.867001 0.339455
vt 0.772442 0.093568
vt 0.853965 0.304089
vt 0.841203 0.268798
vt 0.828615 0.233446
vt 0.815606 0.198149
vt 0.927935 0.466128
vt 0.801848 0.163023
vt 0.892665 0.408085
vt 0.787429 0.128100
vt 0.955472 0.451777
vt 0.795030 0.245445
vt 0.782232 0.210920
vt 0.768530 0.176478
vt 0.854207 0.413653
vt 0.754266 0.142064
vt 0.843780 0.383730
vt 0.739841 0.107888
vt 0.831803 0.349284
vt 0.819546 0.314498
vt 0.807307 0.279968
vt 0.935427 0.426342
vt 0.904134 0.431359
vt 0.863622 0.433690
vt 0.494381 0.797117
vt 0.494382 0.222634
vt 0.054553 0.930562
vt 0.047593 0.905741
vt 0.035892 0.940939
vt 0.025732 0.910363
vt 0.068775 0.902120
vt 0.072768 0.923892
vt 0.092454 0.900085
vt 0.093897 0.920211
vt 0.114263 0.900404
vt 0.115222 0.919083
vt 0.138821 0.902168
vt 0.139071 0.920167
vt 0.171410 0.904546
vt 0.171078 0.921799
vt 0.210102 0.906370
vt 0.209117 0.924018
vt 0.321203 0.940972
vt 0.330288 0.917144
vt 0.298403 0.912719
vt 0.294125 0.934284
vt 0.242442 0.907969
vt 0.240896 0.926871
vt 0.359679 0.922187
vt 0.342754 0.949340
vt 0.271682 0.910320
vt 0.269079 0.930795
vt 0.002615 0.915000
vt 0.729253 0.919089
vt 0.014480 0.956463
vt 0.690246 0.906661
vt 0.377903 0.925426
vt 0.529952 0.808262
vt 0.352126 0.957537
vt 0.557661 0.835744
vt 0.024219 0.898142
vt 0.030420 0.926247
vt 0.044859 0.935306
vt 0.036073 0.908094
vt 0.050391 0.918307
vt 0.058381 0.939064
vt 0.824155 0.509877
vt 0.070200 0.912626
vt 0.075162 0.932347
vt 0.058052 0.903686
vt 0.063532 0.926805
vt 0.092862 0.909390
vt 0.094946 0.928579
vt 0.083146 0.921662
vt 0.080716 0.900915
vt 0.114622 0.908973
vt 0.115657 0.927147
vt 0.103396 0.899999
vt 0.104513 0.919285
vt 0.138928 0.910637
vt 0.139076 0.927710
vt 0.126432 0.919442
vt 0.125828 0.901153
vt 0.171257 0.912856
vt 0.170856 0.928949
vt 0.153901 0.903339
vt 0.153922 0.920934
vt 0.209619 0.914831
vt 0.208609 0.931184
vt 0.190941 0.905651
vt 0.190221 0.922822
vt 0.346777 0.919474
vt 0.351600 0.935707
vt 0.335582 0.959713
vt 0.296567 0.923189
vt 0.292279 0.942323
vt 0.241762 0.917058
vt 0.307479 0.937107
vt 0.313600 0.914744
vt 0.317520 0.949215
vt 0.326228 0.929006
vt 0.240113 0.934404
vt 0.225769 0.925324
vt 0.227019 0.907068
vt 0.257366 0.909193
vt 0.255386 0.928858
vt 0.333934 0.945701
vt 0.284971 0.911345
vt 0.281675 0.932416
vt 0.270545 0.920258
vt 0.272277 0.903772
vt 0.041539 0.950049
vt 0.046579 0.896311
vt 0.068372 0.894826
vt 0.092447 0.894171
vt 0.114217 0.894912
vt 0.138888 0.896463
vt 0.171595 0.898559
vt 0.210444 0.900395
vt 0.299275 0.905684
vt 0.364145 0.911768
vt 0.332130 0.908833
vt 0.771204 0.052605
vt 0.771212 0.967146
vt 0.965436 0.509878
vt 0.634386 0.909621
vt 0.634386 0.110130
vt 0.763784 0.509877
vt 0.591099 0.885076
vt 0.591099 0.134676
vt 0.721702 0.509876
vt 0.677384 0.509876
vt 0.636701 0.509876
vt 0.601452 0.509876
vt 0.613437 0.444975
vt 0.616647 0.470834
vt 0.584690 0.344542
vt 0.560215 0.296933
vt 0.527217 0.252047
vt 0.594512 0.435268
vt 0.551798 0.317253
vt 0.582195 0.386737
vt 0.522359 0.274451
vt 0.589122 0.410832
vt 0.654359 0.467318
vt 0.645567 0.411291
vt 0.594288 0.369084
vt 0.573382 0.320467
vt 0.600678 0.484878
vt 0.573707 0.363053
vt 0.602261 0.394037
vt 0.598363 0.459977
vt 0.563607 0.339858
vt 0.538124 0.295379
vt 0.650798 0.439166
vt 0.544955 0.274052
vt 0.504100 0.255124
vt 0.608242 0.303072
vt 0.578572 0.250645
vt 0.532166 0.227191
vt 0.623335 0.402208
vt 0.606863 0.350098
vt 0.583582 0.299500
vt 0.569022 0.274819
vt 0.696843 0.463299
vt 0.679206 0.372543
vt 0.686667 0.402391
vt 0.633316 0.455635
vt 0.692608 0.432636
vt 0.594485 0.276760
vt 0.560048 0.224645
vt 0.552107 0.250606
vt 0.629120 0.428784
vt 0.615911 0.375973
vt 0.596127 0.324601
vt 0.630239 0.356525
vt 0.635869 0.482693
vt 0.620107 0.329647
vt 0.633690 0.255745
vt 0.599994 0.196693
vt 0.633843 0.307781
vt 0.676391 0.480163
vt 0.673470 0.450630
vt 0.668775 0.421394
vt 0.662459 0.392499
vt 0.645020 0.335732
vt 0.735633 0.425660
vt 0.710127 0.330043
vt 0.719721 0.361484
vt 0.588964 0.224457
vt 0.572969 0.193366
vt 0.659689 0.313825
vt 0.654538 0.363953
vt 0.647552 0.284777
vt 0.741174 0.458835
vt 0.617932 0.226516
vt 0.728272 0.393285
vt 0.620914 0.280013
vt 0.606052 0.252304
vt 0.658246 0.205006
vt 0.611589 0.168009
vt 0.703869 0.382328
vt 0.685325 0.321233
vt 0.660920 0.260905
vt 0.646309 0.230590
vt 0.774895 0.418702
vt 0.745528 0.318743
vt 0.755987 0.351535
vt 0.782026 0.454012
vt 0.765909 0.384722
vt 0.641553 0.172662
vt 0.629918 0.199771
vt 0.711159 0.413434
vt 0.695284 0.351627
vt 0.673887 0.291049
vt 0.720625 0.477293
vt 0.687059 0.267747
vt 0.716924 0.445076
vt 0.673395 0.236564
vt 0.722069 0.253616
vt 0.694142 0.188034
vt 0.652359 0.145786
vt 0.743246 0.372558
vt 0.723171 0.308144
vt 0.698660 0.244370
vt 0.763867 0.474108
vt 0.759422 0.439157
vt 0.678621 0.154322
vt 0.669048 0.179563
vt 0.752030 0.405419
vt 0.733627 0.340213
vt 0.711544 0.276258
vt 0.734351 0.286130
vt 0.684491 0.212250
vt 0.708674 0.220993
vt 0.743672 0.264154
vt 0.716994 0.197863
vt 0.702263 0.164194
vt 0.686937 0.129590
vt 0.766550 0.330429
vt 0.796535 0.433128
vt 0.787491 0.397932
vt 0.777299 0.363870
vt 0.755461 0.297242
vt 0.730832 0.231096
vt 0.801902 0.470660
vt 0.709707 0.122533
vt 0.799261 0.358095
vt 0.776266 0.290290
vt 0.751505 0.222870
vt 0.827098 0.468546
vt 0.820209 0.428647
vt 0.737792 0.189094
vt 0.723373 0.155055
vt 0.810237 0.392762
vt 0.787839 0.324062
vt 0.764316 0.256569
vt 0.912722 0.446133
vt 0.759739 0.180062
vt 0.773420 0.214321
vt 0.847546 0.286447
vt 0.944353 0.438209
vt 0.786230 0.248623
vt 0.813418 0.297222
vt 0.746999 0.124909
vt 0.775417 0.193720
vt 0.898498 0.420648
vt 0.745472 0.145749
vt 0.834175 0.386544
vt 0.731109 0.111413
vt 0.822493 0.351836
vt 0.810457 0.317250
vt 0.798400 0.282929
vt 0.968682 0.467645
vt 0.901374 0.349355
vt 0.915125 0.385108
vt 0.874592 0.277894
vt 0.835359 0.170203
vt 0.787027 0.086999
vt 0.887540 0.468114
vt 0.771049 0.135015
vt 0.843643 0.228129
vt 0.816716 0.157045
vt 0.886486 0.392422
vt 0.887805 0.313640
vt 0.848900 0.206011
vt 0.806096 0.099374
vt 0.836944 0.309243
vt 0.882525 0.334988
vt 0.856330 0.263830
vt 0.959354 0.477974
vt 0.780016 0.110763
vt 0.802180 0.121847
vt 0.830545 0.192487
vt 0.909314 0.404635
vt 0.858800 0.447850
vt 0.869247 0.299423
vt 0.811976 0.239356
vt 0.895982 0.370748
vt 0.861781 0.241984
vt 0.928581 0.414719
vt 0.794725 0.145524
vt 0.808829 0.180559
vt 0.834922 0.251126
vt 0.873565 0.357225
vt 0.944247 0.455263
vt 0.873690 0.410963
vt 0.849627 0.344353
vt 0.801204 0.262709
vt 0.837857 0.366781
vt 0.857713 0.425727
vt 0.761412 0.159289
vt 0.849422 0.399495
vt 0.825684 0.331834
vt 0.824419 0.274309
vt 0.756332 0.100712
vt 0.785363 0.169666
vt 0.799062 0.204443
vt 0.860457 0.321748
vt 0.822192 0.215783
vt 0.788710 0.228186
vt 0.882630 0.433996
vt 0.922208 0.428633
vt 0.608648 0.419351
vt 0.638705 0.383737
vt 0.670230 0.343042
vt 0.699285 0.298845
vt 0.844652 0.419486
vt 0.821089 0.134637
vt 0.862214 0.379388
vt 0.581256 0.168407
vt 0.623226 0.138966
vt 0.662221 0.119256
vt 0.846386 0.489255
vt 0.931096 0.490064
vt 0.791171 0.064080
vt 0.618273 0.496843
vt 0.656165 0.495667
vt 0.699026 0.494307
vt 0.743496 0.492776
vt 0.983623 0.496620
vt 0.764685 0.076580
vt 0.242877 0.901921
vt 0.267929 0.938489
vt 0.864167 0.220912
vt 0.850939 0.184794
vt 0.917224 0.364684
vt 0.903458 0.328897
vt 0.001856 0.898748
vt 0.736466 0.933466
vt 0.008469 0.934605
vt 0.711760 0.909725
vt 0.822277 0.113305
vt 0.806846 0.078011
vt 0.931013 0.398554
vt 0.021923 0.968508
vt 0.677583 0.912848
vt 0.011413 0.911901
vt 0.790730 0.042979
vt 0.790739 0.976764
vt 0.995422 0.509878
vt 0.889990 0.293085
vt 0.876950 0.257091
vt 0.023315 0.949079
vt 0.836982 0.148911
vt 0.365317 0.940367
vt 0.545244 0.819770
vt 0.944258 0.423548
vt 0.988034 0.483294
vt 0.963160 0.448900
vt 0.504449 0.228243
vt 0.482813 0.238098
vt 0.482813 0.781654
vt 0.799668 0.509877
vt 0.889763 0.509877
vt 0.741171 0.952368
vt 0.741182 0.067400
vt 0.783119 0.491165
vt 0.343901 0.968972
vt 0.561338 0.848884
vt 0.384912 0.914419
vt 0.516567 0.805622
vt 0.371136 0.923795
vt 0.349014 0.954195
vt 0.009529 0.898275
vt 0.039890 0.922108
vt 0.049703 0.944002
vt 0.084776 0.930068
vt 0.060134 0.915112
vt 0.066633 0.935282
vt 0.081482 0.910691
vt 0.126621 0.927259
vt 0.103761 0.908821
vt 0.105205 0.927539
vt 0.126067 0.909632
vt 0.153920 0.911729
vt 0.153816 0.928251
vt 0.225147 0.932737
vt 0.190586 0.913948
vt 0.189839 0.929948
vt 0.226459 0.915702
vt 0.310928 0.925753
vt 0.283550 0.921531
vt 0.280239 0.940299
vt 0.304925 0.945214
vt 0.328718 0.954558
vt 0.340908 0.932471
vt 0.254457 0.936471
vt 0.256487 0.918584
vt 0.257870 0.902866
vt 0.349537 0.910495
vt 0.285670 0.904624
vt 0.314833 0.907148
vt 0.359864 0.937975
vt 0.227400 0.901121
vt 0.191219 0.899624
vt 0.154010 0.897476
vt 0.125836 0.895598
vt 0.103346 0.894422
vt 0.080583 0.894416
vt 0.057358 0.895449
vt 0.034733 0.897236
vt 0.017211 0.930624
vt 0.030318 0.959656
vt 0.340188 0.964831
vt 0.377069 0.912858
vt 0.868241 0.396038
vt 0.617685 0.535931
vt 0.615283 0.561881
vt 0.611278 0.587632
vt 0.605669 0.613106
vt 0.598492 0.638246
vt 0.589714 0.663001
vt 0.579274 0.687319
vt 0.567060 0.711137
vt 0.552882 0.734365
vt 0.536444 0.756861
vt 0.516887 0.788033
vt 0.655487 0.538276
vt 0.652792 0.566540
vt 0.648387 0.594561
vt 0.642344 0.622280
vt 0.634696 0.649669
vt 0.625395 0.676711
vt 0.614411 0.703434
vt 0.888995 0.489466
vt 0.601625 0.729872
vt 0.586831 0.756076
vt 0.569684 0.782127
vt 0.551415 0.809548
vt 0.698211 0.540982
vt 0.694960 0.571837
vt 0.578148 0.374840
vt 0.613725 0.266168
vt 0.568863 0.351390
vt 0.545206 0.306217
vt 0.626402 0.415462
vt 0.513592 0.264487
vt 0.585852 0.398738
vt 0.557924 0.328477
vt 0.599711 0.472409
vt 0.592009 0.423012
vt 0.530518 0.284785
vt 0.590075 0.312009
vt 0.576556 0.287116
vt 0.634794 0.469143
vt 0.560873 0.262663
vt 0.631420 0.442176
vt 0.621035 0.184096
vt 0.611576 0.362996
vt 0.627591 0.293887
vt 0.601695 0.337309
vt 0.728523 0.324152
vt 0.649968 0.349802
vt 0.639627 0.321734
vt 0.597798 0.238421
vt 0.660865 0.162802
vt 0.671332 0.435971
vt 0.601650 0.151582
vt 0.579426 0.210385
vt 0.707682 0.397822
vt 0.665816 0.406903
vt 0.658698 0.378183
vt 0.709752 0.181100
vt 0.667583 0.275987
vt 0.738530 0.356339
vt 0.653806 0.245790
vt 0.719075 0.461118
vt 0.638328 0.215272
vt 0.714260 0.429182
vt 0.747767 0.388903
vt 0.690484 0.336398
vt 0.643535 0.128221
vt 0.679790 0.306114
vt 0.762250 0.456470
vt 0.800195 0.451475
vt 0.676943 0.195963
vt 0.755950 0.422156
vt 0.716049 0.137862
vt 0.737387 0.247631
vt 0.800850 0.490382
vt 0.705292 0.260302
vt 0.724064 0.214506
vt 0.691762 0.228321
vt 0.763735 0.117790
vt 0.804837 0.375328
vt 0.792202 0.415345
vt 0.694675 0.147051
vt 0.793579 0.341022
vt 0.782497 0.380795
vt 0.770372 0.273426
vt 0.671947 0.118827
vt 0.782076 0.307161
vt 0.771969 0.347098
vt 0.761063 0.313818
vt 0.749682 0.280690
vt 0.824564 0.447798
vt 0.750338 0.087322
vt 0.730665 0.172122
vt 0.815410 0.410460
vt 0.889251 0.352826
vt 0.792305 0.187042
vt 0.758032 0.239721
vt 0.843276 0.326757
vt 0.825602 0.489622
vt 0.778274 0.152315
vt 0.744767 0.206001
vt 0.855964 0.362003
vt 0.818219 0.256835
vt 0.636466 0.496279
vt 0.878293 0.423292
vt 0.792362 0.265778
vt 0.816491 0.334485
vt 0.738264 0.128579
vt 0.779926 0.231473
vt 0.839691 0.403280
vt 0.830656 0.291772
vt 0.779372 0.069676
vt 0.862741 0.281640
vt 0.837176 0.210290
vt 0.902685 0.388533
vt 0.805604 0.221889
vt 0.884997 0.449728
vt 0.721456 0.493563
vt 0.794661 0.104382
vt 0.823723 0.174738
vt 0.849995 0.245986
vt 0.875849 0.317197
vt 0.677129 0.495007
vt 0.689831 0.602291
vt 0.963202 0.493937
vt 0.849283 0.435158
vt 0.931890 0.441482
vt 0.752658 0.162921
vt 0.828412 0.369290
vt 0.804427 0.300077
vt 0.915770 0.417591
vt 0.764046 0.491971
vt 0.601258 0.497370
vt 0.809532 0.139410
vt 0.958254 0.466658
vt 0.766666 0.197202
vt 0.717519 0.292182
vt 0.699740 0.366933
vt 0.675164 0.465364
vt 0.619805 0.389053
vt 0.596628 0.447595
vt 0.542592 0.238768
vt 0.683124 0.632333
vt 0.857641 0.202832
vt 0.910314 0.346778
vt 0.674910 0.662000
vt 0.814629 0.095631
vt 0.924184 0.382413
vt 0.665161 0.691348
vt 0.653849 0.720470
vt 0.798967 0.060435
vt 0.640866 0.749490
vt 0.883416 0.275116
vt 0.626082 0.778588
vt 0.844040 0.166823
vt 0.609289 0.808022
vt 0.589992 0.838086
vt 0.742779 0.544021
vt 0.870568 0.239012
vt 0.738687 0.577615
vt 0.937523 0.411897
vt 0.732132 0.610368
vt 0.724119 0.642423
vt 0.715064 0.674025
vt 0.993810 0.497121
vt 0.704875 0.705332
vt 0.952489 0.435040
vt 0.896677 0.311006
vt 0.976657 0.466406
vt 0.829706 0.131078
vt 0.493818 0.246428
vt 0.693347 0.736453
vt 0.680407 0.767549
vt 0.666015 0.798868
vt 0.650112 0.830751
vt 0.632606 0.863720
vt 0.783624 0.547343
vt 0.778805 0.583610
vt 0.770559 0.618169
vt 0.761027 0.651695
vt 0.750817 0.684643
vt 0.740058 0.717333
vt 0.728370 0.749894
vt 0.715491 0.782413
vt 0.701514 0.815160
vt 0.686467 0.848430
vt 0.670527 0.882756
vt 0.849843 0.554268
vt 0.978310 0.536925
vt 0.921947 0.618392
vt 0.908231 0.652466
vt 0.894553 0.688266
vt 0.881142 0.723971
vt 0.868142 0.759792
vt 0.855396 0.795764
vt 0.842224 0.831676
vt 0.828333 0.867371
vt 0.813700 0.902797
vt 0.798712 0.938063
vt 0.880084 0.644769
vt 0.866999 0.680298
vt 0.772437 0.926185
vt 0.853962 0.715664
vt 0.841200 0.750955
vt 0.828612 0.786306
vt 0.815603 0.821603
vt 0.927934 0.553627
vt 0.801845 0.856727
vt 0.892663 0.611669
vt 0.787426 0.891648
vt 0.955471 0.567979
vt 0.795027 0.774307
vt 0.782229 0.808831
vt 0.768528 0.843272
vt 0.854206 0.606101
vt 0.754264 0.877685
vt 0.843779 0.636024
vt 0.739841 0.911862
vt 0.831801 0.670470
vt 0.819543 0.705255
vt 0.807305 0.739784
vt 0.935426 0.593413
vt 0.904133 0.588396
vt 0.863621 0.586064
vt 0.174050 0.447925
vt 0.613437 0.574777
vt 0.146841 0.460622
vt 0.616647 0.548919
vt 0.584690 0.675210
vt 0.560215 0.722819
vt 0.527217 0.767704
vt 0.594511 0.584484
vt 0.551797 0.702499
vt 0.582194 0.633015
vt 0.522359 0.745301
vt 0.589122 0.608921
vt 0.654359 0.552434
vt 0.098876 0.022170
vt 0.645566 0.608461
vt 0.594288 0.650668
vt 0.573381 0.699285
vt 0.600678 0.534875
vt 0.573707 0.656699
vt 0.602260 0.625716
vt 0.598363 0.559775
vt 0.563606 0.679894
vt 0.538124 0.724373
vt 0.650797 0.580586
vt 0.544954 0.745700
vt 0.504100 0.764628
vt 0.608242 0.716680
vt 0.578572 0.769107
vt 0.532166 0.792560
vt 0.623335 0.617545
vt 0.349581 0.365476
vt 0.316086 0.381289
vt 0.300711 0.049440
vt 0.277984 0.399233
vt 0.250755 0.034102
vt 0.238368 0.417835
vt 0.200023 0.025203
vt 0.156097 0.021947
vt 0.203610 0.434111
vt 0.121926 0.021713
vt 0.017144 0.521017
vt 0.011367 0.021194
vt 0.065308 0.498602
vt 0.043437 0.022134
vt 0.079540 0.022532
vt 0.079816 0.682795
vt 0.339686 0.342636
vt 0.331273 0.319220
vt 0.324410 0.295305
vt 0.319075 0.270983
vt 0.315290 0.246317
vt 0.313090 0.221358
vt 0.312534 0.196145
vt 0.313731 0.170708
vt 0.316851 0.145074
vt 0.322167 0.119266
vt 0.330296 0.093632
vt 0.305282 0.356228
vt 0.296152 0.330547
vt 0.288673 0.304375
vt 0.282790 0.277802
vt 0.278531 0.250876
vt 0.275900 0.223611
vt 0.274916 0.195993
vt 0.275659 0.167976
vt 0.278269 0.139479
vt 0.282965 0.110375
vt 0.290192 0.080539
vt 0.266153 0.371603
vt 0.256424 0.343280
vt 0.248574 0.314541
vt 0.242346 0.285524
vt 0.237664 0.256235
vt 0.234534 0.226633
vt 0.232948 0.196647
vt 0.232952 0.166158
vt 0.234595 0.135000
vt 0.237981 0.102921
vt 0.243242 0.069542
vt 0.225042 0.387490
vt 0.214950 0.356251
vt 0.207410 0.324762
vt 0.201524 0.293294
vt 0.196821 0.261814
vt 0.193322 0.230158
vt 0.191182 0.198163
vt 0.190425 0.165685
vt 0.190967 0.132513
vt 0.192823 0.098369
vt 0.195868 0.062835
vt 0.187049 0.401600
vt 0.176441 0.367572
vt 0.169674 0.333655
vt 0.164556 0.300128
vt 0.160354 0.266850
vt 0.156831 0.233598
vt 0.154298 0.200118
vt 0.152939 0.166220
vt 0.152646 0.131731
vt 0.153302 0.096433
vt 0.154625 0.060022
vt 0.154736 0.413082
vt 0.144138 0.376124
vt 0.138208 0.340529
vt 0.133776 0.305565
vt 0.130116 0.270981
vt 0.126829 0.236560
vt 0.124095 0.202027
vt 0.122319 0.167158
vt 0.121500 0.131827
vt 0.121452 0.095908
vt 0.121825 0.059261
vt 0.124370 0.423981
vt 0.120832 0.380477
vt 0.115727 0.344941
vt 0.111757 0.309293
vt 0.108435 0.273898
vt 0.105364 0.238724
vt 0.102577 0.203512
vt 0.100567 0.168028
vt 0.099475 0.132174
vt 0.099093 0.095894
vt 0.099100 0.059173
vt 0.012776 0.495145
vt 0.031390 0.396644
vt 0.029732 0.359833
vt 0.027445 0.322129
vt 0.025046 0.284650
vt 0.022307 0.247241
vt 0.019356 0.209792
vt 0.016903 0.172219
vt 0.015261 0.134558
vt 0.014399 0.096834
vt 0.013778 0.059005
vt 0.058688 0.355074
vt 0.055999 0.317969
vt 0.042981 0.059185
vt 0.053402 0.281031
vt 0.050665 0.244282
vt 0.047827 0.207549
vt 0.045478 0.170678
vt 0.052614 0.458844
vt 0.043956 0.133639
vt 0.060902 0.390127
vt 0.043145 0.096443
vt 0.021181 0.457996
vt 0.083786 0.204854
vt 0.081575 0.168885
vt 0.080328 0.132600
vt 0.098619 0.378796
vt 0.079753 0.096020
vt 0.095800 0.347876
vt 0.079623 0.059200
vt 0.092548 0.312360
vt 0.089473 0.276359
vt 0.086567 0.240607
vt 0.029354 0.425945
vt 0.060120 0.416627
vt 0.098339 0.401411
vt 0.342341 0.067733
vt 0.606863 0.669654
vt 0.583582 0.720252
vt 0.569021 0.744932
vt 0.696843 0.556454
vt 0.679205 0.647210
vt 0.686666 0.617361
vt 0.633316 0.564117
vt 0.692608 0.587117
vt 0.594485 0.742992
vt 0.560048 0.795107
vt 0.552107 0.769145
vt 0.629120 0.590968
vt 0.615911 0.643779
vt 0.596126 0.695151
vt 0.630238 0.663227
vt 0.635869 0.537060
vt 0.620107 0.690105
vt 0.633690 0.764007
vt 0.599994 0.823059
vt 0.633843 0.711971
vt 0.676391 0.539590
vt 0.673469 0.569123
vt 0.668774 0.598358
vt 0.662458 0.627254
vt 0.645020 0.684020
vt 0.735632 0.594093
vt 0.710126 0.689709
vt 0.719720 0.658269
vt 0.588964 0.795295
vt 0.572969 0.826386
vt 0.659689 0.705927
vt 0.654538 0.655800
vt 0.647551 0.734975
vt 0.741174 0.560918
vt 0.617931 0.793236
vt 0.728272 0.626467
vt 0.620913 0.739739
vt 0.606051 0.767448
vt 0.658245 0.814745
vt 0.611589 0.851743
vt 0.703869 0.637425
vt 0.685324 0.698519
vt 0.660920 0.758847
vt 0.646308 0.789161
vt 0.774894 0.601052
vt 0.745527 0.701010
vt 0.755986 0.668218
vt 0.782026 0.565741
vt 0.765908 0.635031
vt 0.641553 0.847089
vt 0.629917 0.819981
vt 0.711158 0.606319
vt 0.695283 0.668125
vt 0.673886 0.728703
vt 0.720625 0.542460
vt 0.687058 0.752005
vt 0.716923 0.574677
vt 0.673394 0.783187
vt 0.722067 0.766136
vt 0.694141 0.831717
vt 0.652359 0.873965
vt 0.743245 0.647195
vt 0.723169 0.711608
vt 0.698659 0.775382
vt 0.763867 0.545645
vt 0.759422 0.580596
vt 0.678621 0.865429
vt 0.669047 0.840188
vt 0.752029 0.614334
vt 0.733626 0.679540
vt 0.711543 0.743494
vt 0.734350 0.733622
vt 0.684490 0.807501
vt 0.708673 0.798759
vt 0.743670 0.755598
vt 0.716992 0.821888
vt 0.702262 0.855557
vt 0.686937 0.890161
vt 0.766548 0.689323
vt 0.796534 0.586626
vt 0.787490 0.621822
vt 0.777298 0.655883
vt 0.755459 0.722510
vt 0.730831 0.788656
vt 0.801902 0.549094
vt 0.709707 0.897217
vt 0.799259 0.661659
vt 0.776264 0.729462
vt 0.751504 0.796882
vt 0.827098 0.551208
vt 0.820208 0.591107
vt 0.737790 0.830657
vt 0.723372 0.864695
vt 0.810235 0.626991
vt 0.787838 0.695691
vt 0.764314 0.763183
vt 0.912721 0.573622
vt 0.759737 0.839689
vt 0.773417 0.805430
vt 0.847543 0.733306
vt 0.944352 0.581547
vt 0.786228 0.771129
vt 0.813416 0.722531
vt 0.746998 0.894840
vt 0.775415 0.826030
vt 0.898497 0.599107
vt 0.745471 0.874000
vt 0.834174 0.633210
vt 0.731109 0.908337
vt 0.822491 0.667918
vt 0.810455 0.702503
vt 0.798398 0.736823
vt 0.968682 0.552111
vt 0.901371 0.670399
vt 0.915123 0.634647
vt 0.874589 0.741860
vt 0.835354 0.849548
vt 0.161843 0.453623
vt 0.787026 0.932750
vt 0.887540 0.551641
vt 0.771047 0.884734
vt 0.843639 0.791623
vt 0.816712 0.862705
vt 0.886484 0.627333
vt 0.887802 0.706114
vt 0.848896 0.813740
vt 0.806092 0.920373
vt 0.836941 0.710510
vt 0.882523 0.684766
vt 0.856327 0.755923
vt 0.959353 0.541782
vt 0.780014 0.908986
vt 0.802177 0.897901
vt 0.830541 0.827265
vt 0.909312 0.615120
vt 0.858800 0.571904
vt 0.869245 0.720331
vt 0.811973 0.780396
vt 0.895980 0.649007
vt 0.861777 0.777769
vt 0.928579 0.605036
vt 0.794722 0.874225
vt 0.808826 0.839192
vt 0.834918 0.768626
vt 0.873563 0.662529
vt 0.944247 0.564493
vt 0.873688 0.608791
vt 0.849625 0.675401
vt 0.801202 0.757043
vt 0.837855 0.652973
vt 0.857712 0.594027
vt 0.761411 0.860461
vt 0.849420 0.620259
vt 0.825682 0.687919
vt 0.824416 0.745443
vt 0.756333 0.919025
vt 0.785360 0.850084
vt 0.799059 0.815308
vt 0.860455 0.698006
vt 0.822189 0.803969
vt 0.788708 0.791566
vt 0.882629 0.585759
vt 0.922207 0.591122
vt 0.608648 0.600401
vt 0.638704 0.636015
vt 0.670229 0.676710
vt 0.699284 0.720907
vt 0.844651 0.600268
vt 0.821085 0.885112
vt 0.026944 0.021672
vt 0.035284 0.512576
vt 0.137618 0.021625
vt 0.176944 0.023065
vt 0.220300 0.426300
vt 0.224972 0.028856
vt 0.257965 0.408640
vt 0.276314 0.041116
vt 0.297454 0.390071
vt 0.333532 0.373057
vt 0.364563 0.358394
vt 0.327672 0.307313
vt 0.335326 0.330984
vt 0.312620 0.208781
vt 0.315056 0.157919
vt 0.325806 0.106371
vt 0.340477 0.291243
vt 0.330651 0.172193
vt 0.331811 0.244343
vt 0.339155 0.123742
vt 0.335390 0.267956
vt 0.300507 0.343456
vt 0.285546 0.291130
vt 0.314008 0.233870
vt 0.312924 0.183455
vt 0.355090 0.336545
vt 0.329779 0.220468
vt 0.317006 0.258687
vt 0.347049 0.314132
vt 0.329357 0.196396
vt 0.333829 0.147937
vt 0.292210 0.317514
vt 0.319233 0.132196
vt 0.347212 0.100018
vt 0.275078 0.182039
vt 0.280352 0.125014
vt 0.311381 0.087052
vt 0.301635 0.274246
vt 0.295222 0.222389
vt 0.295493 0.169280
vt 0.298427 0.142224
vt 0.261036 0.357508
vt 0.239812 0.270916
vt 0.245266 0.300064
vt 0.314432 0.324655
vt 0.252283 0.328950
vt 0.276732 0.153796
vt 0.286225 0.095506
vt 0.303539 0.114761
vt 0.307230 0.299659
vt 0.297623 0.248478
vt 0.294479 0.195992
vt 0.277026 0.237284
vt 0.323174 0.349161
vt 0.275212 0.209848
vt 0.233585 0.150676
vt 0.240358 0.086424
vt 0.254194 0.196202
vt 0.286159 0.363757
vt 0.276693 0.336801
vt 0.268965 0.309380
vt 0.262855 0.281599
vt 0.255467 0.225033
vt 0.210930 0.340509
vt 0.194910 0.246019
vt 0.199031 0.277565
vt 0.260864 0.106336
vt 0.267185 0.074583
vt 0.233563 0.211691
vt 0.258362 0.253483
vt 0.232772 0.181473
vt 0.219588 0.371945
vt 0.236082 0.119097
vt 0.204299 0.309023
vt 0.254591 0.166907
vt 0.256757 0.137017
vt 0.191751 0.115574
vt 0.219166 0.065616
vt 0.221718 0.289467
vt 0.213607 0.228365
vt 0.211335 0.165759
vt 0.212422 0.133500
vt 0.172792 0.350557
vt 0.158493 0.250238
vt 0.162368 0.283470
vt 0.180900 0.384686
vt 0.166963 0.316850
vt 0.194197 0.080806
vt 0.215031 0.100262
vt 0.227863 0.319730
vt 0.216954 0.259047
vt 0.211739 0.197315
vt 0.245534 0.379629
vt 0.190627 0.181985
vt 0.235640 0.349846
vt 0.190542 0.149192
vt 0.153471 0.183232
vt 0.152839 0.114194
vt 0.174276 0.061064
vt 0.182394 0.296864
vt 0.174345 0.231918
vt 0.170909 0.165874
vt 0.205509 0.394831
vt 0.195101 0.362212
vt 0.148258 0.394483
vt 0.131884 0.288237
vt 0.135855 0.322990
vt 0.140920 0.358207
vt 0.153877 0.078394
vt 0.172184 0.097150
vt 0.187915 0.329431
vt 0.177901 0.264428
vt 0.171984 0.199120
vt 0.155423 0.216900
vt 0.171002 0.131976
vt 0.152631 0.149057
vt 0.125364 0.219323
vt 0.121787 0.149561
vt 0.121605 0.077693
vt 0.138190 0.201108
vt 0.136002 0.131715
vt 0.136249 0.096062
vt 0.137002 0.059490
vt 0.144266 0.269058
vt 0.113637 0.327123
vt 0.118058 0.362659
vt 0.159235 0.372247
vt 0.152920 0.337385
vt 0.128425 0.253767
vt 0.148177 0.303055
vt 0.123078 0.184645
vt 0.140845 0.235166
vt 0.121385 0.113954
vt 0.123925 0.399598
vt 0.136597 0.166673
vt 0.169887 0.407711
vt 0.106878 0.256300
vt 0.101457 0.185815
vt 0.099211 0.114095
vt 0.109486 0.059186
vt 0.121881 0.307596
vt 0.115245 0.237723
vt 0.110565 0.167611
vt 0.141782 0.418041
vt 0.131715 0.379044
vt 0.109587 0.131992
vt 0.099919 0.150154
vt 0.099073 0.077592
vt 0.109342 0.095874
vt 0.126078 0.343013
vt 0.118414 0.272561
vt 0.112473 0.202817
vt 0.110044 0.291553
vt 0.103904 0.221139
vt 0.058435 0.434209
vt 0.090072 0.132372
vt 0.091251 0.168439
vt 0.052060 0.262643
vt 0.025925 0.440956
vt 0.093353 0.204174
vt 0.088013 0.258468
vt 0.079696 0.077634
vt 0.080916 0.150783
vt 0.060769 0.404018
vt 0.089584 0.095944
vt 0.105982 0.346475
vt 0.089506 0.059183
vt 0.102327 0.310843
vt 0.099127 0.275135
vt 0.096140 0.239662
vt 0.015469 0.477800
vt 0.028581 0.340929
vt 0.030844 0.378814
vt 0.023724 0.265943
vt 0.015993 0.153395
vt 0.026723 0.059110
vt 0.090849 0.443177
vt 0.061147 0.096221
vt 0.031827 0.208799
vt 0.027819 0.134150
vt 0.060054 0.373368
vt 0.026278 0.303375
vt 0.018033 0.191022
vt 0.014216 0.077947
vt 0.071159 0.278723
vt 0.039897 0.320329
vt 0.034718 0.245938
vt 0.028123 0.482879
vt 0.043001 0.077810
vt 0.026971 0.096662
vt 0.029416 0.171535
vt 0.044248 0.394155
vt 0.108847 0.412396
vt 0.037437 0.283068
vt 0.065545 0.206185
vt 0.042358 0.357863
vt 0.020817 0.228529
vt 0.030863 0.411901
vt 0.043457 0.115056
vt 0.044604 0.152179
vt 0.049226 0.225926
vt 0.057319 0.336532
vt 0.032854 0.456191
vt 0.079445 0.384627
vt 0.073973 0.315235
vt 0.085134 0.222746
vt 0.094224 0.330410
vt 0.100478 0.391287
vt 0.080018 0.114357
vt 0.097142 0.364175
vt 0.090968 0.294312
vt 0.068352 0.242446
vt 0.060961 0.059211
vt 0.061861 0.133103
vt 0.063273 0.169756
vt 0.054704 0.299465
vt 0.046561 0.189135
vt 0.082597 0.186906
vt 0.080976 0.409820
vt 0.042361 0.422054
vt 0.321569 0.283187
vt 0.280478 0.264377
vt 0.235904 0.241476
vt 0.192079 0.214211
vt 0.110053 0.380037
vt 0.014758 0.115702
vt 0.076894 0.351594
vt 0.295032 0.065265
vt 0.246674 0.052190
vt 0.197812 0.044332
vt 0.155362 0.041244
vt 0.164483 0.430839
vt 0.137260 0.443468
vt 0.121961 0.040630
vt 0.099071 0.040697
vt 0.059569 0.481217
vt 0.011378 0.040055
vt 0.344465 0.354127
vt 0.310480 0.368842
vt 0.271798 0.385525
vt 0.231427 0.402762
vt 0.013469 0.509113
vt 0.043121 0.040609
vt 0.079645 0.040788
vt 0.011526 0.210426
vt 0.009047 0.172654
vt 0.021889 0.361022
vt 0.019678 0.323267
vt 0.862213 0.640366
vt 0.581256 0.851344
vt 0.006512 0.096947
vt 0.006262 0.058982
vt 0.023448 0.397851
vt 0.623226 0.880785
vt 0.662221 0.900495
vt 0.006575 0.021055
vt 0.009494 0.524577
vt 0.017287 0.285660
vt 0.014519 0.248073
vt 0.846386 0.530499
vt 0.007392 0.134816
vt 0.931095 0.529692
vt 0.791174 0.955665
vt 0.618273 0.522909
vt 0.021641 0.427419
vt 0.656165 0.524086
vt 0.699026 0.525446
vt 0.743496 0.526977
vt 0.005668 0.499459
vt 0.014518 0.458894
vt 0.335875 0.080889
vt 0.983623 0.523136
vt 0.359063 0.076627
vt 0.322923 0.058525
vt 0.764687 0.943166
vt 0.188041 0.441389
vt 0.105609 0.479838
vt 0.061169 0.022469
vt 0.089310 0.022374
vt 0.109341 0.021937
vt 0.195232 0.417944
vt 0.864163 0.798840
vt 0.850934 0.834957
vt 0.917222 0.655071
vt 0.903456 0.690858
vt 0.822273 0.906443
vt 0.806845 0.941734
vt 0.931011 0.621201
vt 0.889987 0.726669
vt 0.876947 0.762662
vt 0.836977 0.870839
vt 0.944256 0.596208
vt 0.988034 0.536462
vt 0.963159 0.570856
vt 0.504449 0.791509
vt 0.783119 0.528588
vt 0.868240 0.623717
vt 0.888995 0.530288
vt 0.578148 0.644912
vt 0.613724 0.753584
vt 0.568863 0.668362
vt 0.545206 0.713535
vt 0.626401 0.604291
vt 0.513592 0.755264
vt 0.585851 0.621015
vt 0.557923 0.691275
vt 0.599711 0.547343
vt 0.592009 0.596740
vt 0.530518 0.734967
vt 0.590075 0.707743
vt 0.576555 0.732636
vt 0.634794 0.550609
vt 0.560872 0.757089
vt 0.631420 0.577576
vt 0.621034 0.835656
vt 0.611575 0.656757
vt 0.627591 0.725865
vt 0.601695 0.682443
vt 0.728522 0.695600
vt 0.649967 0.669950
vt 0.639626 0.698019
vt 0.597798 0.781330
vt 0.660865 0.856949
vt 0.671331 0.583782
vt 0.601650 0.868170
vt 0.579425 0.809367
vt 0.707682 0.621931
vt 0.665816 0.612850
vt 0.658698 0.641570
vt 0.709751 0.838651
vt 0.667583 0.743765
vt 0.738529 0.663413
vt 0.653806 0.773962
vt 0.719075 0.558635
vt 0.638327 0.804479
vt 0.714259 0.590571
vt 0.078249 0.368932
vt 0.747766 0.630850
vt 0.690483 0.683355
vt 0.643534 0.891530
vt 0.679790 0.713638
vt 0.762249 0.563283
vt 0.800195 0.568279
vt 0.676942 0.823788
vt 0.755949 0.597597
vt 0.716048 0.881889
vt 0.737386 0.772121
vt 0.800850 0.529372
vt 0.705291 0.759450
vt 0.724062 0.805245
vt 0.691761 0.791431
vt 0.763734 0.901955
vt 0.804835 0.644426
vt 0.792201 0.604408
vt 0.098268 0.462412
vt 0.694674 0.872699
vt 0.793577 0.678731
vt 0.782496 0.638958
vt 0.770370 0.746326
vt 0.671947 0.900924
vt 0.330603 0.232434
vt 0.255460 0.152047
vt 0.329366 0.208454
vt 0.331997 0.160069
vt 0.304254 0.286996
vt 0.342764 0.111763
vt 0.333414 0.256185
vt 0.329786 0.184308
vt 0.350894 0.325401
vt 0.337750 0.279644
vt 0.336210 0.135827
vt 0.294776 0.182679
vt 0.296725 0.155801
vt 0.318611 0.336974
vt 0.300708 0.128553
vt 0.310658 0.312206
vt 0.216899 0.083149
vt 0.296237 0.235471
vt 0.254195 0.181619
vt 0.294656 0.209229
vt 0.175991 0.248196
vt 0.256724 0.239296
vt 0.254643 0.210669
vt 0.258570 0.121792
vt 0.173108 0.079272
vt 0.272621 0.323140
vt 0.221850 0.047561
vt 0.263704 0.090626
vt 0.224609 0.304614
vt 0.265711 0.295531
vt 0.271378 0.058110
vt 0.260407 0.267582
vt 0.136016 0.113990
vt 0.211369 0.181607
vt 0.180036 0.280641
vt 0.211712 0.149730
vt 0.240290 0.364800
vt 0.213555 0.117024
vt 0.231520 0.334813
vt 0.184995 0.313123
vt 0.215098 0.243746
vt 0.175548 0.042309
vt 0.212486 0.212885
vt 0.199667 0.378644
vt 0.163512 0.389998
vt 0.171424 0.114656
vt 0.191246 0.345795
vt 0.109388 0.077611
vt 0.137256 0.183949
vt 0.178970 0.424728
vt 0.171285 0.182560
vt 0.136159 0.149270
vt 0.170761 0.148990
vt 0.060999 0.077718
vt 0.123850 0.325256
vt 0.155822 0.354730
vt 0.109505 0.040643
vt 0.136571 0.077916
vt 0.120091 0.290038
vt 0.150404 0.320168
vt 0.113779 0.220295
vt 0.137366 0.040766
vt 0.116798 0.255134
vt 0.146150 0.286027
vt 0.142485 0.252116
vt 0.139398 0.218173
vt 0.135664 0.398045
vt 0.061041 0.040769
vt 0.109383 0.114005
vt 0.128625 0.360880
vt 0.041102 0.339047
vt 0.062464 0.151462
vt 0.111396 0.185262
vt 0.072548 0.296936
vt 0.152093 0.436328
vt 0.061420 0.114687
vt 0.109963 0.149861
vt 0.075447 0.333564
vt 0.066919 0.224328
vt 0.328184 0.361180
vt 0.080350 0.397711
vt 0.094692 0.221936
vt 0.100679 0.292943
vt 0.089525 0.077604
vt 0.092197 0.186350
vt 0.107871 0.363570
vt 0.069767 0.260569
vt 0.026609 0.040361
vt 0.036117 0.264495
vt 0.030529 0.190185
vt 0.043613 0.376676
vt 0.064315 0.187998
vt 0.085535 0.425670
vt 0.251475 0.394237
vt 0.026803 0.077893
vt 0.028515 0.152856
vt 0.033257 0.227379
vt 0.038687 0.301674
vt 0.291582 0.377004
vt 0.782074 0.712591
vt 0.031055 0.498282
vt 0.112302 0.396247
vt 0.038701 0.438298
vt 0.089767 0.114211
vt 0.104115 0.328794
vt 0.097619 0.257385
vt 0.043699 0.408808
vt 0.089474 0.040753
vt 0.212692 0.410649
vt 0.359652 0.347544
vt 0.027309 0.115415
vt 0.024517 0.472479
vt 0.090575 0.150452
vt 0.173005 0.215566
vt 0.219165 0.274283
vt 0.281200 0.350348
vt 0.299448 0.261401
vt 0.343583 0.302741
vt 0.307060 0.100897
vt 0.771968 0.672655
vt 0.010186 0.191555
vt 0.020788 0.342104
vt 0.761062 0.705935
vt 0.006335 0.077988
vt 0.022923 0.380001
vt 0.749680 0.739062
vt 0.824563 0.571956
vt 0.006205 0.039995
vt 0.748833 0.935855
vt 0.015953 0.266868
vt 0.008130 0.153738
vt 0.013008 0.229263
vt 0.023042 0.413216
vt 0.730664 0.847628
vt 0.005970 0.513327
vt 0.815409 0.609294
vt 0.018694 0.441848
vt 0.018521 0.304456
vt 0.009239 0.480168
vt 0.006886 0.115884
vt 0.316707 0.073046
vt 0.352718 0.088421
vt 0.889249 0.666928
vt 0.792303 0.832709
vt 0.758030 0.780031
vt 0.843274 0.692997
vt 0.825602 0.530132
vt 0.778272 0.867434
vt 0.744766 0.813750
vt 0.855962 0.657751
vt 0.818216 0.762918
vt 0.636466 0.523474
vt 0.878292 0.596462
vt 0.792360 0.753975
vt 0.816489 0.685268
vt 0.738264 0.891170
vt 0.779924 0.788279
vt 0.839689 0.616474
vt 0.830653 0.727981
vt 0.779375 0.950071
vt 0.552606 0.122887
vt 0.723609 0.002645
vt 0.998146 0.509878
vt 0.353052 0.002716
vt 0.552534 0.493442
vt 0.793246 0.041785
vt 0.793255 0.977958
vt 0.708546 0.025386
vt 0.709484 0.026661
vt 0.990682 0.482387
vt 0.625938 0.068295
vt 0.933903 0.397545
vt 0.601604 0.090995
vt 0.920153 0.363825
vt 0.572385 0.110661
vt 0.906377 0.328046
vt 0.571682 0.109193
vt 0.539011 0.121493
vt 0.539370 0.123086
vt 0.892901 0.292197
vt 0.504296 0.127558
vt 0.879853 0.256145
vt 0.504295 0.125919
vt 0.469437 0.122183
vt 0.469070 0.123783
vt 0.867057 0.219897
vt 0.436386 0.110485
vt 0.435662 0.111958
vt 0.853813 0.183709
vt 0.405900 0.092734
vt 0.839832 0.147767
vt 0.406944 0.091469
vt 0.382695 0.066162
vt 0.381387 0.067151
vt 0.825104 0.112102
vt 0.363451 0.036595
vt 0.809601 0.076766
vt 0.364954 0.035933
vt 0.673526 0.044989
vt 0.965614 0.447390
vt 0.646765 0.054071
vt 0.946917 0.422251
vt 0.646188 0.052558
vt 0.862738 0.738113
vt 0.837172 0.809462
vt 0.902683 0.631222
vt 0.805602 0.797863
vt 0.884996 0.570027
vt 0.721456 0.526190
vt 0.794658 0.915367
vt 0.823719 0.845012
vt 0.849992 0.773767
vt 0.875846 0.702557
vt 0.677129 0.524745
vt 0.963201 0.525819
vt 0.849282 0.584596
vt 0.931889 0.578273
vt 0.752656 0.856829
vt 0.828411 0.650463
vt 0.658249 0.048739
vt 0.658693 0.050282
vt 0.955025 0.433562
vt 0.691718 0.035426
vt 0.692371 0.036896
vt 0.979126 0.465084
vt 0.586704 0.100295
vt 0.587569 0.101673
vt 0.913237 0.345933
vt 0.613294 0.077923
vt 0.614359 0.079154
vt 0.927112 0.381504
vt 0.521976 0.126343
vt 0.886323 0.274201
vt 0.421111 0.101835
vt 0.420220 0.103213
vt 0.846902 0.165710
vt 0.555713 0.116291
vt 0.556247 0.117831
vt 0.899591 0.310141
vt 0.452569 0.117297
vt 0.452020 0.118844
vt 0.860523 0.201782
vt 0.372944 0.051565
vt 0.371529 0.052396
vt 0.817442 0.094396
vt 0.486760 0.125069
vt 0.486577 0.126699
vt 0.873465 0.238032
vt 0.635717 0.058870
vt 0.636564 0.060253
vt 0.940314 0.410761
vt 0.394082 0.079522
vt 0.392897 0.080657
vt 0.832545 0.129905
vt 0.358840 0.019475
vt 0.357260 0.019961
vt 0.801531 0.059237
vt 0.718072 0.014354
vt 0.719395 0.015177
vt 0.996561 0.496675
vt 0.804424 0.719675
vt 0.915769 0.602164
vt 0.764046 0.527782
vt 0.601258 0.522382
vt 0.809528 0.880339
vt 0.958253 0.553097
vt 0.766664 0.822549
vt 0.717518 0.727570
vt 0.699739 0.652819
vt 0.675164 0.554388
vt 0.619805 0.630700
vt 0.596628 0.572158
vt 0.542592 0.780984
vt 0.857637 0.816920
vt 0.910312 0.672976
vt 0.814625 0.924115
vt 0.924182 0.637342
vt 0.798970 0.959309
vt 0.883413 0.744638
vt 0.844035 0.852927
vt 0.870564 0.780741
vt 0.937522 0.607858
vt 0.993809 0.522636
vt 0.952488 0.584716
vt 0.552891 0.124427
vt 0.722069 0.002359
vt 0.006189 0.526115
vt 0.553180 0.126162
vt 0.720333 0.002070
vt 0.002486 0.020939
vt 0.356309 0.002121
vt 0.553129 0.490186
vt 0.354681 0.002419
vt 0.552831 0.491814
vt 0.001846 0.499873
vt 0.707319 0.024186
vt 0.019023 0.398315
vt 0.623822 0.065785
vt 0.624944 0.067007
vt 0.017490 0.361655
vt 0.599476 0.088500
vt 0.600598 0.089716
vt 0.015295 0.323891
vt 0.570859 0.107755
vt 0.012892 0.286220
vt 0.538560 0.119894
vt 0.010100 0.248540
vt 0.504255 0.124252
vt 0.007083 0.210783
vt 0.469802 0.120554
vt 0.004582 0.172898
vt 0.437122 0.108987
vt 0.002930 0.134961
vt 0.408007 0.090182
vt 0.002051 0.097013
vt 0.384027 0.065155
vt 0.001846 0.058978
vt 0.366478 0.035257
vt 0.010463 0.458392
vt 0.672304 0.041944
vt 0.673005 0.043474
vt 0.017375 0.427395
vt 0.645414 0.051080
vt 0.896674 0.708748
vt 0.976657 0.553350
vt 0.829701 0.888670
vt 0.493817 0.773324
vt 0.014519 0.441462
vt 0.657618 0.047189
vt 0.005317 0.479928
vt 0.690843 0.033985
vt 0.016402 0.342743
vt 0.585717 0.098966
vt 0.018499 0.380591
vt 0.612113 0.076762
vt 0.011547 0.267385
vt 0.521546 0.123072
vt 0.521794 0.124718
vt 0.003668 0.153931
vt 0.422016 0.100433
vt 0.014134 0.305053
vt 0.555070 0.114762
vt 0.005733 0.191857
vt 0.453125 0.115722
vt 0.001861 0.078014
vt 0.374383 0.050720
vt 0.008576 0.229677
vt 0.486926 0.123408
vt 0.018686 0.413469
vt 0.634714 0.057541
vt 0.002421 0.115986
vt 0.395287 0.078368
vt 0.002062 0.039944
vt 0.360422 0.018984
vt 0.002351 0.514360
vt 0.716512 0.013576
vt 0.584329 0.509876
vt 0.588779 0.509876
vt 0.475043 0.770882
vt 0.475043 0.248870
vt 0.472401 0.252469
vt 0.472401 0.767283
vt 0.588032 0.485660
vt 0.583591 0.485934
vt 0.581376 0.462090
vt 0.585791 0.461541
vt 0.577686 0.438435
vt 0.582058 0.437612
vt 0.572515 0.415053
vt 0.576829 0.413955
vt 0.565858 0.392021
vt 0.570100 0.390646
vt 0.557697 0.369423
vt 0.561851 0.367765
vt 0.547995 0.347357
vt 0.552040 0.345407
vt 0.536680 0.325956
vt 0.540589 0.323695
vt 0.523639 0.305401
vt 0.527372 0.302803
vt 0.508702 0.285958
vt 0.512202 0.282984
vt 0.491672 0.268106
vt 0.494835 0.264770
vt 0.360949 0.387630
vt 0.373726 0.409014
vt 0.387907 0.429522
vt 0.403425 0.449101
vt 0.420265 0.467684
vt 0.438437 0.485193
vt 0.457985 0.501532
vt 0.479005 0.516556
vt 0.501663 0.530047
vt 0.526225 0.541665
vt 0.552953 0.550510
vt 0.328561 0.405583
vt 0.342609 0.429007
vt 0.358128 0.451492
vt 0.375033 0.473020
vt 0.393326 0.493535
vt 0.587134 0.473579
vt 0.582724 0.473989
vt 0.584147 0.449542
vt 0.579771 0.450225
vt 0.579667 0.425737
vt 0.575341 0.426693
vt 0.573688 0.402242
vt 0.569427 0.403473
vt 0.566202 0.379135
vt 0.562019 0.380644
vt 0.557178 0.356500
vt 0.553093 0.358294
vt 0.546559 0.334446
vt 0.542594 0.336539
vt 0.534242 0.313117
vt 0.530430 0.315532
vt 0.520075 0.292722
vt 0.516464 0.295491
vt 0.503828 0.273601
vt 0.500481 0.276768
vt 0.485195 0.256582
vt 0.482277 0.260049
vt 0.588629 0.497761
vt 0.584201 0.497897
vt 0.580108 0.509876
vt 0.413034 0.513024
vt 0.434224 0.531474
vt 0.457054 0.548846
vt 0.481782 0.565069
vt 0.508806 0.580022
vt 0.538805 0.593398
vt 0.291732 0.425992
vt 0.307386 0.451613
vt 0.324603 0.476094
vt 0.343126 0.499546
vt 0.362922 0.522031
vt 0.384054 0.543584
vt 0.406611 0.564275
vt 0.430776 0.584180
vt 0.456803 0.603424
vt 0.485102 0.622178
vt 0.516304 0.640744
vt 0.253183 0.447513
vt 0.270786 0.475327
vt 0.290253 0.501388
vt 0.469683 0.763737
vt 0.469683 0.256015
vt 0.579378 0.486195
vt 0.578431 0.474387
vt 0.577189 0.462610
vt 0.575513 0.450889
vt 0.573540 0.439216
vt 0.571132 0.427624
vt 0.568425 0.416095
vt 0.565282 0.404672
vt 0.561837 0.393327
vt 0.557953 0.382114
vt 0.553762 0.370996
vt 0.549124 0.360041
vt 0.544166 0.349206
vt 0.538746 0.338576
vt 0.532986 0.328097
vt 0.526738 0.317878
vt 0.520118 0.307857
vt 0.512974 0.298175
vt 0.505419 0.288760
vt 0.497304 0.279781
vt 0.488662 0.271298
vt 0.579891 0.498030
vt 0.479453 0.263422
vt 0.911679 0.087506
vt 0.310809 0.526220
vt 0.577381 0.509876
vt 0.988685 0.125461
vt 0.332186 0.550223
vt 0.354541 0.573509
vt 0.378116 0.596099
vt 0.403067 0.618122
vt 0.429558 0.639878
vt 0.457866 0.661689
vt 0.488326 0.684165
vt 0.217956 0.467688
vt 0.237309 0.497721
vt 0.259074 0.524783
vt 0.281630 0.550390
vt 0.304618 0.575213
vt 0.328052 0.599606
vt 0.352333 0.623529
vt 0.377727 0.647021
vt 0.404280 0.670373
vt 0.432058 0.693978
vt 0.461060 0.718540
vt 0.188370 0.485127
vt 0.209931 0.517054
vt 0.233471 0.544573
vt 0.257509 0.570597
vt 0.468246 0.258138
vt 0.468246 0.761613
vt 0.834673 0.049552
vt 0.576656 0.486363
vt 0.995884 0.104237
vt 0.575771 0.474634
vt 0.997345 0.093102
vt 0.574484 0.462946
vt 0.997345 0.081873
vt 0.572875 0.451300
vt 0.995875 0.070740
vt 0.570862 0.439720
vt 0.992968 0.059893
vt 0.568525 0.428201
vt 0.988666 0.049519
vt 0.565783 0.416769
vt 0.983051 0.039794
vt 0.562714 0.405416
vt 0.976211 0.030888
vt 0.559240 0.394171
vt 0.968270 0.022948
vt 0.555435 0.383025
vt 0.959359 0.016115
vt 0.551222 0.372012
vt 0.949633 0.010500
vt 0.546667 0.361124
vt 0.939256 0.006207
vt 0.541697 0.350400
vt 0.928409 0.003301
vt 0.536367 0.339837
vt 0.917275 0.001840
vt 0.530606 0.329478
vt 0.906045 0.001840
vt 0.524457 0.319329
vt 0.894912 0.003310
vt 0.517855 0.309439
vt 0.884065 0.006217
vt 0.510824 0.299831
vt 0.873692 0.010519
vt 0.503309 0.290561
vt 0.863967 0.016134
vt 0.495312 0.281674
vt 0.855060 0.022974
vt 0.486808 0.273271
vt 0.847120 0.030914
vt 0.577220 0.498113
vt 0.992978 0.115084
vt 0.477791 0.265422
vt 0.840287 0.039826
vt 0.281769 0.595863
vt 0.982577 0.122450
vt 0.306149 0.620843
vt 0.330965 0.645606
vt 0.356631 0.670036
vt 0.383194 0.694282
vt 0.410526 0.718681
vt 0.438283 0.743836
vt 0.160473 0.501409
vt 0.191566 0.532147
vt 0.215557 0.559001
vt 0.240375 0.585116
vt 0.265421 0.610648
vt 0.290449 0.635942
vt 0.315661 0.661168
vt 0.341526 0.686136
vt 0.368151 0.710840
vt 0.395313 0.735524
vt 0.422484 0.760528
vt 0.034124 0.541021
vt 0.840780 0.052562
vt 0.989205 0.102910
vt 0.990545 0.092658
vt 0.990550 0.082320
vt 0.989191 0.072071
vt 0.986520 0.062083
vt 0.982555 0.052535
vt 0.977390 0.043579
vt 0.971088 0.035383
vt 0.963782 0.028068
vt 0.955574 0.021782
vt 0.946623 0.016608
vt 0.937067 0.012661
vt 0.927082 0.009980
vt 0.916831 0.008640
vt 0.906492 0.008635
vt 0.896243 0.009994
vt 0.886255 0.012664
vt 0.876707 0.016630
vt 0.867751 0.021795
vt 0.859555 0.028097
vt 0.852241 0.035403
vt 0.986524 0.112895
vt 0.845955 0.043612
vt 0.121482 0.590251
vt 0.148575 0.615278
vt 0.175928 0.641401
vt 0.203004 0.667512
vt 0.229754 0.693900
vt 0.256321 0.720547
vt 0.283207 0.746983
vt 0.310585 0.772947
vt 0.338446 0.798398
vt 0.366579 0.823642
vt 0.170924 0.596193
vt 0.197595 0.622254
vt 0.385371 0.801529
vt 0.224175 0.648197
vt 0.250479 0.674199
vt 0.276641 0.700359
vt 0.303134 0.726337
vt 0.087560 0.533919
vt 0.330171 0.751891
vt 0.145510 0.571865
vt 0.357634 0.777035
vt 0.374802 0.085729
vt 0.067960 0.558518
vt 0.302281 0.674681
vt 0.380012 0.351089
vt 0.363316 0.308888
vt 0.366974 0.319635
vt 0.370979 0.330259
vt 0.357056 0.287062
vt 0.360009 0.298027
vt 0.352226 0.264855
vt 0.354461 0.276002
vt 0.348851 0.242345
vt 0.350355 0.253634
vt 0.346967 0.219609
vt 0.347721 0.231001
vt 0.346635 0.196734
vt 0.346605 0.208184
vt 0.347948 0.173819
vt 0.347082 0.185276
vt 0.351051 0.150997
vt 0.349271 0.162390
vt 0.356189 0.128490
vt 0.353354 0.139688
vt 0.363806 0.106628
vt 0.359626 0.117429
vt 0.368930 0.096130
vt 0.375327 0.340747
vt 0.328300 0.700067
vt 0.355053 0.725075
vt 0.178529 0.550273
vt 0.382212 0.749902
vt 0.200426 0.572401
vt 0.409255 0.774560
vt 0.225572 0.597878
vt 0.251198 0.623606
vt 0.276721 0.649134
vt 0.097750 0.572917
vt 0.124714 0.555374
vt 0.161008 0.535904
vt 0.380665 0.419366
vt 0.367193 0.398404
vt 0.448046 0.493501
vt 0.490124 0.523491
vt 0.539307 0.546545
vt 0.401247 0.419632
vt 0.488353 0.502097
vt 0.432244 0.456027
vt 0.532846 0.524827
vt 0.416110 0.438325
vt 0.335394 0.417410
vt 0.366422 0.462371
vt 0.429196 0.476564
vt 0.468313 0.509202
vt 0.375440 0.379584
vt 0.449645 0.472647
vt 0.411694 0.458508
vt 0.387679 0.400028
vt 0.468330 0.488062
vt 0.509808 0.514490
vt 0.350192 0.440369
vt 0.513690 0.536096
vt 0.557593 0.532145
vt 0.445428 0.540288
vt 0.494982 0.572704
vt 0.546858 0.570931
vt 0.389808 0.460609
vt 0.426309 0.498596
vt 0.468661 0.532089
vt 0.492424 0.546863
vt 0.299342 0.438950
vt 0.352862 0.510907
vt 0.333708 0.487943
vt 0.358811 0.418602
vt 0.315820 0.463990
vt 0.469165 0.557096
vt 0.523436 0.586983
vt 0.518345 0.560036
vt 0.373610 0.440090
vt 0.407368 0.480129
vt 0.446696 0.515949
vt 0.403012 0.503399
vt 0.345410 0.396250
vt 0.423444 0.522370
vt 0.443550 0.593861
vt 0.500282 0.631464
vt 0.420733 0.547766
vt 0.310558 0.415557
vt 0.325353 0.440078
vt 0.341659 0.463588
vt 0.359333 0.486112
vt 0.398810 0.528181
vt 0.280351 0.488541
vt 0.343225 0.561955
vt 0.321391 0.538313
vt 0.497642 0.601049
vt 0.528544 0.617078
vt 0.395159 0.554022
vt 0.378377 0.507638
vt 0.418495 0.574304
vt 0.261662 0.461680
vt 0.470648 0.612834
vt 0.300421 0.513928
vt 0.444305 0.566422
vt 0.469798 0.584174
vt 0.443488 0.650744
vt 0.502627 0.663369
vt 0.326796 0.513030
vt 0.369136 0.558846
vt 0.416860 0.601595
vt 0.443205 0.622193
vt 0.248061 0.511485
vt 0.316256 0.587462
vt 0.293079 0.562869
vt 0.227010 0.483283
vt 0.270282 0.537722
vt 0.472797 0.672805
vt 0.471627 0.642623
vt 0.307294 0.488804
vt 0.347367 0.536357
vt 0.392250 0.580540
vt 0.272360 0.436761
vt 0.390420 0.607182
vt 0.289002 0.463467
vt 0.416122 0.629018
vt 0.364883 0.635318
vt 0.418001 0.682134
vt 0.474300 0.702527
vt 0.295689 0.538720
vt 0.340795 0.587123
vt 0.389951 0.633273
vt 0.235009 0.457839
vt 0.253438 0.486800
vt 0.198482 0.502067
vt 0.560616 0.863937
vt 0.560616 0.155815
vt 0.567882 0.169470
vt 0.562774 0.188269
vt 0.548207 0.203708
vt 0.531299 0.217350
vt 0.516388 0.220334
vt 0.500125 0.804505
vt 0.500125 0.215247
vt 0.269625 0.583290
vt 0.245443 0.557718
vt 0.221628 0.531078
vt 0.446383 0.706094
vt 0.444559 0.678800
vt 0.274093 0.513438
vt 0.317889 0.563206
vt 0.364752 0.610448
vt 0.340066 0.611628
vt 0.416492 0.655922
vt 0.390835 0.658724
vt 0.318473 0.633261
vt 0.369793 0.682172
vt 0.424364 0.731108
vt 0.340957 0.635340
vt 0.393053 0.683233
vt 0.420574 0.707328
vt 0.448881 0.732337
vt 0.292454 0.586205
vt 0.227893 0.572127
vt 0.203456 0.545769
vt 0.222637 0.507948
vt 0.245390 0.535282
vt 0.293931 0.608376
vt 0.268770 0.561130
vt 0.343679 0.657859
vt 0.316390 0.610941
vt 0.396765 0.706438
vt 0.178887 0.517451
vt 0.366500 0.659362
vt 0.202235 0.476947
vt 0.277932 0.623304
vt 0.328494 0.673688
vt 0.381679 0.723164
vt 0.429675 0.752963
vt 0.248241 0.578434
vt 0.297679 0.629000
vt 0.348476 0.678758
vt 0.176233 0.491878
vt 0.199682 0.524715
vt 0.375063 0.703267
vt 0.354750 0.698504
vt 0.408940 0.747954
vt 0.402283 0.727842
vt 0.223726 0.552295
vt 0.272941 0.603845
vt 0.322705 0.654027
vt 0.252897 0.597939
vt 0.303001 0.648575
vt 0.110167 0.545333
vt 0.361718 0.717846
vt 0.335040 0.692982
vt 0.237360 0.661175
vt 0.084054 0.565867
vt 0.309087 0.667804
vt 0.263970 0.636373
vt 0.395838 0.762245
vt 0.341642 0.712558
vt 0.134787 0.563007
vt 0.388861 0.742608
vt 0.208082 0.565493
vt 0.415919 0.767451
vt 0.233074 0.591355
vt 0.258417 0.616994
vt 0.283700 0.642411
vt 0.049129 0.550132
vt 0.162289 0.628374
vt 0.134772 0.602173
vt 0.216419 0.680663
vt 0.296845 0.760018
vt 0.374912 0.813784
vt 0.124180 0.514735
vt 0.369682 0.763690
vt 0.265222 0.711718
vt 0.319153 0.763738
vt 0.157798 0.583331
vt 0.189503 0.654435
vt 0.269702 0.733817
vt 0.352558 0.810922
vt 0.237479 0.636106
vt 0.185363 0.633046
vt 0.238825 0.685288
vt 0.053393 0.537179
vt 0.371482 0.789376
vt 0.346832 0.789044
vt 0.291931 0.737954
vt 0.131682 0.582017
vt 0.159358 0.520770
vt 0.212251 0.659077
vt 0.289291 0.687745
vt 0.158238 0.606891
vt 0.243030 0.707216
vt 0.109468 0.580815
vt 0.343852 0.764527
vt 0.316581 0.739176
vt 0.263549 0.687276
vt 0.184237 0.609229
vt 0.076861 0.550749
vt 0.161688 0.561209
vt 0.211331 0.610259
vt 0.289469 0.661914
vt 0.212808 0.584904
vt 0.170149 0.540790
vt 0.368626 0.737471
vt 0.188789 0.560842
vt 0.238396 0.610795
vt 0.263419 0.661880
vt 0.397006 0.788192
vt 0.342411 0.738717
vt 0.315552 0.713427
vt 0.210917 0.635236
vt 0.289825 0.713391
vt 0.315220 0.687396
vt 0.143372 0.543789
vt 0.109112 0.565471
vt 0.395515 0.439420
vt 0.384022 0.483394
vt 0.373316 0.532922
vt 0.366166 0.584886
vt 0.184953 0.540702
vt 0.324469 0.785724
vt 0.185356 0.584494
vt 0.307081 0.033129
vt 0.555260 0.599247
vt 0.255422 0.015607
vt 0.533312 0.650082
vt 0.202532 0.005233
vt 0.504566 0.695916
vt 0.156601 0.001948
vt 0.476055 0.731561
vt 0.181010 0.466235
vt 0.153827 0.478991
vt 0.121449 0.002538
vt 0.452092 0.757039
vt 0.098257 0.003731
vt 0.435670 0.773341
vt 0.074917 0.514188
vt 0.012485 0.002296
vt 0.379447 0.837882
vt 0.355101 0.376635
vt 0.322127 0.393537
vt 0.284601 0.412748
vt 0.245518 0.432817
vt 0.023884 0.531495
vt 0.043999 0.003877
vt 0.399313 0.813332
vt 0.079287 0.004631
vt 0.422298 0.786730
vt 0.250731 0.726080
vt 0.277733 0.752642
vt 0.142600 0.620510
vt 0.170032 0.646600
vt 0.333183 0.804267
vt 0.361692 0.829339
vt 0.115437 0.595549
vt 0.197202 0.672779
vt 0.224056 0.699290
vt 0.305219 0.778714
vt 0.091651 0.577868
vt 0.026246 0.543681
vt 0.062981 0.563037
vt 0.349304 0.054246
vt 0.567474 0.553425
vt 0.210650 0.450910
vt 0.172944 0.572256
vt 0.114227 0.496671
vt 0.440788 0.464475
vt 0.456798 0.575397
vt 0.458827 0.480509
vt 0.498894 0.508511
vt 0.381553 0.450459
vt 0.544998 0.528980
vt 0.424022 0.447301
vt 0.478171 0.495259
vt 0.381396 0.389902
vt 0.408522 0.429094
vt 0.521116 0.519937
vt 0.457480 0.524163
vt 0.480307 0.539642
vt 0.351933 0.407531
vt 0.505092 0.553651
vt 0.366057 0.429448
vt 0.486759 0.652922
vt 0.416676 0.489484
vt 0.432309 0.557196
vt 0.436327 0.507402
vt 0.329232 0.575235
vt 0.388429 0.518029
vt 0.409589 0.538080
vt 0.483400 0.592709
vt 0.459219 0.690538
vt 0.333329 0.451958
vt 0.228596 0.009430
vt 0.519346 0.674055
vt 0.512621 0.609173
vt 0.316909 0.501040
vt 0.350328 0.474973
vt 0.281953 0.023555
vt 0.545612 0.624769
vt 0.368683 0.497000
vt 0.406682 0.695232
vt 0.404371 0.591129
vt 0.306716 0.551040
vt 0.429814 0.611923
vt 0.280438 0.450297
vt 0.457145 0.632394
vt 0.297976 0.476292
vt 0.284803 0.526208
vt 0.358091 0.547704
vt 0.178372 0.002797
vt 0.489959 0.715062
vt 0.380524 0.569794
vt 0.243716 0.472725
vt 0.211744 0.493235
vt 0.430349 0.667361
vt 0.263613 0.500330
vt 0.415986 0.740289
vt 0.353596 0.647390
vt 0.195004 0.459043
vt 0.377190 0.621915
vt 0.379633 0.671314
vt 0.403047 0.644662
vt 0.383370 0.776024
vt 0.235936 0.565486
vt 0.233912 0.521860
vt 0.108723 0.003156
vt 0.443108 0.766007
vt 0.434621 0.719663
vt 0.260585 0.591197
vt 0.257024 0.548342
vt 0.310125 0.641541
vt 0.137498 0.002014
vt 0.463227 0.745566
vt 0.285297 0.616437
vt 0.280586 0.573729
vt 0.304372 0.598609
vt 0.328568 0.623189
vt 0.187638 0.509442
vt 0.061427 0.004473
vt 0.410472 0.800000
vt 0.388603 0.715524
vt 0.211642 0.538803
vt 0.171824 0.620014
vt 0.328911 0.726116
vt 0.335483 0.666431
vt 0.224429 0.623215
vt 0.168838 0.472210
vt 0.356009 0.751250
vt 0.361667 0.691027
vt 0.198239 0.597262
vt 0.276335 0.674813
vt 0.339306 0.384736
vt 0.152245 0.552076
vt 0.296351 0.655121
vt 0.245750 0.604231
vt 0.402458 0.755005
vt 0.321974 0.680425
vt 0.196180 0.553001
vt 0.250473 0.648983
vt 0.027728 0.003086
vt 0.389031 0.825974
vt 0.225577 0.672148
vt 0.278516 0.724883
vt 0.144650 0.593782
vt 0.302353 0.700624
vt 0.134167 0.530082
vt 0.264905 0.422839
vt 0.360831 0.801477
vt 0.305479 0.750906
vt 0.252016 0.698497
vt 0.198844 0.646054
vt 0.303791 0.402926
vt 0.043497 0.525016
vt 0.173968 0.528526
vt 0.094321 0.557803
vt 0.375253 0.730218
vt 0.220449 0.578359
vt 0.271063 0.629708
vt 0.120112 0.572986
vt 0.088800 0.004237
vt 0.428960 0.779977
vt 0.227451 0.442172
vt 0.369832 0.369075
vt 0.332941 0.776454
vt 0.059028 0.546637
vt 0.348307 0.705427
vt 0.352627 0.598857
vt 0.336943 0.524800
vt 0.317754 0.427944
vt 0.398432 0.470485
vt 0.394302 0.409936
vt 0.532261 0.565855
vt 0.264169 0.739416
vt 0.156353 0.633573
vt 0.347365 0.816844
vt 0.128752 0.607467
vt 0.007286 0.002077
vt 0.376075 0.841842
vt 0.210668 0.685986
vt 0.291427 0.765732
vt 0.237385 0.712678
vt 0.103420 0.585951
vt 0.015831 0.534519
vt 0.078712 0.570825
vt 0.183653 0.659658
vt 0.043304 0.553373
vt 0.319157 0.791538
vt 0.329733 0.043584
vt 0.562455 0.575179
vt 0.365896 0.064695
vt 0.570858 0.534145
vt 0.529865 0.137949
vt 0.528590 0.137011
vt 0.990681 0.537369
vt 0.486956 0.220554
vt 0.933901 0.622210
vt 0.464256 0.244887
vt 0.920150 0.655929
vt 0.444589 0.274105
vt 0.906374 0.691708
vt 0.446057 0.274808
vt 0.433757 0.307479
vt 0.432164 0.307119
vt 0.892898 0.727556
vt 0.427692 0.342194
vt 0.879849 0.763609
vt 0.429330 0.342195
vt 0.433066 0.377054
vt 0.431466 0.377421
vt 0.867053 0.799855
vt 0.444764 0.410105
vt 0.443291 0.410828
vt 0.853809 0.836042
vt 0.462514 0.440592
vt 0.839827 0.871982
vt 0.463780 0.439548
vt 0.489087 0.463797
vt 0.488097 0.465106
vt 0.825099 0.907645
vt 0.518654 0.483043
vt 0.809599 0.942978
vt 0.519316 0.481540
vt 0.510261 0.172967
vt 0.965613 0.572366
vt 0.501179 0.199727
vt 0.946916 0.597505
vt 0.502693 0.200304
vt 0.506511 0.188244
vt 0.504969 0.187800
vt 0.955024 0.586193
vt 0.519825 0.154776
vt 0.518355 0.154123
vt 0.979125 0.554672
vt 0.454955 0.259786
vt 0.453578 0.258921
vt 0.913235 0.673822
vt 0.477327 0.233197
vt 0.476097 0.232132
vt 0.927110 0.638251
vt 0.428907 0.324514
vt 0.886319 0.745553
vt 0.453414 0.425380
vt 0.452035 0.426271
vt 0.846897 0.854041
vt 0.438959 0.290777
vt 0.437419 0.290243
vt 0.899588 0.709614
vt 0.437952 0.393922
vt 0.436405 0.394471
vt 0.860519 0.817970
vt 0.503683 0.473549
vt 0.502853 0.474964
vt 0.817438 0.925349
vt 0.430181 0.359730
vt 0.428550 0.359913
vt 0.873461 0.781721
vt 0.496380 0.210775
vt 0.494997 0.209928
vt 0.940313 0.608994
vt 0.475726 0.452410
vt 0.474591 0.453594
vt 0.832540 0.889844
vt 0.535774 0.487654
vt 0.535288 0.489234
vt 0.801534 0.960505
vt 0.540897 0.128424
vt 0.540073 0.127100
vt 0.996561 0.523082
vt 0.023468 0.546338
vt 0.531065 0.139176
vt 0.112227 0.598634
vt 0.489465 0.222670
vt 0.488244 0.221547
vt 0.139275 0.623464
vt 0.466751 0.247015
vt 0.465535 0.245892
vt 0.166721 0.649545
vt 0.447495 0.275631
vt 0.193926 0.675768
vt 0.435356 0.307930
vt 0.220828 0.702350
vt 0.430997 0.342235
vt 0.734436 0.949192
vt 0.734455 0.070542
vt 0.740524 0.088289
vt 0.732546 0.106080
vt 0.710594 0.116599
vt 0.689274 0.120222
vt 0.676417 0.111285
vt 0.667434 0.094955
vt 0.667434 0.924796
vt 0.247561 0.729219
vt 0.434695 0.376688
vt 0.274626 0.755859
vt 0.446262 0.409368
vt 0.302179 0.781983
vt 0.465067 0.438485
vt 0.330203 0.807587
vt 0.490093 0.462466
vt 0.658544 0.920984
vt 0.658544 0.098767
vt 0.358802 0.832686
vt 0.519992 0.480016
vt 0.060753 0.566464
vt 0.513306 0.174189
vt 0.511777 0.173489
vt 0.088920 0.581147
vt 0.504171 0.201078
vt 0.076318 0.574267
vt 0.508062 0.188875
vt 0.040962 0.556529
vt 0.521265 0.155651
vt 0.153031 0.636513
vt 0.456284 0.260773
vt 0.125446 0.610469
vt 0.478488 0.234378
vt 0.207415 0.689009
vt 0.432178 0.324944
vt 0.430532 0.324696
vt 0.288354 0.768974
vt 0.454816 0.424475
vt 0.180357 0.662621
vt 0.440488 0.291420
vt 0.261031 0.742593
vt 0.439526 0.393366
vt 0.344412 0.820205
vt 0.504529 0.472110
vt 0.234185 0.715777
vt 0.431842 0.359564
vt 0.100418 0.589120
vt 0.497709 0.211778
vt 0.316145 0.794836
vt 0.476881 0.451205
vt 0.003136 0.001915
vt 0.373373 0.845008
vt 0.536265 0.486072
vt 0.012710 0.536621
vt 0.541675 0.129984
vt 0.588032 0.534092
vt 0.583591 0.533818
vt 0.581376 0.557663
vt 0.585791 0.558211
vt 0.577686 0.581317
vt 0.582058 0.582141
vt 0.572515 0.604699
vt 0.576829 0.605797
vt 0.565857 0.627731
vt 0.570099 0.629106
vt 0.557697 0.650330
vt 0.561851 0.651987
vt 0.547994 0.672395
vt 0.552040 0.674345
vt 0.536680 0.693796
vt 0.540589 0.696057
vt 0.523638 0.714351
vt 0.527372 0.716949
vt 0.508702 0.733794
vt 0.512202 0.736768
vt 0.491672 0.751645
vt 0.494835 0.754982
vt 0.587134 0.546173
vt 0.582724 0.545764
vt 0.584147 0.570211
vt 0.579771 0.569528
vt 0.579666 0.594016
vt 0.575341 0.593059
vt 0.573688 0.617510
vt 0.569426 0.616279
vt 0.566202 0.640617
vt 0.562019 0.639108
vt 0.557178 0.663252
vt 0.553093 0.661458
vt 0.546558 0.685306
vt 0.542594 0.683213
vt 0.534242 0.706635
vt 0.530430 0.704220
vt 0.520075 0.727030
vt 0.516463 0.724261
vt 0.503828 0.746151
vt 0.500481 0.742983
vt 0.485195 0.763170
vt 0.482277 0.759703
vt 0.588629 0.521992
vt 0.584201 0.521855
vt 0.579378 0.533558
vt 0.578431 0.545365
vt 0.577189 0.557142
vt 0.575513 0.568863
vt 0.573540 0.580537
vt 0.571132 0.592128
vt 0.568425 0.603657
vt 0.565281 0.615080
vt 0.561836 0.626425
vt 0.557953 0.637639
vt 0.553761 0.648757
vt 0.549124 0.659711
vt 0.544166 0.670546
vt 0.538746 0.681176
vt 0.532986 0.691655
vt 0.526737 0.701874
vt 0.520118 0.711895
vt 0.512974 0.721578
vt 0.505419 0.730992
vt 0.497304 0.739971
vt 0.488662 0.748454
vt 0.579891 0.521722
vt 0.479453 0.756330
vt 0.576656 0.533390
vt 0.976237 0.144098
vt 0.575771 0.545118
vt 0.968297 0.152039
vt 0.574484 0.556807
vt 0.959391 0.158879
vt 0.572875 0.568452
vt 0.949666 0.164494
vt 0.570862 0.580032
vt 0.939292 0.168795
vt 0.568524 0.591551
vt 0.928445 0.171702
vt 0.565783 0.602983
vt 0.917312 0.173173
vt 0.562714 0.614337
vt 0.906083 0.173173
vt 0.559240 0.625582
vt 0.894948 0.171712
vt 0.555435 0.636728
vt 0.884101 0.168805
vt 0.551222 0.647740
vt 0.873724 0.164512
vt 0.546667 0.658628
vt 0.863999 0.158898
vt 0.541697 0.669352
vt 0.855087 0.152065
vt 0.536367 0.679915
vt 0.847146 0.144125
vt 0.530606 0.690274
vt 0.840306 0.135218
vt 0.524457 0.700423
vt 0.834691 0.125493
vt 0.517855 0.710313
vt 0.830389 0.115120
vt 0.510824 0.719921
vt 0.827483 0.104273
vt 0.503309 0.729191
vt 0.826012 0.093140
vt 0.495312 0.738077
vt 0.826012 0.081910
vt 0.486808 0.746481
vt 0.827473 0.070776
vt 0.577220 0.521640
vt 0.983070 0.135186
vt 0.477791 0.754330
vt 0.830379 0.059929
vt 0.971117 0.139609
vt 0.963802 0.146916
vt 0.955606 0.153218
vt 0.946650 0.158382
vt 0.937102 0.162348
vt 0.927114 0.165018
vt 0.916866 0.166378
vt 0.906527 0.166372
vt 0.896275 0.165033
vt 0.886290 0.162351
vt 0.876735 0.158405
vt 0.867784 0.153230
vt 0.859576 0.146945
vt 0.852269 0.139630
vt 0.845967 0.131434
vt 0.840803 0.122478
vt 0.836837 0.112930
vt 0.834167 0.102942
vt 0.832807 0.092693
vt 0.832813 0.082354
vt 0.834152 0.072103
vt 0.977403 0.131401
vt 0.836833 0.062118
vt 0.402048 0.390762
vt 0.396055 0.381120
vt 0.390381 0.371287
vt 0.414982 0.409427
vt 0.408359 0.400200
vt 0.429151 0.427202
vt 0.421914 0.418429
vt 0.444525 0.444001
vt 0.436690 0.435727
vt 0.461083 0.459723
vt 0.452658 0.452001
vt 0.478811 0.474232
vt 0.469802 0.467135
vt 0.497710 0.487337
vt 0.488116 0.480968
vt 0.517789 0.498758
vt 0.507605 0.493269
vt 0.539042 0.508025
vt 0.528274 0.503684
vt 0.561486 0.514261
vt 0.550120 0.511632
vt 0.381258 0.075404
vt 0.573287 0.515647
vt 0.385033 0.361272
vt 0.567882 0.850281
vt 0.562774 0.831482
vt 0.548206 0.816043
vt 0.531298 0.802401
vt 0.516387 0.799418
vt 0.740524 0.931469
vt 0.732546 0.913670
vt 0.710594 0.903151
vt 0.689274 0.899529
vt 0.676417 0.908466
vt 0.145263 0.726583
vt 0.369101 0.307024
vt 0.150418 0.717655
vt 0.372599 0.317618
vt 0.154365 0.708131
vt 0.376631 0.328023
vt 0.131696 0.742051
vt 0.362952 0.285577
vt 0.138985 0.734761
vt 0.365754 0.296380
vt 0.114587 0.753480
vt 0.358214 0.263757
vt 0.123515 0.748325
vt 0.360306 0.274732
vt 0.095104 0.760092
vt 0.354909 0.241641
vt 0.105062 0.757423
vt 0.356280 0.252747
vt 0.074573 0.761435
vt 0.353073 0.219312
vt 0.084882 0.761435
vt 0.353704 0.230508
vt 0.054394 0.757419
vt 0.352761 0.196864
vt 0.064352 0.760088
vt 0.352622 0.208100
vt 0.035942 0.748317
vt 0.354062 0.174406
vt 0.044870 0.753472
vt 0.353107 0.185624
vt 0.020475 0.734750
vt 0.357105 0.152086
vt 0.027764 0.742040
vt 0.355265 0.163206
vt 0.009051 0.717651
vt 0.362066 0.130160
vt 0.014200 0.726570
vt 0.359254 0.141026
vt 0.002746 0.698428
vt 0.369524 0.109130
vt 0.005168 0.708204
vt 0.365439 0.119473
vt 0.002112 0.677695
vt 0.380115 0.088912
vt 0.001843 0.688270
vt 0.374410 0.099003
vt 0.157033 0.698173
vt 0.380810 0.338369
vt 0.158381 0.687952
vt 0.385507 0.348490
vt 0.150425 0.647938
vt 0.407155 0.387469
vt 0.154369 0.657464
vt 0.401181 0.378049
vt 0.157037 0.667422
vt 0.395694 0.368336
vt 0.138996 0.630830
vt 0.419860 0.405799
vt 0.145271 0.639010
vt 0.413271 0.396796
vt 0.123529 0.617262
vt 0.433778 0.423247
vt 0.131707 0.623540
vt 0.426591 0.414700
vt 0.105077 0.608161
vt 0.448878 0.439728
vt 0.114601 0.612108
vt 0.441108 0.431681
vt 0.084898 0.604145
vt 0.465127 0.455139
vt 0.095119 0.605492
vt 0.456792 0.447645
vt 0.064367 0.605489
vt 0.482503 0.469340
vt 0.074588 0.604145
vt 0.473614 0.462473
vt 0.044884 0.612100
vt 0.500988 0.482140
vt 0.054409 0.608157
vt 0.491555 0.476003
vt 0.027775 0.623529
vt 0.520558 0.493261
vt 0.035955 0.617255
vt 0.510598 0.488003
vt 0.014215 0.638988
vt 0.541120 0.502269
vt 0.020486 0.630819
vt 0.530704 0.498130
vt 0.005451 0.657222
vt 0.562538 0.508125
vt 0.009130 0.647847
vt 0.551754 0.505688
vt 0.003228 0.667175
vt 0.386383 0.079070
vt 0.573648 0.509406
vt 0.158381 0.677643
vt 0.390349 0.358543
vt 0.983981 0.123142
vt 0.839377 0.051870
vt 0.990740 0.103215
vt 0.992142 0.092763
vt 0.992112 0.082217
vt 0.990761 0.071758
vt 0.988002 0.061579
vt 0.983990 0.051827
vt 0.978691 0.042709
vt 0.972292 0.034327
vt 0.964814 0.026891
vt 0.956463 0.020451
vt 0.947315 0.015204
vt 0.937581 0.011145
vt 0.927387 0.008445
vt 0.916935 0.007043
vt 0.906389 0.007073
vt 0.895931 0.008424
vt 0.885752 0.011183
vt 0.875999 0.015195
vt 0.866881 0.020494
vt 0.858499 0.026893
vt 0.851064 0.034371
vt 0.988040 0.113409
vt 0.844624 0.042722
vt 0.972294 0.140641
vt 0.964858 0.148119
vt 0.956476 0.154519
vt 0.947358 0.159818
vt 0.937606 0.163830
vt 0.927427 0.166588
vt 0.916968 0.167940
vt 0.906422 0.167970
vt 0.895970 0.166568
vt 0.885776 0.163868
vt 0.876043 0.159808
vt 0.866895 0.154561
vt 0.858544 0.148121
vt 0.851066 0.140686
vt 0.844666 0.132304
vt 0.839367 0.123186
vt 0.835355 0.113433
vt 0.832597 0.103254
vt 0.831245 0.092796
vt 0.831215 0.082250
vt 0.832617 0.071798
vt 0.978734 0.132290
vt 0.835317 0.061604
vn -0.6988 -0.7118 0.0710
vn -0.6988 -0.7118 -0.0710
vn -0.0165 0.9999 0.0000
vn -0.4208 -0.9041 0.0743
vn -0.4208 -0.9041 -0.0743
vn 0.4044 0.9146 0.0000
vn -0.2017 -0.9765 0.0763
vn -0.2017 -0.9765 -0.0763
vn 0.2358 0.9718 -0.0000
vn 0.1956 -0.9774 0.0801
vn 0.1956 -0.9774 -0.0801
vn -0.1537 0.9881 -0.0000
vn 0.6413 -0.7632 0.0792
vn 0.6413 -0.7632 -0.0792
vn -0.6293 0.7772 0.0000
vn 0.8984 -0.4326 0.0760
vn 0.8984 -0.4326 -0.0760
vn -0.9042 0.4272 -0.0000
vn 0.9926 -0.0976 0.0721
vn 0.9926 -0.0976 -0.0721
vn -0.9955 0.0945 -0.0000
vn 0.9677 0.2409 0.0743
vn 0.9677 0.2409 -0.0743
vn -0.9775 -0.2110 -0.0000
vn -0.5499 0.8143 0.1859
vn -0.5499 0.8143 -0.1859
vn 0.4622 0.8830 0.0815
vn 0.4622 0.8830 -0.0815
vn -0.4181 -0.9084 -0.0000
vn -0.3325 -0.9431 -0.0000
vn -0.2546 -0.9670 0.0000
vn 0.2046 0.9753 0.0827
vn 0.2046 0.9753 -0.0827
vn 0.7872 0.6117 0.0789
vn 0.7872 0.6117 -0.0789
vn -0.8307 -0.5567 -0.0000
vn 0.6222 0.7784 0.0833
vn 0.6222 0.7784 -0.0833
vn -0.6418 -0.7669 0.0000
vn -0.7648 0.6443 -0.0000
vn -0.9900 -0.1107 0.0877
vn -0.9900 -0.1107 -0.0877
vn -0.9605 -0.2655 0.0834
vn -0.9605 -0.2655 -0.0834
vn -0.9839 0.1664 -0.0645
vn -0.9839 0.1664 0.0645
vn -0.9739 0.1840 0.1332
vn -0.9739 0.1840 -0.1332
vn -0.9876 -0.1459 0.0581
vn -0.9876 -0.1459 -0.0581
vn -0.5596 -0.8288 -0.0000
vn -0.8301 -0.5540 0.0641
vn -0.8301 -0.5540 -0.0641
vn -0.2358 -0.4963 -0.8355
vn 0.2209 0.5080 -0.8326
vn -0.4949 -0.3465 -0.7969
vn -0.1045 0.5686 -0.8159
vn 0.1306 0.5428 -0.8296
vn -0.1119 -0.5217 -0.8457
vn -0.0868 0.5462 -0.8331
vn 0.0959 -0.5036 -0.8586
vn -0.3506 0.4289 -0.8325
vn 0.3285 -0.3961 -0.8574
vn -0.5084 0.2386 -0.8274
vn 0.4796 -0.2301 -0.8468
vn -0.5710 0.0545 -0.8191
vn 0.5445 -0.0543 -0.8370
vn -0.5549 -0.1214 -0.8230
vn 0.5238 0.1271 -0.8423
vn 0.1072 0.5033 -0.8574
vn -0.1372 -0.5128 -0.8474
vn -0.2267 -0.4849 -0.8447
vn 0.2329 0.4564 -0.8587
vn -0.4561 -0.3101 -0.8342
vn 0.4170 0.3144 -0.8528
vn -0.1742 -0.4545 -0.8735
vn -0.1985 0.3839 -0.9018
vn -0.3379 -0.4066 -0.8488
vn 0.3229 0.4024 -0.8566
vn -0.5614 0.4720 -0.6797
vn -0.9505 0.2407 -0.1966
vn -0.7958 -0.0970 -0.5978
vn -0.9529 0.2418 -0.1829
vn -0.5844 -0.5212 -0.6220
vn -0.8737 -0.4121 -0.2587
vn -0.8002 0.0135 -0.5996
vn -0.9452 -0.2008 -0.2575
vn -0.7326 -0.6807 0.0000
vn 0.6823 0.7265 0.0816
vn 0.6823 0.7265 -0.0816
vn -0.2685 -0.9633 0.0000
vn -0.5394 -0.8421 0.0000
vn -0.3145 -0.9493 -0.0000
vn 0.5651 0.8209 0.0829
vn 0.5651 0.8209 -0.0829
vn 0.3372 0.9380 0.0808
vn 0.3372 0.9380 -0.0808
vn -0.0670 0.9907 0.1186
vn -0.0670 0.9907 -0.1186
vn -0.9204 -0.3910 -0.0000
vn 0.8981 0.4330 0.0764
vn 0.8981 0.4330 -0.0764
vn -0.9987 -0.0508 -0.0000
vn 0.9948 0.0716 0.0726
vn 0.9948 0.0716 -0.0726
vn -0.9678 0.2518 -0.0000
vn 0.9590 -0.2736 0.0737
vn 0.9590 -0.2736 -0.0737
vn -0.7932 0.6090 -0.0000
vn 0.8003 -0.5946 0.0777
vn 0.8003 -0.5946 -0.0777
vn -0.4102 0.9120 0.0000
vn 0.4300 -0.8993 0.0804
vn 0.4300 -0.8993 -0.0804
vn 0.0725 0.9974 -0.0000
vn -0.0214 -0.9967 0.0781
vn -0.0214 -0.9967 -0.0781
vn 0.3565 0.9343 0.0000
vn -0.3362 -0.9388 0.0751
vn -0.3362 -0.9388 -0.0751
vn 0.3014 0.9535 0.0000
vn -0.8698 -0.4865 0.0816
vn -0.8698 -0.4865 -0.0816
vn -0.5707 -0.8179 0.0729
vn -0.5707 -0.8179 -0.0729
vn -0.5166 0.8562 -0.0000
vn -0.8959 0.4160 0.1558
vn -0.8959 0.4160 -0.1558
vn -0.4859 -0.8740 -0.0000
vn -0.0401 0.9366 -0.3481
vn -0.2430 0.0901 -0.9658
vn -0.3709 -0.4224 -0.8271
vn 0.1096 0.5455 -0.8309
vn -0.0063 0.0048 -1.0000
vn -0.3983 -0.8524 -0.3387
vn 0.0033 0.0092 -1.0000
vn -0.1914 -0.9174 -0.3489
vn 0.1999 0.5220 -0.8292
vn -0.1827 -0.5095 -0.8409
vn -0.0018 0.0156 -0.9999
vn 0.1811 -0.9135 -0.3642
vn -0.0174 -0.5246 -0.8512
vn 0.0384 0.5538 -0.8318
vn -0.0109 0.0113 -0.9999
vn 0.6001 -0.7135 -0.3616
vn -0.2283 0.5022 -0.8341
vn 0.2172 -0.4613 -0.8602
vn -0.0121 0.0041 -0.9999
vn 0.8453 -0.4052 -0.3483
vn 0.4180 -0.3139 -0.8525
vn -0.4440 0.3375 -0.8300
vn -0.0115 0.0005 -0.9999
vn 0.9378 -0.0922 -0.3346
vn -0.5501 0.1435 -0.8227
vn 0.5197 -0.1463 -0.8417
vn -0.0118 -0.0017 -0.9999
vn 0.9120 0.2255 -0.3425
vn -0.5708 -0.0301 -0.8206
vn 0.5467 0.0369 -0.8365
vn -0.1044 -0.5030 -0.8580
vn -0.1262 -0.0286 -0.9916
vn -0.4586 0.7404 -0.4914
vn -0.0037 -0.0088 -1.0000
vn 0.4301 0.8248 -0.3670
vn -0.0096 -0.0051 -0.9999
vn 0.1730 0.4883 -0.8554
vn -0.1705 -0.5074 -0.8446
vn 0.1934 0.9091 -0.3689
vn -0.0077 -0.0039 -1.0000
vn 0.7388 0.5706 -0.3586
vn 0.4788 0.2249 -0.8486
vn -0.5165 -0.2218 -0.8270
vn -0.3911 -0.3689 -0.8432
vn 0.3596 0.3738 -0.8550
vn 0.0469 0.5013 -0.8640
vn -0.2878 -0.4462 -0.8474
vn 0.2866 0.4237 -0.8593
vn -0.0034 -0.0033 -1.0000
vn -0.5970 -0.7151 -0.3637
vn -0.6797 -0.6594 -0.3213
vn 0.3802 0.8612 -0.3374
vn 0.2212 0.9145 -0.3388
vn -0.1452 0.9261 -0.3481
vn -0.5897 0.7292 -0.3471
vn -0.8505 0.4026 -0.3386
vn -0.9411 0.0900 -0.3260
vn -0.9220 -0.2000 -0.3316
vn -0.3909 -0.8470 -0.3603
vn -0.2889 -0.8458 -0.4485
vn -0.2377 -0.9022 -0.3600
vn -0.7786 -0.5237 -0.3458
vn 0.5805 0.7259 -0.3691
vn -0.7509 0.5702 -0.3332
vn -0.9956 0.0205 -0.0911
vn -0.6177 0.1955 -0.7618
vn -0.9262 0.3150 -0.2071
vn -0.9356 -0.2388 -0.2599
vn -0.9801 0.1727 -0.0976
vn -0.3769 0.5751 -0.7260
vn -0.6711 -0.1788 -0.7195
vn -0.6210 -0.2218 -0.7517
vn -0.9054 -0.3134 -0.2863
vn -0.9370 0.1759 -0.3018
vn -0.9764 -0.1653 -0.1392
vn -0.5756 -0.7524 -0.3201
vn -0.8264 -0.5380 -0.1661
vn -0.4612 -0.4871 -0.7416
vn -0.6366 0.1376 -0.7588
vn -0.5258 0.7814 -0.3361
vn -0.1100 0.0495 -0.9927
vn -0.5539 -0.7639 -0.3311
vn -0.0227 -0.9342 -0.3559
vn 0.0053 0.0057 -1.0000
vn -0.3172 -0.8839 -0.3435
vn 0.0019 0.0115 -0.9999
vn 0.7508 -0.5569 -0.3553
vn -0.0073 0.0146 -0.9999
vn 0.4014 -0.8397 -0.3657
vn -0.0122 0.0076 -0.9999
vn -0.0125 0.0018 -0.9999
vn 0.9046 -0.2564 -0.3406
vn 0.8445 0.4048 -0.3507
vn -0.0100 -0.0001 -1.0000
vn 0.9397 0.0667 -0.3355
vn -0.0123 -0.0042 -0.9999
vn -0.0023 -0.0066 -1.0000
vn -0.0042 -0.0068 -1.0000
vn 0.5256 0.7662 -0.3697
vn 0.3151 0.8766 -0.3637
vn -0.0015 0.9110 -0.4124
vn -0.0119 -0.0071 -0.9999
vn 0.6390 0.6770 -0.3652
vn -0.0057 -0.0037 -1.0000
vn -0.6833 -0.6373 -0.3562
vn -0.2277 -0.8979 -0.3767
vn -0.5027 -0.7842 -0.3637
vn -0.2942 -0.8861 -0.3581
vn -0.4513 -0.1430 -0.8808
vn -0.8660 -0.3691 -0.3374
vn -0.9438 -0.0484 -0.3271
vn -0.9127 0.2387 -0.3316
vn -0.7448 0.5725 -0.3430
vn -0.3844 0.8543 -0.3499
vn 0.0669 0.9369 -0.3432
vn 0.3355 0.8798 -0.3368
vn 0.2705 0.9014 -0.3380
vn -0.4600 0.1691 -0.8716
vn -0.8592 -0.4188 -0.2938
vn -0.8498 0.3653 -0.3800
vn -0.4921 -0.7825 -0.3816
vn 0.9923 -0.1239 -0.0000
vn 0.8627 -0.5058 0.0000
vn 0.9463 -0.3233 0.0000
vn 0.9829 -0.1841 -0.0000
vn -0.9733 -0.2196 0.0672
vn -0.9733 -0.2196 -0.0672
vn 0.9990 -0.0441 -0.0000
vn -0.9970 -0.0423 0.0654
vn -0.9970 -0.0423 -0.0654
vn -0.9907 0.1192 0.0650
vn -0.9907 0.1192 -0.0650
vn 0.9979 0.0641 -0.0000
vn 0.5982 -0.8013 -0.0000
vn -0.9866 -0.1480 -0.0689
vn -0.9866 -0.1480 0.0689
vn 0.7480 -0.6636 -0.0000
vn -0.9810 -0.1831 -0.0645
vn -0.9810 -0.1831 0.0645
vn 0.8333 -0.5058 -0.2233
vn 0.7471 -0.5058 -0.4313
vn 0.6100 -0.5059 -0.6100
vn 0.4313 -0.5059 -0.7470
vn 0.2233 -0.5059 -0.8332
vn -0.0000 -0.5059 -0.8626
vn -0.2233 -0.5059 -0.8332
vn -0.4313 -0.5059 -0.7470
vn -0.6100 -0.5059 -0.6100
vn -0.7479 -0.5058 -0.4298
vn -0.8731 -0.4692 -0.1322
vn 0.9141 -0.3234 -0.2447
vn 0.8195 -0.3241 -0.4726
vn 0.6689 -0.3249 -0.6686
vn 0.4729 -0.3251 -0.8190
vn 0.2448 -0.3252 -0.9134
vn 0.0000 -0.3252 -0.9456
vn -0.2447 -0.3252 -0.9134
vn -0.4728 -0.3252 -0.8189
vn -0.6687 -0.3252 -0.6687
vn -0.8195 -0.3253 -0.4717
vn -0.9270 -0.3202 -0.1953
vn 0.9496 -0.1842 -0.2537
vn 0.8519 -0.1853 -0.4899
vn 0.6956 -0.1872 -0.6936
vn 0.4916 -0.1887 -0.8501
vn 0.2543 -0.1894 -0.9484
vn 0.0000 -0.1895 -0.9819
vn -0.2541 -0.1895 -0.9484
vn -0.4909 -0.1895 -0.8503
vn -0.6943 -0.1895 -0.6943
vn -0.8504 -0.1896 -0.4907
vn -0.9490 -0.1929 -0.2494
vn 0.9649 -0.0407 -0.2595
vn 0.8658 -0.0399 -0.4988
vn 0.7073 -0.0406 -0.7058
vn 0.5002 -0.0414 -0.8649
vn 0.2588 -0.0417 -0.9650
vn 0.0000 -0.0418 -0.9991
vn -0.2586 -0.0418 -0.9651
vn -0.4996 -0.0418 -0.8653
vn -0.7065 -0.0418 -0.7065
vn -0.8653 -0.0418 -0.4996
vn -0.9651 -0.0420 -0.2585
vn 0.9581 0.0986 -0.2690
vn 0.8581 0.1122 -0.5011
vn 0.6986 0.1133 -0.7065
vn 0.4927 0.1150 -0.8626
vn 0.2548 0.1170 -0.9599
vn -0.0005 0.1183 -0.9930
vn -0.2570 0.1187 -0.9591
vn -0.4965 0.1187 -0.8599
vn -0.7021 0.1187 -0.7021
vn -0.8599 0.1187 -0.4965
vn -0.9591 0.1187 -0.2570
vn 0.8602 -0.0060 -0.5099
vn 0.4942 -0.7140 -0.4960
vn 0.7168 -0.1912 -0.6705
vn 0.7008 -0.1633 -0.6944
vn 0.5045 -0.1641 -0.8477
vn 0.2644 -0.1648 -0.9502
vn 0.0044 -0.1651 -0.9863
vn -0.2544 -0.1649 -0.9529
vn -0.4931 -0.1648 -0.8542
vn -0.6974 -0.1648 -0.6974
vn -0.8542 -0.1648 -0.4932
vn -0.9517 -0.1614 -0.2612
vn 0.7053 -0.1841 -0.6846
vn 0.5040 -0.1792 -0.8449
vn -0.9498 -0.1819 -0.2546
vn 0.2644 -0.1804 -0.9474
vn 0.0049 -0.1812 -0.9834
vn -0.2535 -0.1815 -0.9501
vn -0.4917 -0.1816 -0.8516
vn 0.5715 -0.5288 -0.6275
vn -0.6953 -0.1816 -0.6953
vn 0.7896 -0.2561 -0.5576
vn -0.8516 -0.1816 -0.4917
vn 0.3731 -0.5454 -0.7506
vn -0.2578 0.1029 -0.9607
vn -0.4974 0.1028 -0.8614
vn -0.7034 0.1028 -0.7034
vn 0.8536 0.0820 -0.5144
vn -0.8614 0.1028 -0.4974
vn 0.7133 0.0986 -0.6939
vn -0.9512 0.1109 -0.2880
vn 0.4916 0.1004 -0.8650
vn 0.2526 0.1015 -0.9622
vn -0.0023 0.1028 -0.9947
vn 0.5266 -0.3478 -0.7757
vn 0.7120 -0.3602 -0.6028
vn 0.7934 -0.0652 -0.6051
vn -0.8686 -0.4948 0.0276
vn -0.8686 -0.4948 -0.0276
vn -0.2358 -0.4963 0.8355
vn 0.2209 0.5080 0.8326
vn -0.4949 -0.3465 0.7969
vn -0.1045 0.5686 0.8159
vn 0.1306 0.5428 0.8296
vn -0.1119 -0.5217 0.8457
vn -0.0868 0.5462 0.8331
vn 0.0959 -0.5036 0.8586
vn -0.3506 0.4289 0.8325
vn 0.3285 -0.3961 0.8574
vn -0.5084 0.2386 0.8274
vn 0.4796 -0.2301 0.8468
vn -0.5710 0.0545 0.8191
vn 0.5445 -0.0543 0.8370
vn -0.5549 -0.1214 0.8230
vn 0.5238 0.1271 0.8423
vn 0.1072 0.5033 0.8574
vn -0.1372 -0.5128 0.8474
vn -0.2267 -0.4849 0.8447
vn 0.2329 0.4564 0.8587
vn -0.4561 -0.3101 0.8342
vn 0.4170 0.3144 0.8528
vn -0.1742 -0.4545 0.8735
vn -0.1985 0.3839 0.9018
vn -0.3379 -0.4066 0.8488
vn 0.3229 0.4024 0.8566
vn -0.5614 0.4720 0.6797
vn -0.9505 0.2407 0.1966
vn -0.7958 -0.0970 0.5978
vn -0.9529 0.2418 0.1829
vn -0.5844 -0.5212 0.6220
vn -0.8737 -0.4121 0.2587
vn -0.8002 0.0135 0.5996
vn -0.9452 -0.2008 0.2575
vn -0.0401 0.9366 0.3481
vn -0.2430 0.0901 0.9658
vn -0.3709 -0.4224 0.8271
vn 0.1096 0.5455 0.8309
vn -0.0063 0.0048 1.0000
vn -0.3983 -0.8524 0.3387
vn 0.9888 0.1490 -0.0000
vn 0.0033 0.0092 1.0000
vn -0.1914 -0.9174 0.3489
vn 0.1999 0.5220 0.8292
vn -0.1827 -0.5095 0.8409
vn -0.0018 0.0156 0.9999
vn 0.1811 -0.9135 0.3642
vn -0.0174 -0.5246 0.8512
vn 0.0384 0.5538 0.8318
vn -0.0109 0.0113 0.9999
vn 0.6001 -0.7135 0.3616
vn -0.2283 0.5022 0.8341
vn 0.2172 -0.4613 0.8602
vn -0.0121 0.0041 0.9999
vn 0.8453 -0.4052 0.3483
vn 0.4180 -0.3139 0.8525
vn -0.4440 0.3375 0.8300
vn -0.0115 0.0005 0.9999
vn 0.9378 -0.0922 0.3346
vn -0.5501 0.1435 0.8227
vn 0.5197 -0.1463 0.8417
vn -0.0118 -0.0017 0.9999
vn 0.9120 0.2255 0.3425
vn -0.5708 -0.0301 0.8206
vn 0.5467 0.0369 0.8365
vn -0.1044 -0.5030 0.8580
vn -0.1262 -0.0286 0.9916
vn -0.4586 0.7404 0.4914
vn -0.0037 -0.0088 1.0000
vn 0.4301 0.8248 0.3670
vn -0.0096 -0.0051 0.9999
vn 0.1730 0.4883 0.8554
vn -0.1705 -0.5074 0.8446
vn 0.1934 0.9091 0.3689
vn -0.0077 -0.0039 1.0000
vn 0.7388 0.5706 0.3586
vn 0.4788 0.2249 0.8486
vn -0.5165 -0.2218 0.8270
vn -0.3911 -0.3689 0.8432
vn 0.3596 0.3738 0.8550
vn 0.0469 0.5013 0.8640
vn -0.2878 -0.4462 0.8474
vn 0.2866 0.4237 0.8593
vn -0.0034 -0.0033 1.0000
vn -0.5970 -0.7151 0.3637
vn -0.6797 -0.6594 0.3213
vn 0.3802 0.8612 0.3374
vn 0.2212 0.9145 0.3388
vn -0.1452 0.9261 0.3481
vn -0.5897 0.7292 0.3471
vn -0.8505 0.4026 0.3386
vn -0.9411 0.0900 0.3260
vn -0.9220 -0.2000 0.3316
vn -0.3909 -0.8470 0.3603
vn -0.2889 -0.8458 0.4485
vn -0.2377 -0.9022 0.3600
vn -0.9732 -0.2208 -0.0650
vn -0.9732 -0.2208 0.0650
vn 0.5464 -0.8375 -0.0000
vn -0.9973 0.0331 0.0655
vn -0.9973 0.0331 -0.0655
vn 0.9999 0.0138 -0.0000
vn -0.9910 -0.1175 0.0647
vn -0.9910 -0.1175 -0.0647
vn 0.9940 -0.1096 -0.0000
vn 0.9660 -0.2585 0.0000
vn 0.9168 -0.3993 0.0000
vn 0.7967 -0.6043 -0.0000
vn 0.6844 -0.5059 -0.5251
vn 0.7970 -0.5058 -0.3301
vn -0.1126 -0.5059 -0.8552
vn -0.5251 -0.5059 -0.6843
vn -0.8134 -0.5017 -0.2944
vn 0.5634 -0.6043 -0.5634
vn -0.3984 -0.6043 -0.6900
vn 0.2062 -0.6043 -0.7696
vn -0.6907 -0.6042 -0.3972
vn 0.3984 -0.6043 -0.6900
vn 0.8743 -0.3237 -0.3617
vn 0.5758 -0.3251 -0.7502
vn 0.1126 -0.5059 -0.8552
vn -0.3301 -0.5059 -0.7969
vn 0.7696 -0.6043 -0.2062
vn -0.0000 -0.6043 -0.7967
vn 0.3301 -0.5059 -0.7969
vn 0.6900 -0.6043 -0.3984
vn -0.2062 -0.6043 -0.7696
vn -0.5634 -0.6043 -0.5634
vn 0.7507 -0.3245 -0.5755
vn -0.6843 -0.5059 -0.5251
vn -0.7935 -0.5842 -0.1708
vn -0.3619 -0.3252 -0.8737
vn -0.7502 -0.3252 -0.5757
vn -0.8864 -0.4244 -0.1847
vn 0.4583 -0.3999 -0.7938
vn 0.0000 -0.3999 -0.9165
vn -0.4583 -0.3999 -0.7938
vn -0.6481 -0.3999 -0.6481
vn 0.9085 -0.1846 -0.3749
vn 0.3761 -0.1892 -0.9071
vn 0.5987 -0.1881 -0.7786
vn 0.7939 -0.3996 -0.4583
vn 0.7805 -0.1863 -0.5968
vn -0.5757 -0.3252 -0.7502
vn -0.8773 -0.3270 -0.3513
vn -0.7946 -0.4000 -0.4568
vn 0.6482 -0.3998 -0.6481
vn 0.2372 -0.3999 -0.8853
vn -0.2372 -0.3999 -0.8853
vn 0.1234 -0.3252 -0.9375
vn 0.8856 -0.3993 -0.2372
vn -0.1234 -0.3252 -0.9375
vn -0.5977 -0.1895 -0.7790
vn -0.9158 -0.1972 -0.3499
vn -0.2497 -0.2624 -0.9321
vn 0.9332 -0.2587 -0.2495
vn 0.8368 -0.2598 -0.4819
vn 0.6831 -0.2612 -0.6821
vn 0.4827 -0.2620 -0.8357
vn 0.0000 -0.2624 -0.9650
vn 0.7934 -0.0402 -0.6074
vn 0.1305 -0.0418 -0.9906
vn 0.3828 -0.0416 -0.9229
vn -0.8360 -0.2625 -0.4819
vn -0.9411 -0.2406 -0.2375
vn -0.1282 -0.1895 -0.9735
vn 0.2498 -0.2624 -0.9321
vn -0.3757 -0.1895 -0.9071
vn 0.9232 -0.0398 -0.3822
vn -0.7790 -0.1895 -0.5977
vn 0.6090 -0.0410 -0.7921
vn -0.4825 -0.2624 -0.8357
vn -0.6823 -0.2624 -0.6823
vn -0.7927 -0.0418 -0.6082
vn -0.9595 -0.1305 -0.2496
vn 0.4978 -0.1122 -0.8600
vn 0.0000 -0.1131 -0.9936
vn -0.4968 -0.1131 -0.8605
vn -0.7026 -0.1131 -0.7026
vn 0.7851 0.1127 -0.6091
vn 0.1284 0.1178 -0.9847
vn 0.3768 0.1160 -0.9190
vn 0.9156 0.1100 -0.3867
vn 0.6005 0.1141 -0.7914
vn -0.9231 -0.0418 -0.3823
vn -0.8605 -0.1131 -0.4967
vn 0.7041 -0.1107 -0.7015
vn 0.2574 -0.1129 -0.9597
vn -0.2572 -0.1131 -0.9597
vn 0.9603 -0.1086 -0.2569
vn -0.3823 -0.0418 -0.9231
vn 0.8617 -0.1090 -0.4955
vn -0.6082 -0.0418 -0.7927
vn -0.3800 0.1187 -0.9173
vn -0.7877 0.1187 -0.6045
vn -0.9654 0.0332 -0.2587
vn 0.4989 0.0320 -0.8661
vn -0.0001 0.0331 -0.9995
vn -0.4997 0.0332 -0.8655
vn 0.9647 0.0262 -0.2622
vn 0.8650 0.0312 -0.5008
vn -0.9173 0.1187 -0.3800
vn -0.8655 0.0332 -0.4997
vn 0.7058 0.0315 -0.7077
vn 0.2582 0.0326 -0.9655
vn -0.2587 0.0332 -0.9654
vn -0.1298 0.1186 -0.9844
vn -0.7067 0.0332 -0.7067
vn -0.6045 0.1187 -0.7877
vn -0.2531 0.2111 -0.9441
vn -0.6912 0.2112 -0.6912
vn -0.8465 0.2112 -0.4887
vn -0.9447 0.2094 -0.2525
vn 0.2477 0.2075 -0.9464
vn 0.8432 0.2062 -0.4965
vn 0.6844 0.2023 -0.7004
vn 0.4807 0.2045 -0.8527
vn -0.0017 0.2101 -0.9777
vn -0.4887 0.2112 -0.8465
vn 0.9408 0.1917 -0.2794
vn -0.9169 0.2865 -0.2778
vn 0.4653 0.2817 -0.8392
vn -0.0039 0.2883 -0.9575
vn -0.4785 0.2902 -0.8287
vn 0.9160 0.2333 -0.3265
vn 0.8243 0.2995 -0.4804
vn -0.6767 0.2902 -0.6767
vn -0.8287 0.2902 -0.4785
vn 0.6669 0.2835 -0.6891
vn 0.2377 0.2849 -0.9286
vn -0.2481 0.2899 -0.9243
vn 0.6080 -0.3821 -0.6959
vn -0.6692 0.3231 -0.6692
vn -0.4732 0.3231 -0.8196
vn 0.1359 -0.1809 -0.9741
vn 0.3902 -0.4562 -0.7998
vn -0.2460 0.3227 -0.9140
vn 0.1262 0.1021 -0.9867
vn -0.9190 0.1028 -0.3807
vn -0.6055 0.1028 -0.7892
vn 0.7841 -0.3248 -0.5289
vn -0.8196 0.3231 -0.4732
vn 0.6620 0.3227 -0.6765
vn -0.9116 0.3242 -0.2528
vn 0.4561 0.3148 -0.8324
vn 0.2309 0.3174 -0.9198
vn -0.0065 0.3207 -0.9472
vn 0.4251 -0.5972 -0.6802
vn 0.6115 -0.1635 -0.7741
vn 0.7438 -0.1673 -0.6471
vn 0.1357 -0.1650 -0.9769
vn -0.6004 -0.1648 -0.7825
vn -0.9445 -0.2077 -0.2547
vn 0.7298 -0.2800 -0.6237
vn -0.8571 -0.1431 -0.4949
vn -0.2522 -0.2054 -0.9456
vn -0.6920 -0.2054 -0.6920
vn 0.7662 -0.2040 -0.6093
vn 0.3882 -0.1645 -0.9068
vn -0.3772 -0.1648 -0.9113
vn -0.9109 -0.1648 -0.3783
vn 0.2637 -0.1416 -0.9542
vn 0.5035 -0.2036 -0.8397
vn 0.0055 -0.2054 -0.9787
vn 0.4432 -0.7873 -0.4285
vn -0.9085 -0.1816 -0.3763
vn -0.8476 -0.2054 -0.4893
vn -0.4893 -0.2054 -0.8476
vn 0.7429 -0.2564 -0.6183
vn 0.7682 -0.0254 -0.6397
vn 0.2647 -0.2048 -0.9423
vn -0.2554 -0.1429 -0.9562
vn 0.6993 -0.2045 -0.6850
vn -0.1265 -0.1650 -0.9781
vn 0.6492 -0.2471 -0.7193
vn -0.7802 -0.1816 -0.5986
vn -0.5986 -0.1816 -0.7802
vn -0.1259 -0.1814 -0.9753
vn 0.6116 -0.1791 -0.7707
vn 0.3906 -0.6427 -0.6591
vn 0.8285 -0.2189 -0.5155
vn 0.5044 -0.1405 -0.8520
vn -0.1309 0.1030 -0.9860
vn 0.6043 0.1000 -0.7904
vn 0.8571 0.0721 -0.5100
vn -0.7892 0.1028 -0.6055
vn 0.8003 0.0929 -0.5923
vn 0.3749 0.1008 -0.9216
vn 0.0036 -0.1425 -0.9898
vn -0.9560 -0.1431 -0.2562
vn -0.6998 -0.1431 -0.6998
vn -0.4948 -0.1430 -0.8571
vn 0.3879 -0.1799 -0.9040
vn -0.3760 -0.1816 -0.9086
vn -0.3808 0.1029 -0.9189
vn 0.7515 -0.2494 -0.6108
vn 0.6287 -0.4309 -0.6474
vn 0.5251 -0.5059 -0.6843
vn 0.3619 -0.3252 -0.8737
vn 0.1282 -0.1895 -0.9735
vn -0.1304 -0.0418 -0.9906
vn 0.8016 0.3541 -0.4817
vn -0.7825 -0.1648 -0.6004
vn 0.7160 -0.1498 -0.6819
vn -0.9664 -0.1968 -0.1652
vn -0.9906 -0.0423 -0.1304
vn -0.9834 0.1315 -0.1248
vn 0.9538 -0.0938 -0.2854
vn 0.6837 -0.5931 -0.4253
vn -0.9784 -0.1531 -0.1390
vn 0.8553 -0.5058 -0.1126
vn 0.9382 -0.3233 -0.1234
vn 0.9745 -0.1841 -0.1281
vn 0.9904 -0.0429 -0.1315
vn 0.5645 -0.7859 -0.2522
vn -0.9741 -0.1866 -0.1278
vn -0.7786 -0.5237 0.3458
vn 0.5805 0.7259 0.3691
vn -0.2529 -0.1948 -0.9477
vn -0.4904 -0.1949 -0.8494
vn 0.6986 -0.1938 -0.6888
vn 0.5041 -0.1943 -0.8415
vn -0.7509 0.5702 0.3332
vn -0.9956 0.0205 0.0911
vn -0.6177 0.1955 0.7618
vn -0.9262 0.3150 0.2071
vn -0.8494 -0.1949 -0.4904
vn -0.9479 -0.1896 -0.2560
vn 0.7017 -0.2096 -0.6810
vn -0.9356 -0.2388 0.2599
vn -0.9801 0.1727 0.0976
vn -0.3769 0.5751 0.7260
vn -0.9844 -0.1630 -0.0670
vn -0.9844 -0.1630 0.0670
vn 0.8172 -0.5763 -0.0000
vn 0.2648 -0.1945 -0.9445
vn 0.0052 -0.1947 -0.9809
vn -0.6711 -0.1788 0.7195
vn -0.6935 -0.1949 -0.6935
vn -0.6210 -0.2218 0.7517
vn -0.9054 -0.3134 0.2863
vn 0.4584 -0.2788 -0.8439
vn 0.6245 -0.5010 -0.5992
vn 0.3882 -0.3600 -0.8484
vn -0.8799 -0.4706 -0.0653
vn -0.8128 -0.5820 -0.0252
vn -0.8128 -0.5820 0.0252
vn 0.9907 0.1361 -0.0000
vn 0.8945 -0.4470 -0.0000
vn -0.9876 -0.1428 0.0648
vn -0.9856 -0.1482 -0.0809
vn 0.9870 0.0768 -0.1408
vn -0.9370 0.1759 0.3018
vn -0.9764 -0.1653 0.1392
vn -0.5756 -0.7524 0.3201
vn -0.8264 -0.5380 0.1661
vn -0.4612 -0.4871 0.7416
vn -0.6366 0.1376 0.7588
vn -0.5258 0.7814 0.3361
vn -0.1100 0.0495 0.9927
vn -0.5539 -0.7639 0.3311
vn -0.0227 -0.9342 0.3559
vn 0.0053 0.0057 1.0000
vn -0.3172 -0.8839 0.3435
vn 0.0019 0.0115 0.9999
vn 0.7508 -0.5569 0.3553
vn -0.0073 0.0146 0.9999
vn 0.4014 -0.8397 0.3657
vn -0.0122 0.0076 0.9999
vn -0.0125 0.0018 0.9999
vn 0.9046 -0.2564 0.3406
vn 0.8445 0.4048 0.3507
vn -0.0100 -0.0001 1.0000
vn 0.9397 0.0667 0.3355
vn -0.0123 -0.0042 0.9999
vn -0.0023 -0.0066 1.0000
vn -0.0042 -0.0068 1.0000
vn 0.5256 0.7662 0.3697
vn 0.3151 0.8766 0.3637
vn -0.0015 0.9110 0.4124
vn -0.0119 -0.0071 0.9999
vn 0.6390 0.6770 0.3652
vn -0.0057 -0.0037 1.0000
vn -0.6833 -0.6373 0.3562
vn -0.2277 -0.8979 0.3767
vn -0.5027 -0.7842 0.3637
vn -0.2942 -0.8861 0.3581
vn -0.4513 -0.1430 0.8808
vn -0.8660 -0.3691 0.3374
vn -0.9438 -0.0484 0.3271
vn -0.9127 0.2387 0.3316
vn -0.7448 0.5725 0.3430
vn -0.3844 0.8543 0.3499
vn 0.0669 0.9369 0.3432
vn 0.3355 0.8798 0.3368
vn 0.2705 0.9014 0.3380
vn -0.4600 0.1691 0.8716
vn -0.8592 -0.4188 0.2938
vn -0.8498 0.3653 0.3800
vn -0.4921 -0.7825 0.3816
vn 0.7891 -0.1769 -0.5883
vn 0.8333 -0.5058 0.2233
vn 0.7471 -0.5058 0.4313
vn 0.6100 -0.5059 0.6100
vn 0.4313 -0.5059 0.7470
vn 0.2233 -0.5059 0.8332
vn -0.0000 -0.5059 0.8626
vn -0.2233 -0.5059 0.8332
vn -0.4313 -0.5059 0.7470
vn -0.6100 -0.5059 0.6100
vn -0.7479 -0.5058 0.4298
vn -0.8731 -0.4692 0.1322
vn 0.9141 -0.3234 0.2447
vn 0.8195 -0.3241 0.4726
vn 0.6689 -0.3249 0.6686
vn 0.4729 -0.3251 0.8190
vn 0.2448 -0.3252 0.9134
vn 0.0000 -0.3252 0.9456
vn -0.2447 -0.3252 0.9134
vn 0.8276 -0.3861 -0.4074
vn -0.4728 -0.3252 0.8189
vn -0.6687 -0.3252 0.6687
vn -0.8195 -0.3253 0.4717
vn -0.9270 -0.3202 0.1953
vn 0.9496 -0.1842 0.2537
vn 0.8519 -0.1853 0.4899
vn 0.1040 -0.6043 -0.7899
vn -0.5874 -0.2624 -0.7656
vn -0.1040 -0.6043 -0.7899
vn -0.4850 -0.6043 -0.6321
vn 0.5580 -0.3999 -0.7271
vn -0.7415 -0.6031 -0.2941
vn 0.3049 -0.6043 -0.7361
vn -0.3049 -0.6043 -0.7361
vn 0.7361 -0.6043 -0.3049
vn 0.4850 -0.6043 -0.6321
vn -0.6321 -0.6043 -0.4850
vn -0.3507 -0.3999 -0.8468
vn -0.5580 -0.3999 -0.7271
vn 0.8470 -0.3994 -0.3508
vn -0.7271 -0.3999 -0.5580
vn 0.7273 -0.3997 -0.5579
vn -0.9180 -0.1132 -0.3800
vn 0.1196 -0.3999 -0.9087
vn -0.3693 -0.2624 -0.8915
vn -0.1196 -0.3999 -0.9087
vn 0.1302 0.0329 -0.9909
vn 0.1260 -0.2624 -0.9567
vn -0.1260 -0.2624 -0.9567
vn -0.7656 -0.2624 -0.5874
vn -0.9234 0.0332 -0.3825
vn 0.7666 -0.2605 -0.5869
vn -0.9830 -0.1255 -0.1342
vn -0.8987 -0.2585 -0.3544
vn 0.6062 -0.1115 -0.7875
vn 0.5879 -0.2617 -0.7655
vn 0.3694 -0.2623 -0.8915
vn -0.7755 0.2112 -0.5950
vn -0.3802 -0.1131 -0.9180
vn 0.3818 0.0323 -0.9237
vn -0.6049 -0.1131 -0.7883
vn 0.9189 -0.1085 -0.3793
vn -0.7883 -0.1131 -0.6049
vn 0.7897 -0.1098 -0.6035
vn 0.6075 0.0318 -0.7937
vn 0.1298 -0.1131 -0.9851
vn -0.9909 0.0332 -0.1305
vn -0.1297 -0.1131 -0.9851
vn 0.9227 0.0303 -0.3843
vn 0.8984 0.2074 -0.3871
vn -0.7929 0.0332 -0.6084
vn 0.7922 0.0314 -0.6095
vn -0.8841 0.2902 -0.3662
vn -0.3741 0.2111 -0.9030
vn 0.9753 0.1575 -0.1549
vn -0.3825 0.0332 -0.9234
vn -0.5950 0.2112 -0.7755
vn -0.6084 0.0332 -0.7929
vn -0.9144 -0.1430 -0.3787
vn 0.5701 0.2811 -0.7720
vn 0.7708 0.2030 -0.6038
vn -0.9030 0.2112 -0.3741
vn 0.3540 0.2832 -0.8914
vn 0.5871 0.2032 -0.7836
vn -0.1265 0.2894 -0.9488
vn -0.9733 0.1752 -0.1484
vn 0.1180 0.2867 -0.9507
vn 0.3670 0.2059 -0.9071
vn 0.1243 0.2090 -0.9700
vn -0.1282 0.2108 -0.9691
vn 0.8747 0.3104 -0.3721
vn -0.9777 -0.1529 -0.1437
vn -0.7592 0.2902 -0.5826
vn 0.7531 0.2908 -0.5901
vn 0.6097 -0.2031 -0.7662
vn -0.6025 -0.1430 -0.7852
vn -0.3663 0.2902 -0.8841
vn 0.3875 -0.1411 -0.9110
vn 0.9667 0.1701 -0.1912
vn -0.7852 -0.1430 -0.6025
vn -0.5826 0.2902 -0.7592
vn 0.6147 -0.1412 -0.7760
vn -0.1273 -0.1428 -0.9815
vn 0.9090 -0.3993 -0.1197
vn 0.8343 -0.2540 -0.4894
vn -0.1266 0.3219 -0.9383
vn 0.3457 0.3159 -0.8836
vn -0.8743 0.3231 -0.3622
vn -0.3625 0.3230 -0.8742
vn 0.7436 0.3422 -0.5744
vn 0.1349 -0.1421 -0.9806
vn -0.9671 -0.2181 -0.1310
vn 0.1364 -0.2052 -0.9692
vn -0.3742 -0.2054 -0.9043
vn 0.7485 -0.2161 -0.6270
vn -0.3786 -0.1430 -0.9145
vn 0.6858 -0.2269 -0.6916
vn 0.9855 -0.1092 -0.1298
vn -0.9041 -0.2054 -0.3747
vn -0.5958 -0.2054 -0.7764
vn -0.1249 -0.2054 -0.9707
vn 0.3878 -0.2043 -0.8988
vn 0.9578 -0.2585 -0.1259
vn 0.6956 -0.1872 0.6936
vn 0.5083 -0.8153 -0.2775
vn 0.8296 0.2752 -0.4858
vn 0.4885 -0.5232 -0.6983
vn -0.7508 0.3231 -0.5761
vn 0.5621 0.3149 -0.7648
vn 0.1130 0.3191 -0.9410
vn 0.7085 -0.3352 -0.6210
vn 0.9909 0.0183 -0.1335
vn 0.7899 -0.6043 -0.1040
vn -0.7764 -0.2054 -0.5958
vn 0.3904 -0.7245 -0.5680
vn -0.5761 0.3231 -0.7508
vn -0.1305 0.0331 -0.9909
vn 0.3808 -0.1127 -0.9178
vn 0.8927 -0.2592 -0.3688
vn 0.3507 -0.3999 -0.8468
vn 0.6321 -0.6043 -0.4850
vn -0.8520 -0.4066 -0.3299
vn 0.4916 -0.1887 0.8501
vn -0.3751 -0.1948 -0.9063
vn 0.6104 -0.1941 -0.7679
vn 0.2543 -0.1894 0.9484
vn -0.9061 -0.1947 -0.3755
vn 0.7383 -0.1954 -0.6456
vn 0.0000 -0.1895 0.9819
vn -0.2541 -0.1895 0.9484
vn -0.9763 -0.1708 -0.1330
vn -0.4909 -0.1895 0.8503
vn 0.1363 -0.1946 -0.9714
vn -0.6943 -0.1895 0.6943
vn -0.5971 -0.1949 -0.7781
vn -0.8504 -0.1896 0.4907
vn -0.9490 -0.1929 0.2494
vn 0.9649 -0.0407 0.2595
vn -0.1254 -0.1947 -0.9728
vn 0.8658 -0.0399 0.4988
vn 0.6173 -0.2433 -0.7482
vn 0.7073 -0.0406 0.7058
vn 0.5002 -0.0414 0.8649
vn 0.2588 -0.0417 0.9650
vn 0.7653 -0.5653 -0.3077
vn 0.0000 -0.0418 0.9991
vn 0.3541 -0.3255 -0.8767
vn 0.3882 -0.1944 -0.9008
vn 0.4821 -0.3924 -0.7833
vn -0.7781 -0.1949 -0.5971
vn -0.8119 -0.5795 -0.0709
vn -0.2586 -0.0418 0.9651
vn -0.4996 -0.0418 0.8653
vn -0.7065 -0.0418 0.7065
vn -0.8653 -0.0418 0.4996
vn -0.9651 -0.0420 0.2585
vn 0.9581 0.0986 0.2690
vn 0.8581 0.1122 0.5011
vn 0.6986 0.1133 0.7065
vn 0.4927 0.1150 0.8626
vn 0.2548 0.1170 0.9599
vn -0.0005 0.1183 0.9930
vn -0.2570 0.1187 0.9591
vn -0.4965 0.1187 0.8599
vn -0.7021 0.1187 0.7021
vn -0.8599 0.1187 0.4965
vn -0.9591 0.1187 0.2570
vn 0.8731 0.0025 0.4876
vn 0.4942 -0.7140 0.4960
vn 0.7168 -0.1912 0.6705
vn 0.7008 -0.1633 0.6944
vn 0.5045 -0.1641 0.8477
vn 0.2644 -0.1648 0.9502
vn 0.0044 -0.1651 0.9863
vn -0.2544 -0.1649 0.9529
vn -0.4931 -0.1648 0.8542
vn -0.6974 -0.1648 0.6974
vn -0.8542 -0.1648 0.4932
vn -0.9517 -0.1614 0.2612
vn 0.7053 -0.1841 0.6846
vn 0.5040 -0.1792 0.8449
vn -0.9498 -0.1819 0.2546
vn 0.2644 -0.1804 0.9474
vn 0.0049 -0.1812 0.9834
vn -0.2535 -0.1815 0.9501
vn -0.4917 -0.1816 0.8516
vn 0.5715 -0.5288 0.6275
vn -0.6953 -0.1816 0.6953
vn 0.7896 -0.2561 0.5576
vn -0.8516 -0.1816 0.4917
vn 0.3731 -0.5454 0.7506
vn -0.2578 0.1029 0.9607
vn -0.4974 0.1028 0.8614
vn -0.7034 0.1028 0.7034
vn 0.8536 0.0820 0.5144
vn -0.8614 0.1028 0.4974
vn 0.7133 0.0986 0.6939
vn -0.9511 0.1107 0.2883
vn 0.4916 0.1004 0.8650
vn 0.2526 0.1015 0.9622
vn -0.0023 0.1028 0.9947
vn 0.5266 -0.3478 0.7757
vn 0.7120 -0.3602 0.6028
vn 0.7934 -0.0652 0.6051
vn -0.9818 -0.1900 0.0000
vn 0.6844 -0.5059 0.5251
vn -0.9902 0.1396 -0.0000
vn 0.7970 -0.5058 0.3301
vn -0.1126 -0.5059 0.8552
vn -0.5251 -0.5059 0.6843
vn -0.8134 -0.5017 0.2944
vn 0.5634 -0.6043 0.5634
vn -0.3984 -0.6043 0.6900
vn 0.2062 -0.6043 0.7696
vn -0.6907 -0.6042 0.3972
vn 0.3984 -0.6043 0.6900
vn 0.8743 -0.3237 0.3617
vn 0.9416 -0.3367 0.0000
vn 0.5758 -0.3251 0.7502
vn 0.1126 -0.5059 0.8552
vn -0.3301 -0.5059 0.7969
vn 0.7696 -0.6043 0.2062
vn -0.0000 -0.6043 0.7967
vn 0.3301 -0.5059 0.7969
vn 0.6900 -0.6043 0.3984
vn -0.2062 -0.6043 0.7696
vn -0.5634 -0.6043 0.5634
vn 0.7507 -0.3245 0.5755
vn -0.6843 -0.5059 0.5251
vn -0.7935 -0.5842 0.1708
vn -0.3619 -0.3252 0.8737
vn -0.7502 -0.3252 0.5757
vn -0.8864 -0.4244 0.1847
vn 0.4583 -0.3999 0.7938
vn -0.8626 0.5058 -0.0000
vn -0.9463 0.3232 -0.0000
vn 0.9385 0.3454 0.0000
vn -0.9829 0.1841 0.0000
vn 0.9793 0.2025 -0.0000
vn -0.9990 0.0441 0.0000
vn 0.9991 0.0424 -0.0000
vn 0.9929 -0.1187 0.0000
vn -0.9979 -0.0640 0.0000
vn 0.9653 -0.2610 0.0000
vn -0.5458 0.8379 0.0000
vn 0.9935 0.1137 0.0000
vn -0.7457 0.6663 -0.0000
vn 0.9830 0.1835 0.0000
vn 0.9950 -0.0998 0.0000
vn -0.0001 1.0000 0.0000
vn -0.8332 0.5059 0.2233
vn -0.7470 0.5059 0.4313
vn -0.6099 0.5059 0.6099
vn -0.4313 0.5059 0.7470
vn -0.2232 0.5059 0.8332
vn 0.0000 0.5059 0.8626
vn 0.2232 0.5059 0.8332
vn 0.4313 0.5059 0.7470
vn 0.6099 0.5059 0.6099
vn 0.7478 0.5059 0.4299
vn 0.8446 0.5033 0.1826
vn -0.9141 0.3234 0.2447
vn -0.8195 0.3241 0.4726
vn -0.6690 0.3248 0.6686
vn -0.4729 0.3251 0.8190
vn -0.2448 0.3252 0.9134
vn -0.0000 0.3252 0.9457
vn 0.2448 0.3252 0.9134
vn 0.4728 0.3252 0.8190
vn 0.6687 0.3252 0.6687
vn 0.8195 0.3252 0.4719
vn 0.9181 0.3313 0.2174
vn -0.9496 0.1842 0.2537
vn -0.8519 0.1853 0.4899
vn -0.6956 0.1872 0.6936
vn -0.4916 0.1888 0.8501
vn -0.2543 0.1894 0.9484
vn -0.0000 0.1895 0.9819
vn 0.2541 0.1895 0.9484
vn 0.4909 0.1895 0.8503
vn 0.6943 0.1895 0.6943
vn 0.8504 0.1896 0.4907
vn 0.9490 0.1939 0.2487
vn -0.9649 0.0407 0.2595
vn -0.8658 0.0399 0.4988
vn -0.7073 0.0406 0.7058
vn -0.5002 0.0414 0.8649
vn -0.2588 0.0417 0.9650
vn -0.0000 0.0418 0.9991
vn 0.2586 0.0418 0.9651
vn 0.4996 0.0418 0.8653
vn 0.7065 0.0418 0.7065
vn 0.8653 0.0418 0.4996
vn 0.9651 0.0420 0.2585
vn -0.9581 -0.0986 0.2690
vn -0.8581 -0.1122 0.5011
vn -0.6986 -0.1133 0.7065
vn -0.4927 -0.1150 0.8626
vn -0.2548 -0.1170 0.9599
vn 0.0005 -0.1184 0.9930
vn 0.2570 -0.1187 0.9591
vn 0.4965 -0.1187 0.8599
vn 0.7021 -0.1187 0.7021
vn 0.8599 -0.1187 0.4965
vn 0.9591 -0.1187 0.2570
vn -0.9236 -0.2513 0.2894
vn -0.8328 -0.2587 0.4895
vn -0.6736 -0.2508 0.6952
vn -0.4714 -0.2529 0.8449
vn -0.2417 -0.2564 0.9359
vn 0.0029 -0.2597 0.9657
vn 0.2501 -0.2609 0.9324
vn 0.4827 -0.2610 0.8360
vn 0.6826 -0.2610 0.6826
vn 0.8360 -0.2610 0.4827
vn 0.9324 -0.2610 0.2498
vn -0.8801 -0.0089 0.4747
vn -0.8034 -0.3667 0.4692
vn -0.6544 -0.3330 0.6789
vn -0.4539 -0.3275 0.8287
vn -0.2302 -0.3304 0.9153
vn 0.0058 -0.3341 0.9425
vn 0.2445 -0.3363 0.9095
vn 0.4708 -0.3367 0.8154
vn 0.6658 -0.3367 0.6658
vn 0.8155 -0.3367 0.4708
vn 0.9095 -0.3367 0.2437
vn -0.4617 0.7513 0.4715
vn -0.7158 0.2004 0.6690
vn -0.7006 0.1719 0.6926
vn -0.5044 0.1727 0.8461
vn -0.2645 0.1735 0.9487
vn -0.0046 0.1737 0.9848
vn 0.2540 0.1735 0.9515
vn 0.4924 0.1734 0.8529
vn 0.6964 0.1734 0.6964
vn 0.8529 0.1734 0.4924
vn 0.9500 0.1704 0.2616
vn -0.7054 0.1841 0.6845
vn -0.5040 0.1791 0.8449
vn 0.9498 0.1819 0.2546
vn -0.2644 0.1804 0.9474
vn -0.0048 0.1812 0.9834
vn 0.2535 0.1815 0.9501
vn 0.4917 0.1816 0.8516
vn -0.5705 0.5258 0.6309
vn 0.6954 0.1816 0.6954
vn -0.7898 0.2564 0.5573
vn 0.8516 0.1816 0.4917
vn -0.3659 0.5798 0.7280
vn 0.2579 -0.1000 0.9610
vn 0.4975 -0.0998 0.8617
vn 0.7036 -0.0998 0.7036
vn -0.8550 -0.0773 0.5129
vn 0.8617 -0.0998 0.4975
vn -0.7142 -0.0960 0.6933
vn 0.9611 -0.0998 0.2575
vn -0.4918 -0.0977 0.8652
vn -0.2527 -0.0987 0.9625
vn 0.0023 -0.1000 0.9950
vn -0.5269 0.3681 0.7661
vn -0.7111 0.3621 0.6027
vn -0.7931 0.0676 0.6053
vn 0.8652 0.5014 0.0000
vn 0.0000 -0.3999 0.9165
vn -0.4583 -0.3999 0.7938
vn -0.6481 -0.3999 0.6481
vn 0.9085 -0.1846 0.3749
vn 0.3761 -0.1892 0.9071
vn 0.5987 -0.1881 0.7786
vn 0.7939 -0.3996 0.4583
vn 0.7805 -0.1863 0.5968
vn -0.5757 -0.3252 0.7502
vn -0.8773 -0.3270 0.3513
vn -0.7946 -0.4000 0.4568
vn 0.6482 -0.3998 0.6481
vn 0.2372 -0.3999 0.8853
vn -0.2372 -0.3999 0.8853
vn 0.1234 -0.3252 0.9375
vn 0.8856 -0.3993 0.2372
vn -0.1234 -0.3252 0.9375
vn -0.5977 -0.1895 0.7790
vn -0.9158 -0.1972 0.3499
vn -0.2497 -0.2624 0.9321
vn 0.9332 -0.2587 0.2495
vn 0.8368 -0.2598 0.4819
vn 0.6831 -0.2612 0.6821
vn 0.4827 -0.2620 0.8357
vn 0.0000 -0.2624 0.9650
vn 0.7934 -0.0402 0.6074
vn 0.1305 -0.0418 0.9906
vn 0.3828 -0.0416 0.9229
vn -0.8360 -0.2625 0.4819
vn -0.9411 -0.2406 0.2375
vn -0.1282 -0.1895 0.9735
vn 0.2498 -0.2624 0.9321
vn -0.3757 -0.1895 0.9071
vn 0.9232 -0.0398 0.3822
vn -0.7790 -0.1895 0.5977
vn 0.6090 -0.0410 0.7921
vn -0.4825 -0.2624 0.8357
vn -0.6823 -0.2624 0.6823
vn -0.7927 -0.0418 0.6082
vn -0.9595 -0.1305 0.2496
vn 0.4978 -0.1122 0.8600
vn 0.0000 -0.1131 0.9936
vn -0.4968 -0.1131 0.8605
vn -0.7026 -0.1131 0.7026
vn 0.7851 0.1127 0.6091
vn 0.1284 0.1178 0.9847
vn 0.3768 0.1160 0.9190
vn 0.9156 0.1100 0.3867
vn 0.6005 0.1141 0.7914
vn -0.9231 -0.0418 0.3823
vn -0.8605 -0.1131 0.4967
vn 0.7041 -0.1107 0.7015
vn 0.2574 -0.1129 0.9597
vn -0.2572 -0.1131 0.9597
vn 0.9603 -0.1086 0.2569
vn -0.3823 -0.0418 0.9231
vn 0.8617 -0.1090 0.4955
vn -0.6082 -0.0418 0.7927
vn -0.3800 0.1187 0.9173
vn -0.7877 0.1187 0.6045
vn -0.9654 0.0332 0.2587
vn 0.4989 0.0320 0.8661
vn -0.0001 0.0331 0.9995
vn -0.4997 0.0332 0.8655
vn 0.9647 0.0262 0.2622
vn 0.8650 0.0312 0.5008
vn -0.9173 0.1187 0.3800
vn -0.8655 0.0332 0.4997
vn 0.7058 0.0315 0.7077
vn 0.2582 0.0326 0.9655
vn -0.2587 0.0332 0.9654
vn -0.1298 0.1186 0.9844
vn -0.7067 0.0332 0.7067
vn -0.6045 0.1187 0.7877
vn -0.2531 0.2111 0.9441
vn -0.6912 0.2112 0.6912
vn -0.8465 0.2112 0.4887
vn -0.9447 0.2094 0.2525
vn 0.2477 0.2075 0.9464
vn 0.8432 0.2062 0.4965
vn 0.6844 0.2023 0.7004
vn 0.4807 0.2045 0.8527
vn -0.0017 0.2101 0.9777
vn -0.4887 0.2112 0.8465
vn 0.9408 0.1917 0.2794
vn -0.9169 0.2865 0.2778
vn 0.4653 0.2817 0.8392
vn -0.0039 0.2883 0.9575
vn -0.4785 0.2902 0.8287
vn 0.9170 0.2303 0.3257
vn 0.8243 0.2995 0.4804
vn -0.6767 0.2902 0.6767
vn -0.8287 0.2902 0.4785
vn 0.6669 0.2835 0.6891
vn 0.2377 0.2849 0.9286
vn -0.2481 0.2899 0.9243
vn 0.6080 -0.3821 0.6959
vn -0.6692 0.3231 0.6692
vn -0.4732 0.3231 0.8196
vn 0.1359 -0.1809 0.9741
vn 0.3902 -0.4562 0.7998
vn -0.2460 0.3227 0.9140
vn 0.1262 0.1021 0.9867
vn -0.9190 0.1028 0.3807
vn -0.6055 0.1028 0.7892
vn 0.7841 -0.3248 0.5289
vn -0.8196 0.3231 0.4732
vn 0.6620 0.3227 0.6765
vn -0.9116 0.3242 0.2528
vn 0.4561 0.3148 0.8324
vn 0.2309 0.3174 0.9198
vn -0.0065 0.3207 0.9472
vn 0.4251 -0.5972 0.6802
vn 0.6115 -0.1635 0.7741
vn 0.7438 -0.1673 0.6471
vn 0.1357 -0.1650 0.9769
vn -0.6004 -0.1648 0.7825
vn -0.9875 -0.1579 -0.0000
vn -0.9445 -0.2077 0.2547
vn 0.7298 -0.2800 0.6237
vn -0.8571 -0.1431 0.4949
vn -0.2522 -0.2054 0.9456
vn -0.6920 -0.2054 0.6920
vn 0.7662 -0.2040 0.6093
vn 0.3882 -0.1645 0.9068
vn -0.3772 -0.1648 0.9113
vn -0.9109 -0.1648 0.3783
vn 0.2637 -0.1416 0.9542
vn 0.5035 -0.2036 0.8397
vn 0.0055 -0.2054 0.9787
vn 0.4432 -0.7873 0.4285
vn -0.9085 -0.1816 0.3763
vn -0.8476 -0.2054 0.4893
vn -0.4893 -0.2054 0.8476
vn 0.7429 -0.2564 0.6183
vn 0.7683 -0.0034 0.6401
vn 0.2647 -0.2048 0.9423
vn -0.2554 -0.1429 0.9562
vn 0.6993 -0.2045 0.6850
vn -0.1265 -0.1650 0.9781
vn 0.6492 -0.2471 0.7193
vn -0.7802 -0.1816 0.5986
vn -0.5986 -0.1816 0.7802
vn -0.1259 -0.1814 0.9753
vn 0.6116 -0.1791 0.7707
vn 0.3906 -0.6427 0.6591
vn 0.8285 -0.2189 0.5155
vn 0.5044 -0.1405 0.8520
vn -0.1309 0.1030 0.9860
vn 0.6043 0.1000 0.7904
vn 0.8571 0.0721 0.5100
vn -0.7892 0.1028 0.6055
vn 0.8003 0.0929 0.5923
vn 0.3749 0.1008 0.9216
vn 0.0036 -0.1425 0.9898
vn -0.9560 -0.1431 0.2562
vn -0.6998 -0.1431 0.6998
vn -0.4948 -0.1430 0.8571
vn 0.3879 -0.1799 0.9040
vn -0.3760 -0.1816 0.9086
vn -0.3808 0.1029 0.9189
vn 0.7515 -0.2494 0.6108
vn 0.6287 -0.4309 0.6474
vn 0.5251 -0.5059 0.6843
vn 0.3619 -0.3252 0.8737
vn 0.1282 -0.1895 0.9735
vn -0.1304 -0.0418 0.9906
vn 0.8016 0.3541 0.4817
vn -0.7825 -0.1648 0.6004
vn 0.9750 0.2223 0.0000
vn -0.5460 0.8378 -0.0000
vn 0.9797 -0.2006 -0.0000
vn 0.9995 -0.0331 0.0000
vn -0.9999 -0.0138 0.0000
vn 0.9930 0.1177 -0.0000
vn -0.9940 0.1095 0.0000
vn 0.9593 0.2823 0.0000
vn -0.9660 0.2585 -0.0000
vn -0.9169 0.3990 -0.0000
vn -0.8044 0.5941 -0.0000
vn -0.6843 0.5059 0.5251
vn -0.7970 0.5059 0.3301
vn 0.1126 0.5059 0.8552
vn 0.5251 0.5059 0.6843
vn 0.8027 0.5053 0.3167
vn -0.5688 0.5941 0.5688
vn 0.4022 0.5941 0.6966
vn -0.2082 0.5941 0.7770
vn 0.6973 0.5940 0.4011
vn -0.4022 0.5941 0.6966
vn -0.8743 0.3237 0.3617
vn -0.5758 0.3250 0.7502
vn -0.1126 0.5059 0.8552
vn 0.3301 0.5059 0.7969
vn -0.7770 0.5941 0.2082
vn -0.0000 0.5941 0.8044
vn -0.3301 0.5059 0.7969
vn -0.6966 0.5941 0.4022
vn 0.2082 0.5941 0.7770
vn 0.5688 0.5941 0.5688
vn -0.7507 0.3245 0.5755
vn 0.6843 0.5059 0.5251
vn 0.7902 0.5872 0.1752
vn 0.3619 0.3252 0.8737
vn 0.7502 0.3252 0.5757
vn 0.8934 0.4027 0.1992
vn -0.4583 0.3997 0.7938
vn 0.0000 0.3997 0.9166
vn 0.4583 0.3997 0.7938
vn 0.6482 0.3997 0.6482
vn -0.9085 0.1846 0.3749
vn -0.3761 0.1892 0.9071
vn -0.5987 0.1881 0.7786
vn -0.7940 0.3994 0.4583
vn -0.7805 0.1863 0.5968
vn 0.5757 0.3252 0.7502
vn 0.8770 0.3264 0.3526
vn 0.7946 0.3997 0.4570
vn -0.6482 0.3996 0.6481
vn -0.2372 0.3997 0.8854
vn 0.2372 0.3997 0.8854
vn -0.1234 0.3252 0.9376
vn -0.8857 0.3991 0.2373
vn 0.1234 0.3252 0.9376
vn 0.5977 0.1895 0.7790
vn 0.9077 0.1905 0.3738
vn 0.2497 0.2625 0.9321
vn -0.9332 0.2587 0.2495
vn -0.8368 0.2598 0.4819
vn -0.6831 0.2612 0.6820
vn -0.4827 0.2621 0.8357
vn -0.0000 0.2625 0.9649
vn -0.7934 0.0402 0.6074
vn -0.1305 0.0418 0.9906
vn -0.3828 0.0416 0.9229
vn 0.8360 0.2626 0.4819
vn 0.9341 0.2688 0.2348
vn 0.1282 0.1895 0.9735
vn -0.2498 0.2624 0.9321
vn 0.3757 0.1895 0.9071
vn -0.9232 0.0398 0.3822
vn 0.7790 0.1895 0.5977
vn -0.6090 0.0410 0.7921
vn 0.4825 0.2625 0.8357
vn 0.6823 0.2625 0.6823
vn 0.7927 0.0418 0.6082
vn 0.9598 0.1148 0.2561
vn -0.4978 0.1122 0.8600
vn -0.0000 0.1131 0.9936
vn 0.4968 0.1131 0.8605
vn 0.7026 0.1131 0.7026
vn -0.7850 -0.1127 0.6091
vn -0.1284 -0.1178 0.9847
vn -0.3768 -0.1160 0.9190
vn -0.9157 -0.1100 0.3866
vn -0.6005 -0.1141 0.7914
vn 0.9231 0.0418 0.3823
vn 0.8605 0.1131 0.4968
vn -0.7041 0.1106 0.7015
vn -0.2574 0.1129 0.9597
vn 0.2572 0.1131 0.9597
vn -0.9603 0.1085 0.2569
vn 0.3823 0.0418 0.9231
vn -0.8618 0.1090 0.4955
vn 0.6082 0.0418 0.7927
vn 0.3800 -0.1187 0.9173
vn 0.7877 -0.1187 0.6045
vn 0.9654 -0.0331 0.2587
vn -0.4989 -0.0320 0.8661
vn 0.0001 -0.0330 0.9995
vn 0.4997 -0.0331 0.8656
vn -0.9647 -0.0262 0.2621
vn -0.8650 -0.0312 0.5008
vn -0.8842 -0.2652 0.3846
vn -0.3591 -0.2546 0.8979
vn -0.5768 -0.2516 0.7772
vn -0.7605 -0.2521 0.5983
vn 0.9173 -0.1187 0.3800
vn 0.8656 -0.0331 0.4997
vn -0.7058 -0.0315 0.7077
vn -0.2582 -0.0326 0.9655
vn 0.2587 -0.0331 0.9654
vn 0.1298 -0.1186 0.9844
vn 0.7067 -0.0331 0.7067
vn 0.6045 -0.1187 0.7877
vn 0.1270 -0.2605 0.9571
vn 0.5877 -0.2610 0.7659
vn 0.8919 -0.2610 0.3694
vn 0.2536 -0.2005 0.9463
vn 0.6927 -0.2006 0.6927
vn 0.8484 -0.2006 0.4898
vn 0.9463 -0.2006 0.2536
vn -0.2486 -0.1973 0.9483
vn -0.5579 -0.3273 0.7627
vn -0.7384 -0.3495 0.5768
vn -0.8455 -0.1927 0.4980
vn -0.6863 -0.1918 0.7016
vn -0.1206 -0.2582 0.9585
vn -0.4822 -0.1942 0.8542
vn 0.3695 -0.2610 0.8918
vn 0.0015 -0.1998 0.9798
vn 0.7659 -0.2610 0.5877
vn -0.8261 -0.3218 0.4627
vn 0.4898 -0.2006 0.8484
vn -0.9432 -0.1762 0.2816
vn -0.1131 -0.3323 0.9364
vn 0.3605 -0.3366 0.8699
vn 0.7470 -0.3367 0.5732
vn 0.9199 -0.3049 0.2465
vn -0.4618 -0.2960 0.8361
vn 0.0044 -0.3029 0.9530
vn 0.4762 -0.3049 0.8248
vn -0.9253 -0.2156 0.3119
vn -0.8207 -0.3156 0.4762
vn 0.6734 -0.3049 0.6734
vn 0.5732 -0.3367 0.7470
vn 0.8699 -0.3367 0.3603
vn 0.8248 -0.3049 0.4762
vn -0.6627 -0.2962 0.6878
vn -0.2355 -0.2993 0.9247
vn 0.2470 -0.3046 0.9199
vn -0.3443 -0.3288 0.8794
vn 0.1254 -0.3355 0.9337
vn -0.6067 0.3812 0.6975
vn 0.6674 -0.3304 0.6674
vn 0.4720 -0.3304 0.8174
vn -0.1359 0.1809 0.9741
vn -0.3890 0.4819 0.7851
vn 0.2454 -0.3300 0.9115
vn -0.1262 -0.0994 0.9870
vn 0.9193 -0.0998 0.3808
vn 0.6057 -0.0998 0.7894
vn -0.7828 0.3255 0.5304
vn 0.8174 -0.3304 0.4719
vn -0.6587 -0.3319 0.6752
vn 0.9117 -0.3304 0.2443
vn -0.4543 -0.3221 0.8306
vn -0.2299 -0.3245 0.9175
vn 0.0067 -0.3278 0.9447
vn -0.4086 0.6290 0.6614
vn -0.6113 0.1721 0.7725
vn -0.7432 0.1758 0.6455
vn -0.1358 0.1736 0.9754
vn 0.5995 0.1734 0.7813
vn 0.9444 0.2079 0.2547
vn -0.7288 0.2770 0.6261
vn 0.8576 0.1395 0.4951
vn 0.2522 0.2055 0.9456
vn 0.6920 0.2055 0.6920
vn -0.7664 0.2039 0.6092
vn -0.3881 0.1731 0.9052
vn 0.3766 0.1734 0.9100
vn 0.9095 0.1735 0.3776
vn -0.2636 0.1381 0.9547
vn -0.5035 0.2037 0.8397
vn -0.0055 0.2055 0.9787
vn -0.4463 0.7855 0.4286
vn 0.9085 0.1816 0.3763
vn 0.8475 0.2055 0.4893
vn 0.4893 0.2055 0.8476
vn -0.7428 0.2558 0.6187
vn -0.7712 -0.0160 0.6364
vn -0.2647 0.2049 0.9423
vn 0.2556 0.1394 0.9567
vn -0.6995 0.2046 0.6847
vn 0.1263 0.1736 0.9767
vn -0.6463 0.2585 0.7180
vn 0.7802 0.1816 0.5986
vn 0.5986 0.1816 0.7802
vn 0.1259 0.1814 0.9753
vn -0.6116 0.1791 0.7707
vn -0.3899 0.6419 0.6603
vn -0.8291 0.2140 0.5165
vn -0.5043 0.1370 0.8526
vn 0.1309 -0.1001 0.9863
vn -0.6046 -0.0974 0.7905
vn -0.8552 -0.0702 0.5135
vn 0.7894 -0.0998 0.6057
vn -0.8020 -0.0890 0.5906
vn -0.3751 -0.0981 0.9218
vn -0.0035 0.1389 0.9903
vn 0.9565 0.1395 0.2563
vn 0.7002 0.1395 0.7002
vn 0.4951 0.1395 0.8576
vn -0.3879 0.1798 0.9040
vn 0.3761 0.1815 0.9086
vn 0.3809 -0.0999 0.9192
vn -0.7507 0.2473 0.6126
vn -0.6290 0.4368 0.6431
vn -0.5251 0.5059 0.6843
vn -0.3619 0.3251 0.8737
vn -0.1282 0.1895 0.9735
vn 0.1304 0.0418 0.9906
vn -0.7960 -0.3678 0.4807
vn 0.7813 0.1734 0.5995
vn -0.7161 0.1459 0.6825
vn 0.9356 0.3402 0.0939
vn 0.9722 0.1995 0.1228
vn 0.9906 0.0423 0.1304
vn 0.9844 -0.1187 0.1296
vn -0.9612 -0.2153 0.1727
vn -0.9508 0.1106 0.2894
vn 0.9571 -0.2610 0.1260
vn 0.9336 -0.3367 0.1229
vn -0.6796 0.5909 0.4346
vn 0.9816 0.1223 0.1467
vn -0.8552 0.5058 0.1126
vn -0.9382 0.3232 0.1235
vn -0.9745 0.1841 0.1281
vn -0.9904 0.0428 0.1315
vn -0.5153 0.8254 0.2305
vn 0.9747 0.1830 0.1287
vn 0.9865 -0.0998 0.1299
vn 0.2568 0.1064 0.9606
vn 0.4971 0.1064 0.8611
vn -0.7030 0.1057 0.7033
vn -0.5048 0.1061 0.8567
vn 0.7160 -0.1498 0.6819
vn -0.9664 -0.1968 0.1652
vn 0.8611 0.1064 0.4972
vn 0.9605 0.0993 0.2599
vn -0.7074 0.1241 0.6958
vn -0.9906 -0.0423 0.1304
vn -0.9834 0.1315 0.1248
vn 0.9998 0.0221 0.0000
vn -0.8644 0.5028 0.0000
vn -0.2635 0.1063 0.9588
vn -0.0029 0.1064 0.9943
vn 0.9538 -0.0938 0.2854
vn 0.7031 0.1064 0.7031
vn 0.6837 -0.5931 0.4253
vn -0.9784 -0.1531 0.1390
vn 0.8553 -0.5058 0.1126
vn -0.4623 0.1936 0.8653
vn 0.9382 -0.3233 0.1234
vn 0.9745 -0.1841 0.1281
vn 0.9904 -0.0429 0.1315
vn -0.6428 0.4407 0.6266
vn -0.3943 0.2909 0.8717
vn 0.8626 0.5015 0.0664
vn 0.5645 -0.7859 0.2522
vn 0.8197 0.5728 -0.0000
vn 0.9114 0.4116 0.0000
vn -0.9747 -0.1830 0.1287
vn -0.9931 -0.1173 0.0000
vn -0.8947 0.4466 0.0000
vn 0.9902 0.1395 0.0000
vn 0.9438 -0.3304 0.0000
vn 0.9524 -0.3049 0.0000
vn -0.9870 -0.0767 0.1409
vn -0.2529 -0.1948 0.9477
vn -0.4904 -0.1949 0.8494
vn 0.6986 -0.1938 0.6888
vn 0.5041 -0.1943 0.8415
vn -0.8494 -0.1949 0.4904
vn -0.9479 -0.1896 0.2560
vn 0.7017 -0.2096 0.6810
vn 0.2648 -0.1945 0.9445
vn 0.0052 -0.1947 0.9809
vn -0.6935 -0.1949 0.6935
vn 0.4584 -0.2788 0.8439
vn 0.6245 -0.5010 0.5992
vn 0.3882 -0.3600 0.8484
vn -0.8799 -0.4706 0.0653
vn 0.9870 0.0768 0.1408
vn 0.7891 -0.1769 0.5883
vn 0.8276 -0.3861 0.4074
vn 0.1040 -0.6043 0.7899
vn -0.5874 -0.2624 0.7656
vn -0.1040 -0.6043 0.7899
vn -0.4850 -0.6043 0.6321
vn 0.5580 -0.3999 0.7271
vn -0.7415 -0.6031 0.2941
vn 0.3049 -0.6043 0.7361
vn -0.3049 -0.6043 0.7361
vn 0.7361 -0.6043 0.3049
vn 0.4850 -0.6043 0.6321
vn -0.6321 -0.6043 0.4850
vn -0.3507 -0.3999 0.8468
vn -0.5580 -0.3999 0.7271
vn 0.8470 -0.3994 0.3508
vn -0.7271 -0.3999 0.5580
vn 0.7273 -0.3997 0.5579
vn -0.9180 -0.1132 0.3800
vn 0.1196 -0.3999 0.9087
vn -0.3693 -0.2624 0.8915
vn -0.1196 -0.3999 0.9087
vn 0.1302 0.0329 0.9909
vn 0.1260 -0.2624 0.9567
vn -0.1260 -0.2624 0.9567
vn -0.7656 -0.2624 0.5874
vn -0.9234 0.0332 0.3825
vn 0.7666 -0.2605 0.5869
vn -0.9830 -0.1255 0.1342
vn -0.8987 -0.2585 0.3544
vn 0.6062 -0.1115 0.7875
vn 0.5879 -0.2617 0.7655
vn 0.3694 -0.2623 0.8915
vn -0.7755 0.2112 0.5950
vn -0.3802 -0.1131 0.9180
vn 0.3818 0.0323 0.9237
vn -0.6049 -0.1131 0.7883
vn 0.9189 -0.1085 0.3793
vn -0.7883 -0.1131 0.6049
vn 0.7897 -0.1098 0.6035
vn -0.7896 0.1722 0.5889
vn 0.6075 0.0318 0.7937
vn 0.1298 -0.1131 0.9851
vn -0.9909 0.0332 0.1305
vn -0.1297 -0.1131 0.9851
vn 0.9227 0.0303 0.3843
vn 0.8984 0.2074 0.3871
vn -0.7929 0.0332 0.6084
vn 0.7922 0.0314 0.6095
vn -0.8841 0.2902 0.3662
vn -0.3741 0.2111 0.9030
vn 0.9753 0.1575 0.1549
vn -0.3825 0.0332 0.9234
vn -0.5950 0.2112 0.7755
vn -0.6084 0.0332 0.7929
vn -0.9144 -0.1430 0.3787
vn 0.5701 0.2811 0.7720
vn 0.7708 0.2030 0.6038
vn -0.8245 0.3833 0.4162
vn -0.9030 0.2112 0.3741
vn 0.3540 0.2832 0.8914
vn 0.5871 0.2032 0.7836
vn -0.1265 0.2894 0.9488
vn -0.9733 0.1752 0.1484
vn -0.1050 0.5941 0.7975
vn 0.5874 0.2625 0.7655
vn 0.1050 0.5941 0.7975
vn 0.4897 0.5941 0.6382
vn -0.5580 0.3997 0.7272
vn 0.7485 0.5928 0.2972
vn -0.3078 0.5941 0.7432
vn 0.3078 0.5941 0.7432
vn -0.7432 0.5941 0.3078
vn -0.4897 0.5941 0.6382
vn 0.6382 0.5941 0.4897
vn 0.3508 0.3997 0.8469
vn 0.5580 0.3997 0.7272
vn -0.8471 0.3992 0.3508
vn 0.7272 0.3997 0.5580
vn -0.7273 0.3995 0.5580
vn 0.9181 0.1135 0.3798
vn -0.1196 0.3997 0.9088
vn 0.3693 0.2625 0.8915
vn 0.1196 0.3997 0.9088
vn -0.1302 -0.0329 0.9909
vn -0.1260 0.2624 0.9567
vn 0.1260 0.2625 0.9567
vn 0.7655 0.2624 0.5874
vn 0.9234 -0.0331 0.3825
vn -0.7666 0.2606 0.5869
vn 0.9848 0.1167 0.1288
vn 0.8932 0.2638 0.3641
vn -0.6062 0.1115 0.7875
vn -0.5879 0.2617 0.7655
vn 0.9544 0.2775 0.1103
vn -0.3694 0.2623 0.8915
vn 0.7772 -0.2006 0.5964
vn 0.3802 0.1131 0.9180
vn -0.3818 -0.0323 0.9237
vn 0.6049 0.1131 0.7883
vn -0.9189 0.1085 0.3793
vn 0.7883 0.1131 0.6049
vn -0.7898 0.1098 0.6035
vn -0.6075 -0.0317 0.7937
vn -0.1298 0.1130 0.9851
vn 0.9909 -0.0331 0.1305
vn 0.1297 0.1131 0.9851
vn -0.9227 -0.0303 0.3843
vn -0.9013 -0.1922 0.3883
vn 0.7929 -0.0331 0.6084
vn -0.7922 -0.0313 0.6095
vn 0.8799 -0.3049 0.3645
vn 0.3749 -0.2005 0.9051
vn -0.9776 -0.1399 0.1574
vn 0.3825 -0.0331 0.9234
vn 0.5964 -0.2006 0.7772
vn 0.6084 -0.0331 0.7929
vn 0.9149 0.1395 0.3789
vn -0.5662 -0.2950 0.7697
vn -0.7727 -0.1914 0.6052
vn 0.9442 -0.3049 0.1243
vn 0.9051 -0.2006 0.3749
vn -0.3511 -0.2975 0.8878
vn -0.5888 -0.1929 0.7849
vn 0.1260 -0.3040 0.9443
vn 0.9713 -0.2006 0.1279
vn -0.1166 -0.3012 0.9464
vn -0.3682 -0.1957 0.9089
vn -0.1248 -0.1987 0.9721
vn 0.1284 -0.2003 0.9713
vn -0.8659 -0.3022 0.3986
vn 0.9818 0.1395 0.1293
vn 0.7556 -0.3049 0.5798
vn -0.7498 -0.3028 0.5883
vn -0.6098 0.2031 0.7661
vn 0.6028 0.1395 0.7856
vn 0.3646 -0.3049 0.8799
vn -0.3875 0.1375 0.9116
vn -0.9638 -0.1756 0.2006
vn 0.7856 0.1395 0.6028
vn 0.5798 -0.3049 0.7556
vn -0.6146 0.1376 0.7767
vn 0.1275 0.1392 0.9820
vn -0.9091 0.3991 0.1197
vn -0.8332 0.2495 0.4934
vn 0.1263 -0.3291 0.9358
vn -0.3443 -0.3231 0.8815
vn 0.8720 -0.3304 0.3612
vn 0.3615 -0.3303 0.8719
vn -0.7386 -0.3543 0.5735
vn -0.1348 0.1385 0.9811
vn 0.9669 0.2188 0.1311
vn -0.1364 0.2053 0.9692
vn 0.3742 0.2055 0.9043
vn -0.7486 0.2161 0.6269
vn 0.3788 0.1394 0.9149
vn -0.6870 0.2241 0.6912
vn -0.9855 0.1091 0.1298
vn 0.9041 0.2055 0.3747
vn 0.5958 0.2055 0.7764
vn 0.1249 0.2055 0.9706
vn -0.3878 0.2044 0.8988
vn -0.9578 0.2585 0.1259
vn 0.1180 0.2867 0.9507
vn -0.5091 0.8142 0.2791
vn -0.8023 -0.3028 0.5144
vn -0.4885 0.5243 0.6975
vn 0.7488 -0.3304 0.5746
vn -0.5599 -0.3226 0.7632
vn -0.1124 -0.3262 0.9386
vn -0.7075 0.3349 0.6223
vn 0.9358 -0.3304 0.1232
vn -0.9909 -0.0183 0.1335
vn -0.7975 0.5941 0.1050
vn 0.7764 0.2055 0.5958
vn -0.3907 0.7284 0.5628
vn 0.5746 -0.3304 0.7488
vn 0.1305 -0.0331 0.9909
vn -0.3808 0.1127 0.9178
vn -0.8927 0.2592 0.3688
vn -0.3508 0.3997 0.8469
vn -0.6382 0.5941 0.4897
vn 0.8518 0.4002 0.3381
vn 0.3670 0.2059 0.9071
vn 0.3804 0.1064 0.9187
vn -0.6129 0.1059 0.7831
vn 0.1243 0.2090 0.9700
vn 0.9186 0.1062 0.3807
vn -0.7436 0.1084 0.6598
vn -0.1282 0.2108 0.9691
vn 0.8747 0.3104 0.3721
vn 0.9891 0.0422 0.1410
vn -0.9795 -0.1570 0.1266
vn -0.1344 0.1064 0.9852
vn 0.6053 0.1064 0.7888
vn 0.1283 0.1064 0.9860
vn -0.6236 0.1586 0.7654
vn -0.7592 0.2902 0.5826
vn -0.8040 0.4977 0.3254
vn 0.7531 0.2908 0.5901
vn -0.3613 0.2481 0.8988
vn -0.3877 0.1062 0.9156
vn -0.4925 0.3217 0.8087
vn 0.7888 0.1064 0.6053
vn 0.9096 0.4081 0.0776
vn 0.8136 0.5776 0.0662
vn 0.6097 -0.2031 0.7662
vn -0.6025 -0.1430 0.7852
vn -0.3663 0.2902 0.8841
vn 0.3875 -0.1411 0.9110
vn 0.9667 0.1701 0.1912
vn -0.7852 -0.1430 0.6025
vn -0.5826 0.2902 0.7592
vn 0.6147 -0.1412 0.7760
vn -0.1273 -0.1428 0.9815
vn 0.9090 -0.3993 0.1197
vn 0.8343 -0.2540 0.4894
vn -0.1266 0.3219 0.9383
vn 0.3457 0.3159 0.8836
vn -0.8743 0.3231 0.3622
vn -0.3625 0.3230 0.8742
vn 0.7436 0.3422 0.5744
vn 0.1349 -0.1421 0.9806
vn -0.9671 -0.2181 0.1310
vn 0.7869 0.6019 0.1359
vn 0.7869 0.6019 -0.1359
vn 0.8956 -0.4449 -0.0000
vn -0.7238 0.6883 -0.0477
vn -0.7238 0.6883 0.0477
vn -0.9641 -0.2580 -0.0636
vn -0.9641 -0.2580 0.0636
vn 0.2011 0.9500 -0.2389
vn 0.5291 0.6347 -0.5632
vn 0.6607 -0.3942 -0.6388
vn 0.4741 0.6798 -0.5596
vn 0.6893 -0.2674 -0.6733
vn 0.4704 0.6778 -0.5651
vn 0.6927 -0.2643 -0.6711
vn 0.3186 0.6772 -0.6633
vn 0.5028 -0.2657 -0.8226
vn 0.0323 0.9757 -0.2168
vn -0.0029 0.9773 -0.2121
vn 0.1513 0.6783 -0.7191
vn 0.2662 -0.2662 -0.9264
vn -0.0183 0.6793 -0.7336
vn 0.0080 -0.2663 -0.9638
vn -0.0264 0.9786 -0.2039
vn -0.0576 0.9791 -0.1950
vn -0.1933 0.6799 -0.7074
vn -0.2480 -0.2661 -0.9315
vn -0.1017 0.9792 -0.1757
vn -0.3667 0.6801 -0.6348
vn -0.4819 -0.2661 -0.8348
vn -0.5184 0.6801 -0.5184
vn -0.6816 -0.2661 -0.6816
vn -0.1435 0.9792 -0.1435
vn -0.1758 0.9792 -0.1014
vn -0.6348 0.6803 -0.3664
vn -0.8348 -0.2661 -0.4820
vn -0.7050 0.6837 -0.1887
vn -0.9314 -0.2646 -0.2499
vn -0.1912 0.9803 -0.0503
vn 0.2689 0.6626 -0.6990
vn 0.3911 -0.3306 -0.8589
vn 0.2886 0.6750 -0.6790
vn 0.4438 -0.2958 -0.8459
vn -0.0021 0.9885 -0.1510
vn 0.1364 -0.2052 0.9692
vn -0.3742 -0.2054 0.9043
vn 0.7485 -0.2161 0.6270
vn -0.3786 -0.1430 0.9145
vn 0.6858 -0.2269 0.6916
vn 0.9855 -0.1092 0.1298
vn -0.9041 -0.2054 0.3747
vn -0.5958 -0.2054 0.7764
vn -0.1249 -0.2054 0.9707
vn 0.3878 -0.2043 0.8988
vn 0.9578 -0.2585 0.1259
vn 0.5083 -0.8153 0.2775
vn 0.8260 0.2763 0.4914
vn 0.4885 -0.5232 0.6983
vn -0.7508 0.3231 0.5761
vn 0.5621 0.3149 0.7648
vn 0.0129 0.9764 -0.2157
vn 0.2172 0.6661 -0.7136
vn 0.3472 -0.3190 -0.8819
vn 0.0921 0.9696 -0.2268
vn 0.3557 0.6546 -0.6670
vn 0.4827 -0.3402 -0.8070
vn 0.0561 0.9753 -0.2136
vn 0.3995 0.6770 -0.6181
vn 0.6071 -0.2653 -0.7490
vn 0.0754 0.9808 -0.1799
vn 0.5030 0.6796 -0.5340
vn 0.7289 -0.2629 -0.6321
vn 0.0667 0.6789 -0.7312
vn 0.1385 -0.2663 -0.9539
vn -0.1235 0.9792 -0.1610
vn -0.4463 0.6801 -0.5816
vn -0.5868 -0.2660 -0.7648
vn 0.0126 0.9764 -0.2155
vn 0.2355 0.6777 -0.6966
vn 0.3885 -0.2659 -0.8822
vn -0.0791 0.9792 -0.1870
vn -0.2815 0.6800 -0.6770
vn -0.3685 -0.2661 -0.8907
vn -0.1868 0.9794 -0.0767
vn -0.6766 0.6811 -0.2800
vn -0.8906 -0.2659 -0.3689
vn -0.0396 0.9790 -0.2001
vn -0.1048 0.6797 -0.7260
vn -0.1219 -0.2662 -0.9562
vn 0.0393 0.9844 -0.1714
vn 0.4092 0.6773 -0.6114
vn 0.6031 -0.2821 -0.7461
vn -0.1610 0.9792 -0.1235
vn -0.5816 0.6802 -0.4463
vn -0.7648 -0.2661 -0.5868
vn -0.1888 0.9817 -0.0245
vn -0.7202 0.6873 -0.0949
vn -0.9573 -0.2600 -0.1266
vn 0.3213 0.9356 -0.1466
vn 0.7258 0.6148 -0.3086
vn 0.8349 -0.4398 -0.3308
vn 0.1130 0.3191 0.9410
vn 0.7085 -0.3352 0.6210
vn 0.9909 0.0183 0.1335
vn 0.7899 -0.6043 0.1040
vn -0.7764 -0.2054 0.5958
vn 0.3904 -0.7245 0.5680
vn -0.5761 0.3231 0.7508
vn -0.1305 0.0331 0.9909
vn 0.3808 -0.1127 0.9178
vn 0.8927 -0.2592 0.3688
vn 0.3507 -0.3999 0.8468
vn 0.6321 -0.6043 0.4850
vn -0.8520 -0.4066 0.3299
vn -0.3751 -0.1948 0.9063
vn 0.6104 -0.1941 0.7679
vn -0.9061 -0.1947 0.3755
vn 0.7383 -0.1954 0.6456
vn -0.9763 -0.1708 0.1330
vn 0.1363 -0.1946 0.9714
vn -0.5971 -0.1949 0.7781
vn -0.1254 -0.1947 0.9728
vn 0.6173 -0.2433 0.7482
vn 0.7653 -0.5653 0.3077
vn 0.3541 -0.3255 0.8767
vn 0.3412 0.9379 0.0633
vn 0.3412 0.9379 -0.0633
vn -0.9820 0.1888 0.0000
vn -0.3269 0.9439 -0.0475
vn -0.3269 0.9439 0.0475
vn 0.9987 0.0500 0.0000
vn 0.4641 0.8853 0.0307
vn 0.4641 0.8853 -0.0307
vn -0.1870 0.9823 -0.0123
vn -0.1870 0.9823 0.0123
vn -0.7059 0.1506 0.6921
vn -0.2730 0.9307 0.2433
vn -0.7011 0.0773 0.7088
vn -0.3651 0.8904 0.2719
vn 0.0519 0.9851 -0.1642
vn -0.7044 0.0740 0.7059
vn -0.3691 0.8911 0.2642
vn 0.0778 0.9763 -0.2020
vn -0.5061 0.0745 0.8592
vn -0.2868 0.8922 0.3490
vn -0.2641 0.0744 0.9616
vn -0.1666 0.8934 0.4172
vn -0.0029 0.0743 0.9972
vn -0.0242 0.8944 0.4465
vn 0.2575 0.0744 0.9634
vn 0.1110 0.8947 0.4327
vn 0.4986 0.0745 0.8636
vn 0.2232 0.8947 0.3869
vn 0.7051 0.0745 0.7051
vn 0.3158 0.8947 0.3158
vn 0.8636 0.0745 0.4986
vn 0.3867 0.8947 0.2234
vn 0.9632 0.0707 0.2592
vn 0.4355 0.8924 0.1183
vn -0.4005 0.1151 0.9090
vn -0.2060 0.9083 0.3641
vn 0.0444 0.9747 -0.2190
vn -0.4452 0.0934 0.8906
vn -0.2532 0.8960 0.3647
vn 0.3882 -0.1944 0.9008
vn 0.4821 -0.3924 0.7833
vn -0.7781 -0.1949 0.5971
vn -0.8119 -0.5795 0.0709
vn -0.3531 0.1101 0.9291
vn -0.2014 0.9045 0.3760
vn -0.4997 0.1087 0.8594
vn -0.2286 0.9136 0.3363
vn -0.6145 0.0745 0.7854
vn -0.3337 0.8917 0.3057
vn -0.7424 0.0735 0.6659
vn -0.3835 0.8898 0.2472
vn -0.1347 0.0743 0.9881
vn -0.0967 0.8940 0.4374
vn -0.0154 0.9781 -0.2077
vn 0.6071 0.0745 0.7911
vn 0.2719 0.8947 0.3543
vn -0.3887 0.0744 0.9184
vn -0.2306 0.8928 0.3870
vn 0.3815 0.0745 0.9214
vn 0.1697 0.8947 0.4132
vn 0.9213 0.0744 0.3817
vn 0.4128 0.8945 0.1718
vn 0.1287 0.0743 0.9889
vn 0.0464 0.8946 0.4444
vn -0.6117 0.0871 0.7863
vn -0.3243 0.8932 0.3113
vn 0.7911 0.0745 0.6071
vn 0.3543 0.8947 0.2719
vn 0.9896 0.0556 0.1327
vn 0.4560 0.8879 0.0608
vn -0.9122 0.1930 0.3616
vn -0.3123 0.9435 0.1111
vn 0.9421 -0.3355 -0.0000
vn 0.8097 -0.5868 -0.0000
vn -0.8351 -0.5491 0.0317
vn -0.8351 -0.5491 -0.0317
vn -0.9716 -0.2313 -0.0495
vn -0.9716 -0.2313 0.0495
vn 0.7821 -0.5868 -0.2096
vn 0.9100 -0.3355 -0.2438
vn 0.8158 -0.3355 -0.4710
vn 0.7012 -0.5868 -0.4049
vn 0.6661 -0.3355 -0.6661
vn 0.5726 -0.5868 -0.5726
vn 0.4710 -0.3355 -0.8158
vn 0.4049 -0.5868 -0.7012
vn 0.2438 -0.3355 -0.9100
vn 0.2096 -0.5868 -0.7821
vn -0.0000 -0.3355 -0.9420
vn 0.0000 -0.5868 -0.8097
vn -0.2438 -0.3355 -0.9100
vn -0.2096 -0.5868 -0.7821
vn -0.4710 -0.3355 -0.8158
vn -0.4049 -0.5868 -0.7012
vn -0.6661 -0.3355 -0.6661
vn -0.5726 -0.5868 -0.5726
vn -0.8163 -0.3352 -0.4704
vn -0.7018 -0.5868 -0.4039
vn -0.9241 -0.3067 -0.2281
vn -0.7945 -0.5786 -0.1845
vn -0.8332 0.5059 -0.2233
vn -0.7470 0.5059 -0.4313
vn -0.6099 0.5059 -0.6099
vn -0.4313 0.5059 -0.7470
vn -0.2232 0.5059 -0.8332
vn 0.0000 0.5059 -0.8626
vn 0.2232 0.5059 -0.8332
vn 0.4313 0.5059 -0.7470
vn 0.6099 0.5059 -0.6099
vn 0.7478 0.5059 -0.4299
vn 0.8446 0.5033 -0.1826
vn -0.9141 0.3234 -0.2447
vn -0.8195 0.3241 -0.4726
vn -0.6690 0.3248 -0.6686
vn -0.4729 0.3251 -0.8190
vn -0.2448 0.3252 -0.9134
vn 0.7481 -0.5868 -0.3099
vn 0.8703 -0.3355 -0.3605
vn 0.6424 -0.5868 -0.4929
vn 0.7474 -0.3355 -0.5735
vn 0.4929 -0.5868 -0.6424
vn 0.5735 -0.3355 -0.7474
vn 0.3099 -0.5868 -0.7481
vn 0.3605 -0.3355 -0.8703
vn 0.1057 -0.5868 -0.8028
vn 0.1230 -0.3355 -0.9340
vn -0.1057 -0.5868 -0.8028
vn -0.1230 -0.3355 -0.9340
vn -0.3099 -0.5868 -0.7481
vn -0.3605 -0.3355 -0.8703
vn -0.4929 -0.5868 -0.6424
vn -0.5735 -0.3355 -0.7474
vn -0.6424 -0.5868 -0.4929
vn -0.7474 -0.3355 -0.5735
vn -0.7522 -0.5860 -0.3012
vn -0.8750 -0.3321 -0.3523
vn -0.8244 -0.5607 -0.0777
vn -0.9613 -0.2576 -0.0979
vn 0.8028 -0.5868 -0.1057
vn 0.9340 -0.3355 -0.1230
vn 0.8272 -0.5618 -0.0000
vn -0.0000 0.3252 -0.9457
vn 0.2448 0.3252 -0.9134
vn 0.4728 0.3252 -0.8190
vn 0.6687 0.3252 -0.6687
vn 0.8195 0.3252 -0.4719
vn 0.9181 0.3313 -0.2174
vn -0.9496 0.1842 -0.2537
vn -0.8519 0.1853 -0.4899
vn -0.6956 0.1872 -0.6936
vn -0.4916 0.1888 -0.8501
vn -0.2543 0.1894 -0.9484
vn -0.0000 0.1895 -0.9819
vn 0.2541 0.1895 -0.9484
vn 0.4909 0.1895 -0.8503
vn 0.6943 0.1895 -0.6943
vn 0.8504 0.1896 -0.4907
vn 0.9490 0.1939 -0.2487
vn -0.9649 0.0407 -0.2595
vn -0.8658 0.0399 -0.4988
vn -0.7073 0.0406 -0.7058
vn -0.8766 -0.4781 0.0543
vn -0.8766 -0.4781 -0.0543
vn 0.7991 -0.5618 -0.2141
vn 0.7643 -0.5619 -0.3166
vn 0.7164 -0.5618 -0.4136
vn 0.6563 -0.5619 -0.5036
vn 0.5850 -0.5618 -0.5850
vn 0.5036 -0.5619 -0.6563
vn 0.4136 -0.5618 -0.7164
vn 0.3166 -0.5619 -0.7643
vn 0.2141 -0.5618 -0.7991
vn 0.1080 -0.5619 -0.8202
vn 0.0000 -0.5618 -0.8272
vn -0.1080 -0.5619 -0.8202
vn -0.2141 -0.5618 -0.7991
vn -0.3166 -0.5619 -0.7643
vn -0.4136 -0.5618 -0.7164
vn -0.5036 -0.5619 -0.6563
vn -0.5850 -0.5618 -0.5850
vn -0.6563 -0.5619 -0.5036
vn -0.7165 -0.5618 -0.4134
vn -0.7684 -0.5581 -0.3131
vn -0.8130 -0.5420 -0.2128
vn 0.8202 -0.5619 -0.1080
vn -0.8580 -0.5043 -0.0981
vn 0.0000 -1.0000 0.0000
vn -0.5002 0.0414 -0.8649
vn 0.4631 -0.8863 -0.0000
vn 0.0000 -1.0000 0.0000
vn -0.2588 0.0417 -0.9650
vn -0.0000 0.0418 -0.9991
vn 0.2586 0.0418 -0.9651
vn 0.4996 0.0418 -0.8653
vn 0.7065 0.0418 -0.7065
vn 0.8653 0.0418 -0.4996
vn 0.9651 0.0420 -0.2585
vn -0.9581 -0.0986 -0.2690
vn -0.8581 -0.1122 -0.5011
vn -0.6986 -0.1133 -0.7065
vn -0.4927 -0.1150 -0.8626
vn -0.2548 -0.1170 -0.9599
vn 0.0005 -0.1184 -0.9930
vn 0.2570 -0.1187 -0.9591
vn 0.4965 -0.1187 -0.8599
vn 0.7021 -0.1187 -0.7021
vn 0.8599 -0.1187 -0.4965
vn 0.9591 -0.1187 -0.2570
vn -0.9236 -0.2513 -0.2894
vn -0.8328 -0.2587 -0.4895
vn -0.6736 -0.2508 -0.6952
vn -0.4714 -0.2529 -0.8449
vn -0.4973 -0.8669 -0.0326
vn -0.4973 -0.8669 0.0326
vn 0.0000 -1.0000 0.0000
vn 0.4473 -0.8863 -0.1199
vn 0.0000 -1.0000 0.0000
vn 0.4278 -0.8863 -0.1772
vn 0.0000 -1.0000 0.0000
vn 0.4010 -0.8863 -0.2315
vn 0.0000 -1.0000 0.0000
vn 0.3674 -0.8863 -0.2819
vn 0.0000 -1.0000 0.0000
vn 0.3274 -0.8863 -0.3274
vn 0.0000 -1.0000 0.0000
vn 0.2819 -0.8863 -0.3674
vn 0.0000 -1.0000 0.0000
vn 0.2315 -0.8863 -0.4010
vn 0.0000 -1.0000 0.0000
vn 0.1772 -0.8863 -0.4278
vn 0.0000 -1.0000 0.0000
vn 0.1199 -0.8863 -0.4473
vn 0.0000 -1.0000 0.0000
vn 0.0604 -0.8863 -0.4591
vn 0.0000 -1.0000 0.0000
vn 0.0000 -0.8863 -0.4631
vn 0.0000 -1.0000 0.0000
vn -0.0604 -0.8863 -0.4591
vn 0.0000 -1.0000 0.0000
vn -0.1199 -0.8863 -0.4473
vn 0.0000 -1.0000 0.0000
vn -0.1772 -0.8863 -0.4278
vn 0.0000 -1.0000 0.0000
vn -0.2315 -0.8863 -0.4010
vn 0.0000 -1.0000 0.0000
vn -0.2819 -0.8863 -0.3674
vn 0.0000 -1.0000 0.0000
vn -0.3274 -0.8863 -0.3274
vn 0.0000 -1.0000 0.0000
vn -0.3674 -0.8863 -0.2819
vn 0.0000 -1.0000 0.0000
vn -0.4011 -0.8863 -0.2315
vn 0.0000 -1.0000 0.0000
vn -0.4295 -0.8856 -0.1770
vn 0.0000 -1.0000 0.0000
vn -0.4568 -0.8814 -0.1205
vn 0.0000 -1.0000 0.0000
vn 0.4591 -0.8863 -0.0604
vn 0.0000 -1.0000 0.0000
vn -0.4842 -0.8727 -0.0625
vn 0.0000 -1.0000 0.0000
vn -0.2417 -0.2564 -0.9359
vn -0.5144 -0.8575 0.0000
vn 0.0029 -0.2597 -0.9657
vn 0.2501 -0.2609 -0.9324
vn 0.4827 -0.2610 -0.8360
vn 0.6826 -0.2610 -0.6826
vn 0.8360 -0.2610 -0.4827
vn 0.9324 -0.2610 -0.2498
vn -0.8801 -0.0089 -0.4747
vn -0.8034 -0.3667 -0.4692
vn -0.6544 -0.3330 -0.6789
vn -0.4539 -0.3275 -0.8287
vn -0.2302 -0.3304 -0.9153
vn 0.0058 -0.3341 -0.9425
vn 0.2445 -0.3363 -0.9095
vn 0.4708 -0.3367 -0.8154
vn 0.6658 -0.3367 -0.6658
vn 0.8155 -0.3367 -0.4708
vn 0.9095 -0.3367 -0.2437
vn -0.4617 0.7513 -0.4715
vn 0.5144 -0.8575 0.0000
vn -0.4969 -0.8575 0.1331
vn -0.4752 -0.8576 0.1968
vn -0.4455 -0.8575 0.2572
vn -0.4081 -0.8576 0.3131
vn -0.3637 -0.8575 0.3637
vn -0.3131 -0.8576 0.4081
vn -0.2572 -0.8575 0.4455
vn -0.1968 -0.8576 0.4752
vn -0.1331 -0.8575 0.4969
vn -0.0671 -0.8576 0.5100
vn -0.0000 -0.8575 0.5144
vn 0.0671 -0.8576 0.5100
vn 0.1331 -0.8575 0.4969
vn 0.1968 -0.8576 0.4752
vn 0.2572 -0.8575 0.4455
vn 0.3131 -0.8576 0.4081
vn 0.3637 -0.8575 0.3637
vn 0.4081 -0.8576 0.3131
vn 0.4455 -0.8575 0.2572
vn 0.4752 -0.8576 0.1968
vn 0.4969 -0.8575 0.1331
vn -0.5100 -0.8576 0.0671
vn 0.5100 -0.8576 0.0671
vn -0.7158 0.2004 -0.6690
vn -0.7006 0.1719 -0.6926
vn -0.5044 0.1727 -0.8461
vn -0.2645 0.1735 -0.9487
vn -0.0046 0.1737 -0.9848
vn 0.2540 0.1735 -0.9515
vn 0.4924 0.1734 -0.8529
vn 0.6964 0.1734 -0.6964
vn 0.8529 0.1734 -0.4924
vn 0.9500 0.1704 -0.2616
vn -0.7054 0.1841 -0.6845
vn -0.5040 0.1791 -0.8449
vn 0.9498 0.1819 -0.2546
vn -0.2644 0.1804 -0.9474
vn -0.0048 0.1812 -0.9834
vn 0.2535 0.1815 -0.9501
vn 0.4917 0.1816 -0.8516
vn -0.5705 0.5258 -0.6309
vn 0.6954 0.1816 -0.6954
vn -0.7898 0.2564 -0.5573
vn 0.8516 0.1816 -0.4917
vn 0.4121 0.9111 -0.0000
vn -0.3659 0.5798 -0.7280
vn 0.2579 -0.1000 -0.9610
vn -0.4060 0.9139 -0.0000
vn -0.3516 0.9139 0.2030
vn -0.3751 0.9139 0.1554
vn -0.3922 0.9139 0.1051
vn -0.2871 0.9139 0.2871
vn -0.3221 0.9139 0.2471
vn -0.2030 0.9139 0.3516
vn -0.2471 0.9139 0.3221
vn -0.1051 0.9139 0.3921
vn -0.1553 0.9139 0.3750
vn -0.0000 0.9139 0.4059
vn -0.0530 0.9139 0.4024
vn 0.1051 0.9139 0.3921
vn 0.0530 0.9139 0.4024
vn 0.2029 0.9139 0.3515
vn 0.1553 0.9139 0.3750
vn 0.2870 0.9139 0.2870
vn 0.2471 0.9139 0.3220
vn 0.3519 0.9138 0.2028
vn 0.3220 0.9139 0.2471
vn 0.3991 0.9120 0.0946
vn 0.3780 0.9132 0.1526
vn 0.4099 0.9113 0.0392
vn -0.4025 0.9139 0.0530
vn 0.4975 -0.0998 -0.8617
vn 0.7036 -0.0998 -0.7036
vn -0.8550 -0.0773 -0.5129
vn 0.8617 -0.0998 -0.4975
vn -0.7142 -0.0960 -0.6933
vn 0.9611 -0.0998 -0.2575
vn -0.4918 -0.0977 -0.8652
vn -0.2527 -0.0987 -0.9625
vn 0.0023 -0.1000 -0.9950
vn -0.5269 0.3681 -0.7661
vn -0.7111 0.3621 -0.6027
vn -0.7931 0.0676 -0.6053
vn -0.6843 0.5059 -0.5251
vn -0.7970 0.5059 -0.3301
vn 0.1126 0.5059 -0.8552
vn 0.5251 0.5059 -0.6843
vn 0.8027 0.5053 -0.3167
vn -0.5688 0.5941 -0.5688
vn 0.4022 0.5941 -0.6966
vn -0.2082 0.5941 -0.7770
vn 0.6973 0.5940 -0.4011
vn -0.4022 0.5941 -0.6966
vn -0.8743 0.3237 -0.3617
vn -0.5758 0.3250 -0.7502
vn -0.1126 0.5059 -0.8552
vn 0.3301 0.5059 -0.7969
vn -0.7770 0.5941 -0.2082
vn -0.0000 0.5941 -0.8044
vn -0.3301 0.5059 -0.7969
vn -0.6966 0.5941 -0.4022
vn 0.2082 0.5941 -0.7770
vn 0.5688 0.5941 -0.5688
vn -0.7507 0.3245 -0.5755
vn 0.6843 0.5059 -0.5251
vn 0.7902 0.5872 -0.1752
vn 0.3619 0.3252 -0.8737
vn 0.7502 0.3252 -0.5757
vn 0.8934 0.4027 -0.1992
vn -0.4583 0.3997 -0.7938
vn 0.0000 0.3997 -0.9166
vn 0.4583 0.3997 -0.7938
vn 0.6482 0.3997 -0.6482
vn -0.9085 0.1846 -0.3749
vn -0.3761 0.1892 -0.9071
vn -0.5987 0.1881 -0.7786
vn -0.7940 0.3994 -0.4583
vn -0.7805 0.1863 -0.5968
vn 0.5757 0.3252 -0.7502
vn 0.8770 0.3264 -0.3526
vn 0.7946 0.3997 -0.4570
vn -0.6482 0.3996 -0.6481
vn -0.2372 0.3997 -0.8854
vn 0.2372 0.3997 -0.8854
vn -0.1234 0.3252 -0.9376
vn -0.8857 0.3991 -0.2373
vn 0.1234 0.3252 -0.9376
vn 0.5977 0.1895 -0.7790
vn 0.9077 0.1905 -0.3738
vn 0.2497 0.2625 -0.9321
vn -0.9332 0.2587 -0.2495
vn -0.8368 0.2598 -0.4819
vn -0.6831 0.2612 -0.6820
vn -0.4827 0.2621 -0.8357
vn -0.0000 0.2625 -0.9649
vn -0.7934 0.0402 -0.6074
vn -0.1305 0.0418 -0.9906
vn -0.3828 0.0416 -0.9229
vn 0.8360 0.2626 -0.4819
vn 0.9341 0.2688 -0.2348
vn 0.1282 0.1895 -0.9735
vn -0.2498 0.2624 -0.9321
vn 0.3757 0.1895 -0.9071
vn -0.9232 0.0398 -0.3822
vn 0.7790 0.1895 -0.5977
vn -0.6090 0.0410 -0.7921
vn 0.4825 0.2625 -0.8357
vn 0.6823 0.2625 -0.6823
vn 0.7927 0.0418 -0.6082
vn 0.9598 0.1148 -0.2561
vn -0.4978 0.1122 -0.8600
vn -0.0000 0.1131 -0.9936
vn 0.4968 0.1131 -0.8605
vn 0.7026 0.1131 -0.7026
vn -0.7850 -0.1127 -0.6091
vn -0.1284 -0.1178 -0.9847
vn -0.3768 -0.1160 -0.9190
vn -0.9157 -0.1100 -0.3866
vn -0.6005 -0.1141 -0.7914
vn 0.9231 0.0418 -0.3823
vn 0.8605 0.1131 -0.4968
vn -0.7041 0.1106 -0.7015
vn -0.2574 0.1129 -0.9597
vn 0.2572 0.1131 -0.9597
vn -0.9603 0.1085 -0.2569
vn 0.3823 0.0418 -0.9231
vn -0.8618 0.1090 -0.4955
vn 0.6082 0.0418 -0.7927
vn 0.3800 -0.1187 -0.9173
vn 0.7877 -0.1187 -0.6045
vn 0.9654 -0.0331 -0.2587
vn -0.4989 -0.0320 -0.8661
vn 0.0001 -0.0330 -0.9995
vn 0.4997 -0.0331 -0.8656
vn -0.9647 -0.0262 -0.2621
vn -0.8650 -0.0312 -0.5008
vn -0.8842 -0.2652 -0.3846
vn -0.9717 -0.2315 0.0461
vn -0.9717 -0.2315 -0.0461
vn -0.9688 -0.2231 -0.1080
vn -0.9449 -0.2577 -0.2019
vn -0.9287 -0.3153 -0.1954
vn -0.9041 -0.3984 -0.1546
vn -0.8712 -0.4782 -0.1108
vn -0.8775 -0.4770 0.0491
vn -0.8775 -0.4770 -0.0491
vn -0.3591 -0.2546 -0.8979
vn -0.5768 -0.2516 -0.7772
vn -0.7605 -0.2521 -0.5983
vn 0.9173 -0.1187 -0.3800
vn 0.8656 -0.0331 -0.4997
vn -0.7058 -0.0315 -0.7077
vn -0.2582 -0.0326 -0.9655
vn 0.2587 -0.0331 -0.9654
vn 0.1298 -0.1186 -0.9844
vn 0.7067 -0.0331 -0.7067
vn 0.6045 -0.1187 -0.7877
vn 0.1270 -0.2605 -0.9571
vn 0.5877 -0.2610 -0.7659
vn 0.8919 -0.2610 -0.3694
vn 0.2536 -0.2005 -0.9463
vn 0.6927 -0.2006 -0.6927
vn 0.8484 -0.2006 -0.4898
vn 0.9463 -0.2006 -0.2536
vn -0.2486 -0.1973 -0.9483
vn -0.5579 -0.3273 -0.7627
vn -0.7384 -0.3495 -0.5768
vn -0.8455 -0.1927 -0.4980
vn -0.6863 -0.1918 -0.7016
vn -0.1206 -0.2582 -0.9585
vn -0.4822 -0.1942 -0.8542
vn 0.3695 -0.2610 -0.8918
vn 0.0015 -0.1998 -0.9798
vn 0.7659 -0.2610 -0.5877
vn -0.8261 -0.3218 -0.4627
vn 0.4898 -0.2006 -0.8484
vn -0.9432 -0.1762 -0.2816
vn -0.1131 -0.3323 -0.9364
vn 0.3605 -0.3366 -0.8699
vn 0.7470 -0.3367 -0.5732
vn 0.9199 -0.3049 -0.2465
vn -0.4618 -0.2960 -0.8361
vn 0.0044 -0.3029 -0.9530
vn 0.4762 -0.3049 -0.8248
vn -0.9253 -0.2156 -0.3119
vn -0.8207 -0.3156 -0.4762
vn 0.6734 -0.3049 -0.6734
vn 0.5732 -0.3367 -0.7470
vn 0.8699 -0.3367 -0.3603
vn 0.8248 -0.3049 -0.4762
vn -0.6627 -0.2962 -0.6878
vn -0.2355 -0.2993 -0.9247
vn 0.2470 -0.3046 -0.9199
vn -0.3443 -0.3288 -0.8794
vn 0.1254 -0.3355 -0.9337
vn -0.6067 0.3812 -0.6975
vn 0.6674 -0.3304 -0.6674
vn 0.4720 -0.3304 -0.8174
vn -0.1359 0.1809 -0.9741
vn -0.3890 0.4819 -0.7851
vn 0.2454 -0.3300 -0.9115
vn -0.1262 -0.0994 -0.9870
vn 0.9193 -0.0998 -0.3808
vn 0.6057 -0.0998 -0.7894
vn -0.7828 0.3255 -0.5304
vn 0.8174 -0.3304 -0.4719
vn -0.6587 -0.3319 -0.6752
vn 0.9117 -0.3304 -0.2443
vn -0.4543 -0.3221 -0.8306
vn -0.2299 -0.3245 -0.9175
vn 0.0067 -0.3278 -0.9447
vn -0.4086 0.6290 -0.6614
vn -0.6113 0.1721 -0.7725
vn -0.7432 0.1758 -0.6455
vn -0.1358 0.1736 -0.9754
vn 0.5995 0.1734 -0.7813
vn 0.9444 0.2079 -0.2547
vn -0.7288 0.2770 -0.6261
vn 0.8576 0.1395 -0.4951
vn 0.2522 0.2055 -0.9456
vn 0.6920 0.2055 -0.6920
vn -0.7664 0.2039 -0.6092
vn -0.3881 0.1731 -0.9052
vn 0.3766 0.1734 -0.9100
vn 0.9095 0.1735 -0.3776
vn -0.2636 0.1381 -0.9547
vn -0.5035 0.2037 -0.8397
vn -0.0055 0.2055 -0.9787
vn -0.4463 0.7855 -0.4286
vn 0.9085 0.1816 -0.3763
vn 0.8475 0.2055 -0.4893
vn 0.4893 0.2055 -0.8476
vn -0.7428 0.2558 -0.6187
vn -0.7712 -0.0160 -0.6364
vn -0.2647 0.2049 -0.9423
vn 0.2556 0.1394 -0.9567
vn -0.6995 0.2046 -0.6847
vn 0.1263 0.1736 -0.9767
vn -0.6463 0.2585 -0.7180
vn 0.7802 0.1816 -0.5986
vn 0.5986 0.1816 -0.7802
vn 0.1259 0.1814 -0.9753
vn -0.6116 0.1791 -0.7707
vn -0.3899 0.6419 -0.6603
vn -0.8291 0.2140 -0.5165
vn -0.5043 0.1370 -0.8526
vn 0.1309 -0.1001 -0.9863
vn -0.6046 -0.0974 -0.7905
vn -0.8552 -0.0702 -0.5135
vn 0.7894 -0.0998 -0.6057
vn -0.8020 -0.0890 -0.5906
vn -0.3751 -0.0981 -0.9218
vn -0.0035 0.1389 -0.9903
vn 0.9565 0.1395 -0.2563
vn 0.7002 0.1395 -0.7002
vn 0.4951 0.1395 -0.8576
vn -0.3879 0.1798 -0.9040
vn 0.3761 0.1815 -0.9086
vn 0.3809 -0.0999 -0.9192
vn -0.7507 0.2473 -0.6126
vn -0.6290 0.4368 -0.6431
vn -0.5251 0.5059 -0.6843
vn -0.3619 0.3251 -0.8737
vn -0.1282 0.1895 -0.9735
vn 0.1304 0.0418 -0.9906
vn -0.7960 -0.3678 -0.4807
vn 0.7813 0.1734 -0.5995
vn -0.7161 0.1459 -0.6825
vn 0.9389 0.3423 -0.0370
vn 0.9294 0.3371 -0.1504
vn 0.9779 0.2008 -0.0590
vn 0.9624 0.1975 -0.1863
vn 0.9970 0.0422 -0.0654
vn 0.9799 0.0421 -0.1948
vn 0.9908 -0.1185 -0.0650
vn 0.9739 -0.1185 -0.1936
vn -0.9612 -0.2153 -0.1727
vn -0.9508 0.1106 -0.2894
vn 0.9634 -0.2605 -0.0632
vn 0.9469 -0.2605 -0.1883
vn 0.9398 -0.3361 -0.0617
vn 0.9238 -0.3361 -0.1836
vn -0.6796 0.5909 -0.4346
vn 0.9897 0.1264 -0.0668
vn 0.9669 0.1173 -0.2265
vn -0.8552 0.5058 -0.1126
vn -0.9382 0.3232 -0.1235
vn -0.9745 0.1841 -0.1281
vn -0.9904 0.0428 -0.1315
vn -0.5153 0.8254 -0.2305
vn 0.9810 0.1830 -0.0644
vn 0.9643 0.1823 -0.1923
vn 0.9929 -0.0996 -0.0652
vn 0.9759 -0.0996 -0.1940
vn 0.2568 0.1064 -0.9606
vn 0.4971 0.1064 -0.8611
vn -0.7030 0.1057 -0.7033
vn -0.5048 0.1061 -0.8567
vn 0.8611 0.1064 -0.4972
vn 0.9605 0.0993 -0.2599
vn -0.7074 0.1241 -0.6958
vn -0.2635 0.1063 -0.9588
vn -0.0029 0.1064 -0.9943
vn 0.7031 0.1064 -0.7031
vn -0.4623 0.1936 -0.8653
vn -0.6428 0.4407 -0.6266
vn -0.3943 0.2909 -0.8717
vn 0.8661 0.4995 -0.0211
vn 0.8574 0.5025 -0.1111
vn -0.9870 -0.0767 -0.1409
vn -0.7896 0.1722 -0.5889
vn -0.8245 0.3833 -0.4162
vn -0.1050 0.5941 -0.7975
vn 0.5874 0.2625 -0.7655
vn 0.1050 0.5941 -0.7975
vn 0.4897 0.5941 -0.6382
vn -0.5580 0.3997 -0.7272
vn 0.7485 0.5928 -0.2972
vn -0.3078 0.5941 -0.7432
vn 0.3078 0.5941 -0.7432
vn -0.7432 0.5941 -0.3078
vn -0.4897 0.5941 -0.6382
vn 0.6382 0.5941 -0.4897
vn 0.3508 0.3997 -0.8469
vn 0.5580 0.3997 -0.7272
vn -0.8471 0.3992 -0.3508
vn 0.7272 0.3997 -0.5580
vn -0.7273 0.3995 -0.5580
vn 0.9181 0.1135 -0.3798
vn -0.1196 0.3997 -0.9088
vn 0.3693 0.2625 -0.8915
vn 0.1196 0.3997 -0.9088
vn -0.1302 -0.0329 -0.9909
vn -0.1260 0.2624 -0.9567
vn 0.1260 0.2625 -0.9567
vn 0.7655 0.2624 -0.5874
vn 0.9234 -0.0331 -0.3825
vn -0.7666 0.2606 -0.5869
vn 0.9911 0.1170 -0.0640
vn 0.9743 0.1159 -0.1931
vn 0.8932 0.2638 -0.3641
vn -0.6062 0.1115 -0.7875
vn -0.5879 0.2617 -0.7655
vn 0.9589 0.2796 -0.0491
vn 0.9463 0.2744 -0.1711
vn -0.3694 0.2623 -0.8915
vn 0.7772 -0.2006 -0.5964
vn 0.3802 0.1131 -0.9180
vn -0.3818 -0.0323 -0.9237
vn 0.6049 0.1131 -0.7883
vn -0.9189 0.1085 -0.3793
vn 0.7883 0.1131 -0.6049
vn -0.7898 0.1098 -0.6035
vn -0.6075 -0.0317 -0.7937
vn -0.1298 0.1130 -0.9851
vn 0.9973 -0.0330 -0.0655
vn 0.9803 -0.0330 -0.1949
vn 0.1297 0.1131 -0.9851
vn -0.9227 -0.0303 -0.3843
vn -0.9013 -0.1922 -0.3883
vn 0.7929 -0.0331 -0.6084
vn -0.7922 -0.0313 -0.6095
vn 0.8799 -0.3049 -0.3645
vn 0.3749 -0.2005 -0.9051
vn -0.9776 -0.1399 -0.1574
vn 0.3825 -0.0331 -0.9234
vn 0.5964 -0.2006 -0.7772
vn 0.6084 -0.0331 -0.7929
vn 0.9149 0.1395 -0.3789
vn -0.5662 -0.2950 -0.7697
vn -0.7727 -0.1914 -0.6052
vn 0.9505 -0.3043 -0.0624
vn 0.9343 -0.3043 -0.1857
vn 0.9051 -0.2006 -0.3749
vn -0.3511 -0.2975 -0.8878
vn -0.5888 -0.1929 -0.7849
vn 0.1260 -0.3040 -0.9443
vn 0.9777 -0.2001 -0.0642
vn 0.9610 -0.2001 -0.1910
vn -0.1166 -0.3012 -0.9464
vn -0.3682 -0.1957 -0.9089
vn -0.1248 -0.1987 -0.9721
vn 0.1284 -0.2003 -0.9713
vn -0.8659 -0.3022 -0.3986
vn 0.9881 0.1392 -0.0649
vn 0.9713 0.1392 -0.1931
vn 0.7556 -0.3049 -0.5798
vn -0.7498 -0.3028 -0.5883
vn -0.6098 0.2031 -0.7661
vn 0.6028 0.1395 -0.7856
vn 0.3646 -0.3049 -0.8799
vn -0.3875 0.1375 -0.9116
vn -0.9638 -0.1756 -0.2006
vn 0.7856 0.1395 -0.6028
vn 0.5798 -0.3049 -0.7556
vn -0.6146 0.1376 -0.7767
vn 0.1275 0.1392 -0.9820
vn -0.9091 0.3991 -0.1197
vn -0.8332 0.2495 -0.4934
vn 0.1263 -0.3291 -0.9358
vn -0.3443 -0.3231 -0.8815
vn 0.8720 -0.3304 -0.3612
vn 0.3615 -0.3303 -0.8719
vn -0.7386 -0.3543 -0.5735
vn -0.1348 0.1385 -0.9811
vn 0.9732 0.2207 -0.0642
vn 0.9563 0.2160 -0.1973
vn -0.1364 0.2053 -0.9692
vn 0.3742 0.2055 -0.9043
vn -0.7486 0.2161 -0.6269
vn 0.3788 0.1394 -0.9149
vn -0.6870 0.2241 -0.6912
vn -0.9855 0.1091 -0.1298
vn 0.9041 0.2055 -0.3747
vn 0.5958 0.2055 -0.7764
vn 0.1249 0.2055 -0.9706
vn -0.3878 0.2044 -0.8988
vn -0.9578 0.2585 -0.1259
vn -0.5091 0.8142 -0.2791
vn -0.8023 -0.3028 -0.5144
vn -0.4885 0.5243 -0.6975
vn 0.7488 -0.3304 -0.5746
vn -0.5599 -0.3226 -0.7632
vn -0.1124 -0.3262 -0.9386
vn -0.7075 0.3349 -0.6223
vn 0.9420 -0.3298 -0.0618
vn 0.9259 -0.3298 -0.1841
vn -0.9909 -0.0183 -0.1335
vn -0.7975 0.5941 -0.1050
vn 0.7764 0.2055 -0.5958
vn -0.3907 0.7284 -0.5628
vn 0.5746 -0.3304 -0.7488
vn 0.1305 -0.0331 -0.9909
vn -0.3808 0.1127 -0.9178
vn -0.8927 0.2592 -0.3688
vn -0.3508 0.3997 -0.8469
vn -0.6382 0.5941 -0.4897
vn 0.8518 0.4002 -0.3381
vn 0.3804 0.1064 -0.9187
vn -0.6129 0.1059 -0.7831
vn 0.9186 0.1062 -0.3807
vn -0.7436 0.1084 -0.6598
vn 0.9972 0.0350 -0.0661
vn 0.9754 0.0492 -0.2151
vn -0.1344 0.1064 -0.9852
vn 0.6053 0.1064 -0.7888
vn 0.1283 0.1064 -0.9860
vn -0.6236 0.1586 -0.7654
vn -0.8040 0.4977 -0.3254
vn -0.3613 0.2481 -0.8988
vn -0.3877 0.1062 -0.9156
vn -0.4925 0.3217 -0.8087
vn 0.7888 0.1064 -0.6053
vn 0.9122 0.4088 -0.0263
vn 0.9047 0.4063 -0.1285
vn 0.8186 0.5739 -0.0248
vn 0.8073 0.5804 -0.1072
vn 0.2011 0.9500 0.2389
vn 0.5291 0.6347 0.5632
vn 0.6607 -0.3942 0.6388
vn 0.4741 0.6798 0.5596
vn 0.6893 -0.2674 0.6733
vn 0.4704 0.6778 0.5651
vn 0.6927 -0.2643 0.6711
vn 0.3186 0.6772 0.6633
vn 0.5028 -0.2657 0.8226
vn 0.0323 0.9757 0.2168
vn -0.0029 0.9773 0.2121
vn 0.1513 0.6783 0.7191
vn 0.2662 -0.2662 0.9264
vn -0.0183 0.6793 0.7336
vn 0.0080 -0.2663 0.9638
vn -0.0264 0.9786 0.2039
vn -0.0576 0.9791 0.1950
vn -0.1933 0.6799 0.7074
vn -0.2480 -0.2661 0.9315
vn -0.1017 0.9792 0.1757
vn -0.3667 0.6801 0.6348
vn -0.4819 -0.2661 0.8348
vn -0.5184 0.6801 0.5184
vn -0.6816 -0.2661 0.6816
vn -0.1435 0.9792 0.1435
vn -0.1758 0.9792 0.1014
vn -0.6348 0.6803 0.3664
vn -0.8348 -0.2661 0.4820
vn -0.7050 0.6837 0.1887
vn -0.9314 -0.2646 0.2499
vn -0.1912 0.9803 0.0503
vn 0.2689 0.6626 0.6990
vn 0.3911 -0.3306 0.8589
vn 0.2886 0.6751 0.6790
vn 0.4438 -0.2958 0.8459
vn -0.0021 0.9885 0.1510
vn 0.0129 0.9764 0.2157
vn 0.2172 0.6661 0.7136
vn 0.3472 -0.3190 0.8819
vn 0.0921 0.9696 0.2268
vn 0.3557 0.6546 0.6670
vn 0.4827 -0.3402 0.8070
vn 0.0561 0.9753 0.2136
vn 0.3995 0.6770 0.6181
vn 0.6071 -0.2653 0.7490
vn 0.0754 0.9808 0.1799
vn 0.5030 0.6796 0.5340
vn 0.7289 -0.2629 0.6321
vn 0.0667 0.6789 0.7312
vn 0.1385 -0.2663 0.9539
vn -0.1235 0.9792 0.1610
vn -0.4463 0.6801 0.5816
vn -0.5868 -0.2660 0.7648
vn 0.0126 0.9764 0.2155
vn 0.2355 0.6777 0.6966
vn 0.3885 -0.2659 0.8822
vn -0.0791 0.9792 0.1870
vn -0.2815 0.6800 0.6770
vn -0.3685 -0.2661 0.8907
vn -0.1868 0.9794 0.0767
vn -0.6766 0.6811 0.2800
vn -0.8906 -0.2659 0.3689
vn -0.0396 0.9790 0.2001
vn -0.1048 0.6797 0.7260
vn -0.1219 -0.2662 0.9562
vn 0.0393 0.9844 0.1714
vn 0.4092 0.6773 0.6114
vn 0.6031 -0.2821 0.7461
vn -0.1610 0.9792 0.1235
vn -0.5816 0.6802 0.4463
vn -0.7648 -0.2661 0.5868
vn -0.1888 0.9817 0.0245
vn -0.7202 0.6873 0.0949
vn -0.9573 -0.2600 0.1266
vn 0.3213 0.9356 0.1466
vn 0.7258 0.6148 0.3086
vn 0.8349 -0.4398 0.3308
vn -0.7059 0.1506 -0.6921
vn -0.2730 0.9307 -0.2433
vn -0.7011 0.0773 -0.7088
vn -0.3651 0.8904 -0.2719
vn 0.0519 0.9851 0.1642
vn -0.7044 0.0740 -0.7059
vn -0.3691 0.8911 -0.2642
vn 0.0778 0.9763 0.2020
vn -0.5061 0.0745 -0.8592
vn -0.2868 0.8922 -0.3490
vn -0.2641 0.0744 -0.9616
vn -0.1666 0.8934 -0.4172
vn -0.0029 0.0743 -0.9972
vn -0.0242 0.8944 -0.4465
vn -0.9881 -0.1322 0.0790
vn -0.9882 -0.1255 -0.0880
vn -0.9901 -0.0675 -0.1229
vn -0.9357 0.2752 -0.2205
vn -0.9293 0.2962 -0.2207
vn -0.9527 0.2376 -0.1897
vn -0.9775 0.1729 -0.1205
vn -0.9843 0.1597 -0.0746
vn -0.9843 0.1597 0.0746
vn 0.2575 0.0744 -0.9634
vn 0.1110 0.8947 -0.4327
vn 0.4986 0.0745 -0.8636
vn 0.2232 0.8947 -0.3869
vn 0.7051 0.0745 -0.7051
vn 0.3158 0.8947 -0.3158
vn 0.8636 0.0745 -0.4986
vn 0.3867 0.8947 -0.2234
vn -0.9824 0.1713 0.0747
vn -0.9824 0.1713 -0.0747
vn 0.9632 0.0707 -0.2592
vn 0.4355 0.8924 -0.1183
vn -0.4005 0.1151 -0.9090
vn -0.2060 0.9083 -0.3641
vn 0.0444 0.9747 0.2190
vn -0.4452 0.0934 -0.8906
vn -0.2532 0.8960 -0.3646
vn -0.3531 0.1101 -0.9291
vn -0.2014 0.9045 -0.3760
vn -0.4997 0.1087 -0.8594
vn -0.2286 0.9136 -0.3363
vn -0.6145 0.0745 -0.7854
vn -0.3337 0.8917 -0.3057
vn -0.7424 0.0735 -0.6659
vn -0.3835 0.8898 -0.2472
vn -0.1347 0.0743 -0.9881
vn -0.0967 0.8940 -0.4374
vn -0.0154 0.9781 0.2077
vn 0.6071 0.0745 -0.7911
vn 0.2719 0.8947 -0.3543
vn -0.3887 0.0744 -0.9184
vn -0.2306 0.8928 -0.3870
vn 0.3815 0.0745 -0.9214
vn 0.1697 0.8947 -0.4132
vn 0.9213 0.0744 -0.3817
vn 0.4128 0.8945 -0.1718
vn 0.1287 0.0743 -0.9889
vn 0.0464 0.8946 -0.4444
vn -0.6117 0.0871 -0.7863
vn -0.3243 0.8932 -0.3113
vn 0.7911 0.0745 -0.6071
vn 0.3543 0.8947 -0.2719
vn 0.9964 0.0536 -0.0654
vn 0.9784 0.0573 -0.1984
vn 0.4560 0.8879 -0.0608
vn -0.9122 0.1930 -0.3616
vn -0.3123 0.9435 -0.1111
vn 0.7821 -0.5868 0.2096
vn 0.9100 -0.3355 0.2438
vn 0.8158 -0.3355 0.4710
vn 0.7012 -0.5868 0.4049
vn 0.6661 -0.3355 0.6661
vn 0.5726 -0.5868 0.5726
vn 0.4710 -0.3355 0.8158
vn 0.4049 -0.5868 0.7012
vn 0.2438 -0.3355 0.9100
vn 0.2096 -0.5868 0.7821
vn -0.0000 -0.3355 0.9420
vn 0.0000 -0.5868 0.8097
vn -0.2438 -0.3355 0.9100
vn -0.2096 -0.5868 0.7821
vn -0.4710 -0.3355 0.8158
vn -0.4049 -0.5868 0.7012
vn -0.6661 -0.3355 0.6661
vn -0.5726 -0.5868 0.5726
vn -0.8163 -0.3352 0.4704
vn -0.7018 -0.5868 0.4039
vn -0.9241 -0.3067 0.2281
vn -0.7945 -0.5786 0.1845
vn 0.7481 -0.5868 0.3099
vn 0.8703 -0.3355 0.3605
vn 0.6424 -0.5868 0.4929
vn 0.7474 -0.3355 0.5735
vn 0.4929 -0.5868 0.6424
vn 0.5735 -0.3355 0.7474
vn 0.3099 -0.5868 0.7481
vn 0.3605 -0.3355 0.8703
vn 0.1057 -0.5868 0.8028
vn 0.1230 -0.3355 0.9340
vn -0.1057 -0.5868 0.8028
vn -0.1230 -0.3355 0.9340
vn -0.3099 -0.5868 0.7481
vn -0.3605 -0.3355 0.8703
vn -0.4929 -0.5868 0.6424
vn -0.5735 -0.3355 0.7474
vn -0.6424 -0.5868 0.4929
vn -0.7474 -0.3355 0.5735
vn -0.7522 -0.5860 0.3012
vn -0.8750 -0.3321 0.3523
vn -0.8244 -0.5607 0.0777
vn -0.9613 -0.2576 0.0979
vn 0.8028 -0.5868 0.1057
vn 0.9340 -0.3355 0.1230
vn 0.7991 -0.5618 0.2141
vn 0.7643 -0.5619 0.3166
vn 0.7164 -0.5618 0.4136
vn 0.6563 -0.5619 0.5036
vn 0.5850 -0.5618 0.5850
vn 0.5036 -0.5619 0.6563
vn 0.4136 -0.5618 0.7164
vn 0.3166 -0.5619 0.7643
vn 0.2141 -0.5618 0.7991
vn 0.1080 -0.5619 0.8202
vn 0.0000 -0.5618 0.8272
vn -0.1080 -0.5619 0.8202
vn -0.2141 -0.5618 0.7991
vn -0.3166 -0.5619 0.7643
vn -0.4136 -0.5618 0.7164
vn -0.5036 -0.5619 0.6563
vn -0.5850 -0.5618 0.5850
vn -0.6563 -0.5619 0.5036
vn -0.7165 -0.5618 0.4134
vn -0.7684 -0.5581 0.3131
vn -0.8130 -0.5420 0.2128
vn 0.8202 -0.5619 0.1080
vn -0.8580 -0.5043 0.0981
vn 0.4473 -0.8863 0.1199
vn 0.0000 -1.0000 0.0000
vn 0.4278 -0.8863 0.1772
vn 0.0000 -1.0000 0.0000
vn 0.4010 -0.8863 0.2315
vn 0.0000 -1.0000 0.0000
vn 0.3674 -0.8863 0.2819
vn 0.0000 -1.0000 0.0000
vn 0.3274 -0.8863 0.3274
vn 0.0000 -1.0000 0.0000
vn 0.2819 -0.8863 0.3674
vn 0.0000 -1.0000 0.0000
vn 0.2315 -0.8863 0.4010
vn 0.0000 -1.0000 0.0000
vn 0.1772 -0.8863 0.4278
vn 0.0000 -1.0000 0.0000
vn 0.1199 -0.8863 0.4473
vn 0.0000 -1.0000 0.0000
vn 0.0604 -0.8863 0.4591
vn 0.0000 -1.0000 0.0000
vn 0.0000 -0.8863 0.4631
vn 0.0000 -1.0000 0.0000
vn -0.0604 -0.8863 0.4591
vn 0.0000 -1.0000 0.0000
vn -0.1199 -0.8863 0.4473
vn 0.0000 -1.0000 0.0000
vn -0.1772 -0.8863 0.4278
vn 0.0000 -1.0000 0.0000
vn -0.2315 -0.8863 0.4010
vn 0.0000 -1.0000 0.0000
vn -0.2819 -0.8863 0.3674
vn 0.0000 -1.0000 0.0000
vn -0.3274 -0.8863 0.3274
vn 0.0000 -1.0000 0.0000
vn -0.3674 -0.8863 0.2819
vn 0.0000 -1.0000 0.0000
vn -0.4011 -0.8863 0.2315
vn 0.0000 -1.0000 0.0000
vn -0.4295 -0.8856 0.1770
vn 0.0000 -1.0000 0.0000
vn -0.4568 -0.8814 0.1205
vn 0.0000 -1.0000 0.0000
vn 0.4591 -0.8863 0.0604
vn 0.0000 -1.0000 0.0000
vn -0.4842 -0.8727 0.0625
vn 0.0000 -1.0000 0.0000
vn -0.4969 -0.8575 -0.1331
vn -0.4752 -0.8576 -0.1968
vn -0.4455 -0.8575 -0.2572
vn -0.4081 -0.8576 -0.3131
vn -0.3637 -0.8575 -0.3637
vn -0.3131 -0.8576 -0.4081
vn -0.2572 -0.8575 -0.4455
vn -0.1968 -0.8576 -0.4752
vn -0.1331 -0.8575 -0.4969
vn -0.0671 -0.8576 -0.5100
vn -0.0000 -0.8575 -0.5144
vn 0.0671 -0.8576 -0.5100
vn 0.1331 -0.8575 -0.4969
vn 0.1968 -0.8576 -0.4752
vn 0.2572 -0.8575 -0.4455
vn 0.3131 -0.8576 -0.4081
vn 0.3637 -0.8575 -0.3637
vn 0.4081 -0.8576 -0.3131
vn 0.4455 -0.8575 -0.2572
vn 0.4752 -0.8576 -0.1968
vn 0.4969 -0.8575 -0.1331
vn -0.5100 -0.8576 -0.0671
vn 0.5100 -0.8576 -0.0671
vn -0.3516 0.9139 -0.2030
vn -0.3751 0.9139 -0.1554
vn -0.3922 0.9139 -0.1051
vn -0.2871 0.9139 -0.2871
vn -0.3221 0.9139 -0.2471
vn -0.2030 0.9139 -0.3516
vn -0.2471 0.9139 -0.3221
vn -0.1051 0.9139 -0.3921
vn -0.1553 0.9139 -0.3750
vn -0.0000 0.9139 -0.4059
vn -0.0530 0.9139 -0.4024
vn 0.1051 0.9139 -0.3921
vn 0.0530 0.9139 -0.4024
vn 0.2029 0.9139 -0.3515
vn 0.1553 0.9139 -0.3750
vn 0.2870 0.9139 -0.2870
vn 0.2471 0.9139 -0.3220
vn 0.3519 0.9138 -0.2028
vn 0.3220 0.9139 -0.2471
vn 0.3991 0.9120 -0.0946
vn 0.3780 0.9132 -0.1526
vn 0.4208 0.9070 -0.0184
vn 0.3986 0.9151 -0.0603
vn -0.4025 0.9139 -0.0530
vn -0.9688 -0.2231 0.1080
vn -0.9449 -0.2577 0.2019
vn -0.9287 -0.3153 0.1954
vn -0.9041 -0.3984 0.1546
vn -0.8712 -0.4782 0.1108
vn -0.9888 -0.0833 0.1239
vn -0.9357 0.2752 0.2205
vn -0.9293 0.2962 0.2207
vn -0.9527 0.2376 0.1897
vn -0.9775 0.1729 0.1205
vn -0.0000 1.0000 0.0000
vn 0.0865 0.9950 -0.0500
vn -0.0000 1.0000 0.0000
vn 0.0923 0.9950 -0.0382
vn -0.0000 1.0000 0.0000
vn 0.0965 0.9950 -0.0259
vn -0.0000 1.0000 0.0000
vn 0.0707 0.9950 -0.0707
vn -0.0000 1.0000 0.0000
vn 0.0793 0.9950 -0.0608
vn -0.0000 1.0000 0.0001
vn 0.0500 0.9950 -0.0866
vn -0.0000 1.0000 0.0000
vn 0.0608 0.9950 -0.0793
vn -0.0000 1.0000 0.0001
vn 0.0259 0.9950 -0.0966
vn -0.0000 1.0000 0.0001
vn 0.0383 0.9950 -0.0924
vn 0.0000 1.0000 0.0001
vn 0.0000 0.9950 -0.1000
vn 0.0000 1.0000 0.0001
vn 0.0131 0.9950 -0.0991
vn 0.0000 1.0000 0.0001
vn -0.0259 0.9950 -0.0967
vn 0.0000 1.0000 0.0001
vn -0.0130 0.9950 -0.0992
vn 0.0000 1.0000 0.0001
vn -0.0501 0.9950 -0.0867
vn 0.0000 1.0000 0.0001
vn -0.0383 0.9950 -0.0925
vn 0.0001 1.0000 0.0000
vn -0.0708 0.9950 -0.0708
vn 0.0000 1.0000 0.0000
vn -0.0609 0.9950 -0.0794
vn -0.0001 1.0000 0.0003
vn -0.0871 0.9950 -0.0498
vn 0.0000 1.0000 0.0001
vn -0.0795 0.9950 -0.0610
vn -0.0010 1.0000 0.0025
vn -0.1020 0.9946 -0.0209
vn -0.0005 1.0000 0.0012
vn -0.0948 0.9948 -0.0365
vn -0.0009 1.0000 0.0000
vn -0.1052 0.9945 -0.0000
vn -0.0010 1.0000 0.0024
vn -0.1051 0.9944 -0.0077
vn -0.0001 1.0000 0.0000
vn 0.0990 0.9950 -0.0130
vn -0.0001 1.0000 0.0000
vn 0.0999 0.9950 -0.0000
vn -0.0000 1.0000 -0.0000
vn 0.0865 0.9950 0.0500
vn -0.0000 1.0000 -0.0000
vn 0.0923 0.9950 0.0382
vn -0.0000 1.0000 -0.0000
vn 0.0965 0.9950 0.0259
vn -0.0000 1.0000 -0.0000
vn 0.0707 0.9950 0.0707
vn -0.0000 1.0000 -0.0000
vn 0.0793 0.9950 0.0608
vn -0.0000 1.0000 -0.0001
vn 0.0500 0.9950 0.0866
vn -0.0000 1.0000 -0.0000
vn 0.0608 0.9950 0.0793
vn -0.0000 1.0000 -0.0001
vn 0.0259 0.9950 0.0966
vn -0.0000 1.0000 -0.0001
vn 0.0383 0.9950 0.0924
vn 0.0000 1.0000 -0.0001
vn 0.0000 0.9950 0.1000
vn 0.0000 1.0000 -0.0001
vn 0.0131 0.9950 0.0991
vn 0.0000 1.0000 -0.0001
vn -0.0259 0.9950 0.0967
vn 0.0000 1.0000 -0.0001
vn -0.0130 0.9950 0.0992
vn 0.0000 1.0000 -0.0001
vn -0.0501 0.9950 0.0867
vn 0.0000 1.0000 -0.0001
vn -0.0383 0.9950 0.0925
vn 0.0001 1.0000 -0.0000
vn -0.0708 0.9950 0.0708
vn 0.0000 1.0000 -0.0000
vn -0.0609 0.9950 0.0794
vn -0.0001 1.0000 -0.0003
vn -0.0871 0.9950 0.0498
vn 0.0000 1.0000 -0.0001
vn -0.0795 0.9950 0.0610
vn -0.0010 1.0000 -0.0025
vn -0.1020 0.9946 0.0209
vn -0.0005 1.0000 -0.0012
vn -0.0948 0.9948 0.0365
vn -0.0010 1.0000 -0.0024
vn -0.1057 0.9944 0.0026
vn -0.1046 0.9944 0.0128
vn -0.0001 1.0000 -0.0000
vn 0.0990 0.9950 0.0130
vn -0.4831 -0.8755 -0.0000
vn 0.4831 -0.8755 -0.0000
vn -0.4667 -0.8755 0.1250
vn -0.4464 -0.8755 0.1849
vn -0.4184 -0.8755 0.2416
vn -0.3833 -0.8755 0.2941
vn -0.3416 -0.8755 0.3416
vn -0.2941 -0.8755 0.3833
vn -0.2416 -0.8755 0.4184
vn -0.1849 -0.8755 0.4464
vn -0.1250 -0.8755 0.4667
vn -0.0631 -0.8755 0.4791
vn -0.0000 -0.8755 0.4831
vn 0.0631 -0.8755 0.4791
vn 0.1250 -0.8755 0.4667
vn 0.1849 -0.8755 0.4464
vn 0.2416 -0.8755 0.4184
vn 0.2941 -0.8755 0.3833
vn 0.3416 -0.8755 0.3416
vn 0.3833 -0.8755 0.2941
vn 0.4184 -0.8755 0.2416
vn 0.4464 -0.8755 0.1849
vn 0.4667 -0.8755 0.1250
vn -0.4791 -0.8755 0.0631
vn 0.4790 -0.8755 0.0631
vn -0.4667 -0.8755 -0.1250
vn -0.4464 -0.8755 -0.1849
vn -0.4184 -0.8755 -0.2416
vn -0.3833 -0.8755 -0.2941
vn -0.3416 -0.8755 -0.3416
vn -0.2941 -0.8755 -0.3833
vn -0.2416 -0.8755 -0.4184
vn -0.1849 -0.8755 -0.4464
vn -0.1250 -0.8755 -0.4667
vn -0.0631 -0.8755 -0.4791
vn -0.0000 -0.8755 -0.4831
vn 0.0631 -0.8755 -0.4791
vn 0.1250 -0.8755 -0.4667
vn 0.1849 -0.8755 -0.4464
vn 0.2416 -0.8755 -0.4184
vn 0.2941 -0.8755 -0.3833
vn 0.3416 -0.8755 -0.3416
vn 0.3833 -0.8755 -0.2941
vn 0.4184 -0.8755 -0.2416
vn 0.4464 -0.8755 -0.1849
vn 0.4667 -0.8755 -0.1250
vn -0.4791 -0.8755 -0.0631
vn 0.4790 -0.8755 -0.0631
f 451/451/451 12/12/12 112/112/112
f 451/451/451 112/112/112 755/755/755
f 126/126/126 721/721/721 685/685/685
f 126/126/126 685/685/685 40/40/40
f 721/721/721 694/694/694 389/389/389
f 721/721/721 389/389/389 685/685/685
f 1226/1226/1226 1658/1658/1658 1802/1802/1802
f 1226/1226/1226 1802/1802/1802 1237/1237/1237
f 3/3/3 397/397/397 721/721/721
f 3/3/3 721/721/721 126/126/126
f 405/405/405 368/368/368 410/410/410
f 405/405/405 410/410/410 724/724/724
f 365/365/365 398/398/398 722/722/722
f 365/365/365 722/722/722 399/399/399
f 407/407/407 725/725/725 404/404/404
f 407/407/407 404/404/404 368/368/368
f 397/397/397 366/366/366 694/694/694
f 397/397/397 694/694/694 721/721/721
f 398/398/398 366/366/366 400/400/400
f 398/398/398 400/400/400 722/722/722
f 399/399/399 722/722/722 401/401/401
f 399/399/399 401/401/401 363/363/363
f 723/723/723 399/399/399 363/363/363
f 723/723/723 363/363/363 402/402/402
f 107/107/107 733/733/733 421/421/421
f 107/107/107 421/421/421 19/19/19
f 124/124/124 723/723/723 402/402/402
f 124/124/124 402/402/402 4/4/4
f 416/416/416 373/373/373 422/422/422
f 416/416/416 422/422/422 732/732/732
f 116/116/116 724/724/724 409/409/409
f 116/116/116 409/409/409 10/10/10
f 7/7/7 405/405/405 724/724/724
f 7/7/7 724/724/724 116/116/116
f 404/404/404 367/367/367 411/411/411
f 404/404/404 411/411/411 727/727/727
f 448/448/448 365/365/365 399/399/399
f 448/448/448 399/399/399 723/723/723
f 363/363/363 401/401/401 725/725/725
f 363/363/363 725/725/725 407/407/407
f 724/724/724 410/410/410 370/370/370
f 724/724/724 370/370/370 409/409/409
f 401/401/401 364/364/364 406/406/406
f 401/401/401 406/406/406 725/725/725
f 725/725/725 406/406/406 367/367/367
f 725/725/725 367/367/367 404/404/404
f 726/726/726 407/407/407 368/368/368
f 726/726/726 368/368/368 405/405/405
f 113/113/113 730/730/730 413/413/413
f 113/113/113 413/413/413 13/13/13
f 119/119/119 726/726/726 405/405/405
f 119/119/119 405/405/405 7/7/7
f 413/413/413 372/372/372 418/418/418
f 413/413/413 418/418/418 728/728/728
f 110/110/110 728/728/728 417/417/417
f 110/110/110 417/417/417 16/16/16
f 368/368/368 404/404/404 727/727/727
f 368/368/368 727/727/727 410/410/410
f 1197/1197/1197 1650/1650/1650 1185/1185/1185
f 1197/1197/1197 1185/1185/1185 937/937/937
f 402/402/402 363/363/363 407/407/407
f 402/402/402 407/407/407 726/726/726
f 13/13/13 413/413/413 728/728/728
f 13/13/13 728/728/728 110/110/110
f 410/410/410 727/727/727 408/408/408
f 410/410/410 408/408/408 370/370/370
f 370/370/370 408/408/408 729/729/729
f 370/370/370 729/729/729 415/415/415
f 728/728/728 418/418/418 374/374/374
f 728/728/728 374/374/374 417/417/417
f 423/423/423 732/732/732 420/420/420
f 423/423/423 420/420/420 376/376/376
f 729/729/729 414/414/414 371/371/371
f 729/729/729 371/371/371 412/412/412
f 412/412/412 371/371/371 419/419/419
f 412/412/412 419/419/419 731/731/731
f 415/415/415 729/729/729 412/412/412
f 415/415/415 412/412/412 372/372/372
f 730/730/730 415/415/415 372/372/372
f 730/730/730 372/372/372 413/413/413
f 408/408/408 369/369/369 414/414/414
f 408/408/408 414/414/414 729/729/729
f 372/372/372 412/412/412 731/731/731
f 372/372/372 731/731/731 418/418/418
f 431/431/431 381/381/381 435/435/435
f 431/431/431 435/435/435 738/738/738
f 409/409/409 370/370/370 415/415/415
f 409/409/409 415/415/415 730/730/730
f 4/4/4 402/402/402 726/726/726
f 4/4/4 726/726/726 119/119/119
f 731/731/731 419/419/419 373/373/373
f 731/731/731 373/373/373 416/416/416
f 420/420/420 375/375/375 426/426/426
f 420/420/420 426/426/426 735/735/735
f 104/104/104 736/736/736 425/425/425
f 104/104/104 425/425/425 22/22/22
f 418/418/418 731/731/731 416/416/416
f 418/418/418 416/416/416 374/374/374
f 374/374/374 416/416/416 732/732/732
f 374/374/374 732/732/732 423/423/423
f 732/732/732 422/422/422 375/375/375
f 732/732/732 375/375/375 420/420/420
f 733/733/733 423/423/423 376/376/376
f 733/733/733 376/376/376 421/421/421
f 16/16/16 417/417/417 733/733/733
f 16/16/16 733/733/733 107/107/107
f 22/22/22 425/425/425 734/734/734
f 22/22/22 734/734/734 101/101/101
f 419/419/419 754/754/754 453/453/453
f 419/419/419 453/453/453 373/373/373
f 439/439/439 737/737/737 433/433/433
f 439/439/439 433/433/433 384/384/384
f 417/417/417 374/374/374 423/423/423
f 417/417/417 423/423/423 733/733/733
f 734/734/734 439/439/439 384/384/384
f 734/734/734 384/384/384 438/438/438
f 422/422/422 753/753/753 454/454/454
f 422/422/422 454/454/454 375/375/375
f 445/445/445 739/739/739 431/431/431
f 445/445/445 431/431/431 382/382/382
f 101/101/101 734/734/734 438/438/438
f 101/101/101 438/438/438 34/34/34
f 425/425/425 378/378/378 439/439/439
f 425/425/425 439/439/439 734/734/734
f 427/427/427 735/735/735 424/424/424
f 427/427/427 424/424/424 378/378/378
f 19/19/19 421/421/421 736/736/736
f 19/19/19 736/736/736 104/104/104
f 736/736/736 427/427/427 378/378/378
f 736/736/736 378/378/378 425/425/425
f 735/735/735 426/426/426 377/377/377
f 735/735/735 377/377/377 424/424/424
f 421/421/421 376/376/376 427/427/427
f 421/421/421 427/427/427 736/736/736
f 378/378/378 424/424/424 737/737/737
f 378/378/378 737/737/737 439/439/439
f 424/424/424 377/377/377 440/440/440
f 424/424/424 440/440/440 737/737/737
f 382/382/382 431/431/431 738/738/738
f 382/382/382 738/738/738 434/434/434
f 737/737/737 440/440/440 383/383/383
f 737/737/737 383/383/383 433/433/433
f 376/376/376 420/420/420 735/735/735
f 376/376/376 735/735/735 427/427/427
f 434/434/434 738/738/738 437/437/437
f 434/434/434 437/437/437 379/379/379
f 738/738/738 435/435/435 380/380/380
f 738/738/738 380/380/380 437/437/437
f 10/10/10 409/409/409 730/730/730
f 10/10/10 730/730/730 113/113/113
f 446/446/446 387/387/387 444/444/444
f 446/446/446 444/444/444 739/739/739
f 739/739/739 444/444/444 381/381/381
f 739/739/739 381/381/381 431/431/431
f 388/388/388 446/446/446 739/739/739
f 388/388/388 739/739/739 445/445/445
f 37/37/37 680/680/680 740/740/740
f 37/37/37 740/740/740 94/94/94
f 680/680/680 388/388/388 445/445/445
f 680/680/680 445/445/445 740/740/740
f 94/94/94 740/740/740 432/432/432
f 94/94/94 432/432/432 27/27/27
f 27/27/27 432/432/432 741/741/741
f 27/27/27 741/741/741 96/96/96
f 432/432/432 382/382/382 434/434/434
f 432/432/432 434/434/434 741/741/741
f 96/96/96 741/741/741 436/436/436
f 96/96/96 436/436/436 32/32/32
f 740/740/740 445/445/445 382/382/382
f 740/740/740 382/382/382 432/432/432
f 436/436/436 379/379/379 443/443/443
f 436/436/436 443/443/443 742/742/742
f 32/32/32 436/436/436 742/742/742
f 32/32/32 742/742/742 98/98/98
f 98/98/98 742/742/742 430/430/430
f 98/98/98 430/430/430 25/25/25
f 741/741/741 434/434/434 379/379/379
f 741/741/741 379/379/379 436/436/436
f 742/742/742 443/443/443 386/386/386
f 742/742/742 386/386/386 430/430/430
f 3121/3121/3121 3030/3030/3030 3027/3027/3027
f 3121/3121/3121 3027/3027/3027 3115/3115/3115
f 2146/2146/2146 3009/3009/3009 3010/3010/3010
f 443/443/443 743/743/743 429/429/429
f 443/443/443 429/429/429 386/386/386
f 437/437/437 380/380/380 428/428/428
f 437/437/437 428/428/428 743/743/743
f 379/379/379 437/437/437 743/743/743
f 379/379/379 743/743/743 443/443/443
f 743/743/743 428/428/428 385/385/385
f 743/743/743 385/385/385 429/429/429
f 34/34/34 438/438/438 744/744/744
f 34/34/34 744/744/744 89/89/89
f 89/89/89 744/744/744 680/680/680
f 89/89/89 680/680/680 37/37/37
f 438/438/438 384/384/384 442/442/442
f 438/438/438 442/442/442 744/744/744
f 744/744/744 442/442/442 388/388/388
f 744/744/744 388/388/388 680/680/680
f 577/577/577 588/588/588 853/853/853
f 577/577/577 853/853/853 832/832/832
f 679/679/679 36/36/36 88/88/88
f 679/679/679 88/88/88 746/746/746
f 433/433/433 383/383/383 441/441/441
f 433/433/433 441/441/441 745/745/745
f 745/745/745 441/441/441 387/387/387
f 745/745/745 387/387/387 446/446/446
f 384/384/384 433/433/433 745/745/745
f 384/384/384 745/745/745 442/442/442
f 458/458/458 31/31/31 91/91/91
f 458/458/458 91/91/91 747/747/747
f 441/441/441 746/746/746 447/447/447
f 441/441/441 447/447/447 387/387/387
f 380/380/380 458/458/458 747/747/747
f 380/380/380 747/747/747 428/428/428
f 383/383/383 679/679/679 746/746/746
f 383/383/383 746/746/746 441/441/441
f 447/447/447 39/39/39 92/92/92
f 447/447/447 92/92/92 748/748/748
f 428/428/428 747/747/747 457/457/457
f 428/428/428 457/457/457 385/385/385
f 387/387/387 447/447/447 748/748/748
f 387/387/387 748/748/748 444/444/444
f 442/442/442 745/745/745 446/446/446
f 442/442/442 446/446/446 388/388/388
f 456/456/456 29/29/29 93/93/93
f 456/456/456 93/93/93 749/749/749
f 444/444/444 748/748/748 456/456/456
f 444/444/444 456/456/456 381/381/381
f 381/381/381 456/456/456 749/749/749
f 381/381/381 749/749/749 435/435/435
f 746/746/746 88/88/88 39/39/39
f 746/746/746 39/39/39 447/447/447
f 429/429/429 385/385/385 719/719/719
f 429/429/429 719/719/719 750/750/750
f 386/386/386 429/429/429 750/750/750
f 386/386/386 750/750/750 720/720/720
f 435/435/435 749/749/749 458/458/458
f 435/435/435 458/458/458 380/380/380
f 747/747/747 91/91/91 30/30/30
f 747/747/747 30/30/30 457/457/457
f 455/455/455 24/24/24 100/100/100
f 455/455/455 100/100/100 751/751/751
f 377/377/377 455/455/455 751/751/751
f 377/377/377 751/751/751 440/440/440
f 750/750/750 719/719/719 393/393/393
f 750/750/750 393/393/393 702/702/702
f 440/440/440 751/751/751 679/679/679
f 440/440/440 679/679/679 383/383/383
f 720/720/720 750/750/750 702/702/702
f 720/720/720 702/702/702 395/395/395
f 3196/3196/3196 2988/2988/2988 2990/2990/2990
f 3196/3196/3196 2990/2990/2990 3197/3197/3197
f 2897/2897/2897 2896/2896/2896 2917/2917/2917
f 2897/2897/2897 2917/2917/2917 2916/2916/2916
f 748/748/748 92/92/92 29/29/29
f 748/748/748 29/29/29 456/456/456
f 375/375/375 454/454/454 752/752/752
f 375/375/375 752/752/752 426/426/426
f 414/414/414 755/755/755 452/452/452
f 414/414/414 452/452/452 371/371/371
f 2146/2146/2146 3023/3023/3023 2241/2241/2241
f 1214/1214/1214 1659/1659/1659 1206/1206/1206
f 1214/1214/1214 1206/1206/1206 948/948/948
f 2951/2951/2951 2950/2950/2950 2904/2904/2904
f 2951/2951/2951 2904/2904/2904 2927/2927/2927
f 749/749/749 93/93/93 31/31/31
f 749/749/749 31/31/31 458/458/458
f 3/3/3 126/126/126 209/209/209
f 3/3/3 209/209/209 130/130/130
f 126/126/126 40/40/40 193/193/193
f 126/126/126 193/193/193 209/209/209
f 209/209/209 193/193/193 80/80/80
f 209/209/209 80/80/80 199/199/199
f 130/130/130 209/209/209 199/199/199
f 130/130/130 199/199/199 57/57/57
f 56/56/56 132/132/132 210/210/210
f 56/56/56 210/210/210 131/131/131
f 132/132/132 54/54/54 134/134/134
f 132/132/132 134/134/134 210/210/210
f 210/210/210 134/134/134 55/55/55
f 210/210/210 55/55/55 133/133/133
f 131/131/131 210/210/210 133/133/133
f 131/131/131 133/133/133 57/57/57
f 2/2/2 125/125/125 211/211/211
f 2/2/2 211/211/211 180/180/180
f 125/125/125 5/5/5 135/135/135
f 125/125/125 135/135/135 211/211/211
f 211/211/211 135/135/135 54/54/54
f 211/211/211 54/54/54 132/132/132
f 180/180/180 211/211/211 132/132/132
f 180/180/180 132/132/132 56/56/56
f 8/8/8 117/117/117 212/212/212
f 8/8/8 212/212/212 137/137/137
f 117/117/117 11/11/11 141/141/141
f 117/117/117 141/141/141 212/212/212
f 212/212/212 141/141/141 61/61/61
f 212/212/212 61/61/61 142/142/142
f 137/137/137 212/212/212 142/142/142
f 137/137/137 142/142/142 59/59/59
f 54/54/54 139/139/139 213/213/213
f 54/54/54 213/213/213 134/134/134
f 139/139/139 59/59/59 136/136/136
f 139/139/139 136/136/136 213/213/213
f 213/213/213 136/136/136 58/58/58
f 213/213/213 58/58/58 138/138/138
f 134/134/134 213/213/213 138/138/138
f 134/134/134 138/138/138 55/55/55
f 5/5/5 120/120/120 214/214/214
f 5/5/5 214/214/214 135/135/135
f 120/120/120 8/8/8 137/137/137
f 120/120/120 137/137/137 214/214/214
f 214/214/214 137/137/137 59/59/59
f 214/214/214 59/59/59 139/139/139
f 135/135/135 214/214/214 139/139/139
f 135/135/135 139/139/139 54/54/54
f 59/59/59 142/142/142 215/215/215
f 59/59/59 215/215/215 136/136/136
f 142/142/142 61/61/61 140/140/140
f 142/142/142 140/140/140 215/215/215
f 215/215/215 140/140/140 60/60/60
f 215/215/215 60/60/60 143/143/143
f 136/136/136 215/215/215 143/143/143
f 136/136/136 143/143/143 58/58/58
f 14/14/14 111/111/111 216/216/216
f 14/14/14 216/216/216 145/145/145
f 111/111/111 17/17/17 149/149/149
f 111/111/111 149/149/149 216/216/216
f 216/216/216 149/149/149 65/65/65
f 216/216/216 65/65/65 150/150/150
f 145/145/145 216/216/216 150/150/150
f 145/145/145 150/150/150 63/63/63
f 61/61/61 147/147/147 217/217/217
f 61/61/61 217/217/217 140/140/140
f 147/147/147 63/63/63 144/144/144
f 147/147/147 144/144/144 217/217/217
f 217/217/217 144/144/144 62/62/62
f 217/217/217 62/62/62 146/146/146
f 140/140/140 217/217/217 146/146/146
f 140/140/140 146/146/146 60/60/60
f 11/11/11 114/114/114 218/218/218
f 11/11/11 218/218/218 141/141/141
f 114/114/114 14/14/14 145/145/145
f 114/114/114 145/145/145 218/218/218
f 218/218/218 145/145/145 63/63/63
f 218/218/218 63/63/63 147/147/147
f 141/141/141 218/218/218 147/147/147
f 141/141/141 147/147/147 61/61/61
f 63/63/63 150/150/150 219/219/219
f 63/63/63 219/219/219 144/144/144
f 150/150/150 65/65/65 148/148/148
f 150/150/150 148/148/148 219/219/219
f 219/219/219 148/148/148 64/64/64
f 219/219/219 64/64/64 151/151/151
f 144/144/144 219/219/219 151/151/151
f 144/144/144 151/151/151 62/62/62
f 65/65/65 155/155/155 220/220/220
f 65/65/65 220/220/220 148/148/148
f 155/155/155 67/67/67 152/152/152
f 155/155/155 152/152/152 220/220/220
f 220/220/220 152/152/152 66/66/66
f 220/220/220 66/66/66 154/154/154
f 148/148/148 220/220/220 154/154/154
f 148/148/148 154/154/154 64/64/64
f 17/17/17 108/108/108 221/221/221
f 17/17/17 221/221/221 149/149/149
f 108/108/108 20/20/20 153/153/153
f 108/108/108 153/153/153 221/221/221
f 221/221/221 153/153/153 67/67/67
f 221/221/221 67/67/67 155/155/155
f 149/149/149 221/221/221 155/155/155
f 149/149/149 155/155/155 65/65/65
f 23/23/23 102/102/102 222/222/222
f 23/23/23 222/222/222 157/157/157
f 102/102/102 35/35/35 170/170/170
f 102/102/102 170/170/170 222/222/222
f 222/222/222 170/170/170 75/75/75
f 222/222/222 75/75/75 171/171/171
f 157/157/157 222/222/222 171/171/171
f 157/157/157 171/171/171 69/69/69
f 67/67/67 159/159/159 223/223/223
f 67/67/67 223/223/223 152/152/152
f 159/159/159 69/69/69 156/156/156
f 159/159/159 156/156/156 223/223/223
f 223/223/223 156/156/156 68/68/68
f 223/223/223 68/68/68 158/158/158
f 152/152/152 223/223/223 158/158/158
f 152/152/152 158/158/158 66/66/66
f 20/20/20 105/105/105 224/224/224
f 20/20/20 224/224/224 153/153/153
f 105/105/105 23/23/23 157/157/157
f 105/105/105 157/157/157 224/224/224
f 224/224/224 157/157/157 69/69/69
f 224/224/224 69/69/69 159/159/159
f 153/153/153 224/224/224 159/159/159
f 153/153/153 159/159/159 67/67/67
f 69/69/69 171/171/171 225/225/225
f 69/69/69 225/225/225 156/156/156
f 171/171/171 75/75/75 165/165/165
f 171/171/171 165/165/165 225/225/225
f 225/225/225 165/165/165 74/74/74
f 225/225/225 74/74/74 172/172/172
f 156/156/156 225/225/225 172/172/172
f 156/156/156 172/172/172 68/68/68
f 73/73/73 166/166/166 226/226/226
f 73/73/73 226/226/226 163/163/163
f 166/166/166 70/70/70 169/169/169
f 166/166/166 169/169/169 226/226/226
f 226/226/226 169/169/169 71/71/71
f 226/226/226 71/71/71 167/167/167
f 163/163/163 226/226/226 167/167/167
f 163/163/163 167/167/167 72/72/72
f 79/79/79 177/177/177 227/227/227
f 79/79/79 227/227/227 178/178/178
f 177/177/177 73/73/73 163/163/163
f 177/177/177 163/163/163 227/227/227
f 227/227/227 163/163/163 72/72/72
f 227/227/227 72/72/72 176/176/176
f 178/178/178 227/227/227 176/176/176
f 178/178/178 176/176/176 78/78/78
f 38/38/38 95/95/95 228/228/228
f 38/38/38 228/228/228 192/192/192
f 95/95/95 28/28/28 164/164/164
f 95/95/95 164/164/164 228/228/228
f 228/228/228 164/164/164 73/73/73
f 228/228/228 73/73/73 177/177/177
f 192/192/192 228/228/228 177/177/177
f 192/192/192 177/177/177 79/79/79
f 28/28/28 97/97/97 229/229/229
f 28/28/28 229/229/229 164/164/164
f 97/97/97 33/33/33 168/168/168
f 97/97/97 168/168/168 229/229/229
f 229/229/229 168/168/168 70/70/70
f 229/229/229 70/70/70 166/166/166
f 164/164/164 229/229/229 166/166/166
f 164/164/164 166/166/166 73/73/73
f 33/33/33 99/99/99 230/230/230
f 33/33/33 230/230/230 168/168/168
f 99/99/99 26/26/26 162/162/162
f 99/99/99 162/162/162 230/230/230
f 230/230/230 162/162/162 77/77/77
f 230/230/230 77/77/77 175/175/175
f 168/168/168 230/230/230 175/175/175
f 168/168/168 175/175/175 70/70/70
f 70/70/70 175/175/175 231/231/231
f 70/70/70 231/231/231 169/169/169
f 175/175/175 77/77/77 161/161/161
f 175/175/175 161/161/161 231/231/231
f 231/231/231 161/161/161 76/76/76
f 231/231/231 76/76/76 160/160/160
f 169/169/169 231/231/231 160/160/160
f 169/169/169 160/160/160 71/71/71
f 35/35/35 90/90/90 232/232/232
f 35/35/35 232/232/232 170/170/170
f 90/90/90 38/38/38 192/192/192
f 90/90/90 192/192/192 232/232/232
f 232/232/232 192/192/192 79/79/79
f 232/232/232 79/79/79 174/174/174
f 170/170/170 232/232/232 174/174/174
f 170/170/170 174/174/174 75/75/75
f 75/75/75 174/174/174 233/233/233
f 75/75/75 233/233/233 165/165/165
f 174/174/174 79/79/79 178/178/178
f 174/174/174 178/178/178 233/233/233
f 233/233/233 178/178/178 78/78/78
f 233/233/233 78/78/78 173/173/173
f 165/165/165 233/233/233 173/173/173
f 165/165/165 173/173/173 74/74/74
f 74/74/74 173/173/173 234/234/234
f 74/74/74 234/234/234 191/191/191
f 173/173/173 78/78/78 179/179/179
f 173/173/173 179/179/179 234/234/234
f 234/234/234 179/179/179 39/39/39
f 234/234/234 39/39/39 88/88/88
f 191/191/191 234/234/234 88/88/88
f 191/191/191 88/88/88 36/36/36
f 71/71/71 160/160/160 235/235/235
f 71/71/71 235/235/235 190/190/190
f 160/160/160 76/76/76 189/189/189
f 160/160/160 189/189/189 235/235/235
f 235/235/235 189/189/189 30/30/30
f 235/235/235 30/30/30 91/91/91
f 190/190/190 235/235/235 91/91/91
f 190/190/190 91/91/91 31/31/31
f 78/78/78 176/176/176 236/236/236
f 78/78/78 236/236/236 179/179/179
f 176/176/176 72/72/72 188/188/188
f 176/176/176 188/188/188 236/236/236
f 236/236/236 188/188/188 29/29/29
f 236/236/236 29/29/29 92/92/92
f 179/179/179 236/236/236 92/92/92
f 179/179/179 92/92/92 39/39/39
f 72/72/72 167/167/167 237/237/237
f 72/72/72 237/237/237 188/188/188
f 167/167/167 71/71/71 190/190/190
f 167/167/167 190/190/190 237/237/237
f 237/237/237 190/190/190 31/31/31
f 237/237/237 31/31/31 93/93/93
f 188/188/188 237/237/237 93/93/93
f 188/188/188 93/93/93 29/29/29
f 77/77/77 208/208/208 238/238/238
f 77/77/77 238/238/238 161/161/161
f 208/208/208 86/86/86 201/201/201
f 208/208/208 201/201/201 238/238/238
f 238/238/238 201/201/201 84/84/84
f 238/238/238 84/84/84 207/207/207
f 161/161/161 238/238/238 207/207/207
f 161/161/161 207/207/207 76/76/76
f 68/68/68 172/172/172 239/239/239
f 68/68/68 239/239/239 187/187/187
f 172/172/172 74/74/74 191/191/191
f 172/172/172 191/191/191 239/239/239
f 239/239/239 191/191/191 36/36/36
f 239/239/239 36/36/36 100/100/100
f 187/187/187 239/239/239 100/100/100
f 187/187/187 100/100/100 24/24/24
f 66/66/66 158/158/158 240/240/240
f 66/66/66 240/240/240 186/186/186
f 158/158/158 68/68/68 187/187/187
f 158/158/158 187/187/187 240/240/240
f 240/240/240 187/187/187 24/24/24
f 240/240/240 24/24/24 103/103/103
f 186/186/186 240/240/240 103/103/103
f 186/186/186 103/103/103 21/21/21
f 64/64/64 154/154/154 241/241/241
f 64/64/64 241/241/241 185/185/185
f 154/154/154 66/66/66 186/186/186
f 154/154/154 186/186/186 241/241/241
f 241/241/241 186/186/186 21/21/21
f 241/241/241 21/21/21 106/106/106
f 185/185/185 241/241/241 106/106/106
f 185/185/185 106/106/106 18/18/18
f 62/62/62 151/151/151 242/242/242
f 62/62/62 242/242/242 184/184/184
f 151/151/151 64/64/64 185/185/185
f 151/151/151 185/185/185 242/242/242
f 242/242/242 185/185/185 18/18/18
f 242/242/242 18/18/18 109/109/109
f 184/184/184 242/242/242 109/109/109
f 184/184/184 109/109/109 15/15/15
f 60/60/60 146/146/146 243/243/243
f 60/60/60 243/243/243 183/183/183
f 146/146/146 62/62/62 184/184/184
f 146/146/146 184/184/184 243/243/243
f 243/243/243 184/184/184 15/15/15
f 243/243/243 15/15/15 112/112/112
f 183/183/183 243/243/243 112/112/112
f 183/183/183 112/112/112 12/12/12
f 58/58/58 143/143/143 244/244/244
f 58/58/58 244/244/244 182/182/182
f 143/143/143 60/60/60 183/183/183
f 143/143/143 183/183/183 244/244/244
f 244/244/244 183/183/183 12/12/12
f 244/244/244 12/12/12 115/115/115
f 182/182/182 244/244/244 115/115/115
f 182/182/182 115/115/115 9/9/9
f 55/55/55 138/138/138 245/245/245
f 55/55/55 245/245/245 181/181/181
f 138/138/138 58/58/58 182/182/182
f 138/138/138 182/182/182 245/245/245
f 245/245/245 182/182/182 9/9/9
f 245/245/245 9/9/9 118/118/118
f 181/181/181 245/245/245 118/118/118
f 181/181/181 118/118/118 6/6/6
f 57/57/57 133/133/133 246/246/246
f 57/57/57 246/246/246 130/130/130
f 133/133/133 55/55/55 181/181/181
f 133/133/133 181/181/181 246/246/246
f 246/246/246 181/181/181 6/6/6
f 246/246/246 6/6/6 121/121/121
f 130/130/130 246/246/246 121/121/121
f 130/130/130 121/121/121 3/3/3
f 57/57/57 199/199/199 247/247/247
f 57/57/57 247/247/247 131/131/131
f 199/199/199 80/80/80 195/195/195
f 199/199/199 195/195/195 247/247/247
f 247/247/247 195/195/195 82/82/82
f 247/247/247 82/82/82 200/200/200
f 131/131/131 247/247/247 200/200/200
f 131/131/131 200/200/200 56/56/56
f 56/56/56 200/200/200 248/248/248
f 56/56/56 248/248/248 180/180/180
f 200/200/200 82/82/82 197/197/197
f 200/200/200 197/197/197 248/248/248
f 248/248/248 197/197/197 44/44/44
f 248/248/248 44/44/44 123/123/123
f 180/180/180 248/248/248 123/123/123
f 180/180/180 123/123/123 2/2/2
f 26/26/26 128/128/128 249/249/249
f 26/26/26 249/249/249 162/162/162
f 128/128/128 48/48/48 203/203/203
f 128/128/128 203/203/203 249/249/249
f 249/249/249 203/203/203 86/86/86
f 249/249/249 86/86/86 208/208/208
f 162/162/162 249/249/249 208/208/208
f 162/162/162 208/208/208 77/77/77
f 76/76/76 207/207/207 250/250/250
f 76/76/76 250/250/250 189/189/189
f 207/207/207 84/84/84 205/205/205
f 207/207/207 205/205/205 250/250/250
f 250/250/250 205/205/205 51/51/51
f 250/250/250 51/51/51 129/129/129
f 189/189/189 250/250/250 129/129/129
f 189/189/189 129/129/129 30/30/30
f 2901/2901/2901 2900/2900/2900 2921/2921/2921
f 2901/2901/2901 2921/2921/2921 2920/2920/2920
f 2377/2377/2377 2643/2643/2643 2417/2417/2417
f 2377/2377/2377 2417/2417/2417 2119/2119/2119
f 2462/2462/2462 2239/2239/2239 2470/2470/2470
f 2462/2462/2462 2470/2470/2470 2644/2644/2644
f 2445/2445/2445 2228/2228/2228 2441/2441/2441
f 2445/2445/2445 2441/2441/2441 2655/2655/2655
f 2975/2975/2975 2942/2942/2942 2943/2943/2943
f 2975/2975/2975 2943/2943/2943 2977/2977/2977
f 2428/2428/2428 2656/2656/2656 2463/2463/2463
f 2428/2428/2428 2463/2463/2463 2171/2171/2171
f 2955/2955/2955 2932/2932/2932 2933/2933/2933
f 2955/2955/2955 2933/2933/2933 2957/2957/2957
f 2400/2400/2400 2657/2657/2657 2450/2450/2450
f 2400/2400/2400 2450/2450/2450 2159/2159/2159
f 2407/2407/2407 2647/2647/2647 2435/2435/2435
f 2407/2407/2407 2435/2435/2435 2152/2152/2152
f 2448/2448/2448 2685/2685/2685 2547/2547/2547
f 2448/2448/2448 2547/2547/2547 2230/2230/2230
f 2650/2650/2650 2500/2500/2500 2316/2316/2316
f 2650/2650/2650 2316/2316/2316 2484/2484/2484
f 2439/2439/2439 2658/2658/2658 2464/2464/2464
f 2439/2439/2439 2464/2464/2464 2223/2223/2223
f 2561/2561/2561 2654/2654/2654 2462/2462/2462
f 2561/2561/2561 2462/2462/2462 2228/2228/2228
f 1318/1318/1318 1026/1026/1026 2560/2560/2560
f 1318/1318/1318 2560/2560/2560 2659/2659/2659
f 2463/2463/2463 2232/2232/2232 2447/2447/2447
f 2463/2463/2463 2447/2447/2447 2651/2651/2651
f 2494/2494/2494 2267/2267/2267 2579/2579/2579
f 2494/2494/2494 2579/2579/2579 2721/2721/2721
f 2591/2591/2591 2646/2646/2646 1591/1591/1591
f 2591/2591/2591 1591/1591/1591 1025/1025/1025
f 2661/2661/2661 2459/2459/2459 2233/2233/2233
f 2661/2661/2661 2233/2233/2233 2473/2473/2473
f 2165/2165/2165 2443/2443/2443 2648/2648/2648
f 2165/2165/2165 2648/2648/2648 2438/2438/2438
f 2464/2464/2464 2234/2234/2234 2459/2459/2459
f 2464/2464/2464 2459/2459/2459 2661/2661/2661
f 2683/2683/2683 2484/2484/2484 2316/2316/2316
f 2683/2683/2683 2316/2316/2316 2487/2487/2487
f 2681/2681/2681 2528/2528/2528 2321/2321/2321
f 2681/2681/2681 2321/2321/2321 2492/2492/2492
f 2535/2535/2535 2650/2650/2650 2484/2484/2484
f 2535/2535/2535 2484/2484/2484 2318/2318/2318
f 2656/2656/2656 2475/2475/2475 2232/2232/2232
f 2656/2656/2656 2232/2232/2232 2463/2463/2463
f 2644/2644/2644 2470/2470/2470 2238/2238/2238
f 2644/2644/2644 2238/2238/2238 2471/2471/2471
f 3131/3131/3131 3035/3035/3035 3036/3036/3036
f 3131/3131/3131 3036/3036/3036 3133/3133/3133
f 426/426/426 752/752/752 455/455/455
f 426/426/426 455/455/455 377/377/377
f 2469/2469/2469 2713/2713/2713 2479/2479/2479
f 2469/2469/2469 2479/2479/2479 2236/2236/2236
f 2655/2655/2655 2441/2441/2441 2227/2227/2227
f 2655/2655/2655 2227/2227/2227 2444/2444/2444
f 751/751/751 100/100/100 36/36/36
f 751/751/751 36/36/36 679/679/679
f 754/754/754 109/109/109 18/18/18
f 754/754/754 18/18/18 453/453/453
f 2557/2557/2557 2660/2660/2660 2445/2445/2445
f 2557/2557/2557 2445/2445/2445 2167/2167/2167
f 2437/2437/2437 2165/2165/2165 2438/2438/2438
f 2437/2437/2437 2438/2438/2438 2649/2649/2649
f 1164/1164/1164 914/914/914 1189/1189/1189
f 1164/1164/1164 1189/1189/1189 1648/1648/1648
f 2146/2146/2146 2222/2222/2222 3022/3022/3022
f 2398/2398/2398 2662/2662/2662 2452/2452/2452
f 2398/2398/2398 2452/2452/2452 2160/2160/2160
f 752/752/752 103/103/103 24/24/24
f 752/752/752 24/24/24 455/455/455
f 2431/2431/2431 2655/2655/2655 2444/2444/2444
f 2431/2431/2431 2444/2444/2444 2166/2166/2166
f 2457/2457/2457 2225/2225/2225 2453/2453/2453
f 2457/2457/2457 2453/2453/2453 2645/2645/2645
f 454/454/454 21/21/21 103/103/103
f 454/454/454 103/103/103 752/752/752
f 2660/2660/2660 2561/2561/2561 2228/2228/2228
f 2660/2660/2660 2228/2228/2228 2445/2445/2445
f 2470/2470/2470 2683/2683/2683 2487/2487/2487
f 2470/2470/2470 2487/2487/2487 2238/2238/2238
f 371/371/371 452/452/452 754/754/754
f 371/371/371 754/754/754 419/419/419
f 453/453/453 18/18/18 106/106/106
f 453/453/453 106/106/106 753/753/753
f 2654/2654/2654 2563/2563/2563 2239/2239/2239
f 2654/2654/2654 2239/2239/2239 2462/2462/2462
f 2651/2651/2651 2447/2447/2447 2231/2231/2231
f 2651/2651/2651 2231/2231/2231 2472/2472/2472
f 753/753/753 106/106/106 21/21/21
f 753/753/753 21/21/21 454/454/454
f 2526/2526/2526 2680/2680/2680 2530/2530/2530
f 2526/2526/2526 2530/2530/2530 2315/2315/2315
f 2429/2429/2429 2651/2651/2651 2472/2472/2472
f 2429/2429/2429 2472/2472/2472 2170/2170/2170
f 2471/2471/2471 2238/2238/2238 2461/2461/2461
f 2471/2471/2471 2461/2461/2461 2668/2668/2668
f 2231/2231/2231 2488/2488/2488 2685/2685/2685
f 2231/2231/2231 2685/2685/2685 2448/2448/2448
f 2474/2474/2474 2235/2235/2235 2476/2476/2476
f 2474/2474/2474 2476/2476/2476 2658/2658/2658
f 2415/2415/2415 2164/2164/2164 2410/2410/2410
f 2415/2415/2415 2410/2410/2410 2647/2647/2647
f 2519/2519/2519 2270/2270/2270 2576/2576/2576
f 2519/2519/2519 2576/2576/2576 2728/2728/2728
f 2460/2460/2460 2684/2684/2684 2482/2482/2482
f 2460/2460/2460 2482/2482/2482 2235/2235/2235
f 2703/2703/2703 2531/2531/2531 2314/2314/2314
f 2703/2703/2703 2314/2314/2314 2478/2478/2478
f 2658/2658/2658 2476/2476/2476 2234/2234/2234
f 2658/2658/2658 2234/2234/2234 2464/2464/2464
f 2476/2476/2476 2681/2681/2681 2492/2492/2492
f 2476/2476/2476 2492/2492/2492 2234/2234/2234
f 2468/2468/2468 2237/2237/2237 2469/2469/2469
f 2468/2468/2468 2469/2469/2469 2676/2676/2676
f 2472/2472/2472 2231/2231/2231 2448/2448/2448
f 2472/2472/2472 2448/2448/2448 2669/2669/2669
f 2523/2523/2523 2697/2697/2697 2509/2509/2509
f 2523/2523/2523 2509/2509/2509 2279/2279/2279
f 2071/2071/2071 2372/2372/2372 2699/2699/2699
f 2071/2071/2071 2699/2699/2699 2568/2568/2568
f 2266/2266/2266 2494/2494/2494 2721/2721/2721
f 2266/2266/2266 2721/2721/2721 2578/2578/2578
f 2533/2533/2533 2673/2673/2673 2527/2527/2527
f 2533/2533/2533 2527/2527/2527 2319/2319/2319
f 2700/2700/2700 2571/2571/2571 1027/1027/1027
f 2700/2700/2700 1027/1027/1027 1317/1317/1317
f 2564/2564/2564 2700/2700/2700 1317/1317/1317
f 2564/2564/2564 1317/1317/1317 1029/1029/1029
f 2676/2676/2676 2469/2469/2469 2236/2236/2236
f 2676/2676/2676 2236/2236/2236 2465/2465/2465
f 2517/2517/2517 2280/2280/2280 2523/2523/2523
f 2517/2517/2517 2523/2523/2523 2678/2678/2678
f 3109/3109/3109 3024/3024/3024 3025/3025/3025
f 3109/3109/3109 3025/3025/3025 3111/3111/3111
f 2322/2322/2322 2481/2481/2481 2702/2702/2702
f 2322/2322/2322 2702/2702/2702 2542/2542/2542
f 2529/2529/2529 2677/2677/2677 2549/2549/2549
f 2529/2529/2529 2549/2549/2549 2317/2317/2317
f 2567/2567/2567 2679/2679/2679 1325/1325/1325
f 2567/2567/2567 1325/1325/1325 1017/1017/1017
f 2558/2558/2558 2674/2674/2674 1264/1264/1264
f 2558/2558/2558 1264/1264/1264 987/987/987
f 2118/2118/2118 2416/2416/2416 2709/2709/2709
f 2118/2118/2118 2709/2709/2709 2570/2570/2570
f 2367/2367/2367 2071/2071/2071 2568/2568/2568
f 2367/2367/2367 2568/2568/2568 2679/2679/2679
f 369/369/369 451/451/451 755/755/755
f 369/369/369 755/755/755 414/414/414
f 411/411/411 756/756/756 451/451/451
f 411/411/411 451/451/451 369/369/369
f 2587/2587/2587 2733/2733/2733 2858/2858/2858
f 2587/2587/2587 2858/2858/2858 2816/2816/2816
f 2671/2671/2671 2537/2537/2537 2313/2313/2313
f 2671/2671/2671 2313/2313/2313 2485/2485/2485
f 2488/2488/2488 2317/2317/2317 2532/2532/2532
f 2488/2488/2488 2532/2532/2532 2685/2685/2685
f 756/756/756 115/115/115 12/12/12
f 756/756/756 12/12/12 451/451/451
f 2675/2675/2675 2521/2521/2521 2283/2283/2283
f 2675/2675/2675 2283/2283/2283 2536/2536/2536
f 2531/2531/2531 2675/2675/2675 2536/2536/2536
f 2531/2531/2531 2536/2536/2536 2314/2314/2314
f 757/757/757 118/118/118 9/9/9
f 757/757/757 9/9/9 450/450/450
f 2233/2233/2233 2491/2491/2491 2682/2682/2682
f 2233/2233/2233 2682/2682/2682 2475/2475/2475
f 452/452/452 15/15/15 109/109/109
f 452/452/452 109/109/109 754/754/754
f 2285/2285/2285 2512/2512/2512 2711/2711/2711
f 2285/2285/2285 2711/2711/2711 2521/2521/2521
f 2528/2528/2528 2678/2678/2678 2534/2534/2534
f 2528/2528/2528 2534/2534/2534 2321/2321/2321
f 2239/2239/2239 2489/2489/2489 2683/2683/2683
f 2239/2239/2239 2683/2683/2683 2470/2470/2470
f 2718/2718/2718 2325/2325/2325 2061/2061/2061
f 2718/2718/2718 2061/2061/2061 2342/2342/2342
f 2706/2706/2706 2520/2520/2520 2322/2322/2322
f 2706/2706/2706 2322/2322/2322 2542/2542/2542
f 2732/2732/2732 2583/2583/2583 2826/2826/2826
f 2732/2732/2732 2826/2826/2826 2869/2869/2869
f 2372/2372/2372 2107/2107/2107 2569/2569/2569
f 2372/2372/2372 2569/2569/2569 2699/2699/2699
f 2283/2283/2283 2502/2502/2502 2696/2696/2696
f 2283/2283/2283 2696/2696/2696 2522/2522/2522
f 2516/2516/2516 2268/2268/2268 2504/2504/2504
f 2516/2516/2516 2504/2504/2504 2698/2698/2698
f 2509/2509/2509 2269/2269/2269 2496/2496/2496
f 2509/2509/2509 2496/2496/2496 2689/2689/2689
f 2236/2236/2236 2479/2479/2479 2684/2684/2684
f 2236/2236/2236 2684/2684/2684 2460/2460/2460
f 2284/2284/2284 2514/2514/2514 2706/2706/2706
f 2284/2284/2284 2706/2706/2706 2486/2486/2486
f 2505/2505/2505 2271/2271/2271 2577/2577/2577
f 2505/2505/2505 2577/2577/2577 2720/2720/2720
f 3028/3028/3028 2718/2718/2718 2342/2342/2342
f 3028/3028/3028 2342/2342/2342 3024/3024/3024
f 2486/2486/2486 2706/2706/2706 2542/2542/2542
f 2486/2486/2486 2542/2542/2542 2323/2323/2323
f 2539/2539/2539 2280/2280/2280 2517/2517/2517
f 2539/2539/2539 2517/2517/2517 2692/2692/2692
f 2568/2568/2568 2699/2699/2699 1324/1324/1324
f 2568/2568/2568 1324/1324/1324 1018/1018/1018
f 2672/2672/2672 2460/2460/2460 2235/2235/2235
f 2672/2672/2672 2235/2235/2235 2474/2474/2474
f 2682/2682/2682 2533/2533/2533 2319/2319/2319
f 2682/2682/2682 2319/2319/2319 2490/2490/2490
f 2271/2271/2271 2497/2497/2497 2727/2727/2727
f 2271/2271/2271 2727/2727/2727 2577/2577/2577
f 2541/2541/2541 2693/2693/2693 2515/2515/2515
f 2541/2541/2541 2515/2515/2515 2324/2324/2324
f 2669/2669/2669 2448/2448/2448 2230/2230/2230
f 2669/2669/2669 2230/2230/2230 2467/2467/2467
f 2678/2678/2678 2523/2523/2523 2279/2279/2279
f 2678/2678/2678 2279/2279/2279 2534/2534/2534
f 2230/2230/2230 2547/2547/2547 2701/2701/2701
f 2230/2230/2230 2701/2701/2701 2456/2456/2456
f 2350/2350/2350 2106/2106/2106 2361/2361/2361
f 2350/2350/2350 2361/2361/2361 2719/2719/2719
f 2288/2288/2288 2517/2517/2517 2678/2678/2678
f 2288/2288/2288 2678/2678/2678 2528/2528/2528
f 2680/2680/2680 2541/2541/2541 2324/2324/2324
f 2680/2680/2680 2324/2324/2324 2530/2530/2530
f 2588/2588/2588 2731/2731/2731 2856/2856/2856
f 2588/2588/2588 2856/2856/2856 2851/2851/2851
f 2456/2456/2456 2701/2701/2701 2515/2515/2515
f 2456/2456/2456 2515/2515/2515 2229/2229/2229
f 2928/2928/2928 2907/2907/2907 1012/1012/1012
f 2928/2928/2928 1012/1012/1012 2002/2002/2002
f 2507/2507/2507 2278/2278/2278 2538/2538/2538
f 2507/2507/2507 2538/2538/2538 2673/2673/2673
f 2522/2522/2522 2696/2696/2696 2513/2513/2513
f 2522/2522/2522 2513/2513/2513 2281/2281/2281
f 2111/2111/2111 2404/2404/2404 2715/2715/2715
f 2111/2111/2111 2715/2715/2715 2356/2356/2356
f 2536/2536/2536 2671/2671/2671 2485/2485/2485
f 2536/2536/2536 2485/2485/2485 2314/2314/2314
f 3186/3186/3186 2968/2968/2968 2970/2970/2970
f 3186/3186/3186 2970/2970/2970 3187/3187/3187
f 2232/2232/2232 2490/2490/2490 2704/2704/2704
f 2232/2232/2232 2704/2704/2704 2447/2447/2447
f 2717/2717/2717 2544/2544/2544 2074/2074/2074
f 2717/2717/2717 2074/2074/2074 2351/2351/2351
f 2721/2721/2721 2579/2579/2579 2824/2824/2824
f 2721/2721/2721 2824/2824/2824 2860/2860/2860
f 2582/2582/2582 2723/2723/2723 2862/2862/2862
f 2582/2582/2582 2862/2862/2862 2818/2818/2818
f 2282/2282/2282 2510/2510/2510 2700/2700/2700
f 2282/2282/2282 2700/2700/2700 2564/2564/2564
f 450/450/450 9/9/9 115/115/115
f 450/450/450 115/115/115 756/756/756
f 364/364/364 449/449/449 757/757/757
f 364/364/364 757/757/757 406/406/406
f 449/449/449 6/6/6 118/118/118
f 449/449/449 118/118/118 757/757/757
f 2569/2569/2569 2694/2694/2694 1322/1322/1322
f 2569/2569/2569 1322/1322/1322 1020/1020/1020
f 2287/2287/2287 2493/2493/2493 2712/2712/2712
f 2287/2287/2287 2712/2712/2712 2525/2525/2525
f 2072/2072/2072 2373/2373/2373 2716/2716/2716
f 2072/2072/2072 2716/2716/2716 2335/2335/2335
f 2586/2586/2586 2729/2729/2729 2877/2877/2877
f 2586/2586/2586 2877/2877/2877 2854/2854/2854
f 1953/1953/1953 2812/2812/2812 1842/1842/1842
f 1953/1953/1953 1842/1842/1842 696/696/696
f 2842/2842/2842 2758/2758/2758 2795/2795/2795
f 2842/2842/2842 2795/2795/2795 2872/2872/2872
f 2510/2510/2510 2240/2240/2240 2571/2571/2571
f 2510/2510/2510 2571/2571/2571 2700/2700/2700
f 2872/2872/2872 2795/2795/2795 2755/2755/2755
f 2872/2872/2872 2755/2755/2755 2840/2840/2840
f 2576/2576/2576 2720/2720/2720 2871/2871/2871
f 2576/2576/2576 2871/2871/2871 2839/2839/2839
f 2573/2573/2573 2688/2688/2688 2498/2498/2498
f 2573/2573/2573 2498/2498/2498 2277/2277/2277
f 2146/2146/2146 3022/3022/3022 3001/3001/3001
f 2829/2829/2829 2754/2754/2754 2866/2866/2866
f 2829/2829/2829 2866/2866/2866 2865/2865/2865
f 2822/2822/2822 2823/2823/2823 2784/2784/2784
f 2822/2822/2822 2784/2784/2784 2863/2863/2863
f 2267/2267/2267 2504/2504/2504 2732/2732/2732
f 2267/2267/2267 2732/2732/2732 2579/2579/2579
f 2273/2273/2273 2506/2506/2506 2722/2722/2722
f 2273/2273/2273 2722/2722/2722 2580/2580/2580
f 2272/2272/2272 2548/2548/2548 2734/2734/2734
f 2272/2272/2272 2734/2734/2734 2585/2585/2585
f 1000/1000/1000 1594/1594/1594 2707/2707/2707
f 1000/1000/1000 2707/2707/2707 2562/2562/2562
f 2240/2240/2240 2493/2493/2493 2733/2733/2733
f 2240/2240/2240 2733/2733/2733 2587/2587/2587
f 2711/2711/2711 2548/2548/2548 2272/2272/2272
f 2711/2711/2711 2272/2272/2272 2502/2502/2502
f 2844/2844/2844 2763/2763/2763 2789/2789/2789
f 2844/2844/2844 2789/2789/2789 2868/2868/2868
f 3026/3026/3026 2339/2339/2339 2710/2710/2710
f 3026/3026/3026 2710/2710/2710 3047/3047/3047
f 2713/2713/2713 2485/2485/2485 2313/2313/2313
f 2713/2713/2713 2313/2313/2313 2479/2479/2479
f 2699/2699/2699 2569/2569/2569 1020/1020/1020
f 2699/2699/2699 1020/1020/1020 1324/1324/1324
f 1146/1146/1146 1589/1589/1589 2735/2735/2735
f 1146/1146/1146 2735/2735/2735 2589/2589/2589
f 2715/2715/2715 2379/2379/2379 2147/2147/2147
f 2715/2715/2715 2147/2147/2147 2392/2392/2392
f 2270/2270/2270 2505/2505/2505 2720/2720/2720
f 2270/2270/2270 2720/2720/2720 2576/2576/2576
f 2547/2547/2547 2315/2315/2315 2530/2530/2530
f 2547/2547/2547 2530/2530/2530 2701/2701/2701
f 2064/2064/2064 2364/2364/2364 2717/2717/2717
f 2064/2064/2064 2717/2717/2717 2341/2341/2341
f 2152/2152/2152 2435/2435/2435 2714/2714/2714
f 2152/2152/2152 2714/2714/2714 2546/2546/2546
f 2513/2513/2513 2271/2271/2271 2505/2505/2505
f 2513/2513/2513 2505/2505/2505 2690/2690/2690
f 2265/2265/2265 2495/2495/2495 2723/2723/2723
f 2265/2265/2265 2723/2723/2723 2582/2582/2582
f 2286/2286/2286 1588/1588/1588 2737/2737/2737
f 2286/2286/2286 2737/2737/2737 3045/3045/3045
f 2827/2827/2827 2749/2749/2749 2792/2792/2792
f 2827/2827/2827 2792/2792/2792 2870/2870/2870
f 2511/2511/2511 2695/2695/2695 2512/2512/2512
f 2511/2511/2511 2512/2512/2512 2285/2285/2285
f 2724/2724/2724 1571/1571/1571 1965/1965/1965
f 2724/2724/2724 1965/1965/1965 2881/2881/2881
f 2584/2584/2584 2728/2728/2728 2875/2875/2875
f 2584/2584/2584 2875/2875/2875 2828/2828/2828
f 2719/2719/2719 2361/2361/2361 2105/2105/2105
f 2719/2719/2719 2105/2105/2105 2362/2362/2362
f 2503/2503/2503 2691/2691/2691 2514/2514/2514
f 2503/2503/2503 2514/2514/2514 2284/2284/2284
f 2585/2585/2585 2734/2734/2734 2879/2879/2879
f 2585/2585/2585 2879/2879/2879 2843/2843/2843
f 2865/2865/2865 2866/2866/2866 2749/2749/2749
f 2865/2865/2865 2749/2749/2749 2827/2827/2827
f 2506/2506/2506 2274/2274/2274 2581/2581/2581
f 2506/2506/2506 2581/2581/2581 2722/2722/2722
f 2692/2692/2692 2517/2517/2517 2288/2288/2288
f 2692/2692/2692 2288/2288/2288 2540/2540/2540
f 406/406/406 757/757/757 450/450/450
f 406/406/406 450/450/450 367/367/367
f 2496/2496/2496 2269/2269/2269 2584/2584/2584
f 2496/2496/2496 2584/2584/2584 2726/2726/2726
f 366/366/366 397/397/397 758/758/758
f 366/366/366 758/758/758 400/400/400
f 2282/2282/2282 2525/2525/2525 2712/2712/2712
f 2282/2282/2282 2712/2712/2712 2510/2510/2510
f 2852/2852/2852 2853/2853/2853 2778/2778/2778
f 2852/2852/2852 2778/2778/2778 2859/2859/2859
f 2825/2825/2825 2748/2748/2748 2781/2781/2781
f 2825/2825/2825 2781/2781/2781 2861/2861/2861
f 1959/1959/1959 2777/2777/2777 2773/2773/2773
f 1959/1959/1959 2773/2773/2773 1607/1607/1607
f 2749/2749/2749 2750/2750/2750 2793/2793/2793
f 2749/2749/2749 2793/2793/2793 2792/2792/2792
f 2548/2548/2548 2273/2273/2273 2580/2580/2580
f 2548/2548/2548 2580/2580/2580 2734/2734/2734
f 1589/1589/1589 1019/1019/1019 2550/2550/2550
f 1589/1589/1589 2550/2550/2550 2735/2735/2735
f 2726/2726/2726 2584/2584/2584 2828/2828/2828
f 2726/2726/2726 2828/2828/2828 2864/2864/2864
f 2758/2758/2758 2759/2759/2759 2796/2796/2796
f 2758/2758/2758 2796/2796/2796 2795/2795/2795
f 2823/2823/2823 2744/2744/2744 2785/2785/2785
f 2823/2823/2823 2785/2785/2785 2784/2784/2784
f 2859/2859/2859 2778/2778/2778 2739/2739/2739
f 2859/2859/2859 2739/2739/2739 2817/2817/2817
f 2435/2435/2435 2163/2163/2163 2436/2436/2436
f 2435/2435/2435 2436/2436/2436 2714/2714/2714
f 2769/2769/2769 2767/2767/2767 2799/2799/2799
f 2769/2769/2769 2799/2799/2799 2798/2798/2798
f 2731/2731/2731 2586/2586/2586 2854/2854/2854
f 2731/2731/2731 2854/2854/2854 2856/2856/2856
f 2722/2722/2722 2581/2581/2581 2849/2849/2849
f 2722/2722/2722 2849/2849/2849 2873/2873/2873
f 2329/2329/2329 2719/2719/2719 2362/2362/2362
f 2329/2329/2329 2362/2362/2362 2069/2069/2069
f 2755/2755/2755 2756/2756/2756 2802/2802/2802
f 2755/2755/2755 2802/2802/2802 2801/2801/2801
f 127/127/127 761/761/761 715/715/715
f 127/127/127 715/715/715 47/47/47
f 2764/2764/2764 2765/2765/2765 2808/2808/2808
f 2764/2764/2764 2808/2808/2808 2807/2807/2807
f 2820/2820/2820 2742/2742/2742 2805/2805/2805
f 2820/2820/2820 2805/2805/2805 2804/2804/2804
f 1588/1588/1588 1146/1146/1146 2589/2589/2589
f 1588/1588/1588 2589/2589/2589 2737/2737/2737
f 2493/2493/2493 2287/2287/2287 2588/2588/2588
f 2493/2493/2493 2588/2588/2588 2733/2733/2733
f 1969/1969/1969 1840/1840/1840 2811/2811/2811
f 1969/1969/1969 2811/2811/2811 2810/2810/2810
f 2870/2870/2870 2792/2792/2792 2748/2748/2748
f 2870/2870/2870 2748/2748/2748 2825/2825/2825
f 3046/3046/3046 2738/2738/2738 2347/2347/2347
f 3046/3046/3046 2347/2347/2347 3043/3043/3043
f 2868/2868/2868 2789/2789/2789 2758/2758/2758
f 2868/2868/2868 2758/2758/2758 2842/2842/2842
f 1958/1958/1958 2815/2815/2815 2741/2741/2741
f 1958/1958/1958 2741/2741/2741 1608/1608/1608
f 2570/2570/2570 2709/2709/2709 1320/1320/1320
f 2570/2570/2570 1320/1320/1320 1022/1022/1022
f 2739/2739/2739 2740/2740/2740 2814/2814/2814
f 2739/2739/2739 2814/2814/2814 2813/2813/2813
f 2287/2287/2287 2481/2481/2481 2731/2731/2731
f 2287/2287/2287 2731/2731/2731 2588/2588/2588
f 1957/1957/1957 2806/2806/2806 2743/2743/2743
f 1957/1957/1957 2743/2743/2743 1603/1603/1603
f 2364/2364/2364 2075/2075/2075 2544/2544/2544
f 2364/2364/2364 2544/2544/2544 2717/2717/2717
f 2855/2855/2855 2774/2774/2774 2775/2775/2775
f 2855/2855/2855 2775/2775/2775 2857/2857/2857
f 2863/2863/2863 2784/2784/2784 2820/2820/2820
f 2863/2863/2863 2820/2820/2820 2819/2819/2819
f 2778/2778/2778 2779/2779/2779 2740/2740/2740
f 2778/2778/2778 2740/2740/2740 2739/2739/2739
f 2322/2322/2322 2520/2520/2520 2729/2729/2729
f 2322/2322/2322 2729/2729/2729 2586/2586/2586
f 1949/1949/1949 2797/2797/2797 2760/2760/2760
f 1949/1949/1949 2760/2760/2760 1598/1598/1598
f 2274/2274/2274 2566/2566/2566 2725/2725/2725
f 2274/2274/2274 2725/2725/2725 2581/2581/2581
f 2801/2801/2801 2802/2802/2802 2752/2752/2752
f 2801/2801/2801 2752/2752/2752 2754/2754/2754
f 1594/1594/1594 1031/1031/1031 2574/2574/2574
f 1594/1594/1594 2574/2574/2574 2707/2707/2707
f 2001/2001/2001 2809/2809/2809 2766/2766/2766
f 2001/2001/2001 2766/2766/2766 1601/1601/1601
f 2738/2738/2738 2590/2590/2590 2070/2070/2070
f 2738/2738/2738 2070/2070/2070 2347/2347/2347
f 400/400/400 758/758/758 449/449/449
f 400/400/400 449/449/449 364/364/364
f 2579/2579/2579 2732/2732/2732 2869/2869/2869
f 2579/2579/2579 2869/2869/2869 2824/2824/2824
f 2853/2853/2853 2770/2770/2770 2779/2779/2779
f 2853/2853/2853 2779/2779/2779 2778/2778/2778
f 397/397/397 3/3/3 121/121/121
f 397/397/397 121/121/121 758/758/758
f 2861/2861/2861 2781/2781/2781 2823/2823/2823
f 2861/2861/2861 2823/2823/2823 2822/2822/2822
f 758/758/758 121/121/121 6/6/6
f 758/758/758 6/6/6 449/449/449
f 366/366/366 398/398/398 759/759/759
f 366/366/366 759/759/759 694/694/694
f 398/398/398 365/365/365 700/700/700
f 398/398/398 700/700/700 759/759/759
f 2804/2804/2804 2805/2805/2805 2772/2772/2772
f 2804/2804/2804 2772/2772/2772 2774/2774/2774
f 694/694/694 759/759/759 687/687/687
f 694/694/694 687/687/687 389/389/389
f 365/365/365 448/448/448 760/760/760
f 365/365/365 760/760/760 700/700/700
f 760/760/760 122/122/122 43/43/43
f 760/760/760 43/43/43 692/692/692
f 2810/2810/2810 2811/2811/2811 2767/2767/2767
f 2810/2810/2810 2767/2767/2767 2769/2769/2769
f 759/759/759 700/700/700 391/391/391
f 759/759/759 391/391/391 687/687/687
f 700/700/700 760/760/760 692/692/692
f 700/700/700 692/692/692 391/391/391
f 2947/2947/2947 2946/2946/2946 2900/2900/2900
f 2947/2947/2947 2900/2900/2900 2923/2923/2923
f 2000/2000/2000 2780/2780/2780 2771/2771/2771
f 2000/2000/2000 2771/2771/2771 1609/1609/1609
f 761/761/761 720/720/720 395/395/395
f 761/761/761 395/395/395 715/715/715
f 719/719/719 762/762/762 717/717/717
f 719/719/719 717/717/717 393/393/393
f 762/762/762 129/129/129 51/51/51
f 762/762/762 51/51/51 717/717/717
f 25/25/25 430/430/430 761/761/761
f 25/25/25 761/761/761 127/127/127
f 430/430/430 386/386/386 720/720/720
f 430/430/430 720/720/720 761/761/761
f 457/457/457 30/30/30 129/129/129
f 457/457/457 129/129/129 762/762/762
f 979/979/979 1299/1299/1299 1612/1612/1612
f 979/979/979 1612/1612/1612 1564/1564/1564
f 2857/2857/2857 2775/2775/2775 2853/2853/2853
f 2857/2857/2857 2853/2853/2853 2852/2852/2852
f 448/448/448 1/1/1 122/122/122
f 448/448/448 122/122/122 760/760/760
f 1612/1612/1612 1293/1293/1293 971/971/971
f 1612/1612/1612 971/971/971 1270/1270/1270
f 1564/1564/1564 1612/1612/1612 1270/1270/1270
f 1564/1564/1564 1270/1270/1270 962/962/962
f 2798/2798/2798 2799/2799/2799 2765/2765/2765
f 2798/2798/2798 2765/2765/2765 2764/2764/2764
f 2813/2813/2813 2814/2814/2814 1836/1836/1836
f 2813/2813/2813 1836/1836/1836 1960/1960/1960
f 1299/1299/1299 977/977/977 1293/1293/1293
f 1299/1299/1299 1293/1293/1293 1612/1612/1612
f 950/950/950 1575/1575/1575 1613/1613/1613
f 950/950/950 1613/1613/1613 1266/1266/1266
f 2807/2807/2807 2808/2808/2808 2761/2761/2761
f 2807/2807/2807 2761/2761/2761 2763/2763/2763
f 2736/2736/2736 2551/2551/2551 2106/2106/2106
f 2736/2736/2736 2106/2106/2106 2350/2350/2350
f 1266/1266/1266 1613/1613/1613 1577/1577/1577
f 1266/1266/1266 1577/1577/1577 969/969/969
f 1613/1613/1613 711/711/711 266/266/266
f 1613/1613/1613 266/266/266 1577/1577/1577
f 2789/2789/2789 2790/2790/2790 2759/2759/2759
f 2789/2789/2789 2759/2759/2759 2758/2758/2758
f 1954/1954/1954 2788/2788/2788 2753/2753/2753
f 1954/1954/1954 2753/2753/2753 1605/1605/1605
f 1575/1575/1575 251/251/251 711/711/711
f 1575/1575/1575 711/711/711 1613/1613/1613
f 2037/2037/2037 2121/2121/2121 2954/2954/2954
f 2037/2037/2037 2954/2954/2954 2929/2929/2929
f 2795/2795/2795 2796/2796/2796 2756/2756/2756
f 2795/2795/2795 2756/2756/2756 2755/2755/2755
f 2784/2784/2784 2785/2785/2785 2742/2742/2742
f 2784/2784/2784 2742/2742/2742 2820/2820/2820
f 2580/2580/2580 2722/2722/2722 2873/2873/2873
f 2580/2580/2580 2873/2873/2873 2845/2845/2845
f 2935/2935/2935 2934/2934/2934 2888/2888/2888
f 2935/2935/2935 2888/2888/2888 2911/2911/2911
f 1605/1605/1605 2753/2753/2753 2803/2803/2803
f 1605/1605/1605 2803/2803/2803 1956/1956/1956
f 2930/2930/2930 2033/2033/2033 470/470/470
f 2930/2930/2930 470/470/470 1939/1939/1939
f 1602/1602/1602 2768/2768/2768 2812/2812/2812
f 1602/1602/1602 2812/2812/2812 1953/1953/1953
f 2939/2939/2939 2938/2938/2938 2892/2892/2892
f 2939/2939/2939 2892/2892/2892 2915/2915/2915
f 2889/2889/2889 2908/2908/2908 1622/1622/1622
f 2889/2889/2889 1622/1622/1622 1007/1007/1007
f 2910/2910/2910 2889/2889/2889 1007/1007/1007
f 2910/2910/2910 1007/1007/1007 1947/1947/1947
f 2953/2953/2953 2100/2100/2100 2032/2032/2032
f 2953/2953/2953 2032/2032/2032 2931/2931/2931
f 2943/2943/2943 2942/2942/2942 2896/2896/2896
f 2943/2943/2943 2896/2896/2896 2919/2919/2919
f 2937/2937/2937 2936/2936/2936 2890/2890/2890
f 2937/2937/2937 2890/2890/2890 2913/2913/2913
f 2914/2914/2914 2893/2893/2893 998/998/998
f 2914/2914/2914 998/998/998 1620/1620/1620
f 2887/2887/2887 2932/2932/2932 2953/2953/2953
f 2887/2887/2887 2953/2953/2953 2931/2931/2931
f 2918/2918/2918 2897/2897/2897 1005/1005/1005
f 2918/2918/2918 1005/1005/1005 1616/1616/1616
f 2941/2941/2941 2940/2940/2940 2894/2894/2894
f 2941/2941/2941 2894/2894/2894 2917/2917/2917
f 2945/2945/2945 2944/2944/2944 2898/2898/2898
f 2945/2945/2945 2898/2898/2898 2921/2921/2921
f 2912/2912/2912 2891/2891/2891 994/994/994
f 2912/2912/2912 994/994/994 1623/1623/1623
f 2949/2949/2949 2948/2948/2948 2902/2902/2902
f 2949/2949/2949 2902/2902/2902 2925/2925/2925
f 2922/2922/2922 2901/2901/2901 995/995/995
f 2922/2922/2922 995/995/995 1617/1617/1617
f 2916/2916/2916 2895/2895/2895 996/996/996
f 2916/2916/2916 996/996/996 1614/1614/1614
f 2892/2892/2892 2938/2938/2938 2937/2937/2937
f 2892/2892/2892 2937/2937/2937 2913/2913/2913
f 2896/2896/2896 2942/2942/2942 2941/2941/2941
f 2896/2896/2896 2941/2941/2941 2917/2917/2917
f 1005/1005/1005 1614/1614/1614 1002/1002/1002
f 1005/1005/1005 1002/1002/1002 769/769/769
f 2920/2920/2920 2899/2899/2899 1008/1008/1008
f 2920/2920/2920 1008/1008/1008 1621/1621/1621
f 1614/1614/1614 996/996/996 768/768/768
f 1614/1614/1614 768/768/768 1002/1002/1002
f 2034/2034/2034 2928/2928/2928 2002/2002/2002
f 2034/2034/2034 2002/2002/2002 709/709/709
f 2954/2954/2954 2952/2952/2952 2906/2906/2906
f 2954/2954/2954 2906/2906/2906 2929/2929/2929
f 2924/2924/2924 2903/2903/2903 1009/1009/1009
f 2924/2924/2924 1009/1009/1009 1624/1624/1624
f 784/784/784 1155/1155/1155 1615/1615/1615
f 784/784/784 1615/1615/1615 1184/1184/1184
f 1615/1615/1615 1183/1183/1183 914/914/914
f 1615/1615/1615 914/914/914 1164/1164/1164
f 1155/1155/1155 783/783/783 1183/1183/1183
f 1155/1155/1155 1183/1183/1183 1615/1615/1615
f 2897/2897/2897 2916/2916/2916 1614/1614/1614
f 2897/2897/2897 1614/1614/1614 1005/1005/1005
f 2898/2898/2898 2944/2944/2944 2943/2943/2943
f 2898/2898/2898 2943/2943/2943 2919/2919/2919
f 1616/1616/1616 1005/1005/1005 769/769/769
f 1616/1616/1616 769/769/769 991/991/991
f 2899/2899/2899 2918/2918/2918 1616/1616/1616
f 2899/2899/2899 1616/1616/1616 1008/1008/1008
f 1184/1184/1184 1615/1615/1615 1164/1164/1164
f 1184/1184/1184 1164/1164/1164 916/916/916
f 2902/2902/2902 2948/2948/2948 2947/2947/2947
f 2902/2902/2902 2947/2947/2947 2923/2923/2923
f 1617/1617/1617 995/995/995 771/771/771
f 1617/1617/1617 771/771/771 992/992/992
f 2903/2903/2903 2922/2922/2922 1617/1617/1617
f 2903/2903/2903 1617/1617/1617 1009/1009/1009
f 1008/1008/1008 1616/1616/1616 991/991/991
f 1008/1008/1008 991/991/991 770/770/770
f 1618/1618/1618 1158/1158/1158 777/777/777
f 1618/1618/1618 777/777/777 1001/1001/1001
f 767/767/767 1310/1310/1310 1618/1618/1618
f 767/767/767 1618/1618/1618 1016/1016/1016
f 1016/1016/1016 1618/1618/1618 1001/1001/1001
f 1016/1016/1016 1001/1001/1001 778/778/778
f 1009/1009/1009 1617/1617/1617 992/992/992
f 1009/1009/1009 992/992/992 772/772/772
f 1619/1619/1619 997/997/997 773/773/773
f 1619/1619/1619 773/773/773 993/993/993
f 2906/2906/2906 2952/2952/2952 2951/2951/2951
f 2906/2906/2906 2951/2951/2951 2927/2927/2927
f 1310/1310/1310 766/766/766 1158/1158/1158
f 1310/1310/1310 1158/1158/1158 1618/1618/1618
f 1012/1012/1012 1619/1619/1619 993/993/993
f 1012/1012/1012 993/993/993 774/774/774
f 1620/1620/1620 998/998/998 767/767/767
f 1620/1620/1620 767/767/767 1006/1006/1006
f 2894/2894/2894 2940/2940/2940 2939/2939/2939
f 2894/2894/2894 2939/2939/2939 2915/2915/2915
f 2904/2904/2904 2950/2950/2950 2949/2949/2949
f 2904/2904/2904 2949/2949/2949 2925/2925/2925
f 996/996/996 1620/1620/1620 1006/1006/1006
f 996/996/996 1006/1006/1006 768/768/768
f 911/911/911 1312/1312/1312 1654/1654/1654
f 911/911/911 1654/1654/1654 1188/1188/1188
f 2895/2895/2895 2914/2914/2914 1620/1620/1620
f 2895/2895/2895 1620/1620/1620 996/996/996
f 1621/1621/1621 1008/1008/1008 770/770/770
f 1621/1621/1621 770/770/770 1003/1003/1003
f 2901/2901/2901 2920/2920/2920 1621/1621/1621
f 2901/2901/2901 1621/1621/1621 995/995/995
f 1622/1622/1622 1004/1004/1004 764/764/764
f 1622/1622/1622 764/764/764 990/990/990
f 2900/2900/2900 2946/2946/2946 2945/2945/2945
f 2900/2900/2900 2945/2945/2945 2921/2921/2921
f 995/995/995 1621/1621/1621 1003/1003/1003
f 995/995/995 1003/1003/1003 771/771/771
f 2886/2886/2886 2930/2930/2930 1939/1939/1939
f 2886/2886/2886 1939/1939/1939 1004/1004/1004
f 2893/2893/2893 2912/2912/2912 1623/1623/1623
f 2893/2893/2893 1623/1623/1623 998/998/998
f 2888/2888/2888 2934/2934/2934 2933/2933/2933
f 2888/2888/2888 2933/2933/2933 2909/2909/2909
f 1007/1007/1007 1622/1622/1622 990/990/990
f 1007/1007/1007 990/990/990 765/765/765
f 2926/2926/2926 2905/2905/2905 997/997/997
f 2926/2926/2926 997/997/997 1619/1619/1619
f 2905/2905/2905 2924/2924/2924 1624/1624/1624
f 2905/2905/2905 1624/1624/1624 997/997/997
f 998/998/998 1623/1623/1623 1310/1310/1310
f 998/998/998 1310/1310/1310 767/767/767
f 3119/3119/3119 3029/3029/3029 3030/3030/3030
f 3119/3119/3119 3030/3030/3030 3121/3121/3121
f 353/353/353 666/666/666 763/763/763
f 353/353/353 763/763/763 649/649/649
f 666/666/666 336/336/336 620/620/620
f 666/666/666 620/620/620 763/763/763
f 763/763/763 620/620/620 345/345/345
f 763/763/763 345/345/345 643/643/643
f 649/649/649 763/763/763 643/643/643
f 649/649/649 643/643/643 351/351/351
f 771/771/771 1003/1003/1003 1625/1625/1625
f 771/771/771 1625/1625/1625 1148/1148/1148
f 1625/1625/1625 1160/1160/1160 781/781/781
f 1625/1625/1625 781/781/781 1013/1013/1013
f 997/997/997 1624/1624/1624 1011/1011/1011
f 997/997/997 1011/1011/1011 773/773/773
f 1148/1148/1148 1625/1625/1625 1013/1013/1013
f 1148/1148/1148 1013/1013/1013 783/783/783
f 772/772/772 992/992/992 1626/1626/1626
f 772/772/772 1626/1626/1626 1149/1149/1149
f 1626/1626/1626 1148/1148/1148 783/783/783
f 1626/1626/1626 783/783/783 1155/1155/1155
f 1624/1624/1624 1009/1009/1009 772/772/772
f 1624/1624/1624 772/772/772 1011/1011/1011
f 1003/1003/1003 770/770/770 1160/1160/1160
f 1003/1003/1003 1160/1160/1160 1625/1625/1625
f 992/992/992 771/771/771 1148/1148/1148
f 992/992/992 1148/1148/1148 1626/1626/1626
f 1149/1149/1149 1626/1626/1626 1155/1155/1155
f 1149/1149/1149 1155/1155/1155 784/784/784
f 2983/2983/2983 2946/2946/2946 2947/2947/2947
f 2983/2983/2983 2947/2947/2947 2985/2985/2985
f 2985/2985/2985 2947/2947/2947 2948/2948/2948
f 2985/2985/2985 2948/2948/2948 2987/2987/2987
f 722/722/722 400/400/400 364/364/364
f 722/722/722 364/364/364 401/401/401
f 765/765/765 990/990/990 1627/1627/1627
f 765/765/765 1627/1627/1627 1153/1153/1153
f 1659/1659/1659 1219/1219/1219 947/947/947
f 1659/1659/1659 947/947/947 1206/1206/1206
f 1153/1153/1153 1627/1627/1627 999/999/999
f 1153/1153/1153 999/999/999 776/776/776
f 773/773/773 1011/1011/1011 1628/1628/1628
f 773/773/773 1628/1628/1628 1157/1157/1157
f 1627/1627/1627 1162/1162/1162 775/775/775
f 1627/1627/1627 775/775/775 999/999/999
f 1157/1157/1157 1628/1628/1628 1014/1014/1014
f 1157/1157/1157 1014/1014/1014 785/785/785
f 990/990/990 764/764/764 1162/1162/1162
f 990/990/990 1162/1162/1162 1627/1627/1627
f 1628/1628/1628 1149/1149/1149 784/784/784
f 1628/1628/1628 784/784/784 1014/1014/1014
f 1629/1629/1629 1153/1153/1153 776/776/776
f 1629/1629/1629 776/776/776 1010/1010/1010
f 766/766/766 988/988/988 1629/1629/1629
f 766/766/766 1629/1629/1629 1158/1158/1158
f 1011/1011/1011 772/772/772 1149/1149/1149
f 1011/1011/1011 1149/1149/1149 1628/1628/1628
f 1158/1158/1158 1629/1629/1629 1010/1010/1010
f 1158/1158/1158 1010/1010/1010 777/777/777
f 1630/1630/1630 1197/1197/1197 937/937/937
f 1630/1630/1630 937/937/937 1196/1196/1196
f 1640/1640/1640 1565/1565/1565 919/919/919
f 1640/1640/1640 919/919/919 1186/1186/1186
f 988/988/988 765/765/765 1153/1153/1153
f 988/988/988 1153/1153/1153 1629/1629/1629
f 1186/1186/1186 1630/1630/1630 1196/1196/1196
f 1186/1186/1186 1196/1196/1196 938/938/938
f 769/769/769 1002/1002/1002 1631/1631/1631
f 769/769/769 1631/1631/1631 1147/1147/1147
f 1147/1147/1147 1631/1631/1631 1161/1161/1161
f 1147/1147/1147 1161/1161/1161 780/780/780
f 1165/1165/1165 918/918/918 1197/1197/1197
f 1165/1165/1165 1197/1197/1197 1630/1630/1630
f 1631/1631/1631 1159/1159/1159 779/779/779
f 1631/1631/1631 779/779/779 1161/1161/1161
f 783/783/783 1013/1013/1013 1632/1632/1632
f 783/783/783 1632/1632/1632 1183/1183/1183
f 1183/1183/1183 1632/1632/1632 1179/1179/1179
f 1183/1183/1183 1179/1179/1179 914/914/914
f 1002/1002/1002 768/768/768 1159/1159/1159
f 1002/1002/1002 1159/1159/1159 1631/1631/1631
f 1632/1632/1632 1166/1166/1166 912/912/912
f 1632/1632/1632 912/912/912 1179/1179/1179
f 1160/1160/1160 1633/1633/1633 1163/1163/1163
f 1160/1160/1160 1163/1163/1163 781/781/781
f 1013/1013/1013 781/781/781 1166/1166/1166
f 1013/1013/1013 1166/1166/1166 1632/1632/1632
f 1633/1633/1633 1147/1147/1147 780/780/780
f 1633/1633/1633 780/780/780 1163/1163/1163
f 1209/1209/1209 1634/1634/1634 1192/1192/1192
f 1209/1209/1209 1192/1192/1192 944/944/944
f 770/770/770 991/991/991 1633/1633/1633
f 770/770/770 1633/1633/1633 1160/1160/1160
f 1634/1634/1634 1216/1216/1216 943/943/943
f 1634/1634/1634 943/943/943 1192/1192/1192
f 1171/1171/1171 1635/1635/1635 1312/1312/1312
f 1171/1171/1171 1312/1312/1312 911/911/911
f 928/928/928 1173/1173/1173 1634/1634/1634
f 928/928/928 1634/1634/1634 1209/1209/1209
f 991/991/991 769/769/769 1147/1147/1147
f 991/991/991 1147/1147/1147 1633/1633/1633
f 1635/1635/1635 1178/1178/1178 908/908/908
f 1635/1635/1635 908/908/908 1312/1312/1312
f 1166/1166/1166 1636/1636/1636 1177/1177/1177
f 1166/1166/1166 1177/1177/1177 912/912/912
f 780/780/780 1161/1161/1161 1635/1635/1635
f 780/780/780 1635/1635/1635 1171/1171/1171
f 1173/1173/1173 926/926/926 1216/1216/1216
f 1173/1173/1173 1216/1216/1216 1634/1634/1634
f 1636/1636/1636 1171/1171/1171 911/911/911
f 1636/1636/1636 911/911/911 1177/1177/1177
f 1175/1175/1175 1637/1637/1637 1181/1181/1181
f 1175/1175/1175 1181/1181/1181 918/918/918
f 781/781/781 1163/1163/1163 1636/1636/1636
f 781/781/781 1636/1636/1636 1166/1166/1166
f 1161/1161/1161 779/779/779 1178/1178/1178
f 1161/1161/1161 1178/1178/1178 1635/1635/1635
f 785/785/785 1014/1014/1014 1637/1637/1637
f 785/785/785 1637/1637/1637 1175/1175/1175
f 1637/1637/1637 1184/1184/1184 916/916/916
f 1637/1637/1637 916/916/916 1181/1181/1181
f 1163/1163/1163 780/780/780 1171/1171/1171
f 1163/1163/1163 1171/1171/1171 1636/1636/1636
f 462/462/462 1655/1655/1655 1570/1570/1570
f 462/462/462 1570/1570/1570 260/260/260
f 1649/1649/1649 1201/1201/1201 920/920/920
f 1649/1649/1649 920/920/920 1180/1180/1180
f 1014/1014/1014 784/784/784 1184/1184/1184
f 1014/1014/1014 1184/1184/1184 1637/1637/1637
f 938/938/938 1196/1196/1196 1638/1638/1638
f 938/938/938 1638/1638/1638 1207/1207/1207
f 2453/2453/2453 2672/2672/2672 2474/2474/2474
f 2453/2453/2453 2474/2474/2474 2224/2224/2224
f 1639/1639/1639 1168/1168/1168 788/788/788
f 1639/1639/1639 788/788/788 1154/1154/1154
f 1207/1207/1207 1638/1638/1638 1213/1213/1213
f 1207/1207/1207 1213/1213/1213 949/949/949
f 1638/1638/1638 1214/1214/1214 948/948/948
f 1638/1638/1638 948/948/948 1213/1213/1213
f 1196/1196/1196 937/937/937 1214/1214/1214
f 1196/1196/1196 1214/1214/1214 1638/1638/1638
f 1640/1640/1640 1186/1186/1186 938/938/938
f 1640/1640/1640 938/938/938 1569/1569/1569
f 1010/1010/1010 776/776/776 1168/1168/1168
f 1010/1010/1010 1168/1168/1168 1639/1639/1639
f 777/777/777 1010/1010/1010 1639/1639/1639
f 777/777/777 1639/1639/1639 1169/1169/1169
f 1169/1169/1169 1639/1639/1639 1154/1154/1154
f 1169/1169/1169 1154/1154/1154 886/886/886
f 1302/1302/1302 980/980/980 1250/1250/1250
f 1302/1302/1302 1250/1250/1250 1667/1667/1667
f 1565/1565/1565 3048/3048/3048 3049/3049/3049
f 1565/1565/1565 3049/3049/3049 1176/1176/1176
f 255/255/255 1565/1565/1565 1640/1640/1640
f 255/255/255 1640/1640/1640 465/465/465
f 465/465/465 1640/1640/1640 1569/1569/1569
f 465/465/465 1569/1569/1569 258/258/258
f 1654/1654/1654 1199/1199/1199 926/926/926
f 1654/1654/1654 926/926/926 1173/1173/1173
f 1204/1204/1204 935/935/935 1210/1210/1210
f 1204/1204/1204 1210/1210/1210 1666/1666/1666
f 786/786/786 1156/1156/1156 1641/1641/1641
f 786/786/786 1641/1641/1641 1176/1176/1176
f 1641/1641/1641 1175/1175/1175 918/918/918
f 1641/1641/1641 918/918/918 1165/1165/1165
f 1312/1312/1312 908/908/908 1199/1199/1199
f 1312/1312/1312 1199/1199/1199 1654/1654/1654
f 1671/1671/1671 1223/1223/1223 1239/1239/1239
f 1671/1671/1671 1239/1239/1239 1661/1661/1661
f 1661/1661/1661 1239/1239/1239 1253/1253/1253
f 1661/1661/1661 1253/1253/1253 1831/1831/1831
f 1187/1187/1187 1642/1642/1642 1182/1182/1182
f 1187/1187/1187 1182/1182/1182 925/925/925
f 1156/1156/1156 785/785/785 1175/1175/1175
f 1156/1156/1156 1175/1175/1175 1641/1641/1641
f 905/905/905 1152/1152/1152 1642/1642/1642
f 905/905/905 1642/1642/1642 1187/1187/1187
f 3139/3139/3139 3039/3039/3039 3040/3040/3040
f 3139/3139/3139 3040/3040/3040 3141/3141/3141
f 1152/1152/1152 886/886/886 1198/1198/1198
f 1152/1152/1152 1198/1198/1198 1642/1642/1642
f 1642/1642/1642 1198/1198/1198 924/924/924
f 1642/1642/1642 924/924/924 1182/1182/1182
f 1170/1170/1170 1643/1643/1643 1152/1152/1152
f 1170/1170/1170 1152/1152/1152 905/905/905
f 779/779/779 1311/1311/1311 1644/1644/1644
f 779/779/779 1644/1644/1644 1178/1178/1178
f 1001/1001/1001 777/777/777 1169/1169/1169
f 1001/1001/1001 1169/1169/1169 1643/1643/1643
f 727/727/727 411/411/411 369/369/369
f 727/727/727 369/369/369 408/408/408
f 1643/1643/1643 1169/1169/1169 886/886/886
f 1643/1643/1643 886/886/886 1152/1152/1152
f 1311/1311/1311 778/778/778 1170/1170/1170
f 1311/1311/1311 1170/1170/1170 1644/1644/1644
f 1178/1178/1178 1644/1644/1644 1151/1151/1151
f 1178/1178/1178 1151/1151/1151 908/908/908
f 778/778/778 1001/1001/1001 1643/1643/1643
f 778/778/778 1643/1643/1643 1170/1170/1170
f 1198/1198/1198 1651/1651/1651 1172/1172/1172
f 1198/1198/1198 1172/1172/1172 924/924/924
f 1206/1206/1206 947/947/947 1222/1222/1222
f 1206/1206/1206 1222/1222/1222 1645/1645/1645
f 1645/1645/1645 1222/1222/1222 1238/1238/1238
f 1645/1645/1645 1238/1238/1238 1809/1809/1809
f 1650/1650/1650 1190/1190/1190 936/936/936
f 1650/1650/1650 936/936/936 1185/1185/1185
f 948/948/948 1206/1206/1206 1645/1645/1645
f 948/948/948 1645/1645/1645 1223/1223/1223
f 1255/1255/1255 1831/1831/1831 1250/1250/1250
f 1255/1255/1255 1250/1250/1250 980/980/980
f 1651/1651/1651 1203/1203/1203 922/922/922
f 1651/1651/1651 922/922/922 1172/1172/1172
f 1644/1644/1644 1170/1170/1170 905/905/905
f 1644/1644/1644 905/905/905 1151/1151/1151
f 1189/1189/1189 1646/1646/1646 1202/1202/1202
f 1189/1189/1189 1202/1202/1202 935/935/935
f 1203/1203/1203 1649/1649/1649 1180/1180/1180
f 1203/1203/1203 1180/1180/1180 922/922/922
f 914/914/914 1179/1179/1179 1646/1646/1646
f 914/914/914 1646/1646/1646 1189/1189/1189
f 1231/1231/1231 1663/1663/1663 1822/1822/1822
f 1231/1231/1231 1822/1822/1822 1236/1236/1236
f 2495/2495/2495 2266/2266/2266 2578/2578/2578
f 2495/2495/2495 2578/2578/2578 2723/2723/2723
f 949/949/949 1213/1213/1213 1671/1671/1671
f 949/949/949 1671/1671/1671 1224/1224/1224
f 1174/1174/1174 925/925/925 1208/1208/1208
f 1174/1174/1174 1208/1208/1208 1647/1647/1647
f 916/916/916 1164/1164/1164 1648/1648/1648
f 916/916/916 1648/1648/1648 1190/1190/1190
f 1646/1646/1646 1200/1200/1200 934/934/934
f 1646/1646/1646 934/934/934 1202/1202/1202
f 258/258/258 1569/1569/1569 1655/1655/1655
f 258/258/258 1655/1655/1655 462/462/462
f 324/324/324 616/616/616 782/782/782
f 324/324/324 782/782/782 670/670/670
f 616/616/616 343/343/343 671/671/671
f 616/616/616 671/671/671 782/782/782
f 782/782/782 671/671/671 266/266/266
f 782/782/782 266/266/266 711/711/711
f 670/670/670 782/782/782 711/711/711
f 670/670/670 711/711/711 251/251/251
f 1179/1179/1179 912/912/912 1200/1200/1200
f 1179/1179/1179 1200/1200/1200 1646/1646/1646
f 1208/1208/1208 1653/1653/1653 1195/1195/1195
f 1208/1208/1208 1195/1195/1195 942/942/942
f 1216/1216/1216 1647/1647/1647 1193/1193/1193
f 1216/1216/1216 1193/1193/1193 943/943/943
f 1190/1190/1190 1648/1648/1648 1204/1204/1204
f 1190/1190/1190 1204/1204/1204 936/936/936
f 964/964/964 1302/1302/1302 1667/1667/1667
f 964/964/964 1667/1667/1667 1278/1278/1278
f 936/936/936 1204/1204/1204 1666/1666/1666
f 936/936/936 1666/1666/1666 1219/1219/1219
f 926/926/926 1174/1174/1174 1647/1647/1647
f 926/926/926 1647/1647/1647 1216/1216/1216
f 1648/1648/1648 1189/1189/1189 935/935/935
f 1648/1648/1648 935/935/935 1204/1204/1204
f 1220/1220/1220 946/946/946 1230/1230/1230
f 1220/1220/1220 1230/1230/1230 1665/1665/1665
f 1657/1657/1657 1211/1211/1211 939/939/939
f 1657/1657/1657 939/939/939 1194/1194/1194
f 1647/1647/1647 1208/1208/1208 942/942/942
f 1647/1647/1647 942/942/942 1193/1193/1193
f 1180/1180/1180 920/920/920 1211/1211/1211
f 1180/1180/1180 1211/1211/1211 1657/1657/1657
f 788/788/788 1150/1150/1150 1649/1649/1649
f 788/788/788 1649/1649/1649 1203/1203/1203
f 1150/1150/1150 787/787/787 1201/1201/1201
f 1150/1150/1150 1201/1201/1201 1649/1649/1649
f 1254/1254/1254 1833/1833/1833 1299/1299/1299
f 1254/1254/1254 1299/1299/1299 979/979/979
f 1181/1181/1181 916/916/916 1190/1190/1190
f 1181/1181/1181 1190/1190/1190 1650/1650/1650
f 941/941/941 1191/1191/1191 1669/1669/1669
f 941/941/941 1669/1669/1669 1227/1227/1227
f 2036/2036/2036 2097/2097/2097 2145/2145/2145
f 2036/2036/2036 2145/2145/2145 2122/2122/2122
f 2041/2041/2041 488/488/488 797/797/797
f 2041/2041/2041 797/797/797 2076/2076/2076
f 1595/1595/1595 1000/1000/1000 2562/2562/2562
f 1595/1595/1595 2562/2562/2562 2653/2653/2653
f 2144/2144/2144 2099/2099/2099 2032/2032/2032
f 2144/2144/2144 2032/2032/2032 2100/2100/2100
f 2126/2126/2126 2079/2079/2079 2040/2040/2040
f 2126/2126/2126 2040/2040/2040 2125/2125/2125
f 2098/2098/2098 895/895/895 470/470/470
f 2098/2098/2098 470/470/470 2033/2033/2033
f 2128/2128/2128 2081/2081/2081 2042/2042/2042
f 2128/2128/2128 2042/2042/2042 2127/2127/2127
f 2039/2039/2039 2099/2099/2099 2144/2144/2144
f 2039/2039/2039 2144/2144/2144 2123/2123/2123
f 2130/2130/2130 2083/2083/2083 2044/2044/2044
f 2130/2130/2130 2044/2044/2044 2129/2129/2129
f 2078/2078/2078 903/903/903 488/488/488
f 2078/2078/2078 488/488/488 2041/2041/2041
f 2132/2132/2132 2085/2085/2085 2046/2046/2046
f 2132/2132/2132 2046/2046/2046 2131/2131/2131
f 2080/2080/2080 798/798/798 476/476/476
f 2080/2080/2080 476/476/476 2043/2043/2043
f 2134/2134/2134 2087/2087/2087 2048/2048/2048
f 2134/2134/2134 2048/2048/2048 2133/2133/2133
f 2082/2082/2082 795/795/795 480/480/480
f 2082/2082/2082 480/480/480 2045/2045/2045
f 2136/2136/2136 2089/2089/2089 2050/2050/2050
f 2136/2136/2136 2050/2050/2050 2135/2135/2135
f 2084/2084/2084 789/789/789 478/478/478
f 2084/2084/2084 478/478/478 2047/2047/2047
f 2138/2138/2138 2091/2091/2091 2052/2052/2052
f 2138/2138/2138 2052/2052/2052 2137/2137/2137
f 2086/2086/2086 791/791/791 486/486/486
f 2086/2086/2086 486/486/486 2049/2049/2049
f 2140/2140/2140 2093/2093/2093 2054/2054/2054
f 2140/2140/2140 2054/2054/2054 2139/2139/2139
f 2088/2088/2088 796/796/796 489/489/489
f 2088/2088/2088 489/489/489 2051/2051/2051
f 2142/2142/2142 2095/2095/2095 2056/2056/2056
f 2142/2142/2142 2056/2056/2056 2141/2141/2141
f 2090/2090/2090 792/792/792 477/477/477
f 2090/2090/2090 477/477/477 2053/2053/2053
f 2096/2096/2096 933/933/933 493/493/493
f 2096/2096/2096 493/493/493 2059/2059/2059
f 2092/2092/2092 799/799/799 490/490/490
f 2092/2092/2092 490/490/490 2055/2055/2055
f 2048/2048/2048 2085/2085/2085 2132/2132/2132
f 2048/2048/2048 2132/2132/2132 2133/2133/2133
f 486/486/486 274/274/274 483/483/483
f 486/486/486 483/483/483 789/789/789
f 789/789/789 483/483/483 273/273/273
f 789/789/789 273/273/273 478/478/478
f 2049/2049/2049 486/486/486 789/789/789
f 2049/2049/2049 789/789/789 2084/2084/2084
f 2035/2035/2035 708/708/708 933/933/933
f 2035/2035/2035 933/933/933 2096/2096/2096
f 2145/2145/2145 2097/2097/2097 2058/2058/2058
f 2145/2145/2145 2058/2058/2058 2143/2143/2143
f 288/288/288 535/535/535 790/790/790
f 288/288/288 790/790/790 506/506/506
f 535/535/535 299/299/299 515/515/515
f 535/535/535 515/515/515 790/790/790
f 790/790/790 515/515/515 298/298/298
f 790/790/790 298/298/298 534/534/534
f 506/506/506 790/790/790 534/534/534
f 506/506/506 534/534/534 287/287/287
f 2050/2050/2050 2087/2087/2087 2134/2134/2134
f 2050/2050/2050 2134/2134/2134 2135/2135/2135
f 489/489/489 275/275/275 473/473/473
f 489/489/489 473/473/473 791/791/791
f 791/791/791 473/473/473 274/274/274
f 791/791/791 274/274/274 486/486/486
f 2051/2051/2051 489/489/489 791/791/791
f 2051/2051/2051 791/791/791 2086/2086/2086
f 2054/2054/2054 2091/2091/2091 2138/2138/2138
f 2054/2054/2054 2138/2138/2138 2139/2139/2139
f 490/490/490 277/277/277 474/474/474
f 490/490/490 474/474/474 792/792/792
f 792/792/792 474/474/474 276/276/276
f 792/792/792 276/276/276 477/477/477
f 2055/2055/2055 490/490/490 792/792/792
f 2055/2055/2055 792/792/792 2090/2090/2090
f 272/272/272 497/497/497 793/793/793
f 272/272/272 793/793/793 660/660/660
f 497/497/497 283/283/283 482/482/482
f 497/497/497 482/482/482 793/793/793
f 793/793/793 482/482/482 282/282/282
f 793/793/793 282/282/282 509/509/509
f 660/660/660 793/793/793 509/509/509
f 660/660/660 509/509/509 271/271/271
f 2058/2058/2058 2095/2095/2095 2142/2142/2142
f 2058/2058/2058 2142/2142/2142 2143/2143/2143
f 493/493/493 279/279/279 475/475/475
f 493/493/493 475/475/475 794/794/794
f 794/794/794 475/475/475 278/278/278
f 794/794/794 278/278/278 479/479/479
f 2056/2056/2056 2093/2093/2093 2140/2140/2140
f 2056/2056/2056 2140/2140/2140 2141/2141/2141
f 2046/2046/2046 2083/2083/2083 2130/2130/2130
f 2046/2046/2046 2130/2130/2130 2131/2131/2131
f 478/478/478 273/273/273 487/487/487
f 478/478/478 487/487/487 795/795/795
f 795/795/795 487/487/487 272/272/272
f 795/795/795 272/272/272 480/480/480
f 2047/2047/2047 478/478/478 795/795/795
f 2047/2047/2047 795/795/795 2082/2082/2082
f 2052/2052/2052 2089/2089/2089 2136/2136/2136
f 2052/2052/2052 2136/2136/2136 2137/2137/2137
f 477/477/477 276/276/276 484/484/484
f 477/477/477 484/484/484 796/796/796
f 796/796/796 484/484/484 275/275/275
f 796/796/796 275/275/275 489/489/489
f 2053/2053/2053 477/477/477 796/796/796
f 2053/2053/2053 796/796/796 2088/2088/2088
f 2040/2040/2040 2077/2077/2077 2124/2124/2124
f 2040/2040/2040 2124/2124/2124 2125/2125/2125
f 488/488/488 270/270/270 472/472/472
f 488/488/488 472/472/472 797/797/797
f 797/797/797 472/472/472 269/269/269
f 797/797/797 269/269/269 485/485/485
f 2038/2038/2038 485/485/485 895/895/895
f 2038/2038/2038 895/895/895 2098/2098/2098
f 2044/2044/2044 2081/2081/2081 2128/2128/2128
f 2044/2044/2044 2128/2128/2128 2129/2129/2129
f 480/480/480 272/272/272 660/660/660
f 480/480/480 660/660/660 798/798/798
f 798/798/798 660/660/660 271/271/271
f 798/798/798 271/271/271 476/476/476
f 2045/2045/2045 480/480/480 798/798/798
f 2045/2045/2045 798/798/798 2080/2080/2080
f 2094/2094/2094 794/794/794 479/479/479
f 2094/2094/2094 479/479/479 2057/2057/2057
f 479/479/479 278/278/278 492/492/492
f 479/479/479 492/492/492 799/799/799
f 799/799/799 492/492/492 277/277/277
f 799/799/799 277/277/277 490/490/490
f 2057/2057/2057 479/479/479 799/799/799
f 2057/2057/2057 799/799/799 2092/2092/2092
f 276/276/276 499/499/499 800/800/800
f 276/276/276 800/800/800 484/484/484
f 499/499/499 287/287/287 494/494/494
f 499/499/499 494/494/494 800/800/800
f 800/800/800 494/494/494 286/286/286
f 800/800/800 286/286/286 511/511/511
f 484/484/484 800/800/800 511/511/511
f 484/484/484 511/511/511 275/275/275
f 277/277/277 500/500/500 801/801/801
f 277/277/277 801/801/801 474/474/474
f 500/500/500 288/288/288 506/506/506
f 500/500/500 506/506/506 801/801/801
f 801/801/801 506/506/506 287/287/287
f 801/801/801 287/287/287 499/499/499
f 474/474/474 801/801/801 499/499/499
f 474/474/474 499/499/499 276/276/276
f 270/270/270 504/504/504 802/802/802
f 270/270/270 802/802/802 472/472/472
f 504/504/504 281/281/281 481/481/481
f 504/504/504 481/481/481 802/802/802
f 802/802/802 481/481/481 280/280/280
f 802/802/802 280/280/280 513/513/513
f 472/472/472 802/802/802 513/513/513
f 472/472/472 513/513/513 269/269/269
f 278/278/278 508/508/508 803/803/803
f 278/278/278 803/803/803 492/492/492
f 508/508/508 289/289/289 495/495/495
f 508/508/508 495/495/495 803/803/803
f 803/803/803 495/495/495 288/288/288
f 803/803/803 288/288/288 500/500/500
f 492/492/492 803/803/803 500/500/500
f 492/492/492 500/500/500 277/277/277
f 271/271/271 509/509/509 804/804/804
f 271/271/271 804/804/804 471/471/471
f 509/509/509 282/282/282 491/491/491
f 509/509/509 491/491/491 804/804/804
f 804/804/804 491/491/491 281/281/281
f 804/804/804 281/281/281 504/504/504
f 471/471/471 804/804/804 504/504/504
f 471/471/471 504/504/504 270/270/270
f 815/815/815 537/537/537 301/301/301
f 815/815/815 301/301/301 667/667/667
f 537/537/537 312/312/312 547/547/547
f 537/537/537 547/547/547 805/805/805
f 805/805/805 547/547/547 311/311/311
f 805/805/805 311/311/311 548/548/548
f 516/516/516 805/805/805 548/548/548
f 516/516/516 548/548/548 300/300/300
f 274/274/274 498/498/498 806/806/806
f 274/274/274 806/806/806 483/483/483
f 498/498/498 285/285/285 512/512/512
f 498/498/498 512/512/512 806/806/806
f 806/806/806 512/512/512 284/284/284
f 806/806/806 284/284/284 510/510/510
f 483/483/483 806/806/806 510/510/510
f 483/483/483 510/510/510 273/273/273
f 287/287/287 534/534/534 807/807/807
f 287/287/287 807/807/807 494/494/494
f 534/534/534 298/298/298 530/530/530
f 534/534/534 530/530/530 807/807/807
f 807/807/807 530/530/530 297/297/297
f 807/807/807 297/297/297 517/517/517
f 494/494/494 807/807/807 517/517/517
f 494/494/494 517/517/517 286/286/286
f 275/275/275 511/511/511 808/808/808
f 275/275/275 808/808/808 473/473/473
f 511/511/511 286/286/286 514/514/514
f 511/511/511 514/514/514 808/808/808
f 808/808/808 514/514/514 285/285/285
f 808/808/808 285/285/285 498/498/498
f 473/473/473 808/808/808 498/498/498
f 473/473/473 498/498/498 274/274/274
f 307/307/307 560/560/560 809/809/809
f 307/307/307 809/809/809 524/524/524
f 560/560/560 318/318/318 543/543/543
f 560/560/560 543/543/543 809/809/809
f 809/809/809 543/543/543 317/317/317
f 809/809/809 317/317/317 567/567/567
f 524/524/524 809/809/809 567/567/567
f 524/524/524 567/567/567 306/306/306
f 285/285/285 522/522/522 810/810/810
f 285/285/285 810/810/810 512/512/512
f 522/522/522 296/296/296 662/662/662
f 522/522/522 662/662/662 810/810/810
f 810/810/810 662/662/662 295/295/295
f 810/810/810 295/295/295 529/529/529
f 512/512/512 810/810/810 529/529/529
f 512/512/512 529/529/529 284/284/284
f 286/286/286 517/517/517 811/811/811
f 286/286/286 811/811/811 514/514/514
f 517/517/517 297/297/297 528/528/528
f 517/517/517 528/528/528 811/811/811
f 811/811/811 528/528/528 296/296/296
f 811/811/811 296/296/296 522/522/522
f 514/514/514 811/811/811 522/522/522
f 514/514/514 522/522/522 285/285/285
f 289/289/289 526/526/526 812/812/812
f 289/289/289 812/812/812 495/495/495
f 526/526/526 300/300/300 532/532/532
f 526/526/526 532/532/532 812/812/812
f 812/812/812 532/532/532 299/299/299
f 812/812/812 299/299/299 535/535/535
f 495/495/495 812/812/812 535/535/535
f 495/495/495 535/535/535 288/288/288
f 312/312/312 558/558/558 813/813/813
f 312/312/312 813/813/813 547/547/547
f 558/558/558 323/323/323 564/564/564
f 558/558/558 564/564/564 813/813/813
f 813/813/813 564/564/564 322/322/322
f 813/813/813 322/322/322 565/565/565
f 547/547/547 813/813/813 565/565/565
f 547/547/547 565/565/565 311/311/311
f 282/282/282 520/520/520 814/814/814
f 282/282/282 814/814/814 491/491/491
f 520/520/520 293/293/293 505/505/505
f 520/520/520 505/505/505 814/814/814
f 814/814/814 505/505/505 292/292/292
f 814/814/814 292/292/292 519/519/519
f 491/491/491 814/814/814 519/519/519
f 491/491/491 519/519/519 281/281/281
f 256/256/256 466/466/466 815/815/815
f 256/256/256 815/815/815 667/667/667
f 466/466/466 259/259/259 668/668/668
f 466/466/466 668/668/668 815/815/815
f 815/815/815 668/668/668 312/312/312
f 815/815/815 312/312/312 537/537/537
f 667/667/667 527/527/527 2422/2422/2422
f 667/667/667 2422/2422/2422 2421/2421/2421
f 290/290/290 527/527/527 816/816/816
f 290/290/290 816/816/816 507/507/507
f 816/816/816 516/516/516 300/300/300
f 816/816/816 300/300/300 526/526/526
f 507/507/507 816/816/816 526/526/526
f 507/507/507 526/526/526 289/289/289
f 294/294/294 538/538/538 817/817/817
f 294/294/294 817/817/817 503/503/503
f 538/538/538 305/305/305 533/533/533
f 538/538/538 533/533/533 817/817/817
f 817/817/817 533/533/533 304/304/304
f 817/817/817 304/304/304 549/549/549
f 503/503/503 817/817/817 549/549/549
f 503/503/503 549/549/549 293/293/293
f 283/283/283 521/521/521 818/818/818
f 283/283/283 818/818/818 482/482/482
f 521/521/521 294/294/294 503/503/503
f 521/521/521 503/503/503 818/818/818
f 818/818/818 503/503/503 293/293/293
f 818/818/818 293/293/293 520/520/520
f 482/482/482 818/818/818 520/520/520
f 482/482/482 520/520/520 282/282/282
f 284/284/284 529/529/529 819/819/819
f 284/284/284 819/819/819 661/661/661
f 529/529/529 295/295/295 502/502/502
f 529/529/529 502/502/502 819/819/819
f 819/819/819 502/502/502 294/294/294
f 819/819/819 294/294/294 521/521/521
f 661/661/661 819/819/819 521/521/521
f 661/661/661 521/521/521 283/283/283
f 322/322/322 574/574/574 820/820/820
f 322/322/322 820/820/820 557/557/557
f 820/820/820 855/855/855 589/589/589
f 820/820/820 589/589/589 573/573/573
f 582/582/582 587/587/587 861/861/861
f 582/582/582 861/861/861 837/837/837
f 557/557/557 820/820/820 573/573/573
f 557/557/557 573/573/573 321/321/321
f 298/298/298 540/540/540 821/821/821
f 298/298/298 821/821/821 530/530/530
f 540/540/540 309/309/309 553/553/553
f 540/540/540 553/553/553 821/821/821
f 821/821/821 553/553/553 308/308/308
f 821/821/821 308/308/308 551/551/551
f 530/530/530 821/821/821 551/551/551
f 530/530/530 551/551/551 297/297/297
f 306/306/306 567/567/567 822/822/822
f 306/306/306 822/822/822 525/525/525
f 567/567/567 317/317/317 544/544/544
f 567/567/567 544/544/544 822/822/822
f 822/822/822 544/544/544 316/316/316
f 822/822/822 316/316/316 559/559/559
f 525/525/525 822/822/822 559/559/559
f 525/525/525 559/559/559 305/305/305
f 299/299/299 541/541/541 823/823/823
f 299/299/299 823/823/823 515/515/515
f 541/541/541 310/310/310 555/555/555
f 541/541/541 555/555/555 823/823/823
f 823/823/823 555/555/555 309/309/309
f 823/823/823 309/309/309 540/540/540
f 515/515/515 823/823/823 540/540/540
f 515/515/515 540/540/540 298/298/298
f 292/292/292 554/554/554 824/824/824
f 292/292/292 824/824/824 501/501/501
f 554/554/554 303/303/303 531/531/531
f 554/554/554 531/531/531 824/824/824
f 824/824/824 531/531/531 302/302/302
f 824/824/824 302/302/302 552/552/552
f 501/501/501 824/824/824 552/552/552
f 501/501/501 552/552/552 291/291/291
f 300/300/300 548/548/548 825/825/825
f 300/300/300 825/825/825 532/532/532
f 548/548/548 311/311/311 536/536/536
f 548/548/548 536/536/536 825/825/825
f 825/825/825 536/536/536 310/310/310
f 825/825/825 310/310/310 541/541/541
f 532/532/532 825/825/825 541/541/541
f 532/532/532 541/541/541 299/299/299
f 293/293/293 549/549/549 826/826/826
f 293/293/293 826/826/826 505/505/505
f 549/549/549 304/304/304 523/523/523
f 549/549/549 523/523/523 826/826/826
f 826/826/826 523/523/523 303/303/303
f 826/826/826 303/303/303 554/554/554
f 505/505/505 826/826/826 554/554/554
f 505/505/505 554/554/554 292/292/292
f 305/305/305 559/559/559 827/827/827
f 305/305/305 827/827/827 533/533/533
f 559/559/559 316/316/316 546/546/546
f 559/559/559 546/546/546 827/827/827
f 827/827/827 546/546/546 315/315/315
f 827/827/827 315/315/315 566/566/566
f 533/533/533 827/827/827 566/566/566
f 533/533/533 566/566/566 304/304/304
f 296/296/296 539/539/539 828/828/828
f 296/296/296 828/828/828 662/662/662
f 539/539/539 307/307/307 524/524/524
f 539/539/539 524/524/524 828/828/828
f 828/828/828 524/524/524 306/306/306
f 828/828/828 306/306/306 550/550/550
f 662/662/662 828/828/828 550/550/550
f 662/662/662 550/550/550 295/295/295
f 259/259/259 463/463/463 829/829/829
f 259/259/259 829/829/829 668/668/668
f 463/463/463 261/261/261 669/669/669
f 463/463/463 669/669/669 829/829/829
f 829/829/829 669/669/669 323/323/323
f 829/829/829 323/323/323 558/558/558
f 668/668/668 829/829/829 558/558/558
f 668/668/668 558/558/558 312/312/312
f 297/297/297 551/551/551 830/830/830
f 297/297/297 830/830/830 528/528/528
f 551/551/551 308/308/308 663/663/663
f 551/551/551 663/663/663 830/830/830
f 830/830/830 663/663/663 307/307/307
f 830/830/830 307/307/307 539/539/539
f 528/528/528 830/830/830 539/539/539
f 528/528/528 539/539/539 296/296/296
f 303/303/303 563/563/563 831/831/831
f 303/303/303 831/831/831 531/531/531
f 563/563/563 314/314/314 545/545/545
f 563/563/563 545/545/545 831/831/831
f 831/831/831 545/545/545 313/313/313
f 831/831/831 313/313/313 562/562/562
f 531/531/531 831/831/831 562/562/562
f 531/531/531 562/562/562 302/302/302
f 314/314/314 577/577/577 832/832/832
f 314/314/314 832/832/832 545/545/545
f 832/832/832 853/853/853 587/587/587
f 832/832/832 587/587/587 582/582/582
f 576/576/576 592/592/592 845/845/845
f 576/576/576 845/845/845 850/850/850
f 545/545/545 832/832/832 582/582/582
f 545/545/545 582/582/582 313/313/313
f 311/311/311 565/565/565 833/833/833
f 311/311/311 833/833/833 536/536/536
f 565/565/565 322/322/322 557/557/557
f 565/565/565 557/557/557 833/833/833
f 833/833/833 557/557/557 321/321/321
f 833/833/833 321/321/321 570/570/570
f 536/536/536 833/833/833 570/570/570
f 536/536/536 570/570/570 310/310/310
f 304/304/304 566/566/566 834/834/834
f 304/304/304 834/834/834 523/523/523
f 566/566/566 315/315/315 542/542/542
f 566/566/566 542/542/542 834/834/834
f 834/834/834 542/542/542 314/314/314
f 834/834/834 314/314/314 563/563/563
f 523/523/523 834/834/834 563/563/563
f 523/523/523 563/563/563 303/303/303
f 844/844/844 835/835/835 590/590/590
f 844/844/844 590/590/590 574/574/574
f 835/835/835 870/870/870 604/604/604
f 835/835/835 604/604/604 590/590/590
f 592/592/592 608/608/608 869/869/869
f 592/592/592 869/869/869 845/845/845
f 580/580/580 585/585/585 849/849/849
f 580/580/580 849/849/849 851/851/851
f 320/320/320 581/581/581 836/836/836
f 320/320/320 836/836/836 556/556/556
f 836/836/836 859/859/859 593/593/593
f 836/836/836 593/593/593 572/572/572
f 574/574/574 590/590/590 855/855/855
f 574/574/574 855/855/855 820/820/820
f 556/556/556 836/836/836 572/572/572
f 556/556/556 572/572/572 319/319/319
f 313/313/313 582/582/582 837/837/837
f 313/313/313 837/837/837 714/714/714
f 837/837/837 861/861/861 403/403/403
f 837/837/837 403/403/403 710/710/710
f 1653/1653/1653 1215/1215/1215 941/941/941
f 1653/1653/1653 941/941/941 1195/1195/1195
f 714/714/714 837/837/837 710/710/710
f 714/714/714 710/710/710 262/262/262
f 309/309/309 561/561/561 838/838/838
f 309/309/309 838/838/838 553/553/553
f 561/561/561 320/320/320 556/556/556
f 561/561/561 556/556/556 838/838/838
f 838/838/838 556/556/556 319/319/319
f 838/838/838 319/319/319 568/568/568
f 553/553/553 838/838/838 568/568/568
f 553/553/553 568/568/568 308/308/308
f 321/321/321 573/573/573 839/839/839
f 321/321/321 839/839/839 571/571/571
f 839/839/839 863/863/863 586/586/586
f 839/839/839 586/586/586 581/581/581
f 575/575/575 583/583/583 835/835/835
f 575/575/575 835/835/835 844/844/844
f 571/571/571 839/839/839 581/581/581
f 571/571/571 581/581/581 320/320/320
f 310/310/310 570/570/570 840/840/840
f 310/310/310 840/840/840 555/555/555
f 570/570/570 321/321/321 571/571/571
f 570/570/570 571/571/571 840/840/840
f 840/840/840 571/571/571 320/320/320
f 840/840/840 320/320/320 561/561/561
f 555/555/555 840/840/840 561/561/561
f 555/555/555 561/561/561 309/309/309
f 338/338/338 628/628/628 841/841/841
f 338/338/338 841/841/841 652/652/652
f 628/628/628 346/346/346 617/617/617
f 628/628/628 617/617/617 841/841/841
f 841/841/841 617/617/617 352/352/352
f 841/841/841 352/352/352 601/601/601
f 652/652/652 841/841/841 601/601/601
f 652/652/652 601/601/601 354/354/354
f 846/846/846 842/842/842 591/591/591
f 846/846/846 591/591/591 578/578/578
f 842/842/842 891/891/891 605/605/605
f 842/842/842 605/605/605 591/591/591
f 591/591/591 605/605/605 872/872/872
f 591/591/591 872/872/872 856/856/856
f 578/578/578 591/591/591 856/856/856
f 578/578/578 856/856/856 843/843/843
f 315/315/315 578/578/578 843/843/843
f 315/315/315 843/843/843 542/542/542
f 843/843/843 856/856/856 588/588/588
f 843/843/843 588/588/588 577/577/577
f 572/572/572 593/593/593 847/847/847
f 572/572/572 847/847/847 852/852/852
f 542/542/542 843/843/843 577/577/577
f 542/542/542 577/577/577 314/314/314
f 323/323/323 575/575/575 844/844/844
f 323/323/323 844/844/844 564/564/564
f 564/564/564 844/844/844 574/574/574
f 564/564/564 574/574/574 322/322/322
f 850/850/850 845/845/845 584/584/584
f 850/850/850 584/584/584 579/579/579
f 845/845/845 869/869/869 607/607/607
f 845/845/845 607/607/607 584/584/584
f 593/593/593 599/599/599 868/868/868
f 593/593/593 868/868/868 847/847/847
f 579/579/579 584/584/584 842/842/842
f 579/579/579 842/842/842 846/846/846
f 316/316/316 579/579/579 846/846/846
f 316/316/316 846/846/846 546/546/546
f 546/546/546 846/846/846 578/578/578
f 546/546/546 578/578/578 315/315/315
f 852/852/852 847/847/847 585/585/585
f 852/852/852 585/585/585 580/580/580
f 847/847/847 868/868/868 609/609/609
f 847/847/847 609/609/609 585/585/585
f 573/573/573 589/589/589 863/863/863
f 573/573/573 863/863/863 839/839/839
f 669/669/669 848/848/848 575/575/575
f 669/669/669 575/575/575 323/323/323
f 851/851/851 849/849/849 592/592/592
f 851/851/851 592/592/592 576/576/576
f 849/849/849 892/892/892 608/608/608
f 849/849/849 608/608/608 592/592/592
f 586/586/586 596/596/596 871/871/871
f 586/586/586 871/871/871 859/859/859
f 581/581/581 586/586/586 859/859/859
f 581/581/581 859/859/859 836/836/836
f 317/317/317 576/576/576 850/850/850
f 317/317/317 850/850/850 544/544/544
f 544/544/544 850/850/850 579/579/579
f 544/544/544 579/579/579 316/316/316
f 318/318/318 580/580/580 851/851/851
f 318/318/318 851/851/851 543/543/543
f 543/543/543 851/851/851 576/576/576
f 543/543/543 576/576/576 317/317/317
f 319/319/319 572/572/572 852/852/852
f 319/319/319 852/852/852 569/569/569
f 569/569/569 852/852/852 580/580/580
f 569/569/569 580/580/580 318/318/318
f 587/587/587 853/853/853 888/888/888
f 888/888/888 632/632/632 324/324/324
f 888/888/888 324/324/324 587/587/587
f 585/585/585 609/609/609 892/892/892
f 585/585/585 892/892/892 849/849/849
f 713/713/713 267/267/267 678/678/678
f 713/713/713 678/678/678 854/854/854
f 854/854/854 678/678/678 338/338/338
f 854/854/854 338/338/338 652/652/652
f 855/855/855 890/890/890 595/595/595
f 855/855/855 595/595/595 589/589/589
f 589/589/589 595/595/595 898/898/898
f 589/589/589 898/898/898 863/863/863
f 856/856/856 872/872/872 664/664/664
f 856/856/856 664/664/664 588/588/588
f 588/588/588 664/664/664 888/888/888
f 588/588/588 888/888/888 853/853/853
f 337/337/337 625/625/625 857/857/857
f 337/337/337 857/857/857 641/641/641
f 625/625/625 328/328/328 611/611/611
f 625/625/625 611/611/611 857/857/857
f 857/857/857 611/611/611 327/327/327
f 857/857/857 327/327/327 635/635/635
f 641/641/641 857/857/857 635/635/635
f 641/641/641 635/635/635 336/336/336
f 344/344/344 639/639/639 858/858/858
f 344/344/344 858/858/858 653/653/653
f 639/639/639 342/342/342 654/654/654
f 639/639/639 654/654/654 858/858/858
f 858/858/858 654/654/654 349/349/349
f 858/858/858 349/349/349 602/602/602
f 653/653/653 858/858/858 602/602/602
f 653/653/653 602/602/602 350/350/350
f 859/859/859 871/871/871 599/599/599
f 859/859/859 599/599/599 593/593/593
f 590/590/590 604/604/604 890/890/890
f 590/590/590 890/890/890 855/855/855
f 356/356/356 624/624/624 860/860/860
f 356/356/356 860/860/860 650/650/650
f 624/624/624 339/339/339 655/655/655
f 624/624/624 655/655/655 860/860/860
f 860/860/860 655/655/655 337/337/337
f 860/860/860 337/337/337 644/644/644
f 650/650/650 860/860/860 644/644/644
f 650/650/650 644/644/644 355/355/355
f 587/587/587 324/324/324 670/670/670
f 587/587/587 670/670/670 861/861/861
f 861/861/861 670/670/670 251/251/251
f 861/861/861 251/251/251 403/403/403
f 352/352/352 617/617/617 862/862/862
f 352/352/352 862/862/862 648/648/648
f 617/617/617 346/346/346 638/638/638
f 617/617/617 638/638/638 862/862/862
f 862/862/862 638/638/638 344/344/344
f 862/862/862 344/344/344 653/653/653
f 648/648/648 862/862/862 653/653/653
f 648/648/648 653/653/653 350/350/350
f 863/863/863 898/898/898 596/596/596
f 863/863/863 596/596/596 586/586/586
f 583/583/583 606/606/606 870/870/870
f 583/583/583 870/870/870 835/835/835
f 355/355/355 644/644/644 864/864/864
f 355/355/355 864/864/864 646/646/646
f 644/644/644 337/337/337 641/641/641
f 644/644/644 641/641/641 864/864/864
f 864/864/864 641/641/641 336/336/336
f 864/864/864 336/336/336 666/666/666
f 646/646/646 864/864/864 666/666/666
f 646/646/646 666/666/666 353/353/353
f 348/348/348 634/634/634 865/865/865
f 348/348/348 865/865/865 645/645/645
f 634/634/634 341/341/341 640/640/640
f 634/634/634 640/640/640 865/865/865
f 865/865/865 640/640/640 340/340/340
f 865/865/865 340/340/340 651/651/651
f 645/645/645 865/865/865 651/651/651
f 645/645/645 651/651/651 357/357/357
f 269/269/269 513/513/513 866/866/866
f 269/269/269 866/866/866 673/673/673
f 513/513/513 280/280/280 674/674/674
f 513/513/513 674/674/674 866/866/866
f 866/866/866 674/674/674 253/253/253
f 866/866/866 253/253/253 469/469/469
f 673/673/673 866/866/866 469/469/469
f 673/673/673 469/469/469 252/252/252
f 345/345/345 603/603/603 867/867/867
f 345/345/345 867/867/867 643/643/643
f 603/603/603 359/359/359 658/658/658
f 603/603/603 658/658/658 867/867/867
f 867/867/867 658/658/658 360/360/360
f 867/867/867 360/360/360 647/647/647
f 643/643/643 867/867/867 647/647/647
f 643/643/643 647/647/647 351/351/351
f 2059/2059/2059 493/493/493 794/794/794
f 2059/2059/2059 794/794/794 2094/2094/2094
f 599/599/599 348/348/348 645/645/645
f 599/599/599 645/645/645 868/868/868
f 868/868/868 645/645/645 357/357/357
f 868/868/868 357/357/357 609/609/609
f 608/608/608 356/356/356 650/650/650
f 608/608/608 650/650/650 869/869/869
f 869/869/869 650/650/650 355/355/355
f 869/869/869 355/355/355 607/607/607
f 606/606/606 354/354/354 601/601/601
f 606/606/606 601/601/601 870/870/870
f 870/870/870 601/601/601 352/352/352
f 870/870/870 352/352/352 604/604/604
f 596/596/596 349/349/349 657/657/657
f 596/596/596 657/657/657 871/871/871
f 871/871/871 657/657/657 348/348/348
f 871/871/871 348/348/348 599/599/599
f 605/605/605 353/353/353 649/649/649
f 605/605/605 649/649/649 872/872/872
f 872/872/872 649/649/649 351/351/351
f 872/872/872 351/351/351 664/664/664
f 357/357/357 651/651/651 873/873/873
f 357/357/357 873/873/873 600/600/600
f 651/651/651 340/340/340 597/597/597
f 651/651/651 597/597/597 873/873/873
f 873/873/873 597/597/597 339/339/339
f 873/873/873 339/339/339 624/624/624
f 600/600/600 873/873/873 624/624/624
f 600/600/600 624/624/624 356/356/356
f 267/267/267 459/459/459 874/874/874
f 267/267/267 874/874/874 678/678/678
f 459/459/459 264/264/264 672/672/672
f 459/459/459 672/672/672 874/874/874
f 874/874/874 672/672/672 335/335/335
f 874/874/874 335/335/335 615/615/615
f 678/678/678 874/874/874 615/615/615
f 678/678/678 615/615/615 338/338/338
f 340/340/340 626/626/626 875/875/875
f 340/340/340 875/875/875 597/597/597
f 626/626/626 330/330/330 613/613/613
f 626/626/626 613/613/613 875/875/875
f 875/875/875 613/613/613 329/329/329
f 875/875/875 329/329/329 633/633/633
f 597/597/597 875/875/875 633/633/633
f 597/597/597 633/633/633 339/339/339
f 342/342/342 630/630/630 876/876/876
f 342/342/342 876/876/876 656/656/656
f 630/630/630 332/332/332 622/622/622
f 630/630/630 622/622/622 876/876/876
f 876/876/876 622/622/622 331/331/331
f 876/876/876 331/331/331 618/618/618
f 656/656/656 876/876/876 618/618/618
f 656/656/656 618/618/618 341/341/341
f 336/336/336 635/635/635 877/877/877
f 336/336/336 877/877/877 620/620/620
f 635/635/635 327/327/327 612/612/612
f 635/635/635 612/612/612 877/877/877
f 877/877/877 612/612/612 326/326/326
f 877/877/877 326/326/326 631/631/631
f 620/620/620 877/877/877 631/631/631
f 620/620/620 631/631/631 345/345/345
f 342/342/342 656/656/656 878/878/878
f 342/342/342 878/878/878 654/654/654
f 656/656/656 341/341/341 634/634/634
f 656/656/656 634/634/634 878/878/878
f 878/878/878 634/634/634 348/348/348
f 878/878/878 348/348/348 657/657/657
f 654/654/654 878/878/878 657/657/657
f 654/654/654 657/657/657 349/349/349
f 359/359/359 594/594/594 879/879/879
f 359/359/359 879/879/879 658/658/658
f 594/594/594 343/343/343 616/616/616
f 594/594/594 616/616/616 879/879/879
f 879/879/879 616/616/616 324/324/324
f 879/879/879 324/324/324 632/632/632
f 658/658/658 879/879/879 632/632/632
f 658/658/658 632/632/632 360/360/360
f 291/291/291 552/552/552 880/880/880
f 291/291/291 880/880/880 675/675/675
f 552/552/552 302/302/302 676/676/676
f 552/552/552 676/676/676 880/880/880
f 880/880/880 676/676/676 257/257/257
f 880/880/880 257/257/257 467/467/467
f 675/675/675 880/880/880 467/467/467
f 675/675/675 467/467/467 254/254/254
f 338/338/338 615/615/615 881/881/881
f 338/338/338 881/881/881 628/628/628
f 615/615/615 335/335/335 623/623/623
f 615/615/615 623/623/623 881/881/881
f 881/881/881 623/623/623 334/334/334
f 881/881/881 334/334/334 629/629/629
f 628/628/628 881/881/881 629/629/629
f 628/628/628 629/629/629 346/346/346
f 344/344/344 619/619/619 882/882/882
f 344/344/344 882/882/882 639/639/639
f 619/619/619 333/333/333 614/614/614
f 619/619/619 614/614/614 882/882/882
f 882/882/882 614/614/614 332/332/332
f 882/882/882 332/332/332 630/630/630
f 639/639/639 882/882/882 630/630/630
f 639/639/639 630/630/630 342/342/342
f 341/341/341 618/618/618 883/883/883
f 341/341/341 883/883/883 640/640/640
f 618/618/618 331/331/331 636/636/636
f 618/618/618 636/636/636 883/883/883
f 883/883/883 636/636/636 330/330/330
f 883/883/883 330/330/330 626/626/626
f 640/640/640 883/883/883 626/626/626
f 640/640/640 626/626/626 340/340/340
f 339/339/339 633/633/633 884/884/884
f 339/339/339 884/884/884 655/655/655
f 633/633/633 329/329/329 621/621/621
f 633/633/633 621/621/621 884/884/884
f 884/884/884 621/621/621 328/328/328
f 884/884/884 328/328/328 625/625/625
f 655/655/655 884/884/884 625/625/625
f 655/655/655 625/625/625 337/337/337
f 280/280/280 518/518/518 885/885/885
f 280/280/280 885/885/885 674/674/674
f 518/518/518 291/291/291 675/675/675
f 518/518/518 675/675/675 885/885/885
f 885/885/885 675/675/675 254/254/254
f 885/885/885 254/254/254 468/468/468
f 674/674/674 885/885/885 468/468/468
f 674/674/674 468/468/468 253/253/253
f 886/886/886 1154/1154/1154 1651/1651/1651
f 886/886/886 1651/1651/1651 1198/1198/1198
f 918/918/918 1181/1181/1181 1650/1650/1650
f 918/918/918 1650/1650/1650 1197/1197/1197
f 343/343/343 627/627/627 887/887/887
f 343/343/343 887/887/887 671/671/671
f 627/627/627 325/325/325 677/677/677
f 627/627/627 677/677/677 887/887/887
f 887/887/887 677/677/677 263/263/263
f 887/887/887 263/263/263 461/461/461
f 671/671/671 887/887/887 461/461/461
f 671/671/671 461/461/461 266/266/266
f 664/664/664 351/351/351 647/647/647
f 664/664/664 647/647/647 888/888/888
f 888/888/888 647/647/647 360/360/360
f 888/888/888 360/360/360 632/632/632
f 358/358/358 598/598/598 889/889/889
f 358/358/358 889/889/889 659/659/659
f 598/598/598 347/347/347 642/642/642
f 598/598/598 642/642/642 889/889/889
f 889/889/889 642/642/642 343/343/343
f 889/889/889 343/343/343 594/594/594
f 659/659/659 889/889/889 594/594/594
f 659/659/659 594/594/594 359/359/359
f 604/604/604 352/352/352 648/648/648
f 604/604/604 648/648/648 890/890/890
f 890/890/890 648/648/648 350/350/350
f 890/890/890 350/350/350 595/595/595
f 607/607/607 355/355/355 646/646/646
f 607/607/607 646/646/646 891/891/891
f 891/891/891 646/646/646 353/353/353
f 891/891/891 353/353/353 605/605/605
f 609/609/609 357/357/357 600/600/600
f 609/609/609 600/600/600 892/892/892
f 892/892/892 600/600/600 356/356/356
f 892/892/892 356/356/356 608/608/608
f 345/345/345 631/631/631 893/893/893
f 345/345/345 893/893/893 603/603/603
f 631/631/631 326/326/326 637/637/637
f 631/631/631 637/637/637 893/893/893
f 893/893/893 637/637/637 358/358/358
f 893/893/893 358/358/358 659/659/659
f 603/603/603 893/893/893 659/659/659
f 603/603/603 659/659/659 359/359/359
f 302/302/302 562/562/562 894/894/894
f 302/302/302 894/894/894 676/676/676
f 562/562/562 313/313/313 714/714/714
f 562/562/562 714/714/714 894/894/894
f 894/894/894 714/714/714 262/262/262
f 894/894/894 262/262/262 464/464/464
f 676/676/676 894/894/894 464/464/464
f 676/676/676 464/464/464 257/257/257
f 2124/2124/2124 2077/2077/2077 2039/2039/2039
f 2124/2124/2124 2039/2039/2039 2123/2123/2123
f 485/485/485 269/269/269 673/673/673
f 485/485/485 673/673/673 895/895/895
f 895/895/895 673/673/673 252/252/252
f 895/895/895 252/252/252 470/470/470
f 2649/2649/2649 2438/2438/2438 2164/2164/2164
f 2649/2649/2649 2164/2164/2164 2415/2415/2415
f 346/346/346 629/629/629 896/896/896
f 346/346/346 896/896/896 638/638/638
f 629/629/629 334/334/334 665/665/665
f 629/629/629 665/665/665 896/896/896
f 896/896/896 665/665/665 333/333/333
f 896/896/896 333/333/333 619/619/619
f 638/638/638 896/896/896 619/619/619
f 638/638/638 619/619/619 344/344/344
f 343/343/343 642/642/642 897/897/897
f 343/343/343 897/897/897 627/627/627
f 347/347/347 610/610/610 897/897/897
f 347/347/347 897/897/897 642/642/642
f 325/325/325 627/627/627 897/897/897
f 325/325/325 897/897/897 610/610/610
f 595/595/595 350/350/350 602/602/602
f 595/595/595 602/602/602 898/898/898
f 898/898/898 602/602/602 349/349/349
f 898/898/898 349/349/349 596/596/596
f 308/308/308 568/568/568 899/899/899
f 308/308/308 899/899/899 663/663/663
f 568/568/568 319/319/319 569/569/569
f 568/568/568 569/569/569 899/899/899
f 899/899/899 569/569/569 318/318/318
f 899/899/899 318/318/318 560/560/560
f 663/663/663 899/899/899 560/560/560
f 663/663/663 560/560/560 307/307/307
f 295/295/295 550/550/550 900/900/900
f 295/295/295 900/900/900 502/502/502
f 550/550/550 306/306/306 525/525/525
f 550/550/550 525/525/525 900/900/900
f 900/900/900 525/525/525 305/305/305
f 900/900/900 305/305/305 538/538/538
f 502/502/502 900/900/900 538/538/538
f 502/502/502 538/538/538 294/294/294
f 281/281/281 519/519/519 901/901/901
f 281/281/281 901/901/901 481/481/481
f 519/519/519 292/292/292 501/501/501
f 519/519/519 501/501/501 901/901/901
f 901/901/901 501/501/501 291/291/291
f 901/901/901 291/291/291 518/518/518
f 481/481/481 901/901/901 518/518/518
f 481/481/481 518/518/518 280/280/280
f 273/273/273 510/510/510 902/902/902
f 273/273/273 902/902/902 487/487/487
f 510/510/510 284/284/284 661/661/661
f 510/510/510 661/661/661 902/902/902
f 902/902/902 661/661/661 283/283/283
f 902/902/902 283/283/283 497/497/497
f 487/487/487 902/902/902 497/497/497
f 487/487/487 497/497/497 272/272/272
f 2042/2042/2042 2079/2079/2079 2126/2126/2126
f 2042/2042/2042 2126/2126/2126 2127/2127/2127
f 476/476/476 271/271/271 471/471/471
f 476/476/476 471/471/471 903/903/903
f 903/903/903 471/471/471 270/270/270
f 903/903/903 270/270/270 488/488/488
f 2043/2043/2043 476/476/476 903/903/903
f 2043/2043/2043 903/903/903 2078/2078/2078
f 279/279/279 496/496/496 904/904/904
f 279/279/279 904/904/904 475/475/475
f 496/496/496 290/290/290 507/507/507
f 496/496/496 507/507/507 904/904/904
f 904/904/904 507/507/507 289/289/289
f 904/904/904 289/289/289 508/508/508
f 475/475/475 904/904/904 508/508/508
f 475/475/475 508/508/508 278/278/278
f 1154/1154/1154 788/788/788 1203/1203/1203
f 1154/1154/1154 1203/1203/1203 1651/1651/1651
f 764/764/764 1579/1579/1579 1827/1827/1827
f 764/764/764 1827/1827/1827 1162/1162/1162
f 331/331/331 622/622/622 906/906/906
f 331/331/331 906/906/906 681/681/681
f 622/622/622 332/332/332 682/682/682
f 622/622/622 682/682/682 906/906/906
f 682/682/682 917/917/917 1911/1911/1911
f 682/682/682 1911/1911/1911 1864/1864/1864
f 327/327/327 611/611/611 907/907/907
f 327/327/327 907/907/907 683/683/683
f 611/611/611 328/328/328 684/684/684
f 611/611/611 684/684/684 907/907/907
f 1833/1833/1833 1314/1314/1314 977/977/977
f 1833/1833/1833 977/977/977 1299/1299/1299
f 334/334/334 623/623/623 909/909/909
f 334/334/334 909/909/909 689/689/689
f 623/623/623 335/335/335 690/690/690
f 623/623/623 690/690/690 909/909/909
f 326/326/326 612/612/612 910/910/910
f 326/326/326 910/910/910 691/691/691
f 612/612/612 327/327/327 683/683/683
f 612/612/612 683/683/683 910/910/910
f 683/683/683 907/907/907 1903/1903/1903
f 683/683/683 1903/1903/1903 1849/1849/1849
f 925/925/925 1182/1182/1182 1653/1653/1653
f 925/925/925 1653/1653/1653 1208/1208/1208
f 2444/2444/2444 2227/2227/2227 2455/2455/2455
f 2444/2444/2444 2455/2455/2455 2628/2628/2628
f 1182/1182/1182 924/924/924 1215/1215/1215
f 1182/1182/1182 1215/1215/1215 1653/1653/1653
f 1188/1188/1188 1654/1654/1654 1173/1173/1173
f 1188/1188/1188 1173/1173/1173 928/928/928
f 1321/1321/1321 1023/1023/1023 2554/2554/2554
f 1321/1321/1321 2554/2554/2554 2620/2620/2620
f 335/335/335 672/672/672 913/913/913
f 335/335/335 913/913/913 690/690/690
f 672/672/672 264/264/264 695/695/695
f 672/672/672 695/695/695 913/913/913
f 2411/2411/2411 2628/2628/2628 2443/2443/2443
f 2411/2411/2411 2443/2443/2443 2165/2165/2165
f 329/329/329 613/613/613 915/915/915
f 329/329/329 915/915/915 698/698/698
f 613/613/613 330/330/330 699/699/699
f 613/613/613 699/699/699 915/915/915
f 2336/2336/2336 2624/2624/2624 2374/2374/2374
f 2336/2336/2336 2374/2374/2374 2073/2073/2073
f 332/332/332 614/614/614 917/917/917
f 332/332/332 917/917/917 682/682/682
f 614/614/614 333/333/333 701/701/701
f 614/614/614 701/701/701 917/917/917
f 1881/1881/1881 1281/1281/1281 952/952/952
f 1881/1881/1881 952/952/952 1261/1261/1261
f 2381/2381/2381 2117/2117/2117 2370/2370/2370
f 2381/2381/2381 2370/2370/2370 2622/2622/2622
f 1248/1248/1248 1829/1829/1829 1295/1295/1295
f 1248/1248/1248 1295/1295/1295 974/974/974
f 1162/1162/1162 1827/1827/1827 1581/1581/1581
f 1162/1162/1162 1581/1581/1581 775/775/775
f 2392/2392/2392 2147/2147/2147 2387/2387/2387
f 2392/2392/2392 2387/2387/2387 2623/2623/2623
f 912/912/912 1177/1177/1177 1656/1656/1656
f 912/912/912 1656/1656/1656 1200/1200/1200
f 1191/1191/1191 940/940/940 1226/1226/1226
f 1191/1191/1191 1226/1226/1226 1669/1669/1669
f 2551/2551/2551 2626/2626/2626 2381/2381/2381
f 2551/2551/2551 2381/2381/2381 2106/2106/2106
f 330/330/330 636/636/636 921/921/921
f 330/330/330 921/921/921 699/699/699
f 636/636/636 331/331/331 681/681/681
f 636/636/636 681/681/681 921/921/921
f 681/681/681 906/906/906 1917/1917/1917
f 681/681/681 1917/1917/1917 1861/1861/1861
f 1200/1200/1200 1656/1656/1656 1313/1313/1313
f 1200/1200/1200 1313/1313/1313 934/934/934
f 922/922/922 1180/1180/1180 1657/1657/1657
f 922/922/922 1657/1657/1657 1212/1212/1212
f 2375/2375/2375 2110/2110/2110 2357/2357/2357
f 2375/2375/2375 2357/2357/2357 2624/2624/2624
f 358/358/358 637/637/637 923/923/923
f 358/358/358 923/923/923 704/704/704
f 637/637/637 326/326/326 691/691/691
f 637/637/637 691/691/691 923/923/923
f 691/691/691 910/910/910 1906/1906/1906
f 691/691/691 1906/1906/1906 1847/1847/1847
f 2394/2394/2394 2153/2153/2153 2407/2407/2407
f 2394/2394/2394 2407/2407/2407 2629/2629/2629
f 2565/2565/2565 1028/1028/1028 1571/1571/1571
f 2565/2565/2565 1571/1571/1571 2724/2724/2724
f 1569/1569/1569 938/938/938 1207/1207/1207
f 1569/1569/1569 1207/1207/1207 1655/1655/1655
f 2627/2627/2627 2356/2356/2356 2110/2110/2110
f 2627/2627/2627 2110/2110/2110 2375/2375/2375
f 1212/1212/1212 1657/1657/1657 1194/1194/1194
f 1212/1212/1212 1194/1194/1194 940/940/940
f 2626/2626/2626 2553/2553/2553 2117/2117/2117
f 2626/2626/2626 2117/2117/2117 2381/2381/2381
f 1655/1655/1655 1207/1207/1207 949/949/949
f 1655/1655/1655 949/949/949 1570/1570/1570
f 2060/2060/2060 2367/2367/2367 2679/2679/2679
f 2060/2060/2060 2679/2679/2679 2567/2567/2567
f 1323/1323/1323 1021/1021/1021 2552/2552/2552
f 1323/1323/1323 2552/2552/2552 2625/2625/2625
f 263/263/263 677/677/677 927/927/927
f 263/263/263 927/927/927 697/697/697
f 677/677/677 325/325/325 705/705/705
f 677/677/677 705/705/705 927/927/927
f 705/705/705 931/931/931 1900/1900/1900
f 705/705/705 1900/1900/1900 1845/1845/1845
f 1656/1656/1656 1188/1188/1188 928/928/928
f 1656/1656/1656 928/928/928 1313/1313/1313
f 1177/1177/1177 911/911/911 1188/1188/1188
f 1177/1177/1177 1188/1188/1188 1656/1656/1656
f 3188/3188/3188 2972/2972/2972 2974/2974/2974
f 3188/3188/3188 2974/2974/2974 3189/3189/3189
f 347/347/347 598/598/598 929/929/929
f 347/347/347 929/929/929 706/706/706
f 598/598/598 358/358/358 704/704/704
f 598/598/598 704/704/704 929/929/929
f 328/328/328 621/621/621 930/930/930
f 328/328/328 930/930/930 684/684/684
f 621/621/621 329/329/329 698/698/698
f 621/621/621 698/698/698 930/930/930
f 698/698/698 915/915/915 1908/1908/1908
f 698/698/698 1908/1908/1908 1855/1855/1855
f 325/325/325 610/610/610 931/931/931
f 325/325/325 931/931/931 705/705/705
f 610/610/610 347/347/347 706/706/706
f 610/610/610 706/706/706 931/931/931
f 706/706/706 929/929/929 1897/1897/1897
f 706/706/706 1897/1897/1897 1875/1875/1875
f 333/333/333 665/665/665 932/932/932
f 333/333/333 932/932/932 701/701/701
f 665/665/665 334/334/334 689/689/689
f 665/665/665 689/689/689 932/932/932
f 689/689/689 909/909/909 1920/1920/1920
f 689/689/689 1920/1920/1920 1870/1870/1870
f 2076/2076/2076 797/797/797 485/485/485
f 2076/2076/2076 485/485/485 2038/2038/2038
f 708/708/708 362/362/362 707/707/707
f 708/708/708 707/707/707 933/933/933
f 933/933/933 707/707/707 279/279/279
f 933/933/933 279/279/279 493/493/493
f 2657/2657/2657 2429/2429/2429 2170/2170/2170
f 2657/2657/2657 2170/2170/2170 2450/2450/2450
f 1829/1829/1829 1258/1258/1258 983/983/983
f 1829/1829/1829 983/983/983 1295/1295/1295
f 2662/2662/2662 2428/2428/2428 2171/2171/2171
f 2662/2662/2662 2171/2171/2171 2452/2452/2452
f 1225/1225/1225 1795/1795/1795 1672/1672/1672
f 1225/1225/1225 1672/1672/1672 1241/1241/1241
f 367/367/367 450/450/450 756/756/756
f 367/367/367 756/756/756 411/411/411
f 3123/3123/3123 3031/3031/3031 3032/3032/3032
f 3123/3123/3123 3032/3032/3032 3125/3125/3125
f 1658/1658/1658 1231/1231/1231 1236/1236/1236
f 1658/1658/1658 1236/1236/1236 1802/1802/1802
f 940/940/940 1194/1194/1194 1658/1658/1658
f 940/940/940 1658/1658/1658 1226/1226/1226
f 1227/1227/1227 1669/1669/1669 1811/1811/1811
f 1227/1227/1227 1811/1811/1811 1240/1240/1240
f 1967/1967/1967 1969/1969/1969 2810/2810/2810
f 1967/1967/1967 2810/2810/2810 2883/2883/2883
f 2846/2846/2846 2764/2764/2764 2807/2807/2807
f 2846/2846/2846 2807/2807/2807 2880/2880/2880
f 1185/1185/1185 936/936/936 1219/1219/1219
f 1185/1185/1185 1219/1219/1219 1659/1659/1659
f 1215/1215/1215 1660/1660/1660 1191/1191/1191
f 1215/1215/1215 1191/1191/1191 941/941/941
f 924/924/924 1172/1172/1172 1660/1660/1660
f 924/924/924 1660/1660/1660 1215/1215/1215
f 1660/1660/1660 1212/1212/1212 940/940/940
f 1660/1660/1660 940/940/940 1191/1191/1191
f 1194/1194/1194 939/939/939 1231/1231/1231
f 1194/1194/1194 1231/1231/1231 1658/1658/1658
f 2504/2504/2504 2268/2268/2268 2583/2583/2583
f 2504/2504/2504 2583/2583/2583 2732/2732/2732
f 2498/2498/2498 2274/2274/2274 2506/2506/2506
f 2498/2498/2498 2506/2506/2506 2695/2695/2695
f 937/937/937 1185/1185/1185 1659/1659/1659
f 937/937/937 1659/1659/1659 1214/1214/1214
f 3189/3189/3189 2974/2974/2974 2976/2976/2976
f 3189/3189/3189 2976/2976/2976 3190/3190/3190
f 2280/2280/2280 2501/2501/2501 2697/2697/2697
f 2280/2280/2280 2697/2697/2697 2523/2523/2523
f 1229/1229/1229 1798/1798/1798 1775/1775/1775
f 1229/1229/1229 1775/1775/1775 1234/1234/1234
f 1285/1285/1285 1881/1881/1881 1261/1261/1261
f 1285/1285/1285 1261/1261/1261 953/953/953
f 1951/1951/1951 2800/2800/2800 2768/2768/2768
f 1951/1951/1951 2768/2768/2768 1602/1602/1602
f 2903/2903/2903 2902/2902/2902 2923/2923/2923
f 2903/2903/2903 2923/2923/2923 2922/2922/2922
f 1241/1241/1241 1672/1672/1672 1830/1830/1830
f 1241/1241/1241 1830/1830/1830 1257/1257/1257
f 2893/2893/2893 2892/2892/2892 2913/2913/2913
f 2893/2893/2893 2913/2913/2913 2912/2912/2912
f 2720/2720/2720 2577/2577/2577 2841/2841/2841
f 2720/2720/2720 2841/2841/2841 2871/2871/2871
f 946/946/946 1205/1205/1205 1662/1662/1662
f 946/946/946 1662/1662/1662 1230/1230/1230
f 1662/1662/1662 1221/1221/1221 1242/1242/1242
f 1662/1662/1662 1242/1242/1242 1820/1820/1820
f 2581/2581/2581 2725/2725/2725 2882/2882/2882
f 2581/2581/2581 2882/2882/2882 2849/2849/2849
f 2330/2330/2330 2062/2062/2062 2325/2325/2325
f 2330/2330/2330 2325/2325/2325 2718/2718/2718
f 939/939/939 1611/1611/1611 1663/1663/1663
f 939/939/939 1663/1663/1663 1231/1231/1231
f 1673/1673/1673 1227/1227/1227 1240/1240/1240
f 1673/1673/1673 1240/1240/1240 1668/1668/1668
f 2577/2577/2577 2727/2727/2727 2867/2867/2867
f 2577/2577/2577 2867/2867/2867 2841/2841/2841
f 2696/2696/2696 2497/2497/2497 2271/2271/2271
f 2696/2696/2696 2271/2271/2271 2513/2513/2513
f 1663/1663/1663 710/710/710 403/403/403
f 1663/1663/1663 403/403/403 1822/1822/1822
f 1223/1223/1223 1645/1645/1645 1809/1809/1809
f 1223/1223/1223 1809/1809/1809 1239/1239/1239
f 2277/2277/2277 2498/2498/2498 2695/2695/2695
f 2277/2277/2277 2695/2695/2695 2511/2511/2511
f 2477/2477/2477 2282/2282/2282 2499/2499/2499
f 2477/2477/2477 2499/2499/2499 2693/2693/2693
f 2486/2486/2486 2323/2323/2323 2541/2541/2541
f 2486/2486/2486 2541/2541/2541 2680/2680/2680
f 1205/1205/1205 945/945/945 1221/1221/1221
f 1205/1205/1205 1221/1221/1221 1662/1662/1662
f 2480/2480/2480 2689/2689/2689 2516/2516/2516
f 2480/2480/2480 2516/2516/2516 2278/2278/2278
f 2502/2502/2502 2272/2272/2272 2497/2497/2497
f 2502/2502/2502 2497/2497/2497 2696/2696/2696
f 935/935/935 1202/1202/1202 1664/1664/1664
f 935/935/935 1664/1664/1664 1210/1210/1210
f 1611/1611/1611 262/262/262 710/710/710
f 1611/1611/1611 710/710/710 1663/1663/1663
f 2916/2916/2916 2917/2917/2917 2894/2894/2894
f 2916/2916/2916 2894/2894/2894 2895/2895/2895
f 2817/2817/2817 2739/2739/2739 2813/2813/2813
f 2817/2817/2817 2813/2813/2813 2885/2885/2885
f 1210/1210/1210 1664/1664/1664 1205/1205/1205
f 1210/1210/1210 1205/1205/1205 946/946/946
f 2679/2679/2679 2568/2568/2568 1018/1018/1018
f 2679/2679/2679 1018/1018/1018 1325/1325/1325
f 1664/1664/1664 1217/1217/1217 945/945/945
f 1664/1664/1664 945/945/945 1205/1205/1205
f 1665/1665/1665 1230/1230/1230 1235/1235/1235
f 1665/1665/1665 1235/1235/1235 1824/1824/1824
f 947/947/947 1220/1220/1220 1665/1665/1665
f 947/947/947 1665/1665/1665 1222/1222/1222
f 1224/1224/1224 1671/1671/1671 1661/1661/1661
f 1224/1224/1224 1661/1661/1661 1232/1232/1232
f 1202/1202/1202 934/934/934 1217/1217/1217
f 1202/1202/1202 1217/1217/1217 1664/1664/1664
f 1219/1219/1219 1666/1666/1666 1220/1220/1220
f 1219/1219/1219 1220/1220/1220 947/947/947
f 2438/2438/2438 2648/2648/2648 2457/2457/2457
f 2438/2438/2438 2457/2457/2457 2164/2164/2164
f 697/697/697 1838/1838/1838 2815/2815/2815
f 697/697/697 2815/2815/2815 1958/1958/1958
f 1666/1666/1666 1210/1210/1210 946/946/946
f 1666/1666/1666 946/946/946 1220/1220/1220
f 1669/1669/1669 1226/1226/1226 1237/1237/1237
f 1669/1669/1669 1237/1237/1237 1811/1811/1811
f 1278/1278/1278 1667/1667/1667 1267/1267/1267
f 1278/1278/1278 1267/1267/1267 972/972/972
f 1667/1667/1667 1250/1250/1250 978/978/978
f 1667/1667/1667 978/978/978 1267/1267/1267
f 1668/1668/1668 1240/1240/1240 1254/1254/1254
f 1668/1668/1668 1254/1254/1254 1894/1894/1894
f 1240/1240/1240 1811/1811/1811 1833/1833/1833
f 1240/1240/1240 1833/1833/1833 1254/1254/1254
f 1221/1221/1221 1801/1801/1801 1674/1674/1674
f 1221/1221/1221 1674/1674/1674 1242/1242/1242
f 2648/2648/2648 2440/2440/2440 2225/2225/2225
f 2648/2648/2648 2225/2225/2225 2457/2457/2457
f 1213/1213/1213 948/948/948 1223/1223/1223
f 1213/1213/1213 1223/1223/1223 1671/1671/1671
f 1242/1242/1242 1674/1674/1674 1829/1829/1829
f 1242/1242/1242 1829/1829/1829 1248/1248/1248
f 1795/1795/1795 1228/1228/1228 1233/1233/1233
f 1795/1795/1795 1233/1233/1233 1672/1672/1672
f 1228/1228/1228 1673/1673/1673 1668/1668/1668
f 1228/1228/1228 1668/1668/1668 1233/1233/1233
f 1672/1672/1672 1233/1233/1233 1256/1256/1256
f 1672/1672/1672 1256/1256/1256 1830/1830/1830
f 942/942/942 1195/1195/1195 1673/1673/1673
f 942/942/942 1673/1673/1673 1228/1228/1228
f 2171/2171/2171 2463/2463/2463 2651/2651/2651
f 2171/2171/2171 2651/2651/2651 2429/2429/2429
f 2501/2501/2501 2270/2270/2270 2519/2519/2519
f 2501/2501/2501 2519/2519/2519 2697/2697/2697
f 1195/1195/1195 941/941/941 1227/1227/1227
f 1195/1195/1195 1227/1227/1227 1673/1673/1673
f 2646/2646/2646 2558/2558/2558 987/987/987
f 2646/2646/2646 987/987/987 1591/1591/1591
f 1674/1674/1674 1234/1234/1234 1258/1258/1258
f 1674/1674/1674 1258/1258/1258 1829/1829/1829
f 2647/2647/2647 2410/2410/2410 2163/2163/2163
f 2647/2647/2647 2163/2163/2163 2435/2435/2435
f 1798/1798/1798 1225/1225/1225 1241/1241/1241
f 1798/1798/1798 1241/1241/1241 1775/1775/1775
f 1775/1775/1775 1241/1241/1241 1257/1257/1257
f 1775/1775/1775 1257/1257/1257 1936/1936/1936
f 1222/1222/1222 1665/1665/1665 1824/1824/1824
f 1222/1222/1222 1824/1824/1824 1238/1238/1238
f 1801/1801/1801 1229/1229/1229 1234/1234/1234
f 1801/1801/1801 1234/1234/1234 1674/1674/1674
f 1235/1235/1235 1820/1820/1820 1832/1832/1832
f 1235/1235/1235 1832/1832/1832 1245/1245/1245
f 2410/2410/2410 2645/2645/2645 2442/2442/2442
f 2410/2410/2410 2442/2442/2442 2163/2163/2163
f 1570/1570/1570 949/949/949 1224/1224/1224
f 1570/1570/1570 1224/1224/1224 1675/1675/1675
f 2154/2154/2154 2437/2437/2437 2649/2649/2649
f 2154/2154/2154 2649/2649/2649 2409/2409/2409
f 2450/2450/2450 2170/2170/2170 2430/2430/2430
f 2450/2450/2450 2430/2430/2430 2652/2652/2652
f 943/943/943 1193/1193/1193 1795/1795/1795
f 943/943/943 1795/1795/1795 1225/1225/1225
f 1193/1193/1193 942/942/942 1228/1228/1228
f 1193/1193/1193 1228/1228/1228 1795/1795/1795
f 945/945/945 1218/1218/1218 1801/1801/1801
f 945/945/945 1801/1801/1801 1221/1221/1221
f 1218/1218/1218 944/944/944 1229/1229/1229
f 1218/1218/1218 1229/1229/1229 1801/1801/1801
f 1230/1230/1230 1662/1662/1662 1820/1820/1820
f 1230/1230/1230 1820/1820/1820 1235/1235/1235
f 1891/1891/1891 1802/1802/1802 1236/1236/1236
f 1236/1236/1236 950/950/950 1282/1282/1282
f 1236/1236/1236 1282/1282/1282 1891/1891/1891
f 1804/1804/1804 1302/1302/1302 964/964/964
f 1804/1804/1804 964/964/964 1590/1590/1590
f 944/944/944 1192/1192/1192 1798/1798/1798
f 944/944/944 1798/1798/1798 1229/1229/1229
f 1234/1234/1234 1775/1775/1775 1936/1936/1936
f 1234/1234/1234 1936/1936/1936 1258/1258/1258
f 712/712/712 1804/1804/1804 1590/1590/1590
f 712/712/712 1590/1590/1590 268/268/268
f 2781/2781/2781 2782/2782/2782 2744/2744/2744
f 2781/2781/2781 2744/2744/2744 2823/2823/2823
f 1809/1809/1809 1238/1238/1238 1244/1244/1244
f 1809/1809/1809 1244/1244/1244 1893/1893/1893
f 1818/1818/1818 1285/1285/1285 953/953/953
f 1818/1818/1818 953/953/953 1260/1260/1260
f 2885/2885/2885 2813/2813/2813 1960/1960/1960
f 2885/2885/2885 1960/1960/1960 1963/1963/1963
f 1238/1238/1238 1824/1824/1824 1942/1942/1942
f 1238/1238/1238 1942/1942/1942 1244/1244/1244
f 1811/1811/1811 1237/1237/1237 1314/1314/1314
f 1811/1811/1811 1314/1314/1314 1833/1833/1833
f 1237/1237/1237 1802/1802/1802 1891/1891/1891
f 1237/1237/1237 1891/1891/1891 1314/1314/1314
f 1291/1291/1291 962/962/962 1285/1285/1285
f 1291/1291/1291 1285/1285/1285 1818/1818/1818
f 2914/2914/2914 2915/2915/2915 2892/2892/2892
f 2914/2914/2914 2892/2892/2892 2893/2893/2893
f 963/963/963 1291/1291/1291 1818/1818/1818
f 963/963/963 1818/1818/1818 1275/1275/1275
f 970/970/970 1303/1303/1303 1819/1819/1819
f 970/970/970 1819/1819/1819 1289/1289/1289
f 2957/2957/2957 2933/2933/2933 2934/2934/2934
f 2957/2957/2957 2934/2934/2934 2959/2959/2959
f 2907/2907/2907 2906/2906/2906 2927/2927/2927
f 2907/2907/2907 2927/2927/2927 2926/2926/2926
f 2698/2698/2698 2504/2504/2504 2267/2267/2267
f 2698/2698/2698 2267/2267/2267 2508/2508/2508
f 1275/1275/1275 1818/1818/1818 1260/1260/1260
f 1275/1275/1275 1260/1260/1260 954/954/954
f 2912/2912/2912 2913/2913/2913 2890/2890/2890
f 2912/2912/2912 2890/2890/2890 2891/2891/2891
f 1819/1819/1819 1251/1251/1251 975/975/975
f 1819/1819/1819 975/975/975 1304/1304/1304
f 1303/1303/1303 976/976/976 1251/1251/1251
f 1303/1303/1303 1251/1251/1251 1819/1819/1819
f 2539/2539/2539 2690/2690/2690 2501/2501/2501
f 2539/2539/2539 2501/2501/2501 2280/2280/2280
f 982/982/982 1300/1300/1300 1821/1821/1821
f 982/982/982 1821/1821/1821 1274/1274/1274
f 2905/2905/2905 2904/2904/2904 2925/2925/2925
f 2905/2905/2905 2925/2925/2925 2924/2924/2924
f 1274/1274/1274 1821/1821/1821 1305/1305/1305
f 1274/1274/1274 1305/1305/1305 965/965/965
f 1289/1289/1289 1819/1819/1819 1304/1304/1304
f 1289/1289/1289 1304/1304/1304 968/968/968
f 2995/2995/2995 2952/2952/2952 2954/2954/2954
f 2995/2995/2995 2954/2954/2954 2999/2999/2999
f 2775/2775/2775 2776/2776/2776 2770/2770/2770
f 2775/2775/2775 2770/2770/2770 2853/2853/2853
f 1820/1820/1820 1242/1242/1242 1248/1248/1248
f 1820/1820/1820 1248/1248/1248 1832/1832/1832
f 1236/1236/1236 1822/1822/1822 1575/1575/1575
f 1236/1236/1236 1575/1575/1575 950/950/950
f 2883/2883/2883 2810/2810/2810 2769/2769/2769
f 2883/2883/2883 2769/2769/2769 2850/2850/2850
f 2999/2999/2999 2954/2954/2954 2121/2121/2121
f 2999/2999/2999 2121/2121/2121 2173/2173/2173
f 2225/2225/2225 2465/2465/2465 2672/2672/2672
f 2225/2225/2225 2672/2672/2672 2453/2453/2453
f 1822/1822/1822 403/403/403 251/251/251
f 1822/1822/1822 251/251/251 1575/1575/1575
f 2991/2991/2991 2950/2950/2950 2951/2951/2951
f 2991/2991/2991 2951/2951/2951 2993/2993/2993
f 2926/2926/2926 2927/2927/2927 2904/2904/2904
f 2926/2926/2926 2904/2904/2904 2905/2905/2905
f 1821/1821/1821 1294/1294/1294 963/963/963
f 1821/1821/1821 963/963/963 1305/1305/1305
f 1239/1239/1239 1809/1809/1809 1893/1893/1893
f 1239/1239/1239 1893/1893/1893 1253/1253/1253
f 3180/3180/3180 2956/2956/2956 2958/2958/2958
f 3180/3180/3180 2958/2958/2958 3181/3181/3181
f 1606/1606/1606 2762/2762/2762 2809/2809/2809
f 1606/1606/1606 2809/2809/2809 2001/2001/2001
f 978/978/978 1298/1298/1298 1823/1823/1823
f 978/978/978 1823/1823/1823 1267/1267/1267
f 1300/1300/1300 981/981/981 1294/1294/1294
f 1300/1300/1300 1294/1294/1294 1821/1821/1821
f 2880/2880/2880 2807/2807/2807 2763/2763/2763
f 2880/2880/2880 2763/2763/2763 2844/2844/2844
f 2967/2967/2967 2938/2938/2938 2939/2939/2939
f 2967/2967/2967 2939/2939/2939 2969/2969/2969
f 1823/1823/1823 1303/1303/1303 970/970/970
f 1823/1823/1823 970/970/970 1288/1288/1288
f 2670/2670/2670 2494/2494/2494 2266/2266/2266
f 2670/2670/2670 2266/2266/2266 2518/2518/2518
f 2866/2866/2866 2787/2787/2787 2750/2750/2750
f 2866/2866/2866 2750/2750/2750 2749/2749/2749
f 1298/1298/1298 976/976/976 1303/1303/1303
f 1298/1298/1298 1303/1303/1303 1823/1823/1823
f 1824/1824/1824 1235/1235/1235 1245/1245/1245
f 1824/1824/1824 1245/1245/1245 1942/1942/1942
f 1267/1267/1267 1823/1823/1823 1288/1288/1288
f 1267/1267/1267 1288/1288/1288 972/972/972
f 981/981/981 1296/1296/1296 1825/1825/1825
f 981/981/981 1825/1825/1825 1294/1294/1294
f 2673/2673/2673 2538/2538/2538 2276/2276/2276
f 2673/2673/2673 2276/2276/2276 2527/2527/2527
f 1294/1294/1294 1825/1825/1825 1291/1291/1291
f 1294/1294/1294 1291/1291/1291 963/963/963
f 2481/2481/2481 2322/2322/2322 2586/2586/2586
f 2481/2481/2481 2586/2586/2586 2731/2731/2731
f 1825/1825/1825 1564/1564/1564 962/962/962
f 1825/1825/1825 962/962/962 1291/1291/1291
f 1284/1284/1284 1826/1826/1826 1290/1290/1290
f 1284/1284/1284 1290/1290/1290 967/967/967
f 1232/1232/1232 1661/1661/1661 1831/1831/1831
f 1232/1232/1232 1831/1831/1831 1255/1255/1255
f 1296/1296/1296 979/979/979 1564/1564/1564
f 1296/1296/1296 1564/1564/1564 1825/1825/1825
f 3127/3127/3127 3033/3033/3033 3034/3034/3034
f 3127/3127/3127 3034/3034/3034 3129/3129/3129
f 1295/1295/1295 983/983/983 1301/1301/1301
f 1295/1295/1295 1301/1301/1301 1826/1826/1826
f 974/974/974 1295/1295/1295 1826/1826/1826
f 974/974/974 1826/1826/1826 1284/1284/1284
f 1826/1826/1826 1301/1301/1301 966/966/966
f 1826/1826/1826 966/966/966 1290/1290/1290
f 1252/1252/1252 1828/1828/1828 1308/1308/1308
f 1252/1252/1252 1308/1308/1308 985/985/985
f 1828/1828/1828 1297/1297/1297 986/986/986
f 1828/1828/1828 986/986/986 1308/1308/1308
f 2430/2430/2430 2669/2669/2669 2467/2467/2467
f 2430/2430/2430 2467/2467/2467 2169/2169/2169
f 1827/1827/1827 469/469/469 253/253/253
f 1827/1827/1827 253/253/253 1581/1581/1581
f 2524/2524/2524 2670/2670/2670 2518/2518/2518
f 2524/2524/2524 2518/2518/2518 2275/2275/2275
f 1257/1257/1257 1830/1830/1830 1300/1300/1300
f 1257/1257/1257 1300/1300/1300 982/982/982
f 971/971/971 1293/1293/1293 1828/1828/1828
f 971/971/971 1828/1828/1828 1252/1252/1252
f 1293/1293/1293 977/977/977 1297/1297/1297
f 1293/1293/1293 1297/1297/1297 1828/1828/1828
f 1579/1579/1579 252/252/252 469/469/469
f 1579/1579/1579 469/469/469 1827/1827/1827
f 1830/1830/1830 1256/1256/1256 981/981/981
f 1830/1830/1830 981/981/981 1300/1300/1300
f 2667/2667/2667 2573/2573/2573 2277/2277/2277
f 2667/2667/2667 2277/2277/2277 2535/2535/2535
f 2316/2316/2316 2500/2500/2500 2675/2675/2675
f 2316/2316/2316 2675/2675/2675 2531/2531/2531
f 1245/1245/1245 1832/1832/1832 1307/1307/1307
f 1245/1245/1245 1307/1307/1307 975/975/975
f 983/983/983 1249/1249/1249 1834/1834/1834
f 983/983/983 1834/1834/1834 1301/1301/1301
f 2279/2279/2279 2509/2509/2509 2689/2689/2689
f 2279/2279/2279 2689/2689/2689 2480/2480/2480
f 1301/1301/1301 1834/1834/1834 1246/1246/1246
f 1301/1301/1301 1246/1246/1246 966/966/966
f 1834/1834/1834 1274/1274/1274 965/965/965
f 1834/1834/1834 965/965/965 1246/1246/1246
f 1835/1835/1835 1265/1265/1265 961/961/961
f 1835/1835/1835 961/961/961 1578/1578/1578
f 1832/1832/1832 1248/1248/1248 974/974/974
f 1832/1832/1832 974/974/974 1307/1307/1307
f 1590/1590/1590 964/964/964 1265/1265/1265
f 1590/1590/1590 1265/1265/1265 1835/1835/1835
f 1249/1249/1249 982/982/982 1274/1274/1274
f 1249/1249/1249 1274/1274/1274 1834/1834/1834
f 2889/2889/2889 2888/2888/2888 2909/2909/2909
f 2889/2889/2889 2909/2909/2909 2908/2908/2908
f 460/460/460 1835/1835/1835 1578/1578/1578
f 460/460/460 1578/1578/1578 265/265/265
f 2930/2930/2930 2931/2931/2931 2032/2032/2032
f 2930/2930/2930 2032/2032/2032 2033/2033/2033
f 268/268/268 1590/1590/1590 1835/1835/1835
f 268/268/268 1835/1835/1835 460/460/460
f 2763/2763/2763 2761/2761/2761 2790/2790/2790
f 2763/2763/2763 2790/2790/2790 2789/2789/2789
f 966/966/966 1246/1246/1246 1879/1879/1879
f 966/966/966 1879/1879/1879 1276/1276/1276
f 2733/2733/2733 2588/2588/2588 2851/2851/2851
f 2733/2733/2733 2851/2851/2851 2858/2858/2858
f 1276/1276/1276 1879/1879/1879 1262/1262/1262
f 1276/1276/1276 1262/1262/1262 956/956/956
f 2899/2899/2899 2898/2898/2898 2919/2919/2919
f 2899/2899/2899 2919/2919/2919 2918/2918/2918
f 1879/1879/1879 1283/1283/1283 955/955/955
f 1879/1879/1879 955/955/955 1262/1262/1262
f 2969/2969/2969 2939/2939/2939 2940/2940/2940
f 2969/2969/2969 2940/2940/2940 2971/2971/2971
f 1246/1246/1246 965/965/965 1283/1283/1283
f 1246/1246/1246 1283/1283/1283 1879/1879/1879
f 3182/3182/3182 2960/2960/2960 2962/2962/2962
f 3182/3182/3182 2962/2962/2962 3183/3183/3183
f 2723/2723/2723 2578/2578/2578 2821/2821/2821
f 2723/2723/2723 2821/2821/2821 2862/2862/2862
f 2034/2034/2034 2037/2037/2037 2929/2929/2929
f 2034/2034/2034 2929/2929/2929 2928/2928/2928
f 968/968/968 1306/1306/1306 1880/1880/1880
f 968/968/968 1880/1880/1880 1280/1280/1280
f 1280/1280/1280 1880/1880/1880 1272/1272/1272
f 1280/1280/1280 1272/1272/1272 958/958/958
f 1880/1880/1880 1268/1268/1268 957/957/957
f 1880/1880/1880 957/957/957 1272/1272/1272
f 1306/1306/1306 967/967/967 1268/1268/1268
f 1306/1306/1306 1268/1268/1268 1880/1880/1880
f 962/962/962 1270/1270/1270 1881/1881/1881
f 962/962/962 1881/1881/1881 1285/1285/1285
f 2146/2146/2146 3015/3015/3015 3016/3016/3016
f 1270/1270/1270 971/971/971 1281/1281/1281
f 1270/1270/1270 1281/1281/1281 1881/1881/1881
f 2146/2146/2146 3005/3005/3005 3006/3006/3006
f 2691/2691/2691 2495/2495/2495 2265/2265/2265
f 2691/2691/2691 2265/2265/2265 2514/2514/2514
f 2997/2997/2997 2953/2953/2953 2932/2932/2932
f 2997/2997/2997 2932/2932/2932 2955/2955/2955
f 968/968/968 1304/1304/1304 1882/1882/1882
f 968/968/968 1882/1882/1882 1306/1306/1306
f 2989/2989/2989 2949/2949/2949 2950/2950/2950
f 2989/2989/2989 2950/2950/2950 2991/2991/2991
f 2920/2920/2920 2921/2921/2921 2898/2898/2898
f 2920/2920/2920 2898/2898/2898 2899/2899/2899
f 2148/2148/2148 2100/2100/2100 2953/2953/2953
f 2148/2148/2148 2953/2953/2953 2997/2997/2997
f 1304/1304/1304 975/975/975 1307/1307/1307
f 1304/1304/1304 1307/1307/1307 1882/1882/1882
f 985/985/985 1308/1308/1308 1883/1883/1883
f 985/985/985 1883/1883/1883 1243/1243/1243
f 1306/1306/1306 1882/1882/1882 1284/1284/1284
f 1306/1306/1306 1284/1284/1284 967/967/967
f 2993/2993/2993 2951/2951/2951 2952/2952/2952
f 2993/2993/2993 2952/2952/2952 2995/2995/2995
f 1243/1243/1243 1883/1883/1883 1266/1266/1266
f 1243/1243/1243 1266/1266/1266 969/969/969
f 2922/2922/2922 2923/2923/2923 2900/2900/2900
f 2922/2922/2922 2900/2900/2900 2901/2901/2901
f 1882/1882/1882 1307/1307/1307 974/974/974
f 1882/1882/1882 974/974/974 1284/1284/1284
f 2977/2977/2977 2943/2943/2943 2944/2944/2944
f 2977/2977/2977 2944/2944/2944 2979/2979/2979
f 2689/2689/2689 2496/2496/2496 2268/2268/2268
f 2689/2689/2689 2268/2268/2268 2516/2516/2516
f 2971/2971/2971 2940/2940/2940 2941/2941/2941
f 2971/2971/2971 2941/2941/2941 2973/2973/2973
f 1883/1883/1883 1282/1282/1282 950/950/950
f 1883/1883/1883 950/950/950 1266/1266/1266
f 2146/2146/2146 3001/3001/3001 3002/3002/3002
f 1308/1308/1308 986/986/986 1282/1282/1282
f 1308/1308/1308 1282/1282/1282 1883/1883/1883
f 3192/3192/3192 2980/2980/2980 2982/2982/2982
f 3192/3192/3192 2982/2982/2982 3193/3193/3193
f 1201/1201/1201 1884/1884/1884 1583/1583/1583
f 1201/1201/1201 1583/1583/1583 920/920/920
f 1582/1582/1582 254/254/254 467/467/467
f 1582/1582/1582 467/467/467 1884/1884/1884
f 787/787/787 1582/1582/1582 1884/1884/1884
f 787/787/787 1884/1884/1884 1201/1201/1201
f 1884/1884/1884 467/467/467 257/257/257
f 1884/1884/1884 257/257/257 1583/1583/1583
f 964/964/964 1278/1278/1278 1885/1885/1885
f 964/964/964 1885/1885/1885 1265/1265/1265
f 1278/1278/1278 972/972/972 1279/1279/1279
f 1278/1278/1278 1279/1279/1279 1885/1885/1885
f 970/970/970 1289/1289/1289 1886/1886/1886
f 970/970/970 1886/1886/1886 1269/1269/1269
f 1265/1265/1265 1885/1885/1885 1273/1273/1273
f 1265/1265/1265 1273/1273/1273 961/961/961
f 2537/2537/2537 2692/2692/2692 2540/2540/2540
f 2537/2537/2537 2540/2540/2540 2313/2313/2313
f 1885/1885/1885 1279/1279/1279 960/960/960
f 1885/1885/1885 960/960/960 1273/1273/1273
f 2690/2690/2690 2505/2505/2505 2270/2270/2270
f 2690/2690/2690 2270/2270/2270 2501/2501/2501
f 2281/2281/2281 2513/2513/2513 2690/2690/2690
f 2281/2281/2281 2690/2690/2690 2539/2539/2539
f 2792/2792/2792 2793/2793/2793 2746/2746/2746
f 2792/2792/2792 2746/2746/2746 2748/2748/2748
f 2730/2730/2730 2587/2587/2587 2816/2816/2816
f 2730/2730/2730 2816/2816/2816 2884/2884/2884
f 1269/1269/1269 1886/1886/1886 1263/1263/1263
f 1269/1269/1269 1263/1263/1263 959/959/959
f 1289/1289/1289 968/968/968 1280/1280/1280
f 1289/1289/1289 1280/1280/1280 1886/1886/1886
f 1886/1886/1886 1280/1280/1280 958/958/958
f 1886/1886/1886 958/958/958 1263/1263/1263
f 1268/1268/1268 1887/1887/1887 1286/1286/1286
f 1268/1268/1268 1286/1286/1286 957/957/957
f 2518/2518/2518 2266/2266/2266 2495/2495/2495
f 2518/2518/2518 2495/2495/2495 2691/2691/2691
f 1316/1316/1316 1028/1028/1028 2565/2565/2565
f 1316/1316/1316 2565/2565/2565 2687/2687/2687
f 967/967/967 1290/1290/1290 1887/1887/1887
f 967/967/967 1887/1887/1887 1268/1268/1268
f 2406/2406/2406 2118/2118/2118 2570/2570/2570
f 2406/2406/2406 2570/2570/2570 2694/2694/2694
f 1887/1887/1887 1276/1276/1276 956/956/956
f 1887/1887/1887 956/956/956 1286/1286/1286
f 2490/2490/2490 2319/2319/2319 2529/2529/2529
f 2490/2490/2490 2529/2529/2529 2704/2704/2704
f 1290/1290/1290 966/966/966 1276/1276/1276
f 1290/1290/1290 1276/1276/1276 1887/1887/1887
f 1305/1305/1305 963/963/963 1275/1275/1275
f 1305/1305/1305 1275/1275/1275 1888/1888/1888
f 965/965/965 1305/1305/1305 1888/1888/1888
f 965/965/965 1888/1888/1888 1283/1283/1283
f 775/775/775 1581/1581/1581 1889/1889/1889
f 775/775/775 1889/1889/1889 1167/1167/1167
f 2705/2705/2705 2483/2483/2483 2320/2320/2320
f 2705/2705/2705 2320/2320/2320 2491/2491/2491
f 2461/2461/2461 2703/2703/2703 2478/2478/2478
f 2461/2461/2461 2478/2478/2478 2237/2237/2237
f 1167/1167/1167 1889/1889/1889 1582/1582/1582
f 1167/1167/1167 1582/1582/1582 787/787/787
f 1581/1581/1581 253/253/253 468/468/468
f 1581/1581/1581 468/468/468 1889/1889/1889
f 1888/1888/1888 1275/1275/1275 954/954/954
f 1888/1888/1888 954/954/954 1271/1271/1271
f 2146/2146/2146 3007/3007/3007 3008/3008/3008
f 969/969/969 1577/1577/1577 1890/1890/1890
f 969/969/969 1890/1890/1890 1277/1277/1277
f 1277/1277/1277 1890/1890/1890 1587/1587/1587
f 1277/1277/1277 1587/1587/1587 951/951/951
f 1889/1889/1889 468/468/468 254/254/254
f 1889/1889/1889 254/254/254 1582/1582/1582
f 1577/1577/1577 266/266/266 461/461/461
f 1577/1577/1577 461/461/461 1890/1890/1890
f 1890/1890/1890 461/461/461 263/263/263
f 1890/1890/1890 263/263/263 1587/1587/1587
f 1891/1891/1891 1282/1282/1282 986/986/986
f 1891/1891/1891 986/986/986 1297/1297/1297
f 2146/2146/2146 3003/3003/3003 3004/3004/3004
f 2146/2146/2146 3017/3017/3017 3018/3018/3018
f 984/984/984 1309/1309/1309 1892/1892/1892
f 984/984/984 1892/1892/1892 1247/1247/1247
f 2708/2708/2708 2575/2575/2575 2318/2318/2318
f 2708/2708/2708 2318/2318/2318 2489/2489/2489
f 1247/1247/1247 1892/1892/1892 1292/1292/1292
f 1247/1247/1247 1292/1292/1292 973/973/973
f 1314/1314/1314 1891/1891/1891 1297/1297/1297
f 1314/1314/1314 1297/1297/1297 977/977/977
f 1892/1892/1892 1243/1243/1243 969/969/969
f 1892/1892/1892 969/969/969 1292/1292/1292
f 2146/2146/2146 3013/3013/3013 3014/3014/3014
f 1253/1253/1253 1893/1893/1893 1298/1298/1298
f 1253/1253/1253 1298/1298/1298 978/978/978
f 2447/2447/2447 2704/2704/2704 2488/2488/2488
f 2447/2447/2447 2488/2488/2488 2231/2231/2231
f 2238/2238/2238 2487/2487/2487 2703/2703/2703
f 2238/2238/2238 2703/2703/2703 2461/2461/2461
f 3115/3115/3115 3027/3027/3027 3028/3028/3028
f 3115/3115/3115 3028/3028/3028 3117/3117/3117
f 1893/1893/1893 1244/1244/1244 976/976/976
f 1893/1893/1893 976/976/976 1298/1298/1298
f 1256/1256/1256 1894/1894/1894 1296/1296/1296
f 1256/1256/1256 1296/1296/1296 981/981/981
f 1309/1309/1309 985/985/985 1243/1243/1243
f 1309/1309/1309 1243/1243/1243 1892/1892/1892
f 3200/3200/3200 2996/2996/2996 3000/3000/3000
f 3200/3200/3200 3000/3000/3000 3202/3202/3202
f 1894/1894/1894 1254/1254/1254 979/979/979
f 1894/1894/1894 979/979/979 1296/1296/1296
f 1258/1258/1258 1936/1936/1936 1249/1249/1249
f 1258/1258/1258 1249/1249/1249 983/983/983
f 1623/1623/1623 994/994/994 766/766/766
f 1623/1623/1623 766/766/766 1310/1310/1310
f 1936/1936/1936 1257/1257/1257 982/982/982
f 1936/1936/1936 982/982/982 1249/1249/1249
f 2234/2234/2234 2492/2492/2492 2705/2705/2705
f 2234/2234/2234 2705/2705/2705 2459/2459/2459
f 971/971/971 1252/1252/1252 1937/1937/1937
f 971/971/971 1937/1937/1937 1281/1281/1281
f 2146/2146/2146 3021/3021/3021 3023/3023/3023
f 2928/2928/2928 2929/2929/2929 2906/2906/2906
f 2928/2928/2928 2906/2906/2906 2907/2907/2907
f 3155/3155/3155 2149/2149/2149 2998/2998/2998
f 3155/3155/3155 2998/2998/2998 3201/3201/3201
f 2542/2542/2542 2702/2702/2702 2477/2477/2477
f 2542/2542/2542 2477/2477/2477 2323/2323/2323
f 2146/2146/2146 3019/3019/3019 3020/3020/3020
f 3194/3194/3194 2984/2984/2984 2986/2986/2986
f 3194/3194/3194 2986/2986/2986 3195/3195/3195
f 1281/1281/1281 1937/1937/1937 1287/1287/1287
f 1281/1281/1281 1287/1287/1287 952/952/952
f 1937/1937/1937 1309/1309/1309 984/984/984
f 1937/1937/1937 984/984/984 1287/1287/1287
f 3181/3181/3181 2958/2958/2958 2960/2960/2960
f 3181/3181/3181 2960/2960/2960 3182/3182/3182
f 3117/3117/3117 3028/3028/3028 3024/3024/3024
f 3117/3117/3117 3024/3024/3024 3109/3109/3109
f 2709/2709/2709 2591/2591/2591 1025/1025/1025
f 2709/2709/2709 1025/1025/1025 1320/1320/1320
f 2583/2583/2583 2726/2726/2726 2864/2864/2864
f 2583/2583/2583 2864/2864/2864 2826/2826/2826
f 3190/3190/3190 2976/2976/2976 2978/2978/2978
f 3190/3190/3190 2978/2978/2978 3191/3191/3191
f 2933/2933/2933 2932/2932/2932 2887/2887/2887
f 2933/2933/2933 2887/2887/2887 2909/2909/2909
f 1252/1252/1252 985/985/985 1309/1309/1309
f 1252/1252/1252 1309/1309/1309 1937/1937/1937
f 1004/1004/1004 1939/1939/1939 1579/1579/1579
f 1004/1004/1004 1579/1579/1579 764/764/764
f 1583/1583/1583 257/257/257 464/464/464
f 1583/1583/1583 464/464/464 1938/1938/1938
f 972/972/972 1288/1288/1288 1940/1940/1940
f 972/972/972 1940/1940/1940 1279/1279/1279
f 1831/1831/1831 1253/1253/1253 978/978/978
f 1831/1831/1831 978/978/978 1250/1250/1250
f 1279/1279/1279 1940/1940/1940 1315/1315/1315
f 1279/1279/1279 1315/1315/1315 960/960/960
f 920/920/920 1583/1583/1583 1938/1938/1938
f 920/920/920 1938/1938/1938 1211/1211/1211
f 3201/3201/3201 2998/2998/2998 2956/2956/2956
f 3201/3201/3201 2956/2956/2956 3180/3180/3180
f 1940/1940/1940 1269/1269/1269 959/959/959
f 1940/1940/1940 959/959/959 1315/1315/1315
f 1288/1288/1288 970/970/970 1269/1269/1269
f 1288/1288/1288 1269/1269/1269 1940/1940/1940
f 1938/1938/1938 464/464/464 262/262/262
f 1938/1938/1938 262/262/262 1611/1611/1611
f 1244/1244/1244 1942/1942/1942 1251/1251/1251
f 1244/1244/1244 1251/1251/1251 976/976/976
f 969/969/969 1277/1277/1277 1941/1941/1941
f 969/969/969 1941/1941/1941 1292/1292/1292
f 973/973/973 1292/1292/1292 1941/1941/1941
f 973/973/973 1941/1941/1941 1259/1259/1259
f 1939/1939/1939 470/470/470 252/252/252
f 1939/1939/1939 252/252/252 1579/1579/1579
f 2146/2146/2146 3002/3002/3002 3003/3003/3003
f 951/951/951 1259/1259/1259 1941/1941/1941
f 951/951/951 1941/1941/1941 1277/1277/1277
f 934/934/934 1313/1313/1313 1943/1943/1943
f 934/934/934 1943/1943/1943 1217/1217/1217
f 3198/3198/3198 2992/2992/2992 2994/2994/2994
f 3198/3198/3198 2994/2994/2994 3199/3199/3199
f 2146/2146/2146 3010/3010/3010 3011/3011/3011
f 1217/1217/1217 1943/1943/1943 1218/1218/1218
f 1217/1217/1217 1218/1218/1218 945/945/945
f 1943/1943/1943 1209/1209/1209 944/944/944
f 1943/1943/1943 944/944/944 1218/1218/1218
f 1942/1942/1942 1245/1245/1245 975/975/975
f 1942/1942/1942 975/975/975 1251/1251/1251
f 908/908/908 1151/1151/1151 1944/1944/1944
f 908/908/908 1944/1944/1944 1199/1199/1199
f 1313/1313/1313 928/928/928 1209/1209/1209
f 1313/1313/1313 1209/1209/1209 1943/1943/1943
f 1944/1944/1944 1187/1187/1187 925/925/925
f 1944/1944/1944 925/925/925 1174/1174/1174
f 776/776/776 999/999/999 1945/1945/1945
f 776/776/776 1945/1945/1945 1168/1168/1168
f 2146/2146/2146 3016/3016/3016 3017/3017/3017
f 3202/3202/3202 3000/3000/3000 2174/2174/2174
f 3202/3202/3202 2174/2174/2174 3156/3156/3156
f 1151/1151/1151 905/905/905 1187/1187/1187
f 1151/1151/1151 1187/1187/1187 1944/1944/1944
f 1138/1138/1138 1525/1525/1525 1652/1652/1652
f 1138/1138/1138 1652/1652/1652 1542/1542/1542
f 1542/1542/1542 1652/1652/1652 1496/1496/1496
f 1542/1542/1542 1496/1496/1496 1121/1121/1121
f 1652/1652/1652 1519/1519/1519 1130/1130/1130
f 1652/1652/1652 1130/1130/1130 1496/1496/1496
f 1525/1525/1525 1136/1136/1136 1519/1519/1519
f 1525/1525/1525 1519/1519/1519 1652/1652/1652
f 1945/1945/1945 1167/1167/1167 787/787/787
f 1945/1945/1945 787/787/787 1150/1150/1150
f 3197/3197/3197 2990/2990/2990 2992/2992/2992
f 3197/3197/3197 2992/2992/2992 3198/3198/3198
f 2146/2146/2146 3008/3008/3008 3009/3009/3009
f 1168/1168/1168 1945/1945/1945 1150/1150/1150
f 1168/1168/1168 1150/1150/1150 788/788/788
f 768/768/768 1006/1006/1006 1946/1946/1946
f 768/768/768 1946/1946/1946 1159/1159/1159
f 2146/2146/2146 3006/3006/3006 3007/3007/3007
f 1199/1199/1199 1944/1944/1944 1174/1174/1174
f 1199/1199/1199 1174/1174/1174 926/926/926
f 999/999/999 775/775/775 1167/1167/1167
f 999/999/999 1167/1167/1167 1945/1945/1945
f 1946/1946/1946 1016/1016/1016 778/778/778
f 1946/1946/1946 778/778/778 1311/1311/1311
f 3183/3183/3183 2962/2962/2962 2964/2964/2964
f 3183/3183/3183 2964/2964/2964 3184/3184/3184
f 2146/2146/2146 3018/3018/3018 3019/3019/3019
f 1159/1159/1159 1946/1946/1946 1311/1311/1311
f 1159/1159/1159 1311/1311/1311 779/779/779
f 2890/2890/2890 2936/2936/2936 2935/2935/2935
f 2890/2890/2890 2935/2935/2935 2911/2911/2911
f 994/994/994 1947/1947/1947 988/988/988
f 994/994/994 988/988/988 766/766/766
f 3195/3195/3195 2986/2986/2986 2988/2988/2988
f 3195/3195/3195 2988/2988/2988 3196/3196/3196
f 1006/1006/1006 767/767/767 1016/1016/1016
f 1006/1006/1006 1016/1016/1016 1946/1946/1946
f 1947/1947/1947 1007/1007/1007 765/765/765
f 1947/1947/1947 765/765/765 988/988/988
f 2146/2146/2146 3014/3014/3014 3015/3015/3015
f 3193/3193/3193 2982/2982/2982 2984/2984/2984
f 3193/3193/3193 2984/2984/2984 3194/3194/3194
f 2146/2146/2146 3004/3004/3004 3005/3005/3005
f 1948/1948/1948 1157/1157/1157 785/785/785
f 1948/1948/1948 785/785/785 1156/1156/1156
f 2146/2146/2146 3011/3011/3011 3012/3012/3012
f 3184/3184/3184 2964/2964/2964 2966/2966/2966
f 3184/3184/3184 2966/2966/2966 3185/3185/3185
f 2891/2891/2891 2910/2910/2910 1947/1947/1947
f 2891/2891/2891 1947/1947/1947 994/994/994
f 1598/1598/1598 2760/2760/2760 2791/2791/2791
f 1598/1598/1598 2791/2791/2791 1955/1955/1955
f 1272/1272/1272 1949/1949/1949 1598/1598/1598
f 1272/1272/1272 1598/1598/1598 958/958/958
f 3191/3191/3191 2978/2978/2978 2980/2980/2980
f 3191/3191/3191 2980/2980/2980 3192/3192/3192
f 993/993/993 773/773/773 1157/1157/1157
f 993/993/993 1157/1157/1157 1948/1948/1948
f 1273/1273/1273 1951/1951/1951 1602/1602/1602
f 1273/1273/1273 1602/1602/1602 961/961/961
f 957/957/957 1597/1597/1597 1949/1949/1949
f 957/957/957 1949/1949/1949 1272/1272/1272
f 1015/1015/1015 1948/1948/1948 1156/1156/1156
f 1015/1015/1015 1156/1156/1156 786/786/786
f 953/953/953 1599/1599/1599 1950/1950/1950
f 953/953/953 1950/1950/1950 1260/1260/1260
f 1260/1260/1260 1950/1950/1950 1600/1600/1600
f 1260/1260/1260 1600/1600/1600 954/954/954
f 961/961/961 1602/1602/1602 1953/1953/1953
f 961/961/961 1953/1953/1953 1578/1578/1578
f 774/774/774 993/993/993 1948/1948/1948
f 774/774/774 1948/1948/1948 1015/1015/1015
f 952/952/952 1603/1603/1603 1952/1952/1952
f 952/952/952 1952/1952/1952 1261/1261/1261
f 958/958/958 1598/1598/1598 1955/1955/1955
f 958/958/958 1955/1955/1955 1263/1263/1263
f 1262/1262/1262 1954/1954/1954 1605/1605/1605
f 1262/1262/1262 1605/1605/1605 956/956/956
f 960/960/960 1601/1601/1601 1951/1951/1951
f 960/960/960 1951/1951/1951 1273/1273/1273
f 1599/1599/1599 2745/2745/2745 2783/2783/2783
f 1599/1599/1599 2783/2783/2783 1950/1950/1950
f 1597/1597/1597 2757/2757/2757 2797/2797/2797
f 1597/1597/1597 2797/2797/2797 1949/1949/1949
f 1286/1286/1286 1956/1956/1956 1597/1597/1597
f 1286/1286/1286 1597/1597/1597 957/957/957
f 1578/1578/1578 1953/1953/1953 696/696/696
f 1578/1578/1578 696/696/696 265/265/265
f 1263/1263/1263 1955/1955/1955 1606/1606/1606
f 1263/1263/1263 1606/1606/1606 959/959/959
f 263/263/263 697/697/697 1958/1958/1958
f 263/263/263 1958/1958/1958 1587/1587/1587
f 956/956/956 1605/1605/1605 1956/1956/1956
f 956/956/956 1956/1956/1956 1286/1286/1286
f 1261/1261/1261 1952/1952/1952 1599/1599/1599
f 1261/1261/1261 1599/1599/1599 953/953/953
f 984/984/984 1607/1607/1607 1957/1957/1957
f 984/984/984 1957/1957/1957 1287/1287/1287
f 1247/1247/1247 1959/1959/1959 1607/1607/1607
f 1247/1247/1247 1607/1607/1607 984/984/984
f 973/973/973 1609/1609/1609 1959/1959/1959
f 973/973/973 1959/1959/1959 1247/1247/1247
f 955/955/955 1604/1604/1604 1954/1954/1954
f 955/955/955 1954/1954/1954 1262/1262/1262
f 1587/1587/1587 1958/1958/1958 1608/1608/1608
f 1587/1587/1587 1608/1608/1608 951/951/951
f 951/951/951 1608/1608/1608 2000/2000/2000
f 951/951/951 2000/2000/2000 1259/1259/1259
f 1604/1604/1604 2751/2751/2751 2788/2788/2788
f 1604/1604/1604 2788/2788/2788 1954/1954/1954
f 1603/1603/1603 2743/2743/2743 2786/2786/2786
f 1603/1603/1603 2786/2786/2786 1952/1952/1952
f 954/954/954 1600/1600/1600 1999/1999/1999
f 954/954/954 1999/1999/1999 1271/1271/1271
f 1287/1287/1287 1957/1957/1957 1603/1603/1603
f 1287/1287/1287 1603/1603/1603 952/952/952
f 1315/1315/1315 2001/2001/2001 1601/1601/1601
f 1315/1315/1315 1601/1601/1601 960/960/960
f 1259/1259/1259 2000/2000/2000 1609/1609/1609
f 1259/1259/1259 1609/1609/1609 973/973/973
f 1608/1608/1608 2741/2741/2741 2780/2780/2780
f 1608/1608/1608 2780/2780/2780 2000/2000/2000
f 959/959/959 1606/1606/1606 2001/2001/2001
f 959/959/959 2001/2001/2001 1315/1315/1315
f 1601/1601/1601 2766/2766/2766 2800/2800/2800
f 1601/1601/1601 2800/2800/2800 1951/1951/1951
f 2002/2002/2002 1012/1012/1012 774/774/774
f 2002/2002/2002 774/774/774 1610/1610/1610
f 1271/1271/1271 1999/1999/1999 1604/1604/1604
f 1271/1271/1271 1604/1604/1604 955/955/955
f 709/709/709 2002/2002/2002 1610/1610/1610
f 709/709/709 1610/1610/1610 361/361/361
f 2317/2317/2317 2549/2549/2549 2592/2592/2592
f 2317/2317/2317 2592/2592/2592 2532/2532/2532
f 2532/2532/2532 2592/2592/2592 2526/2526/2526
f 2532/2532/2532 2526/2526/2526 2315/2315/2315
f 2229/2229/2229 2499/2499/2499 2593/2593/2593
f 2229/2229/2229 2593/2593/2593 2559/2559/2559
f 2592/2592/2592 2503/2503/2503 2284/2284/2284
f 2592/2592/2592 2284/2284/2284 2526/2526/2526
f 1609/1609/1609 2771/2771/2771 2777/2777/2777
f 1609/1609/1609 2777/2777/2777 1959/1959/1959
f 2559/2559/2559 2593/2593/2593 1592/1592/1592
f 2559/2559/2559 1592/1592/1592 989/989/989
f 2908/2908/2908 2886/2886/2886 1004/1004/1004
f 2908/2908/2908 1004/1004/1004 1622/1622/1622
f 2593/2593/2593 2564/2564/2564 1029/1029/1029
f 2593/2593/2593 1029/1029/1029 1592/1592/1592
f 3033/3033/3033 2340/2340/2340 2594/2594/2594
f 3033/3033/3033 2594/2594/2594 3034/3034/3034
f 3034/3034/3034 2594/2594/2594 2332/2332/2332
f 3034/3034/3034 2332/2332/2332 3031/3031/3031
f 2594/2594/2594 2337/2337/2337 2064/2064/2064
f 2594/2594/2594 2064/2064/2064 2332/2332/2332
f 2104/2104/2104 2389/2389/2389 2595/2595/2595
f 2104/2104/2104 2595/2595/2595 2360/2360/2360
f 2549/2549/2549 2275/2275/2275 2503/2503/2503
f 2549/2549/2549 2503/2503/2503 2592/2592/2592
f 2360/2360/2360 2595/2595/2595 2388/2388/2388
f 2360/2360/2360 2388/2388/2388 2103/2103/2103
f 3035/3035/3035 2343/2343/2343 2596/2596/2596
f 3035/3035/3035 2596/2596/2596 3036/3036/3036
f 3036/3036/3036 2596/2596/2596 2340/2340/2340
f 3036/3036/3036 2340/2340/2340 3033/3033/3033
f 2499/2499/2499 2282/2282/2282 2564/2564/2564
f 2499/2499/2499 2564/2564/2564 2593/2593/2593
f 2595/2595/2595 2369/2369/2369 2114/2114/2114
f 2595/2595/2595 2114/2114/2114 2388/2388/2388
f 2343/2343/2343 2066/2066/2066 2327/2327/2327
f 2343/2343/2343 2327/2327/2327 2596/2596/2596
f 3040/3040/3040 2597/2597/2597 2331/2331/2331
f 3040/3040/3040 2331/2331/2331 3037/3037/3037
f 2340/2340/2340 2065/2065/2065 2337/2337/2337
f 2340/2340/2340 2337/2337/2337 2594/2594/2594
f 3039/3039/3039 2344/2344/2344 2597/2597/2597
f 3039/3039/3039 2597/2597/2597 3040/3040/3040
f 2063/2063/2063 2351/2351/2351 2598/2598/2598
f 2063/2063/2063 2598/2598/2598 2543/2543/2543
f 2389/2389/2389 2115/2115/2115 2369/2369/2369
f 2389/2389/2389 2369/2369/2369 2595/2595/2595
f 2543/2543/2543 2598/2598/2598 2363/2363/2363
f 2543/2543/2543 2363/2363/2363 2062/2062/2062
f 2597/2597/2597 2328/2328/2328 2067/2067/2067
f 2597/2597/2597 2067/2067/2067 2331/2331/2331
f 3043/3043/3043 2347/2347/2347 2599/2599/2599
f 3043/3043/3043 2599/2599/2599 3044/3044/3044
f 2596/2596/2596 2327/2327/2327 2065/2065/2065
f 2596/2596/2596 2065/2065/2065 2340/2340/2340
f 2344/2344/2344 2068/2068/2068 2328/2328/2328
f 2344/2344/2344 2328/2328/2328 2597/2597/2597
f 3044/3044/3044 2599/2599/2599 2333/2333/2333
f 3044/3044/3044 2333/2333/2333 3041/3041/3041
f 2599/2599/2599 2329/2329/2329 2069/2069/2069
f 2599/2599/2599 2069/2069/2069 2333/2333/2333
f 3031/3031/3031 2332/2332/2332 2600/2600/2600
f 3031/3031/3031 2600/2600/2600 3032/3032/3032
f 2598/2598/2598 2336/2336/2336 2073/2073/2073
f 2598/2598/2598 2073/2073/2073 2363/2363/2363
f 1192/1192/1192 943/943/943 1225/1225/1225
f 1192/1192/1192 1225/1225/1225 1798/1798/1798
f 2332/2332/2332 2064/2064/2064 2341/2341/2341
f 2332/2332/2332 2341/2341/2341 2600/2600/2600
f 3038/3038/3038 2601/2601/2601 2343/2343/2343
f 3038/3038/3038 2343/2343/2343 3035/3035/3035
f 2351/2351/2351 2074/2074/2074 2336/2336/2336
f 2351/2351/2351 2336/2336/2336 2598/2598/2598
f 3032/3032/3032 2600/2600/2600 2334/2334/2334
f 3032/3032/3032 2334/2334/2334 3029/3029/3029
f 2600/2600/2600 2341/2341/2341 2063/2063/2063
f 2600/2600/2600 2063/2063/2063 2334/2334/2334
f 3024/3024/3024 2342/2342/2342 2602/2602/2602
f 3024/3024/3024 2602/2602/2602 3025/3025/3025
f 3025/3025/3025 2602/2602/2602 2339/2339/2339
f 3025/3025/3025 2339/2339/2339 3026/3026/3026
f 3037/3037/3037 2331/2331/2331 2601/2601/2601
f 3037/3037/3037 2601/2601/2601 3038/3038/3038
f 2331/2331/2331 2067/2067/2067 2338/2338/2338
f 2331/2331/2331 2338/2338/2338 2601/2601/2601
f 2602/2602/2602 2326/2326/2326 2060/2060/2060
f 2602/2602/2602 2060/2060/2060 2339/2339/2339
f 3029/3029/3029 2334/2334/2334 2603/2603/2603
f 3029/3029/3029 2603/2603/2603 3030/3030/3030
f 2347/2347/2347 2070/2070/2070 2329/2329/2329
f 2347/2347/2347 2329/2329/2329 2599/2599/2599
f 2603/2603/2603 2543/2543/2543 2062/2062/2062
f 2603/2603/2603 2062/2062/2062 2330/2330/2330
f 3042/3042/3042 2604/2604/2604 2344/2344/2344
f 3042/3042/3042 2344/2344/2344 3039/3039/3039
f 2601/2601/2601 2338/2338/2338 2066/2066/2066
f 2601/2601/2601 2066/2066/2066 2343/2343/2343
f 3030/3030/3030 2603/2603/2603 2330/2330/2330
f 3030/3030/3030 2330/2330/2330 3027/3027/3027
f 2604/2604/2604 2346/2346/2346 2068/2068/2068
f 2604/2604/2604 2068/2068/2068 2344/2344/2344
f 2067/2067/2067 2353/2353/2353 2605/2605/2605
f 2067/2067/2067 2605/2605/2605 2338/2338/2338
f 2338/2338/2338 2605/2605/2605 2365/2365/2365
f 2338/2338/2338 2365/2365/2365 2066/2066/2066
f 3041/3041/3041 2333/2333/2333 2604/2604/2604
f 3041/3041/3041 2604/2604/2604 3042/3042/3042
f 1099/1099/1099 1548/1548/1548 1670/1670/1670
f 1099/1099/1099 1670/1670/1670 1492/1492/1492
f 1492/1492/1492 1670/1670/1670 1551/1551/1551
f 1492/1492/1492 1551/1551/1551 1128/1128/1128
f 1670/1670/1670 1592/1592/1592 1029/1029/1029
f 1670/1670/1670 1029/1029/1029 1551/1551/1551
f 1548/1548/1548 989/989/989 1592/1592/1592
f 1548/1548/1548 1592/1592/1592 1670/1670/1670
f 2605/2605/2605 2348/2348/2348 2102/2102/2102
f 2605/2605/2605 2102/2102/2102 2365/2365/2365
f 2068/2068/2068 2354/2354/2354 2606/2606/2606
f 2068/2068/2068 2606/2606/2606 2328/2328/2328
f 2334/2334/2334 2063/2063/2063 2543/2543/2543
f 2334/2334/2334 2543/2543/2543 2603/2603/2603
f 2342/2342/2342 2061/2061/2061 2326/2326/2326
f 2342/2342/2342 2326/2326/2326 2602/2602/2602
f 2606/2606/2606 2360/2360/2360 2103/2103/2103
f 2606/2606/2606 2103/2103/2103 2353/2353/2353
f 2326/2326/2326 2607/2607/2607 2367/2367/2367
f 2326/2326/2326 2367/2367/2367 2060/2060/2060
f 2333/2333/2333 2069/2069/2069 2346/2346/2346
f 2333/2333/2333 2346/2346/2346 2604/2604/2604
f 2328/2328/2328 2606/2606/2606 2353/2353/2353
f 2328/2328/2328 2353/2353/2353 2067/2067/2067
f 2354/2354/2354 2104/2104/2104 2360/2360/2360
f 2354/2354/2354 2360/2360/2360 2606/2606/2606
f 2069/2069/2069 2362/2362/2362 2608/2608/2608
f 2069/2069/2069 2608/2608/2608 2346/2346/2346
f 2346/2346/2346 2608/2608/2608 2354/2354/2354
f 2346/2346/2346 2354/2354/2354 2068/2068/2068
f 2061/2061/2061 2358/2358/2358 2607/2607/2607
f 2061/2061/2061 2607/2607/2607 2326/2326/2326
f 2062/2062/2062 2363/2363/2363 2609/2609/2609
f 2062/2062/2062 2609/2609/2609 2325/2325/2325
f 2607/2607/2607 2335/2335/2335 2071/2071/2071
f 2607/2607/2607 2071/2071/2071 2367/2367/2367
f 2362/2362/2362 2105/2105/2105 2349/2349/2349
f 2362/2362/2362 2349/2349/2349 2608/2608/2608
f 2353/2353/2353 2103/2103/2103 2348/2348/2348
f 2353/2353/2353 2348/2348/2348 2605/2605/2605
f 2609/2609/2609 2345/2345/2345 2072/2072/2072
f 2609/2609/2609 2072/2072/2072 2358/2358/2358
f 2358/2358/2358 2072/2072/2072 2335/2335/2335
f 2358/2358/2358 2335/2335/2335 2607/2607/2607
f 2325/2325/2325 2609/2609/2609 2358/2358/2358
f 2325/2325/2325 2358/2358/2358 2061/2061/2061
f 2117/2117/2117 2391/2391/2391 2610/2610/2610
f 2117/2117/2117 2610/2610/2610 2370/2370/2370
f 2370/2370/2370 2610/2610/2610 2402/2402/2402
f 2370/2370/2370 2402/2402/2402 2116/2116/2116
f 2363/2363/2363 2073/2073/2073 2345/2345/2345
f 2363/2363/2363 2345/2345/2345 2609/2609/2609
f 2391/2391/2391 2156/2156/2156 2401/2401/2401
f 2391/2391/2391 2401/2401/2401 2610/2610/2610
f 2065/2065/2065 2352/2352/2352 2611/2611/2611
f 2065/2065/2065 2611/2611/2611 2337/2337/2337
f 2918/2918/2918 2919/2919/2919 2896/2896/2896
f 2918/2918/2918 2896/2896/2896 2897/2897/2897
f 1027/1027/1027 2571/2571/2571 2730/2730/2730
f 1027/1027/1027 2730/2730/2730 1572/1572/1572
f 2337/2337/2337 2611/2611/2611 2364/2364/2364
f 2337/2337/2337 2364/2364/2364 2064/2064/2064
f 2608/2608/2608 2349/2349/2349 2104/2104/2104
f 2608/2608/2608 2104/2104/2104 2354/2354/2354
f 2299/2299/2299 2300/2300/2300 1676/1676/1676
f 2299/2299/2299 1676/1676/1676 1342/1342/1342
f 1342/1342/1342 1676/1676/1676 1339/1339/1339
f 1342/1342/1342 1339/1339/1339 1038/1038/1038
f 1676/1676/1676 1334/1334/1334 1037/1037/1037
f 1676/1676/1676 1037/1037/1037 1339/1339/1339
f 2300/2300/2300 2297/2297/2297 1334/1334/1334
f 2300/2300/2300 1334/1334/1334 1676/1676/1676
f 1052/1052/1052 1362/1362/1362 1677/1677/1677
f 1052/1052/1052 1677/1677/1677 1391/1391/1391
f 1391/1391/1391 1677/1677/1677 1371/1371/1371
f 1391/1391/1391 1371/1371/1371 1063/1063/1063
f 1677/1677/1677 1390/1390/1390 1062/1062/1062
f 1677/1677/1677 1062/1062/1062 1371/1371/1371
f 1362/1362/1362 1051/1051/1051 1390/1390/1390
f 1362/1362/1362 1390/1390/1390 1677/1677/1677
f 2301/2301/2301 2302/2302/2302 1678/1678/1678
f 2301/2301/2301 1678/1678/1678 1345/1345/1345
f 1345/1345/1345 1678/1678/1678 1329/1329/1329
f 1345/1345/1345 1329/1329/1329 1039/1039/1039
f 1678/1678/1678 1342/1342/1342 1038/1038/1038
f 1678/1678/1678 1038/1038/1038 1329/1329/1329
f 2302/2302/2302 2299/2299/2299 1342/1342/1342
f 2302/2302/2302 1342/1342/1342 1678/1678/1678
f 2305/2305/2305 2306/2306/2306 1679/1679/1679
f 2305/2305/2305 1679/1679/1679 1346/1346/1346
f 1346/1346/1346 1679/1679/1679 1330/1330/1330
f 1346/1346/1346 1330/1330/1330 1041/1041/1041
f 1679/1679/1679 1333/1333/1333 1040/1040/1040
f 1679/1679/1679 1040/1040/1040 1330/1330/1330
f 2306/2306/2306 2303/2303/2303 1333/1333/1333
f 2306/2306/2306 1333/1333/1333 1679/1679/1679
f 1036/1036/1036 1536/1536/1536 1680/1680/1680
f 1036/1036/1036 1680/1680/1680 1353/1353/1353
f 1353/1353/1353 1680/1680/1680 1338/1338/1338
f 1353/1353/1353 1338/1338/1338 1047/1047/1047
f 1680/1680/1680 1365/1365/1365 1046/1046/1046
f 1680/1680/1680 1046/1046/1046 1338/1338/1338
f 1536/1536/1536 1035/1035/1035 1365/1365/1365
f 1536/1536/1536 1365/1365/1365 1680/1680/1680
f 2309/2309/2309 2310/2310/2310 1681/1681/1681
f 2309/2309/2309 1681/1681/1681 1349/1349/1349
f 1349/1349/1349 1681/1681/1681 1331/1331/1331
f 1349/1349/1349 1331/1331/1331 1043/1043/1043
f 1681/1681/1681 1335/1335/1335 1042/1042/1042
f 1681/1681/1681 1042/1042/1042 1331/1331/1331
f 2310/2310/2310 2307/2307/2307 1335/1335/1335
f 2310/2310/2310 1335/1335/1335 1681/1681/1681
f 2297/2297/2297 2298/2298/2298 1682/1682/1682
f 2297/2297/2297 1682/1682/1682 1334/1334/1334
f 1334/1334/1334 1682/1682/1682 1343/1343/1343
f 1334/1334/1334 1343/1343/1343 1037/1037/1037
f 1682/1682/1682 1336/1336/1336 1036/1036/1036
f 1682/1682/1682 1036/1036/1036 1343/1343/1343
f 2298/2298/2298 2295/2295/2295 1336/1336/1336
f 2298/2298/2298 1336/1336/1336 1682/1682/1682
f 2303/2303/2303 2304/2304/2304 1683/1683/1683
f 2303/2303/2303 1683/1683/1683 1333/1333/1333
f 1333/1333/1333 1683/1683/1683 1340/1340/1340
f 1333/1333/1333 1340/1340/1340 1040/1040/1040
f 1683/1683/1683 1345/1345/1345 1039/1039/1039
f 1683/1683/1683 1039/1039/1039 1340/1340/1340
f 2304/2304/2304 2301/2301/2301 1345/1345/1345
f 2304/2304/2304 1345/1345/1345 1683/1683/1683
f 2290/2290/2290 2291/2291/2291 1684/1684/1684
f 2290/2290/2290 1684/1684/1684 1344/1344/1344
f 1344/1344/1344 1684/1684/1684 1328/1328/1328
f 1344/1344/1344 1328/1328/1328 1034/1034/1034
f 1684/1684/1684 1341/1341/1341 1033/1033/1033
f 1684/1684/1684 1033/1033/1033 1328/1328/1328
f 2291/2291/2291 2292/2292/2292 1341/1341/1341
f 2291/2291/2291 1341/1341/1341 1684/1684/1684
f 2295/2295/2295 2296/2296/2296 1685/1685/1685
f 2295/2295/2295 1685/1685/1685 1336/1336/1336
f 1336/1336/1336 1685/1685/1685 1536/1536/1536
f 1336/1336/1336 1536/1536/1536 1036/1036/1036
f 1685/1685/1685 1332/1332/1332 1035/1035/1035
f 1685/1685/1685 1035/1035/1035 1536/1536/1536
f 2296/2296/2296 2293/2293/2293 1332/1332/1332
f 2296/2296/2296 1332/1332/1332 1685/1685/1685
f 2307/2307/2307 2308/2308/2308 1686/1686/1686
f 2307/2307/2307 1686/1686/1686 1335/1335/1335
f 1335/1335/1335 1686/1686/1686 1348/1348/1348
f 1335/1335/1335 1348/1348/1348 1042/1042/1042
f 1686/1686/1686 1346/1346/1346 1041/1041/1041
f 1686/1686/1686 1041/1041/1041 1348/1348/1348
f 2308/2308/2308 2305/2305/2305 1346/1346/1346
f 2308/2308/2308 1346/1346/1346 1686/1686/1686
f 1040/1040/1040 1340/1340/1340 1687/1687/1687
f 1040/1040/1040 1687/1687/1687 1355/1355/1355
f 1355/1355/1355 1687/1687/1687 1350/1350/1350
f 1355/1355/1355 1350/1350/1350 1051/1051/1051
f 1687/1687/1687 1367/1367/1367 1050/1050/1050
f 1687/1687/1687 1050/1050/1050 1350/1350/1350
f 1340/1340/1340 1039/1039/1039 1367/1367/1367
f 1340/1340/1340 1367/1367/1367 1687/1687/1687
f 1041/1041/1041 1330/1330/1330 1688/1688/1688
f 1041/1041/1041 1688/1688/1688 1356/1356/1356
f 1356/1356/1356 1688/1688/1688 1362/1362/1362
f 1356/1356/1356 1362/1362/1362 1052/1052/1052
f 1688/1688/1688 1355/1355/1355 1051/1051/1051
f 1688/1688/1688 1051/1051/1051 1362/1362/1362
f 1330/1330/1330 1040/1040/1040 1355/1355/1355
f 1330/1330/1330 1355/1355/1355 1688/1688/1688
f 1034/1034/1034 1328/1328/1328 1689/1689/1689
f 1034/1034/1034 1689/1689/1689 1360/1360/1360
f 1360/1360/1360 1689/1689/1689 1337/1337/1337
f 1360/1360/1360 1337/1337/1337 1045/1045/1045
f 1689/1689/1689 1369/1369/1369 1044/1044/1044
f 1689/1689/1689 1044/1044/1044 1337/1337/1337
f 1328/1328/1328 1033/1033/1033 1369/1369/1369
f 1328/1328/1328 1369/1369/1369 1689/1689/1689
f 1042/1042/1042 1348/1348/1348 1690/1690/1690
f 1042/1042/1042 1690/1690/1690 1364/1364/1364
f 1364/1364/1364 1690/1690/1690 1351/1351/1351
f 1364/1364/1364 1351/1351/1351 1053/1053/1053
f 1690/1690/1690 1356/1356/1356 1052/1052/1052
f 1690/1690/1690 1052/1052/1052 1351/1351/1351
f 1348/1348/1348 1041/1041/1041 1356/1356/1356
f 1348/1348/1348 1356/1356/1356 1690/1690/1690
f 1035/1035/1035 1327/1327/1327 1691/1691/1691
f 1035/1035/1035 1691/1691/1691 1365/1365/1365
f 1365/1365/1365 1691/1691/1691 1347/1347/1347
f 1365/1365/1365 1347/1347/1347 1046/1046/1046
f 1691/1691/1691 1360/1360/1360 1045/1045/1045
f 1691/1691/1691 1045/1045/1045 1347/1347/1347
f 1327/1327/1327 1034/1034/1034 1360/1360/1360
f 1327/1327/1327 1360/1360/1360 1691/1691/1691
f 1065/1065/1065 1372/1372/1372 1692/1692/1692
f 1065/1065/1065 1692/1692/1692 1393/1393/1393
f 1393/1393/1393 1692/1692/1692 1403/1403/1403
f 1393/1393/1393 1403/1403/1403 1076/1076/1076
f 1692/1692/1692 1404/1404/1404 1075/1075/1075
f 1692/1692/1692 1075/1075/1075 1403/1403/1403
f 1372/1372/1372 1064/1064/1064 1404/1404/1404
f 1372/1372/1372 1404/1404/1404 1692/1692/1692
f 1038/1038/1038 1339/1339/1339 1693/1693/1693
f 1038/1038/1038 1693/1693/1693 1354/1354/1354
f 1354/1354/1354 1693/1693/1693 1368/1368/1368
f 1354/1354/1354 1368/1368/1368 1049/1049/1049
f 1693/1693/1693 1366/1366/1366 1048/1048/1048
f 1693/1693/1693 1048/1048/1048 1368/1368/1368
f 1339/1339/1339 1037/1037/1037 1366/1366/1366
f 1339/1339/1339 1366/1366/1366 1693/1693/1693
f 1051/1051/1051 1350/1350/1350 1694/1694/1694
f 1051/1051/1051 1694/1694/1694 1390/1390/1390
f 1390/1390/1390 1694/1694/1694 1386/1386/1386
f 1390/1390/1390 1386/1386/1386 1062/1062/1062
f 1694/1694/1694 1373/1373/1373 1061/1061/1061
f 1694/1694/1694 1061/1061/1061 1386/1386/1386
f 1350/1350/1350 1050/1050/1050 1373/1373/1373
f 1350/1350/1350 1373/1373/1373 1694/1694/1694
f 1039/1039/1039 1329/1329/1329 1695/1695/1695
f 1039/1039/1039 1695/1695/1695 1367/1367/1367
f 1367/1367/1367 1695/1695/1695 1370/1370/1370
f 1367/1367/1367 1370/1370/1370 1050/1050/1050
f 1695/1695/1695 1354/1354/1354 1049/1049/1049
f 1695/1695/1695 1049/1049/1049 1370/1370/1370
f 1329/1329/1329 1038/1038/1038 1354/1354/1354
f 1329/1329/1329 1354/1354/1354 1695/1695/1695
f 1071/1071/1071 1380/1380/1380 1696/1696/1696
f 1071/1071/1071 1696/1696/1696 1416/1416/1416
f 1416/1416/1416 1696/1696/1696 1399/1399/1399
f 1416/1416/1416 1399/1399/1399 1082/1082/1082
f 1696/1696/1696 1427/1427/1427 1081/1081/1081
f 1696/1696/1696 1081/1081/1081 1399/1399/1399
f 1380/1380/1380 1070/1070/1070 1427/1427/1427
f 1380/1380/1380 1427/1427/1427 1696/1696/1696
f 1049/1049/1049 1368/1368/1368 1697/1697/1697
f 1049/1049/1049 1697/1697/1697 1378/1378/1378
f 1378/1378/1378 1697/1697/1697 1538/1538/1538
f 1378/1378/1378 1538/1538/1538 1060/1060/1060
f 1697/1697/1697 1385/1385/1385 1059/1059/1059
f 1697/1697/1697 1059/1059/1059 1538/1538/1538
f 1368/1368/1368 1048/1048/1048 1385/1385/1385
f 1368/1368/1368 1385/1385/1385 1697/1697/1697
f 1050/1050/1050 1370/1370/1370 1698/1698/1698
f 1050/1050/1050 1698/1698/1698 1373/1373/1373
f 1373/1373/1373 1698/1698/1698 1384/1384/1384
f 1373/1373/1373 1384/1384/1384 1061/1061/1061
f 1698/1698/1698 1378/1378/1378 1060/1060/1060
f 1698/1698/1698 1060/1060/1060 1384/1384/1384
f 1370/1370/1370 1049/1049/1049 1378/1378/1378
f 1370/1370/1370 1378/1378/1378 1698/1698/1698
f 1053/1053/1053 1351/1351/1351 1699/1699/1699
f 1053/1053/1053 1699/1699/1699 1382/1382/1382
f 1382/1382/1382 1699/1699/1699 1388/1388/1388
f 1382/1382/1382 1388/1388/1388 1064/1064/1064
f 1699/1699/1699 1391/1391/1391 1063/1063/1063
f 1699/1699/1699 1063/1063/1063 1388/1388/1388
f 1351/1351/1351 1052/1052/1052 1391/1391/1391
f 1351/1351/1351 1391/1391/1391 1699/1699/1699
f 1076/1076/1076 1403/1403/1403 1700/1700/1700
f 1076/1076/1076 1700/1700/1700 1414/1414/1414
f 1414/1414/1414 1700/1700/1700 1424/1424/1424
f 1414/1414/1414 1424/1424/1424 1087/1087/1087
f 1700/1700/1700 1425/1425/1425 1086/1086/1086
f 1700/1700/1700 1086/1086/1086 1424/1424/1424
f 1403/1403/1403 1075/1075/1075 1425/1425/1425
f 1403/1403/1403 1425/1425/1425 1700/1700/1700
f 1046/1046/1046 1347/1347/1347 1701/1701/1701
f 1046/1046/1046 1701/1701/1701 1376/1376/1376
f 1376/1376/1376 1701/1701/1701 1361/1361/1361
f 1376/1376/1376 1361/1361/1361 1057/1057/1057
f 1701/1701/1701 1375/1375/1375 1056/1056/1056
f 1701/1701/1701 1056/1056/1056 1361/1361/1361
f 1347/1347/1347 1045/1045/1045 1375/1375/1375
f 1347/1347/1347 1375/1375/1375 1701/1701/1701
f 1021/1021/1021 1544/1544/1544 1702/1702/1702
f 1021/1021/1021 1702/1702/1702 1321/1321/1321
f 1321/1321/1321 1702/1702/1702 1545/1545/1545
f 1321/1321/1321 1545/1545/1545 1023/1023/1023
f 1702/1702/1702 1393/1393/1393 1076/1076/1076
f 1702/1702/1702 1076/1076/1076 1545/1545/1545
f 1544/1544/1544 1065/1065/1065 1393/1393/1393
f 1544/1544/1544 1393/1393/1393 1702/1702/1702
f 1054/1054/1054 1363/1363/1363 1703/1703/1703
f 1054/1054/1054 1703/1703/1703 1383/1383/1383
f 1383/1383/1383 1703/1703/1703 1372/1372/1372
f 1383/1383/1383 1372/1372/1372 1065/1065/1065
f 1703/1703/1703 1382/1382/1382 1064/1064/1064
f 1703/1703/1703 1064/1064/1064 1372/1372/1372
f 1363/1363/1363 1053/1053/1053 1382/1382/1382
f 1363/1363/1363 1382/1382/1382 1703/1703/1703
f 1058/1058/1058 1359/1359/1359 1704/1704/1704
f 1058/1058/1058 1704/1704/1704 1394/1394/1394
f 1394/1394/1394 1704/1704/1704 1389/1389/1389
f 1394/1394/1394 1389/1389/1389 1069/1069/1069
f 1704/1704/1704 1405/1405/1405 1068/1068/1068
f 1704/1704/1704 1068/1068/1068 1389/1389/1389
f 1359/1359/1359 1057/1057/1057 1405/1405/1405
f 1359/1359/1359 1405/1405/1405 1704/1704/1704
f 1047/1047/1047 1338/1338/1338 1705/1705/1705
f 1047/1047/1047 1705/1705/1705 1377/1377/1377
f 1377/1377/1377 1705/1705/1705 1359/1359/1359
f 1377/1377/1377 1359/1359/1359 1058/1058/1058
f 1705/1705/1705 1376/1376/1376 1057/1057/1057
f 1705/1705/1705 1057/1057/1057 1359/1359/1359
f 1338/1338/1338 1046/1046/1046 1376/1376/1376
f 1338/1338/1338 1376/1376/1376 1705/1705/1705
f 1019/1019/1019 1543/1543/1543 1706/1706/1706
f 1019/1019/1019 1706/1706/1706 1323/1323/1323
f 1323/1323/1323 1706/1706/1706 1544/1544/1544
f 1323/1323/1323 1544/1544/1544 1021/1021/1021
f 1706/1706/1706 1383/1383/1383 1065/1065/1065
f 1706/1706/1706 1065/1065/1065 1544/1544/1544
f 1543/1543/1543 1054/1054/1054 1383/1383/1383
f 1543/1543/1543 1383/1383/1383 1706/1706/1706
f 1048/1048/1048 1537/1537/1537 1707/1707/1707
f 1048/1048/1048 1707/1707/1707 1385/1385/1385
f 1385/1385/1385 1707/1707/1707 1358/1358/1358
f 1385/1385/1385 1358/1358/1358 1059/1059/1059
f 1707/1707/1707 1377/1377/1377 1058/1058/1058
f 1707/1707/1707 1058/1058/1058 1358/1358/1358
f 1537/1537/1537 1047/1047/1047 1377/1377/1377
f 1537/1537/1537 1377/1377/1377 1707/1707/1707
f 1086/1086/1086 1413/1413/1413 1708/1708/1708
f 1086/1086/1086 1708/1708/1708 1437/1437/1437
f 1437/1437/1437 1708/1708/1708 1448/1448/1448
f 1437/1437/1437 1448/1448/1448 1097/1097/1097
f 1708/1708/1708 1436/1436/1436 1096/1096/1096
f 1708/1708/1708 1096/1096/1096 1448/1448/1448
f 1413/1413/1413 1085/1085/1085 1436/1436/1436
f 1413/1413/1413 1436/1436/1436 1708/1708/1708
f 1062/1062/1062 1386/1386/1386 1709/1709/1709
f 1062/1062/1062 1709/1709/1709 1396/1396/1396
f 1396/1396/1396 1709/1709/1709 1409/1409/1409
f 1396/1396/1396 1409/1409/1409 1073/1073/1073
f 1709/1709/1709 1407/1407/1407 1072/1072/1072
f 1709/1709/1709 1072/1072/1072 1409/1409/1409
f 1386/1386/1386 1061/1061/1061 1407/1407/1407
f 1386/1386/1386 1407/1407/1407 1709/1709/1709
f 1070/1070/1070 1381/1381/1381 1710/1710/1710
f 1070/1070/1070 1710/1710/1710 1427/1427/1427
f 1427/1427/1427 1710/1710/1710 1400/1400/1400
f 1427/1427/1427 1400/1400/1400 1081/1081/1081
f 1710/1710/1710 1415/1415/1415 1080/1080/1080
f 1710/1710/1710 1080/1080/1080 1400/1400/1400
f 1381/1381/1381 1069/1069/1069 1415/1415/1415
f 1381/1381/1381 1415/1415/1415 1710/1710/1710
f 1063/1063/1063 1371/1371/1371 1711/1711/1711
f 1063/1063/1063 1711/1711/1711 1397/1397/1397
f 1397/1397/1397 1711/1711/1711 1411/1411/1411
f 1397/1397/1397 1411/1411/1411 1074/1074/1074
f 1711/1711/1711 1396/1396/1396 1073/1073/1073
f 1711/1711/1711 1073/1073/1073 1411/1411/1411
f 1371/1371/1371 1062/1062/1062 1396/1396/1396
f 1371/1371/1371 1396/1396/1396 1711/1711/1711
f 1056/1056/1056 1357/1357/1357 1712/1712/1712
f 1056/1056/1056 1712/1712/1712 1410/1410/1410
f 1410/1410/1410 1712/1712/1712 1387/1387/1387
f 1410/1410/1410 1387/1387/1387 1067/1067/1067
f 1712/1712/1712 1408/1408/1408 1066/1066/1066
f 1712/1712/1712 1066/1066/1066 1387/1387/1387
f 1357/1357/1357 1055/1055/1055 1408/1408/1408
f 1357/1357/1357 1408/1408/1408 1712/1712/1712
f 1064/1064/1064 1388/1388/1388 1713/1713/1713
f 1064/1064/1064 1713/1713/1713 1404/1404/1404
f 1404/1404/1404 1713/1713/1713 1392/1392/1392
f 1404/1404/1404 1392/1392/1392 1075/1075/1075
f 1713/1713/1713 1397/1397/1397 1074/1074/1074
f 1713/1713/1713 1074/1074/1074 1392/1392/1392
f 1388/1388/1388 1063/1063/1063 1397/1397/1397
f 1388/1388/1388 1397/1397/1397 1713/1713/1713
f 1057/1057/1057 1361/1361/1361 1714/1714/1714
f 1057/1057/1057 1714/1714/1714 1405/1405/1405
f 1405/1405/1405 1714/1714/1714 1379/1379/1379
f 1405/1405/1405 1379/1379/1379 1068/1068/1068
f 1714/1714/1714 1410/1410/1410 1067/1067/1067
f 1714/1714/1714 1067/1067/1067 1379/1379/1379
f 1361/1361/1361 1056/1056/1056 1410/1410/1410
f 1361/1361/1361 1410/1410/1410 1714/1714/1714
f 1069/1069/1069 1389/1389/1389 1715/1715/1715
f 1069/1069/1069 1715/1715/1715 1415/1415/1415
f 1415/1415/1415 1715/1715/1715 1402/1402/1402
f 1415/1415/1415 1402/1402/1402 1080/1080/1080
f 1715/1715/1715 1426/1426/1426 1079/1079/1079
f 1715/1715/1715 1079/1079/1079 1402/1402/1402
f 1389/1389/1389 1068/1068/1068 1426/1426/1426
f 1389/1389/1389 1426/1426/1426 1715/1715/1715
f 1060/1060/1060 1538/1538/1538 1716/1716/1716
f 1060/1060/1060 1716/1716/1716 1395/1395/1395
f 1395/1395/1395 1716/1716/1716 1380/1380/1380
f 1395/1395/1395 1380/1380/1380 1071/1071/1071
f 1716/1716/1716 1406/1406/1406 1070/1070/1070
f 1716/1716/1716 1070/1070/1070 1380/1380/1380
f 1538/1538/1538 1059/1059/1059 1406/1406/1406
f 1538/1538/1538 1406/1406/1406 1716/1716/1716
f 1023/1023/1023 1545/1545/1545 1717/1717/1717
f 1023/1023/1023 1717/1717/1717 1319/1319/1319
f 1319/1319/1319 1717/1717/1717 1546/1546/1546
f 1319/1319/1319 1546/1546/1546 1024/1024/1024
f 1717/1717/1717 1414/1414/1414 1087/1087/1087
f 1717/1717/1717 1087/1087/1087 1546/1546/1546
f 1545/1545/1545 1076/1076/1076 1414/1414/1414
f 1545/1545/1545 1414/1414/1414 1717/1717/1717
f 1061/1061/1061 1384/1384/1384 1718/1718/1718
f 1061/1061/1061 1718/1718/1718 1407/1407/1407
f 1407/1407/1407 1718/1718/1718 1539/1539/1539
f 1407/1407/1407 1539/1539/1539 1072/1072/1072
f 1718/1718/1718 1395/1395/1395 1071/1071/1071
f 1718/1718/1718 1071/1071/1071 1539/1539/1539
f 1384/1384/1384 1060/1060/1060 1395/1395/1395
f 1384/1384/1384 1395/1395/1395 1718/1718/1718
f 1067/1067/1067 1387/1387/1387 1719/1719/1719
f 1067/1067/1067 1719/1719/1719 1419/1419/1419
f 1419/1419/1419 1719/1719/1719 1401/1401/1401
f 1419/1419/1419 1401/1401/1401 1078/1078/1078
f 1719/1719/1719 1418/1418/1418 1077/1077/1077
f 1719/1719/1719 1077/1077/1077 1401/1401/1401
f 1387/1387/1387 1066/1066/1066 1418/1418/1418
f 1387/1387/1387 1418/1418/1418 1719/1719/1719
f 1078/1078/1078 1401/1401/1401 1720/1720/1720
f 1078/1078/1078 1720/1720/1720 1442/1442/1442
f 1442/1442/1442 1720/1720/1720 1420/1420/1420
f 1442/1442/1442 1420/1420/1420 1089/1089/1089
f 1720/1720/1720 1451/1451/1451 1088/1088/1088
f 1720/1720/1720 1088/1088/1088 1420/1420/1420
f 1401/1401/1401 1077/1077/1077 1451/1451/1451
f 1401/1401/1401 1451/1451/1451 1720/1720/1720
f 1075/1075/1075 1392/1392/1392 1721/1721/1721
f 1075/1075/1075 1721/1721/1721 1425/1425/1425
f 1425/1425/1425 1721/1721/1721 1413/1413/1413
f 1425/1425/1425 1413/1413/1413 1086/1086/1086
f 1721/1721/1721 1430/1430/1430 1085/1085/1085
f 1721/1721/1721 1085/1085/1085 1413/1413/1413
f 1392/1392/1392 1074/1074/1074 1430/1430/1430
f 1392/1392/1392 1430/1430/1430 1721/1721/1721
f 1068/1068/1068 1379/1379/1379 1722/1722/1722
f 1068/1068/1068 1722/1722/1722 1426/1426/1426
f 1426/1426/1426 1722/1722/1722 1398/1398/1398
f 1426/1426/1426 1398/1398/1398 1079/1079/1079
f 1722/1722/1722 1419/1419/1419 1078/1078/1078
f 1722/1722/1722 1078/1078/1078 1398/1398/1398
f 1379/1379/1379 1067/1067/1067 1419/1419/1419
f 1379/1379/1379 1419/1419/1419 1722/1722/1722
f 1098/1098/1098 1434/1434/1434 1723/1723/1723
f 1098/1098/1098 1723/1723/1723 1455/1455/1455
f 1455/1455/1455 1723/1723/1723 1463/1463/1463
f 1455/1455/1455 1463/1463/1463 1109/1109/1109
f 1723/1723/1723 1464/1464/1464 1108/1108/1108
f 1723/1723/1723 1108/1108/1108 1463/1463/1463
f 1434/1434/1434 1097/1097/1097 1464/1464/1464
f 1434/1434/1434 1464/1464/1464 1723/1723/1723
f 1084/1084/1084 1412/1412/1412 1724/1724/1724
f 1084/1084/1084 1724/1724/1724 1450/1450/1450
f 1450/1450/1450 1724/1724/1724 1446/1446/1446
f 1450/1450/1450 1446/1446/1446 1095/1095/1095
f 1724/1724/1724 1435/1435/1435 1094/1094/1094
f 1724/1724/1724 1094/1094/1094 1446/1446/1446
f 1412/1412/1412 1083/1083/1083 1435/1435/1435
f 1412/1412/1412 1435/1435/1435 1724/1724/1724
f 1077/1077/1077 1596/1596/1596 1725/1725/1725
f 1077/1077/1077 1725/1725/1725 1451/1451/1451
f 1451/1451/1451 1725/1725/1725 1547/1547/1547
f 1451/1451/1451 1547/1547/1547 1088/1088/1088
f 1725/1725/1725 1591/1591/1591 987/987/987
f 1725/1725/1725 987/987/987 1547/1547/1547
f 1596/1596/1596 1025/1025/1025 1591/1591/1591
f 1596/1596/1596 1591/1591/1591 1725/1725/1725
f 1073/1073/1073 1409/1409/1409 1726/1726/1726
f 1073/1073/1073 1726/1726/1726 1417/1417/1417
f 1417/1417/1417 1726/1726/1726 1412/1412/1412
f 1417/1417/1417 1412/1412/1412 1084/1084/1084
f 1726/1726/1726 1428/1428/1428 1083/1083/1083
f 1726/1726/1726 1083/1083/1083 1412/1412/1412
f 1409/1409/1409 1072/1072/1072 1428/1428/1428
f 1409/1409/1409 1428/1428/1428 1726/1726/1726
f 1085/1085/1085 1431/1431/1431 1727/1727/1727
f 1085/1085/1085 1727/1727/1727 1436/1436/1436
f 1436/1436/1436 1727/1727/1727 1433/1433/1433
f 1436/1436/1436 1433/1433/1433 1096/1096/1096
f 1727/1727/1727 1450/1450/1450 1095/1095/1095
f 1727/1727/1727 1095/1095/1095 1433/1433/1433
f 1431/1431/1431 1084/1084/1084 1450/1450/1450
f 1431/1431/1431 1450/1450/1450 1727/1727/1727
f 1074/1074/1074 1411/1411/1411 1728/1728/1728
f 1074/1074/1074 1728/1728/1728 1430/1430/1430
f 1430/1430/1430 1728/1728/1728 1431/1431/1431
f 1430/1430/1430 1431/1431/1431 1085/1085/1085
f 1728/1728/1728 1417/1417/1417 1084/1084/1084
f 1728/1728/1728 1084/1084/1084 1431/1431/1431
f 1411/1411/1411 1073/1073/1073 1417/1417/1417
f 1411/1411/1411 1417/1417/1417 1728/1728/1728
f 1123/1123/1123 1528/1528/1528 1729/1729/1729
f 1123/1123/1123 1729/1729/1729 1504/1504/1504
f 1504/1504/1504 1729/1729/1729 1493/1493/1493
f 1504/1504/1504 1493/1493/1493 1131/1131/1131
f 1729/1729/1729 1477/1477/1477 1137/1137/1137
f 1729/1729/1729 1137/1137/1137 1493/1493/1493
f 1528/1528/1528 1139/1139/1139 1477/1477/1477
f 1528/1528/1528 1477/1477/1477 1729/1729/1729
f 1091/1091/1091 1422/1422/1422 1730/1730/1730
f 1091/1091/1091 1730/1730/1730 1456/1456/1456
f 1456/1456/1456 1730/1730/1730 1440/1440/1440
f 1456/1456/1456 1440/1440/1440 1102/1102/1102
f 1730/1730/1730 1465/1465/1465 1101/1101/1101
f 1730/1730/1730 1101/1101/1101 1440/1440/1440
f 1422/1422/1422 1090/1090/1090 1465/1465/1465
f 1422/1422/1422 1465/1465/1465 1730/1730/1730
f 1079/1079/1079 1398/1398/1398 1731/1731/1731
f 1079/1079/1079 1731/1731/1731 1443/1443/1443
f 1443/1443/1443 1731/1731/1731 1423/1423/1423
f 1443/1443/1443 1423/1423/1423 1090/1090/1090
f 1731/1731/1731 1442/1442/1442 1089/1089/1089
f 1731/1731/1731 1089/1089/1089 1423/1423/1423
f 1398/1398/1398 1078/1078/1078 1442/1442/1442
f 1398/1398/1398 1442/1442/1442 1731/1731/1731
f 1026/1026/1026 1549/1549/1549 1732/1732/1732
f 1026/1026/1026 1732/1732/1732 1595/1595/1595
f 1595/1595/1595 1732/1732/1732 1550/1550/1550
f 1595/1595/1595 1550/1550/1550 1000/1000/1000
f 1732/1732/1732 1455/1455/1455 1109/1109/1109
f 1732/1732/1732 1109/1109/1109 1550/1550/1550
f 1549/1549/1549 1098/1098/1098 1455/1455/1455
f 1549/1549/1549 1455/1455/1455 1732/1732/1732
f 1087/1087/1087 1424/1424/1424 1733/1733/1733
f 1087/1087/1087 1733/1733/1733 1438/1438/1438
f 1438/1438/1438 1733/1733/1733 1434/1434/1434
f 1438/1438/1438 1434/1434/1434 1098/1098/1098
f 1733/1733/1733 1437/1437/1437 1097/1097/1097
f 1733/1733/1733 1097/1097/1097 1434/1434/1434
f 1424/1424/1424 1086/1086/1086 1437/1437/1437
f 1424/1424/1424 1437/1437/1437 1733/1733/1733
f 1092/1092/1092 1421/1421/1421 1734/1734/1734
f 1092/1092/1092 1734/1734/1734 1466/1466/1466
f 1466/1466/1466 1734/1734/1734 1468/1468/1468
f 1466/1466/1466 1468/1468/1468 1103/1103/1103
f 1734/1734/1734 1456/1456/1456 1102/1102/1102
f 1734/1734/1734 1102/1102/1102 1468/1468/1468
f 1421/1421/1421 1091/1091/1091 1456/1456/1456
f 1421/1421/1421 1456/1456/1456 1734/1734/1734
f 1080/1080/1080 1402/1402/1402 1735/1735/1735
f 1080/1080/1080 1735/1735/1735 1445/1445/1445
f 1445/1445/1445 1735/1735/1735 1422/1422/1422
f 1445/1445/1445 1422/1422/1422 1091/1091/1091
f 1735/1735/1735 1443/1443/1443 1090/1090/1090
f 1735/1735/1735 1090/1090/1090 1422/1422/1422
f 1402/1402/1402 1079/1079/1079 1443/1443/1443
f 1402/1402/1402 1443/1443/1443 1735/1735/1735
f 1094/1094/1094 1432/1432/1432 1736/1736/1736
f 1094/1094/1094 1736/1736/1736 1467/1467/1467
f 1467/1467/1467 1736/1736/1736 1469/1469/1469
f 1467/1467/1467 1469/1469/1469 1105/1105/1105
f 1736/1736/1736 1457/1457/1457 1104/1104/1104
f 1736/1736/1736 1104/1104/1104 1469/1469/1469
f 1432/1432/1432 1093/1093/1093 1457/1457/1457
f 1432/1432/1432 1457/1457/1457 1736/1736/1736
f 1024/1024/1024 1546/1546/1546 1737/1737/1737
f 1024/1024/1024 1737/1737/1737 1318/1318/1318
f 1318/1318/1318 1737/1737/1737 1549/1549/1549
f 1318/1318/1318 1549/1549/1549 1026/1026/1026
f 1737/1737/1737 1438/1438/1438 1098/1098/1098
f 1737/1737/1737 1098/1098/1098 1549/1549/1549
f 1546/1546/1546 1087/1087/1087 1438/1438/1438
f 1546/1546/1546 1438/1438/1438 1737/1737/1737
f 1093/1093/1093 1444/1444/1444 1738/1738/1738
f 1093/1093/1093 1738/1738/1738 1457/1457/1457
f 1457/1457/1457 1738/1738/1738 1452/1452/1452
f 1457/1457/1457 1452/1452/1452 1104/1104/1104
f 1738/1738/1738 1466/1466/1466 1103/1103/1103
f 1738/1738/1738 1103/1103/1103 1452/1452/1452
f 1444/1444/1444 1092/1092/1092 1466/1466/1466
f 1444/1444/1444 1466/1466/1466 1738/1738/1738
f 1081/1081/1081 1400/1400/1400 1739/1739/1739
f 1081/1081/1081 1739/1739/1739 1439/1439/1439
f 1439/1439/1439 1739/1739/1739 1421/1421/1421
f 1439/1439/1439 1421/1421/1421 1092/1092/1092
f 1739/1739/1739 1445/1445/1445 1091/1091/1091
f 1739/1739/1739 1091/1091/1091 1421/1421/1421
f 1400/1400/1400 1080/1080/1080 1445/1445/1445
f 1400/1400/1400 1445/1445/1445 1739/1739/1739
f 1082/1082/1082 1399/1399/1399 1740/1740/1740
f 1082/1082/1082 1740/1740/1740 1447/1447/1447
f 1447/1447/1447 1740/1740/1740 1444/1444/1444
f 1447/1447/1447 1444/1444/1444 1093/1093/1093
f 1740/1740/1740 1439/1439/1439 1092/1092/1092
f 1740/1740/1740 1092/1092/1092 1444/1444/1444
f 1399/1399/1399 1081/1081/1081 1439/1439/1439
f 1399/1399/1399 1439/1439/1439 1740/1740/1740
f 1083/1083/1083 1429/1429/1429 1741/1741/1741
f 1083/1083/1083 1741/1741/1741 1435/1435/1435
f 1435/1435/1435 1741/1741/1741 1432/1432/1432
f 1435/1435/1435 1432/1432/1432 1094/1094/1094
f 1741/1741/1741 1447/1447/1447 1093/1093/1093
f 1741/1741/1741 1093/1093/1093 1432/1432/1432
f 1429/1429/1429 1082/1082/1082 1447/1447/1447
f 1429/1429/1429 1447/1447/1447 1741/1741/1741
f 1089/1089/1089 1420/1420/1420 1742/1742/1742
f 1089/1089/1089 1742/1742/1742 1460/1460/1460
f 1460/1460/1460 1742/1742/1742 1449/1449/1449
f 1460/1460/1460 1449/1449/1449 1100/1100/1100
f 1742/1742/1742 1459/1459/1459 1099/1099/1099
f 1742/1742/1742 1099/1099/1099 1449/1449/1449
f 1420/1420/1420 1088/1088/1088 1459/1459/1459
f 1420/1420/1420 1459/1459/1459 1742/1742/1742
f 1031/1031/1031 1559/1559/1559 1743/1743/1743
f 1031/1031/1031 1743/1743/1743 1593/1593/1593
f 1593/1593/1593 1743/1743/1743 1558/1558/1558
f 1593/1593/1593 1558/1558/1558 1030/1030/1030
f 1743/1743/1743 1528/1528/1528 1123/1123/1123
f 1743/1743/1743 1123/1123/1123 1558/1558/1558
f 1559/1559/1559 1139/1139/1139 1528/1528/1528
f 1559/1559/1559 1528/1528/1528 1743/1743/1743
f 1097/1097/1097 1448/1448/1448 1744/1744/1744
f 1097/1097/1097 1744/1744/1744 1464/1464/1464
f 1464/1464/1464 1744/1744/1744 1454/1454/1454
f 1464/1464/1464 1454/1454/1454 1108/1108/1108
f 1744/1744/1744 1461/1461/1461 1107/1107/1107
f 1744/1744/1744 1107/1107/1107 1454/1454/1454
f 1448/1448/1448 1096/1096/1096 1461/1461/1461
f 1448/1448/1448 1461/1461/1461 1744/1744/1744
f 1090/1090/1090 1423/1423/1423 1745/1745/1745
f 1090/1090/1090 1745/1745/1745 1465/1465/1465
f 1465/1465/1465 1745/1745/1745 1441/1441/1441
f 1465/1465/1465 1441/1441/1441 1101/1101/1101
f 1745/1745/1745 1460/1460/1460 1100/1100/1100
f 1745/1745/1745 1100/1100/1100 1441/1441/1441
f 1423/1423/1423 1089/1089/1089 1460/1460/1460
f 1423/1423/1423 1460/1460/1460 1745/1745/1745
f 1122/1122/1122 1517/1517/1517 1746/1746/1746
f 1122/1122/1122 1746/1746/1746 1501/1501/1501
f 1501/1501/1501 1746/1746/1746 1487/1487/1487
f 1501/1501/1501 1487/1487/1487 1113/1113/1113
f 1746/1746/1746 1511/1511/1511 1112/1112/1112
f 1746/1746/1746 1112/1112/1112 1487/1487/1487
f 1517/1517/1517 1121/1121/1121 1511/1511/1511
f 1517/1517/1517 1511/1511/1511 1746/1746/1746
f 1129/1129/1129 1529/1529/1529 1747/1747/1747
f 1129/1129/1129 1747/1747/1747 1515/1515/1515
f 1515/1515/1515 1747/1747/1747 1530/1530/1530
f 1515/1515/1515 1530/1530/1530 1127/1127/1127
f 1747/1747/1747 1478/1478/1478 1134/1134/1134
f 1747/1747/1747 1134/1134/1134 1530/1530/1530
f 1529/1529/1529 1135/1135/1135 1478/1478/1478
f 1529/1529/1529 1478/1478/1478 1747/1747/1747
f 1095/1095/1095 1446/1446/1446 1748/1748/1748
f 1095/1095/1095 1748/1748/1748 1458/1458/1458
f 1458/1458/1458 1748/1748/1748 1453/1453/1453
f 1458/1458/1458 1453/1453/1453 1106/1106/1106
f 1748/1748/1748 1467/1467/1467 1105/1105/1105
f 1748/1748/1748 1105/1105/1105 1453/1453/1453
f 1446/1446/1446 1094/1094/1094 1467/1467/1467
f 1446/1446/1446 1467/1467/1467 1748/1748/1748
f 1141/1141/1141 1526/1526/1526 1749/1749/1749
f 1141/1141/1141 1749/1749/1749 1500/1500/1500
f 1500/1500/1500 1749/1749/1749 1531/1531/1531
f 1500/1500/1500 1531/1531/1531 1124/1124/1124
f 1749/1749/1749 1520/1520/1520 1122/1122/1122
f 1749/1749/1749 1122/1122/1122 1531/1531/1531
f 1526/1526/1526 1140/1140/1140 1520/1520/1520
f 1526/1526/1526 1520/1520/1520 1749/1749/1749
f 1088/1088/1088 1547/1547/1547 1750/1750/1750
f 1088/1088/1088 1750/1750/1750 1459/1459/1459
f 1459/1459/1459 1750/1750/1750 1548/1548/1548
f 1459/1459/1459 1548/1548/1548 1099/1099/1099
f 1750/1750/1750 1264/1264/1264 989/989/989
f 1750/1750/1750 989/989/989 1548/1548/1548
f 1547/1547/1547 987/987/987 1264/1264/1264
f 1547/1547/1547 1264/1264/1264 1750/1750/1750
f 1137/1137/1137 1524/1524/1524 1751/1751/1751
f 1137/1137/1137 1751/1751/1751 1493/1493/1493
f 1493/1493/1493 1751/1751/1751 1514/1514/1514
f 1493/1493/1493 1514/1514/1514 1131/1131/1131
f 1751/1751/1751 1529/1529/1529 1129/1129/1129
f 1751/1751/1751 1129/1129/1129 1514/1514/1514
f 1524/1524/1524 1135/1135/1135 1529/1529/1529
f 1524/1524/1524 1529/1529/1529 1751/1751/1751
f 1096/1096/1096 1433/1433/1433 1752/1752/1752
f 1096/1096/1096 1752/1752/1752 1461/1461/1461
f 1461/1461/1461 1752/1752/1752 1462/1462/1462
f 1461/1461/1461 1462/1462/1462 1107/1107/1107
f 1752/1752/1752 1458/1458/1458 1106/1106/1106
f 1752/1752/1752 1106/1106/1106 1462/1462/1462
f 1433/1433/1433 1095/1095/1095 1458/1458/1458
f 1433/1433/1433 1458/1458/1458 1752/1752/1752
f 1140/1140/1140 1522/1522/1522 1753/1753/1753
f 1140/1140/1140 1753/1753/1753 1520/1520/1520
f 1520/1520/1520 1753/1753/1753 1517/1517/1517
f 1520/1520/1520 1517/1517/1517 1122/1122/1122
f 1753/1753/1753 1542/1542/1542 1121/1121/1121
f 1753/1753/1753 1121/1121/1121 1517/1517/1517
f 1522/1522/1522 1138/1138/1138 1542/1542/1542
f 1522/1522/1522 1542/1542/1542 1753/1753/1753
f 1133/1133/1133 1521/1521/1521 1754/1754/1754
f 1133/1133/1133 1754/1754/1754 1510/1510/1510
f 1510/1510/1510 1754/1754/1754 1516/1516/1516
f 1510/1510/1510 1516/1516/1516 1126/1126/1126
f 1754/1754/1754 1527/1527/1527 1125/1125/1125
f 1754/1754/1754 1125/1125/1125 1516/1516/1516
f 1521/1521/1521 1142/1142/1142 1527/1527/1527
f 1521/1521/1521 1527/1527/1527 1754/1754/1754
f 1033/1033/1033 1553/1553/1553 1755/1755/1755
f 1033/1033/1033 1755/1755/1755 1369/1369/1369
f 1369/1369/1369 1755/1755/1755 1554/1554/1554
f 1369/1369/1369 1554/1554/1554 1044/1044/1044
f 1755/1755/1755 1325/1325/1325 1018/1018/1018
f 1755/1755/1755 1018/1018/1018 1554/1554/1554
f 1553/1553/1553 1017/1017/1017 1325/1325/1325
f 1553/1553/1553 1325/1325/1325 1755/1755/1755
f 1130/1130/1130 1519/1519/1519 1756/1756/1756
f 1130/1130/1130 1756/1756/1756 1479/1479/1479
f 1479/1479/1479 1756/1756/1756 1534/1534/1534
f 1479/1479/1479 1534/1534/1534 1144/1144/1144
f 1756/1756/1756 1523/1523/1523 1145/1145/1145
f 1756/1756/1756 1145/1145/1145 1534/1534/1534
f 1519/1519/1519 1136/1136/1136 1523/1523/1523
f 1519/1519/1519 1523/1523/1523 1756/1756/1756
f 1105/1105/1105 1469/1469/1469 1757/1757/1757
f 1105/1105/1105 1757/1757/1757 1475/1475/1475
f 1475/1475/1475 1757/1757/1757 1521/1521/1521
f 1475/1475/1475 1521/1521/1521 1133/1133/1133
f 1757/1757/1757 1485/1485/1485 1142/1142/1142
f 1757/1757/1757 1142/1142/1142 1521/1521/1521
f 1469/1469/1469 1104/1104/1104 1485/1485/1485
f 1469/1469/1469 1485/1485/1485 1757/1757/1757
f 1103/1103/1103 1468/1468/1468 1758/1758/1758
f 1103/1103/1103 1758/1758/1758 1484/1484/1484
f 1484/1484/1484 1758/1758/1758 1526/1526/1526
f 1484/1484/1484 1526/1526/1526 1141/1141/1141
f 1758/1758/1758 1483/1483/1483 1140/1140/1140
f 1758/1758/1758 1140/1140/1140 1526/1526/1526
f 1468/1468/1468 1102/1102/1102 1483/1483/1483
f 1468/1468/1468 1483/1483/1483 1758/1758/1758
f 1109/1109/1109 1463/1463/1463 1759/1759/1759
f 1109/1109/1109 1759/1759/1759 1482/1482/1482
f 1482/1482/1482 1759/1759/1759 1477/1477/1477
f 1482/1482/1482 1477/1477/1477 1139/1139/1139
f 1759/1759/1759 1480/1480/1480 1137/1137/1137
f 1759/1759/1759 1137/1137/1137 1477/1477/1477
f 1463/1463/1463 1108/1108/1108 1480/1480/1480
f 1463/1463/1463 1480/1480/1480 1759/1759/1759
f 1106/1106/1106 1453/1453/1453 1760/1760/1760
f 1106/1106/1106 1760/1760/1760 1472/1472/1472
f 1472/1472/1472 1760/1760/1760 1533/1533/1533
f 1472/1472/1472 1533/1533/1533 1134/1134/1134
f 1760/1760/1760 1475/1475/1475 1133/1133/1133
f 1760/1760/1760 1133/1133/1133 1533/1533/1533
f 1453/1453/1453 1105/1105/1105 1475/1475/1475
f 1453/1453/1453 1475/1475/1475 1760/1760/1760
f 1101/1101/1101 1441/1441/1441 1761/1761/1761
f 1101/1101/1101 1761/1761/1761 1481/1481/1481
f 1481/1481/1481 1761/1761/1761 1525/1525/1525
f 1481/1481/1481 1525/1525/1525 1138/1138/1138
f 1761/1761/1761 1540/1540/1540 1136/1136/1136
f 1761/1761/1761 1136/1136/1136 1525/1525/1525
f 1441/1441/1441 1100/1100/1100 1540/1540/1540
f 1441/1441/1441 1540/1540/1540 1761/1761/1761
f 1142/1142/1142 1476/1476/1476 1762/1762/1762
f 1142/1142/1142 1762/1762/1762 1527/1527/1527
f 1527/1527/1527 1762/1762/1762 1473/1473/1473
f 1527/1527/1527 1473/1473/1473 1125/1125/1125
f 1762/1762/1762 1500/1500/1500 1124/1124/1124
f 1762/1762/1762 1124/1124/1124 1473/1473/1473
f 1476/1476/1476 1141/1141/1141 1500/1500/1500
f 1476/1476/1476 1500/1500/1500 1762/1762/1762
f 1030/1030/1030 1558/1558/1558 1763/1763/1763
f 1030/1030/1030 1763/1763/1763 1316/1316/1316
f 1316/1316/1316 1763/1763/1763 1552/1552/1552
f 1316/1316/1316 1552/1552/1552 1028/1028/1028
f 1763/1763/1763 1491/1491/1491 1120/1120/1120
f 1763/1763/1763 1120/1120/1120 1552/1552/1552
f 1558/1558/1558 1123/1123/1123 1491/1491/1491
f 1558/1558/1558 1491/1491/1491 1763/1763/1763
f 1125/1125/1125 1473/1473/1473 1764/1764/1764
f 1125/1125/1125 1764/1764/1764 1502/1502/1502
f 1502/1502/1502 1764/1764/1764 1489/1489/1489
f 1502/1502/1502 1489/1489/1489 1115/1115/1115
f 1764/1764/1764 1509/1509/1509 1114/1114/1114
f 1764/1764/1764 1114/1114/1114 1489/1489/1489
f 1473/1473/1473 1124/1124/1124 1509/1509/1509
f 1473/1473/1473 1509/1509/1509 1764/1764/1764
f 1127/1127/1127 1532/1532/1532 1765/1765/1765
f 1127/1127/1127 1765/1765/1765 1506/1506/1506
f 1506/1506/1506 1765/1765/1765 1498/1498/1498
f 1506/1506/1506 1498/1498/1498 1117/1117/1117
f 1765/1765/1765 1494/1494/1494 1116/1116/1116
f 1765/1765/1765 1116/1116/1116 1498/1498/1498
f 1532/1532/1532 1126/1126/1126 1494/1494/1494
f 1532/1532/1532 1494/1494/1494 1765/1765/1765
f 1121/1121/1121 1496/1496/1496 1766/1766/1766
f 1121/1121/1121 1766/1766/1766 1511/1511/1511
f 1511/1511/1511 1766/1766/1766 1488/1488/1488
f 1511/1511/1511 1488/1488/1488 1112/1112/1112
f 1766/1766/1766 1507/1507/1507 1111/1111/1111
f 1766/1766/1766 1111/1111/1111 1488/1488/1488
f 1496/1496/1496 1130/1130/1130 1507/1507/1507
f 1496/1496/1496 1507/1507/1507 1766/1766/1766
f 1127/1127/1127 1530/1530/1530 1767/1767/1767
f 1127/1127/1127 1767/1767/1767 1532/1532/1532
f 1532/1532/1532 1767/1767/1767 1510/1510/1510
f 1532/1532/1532 1510/1510/1510 1126/1126/1126
f 1767/1767/1767 1533/1533/1533 1133/1133/1133
f 1767/1767/1767 1133/1133/1133 1510/1510/1510
f 1530/1530/1530 1134/1134/1134 1533/1533/1533
f 1530/1530/1530 1533/1533/1533 1767/1767/1767
f 1144/1144/1144 1534/1534/1534 1768/1768/1768
f 1144/1144/1144 1768/1768/1768 1470/1470/1470
f 1470/1470/1470 1768/1768/1768 1492/1492/1492
f 1470/1470/1470 1492/1492/1492 1128/1128/1128
f 1768/1768/1768 1508/1508/1508 1099/1099/1099
f 1768/1768/1768 1099/1099/1099 1492/1492/1492
f 1534/1534/1534 1145/1145/1145 1508/1508/1508
f 1534/1534/1534 1508/1508/1508 1768/1768/1768
f 1055/1055/1055 1555/1555/1555 1769/1769/1769
f 1055/1055/1055 1769/1769/1769 1408/1408/1408
f 1408/1408/1408 1769/1769/1769 1556/1556/1556
f 1408/1408/1408 1556/1556/1556 1066/1066/1066
f 1769/1769/1769 1322/1322/1322 1022/1022/1022
f 1769/1769/1769 1022/1022/1022 1556/1556/1556
f 1555/1555/1555 1020/1020/1020 1322/1322/1322
f 1555/1555/1555 1322/1322/1322 1769/1769/1769
f 1123/1123/1123 1504/1504/1504 1770/1770/1770
f 1123/1123/1123 1770/1770/1770 1491/1491/1491
f 1491/1491/1491 1770/1770/1770 1499/1499/1499
f 1491/1491/1491 1499/1499/1499 1120/1120/1120
f 1770/1770/1770 1505/1505/1505 1119/1119/1119
f 1770/1770/1770 1119/1119/1119 1499/1499/1499
f 1504/1504/1504 1131/1131/1131 1505/1505/1505
f 1504/1504/1504 1505/1505/1505 1770/1770/1770
f 1129/1129/1129 1515/1515/1515 1771/1771/1771
f 1129/1129/1129 1771/1771/1771 1495/1495/1495
f 1495/1495/1495 1771/1771/1771 1490/1490/1490
f 1495/1495/1495 1490/1490/1490 1118/1118/1118
f 1771/1771/1771 1506/1506/1506 1117/1117/1117
f 1771/1771/1771 1117/1117/1117 1490/1490/1490
f 1515/1515/1515 1127/1127/1127 1506/1506/1506
f 1515/1515/1515 1506/1506/1506 1771/1771/1771
f 1126/1126/1126 1516/1516/1516 1772/1772/1772
f 1126/1126/1126 1772/1772/1772 1494/1494/1494
f 1494/1494/1494 1772/1772/1772 1512/1512/1512
f 1494/1494/1494 1512/1512/1512 1116/1116/1116
f 1772/1772/1772 1502/1502/1502 1115/1115/1115
f 1772/1772/1772 1115/1115/1115 1512/1512/1512
f 1516/1516/1516 1125/1125/1125 1502/1502/1502
f 1516/1516/1516 1502/1502/1502 1772/1772/1772
f 1124/1124/1124 1531/1531/1531 1773/1773/1773
f 1124/1124/1124 1773/1773/1773 1509/1509/1509
f 1509/1509/1509 1773/1773/1773 1497/1497/1497
f 1509/1509/1509 1497/1497/1497 1114/1114/1114
f 1773/1773/1773 1501/1501/1501 1113/1113/1113
f 1773/1773/1773 1113/1113/1113 1497/1497/1497
f 1531/1531/1531 1122/1122/1122 1501/1501/1501
f 1531/1531/1531 1501/1501/1501 1773/1773/1773
f 1044/1044/1044 1554/1554/1554 1774/1774/1774
f 1044/1044/1044 1774/1774/1774 1374/1374/1374
f 1374/1374/1374 1774/1774/1774 1555/1555/1555
f 1374/1374/1374 1555/1555/1555 1055/1055/1055
f 1774/1774/1774 1324/1324/1324 1020/1020/1020
f 1774/1774/1774 1020/1020/1020 1555/1555/1555
f 1554/1554/1554 1018/1018/1018 1324/1324/1324
f 1554/1554/1554 1324/1324/1324 1774/1774/1774
f 2352/2352/2352 2101/2101/2101 2366/2366/2366
f 2352/2352/2352 2366/2366/2366 2611/2611/2611
f 2348/2348/2348 2612/2612/2612 2371/2371/2371
f 2348/2348/2348 2371/2371/2371 2102/2102/2102
f 2103/2103/2103 2388/2388/2388 2612/2612/2612
f 2103/2103/2103 2612/2612/2612 2348/2348/2348
f 2612/2612/2612 2384/2384/2384 2113/2113/2113
f 2612/2612/2612 2113/2113/2113 2371/2371/2371
f 1128/1128/1128 1551/1551/1551 1776/1776/1776
f 1128/1128/1128 1776/1776/1776 1503/1503/1503
f 1503/1503/1503 1776/1776/1776 1557/1557/1557
f 1503/1503/1503 1557/1557/1557 1110/1110/1110
f 1776/1776/1776 1317/1317/1317 1027/1027/1027
f 1776/1776/1776 1027/1027/1027 1557/1557/1557
f 1551/1551/1551 1029/1029/1029 1317/1317/1317
f 1551/1551/1551 1317/1317/1317 1776/1776/1776
f 1100/1100/1100 1449/1449/1449 1777/1777/1777
f 1100/1100/1100 1777/1777/1777 1540/1540/1540
f 1540/1540/1540 1777/1777/1777 1523/1523/1523
f 1540/1540/1540 1523/1523/1523 1136/1136/1136
f 1777/1777/1777 1508/1508/1508 1145/1145/1145
f 1777/1777/1777 1145/1145/1145 1523/1523/1523
f 1449/1449/1449 1099/1099/1099 1508/1508/1508
f 1449/1449/1449 1508/1508/1508 1777/1777/1777
f 1143/1143/1143 1535/1535/1535 1778/1778/1778
f 1143/1143/1143 1778/1778/1778 1474/1474/1474
f 1474/1474/1474 1778/1778/1778 1518/1518/1518
f 1474/1474/1474 1518/1518/1518 1132/1132/1132
f 1778/1778/1778 1470/1470/1470 1128/1128/1128
f 1778/1778/1778 1128/1128/1128 1518/1518/1518
f 1535/1535/1535 1144/1144/1144 1470/1470/1470
f 1535/1535/1535 1470/1470/1470 1778/1778/1778
f 1108/1108/1108 1454/1454/1454 1779/1779/1779
f 1108/1108/1108 1779/1779/1779 1480/1480/1480
f 1480/1480/1480 1779/1779/1779 1524/1524/1524
f 1480/1480/1480 1524/1524/1524 1137/1137/1137
f 1779/1779/1779 1471/1471/1471 1135/1135/1135
f 1779/1779/1779 1135/1135/1135 1524/1524/1524
f 1454/1454/1454 1107/1107/1107 1471/1471/1471
f 1454/1454/1454 1471/1471/1471 1779/1779/1779
f 1102/1102/1102 1440/1440/1440 1780/1780/1780
f 1102/1102/1102 1780/1780/1780 1483/1483/1483
f 1483/1483/1483 1780/1780/1780 1522/1522/1522
f 1483/1483/1483 1522/1522/1522 1140/1140/1140
f 1780/1780/1780 1481/1481/1481 1138/1138/1138
f 1780/1780/1780 1138/1138/1138 1522/1522/1522
f 1440/1440/1440 1101/1101/1101 1481/1481/1481
f 1440/1440/1440 1481/1481/1481 1780/1780/1780
f 1104/1104/1104 1452/1452/1452 1781/1781/1781
f 1104/1104/1104 1781/1781/1781 1485/1485/1485
f 1485/1485/1485 1781/1781/1781 1476/1476/1476
f 1485/1485/1485 1476/1476/1476 1142/1142/1142
f 1781/1781/1781 1484/1484/1484 1141/1141/1141
f 1781/1781/1781 1141/1141/1141 1476/1476/1476
f 1452/1452/1452 1103/1103/1103 1484/1484/1484
f 1452/1452/1452 1484/1484/1484 1781/1781/1781
f 1130/1130/1130 1479/1479/1479 1782/1782/1782
f 1130/1130/1130 1782/1782/1782 1507/1507/1507
f 1507/1507/1507 1782/1782/1782 1513/1513/1513
f 1507/1507/1507 1513/1513/1513 1111/1111/1111
f 1782/1782/1782 1535/1535/1535 1143/1143/1143
f 1782/1782/1782 1143/1143/1143 1513/1513/1513
f 1479/1479/1479 1144/1144/1144 1535/1535/1535
f 1479/1479/1479 1535/1535/1535 1782/1782/1782
f 1000/1000/1000 1550/1550/1550 1783/1783/1783
f 1000/1000/1000 1783/1783/1783 1594/1594/1594
f 1594/1594/1594 1783/1783/1783 1559/1559/1559
f 1594/1594/1594 1559/1559/1559 1031/1031/1031
f 1783/1783/1783 1482/1482/1482 1139/1139/1139
f 1783/1783/1783 1139/1139/1139 1559/1559/1559
f 1550/1550/1550 1109/1109/1109 1482/1482/1482
f 1550/1550/1550 1482/1482/1482 1783/1783/1783
f 1066/1066/1066 1556/1556/1556 1784/1784/1784
f 1066/1066/1066 1784/1784/1784 1418/1418/1418
f 1418/1418/1418 1784/1784/1784 1596/1596/1596
f 1418/1418/1418 1596/1596/1596 1077/1077/1077
f 1784/1784/1784 1320/1320/1320 1025/1025/1025
f 1784/1784/1784 1025/1025/1025 1596/1596/1596
f 1556/1556/1556 1022/1022/1022 1320/1320/1320
f 1556/1556/1556 1320/1320/1320 1784/1784/1784
f 2292/2292/2292 2312/2312/2312 1785/1785/1785
f 2292/2292/2292 1785/1785/1785 1341/1341/1341
f 1341/1341/1341 1785/1785/1785 1553/1553/1553
f 1341/1341/1341 1553/1553/1553 1033/1033/1033
f 1785/1785/1785 1326/1326/1326 1017/1017/1017
f 1785/1785/1785 1017/1017/1017 1553/1553/1553
f 2312/2312/2312 2289/2289/2289 1326/1326/1326
f 2312/2312/2312 1326/1326/1326 1785/1785/1785
f 1131/1131/1131 1514/1514/1514 1786/1786/1786
f 1131/1131/1131 1786/1786/1786 1505/1505/1505
f 1505/1505/1505 1786/1786/1786 1541/1541/1541
f 1505/1505/1505 1541/1541/1541 1119/1119/1119
f 1786/1786/1786 1495/1495/1495 1118/1118/1118
f 1786/1786/1786 1118/1118/1118 1541/1541/1541
f 1514/1514/1514 1129/1129/1129 1495/1495/1495
f 1514/1514/1514 1495/1495/1495 1786/1786/1786
f 1128/1128/1128 1503/1503/1503 1787/1787/1787
f 1128/1128/1128 1787/1787/1787 1518/1518/1518
f 1132/1132/1132 1518/1518/1518 1787/1787/1787
f 1132/1132/1132 1787/1787/1787 1486/1486/1486
f 1110/1110/1110 1486/1486/1486 1787/1787/1787
f 1110/1110/1110 1787/1787/1787 1503/1503/1503
f 1107/1107/1107 1462/1462/1462 1788/1788/1788
f 1107/1107/1107 1788/1788/1788 1471/1471/1471
f 1471/1471/1471 1788/1788/1788 1478/1478/1478
f 1471/1471/1471 1478/1478/1478 1135/1135/1135
f 1788/1788/1788 1472/1472/1472 1134/1134/1134
f 1788/1788/1788 1134/1134/1134 1478/1478/1478
f 1462/1462/1462 1106/1106/1106 1472/1472/1472
f 1462/1462/1462 1472/1472/1472 1788/1788/1788
f 1072/1072/1072 1539/1539/1539 1789/1789/1789
f 1072/1072/1072 1789/1789/1789 1428/1428/1428
f 1428/1428/1428 1789/1789/1789 1429/1429/1429
f 1428/1428/1428 1429/1429/1429 1083/1083/1083
f 1789/1789/1789 1416/1416/1416 1082/1082/1082
f 1789/1789/1789 1082/1082/1082 1429/1429/1429
f 1539/1539/1539 1071/1071/1071 1416/1416/1416
f 1539/1539/1539 1416/1416/1416 1789/1789/1789
f 1059/1059/1059 1358/1358/1358 1790/1790/1790
f 1059/1059/1059 1790/1790/1790 1406/1406/1406
f 1406/1406/1406 1790/1790/1790 1381/1381/1381
f 1406/1406/1406 1381/1381/1381 1070/1070/1070
f 1790/1790/1790 1394/1394/1394 1069/1069/1069
f 1790/1790/1790 1069/1069/1069 1381/1381/1381
f 1358/1358/1358 1058/1058/1058 1394/1394/1394
f 1358/1358/1358 1394/1394/1394 1790/1790/1790
f 1045/1045/1045 1337/1337/1337 1791/1791/1791
f 1045/1045/1045 1791/1791/1791 1375/1375/1375
f 1375/1375/1375 1791/1791/1791 1357/1357/1357
f 1375/1375/1375 1357/1357/1357 1056/1056/1056
f 1791/1791/1791 1374/1374/1374 1055/1055/1055
f 1791/1791/1791 1055/1055/1055 1357/1357/1357
f 1337/1337/1337 1044/1044/1044 1374/1374/1374
f 1337/1337/1337 1374/1374/1374 1791/1791/1791
f 1037/1037/1037 1343/1343/1343 1792/1792/1792
f 1037/1037/1037 1792/1792/1792 1366/1366/1366
f 1366/1366/1366 1792/1792/1792 1537/1537/1537
f 1366/1366/1366 1537/1537/1537 1048/1048/1048
f 1792/1792/1792 1353/1353/1353 1047/1047/1047
f 1792/1792/1792 1047/1047/1047 1537/1537/1537
f 1343/1343/1343 1036/1036/1036 1353/1353/1353
f 1343/1343/1343 1353/1353/1353 1792/1792/1792
f 2293/2293/2293 2294/2294/2294 1793/1793/1793
f 2293/2293/2293 1793/1793/1793 1332/1332/1332
f 1332/1332/1332 1793/1793/1793 1327/1327/1327
f 1332/1332/1332 1327/1327/1327 1035/1035/1035
f 1793/1793/1793 1344/1344/1344 1034/1034/1034
f 1793/1793/1793 1034/1034/1034 1327/1327/1327
f 2294/2294/2294 2290/2290/2290 1344/1344/1344
f 2294/2294/2294 1344/1344/1344 1793/1793/1793
f 1043/1043/1043 1331/1331/1331 1794/1794/1794
f 1043/1043/1043 1794/1794/1794 1352/1352/1352
f 1352/1352/1352 1794/1794/1794 1363/1363/1363
f 1352/1352/1352 1363/1363/1363 1054/1054/1054
f 1794/1794/1794 1364/1364/1364 1053/1053/1053
f 1794/1794/1794 1053/1053/1053 1363/1363/1363
f 1331/1331/1331 1042/1042/1042 1364/1364/1364
f 1331/1331/1331 1364/1364/1364 1794/1794/1794
f 2610/2610/2610 2401/2401/2401 2155/2155/2155
f 2610/2610/2610 2155/2155/2155 2402/2402/2402
f 2611/2611/2611 2366/2366/2366 2075/2075/2075
f 2611/2611/2611 2075/2075/2075 2364/2364/2364
f 2441/2441/2441 2644/2644/2644 2471/2471/2471
f 2441/2441/2441 2471/2471/2471 2227/2227/2227
f 2664/2664/2664 2439/2439/2439 2223/2223/2223
f 2664/2664/2664 2223/2223/2223 2454/2454/2454
f 1116/1116/1116 1560/1560/1560 1796/1796/1796
f 1116/1116/1116 1796/1796/1796 1498/1498/1498
f 1498/1498/1498 1796/1796/1796 1561/1561/1561
f 1498/1498/1498 1561/1561/1561 1117/1117/1117
f 1806/1806/1806 2014/2014/2014 1988/1988/1988
f 1806/1806/1806 1988/1988/1988 1576/1576/1576
f 1807/1807/1807 2022/2022/2022 1984/1984/1984
f 1807/1807/1807 1984/1984/1984 1560/1560/1560
f 1112/1112/1112 1562/1562/1562 1797/1797/1797
f 1112/1112/1112 1797/1797/1797 1487/1487/1487
f 1487/1487/1487 1797/1797/1797 1563/1563/1563
f 1487/1487/1487 1563/1563/1563 1113/1113/1113
f 1563/1563/1563 1978/1978/1978 2016/2016/2016
f 1563/1563/1563 2016/2016/2016 1813/1813/1813
f 1800/1800/1800 2009/2009/2009 1975/1975/1975
f 1800/1800/1800 1975/1975/1975 1562/1562/1562
f 2066/2066/2066 2365/2365/2365 2613/2613/2613
f 2066/2066/2066 2613/2613/2613 2327/2327/2327
f 2327/2327/2327 2613/2613/2613 2352/2352/2352
f 2327/2327/2327 2352/2352/2352 2065/2065/2065
f 2390/2390/2390 2642/2642/2642 2437/2437/2437
f 2390/2390/2390 2437/2437/2437 2154/2154/2154
f 2402/2402/2402 2155/2155/2155 2390/2390/2390
f 2402/2402/2402 2390/2390/2390 2633/2633/2633
f 1119/1119/1119 1566/1566/1566 1799/1799/1799
f 1119/1119/1119 1799/1799/1799 1499/1499/1499
f 1499/1499/1499 1799/1799/1799 1567/1567/1567
f 1499/1499/1499 1567/1567/1567 1120/1120/1120
f 1567/1567/1567 1992/1992/1992 2028/2028/2028
f 1567/1567/1567 2028/2028/2028 1803/1803/1803
f 1815/1815/1815 2026/2026/2026 1990/1990/1990
f 1815/1815/1815 1990/1990/1990 1566/1566/1566
f 1111/1111/1111 1568/1568/1568 1800/1800/1800
f 1111/1111/1111 1800/1800/1800 1488/1488/1488
f 1488/1488/1488 1800/1800/1800 1562/1562/1562
f 1488/1488/1488 1562/1562/1562 1112/1112/1112
f 1797/1797/1797 2007/2007/2007 1978/1978/1978
f 1797/1797/1797 1978/1978/1978 1563/1563/1563
f 1808/1808/1808 2024/2024/2024 1972/1972/1972
f 1808/1808/1808 1972/1972/1972 1568/1568/1568
f 2151/2151/2151 2414/2414/2414 2614/2614/2614
f 2151/2151/2151 2614/2614/2614 2378/2378/2378
f 2388/2388/2388 2114/2114/2114 2384/2384/2384
f 2388/2388/2388 2384/2384/2384 2612/2612/2612
f 2643/2643/2643 2396/2396/2396 2158/2158/2158
f 2643/2643/2643 2158/2158/2158 2417/2417/2417
f 2369/2369/2369 2631/2631/2631 2394/2394/2394
f 2369/2369/2369 2394/2394/2394 2114/2114/2114
f 2613/2613/2613 2368/2368/2368 2101/2101/2101
f 2613/2613/2613 2101/2101/2101 2352/2352/2352
f 2378/2378/2378 2614/2614/2614 2434/2434/2434
f 2378/2378/2378 2434/2434/2434 2150/2150/2150
f 2403/2403/2403 2120/2120/2120 2377/2377/2377
f 2403/2403/2403 2377/2377/2377 2634/2634/2634
f 2387/2387/2387 2635/2635/2635 2433/2433/2433
f 2387/2387/2387 2433/2433/2433 2120/2120/2120
f 1120/1120/1120 1567/1567/1567 1803/1803/1803
f 1120/1120/1120 1803/1803/1803 1552/1552/1552
f 1552/1552/1552 1803/1803/1803 1571/1571/1571
f 1552/1552/1552 1571/1571/1571 1028/1028/1028
f 1584/1584/1584 1970/1970/1970 2005/2005/2005
f 1584/1584/1584 2005/2005/2005 1814/1814/1814
f 1585/1585/1585 1994/1994/1994 2003/2003/2003
f 1585/1585/1585 2003/2003/2003 1812/1812/1812
f 2101/2101/2101 2376/2376/2376 2615/2615/2615
f 2101/2101/2101 2615/2615/2615 2366/2366/2366
f 2365/2365/2365 2102/2102/2102 2368/2368/2368
f 2365/2365/2365 2368/2368/2368 2613/2613/2613
f 1572/1572/1572 1962/1962/1962 2030/2030/2030
f 1572/1572/1572 2030/2030/2030 1810/1810/1810
f 2386/2386/2386 2633/2633/2633 2395/2395/2395
f 2386/2386/2386 2395/2395/2395 2115/2115/2115
f 1114/1114/1114 1573/1573/1573 1805/1805/1805
f 1114/1114/1114 1805/1805/1805 1489/1489/1489
f 1489/1489/1489 1805/1805/1805 1574/1574/1574
f 1489/1489/1489 1574/1574/1574 1115/1115/1115
f 1574/1574/1574 1982/1982/1982 2022/2022/2022
f 1574/1574/1574 2022/2022/2022 1807/1807/1807
f 1813/1813/1813 2016/2016/2016 1980/1980/1980
f 1813/1813/1813 1980/1980/1980 1573/1573/1573
f 2414/2414/2414 2162/2162/2162 2397/2397/2397
f 2414/2414/2414 2397/2397/2397 2614/2614/2614
f 2366/2366/2366 2615/2615/2615 2383/2383/2383
f 2366/2366/2366 2383/2383/2383 2075/2075/2075
f 2112/2112/2112 2393/2393/2393 2636/2636/2636
f 2112/2112/2112 2636/2636/2636 2545/2545/2545
f 2489/2489/2489 2318/2318/2318 2484/2484/2484
f 2489/2489/2489 2484/2484/2484 2683/2683/2683
f 1117/1117/1117 1561/1561/1561 1806/1806/1806
f 1117/1117/1117 1806/1806/1806 1490/1490/1490
f 1490/1490/1490 1806/1806/1806 1576/1576/1576
f 1490/1490/1490 1576/1576/1576 1118/1118/1118
f 1576/1576/1576 1988/1988/1988 2026/2026/2026
f 1576/1576/1576 2026/2026/2026 1815/1815/1815
f 1796/1796/1796 2018/2018/2018 1986/1986/1986
f 1796/1796/1796 1986/1986/1986 1561/1561/1561
f 2614/2614/2614 2397/2397/2397 2161/2161/2161
f 2614/2614/2614 2161/2161/2161 2434/2434/2434
f 2615/2615/2615 2545/2545/2545 2111/2111/2111
f 2615/2615/2615 2111/2111/2111 2383/2383/2383
f 2418/2418/2418 2665/2665/2665 2466/2466/2466
f 2418/2418/2418 2466/2466/2466 2168/2168/2168
f 2393/2393/2393 2151/2151/2151 2378/2378/2378
f 2393/2393/2393 2378/2378/2378 2636/2636/2636
f 2102/2102/2102 2371/2371/2371 2616/2616/2616
f 2102/2102/2102 2616/2616/2616 2368/2368/2368
f 2368/2368/2368 2616/2616/2616 2376/2376/2376
f 2368/2368/2368 2376/2376/2376 2101/2101/2101
f 2684/2684/2684 2540/2540/2540 2288/2288/2288
f 2684/2684/2684 2288/2288/2288 2482/2482/2482
f 2433/2433/2433 2159/2159/2159 2396/2396/2396
f 2433/2433/2433 2396/2396/2396 2643/2643/2643
f 2105/2105/2105 2380/2380/2380 2617/2617/2617
f 2105/2105/2105 2617/2617/2617 2349/2349/2349
f 2376/2376/2376 2112/2112/2112 2545/2545/2545
f 2376/2376/2376 2545/2545/2545 2615/2615/2615
f 2382/2382/2382 2639/2639/2639 2393/2393/2393
f 2382/2382/2382 2393/2393/2393 2112/2112/2112
f 2235/2235/2235 2482/2482/2482 2681/2681/2681
f 2235/2235/2235 2681/2681/2681 2476/2476/2476
f 1115/1115/1115 1574/1574/1574 1807/1807/1807
f 1115/1115/1115 1807/1807/1807 1512/1512/1512
f 1512/1512/1512 1807/1807/1807 1560/1560/1560
f 1512/1512/1512 1560/1560/1560 1116/1116/1116
f 1561/1561/1561 1986/1986/1986 2014/2014/2014
f 1561/1561/1561 2014/2014/2014 1806/1806/1806
f 1560/1560/1560 1984/1984/1984 2018/2018/2018
f 1560/1560/1560 2018/2018/2018 1796/1796/1796
f 2616/2616/2616 2382/2382/2382 2112/2112/2112
f 2616/2616/2616 2112/2112/2112 2376/2376/2376
f 2349/2349/2349 2617/2617/2617 2389/2389/2389
f 2349/2349/2349 2389/2389/2389 2104/2104/2104
f 2482/2482/2482 2288/2288/2288 2528/2528/2528
f 2482/2482/2482 2528/2528/2528 2681/2681/2681
f 2223/2223/2223 2464/2464/2464 2661/2661/2661
f 2223/2223/2223 2661/2661/2661 2451/2451/2451
f 1143/1143/1143 1580/1580/1580 1808/1808/1808
f 1143/1143/1143 1808/1808/1808 1513/1513/1513
f 1513/1513/1513 1808/1808/1808 1568/1568/1568
f 1513/1513/1513 1568/1568/1568 1111/1111/1111
f 1562/1562/1562 1975/1975/1975 2007/2007/2007
f 1562/1562/1562 2007/2007/2007 1797/1797/1797
f 2617/2617/2617 2386/2386/2386 2115/2115/2115
f 2617/2617/2617 2115/2115/2115 2389/2389/2389
f 2380/2380/2380 2116/2116/2116 2386/2386/2386
f 2380/2380/2380 2386/2386/2386 2617/2617/2617
f 2538/2538/2538 2698/2698/2698 2508/2508/2508
f 2538/2538/2538 2508/2508/2508 2276/2276/2276
f 2521/2521/2521 2711/2711/2711 2502/2502/2502
f 2521/2521/2521 2502/2502/2502 2283/2283/2283
f 2156/2156/2156 2412/2412/2412 2618/2618/2618
f 2156/2156/2156 2618/2618/2618 2401/2401/2401
f 2371/2371/2371 2113/2113/2113 2382/2382/2382
f 2371/2371/2371 2382/2382/2382 2616/2616/2616
f 2641/2641/2641 2418/2418/2418 2168/2168/2168
f 2641/2641/2641 2168/2168/2168 2458/2458/2458
f 2385/2385/2385 2640/2640/2640 2416/2416/2416
f 2385/2385/2385 2416/2416/2416 2118/2118/2118
f 2907/2907/2907 2926/2926/2926 1619/1619/1619
f 2907/2907/2907 1619/1619/1619 1012/1012/1012
f 2401/2401/2401 2618/2618/2618 2432/2432/2432
f 2401/2401/2401 2432/2432/2432 2155/2155/2155
f 2397/2397/2397 2663/2663/2663 2446/2446/2446
f 2397/2397/2397 2446/2446/2446 2161/2161/2161
f 2449/2449/2449 2169/2169/2169 2418/2418/2418
f 2449/2449/2449 2418/2418/2418 2641/2641/2641
f 1027/1027/1027 1572/1572/1572 1810/1810/1810
f 1027/1027/1027 1810/1810/1810 1557/1557/1557
f 1557/1557/1557 1810/1810/1810 1584/1584/1584
f 1557/1557/1557 1584/1584/1584 1110/1110/1110
f 1568/1568/1568 1972/1972/1972 2009/2009/2009
f 1568/1568/1568 2009/2009/2009 1800/1800/1800
f 2399/2399/2399 2641/2641/2641 2458/2458/2458
f 2399/2399/2399 2458/2458/2458 2157/2157/2157
f 2073/2073/2073 2374/2374/2374 2619/2619/2619
f 2073/2073/2073 2619/2619/2619 2345/2345/2345
f 2618/2618/2618 2431/2431/2431 2166/2166/2166
f 2618/2618/2618 2166/2166/2166 2432/2432/2432
f 2108/2108/2108 2408/2408/2408 2632/2632/2632
f 2108/2108/2108 2632/2632/2632 2355/2355/2355
f 1803/1803/1803 2028/2028/2028 1965/1965/1965
f 1803/1803/1803 1965/1965/1965 1571/1571/1571
f 1132/1132/1132 1585/1585/1585 1812/1812/1812
f 1132/1132/1132 1812/1812/1812 1474/1474/1474
f 1474/1474/1474 1812/1812/1812 1580/1580/1580
f 1474/1474/1474 1580/1580/1580 1143/1143/1143
f 1580/1580/1580 1997/1997/1997 2024/2024/2024
f 1580/1580/1580 2024/2024/2024 1808/1808/1808
f 1814/1814/1814 2005/2005/2005 1994/1994/1994
f 1814/1814/1814 1994/1994/1994 1585/1585/1585
f 1113/1113/1113 1563/1563/1563 1813/1813/1813
f 1113/1113/1113 1813/1813/1813 1497/1497/1497
f 1497/1497/1497 1813/1813/1813 1573/1573/1573
f 1497/1497/1497 1573/1573/1573 1114/1114/1114
f 1805/1805/1805 2011/2011/2011 1982/1982/1982
f 1805/1805/1805 1982/1982/1982 1574/1574/1574
f 1573/1573/1573 1980/1980/1980 2011/2011/2011
f 1573/1573/1573 2011/2011/2011 1805/1805/1805
f 1110/1110/1110 1584/1584/1584 1814/1814/1814
f 1110/1110/1110 1814/1814/1814 1486/1486/1486
f 1486/1486/1486 1814/1814/1814 1585/1585/1585
f 1486/1486/1486 1585/1585/1585 1132/1132/1132
f 1812/1812/1812 2003/2003/2003 1997/1997/1997
f 1812/1812/1812 1997/1997/1997 1580/1580/1580
f 1810/1810/1810 2030/2030/2030 1970/1970/1970
f 1810/1810/1810 1970/1970/1970 1584/1584/1584
f 1118/1118/1118 1576/1576/1576 1815/1815/1815
f 1118/1118/1118 1815/1815/1815 1541/1541/1541
f 1541/1541/1541 1815/1815/1815 1566/1566/1566
f 1541/1541/1541 1566/1566/1566 1119/1119/1119
f 1799/1799/1799 2020/2020/2020 1992/1992/1992
f 1799/1799/1799 1992/1992/1992 1567/1567/1567
f 1566/1566/1566 1990/1990/1990 2020/2020/2020
f 1566/1566/1566 2020/2020/2020 1799/1799/1799
f 1146/1146/1146 1586/1586/1586 1816/1816/1816
f 1146/1146/1146 1816/1816/1816 1589/1589/1589
f 1589/1589/1589 1816/1816/1816 1543/1543/1543
f 1589/1589/1589 1543/1543/1543 1019/1019/1019
f 1816/1816/1816 1352/1352/1352 1054/1054/1054
f 1816/1816/1816 1054/1054/1054 1543/1543/1543
f 1586/1586/1586 1043/1043/1043 1352/1352/1352
f 1586/1586/1586 1352/1352/1352 1816/1816/1816
f 2286/2286/2286 2311/2311/2311 1817/1817/1817
f 2286/2286/2286 1817/1817/1817 1588/1588/1588
f 1588/1588/1588 1817/1817/1817 1586/1586/1586
f 1588/1588/1588 1586/1586/1586 1146/1146/1146
f 1817/1817/1817 1349/1349/1349 1043/1043/1043
f 1817/1817/1817 1043/1043/1043 1586/1586/1586
f 2311/2311/2311 2309/2309/2309 1349/1349/1349
f 2311/2311/2311 1349/1349/1349 1817/1817/1817
f 2727/2727/2727 2585/2585/2585 2843/2843/2843
f 2727/2727/2727 2843/2843/2843 2867/2867/2867
f 2619/2619/2619 2359/2359/2359 2108/2108/2108
f 2619/2619/2619 2108/2108/2108 2373/2373/2373
f 2345/2345/2345 2619/2619/2619 2373/2373/2373
f 2345/2345/2345 2373/2373/2373 2072/2072/2072
f 1572/1572/1572 2730/2730/2730 2884/2884/2884
f 1572/1572/1572 2884/2884/2884 1962/1962/1962
f 2553/2553/2553 2621/2621/2621 2391/2391/2391
f 2553/2553/2553 2391/2391/2391 2117/2117/2117
f 2621/2621/2621 2555/2555/2555 2156/2156/2156
f 2621/2621/2621 2156/2156/2156 2391/2391/2391
f 2106/2106/2106 2381/2381/2381 2622/2622/2622
f 2106/2106/2106 2622/2622/2622 2361/2361/2361
f 1021/1021/1021 1321/1321/1321 2620/2620/2620
f 1021/1021/1021 2620/2620/2620 2552/2552/2552
f 2361/2361/2361 2622/2622/2622 2380/2380/2380
f 2361/2361/2361 2380/2380/2380 2105/2105/2105
f 2110/2110/2110 2392/2392/2392 2623/2623/2623
f 2110/2110/2110 2623/2623/2623 2357/2357/2357
f 2622/2622/2622 2370/2370/2370 2116/2116/2116
f 2622/2622/2622 2116/2116/2116 2380/2380/2380
f 2412/2412/2412 2167/2167/2167 2431/2431/2431
f 2412/2412/2412 2431/2431/2431 2618/2618/2618
f 2384/2384/2384 2629/2629/2629 2405/2405/2405
f 2384/2384/2384 2405/2405/2405 2113/2113/2113
f 2374/2374/2374 2109/2109/2109 2359/2359/2359
f 2374/2374/2374 2359/2359/2359 2619/2619/2619
f 2623/2623/2623 2387/2387/2387 2120/2120/2120
f 2623/2623/2623 2120/2120/2120 2403/2403/2403
f 2357/2357/2357 2623/2623/2623 2403/2403/2403
f 2357/2357/2357 2403/2403/2403 2109/2109/2109
f 1019/1019/1019 1323/1323/1323 2625/2625/2625
f 1019/1019/1019 2625/2625/2625 2550/2550/2550
f 2624/2624/2624 2357/2357/2357 2109/2109/2109
f 2624/2624/2624 2109/2109/2109 2374/2374/2374
f 2074/2074/2074 2375/2375/2375 2624/2624/2624
f 2074/2074/2074 2624/2624/2624 2336/2336/2336
f 2075/2075/2075 2383/2383/2383 2627/2627/2627
f 2075/2075/2075 2627/2627/2627 2544/2544/2544
f 2544/2544/2544 2627/2627/2627 2375/2375/2375
f 2544/2544/2544 2375/2375/2375 2074/2074/2074
f 3199/3199/3199 2994/2994/2994 2996/2996/2996
f 3199/3199/3199 2996/2996/2996 3200/3200/3200
f 2628/2628/2628 2455/2455/2455 2226/2226/2226
f 2628/2628/2628 2226/2226/2226 2443/2443/2443
f 2114/2114/2114 2394/2394/2394 2629/2629/2629
f 2114/2114/2114 2629/2629/2629 2384/2384/2384
f 913/913/913 695/695/695 1841/1841/1841
f 913/913/913 1841/1841/1841 1932/1932/1932
f 2150/2150/2150 2434/2434/2434 2630/2630/2630
f 2150/2150/2150 2630/2630/2630 2379/2379/2379
f 2383/2383/2383 2111/2111/2111 2356/2356/2356
f 2383/2383/2383 2356/2356/2356 2627/2627/2627
f 2434/2434/2434 2161/2161/2161 2398/2398/2398
f 2434/2434/2434 2398/2398/2398 2630/2630/2630
f 2379/2379/2379 2630/2630/2630 2413/2413/2413
f 2379/2379/2379 2413/2413/2413 2147/2147/2147
f 929/929/929 704/704/704 1877/1877/1877
f 929/929/929 1877/1877/1877 1897/1897/1897
f 931/931/931 706/706/706 1875/1875/1875
f 931/931/931 1875/1875/1875 1900/1900/1900
f 927/927/927 705/705/705 1845/1845/1845
f 927/927/927 1845/1845/1845 1935/1935/1935
f 907/907/907 684/684/684 1851/1851/1851
f 907/907/907 1851/1851/1851 1903/1903/1903
f 910/910/910 683/683/683 1849/1849/1849
f 910/910/910 1849/1849/1849 1906/1906/1906
f 923/923/923 691/691/691 1847/1847/1847
f 923/923/923 1847/1847/1847 1926/1926/1926
f 915/915/915 699/699/699 1857/1857/1857
f 915/915/915 1857/1857/1857 1908/1908/1908
f 930/930/930 698/698/698 1855/1855/1855
f 930/930/930 1855/1855/1855 1914/1914/1914
f 917/917/917 701/701/701 1866/1866/1866
f 917/917/917 1866/1866/1866 1911/1911/1911
f 906/906/906 682/682/682 1864/1864/1864
f 906/906/906 1864/1864/1864 1917/1917/1917
f 684/684/684 930/930/930 1914/1914/1914
f 684/684/684 1914/1914/1914 1851/1851/1851
f 921/921/921 681/681/681 1861/1861/1861
f 921/921/921 1861/1861/1861 1923/1923/1923
f 909/909/909 690/690/690 1872/1872/1872
f 909/909/909 1872/1872/1872 1920/1920/1920
f 932/932/932 689/689/689 1870/1870/1870
f 932/932/932 1870/1870/1870 1929/1929/1929
f 699/699/699 921/921/921 1923/1923/1923
f 699/699/699 1923/1923/1923 1857/1857/1857
f 704/704/704 923/923/923 1926/1926/1926
f 704/704/704 1926/1926/1926 1877/1877/1877
f 701/701/701 932/932/932 1929/1929/1929
f 701/701/701 1929/1929/1929 1866/1866/1866
f 690/690/690 913/913/913 1932/1932/1932
f 690/690/690 1932/1932/1932 1872/1872/1872
f 697/697/697 927/927/927 1935/1935/1935
f 697/697/697 1935/1935/1935 1838/1838/1838
f 2395/2395/2395 2154/2154/2154 2409/2409/2409
f 2395/2395/2395 2409/2409/2409 2631/2631/2631
f 2630/2630/2630 2398/2398/2398 2160/2160/2160
f 2630/2630/2630 2160/2160/2160 2413/2413/2413
f 2408/2408/2408 2119/2119/2119 2385/2385/2385
f 2408/2408/2408 2385/2385/2385 2632/2632/2632
f 2632/2632/2632 2385/2385/2385 2118/2118/2118
f 2632/2632/2632 2118/2118/2118 2406/2406/2406
f 2634/2634/2634 2377/2377/2377 2119/2119/2119
f 2634/2634/2634 2119/2119/2119 2408/2408/2408
f 2359/2359/2359 2634/2634/2634 2408/2408/2408
f 2359/2359/2359 2408/2408/2408 2108/2108/2108
f 2413/2413/2413 2160/2160/2160 2400/2400/2400
f 2413/2413/2413 2400/2400/2400 2635/2635/2635
f 2979/2979/2979 2944/2944/2944 2945/2945/2945
f 2979/2979/2979 2945/2945/2945 2981/2981/2981
f 2638/2638/2638 2557/2557/2557 2167/2167/2167
f 2638/2638/2638 2167/2167/2167 2412/2412/2412
f 2635/2635/2635 2400/2400/2400 2159/2159/2159
f 2635/2635/2635 2159/2159/2159 2433/2433/2433
f 2162/2162/2162 2454/2454/2454 2663/2663/2663
f 2162/2162/2162 2663/2663/2663 2397/2397/2397
f 2451/2451/2451 2661/2661/2661 2473/2473/2473
f 2451/2451/2451 2473/2473/2473 2221/2221/2221
f 1319/1319/1319 1024/1024/1024 2556/2556/2556
f 1319/1319/1319 2556/2556/2556 2637/2637/2637
f 2639/2639/2639 2546/2546/2546 2151/2151/2151
f 2639/2639/2639 2151/2151/2151 2393/2393/2393
f 2166/2166/2166 2444/2444/2444 2628/2628/2628
f 2166/2166/2166 2628/2628/2628 2411/2411/2411
f 2629/2629/2629 2407/2407/2407 2152/2152/2152
f 2629/2629/2629 2152/2152/2152 2405/2405/2405
f 2405/2405/2405 2152/2152/2152 2546/2546/2546
f 2405/2405/2405 2546/2546/2546 2639/2639/2639
f 2163/2163/2163 2442/2442/2442 2664/2664/2664
f 2163/2163/2163 2664/2664/2664 2436/2436/2436
f 2454/2454/2454 2223/2223/2223 2451/2451/2451
f 2454/2454/2454 2451/2451/2451 2663/2663/2663
f 1283/1283/1283 1888/1888/1888 1271/1271/1271
f 1283/1283/1283 1271/1271/1271 955/955/955
f 2417/2417/2417 2158/2158/2158 2399/2399/2399
f 2417/2417/2417 2399/2399/2399 2640/2640/2640
f 2278/2278/2278 2516/2516/2516 2698/2698/2698
f 2278/2278/2278 2698/2698/2698 2538/2538/2538
f 2228/2228/2228 2462/2462/2462 2644/2644/2644
f 2228/2228/2228 2644/2644/2644 2441/2441/2441
f 2155/2155/2155 2432/2432/2432 2642/2642/2642
f 2155/2155/2155 2642/2642/2642 2390/2390/2390
f 2446/2446/2446 2221/2221/2221 2428/2428/2428
f 2446/2446/2446 2428/2428/2428 2662/2662/2662
f 2115/2115/2115 2395/2395/2395 2631/2631/2631
f 2115/2115/2115 2631/2631/2631 2369/2369/2369
f 2631/2631/2631 2409/2409/2409 2153/2153/2153
f 2631/2631/2631 2153/2153/2153 2394/2394/2394
f 1878/1878/1878 1895/1895/1895 1896/1896/1896
f 1878/1878/1878 1896/1896/1896 1876/1876/1876
f 1895/1895/1895 1996/1996/1996 1874/1874/1874
f 1895/1895/1895 1874/1874/1874 1896/1896/1896
f 1996/1996/1996 1898/1898/1898 1899/1899/1899
f 1996/1996/1996 1899/1899/1899 1874/1874/1874
f 1898/1898/1898 1843/1843/1843 1844/1844/1844
f 1898/1898/1898 1844/1844/1844 1899/1899/1899
f 1852/1852/1852 1901/1901/1901 1902/1902/1902
f 1852/1852/1852 1902/1902/1902 1850/1850/1850
f 1901/1901/1901 1977/1977/1977 1848/1848/1848
f 1901/1901/1901 1848/1848/1848 1902/1902/1902
f 1977/1977/1977 1904/1904/1904 1905/1905/1905
f 1977/1977/1977 1905/1905/1905 1848/1848/1848
f 1904/1904/1904 1974/1974/1974 1846/1846/1846
f 1904/1904/1904 1846/1846/1846 1905/1905/1905
f 1858/1858/1858 2013/2013/2013 1907/1907/1907
f 1858/1858/1858 1907/1907/1907 1856/1856/1856
f 2013/2013/2013 1853/1853/1853 1854/1854/1854
f 2013/2013/2013 1854/1854/1854 1907/1907/1907
f 1867/1867/1867 1909/1909/1909 1910/1910/1910
f 1867/1867/1867 1910/1910/1910 1865/1865/1865
f 1909/1909/1909 1862/1862/1862 1863/1863/1863
f 1909/1909/1909 1863/1863/1863 1910/1910/1910
f 1853/1853/1853 1912/1912/1912 1913/1913/1913
f 1853/1853/1853 1913/1913/1913 1854/1854/1854
f 1912/1912/1912 1852/1852/1852 1850/1850/1850
f 1912/1912/1912 1850/1850/1850 1913/1913/1913
f 1862/1862/1862 1915/1915/1915 1916/1916/1916
f 1862/1862/1862 1916/1916/1916 1863/1863/1863
f 1915/1915/1915 1859/1859/1859 1860/1860/1860
f 1915/1915/1915 1860/1860/1860 1916/1916/1916
f 1873/1873/1873 1918/1918/1918 1919/1919/1919
f 1873/1873/1873 1919/1919/1919 1871/1871/1871
f 1918/1918/1918 1868/1868/1868 1869/1869/1869
f 1918/1918/1918 1869/1869/1869 1919/1919/1919
f 1859/1859/1859 1921/1921/1921 1922/1922/1922
f 1859/1859/1859 1922/1922/1922 1860/1860/1860
f 1921/1921/1921 1858/1858/1858 1856/1856/1856
f 1921/1921/1921 1856/1856/1856 1922/1922/1922
f 1974/1974/1974 1924/1924/1924 1925/1925/1925
f 1974/1974/1974 1925/1925/1925 1846/1846/1846
f 1924/1924/1924 1878/1878/1878 1876/1876/1876
f 1924/1924/1924 1876/1876/1876 1925/1925/1925
f 1868/1868/1868 1927/1927/1927 1928/1928/1928
f 1868/1868/1868 1928/1928/1928 1869/1869/1869
f 1927/1927/1927 1867/1867/1867 1865/1865/1865
f 1927/1927/1927 1865/1865/1865 1928/1928/1928
f 1968/1968/1968 1930/1930/1930 1931/1931/1931
f 1968/1968/1968 1931/1931/1931 1839/1839/1839
f 1930/1930/1930 1873/1873/1873 1871/1871/1871
f 1930/1930/1930 1871/1871/1871 1931/1931/1931
f 1843/1843/1843 1933/1933/1933 1934/1934/1934
f 1843/1843/1843 1934/1934/1934 1844/1844/1844
f 1933/1933/1933 1961/1961/1961 1837/1837/1837
f 1933/1933/1933 1837/1837/1837 1934/1934/1934
f 2355/2355/2355 2632/2632/2632 2406/2406/2406
f 2355/2355/2355 2406/2406/2406 2107/2107/2107
f 2116/2116/2116 2402/2402/2402 2633/2633/2633
f 2116/2116/2116 2633/2633/2633 2386/2386/2386
f 2633/2633/2633 2390/2390/2390 2154/2154/2154
f 2633/2633/2633 2154/2154/2154 2395/2395/2395
f 2109/2109/2109 2403/2403/2403 2634/2634/2634
f 2109/2109/2109 2634/2634/2634 2359/2359/2359
f 2546/2546/2546 2714/2714/2714 2414/2414/2414
f 2546/2546/2546 2414/2414/2414 2151/2151/2151
f 2147/2147/2147 2413/2413/2413 2635/2635/2635
f 2147/2147/2147 2635/2635/2635 2387/2387/2387
f 2545/2545/2545 2636/2636/2636 2404/2404/2404
f 2545/2545/2545 2404/2404/2404 2111/2111/2111
f 2636/2636/2636 2378/2378/2378 2150/2150/2150
f 2636/2636/2636 2150/2150/2150 2404/2404/2404
f 1023/1023/1023 1319/1319/1319 2637/2637/2637
f 1023/1023/1023 2637/2637/2637 2554/2554/2554
f 2555/2555/2555 2638/2638/2638 2412/2412/2412
f 2555/2555/2555 2412/2412/2412 2156/2156/2156
f 2575/2575/2575 2667/2667/2667 2535/2535/2535
f 2575/2575/2575 2535/2535/2535 2318/2318/2318
f 2701/2701/2701 2530/2530/2530 2324/2324/2324
f 2701/2701/2701 2324/2324/2324 2515/2515/2515
f 2113/2113/2113 2405/2405/2405 2639/2639/2639
f 2113/2113/2113 2639/2639/2639 2382/2382/2382
f 2158/2158/2158 2449/2449/2449 2641/2641/2641
f 2158/2158/2158 2641/2641/2641 2399/2399/2399
f 2665/2665/2665 2456/2456/2456 2229/2229/2229
f 2665/2665/2665 2229/2229/2229 2466/2466/2466
f 2640/2640/2640 2399/2399/2399 2157/2157/2157
f 2640/2640/2640 2157/2157/2157 2416/2416/2416
f 2119/2119/2119 2417/2417/2417 2640/2640/2640
f 2119/2119/2119 2640/2640/2640 2385/2385/2385
f 2534/2534/2534 2279/2279/2279 2480/2480/2480
f 2534/2534/2534 2480/2480/2480 2686/2686/2686
f 2436/2436/2436 2664/2664/2664 2454/2454/2454
f 2436/2436/2436 2454/2454/2454 2162/2162/2162
f 2642/2642/2642 2411/2411/2411 2165/2165/2165
f 2642/2642/2642 2165/2165/2165 2437/2437/2437
f 2161/2161/2161 2446/2446/2446 2662/2662/2662
f 2161/2161/2161 2662/2662/2662 2398/2398/2398
f 2479/2479/2479 2313/2313/2313 2540/2540/2540
f 2479/2479/2479 2540/2540/2540 2684/2684/2684
f 2432/2432/2432 2166/2166/2166 2411/2411/2411
f 2432/2432/2432 2411/2411/2411 2642/2642/2642
f 2120/2120/2120 2433/2433/2433 2643/2643/2643
f 2120/2120/2120 2643/2643/2643 2377/2377/2377
f 2481/2481/2481 2287/2287/2287 2525/2525/2525
f 2481/2481/2481 2525/2525/2525 2702/2702/2702
f 2227/2227/2227 2471/2471/2471 2668/2668/2668
f 2227/2227/2227 2668/2668/2668 2455/2455/2455
f 2442/2442/2442 2224/2224/2224 2439/2439/2439
f 2442/2442/2442 2439/2439/2439 2664/2664/2664
f 2663/2663/2663 2451/2451/2451 2221/2221/2221
f 2663/2663/2663 2221/2221/2221 2446/2446/2446
f 1998/1998/1998 2004/2004/2004 1895/1895/1895
f 1998/1998/1998 1895/1895/1895 1878/1878/1878
f 2004/2004/2004 1995/1995/1995 1996/1996/1996
f 2004/2004/2004 1996/1996/1996 1895/1895/1895
f 1995/1995/1995 2006/2006/2006 1898/1898/1898
f 1995/1995/1995 1898/1898/1898 1996/1996/1996
f 2006/2006/2006 1971/1971/1971 1843/1843/1843
f 2006/2006/2006 1843/1843/1843 1898/1898/1898
f 1979/1979/1979 2008/2008/2008 1901/1901/1901
f 1979/1979/1979 1901/1901/1901 1852/1852/1852
f 2008/2008/2008 1976/1976/1976 1977/1977/1977
f 2008/2008/2008 1977/1977/1977 1901/1901/1901
f 1976/1976/1976 2010/2010/2010 1904/1904/1904
f 1976/1976/1976 1904/1904/1904 1977/1977/1977
f 2010/2010/2010 1973/1973/1973 1974/1974/1974
f 2010/2010/2010 1974/1974/1974 1904/1904/1904
f 1983/1983/1983 2012/2012/2012 2013/2013/2013
f 1983/1983/1983 2013/2013/2013 1858/1858/1858
f 2012/2012/2012 1981/1981/1981 1853/1853/1853
f 2012/2012/2012 1853/1853/1853 2013/2013/2013
f 1989/1989/1989 2015/2015/2015 1909/1909/1909
f 1989/1989/1989 1909/1909/1909 1867/1867/1867
f 2015/2015/2015 1987/1987/1987 1862/1862/1862
f 2015/2015/2015 1862/1862/1862 1909/1909/1909
f 1981/1981/1981 2017/2017/2017 1912/1912/1912
f 1981/1981/1981 1912/1912/1912 1853/1853/1853
f 2017/2017/2017 1979/1979/1979 1852/1852/1852
f 2017/2017/2017 1852/1852/1852 1912/1912/1912
f 1987/1987/1987 2019/2019/2019 1915/1915/1915
f 1987/1987/1987 1915/1915/1915 1862/1862/1862
f 2019/2019/2019 1985/1985/1985 1859/1859/1859
f 2019/2019/2019 1859/1859/1859 1915/1915/1915
f 1993/1993/1993 2021/2021/2021 1918/1918/1918
f 1993/1993/1993 1918/1918/1918 1873/1873/1873
f 2021/2021/2021 1991/1991/1991 1868/1868/1868
f 2021/2021/2021 1868/1868/1868 1918/1918/1918
f 1985/1985/1985 2023/2023/2023 1921/1921/1921
f 1985/1985/1985 1921/1921/1921 1859/1859/1859
f 2023/2023/2023 1983/1983/1983 1858/1858/1858
f 2023/2023/2023 1858/1858/1858 1921/1921/1921
f 1973/1973/1973 2025/2025/2025 1924/1924/1924
f 1973/1973/1973 1924/1924/1924 1974/1974/1974
f 2025/2025/2025 1998/1998/1998 1878/1878/1878
f 2025/2025/2025 1878/1878/1878 1924/1924/1924
f 1991/1991/1991 2027/2027/2027 1927/1927/1927
f 1991/1991/1991 1927/1927/1927 1868/1868/1868
f 2027/2027/2027 1989/1989/1989 1867/1867/1867
f 2027/2027/2027 1867/1867/1867 1927/1927/1927
f 1966/1966/1966 2029/2029/2029 1930/1930/1930
f 1966/1966/1966 1930/1930/1930 1968/1968/1968
f 2029/2029/2029 1993/1993/1993 1873/1873/1873
f 2029/2029/2029 1873/1873/1873 1930/1930/1930
f 1971/1971/1971 2031/2031/2031 1933/1933/1933
f 1971/1971/1971 1933/1933/1933 1843/1843/1843
f 2031/2031/2031 1964/1964/1964 1961/1961/1961
f 2031/2031/2031 1961/1961/1961 1933/1933/1933
f 2396/2396/2396 2652/2652/2652 2449/2449/2449
f 2396/2396/2396 2449/2449/2449 2158/2158/2158
f 2475/2475/2475 2682/2682/2682 2490/2490/2490
f 2475/2475/2475 2490/2490/2490 2232/2232/2232
f 2483/2483/2483 2686/2686/2686 2507/2507/2507
f 2483/2483/2483 2507/2507/2507 2320/2320/2320
f 2716/2716/2716 2355/2355/2355 2107/2107/2107
f 2716/2716/2716 2107/2107/2107 2372/2372/2372
f 2339/2339/2339 2060/2060/2060 2567/2567/2567
f 2339/2339/2339 2567/2567/2567 2710/2710/2710
f 2164/2164/2164 2457/2457/2457 2645/2645/2645
f 2164/2164/2164 2645/2645/2645 2410/2410/2410
f 2645/2645/2645 2453/2453/2453 2224/2224/2224
f 2645/2645/2645 2224/2224/2224 2442/2442/2442
f 2492/2492/2492 2321/2321/2321 2483/2483/2483
f 2492/2492/2492 2483/2483/2483 2705/2705/2705
f 2169/2169/2169 2467/2467/2467 2665/2665/2665
f 2169/2169/2169 2665/2665/2665 2418/2418/2418
f 2157/2157/2157 2458/2458/2458 2646/2646/2646
f 2157/2157/2157 2646/2646/2646 2591/2591/2591
f 2987/2987/2987 2948/2948/2948 2949/2949/2949
f 2987/2987/2987 2949/2949/2949 2989/2989/2989
f 2467/2467/2467 2230/2230/2230 2456/2456/2456
f 2467/2467/2467 2456/2456/2456 2665/2665/2665
f 1031/1031/1031 1593/1593/1593 2666/2666/2666
f 1031/1031/1031 2666/2666/2666 2574/2574/2574
f 2458/2458/2458 2168/2168/2168 2558/2558/2558
f 2458/2458/2458 2558/2558/2558 2646/2646/2646
f 2452/2452/2452 2171/2171/2171 2429/2429/2429
f 2452/2452/2452 2429/2429/2429 2657/2657/2657
f 2070/2070/2070 2350/2350/2350 2719/2719/2719
f 2070/2070/2070 2719/2719/2719 2329/2329/2329
f 1593/1593/1593 1030/1030/1030 2572/2572/2572
f 1593/1593/1593 2572/2572/2572 2666/2666/2666
f 2221/2221/2221 2473/2473/2473 2656/2656/2656
f 2221/2221/2221 2656/2656/2656 2428/2428/2428
f 3125/3125/3125 3032/3032/3032 3029/3029/3029
f 3125/3125/3125 3029/3029/3029 3119/3119/3119
f 2146/2146/2146 3020/3020/3020 3021/3021/3021
f 2668/2668/2668 2461/2461/2461 2237/2237/2237
f 2668/2668/2668 2237/2237/2237 2468/2468/2468
f 2409/2409/2409 2649/2649/2649 2415/2415/2415
f 2409/2409/2409 2415/2415/2415 2153/2153/2153
f 2443/2443/2443 2226/2226/2226 2440/2440/2440
f 2443/2443/2443 2440/2440/2440 2648/2648/2648
f 2321/2321/2321 2534/2534/2534 2686/2686/2686
f 2321/2321/2321 2686/2686/2686 2483/2483/2483
f 2702/2702/2702 2525/2525/2525 2282/2282/2282
f 2702/2702/2702 2282/2282/2282 2477/2477/2477
f 2160/2160/2160 2452/2452/2452 2657/2657/2657
f 2160/2160/2160 2657/2657/2657 2400/2400/2400
f 1026/1026/1026 1595/1595/1595 2653/2653/2653
f 1026/1026/1026 2653/2653/2653 2560/2560/2560
f 3185/3185/3185 2966/2966/2966 2968/2968/2968
f 3185/3185/3185 2968/2968/2968 3186/3186/3186
f 2455/2455/2455 2668/2668/2668 2468/2468/2468
f 2455/2455/2455 2468/2468/2468 2226/2226/2226
f 2224/2224/2224 2474/2474/2474 2658/2658/2658
f 2224/2224/2224 2658/2658/2658 2439/2439/2439
f 2908/2908/2908 2909/2909/2909 2887/2887/2887
f 2908/2908/2908 2887/2887/2887 2886/2886/2886
f 2686/2686/2686 2480/2480/2480 2278/2278/2278
f 2686/2686/2686 2278/2278/2278 2507/2507/2507
f 2685/2685/2685 2532/2532/2532 2315/2315/2315
f 2685/2685/2685 2315/2315/2315 2547/2547/2547
f 3111/3111/3111 3025/3025/3025 3026/3026/3026
f 3111/3111/3111 3026/3026/3026 3113/3113/3113
f 2153/2153/2153 2415/2415/2415 2647/2647/2647
f 2153/2153/2153 2647/2647/2647 2407/2407/2407
f 2276/2276/2276 2508/2508/2508 2670/2670/2670
f 2276/2276/2276 2670/2670/2670 2524/2524/2524
f 2508/2508/2508 2267/2267/2267 2494/2494/2494
f 2508/2508/2508 2494/2494/2494 2670/2670/2670
f 1024/1024/1024 1318/1318/1318 2659/2659/2659
f 1024/1024/1024 2659/2659/2659 2556/2556/2556
f 2473/2473/2473 2233/2233/2233 2475/2475/2475
f 2473/2473/2473 2475/2475/2475 2656/2656/2656
f 1030/1030/1030 1316/1316/1316 2687/2687/2687
f 1030/1030/1030 2687/2687/2687 2572/2572/2572
f 3133/3133/3133 3036/3036/3036 3033/3033/3033
f 3133/3133/3133 3033/3033/3033 3127/3127/3127
f 2277/2277/2277 2511/2511/2511 2650/2650/2650
f 2277/2277/2277 2650/2650/2650 2535/2535/2535
f 2511/2511/2511 2285/2285/2285 2500/2500/2500
f 2511/2511/2511 2500/2500/2500 2650/2650/2650
f 2159/2159/2159 2450/2450/2450 2652/2652/2652
f 2159/2159/2159 2652/2652/2652 2396/2396/2396
f 2652/2652/2652 2430/2430/2430 2169/2169/2169
f 2652/2652/2652 2169/2169/2169 2449/2449/2449
f 2167/2167/2167 2445/2445/2445 2655/2655/2655
f 2167/2167/2167 2655/2655/2655 2431/2431/2431
f 2320/2320/2320 2507/2507/2507 2673/2673/2673
f 2320/2320/2320 2673/2673/2673 2533/2533/2533
f 2522/2522/2522 2281/2281/2281 2537/2537/2537
f 2522/2522/2522 2537/2537/2537 2671/2671/2671
f 2175/2175/2175 2177/2177/2177 2124/2124/2124
f 2175/2175/2175 2124/2124/2124 2123/2123/2123
f 2177/2177/2177 2179/2179/2179 2125/2125/2125
f 2177/2177/2177 2125/2125/2125 2124/2124/2124
f 2041/2041/2041 2076/2076/2076 2077/2077/2077
f 2041/2041/2041 2077/2077/2077 2040/2040/2040
f 2076/2076/2076 2038/2038/2038 2039/2039/2039
f 2076/2076/2076 2039/2039/2039 2077/2077/2077
f 2179/2179/2179 2181/2181/2181 2126/2126/2126
f 2179/2179/2179 2126/2126/2126 2125/2125/2125
f 2181/2181/2181 2183/2183/2183 2127/2127/2127
f 2181/2181/2181 2127/2127/2127 2126/2126/2126
f 2043/2043/2043 2078/2078/2078 2079/2079/2079
f 2043/2043/2043 2079/2079/2079 2042/2042/2042
f 2078/2078/2078 2041/2041/2041 2040/2040/2040
f 2078/2078/2078 2040/2040/2040 2079/2079/2079
f 2183/2183/2183 2185/2185/2185 2128/2128/2128
f 2183/2183/2183 2128/2128/2128 2127/2127/2127
f 2185/2185/2185 2187/2187/2187 2129/2129/2129
f 2185/2185/2185 2129/2129/2129 2128/2128/2128
f 2045/2045/2045 2080/2080/2080 2081/2081/2081
f 2045/2045/2045 2081/2081/2081 2044/2044/2044
f 2080/2080/2080 2043/2043/2043 2042/2042/2042
f 2080/2080/2080 2042/2042/2042 2081/2081/2081
f 2187/2187/2187 2189/2189/2189 2130/2130/2130
f 2187/2187/2187 2130/2130/2130 2129/2129/2129
f 2189/2189/2189 2191/2191/2191 2131/2131/2131
f 2189/2189/2189 2131/2131/2131 2130/2130/2130
f 2047/2047/2047 2082/2082/2082 2083/2083/2083
f 2047/2047/2047 2083/2083/2083 2046/2046/2046
f 2082/2082/2082 2045/2045/2045 2044/2044/2044
f 2082/2082/2082 2044/2044/2044 2083/2083/2083
f 2191/2191/2191 2193/2193/2193 2132/2132/2132
f 2191/2191/2191 2132/2132/2132 2131/2131/2131
f 2193/2193/2193 2195/2195/2195 2133/2133/2133
f 2193/2193/2193 2133/2133/2133 2132/2132/2132
f 2049/2049/2049 2084/2084/2084 2085/2085/2085
f 2049/2049/2049 2085/2085/2085 2048/2048/2048
f 2084/2084/2084 2047/2047/2047 2046/2046/2046
f 2084/2084/2084 2046/2046/2046 2085/2085/2085
f 2195/2195/2195 2197/2197/2197 2134/2134/2134
f 2195/2195/2195 2134/2134/2134 2133/2133/2133
f 2197/2197/2197 2199/2199/2199 2135/2135/2135
f 2197/2197/2197 2135/2135/2135 2134/2134/2134
f 2051/2051/2051 2086/2086/2086 2087/2087/2087
f 2051/2051/2051 2087/2087/2087 2050/2050/2050
f 2086/2086/2086 2049/2049/2049 2048/2048/2048
f 2086/2086/2086 2048/2048/2048 2087/2087/2087
f 2199/2199/2199 2201/2201/2201 2136/2136/2136
f 2199/2199/2199 2136/2136/2136 2135/2135/2135
f 2201/2201/2201 2203/2203/2203 2137/2137/2137
f 2201/2201/2201 2137/2137/2137 2136/2136/2136
f 2053/2053/2053 2088/2088/2088 2089/2089/2089
f 2053/2053/2053 2089/2089/2089 2052/2052/2052
f 2088/2088/2088 2051/2051/2051 2050/2050/2050
f 2088/2088/2088 2050/2050/2050 2089/2089/2089
f 2203/2203/2203 2205/2205/2205 2138/2138/2138
f 2203/2203/2203 2138/2138/2138 2137/2137/2137
f 2205/2205/2205 2207/2207/2207 2139/2139/2139
f 2205/2205/2205 2139/2139/2139 2138/2138/2138
f 2055/2055/2055 2090/2090/2090 2091/2091/2091
f 2055/2055/2055 2091/2091/2091 2054/2054/2054
f 2090/2090/2090 2053/2053/2053 2052/2052/2052
f 2090/2090/2090 2052/2052/2052 2091/2091/2091
f 2207/2207/2207 2209/2209/2209 2140/2140/2140
f 2207/2207/2207 2140/2140/2140 2139/2139/2139
f 2209/2209/2209 2211/2211/2211 2141/2141/2141
f 2209/2209/2209 2141/2141/2141 2140/2140/2140
f 2057/2057/2057 2092/2092/2092 2093/2093/2093
f 2057/2057/2057 2093/2093/2093 2056/2056/2056
f 2092/2092/2092 2055/2055/2055 2054/2054/2054
f 2092/2092/2092 2054/2054/2054 2093/2093/2093
f 2211/2211/2211 2213/2213/2213 2142/2142/2142
f 2211/2211/2211 2142/2142/2142 2141/2141/2141
f 2213/2213/2213 2215/2215/2215 2143/2143/2143
f 2213/2213/2213 2143/2143/2143 2142/2142/2142
f 2059/2059/2059 2094/2094/2094 2095/2095/2095
f 2059/2059/2059 2095/2095/2095 2058/2058/2058
f 2094/2094/2094 2057/2057/2057 2056/2056/2056
f 2094/2094/2094 2056/2056/2056 2095/2095/2095
f 2148/2148/2148 2217/2217/2217 2144/2144/2144
f 2148/2148/2148 2144/2144/2144 2100/2100/2100
f 2217/2217/2217 2175/2175/2175 2123/2123/2123
f 2217/2217/2217 2123/2123/2123 2144/2144/2144
f 2035/2035/2035 2096/2096/2096 2097/2097/2097
f 2035/2035/2035 2097/2097/2097 2036/2036/2036
f 2096/2096/2096 2059/2059/2059 2058/2058/2058
f 2096/2096/2096 2058/2058/2058 2097/2097/2097
f 2215/2215/2215 2219/2219/2219 2145/2145/2145
f 2215/2215/2215 2145/2145/2145 2143/2143/2143
f 2219/2219/2219 2172/2172/2172 2122/2122/2122
f 2219/2219/2219 2122/2122/2122 2145/2145/2145
f 2038/2038/2038 2098/2098/2098 2099/2099/2099
f 2038/2038/2038 2099/2099/2099 2039/2039/2039
f 2098/2098/2098 2033/2033/2033 2032/2032/2032
f 2098/2098/2098 2032/2032/2032 2099/2099/2099
f 1211/1211/1211 1938/1938/1938 1611/1611/1611
f 1211/1211/1211 1611/1611/1611 939/939/939
f 2237/2237/2237 2478/2478/2478 2713/2713/2713
f 2237/2237/2237 2713/2713/2713 2469/2469/2469
f 2440/2440/2440 2676/2676/2676 2465/2465/2465
f 2440/2440/2440 2465/2465/2465 2225/2225/2225
f 2688/2688/2688 2566/2566/2566 2274/2274/2274
f 2688/2688/2688 2274/2274/2274 2498/2498/2498
f 2500/2500/2500 2285/2285/2285 2521/2521/2521
f 2500/2500/2500 2521/2521/2521 2675/2675/2675
f 2335/2335/2335 2716/2716/2716 2372/2372/2372
f 2335/2335/2335 2372/2372/2372 2071/2071/2071
f 2170/2170/2170 2472/2472/2472 2669/2669/2669
f 2170/2170/2170 2669/2669/2669 2430/2430/2430
f 2520/2520/2520 2265/2265/2265 2582/2582/2582
f 2520/2520/2520 2582/2582/2582 2729/2729/2729
f 2283/2283/2283 2522/2522/2522 2671/2671/2671
f 2283/2283/2283 2671/2671/2671 2536/2536/2536
f 2850/2850/2850 2769/2769/2769 2798/2798/2798
f 2850/2850/2850 2798/2798/2798 2874/2874/2874
f 2491/2491/2491 2320/2320/2320 2533/2533/2533
f 2491/2491/2491 2533/2533/2533 2682/2682/2682
f 2323/2323/2323 2477/2477/2477 2693/2693/2693
f 2323/2323/2323 2693/2693/2693 2541/2541/2541
f 2168/2168/2168 2466/2466/2466 2674/2674/2674
f 2168/2168/2168 2674/2674/2674 2558/2558/2558
f 2356/2356/2356 2715/2715/2715 2392/2392/2392
f 2356/2356/2356 2392/2392/2392 2110/2110/2110
f 2674/2674/2674 2559/2559/2559 989/989/989
f 2674/2674/2674 989/989/989 1264/1264/1264
f 2694/2694/2694 2570/2570/2570 1022/1022/1022
f 2694/2694/2694 1022/1022/1022 1322/1322/1322
f 2284/2284/2284 2486/2486/2486 2680/2680/2680
f 2284/2284/2284 2680/2680/2680 2526/2526/2526
f 1950/1950/1950 2783/2783/2783 2747/2747/2747
f 1950/1950/1950 2747/2747/2747 1600/1600/1600
f 3187/3187/3187 2970/2970/2970 2972/2972/2972
f 3187/3187/3187 2972/2972/2972 3188/3188/3188
f 2341/2341/2341 2717/2717/2717 2351/2351/2351
f 2341/2341/2341 2351/2351/2351 2063/2063/2063
f 2697/2697/2697 2519/2519/2519 2269/2269/2269
f 2697/2697/2697 2269/2269/2269 2509/2509/2509
f 2578/2578/2578 2721/2721/2721 2860/2860/2860
f 2578/2578/2578 2860/2860/2860 2821/2821/2821
f 2281/2281/2281 2539/2539/2539 2692/2692/2692
f 2281/2281/2281 2692/2692/2692 2537/2537/2537
f 2729/2729/2729 2582/2582/2582 2818/2818/2818
f 2729/2729/2729 2818/2818/2818 2877/2877/2877
f 2107/2107/2107 2406/2406/2406 2694/2694/2694
f 2107/2107/2107 2694/2694/2694 2569/2569/2569
f 3157/3157/3157 3158/3158/3158 2178/2178/2178
f 3157/3157/3157 2178/2178/2178 2176/2176/2176
f 3158/3158/3158 3159/3159/3159 2180/2180/2180
f 3158/3158/3158 2180/2180/2180 2178/2178/2178
f 3159/3159/3159 3160/3160/3160 2182/2182/2182
f 3159/3159/3159 2182/2182/2182 2180/2180/2180
f 3160/3160/3160 3161/3161/3161 2184/2184/2184
f 3160/3160/3160 2184/2184/2184 2182/2182/2182
f 3161/3161/3161 3162/3162/3162 2186/2186/2186
f 3161/3161/3161 2186/2186/2186 2184/2184/2184
f 3162/3162/3162 3163/3163/3163 2188/2188/2188
f 3162/3162/3162 2188/2188/2188 2186/2186/2186
f 3163/3163/3163 3164/3164/3164 2190/2190/2190
f 3163/3163/3163 2190/2190/2190 2188/2188/2188
f 3164/3164/3164 3165/3165/3165 2192/2192/2192
f 3164/3164/3164 2192/2192/2192 2190/2190/2190
f 3165/3165/3165 3166/3166/3166 2194/2194/2194
f 3165/3165/3165 2194/2194/2194 2192/2192/2192
f 3166/3166/3166 3167/3167/3167 2196/2196/2196
f 3166/3166/3166 2196/2196/2196 2194/2194/2194
f 3167/3167/3167 3168/3168/3168 2198/2198/2198
f 3167/3167/3167 2198/2198/2198 2196/2196/2196
f 3168/3168/3168 3169/3169/3169 2200/2200/2200
f 3168/3168/3168 2200/2200/2200 2198/2198/2198
f 3169/3169/3169 3170/3170/3170 2202/2202/2202
f 3169/3169/3169 2202/2202/2202 2200/2200/2200
f 3170/3170/3170 3171/3171/3171 2204/2204/2204
f 3170/3170/3170 2204/2204/2204 2202/2202/2202
f 3171/3171/3171 3172/3172/3172 2206/2206/2206
f 3171/3171/3171 2206/2206/2206 2204/2204/2204
f 3172/3172/3172 3173/3173/3173 2208/2208/2208
f 3172/3172/3172 2208/2208/2208 2206/2206/2206
f 3173/3173/3173 3174/3174/3174 2210/2210/2210
f 3173/3173/3173 2210/2210/2210 2208/2208/2208
f 3174/3174/3174 3175/3175/3175 2212/2212/2212
f 3174/3174/3174 2212/2212/2212 2210/2210/2210
f 3175/3175/3175 3176/3176/3176 2214/2214/2214
f 3175/3175/3175 2214/2214/2214 2212/2212/2212
f 3176/3176/3176 3177/3177/3177 2216/2216/2216
f 3176/3176/3176 2216/2216/2216 2214/2214/2214
f 3155/3155/3155 3178/3178/3178 2218/2218/2218
f 3155/3155/3155 2218/2218/2218 2149/2149/2149
f 3178/3178/3178 3157/3157/3157 2176/2176/2176
f 3178/3178/3178 2176/2176/2176 2218/2218/2218
f 3177/3177/3177 3179/3179/3179 2220/2220/2220
f 3177/3177/3177 2220/2220/2220 2216/2216/2216
f 3179/3179/3179 3156/3156/3156 2174/2174/2174
f 3179/3179/3179 2174/2174/2174 2220/2220/2220
f 2714/2714/2714 2436/2436/2436 2162/2162/2162
f 2714/2714/2714 2162/2162/2162 2414/2414/2414
f 2226/2226/2226 2468/2468/2468 2676/2676/2676
f 2226/2226/2226 2676/2676/2676 2440/2440/2440
f 2497/2497/2497 2272/2272/2272 2585/2585/2585
f 2497/2497/2497 2585/2585/2585 2727/2727/2727
f 2527/2527/2527 2276/2276/2276 2524/2524/2524
f 2527/2527/2527 2524/2524/2524 2677/2677/2677
f 2487/2487/2487 2316/2316/2316 2531/2531/2531
f 2487/2487/2487 2531/2531/2531 2703/2703/2703
f 2275/2275/2275 2518/2518/2518 2691/2691/2691
f 2275/2275/2275 2691/2691/2691 2503/2503/2503
f 2704/2704/2704 2529/2529/2529 2317/2317/2317
f 2704/2704/2704 2317/2317/2317 2488/2488/2488
f 2874/2874/2874 2798/2798/2798 2764/2764/2764
f 2874/2874/2874 2764/2764/2764 2846/2846/2846
f 2710/2710/2710 2567/2567/2567 1017/1017/1017
f 2710/2710/2710 1017/1017/1017 1326/1326/1326
f 2693/2693/2693 2499/2499/2499 2229/2229/2229
f 2693/2693/2693 2229/2229/2229 2515/2515/2515
f 2465/2465/2465 2236/2236/2236 2460/2460/2460
f 2465/2465/2465 2460/2460/2460 2672/2672/2672
f 2373/2373/2373 2108/2108/2108 2355/2355/2355
f 2373/2373/2373 2355/2355/2355 2716/2716/2716
f 2466/2466/2466 2229/2229/2229 2559/2559/2559
f 2466/2466/2466 2559/2559/2559 2674/2674/2674
f 2695/2695/2695 2506/2506/2506 2273/2273/2273
f 2695/2695/2695 2273/2273/2273 2512/2512/2512
f 2319/2319/2319 2527/2527/2527 2677/2677/2677
f 2319/2319/2319 2677/2677/2677 2529/2529/2529
f 1952/1952/1952 2786/2786/2786 2745/2745/2745
f 1952/1952/1952 2745/2745/2745 1599/1599/1599
f 2677/2677/2677 2524/2524/2524 2275/2275/2275
f 2677/2677/2677 2275/2275/2275 2549/2549/2549
f 2514/2514/2514 2265/2265/2265 2520/2520/2520
f 2514/2514/2514 2520/2520/2520 2706/2706/2706
f 2840/2840/2840 2755/2755/2755 2801/2801/2801
f 2840/2840/2840 2801/2801/2801 2876/2876/2876
f 2416/2416/2416 2157/2157/2157 2591/2591/2591
f 2416/2416/2416 2591/2591/2591 2709/2709/2709
f 1955/1955/1955 2791/2791/2791 2762/2762/2762
f 1955/1955/1955 2762/2762/2762 1606/1606/1606
f 2819/2819/2819 2820/2820/2820 2804/2804/2804
f 2819/2819/2819 2804/2804/2804 2878/2878/2878
f 3047/3047/3047 2710/2710/2710 1326/1326/1326
f 3047/3047/3047 1326/1326/1326 2289/2289/2289
f 2146/2146/2146 2243/2243/2243 2242/2242/2242
f 2146/2146/2146 2244/2244/2244 2243/2243/2243
f 2146/2146/2146 2245/2245/2245 2244/2244/2244
f 2146/2146/2146 2246/2246/2246 2245/2245/2245
f 2146/2146/2146 2247/2247/2247 2246/2246/2246
f 2146/2146/2146 2248/2248/2248 2247/2247/2247
f 2146/2146/2146 2249/2249/2249 2248/2248/2248
f 2146/2146/2146 2250/2250/2250 2249/2249/2249
f 2146/2146/2146 2251/2251/2251 2250/2250/2250
f 2146/2146/2146 2252/2252/2252 2251/2251/2251
f 2146/2146/2146 2253/2253/2253 2252/2252/2252
f 2146/2146/2146 2254/2254/2254 2253/2253/2253
f 2146/2146/2146 2255/2255/2255 2254/2254/2254
f 2146/2146/2146 2256/2256/2256 2255/2255/2255
f 2146/2146/2146 2257/2257/2257 2256/2256/2256
f 2146/2146/2146 2258/2258/2258 2257/2257/2257
f 2146/2146/2146 2259/2259/2259 2258/2258/2258
f 2146/2146/2146 2260/2260/2260 2259/2259/2259
f 2146/2146/2146 2261/2261/2261 2260/2260/2260
f 2146/2146/2146 2262/2262/2262 2261/2261/2261
f 2146/2146/2146 2263/2263/2263 2222/2222/2222
f 2146/2146/2146 2242/2242/2242 2263/2263/2263
f 2146/2146/2146 2264/2264/2264 2262/2262/2262
f 2146/2146/2146 2241/2241/2241 2264/2264/2264
f 2478/2478/2478 2314/2314/2314 2485/2485/2485
f 2478/2478/2478 2485/2485/2485 2713/2713/2713
f 1956/1956/1956 2803/2803/2803 2757/2757/2757
f 1956/1956/1956 2757/2757/2757 1597/1597/1597
f 2774/2774/2774 2772/2772/2772 2776/2776/2776
f 2774/2774/2774 2776/2776/2776 2775/2775/2775
f 1607/1607/1607 2773/2773/2773 2806/2806/2806
f 1607/1607/1607 2806/2806/2806 1957/1957/1957
f 2961/2961/2961 2935/2935/2935 2936/2936/2936
f 2961/2961/2961 2936/2936/2936 2963/2963/2963
f 2748/2748/2748 2746/2746/2746 2782/2782/2782
f 2748/2748/2748 2782/2782/2782 2781/2781/2781
f 2876/2876/2876 2801/2801/2801 2754/2754/2754
f 2876/2876/2876 2754/2754/2754 2829/2829/2829
f 2459/2459/2459 2705/2705/2705 2491/2491/2491
f 2459/2459/2459 2491/2491/2491 2233/2233/2233
f 1999/1999/1999 2794/2794/2794 2751/2751/2751
f 1999/1999/1999 2751/2751/2751 1604/1604/1604
f 2563/2563/2563 2708/2708/2708 2489/2489/2489
f 2563/2563/2563 2489/2489/2489 2239/2239/2239
f 2878/2878/2878 2804/2804/2804 2774/2774/2774
f 2878/2878/2878 2774/2774/2774 2855/2855/2855
f 2512/2512/2512 2273/2273/2273 2548/2548/2548
f 2512/2512/2512 2548/2548/2548 2711/2711/2711
f 2404/2404/2404 2150/2150/2150 2379/2379/2379
f 2404/2404/2404 2379/2379/2379 2715/2715/2715
f 2240/2240/2240 2510/2510/2510 2712/2712/2712
f 2240/2240/2240 2712/2712/2712 2493/2493/2493
f 2268/2268/2268 2496/2496/2496 2726/2726/2726
f 2268/2268/2268 2726/2726/2726 2583/2583/2583
f 2728/2728/2728 2576/2576/2576 2839/2839/2839
f 2728/2728/2728 2839/2839/2839 2875/2875/2875
f 2754/2754/2754 2752/2752/2752 2787/2787/2787
f 2754/2754/2754 2787/2787/2787 2866/2866/2866
f 2571/2571/2571 2240/2240/2240 2587/2587/2587
f 2571/2571/2571 2587/2587/2587 2730/2730/2730
f 2895/2895/2895 2894/2894/2894 2915/2915/2915
f 2895/2895/2895 2915/2915/2915 2914/2914/2914
f 2959/2959/2959 2934/2934/2934 2935/2935/2935
f 2959/2959/2959 2935/2935/2935 2961/2961/2961
f 2734/2734/2734 2580/2580/2580 2845/2845/2845
f 2734/2734/2734 2845/2845/2845 2879/2879/2879
f 3027/3027/3027 2330/2330/2330 2718/2718/2718
f 3027/3027/3027 2718/2718/2718 3028/3028/3028
f 2891/2891/2891 2890/2890/2890 2911/2911/2911
f 2891/2891/2891 2911/2911/2911 2910/2910/2910
f 2269/2269/2269 2519/2519/2519 2728/2728/2728
f 2269/2269/2269 2728/2728/2728 2584/2584/2584
f 3059/3059/3059 3061/3061/3061 2291/2291/2291
f 3059/3059/3059 2291/2291/2291 2290/2290/2290
f 3061/3061/3061 3063/3063/3063 2292/2292/2292
f 3061/3061/3061 2292/2292/2292 2291/2291/2291
f 3065/3065/3065 3067/3067/3067 2294/2294/2294
f 3065/3065/3065 2294/2294/2294 2293/2293/2293
f 3067/3067/3067 3059/3059/3059 2290/2290/2290
f 3067/3067/3067 2290/2290/2290 2294/2294/2294
f 3069/3069/3069 3071/3071/3071 2296/2296/2296
f 3069/3069/3069 2296/2296/2296 2295/2295/2295
f 3071/3071/3071 3065/3065/3065 2293/2293/2293
f 3071/3071/3071 2293/2293/2293 2296/2296/2296
f 3073/3073/3073 3075/3075/3075 2298/2298/2298
f 3073/3073/3073 2298/2298/2298 2297/2297/2297
f 3075/3075/3075 3069/3069/3069 2295/2295/2295
f 3075/3075/3075 2295/2295/2295 2298/2298/2298
f 3077/3077/3077 3079/3079/3079 2300/2300/2300
f 3077/3077/3077 2300/2300/2300 2299/2299/2299
f 3079/3079/3079 3073/3073/3073 2297/2297/2297
f 3079/3079/3079 2297/2297/2297 2300/2300/2300
f 3081/3081/3081 3083/3083/3083 2302/2302/2302
f 3081/3081/3081 2302/2302/2302 2301/2301/2301
f 3083/3083/3083 3077/3077/3077 2299/2299/2299
f 3083/3083/3083 2299/2299/2299 2302/2302/2302
f 3085/3085/3085 3087/3087/3087 2304/2304/2304
f 3085/3085/3085 2304/2304/2304 2303/2303/2303
f 3087/3087/3087 3081/3081/3081 2301/2301/2301
f 3087/3087/3087 2301/2301/2301 2304/2304/2304
f 3089/3089/3089 3091/3091/3091 2306/2306/2306
f 3089/3089/3089 2306/2306/2306 2305/2305/2305
f 3091/3091/3091 3085/3085/3085 2303/2303/2303
f 3091/3091/3091 2303/2303/2303 2306/2306/2306
f 3093/3093/3093 3095/3095/3095 2308/2308/2308
f 3093/3093/3093 2308/2308/2308 2307/2307/2307
f 3095/3095/3095 3089/3089/3089 2305/2305/2305
f 3095/3095/3095 2305/2305/2305 2308/2308/2308
f 3097/3097/3097 3099/3099/3099 2310/2310/2310
f 3097/3097/3097 2310/2310/2310 2309/2309/2309
f 3099/3099/3099 3093/3093/3093 2307/2307/2307
f 3099/3099/3099 2307/2307/2307 2310/2310/2310
f 3101/3101/3101 3103/3103/3103 2311/2311/2311
f 3101/3101/3101 2311/2311/2311 2286/2286/2286
f 3103/3103/3103 3097/3097/3097 2309/2309/2309
f 3103/3103/3103 2309/2309/2309 2311/2311/2311
f 3063/3063/3063 3105/3105/3105 2312/2312/2312
f 3063/3063/3063 2312/2312/2312 2292/2292/2292
f 3105/3105/3105 3107/3107/3107 2289/2289/2289
f 3105/3105/3105 2289/2289/2289 2312/2312/2312
f 2924/2924/2924 2925/2925/2925 2902/2902/2902
f 2924/2924/2924 2902/2902/2902 2903/2903/2903
f 2973/2973/2973 2941/2941/2941 2942/2942/2942
f 2973/2973/2973 2942/2942/2942 2975/2975/2975
f 3129/3129/3129 3034/3034/3034 3031/3031/3031
f 3129/3129/3129 3031/3031/3031 3123/3123/3123
f 2981/2981/2981 2945/2945/2945 2946/2946/2946
f 2981/2981/2981 2946/2946/2946 2983/2983/2983
f 2886/2886/2886 2887/2887/2887 2931/2931/2931
f 2886/2886/2886 2931/2931/2931 2930/2930/2930
f 2963/2963/2963 2936/2936/2936 2937/2937/2937
f 2963/2963/2963 2937/2937/2937 2965/2965/2965
f 2146/2146/2146 3012/3012/3012 3013/3013/3013
f 2910/2910/2910 2911/2911/2911 2888/2888/2888
f 2910/2910/2910 2888/2888/2888 2889/2889/2889
f 584/584/584 607/607/607 891/891/891
f 584/584/584 891/891/891 842/842/842
f 2965/2965/2965 2937/2937/2937 2938/2938/2938
f 2965/2965/2965 2938/2938/2938 2967/2967/2967
f 1172/1172/1172 922/922/922 1212/1212/1212
f 1172/1172/1172 1212/1212/1212 1660/1660/1660
f 2590/2590/2590 2736/2736/2736 2350/2350/2350
f 2590/2590/2590 2350/2350/2350 2070/2070/2070
f 256/256/256 667/667/667 2421/2421/2421
f 256/256/256 2421/2421/2421 2420/2420/2420
f 2423/2423/2423 2422/2422/2422 527/527/527
f 2423/2423/2423 527/527/527 290/290/290
f 301/301/301 516/516/516 816/816/816
f 301/301/301 816/816/816 527/527/527
f 2424/2424/2424 2423/2423/2423 290/290/290
f 2424/2424/2424 290/290/290 496/496/496
f 362/362/362 2427/2427/2427 707/707/707
f 1600/1600/1600 2747/2747/2747 2794/2794/2794
f 1600/1600/1600 2794/2794/2794 1999/1999/1999
f 50/50/50 2420/2420/2420 2421/2421/2421
f 50/50/50 2421/2421/2421 204/204/204
f 204/204/204 2421/2421/2421 2422/2422/2422
f 204/204/204 2422/2422/2422 87/87/87
f 87/87/87 2422/2422/2422 2423/2423/2423
f 87/87/87 2423/2423/2423 202/202/202
f 202/202/202 2423/2423/2423 2424/2424/2424
f 202/202/202 2424/2424/2424 85/85/85
f 85/85/85 2424/2424/2424 2425/2425/2425
f 85/85/85 2425/2425/2425 206/206/206
f 206/206/206 2425/2425/2425 2427/2427/2427
f 206/206/206 2427/2427/2427 53/53/53
f 755/755/755 112/112/112 15/15/15
f 755/755/755 15/15/15 452/452/452
f 537/537/537 805/805/805 516/516/516
f 537/537/537 516/516/516 301/301/301
f 2424/2424/2424 496/496/496 279/279/279
f 2424/2424/2424 279/279/279 2425/2425/2425
f 2427/2427/2427 2425/2425/2425 279/279/279
f 2427/2427/2427 279/279/279 707/707/707
f 667/667/667 301/301/301 527/527/527
f 385/385/385 457/457/457 762/762/762
f 385/385/385 762/762/762 719/719/719
f 373/373/373 453/453/453 753/753/753
f 373/373/373 753/753/753 422/422/422
f 854/854/854 652/652/652 354/354/354
f 3152/3152/3152 3046/3046/3046 3043/3043/3043
f 3152/3152/3152 3043/3043/3043 3147/3147/3147
f 854/854/854 2832/2832/2832 2831/2831/2831
f 854/854/854 2831/2831/2831 713/713/713
f 2832/2832/2832 854/854/854 354/354/354
f 2832/2832/2832 354/354/354 2833/2833/2833
f 2834/2834/2834 2833/2833/2833 606/606/606
f 2834/2834/2834 606/606/606 583/583/583
f 2833/2833/2833 354/354/354 606/606/606
f 1/1/1 448/448/448 723/723/723
f 1/1/1 723/723/723 124/124/124
f 3135/3135/3135 3037/3037/3037 3038/3038/3038
f 3135/3135/3135 3038/3038/3038 3137/3137/3137
f 3141/3141/3141 3040/3040/3040 3037/3037/3037
f 3141/3141/3141 3037/3037/3037 3135/3135/3135
f 3145/3145/3145 3042/3042/3042 3039/3039/3039
f 3145/3145/3145 3039/3039/3039 3139/3139/3139
f 3113/3113/3113 3026/3026/3026 3047/3047/3047
f 3113/3113/3113 3047/3047/3047 3154/3154/3154
f 3143/3143/3143 3041/3041/3041 3042/3042/3042
f 3143/3143/3143 3042/3042/3042 3145/3145/3145
f 42/42/42 2831/2831/2831 2832/2832/2832
f 42/42/42 2832/2832/2832 194/194/194
f 194/194/194 2832/2832/2832 2833/2833/2833
f 194/194/194 2833/2833/2833 81/81/81
f 81/81/81 2833/2833/2833 2834/2834/2834
f 81/81/81 2834/2834/2834 196/196/196
f 196/196/196 2834/2834/2834 2835/2835/2835
f 196/196/196 2835/2835/2835 83/83/83
f 83/83/83 2835/2835/2835 2836/2836/2836
f 83/83/83 2836/2836/2836 198/198/198
f 198/198/198 2836/2836/2836 2837/2837/2837
f 198/198/198 2837/2837/2837 45/45/45
f 3137/3137/3137 3038/3038/3038 3035/3035/3035
f 3137/3137/3137 3035/3035/3035 3131/3131/3131
f 3147/3147/3147 3043/3043/3043 3044/3044/3044
f 3147/3147/3147 3044/3044/3044 3149/3149/3149
f 3149/3149/3149 3044/3044/3044 3041/3041/3041
f 3149/3149/3149 3041/3041/3041 3143/3143/3143
f 3101/3101/3101 2286/2286/2286 3045/3045/3045
f 3101/3101/3101 3045/3045/3045 3151/3151/3151
f 2836/2836/2836 2835/2835/2835 575/575/575
f 2836/2836/2836 575/575/575 848/848/848
f 2848/2848/2848 848/848/848 669/669/669
f 2848/2848/2848 669/669/669 261/261/261
f 2837/2837/2837 2836/2836/2836 848/848/848
f 2837/2837/2837 848/848/848 2848/2848/2848
f 575/575/575 2835/2835/2835 2834/2834/2834
f 575/575/575 2834/2834/2834 583/583/583
f 3154/3154/3154 3047/3047/3047 2289/2289/2289
f 3154/3154/3154 2289/2289/2289 3107/3107/3107
f 1233/1233/1233 1668/1668/1668 1894/1894/1894
f 1233/1233/1233 1894/1894/1894 1256/1256/1256
f 255/255/255 2419/2419/2419 3048/3048/3048
f 255/255/255 3048/3048/3048 1565/1565/1565
f 3050/3050/3050 786/786/786 1176/1176/1176
f 3050/3050/3050 1176/1176/1176 3049/3049/3049
f 919/919/919 1176/1176/1176 1641/1641/1641
f 919/919/919 1641/1641/1641 1165/1165/1165
f 3051/3051/3051 1015/1015/1015 786/786/786
f 3051/3051/3051 786/786/786 3050/3050/3050
f 361/361/361 1610/1610/1610 2426/2426/2426
f 49/49/49 716/716/716 3048/3048/3048
f 49/49/49 3048/3048/3048 2419/2419/2419
f 716/716/716 396/396/396 3049/3049/3049
f 716/716/716 3049/3049/3049 3048/3048/3048
f 396/396/396 703/703/703 3050/3050/3050
f 396/396/396 3050/3050/3050 3049/3049/3049
f 703/703/703 394/394/394 3051/3051/3051
f 703/703/703 3051/3051/3051 3050/3050/3050
f 394/394/394 718/718/718 3052/3052/3052
f 394/394/394 3052/3052/3052 3051/3051/3051
f 718/718/718 52/52/52 2426/2426/2426
f 718/718/718 2426/2426/2426 3052/3052/3052
f 1186/1186/1186 919/919/919 1165/1165/1165
f 1186/1186/1186 1165/1165/1165 1630/1630/1630
f 3051/3051/3051 3052/3052/3052 774/774/774
f 3051/3051/3051 774/774/774 1015/1015/1015
f 2426/2426/2426 1610/1610/1610 774/774/774
f 2426/2426/2426 774/774/774 3052/3052/3052
f 1565/1565/1565 1176/1176/1176 919/919/919
f 1804/1804/1804 980/980/980 1302/1302/1302
f 1804/1804/1804 712/712/712 2830/2830/2830
f 1804/1804/1804 2830/2830/2830 3053/3053/3053
f 3053/3053/3053 3054/3054/3054 980/980/980
f 3053/3053/3053 980/980/980 1804/1804/1804
f 3055/3055/3055 1232/1232/1232 1255/1255/1255
f 3055/3055/3055 1255/1255/1255 3054/3054/3054
f 3054/3054/3054 1255/1255/1255 980/980/980
f 41/41/41 686/686/686 3053/3053/3053
f 41/41/41 3053/3053/3053 2830/2830/2830
f 686/686/686 390/390/390 3054/3054/3054
f 686/686/686 3054/3054/3054 3053/3053/3053
f 390/390/390 688/688/688 3055/3055/3055
f 390/390/390 3055/3055/3055 3054/3054/3054
f 688/688/688 392/392/392 3056/3056/3056
f 688/688/688 3056/3056/3056 3055/3055/3055
f 392/392/392 693/693/693 3057/3057/3057
f 392/392/392 3057/3057/3057 3056/3056/3056
f 693/693/693 46/46/46 2838/2838/2838
f 693/693/693 2838/2838/2838 3057/3057/3057
f 3057/3057/3057 1675/1675/1675 1224/1224/1224
f 3057/3057/3057 1224/1224/1224 3056/3056/3056
f 2847/2847/2847 260/260/260 1570/1570/1570
f 2847/2847/2847 1570/1570/1570 1675/1675/1675
f 2838/2838/2838 2847/2847/2847 1675/1675/1675
f 2838/2838/2838 1675/1675/1675 3057/3057/3057
f 1224/1224/1224 1232/1232/1232 3055/3055/3055
f 1224/1224/1224 3055/3055/3055 3056/3056/3056
f 1032/1032/1032 3060/3060/3060 3058/3058/3058
f 1032/1032/1032 3062/3062/3062 3060/3060/3060
f 1032/1032/1032 3066/3066/3066 3064/3064/3064
f 1032/1032/1032 3058/3058/3058 3066/3066/3066
f 1032/1032/1032 3070/3070/3070 3068/3068/3068
f 1032/1032/1032 3064/3064/3064 3070/3070/3070
f 1032/1032/1032 3074/3074/3074 3072/3072/3072
f 1032/1032/1032 3068/3068/3068 3074/3074/3074
f 1032/1032/1032 3078/3078/3078 3076/3076/3076
f 1032/1032/1032 3072/3072/3072 3078/3078/3078
f 1032/1032/1032 3082/3082/3082 3080/3080/3080
f 1032/1032/1032 3076/3076/3076 3082/3082/3082
f 1032/1032/1032 3086/3086/3086 3084/3084/3084
f 1032/1032/1032 3080/3080/3080 3086/3086/3086
f 1032/1032/1032 3090/3090/3090 3088/3088/3088
f 1032/1032/1032 3084/3084/3084 3090/3090/3090
f 1032/1032/1032 3094/3094/3094 3092/3092/3092
f 1032/1032/1032 3088/3088/3088 3094/3094/3094
f 1032/1032/1032 3098/3098/3098 3096/3096/3096
f 1032/1032/1032 3092/3092/3092 3098/3098/3098
f 1032/1032/1032 3102/3102/3102 3100/3100/3100
f 1032/1032/1032 3096/3096/3096 3102/3102/3102
f 1032/1032/1032 3104/3104/3104 3062/3062/3062
f 1032/1032/1032 3106/3106/3106 3104/3104/3104
f 1032/1032/1032 3108/3108/3108 3110/3110/3110
f 1032/1032/1032 3110/3110/3110 3112/3112/3112
f 1032/1032/1032 3114/3114/3114 3116/3116/3116
f 1032/1032/1032 3116/3116/3116 3108/3108/3108
f 1032/1032/1032 3118/3118/3118 3120/3120/3120
f 1032/1032/1032 3120/3120/3120 3114/3114/3114
f 1032/1032/1032 3122/3122/3122 3124/3124/3124
f 1032/1032/1032 3124/3124/3124 3118/3118/3118
f 1032/1032/1032 3126/3126/3126 3128/3128/3128
f 1032/1032/1032 3128/3128/3128 3122/3122/3122
f 1032/1032/1032 3130/3130/3130 3132/3132/3132
f 1032/1032/1032 3132/3132/3132 3126/3126/3126
f 1032/1032/1032 3134/3134/3134 3136/3136/3136
f 1032/1032/1032 3136/3136/3136 3130/3130/3130
f 1032/1032/1032 3138/3138/3138 3140/3140/3140
f 1032/1032/1032 3140/3140/3140 3134/3134/3134
f 1032/1032/1032 3142/3142/3142 3144/3144/3144
f 1032/1032/1032 3144/3144/3144 3138/3138/3138
f 1032/1032/1032 3146/3146/3146 3148/3148/3148
f 1032/1032/1032 3148/3148/3148 3142/3142/3142
f 1032/1032/1032 3150/3150/3150 3146/3146/3146
f 1032/1032/1032 3112/3112/3112 3153/3153/3153
f 1032/1032/1032 3100/3100/3100 3150/3150/3150
f 1032/1032/1032 3153/3153/3153 3106/3106/3106
f 2264/2264/2264 2241/2241/2241 3156/3156/3156
f 2264/2264/2264 3156/3156/3156 3179/3179/3179
f 2262/2262/2262 2264/2264/2264 3179/3179/3179
f 2262/2262/2262 3179/3179/3179 3177/3177/3177
f 2263/2263/2263 2242/2242/2242 3157/3157/3157
f 2263/2263/2263 3157/3157/3157 3178/3178/3178
f 2222/2222/2222 2263/2263/2263 3178/3178/3178
f 2222/2222/2222 3178/3178/3178 3155/3155/3155
f 2261/2261/2261 2262/2262/2262 3177/3177/3177
f 2261/2261/2261 3177/3177/3177 3176/3176/3176
f 2260/2260/2260 2261/2261/2261 3176/3176/3176
f 2260/2260/2260 3176/3176/3176 3175/3175/3175
f 2259/2259/2259 2260/2260/2260 3175/3175/3175
f 2259/2259/2259 3175/3175/3175 3174/3174/3174
f 2258/2258/2258 2259/2259/2259 3174/3174/3174
f 2258/2258/2258 3174/3174/3174 3173/3173/3173
f 2257/2257/2257 2258/2258/2258 3173/3173/3173
f 2257/2257/2257 3173/3173/3173 3172/3172/3172
f 2256/2256/2256 2257/2257/2257 3172/3172/3172
f 2256/2256/2256 3172/3172/3172 3171/3171/3171
f 2255/2255/2255 2256/2256/2256 3171/3171/3171
f 2255/2255/2255 3171/3171/3171 3170/3170/3170
f 2254/2254/2254 2255/2255/2255 3170/3170/3170
f 2254/2254/2254 3170/3170/3170 3169/3169/3169
f 2253/2253/2253 2254/2254/2254 3169/3169/3169
f 2253/2253/2253 3169/3169/3169 3168/3168/3168
f 2252/2252/2252 2253/2253/2253 3168/3168/3168
f 2252/2252/2252 3168/3168/3168 3167/3167/3167
f 2251/2251/2251 2252/2252/2252 3167/3167/3167
f 2251/2251/2251 3167/3167/3167 3166/3166/3166
f 2250/2250/2250 2251/2251/2251 3166/3166/3166
f 2250/2250/2250 3166/3166/3166 3165/3165/3165
f 2249/2249/2249 2250/2250/2250 3165/3165/3165
f 2249/2249/2249 3165/3165/3165 3164/3164/3164
f 2248/2248/2248 2249/2249/2249 3164/3164/3164
f 2248/2248/2248 3164/3164/3164 3163/3163/3163
f 2247/2247/2247 2248/2248/2248 3163/3163/3163
f 2247/2247/2247 3163/3163/3163 3162/3162/3162
f 2246/2246/2246 2247/2247/2247 3162/3162/3162
f 2246/2246/2246 3162/3162/3162 3161/3161/3161
f 2245/2245/2245 2246/2246/2246 3161/3161/3161
f 2245/2245/2245 3161/3161/3161 3160/3160/3160
f 2244/2244/2244 2245/2245/2245 3160/3160/3160
f 2244/2244/2244 3160/3160/3160 3159/3159/3159
f 2243/2243/2243 2244/2244/2244 3159/3159/3159
f 2243/2243/2243 3159/3159/3159 3158/3158/3158
f 2242/2242/2242 2243/2243/2243 3158/3158/3158
f 2242/2242/2242 3158/3158/3158 3157/3157/3157
f 3008/3008/3008 3187/3187/3187 3188/3188/3188
f 3008/3008/3008 3188/3188/3188 3009/3009/3009
f 3006/3006/3006 3185/3185/3185 3186/3186/3186
f 3006/3006/3006 3186/3186/3186 3007/3007/3007
f 3020/3020/3020 3199/3199/3199 3200/3200/3200
f 3020/3020/3020 3200/3200/3200 3021/3021/3021
f 3012/3012/3012 3191/3191/3191 3192/3192/3192
f 3012/3012/3012 3192/3192/3192 3013/3013/3013
f 3005/3005/3005 3184/3184/3184 3185/3185/3185
f 3005/3005/3005 3185/3185/3185 3006/3006/3006
f 3014/3014/3014 3193/3193/3193 3194/3194/3194
f 3014/3014/3014 3194/3194/3194 3015/3015/3015
f 3016/3016/3016 3195/3195/3195 3196/3196/3196
f 3016/3016/3016 3196/3196/3196 3017/3017/3017
f 3004/3004/3004 3183/3183/3183 3184/3184/3184
f 3004/3004/3004 3184/3184/3184 3005/3005/3005
f 3018/3018/3018 3197/3197/3197 3198/3198/3198
f 3018/3018/3018 3198/3198/3198 3019/3019/3019
f 3023/3023/3023 3202/3202/3202 3156/3156/3156
f 3023/3023/3023 3156/3156/3156 2241/2241/2241
f 3019/3019/3019 3198/3198/3198 3199/3199/3199
f 3019/3019/3019 3199/3199/3199 3020/3020/3020
f 3022/3022/3022 3201/3201/3201 3180/3180/3180
f 3022/3022/3022 3180/3180/3180 3001/3001/3001
f 3011/3011/3011 3190/3190/3190 3191/3191/3191
f 3011/3011/3011 3191/3191/3191 3012/3012/3012
f 3002/3002/3002 3181/3181/3181 3182/3182/3182
f 3002/3002/3002 3182/3182/3182 3003/3003/3003
f 3015/3015/3015 3194/3194/3194 3195/3195/3195
f 3015/3015/3015 3195/3195/3195 3016/3016/3016
f 2222/2222/2222 3155/3155/3155 3201/3201/3201
f 2222/2222/2222 3201/3201/3201 3022/3022/3022
f 3021/3021/3021 3200/3200/3200 3202/3202/3202
f 3021/3021/3021 3202/3202/3202 3023/3023/3023
f 3013/3013/3013 3192/3192/3192 3193/3193/3193
f 3013/3013/3013 3193/3193/3193 3014/3014/3014
f 3003/3003/3003 3182/3182/3182 3183/3183/3183
f 3003/3003/3003 3183/3183/3183 3004/3004/3004
f 3001/3001/3001 3180/3180/3180 3181/3181/3181
f 3001/3001/3001 3181/3181/3181 3002/3002/3002
f 3010/3010/3010 3189/3189/3189 3190/3190/3190
f 3010/3010/3010 3190/3190/3190 3011/3011/3011
f 3009/3009/3009 3188/3188/3188 3189/3189/3189
f 3009/3009/3009 3189/3189/3189 3010/3010/3010
f 3007/3007/3007 3186/3186/3186 3187/3187/3187
f 3007/3007/3007 3187/3187/3187 3008/3008/3008
f 3017/3017/3017 3196/3196/3196 3197/3197/3197
f 3017/3017/3017 3197/3197/3197 3018/3018/3018
