# GloomhavenVR import — Poly Haven 'namaqualand_boulder_05' (CC0), processed by ph_pipeline.py
v 0.511044 0.222369 -0.262254
v 0.530186 0.220213 -0.257654
v 0.530186 0.220213 -0.257654
v 0.524528 0.241898 -0.243029
v 0.498752 0.205936 -0.257356
v 0.498752 0.205936 -0.257356
v 0.506415 0.210619 -0.254905
v 0.506415 0.210619 -0.254905
v 0.513683 0.210793 -0.254090
v 0.513683 0.210793 -0.254090
v 0.517310 0.213676 -0.256851
v 0.517310 0.213676 -0.256851
v 0.522252 0.215830 -0.258633
v 0.522252 0.215830 -0.258633
v 0.513014 0.193056 -0.241640
v 0.536767 0.211830 -0.249993
v 0.536905 0.216762 -0.255996
v 0.536905 0.216762 -0.255996
v 0.547087 0.227128 -0.264105
v 0.556378 0.216099 -0.247475
v 0.556378 0.216099 -0.247475
v 0.550575 0.215778 -0.247381
v 0.550575 0.215778 -0.247381
v 0.567125 0.216152 -0.236956
v 0.567125 0.216152 -0.236956
v 0.562673 0.216016 -0.241793
v 0.562673 0.216016 -0.241793
v 0.546365 0.217039 -0.251322
v 0.546365 0.217039 -0.251322
v 0.675351 0.245589 -0.159837
v 0.675351 0.245589 -0.159837
v 0.678211 0.248840 -0.154479
v 0.678211 0.248840 -0.154479
v 0.670638 0.244807 -0.162630
v 0.670638 0.244807 -0.162630
v 0.667103 0.236354 -0.147922
v 0.666922 0.241649 -0.161230
v 0.666922 0.241649 -0.161230
v 0.627222 0.206540 -0.141442
v 0.649813 0.233496 -0.166195
v 0.655490 0.208552 -0.122130
v 0.620449 0.283949 -0.115508
v 0.647268 0.264156 -0.142285
v 0.653305 0.282757 -0.110422
v 0.673136 0.253935 -0.152910
v 0.704052 0.254179 -0.154040
v 0.704052 0.254179 -0.154040
v 0.694570 0.265589 -0.143864
v 0.683099 0.251243 -0.152708
v 0.683099 0.251243 -0.152708
v 0.687818 0.251608 -0.150525
v 0.687818 0.251608 -0.150525
v 0.707294 0.272353 -0.121356
v 0.707294 0.272353 -0.121356
v 0.682005 0.296696 -0.087554
v 0.702837 0.286023 -0.091232
v 0.702837 0.286023 -0.091232
v 0.705634 0.265869 -0.141564
v 0.705634 0.265869 -0.141564
v 0.703040 0.279662 -0.093372
v 0.703040 0.279662 -0.093372
v 0.700258 0.278955 -0.110433
v 0.705154 0.273065 -0.106987
v 0.705154 0.273065 -0.106987
v 0.698843 0.224589 -0.085473
v 0.698843 0.224589 -0.085473
v 0.699842 0.225774 -0.092281
v 0.699842 0.225774 -0.092281
v 0.708371 0.275061 -0.115814
v 0.708371 0.275061 -0.115814
v 0.713260 0.250762 -0.111852
v 0.701947 0.275865 -0.100185
v 0.701947 0.275865 -0.100185
v 0.700465 0.227212 -0.098575
v 0.700465 0.227212 -0.098575
v 0.701327 0.229644 -0.107908
v 0.701327 0.229644 -0.107908
v 0.706865 0.268803 -0.127930
v 0.706865 0.268803 -0.127930
v 0.708209 0.270208 -0.136033
v 0.708209 0.270208 -0.136033
v 0.703388 0.231270 -0.114700
v 0.703388 0.231270 -0.114700
v 0.712048 0.230230 -0.078417
v 0.704040 0.236463 -0.119502
v 0.704040 0.236463 -0.119502
v 0.702514 0.240603 -0.127164
v 0.702514 0.240603 -0.127164
v 0.693466 0.251196 -0.149626
v 0.693466 0.251196 -0.149626
v 0.703837 0.245214 -0.135243
v 0.703837 0.245214 -0.135243
v 0.689357 0.238843 -0.136459
v 0.701047 0.244292 -0.146429
v 0.701047 0.244292 -0.146429
v 0.699449 0.248125 -0.149467
v 0.699449 0.248125 -0.149467
v 0.699449 0.248125 -0.149467
v 0.705955 0.247112 -0.140806
v 0.705955 0.247112 -0.140806
v 0.710803 0.253844 -0.138920
v 0.706245 0.258680 -0.149984
v 0.706245 0.258680 -0.149984
v 0.625579 0.237295 -0.190757
v 0.625579 0.237295 -0.190757
v 0.607672 0.257251 -0.177147
v 0.651747 0.256186 -0.172617
v 0.620324 0.236813 -0.194643
v 0.620324 0.236813 -0.194643
v 0.655547 0.242135 -0.168164
v 0.655547 0.242135 -0.168164
v 0.651098 0.240812 -0.174895
v 0.651098 0.240812 -0.174895
v 0.645305 0.240335 -0.176906
v 0.645305 0.240335 -0.176906
v 0.627719 0.222894 -0.180912
v 0.637044 0.239275 -0.182017
v 0.637044 0.239275 -0.182017
v 0.573098 0.222898 -0.232845
v 0.573098 0.222898 -0.232845
v 0.642052 0.240455 -0.182135
v 0.642052 0.240455 -0.182135
v 0.614811 0.237298 -0.197159
v 0.614811 0.237298 -0.197159
v 0.687445 0.202691 -0.011059
v 0.687445 0.202691 -0.011059
v 0.685091 0.200604 -0.002491
v 0.685091 0.200604 -0.002491
v 0.600931 0.203884 -0.181397
v 0.575336 0.200814 -0.144848
v 0.620274 0.185209 0.014030
v 0.536601 0.187315 -0.089308
v 0.532794 0.190610 -0.134928
v 0.582741 0.195772 -0.105155
v 0.609280 0.203909 -0.117008
v 0.508165 0.185693 -0.194738
v 0.525733 0.190565 -0.173392
v 0.553179 0.200881 -0.198437
v 0.595020 0.239584 -0.209975
v 0.596949 0.228959 -0.217779
v 0.596949 0.228959 -0.217779
v 0.607344 0.230492 -0.211067
v 0.607344 0.230492 -0.211067
v 0.564728 0.250568 -0.209499
v 0.566541 0.270972 -0.175397
v 0.580630 0.223707 -0.232756
v 0.580630 0.223707 -0.232756
v 0.582341 0.218219 -0.211035
v 0.621753 0.243384 -0.194323
v 0.577043 0.230157 -0.244024
v 0.608236 0.234627 -0.204098
v 0.608236 0.234627 -0.204098
v 0.587268 0.224236 -0.227276
v 0.587268 0.224236 -0.227276
v 0.561570 0.215747 -0.234049
v 0.609158 0.226240 -0.200242
v 0.506727 0.285343 -0.221381
v 0.543394 0.275837 -0.202729
v 0.566420 0.319478 -0.162325
v 0.553159 0.295068 -0.182491
v 0.539645 0.302893 -0.208629
v 0.509379 0.305295 -0.237881
v 0.521883 0.261502 -0.225648
v 0.577743 0.297092 -0.156833
v 0.607939 0.294710 -0.079012
v 0.602610 0.274055 -0.148383
v 0.683442 0.201806 -0.029439
v 0.683442 0.201806 -0.029439
v 0.685253 0.203306 -0.024710
v 0.685253 0.203306 -0.024710
v 0.683368 0.203595 -0.036962
v 0.683368 0.203595 -0.036962
v 0.686913 0.196499 0.010842
v 0.686913 0.196499 0.010842
v 0.677487 0.198236 -0.030568
v 0.690172 0.196027 0.025315
v 0.690172 0.196027 0.025315
v 0.684475 0.197666 0.001850
v 0.684475 0.197666 0.001850
v 0.678958 0.190719 0.016192
v 0.668277 0.192366 -0.001861
v 0.608546 0.198736 -0.073084
v -0.589670 0.200534 -0.014638
v -0.589670 0.200534 -0.014638
v -0.584892 0.198365 -0.016088
v -0.584892 0.198365 -0.016088
v -0.586969 0.207066 -0.004105
v -0.586969 0.207066 -0.004105
v -0.579670 0.208619 -0.000865
v -0.579670 0.208619 -0.000865
v -0.579670 0.208619 -0.000865
v -0.605360 0.228872 0.032217
v -0.583012 0.228133 -0.008619
v -0.583012 0.228133 -0.008619
v 0.695496 0.200871 0.019195
v 0.695496 0.200871 0.019195
v 0.686075 0.204848 -0.017515
v 0.686075 0.204848 -0.017515
v 0.599798 0.191591 -0.039579
v 0.640777 0.195774 -0.036852
v 0.685178 0.203102 -0.041955
v 0.685178 0.203102 -0.041955
v 0.686135 0.204614 -0.050583
v 0.686135 0.204614 -0.050583
v 0.689288 0.208150 -0.055972
v 0.689288 0.208150 -0.055972
v 0.720987 0.231560 -0.045192
v 0.673618 0.208319 -0.078782
v 0.691369 0.210247 -0.061784
v 0.691369 0.210247 -0.061784
v 0.693512 0.211048 -0.067010
v 0.693512 0.211048 -0.067010
v 0.696852 0.214455 -0.072351
v 0.696852 0.214455 -0.072351
v 0.696600 0.208585 -0.046079
v 0.693445 0.221557 -0.103407
v 0.700884 0.219408 -0.079023
v 0.700884 0.219408 -0.079023
v 0.722252 0.228394 -0.014961
v 0.715955 0.263555 -0.024847
v 0.723177 0.236688 0.027465
v 0.582782 0.184446 0.004097
v 0.559101 0.192667 -0.060662
v 0.501511 0.169648 -0.017841
v 0.533533 0.175071 0.007953
v 0.543635 0.177316 -0.027686
v 0.499733 0.181954 -0.068740
v 0.709106 0.270248 -0.085034
v 0.698595 0.207376 -0.002699
v 0.515769 0.311224 -0.238646
v 0.515769 0.311224 -0.238646
v 0.512222 0.307491 -0.243596
v 0.512222 0.307491 -0.243596
v 0.505576 0.309257 -0.244073
v 0.505576 0.309257 -0.244073
v 0.520944 0.310648 -0.234716
v 0.520944 0.310648 -0.234716
v 0.685247 0.194396 0.028613
v 0.685247 0.194396 0.028613
v 0.680317 0.194253 0.034818
v 0.680317 0.194253 0.034818
v 0.692971 0.196389 0.040024
v 0.704918 0.277232 0.033106
v 0.546190 0.177043 0.043581
v 0.481770 0.173728 0.026880
v 0.705734 0.290492 -0.087769
v 0.705734 0.290492 -0.087769
v 0.708160 0.290638 -0.082829
v 0.708160 0.290638 -0.082829
v -0.607677 0.299621 0.080764
v -0.589784 0.269677 -0.011861
v -0.606499 0.292385 0.039449
v -0.595107 0.322836 0.071379
v -0.583608 0.266717 -0.027146
v -0.583608 0.266717 -0.027146
v -0.586137 0.260787 -0.024782
v -0.586137 0.260787 -0.024782
v -0.588290 0.256026 -0.024645
v -0.588290 0.256026 -0.024645
v -0.615689 0.236787 0.087545
v -0.589073 0.250475 -0.021305
v -0.589073 0.250475 -0.021305
v -0.591473 0.205494 -0.011100
v -0.591473 0.205494 -0.011100
v -0.591473 0.205494 -0.011100
v -0.575360 0.217757 0.080851
v -0.591938 0.223788 0.057020
v -0.590622 0.246593 -0.012655
v -0.590622 0.246593 -0.012655
v -0.590622 0.246593 -0.012655
v -0.593360 0.249108 -0.008644
v -0.593360 0.249108 -0.008644
v -0.588411 0.242478 -0.009438
v -0.588411 0.242478 -0.009438
v -0.569667 0.331063 0.031139
v -0.579199 0.305312 0.012370
v -0.588647 0.234663 -0.007111
v -0.588647 0.234663 -0.007111
v -0.599195 0.251787 -0.002808
v -0.599195 0.251787 -0.002808
v -0.573389 0.226854 -0.022748
v -0.619425 0.250863 0.053900
v -0.622829 0.262133 0.059179
v -0.622829 0.262133 0.059179
v -0.621842 0.260340 0.052117
v -0.621842 0.260340 0.052117
v -0.619495 0.259827 0.047438
v -0.619495 0.259827 0.047438
v -0.631856 0.258439 0.091289
v -0.616861 0.258822 0.039765
v -0.616861 0.258822 0.039765
v -0.598773 0.237907 0.008701
v -0.615397 0.257013 0.027783
v -0.615397 0.257013 0.027783
v -0.606959 0.253987 0.014061
v -0.606959 0.253987 0.014061
v -0.604003 0.255371 0.006238
v -0.604003 0.255371 0.006238
v -0.609398 0.263226 0.012113
v -0.609934 0.255509 0.018726
v -0.609934 0.255509 0.018726
v -0.626548 0.266845 0.067291
v -0.626548 0.266845 0.067291
v -0.631443 0.268108 0.074308
v -0.631443 0.268108 0.074308
v -0.617444 0.270338 0.051467
v -0.626176 0.275184 0.082518
v -0.629097 0.270040 0.081576
v -0.629097 0.270040 0.081576
v -0.628908 0.272068 0.088397
v -0.628908 0.272068 0.088397
v -0.629413 0.291640 0.124535
v -0.629413 0.291640 0.124535
v -0.631342 0.287616 0.116195
v -0.631342 0.287616 0.116195
v -0.623141 0.300191 0.127946
v -0.623141 0.300191 0.127946
v -0.609859 0.325774 0.134923
v -0.633085 0.274055 0.101191
v -0.633085 0.274055 0.101191
v -0.618353 0.306504 0.135338
v -0.618353 0.306504 0.135338
v -0.631945 0.271971 0.094923
v -0.631945 0.271971 0.094923
v -0.629453 0.295894 0.112124
v -0.573644 0.340572 0.173331
v -0.573644 0.340572 0.173331
v -0.620795 0.289616 0.138387
v -0.584741 0.340890 0.156710
v -0.628397 0.280932 0.118710
v -0.631865 0.282924 0.113206
v -0.631865 0.282924 0.113206
v -0.633338 0.281453 0.106137
v -0.633338 0.281453 0.106137
v -0.576573 0.340758 0.166646
v -0.576573 0.340758 0.166646
v -0.582373 0.327563 0.159016
v -0.582373 0.327563 0.159016
v -0.609268 0.314911 0.147979
v -0.609268 0.314911 0.147979
v -0.595962 0.314942 0.152124
v -0.595962 0.314942 0.152124
v -0.577477 0.338126 0.161918
v -0.577477 0.338126 0.161918
v -0.596301 0.267018 0.125136
v -0.613383 0.309811 0.145389
v -0.613383 0.309811 0.145389
v -0.601168 0.298564 0.152848
v -0.601298 0.314190 0.150165
v -0.601298 0.314190 0.150165
v -0.600249 0.338929 0.116567
v -0.587730 0.321757 0.158483
v -0.587730 0.321757 0.158483
v -0.583007 0.321736 0.160611
v -0.581483 0.346223 0.072570
v -0.578889 0.270912 -0.029134
v -0.578889 0.270912 -0.029134
v -0.478591 0.142684 0.139372
v -0.462679 0.146552 0.158119
v -0.577991 0.288008 -0.019336
v -0.553608 0.366393 0.088800
v -0.569351 0.338621 0.182304
v -0.569351 0.338621 0.182304
v -0.570328 0.355411 0.170014
v -0.561523 0.331976 0.182912
v -0.582045 0.242263 0.124655
v -0.576761 0.288867 0.167359
v -0.251597 0.281822 0.343606
v -0.199225 0.291627 0.335866
v -0.225804 0.313238 0.339946
v -0.206409 0.257200 0.336517
v -0.433092 0.184276 0.188816
v -0.396324 0.149393 0.243069
v -0.396324 0.149393 0.243069
v -0.428867 0.167031 0.184185
v -0.397032 0.150652 0.226657
v -0.397032 0.150652 0.226657
v -0.396151 0.151609 0.232280
v -0.396151 0.151609 0.232280
v -0.384668 0.150303 0.274573
v -0.384668 0.150303 0.274573
v -0.393702 0.152837 0.259375
v -0.434097 0.186337 0.279449
v -0.383626 0.147121 0.269963
v -0.383626 0.147121 0.269963
v -0.403286 0.180106 0.250646
v -0.403455 0.172518 0.211332
v -0.404174 0.154982 0.206351
v -0.404174 0.154982 0.206351
v -0.413108 0.154852 0.193627
v -0.413108 0.154852 0.193627
v -0.409186 0.155119 0.197963
v -0.409186 0.155119 0.197963
v -0.400968 0.154586 0.216626
v -0.400968 0.154586 0.216626
v -0.409032 0.134915 0.210547
v -0.391746 0.158489 0.283256
v -0.391746 0.158489 0.283256
v -0.392708 0.161551 0.225308
v -0.419969 0.155950 0.188775
v -0.419969 0.155950 0.188775
v -0.439346 0.136009 0.181759
v -0.413317 0.151038 0.188896
v -0.430515 0.163150 0.179732
v -0.430515 0.163150 0.179732
v -0.438244 0.165293 0.171137
v -0.438244 0.165293 0.171137
v -0.434763 0.166379 0.174939
v -0.434763 0.166379 0.174939
v -0.423374 0.158860 0.184558
v -0.423374 0.158860 0.184558
v -0.532454 0.166369 0.105981
v -0.542114 0.188314 0.097470
v -0.506990 0.167321 0.127283
v -0.564632 0.184027 0.085547
v -0.564632 0.184027 0.085547
v -0.558912 0.177936 0.088166
v -0.558912 0.177936 0.088166
v -0.544470 0.168581 0.093983
v -0.544470 0.168581 0.093983
v -0.552178 0.169871 0.091723
v -0.552178 0.169871 0.091723
v -0.540596 0.164145 0.096859
v -0.540596 0.164145 0.096859
v -0.538371 0.145721 0.095513
v -0.533802 0.162206 0.101716
v -0.533802 0.162206 0.101716
v -0.494930 0.243517 0.170913
v -0.470224 0.202214 0.167646
v -0.464725 0.233042 0.196174
v -0.517072 0.198808 0.134800
v -0.500004 0.213197 0.165806
v -0.514125 0.267886 0.190507
v -0.454605 0.170647 0.157643
v -0.454605 0.170647 0.157643
v -0.461771 0.169381 0.154134
v -0.461771 0.169381 0.154134
v -0.451346 0.180110 0.163809
v -0.491973 0.156415 0.133875
v -0.491973 0.156415 0.133875
v -0.558683 0.257836 0.146809
v -0.475376 0.183837 0.139808
v -0.507288 0.160092 0.120417
v -0.507288 0.160092 0.120417
v -0.533405 0.221356 0.165561
v -0.476201 0.163548 0.139360
v -0.476201 0.163548 0.139360
v -0.483879 0.161463 0.135969
v -0.483879 0.161463 0.135969
v -0.442420 0.169797 0.168157
v -0.442420 0.169797 0.168157
v -0.468931 0.166159 0.147644
v -0.468931 0.166159 0.147644
v -0.439171 0.153552 0.170818
v -0.447778 0.169478 0.162462
v -0.447778 0.169478 0.162462
v -0.559542 0.214539 0.115526
v -0.486478 0.307266 0.280637
v -0.452237 0.206898 0.233416
v -0.462971 0.285300 0.258856
v -0.457728 0.211459 0.265216
v -0.470375 0.277074 0.227377
v -0.562404 0.341443 0.200295
v -0.562404 0.341443 0.200295
v -0.548118 0.329547 0.213174
v -0.559289 0.340472 0.208080
v -0.559289 0.340472 0.208080
v -0.564031 0.342105 0.191359
v -0.564031 0.342105 0.191359
v -0.472151 0.243268 0.243424
v -0.554163 0.354983 0.202499
v -0.554471 0.342811 0.221090
v -0.554471 0.342811 0.221090
v -0.508820 0.350625 0.275474
v -0.508820 0.350625 0.275474
v -0.535774 0.348969 0.243250
v -0.535774 0.348969 0.243250
v -0.522194 0.351936 0.251577
v -0.522194 0.351936 0.251577
v -0.544450 0.342363 0.237215
v -0.544450 0.342363 0.237215
v -0.547998 0.341144 0.231905
v -0.547998 0.341144 0.231905
v -0.526855 0.334753 0.246216
v -0.552076 0.339890 0.225619
v -0.552076 0.339890 0.225619
v -0.556988 0.297450 0.192447
v -0.542217 0.347145 0.241551
v -0.542217 0.347145 0.241551
v -0.536049 0.255164 0.162864
v -0.488562 0.278381 0.206684
v -0.508839 0.307622 0.251253
v -0.518707 0.308094 0.219592
v -0.460677 0.200097 0.195302
v -0.474439 0.253703 0.194350
v -0.375548 0.128369 0.257917
v -0.375548 0.128369 0.257917
v -0.378750 0.131713 0.261024
v -0.378750 0.131713 0.261024
v -0.386709 0.133290 0.256377
v -0.383571 0.139643 0.260644
v -0.383571 0.139643 0.260644
v -0.383571 0.139643 0.260644
v -0.383571 0.139643 0.260644
v -0.383571 0.139643 0.260644
v -0.387911 0.140250 0.256282
v -0.387911 0.140250 0.256282
v -0.379735 0.136108 0.265527
v -0.379735 0.136108 0.265527
v -0.392021 0.145749 0.251639
v -0.392021 0.145749 0.251639
v -0.371443 0.131335 0.264509
v -0.371443 0.131335 0.264509
v -0.383534 0.144587 0.263212
v -0.383534 0.144587 0.263212
v -0.407056 0.100698 0.232959
v -0.386648 0.124207 0.249232
v -0.371270 0.148020 0.284445
v -0.367446 0.121754 0.251439
v -0.367446 0.121754 0.251439
v -0.403576 0.140696 0.241095
v -0.307818 0.121911 0.254989
v -0.307818 0.121911 0.254989
v -0.292972 0.127679 0.271173
v -0.316797 0.123246 0.257927
v -0.316797 0.123246 0.257927
v -0.296850 0.117050 0.250521
v -0.296850 0.117050 0.250521
v -0.354370 0.071201 0.210264
v -0.351871 0.137438 0.267918
v -0.311995 0.048707 0.178494
v -0.311995 0.048707 0.178494
v -0.311668 0.046590 0.170462
v -0.311668 0.046590 0.170462
v -0.317052 0.061581 0.192181
v -0.317052 0.061581 0.192181
v -0.310663 0.056507 0.186153
v -0.310663 0.056507 0.186153
v -0.364538 0.082545 0.230084
v -0.327565 0.122798 0.259079
v -0.327565 0.122798 0.259079
v -0.323924 0.128961 0.262890
v -0.351150 0.098020 0.227405
v -0.351150 0.098020 0.227405
v -0.296799 0.059029 0.187190
v -0.323805 0.067735 0.202014
v -0.323805 0.067735 0.202014
v -0.354898 0.108589 0.233953
v -0.354898 0.108589 0.233953
v -0.371372 0.107123 0.236935
v -0.355738 0.115760 0.243396
v -0.355738 0.115760 0.243396
v -0.337230 0.110966 0.238515
v -0.330944 0.071968 0.206292
v -0.330944 0.071968 0.206292
v -0.327042 0.058225 0.189291
v -0.334598 0.075704 0.212683
v -0.334598 0.075704 0.212683
v -0.339479 0.079743 0.217001
v -0.339479 0.079743 0.217001
v -0.345332 0.085638 0.222684
v -0.345332 0.085638 0.222684
v -0.350209 0.090659 0.223853
v -0.350209 0.090659 0.223853
v -0.324102 0.096180 0.223081
v -0.349449 0.121061 0.255769
v -0.358663 0.119938 0.248031
v -0.358663 0.119938 0.248031
v -0.361912 0.130453 0.264233
v -0.361912 0.130453 0.264233
v -0.349877 0.127763 0.261947
v -0.349877 0.127763 0.261947
v -0.355077 0.129208 0.263865
v -0.355077 0.129208 0.263865
v -0.343760 0.127086 0.259228
v -0.343760 0.127086 0.259228
v -0.336738 0.126202 0.258474
v -0.336738 0.126202 0.258474
v -0.392807 0.065841 0.202170
v -0.416172 0.085442 0.211826
v -0.434284 0.108977 0.207773
v -0.314868 0.043074 0.164231
v -0.314868 0.043074 0.164231
v -0.312340 0.040853 0.154183
v -0.312340 0.040853 0.154183
v -0.319398 0.042951 0.160595
v -0.311158 0.023648 0.102366
v -0.311158 0.023648 0.102366
v -0.310184 0.038440 0.148450
v -0.310184 0.038440 0.148450
v -0.311316 0.036942 0.142936
v -0.311316 0.036942 0.142936
v -0.297078 0.042694 0.150992
v -0.355470 0.049563 0.182866
v -0.384930 0.037217 0.152890
v -0.419325 0.031021 0.146873
v -0.458595 0.029929 0.135373
v -0.449419 0.045076 0.159797
v -0.292218 0.027880 0.086100
v -0.292297 0.225405 0.309544
v -0.292297 0.225405 0.309544
v -0.271862 0.217690 0.307845
v -0.300530 0.223666 0.311758
v -0.298167 0.226498 0.310570
v -0.298167 0.226498 0.310570
v -0.283006 0.223366 0.310351
v -0.283006 0.223366 0.310351
v -0.409134 0.204400 0.307790
v -0.409134 0.204400 0.307790
v -0.430193 0.213533 0.303308
v -0.413195 0.191682 0.298289
v -0.410179 0.212575 0.307293
v -0.410179 0.212575 0.307293
v -0.406098 0.167693 0.279123
v -0.303710 0.157557 0.318256
v -0.392989 0.174277 0.294344
v -0.392989 0.174277 0.294344
v -0.389713 0.167157 0.288896
v -0.389713 0.167157 0.288896
v -0.389702 0.170458 0.292752
v -0.389702 0.170458 0.292752
v -0.398488 0.186689 0.300085
v -0.398488 0.186689 0.300085
v -0.378930 0.168441 0.292856
v -0.402278 0.192104 0.301129
v -0.402278 0.192104 0.301129
v -0.344790 0.166666 0.303643
v -0.404133 0.198290 0.305525
v -0.404133 0.198290 0.305525
v -0.394122 0.221466 0.310484
v -0.384320 0.199480 0.305797
v -0.407243 0.218990 0.308083
v -0.407243 0.218990 0.308083
v -0.316485 0.203185 0.317349
v -0.406309 0.229606 0.309385
v -0.406309 0.229606 0.309385
v -0.407779 0.238442 0.312324
v -0.407779 0.238442 0.312324
v -0.413625 0.241801 0.310859
v -0.412616 0.242152 0.310534
v -0.412616 0.242152 0.310534
v -0.387157 0.254044 0.309008
v -0.347969 0.221350 0.315347
v -0.330499 0.231793 0.316918
v -0.330499 0.231793 0.316918
v -0.321116 0.231293 0.315029
v -0.321116 0.231293 0.315029
v -0.326405 0.134365 0.296765
v -0.333874 0.236066 0.316050
v -0.333874 0.236066 0.316050
v -0.311378 0.233292 0.313090
v -0.311378 0.233292 0.313090
v -0.335759 0.242925 0.318065
v -0.335759 0.242925 0.318065
v -0.305829 0.230991 0.314959
v -0.305829 0.230991 0.314959
v -0.318280 0.252328 0.325752
v -0.353639 0.259785 0.320927
v -0.353639 0.259785 0.320927
v -0.341320 0.249885 0.319684
v -0.341320 0.249885 0.319684
v -0.348691 0.242200 0.314061
v -0.344177 0.255069 0.320132
v -0.344177 0.255069 0.320132
v -0.285718 0.238110 0.312591
v -0.300408 0.305632 0.334641
v -0.356254 0.263595 0.318029
v -0.356254 0.263595 0.318029
v -0.271302 0.268643 0.329141
v -0.336199 0.260159 0.318769
v -0.360293 0.268460 0.312608
v -0.360293 0.268460 0.312608
v -0.321573 0.279013 0.314415
v -0.402223 0.316143 0.313757
v -0.353714 0.321897 0.323971
v -0.423123 0.312167 0.312500
v -0.423123 0.312167 0.312500
v -0.413123 0.255122 0.311408
v -0.413123 0.255122 0.311408
v -0.414194 0.248331 0.311160
v -0.414194 0.248331 0.311160
v -0.416744 0.260442 0.309522
v -0.416744 0.260442 0.309522
v -0.421042 0.262749 0.304634
v -0.421042 0.262749 0.304634
v -0.410185 0.260579 0.307320
v -0.425549 0.271794 0.295036
v -0.425549 0.271794 0.295036
v -0.420187 0.269961 0.297242
v -0.420187 0.269961 0.297242
v -0.417468 0.283090 0.300533
v -0.369737 0.251804 0.312874
v -0.410045 0.303141 0.313203
v -0.410045 0.303141 0.313203
v -0.399363 0.299927 0.313033
v -0.399363 0.299927 0.313033
v -0.416759 0.304413 0.312178
v -0.416759 0.304413 0.312178
v -0.371895 0.273132 0.311090
v -0.371895 0.273132 0.311090
v -0.387328 0.274608 0.304003
v -0.384649 0.278683 0.311536
v -0.384649 0.278683 0.311536
v -0.379798 0.275834 0.310839
v -0.379798 0.275834 0.310839
v -0.387372 0.285818 0.309558
v -0.387372 0.285818 0.309558
v -0.371573 0.294945 0.315381
v -0.390387 0.292937 0.308351
v -0.390387 0.292937 0.308351
v -0.430735 0.299961 0.312017
v -0.460576 0.334762 0.309569
v -0.460576 0.334762 0.309569
v -0.448836 0.331823 0.309748
v -0.478766 0.335841 0.299718
v -0.458750 0.325806 0.308502
v -0.458750 0.325806 0.308502
v -0.503285 0.337728 0.276701
v -0.446551 0.341957 0.307206
v -0.446551 0.341957 0.307206
v -0.454017 0.343365 0.308690
v -0.454017 0.343365 0.308690
v -0.434330 0.260146 0.312299
v -0.466899 0.341840 0.308232
v -0.466899 0.341840 0.308232
v -0.442114 0.339097 0.310238
v -0.442114 0.339097 0.310238
v -0.438291 0.335331 0.311368
v -0.438291 0.335331 0.311368
v -0.431235 0.327110 0.314633
v -0.431235 0.327110 0.314633
v -0.426740 0.319016 0.314294
v -0.426740 0.319016 0.314294
v -0.447388 0.317451 0.308247
v -0.447388 0.317451 0.308247
v -0.452878 0.320816 0.306496
v -0.452878 0.320816 0.306496
v -0.451218 0.310662 0.304920
v -0.443274 0.309000 0.309071
v -0.443274 0.309000 0.309071
v -0.442668 0.303058 0.308050
v -0.442668 0.303058 0.308050
v -0.444593 0.291230 0.302636
v -0.444593 0.291230 0.302636
v -0.453162 0.288694 0.292518
v -0.433182 0.279659 0.297891
v -0.433182 0.279659 0.297891
v -0.466058 0.258469 0.272769
v -0.446548 0.237636 0.290191
v -0.466883 0.028597 0.100076
v 0.036339 0.031783 0.237552
v -0.488657 0.087084 0.118252
v -0.468597 0.101108 0.141617
v -0.494933 0.120417 0.118495
v -0.495665 0.058032 0.108253
v -0.465705 0.061571 0.168689
v -0.445988 0.094701 0.169379
v -0.437791 0.065887 0.195938
v -0.500785 0.156779 0.125840
v -0.500785 0.156779 0.125840
v -0.515655 0.154233 0.118294
v -0.515655 0.154233 0.118294
v -0.507404 0.147123 0.117014
v -0.525897 0.097750 0.094788
v -0.526390 0.156642 0.111486
v -0.526390 0.156642 0.111486
v -0.521502 0.157063 0.114070
v -0.521502 0.157063 0.114070
v -0.575941 0.165669 0.086203
v -0.152684 0.040168 0.076165
v -0.267670 0.072248 0.200676
v -0.129213 0.047641 0.166374
v -0.129213 0.047641 0.166374
v -0.136197 0.049370 0.174155
v -0.136197 0.049370 0.174155
v -0.143278 0.052292 0.177150
v -0.143278 0.052292 0.177150
v -0.163005 0.046319 0.112151
v -0.302226 0.023742 0.108924
v -0.302226 0.023742 0.108924
v -0.167364 0.088503 0.250863
v -0.148712 0.060122 0.195780
v -0.148712 0.060122 0.195780
v -0.152550 0.063902 0.199043
v -0.152550 0.063902 0.199043
v -0.196531 0.082003 0.202851
v -0.196531 0.082003 0.202851
v -0.159649 0.059111 0.177593
v -0.158691 0.080985 0.200035
v -0.268383 0.095832 0.219547
v -0.274406 0.051581 0.172637
v -0.441046 0.001189 0.098468
v -0.244448 0.048198 0.113599
v -0.203810 0.084305 0.207811
v -0.203810 0.084305 0.207811
v -0.215408 0.088042 0.213193
v -0.215408 0.088042 0.213193
v -0.221663 0.090067 0.214322
v -0.221663 0.090067 0.214322
v -0.157623 0.065552 0.199337
v -0.157623 0.065552 0.199337
v -0.209544 0.094549 0.220208
v -0.164037 0.069500 0.200952
v -0.164037 0.069500 0.200952
v -0.177243 0.073849 0.200725
v -0.177243 0.073849 0.200725
v -0.183065 0.075161 0.198195
v -0.183065 0.075161 0.198195
v -0.209375 0.085871 0.209088
v -0.209375 0.085871 0.209088
v -0.311842 0.077530 0.207442
v -0.133132 0.053351 0.192764
v -0.142817 0.050466 0.150701
v -0.221062 0.080220 0.201469
v -0.146747 0.056651 0.190615
v -0.146747 0.056651 0.190615
v -0.143308 0.052423 0.187902
v -0.143308 0.052423 0.187902
v -0.193642 0.050210 0.121888
v -0.192620 0.064326 0.184392
v -0.235080 0.060357 0.184675
v -0.230034 0.093933 0.217869
v -0.230034 0.093933 0.217869
v -0.176883 0.112548 0.268460
v -0.212187 0.105451 0.264528
v -0.189479 0.144990 0.294160
v -0.151640 0.130503 0.284864
v -0.101705 0.133854 0.278765
v -0.270695 0.128923 0.301615
v -0.256759 0.113986 0.279654
v -0.267159 0.156507 0.310882
v -0.225515 0.134146 0.297462
v -0.274672 0.107682 0.237883
v -0.274672 0.107682 0.237883
v -0.294526 0.109509 0.241872
v -0.253944 0.096440 0.231538
v -0.253944 0.096440 0.231538
v -0.261347 0.100778 0.231118
v -0.261347 0.100778 0.231118
v -0.271784 0.102579 0.229948
v -0.271784 0.102579 0.229948
v -0.247666 0.093738 0.226474
v -0.247666 0.093738 0.226474
v -0.242555 0.093989 0.224911
v -0.242555 0.093989 0.224911
v -0.238101 0.104051 0.238699
v -0.265069 0.105312 0.230670
v -0.265069 0.105312 0.230670
v -0.266448 0.110514 0.243539
v -0.290572 0.114722 0.243142
v -0.290572 0.114722 0.243142
v -0.238815 0.093142 0.220560
v -0.238815 0.093142 0.220560
v -0.281053 0.109898 0.240255
v -0.281053 0.109898 0.240255
v -0.012436 0.173714 0.291572
v -0.059699 0.228896 0.301862
v -0.082815 0.186446 0.301910
v -0.108026 0.180465 0.290323
v -0.108026 0.180465 0.290323
v -0.110937 0.185242 0.288017
v -0.110937 0.185242 0.288017
v -0.132866 0.194153 0.308860
v -0.092115 0.176558 0.289470
v -0.092115 0.176558 0.289470
v -0.086143 0.175273 0.288454
v -0.086143 0.175273 0.288454
v -0.070659 0.169148 0.287530
v -0.070659 0.169148 0.287530
v -0.079157 0.170929 0.287207
v -0.079157 0.170929 0.287207
v -0.047367 0.173144 0.291471
v -0.066990 0.164391 0.278188
v -0.066990 0.164391 0.278188
v -0.072288 0.156698 0.278473
v -0.054689 0.151388 0.274888
v -0.054689 0.151388 0.274888
v -0.058175 0.159983 0.276549
v -0.058175 0.159983 0.276549
v 0.065092 0.201628 0.279554
v 0.027068 0.155042 0.277046
v 0.036277 0.247780 0.286433
v 0.021770 0.127414 0.256785
v 0.089883 0.172361 0.273647
v 0.027264 0.199589 0.281419
v -0.087098 0.267108 0.307464
v -0.117913 0.224835 0.317688
v -0.032317 0.234288 0.294055
v -0.003325 0.233392 0.288900
v -0.044930 0.279869 0.293440
v -0.170014 0.231670 0.328821
v -0.120554 0.188870 0.290014
v -0.120554 0.188870 0.290014
v -0.183191 0.213137 0.291447
v -0.183191 0.213137 0.291447
v -0.188535 0.215723 0.291820
v -0.188535 0.215723 0.291820
v -0.108732 0.166860 0.287879
v -0.172930 0.211944 0.290930
v -0.172930 0.211944 0.290930
v -0.181353 0.214991 0.301308
v -0.150766 0.206205 0.294687
v -0.163347 0.208897 0.290010
v -0.163347 0.208897 0.290010
v -0.144474 0.200025 0.290376
v -0.144474 0.200025 0.290376
v -0.131350 0.193610 0.288010
v -0.131350 0.193610 0.288010
v -0.140477 0.181474 0.289464
v -0.166772 0.194164 0.289931
v -0.156116 0.206854 0.288829
v -0.156116 0.206854 0.288829
v -0.164113 0.265796 0.317542
v -0.123841 0.271221 0.314710
v -0.209652 0.213889 0.292200
v -0.196382 0.215516 0.292178
v -0.196382 0.215516 0.292178
v -0.205581 0.221358 0.293754
v -0.205581 0.221358 0.293754
v -0.214386 0.222788 0.295921
v -0.214386 0.222788 0.295921
v -0.204602 0.195820 0.292696
v -0.213893 0.230232 0.303325
v -0.225773 0.221425 0.290116
v -0.225773 0.221425 0.290116
v -0.229161 0.222119 0.294095
v -0.229161 0.222119 0.294095
v -0.234445 0.223336 0.294752
v -0.234445 0.223336 0.294752
v -0.250380 0.223169 0.299269
v -0.250380 0.223169 0.299269
v -0.236405 0.218213 0.300331
v -0.272985 0.223781 0.310061
v -0.272985 0.223781 0.310061
v -0.255498 0.235209 0.305381
v -0.264119 0.221325 0.306228
v -0.264119 0.221325 0.306228
v -0.245433 0.222195 0.295172
v -0.245433 0.222195 0.295172
v -0.258908 0.219551 0.306209
v -0.258908 0.219551 0.306209
v -0.262285 0.195740 0.306929
v -0.230012 0.250751 0.314333
v 0.051306 0.126548 0.255440
v -0.001801 0.137816 0.260585
v 0.063328 0.102724 0.254461
v 0.063328 0.102724 0.254461
v 0.040668 0.111031 0.256992
v 0.040668 0.111031 0.256992
v 0.028060 0.112874 0.255677
v 0.028060 0.112874 0.255677
v 0.000466 0.082431 0.255649
v -0.022461 0.026922 0.254657
v -0.012464 0.131394 0.271124
v -0.012464 0.131394 0.271124
v -0.007226 0.127704 0.269491
v -0.007226 0.127704 0.269491
v 0.025051 0.060045 0.245475
v 0.011255 0.118779 0.259189
v 0.011255 0.118779 0.259189
v 0.022437 0.116751 0.256577
v 0.022437 0.116751 0.256577
v 0.052727 0.112988 0.255851
v 0.052727 0.112988 0.255851
v 0.058866 0.106771 0.256783
v 0.058866 0.106771 0.256783
v -0.003675 0.124614 0.267373
v -0.003675 0.124614 0.267373
v 0.013019 0.106773 0.268746
v 0.063768 0.087180 0.252713
v 0.037448 0.092769 0.257688
v -0.126728 0.095041 0.266399
v -0.071782 0.108204 0.274804
v -0.044743 0.143482 0.275307
v -0.044743 0.143482 0.275307
v -0.036023 0.136890 0.276631
v -0.036023 0.136890 0.276631
v -0.013559 0.115271 0.273074
v -0.021535 0.132510 0.272847
v -0.021535 0.132510 0.272847
v -0.033709 0.149682 0.270923
v -0.029285 0.132971 0.275187
v -0.029285 0.132971 0.275187
v -0.024500 0.094179 0.261966
v -0.044491 0.128114 0.278560
v -0.107938 0.070488 0.212543
v -0.031935 0.071883 0.244425
v -0.085022 0.055385 0.224088
v -0.061304 0.042073 0.248019
v -0.086581 0.078389 0.262841
v -0.074206 0.064238 0.247462
v -0.095603 0.022854 0.098836
v -0.095603 0.022854 0.098836
v -0.098905 0.025886 0.109645
v -0.098905 0.025886 0.109645
v -0.111677 0.029415 0.128815
v -0.111677 0.029415 0.128815
v -0.088075 0.021530 0.118577
v -0.104429 0.034447 0.180078
v -0.121944 0.037267 0.150870
v -0.121944 0.037267 0.150870
v -0.124293 0.040129 0.160916
v -0.124293 0.040129 0.160916
v -0.581057 0.199872 0.069867
v -0.526254 0.354130 0.245814
v -0.526254 0.354130 0.245814
v -0.541638 0.359620 0.226228
v -0.511967 0.355877 0.268566
v -0.511967 0.355877 0.268566
v -0.512260 0.361588 0.270356
v -0.505033 0.353883 0.278107
v -0.505033 0.353883 0.278107
v -0.516213 0.351839 0.254365
v -0.516213 0.351839 0.254365
v -0.308453 0.025389 0.089053
v -0.308453 0.025389 0.089053
v -0.272912 0.321119 0.345073
v -0.330423 0.344612 0.339862
v -0.437794 0.345980 0.314131
v -0.474244 0.349548 0.307607
v -0.474244 0.349548 0.307607
v -0.462301 0.348979 0.308764
v -0.462301 0.348979 0.308764
v -0.464284 0.347218 0.309816
v -0.499964 0.353631 0.284621
v -0.499964 0.353631 0.284621
v -0.497628 0.354935 0.289949
v -0.497628 0.354935 0.289949
v -0.494068 0.354258 0.296594
v -0.494068 0.354258 0.296594
v 0.082066 0.266464 0.272924
v 0.077693 0.145564 0.255468
v 0.040797 0.279533 0.280546
v 0.001402 0.279362 0.281279
v -0.173746 0.310122 0.324960
v 0.071171 0.099456 0.254369
v 0.071171 0.099456 0.254369
v -0.092316 0.018298 0.083248
v -0.092316 0.018298 0.083248
v -0.097323 0.025785 0.064858
v -0.087715 0.014805 0.078480
v -0.087715 0.014805 0.078480
v -0.137777 0.099325 -0.200285
v -0.122822 0.106665 -0.217086
v -0.122822 0.106665 -0.217086
v -0.129201 0.082974 -0.170166
v -0.131081 0.096848 -0.184573
v -0.131081 0.096848 -0.184573
v -0.122096 0.087154 -0.175501
v -0.122096 0.087154 -0.175501
v -0.128319 0.091048 -0.181859
v -0.128319 0.091048 -0.181859
v -0.232217 0.059171 -0.162563
v -0.134241 0.066313 -0.168560
v -0.134241 0.066313 -0.168560
v -0.127035 0.061006 -0.165586
v -0.127035 0.061006 -0.165586
v -0.139818 0.106795 -0.205814
v -0.139818 0.106795 -0.205814
v -0.139501 0.098196 -0.189494
v -0.139501 0.098196 -0.189494
v -0.145656 0.109529 -0.191877
v -0.145656 0.109529 -0.191877
v -0.145656 0.109529 -0.191877
v -0.204737 0.081674 -0.231276
v -0.204737 0.081674 -0.231276
v -0.142596 0.101237 -0.192357
v -0.142596 0.101237 -0.192357
v -0.155735 0.109531 -0.193624
v -0.155735 0.109531 -0.193624
v -0.142882 0.094754 -0.196382
v -0.142882 0.094754 -0.196382
v -0.165958 0.073789 -0.219943
v -0.165958 0.073789 -0.219943
v -0.215423 0.094484 -0.245977
v -0.274041 0.107021 -0.251015
v -0.274041 0.107021 -0.251015
v -0.243523 0.090450 -0.241005
v -0.189854 0.077730 -0.225580
v -0.189854 0.077730 -0.225580
v -0.172438 0.090747 -0.219407
v -0.221348 0.090637 -0.247300
v -0.221348 0.090637 -0.247300
v -0.210716 0.082856 -0.237310
v -0.210716 0.082856 -0.237310
v -0.227934 0.090316 -0.248337
v -0.227934 0.090316 -0.248337
v -0.214004 0.077110 -0.223484
v -0.238215 0.126378 -0.218309
v -0.170992 0.072237 -0.225006
v -0.170992 0.072237 -0.225006
v -0.275099 0.124394 -0.237240
v -0.259654 0.103543 -0.249629
v -0.259654 0.103543 -0.249629
v -0.257523 0.107334 -0.250751
v -0.248370 0.096414 -0.252594
v -0.248370 0.096414 -0.252594
v -0.242906 0.097972 -0.250553
v -0.242906 0.097972 -0.250553
v -0.264896 0.102702 -0.250835
v -0.264896 0.102702 -0.250835
v -0.279537 0.105258 -0.241328
v -0.234696 0.092801 -0.251337
v -0.234696 0.092801 -0.251337
v -0.279671 0.107860 -0.251671
v -0.279671 0.107860 -0.251671
v -0.286580 0.109208 -0.248590
v -0.286580 0.109208 -0.248590
v -0.289901 0.114777 -0.251691
v -0.289901 0.114777 -0.251691
v -0.147875 0.065184 -0.185438
v -0.147875 0.065184 -0.185438
v -0.144318 0.065217 -0.180532
v -0.144318 0.065217 -0.180532
v -0.287507 0.096123 -0.214014
v -0.151304 0.066172 -0.190666
v -0.151304 0.066172 -0.190666
v -0.151625 0.081305 -0.200251
v -0.164618 0.071278 -0.207217
v -0.164618 0.071278 -0.207217
v -0.195285 0.079168 -0.225644
v -0.195285 0.079168 -0.225644
v -0.165271 0.075022 -0.213212
v -0.165271 0.075022 -0.213212
v -0.187800 0.071653 -0.226611
v -0.187800 0.071653 -0.226611
v -0.178859 0.067958 -0.219535
v -0.141802 0.069361 -0.175022
v -0.141802 0.069361 -0.175022
v -0.155023 0.058303 -0.171201
v -0.157053 0.065883 -0.194387
v -0.157053 0.065883 -0.194387
v -0.162450 0.067107 -0.199680
v -0.162450 0.067107 -0.199680
v -0.200635 0.060382 -0.153800
v -0.189302 0.062502 -0.196516
v -0.241734 0.079198 -0.203162
v -0.284243 0.074664 -0.179564
v -0.197565 0.123449 -0.180739
v -0.166969 0.116129 -0.181704
v -0.166969 0.116129 -0.181704
v -0.159270 0.113104 -0.190193
v -0.159270 0.113104 -0.190193
v -0.184622 0.113741 -0.213293
v -0.097948 0.075130 -0.174431
v -0.098737 0.069093 -0.161990
v -0.098737 0.069093 -0.161990
v -0.103078 0.070829 -0.165754
v -0.103078 0.070829 -0.165754
v -0.090566 0.101316 -0.221097
v -0.090566 0.101316 -0.221097
v -0.106474 0.075348 -0.166620
v -0.106474 0.075348 -0.166620
v -0.108843 0.065362 -0.164820
v -0.112030 0.076786 -0.167524
v -0.112030 0.076786 -0.167524
v -0.072196 0.078753 -0.200764
v -0.104440 0.095678 -0.203967
v 0.051462 0.048944 -0.236781
v -0.118181 0.082136 -0.168620
v -0.118181 0.082136 -0.168620
v 0.026903 0.042349 -0.227770
v 0.001099 0.038618 -0.214859
v 0.006774 0.082719 -0.249099
v -0.018914 0.082956 -0.251391
v -0.051463 0.033212 -0.148980
v -0.114046 0.059587 -0.154035
v -0.114046 0.059587 -0.154035
v -0.119782 0.060397 -0.163922
v -0.119782 0.060397 -0.163922
v -0.058464 0.047888 -0.186552
v -0.042753 0.058200 -0.229438
v -0.029401 0.040719 -0.189486
v 0.066363 0.108826 -0.260816
v 0.038609 0.120167 -0.260869
v 0.038609 0.120167 -0.260869
v 0.044903 0.119343 -0.259743
v 0.044903 0.119343 -0.259743
v 0.002691 0.101821 -0.247139
v 0.002691 0.101821 -0.247139
v 0.070530 0.127577 -0.272028
v 0.070530 0.127577 -0.272028
v 0.003219 0.115482 -0.259380
v 0.059583 0.125353 -0.269266
v 0.059583 0.125353 -0.269266
v 0.055182 0.123569 -0.264657
v 0.055182 0.123569 -0.264657
v 0.030598 0.119385 -0.261021
v 0.030598 0.119385 -0.261021
v 0.032497 0.110632 -0.256090
v 0.009535 0.134211 -0.281224
v 0.043047 0.126119 -0.272897
v 0.025266 0.118522 -0.259480
v 0.025266 0.118522 -0.259480
v 0.021519 0.115918 -0.255725
v 0.021519 0.115918 -0.255725
v 0.007118 0.105343 -0.255174
v 0.007118 0.105343 -0.255174
v -0.024618 0.118996 -0.269260
v -0.103378 0.104783 -0.220590
v -0.103378 0.104783 -0.220590
v -0.084162 0.102517 -0.225329
v -0.084162 0.102517 -0.225329
v -0.096465 0.103801 -0.221984
v -0.096465 0.103801 -0.221984
v -0.093161 0.103563 -0.237441
v 0.015973 0.112597 -0.254041
v 0.015973 0.112597 -0.254041
v -0.077417 0.101584 -0.234468
v -0.077417 0.101584 -0.234468
v -0.116515 0.119389 -0.268788
v -0.075373 0.105342 -0.262041
v 0.011340 0.107613 -0.257066
v 0.011340 0.107613 -0.257066
v -0.004058 0.099005 -0.247075
v -0.004058 0.099005 -0.247075
v -0.009435 0.103522 -0.250216
v -0.009435 0.103522 -0.250216
v -0.067831 0.098765 -0.225718
v -0.017883 0.103868 -0.251635
v -0.017883 0.103868 -0.251635
v -0.028705 0.103501 -0.247429
v -0.028705 0.103501 -0.247429
v -0.070003 0.102396 -0.239901
v -0.070003 0.102396 -0.239901
v -0.045373 0.091973 -0.238176
v -0.062925 0.100752 -0.240260
v -0.062925 0.100752 -0.240260
v -0.057998 0.101864 -0.243497
v -0.057998 0.101864 -0.243497
v -0.049215 0.101257 -0.246916
v -0.049215 0.101257 -0.246916
v -0.044475 0.102986 -0.249900
v -0.044475 0.102986 -0.249900
v -0.037135 0.103846 -0.249755
v -0.037135 0.103846 -0.249755
v -0.096177 0.140435 -0.311970
v 0.020623 0.164453 -0.321708
v -0.067593 0.118168 -0.297120
v 0.047801 0.083007 -0.262800
v 0.040407 0.150194 -0.299065
v -0.045743 0.112765 -0.266972
v -0.199444 0.147632 -0.254015
v -0.186207 0.123848 -0.209520
v -0.241560 0.225192 -0.309333
v -0.248025 0.205556 -0.279600
v -0.221605 0.139240 -0.177611
v -0.221605 0.139240 -0.177611
v -0.206481 0.134409 -0.174242
v -0.206481 0.134409 -0.174242
v -0.215282 0.137235 -0.180343
v -0.215282 0.137235 -0.180343
v -0.248891 0.143518 -0.170488
v -0.248891 0.143518 -0.170488
v -0.195605 0.128933 -0.172610
v -0.195605 0.128933 -0.172610
v -0.193224 0.125735 -0.180421
v -0.193224 0.125735 -0.180421
v -0.232376 0.141476 -0.174469
v -0.232376 0.141476 -0.174469
v -0.255963 0.139611 -0.176146
v -0.226950 0.174492 -0.270552
v -0.201445 0.175309 -0.288239
v -0.214429 0.137356 -0.199274
v -0.180006 0.123024 -0.184079
v -0.180006 0.123024 -0.184079
v -0.264270 0.169588 -0.246232
v -0.140630 0.110724 -0.198291
v -0.140630 0.110724 -0.198291
v -0.149905 0.116562 -0.210862
v -0.131157 0.107640 -0.216480
v -0.131157 0.107640 -0.216480
v -0.161352 0.124782 -0.252411
v -0.121761 0.110896 -0.231481
v -0.177747 0.123391 -0.163006
v -0.177747 0.123391 -0.163006
v -0.179767 0.151288 -0.283600
v -0.148760 0.134219 -0.273569
v -0.113074 0.106627 -0.221022
v -0.113074 0.106627 -0.221022
v -0.167295 0.119450 -0.181937
v -0.279510 0.149485 -0.172650
v -0.279510 0.149485 -0.172650
v -0.272098 0.149299 -0.174250
v -0.272098 0.149299 -0.174250
v -0.294514 0.147396 -0.194976
v -0.242227 0.141443 -0.171681
v -0.242227 0.141443 -0.171681
v -0.275797 0.154069 -0.182410
v -0.265281 0.147120 -0.174221
v -0.265281 0.147120 -0.174221
v -0.248452 0.147987 -0.201644
v -0.217851 0.141424 -0.233166
v -0.258388 0.150067 -0.165278
v -0.258388 0.150067 -0.165278
v -0.099921 0.200188 -0.357862
v -0.104247 0.258623 -0.340110
v -0.093602 0.231699 -0.366947
v -0.136193 0.205395 -0.348758
v -0.107914 0.171003 -0.331474
v -0.128703 0.286831 -0.315136
v -0.146996 0.231988 -0.349451
v -0.169671 0.267744 -0.317994
v -0.183249 0.243478 -0.333331
v -0.141139 0.147738 -0.300576
v -0.140652 0.174285 -0.322740
v -0.243029 0.255028 -0.317778
v -0.209690 0.223316 -0.328281
v -0.174141 0.176491 -0.298745
v -0.176140 0.206660 -0.336375
v 0.051516 0.239113 -0.385768
v -0.012552 0.261646 -0.347681
v -0.062306 0.269376 -0.326772
v -0.053729 0.247821 -0.359953
v -0.007434 0.234045 -0.372975
v 0.060615 0.173532 -0.333707
v 0.018679 0.196550 -0.381903
v 0.010439 0.180143 -0.359523
v -0.054914 0.142415 -0.304995
v -0.024300 0.156965 -0.327365
v -0.071172 0.176314 -0.347692
v -0.045767 0.202954 -0.371351
v -0.027243 0.185179 -0.361812
v 0.032549 0.219243 -0.375268
v -0.271863 0.283375 -0.301275
v -0.309009 0.122171 -0.249079
v -0.309009 0.122171 -0.249079
v -0.303588 0.120988 -0.246877
v -0.303588 0.120988 -0.246877
v -0.319053 0.126417 -0.249113
v -0.319053 0.126417 -0.249113
v -0.328502 0.127698 -0.246473
v -0.328502 0.127698 -0.246473
v -0.311970 0.127013 -0.249134
v -0.311970 0.127013 -0.249134
v -0.277903 0.240311 -0.299200
v -0.340860 0.298727 -0.288418
v -0.306450 0.277892 -0.297694
v -0.401697 0.278874 -0.253166
v -0.424572 -0.005008 0.061414
v -0.442221 0.299937 -0.242588
v -0.330567 0.271005 -0.281915
v -0.357434 0.245855 -0.262287
v -0.379271 0.294508 -0.274960
v -0.306351 0.133969 -0.236832
v -0.332166 0.106031 -0.225809
v -0.287777 0.164888 -0.210958
v -0.318293 0.177056 -0.229652
v -0.303734 0.232331 -0.269259
v -0.329034 0.119506 -0.244928
v -0.415701 0.138689 -0.216738
v -0.377239 0.120642 -0.212692
v -0.394932 0.151574 -0.240391
v -0.369399 0.150806 -0.237002
v -0.369399 0.150806 -0.237002
v -0.364297 0.130432 -0.230947
v -0.343788 0.136344 -0.242685
v -0.343788 0.136344 -0.242685
v -0.332709 0.132299 -0.244113
v -0.332709 0.132299 -0.244113
v -0.354368 0.141482 -0.239056
v -0.354368 0.141482 -0.239056
v -0.360136 0.141042 -0.237839
v -0.360136 0.141042 -0.237839
v -0.361810 0.147077 -0.237782
v -0.361810 0.147077 -0.237782
v -0.332433 0.139157 -0.238354
v -0.433690 0.274953 -0.240478
v -0.442580 0.171866 -0.217604
v -0.442580 0.171866 -0.217604
v -0.445448 0.173172 -0.212118
v -0.445448 0.173172 -0.212118
v -0.431567 0.166094 -0.235792
v -0.421219 0.167491 -0.250517
v -0.421219 0.167491 -0.250517
v -0.437377 0.175887 -0.220355
v -0.437377 0.175887 -0.220355
v -0.414146 0.166882 -0.251862
v -0.414146 0.166882 -0.251862
v -0.425320 0.171761 -0.247209
v -0.425320 0.171761 -0.247209
v -0.429598 0.179972 -0.229049
v -0.429598 0.179972 -0.229049
v -0.423477 0.178198 -0.238694
v -0.423477 0.178198 -0.238694
v -0.414853 0.175845 -0.243930
v -0.416022 0.204711 -0.224342
v -0.403082 0.162761 -0.253243
v -0.403082 0.162761 -0.253243
v -0.375761 0.155337 -0.236405
v -0.375761 0.155337 -0.236405
v -0.392944 0.164438 -0.255907
v -0.392944 0.164438 -0.255907
v -0.409216 0.164650 -0.251349
v -0.409216 0.164650 -0.251349
v -0.384117 0.156678 -0.252419
v -0.384117 0.156678 -0.252419
v -0.379604 0.152840 -0.247083
v -0.379604 0.152840 -0.247083
v -0.386075 0.162315 -0.255865
v -0.386075 0.162315 -0.255865
v -0.368701 0.171704 -0.215102
v -0.380660 0.164332 -0.242326
v -0.390506 0.231030 -0.241960
v -0.354531 0.150247 -0.231761
v -0.286104 0.197146 -0.254882
v -0.333411 0.202236 -0.253329
v -0.430854 0.242223 -0.211440
v -0.378350 0.200047 -0.245223
v -0.526038 0.360018 -0.031908
v -0.576745 0.275610 -0.032269
v -0.576745 0.275610 -0.032269
v -0.571891 0.277321 -0.043126
v -0.555984 0.331995 -0.014626
v -0.573523 0.278212 -0.036010
v -0.573523 0.278212 -0.036010
v -0.571281 0.285867 -0.040059
v -0.571281 0.285867 -0.040059
v -0.567647 0.288399 -0.043575
v -0.567647 0.288399 -0.043575
v -0.568470 0.300881 -0.031203
v -0.565555 0.290215 -0.049363
v -0.565555 0.290215 -0.049363
v -0.562111 0.291207 -0.055183
v -0.562111 0.291207 -0.055183
v -0.563537 0.207178 0.035849
v -0.563537 0.207178 0.035849
v -0.565001 0.208942 0.030247
v -0.565001 0.208942 0.030247
v -0.568535 0.215751 0.010055
v -0.568535 0.215751 0.010055
v -0.565928 0.198051 0.007707
v -0.565928 0.198051 0.007707
v -0.538402 0.224783 -0.054232
v -0.538402 0.224783 -0.054232
v -0.568195 0.209834 0.008886
v -0.568195 0.209834 0.008886
v -0.568195 0.209834 0.008886
v -0.569736 0.214023 0.043439
v -0.563688 0.218894 0.020516
v -0.564917 0.213951 0.017853
v -0.564917 0.213951 0.017853
v -0.564917 0.213951 0.017853
v -0.566761 0.209757 0.024949
v -0.566761 0.209757 0.024949
v -0.585657 0.195458 -0.005065
v -0.580614 0.194084 -0.019723
v -0.580614 0.194084 -0.019723
v -0.566966 0.203867 0.006123
v -0.566966 0.203867 0.006123
v -0.570550 0.194958 0.064302
v -0.570550 0.194958 0.064302
v -0.556577 0.200143 0.044912
v -0.556577 0.200143 0.044912
v -0.559616 0.195951 0.046275
v -0.559616 0.195951 0.046275
v -0.569845 0.207197 -0.001277
v -0.569845 0.207197 -0.001277
v -0.588610 0.244273 -0.034095
v -0.552508 0.229988 -0.059938
v -0.574785 0.219553 0.001822
v -0.574785 0.219553 0.001822
v -0.580448 0.212411 -0.011273
v -0.562832 0.191453 0.028560
v -0.573497 0.192133 0.006092
v -0.573497 0.192133 0.006092
v -0.546834 0.217757 -0.047304
v -0.546834 0.217757 -0.047304
v -0.546834 0.217757 -0.047304
v -0.545456 0.216880 -0.066475
v -0.540477 0.220359 -0.052243
v -0.540477 0.220359 -0.052243
v -0.576569 0.191270 -0.021736
v -0.576569 0.191270 -0.021736
v -0.561864 0.214523 -0.043869
v -0.561864 0.214523 -0.043869
v -0.564224 0.217904 -0.029449
v -0.564224 0.217904 -0.029449
v -0.564238 0.195597 0.012251
v -0.564955 0.218194 -0.035561
v -0.564955 0.218194 -0.035561
v -0.566969 0.178093 0.050924
v -0.571027 0.188937 -0.024081
v -0.571027 0.188937 -0.024081
v -0.576412 0.182558 0.001984
v -0.576412 0.182558 0.001984
v -0.559126 0.163737 -0.005194
v -0.559126 0.163737 -0.005194
v -0.567380 0.171118 -0.000738
v -0.567380 0.171118 -0.000738
v -0.576655 0.178795 -0.001452
v -0.576655 0.178795 -0.001452
v -0.571850 0.179478 -0.012026
v -0.568203 0.215921 -0.025552
v -0.568203 0.215921 -0.025552
v -0.569711 0.218538 -0.017717
v -0.569711 0.218538 -0.017717
v -0.564328 0.203336 -0.027909
v -0.568388 0.185583 -0.044741
v -0.568388 0.185583 -0.044741
v -0.559565 0.205989 -0.048477
v -0.567003 0.185385 -0.036142
v -0.567003 0.185385 -0.036142
v -0.579219 0.223010 -0.005233
v -0.579219 0.223010 -0.005233
v -0.572947 0.221434 -0.012037
v -0.572947 0.221434 -0.012037
v -0.572947 0.221434 -0.012037
v -0.569112 0.186688 -0.028285
v -0.569112 0.186688 -0.028285
v -0.570634 0.182535 -0.049994
v -0.570634 0.182535 -0.049994
v -0.561881 0.169829 -0.036439
v -0.574183 0.227010 -0.011626
v -0.574183 0.227010 -0.011626
v -0.565363 0.198430 0.057577
v -0.565363 0.198430 0.057577
v -0.574007 0.192421 0.071951
v -0.574007 0.192421 0.071951
v -0.065505 0.043214 -0.125523
v -0.065505 0.043214 -0.125523
v -0.070901 0.038406 -0.124419
v -0.070901 0.038406 -0.124419
v -0.078819 0.049944 -0.139858
v -0.078819 0.049944 -0.139858
v 0.044669 0.014574 -0.109282
v -0.087080 0.065353 -0.145600
v -0.087080 0.065353 -0.145600
v -0.093486 0.065539 -0.154610
v -0.093486 0.065539 -0.154610
v -0.082799 0.058699 -0.143781
v -0.082799 0.058699 -0.143781
v -0.072328 0.054629 -0.151057
v -0.089133 0.051022 -0.132620
v -0.089133 0.051022 -0.132620
v 0.006483 0.027994 -0.132925
v -0.094820 0.053993 -0.134790
v -0.094820 0.053993 -0.134790
v -0.094820 0.053993 -0.134790
v -0.046397 0.029007 -0.117251
v 0.011241 0.011447 -0.105376
v -0.111084 0.055549 -0.147396
v -0.111084 0.055549 -0.147396
v -0.079962 0.029942 -0.045898
v -0.079962 0.029942 -0.045898
v -0.244539 0.033930 -0.029244
v -0.067750 0.045639 -0.129509
v -0.067750 0.045639 -0.129509
v -0.067750 0.045639 -0.129509
v -0.022095 0.002893 -0.039274
v -0.080994 0.049612 -0.129604
v -0.080994 0.049612 -0.129604
v -0.075505 0.046989 -0.128443
v -0.075505 0.046989 -0.128443
v -0.075882 0.050270 -0.134983
v -0.075882 0.050270 -0.134983
v -0.092224 0.062765 -0.137220
v -0.087101 0.055903 -0.133002
v -0.100918 0.054190 -0.134797
v -0.100918 0.054190 -0.134797
v -0.104971 0.054332 -0.138391
v -0.104971 0.054332 -0.138391
v -0.222404 0.031026 -0.003006
v -0.316669 0.017633 0.034611
v -0.316669 0.017633 0.034611
v -0.189152 0.031337 -0.024504
v -0.083880 0.045583 -0.123546
v -0.156067 0.035207 -0.033578
v -0.241001 0.040707 -0.068518
v -0.123890 0.054335 -0.135621
v -0.089118 0.022324 0.039212
v -0.089118 0.022324 0.039212
v -0.089819 0.020698 0.047300
v -0.089819 0.020698 0.047300
v -0.086170 0.018917 0.062855
v -0.086170 0.018917 0.062855
v -0.094116 0.020631 0.022853
v -0.094116 0.020631 0.022853
v -0.084797 0.015748 0.042019
v -0.093143 0.023520 0.008306
v -0.093143 0.023520 0.008306
v -0.086213 0.017378 0.070699
v -0.086213 0.017378 0.070699
v -0.089595 0.019764 0.056935
v -0.089595 0.019764 0.056935
v -0.084274 0.018228 0.003331
v -0.087912 0.024550 -0.011607
v -0.087912 0.024550 -0.011607
v -0.091839 0.022873 -0.004501
v -0.091839 0.022873 -0.004501
v -0.084542 0.024458 -0.022690
v -0.084542 0.024458 -0.022690
v -0.067721 0.017980 -0.050107
v -0.061438 0.008592 -0.018554
v -0.035003 0.010173 -0.072873
v -0.075198 0.027685 -0.086743
v -0.075198 0.027685 -0.086743
v -0.069731 0.034666 -0.116363
v -0.069731 0.034666 -0.116363
v -0.268140 0.062154 -0.140921
v -0.248058 0.049902 -0.100186
v -0.189459 0.048328 -0.097465
v -0.230789 0.055192 -0.131761
v -0.073262 0.030989 -0.094882
v -0.073262 0.030989 -0.094882
v -0.161190 0.053576 -0.142759
v -0.131377 0.036037 -0.061015
v -0.076157 0.025569 -0.077977
v -0.076157 0.025569 -0.077977
v -0.075739 0.028202 -0.064175
v -0.075739 0.028202 -0.064175
v -0.077766 0.028803 -0.057210
v -0.077766 0.028803 -0.057210
v -0.111925 0.043249 -0.096296
v -0.073805 0.032102 -0.104495
v -0.073805 0.032102 -0.104495
v -0.307987 0.019537 0.022400
v -0.524874 0.097984 -0.003442
v -0.524874 0.097984 -0.003442
v -0.523136 0.097402 -0.017594
v -0.528289 0.103192 -0.006580
v -0.528289 0.103192 -0.006580
v -0.527420 0.107607 -0.009138
v -0.527420 0.107607 -0.009138
v -0.535176 0.119141 -0.032100
v -0.513860 0.109470 -0.077103
v -0.512106 0.137391 -0.143713
v -0.479580 0.100383 -0.131261
v -0.547961 0.150097 -0.110207
v -0.511882 0.119314 -0.118013
v -0.482488 0.089035 -0.093854
v -0.483053 0.075041 -0.063181
v -0.522615 0.089733 0.001938
v -0.522615 0.089733 0.001938
v -0.467118 0.046118 0.009809
v -0.521139 0.082245 0.025517
v -0.519785 0.082626 0.003638
v -0.519785 0.082626 0.003638
v -0.478932 0.055832 0.002334
v -0.478932 0.055832 0.002334
v -0.472874 0.055114 -0.004168
v -0.472874 0.055114 -0.004168
v -0.511830 0.078670 0.003581
v -0.511830 0.078670 0.003581
v -0.497028 0.065475 0.006666
v -0.497028 0.065475 0.006666
v -0.493494 0.066854 -0.010066
v -0.494500 0.060940 0.010263
v -0.487430 0.055463 0.071841
v -0.461854 0.025953 0.051543
v -0.535622 0.108935 0.013080
v -0.503827 0.071538 0.005563
v -0.503827 0.071538 0.005563
v -0.523021 0.080391 0.065363
v -0.497489 0.061915 0.032920
v -0.486317 0.059014 0.005118
v -0.486317 0.059014 0.005118
v -0.490653 0.061125 0.008649
v -0.490653 0.061125 0.008649
v -0.548505 0.147610 -0.042080
v -0.536406 0.133252 -0.078889
v -0.547934 0.137087 -0.014000
v -0.547934 0.137087 -0.014000
v -0.547587 0.148215 -0.013433
v -0.547587 0.148215 -0.013433
v -0.548147 0.145675 -0.016011
v -0.544534 0.130052 -0.011651
v -0.544534 0.130052 -0.011651
v -0.545638 0.143323 -0.002567
v -0.552656 0.151813 -0.011584
v -0.552656 0.151813 -0.011584
v -0.557691 0.158699 -0.008719
v -0.557691 0.158699 -0.008719
v -0.535779 0.114983 -0.004272
v -0.535779 0.114983 -0.004272
v -0.539196 0.122627 -0.004136
v -0.539196 0.122627 -0.004136
v -0.558086 0.147605 0.032990
v -0.544716 0.115486 0.050313
v -0.563999 0.161640 0.012508
v -0.553873 0.136888 0.050288
v -0.545917 0.156964 0.056356
v -0.550294 0.114615 0.077670
v -0.509215 0.089504 -0.038592
v -0.473023 0.118321 -0.160345
v -0.459224 0.236101 -0.183931
v -0.486388 0.142750 -0.181490
v -0.533475 0.174295 -0.165517
v -0.533475 0.174295 -0.165517
v -0.503343 0.232940 -0.152849
v -0.458299 0.198326 -0.180592
v -0.439458 0.204837 -0.199540
v -0.483222 0.196582 -0.187418
v -0.483222 0.196582 -0.187418
v -0.420890 0.193683 -0.176747
v -0.420890 0.193683 -0.176747
v -0.501879 0.197844 -0.183019
v -0.501879 0.197844 -0.183019
v -0.492808 0.198625 -0.183660
v -0.492808 0.198625 -0.183660
v -0.468761 0.192151 -0.193170
v -0.468761 0.192151 -0.193170
v -0.466279 0.189279 -0.198446
v -0.466279 0.189279 -0.198446
v -0.441049 0.196142 -0.162633
v -0.441049 0.196142 -0.162633
v -0.444379 0.198498 -0.154621
v -0.444379 0.198498 -0.154621
v -0.427746 0.191652 -0.174022
v -0.427746 0.191652 -0.174022
v -0.436329 0.206372 -0.160884
v -0.435005 0.194466 -0.173335
v -0.435005 0.194466 -0.173335
v -0.436018 0.195973 -0.166254
v -0.436018 0.195973 -0.166254
v -0.446592 0.197945 -0.144465
v -0.446592 0.197945 -0.144465
v -0.507478 0.200457 -0.181471
v -0.507478 0.200457 -0.181471
v -0.432260 0.188695 -0.208706
v -0.496622 0.205790 -0.174562
v -0.493589 0.211090 -0.150211
v -0.496999 0.188705 -0.190058
v -0.571846 0.171768 -0.061367
v -0.570860 0.186162 -0.057778
v -0.570860 0.186162 -0.057778
v -0.557677 0.171110 -0.124666
v -0.570165 0.173139 -0.090149
v -0.563439 0.174484 -0.126074
v -0.563439 0.174484 -0.126074
v -0.567322 0.177767 -0.119191
v -0.567322 0.177767 -0.119191
v -0.561001 0.175795 -0.130584
v -0.561001 0.175795 -0.130584
v -0.570178 0.178134 -0.114766
v -0.570178 0.178134 -0.114766
v -0.558858 0.174215 -0.136464
v -0.558858 0.174215 -0.136464
v -0.519900 0.155296 -0.164107
v -0.458200 0.184699 -0.200860
v -0.458200 0.184699 -0.200860
v -0.453316 0.174685 -0.208701
v -0.453316 0.174685 -0.208701
v -0.453316 0.174685 -0.208701
v -0.473676 0.178004 -0.196916
v -0.473676 0.178004 -0.196916
v -0.527254 0.172428 -0.168055
v -0.527254 0.172428 -0.168055
v -0.460857 0.177940 -0.203800
v -0.460857 0.177940 -0.203800
v -0.463662 0.160349 -0.207427
v -0.452507 0.201660 -0.135044
v -0.452507 0.201660 -0.135044
v -0.464974 0.209102 -0.132211
v -0.464974 0.209102 -0.132211
v -0.540633 0.162419 -0.144635
v -0.464666 0.183067 -0.201190
v -0.473610 0.208156 -0.121750
v -0.539706 0.176005 -0.160103
v -0.539706 0.176005 -0.160103
v -0.542442 0.174786 -0.151232
v -0.542442 0.174786 -0.151232
v -0.470462 0.179488 -0.201204
v -0.470462 0.179488 -0.201204
v -0.501381 0.215260 -0.094693
v -0.501381 0.215260 -0.094693
v -0.514883 0.217897 -0.113803
v -0.550551 0.175337 -0.145717
v -0.550551 0.175337 -0.145717
v -0.483532 0.178084 -0.192883
v -0.483532 0.178084 -0.192883
v -0.501619 0.178835 -0.182558
v -0.501619 0.178835 -0.182558
v -0.556072 0.174775 -0.141489
v -0.556072 0.174775 -0.141489
v -0.492781 0.178956 -0.189670
v -0.492781 0.178956 -0.189670
v -0.497965 0.178271 -0.186793
v -0.497965 0.178271 -0.186793
v -0.570761 0.189058 -0.065366
v -0.570761 0.189058 -0.065366
v -0.569170 0.187315 -0.085052
v -0.569170 0.187315 -0.085052
v -0.571609 0.188819 -0.077763
v -0.571609 0.188819 -0.077763
v -0.565919 0.201283 -0.067310
v -0.570494 0.187254 -0.096124
v -0.570494 0.187254 -0.096124
v -0.572300 0.182278 -0.109429
v -0.572300 0.182278 -0.109429
v -0.552535 0.211174 -0.061831
v -0.552535 0.211174 -0.061831
v -0.551222 0.211930 -0.072098
v -0.551222 0.211930 -0.072098
v -0.548655 0.212541 -0.078090
v -0.548655 0.212541 -0.078090
v -0.554097 0.216651 -0.057511
v -0.554097 0.216651 -0.057511
v -0.503235 0.164320 -0.183632
v -0.564751 0.193893 -0.135256
v -0.561625 0.213489 -0.124402
v -0.553324 0.220626 -0.108798
v -0.553324 0.220626 -0.108798
v -0.567897 0.210516 -0.096437
v -0.552878 0.218325 -0.097491
v -0.552878 0.218325 -0.097491
v -0.506435 0.176607 -0.181668
v -0.506435 0.176607 -0.181668
v -0.513001 0.175360 -0.180471
v -0.513001 0.175360 -0.180471
v -0.515786 0.204332 -0.180775
v -0.515786 0.204332 -0.180775
v -0.552404 0.219125 -0.123636
v -0.552404 0.219125 -0.123636
v -0.548416 0.218017 -0.085321
v -0.548416 0.218017 -0.085321
v -0.550312 0.204727 -0.146225
v -0.550312 0.204727 -0.146225
v -0.529635 0.220575 -0.070797
v -0.529635 0.220575 -0.070797
v -0.525174 0.216416 -0.079487
v -0.525174 0.216416 -0.079487
v -0.533526 0.220375 -0.097719
v -0.523472 0.217783 -0.070822
v -0.547888 0.210084 -0.143464
v -0.547888 0.210084 -0.143464
v -0.515985 0.218199 -0.085834
v -0.515985 0.218199 -0.085834
v -0.550195 0.217601 -0.136009
v -0.550195 0.217601 -0.136009
v -0.509275 0.216450 -0.090784
v -0.509275 0.216450 -0.090784
v -0.539811 0.222228 -0.059403
v -0.539811 0.222228 -0.059403
v -0.538062 0.221391 -0.065208
v -0.538062 0.221391 -0.065208
v -0.534256 0.224257 -0.062274
v -0.537145 0.217937 -0.144849
v -0.543337 0.209036 -0.150521
v -0.543337 0.209036 -0.150521
v -0.535618 0.210849 -0.156472
v -0.535618 0.210849 -0.156472
v -0.510141 0.224105 -0.099909
v -0.517391 0.249508 -0.133577
v -0.522994 0.209991 -0.170583
v -0.522994 0.209991 -0.170583
v -0.529962 0.210454 -0.163448
v -0.529962 0.210454 -0.163448
v -0.578647 0.239763 -0.063356
v -0.540785 0.268016 -0.080729
v -0.481296 0.220895 -0.162081
v -0.472995 0.212650 -0.126503
v -0.472995 0.212650 -0.126503
v -0.479626 0.211074 -0.112815
v -0.479626 0.211074 -0.112815
v -0.520077 0.174723 -0.176777
v -0.520077 0.174723 -0.176777
v -0.492167 0.212863 -0.102198
v -0.492167 0.212863 -0.102198
v -0.532954 0.192382 -0.169970
v -0.543179 0.233393 -0.089949
v -0.534273 0.248202 -0.112783
v -0.554645 0.183882 -0.153801
v -0.464495 0.330437 -0.206086
v -0.483655 0.306437 -0.204449
v -0.486743 0.272299 -0.182327
v -0.465332 0.275946 -0.215676
v -0.520405 0.336069 -0.151158
v -0.520405 0.336069 -0.151158
v -0.517824 0.340706 -0.158453
v -0.517824 0.340706 -0.158453
v -0.526390 0.333560 -0.132450
v -0.526390 0.333560 -0.132450
v -0.520399 0.325933 -0.146503
v -0.508443 0.317477 -0.169510
v -0.523462 0.337356 -0.135403
v -0.523462 0.337356 -0.135403
v -0.523045 0.336363 -0.145418
v -0.523045 0.336363 -0.145418
v -0.517766 0.283362 -0.158622
v -0.555687 0.318043 -0.051465
v -0.551382 0.299651 -0.068437
v -0.551382 0.299651 -0.068437
v -0.532268 0.295041 -0.114514
v -0.554933 0.296195 -0.064054
v -0.554933 0.296195 -0.064054
v -0.541690 0.299103 -0.080757
v -0.541778 0.303739 -0.072847
v -0.541778 0.303739 -0.072847
v -0.538252 0.303725 -0.077581
v -0.538252 0.303725 -0.077581
v -0.558109 0.279827 -0.062888
v -0.558882 0.293898 -0.060752
v -0.558882 0.293898 -0.060752
v -0.530333 0.336043 -0.089236
v -0.530333 0.336043 -0.089236
v -0.526555 0.341258 -0.090387
v -0.526555 0.341258 -0.090387
v -0.529875 0.329471 -0.090648
v -0.529875 0.329471 -0.090648
v -0.527560 0.325282 -0.121007
v -0.527560 0.325282 -0.121007
v -0.528319 0.330051 -0.125992
v -0.528319 0.330051 -0.125992
v -0.534881 0.306257 -0.083366
v -0.534881 0.306257 -0.083366
v -0.533153 0.315189 -0.089701
v -0.533153 0.315189 -0.089701
v -0.538272 0.314384 -0.075556
v -0.532130 0.308418 -0.090119
v -0.532130 0.308418 -0.090119
v -0.532130 0.308418 -0.090119
v -0.530128 0.321880 -0.091151
v -0.530128 0.321880 -0.091151
v -0.533459 0.336290 -0.083207
v -0.527148 0.313832 -0.102582
v -0.527148 0.313832 -0.102582
v -0.526213 0.317193 -0.110283
v -0.526213 0.317193 -0.110283
v -0.524612 0.305019 -0.131189
v -0.528572 0.313680 -0.095721
v -0.528572 0.313680 -0.095721
v -0.526168 0.321805 -0.114416
v -0.526168 0.321805 -0.114416
v -0.311291 0.092876 -0.195048
v -0.334102 0.078859 -0.174491
v -0.303442 0.063492 -0.143402
v -0.349407 0.049653 -0.074079
v -0.395431 0.055802 -0.071377
v -0.359589 0.099655 -0.190664
v -0.445346 0.067062 -0.087934
v -0.410673 0.119785 -0.191653
v -0.410784 0.064307 -0.108964
v -0.406937 0.096230 -0.164628
v -0.454716 0.083243 -0.116645
v -0.403363 0.074638 -0.140610
v -0.440142 0.091763 -0.145838
v -0.373621 0.062778 -0.123576
v -0.364042 0.070012 -0.151537
v -0.318813 0.058905 -0.115098
v -0.290447 0.048728 -0.080420
v -0.452151 0.122733 -0.180043
v -0.437423 0.055596 -0.048288
v -0.393751 0.007392 -0.001254
v -0.393751 0.007392 -0.001254
v -0.366115 0.034464 -0.029065
v -0.403711 0.012962 -0.006894
v -0.403711 0.012962 -0.006894
v -0.408122 0.019232 -0.011673
v -0.408122 0.019232 -0.011673
v -0.389888 0.015991 -0.020332
v -0.415669 0.040751 -0.032125
v -0.437524 0.033472 -0.001611
v -0.437524 0.033472 -0.001611
v -0.414185 0.009949 0.003638
v -0.456224 0.046601 -0.003346
v -0.456224 0.046601 -0.003346
v -0.444053 0.044336 -0.010085
v -0.462401 0.050349 -0.004960
v -0.462401 0.050349 -0.004960
v -0.443404 0.038201 -0.002798
v -0.443404 0.038201 -0.002798
v -0.469518 0.055069 -0.028686
v -0.448624 0.039836 -0.001273
v -0.448624 0.039836 -0.001273
v -0.419606 0.026332 -0.010034
v -0.419606 0.026332 -0.010034
v -0.428019 0.027313 -0.008261
v -0.428019 0.027313 -0.008261
v -0.447791 0.026779 0.012626
v -0.428496 -0.002633 0.032726
v -0.334237 0.017478 0.008301
v -0.370033 0.006228 0.005998
v -0.370033 0.006228 0.005998
v -0.332835 0.012590 0.044174
v -0.327195 0.042241 -0.047559
v -0.322602 0.019134 0.027298
v -0.322602 0.019134 0.027298
v -0.315185 0.019933 0.045314
v -0.315185 0.019933 0.045314
v -0.310807 0.022654 0.060584
v -0.310807 0.022654 0.060584
v -0.309725 0.024934 0.074964
v -0.309725 0.024934 0.074964
v -0.294182 0.028179 -0.007736
v -0.355086 0.013800 -0.008232
v -0.357447 0.009914 0.017226
v -0.357447 0.009914 0.017226
v -0.408158 0.185365 -0.179386
v -0.408158 0.185365 -0.179386
v -0.367736 0.174366 -0.183934
v -0.367736 0.174366 -0.183934
v -0.351880 0.170367 -0.184063
v -0.351880 0.170367 -0.184063
v -0.360525 0.172714 -0.185752
v -0.360525 0.172714 -0.185752
v -0.378708 0.178637 -0.190628
v -0.378708 0.178637 -0.190628
v -0.312390 0.166497 -0.176821
v -0.335254 0.161547 -0.169139
v -0.335254 0.161547 -0.169139
v -0.328717 0.158413 -0.168335
v -0.328717 0.158413 -0.168335
v -0.333351 0.167267 -0.179672
v -0.333351 0.167267 -0.179672
v -0.330147 0.162710 -0.203057
v -0.342724 0.167426 -0.182425
v -0.342724 0.167426 -0.182425
v -0.305956 0.150241 -0.161260
v -0.305956 0.150241 -0.161260
v -0.411472 0.191012 -0.181685
v -0.411472 0.191012 -0.181685
v -0.312386 0.154050 -0.161862
v -0.312386 0.154050 -0.161862
v -0.404300 0.184898 -0.184099
v -0.404300 0.184898 -0.184099
v -0.409311 0.193737 -0.183701
v -0.292573 0.147424 -0.158069
v -0.292573 0.147424 -0.158069
v -0.395927 0.183026 -0.185626
v -0.395927 0.183026 -0.185626
v -0.401812 0.183959 -0.194865
v -0.383318 0.185091 -0.190535
v -0.383318 0.185091 -0.190535
v -0.385607 0.188425 -0.193784
v -0.385607 0.188425 -0.193784
v -0.285634 0.145779 -0.166708
v -0.285634 0.145779 -0.166708
v -0.383438 0.192088 -0.202914
v -0.352876 0.184130 -0.224486
v -0.359398 0.183996 -0.180758
v 0.059733 0.041112 -0.194673
v 0.088446 0.163579 -0.315343
v 0.075357 0.141353 -0.282041
v 0.079452 0.129501 -0.273865
v 0.079452 0.129501 -0.273865
v -0.160512 0.295163 -0.317111
v 0.065706 0.194764 -0.377986
v -0.410659 0.319852 -0.242265
v 0.020454 0.429557 -0.261795
v 0.079465 0.408702 -0.281164
v 0.032805 0.411691 -0.278262
v 0.100176 0.381685 -0.311668
v 0.077173 0.380185 -0.325595
v 0.099380 0.370552 -0.327371
v 0.099380 0.370552 -0.327371
v 0.092107 0.367537 -0.332258
v 0.092107 0.367537 -0.332258
v 0.081855 0.369210 -0.335798
v 0.081855 0.369210 -0.335798
v 0.087302 0.368474 -0.336436
v 0.087302 0.368474 -0.336436
v 0.060090 0.373615 -0.344972
v 0.073770 0.367304 -0.342671
v 0.073770 0.367304 -0.342671
v 0.071517 0.366522 -0.347780
v 0.071517 0.366522 -0.347780
v 0.033637 0.386053 -0.334794
v 0.014379 0.397078 -0.307030
v 0.059253 0.394982 -0.302854
v 0.068049 0.362774 -0.347460
v 0.068049 0.362774 -0.347460
v -0.168971 0.357349 -0.315085
v -0.168971 0.357349 -0.315085
v -0.173092 0.359247 -0.311666
v -0.173092 0.359247 -0.311666
v -0.171166 0.373333 -0.299488
v -0.160890 0.367908 -0.311832
v -0.160890 0.367908 -0.311832
v -0.231082 0.308499 -0.305315
v -0.195180 0.292994 -0.309708
v -0.261096 0.353617 -0.276094
v -0.261096 0.353617 -0.276094
v -0.269090 0.354500 -0.273254
v -0.269090 0.354500 -0.273254
v -0.267522 0.347948 -0.276848
v -0.252703 0.356843 -0.278770
v -0.252703 0.356843 -0.278770
v -0.249017 0.356127 -0.282225
v -0.249017 0.356127 -0.282225
v -0.243474 0.354285 -0.285418
v -0.243474 0.354285 -0.285418
v -0.236249 0.355465 -0.286106
v -0.236249 0.355465 -0.286106
v -0.243782 0.346159 -0.295061
v -0.232651 0.355301 -0.290499
v -0.232651 0.355301 -0.290499
v -0.226904 0.356194 -0.293373
v -0.226904 0.356194 -0.293373
v -0.238076 0.364146 -0.277293
v -0.221255 0.355312 -0.295962
v -0.221255 0.355312 -0.295962
v -0.204946 0.364478 -0.303313
v -0.204946 0.364478 -0.303313
v -0.212106 0.371856 -0.291696
v -0.189313 0.329878 -0.320482
v -0.217261 0.357422 -0.300293
v -0.217261 0.357422 -0.300293
v -0.211694 0.359244 -0.302457
v -0.211694 0.359244 -0.302457
v -0.207527 0.353206 -0.310460
v -0.197051 0.363794 -0.305676
v -0.197051 0.363794 -0.305676
v -0.161981 0.359461 -0.315053
v -0.161981 0.359461 -0.315053
v -0.176462 0.393543 -0.286813
v -0.184513 0.364949 -0.307726
v -0.184513 0.364949 -0.307726
v -0.230044 0.398198 -0.259258
v -0.188050 0.408997 -0.253085
v 0.013893 0.314317 -0.372892
v 0.091906 0.319133 -0.378210
v 0.091906 0.319133 -0.378210
v 0.053267 0.275502 -0.384617
v 0.061054 0.353281 -0.357602
v 0.061054 0.353281 -0.357602
v 0.037877 0.350478 -0.362087
v 0.037877 0.350478 -0.362087
v 0.064589 0.357181 -0.352796
v 0.064589 0.357181 -0.352796
v 0.029606 0.352638 -0.361349
v 0.029606 0.352638 -0.361349
v 0.044656 0.352442 -0.354087
v 0.066173 0.342101 -0.367490
v 0.050955 0.342598 -0.367101
v 0.050955 0.342598 -0.367101
v -0.017207 0.368813 -0.349714
v -0.004112 0.376134 -0.341158
v 0.053317 0.347898 -0.361542
v 0.053317 0.347898 -0.361542
v 0.076137 0.332758 -0.376803
v 0.076137 0.332758 -0.376803
v 0.014670 0.357650 -0.355845
v 0.014670 0.357650 -0.355845
v 0.065427 0.334739 -0.374456
v 0.065427 0.334739 -0.374456
v 0.025038 0.355222 -0.360179
v 0.025038 0.355222 -0.360179
v 0.003571 0.358101 -0.353823
v 0.003571 0.358101 -0.353823
v 0.082756 0.324200 -0.375725
v 0.082756 0.324200 -0.375725
v 0.044597 0.345751 -0.361456
v 0.044597 0.345751 -0.361456
v 0.044597 0.345751 -0.361456
v 0.024973 0.339358 -0.371269
v -0.020844 0.343082 -0.359332
v -0.007235 0.356911 -0.355148
v -0.007235 0.356911 -0.355148
v -0.059500 0.289094 -0.347469
v -0.066613 0.326243 -0.358112
v -0.014225 0.357928 -0.350161
v -0.014225 0.357928 -0.350161
v -0.024864 0.295329 -0.377999
v -0.029936 0.354705 -0.348399
v -0.029936 0.354705 -0.348399
v -0.024035 0.353848 -0.349500
v -0.024035 0.353848 -0.349500
v -0.038513 0.359124 -0.346902
v -0.038513 0.359124 -0.346902
v -0.050887 0.359915 -0.345423
v -0.050887 0.359915 -0.345423
v 0.014149 0.279946 -0.378437
v 0.067264 0.313981 -0.377879
v -0.055151 0.355976 -0.350565
v -0.059524 0.358877 -0.342728
v -0.059524 0.358877 -0.342728
v -0.063975 0.361535 -0.340754
v -0.063975 0.361535 -0.340754
v -0.024665 0.390677 -0.313364
v -0.006317 0.410360 -0.278242
v -0.034858 0.420817 -0.271843
v -0.087748 0.403970 -0.285549
v -0.052016 0.371667 -0.330860
v -0.148113 0.365428 -0.314141
v -0.148113 0.365428 -0.314141
v -0.138557 0.366158 -0.318916
v -0.138557 0.366158 -0.318916
v -0.090616 0.362560 -0.332017
v -0.090616 0.362560 -0.332017
v -0.131103 0.365825 -0.320296
v -0.131103 0.365825 -0.320296
v -0.083397 0.360244 -0.333508
v -0.083397 0.360244 -0.333508
v -0.077466 0.359046 -0.335284
v -0.077466 0.359046 -0.335284
v -0.095537 0.363145 -0.330641
v -0.095537 0.363145 -0.330641
v -0.105560 0.363263 -0.327167
v -0.105560 0.363263 -0.327167
v -0.121564 0.367137 -0.323947
v -0.121564 0.367137 -0.323947
v -0.090717 0.375724 -0.325532
v -0.122554 0.377720 -0.310756
v -0.115192 0.364782 -0.325717
v -0.115192 0.364782 -0.325717
v -0.054883 0.404498 -0.295123
v -0.099188 0.436740 -0.234663
v -0.078317 0.428477 -0.260530
v -0.135233 0.416301 -0.272196
v -0.107880 0.391849 -0.303867
v -0.139922 0.322071 -0.336274
v -0.092952 0.344814 -0.340847
v -0.135741 0.353353 -0.330706
v -0.170549 0.350430 -0.319577
v -0.099857 0.303704 -0.341523
v -0.314088 0.437506 -0.163444
v -0.250078 0.445182 -0.184359
v -0.288470 0.431219 -0.188946
v -0.271003 0.445690 -0.157781
v -0.259761 0.423358 -0.226245
v -0.334950 0.415094 -0.180066
v -0.363823 0.400445 -0.181042
v -0.406001 0.343418 -0.230230
v -0.420803 0.356325 -0.207632
v -0.423622 0.350362 -0.218370
v -0.423622 0.350362 -0.218370
v -0.426555 0.353677 -0.214807
v -0.426555 0.353677 -0.214807
v -0.434356 0.341891 -0.222891
v -0.416115 0.350239 -0.221124
v -0.416115 0.350239 -0.221124
v -0.397642 0.355602 -0.225388
v -0.397642 0.355602 -0.225388
v -0.391907 0.357376 -0.227693
v -0.391907 0.357376 -0.227693
v -0.404636 0.354961 -0.223196
v -0.404636 0.354961 -0.223196
v -0.399984 0.383838 -0.176501
v -0.375373 0.377693 -0.196775
v -0.389353 0.358472 -0.217425
v -0.373736 0.339216 -0.240045
v -0.385435 0.355767 -0.229615
v -0.385435 0.355767 -0.229615
v -0.374594 0.355296 -0.231484
v -0.374594 0.355296 -0.231484
v -0.368781 0.354547 -0.234100
v -0.368781 0.354547 -0.234100
v -0.356296 0.364776 -0.232223
v -0.356159 0.356944 -0.239621
v -0.356159 0.356944 -0.239621
v -0.351742 0.354410 -0.241635
v -0.351742 0.354410 -0.241635
v -0.341542 0.355018 -0.246895
v -0.341542 0.355018 -0.246895
v -0.341720 0.382487 -0.218891
v -0.302632 0.401422 -0.242575
v -0.273237 0.393416 -0.256676
v -0.334481 0.350812 -0.251080
v -0.334481 0.350812 -0.251080
v -0.328119 0.349515 -0.254005
v -0.328119 0.349515 -0.254005
v -0.317015 0.348820 -0.258614
v -0.317015 0.348820 -0.258614
v -0.322455 0.346213 -0.257446
v -0.322455 0.346213 -0.257446
v -0.318578 0.362669 -0.253453
v -0.288396 0.406619 -0.220998
v -0.332365 0.398544 -0.205678
v -0.342398 0.469515 -0.065331
v -0.356907 0.480596 -0.024763
v -0.325245 0.485109 -0.013033
v -0.284752 0.477641 -0.051776
v -0.379962 0.466166 -0.067684
v -0.405938 0.464464 0.006483
v -0.393274 0.466907 -0.024827
v -0.279480 0.456277 -0.125947
v -0.324010 0.450335 -0.132807
v -0.262372 0.467172 -0.090339
v -0.312460 0.467097 -0.085864
v -0.377502 0.448465 -0.102712
v -0.345290 0.455632 -0.107573
v -0.394960 0.424321 -0.145558
v -0.404365 0.438618 -0.096148
v -0.360512 0.433086 -0.150169
v -0.487268 0.408196 -0.031069
v -0.487268 0.408196 -0.031069
v -0.530851 0.363262 -0.072034
v -0.510052 0.390842 -0.046809
v -0.515374 0.369228 -0.085728
v -0.515374 0.369228 -0.085728
v -0.492178 0.405055 -0.038512
v -0.492178 0.405055 -0.038512
v -0.492058 0.404421 -0.056866
v -0.495798 0.404235 -0.046290
v -0.495798 0.404235 -0.046290
v -0.505594 0.392052 -0.058754
v -0.505594 0.392052 -0.058754
v -0.500640 0.399440 -0.049831
v -0.500640 0.399440 -0.049831
v -0.504727 0.395665 -0.051140
v -0.504727 0.395665 -0.051140
v -0.508849 0.383667 -0.094348
v -0.508397 0.384614 -0.068582
v -0.508397 0.384614 -0.068582
v -0.512683 0.378411 -0.080501
v -0.512683 0.378411 -0.080501
v -0.511488 0.381508 -0.076211
v -0.511488 0.381508 -0.076211
v -0.426272 0.416098 -0.124134
v -0.468719 0.406141 -0.121919
v -0.505274 0.348951 -0.169312
v -0.505274 0.348951 -0.169312
v -0.490743 0.340173 -0.182963
v -0.512082 0.345094 -0.162193
v -0.512082 0.345094 -0.162193
v -0.476939 0.346339 -0.194168
v -0.476939 0.346339 -0.194168
v -0.497702 0.354475 -0.179354
v -0.497702 0.354475 -0.179354
v -0.464918 0.345231 -0.201439
v -0.464918 0.345231 -0.201439
v -0.479584 0.349223 -0.189862
v -0.479584 0.349223 -0.189862
v -0.487929 0.352539 -0.185767
v -0.487929 0.352539 -0.185767
v -0.434929 0.354372 -0.211059
v -0.434929 0.354372 -0.211059
v -0.460207 0.353715 -0.200746
v -0.512033 0.354648 -0.142988
v -0.459714 0.343567 -0.205943
v -0.459714 0.343567 -0.205943
v -0.453358 0.346739 -0.209077
v -0.453358 0.346739 -0.209077
v -0.437175 0.369882 -0.171611
v -0.480879 0.371854 -0.161856
v -0.502549 0.350438 -0.174127
v -0.502549 0.350438 -0.174127
v -0.507845 0.358416 -0.162281
v -0.481724 0.353409 -0.187599
v -0.481724 0.353409 -0.187599
v -0.472761 0.369721 -0.185365
v -0.445443 0.350028 -0.210472
v -0.445443 0.350028 -0.210472
v -0.429405 0.449699 -0.027674
v -0.407994 0.454358 -0.058857
v -0.436932 0.433757 -0.087987
v -0.483503 0.413311 -0.023076
v -0.483503 0.413311 -0.023076
v -0.481610 0.418051 -0.017630
v -0.481610 0.418051 -0.017630
v -0.476126 0.410209 -0.085942
v -0.443582 0.438433 -0.048505
v -0.470728 0.422506 -0.028164
v -0.437728 0.392881 -0.152079
v -0.480481 0.379126 -0.127404
v -0.525028 0.350040 -0.092406
v -0.525028 0.350040 -0.092406
v -0.519345 0.355525 -0.092125
v -0.519345 0.355525 -0.092125
v -0.517790 0.364859 -0.092689
v -0.517790 0.364859 -0.092689
v -0.521162 0.331841 -0.112563
v -0.507554 0.365494 -0.105274
v 0.081047 0.423325 -0.213766
v 0.060208 0.433794 -0.243994
v 0.064760 0.445585 -0.175114
v 0.033565 0.444301 -0.205011
v -0.006742 0.434959 -0.241227
v 0.006098 0.448794 -0.199883
v -0.044270 0.430363 -0.243310
v -0.027084 0.449465 -0.206174
v -0.005116 0.486846 -0.074347
v 0.010500 0.488302 -0.046529
v -0.036087 0.478801 -0.125829
v -0.008703 0.481802 -0.113327
v 0.026419 0.475406 -0.092991
v 0.094416 0.452851 -0.101422
v 0.124094 0.460889 -0.067754
v 0.102840 0.480753 -0.039890
v 0.069112 0.466818 -0.071640
v 0.053157 0.486916 -0.033514
v 0.037198 0.464712 -0.117282
v 0.095050 0.440345 -0.184591
v 0.089079 0.453663 -0.139367
v 0.052452 0.456405 -0.152147
v -0.027818 0.460391 -0.156728
v 0.009598 0.462448 -0.159197
v -0.174849 0.465574 -0.145213
v -0.241911 0.459473 -0.137874
v -0.227058 0.457228 -0.163279
v -0.205390 0.459597 -0.120731
v -0.210314 0.450321 -0.185496
v -0.098731 0.465511 -0.174964
v -0.146986 0.458541 -0.181074
v -0.118122 0.453537 -0.205072
v -0.169379 0.448928 -0.197920
v -0.051517 0.449035 -0.218070
v -0.073067 0.458957 -0.194805
v -0.148797 0.435701 -0.238970
v -0.193776 0.434841 -0.222897
v -0.225514 0.430085 -0.219703
v -0.071393 0.468328 -0.141368
v -0.232184 0.479336 -0.045165
v -0.184929 0.478121 -0.038860
v -0.216021 0.471337 -0.093340
v -0.152056 0.466543 -0.102017
v -0.184263 0.470480 -0.079550
v -0.073348 0.482195 -0.109008
v -0.052534 0.489889 -0.085141
v -0.151307 0.475848 -0.068537
v -0.104633 0.478932 -0.083057
v -0.124415 0.474171 -0.129944
v -0.051519 0.490103 -0.059581
v -0.094555 0.484342 -0.038289
v -0.129141 0.479326 -0.036881
v -0.312819 0.323710 -0.274782
v -0.276275 0.319235 -0.287630
v -0.329875 0.340639 -0.259779
v -0.360948 0.324606 -0.262785
v -0.305040 0.352661 -0.264578
v -0.305040 0.352661 -0.264578
v -0.274789 0.370125 -0.269040
v -0.287215 0.350738 -0.265627
v -0.287215 0.350738 -0.265627
v -0.276731 0.353468 -0.270513
v -0.276731 0.353468 -0.270513
v 0.087568 0.468673 0.204886
v 0.053645 0.483621 0.193429
v 0.074869 0.461065 0.238337
v 0.065739 0.446649 0.254758
v 0.027080 0.513275 0.150447
v 0.029046 0.509374 0.187885
v -0.029190 0.492299 0.235444
v 0.017139 0.490751 0.212264
v 0.024746 0.468408 0.250551
v 0.000329 0.510880 0.204504
v -0.005115 0.514264 0.172108
v 0.115395 0.497291 0.149324
v 0.067693 0.504759 0.164716
v 0.096724 0.492028 0.174222
v 0.074655 0.503011 0.062453
v 0.045543 0.506077 0.085598
v 0.075967 0.507319 0.104529
v 0.021594 0.506571 0.061850
v -0.014096 0.515356 0.100321
v 0.027015 0.510353 0.111443
v 0.010096 0.498644 -0.006968
v -0.016514 0.505595 0.038806
v 0.071079 0.493975 -0.008086
v 0.075384 0.499887 0.026173
v 0.034957 0.508892 0.026500
v -0.382529 0.482664 0.074635
v -0.408011 0.457899 0.089698
v -0.459908 0.437211 0.144807
v -0.463967 0.435623 0.096558
v -0.463967 0.435623 0.096558
v -0.452090 0.441202 0.103455
v -0.462196 0.435591 0.103373
v -0.462196 0.435591 0.103373
v -0.433624 0.447975 0.119937
v -0.465089 0.440522 0.081833
v -0.465089 0.440522 0.081833
v -0.464241 0.440396 0.087069
v -0.464241 0.440396 0.087069
v -0.466251 0.440596 0.075739
v -0.466251 0.440596 0.075739
v -0.467056 0.435964 0.066297
v -0.467056 0.435964 0.066297
v -0.452046 0.449396 0.071416
v -0.398206 0.460713 0.124555
v -0.461984 0.440678 0.022574
v -0.465489 0.433127 0.019091
v -0.465489 0.433127 0.019091
v -0.467221 0.432806 -0.008100
v -0.435102 0.450668 0.008453
v -0.449629 0.445367 0.046859
v -0.420187 0.459759 0.047135
v -0.504698 0.392784 -0.009770
v -0.468957 0.430005 0.013400
v -0.468957 0.430005 0.013400
v -0.467778 0.430382 0.023818
v -0.467778 0.430382 0.023818
v -0.466117 0.428890 0.045854
v -0.466117 0.428890 0.045854
v -0.477570 0.420295 -0.006176
v -0.477570 0.420295 -0.006176
v -0.468622 0.430176 0.038440
v -0.468622 0.430176 0.038440
v -0.475022 0.422799 0.000772
v -0.475022 0.422799 0.000772
v -0.467633 0.433238 0.056848
v -0.467633 0.433238 0.056848
v -0.543768 0.369155 0.063765
v -0.570535 0.358369 0.123858
v -0.496335 0.408280 0.119940
v -0.476783 0.426822 0.136696
v -0.485471 0.418152 0.154447
v -0.524174 0.381681 0.133776
v -0.469068 0.430741 0.139656
v -0.469068 0.430741 0.139656
v -0.471140 0.434380 0.131202
v -0.471140 0.434380 0.131202
v -0.471862 0.432272 0.126032
v -0.471862 0.432272 0.126032
v -0.469500 0.431276 0.120538
v -0.469500 0.431276 0.120538
v -0.465669 0.432294 0.110842
v -0.465669 0.432294 0.110842
v -0.477328 0.422176 0.090904
v -0.502452 0.401624 0.060629
v -0.477454 0.424769 0.052936
v -0.518793 0.384691 0.035191
v -0.484529 0.412567 -0.002908
v -0.473770 0.424934 0.007831
v -0.473770 0.424934 0.007831
v -0.487163 0.410648 0.023216
v -0.471575 0.426129 0.030835
v -0.471575 0.426129 0.030835
v -0.519290 0.387272 0.096851
v -0.537089 0.357786 0.016096
v -0.397223 0.387037 0.319761
v -0.397223 0.387037 0.319761
v -0.382658 0.399512 0.321724
v -0.382658 0.399512 0.321724
v -0.394793 0.403563 0.315679
v -0.388224 0.393730 0.322384
v -0.388224 0.393730 0.322384
v -0.408634 0.382217 0.317059
v -0.408634 0.382217 0.317059
v -0.403471 0.436973 0.276409
v -0.483554 0.355377 0.302013
v -0.483554 0.355377 0.302013
v -0.483554 0.355377 0.302013
v -0.467523 0.352756 0.307285
v -0.467523 0.352756 0.307285
v -0.467523 0.352756 0.307285
v -0.477078 0.356290 0.305204
v -0.477078 0.356290 0.305204
v -0.458450 0.355574 0.310470
v -0.458450 0.355574 0.310470
v -0.458450 0.355574 0.310470
v -0.453179 0.354885 0.313113
v -0.453179 0.354885 0.313113
v -0.463995 0.365413 0.309859
v -0.463995 0.365413 0.309859
v -0.475542 0.364908 0.307953
v -0.462916 0.358817 0.309043
v -0.462916 0.358817 0.309043
v -0.441266 0.359220 0.314191
v -0.441266 0.359220 0.314191
v -0.467233 0.368811 0.312826
v -0.467233 0.368811 0.312826
v -0.431679 0.360436 0.312872
v -0.431679 0.360436 0.312872
v -0.453864 0.379995 0.313337
v -0.416523 0.349602 0.314974
v -0.483686 0.387180 0.293457
v -0.483686 0.387180 0.293457
v -0.480788 0.390686 0.288502
v -0.480788 0.390686 0.288502
v -0.412122 0.417969 0.305153
v -0.475175 0.370146 0.306654
v -0.475175 0.370146 0.306654
v -0.477106 0.378298 0.299542
v -0.477106 0.378298 0.299542
v -0.464015 0.396525 0.298538
v -0.479684 0.383614 0.298421
v -0.479684 0.383614 0.298421
v -0.493058 0.372790 0.288516
v -0.414545 0.378041 0.317215
v -0.414545 0.378041 0.317215
v -0.419485 0.371145 0.315331
v -0.419485 0.371145 0.315331
v -0.431208 0.387096 0.316505
v -0.424855 0.367737 0.315944
v -0.424855 0.367737 0.315944
v -0.398098 0.374101 0.319781
v -0.478445 0.395339 0.279546
v -0.478445 0.395339 0.279546
v -0.244005 0.478313 0.284853
v -0.273624 0.467476 0.297806
v -0.357701 0.423382 0.321088
v -0.357701 0.423382 0.321088
v -0.352824 0.430274 0.318606
v -0.352824 0.430274 0.318606
v -0.362447 0.443013 0.300321
v -0.350005 0.435116 0.318857
v -0.350005 0.435116 0.318857
v -0.380494 0.431023 0.310771
v -0.331179 0.443253 0.318905
v -0.331179 0.443253 0.318905
v -0.340767 0.440192 0.317578
v -0.340767 0.440192 0.317578
v -0.335442 0.430248 0.326777
v -0.306950 0.436029 0.333133
v -0.325639 0.443210 0.323070
v -0.325639 0.443210 0.323070
v -0.320241 0.444845 0.324983
v -0.320241 0.444845 0.324983
v -0.232869 0.444280 0.331281
v -0.232869 0.444280 0.331281
v -0.194295 0.454235 0.315913
v -0.194295 0.454235 0.315913
v -0.313466 0.446859 0.323647
v -0.313466 0.446859 0.323647
v -0.309817 0.450977 0.321696
v -0.309817 0.450977 0.321696
v -0.304082 0.450412 0.324848
v -0.304082 0.450412 0.324848
v -0.331852 0.452180 0.305094
v -0.295552 0.446237 0.330964
v -0.295552 0.446237 0.330964
v -0.283938 0.446177 0.334866
v -0.283938 0.446177 0.334866
v -0.312493 0.462977 0.254208
v -0.292420 0.458307 0.323646
v -0.189235 0.458312 0.315613
v -0.189235 0.458312 0.315613
v -0.204859 0.457114 0.319267
v -0.204859 0.457114 0.319267
v -0.200584 0.454536 0.318267
v -0.200584 0.454536 0.318267
v -0.210716 0.468663 0.308471
v -0.212335 0.450112 0.323740
v -0.212335 0.450112 0.323740
v -0.262982 0.441473 0.334692
v -0.262982 0.441473 0.334692
v -0.253937 0.441875 0.336504
v -0.253937 0.441875 0.336504
v -0.228377 0.424205 0.336528
v -0.261052 0.427226 0.339822
v -0.275062 0.443509 0.333186
v -0.275062 0.443509 0.333186
v -0.241476 0.443022 0.332662
v -0.241476 0.443022 0.332662
v -0.246082 0.457424 0.324413
v -0.227156 0.451750 0.324504
v -0.225965 0.447624 0.327222
v -0.225965 0.447624 0.327222
v -0.198473 0.438185 0.324200
v -0.220376 0.447065 0.326361
v -0.220376 0.447065 0.326361
v -0.207730 0.388909 0.338033
v -0.282665 0.408096 0.342741
v -0.246541 0.382404 0.341504
v -0.242017 0.348402 0.343740
v -0.294080 0.342244 0.348549
v -0.376402 0.403089 0.320779
v -0.376402 0.403089 0.320779
v -0.371959 0.407030 0.319590
v -0.371959 0.407030 0.319590
v -0.336018 0.392138 0.338931
v -0.291045 0.370524 0.343527
v -0.363899 0.413181 0.318047
v -0.363899 0.413181 0.318047
v -0.362360 0.398908 0.324548
v -0.371122 0.352816 0.328199
v -0.293642 0.464261 0.286120
v -0.364463 0.467549 0.203786
v -0.347692 0.453263 0.252225
v -0.340016 0.473277 0.211761
v -0.217376 0.496951 0.220213
v -0.235921 0.492430 0.251735
v -0.199284 0.491687 0.279586
v -0.179067 0.502864 0.239501
v -0.296629 0.473946 0.210863
v -0.257471 0.492587 0.205819
v -0.273294 0.485904 0.239569
v -0.363043 0.482387 0.125737
v -0.372899 0.473017 0.158514
v -0.238108 0.499052 0.139184
v -0.220388 0.501020 0.177385
v -0.319935 0.485307 0.141201
v -0.329817 0.478347 0.167695
v -0.261367 0.495984 0.110140
v -0.273026 0.490011 0.160840
v -0.043331 0.517170 0.123776
v -0.039645 0.520981 0.156877
v -0.091517 0.503159 0.253423
v -0.072256 0.519879 0.193753
v -0.045406 0.507213 0.223152
v -0.091679 0.489303 0.012200
v -0.133885 0.485647 0.039544
v -0.111170 0.498297 0.087967
v -0.148587 0.492882 0.092456
v -0.124565 0.484807 -0.003965
v -0.169636 0.491802 0.046662
v -0.165682 0.488094 -0.001539
v -0.052513 0.493776 -0.024715
v -0.039492 0.497376 0.012792
v -0.061487 0.508451 0.098628
v -0.038402 0.510193 0.067984
v -0.081527 0.497124 0.060083
v -0.066964 0.495401 0.039407
v -0.116942 0.514193 0.221716
v -0.176577 0.505614 0.211513
v -0.143407 0.515122 0.177929
v -0.089142 0.512634 0.118685
v -0.104200 0.526745 0.183068
v -0.088712 0.517908 0.151255
v -0.178163 0.507817 0.173141
v -0.182433 0.505376 0.136771
v -0.130445 0.502292 0.133119
v -0.539367 0.369922 0.165466
v -0.501982 0.391958 0.184371
v -0.430392 0.414247 0.284048
v -0.455326 0.425538 0.215733
v -0.455326 0.425538 0.215733
v -0.453440 0.427415 0.228212
v -0.453440 0.427415 0.228212
v -0.454354 0.419580 0.239136
v -0.454354 0.419580 0.239136
v -0.450710 0.418820 0.251537
v -0.471671 0.412358 0.224787
v -0.458214 0.415362 0.241421
v -0.458214 0.415362 0.241421
v -0.458879 0.413977 0.248030
v -0.458879 0.413977 0.248030
v -0.431258 0.435900 0.249842
v -0.454792 0.425130 0.234424
v -0.454792 0.425130 0.234424
v -0.474948 0.400472 0.269747
v -0.474948 0.400472 0.269747
v -0.472735 0.405766 0.269248
v -0.472735 0.405766 0.269248
v -0.464965 0.405725 0.274101
v -0.480269 0.406166 0.257768
v -0.468514 0.408156 0.261545
v -0.468514 0.408156 0.261545
v -0.463460 0.408986 0.257286
v -0.463460 0.408986 0.257286
v -0.460564 0.412879 0.253198
v -0.460564 0.412879 0.253198
v -0.417628 0.451568 0.153825
v -0.387814 0.460496 0.180719
v -0.418916 0.448850 0.189333
v -0.453120 0.438540 0.182988
v -0.467282 0.433074 0.148268
v -0.467282 0.433074 0.148268
v -0.467659 0.435127 0.154853
v -0.467659 0.435127 0.154853
v -0.467176 0.433215 0.162570
v -0.467176 0.433215 0.162570
v -0.466269 0.427929 0.177649
v -0.466269 0.427929 0.177649
v -0.476483 0.414779 0.195415
v -0.460675 0.426766 0.200843
v -0.460675 0.426766 0.200843
v -0.466146 0.430415 0.173156
v -0.466146 0.430415 0.173156
v -0.466718 0.426742 0.190338
v -0.466718 0.426742 0.190338
v -0.455920 0.425137 0.206597
v -0.455920 0.425137 0.206597
v -0.470397 0.422410 0.180403
v -0.465973 0.426738 0.199009
v -0.465973 0.426738 0.199009
v -0.413307 0.445961 0.232946
v -0.392292 0.461933 0.218124
v -0.384958 0.450672 0.256131
v -0.444888 0.434338 0.214523
v -0.526466 0.359231 0.247514
v -0.509610 0.384207 0.258786
v -0.500520 0.384563 0.226365
v -0.059895 0.440620 0.307361
v -0.062211 0.450845 0.305010
v -0.062211 0.450845 0.305010
v -0.077869 0.428496 0.307685
v -0.082676 0.451242 0.308322
v -0.082676 0.451242 0.308322
v -0.073521 0.450870 0.306886
v -0.073521 0.450870 0.306886
v -0.092235 0.461284 0.304780
v -0.087841 0.453395 0.306538
v -0.087841 0.453395 0.306538
v -0.033847 0.401164 0.293356
v -0.050579 0.485312 0.272127
v -0.048558 0.449886 0.303136
v -0.048558 0.449886 0.303136
v -0.180537 0.459270 0.311872
v -0.180537 0.459270 0.311872
v -0.165980 0.459718 0.308768
v -0.165980 0.459718 0.308768
v -0.173128 0.458729 0.309989
v -0.173128 0.458729 0.309989
v -0.172708 0.483106 0.302664
v -0.154427 0.462639 0.307967
v -0.154427 0.462639 0.307967
v -0.117573 0.459503 0.307904
v -0.117573 0.459503 0.307904
v -0.112585 0.446426 0.309839
v -0.141090 0.463542 0.307163
v -0.141090 0.463542 0.307163
v -0.131877 0.462192 0.306745
v -0.131877 0.462192 0.306745
v -0.122673 0.459898 0.309389
v -0.122673 0.459898 0.309389
v -0.102485 0.458017 0.307291
v -0.102485 0.458017 0.307291
v -0.160278 0.450739 0.310087
v -0.093727 0.456343 0.306279
v -0.093727 0.456343 0.306279
v -0.106520 0.460933 0.309063
v -0.106520 0.460933 0.309063
v -0.041689 0.450304 0.301932
v -0.041689 0.450304 0.301932
v -0.021549 0.455949 0.291364
v -0.108638 0.477302 0.305840
v -0.147957 0.480991 0.305573
v -0.120820 0.496483 0.285437
v -0.028787 0.449870 0.298521
v -0.028787 0.449870 0.298521
v -0.062986 0.462671 0.300991
v -0.149745 0.507125 0.254361
v -0.076527 0.490386 0.282371
v 0.006912 0.389594 0.285423
v -0.014412 0.333590 0.284162
v -0.064044 0.331488 0.301337
v -0.189011 0.347801 0.329219
v 0.040494 0.382681 0.275276
v 0.079495 0.375635 0.269503
v 0.034780 0.319694 0.277049
v 0.094651 0.309370 0.270005
v 0.046719 0.351417 0.270168
v 0.104498 0.409901 0.271386
v 0.104498 0.409901 0.271386
v 0.097201 0.396747 0.268908
v -0.009423 0.475646 0.257212
v 0.058314 0.433240 0.275042
v 0.009267 0.449272 0.280507
v -0.023070 0.434840 0.301245
v 0.007897 0.426616 0.289127
v 0.014230 0.434220 0.289091
v 0.014230 0.434220 0.289091
v -0.000254 0.442330 0.292443
v -0.000254 0.442330 0.292443
v -0.018037 0.447740 0.295409
v -0.018037 0.447740 0.295409
v 0.009116 0.442038 0.290010
v 0.009116 0.442038 0.290010
v -0.010732 0.444410 0.293313
v -0.010732 0.444410 0.293313
v 0.099414 0.411565 0.272972
v 0.099414 0.411565 0.272972
v 0.033642 0.414413 0.282497
v 0.019897 0.431420 0.288522
v 0.019897 0.431420 0.288522
v 0.054122 0.425784 0.282724
v 0.054122 0.425784 0.282724
v 0.043008 0.426229 0.285436
v 0.043008 0.426229 0.285436
v 0.032453 0.429447 0.286396
v 0.032453 0.429447 0.286396
v 0.066750 0.414585 0.278556
v 0.061762 0.425678 0.279452
v 0.061762 0.425678 0.279452
v 0.074461 0.424247 0.279809
v 0.074461 0.424247 0.279809
v 0.083041 0.418452 0.279134
v 0.083041 0.418452 0.279134
v 0.091078 0.417561 0.274547
v 0.091078 0.417561 0.274547
v 0.098521 0.421822 0.271379
v -0.122525 0.316124 0.314627
v -0.110625 0.353401 0.310227
v -0.047690 0.368766 0.296365
v -0.098633 0.391956 0.301949
v -0.073475 0.373196 0.305108
v -0.131751 0.420752 0.309305
v -0.134418 0.388759 0.309575
v -0.170283 0.389063 0.320568
v -0.153591 0.343589 0.314532
v -0.287785 0.485031 0.019229
v -0.290444 0.481379 -0.010189
v -0.268598 0.501149 0.043893
v -0.381460 0.478658 0.018239
v -0.342320 0.484881 0.030741
v -0.212622 0.499795 0.117452
v -0.186116 0.495737 0.102297
v -0.251973 0.483670 -0.007005
v -0.232459 0.493641 0.014351
v -0.325902 0.486171 0.062460
v -0.341198 0.488326 0.100502
v -0.202434 0.498492 0.038020
v -0.202615 0.488896 -0.009560
v -0.244851 0.495668 0.068301
v -0.301625 0.495559 0.108694
v -0.227735 0.498304 0.086706
v -0.286510 0.501301 0.074908
v 0.107314 0.377497 -0.313867
v 0.107314 0.377497 -0.313867
v 0.104783 0.374797 -0.319964
v 0.104783 0.374797 -0.319964
v 0.084190 0.362381 -0.352040
v 0.111482 0.365988 -0.325000
v 0.100339 0.319389 -0.379778
v 0.100339 0.319389 -0.379778
v 0.119043 0.430299 0.254835
v 0.122440 0.500773 0.082904
v 0.141978 0.498951 0.055251
v 0.105394 0.501791 0.041135
v 0.110848 0.406746 0.269523
v 0.110848 0.406746 0.269523
v 0.587893 0.355625 0.120204
v 0.587893 0.355625 0.120204
v 0.594855 0.353131 0.119140
v 0.594855 0.353131 0.119140
v 0.585855 0.350731 0.130746
v 0.604609 0.319387 0.115268
v 0.551813 0.317169 0.183598
v 0.565912 0.360327 0.140401
v 0.565912 0.360327 0.140401
v 0.579292 0.357483 0.131296
v 0.579292 0.357483 0.131296
v 0.572930 0.359674 0.136938
v 0.572930 0.359674 0.136938
v 0.558793 0.363642 0.147025
v 0.558793 0.363642 0.147025
v 0.548655 0.362562 0.152045
v 0.548655 0.362562 0.152045
v 0.572535 0.327099 0.148062
v 0.579090 0.365452 0.092385
v 0.618526 0.324501 0.084616
v 0.619527 0.340497 0.081122
v 0.619527 0.340497 0.081122
v 0.604323 0.355034 0.103107
v 0.618643 0.346614 0.094006
v 0.618643 0.346614 0.094006
v 0.618131 0.343822 0.085518
v 0.618131 0.343822 0.085518
v 0.612729 0.348714 0.074394
v 0.633494 0.322281 0.068185
v 0.633494 0.322281 0.068185
v 0.640583 0.320237 0.062794
v 0.640583 0.320237 0.062794
v 0.627189 0.328189 0.073301
v 0.627189 0.328189 0.073301
v 0.627177 0.333926 0.079532
v 0.627177 0.333926 0.079532
v 0.583983 0.348981 0.055316
v 0.613949 0.341786 0.103177
v 0.604850 0.352489 0.112217
v 0.604850 0.352489 0.112217
v 0.610012 0.352261 0.108292
v 0.610012 0.352261 0.108292
v 0.618456 0.347491 0.099319
v 0.618456 0.347491 0.099319
v 0.611648 0.351537 0.103184
v 0.611648 0.351537 0.103184
v 0.696283 0.310734 -0.013142
v 0.696283 0.310734 -0.013142
v 0.682669 0.312185 0.003472
v 0.682669 0.312185 0.003472
v 0.703153 0.301134 0.009032
v 0.689474 0.312064 -0.005610
v 0.689474 0.312064 -0.005610
v 0.700318 0.311108 -0.026797
v 0.700318 0.311108 -0.026797
v 0.679329 0.313735 0.008178
v 0.679329 0.313735 0.008178
v 0.678255 0.311492 0.015880
v 0.678255 0.311492 0.015880
v 0.647750 0.317758 0.057110
v 0.647750 0.317758 0.057110
v 0.655649 0.316566 0.047708
v 0.655649 0.316566 0.047708
v 0.631943 0.329199 0.060325
v 0.671661 0.314815 0.022352
v 0.671661 0.314815 0.022352
v 0.670364 0.305989 0.032708
v 0.663668 0.317379 0.017595
v 0.668140 0.314530 0.026973
v 0.668140 0.314530 0.026973
v 0.665153 0.315166 0.031570
v 0.665153 0.315166 0.031570
v 0.645993 0.318960 -0.017453
v 0.661468 0.319038 0.039628
v 0.661468 0.319038 0.039628
v 0.548400 0.373858 -0.001297
v 0.615581 0.327096 0.018090
v 0.545231 0.361465 0.037052
v 0.545231 0.361465 0.037052
v 0.553225 0.357951 0.039761
v 0.554335 0.358522 0.029129
v 0.554335 0.358522 0.029129
v 0.577034 0.351447 0.003265
v 0.577034 0.351447 0.003265
v 0.573201 0.353156 0.010345
v 0.573201 0.353156 0.010345
v 0.580066 0.350283 -0.006080
v 0.580066 0.350283 -0.006080
v 0.583049 0.346578 -0.014697
v 0.578706 0.349438 -0.018593
v 0.578706 0.349438 -0.018593
v 0.578501 0.350364 -0.013427
v 0.578501 0.350364 -0.013427
v 0.573772 0.345415 0.021505
v 0.560205 0.357893 0.019221
v 0.560205 0.357893 0.019221
v 0.564411 0.356089 0.013091
v 0.564411 0.356089 0.013091
v 0.574527 0.355680 -0.006369
v 0.437637 0.350848 -0.205979
v 0.496140 0.324035 -0.246239
v 0.462648 0.332675 -0.221897
v 0.412641 0.330056 -0.247927
v 0.384124 0.358980 -0.205817
v 0.415901 0.383318 -0.160324
v 0.458834 0.365083 -0.179775
v 0.465885 0.389857 -0.157192
v 0.499527 0.396373 -0.140753
v 0.497085 0.341226 -0.207465
v 0.501077 0.378466 -0.158982
v 0.410497 0.356535 -0.189569
v 0.283134 0.371642 -0.209484
v 0.317677 0.357610 -0.219167
v 0.371391 0.334350 -0.236943
v 0.326903 0.329581 -0.251030
v 0.347324 0.350972 -0.223273
v 0.358210 0.381481 -0.169324
v 0.316555 0.392229 -0.159106
v 0.537357 0.368277 0.028769
v 0.448898 0.408048 0.076496
v 0.522783 0.393590 -0.039441
v 0.465337 0.416434 0.008455
v 0.508252 0.397757 0.007619
v 0.482185 0.398642 0.042713
v 0.440467 0.424791 0.021829
v 0.475002 0.417225 -0.026734
v 0.538411 0.361732 0.050329
v 0.538411 0.361732 0.050329
v 0.533021 0.363270 0.060517
v 0.533021 0.363270 0.060517
v 0.542701 0.362130 0.043232
v 0.542701 0.362130 0.043232
v -0.088287 0.030066 -0.067640
v 0.490766 0.380318 0.132371
v 0.458925 0.379188 0.138968
v 0.458925 0.379188 0.138968
v 0.464485 0.379082 0.134614
v 0.464485 0.379082 0.134614
v 0.457750 0.386956 0.130566
v 0.473271 0.377208 0.128015
v 0.473271 0.377208 0.128015
v 0.476853 0.377593 0.123833
v 0.476853 0.377593 0.123833
v 0.520344 0.368877 0.075262
v 0.520344 0.368877 0.075262
v 0.484085 0.377484 0.117344
v 0.484085 0.377484 0.117344
v 0.492860 0.375281 0.113041
v 0.492860 0.375281 0.113041
v 0.537125 0.364516 0.078579
v 0.532607 0.362702 0.072716
v 0.532607 0.362702 0.072716
v 0.526800 0.363402 0.073605
v 0.526800 0.363402 0.073605
v 0.510309 0.376860 0.057099
v 0.507523 0.374049 0.102378
v 0.507523 0.374049 0.102378
v 0.428007 0.398211 0.110544
v 0.513392 0.370714 0.081372
v 0.513392 0.370714 0.081372
v 0.511047 0.372861 0.093813
v 0.511047 0.372861 0.093813
v 0.470440 0.389103 0.093745
v 0.517640 0.374957 0.106965
v 0.522322 0.381504 0.146844
v -0.302627 0.025065 0.058885
v -0.387458 0.006578 0.000632
v -0.387458 0.006578 0.000632
v -0.369522 0.011824 0.108151
v 0.502359 0.371803 0.106080
v 0.502359 0.371803 0.106080
v 0.504821 0.375591 0.091209
v -0.368592 0.005357 0.018886
v 0.385009 0.447699 0.060100
v -0.318962 0.019399 0.014711
v 0.373017 0.417248 0.148852
v 0.307317 0.458196 0.109673
v 0.297301 0.461414 0.076721
v 0.332797 0.446670 0.135448
v 0.362476 0.445905 0.098249
v 0.396985 0.423617 0.109029
v 0.327278 0.458346 0.064232
v 0.398192 0.428119 0.080525
v 0.416293 0.432286 0.039368
v 0.400650 0.432960 -0.051476
v 0.414486 0.427085 -0.012438
v 0.370725 0.450830 0.018285
v 0.370229 0.446108 -0.014077
v 0.286267 0.467477 0.039313
v 0.336054 0.455099 0.020549
v 0.149010 0.384419 -0.274228
v 0.149010 0.384419 -0.274228
v 0.136704 0.393868 -0.274713
v 0.144334 0.377632 -0.279310
v 0.144334 0.377632 -0.279310
v 0.118304 0.397995 -0.289401
v 0.136616 0.379847 -0.291091
v 0.136616 0.379847 -0.291091
v 0.125910 0.379037 -0.296618
v 0.125910 0.379037 -0.296618
v 0.131740 0.367096 -0.302473
v 0.113341 0.378695 -0.308233
v 0.113341 0.378695 -0.308233
v 0.131422 0.378169 -0.294352
v 0.131422 0.378169 -0.294352
v 0.154758 0.380812 -0.268431
v 0.154758 0.380812 -0.268431
v 0.148793 0.371368 -0.280654
v 0.121892 0.380300 -0.302695
v 0.121892 0.380300 -0.302695
v 0.166206 0.358179 -0.284760
v 0.353084 0.445741 -0.055403
v 0.335763 0.427234 -0.096488
v 0.333544 0.461043 -0.030096
v 0.381279 0.394345 -0.144195
v 0.312343 0.412495 -0.125243
v 0.343917 0.404585 -0.126326
v 0.380099 0.433389 -0.092549
v 0.492753 0.402079 -0.105986
v 0.414146 0.406532 -0.134318
v 0.419101 0.422905 -0.106033
v 0.461360 0.408907 -0.116938
v 0.448681 0.418386 -0.052218
v 0.460776 0.410078 -0.082683
v 0.200042 0.471151 0.168376
v 0.254638 0.470664 0.122636
v 0.242572 0.424941 0.195619
v 0.234611 0.457423 0.175468
v 0.280949 0.429394 0.177147
v 0.239992 0.470406 0.149444
v 0.280030 0.460094 0.144373
v 0.114166 0.450011 0.220124
v 0.145128 0.459904 0.202059
v 0.150885 0.431057 0.229792
v 0.194392 0.443788 0.206126
v 0.197735 0.421810 0.216686
v 0.148792 0.377271 0.270062
v 0.156664 0.390649 0.264627
v 0.156664 0.390649 0.264627
v 0.117226 0.406620 0.267598
v 0.117226 0.406620 0.267598
v 0.121511 0.392490 0.270415
v 0.123682 0.403601 0.264306
v 0.123682 0.403601 0.264306
v 0.132790 0.399524 0.265363
v 0.132790 0.399524 0.265363
v 0.140384 0.396975 0.264245
v 0.140384 0.396975 0.264245
v 0.148473 0.391745 0.266085
v 0.148473 0.391745 0.266085
v 0.146572 0.405534 0.257917
v 0.171737 0.390452 0.260325
v 0.171737 0.390452 0.260325
v 0.181277 0.379451 0.256053
v 0.166018 0.391007 0.260393
v 0.166018 0.391007 0.260393
v 0.181232 0.405158 0.252223
v 0.198668 0.399957 0.253609
v 0.198668 0.399957 0.253609
v 0.178298 0.391502 0.255927
v 0.178298 0.391502 0.255927
v 0.190436 0.396022 0.251845
v 0.190436 0.396022 0.251845
v 0.153481 0.494034 0.151242
v 0.143337 0.479261 0.171716
v 0.306063 0.393697 0.235537
v 0.306063 0.393697 0.235537
v 0.306063 0.393697 0.235537
v 0.287298 0.411698 0.203974
v 0.289070 0.398991 0.228071
v 0.298712 0.394058 0.236944
v 0.298712 0.394058 0.236944
v 0.237918 0.410646 0.240428
v 0.224844 0.385702 0.259048
v 0.292661 0.368631 0.265756
v 0.254278 0.368787 0.265633
v 0.213660 0.400158 0.251033
v 0.213660 0.400158 0.251033
v 0.207709 0.401663 0.252135
v 0.207709 0.401663 0.252135
v 0.219897 0.401296 0.252375
v 0.219897 0.401296 0.252375
v 0.217858 0.409044 0.245511
v 0.226292 0.401077 0.255474
v 0.226292 0.401077 0.255474
v 0.233624 0.398306 0.257517
v 0.233624 0.398306 0.257517
v 0.240166 0.398899 0.256988
v 0.240166 0.398899 0.256988
v 0.250435 0.396674 0.258560
v 0.250435 0.396674 0.258560
v 0.258077 0.394412 0.255552
v 0.258077 0.394412 0.255552
v 0.265197 0.392922 0.256303
v 0.265197 0.392922 0.256303
v 0.286975 0.393058 0.252778
v 0.265952 0.399040 0.249019
v 0.265952 0.399040 0.249019
v 0.272008 0.396480 0.247743
v 0.272008 0.396480 0.247743
v 0.260862 0.402649 0.240892
v 0.276158 0.395412 0.244361
v 0.276158 0.395412 0.244361
v 0.282934 0.393569 0.243539
v 0.282934 0.393569 0.243539
v 0.290528 0.394716 0.239662
v 0.290528 0.394716 0.239662
v 0.538702 0.368797 -0.159317
v 0.507519 0.354514 -0.176306
v 0.536714 0.346361 -0.187541
v 0.705367 0.301995 -0.053170
v 0.705367 0.301995 -0.053170
v 0.703955 0.305396 -0.040767
v 0.703955 0.305396 -0.040767
v 0.711945 0.293758 -0.026197
v 0.701104 0.309789 -0.036162
v 0.701104 0.309789 -0.036162
v 0.704189 0.302183 -0.047076
v 0.704189 0.302183 -0.047076
v 0.709425 0.295527 -0.064606
v 0.709425 0.295527 -0.064606
v 0.708961 0.293665 -0.073704
v 0.708961 0.293665 -0.073704
v 0.691502 0.312359 -0.048961
v 0.701987 0.304499 -0.075687
v 0.683226 0.315303 -0.019592
v 0.708210 0.295900 -0.058379
v 0.708210 0.295900 -0.058379
v 0.711299 0.275882 -0.061505
v 0.643541 0.308891 -0.069375
v 0.567705 0.360196 -0.046541
v 0.577143 0.351270 -0.028974
v 0.577143 0.351270 -0.028974
v 0.602445 0.323616 -0.048062
v 0.586446 0.338304 -0.074113
v 0.577318 0.348963 -0.051952
v 0.577318 0.348963 -0.051952
v 0.586505 0.340661 -0.030634
v 0.576301 0.349423 -0.038318
v 0.576301 0.349423 -0.038318
v 0.577969 0.350716 -0.043691
v 0.577969 0.350716 -0.043691
v 0.574533 0.350829 -0.033630
v 0.574533 0.350829 -0.033630
v 0.574740 0.349197 -0.058327
v 0.574740 0.349197 -0.058327
v 0.571072 0.349359 -0.070717
v 0.571072 0.349359 -0.070717
v 0.570527 0.350516 -0.087393
v 0.570527 0.350516 -0.087393
v 0.572348 0.352528 -0.082741
v 0.572348 0.352528 -0.082741
v 0.566815 0.364043 -0.079096
v 0.546276 0.376686 -0.043745
v 0.507131 0.408654 -0.067025
v 0.553511 0.319407 -0.215327
v 0.553511 0.319407 -0.215327
v 0.515444 0.316177 -0.248786
v 0.539022 0.317093 -0.222751
v 0.539022 0.317093 -0.222751
v 0.532475 0.316114 -0.223868
v 0.532475 0.316114 -0.223868
v 0.545940 0.320921 -0.216193
v 0.545940 0.320921 -0.216193
v 0.559507 0.319792 -0.212382
v 0.559507 0.319792 -0.212382
v 0.533750 0.326502 -0.225324
v 0.555429 0.330249 -0.205651
v 0.567570 0.322179 -0.204814
v 0.567570 0.322179 -0.204814
v 0.565211 0.321963 -0.210082
v 0.565211 0.321963 -0.210082
v 0.529684 0.314624 -0.228421
v 0.529684 0.314624 -0.228421
v 0.525124 0.314283 -0.231951
v 0.525124 0.314283 -0.231951
v 0.539930 0.396781 -0.134024
v 0.520678 0.390807 -0.109752
v 0.545839 0.382545 -0.080451
v 0.582262 0.326178 -0.096692
v 0.586241 0.360523 -0.138818
v 0.586241 0.360523 -0.138818
v 0.582730 0.355994 -0.135662
v 0.582730 0.355994 -0.135662
v 0.554009 0.371394 -0.117713
v 0.587838 0.342371 -0.145501
v 0.590182 0.352899 -0.141413
v 0.590182 0.352899 -0.141413
v 0.575348 0.353672 -0.134054
v 0.575348 0.353672 -0.134054
v 0.570661 0.350067 -0.132179
v 0.570661 0.350067 -0.132179
v 0.560895 0.354343 -0.123453
v 0.566909 0.347343 -0.128779
v 0.566909 0.347343 -0.128779
v 0.598261 0.298313 -0.122035
v 0.566424 0.338677 -0.114033
v 0.566424 0.338677 -0.114033
v 0.566288 0.336106 -0.125161
v 0.566288 0.336106 -0.125161
v 0.569586 0.322576 -0.131330
v 0.571251 0.350068 -0.093730
v 0.571251 0.350068 -0.093730
v 0.570094 0.347006 -0.100647
v 0.570094 0.347006 -0.100647
v 0.570437 0.344433 -0.108000
v 0.570437 0.344433 -0.108000
v 0.579671 0.336730 -0.167910
v 0.579671 0.336730 -0.167910
v 0.584161 0.347396 -0.159448
v 0.584161 0.347396 -0.159448
v 0.586249 0.349690 -0.153824
v 0.586249 0.349690 -0.153824
v 0.581203 0.342336 -0.166868
v 0.581203 0.342336 -0.166868
v 0.574296 0.368146 -0.138227
v 0.574152 0.348619 -0.165931
v 0.569221 0.319403 -0.196538
v 0.570398 0.333461 -0.179590
v 0.570398 0.333461 -0.179590
v 0.588860 0.348759 -0.148103
v 0.588860 0.348759 -0.148103
v 0.575457 0.335782 -0.174854
v 0.575457 0.335782 -0.174854
v 0.569591 0.329978 -0.190984
v 0.569591 0.329978 -0.190984
v 0.570074 0.328589 -0.198667
v 0.570074 0.328589 -0.198667
v 0.211916 0.486202 0.059987
v 0.240381 0.477112 0.084525
v 0.216361 0.477746 0.106757
v -0.153971 0.045721 -0.089262
v -0.201518 0.040177 -0.059809
v 0.269706 0.473154 0.090410
v 0.176732 0.493670 0.060407
v 0.190008 0.487749 0.132514
v 0.165356 0.491893 0.101392
v 0.118849 0.499251 0.116538
v 0.298150 0.473540 -0.018577
v 0.223982 0.473221 -0.029736
v -0.134905 0.028301 0.030589
v -0.093629 0.022076 0.015580
v -0.093629 0.022076 0.015580
v -0.105274 0.024443 0.024535
v 0.239902 0.481224 0.032286
v 0.282531 0.470358 0.015106
v 0.263257 0.477187 -0.012601
v 0.236094 0.482373 0.002792
v 0.201613 0.490039 0.006776
v 0.157535 0.495092 0.016052
v 0.125616 0.486077 0.002986
v 0.159887 0.480565 -0.024034
v -0.284448 0.037802 -0.035328
v -0.063551 0.035425 -0.121593
v 0.223018 0.376947 -0.232573
v 0.276966 0.351989 -0.243892
v -0.019352 0.027740 -0.156066
v -0.031039 0.024600 -0.089720
v 0.210583 0.419094 -0.133998
v 0.304995 0.448369 -0.065556
v 0.242107 0.421746 -0.115977
v -0.063610 0.025680 -0.085072
v 0.260449 0.461640 -0.044382
v 0.280461 0.420879 -0.116122
v 0.232060 0.454630 -0.071598
v 0.261592 0.448317 -0.075619
v 0.296459 0.431121 -0.094542
v 0.334648 0.365181 -0.189937
v 0.296578 0.385458 -0.181039
v 0.278198 0.400205 -0.161686
v 0.251098 0.378564 -0.211600
v 0.229961 0.397107 -0.179268
v 0.231775 0.408305 -0.157990
v 0.183383 0.414650 -0.174095
v 0.163596 0.423166 -0.202279
v 0.138565 0.435868 -0.138556
v 0.124415 0.419852 -0.216880
v 0.131084 0.437196 -0.172521
v 0.175958 0.361164 -0.262588
v 0.175958 0.361164 -0.262588
v 0.145431 0.401381 -0.244464
v 0.172033 0.367018 -0.264042
v 0.172033 0.367018 -0.264042
v 0.158054 0.374717 -0.265479
v 0.158054 0.374717 -0.265479
v 0.166418 0.370908 -0.262519
v 0.166418 0.370908 -0.262519
v 0.185412 0.392636 -0.235742
v 0.167925 0.385975 -0.260266
v 0.211556 0.395258 -0.208868
v 0.168035 0.468326 -0.052876
v 0.136256 0.444684 -0.097916
v 0.174275 0.455705 -0.076615
v 0.200030 0.437479 -0.098985
v 0.172419 0.430561 -0.120095
v 0.097885 0.417443 -0.252191
v 0.512585 0.362963 0.194731
v 0.499687 0.375248 0.192509
v 0.499687 0.375248 0.192509
v 0.490477 0.373985 0.197885
v 0.490477 0.373985 0.197885
v 0.443320 0.381009 0.215884
v 0.443320 0.381009 0.215884
v 0.457543 0.358624 0.215675
v 0.458204 0.372353 0.214418
v 0.458204 0.372353 0.214418
v 0.450840 0.378544 0.212664
v 0.450840 0.378544 0.212664
v 0.517993 0.327001 0.202846
v 0.495161 0.327252 0.217923
v 0.473568 0.373906 0.208330
v 0.473568 0.373906 0.208330
v 0.484419 0.372105 0.203372
v 0.484419 0.372105 0.203372
v 0.487611 0.361480 0.210331
v 0.466862 0.373226 0.212482
v 0.466862 0.373226 0.212482
v 0.456673 0.330714 0.238794
v 0.353041 0.385951 0.212791
v 0.353041 0.385951 0.212791
v 0.338007 0.403830 0.202199
v 0.384973 0.389801 0.198352
v 0.359671 0.389747 0.203665
v 0.359671 0.389747 0.203665
v 0.365324 0.392387 0.198670
v 0.366859 0.388141 0.199953
v 0.366859 0.388141 0.199953
v 0.372179 0.388005 0.196931
v 0.372179 0.388005 0.196931
v 0.323076 0.427146 0.166099
v 0.422101 0.385557 0.216454
v 0.422101 0.385557 0.216454
v 0.350241 0.385155 0.265801
v 0.356614 0.396819 0.240883
v 0.356614 0.396819 0.240883
v 0.436956 0.384282 0.215083
v 0.436956 0.384282 0.215083
v 0.424871 0.374741 0.235763
v 0.406003 0.388186 0.209455
v 0.327142 0.393613 0.248865
v 0.393618 0.391344 0.229080
v 0.393618 0.391344 0.229080
v 0.313019 0.397967 0.221467
v 0.414396 0.386930 0.219784
v 0.414396 0.386930 0.219784
v 0.404981 0.388364 0.224855
v 0.404981 0.388364 0.224855
v 0.429768 0.382228 0.215855
v 0.429768 0.382228 0.215855
v 0.319226 0.344507 0.268951
v 0.331734 0.396733 0.237116
v 0.331734 0.396733 0.237116
v 0.342850 0.397813 0.237838
v 0.342850 0.397813 0.237838
v 0.348480 0.394836 0.238592
v 0.348480 0.394836 0.238592
v 0.340065 0.390804 0.223001
v 0.345326 0.387415 0.218306
v 0.345326 0.387415 0.218306
v 0.345282 0.391891 0.224905
v 0.325094 0.391558 0.228214
v 0.325094 0.391558 0.228214
v 0.332642 0.388634 0.222233
v 0.332642 0.388634 0.222233
v 0.338350 0.386461 0.219888
v 0.338350 0.386461 0.219888
v 0.338350 0.386461 0.219888
v 0.320825 0.390925 0.235865
v 0.320825 0.390925 0.235865
v 0.312890 0.393073 0.235489
v 0.312890 0.393073 0.235489
v 0.389624 0.383429 0.254875
v 0.387088 0.390303 0.240895
v 0.387088 0.390303 0.240895
v 0.317888 0.391270 0.231258
v 0.317888 0.391270 0.231258
v 0.374859 0.395170 0.241213
v 0.374859 0.395170 0.241213
v 0.375601 0.395489 0.228635
v 0.362400 0.396320 0.241835
v 0.362400 0.396320 0.241835
v 0.432048 0.386958 0.147360
v 0.433130 0.381526 0.156528
v 0.433130 0.381526 0.156528
v 0.436475 0.381109 0.149704
v 0.436475 0.381109 0.149704
v 0.408744 0.400967 0.134486
v 0.381908 0.388458 0.193528
v 0.381908 0.388458 0.193528
v 0.387718 0.388189 0.191380
v 0.387718 0.388189 0.191380
v 0.378921 0.396691 0.179684
v 0.435386 0.384834 0.162043
v 0.435386 0.384834 0.162043
v 0.400122 0.385546 0.184747
v 0.400122 0.385546 0.184747
v 0.433224 0.384710 0.169569
v 0.433224 0.384710 0.169569
v 0.443711 0.382719 0.171498
v 0.409551 0.384697 0.183948
v 0.409551 0.384697 0.183948
v 0.429886 0.384031 0.199029
v 0.416441 0.384055 0.175552
v 0.416441 0.384055 0.175552
v 0.423474 0.384214 0.173646
v 0.423474 0.384214 0.173646
v 0.407000 0.388543 0.170133
v 0.557379 0.372538 0.134911
v 0.503069 0.374725 0.187976
v 0.503069 0.374725 0.187976
v 0.500396 0.377376 0.178528
v 0.552274 0.352833 0.159991
v 0.511224 0.372829 0.183176
v 0.511224 0.372829 0.183176
v 0.445391 0.380345 0.147662
v 0.445391 0.380345 0.147662
v 0.519674 0.372400 0.173687
v 0.519674 0.372400 0.173687
v 0.467616 0.383182 0.189787
v 0.450977 0.377438 0.141207
v 0.450977 0.377438 0.141207
v 0.468411 0.380452 0.149865
v 0.535118 0.369232 0.160473
v 0.535118 0.369232 0.160473
v 0.544086 0.365758 0.153808
v 0.544086 0.365758 0.153808
v 0.532017 0.359688 0.180535
v 0.532904 0.373908 0.166004
v 0.532904 0.373908 0.166004
v 0.526376 0.372063 0.169943
v 0.526376 0.372063 0.169943
v 0.638828 0.308821 0.080004
v 0.499379 0.308622 -0.248355
v 0.499379 0.308622 -0.248355
v 0.218096 0.344145 -0.263732
v 0.218096 0.344145 -0.263732
v 0.229333 0.343211 -0.260168
v 0.229333 0.343211 -0.260168
v 0.233079 0.356213 -0.256657
v 0.260840 0.333737 -0.263762
v 0.182624 0.354232 -0.264524
v 0.182624 0.354232 -0.264524
v 0.188154 0.351276 -0.262480
v 0.188154 0.351276 -0.262480
v 0.202724 0.361308 -0.267639
v 0.197530 0.342886 -0.264776
v 0.197530 0.342886 -0.264776
v 0.361416 0.356553 0.275786
v 0.397468 0.344246 0.264871
v 0.296648 0.147180 -0.204559
v 0.292580 0.133673 -0.163301
v 0.152016 0.059528 -0.158827
v 0.141764 0.071728 -0.196352
v 0.251741 0.107904 -0.186004
v 0.256284 0.129272 -0.197428
v 0.191201 0.069339 -0.120192
v 0.234831 0.085364 -0.126910
v 0.257308 0.094031 -0.104866
v 0.218177 0.070426 -0.083289
v 0.255375 0.104695 -0.151230
v 0.282326 0.097494 -0.065170
v 0.285059 0.122420 -0.130548
v 0.182560 0.069411 -0.142310
v 0.212805 0.088704 -0.179154
v 0.173510 0.080627 -0.165978
v 0.320936 0.133806 -0.135242
v 0.154405 0.049120 -0.103272
v 0.131817 0.057392 -0.210452
v 0.092927 0.043461 -0.176943
v 0.116221 0.042457 -0.137853
v 0.090472 0.021729 -0.076355
v 0.067340 0.025118 -0.135236
v 0.091785 0.019025 -0.118072
v 0.130886 0.030106 -0.114372
v 0.466211 0.173507 -0.097209
v 0.427672 0.166586 -0.055758
v 0.285001 0.080714 0.019676
v 0.271537 0.086488 -0.018162
v 0.316442 0.107416 0.011581
v 0.374268 0.148910 -0.054407
v 0.346734 0.121711 -0.017430
v 0.356416 0.128960 -0.089139
v 0.419582 0.165067 -0.086804
v 0.379725 0.150229 -0.017376
v 0.377445 0.151586 -0.110551
v 0.433059 0.162833 -0.019048
v 0.463888 0.170308 -0.010697
v 0.358282 0.141080 0.022897
v 0.306128 0.116261 -0.084630
v 0.420036 0.164224 0.014871
v 0.330199 0.122383 -0.049220
v 0.296435 0.105537 -0.026333
v 0.237997 0.077462 -0.016674
v 0.172130 0.058490 -0.059038
v 0.233762 0.083355 -0.052219
v 0.144830 0.041093 -0.064657
v 0.186937 0.046930 0.017855
v 0.212523 0.058115 -0.023893
v 0.479847 0.176185 -0.222653
v 0.476550 0.173776 -0.148798
v 0.381701 0.154074 -0.206885
v 0.448402 0.167833 -0.177331
v 0.336632 0.153880 -0.177955
v 0.412390 0.157347 -0.183920
v 0.388348 0.156787 -0.161523
v 0.496219 0.184721 -0.130975
v 0.336728 0.151221 -0.139830
v 0.434745 0.165809 -0.130348
v 0.104508 0.150581 -0.300737
v 0.119099 0.134676 -0.287695
v 0.119099 0.134676 -0.287695
v 0.239854 0.227152 -0.348656
v 0.238785 0.169433 -0.295840
v 0.133506 0.132782 -0.292168
v 0.133506 0.132782 -0.292168
v 0.259895 0.182450 -0.327071
v 0.259895 0.182450 -0.327071
v 0.238816 0.167809 -0.301444
v 0.238816 0.167809 -0.301444
v 0.257165 0.176753 -0.321918
v 0.257165 0.176753 -0.321918
v 0.128912 0.147538 -0.304573
v 0.138789 0.131472 -0.293416
v 0.138789 0.131472 -0.293416
v 0.161459 0.135157 -0.285740
v 0.161459 0.135157 -0.285740
v 0.172560 0.133934 -0.280560
v 0.172560 0.133934 -0.280560
v 0.150926 0.132328 -0.288615
v 0.150926 0.132328 -0.288615
v 0.260377 0.191529 -0.318996
v 0.268873 0.177613 -0.321966
v 0.268873 0.177613 -0.321966
v 0.250904 0.171594 -0.316955
v 0.250904 0.171594 -0.316955
v 0.244183 0.171670 -0.310530
v 0.244183 0.171670 -0.310530
v 0.263197 0.174508 -0.315182
v 0.238140 0.187198 -0.323970
v 0.185919 0.175589 -0.331080
v 0.162771 0.189074 -0.345109
v 0.154519 0.157533 -0.320326
v 0.221872 0.154895 -0.277056
v 0.231070 0.160809 -0.299968
v 0.231070 0.160809 -0.299968
v 0.214393 0.166398 -0.318046
v 0.216412 0.153543 -0.296979
v 0.216412 0.153543 -0.296979
v 0.221560 0.155726 -0.298034
v 0.221560 0.155726 -0.298034
v 0.176389 0.141210 -0.303209
v 0.195082 0.145157 -0.289075
v 0.195082 0.145157 -0.289075
v 0.177356 0.135793 -0.285691
v 0.177356 0.135793 -0.285691
v 0.209732 0.152824 -0.294625
v 0.209732 0.152824 -0.294625
v 0.189341 0.140968 -0.292038
v 0.189341 0.140968 -0.292038
v 0.186072 0.137294 -0.290032
v 0.186072 0.137294 -0.290032
v 0.200964 0.149858 -0.295156
v 0.200964 0.149858 -0.295156
v 0.193746 0.142604 -0.282038
v 0.257137 0.163143 -0.275759
v 0.188631 0.136548 -0.264289
v 0.260112 0.137741 -0.229113
v 0.222778 0.141616 -0.241105
v 0.230859 0.307304 -0.345678
v 0.230859 0.307304 -0.345678
v 0.225525 0.304281 -0.348218
v 0.225525 0.304281 -0.348218
v 0.221067 0.317096 -0.337860
v 0.105432 0.251298 -0.390730
v 0.179448 0.212294 -0.367851
v 0.207807 0.305828 -0.353241
v 0.207807 0.305828 -0.353241
v 0.134701 0.354517 -0.337491
v 0.107723 0.328948 -0.367554
v 0.167409 0.315434 -0.369995
v 0.167409 0.315434 -0.369995
v 0.175469 0.316196 -0.364426
v 0.175469 0.316196 -0.364426
v 0.143265 0.239844 -0.387114
v 0.151963 0.318671 -0.373309
v 0.151963 0.318671 -0.373309
v 0.141714 0.320872 -0.372455
v 0.141714 0.320872 -0.372455
v 0.159997 0.318352 -0.371852
v 0.159997 0.318352 -0.371852
v 0.173426 0.322322 -0.358728
v 0.187546 0.310591 -0.356988
v 0.187546 0.310591 -0.356988
v 0.192381 0.343874 -0.317503
v 0.152314 0.336424 -0.348146
v 0.181329 0.314225 -0.361326
v 0.181329 0.314225 -0.361326
v 0.111250 0.320222 -0.372187
v 0.111250 0.320222 -0.372187
v 0.184698 0.286476 -0.384188
v 0.196717 0.306684 -0.360018
v 0.196717 0.306684 -0.360018
v 0.130310 0.323676 -0.370173
v 0.130310 0.323676 -0.370173
v 0.123571 0.319375 -0.374159
v 0.123571 0.319375 -0.374159
v 0.106459 0.319749 -0.377580
v 0.106459 0.319749 -0.377580
v 0.245831 0.294551 -0.337701
v 0.078957 0.184641 -0.345370
v 0.218474 0.292514 -0.367606
v 0.243407 0.292103 -0.360295
v 0.236224 0.300736 -0.339400
v 0.236224 0.300736 -0.339400
v 0.108130 0.304683 -0.383960
v 0.303407 0.261294 -0.333383
v -0.104832 0.025849 0.119945
v -0.104832 0.025849 0.119945
v -0.103982 0.029113 0.146203
v -0.097369 0.024146 0.115408
v -0.097369 0.024146 0.115408
v 0.212530 0.268932 -0.383643
v -0.112084 0.033299 0.104379
v 0.253368 0.272982 -0.368339
v 0.089697 0.274469 -0.390529
v 0.146259 0.304988 -0.388386
v 0.144583 0.272723 -0.392927
v 0.257295 0.245386 -0.352398
v 0.197581 0.235668 -0.384197
v 0.134941 0.209348 -0.378604
v 0.221193 0.206952 -0.346761
v 0.122127 0.179885 -0.341842
v 0.103647 0.195831 -0.363545
v 0.103336 0.216375 -0.386525
v 0.218267 0.328263 -0.308346
v 0.276924 0.289983 -0.314236
v 0.276924 0.289983 -0.314236
v 0.281629 0.286367 -0.311034
v 0.281629 0.286367 -0.311034
v 0.243311 0.297874 -0.334796
v 0.243311 0.297874 -0.334796
v 0.274805 0.282038 -0.331094
v 0.243305 0.303895 -0.323019
v 0.247962 0.295844 -0.333354
v 0.247962 0.295844 -0.333354
v 0.258857 0.292583 -0.330879
v 0.258857 0.292583 -0.330879
v 0.262630 0.295084 -0.326126
v 0.262630 0.295084 -0.326126
v 0.268883 0.297027 -0.317019
v 0.268883 0.297027 -0.317019
v 0.273928 0.296533 -0.312814
v 0.273928 0.296533 -0.312814
v 0.274516 0.310943 -0.304940
v 0.279841 0.295608 -0.288988
v 0.069965 0.038275 0.207629
v 0.253721 0.317308 -0.277865
v 0.222609 0.324980 -0.264273
v 0.263747 0.326047 -0.269432
v 0.263747 0.326047 -0.269432
v 0.258267 0.329097 -0.268192
v 0.258267 0.329097 -0.268192
v 0.279450 0.317877 -0.270035
v 0.279450 0.317877 -0.270035
v 0.272531 0.322116 -0.267592
v 0.272531 0.322116 -0.267592
v 0.204773 0.341960 -0.267477
v 0.204773 0.341960 -0.267477
v 0.212353 0.344105 -0.265454
v 0.212353 0.344105 -0.265454
v 0.234444 0.340169 -0.259717
v 0.234444 0.340169 -0.259717
v 0.243603 0.338359 -0.261395
v 0.243603 0.338359 -0.261395
v 0.253598 0.331534 -0.265827
v 0.253598 0.331534 -0.265827
v 0.251046 0.336239 -0.261978
v 0.251046 0.336239 -0.261978
v 0.209633 0.330440 -0.278449
v 0.179555 0.346934 -0.274255
v 0.423899 0.278811 -0.280507
v 0.425953 0.302802 -0.274329
v 0.425953 0.302802 -0.274329
v 0.416235 0.302248 -0.272896
v 0.416235 0.302248 -0.272896
v 0.398236 0.297878 -0.274846
v 0.398236 0.297878 -0.274846
v 0.386107 0.297906 -0.275988
v 0.386107 0.297906 -0.275988
v 0.442969 0.283351 -0.269037
v 0.443224 0.306131 -0.271302
v 0.443224 0.306131 -0.271302
v 0.435319 0.304984 -0.271386
v 0.435319 0.304984 -0.271386
v 0.396164 0.288046 -0.281208
v 0.380640 0.300172 -0.273903
v 0.380640 0.300172 -0.273903
v 0.389167 0.311789 -0.259163
v 0.404870 0.297045 -0.272780
v 0.404870 0.297045 -0.272780
v 0.472194 0.199244 -0.267946
v 0.472194 0.199244 -0.267946
v 0.481430 0.201544 -0.264130
v 0.481430 0.201544 -0.264130
v 0.490373 0.200187 -0.262451
v 0.490373 0.200187 -0.262451
v 0.460188 0.244315 -0.243396
v 0.486914 0.259296 -0.230440
v 0.447722 0.213513 -0.263172
v 0.483887 0.219997 -0.254889
v 0.492537 0.302680 -0.253859
v 0.492537 0.302680 -0.253859
v 0.487316 0.297951 -0.255951
v 0.487316 0.297951 -0.255951
v 0.482293 0.285687 -0.253311
v 0.480587 0.293949 -0.258671
v 0.480587 0.293949 -0.258671
v 0.461741 0.269720 -0.243817
v 0.465147 0.288242 -0.265356
v 0.465147 0.288242 -0.265356
v 0.456243 0.293936 -0.272399
v 0.456243 0.293936 -0.272399
v 0.470199 0.288126 -0.264374
v 0.470199 0.288126 -0.264374
v 0.478222 0.287579 -0.261949
v 0.478222 0.287579 -0.261949
v 0.452112 0.300583 -0.269950
v 0.452112 0.300583 -0.269950
v 0.478800 0.298491 -0.267518
v 0.438642 0.309041 -0.269227
v 0.452606 0.319768 -0.249304
v 0.357950 0.228342 -0.279727
v 0.409656 0.248515 -0.260384
v 0.418982 0.170615 -0.275441
v 0.418982 0.170615 -0.275441
v 0.398598 0.170775 -0.280991
v 0.395731 0.182918 -0.277294
v 0.395731 0.182918 -0.277294
v 0.376477 0.189902 -0.275681
v 0.376477 0.189902 -0.275681
v 0.402242 0.180740 -0.277944
v 0.402242 0.180740 -0.277944
v 0.389736 0.186516 -0.276043
v 0.389736 0.186516 -0.276043
v 0.380373 0.200813 -0.270037
v 0.400134 0.205294 -0.266704
v 0.337559 0.154041 -0.212487
v 0.367195 0.188252 -0.278079
v 0.367195 0.188252 -0.278079
v 0.433103 0.174934 -0.273479
v 0.433103 0.174934 -0.273479
v 0.411726 0.173852 -0.275112
v 0.411726 0.173852 -0.275112
v 0.411890 0.158712 -0.235095
v 0.375783 0.152822 -0.256209
v 0.420594 0.162958 -0.265955
v 0.427165 0.187337 -0.270917
v 0.466379 0.193466 -0.268412
v 0.466379 0.193466 -0.268412
v 0.456636 0.191203 -0.270634
v 0.456636 0.191203 -0.270634
v 0.489295 0.193015 -0.264241
v 0.447078 0.186640 -0.271776
v 0.447078 0.186640 -0.271776
v 0.454924 0.171932 -0.268289
v 0.443024 0.180617 -0.274522
v 0.443024 0.180617 -0.274522
v 0.183901 0.118578 -0.248262
v 0.152343 0.123497 -0.256685
v 0.142567 0.078380 -0.236074
v 0.163504 0.081373 -0.224199
v 0.118647 0.089260 -0.247761
v 0.163154 0.097783 -0.248488
v 0.190867 0.094172 -0.221185
v 0.225506 0.112300 -0.229239
v 0.082911 0.132856 -0.276561
v 0.082911 0.132856 -0.276561
v 0.090774 0.106085 -0.269513
v 0.096030 0.077508 -0.249506
v 0.096482 0.055172 -0.241795
v 0.104443 0.122439 -0.285118
v 0.126976 0.134601 -0.286936
v 0.126976 0.134601 -0.286936
v 0.146973 0.128885 -0.282951
v 0.124849 0.119877 -0.272830
v 0.110170 0.136169 -0.284726
v 0.110170 0.136169 -0.284726
v 0.089460 0.130834 -0.278468
v 0.089460 0.130834 -0.278468
v 0.097727 0.131911 -0.282641
v 0.097727 0.131911 -0.282641
v 0.370845 0.298810 -0.277826
v 0.370845 0.298810 -0.277826
v 0.362136 0.288704 -0.287577
v 0.361498 0.296316 -0.283075
v 0.361498 0.296316 -0.283075
v 0.346785 0.294649 -0.282207
v 0.346785 0.294649 -0.282207
v 0.346785 0.294649 -0.282207
v 0.333455 0.305552 -0.277927
v 0.333455 0.305552 -0.277927
v 0.356356 0.295770 -0.284496
v 0.356356 0.295770 -0.284496
v 0.342238 0.300103 -0.279201
v 0.342238 0.300103 -0.279201
v 0.336608 0.285949 -0.291715
v 0.336608 0.285949 -0.291715
v 0.333596 0.295635 -0.279732
v 0.341467 0.290389 -0.285914
v 0.341467 0.290389 -0.285914
v 0.351631 0.310330 -0.272170
v 0.275606 0.178106 -0.317415
v 0.275606 0.178106 -0.317415
v 0.288444 0.182442 -0.312842
v 0.288444 0.182442 -0.312842
v 0.277214 0.181201 -0.313189
v 0.277214 0.181201 -0.313189
v 0.348557 0.203193 -0.278009
v 0.284200 0.201968 -0.307742
v 0.324792 0.223356 -0.291949
v 0.346166 0.194968 -0.280735
v 0.346166 0.194968 -0.280735
v 0.352867 0.192141 -0.280615
v 0.352867 0.192141 -0.280615
v 0.319718 0.156641 -0.260681
v -0.114075 0.032906 0.134690
v -0.114075 0.032906 0.134690
v 0.338052 0.194356 -0.282434
v 0.338052 0.194356 -0.282434
v 0.280369 0.158271 -0.249942
v 0.367922 0.177113 -0.278996
v 0.315700 0.201439 -0.290585
v 0.339690 0.173212 -0.280284
v 0.329953 0.189705 -0.292112
v 0.329953 0.189705 -0.292112
v 0.319194 0.191024 -0.295582
v 0.319194 0.191024 -0.295582
v 0.324791 0.188296 -0.296111
v 0.324791 0.188296 -0.296111
v 0.319944 0.172898 -0.293709
v 0.305689 0.189222 -0.300423
v 0.305689 0.189222 -0.300423
v 0.297652 0.184473 -0.308632
v 0.297652 0.184473 -0.308632
v 0.294482 0.172657 -0.301439
v 0.310063 0.312863 -0.277746
v 0.310063 0.312863 -0.277746
v 0.305768 0.316250 -0.271419
v 0.324986 0.307032 -0.277710
v 0.324986 0.307032 -0.277710
v 0.315002 0.310703 -0.278558
v 0.315002 0.310703 -0.278558
v 0.319061 0.307183 -0.279075
v 0.319061 0.307183 -0.279075
v 0.311262 0.277238 -0.295310
v 0.311262 0.277238 -0.295310
v 0.321880 0.278618 -0.293271
v 0.321880 0.278618 -0.293271
v 0.292948 0.331588 -0.260130
v 0.306307 0.294501 -0.284887
v 0.330453 0.281359 -0.292865
v 0.330453 0.281359 -0.292865
v 0.301773 0.314560 -0.273167
v 0.301773 0.314560 -0.273167
v 0.293744 0.314948 -0.271344
v 0.293744 0.314948 -0.271344
v -0.126046 0.039505 0.132374
v -0.117276 0.033983 0.141851
v -0.117276 0.033983 0.141851
v 0.303849 0.233317 -0.306714
v 0.281215 0.232615 -0.325972
v 0.319706 0.259711 -0.302506
v 0.306228 0.277310 -0.297201
v 0.306228 0.277310 -0.297201
v 0.296123 0.280637 -0.318260
v 0.378674 0.262433 -0.289368
v 0.289054 0.280003 -0.304231
v 0.289054 0.280003 -0.304231
v 0.284305 0.282330 -0.308349
v 0.284305 0.282330 -0.308349
v 0.349531 0.267473 -0.301974
v 0.297428 0.278602 -0.298997
v 0.297428 0.278602 -0.298997
v 0.596567 0.304829 0.152988
v 0.567212 0.174589 0.157433
v 0.573584 0.184683 0.166961
v 0.573584 0.184683 0.166961
v 0.576883 0.176079 0.120824
v 0.586380 0.187953 0.156835
v 0.586380 0.187953 0.156835
v 0.539824 0.172263 0.088047
v 0.597553 0.189813 0.154798
v 0.597553 0.189813 0.154798
v 0.603062 0.190604 0.151242
v 0.603062 0.190604 0.151242
v 0.614581 0.197124 0.145240
v 0.614581 0.197124 0.145240
v 0.608505 0.193627 0.148363
v 0.608505 0.193627 0.148363
v 0.611269 0.188403 0.076345
v 0.604639 0.192727 0.135487
v 0.617136 0.200303 0.139097
v 0.617136 0.200303 0.139097
v 0.587535 0.209657 0.160517
v 0.589343 0.269081 0.168795
v 0.576783 0.183876 0.071930
v 0.625852 0.280978 0.129909
v 0.607836 0.243826 0.150010
v 0.660779 0.262461 0.102194
v 0.643425 0.230363 0.125484
v 0.637927 0.212731 0.117711
v 0.637927 0.212731 0.117711
v 0.700861 0.208746 0.027998
v 0.693309 0.257319 0.059645
v 0.694045 0.225812 0.071762
v 0.685803 0.298561 0.049186
v 0.668372 0.195606 0.054725
v 0.668372 0.195606 0.054725
v 0.674880 0.195359 0.048814
v 0.674880 0.195359 0.048814
v 0.665291 0.196600 0.069099
v 0.665291 0.196600 0.069099
v 0.655003 0.188643 0.035983
v 0.686938 0.202511 0.073907
v 0.647902 0.198797 0.085385
v 0.647902 0.198797 0.085385
v 0.653523 0.199559 0.080742
v 0.653523 0.199559 0.080742
v 0.659331 0.195302 0.076154
v 0.659331 0.195302 0.076154
v 0.663321 0.213586 0.102330
v 0.644462 0.200769 0.091885
v 0.644462 0.200769 0.091885
v 0.641097 0.191460 0.069674
v 0.618344 0.204424 0.146057
v 0.632941 0.207764 0.129615
v 0.632941 0.207764 0.129615
v 0.624932 0.202817 0.132952
v 0.624932 0.202817 0.132952
v 0.679087 0.195150 0.043190
v 0.679087 0.195150 0.043190
v 0.636246 0.208495 0.123247
v 0.636246 0.208495 0.123247
v 0.644260 0.204810 0.100835
v 0.644260 0.204810 0.100835
v 0.644675 0.205914 0.108152
v 0.644675 0.205914 0.108152
v 0.632246 0.202308 0.112516
v 0.662241 0.281438 0.072820
v 0.243671 0.054739 0.111703
v 0.289619 0.063182 0.182897
v 0.278176 0.073400 0.205423
v 0.276346 0.102431 0.247314
v 0.276346 0.102431 0.247314
v 0.266115 0.087862 0.241042
v 0.276086 0.118011 0.259976
v 0.286362 0.105607 0.244899
v 0.286362 0.105607 0.244899
v 0.291193 0.109797 0.249226
v 0.291193 0.109797 0.249226
v 0.291682 0.114417 0.252612
v 0.291682 0.114417 0.252612
v 0.297916 0.110117 0.246178
v 0.297916 0.110117 0.246178
v 0.284044 0.088668 0.240927
v 0.269011 0.098638 0.244236
v 0.269011 0.098638 0.244236
v 0.264630 0.098185 0.246751
v 0.264630 0.098185 0.246751
v 0.257607 0.097951 0.247505
v 0.257607 0.097951 0.247505
v 0.248888 0.055099 0.072333
v 0.236735 0.151282 0.281364
v 0.155638 0.161927 0.263904
v 0.121461 0.133730 0.246941
v 0.251918 0.110554 0.257955
v 0.229172 0.085852 0.238042
v 0.222643 0.107147 0.244085
v 0.249924 0.095250 0.245887
v 0.249924 0.095250 0.245887
v 0.222853 0.096460 0.240066
v 0.222853 0.096460 0.240066
v 0.215937 0.092569 0.238732
v 0.215937 0.092569 0.238732
v 0.204254 0.090239 0.237115
v 0.204254 0.090239 0.237115
v 0.189126 0.104847 0.243726
v 0.238790 0.094763 0.243656
v 0.238790 0.094763 0.243656
v 0.232455 0.095915 0.242426
v 0.232455 0.095915 0.242426
v 0.072620 0.049492 0.238103
v 0.081177 0.098876 0.251128
v 0.081177 0.098876 0.251128
v 0.092910 0.098519 0.249209
v 0.092910 0.098519 0.249209
v 0.099773 0.098254 0.248444
v 0.099773 0.098254 0.248444
v 0.108028 0.096893 0.246429
v 0.108028 0.096893 0.246429
v 0.104274 0.080844 0.237969
v 0.119524 0.091143 0.246964
v 0.119524 0.091143 0.246964
v 0.148806 0.088766 0.249439
v 0.148806 0.088766 0.249439
v 0.140867 0.085375 0.245588
v 0.140867 0.085375 0.245588
v 0.110199 0.102776 0.248786
v 0.132709 0.086516 0.247526
v 0.132709 0.086516 0.247526
v 0.154941 0.077831 0.235199
v 0.157295 0.090097 0.248987
v 0.157295 0.090097 0.248987
v 0.150490 0.104188 0.247664
v 0.163593 0.086719 0.241621
v 0.163593 0.086719 0.241621
v 0.132216 0.055529 0.221906
v 0.168352 0.085306 0.239926
v 0.168352 0.085306 0.239926
v 0.188713 0.083702 0.240989
v 0.188713 0.083702 0.240989
v 0.183527 0.081039 0.239311
v 0.183527 0.081039 0.239311
v 0.175913 0.081721 0.240789
v 0.175913 0.081721 0.240789
v 0.178029 0.085297 0.243466
v 0.191359 0.079897 0.230131
v 0.196901 0.086422 0.245026
v 0.196901 0.086422 0.245026
v 0.174008 0.054012 0.162592
v 0.177169 0.060253 0.212789
v 0.180624 0.048877 0.109838
v 0.264814 0.059026 0.146469
v 0.225247 0.070157 0.196642
v 0.161571 0.135273 0.255315
v 0.079678 0.112686 0.250587
v 0.218187 0.052449 0.039001
v 0.254304 0.060279 0.014425
v 0.138885 0.327463 0.268092
v 0.202193 0.361704 0.260729
v 0.111940 0.353606 0.269518
v 0.176526 0.340504 0.258900
v 0.181092 0.301068 0.257582
v 0.134250 0.287546 0.258063
v 0.311345 0.269574 0.281858
v 0.295624 0.311937 0.268673
v 0.263739 0.240513 0.280482
v 0.239502 0.309261 0.267824
v 0.267841 0.332199 0.264444
v 0.278865 0.290225 0.275559
v 0.209055 0.325868 0.262034
v 0.247157 0.270609 0.275896
v 0.188877 0.270217 0.267188
v 0.206730 0.248524 0.278868
v 0.112337 0.217781 0.283829
v 0.125659 0.250561 0.264203
v 0.173458 0.227298 0.275688
v 0.176452 0.185247 0.279794
v 0.139929 0.197449 0.275172
v 0.312649 0.194707 0.263821
v 0.235238 0.197789 0.281087
v 0.210145 0.141621 0.267431
v 0.208392 0.196538 0.280219
v 0.267858 0.169879 0.268668
v 0.402415 0.135612 0.229816
v 0.410270 0.141820 0.237175
v 0.410270 0.141820 0.237175
v 0.402902 0.141328 0.239296
v 0.402902 0.141328 0.239296
v 0.381175 0.134874 0.243531
v 0.381175 0.134874 0.243531
v 0.376767 0.160060 0.245536
v 0.390285 0.137981 0.240147
v 0.390285 0.137981 0.240147
v 0.380156 0.129113 0.234481
v 0.360862 0.129291 0.235659
v 0.360862 0.129291 0.235659
v 0.371723 0.128698 0.241770
v 0.371723 0.128698 0.241770
v 0.338721 0.119745 0.236259
v 0.338721 0.119745 0.236259
v 0.416248 0.142033 0.236596
v 0.416248 0.142033 0.236596
v 0.356298 0.133174 0.251003
v 0.355375 0.123856 0.238323
v 0.355375 0.123856 0.238323
v 0.347448 0.120491 0.236515
v 0.347448 0.120491 0.236515
v 0.350963 0.117752 0.224735
v 0.314392 0.082705 0.200623
v 0.312996 0.109147 0.237609
v 0.312996 0.109147 0.237609
v 0.303724 0.110032 0.242438
v 0.303724 0.110032 0.242438
v 0.314572 0.123177 0.258447
v 0.398488 0.121145 0.184417
v 0.339335 0.107362 0.190109
v 0.323999 0.114854 0.237678
v 0.323999 0.114854 0.237678
v 0.310450 0.105260 0.230579
v 0.336306 0.090061 0.159505
v 0.314809 0.065758 0.157323
v 0.323014 0.080725 0.094366
v 0.288467 0.065633 0.051883
v 0.372117 0.111196 0.171737
v 0.284262 0.055896 0.107278
v 0.324316 0.075726 0.130271
v 0.367797 0.113953 0.115002
v 0.313662 0.090775 0.056561
v 0.350361 0.100605 0.137177
v 0.346139 0.111092 0.043087
v 0.347444 0.106955 0.078813
v 0.406292 0.124724 0.150143
v 0.418617 0.135783 0.115359
v 0.328324 0.161814 0.255949
v 0.409694 0.149957 0.238559
v 0.371255 0.241005 0.256311
v 0.315760 0.235892 0.267358
v 0.371155 0.199142 0.248891
v 0.352400 0.264083 0.269680
v 0.340225 0.305870 0.272210
v 0.385199 0.301109 0.265296
v 0.430638 0.281133 0.255184
v 0.419964 0.324514 0.254230
v 0.534681 0.242325 0.207907
v 0.515925 0.270265 0.222607
v 0.563588 0.261259 0.196681
v 0.556007 0.177227 0.182025
v 0.556489 0.186094 0.181372
v 0.556489 0.186094 0.181372
v 0.548640 0.188770 0.189300
v 0.548640 0.188770 0.189300
v 0.538719 0.185959 0.194051
v 0.538719 0.185959 0.194051
v 0.554574 0.188663 0.185475
v 0.554574 0.188663 0.185475
v 0.564290 0.186504 0.175050
v 0.564290 0.186504 0.175050
v 0.531097 0.186099 0.196631
v 0.531097 0.186099 0.196631
v 0.524466 0.182478 0.200600
v 0.524466 0.182478 0.200600
v 0.526917 0.195921 0.202335
v 0.569238 0.230613 0.186655
v 0.519115 0.181549 0.201807
v 0.519115 0.181549 0.201807
v 0.558478 0.202201 0.182476
v 0.523689 0.169965 0.164958
v 0.479043 0.156667 0.183277
v 0.448624 0.138590 0.160921
v 0.458786 0.157093 0.209017
v 0.488441 0.169111 0.208949
v 0.435273 0.150156 0.219776
v 0.438892 0.139855 0.190223
v 0.514102 0.181672 0.205953
v 0.514102 0.181672 0.205953
v 0.485449 0.174826 0.218674
v 0.485449 0.174826 0.218674
v 0.507864 0.181060 0.209550
v 0.507864 0.181060 0.209550
v 0.501994 0.179988 0.212229
v 0.501994 0.179988 0.212229
v 0.496650 0.202464 0.220807
v 0.506690 0.156810 0.163238
v 0.453906 0.157338 0.220740
v 0.453906 0.157338 0.220740
v 0.492613 0.177995 0.217074
v 0.492613 0.177995 0.217074
v 0.497587 0.179497 0.216125
v 0.497587 0.179497 0.216125
v 0.512905 0.176117 0.202899
v 0.447473 0.156088 0.223481
v 0.447473 0.156088 0.223481
v 0.459576 0.160657 0.224421
v 0.459576 0.160657 0.224421
v 0.490647 0.240076 0.225426
v 0.421194 0.237871 0.245694
v 0.470600 0.267974 0.238357
v 0.462551 0.207756 0.227962
v 0.424054 0.144821 0.235070
v 0.424054 0.144821 0.235070
v 0.432861 0.149546 0.233316
v 0.432861 0.149546 0.233316
v 0.439309 0.153768 0.232813
v 0.439309 0.153768 0.232813
v 0.443916 0.169910 0.233332
v 0.464087 0.164858 0.224799
v 0.464087 0.164858 0.224799
v 0.407296 0.193319 0.244456
v 0.527903 0.302576 0.212492
v 0.485342 0.293533 0.236706
v 0.474521 0.169089 0.223418
v 0.474521 0.169089 0.223418
v 0.371346 0.144623 0.062892
v 0.460805 0.161842 0.110357
v 0.509648 0.172727 0.051940
v 0.506516 0.168679 0.124245
v 0.480352 0.172029 0.083832
v 0.459039 0.148242 0.133186
v 0.401932 0.148608 0.086921
v 0.430667 0.164827 0.059778
v 0.443287 0.161348 -0.223321
v 0.066915 0.020692 -0.029689
v 0.112269 0.024619 -0.052442
v 0.180103 0.027986 0.051464
v 0.148332 0.032241 0.074329
v 0.156474 0.032635 0.019675
v 0.105727 0.022332 -0.024557
v 0.150613 0.038890 -0.019517
v 0.117736 0.022260 0.008722
v 0.073345 0.006714 0.065032
v 0.104538 0.017042 0.068462
v 0.072295 0.004239 0.022103
v 0.046050 0.011425 -0.072018
v 0.037960 0.016624 -0.023186
v 0.010288 0.007217 0.001977
v 0.014342 0.009371 -0.056448
v 0.037406 0.005985 0.080041
v -0.041214 -0.004156 -0.005808
v -0.024373 0.002013 0.036289
v 0.011321 0.005306 0.042728
v -0.015940 0.010716 0.064366
v -0.057218 -0.000746 0.030190
v -0.068479 0.005668 0.071535
v -0.069759 0.013964 0.094107
v -0.008008 0.010942 0.107576
v 0.116554 0.030469 0.139256
v 0.215104 0.062786 0.147044
v 0.222270 0.046664 0.072050
v -0.040548 0.009091 0.094940
v 0.091569 0.027090 0.166061
v 0.121617 0.048477 0.183444
v 0.050669 0.025521 0.183623
v 0.068104 0.004144 0.119022
v 0.010222 0.013822 0.205924
v 0.019578 0.007014 0.151224
v -0.079794 0.022297 0.215841
v -0.040725 0.017128 0.186380
v -0.031380 0.016244 0.222877
v -0.062824 0.025984 0.153341
v -0.327807 0.018667 0.015132
v -0.327807 0.018667 0.015132
v -0.327807 0.018667 0.015132
v -0.416383 0.000421 0.112288
v -0.347208 0.011436 0.019522
v -0.347208 0.011436 0.019522
v -0.364423 0.008024 0.013305
v -0.364423 0.008024 0.013305
v -0.381467 0.001407 0.051556
v -0.338800 0.016437 0.014517
v -0.338800 0.016437 0.014517
v -0.333394 0.016846 0.012688
v -0.333394 0.016846 0.012688
v -0.378641 0.006458 0.003455
v -0.378641 0.006458 0.003455
v -0.312996 0.021293 0.052949
v -0.312996 0.021293 0.052949
v -0.267790 0.026718 0.019217
v -0.251894 0.031127 0.065270
v -0.304924 0.030920 0.126657
v -0.304924 0.030920 0.126657
v -0.309089 0.025161 0.082008
v -0.309089 0.025161 0.082008
v -0.321519 0.019102 0.098174
v -0.270257 0.031838 0.103958
v -0.336461 0.029694 0.141847
v -0.302014 0.027817 0.118212
v -0.302014 0.027817 0.118212
v -0.310131 0.033333 0.135258
v -0.310131 0.033333 0.135258
v -0.230316 0.050412 0.146328
v -0.200226 0.038506 0.065877
v -0.220161 0.028149 0.033755
v -0.165409 0.032383 0.016981
v -0.091935 0.021475 0.032721
v -0.091935 0.021475 0.032721
v -0.085652 0.028261 -0.035329
v -0.085652 0.028261 -0.035329
v -0.103418 0.027979 -0.020717
v -0.093613 0.020627 0.089810
v -0.093613 0.020627 0.089810
v 0.029050 0.029102 -0.173247
vt 0.749864 0.971586
vt 0.757442 0.977533
vt -0.003947 0.404185
vt 0.762606 0.961607
vt 0.004220 0.418560
vt 0.740684 0.976457
vt 0.002453 0.414504
vt 0.744898 0.976348
vt 0.002211 0.411052
vt 0.747802 0.978077
vt 0.000098 0.409695
vt 0.750166 0.977220
vt 0.752909 0.977237
vt -0.001605 0.407737
vt 0.012522 0.410091
vt 0.001427 0.400169
vt 0.759926 0.980987
vt -0.002318 0.400902
vt 0.766035 0.977086
vt 0.769679 0.986118
vt -0.001546 0.391128
vt 0.766692 0.986460
vt -0.000602 0.393580
vt 0.000669 0.384656
vt 0.777171 0.988716
vt 0.773912 0.987722
vt -0.000354 0.387525
vt 0.764419 0.984271
vt -0.001810 0.395993
vt 0.007638 0.320053
vt 0.838243 0.987699
vt 0.007830 0.317083
vt 0.841102 0.987118
vt 0.007661 0.322437
vt 0.835822 0.987582
vt 0.015636 0.321143
vt 0.009396 0.323865
vt 0.833979 0.988920
vt 0.030699 0.339285
vt 0.011675 0.332550
vt 0.033647 0.323578
vt 0.846611 0.951185
vt 0.840474 0.970505
vt 0.856576 0.963746
vt 0.841760 0.983794
vt 0.511549 0.009259
vt 0.850181 0.995707
vt 0.852434 0.988163
vt 0.007021 0.314698
vt 0.843356 0.988173
vt 0.006743 0.312433
vt 0.844885 0.989661
vt 0.519561 0.027778
vt 0.864432 0.987077
vt 0.873605 0.967823
vt 0.525645 0.045602
vt 0.876395 0.977929
vt 0.517407 0.016204
vt 0.856270 0.992034
vt 0.522637 0.044095
vt 0.874506 0.979972
vt 0.867015 0.981429
vt 0.519604 0.035818
vt 0.870774 0.985216
vt 0.036263 0.295671
vt 0.487137 0.041985
vt 0.033400 0.297078
vt 0.488805 0.038526
vt 0.520661 0.030864
vt 0.866804 0.985969
vt 0.506725 0.031867
vt 0.521336 0.039840
vt 0.873418 0.983084
vt 0.030790 0.298440
vt 0.490574 0.035402
vt 0.027391 0.299708
vt 0.493272 0.030832
vt 0.518234 0.024030
vt 0.861975 0.988964
vt 0.518949 0.019740
vt 0.859437 0.991290
vt 0.023970 0.300167
vt 0.495579 0.027708
vt 0.493133 0.048223
vt 0.020854 0.300349
vt 0.498795 0.025730
vt 0.017066 0.301522
vt 0.501215 0.021726
vt 0.007211 0.309966
vt 0.846330 0.991484
vt 0.012916 0.302298
vt 0.504476 0.018074
vt 0.016373 0.309497
vt 0.009191 0.305675
vt 0.505079 0.011830
vt 0.007443 0.307041
vt 0.506931 0.009900
vt 0.846510 0.994405
vt 0.010261 0.302440
vt 0.506748 0.015675
vt 0.510470 0.017750
vt 0.513498 0.011991
vt 0.852812 0.994745
vt 0.003369 0.346293
vt 0.813117 0.980589
vt 0.815083 0.965322
vt 0.829676 0.979410
vt 0.002286 0.349207
vt 0.810353 0.979352
vt 0.008325 0.329498
vt 0.829029 0.986793
vt 0.006185 0.332613
vt 0.826158 0.985067
vt 0.006179 0.335432
vt 0.823677 0.984322
vt 0.011950 0.345873
vt 0.005284 0.340026
vt 0.819379 0.982999
vt 0.781491 0.986117
vt -0.000626 0.380402
vt 0.004649 0.337760
vt 0.821570 0.982838
vt 0.000713 0.351625
vt 0.807978 0.977803
vt 0.073185 0.285254
vt 0.467854 0.080860
vt 0.077375 0.284186
vt 0.466210 0.085527
vt 0.020010 0.358674
vt 0.040664 0.362341
vt 0.099404 0.309531
vt 0.073436 0.368002
vt 0.054527 0.378480
vt 0.056471 0.351042
vt 0.045009 0.341896
vt 0.034398 0.402724
vt 0.039545 0.389972
vt 0.021634 0.383259
vt 0.797632 0.973054
vt 0.794846 0.979135
vt -0.000455 0.366500
vt 0.800345 0.979715
vt -0.000239 0.360401
vt 0.788497 0.960594
vt 0.804048 0.946787
vt 0.784329 0.983448
vt -0.002109 0.377146
vt 0.007853 0.372344
vt 0.812286 0.976954
vt 0.779472 0.978665
vt 0.803312 0.977488
vt -0.000036 0.356390
vt 0.788582 0.982859
vt -0.000934 0.373247
vt 0.003142 0.386290
vt 0.005180 0.357018
vt 0.764057 0.932839
vt 0.784995 0.942901
vt 0.814930 0.921885
vt 0.799284 0.931978
vt 0.782445 0.923952
vt 0.762470 0.920109
vt 0.767140 0.948514
vt 0.818220 0.936509
vt 0.859001 0.939115
vt 0.827185 0.952747
vt 0.066816 0.291657
vt 0.465726 0.070410
vt 0.068071 0.289480
vt 0.467002 0.073116
vt 0.063492 0.293320
vt 0.466986 0.065790
vt 0.083279 0.281943
vt 0.465602 0.092962
vt 0.068162 0.294814
vt 0.088790 0.277226
vt 0.467431 0.100799
vt 0.079877 0.284470
vt 0.464985 0.087972
vt 0.087836 0.284851
vt 0.082464 0.293364
vt 0.064370 0.333062
vt 0.025625 0.206295
vt 0.405611 0.474548
vt 0.027761 0.204636
vt 0.407283 0.476821
vt 0.023421 0.212741
vt 0.473328 0.697019
vt 0.023605 0.217008
vt 0.407793 0.464333
vt 0.472173 0.700877
vt 0.030974 0.856118
vt 0.018646 0.834359
vt 0.101884 0.795747
vt 0.084390 0.275837
vt 0.470641 0.097281
vt 0.070139 0.286588
vt 0.467745 0.077146
vt 0.081029 0.329694
vt 0.073011 0.311514
vt 0.060892 0.293523
vt 0.468460 0.063067
vt 0.056969 0.295104
vt 0.470321 0.058864
vt 0.053539 0.294680
vt 0.473294 0.056351
vt 0.492923 0.065836
vt 0.047330 0.306698
vt 0.050518 0.295075
vt 0.475621 0.053693
vt 0.047842 0.295372
vt 0.477425 0.051222
vt 0.044505 0.295086
vt 0.480614 0.049038
vt 0.475737 0.062604
vt 0.031492 0.302843
vt 0.040161 0.294693
vt 0.484643 0.045915
vt 0.490231 0.080263
vt 0.507797 0.077439
vt 0.492252 0.099623
vt 0.103849 0.327921
vt 0.080291 0.351673
vt 0.112399 0.368191
vt 0.116737 0.348808
vt 0.098949 0.352203
vt 0.090547 0.379376
vt 0.515913 0.047573
vt 0.474172 0.085546
vt 0.711101 0.585445
vt 0.765387 0.916503
vt 0.708447 0.583691
vt 0.762336 0.916140
vt 0.705995 0.581693
vt 0.759547 0.917095
vt 0.712709 0.587644
vt 0.768283 0.917247
vt 0.091413 0.278673
vt 0.465017 0.102809
vt 0.095204 0.279284
vt 0.463052 0.106417
vt 0.469709 0.108011
vt 0.510422 0.106268
vt 0.129009 0.335208
vt 0.136120 0.366259
vt 0.527489 0.048203
vt 0.878881 0.977034
vt 0.527060 0.050933
vt 0.881189 0.976949
vt 0.748392 0.816238
vt 0.777700 0.857856
vt 0.761915 0.832879
vt 0.761997 0.809865
vt 0.120017 0.772086
vt 0.783920 0.864261
vt 0.117215 0.775407
vt 0.780853 0.865908
vt 0.115636 0.778313
vt 0.778960 0.867790
vt 0.047114 0.881862
vt 0.112595 0.781136
vt 0.775940 0.869329
vt 0.023502 0.208579
vt 0.405564 0.471258
vt 0.472173 0.692990
vt 0.064553 0.863405
vt 0.046908 0.859050
vt 0.008843 0.839916
vt 0.106359 0.782625
vt 0.771001 0.868718
vt 0.009077 0.842868
vt 0.769760 0.866123
vt 0.011859 0.839329
vt 0.103776 0.785294
vt 0.785254 0.818097
vt 0.782096 0.835445
vt 0.016173 0.838355
vt 0.101337 0.790057
vt 0.009554 0.847561
vt 0.766994 0.862650
vt 0.111647 0.801511
vt 0.028824 0.874625
vt 0.025691 0.881336
vt 0.742047 0.839592
vt 0.023925 0.877636
vt 0.744453 0.842452
vt 0.022464 0.875103
vt 0.746670 0.843988
vt 0.039077 0.893432
vt 0.020224 0.871156
vt 0.749859 0.846600
vt 0.019573 0.848249
vt 0.016902 0.865279
vt 0.754205 0.850880
vt 0.013902 0.856790
vt 0.759898 0.856691
vt 0.010843 0.853364
vt 0.763826 0.858369
vt 0.762864 0.853003
vt 0.014674 0.859903
vt 0.757997 0.854556
vt 0.026589 0.886838
vt 0.739176 0.835164
vt 0.028814 0.890913
vt 0.735307 0.832693
vt 0.748712 0.838352
vt 0.736041 0.826108
vt 0.030603 0.894965
vt 0.733899 0.828751
vt 0.032548 0.898505
vt 0.732136 0.825438
vt 0.046923 0.918243
vt 0.725526 0.804243
vt 0.043927 0.913910
vt 0.726066 0.809171
vt 0.048119 0.924144
vt 0.728369 0.799345
vt 0.738490 0.786961
vt 0.038424 0.903688
vt 0.726912 0.820338
vt 0.052502 0.927726
vt 0.729389 0.793647
vt 0.036051 0.900630
vt 0.728951 0.823312
vt 0.731076 0.808057
vt 0.077319 0.955488
vt 0.739877 0.757393
vt 0.054076 0.920052
vt 0.741690 0.767866
vt 0.047228 0.910643
vt 0.043366 0.910885
vt 0.725301 0.812094
vt 0.039483 0.908920
vt 0.727287 0.815547
vt 0.073879 0.954324
vt 0.740993 0.760848
vt 0.071272 0.946545
vt 0.734519 0.767166
vt 0.059235 0.935001
vt 0.729789 0.784027
vt 0.065986 0.937736
vt 0.729295 0.776523
vt 0.071744 0.952563
vt 0.739613 0.763314
vt 0.064485 0.904636
vt 0.056621 0.932276
vt 0.728090 0.787353
vt 0.066125 0.928116
vt 0.063316 0.936482
vt 0.729146 0.779613
vt 0.750295 0.787861
vt 0.069959 0.942544
vt 0.731589 0.770294
vt 0.073110 0.943542
vt 0.771852 0.799536
vt 0.123724 0.770160
vt 0.787087 0.863138
vt 0.880940 0.622834
vt 0.865873 0.625383
vt 0.788671 0.852903
vt 0.780733 0.782393
vt 0.082044 0.957907
vt 0.737619 0.752935
vt 0.747219 0.755822
vt 0.086271 0.953883
vt 0.074059 0.890036
vt 0.081750 0.927405
vt 0.595007 0.629568
vt 0.592555 0.601602
vt 0.607431 0.612534
vt 0.575961 0.610208
vt 0.167060 0.875188
vt 0.205832 0.872198
vt 0.808083 0.651370
vt 0.169381 0.865735
vt 0.198202 0.867432
vt 0.814980 0.644120
vt 0.200434 0.869531
vt 0.812131 0.645899
vt 0.219928 0.883076
vt 0.498402 0.736416
vt 0.211588 0.879505
vt 0.197813 0.906561
vt 0.219538 0.880247
vt 0.495336 0.737693
vt 0.197220 0.887329
vt 0.185164 0.874002
vt 0.186441 0.864666
vt 0.823453 0.635825
vt 0.179915 0.862021
vt 0.830903 0.631080
vt 0.182405 0.863132
vt 0.827970 0.632683
vt 0.192199 0.865918
vt 0.818690 0.639356
vt 0.828828 0.646021
vt 0.219033 0.890349
vt 0.506556 0.736907
vt 0.194944 0.871912
vt 0.176020 0.861076
vt 0.834892 0.628535
vt 0.849964 0.637861
vt 0.833636 0.632492
vt 0.168732 0.862939
vt 0.840782 0.621943
vt 0.162672 0.861995
vt 0.846791 0.617729
vt 0.165062 0.863029
vt 0.843590 0.618116
vt 0.173198 0.862009
vt 0.837309 0.626300
vt 0.101383 0.844281
vt 0.090760 0.852532
vt 0.118576 0.850122
vt 0.078661 0.845301
vt 0.940075 0.592109
vt 0.083210 0.843722
vt 0.935286 0.594078
vt 0.092683 0.842754
vt 0.926117 0.599375
vt 0.088681 0.841491
vt 0.930727 0.598519
vt 0.095722 0.841665
vt 0.923324 0.602108
vt 0.923645 0.613452
vt 0.099971 0.841529
vt 0.918362 0.603618
vt 0.124977 0.903523
vt 0.141299 0.880865
vt 0.147945 0.903339
vt 0.111462 0.868878
vt 0.124295 0.886576
vt 0.119344 0.921624
vt 0.151535 0.860949
vt 0.858554 0.611346
vt 0.147370 0.858717
vt 0.863202 0.610755
vt 0.152751 0.867286
vt 0.128961 0.846306
vt 0.886911 0.612501
vt 0.089166 0.905407
vt 0.134683 0.862865
vt 0.118094 0.843590
vt 0.897635 0.607419
vt 0.108347 0.890022
vt 0.137248 0.852271
vt 0.875956 0.610642
vt 0.132876 0.850147
vt 0.881326 0.610293
vt 0.159720 0.863226
vt 0.849072 0.614294
vt 0.142746 0.855497
vt 0.869188 0.611232
vt 0.850066 0.624871
vt 0.155822 0.861730
vt 0.853743 0.613321
vt 0.085286 0.873404
vt 0.153590 0.965164
vt 0.172550 0.901465
vt 0.160038 0.946313
vt 0.182643 0.914403
vt 0.147757 0.932443
vt 0.091252 0.963477
vt 0.735517 0.743391
vt 0.103536 0.959352
vt 0.095692 0.964338
vt 0.733698 0.739556
vt 0.087009 0.961076
vt 0.737671 0.747463
vt 0.164303 0.921113
vt 0.741938 0.738244
vt 0.100350 0.968823
vt 0.732297 0.732823
vt 0.136520 0.985733
vt 0.727430 0.696151
vt 0.114193 0.978743
vt 0.730713 0.717810
vt 0.121891 0.981088
vt 0.732199 0.709826
vt 0.110235 0.973193
vt 0.729296 0.723959
vt 0.107041 0.971533
vt 0.729746 0.727111
vt 0.120658 0.970873
vt 0.103658 0.968881
vt 0.730203 0.730795
vt 0.097116 0.937801
vt 0.111827 0.976138
vt 0.728868 0.720638
vt 0.104641 0.907909
vt 0.134300 0.929046
vt 0.135906 0.958899
vt 0.120895 0.948834
vt 0.156211 0.888340
vt 0.140188 0.912772
vt 0.269470 0.322187
vt 0.802153 0.670956
vt 0.269227 0.325148
vt 0.801005 0.668179
vt 0.804840 0.664611
vt 0.218398 0.873886
vt 0.266794 0.329461
vt 0.489102 0.741076
vt 0.800495 0.663000
vt 0.801434 0.662441
vt 0.215493 0.872760
vt 0.804196 0.661222
vt 0.270429 0.328323
vt 0.488020 0.737059
vt 0.211426 0.873709
vt 0.804529 0.656368
vt 0.273434 0.324167
vt 0.483358 0.733891
vt 0.218049 0.876672
vt 0.492314 0.740616
vt 0.829673 0.671649
vt 0.811302 0.668925
vt 0.497373 0.726031
vt 0.270669 0.315743
vt 0.803437 0.677845
vt 0.814429 0.654801
vt 0.297849 0.300504
vt 0.460810 0.705207
vt 0.465831 0.693173
vt 0.294930 0.304362
vt 0.464815 0.709199
vt 0.300654 0.294935
vt 0.454696 0.700963
vt 0.829238 0.704181
vt 0.481883 0.721719
vt 0.265926 0.256201
vt 0.833228 0.733141
vt 0.263807 0.252665
vt 0.836638 0.735532
vt 0.268908 0.265540
vt 0.826551 0.725756
vt 0.269554 0.260417
vt 0.828173 0.730780
vt 0.822914 0.693289
vt 0.290632 0.307723
vt 0.468032 0.714675
vt 0.470886 0.710711
vt 0.269131 0.296438
vt 0.812808 0.695916
vt 0.276204 0.257616
vt 0.269425 0.272293
vt 0.823705 0.719502
vt 0.271096 0.301811
vt 0.808616 0.690377
vt 0.813681 0.683109
vt 0.273267 0.307765
vt 0.804186 0.685979
vt 0.279972 0.300326
vt 0.268043 0.276776
vt 0.823258 0.714767
vt 0.831440 0.722509
vt 0.268444 0.280847
vt 0.821161 0.711063
vt 0.267959 0.284573
vt 0.820054 0.707242
vt 0.267664 0.289497
vt 0.817697 0.702337
vt 0.267038 0.292959
vt 0.816090 0.698764
vt 0.279246 0.287429
vt 0.279837 0.312127
vt 0.273494 0.311463
vt 0.802341 0.682780
vt 0.277635 0.321322
vt 0.480471 0.729195
vt 0.282074 0.316466
vt 0.475714 0.724802
vt 0.280406 0.318914
vt 0.478060 0.726334
vt 0.284301 0.313719
vt 0.473651 0.721459
vt 0.287011 0.311186
vt 0.471318 0.718429
vt 0.844421 0.691545
vt 0.842763 0.674255
vt 0.844319 0.657964
vt 0.260820 0.250322
vt 0.840495 0.736296
vt 0.259109 0.245433
vt 0.844215 0.740427
vt 0.843453 0.735240
vt 0.245016 0.221768
vt 0.869545 0.756540
vt 0.258660 0.242246
vt 0.846318 0.743220
vt 0.256719 0.240137
vt 0.849137 0.744520
vt 0.265617 0.240051
vt 0.844155 0.713668
vt 0.865151 0.710261
vt 0.877374 0.698787
vt 0.891870 0.685590
vt 0.878590 0.681586
vt 0.249705 0.209816
vt 0.535955 0.661300
vt 0.565981 0.663338
vt 0.523552 0.654125
vt 0.533270 0.668118
vt 0.537786 0.664921
vt 0.567898 0.665996
vt 0.532680 0.656762
vt 0.562712 0.658933
vt 0.214590 0.920304
vt 0.539852 0.737914
vt 0.202811 0.923063
vt 0.211293 0.911968
vt 0.214062 0.925157
vt 0.544914 0.737119
vt 0.210855 0.894721
vt 0.497614 0.684188
vt 0.220757 0.900761
vt 0.518292 0.733910
vt 0.221273 0.895540
vt 0.512002 0.733893
vt 0.221989 0.898182
vt 0.515081 0.733587
vt 0.219377 0.908711
vt 0.526914 0.734559
vt 0.512243 0.726475
vt 0.217674 0.912063
vt 0.530649 0.736006
vt 0.508101 0.706169
vt 0.217195 0.916460
vt 0.535314 0.735762
vt 0.547946 0.725201
vt 0.532886 0.723759
vt 0.214930 0.929185
vt 0.548353 0.734261
vt 0.523692 0.683405
vt 0.213838 0.935309
vt 0.554877 0.732111
vt 0.211398 0.940043
vt 0.560849 0.731534
vt 0.207425 0.940553
vt 0.208020 0.941242
vt 0.564111 0.734073
vt 0.569357 0.715718
vt 0.540163 0.698343
vt 0.543783 0.685913
vt 0.575551 0.682990
vt 0.541477 0.680173
vt 0.575859 0.677069
vt 0.487402 0.701441
vt 0.546792 0.687308
vt 0.580961 0.683300
vt 0.540363 0.673961
vt 0.573358 0.672137
vt 0.552029 0.686223
vt 0.585106 0.682339
vt 0.537647 0.671091
vt 0.572339 0.668825
vt 0.586221 0.670175
vt 0.568170 0.690036
vt 0.597226 0.687459
vt 0.558158 0.686680
vt 0.590098 0.683313
vt 0.555794 0.693940
vt 0.562018 0.686131
vt 0.593120 0.683981
vt 0.570969 0.656937
vt 0.613447 0.653034
vt 0.571648 0.691247
vt 0.599750 0.687999
vt 0.587281 0.643646
vt 0.595672 0.678210
vt 0.576741 0.693564
vt 0.603211 0.689072
vt 0.603873 0.669365
vt 0.634986 0.703661
vt 0.629916 0.677176
vt 0.612285 0.723405
vt 0.636299 0.715215
vt 0.204316 0.947568
vt 0.572068 0.731408
vt 0.205775 0.944118
vt 0.568211 0.733622
vt 0.201077 0.949361
vt 0.576308 0.732412
vt 0.198308 0.950883
vt 0.580605 0.733517
vt 0.576289 0.727396
vt 0.192311 0.954747
vt 0.588699 0.733526
vt 0.195377 0.955184
vt 0.586559 0.730530
vt 0.593722 0.725982
vt 0.564573 0.703307
vt 0.605481 0.717745
vt 0.629471 0.709928
vt 0.602079 0.712366
vt 0.625867 0.705141
vt 0.607428 0.721033
vt 0.631206 0.713276
vt 0.581374 0.700444
vt 0.606966 0.694615
vt 0.584192 0.710449
vt 0.587372 0.705917
vt 0.611617 0.700468
vt 0.584550 0.704267
vt 0.609386 0.698396
vt 0.591649 0.707419
vt 0.615595 0.701797
vt 0.618580 0.690952
vt 0.595974 0.708780
vt 0.619665 0.703091
vt 0.606902 0.728844
vt 0.169686 0.984872
vt 0.629555 0.742705
vt 0.626260 0.735591
vt 0.158813 0.983462
vt 0.170869 0.980181
vt 0.623643 0.742324
vt 0.141007 0.979509
vt 0.632680 0.733154
vt 0.655459 0.723707
vt 0.634274 0.737751
vt 0.658593 0.726336
vt 0.195034 0.944321
vt 0.165966 0.988246
vt 0.634535 0.746088
vt 0.629818 0.730656
vt 0.653669 0.721028
vt 0.627053 0.728832
vt 0.651211 0.719453
vt 0.621260 0.725683
vt 0.645799 0.716687
vt 0.616440 0.724342
vt 0.640628 0.715835
vt 0.176843 0.975792
vt 0.617830 0.736039
vt 0.173755 0.977271
vt 0.619986 0.738700
vt 0.174445 0.972022
vt 0.179357 0.971775
vt 0.612956 0.734655
vt 0.179765 0.968817
vt 0.609740 0.735188
vt 0.178933 0.962563
vt 0.603509 0.738523
vt 0.174922 0.957541
vt 0.186634 0.958148
vt 0.594838 0.735551
vt 0.173078 0.934926
vt 0.188585 0.930316
vt 0.908052 0.687319
vt 0.350053 0.542733
vt 0.899861 0.651354
vt 0.882191 0.647429
vt 0.898343 0.632636
vt 0.909885 0.666258
vt 0.876164 0.670067
vt 0.866064 0.655561
vt 0.859313 0.675742
vt 0.122999 0.843976
vt 0.893255 0.610751
vt 0.113211 0.841197
vt 0.903206 0.610111
vt 0.901152 0.615939
vt 0.921667 0.640322
vt 0.106600 0.840977
vt 0.911111 0.607615
vt 0.109258 0.841742
vt 0.907601 0.608079
vt 0.942398 0.602145
vt 0.310277 0.172109
vt 0.294168 0.257947
vt 0.342367 0.203910
vt 0.359593 0.635283
vt 0.341719 0.208964
vt 0.365286 0.636274
vt 0.339402 0.212180
vt 0.368691 0.639081
vt 0.314623 0.190099
vt 0.250399 0.222672
vt 0.863847 0.758424
vt 0.419486 0.631019
vt 0.342069 0.221968
vt 0.380502 0.637614
vt 0.341294 0.224830
vt 0.383478 0.639068
vt 0.325194 0.241330
vt 0.401656 0.658188
vt 0.332360 0.217558
vt 0.392778 0.639870
vt 0.302428 0.270803
vt 0.281189 0.244631
vt 0.904049 0.703006
vt 0.279871 0.210919
vt 0.323658 0.245328
vt 0.405821 0.660838
vt 0.321071 0.250945
vt 0.411510 0.665268
vt 0.319130 0.253416
vt 0.413889 0.668007
vt 0.339378 0.226452
vt 0.385056 0.641480
vt 0.415415 0.659982
vt 0.337308 0.229383
vt 0.388273 0.644350
vt 0.332344 0.233524
vt 0.392925 0.650429
vt 0.329221 0.234776
vt 0.394549 0.653618
vt 0.322131 0.247626
vt 0.408069 0.663099
vt 0.277941 0.273740
vt 0.374257 0.629486
vt 0.332360 0.201521
vt 0.314718 0.246936
vt 0.341636 0.218917
vt 0.376996 0.637610
vt 0.342583 0.216161
vt 0.373878 0.636561
vt 0.303609 0.201255
vt 0.320241 0.229753
vt 0.301824 0.240101
vt 0.317223 0.257685
vt 0.418182 0.671210
vt 0.438711 0.629510
vt 0.440604 0.651083
vt 0.465775 0.627486
vt 0.448845 0.609639
vt 0.438181 0.582229
vt 0.475685 0.673897
vt 0.459110 0.671874
vt 0.489965 0.666520
vt 0.468146 0.649223
vt 0.305941 0.282131
vt 0.440838 0.692574
vt 0.298383 0.289493
vt 0.312073 0.269961
vt 0.428491 0.682967
vt 0.309470 0.273274
vt 0.432252 0.686654
vt 0.304635 0.277400
vt 0.435125 0.693637
vt 0.312618 0.265826
vt 0.424708 0.680024
vt 0.314172 0.263749
vt 0.423288 0.677401
vt 0.432610 0.671021
vt 0.308126 0.275778
vt 0.434224 0.689489
vt 0.442841 0.686367
vt 0.302017 0.290421
vt 0.449002 0.699521
vt 0.314306 0.260963
vt 0.420542 0.675704
vt 0.304124 0.285163
vt 0.444035 0.695294
vt 0.506145 0.517526
vt 0.540796 0.535941
vt 0.521461 0.554120
vt 0.466641 0.573907
vt 0.516638 0.568904
vt 0.470132 0.575000
vt 0.517534 0.571974
vt 0.532515 0.578449
vt 0.460501 0.565916
vt 0.513054 0.560801
vt 0.458330 0.562878
vt 0.511403 0.557862
vt 0.452725 0.555417
vt 0.507614 0.549298
vt 0.454301 0.559918
vt 0.509075 0.553890
vt 0.508779 0.535710
vt 0.446870 0.554556
vt 0.501725 0.547923
vt 0.443269 0.560373
vt 0.436591 0.552414
vt 0.493896 0.542804
vt 0.441979 0.552051
vt 0.498839 0.543518
vt 0.510736 0.473270
vt 0.491082 0.499023
vt 0.537761 0.483682
vt 0.473098 0.503731
vt 0.491909 0.465063
vt 0.513865 0.493573
vt 0.564427 0.545082
vt 0.547298 0.567088
vt 0.540278 0.520306
vt 0.536071 0.505210
vt 0.565231 0.520658
vt 0.557235 0.593987
vt 0.474251 0.579753
vt 0.521043 0.576369
vt 0.501660 0.608657
vt 0.538877 0.608301
vt 0.503826 0.611070
vt 0.540625 0.610949
vt 0.458934 0.577912
vt 0.498444 0.603189
vt 0.535997 0.603553
vt 0.543379 0.605165
vt 0.532402 0.591417
vt 0.494940 0.598774
vt 0.533044 0.598942
vt 0.485888 0.590544
vt 0.527618 0.588779
vt 0.479332 0.584812
vt 0.522823 0.582500
vt 0.474135 0.592875
vt 0.486539 0.604837
vt 0.492117 0.595500
vt 0.530615 0.595599
vt 0.574664 0.584614
vt 0.571609 0.563624
vt 0.507922 0.623721
vt 0.505100 0.615166
vt 0.541897 0.615106
vt 0.510371 0.617345
vt 0.546230 0.619030
vt 0.514627 0.619691
vt 0.549096 0.622979
vt 0.495212 0.624742
vt 0.555011 0.621077
vt 0.517328 0.626482
vt 0.547785 0.629648
vt 0.519852 0.628336
vt 0.550191 0.630988
vt 0.521288 0.631022
vt 0.551308 0.633763
vt 0.519396 0.640547
vt 0.555604 0.641613
vt 0.513242 0.636478
vt 0.528905 0.651287
vt 0.560780 0.653624
vt 0.563396 0.642025
vt 0.524026 0.647609
vt 0.557648 0.649128
vt 0.518679 0.637397
vt 0.552841 0.639480
vt 0.519761 0.647311
vt 0.554825 0.647532
vt 0.508323 0.654979
vt 0.569073 0.626441
vt 0.470356 0.489611
vt 0.480748 0.515378
vt 0.375390 0.504944
vt 0.456585 0.486883
vt 0.388698 0.511703
vt 0.463175 0.497176
vt 0.394415 0.517594
vt 0.465180 0.502957
vt 0.384693 0.543614
vt 0.364937 0.565911
vt 0.415080 0.534880
vt 0.476568 0.524033
vt 0.411613 0.533114
vt 0.474362 0.521428
vt 0.366137 0.538263
vt 0.403044 0.524019
vt 0.470426 0.510524
vt 0.398206 0.519171
vt 0.467745 0.505274
vt 0.384991 0.504761
vt 0.462380 0.491169
vt 0.379338 0.504451
vt 0.458977 0.488773
vt 0.409155 0.531345
vt 0.472999 0.519182
vt 0.396408 0.529903
vt 0.367352 0.511622
vt 0.380016 0.520967
vt 0.420650 0.605857
vt 0.417328 0.572194
vt 0.430011 0.549134
vt 0.488535 0.538577
vt 0.424709 0.546170
vt 0.483663 0.535345
vt 0.407437 0.539908
vt 0.418235 0.539366
vt 0.478958 0.528373
vt 0.489850 0.531231
vt 0.420688 0.543500
vt 0.480581 0.532452
vt 0.397436 0.552052
vt 0.421753 0.553035
vt 0.384827 0.613010
vt 0.385292 0.561837
vt 0.378546 0.598175
vt 0.374357 0.579929
vt 0.403506 0.586800
vt 0.388229 0.583879
vt 0.314457 0.635190
vt 0.341798 0.166465
vt 0.320924 0.634512
vt 0.342922 0.171761
vt 0.333920 0.635316
vt 0.341468 0.182105
vt 0.321858 0.625366
vt 0.357836 0.617707
vt 0.342268 0.194298
vt 0.348280 0.634668
vt 0.343645 0.199081
vt 0.354140 0.633203
vt 0.062837 0.850298
vt 0.118347 0.982635
vt 0.733617 0.713203
vt 0.739741 0.724770
vt 0.131645 0.986454
vt 0.730878 0.699453
vt 0.733577 0.698205
vt 0.138339 0.988114
vt 0.728611 0.693445
vt 0.125041 0.981977
vt 0.730386 0.707098
vt 0.243159 0.215290
vt 0.874847 0.761709
vt 0.617630 0.635114
vt 0.638571 0.659735
vt 0.656581 0.716681
vt 0.161976 0.992094
vt 0.639223 0.749867
vt 0.638717 0.742255
vt 0.663137 0.729174
vt 0.637605 0.743590
vt 0.142497 0.989445
vt 0.727799 0.689258
vt 0.145465 0.990907
vt 0.727914 0.686209
vt 0.149339 0.991778
vt 0.727156 0.682828
vt 0.542769 0.457096
vt 0.476160 0.474092
vt 0.554152 0.476896
vt 0.559086 0.496430
vt 0.598608 0.585005
vt 0.370852 0.502868
vt 0.453761 0.483879
vt 0.305577 0.637147
vt 0.340308 0.158760
vt 0.331634 0.153536
vt 0.301720 0.635804
vt 0.341528 0.155369
vt 0.150867 0.733111
vt 0.138154 0.725807
vt 0.387065 0.974681
vt 0.389711 0.103931
vt 0.159843 0.727383
vt 0.384750 0.112415
vt 0.164542 0.719882
vt 0.383269 0.104554
vt 0.161340 0.723972
vt 0.383313 0.109284
vt 0.217170 0.080811
vt 0.261336 0.053329
vt 0.397483 0.099082
vt 0.265485 0.055328
vt 0.396562 0.094018
vt 0.145100 0.736398
vt 0.374796 0.975282
vt 0.158078 0.732467
vt 0.387725 0.116083
vt 0.150150 0.744856
vt 0.364947 0.976525
vt 0.383090 0.123279
vt 0.212512 0.040256
vt 0.415928 0.151339
vt 0.153855 0.740960
vt 0.386715 0.120423
vt 0.360888 0.972130
vt 0.384816 0.128326
vt 0.155842 0.736642
vt 0.390480 0.119394
vt 0.234727 0.037190
vt 0.410178 0.129081
vt 0.413025 0.161467
vt 0.175107 0.046401
vt 0.416376 0.192464
vt 0.192502 0.045521
vt 0.220684 0.039003
vt 0.414104 0.142842
vt 0.403266 0.136324
vt 0.200564 0.036966
vt 0.416362 0.162769
vt 0.208298 0.039534
vt 0.416835 0.155546
vt 0.197680 0.038357
vt 0.418291 0.165916
vt 0.210815 0.046872
vt 0.394411 0.176440
vt 0.230891 0.036803
vt 0.413480 0.131912
vt 0.405202 0.194719
vt 0.180924 0.042548
vt 0.417742 0.184527
vt 0.415579 0.183956
vt 0.186835 0.040942
vt 0.419569 0.177208
vt 0.189542 0.039793
vt 0.417353 0.174709
vt 0.179687 0.044844
vt 0.419142 0.187471
vt 0.174768 0.051993
vt 0.194002 0.038414
vt 0.418591 0.169889
vt 0.172461 0.047179
vt 0.416702 0.195213
vt 0.169869 0.049728
vt 0.416491 0.198719
vt 0.166831 0.048305
vt 0.414823 0.201595
vt 0.250504 0.049315
vt 0.404138 0.108772
vt 0.253408 0.050203
vt 0.402779 0.106024
vt 0.177859 0.065730
vt 0.247754 0.047873
vt 0.405191 0.111792
vt 0.399717 0.119333
vt 0.238886 0.042495
vt 0.409450 0.122246
vt 0.218146 0.040090
vt 0.414619 0.145673
vt 0.237741 0.039085
vt 0.409001 0.125871
vt 0.223806 0.039737
vt 0.416781 0.140665
vt 0.228965 0.041792
vt 0.257014 0.050518
vt 0.399501 0.104281
vt 0.251228 0.058415
vt 0.244388 0.047633
vt 0.407628 0.114312
vt 0.240739 0.046546
vt 0.409570 0.117703
vt 0.233361 0.077123
vt 0.229257 0.054118
vt 0.203332 0.062397
vt 0.189055 0.083145
vt 0.370971 0.156225
vt 0.352931 0.971638
vt 0.376296 0.132205
vt 0.357765 0.972982
vt 0.381991 0.129687
vt 0.391662 0.146920
vt 0.163874 0.703757
vt 0.172164 0.701503
vt 0.381516 0.085511
vt 0.170650 0.704786
vt 0.382694 0.089253
vt 0.133351 0.709782
vt 0.404837 0.980820
vt 0.170048 0.708183
vt 0.382489 0.092589
vt 0.387408 0.088690
vt 0.169664 0.711933
vt 0.384455 0.095346
vt 0.144553 0.693168
vt 0.145311 0.714243
vt 0.118251 0.627838
vt 0.168765 0.716676
vt 0.385057 0.099972
vt 0.126245 0.638174
vt 0.136099 0.648415
vt 0.106643 0.656647
vt 0.112938 0.669610
vt 0.176428 0.665751
vt 0.273653 0.057655
vt 0.393411 0.083890
vt 0.269034 0.054658
vt 0.394143 0.090611
vt 0.155892 0.675744
vt 0.132830 0.672793
vt 0.151859 0.660154
vt 0.079937 0.631072
vt 0.077520 0.647931
vt 0.483610 0.985355
vt 0.076654 0.644488
vt 0.486594 0.987397
vt 0.096710 0.664961
vt 0.458548 0.990684
vt 0.067492 0.630257
vt 0.503932 0.984505
vt 0.464188 0.981045
vt 0.070159 0.636383
vt 0.497053 0.984388
vt 0.073183 0.638773
vt 0.493670 0.986393
vt 0.079296 0.651966
vt 0.479397 0.983966
vt 0.084461 0.649371
vt 0.473125 0.966444
vt 0.488622 0.978834
vt 0.080734 0.654680
vt 0.476317 0.984013
vt 0.083443 0.656504
vt 0.473528 0.985686
vt 0.092250 0.662342
vt 0.463168 0.987729
vt 0.451477 0.969394
vt 0.134891 0.716734
vt 0.398176 0.977455
vt 0.129865 0.707213
vt 0.409116 0.980193
vt 0.133381 0.713314
vt 0.402036 0.978552
vt 0.408083 0.971458
vt 0.086373 0.658805
vt 0.469852 0.986648
vt 0.124091 0.704499
vt 0.414877 0.977536
vt 0.405960 0.948792
vt 0.422522 0.964611
vt 0.089910 0.660756
vt 0.465875 0.987640
vt 0.099600 0.667875
vt 0.454489 0.990371
vt 0.100466 0.672067
vt 0.453015 0.986351
vt 0.127826 0.698196
vt 0.102465 0.676458
vt 0.449020 0.983731
vt 0.106649 0.681444
vt 0.442651 0.982418
vt 0.120127 0.701127
vt 0.419920 0.976626
vt 0.120199 0.685505
vt 0.119316 0.697144
vt 0.423532 0.978396
vt 0.116682 0.695132
vt 0.426797 0.977831
vt 0.113503 0.690981
vt 0.431985 0.978339
vt 0.110778 0.689204
vt 0.435150 0.977749
vt 0.108605 0.685812
vt 0.438925 0.979276
vt 0.426687 0.931725
vt 0.488656 0.942655
vt 0.433411 0.949694
vt 0.097007 0.634876
vt 0.494127 0.959763
vt 0.438745 0.967236
vt 0.365316 0.922809
vt 0.354678 0.950972
vt 0.371199 0.864840
vt 0.356743 0.878391
vt 0.325809 0.948445
vt 0.364442 0.170738
vt 0.330661 0.956294
vt 0.367866 0.163864
vt 0.329521 0.950051
vt 0.363274 0.167066
vt 0.311914 0.940551
vt 0.368068 0.183861
vt 0.334792 0.961993
vt 0.366583 0.157719
vt 0.339635 0.960632
vt 0.369762 0.154258
vt 0.320180 0.945330
vt 0.366115 0.176648
vt 0.371819 0.186923
vt 0.360294 0.900335
vt 0.377392 0.901010
vt 0.337508 0.942688
vt 0.346995 0.964334
vt 0.362752 0.143260
vt 0.335005 0.898667
vt 0.146222 0.741588
vt 0.369719 0.975244
vt 0.370809 0.964798
vt 0.139012 0.730998
vt 0.381999 0.973254
vt 0.380929 0.942248
vt 0.391701 0.965688
vt 0.339572 0.974655
vt 0.360197 0.126815
vt 0.384026 0.918293
vt 0.393062 0.934680
vt 0.135650 0.721512
vt 0.393306 0.974740
vt 0.352182 0.969912
vt 0.299060 0.926368
vt 0.366029 0.198607
vt 0.302354 0.928879
vt 0.367489 0.195254
vt 0.381770 0.207198
vt 0.315075 0.942813
vt 0.368719 0.180491
vt 0.304887 0.922765
vt 0.304728 0.931986
vt 0.368931 0.192088
vt 0.324284 0.927194
vt 0.350328 0.926990
vt 0.305256 0.938643
vt 0.364857 0.188292
vt 0.440558 0.896775
vt 0.446120 0.865455
vt 0.448279 0.883404
vt 0.424282 0.889521
vt 0.428853 0.912738
vt 0.439196 0.846110
vt 0.424006 0.874444
vt 0.416943 0.849436
vt 0.407339 0.862421
vt 0.404541 0.922780
vt 0.412819 0.906607
vt 0.377462 0.847664
vt 0.390385 0.870073
vt 0.392665 0.903666
vt 0.404868 0.882937
vt 0.519754 0.892614
vt 0.484909 0.869505
vt 0.465727 0.861233
vt 0.467169 0.878452
vt 0.488592 0.888747
vt 0.510331 0.940993
vt 0.497595 0.909350
vt 0.489795 0.921555
vt 0.446382 0.942374
vt 0.465994 0.935043
vt 0.449120 0.913372
vt 0.466494 0.900490
vt 0.472564 0.912950
vt 0.506512 0.899680
vt 0.364256 0.826357
vt 0.157401 0.051509
vt 0.413910 0.210329
vt 0.160241 0.050757
vt 0.412693 0.207624
vt 0.152269 0.052907
vt 0.413868 0.216511
vt 0.148655 0.055911
vt 0.413555 0.221861
vt 0.154822 0.050625
vt 0.412887 0.212961
vt 0.353369 0.850858
vt 0.328695 0.808969
vt 0.345131 0.825950
vt 0.290439 0.809430
vt 0.915142 0.716470
vt 0.273183 0.791562
vt 0.328236 0.826155
vt 0.307689 0.835058
vt 0.308948 0.805855
vt 0.404974 0.211310
vt 0.154922 0.069277
vt 0.311527 0.905490
vt 0.304485 0.884849
vt 0.331744 0.853897
vt 0.150876 0.059058
vt 0.112766 0.083760
vt 0.134719 0.080591
vt 0.115324 0.066344
vt 0.127954 0.060581
vt 0.405882 0.243646
vt 0.135651 0.068259
vt 0.141247 0.058425
vt 0.410115 0.229448
vt 0.145758 0.055969
vt 0.410738 0.224060
vt 0.136086 0.060004
vt 0.408379 0.234956
vt 0.134127 0.061859
vt 0.408854 0.237697
vt 0.131866 0.060056
vt 0.406742 0.239781
vt 0.406303 0.224732
vt 0.272659 0.805200
vt 0.087114 0.080090
vt 0.398812 0.284921
vt 0.084706 0.081923
vt 0.396355 0.286679
vt 0.096315 0.073354
vt 0.099584 0.064872
vt 0.412183 0.270298
vt 0.087165 0.076845
vt 0.398744 0.281490
vt 0.102268 0.062992
vt 0.412451 0.266925
vt 0.096682 0.065925
vt 0.409764 0.272435
vt 0.088485 0.071169
vt 0.400344 0.275732
vt 0.091731 0.066784
vt 0.404662 0.272113
vt 0.406425 0.267645
vt 0.264757 0.846191
vt 0.107279 0.060963
vt 0.413557 0.261463
vt 0.124215 0.060039
vt 0.404691 0.247159
vt 0.110028 0.057066
vt 0.412164 0.256793
vt 0.104694 0.062568
vt 0.413129 0.264531
vt 0.115438 0.057678
vt 0.411680 0.250055
vt 0.118761 0.058899
vt 0.409717 0.247541
vt 0.112983 0.055871
vt 0.411716 0.253534
vt 0.391246 0.246062
vt 0.405665 0.251977
vt 0.284327 0.836767
vt 0.402688 0.236537
vt 0.330922 0.877854
vt 0.307819 0.863113
vt 0.260031 0.823650
vt 0.285483 0.854662
vt 0.826575 0.826262
vt 0.126920 0.768172
vt 0.790064 0.862319
vt 0.134315 0.770149
vt 0.805432 0.833306
vt 0.130365 0.767230
vt 0.792922 0.862283
vt 0.134603 0.764039
vt 0.797011 0.860336
vt 0.137912 0.763403
vt 0.799853 0.860446
vt 0.798849 0.851339
vt 0.141804 0.763679
vt 0.802938 0.861470
vt 0.145927 0.764350
vt 0.806035 0.862870
vt 0.046350 0.832516
vt 0.975085 0.584318
vt 0.043669 0.831572
vt 0.978780 0.583924
vt 0.032489 0.830557
vt 0.411066 0.452129
vt 0.032073 0.223521
vt 0.991210 0.593907
vt 0.139935 0.818606
vt 0.317795 0.335141
vt 0.027009 0.226955
vt 0.408061 0.453547
vt 0.992068 0.586702
vt 0.048320 0.842149
vt 0.038195 0.834793
vt 0.037262 0.831030
vt 0.408778 0.447872
vt 0.987103 0.582662
vt 0.041213 0.830945
vt 0.982192 0.584021
vt 0.028922 0.211542
vt 0.030740 0.202390
vt 0.408432 0.480524
vt 0.028923 0.224070
vt 0.992456 0.590823
vt 0.064255 0.843524
vt 0.954572 0.589937
vt 0.053076 0.833987
vt 0.966987 0.587445
vt 0.055864 0.834203
vt 0.966581 0.591154
vt 0.025088 0.221800
vt 0.407326 0.459912
vt 0.119562 0.786757
vt 0.140846 0.806763
vt 0.027191 0.832690
vt 0.414818 0.456883
vt 0.412393 0.468257
vt 0.977639 0.595172
vt 0.033802 0.218681
vt 0.992935 0.598953
vt 0.132106 0.818110
vt 0.315375 0.340445
vt 0.440082 0.481782
vt 0.323880 0.338978
vt 0.137213 0.819437
vt 0.317058 0.337225
vt 0.033244 0.200937
vt 0.409757 0.483246
vt 0.123125 0.813213
vt 0.431850 0.478253
vt 0.115713 0.810031
vt 0.425306 0.474617
vt 0.987834 0.594631
vt 0.119261 0.809690
vt 0.428204 0.475305
vt 0.961423 0.601238
vt 0.036121 0.198922
vt 0.412019 0.486032
vt 0.037452 0.214132
vt 0.994446 0.604629
vt 0.052073 0.209958
vt 0.994477 0.620467
vt 0.045923 0.212943
vt 0.993811 0.613631
vt 0.039860 0.212788
vt 0.995862 0.607111
vt 0.040568 0.206285
vt 0.111835 0.810429
vt 0.422669 0.474000
vt 0.106889 0.807903
vt 0.421145 0.470013
vt 0.420103 0.481216
vt 0.038068 0.187571
vt 0.420132 0.495155
vt 0.431138 0.488377
vt 0.038441 0.192268
vt 0.416955 0.491686
vt 0.022482 0.833120
vt 0.418638 0.458992
vt 0.022262 0.827880
vt 0.103771 0.804428
vt 0.421050 0.465506
vt 0.037551 0.196614
vt 0.413977 0.488422
vt 0.039391 0.184400
vt 0.420497 0.498576
vt 0.048684 0.192381
vt 0.019328 0.829156
vt 0.104236 0.801033
vt 0.060133 0.839977
vt 0.959775 0.588259
vt 0.068259 0.846813
vt 0.949671 0.591329
vt 0.190900 0.673632
vt 0.302116 0.059961
vt 0.194497 0.672681
vt 0.301427 0.063151
vt 0.185364 0.684136
vt 0.377144 0.063327
vt 0.183356 0.609001
vt 0.181168 0.693669
vt 0.379544 0.073462
vt 0.176122 0.697465
vt 0.381039 0.079764
vt 0.182291 0.689210
vt 0.377942 0.069065
vt 0.176647 0.682995
vt 0.289656 0.062474
vt 0.384102 0.062701
vt 0.176299 0.632439
vt 0.286252 0.062627
vt 0.387556 0.067570
vt 0.387711 0.063629
vt 0.192801 0.657293
vt 0.190983 0.624223
vt 0.276499 0.060534
vt 0.393765 0.078997
vt 0.236047 0.661926
vt 0.313925 0.100912
vt 0.243341 0.146178
vt 0.188980 0.675750
vt 0.299920 0.059241
vt 0.374651 0.054705
vt 0.230020 0.627334
vt 0.293832 0.061555
vt 0.381023 0.058944
vt 0.296927 0.061251
vt 0.378679 0.056451
vt 0.187345 0.681647
vt 0.377095 0.060177
vt 0.384390 0.070918
vt 0.383677 0.065585
vt 0.283563 0.064002
vt 0.390528 0.069826
vt 0.281082 0.063422
vt 0.392235 0.072582
vt 0.259270 0.152757
vt 0.225768 0.193868
vt 0.903298 0.771446
vt 0.268957 0.135088
vt 0.294503 0.065910
vt 0.282161 0.122587
vt 0.235584 0.126830
vt 0.273071 0.068288
vt 0.282984 0.649191
vt 0.329558 0.139916
vt 0.287131 0.646861
vt 0.331371 0.143508
vt 0.294309 0.640880
vt 0.336872 0.149041
vt 0.275187 0.655148
vt 0.323806 0.133867
vt 0.282499 0.644341
vt 0.267293 0.658288
vt 0.320640 0.127415
vt 0.298039 0.638256
vt 0.339229 0.152078
vt 0.291930 0.644055
vt 0.333977 0.147406
vt 0.262643 0.653423
vt 0.255393 0.659603
vt 0.318441 0.117621
vt 0.260075 0.659967
vt 0.318363 0.121638
vt 0.248977 0.659304
vt 0.317336 0.112116
vt 0.232256 0.653184
vt 0.247489 0.644363
vt 0.218330 0.640331
vt 0.214102 0.666432
vt 0.308442 0.081504
vt 0.198064 0.669837
vt 0.304192 0.066485
vt 0.205627 0.098910
vt 0.224470 0.113614
vt 0.252041 0.100662
vt 0.224955 0.094911
vt 0.209333 0.667147
vt 0.307381 0.077207
vt 0.254353 0.073786
vt 0.287358 0.105143
vt 0.218967 0.665584
vt 0.310255 0.085572
vt 0.226433 0.663178
vt 0.312075 0.092059
vt 0.230047 0.662724
vt 0.312549 0.095548
vt 0.287951 0.084073
vt 0.204703 0.669293
vt 0.304998 0.073060
vt 0.226687 0.186298
vt 0.093104 0.210638
vt 0.975676 0.660488
vt 0.093600 0.203110
vt 0.089791 0.209260
vt 0.978589 0.658073
vt 0.087616 0.207496
vt 0.981250 0.657072
vt 0.080306 0.195026
vt 0.090960 0.170124
vt 0.079787 0.134235
vt 0.104429 0.139876
vt 0.062576 0.153415
vt 0.086636 0.148654
vt 0.109842 0.159347
vt 0.116102 0.176587
vt 0.097430 0.213257
vt 0.970863 0.663305
vt 0.953240 0.697682
vt 0.957889 0.661891
vt 0.101284 0.214326
vt 0.968251 0.666622
vt 0.127835 0.211741
vt 0.960466 0.691747
vt 0.130917 0.207838
vt 0.962909 0.696085
vt 0.105830 0.213800
vt 0.966937 0.671042
vt 0.116623 0.215193
vt 0.961886 0.680223
vt 0.116778 0.205411
vt 0.959035 0.681841
vt 0.926925 0.675157
vt 0.929054 0.697311
vt 0.970488 0.648716
vt 0.111580 0.214759
vt 0.964025 0.675871
vt 0.937880 0.654446
vt 0.948071 0.676387
vt 0.123500 0.213785
vt 0.960495 0.687091
vt 0.120961 0.215969
vt 0.959772 0.683925
vt 0.062781 0.189241
vt 0.072914 0.169643
vt 0.068487 0.205386
vt 0.993482 0.640767
vt 0.062652 0.205193
vt 0.995589 0.633747
vt 0.063335 0.203738
vt 0.072631 0.206428
vt 0.989535 0.644325
vt 0.988017 0.634338
vt 0.059360 0.206236
vt 0.995394 0.629614
vt 0.054806 0.207846
vt 0.995100 0.624128
vt 0.082176 0.210517
vt 0.980693 0.650087
vt 0.077480 0.209970
vt 0.982495 0.645928
vt 0.971129 0.621756
vt 0.952588 0.635991
vt 0.984443 0.616174
vt 0.956662 0.623248
vt 0.959330 0.613861
vt 0.935667 0.630833
vt 0.101053 0.190850
vt 0.099776 0.123490
vt 0.238654 0.822758
vt 0.086033 0.112531
vt 0.058030 0.121780
vt 0.457314 0.552530
vt 0.208360 0.815369
vt 0.376258 0.293150
vt 0.247114 0.844189
vt 0.380914 0.304762
vt 0.490510 0.561074
vt 0.239294 0.862638
vt 0.372546 0.275016
vt 0.379849 0.313839
vt 0.482906 0.554792
vt 0.379370 0.309493
vt 0.487230 0.556766
vt 0.383585 0.297884
vt 0.494756 0.568147
vt 0.386324 0.296540
vt 0.494167 0.571363
vt 0.225077 0.861003
vt 0.367851 0.284941
vt 0.221545 0.857315
vt 0.364047 0.286534
vt 0.235098 0.865404
vt 0.372820 0.278414
vt 0.228169 0.853923
vt 0.229974 0.865977
vt 0.372809 0.281995
vt 0.228509 0.861843
vt 0.369521 0.282637
vt 0.215492 0.855904
vt 0.359388 0.287097
vt 0.378782 0.316719
vt 0.481343 0.551969
vt 0.390279 0.278776
vt 0.374029 0.311903
vt 0.361826 0.311188
vt 0.481443 0.561296
vt 0.046054 0.178138
vt 0.037091 0.180231
vt 0.424445 0.500769
vt 0.050911 0.145801
vt 0.045799 0.163350
vt 0.047478 0.145151
vt 0.438924 0.533205
vt 0.044970 0.148656
vt 0.437674 0.529098
vt 0.047510 0.142419
vt 0.441082 0.534746
vt 0.043781 0.151072
vt 0.436194 0.526955
vt 0.049363 0.139711
vt 0.442831 0.537770
vt 0.070094 0.123422
vt 0.388681 0.292631
vt 0.496234 0.575683
vt 0.083160 0.085544
vt 0.394626 0.290421
vt 0.495238 0.582413
vt 0.077305 0.094661
vt 0.487057 0.573692
vt 0.060850 0.119493
vt 0.459585 0.555630
vt 0.080049 0.088535
vt 0.493165 0.578109
vt 0.087615 0.093517
vt 0.209287 0.852559
vt 0.353987 0.289127
vt 0.205292 0.844661
vt 0.347636 0.294327
vt 0.059821 0.134264
vt 0.493061 0.574666
vt 0.347289 0.302122
vt 0.055043 0.124927
vt 0.454036 0.549425
vt 0.054278 0.129596
vt 0.449310 0.547737
vt 0.077831 0.092182
vt 0.489665 0.574501
vt 0.176259 0.832758
vt 0.335165 0.316569
vt 0.345112 0.322369
vt 0.051462 0.133614
vt 0.447009 0.543131
vt 0.074975 0.097886
vt 0.482997 0.570340
vt 0.067371 0.104568
vt 0.474599 0.563055
vt 0.049937 0.136825
vt 0.445068 0.539979
vt 0.071770 0.101035
vt 0.479540 0.566653
vt 0.070137 0.103289
vt 0.476900 0.564894
vt 0.036909 0.175636
vt 0.427711 0.503379
vt 0.037209 0.165634
vt 0.431440 0.512189
vt 0.037205 0.169329
vt 0.430733 0.508418
vt 0.434216 0.500396
vt 0.037645 0.159906
vt 0.434504 0.516719
vt 0.041356 0.153802
vt 0.436128 0.523466
vt 0.322870 0.342656
vt 0.440775 0.492065
vt 0.327078 0.342648
vt 0.444955 0.495520
vt 0.329491 0.341037
vt 0.447880 0.497312
vt 0.319964 0.343659
vt 0.440869 0.488569
vt 0.073049 0.110057
vt 0.448567 0.529955
vt 0.452888 0.520352
vt 0.343858 0.340171
vt 0.454336 0.512092
vt 0.443829 0.510722
vt 0.338732 0.340859
vt 0.451897 0.506910
vt 0.066636 0.107338
vt 0.471813 0.562728
vt 0.065148 0.110556
vt 0.468488 0.561427
vt 0.377666 0.320943
vt 0.478945 0.547817
vt 0.350525 0.339286
vt 0.456947 0.517461
vt 0.333232 0.339451
vt 0.450528 0.500820
vt 0.363806 0.340296
vt 0.459774 0.530631
vt 0.154335 0.827495
vt 0.325266 0.331373
vt 0.161161 0.825282
vt 0.329079 0.328476
vt 0.338247 0.331530
vt 0.156956 0.825472
vt 0.361401 0.338374
vt 0.461426 0.527812
vt 0.167642 0.826957
vt 0.331577 0.323829
vt 0.356127 0.338447
vt 0.460287 0.522485
vt 0.172000 0.829559
vt 0.333676 0.320461
vt 0.139520 0.823892
vt 0.320135 0.335959
vt 0.144148 0.827634
vt 0.322633 0.334833
vt 0.145379 0.822603
vt 0.360003 0.332157
vt 0.364623 0.335986
vt 0.464631 0.531392
vt 0.366569 0.331680
vt 0.469497 0.533243
vt 0.177547 0.824069
vt 0.196373 0.802686
vt 0.372551 0.324783
vt 0.476944 0.540911
vt 0.369503 0.328492
vt 0.472916 0.536895
vt 0.133054 0.793108
vt 0.163525 0.783553
vt 0.218305 0.827927
vt 0.200445 0.840809
vt 0.342939 0.296856
vt 0.191342 0.840743
vt 0.341892 0.304810
vt 0.063017 0.113905
vt 0.465301 0.558716
vt 0.182560 0.836339
vt 0.338282 0.311819
vt 0.466331 0.546069
vt 0.163080 0.806862
vt 0.180568 0.800125
vt 0.452923 0.540075
vt 0.259647 0.769390
vt 0.248073 0.780528
vt 0.232809 0.797986
vt 0.253686 0.799604
vt 0.218953 0.752866
vt 0.652499 0.044778
vt 0.224068 0.750853
vt 0.650314 0.049406
vt 0.206622 0.750714
vt 0.660176 0.037409
vt 0.214697 0.758407
vt 0.227491 0.768134
vt 0.209786 0.748970
vt 0.660303 0.040531
vt 0.215589 0.751652
vt 0.655330 0.042717
vt 0.214451 0.784609
vt 0.813913 0.851116
vt 0.157241 0.761518
vt 0.815394 0.863768
vt 0.188592 0.771643
vt 0.153472 0.763046
vt 0.812173 0.863808
vt 0.167383 0.764001
vt 0.163861 0.758988
vt 0.820920 0.864181
vt 0.167433 0.759705
vt 0.823331 0.865744
vt 0.149394 0.773048
vt 0.150109 0.763791
vt 0.809435 0.863509
vt 0.682252 0.023931
vt 0.837901 0.855962
vt 0.683468 0.027337
vt 0.840624 0.854486
vt 0.679228 0.021775
vt 0.836725 0.859047
vt 0.198433 0.753879
vt 0.663524 0.030033
vt 0.202371 0.751866
vt 0.661930 0.033530
vt 0.171855 0.759396
vt 0.826720 0.866454
vt 0.675403 0.014461
vt 0.831854 0.864366
vt 0.825594 0.860396
vt 0.176540 0.759180
vt 0.672633 0.011810
vt 0.830292 0.867353
vt 0.676454 0.018512
vt 0.834794 0.862207
vt 0.835062 0.853990
vt 0.185358 0.757732
vt 0.668446 0.018731
vt 0.190619 0.756831
vt 0.665949 0.022637
vt 0.201909 0.767982
vt 0.181154 0.756709
vt 0.671563 0.016422
vt 0.193812 0.754672
vt 0.665429 0.026228
vt 0.171164 0.079560
vt 0.166785 0.096299
vt 0.188878 0.105052
vt 0.182917 0.148733
vt 0.160645 0.158791
vt 0.149318 0.090546
vt 0.132208 0.158792
vt 0.122627 0.096888
vt 0.145973 0.143067
vt 0.133235 0.111828
vt 0.120975 0.144417
vt 0.142668 0.125902
vt 0.122064 0.127690
vt 0.161161 0.129314
vt 0.159244 0.113991
vt 0.187859 0.121920
vt 0.209632 0.132139
vt 0.105810 0.109809
vt 0.143393 0.178716
vt 0.181927 0.200917
vt 0.938567 0.740649
vt 0.186134 0.175366
vt 0.175294 0.199578
vt 0.944031 0.736601
vt 0.171216 0.197030
vt 0.948647 0.735003
vt 0.179161 0.190329
vt 0.160056 0.184282
vt 0.154312 0.205514
vt 0.952625 0.716785
vt 0.940334 0.729353
vt 0.141417 0.206106
vt 0.958731 0.705640
vt 0.147457 0.200491
vt 0.137251 0.205979
vt 0.961078 0.702248
vt 0.149974 0.205399
vt 0.955008 0.713331
vt 0.130115 0.194178
vt 0.147192 0.206865
vt 0.955148 0.710203
vt 0.164095 0.198893
vt 0.951742 0.728420
vt 0.160100 0.201231
vt 0.952124 0.723734
vt 0.944458 0.710449
vt 0.927834 0.719363
vt 0.211359 0.187016
vt 0.195145 0.198461
vt 0.930501 0.751408
vt 0.902883 0.760579
vt 0.199920 0.156030
vt 0.221389 0.192078
vt 0.908378 0.770964
vt 0.229284 0.198077
vt 0.897627 0.769685
vt 0.235092 0.203574
vt 0.889076 0.768037
vt 0.239222 0.209508
vt 0.881752 0.765024
vt 0.224872 0.168611
vt 0.197533 0.187232
vt 0.204029 0.198400
vt 0.922241 0.755920
vt 0.245275 0.870358
vt 0.375035 0.267407
vt 0.262479 0.889953
vt 0.376442 0.246937
vt 0.270234 0.895655
vt 0.375971 0.239019
vt 0.265917 0.893378
vt 0.377031 0.243317
vt 0.259105 0.881230
vt 0.379903 0.252408
vt 0.288262 0.909797
vt 0.274917 0.906888
vt 0.367162 0.228182
vt 0.276774 0.910491
vt 0.367159 0.224613
vt 0.279534 0.902178
vt 0.372857 0.230151
vt 0.384949 0.227311
vt 0.275058 0.898639
vt 0.374924 0.234364
vt 0.284856 0.922148
vt 0.364844 0.212883
vt 0.245384 0.866064
vt 0.373106 0.269877
vt 0.282287 0.918704
vt 0.365073 0.216420
vt 0.249012 0.870952
vt 0.377165 0.265546
vt 0.247456 0.864852
vt 0.290389 0.927332
vt 0.363401 0.206216
vt 0.253420 0.874045
vt 0.377810 0.261320
vt 0.382268 0.263910
vt 0.260727 0.876233
vt 0.376875 0.254514
vt 0.262195 0.873189
vt 0.374554 0.255179
vt 0.294534 0.926966
vt 0.367638 0.202764
vt 0.267129 0.869831
vt 0.287861 0.873509
vt 0.269133 0.887406
vt 0.137094 0.616580
vt 0.522026 0.955819
vt 0.509278 0.975556
vt 0.065498 0.625292
vt 0.509164 0.984038
vt 0.425688 0.835439
vt 0.518650 0.917010
vt 0.290957 0.784879
vt 0.679143 0.341435
vt 0.669895 0.371254
vt 0.667790 0.348832
vt 0.652559 0.384705
vt 0.643974 0.374690
vt 0.380486 0.736991
vt 0.643347 0.386870
vt 0.385019 0.736041
vt 0.639361 0.384206
vt 0.390564 0.737352
vt 0.637288 0.378886
vt 0.388330 0.735619
vt 0.636915 0.381823
vt 0.632130 0.367848
vt 0.396052 0.736468
vt 0.633029 0.375931
vt 0.398467 0.734934
vt 0.630323 0.374978
vt 0.637844 0.354020
vt 0.650437 0.342786
vt 0.655502 0.363820
vt 0.400742 0.733839
vt 0.627841 0.373774
vt 0.430148 0.799545
vt 0.618374 0.252507
vt 0.427963 0.797772
vt 0.620071 0.250451
vt 0.629150 0.250458
vt 0.435053 0.794792
vt 0.623292 0.256901
vt 0.390719 0.818763
vt 0.407360 0.833197
vt 0.377663 0.785390
vt 0.623528 0.201094
vt 0.373338 0.783381
vt 0.624466 0.196735
vt 0.373618 0.787962
vt 0.382810 0.784902
vt 0.624602 0.205977
vt 0.385185 0.786377
vt 0.623074 0.208202
vt 0.388196 0.788387
vt 0.621467 0.211306
vt 0.392137 0.788292
vt 0.622198 0.215193
vt 0.388550 0.795404
vt 0.394661 0.789993
vt 0.620783 0.217873
vt 0.398126 0.790515
vt 0.620651 0.221308
vt 0.628793 0.213668
vt 0.401354 0.791589
vt 0.619887 0.224498
vt 0.412397 0.791072
vt 0.622074 0.234682
vt 0.629030 0.229344
vt 0.417213 0.813421
vt 0.404689 0.792493
vt 0.619716 0.227709
vt 0.408230 0.792684
vt 0.620181 0.230849
vt 0.410234 0.798180
vt 0.416439 0.792481
vt 0.621986 0.238695
vt 0.433743 0.799107
vt 0.619112 0.255856
vt 0.641436 0.247021
vt 0.422895 0.793244
vt 0.622552 0.244815
vt 0.649459 0.216419
vt 0.658863 0.237882
vt 0.513838 0.848299
vt 0.401205 0.701258
vt 0.551331 0.858664
vt 0.525613 0.875068
vt 0.407339 0.729020
vt 0.619694 0.372098
vt 0.531677 0.833365
vt 0.614455 0.359957
vt 0.404309 0.731234
vt 0.623354 0.373099
vt 0.528034 0.831272
vt 0.615326 0.355663
vt 0.619102 0.363101
vt 0.408440 0.720610
vt 0.415855 0.724481
vt 0.536466 0.840229
vt 0.622041 0.330972
vt 0.629314 0.336089
vt 0.412632 0.727936
vt 0.615370 0.368718
vt 0.407090 0.711834
vt 0.546279 0.849936
vt 0.521990 0.825690
vt 0.618191 0.347826
vt 0.411424 0.715994
vt 0.542012 0.847109
vt 0.526243 0.829353
vt 0.616214 0.353184
vt 0.516573 0.823998
vt 0.617365 0.342146
vt 0.404927 0.706265
vt 0.547860 0.854879
vt 0.417254 0.729074
vt 0.534670 0.836123
vt 0.613695 0.364240
vt 0.523439 0.838423
vt 0.502203 0.828222
vt 0.511217 0.822616
vt 0.615848 0.336678
vt 0.474089 0.850866
vt 0.478600 0.831430
vt 0.507495 0.820415
vt 0.616406 0.332507
vt 0.493854 0.851063
vt 0.499360 0.819625
vt 0.615066 0.324858
vt 0.502157 0.820868
vt 0.614595 0.327679
vt 0.495414 0.816736
vt 0.617508 0.320620
vt 0.489478 0.815448
vt 0.617381 0.314550
vt 0.507301 0.865125
vt 0.538476 0.857872
vt 0.487060 0.818082
vt 0.485166 0.813945
vt 0.617301 0.310079
vt 0.483063 0.812195
vt 0.618444 0.307616
vt 0.641862 0.323180
vt 0.663823 0.329307
vt 0.667131 0.314446
vt 0.651929 0.290362
vt 0.626295 0.312101
vt 0.441304 0.796927
vt 0.623078 0.263304
vt 0.446627 0.798642
vt 0.622387 0.268454
vt 0.469622 0.808094
vt 0.619858 0.293465
vt 0.450457 0.799799
vt 0.622237 0.272115
vt 0.473182 0.809383
vt 0.618907 0.297253
vt 0.475976 0.810704
vt 0.618301 0.300291
vt 0.467308 0.807217
vt 0.620084 0.290797
vt 0.462459 0.805751
vt 0.620436 0.285405
vt 0.455350 0.801607
vt 0.621826 0.277143
vt 0.627279 0.292450
vt 0.630428 0.275377
vt 0.458139 0.803943
vt 0.620822 0.280549
vt 0.651184 0.307386
vt 0.681545 0.280165
vt 0.670676 0.293131
vt 0.657739 0.265768
vt 0.639492 0.282470
vt 0.441656 0.823240
vt 0.467096 0.817612
vt 0.446903 0.807914
vt 0.429118 0.804129
vt 0.458563 0.838071
vt 0.696492 0.165596
vt 0.694024 0.200479
vt 0.684604 0.180644
vt 0.704365 0.187359
vt 0.669002 0.199346
vt 0.680613 0.155415
vt 0.673660 0.139287
vt 0.294411 0.769320
vt 0.642690 0.110024
vt 0.284386 0.763358
vt 0.635429 0.109342
vt 0.282661 0.760997
vt 0.637954 0.107676
vt 0.278720 0.768704
vt 0.288767 0.763590
vt 0.634813 0.113517
vt 0.299471 0.762457
vt 0.635800 0.124323
vt 0.302937 0.762290
vt 0.635350 0.127813
vt 0.295404 0.761893
vt 0.636096 0.120312
vt 0.667066 0.118753
vt 0.657533 0.133803
vt 0.641363 0.127950
vt 0.312582 0.775202
vt 0.306446 0.763684
vt 0.634924 0.131575
vt 0.312621 0.764673
vt 0.635232 0.137451
vt 0.316066 0.766043
vt 0.634397 0.140726
vt 0.639744 0.147889
vt 0.323951 0.766822
vt 0.633742 0.148181
vt 0.326194 0.769054
vt 0.631908 0.150574
vt 0.332531 0.770840
vt 0.630807 0.156848
vt 0.652726 0.155293
vt 0.652489 0.180262
vt 0.645908 0.194937
vt 0.336473 0.774331
vt 0.627590 0.160939
vt 0.339868 0.776426
vt 0.626100 0.164253
vt 0.345912 0.778923
vt 0.624435 0.170550
vt 0.342632 0.779367
vt 0.623676 0.167368
vt 0.633050 0.170572
vt 0.664904 0.183364
vt 0.664406 0.159347
vt 0.747087 0.141605
vt 0.766653 0.130481
vt 0.776491 0.145540
vt 0.760598 0.169930
vt 0.741807 0.123208
vt 0.775917 0.099334
vt 0.761090 0.110698
vt 0.721018 0.179773
vt 0.712615 0.157930
vt 0.742035 0.185377
vt 0.739155 0.159197
vt 0.721539 0.127198
vt 0.723687 0.144471
vt 0.694499 0.121527
vt 0.719847 0.111766
vt 0.697911 0.140267
vt 0.737697 0.052742
vt 0.850228 0.806206
vt 0.839016 0.840791
vt 0.843883 0.821103
vt 0.696854 0.041324
vt 0.848997 0.841499
vt 0.732557 0.051379
vt 0.850258 0.810782
vt 0.722707 0.055433
vt 0.727731 0.051208
vt 0.851333 0.814838
vt 0.717532 0.046396
vt 0.849183 0.824287
vt 0.724300 0.048576
vt 0.849784 0.818210
vt 0.722300 0.046049
vt 0.848065 0.820382
vt 0.697856 0.051879
vt 0.710473 0.045219
vt 0.849470 0.830269
vt 0.702324 0.044475
vt 0.850203 0.836820
vt 0.705459 0.044848
vt 0.849997 0.834373
vt 0.699289 0.101889
vt 0.694855 0.079699
vt 0.234635 0.750456
vt 0.647706 0.059379
vt 0.243104 0.759281
vt 0.228641 0.750100
vt 0.649821 0.053886
vt 0.253771 0.759264
vt 0.637988 0.079195
vt 0.242187 0.750082
vt 0.646137 0.067167
vt 0.260505 0.760945
vt 0.635730 0.086251
vt 0.251827 0.756759
vt 0.640426 0.077278
vt 0.247704 0.753331
vt 0.643291 0.072911
vt 0.278152 0.759752
vt 0.639232 0.102991
vt 0.640256 0.089134
vt 0.662472 0.052868
vt 0.263722 0.763062
vt 0.634200 0.089678
vt 0.267958 0.762305
vt 0.635237 0.093560
vt 0.661435 0.097841
vt 0.660868 0.074881
vt 0.237772 0.750802
vt 0.646503 0.062479
vt 0.654267 0.060077
vt 0.251170 0.754007
vt 0.642978 0.076387
vt 0.650993 0.081890
vt 0.272678 0.761510
vt 0.636799 0.097720
vt 0.753746 0.089879
vt 0.740819 0.106680
vt 0.719501 0.093244
vt 0.743333 0.054196
vt 0.850188 0.801229
vt 0.747481 0.055116
vt 0.850385 0.797604
vt 0.711790 0.069927
vt 0.739257 0.084195
vt 0.743734 0.064008
vt 0.678964 0.097530
vt 0.681739 0.069040
vt 0.686162 0.031429
vt 0.843734 0.851428
vt 0.687981 0.035522
vt 0.847121 0.849631
vt 0.692111 0.040131
vt 0.849402 0.845659
vt 0.670413 0.032565
vt 0.684974 0.047616
vt 0.704948 0.369382
vt 0.690307 0.358612
vt 0.725286 0.357131
vt 0.707985 0.343825
vt 0.686571 0.326150
vt 0.709375 0.329170
vt 0.681327 0.307941
vt 0.704236 0.313415
vt 0.773947 0.314009
vt 0.789131 0.320023
vt 0.745496 0.302492
vt 0.754114 0.314791
vt 0.766340 0.331460
vt 0.764204 0.367476
vt 0.783204 0.379371
vt 0.798366 0.366130
vt 0.778555 0.352534
vt 0.798681 0.340673
vt 0.753777 0.339479
vt 0.722045 0.372626
vt 0.745280 0.366931
vt 0.736664 0.348993
vt 0.728444 0.309340
vt 0.731250 0.328088
vt 0.722757 0.235160
vt 0.719561 0.199964
vt 0.708586 0.210002
vt 0.732107 0.217502
vt 0.698062 0.220568
vt 0.715003 0.275936
vt 0.706899 0.252271
vt 0.697119 0.268332
vt 0.695531 0.242434
vt 0.696046 0.302207
vt 0.706143 0.289772
vt 0.675687 0.256734
vt 0.678935 0.232656
vt 0.676144 0.215944
vt 0.733558 0.286710
vt 0.768938 0.196508
vt 0.775943 0.220055
vt 0.746162 0.208565
vt 0.746552 0.241938
vt 0.755071 0.223787
vt 0.750952 0.283360
vt 0.764988 0.291112
vt 0.764021 0.239810
vt 0.761066 0.264547
vt 0.735410 0.259444
vt 0.778056 0.289652
vt 0.784643 0.265857
vt 0.782199 0.248093
vt 0.346095 0.795767
vt 0.365914 0.804666
vt 0.338016 0.782170
vt 0.320230 0.789657
vt 0.353279 0.779059
vt 0.625204 0.178066
vt 0.632640 0.194027
vt 0.362634 0.781936
vt 0.624346 0.186610
vt 0.369058 0.782669
vt 0.624741 0.192653
vt 0.933821 0.346199
vt 0.924701 0.328018
vt 0.951239 0.337303
vt 0.963561 0.332837
vt 0.892032 0.314663
vt 0.911672 0.312736
vt 0.937274 0.281403
vt 0.929829 0.307237
vt 0.953318 0.309593
vt 0.917390 0.297791
vt 0.900742 0.296866
vt 0.898399 0.361119
vt 0.903535 0.334696
vt 0.912222 0.350582
vt 0.850301 0.345622
vt 0.860039 0.328680
vt 0.872557 0.343292
vt 0.846018 0.317687
vt 0.863846 0.296750
vt 0.872251 0.317882
vt 0.809578 0.316736
vt 0.831275 0.300078
vt 0.813438 0.347761
vt 0.831328 0.347281
vt 0.828919 0.326736
vt 0.816037 0.106374
vt 0.821304 0.085443
vt 0.847083 0.048114
vt 0.817995 0.049955
vt 0.825443 0.743561
vt 0.823500 0.057210
vt 0.822173 0.050102
vt 0.824106 0.740326
vt 0.835078 0.066734
vt 0.808967 0.052068
vt 0.831175 0.748886
vt 0.812121 0.051958
vt 0.829555 0.746573
vt 0.805285 0.052310
vt 0.832846 0.751680
vt 0.799049 0.051912
vt 0.834130 0.756834
vt 0.805132 0.062525
vt 0.841286 0.087838
vt 0.774852 0.063893
vt 0.771814 0.060183
vt 0.848360 0.776154
vt 0.756887 0.064863
vt 0.772120 0.081704
vt 0.790840 0.065807
vt 0.796065 0.085291
vt 0.834614 0.805441
vt 0.767692 0.058743
vt 0.848302 0.779970
vt 0.773654 0.057270
vt 0.845474 0.775293
vt 0.786212 0.053411
vt 0.839533 0.766447
vt 0.754712 0.055480
vt 0.848861 0.791798
vt 0.781630 0.054237
vt 0.841287 0.770050
vt 0.759125 0.056094
vt 0.848235 0.787940
vt 0.793192 0.052056
vt 0.836362 0.761220
vt 0.792963 0.789861
vt 0.762457 0.774295
vt 0.801041 0.747087
vt 0.806866 0.731664
vt 0.795676 0.727981
vt 0.780364 0.753406
vt 0.809473 0.727527
vt 0.843117 0.041750
vt 0.812616 0.730961
vt 0.837696 0.041459
vt 0.813347 0.733659
vt 0.834437 0.041565
vt 0.815510 0.735773
vt 0.831352 0.043389
vt 0.819886 0.738654
vt 0.826177 0.046720
vt 0.819604 0.751961
vt 0.815399 0.774466
vt 0.832413 0.766986
vt 0.814133 0.792156
vt 0.843540 0.793816
vt 0.763382 0.055961
vt 0.847065 0.784369
vt 0.834234 0.784374
vt 0.776486 0.052791
vt 0.841009 0.774530
vt 0.795074 0.766542
vt 0.807371 0.810366
vt 0.671087 0.688577
vt 0.970572 0.056991
vt 0.674957 0.678896
vt 0.968525 0.068487
vt 0.961606 0.062785
vt 0.672797 0.682609
vt 0.970218 0.063913
vt 0.670632 0.695367
vt 0.969865 0.049561
vt 0.928943 0.069175
vt 0.155521 0.993580
vt 0.643956 0.754973
vt 0.727228 0.677973
vt 0.641341 0.745135
vt 0.665970 0.731255
vt 0.725301 0.669975
vt 0.643447 0.750894
vt 0.727469 0.674445
vt 0.665745 0.725933
vt 0.725933 0.665268
vt 0.969232 0.015635
vt 0.664396 0.723080
vt 0.971279 0.018395
vt 0.730959 0.667108
vt 0.962568 0.015523
vt 0.731691 0.673256
vt 0.727789 0.667232
vt 0.966251 0.014174
vt 0.664435 0.716189
vt 0.972185 0.025750
vt 0.733226 0.668373
vt 0.959487 0.014501
vt 0.663155 0.711027
vt 0.974322 0.030782
vt 0.958914 0.025159
vt 0.654242 0.704942
vt 0.742768 0.678075
vt 0.939587 0.012035
vt 0.745916 0.678454
vt 0.935966 0.014217
vt 0.947430 0.057828
vt 0.734173 0.673037
vt 0.954253 0.011810
vt 0.737895 0.675022
vt 0.947478 0.012592
vt 0.942687 0.025112
vt 0.740647 0.675416
vt 0.943898 0.013225
vt 0.736762 0.684350
vt 0.669506 0.699093
vt 0.970348 0.045187
vt 0.666569 0.702752
vt 0.972475 0.040415
vt 0.960698 0.038868
vt 0.665688 0.706097
vt 0.972573 0.036588
vt 0.664546 0.691156
vt 0.750667 0.680468
vt 0.929955 0.016690
vt 0.944325 0.161192
vt 0.948914 0.142832
vt 0.682652 0.662127
vt 0.963069 0.088774
vt 0.685538 0.658999
vt 0.960606 0.093265
vt 0.945015 0.091818
vt 0.687188 0.656940
vt 0.958646 0.095846
vt 0.951638 0.079344
vt 0.689502 0.647556
vt 0.958515 0.107329
vt 0.688653 0.652248
vt 0.958027 0.101762
vt 0.681821 0.650235
vt 0.680546 0.635765
vt 0.687790 0.644706
vt 0.961081 0.110033
vt 0.687615 0.641748
vt 0.962173 0.113029
vt 0.676778 0.596479
vt 0.978453 0.158220
vt 0.677300 0.572506
vt 0.974951 0.183007
vt 0.688527 0.638234
vt 0.961679 0.116853
vt 0.690603 0.636142
vt 0.960264 0.119632
vt 0.689171 0.633173
vt 0.962739 0.122242
vt 0.948674 0.108949
vt 0.685159 0.628927
vt 0.967858 0.125638
vt 0.683347 0.622725
vt 0.971250 0.131138
vt 0.922376 0.124617
vt 0.961653 0.129882
vt 0.678032 0.569028
vt 0.973021 0.185938
vt 0.680290 0.578145
vt 0.974409 0.176661
vt 0.678254 0.576098
vt 0.974376 0.179390
vt 0.963169 0.176446
vt 0.677484 0.583812
vt 0.976691 0.170909
vt 0.679167 0.612560
vt 0.976856 0.141473
vt 0.677943 0.608077
vt 0.978174 0.146268
vt 0.664976 0.597401
vt 0.671062 0.613665
vt 0.681672 0.618219
vt 0.973818 0.135538
vt 0.677244 0.601272
vt 0.978182 0.153256
vt 0.967974 0.153070
vt 0.973490 0.162707
vt 0.678120 0.591841
vt 0.976615 0.162754
vt 0.668522 0.578620
vt 0.676994 0.588875
vt 0.977526 0.166052
vt 0.643935 0.592739
vt 0.662581 0.627251
vt 0.644901 0.612964
vt 0.627249 0.616087
vt 0.631602 0.642225
vt 0.675927 0.675166
vt 0.967997 0.072836
vt 0.677366 0.672318
vt 0.967056 0.076320
vt 0.662325 0.655356
vt 0.645437 0.636649
vt 0.679615 0.667466
vt 0.966014 0.082274
vt 0.671157 0.668681
vt 0.648940 0.680171
vt 0.941050 0.131826
vt 0.888546 0.100455
vt 0.919095 0.104218
vt 0.895009 0.113890
vt 0.910082 0.181757
vt 0.925646 0.169672
vt 0.943724 0.186861
vt 0.922608 0.201042
vt 0.898978 0.137483
vt 0.899375 0.161171
vt 0.916574 0.149750
vt 0.845365 0.110883
vt 0.862793 0.101055
vt 0.865100 0.177382
vt 0.886956 0.183959
vt 0.858320 0.132616
vt 0.872108 0.124187
vt 0.847828 0.167274
vt 0.873507 0.155971
vt 0.873600 0.280528
vt 0.890840 0.280020
vt 0.937827 0.245936
vt 0.907027 0.261151
vt 0.925460 0.273018
vt 0.810415 0.263060
vt 0.821350 0.239432
vt 0.847802 0.247631
vt 0.846651 0.227790
vt 0.799628 0.247401
vt 0.821947 0.220660
vt 0.797781 0.226542
vt 0.795533 0.286524
vt 0.815549 0.290129
vt 0.858461 0.272170
vt 0.845455 0.286833
vt 0.836249 0.264585
vt 0.826758 0.273837
vt 0.918248 0.235855
vt 0.908269 0.204828
vt 0.893067 0.225593
vt 0.866813 0.256751
vt 0.898690 0.245531
vt 0.883754 0.255350
vt 0.888139 0.206815
vt 0.868793 0.207708
vt 0.869536 0.234281
vt 0.762284 0.746291
vt 0.773967 0.724765
vt 0.933953 0.047981
vt 0.786932 0.693718
vt 0.889012 0.041190
vt 0.784156 0.687983
vt 0.896472 0.042020
vt 0.777879 0.685019
vt 0.904431 0.038130
vt 0.912070 0.039887
vt 0.775662 0.697162
vt 0.774865 0.685619
vt 0.905843 0.034700
vt 0.772137 0.683695
vt 0.909859 0.033807
vt 0.910563 0.054772
vt 0.781451 0.685878
vt 0.900170 0.039908
vt 0.755978 0.681374
vt 0.923498 0.019641
vt 0.758744 0.680777
vt 0.921895 0.022765
vt 0.926009 0.027103
vt 0.760254 0.687523
vt 0.763115 0.682153
vt 0.917692 0.026036
vt 0.766407 0.681602
vt 0.915526 0.029443
vt 0.769420 0.682516
vt 0.912791 0.032148
vt 0.855576 0.073077
vt 0.873692 0.088739
vt 0.876402 0.068708
vt 0.869579 0.049066
vt 0.807927 0.723422
vt 0.848332 0.042677
vt 0.806066 0.720350
vt 0.852259 0.042459
vt 0.803136 0.717434
vt 0.856757 0.041949
vt 0.797185 0.712163
vt 0.865564 0.039902
vt 0.784962 0.709764
vt 0.791128 0.700809
vt 0.879432 0.040274
vt 0.799355 0.713449
vt 0.862923 0.041028
vt 0.793269 0.707439
vt 0.872465 0.038380
vt 0.789701 0.697328
vt 0.883749 0.041038
vt 0.793586 0.712984
vt 0.791209 0.703581
vt 0.877289 0.038021
vt 0.901921 0.068161
vt 0.894561 0.083908
vt 0.917553 0.083253
vt 0.888730 0.049344
vt 0.736689 0.711543
vt 0.746308 0.698538
vt 0.758563 0.709137
vt 0.649575 0.507915
vt 0.654986 0.507526
vt 0.981288 0.258156
vt 0.645198 0.518737
vt 0.657846 0.517777
vt 0.981898 0.246973
vt 0.656504 0.513269
vt 0.981793 0.252110
vt 0.975665 0.241843
vt 0.659709 0.520180
vt 0.980306 0.244198
vt 0.625035 0.499468
vt 0.954442 0.265891
vt 0.652740 0.500856
vt 0.981080 0.265766
vt 0.676958 0.563960
vt 0.972571 0.191086
vt 0.674784 0.556504
vt 0.973912 0.199475
vt 0.675495 0.560193
vt 0.973866 0.195242
vt 0.959265 0.199092
vt 0.674146 0.550427
vt 0.973904 0.206376
vt 0.666392 0.533648
vt 0.977505 0.227629
vt 0.659042 0.532977
vt 0.671945 0.544394
vt 0.974450 0.214266
vt 0.669889 0.540400
vt 0.975880 0.219475
vt 0.667420 0.536222
vt 0.977281 0.224770
vt 0.663636 0.526272
vt 0.978081 0.236231
vt 0.668421 0.555810
vt 0.662004 0.522393
vt 0.978734 0.240996
vt 0.665822 0.527915
vt 0.976933 0.233596
vt 0.651965 0.497329
vt 0.980514 0.269618
vt 0.974426 0.281349
vt 0.967735 0.232219
vt 0.963953 0.212269
vt 0.952292 0.228167
vt 0.650526 0.490554
vt 0.979908 0.277149
vt 0.974201 0.257610
vt 0.932928 0.216166
vt 0.956255 0.250786
vt 0.613954 0.480412
vt 0.588470 0.497536
vt 0.593491 0.524509
vt 0.619940 0.588226
vt 0.606277 0.464179
vt 0.597654 0.445405
vt 0.575134 0.474644
vt 0.562388 0.446158
vt 0.589621 0.464150
vt 0.611630 0.429146
vt 0.986277 0.356417
vt 0.605927 0.434309
vt 0.952931 0.289942
vt 0.977091 0.328595
vt 0.973303 0.300648
vt 0.641647 0.490297
vt 0.633099 0.475031
vt 0.636338 0.470736
vt 0.984676 0.303716
vt 0.642455 0.477021
vt 0.981408 0.294132
vt 0.647865 0.485290
vt 0.979865 0.283586
vt 0.641000 0.472187
vt 0.980748 0.299883
vt 0.645771 0.481489
vt 0.980814 0.287922
vt 0.613132 0.431308
vt 0.985637 0.353389
vt 0.623434 0.463416
vt 0.634002 0.468408
vt 0.985545 0.307275
vt 0.626512 0.452031
vt 0.983391 0.326579
vt 0.628733 0.457107
vt 0.984874 0.320479
vt 0.631481 0.462024
vt 0.984772 0.314421
vt 0.619144 0.447117
vt 0.625542 0.448034
vt 0.982077 0.330942
vt 0.623286 0.441673
vt 0.982424 0.337703
vt 0.619557 0.438736
vt 0.984783 0.342782
vt 0.617238 0.434714
vt 0.984193 0.348053
vt 0.980358 0.351289
vt 0.594316 0.556492
vt 0.611933 0.545418
vt 0.610399 0.510907
vt 0.629680 0.534668
vt 0.616787 0.524684
vt 0.648904 0.546491
vt 0.633302 0.552910
vt 0.638680 0.571737
vt 0.612666 0.568686
vt 0.796887 0.161564
vt 0.781321 0.162954
vt 0.812994 0.170639
vt 0.786289 0.112979
vt 0.797316 0.131936
vt 0.855313 0.192539
vt 0.849225 0.207956
vt 0.786638 0.182042
vt 0.800765 0.190596
vt 0.815255 0.137552
vt 0.834346 0.125971
vt 0.815209 0.204026
vt 0.790667 0.208089
vt 0.827002 0.180106
vt 0.842627 0.146352
vt 0.837874 0.187303
vt 0.826043 0.158240
vt 0.373482 0.743148
vt 0.651636 0.388785
vt 0.376224 0.740009
vt 0.648143 0.388358
vt 0.394024 0.728802
vt 0.374183 0.733843
vt 0.396967 0.698950
vt 0.555303 0.859936
vt 0.969559 0.362902
vt 0.864477 0.368378
vt 0.851475 0.379556
vt 0.841535 0.362230
vt 0.609522 0.426667
vt 0.986725 0.360477
vt 0.554194 0.178869
vt 0.947096 0.891778
vt 0.551811 0.176022
vt 0.947348 0.895142
vt 0.550494 0.182965
vt 0.534065 0.170768
vt 0.529416 0.213597
vt 0.555876 0.193438
vt 0.954196 0.879997
vt 0.554405 0.185420
vt 0.951120 0.886873
vt 0.555225 0.189599
vt 0.952867 0.883318
vt 0.556941 0.198506
vt 0.955626 0.875761
vt 0.556989 0.204218
vt 0.957989 0.871601
vt 0.536562 0.193331
vt 0.933626 0.889657
vt 0.538746 0.154204
vt 0.547753 0.152514
vt 0.933410 0.910764
vt 0.940692 0.900177
vt 0.549103 0.158692
vt 0.938573 0.908092
vt 0.547994 0.155072
vt 0.935022 0.909182
vt 0.930054 0.906781
vt 0.538355 0.142957
vt 0.930307 0.922327
vt 0.537654 0.138582
vt 0.928295 0.925979
vt 0.541052 0.147173
vt 0.932010 0.918032
vt 0.543856 0.150139
vt 0.933674 0.914851
vt 0.917856 0.899022
vt 0.546773 0.163655
vt 0.551269 0.170387
vt 0.945006 0.899985
vt 0.551580 0.167303
vt 0.943603 0.902479
vt 0.549865 0.160961
vt 0.940727 0.907366
vt 0.551720 0.164729
vt 0.941583 0.903713
vt 0.532365 0.089117
vt 0.906182 0.958368
vt 0.535609 0.099457
vt 0.910326 0.950490
vt 0.523651 0.097855
vt 0.534376 0.093793
vt 0.907958 0.954514
vt 0.532985 0.082056
vt 0.901600 0.961862
vt 0.536462 0.102434
vt 0.912226 0.948345
vt 0.534837 0.106317
vt 0.915573 0.946904
vt 0.536630 0.133806
vt 0.926254 0.928407
vt 0.536802 0.127279
vt 0.924875 0.932650
vt 0.925725 0.920650
vt 0.537490 0.110730
vt 0.916823 0.942701
vt 0.532798 0.115834
vt 0.913190 0.939723
vt 0.537719 0.113796
vt 0.918524 0.940861
vt 0.537954 0.116983
vt 0.919798 0.938853
vt 0.895797 0.938638
vt 0.539021 0.122195
vt 0.921778 0.935252
vt 0.834912 0.590142
vt 0.906261 0.919569
vt 0.854405 0.592641
vt 0.905127 0.883277
vt 0.907339 0.886783
vt 0.850125 0.597076
vt 0.902772 0.888108
vt 0.837161 0.607453
vt 0.892917 0.901005
vt 0.840481 0.605417
vt 0.895490 0.897985
vt 0.832646 0.608659
vt 0.889338 0.903628
vt 0.886216 0.907252
vt 0.826901 0.608234
vt 0.883588 0.905562
vt 0.829248 0.607907
vt 0.885601 0.904532
vt 0.901961 0.899530
vt 0.845037 0.599326
vt 0.898864 0.891357
vt 0.842049 0.601346
vt 0.896538 0.893785
vt 0.832693 0.604862
vt 0.727915 0.543985
vt 0.711770 0.573535
vt 0.719787 0.556850
vt 0.704735 0.536902
vt 0.724155 0.519770
vt 0.751472 0.530106
vt 0.743334 0.551086
vt 0.759245 0.551450
vt 0.769321 0.565316
vt 0.729897 0.570526
vt 0.758024 0.568269
vt 0.733470 0.530971
vt 0.715799 0.471590
vt 0.711675 0.490307
vt 0.704674 0.517358
vt 0.693093 0.499183
vt 0.711804 0.504059
vt 0.742274 0.503958
vt 0.744938 0.482459
vt 0.850617 0.587276
vt 0.873350 0.538754
vt 0.817151 0.574958
vt 0.838837 0.545651
vt 0.839030 0.567858
vt 0.856513 0.556134
vt 0.845381 0.532475
vt 0.822390 0.550462
vt 0.861349 0.590071
vt 0.909986 0.879057
vt 0.866662 0.587529
vt 0.913509 0.875476
vt 0.857663 0.591884
vt 0.907420 0.881526
vt 0.305512 0.093068
vt 0.939302 0.847016
vt 0.908080 0.551318
vt 0.937019 0.832479
vt 0.905388 0.553791
vt 0.936079 0.835494
vt 0.902751 0.548620
vt 0.901547 0.557952
vt 0.934661 0.840287
vt 0.899095 0.559383
vt 0.933258 0.842349
vt 0.874202 0.580425
vt 0.918436 0.867422
vt 0.895256 0.562512
vt 0.931632 0.845960
vt 0.893107 0.566767
vt 0.930795 0.850396
vt 0.922062 0.874653
vt 0.872829 0.587665
vt 0.918656 0.873645
vt 0.873425 0.584739
vt 0.918242 0.871094
vt 0.864555 0.574044
vt 0.887457 0.574316
vt 0.928113 0.858018
vt 0.892925 0.531906
vt 0.877134 0.576676
vt 0.920041 0.863610
vt 0.883004 0.575465
vt 0.924896 0.860736
vt 0.883382 0.553564
vt 0.931724 0.861703
vt 0.949317 0.858647
vt 0.238599 0.200697
vt 0.185480 0.200475
vt 0.936511 0.743564
vt 0.883756 0.728640
vt 0.889635 0.571780
vt 0.928400 0.855102
vt 0.881984 0.571921
vt 0.923678 0.749223
vt 0.862436 0.501930
vt 0.219863 0.185742
vt 0.911673 0.500802
vt 0.886341 0.463020
vt 0.869448 0.458645
vt 0.900585 0.476868
vt 0.882059 0.491423
vt 0.889695 0.511472
vt 0.863610 0.474018
vt 0.874916 0.511929
vt 0.853573 0.519626
vt 0.808516 0.514362
vt 0.827840 0.520689
vt 0.842563 0.496352
vt 0.826119 0.497596
vt 0.850011 0.453772
vt 0.842563 0.479656
vt 0.342123 0.751534
vt 0.673252 0.408894
vt 0.674343 0.400252
vt 0.345531 0.747880
vt 0.668076 0.408261
vt 0.667635 0.390291
vt 0.352929 0.746821
vt 0.663637 0.402564
vt 0.359447 0.746027
vt 0.660206 0.397536
vt 0.357760 0.738012
vt 0.368901 0.744438
vt 0.654609 0.391458
vt 0.356256 0.745470
vt 0.661339 0.400291
vt 0.337675 0.750415
vt 0.675166 0.412894
vt 0.343641 0.743840
vt 0.363415 0.745412
vt 0.657917 0.394628
vt 0.336873 0.733971
vt 0.805047 0.490823
vt 0.781172 0.485622
vt 0.817698 0.478215
vt 0.757557 0.512246
vt 0.763515 0.477130
vt 0.764089 0.493314
vt 0.788144 0.505923
vt 0.785646 0.560824
vt 0.767711 0.526002
vt 0.783722 0.525755
vt 0.779707 0.546558
vt 0.809710 0.537795
vt 0.795583 0.545253
vt 0.914843 0.406563
vt 0.891063 0.435393
vt 0.940279 0.433047
vt 0.920362 0.424832
vt 0.927772 0.452309
vt 0.903902 0.427009
vt 0.903916 0.448872
vt 0.946878 0.361591
vt 0.934152 0.377964
vt 0.958588 0.382569
vt 0.939443 0.404811
vt 0.953889 0.409685
vt 0.590466 0.411117
vt 0.597030 0.405030
vt 0.989360 0.389000
vt 0.608959 0.423503
vt 0.985965 0.364218
vt 0.600837 0.423018
vt 0.607652 0.419883
vt 0.985965 0.368569
vt 0.604441 0.415916
vt 0.987630 0.373955
vt 0.602690 0.412116
vt 0.987681 0.378775
vt 0.598599 0.409191
vt 0.990081 0.384127
vt 0.980531 0.381529
vt 0.595010 0.396766
vt 0.986816 0.397279
vt 0.588023 0.393081
vt 0.596163 0.399662
vt 0.987069 0.394249
vt 0.976181 0.401115
vt 0.595513 0.381158
vt 0.978555 0.412237
vt 0.594633 0.392512
vt 0.985299 0.401410
vt 0.594759 0.385482
vt 0.980500 0.407429
vt 0.900942 0.381628
vt 0.914989 0.376640
vt 0.586778 0.328875
vt 0.951096 0.751696
vt 0.963273 0.471041
vt 0.944696 0.458006
vt 0.959250 0.460980
vt 0.587240 0.332273
vt 0.964474 0.467026
vt 0.965519 0.433141
vt 0.584576 0.370679
vt 0.566442 0.341514
vt 0.571890 0.359230
vt 0.594374 0.373788
vt 0.975951 0.420708
vt 0.595505 0.376576
vt 0.976074 0.417474
vt 0.593908 0.370580
vt 0.975695 0.424030
vt 0.969489 0.422602
vt 0.592207 0.367669
vt 0.976365 0.427700
vt 0.589423 0.364826
vt 0.978009 0.431376
vt 0.588992 0.361726
vt 0.977483 0.434878
vt 0.586529 0.357381
vt 0.978093 0.440484
vt 0.585358 0.353405
vt 0.977614 0.445039
vt 0.583802 0.350263
vt 0.977306 0.449150
vt 0.581850 0.339724
vt 0.588228 0.349050
vt 0.971970 0.448724
vt 0.587014 0.345998
vt 0.971156 0.452519
vt 0.966424 0.445617
vt 0.587687 0.343521
vt 0.969249 0.454887
vt 0.586819 0.340293
vt 0.968824 0.458725
vt 0.587358 0.336275
vt 0.966175 0.462616
vt 0.757983 0.584875
vt 0.745546 0.573349
vt 0.741718 0.587277
vt 0.530113 0.067451
vt 0.892640 0.970051
vt 0.531082 0.074206
vt 0.897134 0.966658
vt 0.522474 0.080212
vt 0.533236 0.077132
vt 0.898184 0.964038
vt 0.529858 0.070655
vt 0.895060 0.968831
vt 0.527707 0.060856
vt 0.888841 0.974672
vt 0.527671 0.055889
vt 0.885082 0.976006
vt 0.891314 0.962095
vt 0.883370 0.971044
vt 0.901109 0.953851
vt 0.527185 0.064187
vt 0.891359 0.973569
vt 0.516742 0.060546
vt 0.873180 0.948380
vt 0.814024 0.600747
vt 0.822278 0.607064
vt 0.878939 0.905740
vt 0.874514 0.925609
vt 0.860023 0.917082
vt 0.811880 0.608147
vt 0.868287 0.909137
vt 0.879844 0.912274
vt 0.818061 0.607367
vt 0.874211 0.906372
vt 0.815623 0.607880
vt 0.871339 0.907128
vt 0.820054 0.606332
vt 0.876272 0.904409
vt 0.808958 0.607198
vt 0.865247 0.908871
vt 0.803815 0.605512
vt 0.859909 0.909044
vt 0.796643 0.605381
vt 0.852835 0.909328
vt 0.798843 0.604809
vt 0.855172 0.909265
vt 0.799979 0.599312
vt 0.814969 0.588677
vt 0.804351 0.565789
vt 0.725574 0.599399
vt 0.787188 0.913686
vt 0.711314 0.581397
vt 0.719911 0.593348
vt 0.779037 0.914743
vt 0.717582 0.592153
vt 0.776277 0.915552
vt 0.724174 0.596142
vt 0.783576 0.913766
vt 0.727488 0.601374
vt 0.790222 0.913307
vt 0.722954 0.588409
vt 0.733065 0.596948
vt 0.731944 0.603302
vt 0.795402 0.911995
vt 0.730097 0.601967
vt 0.792817 0.911872
vt 0.716381 0.590327
vt 0.773515 0.915864
vt 0.715141 0.588309
vt 0.770793 0.915804
vt 0.772920 0.580431
vt 0.784763 0.575163
vt 0.799248 0.586323
vt 0.848881 0.922660
vt 0.765998 0.608187
vt 0.832348 0.898946
vt 0.768786 0.608566
vt 0.833246 0.902225
vt 0.781283 0.593734
vt 0.825619 0.905885
vt 0.763108 0.610547
vt 0.828188 0.901343
vt 0.772222 0.607817
vt 0.835475 0.905685
vt 0.774987 0.608117
vt 0.836477 0.908689
vt 0.779984 0.603541
vt 0.777545 0.608101
vt 0.837749 0.910903
vt 0.839830 0.939499
vt 0.784849 0.611357
vt 0.840581 0.915236
vt 0.779986 0.612875
vt 0.836891 0.915997
vt 0.832814 0.921753
vt 0.793956 0.605780
vt 0.850293 0.910103
vt 0.790929 0.607064
vt 0.847218 0.911160
vt 0.787847 0.608573
vt 0.844319 0.912795
vt 0.749053 0.607372
vt 0.815435 0.909202
vt 0.755413 0.607463
vt 0.818278 0.902531
vt 0.757988 0.608220
vt 0.821073 0.901306
vt 0.751482 0.606826
vt 0.815353 0.906163
vt 0.767607 0.601401
vt 0.752765 0.602687
vt 0.798976 0.915070
vt 0.743747 0.603543
vt 0.807860 0.909928
vt 0.759865 0.610057
vt 0.824154 0.901708
vt 0.746293 0.605249
vt 0.811639 0.910276
vt 0.738886 0.602919
vt 0.802616 0.911196
vt 0.735729 0.603039
vt 0.799278 0.910261
vt 0.857204 0.414919
vt 0.871028 0.429084
vt 0.881566 0.415846
vt 0.270127 0.096383
vt 0.256209 0.121456
vt 0.874783 0.443366
vt 0.855911 0.397187
vt 0.893157 0.401166
vt 0.876146 0.389734
vt 0.881520 0.364763
vt 0.821959 0.460495
vt 0.811491 0.425442
vt 0.307049 0.146843
vt 0.271262 0.656800
vt 0.322197 0.130638
vt 0.318884 0.137451
vt 0.844660 0.430356
vt 0.837872 0.452436
vt 0.822974 0.443725
vt 0.829315 0.429184
vt 0.830258 0.411565
vt 0.832195 0.389867
vt 0.821948 0.374456
vt 0.810825 0.393244
vt 0.222797 0.152382
vt 0.193978 0.668633
vt 0.700115 0.443938
vt 0.695573 0.473215
vt 0.168848 0.648430
vt 0.205326 0.644376
vt 0.752490 0.428436
vt 0.796871 0.467832
vt 0.763797 0.442454
vt 0.213440 0.660021
vt 0.805458 0.444615
vt 0.766567 0.460612
vt 0.789690 0.432688
vt 0.788675 0.447714
vt 0.779679 0.466695
vt 0.727593 0.495605
vt 0.732221 0.475026
vt 0.742398 0.463514
vt 0.713213 0.456419
vt 0.729786 0.442496
vt 0.741491 0.440703
vt 0.731184 0.417552
vt 0.716585 0.407786
vt 0.747503 0.392159
vt 0.706331 0.390057
vt 0.730522 0.389279
vt 0.325421 0.740025
vt 0.673909 0.427748
vt 0.691673 0.404413
vt 0.328145 0.742677
vt 0.675706 0.424764
vt 0.334843 0.747744
vt 0.674763 0.417016
vt 0.330215 0.745746
vt 0.676246 0.421426
vt 0.698102 0.424292
vt 0.683377 0.418841
vt 0.713191 0.434935
vt 0.796022 0.399925
vt 0.767571 0.388537
vt 0.782949 0.404903
vt 0.771112 0.420081
vt 0.757783 0.408073
vt 0.687068 0.378526
vt 0.553434 0.232211
vt 0.560891 0.236690
vt 0.967005 0.843242
vt 0.560796 0.241673
vt 0.968197 0.838559
vt 0.565449 0.265431
vt 0.969768 0.815840
vt 0.553875 0.260189
vt 0.560204 0.259233
vt 0.971709 0.823363
vt 0.564192 0.261596
vt 0.969369 0.819656
vt 0.535235 0.232428
vt 0.534971 0.246260
vt 0.560289 0.251024
vt 0.970385 0.830276
vt 0.559607 0.245273
vt 0.970264 0.835422
vt 0.552973 0.245976
vt 0.560325 0.254839
vt 0.971451 0.827101
vt 0.536976 0.266741
vt 0.950648 0.496378
vt 0.955130 0.775483
vt 0.942012 0.485528
vt 0.954464 0.791844
vt 0.944850 0.498674
vt 0.951960 0.780089
vt 0.941289 0.500861
vt 0.943072 0.502497
vt 0.951840 0.783808
vt 0.941413 0.505330
vt 0.951462 0.786443
vt 0.920214 0.474518
vt 0.571786 0.274083
vt 0.967366 0.805989
vt 0.567634 0.312863
vt 0.578335 0.306555
vt 0.969665 0.772468
vt 0.567969 0.267643
vt 0.968700 0.812747
vt 0.560402 0.278362
vt 0.962358 0.799504
vt 0.578171 0.320593
vt 0.574719 0.288889
vt 0.969964 0.791334
vt 0.954595 0.473373
vt 0.572352 0.277886
vt 0.968049 0.802170
vt 0.573043 0.283240
vt 0.969444 0.797295
vt 0.569735 0.270737
vt 0.967808 0.809505
vt 0.552890 0.331795
vt 0.583117 0.316973
vt 0.962350 0.760222
vt 0.581578 0.312250
vt 0.965884 0.765892
vt 0.580549 0.309696
vt 0.967546 0.768772
vt 0.957677 0.768095
vt 0.954210 0.492504
vt 0.956144 0.771300
vt 0.959937 0.769808
vt 0.955867 0.760904
vt 0.959711 0.480872
vt 0.955382 0.765622
vt 0.956523 0.485410
vt 0.955131 0.768184
vt 0.955269 0.768460
vt 0.955524 0.488846
vt 0.585080 0.322262
vt 0.956880 0.756604
vt 0.586029 0.325898
vt 0.953705 0.753951
vt 0.564768 0.296315
vt 0.571759 0.294248
vt 0.975062 0.786827
vt 0.954224 0.757327
vt 0.961218 0.476996
vt 0.574995 0.299292
vt 0.973187 0.780481
vt 0.966897 0.782871
vt 0.576991 0.304336
vt 0.970941 0.774994
vt 0.913235 0.536114
vt 0.919111 0.537776
vt 0.941262 0.818284
vt 0.915790 0.539984
vt 0.938734 0.820686
vt 0.905521 0.521569
vt 0.938702 0.510457
vt 0.951719 0.791188
vt 0.937423 0.513400
vt 0.951442 0.794132
vt 0.930484 0.506917
vt 0.922625 0.538109
vt 0.944373 0.817781
vt 0.933549 0.519538
vt 0.949984 0.799772
vt 0.926349 0.536627
vt 0.947640 0.816078
vt 0.949905 0.820953
vt 0.933204 0.524270
vt 0.951355 0.803848
vt 0.960506 0.811637
vt 0.929176 0.528184
vt 0.948414 0.807892
vt 0.928423 0.531915
vt 0.948356 0.811237
vt 0.925423 0.522740
vt 0.949158 0.875122
vt 0.561655 0.234110
vt 0.965592 0.845299
vt 0.960919 0.845459
vt 0.550339 0.205512
vt 0.561091 0.229586
vt 0.964804 0.849626
vt 0.913743 0.544339
vt 0.938872 0.824921
vt 0.562069 0.223462
vt 0.961875 0.854552
vt 0.960797 0.829748
vt 0.910919 0.548012
vt 0.936346 0.828444
vt 0.943530 0.835045
vt 0.560552 0.212112
vt 0.959294 0.864288
vt 0.558644 0.206649
vt 0.957788 0.869168
vt 0.551998 0.220360
vt 0.561884 0.215659
vt 0.959829 0.861034
vt 0.561417 0.219782
vt 0.961312 0.857927
vt 0.528626 0.145294
vt 0.705164 0.578320
vt 0.756358 0.916594
vt 0.306629 0.725307
vt 0.676351 0.449151
vt 0.300964 0.724081
vt 0.678979 0.454017
vt 0.686523 0.453174
vt 0.681065 0.469778
vt 0.322231 0.736009
vt 0.672496 0.432250
vt 0.319307 0.734581
vt 0.672224 0.435366
vt 0.679802 0.438978
vt 0.315521 0.729033
vt 0.671132 0.441175
vt 0.553204 0.311767
vt 0.546269 0.296869
vt 0.070766 0.498549
vt 0.092957 0.494897
vt 0.133440 0.567037
vt 0.117399 0.575914
vt 0.097131 0.522179
vt 0.084079 0.519088
vt 0.142679 0.539156
vt 0.129297 0.519333
vt 0.133463 0.503382
vt 0.155058 0.519007
vt 0.111736 0.512779
vt 0.145670 0.483169
vt 0.112584 0.492436
vt 0.134887 0.549007
vt 0.109903 0.539351
vt 0.123601 0.555267
vt 0.102734 0.476531
vt 0.160872 0.556242
vt 0.116794 0.587233
vt 0.139323 0.598448
vt 0.151618 0.580951
vt 0.189982 0.581044
vt 0.165461 0.603143
vt 0.171442 0.588509
vt 0.164126 0.571318
vt 0.085514 0.400503
vt 0.112082 0.408279
vt 0.185931 0.466758
vt 0.170397 0.478330
vt 0.171622 0.449369
vt 0.125290 0.432738
vt 0.150425 0.442206
vt 0.116654 0.452539
vt 0.100128 0.418612
vt 0.140647 0.422457
vt 0.099554 0.442933
vt 0.127193 0.398467
vt 0.123766 0.382650
vt 0.162892 0.422839
vt 0.130045 0.475100
vt 0.144742 0.396204
vt 0.139675 0.455791
vt 0.159158 0.466866
vt 0.177979 0.493256
vt 0.175885 0.535345
vt 0.162772 0.501969
vt 0.181705 0.551930
vt 0.209031 0.513402
vt 0.184569 0.509419
vt 0.028972 0.421096
vt 0.060932 0.406993
vt 0.055048 0.459947
vt 0.054992 0.424991
vt 0.075859 0.475133
vt 0.059558 0.442535
vt 0.073954 0.448973
vt 0.063953 0.393795
vt 0.092985 0.468552
vt 0.078498 0.421733
vt 0.528461 0.969250
vt 0.053736 0.603020
vt 0.534132 0.983023
vt 0.608615 0.926351
vt 0.031683 0.538811
vt 0.050831 0.594569
vt 0.543679 0.983968
vt 0.011965 0.532343
vt 0.617247 0.958364
vt 0.029274 0.539752
vt 0.605201 0.970245
vt 0.016065 0.532898
vt 0.615001 0.961442
vt 0.542646 0.971447
vt 0.050083 0.591444
vt 0.546890 0.984488
vt 0.051822 0.579270
vt 0.560366 0.986650
vt 0.053375 0.572930
vt 0.566276 0.990016
vt 0.051940 0.585041
vt 0.554050 0.986179
vt 0.618773 0.951763
vt 0.014289 0.527139
vt 0.622039 0.960031
vt 0.020056 0.535538
vt 0.611384 0.964053
vt 0.023823 0.538253
vt 0.607224 0.965591
vt 0.019248 0.529208
vt 0.606262 0.952962
vt 0.577641 0.953092
vt 0.566446 0.941062
vt 0.558804 0.962362
vt 0.044772 0.545642
vt 0.031566 0.544676
vt 0.600291 0.973073
vt 0.590715 0.963582
vt 0.036249 0.551881
vt 0.592087 0.976537
vt 0.034803 0.549357
vt 0.594907 0.975474
vt 0.568939 0.977100
vt 0.044253 0.561676
vt 0.580981 0.983273
vt 0.049963 0.571272
vt 0.569115 0.987214
vt 0.038385 0.554783
vt 0.588606 0.977995
vt 0.044269 0.565714
vt 0.576510 0.983072
vt 0.046282 0.567675
vt 0.574250 0.985057
vt 0.039751 0.559318
vt 0.583785 0.978326
vt 0.048406 0.561274
vt 0.040074 0.527616
vt 0.058970 0.561178
vt 0.066926 0.521295
vt 0.064037 0.541119
vt 0.325714 0.679589
vt 0.617783 0.882044
vt 0.329045 0.678541
vt 0.614791 0.882506
vt 0.328705 0.687900
vt 0.546983 0.894327
vt 0.576830 0.924943
vt 0.338594 0.680656
vt 0.606735 0.878959
vt 0.367380 0.720215
vt 0.389393 0.706398
vt 0.362280 0.687164
vt 0.586870 0.870580
vt 0.357025 0.687495
vt 0.591583 0.870703
vt 0.562873 0.903907
vt 0.370302 0.690663
vt 0.579773 0.867211
vt 0.374780 0.693982
vt 0.575550 0.864330
vt 0.366132 0.689247
vt 0.583495 0.868555
vt 0.356036 0.692165
vt 0.349193 0.685024
vt 0.598387 0.873418
vt 0.336420 0.709221
vt 0.362868 0.705766
vt 0.353476 0.686466
vt 0.594666 0.871919
vt 0.389602 0.699866
vt 0.561636 0.859645
vt 0.588231 0.887904
vt 0.345556 0.680790
vt 0.600712 0.877793
vt 0.379363 0.698274
vt 0.570875 0.860876
vt 0.383796 0.696779
vt 0.566871 0.862420
vt 0.393752 0.698016
vt 0.558311 0.860205
vt 0.625461 0.888520
vt 0.522220 0.935137
vt 0.606043 0.889377
vt 0.616568 0.893721
vt 0.320033 0.678546
vt 0.622319 0.884099
vt 0.556743 0.868260
vt 0.641124 0.914551
vt 0.327460 0.634227
vt 0.343470 0.177111
vt 0.340337 0.626738
vt 0.323121 0.631855
vt 0.345153 0.173447
vt 0.597389 0.900227
vt 0.335312 0.174308
vt 0.615872 0.903657
vt 0.543218 0.880736
vt 0.573430 0.874818
vt 0.567722 0.889229
vt 0.617421 0.917993
vt 0.586688 0.912311
vt 0.555055 0.919729
vt 0.597096 0.935298
vt 0.543763 0.942391
vt 0.537558 0.926420
vt 0.541122 0.911201
vt 0.321677 0.702464
vt 0.291827 0.678496
vt 0.643247 0.895742
vt 0.288172 0.678756
vt 0.645572 0.897602
vt 0.315029 0.677712
vt 0.625989 0.886179
vt 0.635554 0.900251
vt 0.312021 0.684744
vt 0.312296 0.676842
vt 0.627838 0.887798
vt 0.306274 0.674898
vt 0.632163 0.891335
vt 0.303345 0.676975
vt 0.635263 0.891720
vt 0.298361 0.680431
vt 0.640393 0.891604
vt 0.294946 0.681322
vt 0.643187 0.892465
vt 0.295228 0.689041
vt 0.284733 0.689264
vt 0.329713 0.529381
vt 0.298549 0.704955
vt 0.305959 0.716838
vt 0.290913 0.708973
vt 0.676705 0.472507
vt 0.292714 0.711250
vt 0.677274 0.469528
vt 0.283486 0.703780
vt 0.675835 0.481082
vt 0.286456 0.706928
vt 0.676653 0.476973
vt 0.313503 0.724782
vt 0.672346 0.444449
vt 0.309607 0.725646
vt 0.674855 0.446888
vt 0.298906 0.721942
vt 0.678683 0.456924
vt 0.295495 0.718732
vt 0.679662 0.461196
vt 0.293756 0.713299
vt 0.678318 0.467024
vt 0.293266 0.716088
vt 0.680407 0.464786
vt 0.315353 0.715882
vt 0.326303 0.730395
vt 0.712568 0.920211
vt 0.688538 0.546649
vt 0.717086 0.909621
vt 0.687823 0.542089
vt 0.713007 0.907900
vt 0.683547 0.534613
vt 0.703442 0.907270
vt 0.682299 0.529436
vt 0.697652 0.905947
vt 0.723895 0.922205
vt 0.692440 0.554117
vt 0.725072 0.909493
vt 0.690951 0.550683
vt 0.721572 0.908661
vt 0.700684 0.912772
vt 0.683131 0.526778
vt 0.695539 0.903747
vt 0.692250 0.528052
vt 0.684500 0.537629
vt 0.706728 0.908079
vt 0.005011 0.431979
vt 0.726783 0.975165
vt 0.004486 0.427384
vt 0.731647 0.974828
vt 0.006124 0.423404
vt 0.735297 0.976982
vt 0.731703 0.948113
vt 0.748745 0.945203
vt 0.718553 0.963252
vt 0.737138 0.965688
vt 0.702335 0.576259
vt 0.751810 0.917782
vt 0.698986 0.575671
vt 0.748813 0.919184
vt 0.745363 0.925023
vt 0.695171 0.575659
vt 0.745434 0.920054
vt 0.736080 0.934717
vt 0.688532 0.568122
vt 0.735757 0.919564
vt 0.689083 0.561813
vt 0.730815 0.915977
vt 0.689672 0.570332
vt 0.738253 0.920334
vt 0.691424 0.574244
vt 0.742191 0.920996
vt 0.692042 0.559151
vt 0.728839 0.912559
vt 0.695872 0.570333
vt 0.693740 0.551439
vt 0.705466 0.555384
vt 0.675949 0.942039
vt 0.706445 0.939766
vt 0.019240 0.455784
vt 0.697214 0.979370
vt 0.020464 0.464179
vt 0.015629 0.466058
vt 0.687850 0.970318
vt 0.014374 0.474427
vt 0.680206 0.963259
vt 0.016255 0.463362
vt 0.690508 0.972386
vt 0.014597 0.468756
vt 0.685659 0.967449
vt 0.684265 0.958189
vt 0.694110 0.959352
vt 0.059943 0.480704
vt 0.015950 0.478208
vt 0.675830 0.962861
vt 0.016591 0.449810
vt 0.704472 0.979510
vt 0.018257 0.459248
vt 0.694328 0.976806
vt 0.038144 0.451893
vt 0.035014 0.469943
vt 0.024303 0.453316
vt 0.703723 0.972283
vt 0.007168 0.434996
vt 0.723033 0.976815
vt 0.007862 0.439645
vt 0.718145 0.976115
vt 0.009162 0.425270
vt 0.010130 0.444136
vt 0.712990 0.976486
vt 0.017012 0.439934
vt 0.013388 0.445915
vt 0.710038 0.978842
vt 0.073584 0.563627
vt 0.070699 0.581366
vt 0.100023 0.586430
vt 0.099446 0.571618
vt 0.090551 0.597966
vt 0.084608 0.575035
vt 0.094269 0.557249
vt 0.082042 0.541374
vt 0.062541 0.624033
vt 0.511865 0.982474
vt 0.078027 0.615646
vt 0.097286 0.609308
vt 0.110137 0.606582
vt 0.064841 0.610521
vt 0.053648 0.598561
vt 0.538625 0.984551
vt 0.055676 0.586546
vt 0.067869 0.600376
vt 0.053684 0.608666
vt 0.528596 0.982230
vt 0.061446 0.619923
vt 0.515726 0.983755
vt 0.058165 0.615522
vt 0.520992 0.983128
vt 0.680501 0.523031
vt 0.690195 0.903666
vt 0.683985 0.909113
vt 0.676767 0.519928
vt 0.685221 0.904835
vt 0.252871 0.686414
vt 0.674349 0.513589
vt 0.678208 0.903333
vt 0.258094 0.693307
vt 0.677538 0.506447
vt 0.675553 0.517830
vt 0.682583 0.904844
vt 0.254348 0.689954
vt 0.676378 0.510799
vt 0.258210 0.681253
vt 0.672112 0.907843
vt 0.258898 0.688420
vt 0.255777 0.684257
vt 0.675133 0.905285
vt 0.683149 0.513407
vt 0.015320 0.523112
vt 0.625718 0.959743
vt 0.016949 0.515946
vt 0.633377 0.958389
vt 0.017464 0.521331
vt 0.628221 0.959988
vt 0.669190 0.953819
vt 0.633812 0.948097
vt 0.657769 0.940567
vt 0.013983 0.487277
vt 0.667036 0.957501
vt 0.015093 0.484300
vt 0.669672 0.959621
vt 0.040752 0.496293
vt 0.337936 0.635185
vt 0.341058 0.185566
vt 0.014231 0.490898
vt 0.663134 0.957480
vt 0.050632 0.513642
vt 0.021116 0.477011
vt 0.651704 0.950995
vt 0.024641 0.489771
vt 0.016057 0.495776
vt 0.656632 0.958933
vt 0.014375 0.501192
vt 0.651250 0.957117
vt 0.016078 0.498715
vt 0.653373 0.959330
vt 0.023091 0.500897
vt 0.014856 0.507611
vt 0.644201 0.956366
vt 0.017069 0.511967
vt 0.638444 0.958196
vt 0.023598 0.512777
vt 0.268336 0.698276
vt 0.676849 0.495838
vt 0.679574 0.492939
vt 0.261957 0.694657
vt 0.677305 0.502832
vt 0.266419 0.696784
vt 0.676767 0.498146
vt 0.264846 0.694850
vt 0.676127 0.500418
vt 0.270659 0.678489
vt 0.659942 0.906539
vt 0.265573 0.679101
vt 0.664779 0.908490
vt 0.686165 0.484386
vt 0.271759 0.688804
vt 0.261393 0.679698
vt 0.668850 0.908994
vt 0.272527 0.700426
vt 0.677689 0.491926
vt 0.276493 0.701481
vt 0.677009 0.488134
vt 0.335236 0.188611
vt 0.341849 0.189255
vt 0.342316 0.634710
vt 0.645992 0.932406
vt 0.631371 0.929137
vt 0.658244 0.917822
vt 0.273221 0.678364
vt 0.657660 0.905378
vt 0.645346 0.905129
vt 0.688725 0.925265
vt 0.282045 0.678771
vt 0.650206 0.900342
vt 0.285438 0.678323
vt 0.647684 0.898894
vt 0.675258 0.918826
vt 0.277404 0.678768
vt 0.654465 0.902370
vt 0.521178 0.187538
vt 0.172818 0.301851
vt 0.176009 0.293489
vt 0.459490 0.202475
vt 0.155525 0.305294
vt 0.168310 0.291455
vt 0.460813 0.194016
vt 0.150083 0.328081
vt 0.164366 0.287623
vt 0.462135 0.188262
vt 0.161700 0.286105
vt 0.462614 0.185043
vt 0.156316 0.281736
vt 0.465791 0.178521
vt 0.159107 0.284218
vt 0.464128 0.182115
vt 0.128152 0.299616
vt 0.154597 0.288753
vt 0.152959 0.281501
vt 0.466492 0.174834
vt 0.472449 0.194241
vt 0.503372 0.195658
vt 0.134374 0.315292
vt 0.509553 0.168405
vt 0.490022 0.182413
vt 0.500489 0.145786
vt 0.482965 0.160360
vt 0.139757 0.273843
vt 0.472461 0.158891
vt 0.475976 0.100952
vt 0.500296 0.119325
vt 0.485026 0.122253
vt 0.520608 0.118467
vt 0.106384 0.279815
vt 0.460106 0.118622
vt 0.102420 0.278399
vt 0.462148 0.114420
vt 0.113038 0.278005
vt 0.461818 0.126403
vt 0.101370 0.290083
vt 0.472808 0.123158
vt 0.123891 0.281423
vt 0.459226 0.141289
vt 0.120973 0.279869
vt 0.460167 0.136804
vt 0.117220 0.279033
vt 0.460487 0.131573
vt 0.474899 0.142553
vt 0.127262 0.281190
vt 0.460828 0.145719
vt 0.118184 0.288636
vt 0.470013 0.177029
vt 0.145717 0.276121
vt 0.470856 0.165968
vt 0.148746 0.279503
vt 0.467643 0.169936
vt 0.099077 0.277874
vt 0.463395 0.110939
vt 0.142442 0.275711
vt 0.470843 0.162241
vt 0.130971 0.278356
vt 0.465378 0.149588
vt 0.133982 0.276500
vt 0.468613 0.152481
vt 0.138662 0.280958
vt 0.513971 0.134850
vt 0.242441 0.467286
vt 0.260595 0.429204
vt 0.274256 0.425984
vt 0.295195 0.408125
vt 0.431915 0.376394
vt 0.293311 0.417278
vt 0.443121 0.374696
vt 0.291666 0.403995
vt 0.431709 0.370392
vt 0.292450 0.399521
vt 0.434707 0.367340
vt 0.294535 0.396916
vt 0.437833 0.366723
vt 0.288779 0.397301
vt 0.433368 0.363719
vt 0.286805 0.411636
vt 0.296611 0.412244
vt 0.429613 0.380729
vt 0.298368 0.413821
vt 0.430818 0.383289
vt 0.301061 0.416100
vt 0.431553 0.387210
vt 0.223341 0.474511
vt 0.466410 0.391636
vt 0.477716 0.432528
vt 0.464902 0.454382
vt 0.441280 0.388521
vt 0.304140 0.433712
vt 0.438257 0.404683
vt 0.303372 0.419710
vt 0.430792 0.391772
vt 0.314512 0.431704
vt 0.431700 0.405873
vt 0.314437 0.436520
vt 0.430248 0.409921
vt 0.316829 0.443683
vt 0.430295 0.416199
vt 0.439963 0.422437
vt 0.308066 0.423760
vt 0.431156 0.398093
vt 0.311354 0.426376
vt 0.431411 0.401000
vt 0.345261 0.520148
vt 0.366628 0.498350
vt 0.452247 0.478994
vt 0.362435 0.493371
vt 0.450373 0.473340
vt 0.360095 0.490131
vt 0.449129 0.470105
vt 0.356666 0.486581
vt 0.447046 0.466511
vt 0.347708 0.494871
vt 0.350189 0.483094
vt 0.442044 0.461658
vt 0.339960 0.469882
vt 0.436835 0.446166
vt 0.340483 0.475193
vt 0.436020 0.451066
vt 0.449824 0.464139
vt 0.344333 0.478097
vt 0.437655 0.455250
vt 0.329133 0.473676
vt 0.337347 0.465849
vt 0.436345 0.441622
vt 0.444806 0.443201
vt 0.331674 0.465156
vt 0.431384 0.439803
vt 0.323583 0.493897
vt 0.329440 0.463262
vt 0.429470 0.437810
vt 0.321957 0.453995
vt 0.425757 0.426768
vt 0.322415 0.457413
vt 0.424793 0.430152
vt 0.325379 0.460911
vt 0.426747 0.434119
vt 0.429221 0.432068
vt 0.315167 0.456100
vt 0.322048 0.448403
vt 0.428495 0.421655
vt 0.284470 0.486959
vt 0.308385 0.473396
vt 0.257644 0.496752
vt 0.252438 0.449206
vt 0.286057 0.451335
vt 0.460816 0.433087
vt 0.459468 0.477553
vt 0.212584 0.495369
vt 0.195233 0.482965
vt 0.566817 0.421701
vt 0.575558 0.384729
vt 0.582706 0.431873
vt 0.568552 0.400700
vt 0.548863 0.403650
vt 0.546829 0.427857
vt 0.517539 0.343415
vt 0.540741 0.346433
vt 0.507297 0.368463
vt 0.544936 0.373878
vt 0.553021 0.357207
vt 0.530963 0.356734
vt 0.556901 0.386021
vt 0.524738 0.373803
vt 0.532169 0.402989
vt 0.517685 0.396010
vt 0.512783 0.448002
vt 0.529773 0.436087
vt 0.510919 0.415454
vt 0.487955 0.417296
vt 0.498874 0.436222
vt 0.479415 0.348455
vt 0.489109 0.387232
vt 0.461228 0.406945
vt 0.491663 0.401383
vt 0.471770 0.373172
vt 0.247052 0.352866
vt 0.247905 0.346504
vt 0.443830 0.300517
vt 0.251261 0.348593
vt 0.444107 0.304542
vt 0.259044 0.356718
vt 0.442109 0.316628
vt 0.456010 0.317448
vt 0.255399 0.353612
vt 0.443020 0.311318
vt 0.256098 0.361375
vt 0.263296 0.368281
vt 0.434561 0.327243
vt 0.261756 0.361970
vt 0.439048 0.321781
vt 0.271251 0.379776
vt 0.432159 0.341013
vt 0.245887 0.344319
vt 0.443569 0.297367
vt 0.443423 0.331166
vt 0.266544 0.371201
vt 0.434300 0.331657
vt 0.268414 0.375668
vt 0.432483 0.336174
vt 0.261592 0.378420
vt 0.262362 0.410272
vt 0.279847 0.392956
vt 0.429821 0.355298
vt 0.285130 0.395748
vt 0.431981 0.360219
vt 0.443360 0.354550
vt 0.229858 0.369914
vt 0.249586 0.395102
vt 0.276495 0.386855
vt 0.431507 0.349240
vt 0.277130 0.397310
vt 0.238683 0.409650
vt 0.244459 0.425416
vt 0.212867 0.433565
vt 0.204099 0.460122
vt 0.232402 0.386268
vt 0.230083 0.450199
vt 0.229523 0.425590
vt 0.206829 0.402550
vt 0.195588 0.443387
vt 0.223540 0.406745
vt 0.180054 0.429734
vt 0.195720 0.421245
vt 0.212430 0.374974
vt 0.193669 0.377039
vt 0.461213 0.343108
vt 0.448454 0.300444
vt 0.497843 0.315123
vt 0.499424 0.343358
vt 0.476361 0.317782
vt 0.511362 0.323626
vt 0.532135 0.325884
vt 0.526429 0.304787
vt 0.514316 0.284033
vt 0.535789 0.286262
vt 0.490814 0.230025
vt 0.504838 0.240447
vt 0.499952 0.214420
vt 0.185408 0.299678
vt 0.186204 0.295895
vt 0.460523 0.214023
vt 0.191616 0.296448
vt 0.462257 0.219892
vt 0.195651 0.299770
vt 0.461057 0.225665
vt 0.188545 0.295261
vt 0.462129 0.216218
vt 0.181854 0.294157
vt 0.460639 0.208798
vt 0.198972 0.301535
vt 0.461338 0.229817
vt 0.201324 0.304799
vt 0.459558 0.233887
vt 0.467072 0.232938
vt 0.484284 0.209758
vt 0.203229 0.306634
vt 0.458883 0.236711
vt 0.469091 0.213234
vt 0.185371 0.317986
vt 0.206335 0.332362
vt 0.205494 0.353101
vt 0.222189 0.332352
vt 0.213166 0.319877
vt 0.232806 0.340409
vt 0.220141 0.349151
vt 0.206055 0.307777
vt 0.459252 0.240115
vt 0.218781 0.316133
vt 0.456754 0.257232
vt 0.209030 0.309438
vt 0.459144 0.243941
vt 0.211604 0.311073
vt 0.458840 0.247397
vt 0.471350 0.250926
vt 0.191110 0.327797
vt 0.228147 0.331337
vt 0.446525 0.274056
vt 0.216270 0.313296
vt 0.458201 0.253224
vt 0.214262 0.311799
vt 0.458788 0.250503
vt 0.204229 0.310617
vt 0.231304 0.332982
vt 0.446270 0.277846
vt 0.228025 0.327631
vt 0.449953 0.271947
vt 0.490748 0.253319
vt 0.492828 0.289892
vt 0.505541 0.263984
vt 0.475062 0.268812
vt 0.242985 0.341277
vt 0.444475 0.293018
vt 0.239477 0.337634
vt 0.446337 0.287990
vt 0.237408 0.334374
vt 0.448149 0.284338
vt 0.456694 0.281117
vt 0.226887 0.324851
vt 0.452271 0.269619
vt 0.471000 0.299128
vt 0.520694 0.231815
vt 0.517551 0.255478
vt 0.223223 0.320760
vt 0.454264 0.263844
vt 0.176655 0.407657
vt 0.177908 0.358065
vt 0.140794 0.349097
vt 0.172706 0.334518
vt 0.160777 0.354834
vt 0.190470 0.354419
vt 0.181021 0.388892
vt 0.161372 0.381517
vt 0.037119 0.436857
vt 0.216158 0.583077
vt 0.196653 0.566080
vt 0.230567 0.512620
vt 0.247656 0.521926
vt 0.219725 0.528235
vt 0.210673 0.563662
vt 0.200800 0.539554
vt 0.223327 0.550880
vt 0.259880 0.560922
vt 0.254979 0.544510
vt 0.240123 0.570394
vt 0.200755 0.601956
vt 0.224998 0.594943
vt 0.243104 0.602963
vt 0.214293 0.613997
vt 0.274677 0.574275
vt 0.249156 0.628821
vt 0.266115 0.613815
vt 0.262252 0.594307
vt 0.278355 0.603125
vt 0.269379 0.631028
vt 0.292362 0.627028
vt 0.304614 0.622554
vt 0.297411 0.589918
vt 0.285605 0.522618
vt 0.266223 0.470609
vt 0.230034 0.488349
vt 0.298206 0.608028
vt 0.303883 0.529570
vt 0.306829 0.507974
vt 0.321060 0.544898
vt 0.286283 0.552203
vt 0.338344 0.561153
vt 0.311508 0.568040
vt 0.361422 0.595461
vt 0.339810 0.587289
vt 0.352824 0.575262
vt 0.331389 0.605213
vt 0.216133 0.188111
vt 0.216212 0.188295
vt 0.915537 0.771550
vt 0.894427 0.709921
vt 0.209034 0.196372
vt 0.918472 0.760314
vt 0.200022 0.199300
vt 0.925597 0.752914
vt 0.911215 0.736486
vt 0.211303 0.191258
vt 0.918775 0.766295
vt 0.213052 0.188934
vt 0.918181 0.769333
vt 0.190405 0.199586
vt 0.933470 0.747543
vt 0.232193 0.200819
vt 0.893350 0.768869
vt 0.243808 0.174419
vt 0.262768 0.191144
vt 0.254668 0.231207
vt 0.855388 0.752309
vt 0.241186 0.212407
vt 0.878291 0.763371
vt 0.874871 0.752307
vt 0.263743 0.212832
vt 0.857876 0.734065
vt 0.253382 0.226706
vt 0.858890 0.756029
vt 0.254893 0.236309
vt 0.852718 0.747415
vt 0.293673 0.221891
vt 0.286421 0.179193
vt 0.269057 0.168846
vt 0.289897 0.148076
vt 0.279976 0.651934
vt 0.326898 0.137706
vt 0.242452 0.662214
vt 0.313743 0.106776
vt 0.309186 0.117157
vt 0.309371 0.636342
vt 0.340806 0.162100
vt 0.152813 0.627655
vn -0.1033 0.1752 -0.9791
vn 0.0535 -0.6436 -0.7635
vn 0.2234 -0.5561 -0.8005
vn 0.0737 0.7396 -0.6691
vn 0.5739 -0.2962 -0.7635
vn 0.1052 0.0269 -0.9941
vn 0.3292 -0.4872 -0.8088
vn 0.3939 -0.5939 -0.7015
vn -0.0616 -0.5719 -0.8180
vn 0.0071 -0.5752 -0.8180
vn 0.1139 -0.6650 -0.7381
vn -0.0985 -0.5756 -0.8118
vn 0.1238 -0.3098 -0.9427
vn 0.2014 -0.7150 -0.6695
vn 0.3981 -0.8028 -0.4438
vn 0.3085 -0.7758 -0.5504
vn 0.0802 -0.6618 -0.7454
vn -0.0220 -0.7722 -0.6350
vn 0.2706 0.1166 -0.9556
vn 0.3676 -0.6824 -0.6318
vn 0.0469 -0.9979 -0.0443
vn 0.1160 -0.8104 -0.5742
vn 0.2622 -0.9242 -0.2778
vn 0.2656 -0.8842 0.3843
vn 0.6502 -0.6549 -0.3852
vn 0.5374 -0.6339 -0.5563
vn 0.0286 -0.9991 -0.0306
vn 0.3120 -0.7543 -0.5777
vn 0.3217 -0.7425 -0.5876
vn 0.5882 -0.7835 -0.2001
vn 0.5416 0.5282 -0.6540
vn 0.5882 -0.6825 -0.4339
vn 0.2953 0.5375 -0.7899
vn 0.4373 -0.8211 -0.3668
vn 0.3893 -0.1511 -0.9086
vn 0.4859 -0.7228 -0.4913
vn 0.3683 -0.8621 -0.3480
vn 0.2478 -0.4237 -0.8712
vn 0.2825 -0.9377 -0.2021
vn 0.5800 -0.6556 -0.4836
vn 0.3186 -0.9020 -0.2915
vn 0.2822 0.8729 -0.3979
vn 0.1479 0.9055 -0.3978
vn 0.0614 0.8578 -0.5104
vn 0.2527 0.6930 -0.6752
vn 0.7875 -0.4984 -0.3627
vn -0.4992 0.3076 -0.8101
vn 0.0091 0.7459 -0.6660
vn 0.4131 -0.6037 -0.6819
vn 0.2029 0.6997 -0.6850
vn 0.1347 0.8881 -0.4394
vn 0.1968 0.3940 -0.8978
vn 0.9616 0.1714 -0.2143
vn 0.2270 0.8797 -0.4179
vn 0.0977 0.8415 -0.5313
vn 0.7913 0.0761 -0.6067
vn 0.0567 0.4223 -0.9047
vn 0.8580 0.2732 -0.4349
vn 0.1147 0.7568 -0.6435
vn 0.8931 0.2369 -0.3824
vn 0.6053 0.6581 -0.4479
vn 0.4290 0.8765 -0.2182
vn 0.9019 0.4208 0.0973
vn 0.6836 0.6963 0.2189
vn 0.9536 -0.1485 -0.2619
vn 0.5123 -0.7959 -0.3226
vn 0.6232 -0.7795 -0.0629
vn 0.4689 -0.8733 -0.1321
vn 0.9767 0.2062 0.0594
vn 0.2892 0.9279 -0.2355
vn 0.9893 -0.1124 -0.0933
vn 0.7464 0.6565 -0.1092
vn 0.9755 0.1950 -0.1020
vn 0.6694 -0.7343 -0.1131
vn 0.7332 -0.6421 -0.2240
vn 0.7175 -0.6965 0.0048
vn 0.8721 -0.4889 0.0212
vn 0.9774 0.2097 -0.0256
vn 0.2056 0.9164 -0.3435
vn 0.9819 0.1703 -0.0830
vn -0.2672 0.9585 -0.1000
vn -0.0456 -0.7371 -0.6742
vn 0.8924 -0.4513 -0.0049
vn 0.8789 -0.4227 -0.2211
vn 0.3472 -0.7821 -0.5174
vn 0.8633 -0.3777 -0.3347
vn 0.4300 -0.7757 -0.4619
vn 0.8070 -0.5380 -0.2437
vn -0.0482 -0.6859 -0.7261
vn 0.1895 0.3524 -0.9165
vn 0.4072 -0.8768 -0.2558
vn 0.7260 -0.6633 -0.1814
vn 0.3542 -0.7821 -0.5128
vn 0.0717 -0.9082 -0.4123
vn 0.7354 -0.2589 -0.6262
vn -0.2986 -0.6520 -0.6969
vn 0.7118 -0.4961 -0.4972
vn -0.3844 0.1829 -0.9049
vn 0.4359 -0.8988 -0.0453
vn 0.8187 -0.5236 -0.2357
vn 0.9565 -0.1765 -0.2321
vn 0.9336 0.0816 -0.3489
vn 0.0392 0.6988 -0.7142
vn 0.5801 -0.3992 -0.7100
vn 0.6081 -0.0804 -0.7898
vn 0.1725 0.8406 -0.5135
vn 0.4519 0.6109 -0.6501
vn 0.5872 -0.2676 -0.7639
vn 0.4948 -0.0655 -0.8665
vn 0.6239 -0.6364 -0.4537
vn 0.6574 -0.0603 -0.7511
vn 0.4697 -0.7087 -0.5265
vn 0.5613 0.0981 -0.8218
vn 0.7031 -0.4271 -0.5686
vn 0.6951 -0.0894 -0.7133
vn 0.5920 -0.6086 -0.5283
vn 0.5240 -0.5535 -0.6473
vn 0.2531 -0.7785 -0.5744
vn 0.5450 -0.7779 -0.3128
vn 0.0599 0.0710 -0.9957
vn 0.3111 -0.8061 -0.5034
vn 0.6072 -0.1065 -0.7874
vn 0.5255 -0.0316 -0.8502
vn 0.6615 -0.4902 -0.5675
vn 0.5482 -0.8284 -0.1149
vn 0.5373 -0.7995 -0.2687
vn 0.4185 -0.8733 -0.2493
vn 0.4179 -0.8437 -0.3370
vn 0.3174 -0.8919 -0.3221
vn 0.1679 -0.9824 -0.0823
vn 0.0629 -0.9972 -0.0413
vn 0.1646 -0.9830 -0.0810
vn 0.1753 -0.9821 -0.0691
vn 0.1916 -0.9775 -0.0878
vn 0.1466 -0.9850 -0.0908
vn 0.3311 -0.9417 -0.0590
vn 0.2769 -0.9602 -0.0372
vn 0.2995 -0.9304 -0.2115
vn 0.3908 0.7235 -0.5691
vn 0.6259 0.4659 -0.6255
vn 0.4549 -0.8311 -0.3199
vn 0.4435 0.6724 -0.5926
vn 0.6409 -0.6719 -0.3713
vn 0.3564 0.7754 -0.5213
vn 0.5583 0.5541 -0.6174
vn 0.3639 -0.7537 -0.5473
vn 0.3658 -0.7981 -0.4789
vn 0.3890 -0.8374 -0.3840
vn 0.4200 0.3964 -0.8164
vn 0.6386 0.1599 -0.7528
vn 0.5321 0.3691 -0.7620
vn 0.9097 -0.0867 -0.4061
vn 0.7065 -0.4105 -0.5765
vn 0.4382 -0.8721 -0.2179
vn 0.2885 -0.9465 -0.1443
vn 0.6235 -0.5139 -0.5892
vn 0.5213 -0.2152 -0.8258
vn 0.6401 0.3337 -0.6921
vn 0.9456 -0.2573 -0.1990
vn 0.8389 -0.1164 -0.5317
vn 0.6093 -0.4236 -0.6703
vn 0.5419 -0.6582 -0.5225
vn 0.3055 0.5403 -0.7841
vn 0.7230 0.4013 -0.5624
vn 0.3399 0.8440 -0.4148
vn 0.4086 0.7650 -0.4979
vn 0.5187 -0.8542 -0.0349
vn 0.4518 -0.8921 -0.0062
vn 0.4753 -0.8711 0.1237
vn 0.5630 -0.8208 0.0961
vn 0.7768 -0.5900 0.2201
vn 0.2832 -0.9527 -0.1104
vn 0.4997 -0.8486 -0.1738
vn 0.5385 -0.8200 -0.1940
vn 0.3378 -0.9327 -0.1261
vn 0.4753 -0.8767 -0.0741
vn 0.6216 -0.7828 -0.0289
vn 0.3854 -0.8444 -0.3721
vn 0.4610 -0.8244 -0.3284
vn 0.3060 -0.9491 -0.0744
vn 0.2146 -0.9607 -0.1760
vn 0.1250 -0.9844 -0.1235
vn -0.7454 -0.6654 -0.0404
vn -0.1998 0.4076 -0.8911
vn -0.6609 -0.7131 -0.2340
vn -0.2488 0.3836 -0.8893
vn -0.6018 -0.1331 0.7875
vn -0.1552 0.9805 -0.1204
vn -0.1293 -0.2476 0.9602
vn -0.0912 0.9335 0.3469
vn -0.1552 0.9805 -0.1204
vn -0.6901 -0.6974 -0.1932
vn -0.6053 -0.6797 -0.4142
vn -0.6336 -0.6794 -0.3701
vn 0.5371 -0.8292 -0.1547
vn 0.7590 -0.6510 -0.0079
vn 0.8034 -0.5373 -0.2564
vn 0.3791 -0.9218 -0.0812
vn 0.0797 -0.9833 -0.1636
vn 0.1076 -0.9777 -0.1805
vn 0.4868 -0.8724 -0.0439
vn 0.4684 -0.8729 0.1365
vn 0.2856 -0.9297 -0.2328
vn 0.4228 -0.8830 -0.2038
vn 0.3938 -0.8765 -0.2770
vn 0.3797 -0.8931 -0.2413
vn 0.9465 -0.2901 -0.1417
vn 0.2403 -0.9529 -0.1849
vn 0.2628 -0.9504 -0.1665
vn 0.1247 -0.9815 -0.1454
vn 0.2569 -0.9421 -0.2157
vn 0.4701 -0.8659 -0.1712
vn 0.3761 -0.8809 -0.2874
vn 0.6609 -0.7353 -0.1502
vn 0.5320 -0.8389 -0.1146
vn 0.5253 -0.8080 -0.2666
vn 0.6927 -0.6686 -0.2702
vn 0.6707 -0.6747 -0.3081
vn 0.9323 -0.3613 -0.0175
vn 0.9808 0.1949 0.0102
vn 0.9573 -0.1211 0.2625
vn 0.1306 -0.9893 -0.0656
vn 0.2593 -0.9572 -0.1286
vn 0.0499 -0.9956 -0.0789
vn 0.1365 -0.9906 0.0095
vn 0.2361 -0.9602 -0.1490
vn 0.1354 -0.9849 -0.1075
vn 0.9751 0.1670 -0.1458
vn 0.6085 -0.7894 -0.0814
vn 0.4737 -0.7852 -0.3988
vn 0.5577 -0.6653 -0.4964
vn 0.4113 -0.5752 -0.7071
vn 0.2915 -0.9325 -0.2133
vn 0.2486 -0.7619 -0.5981
vn 0.3439 -0.6808 -0.6467
vn 0.6433 -0.5929 -0.4844
vn 0.2189 -0.8017 0.5562
vn 0.2929 -0.9470 0.1320
vn 0.2221 -0.9748 0.0199
vn 0.2235 -0.9624 0.1543
vn 0.1242 -0.9869 0.1029
vn 0.6183 -0.7727 0.1436
vn 0.8674 0.3360 0.3670
vn 0.1737 -0.9845 -0.0246
vn 0.0746 -0.9972 0.0116
vn 0.8391 0.0669 -0.5398
vn 0.3491 0.6210 -0.7018
vn 0.9650 0.0721 -0.2522
vn 0.7827 0.5227 -0.3380
vn -0.8325 0.4913 -0.2561
vn -0.8396 0.3098 -0.4463
vn -0.8300 0.4775 -0.2882
vn -0.8321 0.4840 -0.2709
vn -0.7011 0.3488 -0.6219
vn -0.7886 0.4602 -0.4078
vn -0.9045 0.3041 -0.2990
vn -0.8460 0.2968 -0.4430
vn -0.9080 0.2772 -0.3141
vn -0.9512 0.1491 -0.2703
vn -0.6405 -0.7298 0.2389
vn -0.9871 0.1272 -0.0974
vn -0.9864 0.0417 -0.1591
vn -0.8841 -0.2937 0.3634
vn -0.4433 0.6924 -0.5692
vn -0.1552 0.9805 -0.1204
vn -0.6574 -0.5964 0.4607
vn -0.6279 -0.7781 -0.0164
vn -0.7980 -0.5736 -0.1852
vn -0.9273 -0.3714 -0.0468
vn -0.9270 0.0465 -0.3721
vn -0.7458 -0.4944 -0.4466
vn -0.7847 0.0744 -0.6153
vn -0.8004 -0.3860 -0.4586
vn -0.9905 -0.1376 -0.0020
vn -0.7140 0.6243 -0.3169
vn -0.7830 0.5120 -0.3532
vn -0.8108 -0.3858 -0.4401
vn -0.8669 -0.4420 -0.2304
vn -0.8008 -0.3965 -0.4488
vn -0.5392 0.4487 -0.7127
vn -0.7417 -0.6054 -0.2886
vn -0.8783 -0.4353 -0.1975
vn -0.9530 -0.1959 -0.2311
vn -0.8941 0.2201 -0.3901
vn -0.9312 -0.2812 -0.2320
vn -0.8693 0.3605 -0.3381
vn -0.9108 -0.2461 -0.3315
vn -0.8659 0.3173 -0.3868
vn -0.9045 -0.3847 0.1842
vn -0.9049 -0.3283 -0.2709
vn -0.9392 0.2362 -0.2493
vn -0.7451 -0.5667 -0.3516
vn -0.7899 -0.6081 -0.0792
vn -0.9222 0.3111 -0.2297
vn -0.8558 -0.2937 -0.4258
vn -0.8568 -0.3127 -0.4100
vn -0.8761 -0.3140 -0.3659
vn -0.8744 -0.3466 -0.3396
vn -0.8837 0.1237 -0.4515
vn -0.8445 -0.2731 -0.4607
vn -0.8366 -0.3219 -0.4433
vn -0.8939 -0.3230 -0.3109
vn -0.7370 0.5636 -0.3731
vn -0.8740 -0.4129 -0.2563
vn -0.5214 0.7826 -0.3399
vn -0.8904 0.3661 -0.2704
vn -0.8056 0.5208 -0.2823
vn -0.9431 0.3145 0.1077
vn -0.8726 0.4851 0.0570
vn -0.9628 0.1624 -0.2162
vn -0.9235 0.1260 -0.3624
vn -0.8664 -0.1171 0.4854
vn -0.8799 0.4486 0.1566
vn -0.8875 -0.2439 0.3910
vn -0.9768 0.2133 -0.0194
vn -0.8390 0.2766 0.4686
vn -0.8775 0.4171 0.2368
vn -0.7887 0.5701 0.2300
vn -0.9367 -0.2338 0.2605
vn -0.9039 0.3019 -0.3029
vn -0.7962 0.0651 0.6016
vn -0.8812 0.3928 0.2629
vn -0.9569 0.0695 -0.2820
vn -0.9009 0.2927 -0.3204
vn -0.8610 0.4872 -0.1463
vn -0.7984 -0.1682 0.5782
vn -0.8545 0.2876 0.4325
vn -0.6537 -0.2879 0.6999
vn -0.7459 0.4238 0.5138
vn -0.7050 -0.5096 0.4933
vn -0.8189 -0.4532 0.3521
vn -0.9778 0.1894 0.0901
vn -0.8917 -0.3012 0.3379
vn -0.7443 0.4166 -0.5220
vn -0.9297 0.2211 0.2945
vn -0.8229 0.0687 0.5641
vn -0.7431 0.2507 0.6204
vn -0.3216 0.1057 0.9410
vn -0.4114 0.0669 0.9090
vn -0.4809 0.6631 0.5735
vn -0.5289 0.1793 0.8295
vn -0.6236 0.3194 0.7135
vn -0.9476 0.3159 0.0481
vn -0.6296 -0.4047 0.6632
vn -0.5068 -0.5620 0.6537
vn -0.6747 -0.2798 0.6830
vn -0.8426 0.4127 0.3458
vn -0.5378 -0.2186 0.8143
vn -0.3027 0.1588 0.9397
vn -0.2751 0.6847 0.6749
vn -0.7521 0.6563 -0.0602
vn -0.4047 -0.1805 0.8964
vn -0.6034 0.1665 0.7799
vn -0.6368 0.1085 0.7633
vn -0.6752 0.6836 -0.2771
vn -0.8521 0.3436 -0.3949
vn -0.8376 0.3655 -0.4060
vn -0.6707 -0.0947 0.7357
vn -0.6910 0.0637 0.7200
vn -0.8654 0.3694 -0.3385
vn -0.5170 0.8535 -0.0650
vn -0.6277 -0.7105 0.3182
vn -0.8628 0.2649 0.4305
vn -0.6902 0.6703 0.2726
vn -0.8064 -0.2700 0.5262
vn -0.5292 -0.5405 0.6540
vn -0.6079 -0.4051 0.6829
vn -0.0845 -0.3375 0.9375
vn 0.2953 0.0230 0.9551
vn 0.1882 0.0140 0.9820
vn -0.0183 -0.3857 0.9224
vn -0.5806 -0.6693 0.4636
vn -0.9682 0.2267 0.1061
vn -0.7569 0.5517 0.3502
vn -0.7011 -0.3610 0.6149
vn -0.8852 0.3837 0.2631
vn -0.8572 0.4909 0.1555
vn -0.9274 0.3680 0.0668
vn -0.8045 0.5914 0.0546
vn -0.6241 -0.7375 0.2581
vn -0.4032 -0.7086 0.5790
vn -0.8362 -0.5331 0.1288
vn -0.6571 -0.7293 0.1906
vn -0.6807 -0.6756 0.2831
vn -0.3622 -0.8588 0.3624
vn -0.7219 -0.6821 -0.1165
vn -0.7567 -0.5104 0.4085
vn -0.9030 -0.0828 0.4216
vn -0.8662 0.2942 0.4039
vn -0.6641 -0.3452 0.6631
vn -0.5341 -0.6465 0.5448
vn -0.7275 -0.2666 0.6321
vn -0.8890 0.1229 0.4411
vn -0.8627 0.1229 0.4905
vn -0.8929 0.2505 0.3741
vn -0.7984 0.3918 0.4571
vn -0.5658 -0.6605 0.4936
vn -0.0359 -0.6695 0.7420
vn -0.9613 -0.0874 0.2612
vn -0.6418 -0.2097 0.7376
vn -0.5932 -0.8015 0.0763
vn -0.7070 0.2745 0.6517
vn -0.7045 -0.0014 0.7097
vn -0.7538 -0.3311 0.5676
vn -0.6643 -0.0900 0.7420
vn -0.7296 -0.3718 0.5739
vn -0.6504 0.0307 0.7590
vn 0.4594 -0.8573 -0.2325
vn -0.7384 0.0375 0.6733
vn -0.7823 -0.5095 0.3583
vn -0.5742 0.0116 0.8187
vn -0.7299 -0.1965 0.6547
vn -0.6633 -0.3000 0.6855
vn -0.4660 -0.3211 0.8244
vn -0.5271 0.1525 0.8360
vn -0.4702 0.3190 0.8229
vn -0.4677 -0.0349 0.8832
vn -0.2492 0.1940 0.9488
vn -0.5517 -0.1059 0.8273
vn -0.3824 -0.0402 0.9231
vn -0.3961 -0.0692 0.9156
vn -0.2498 0.0623 0.9663
vn -0.6966 -0.2330 0.6786
vn -0.6567 -0.1335 0.7423
vn -0.5217 -0.2067 0.8277
vn -0.6984 -0.3892 0.6007
vn -0.7142 -0.0643 0.6970
vn -0.4128 -0.3299 0.8490
vn -0.5738 -0.6375 0.5141
vn -0.8778 -0.2794 0.3891
vn -0.4475 -0.6446 0.6198
vn -0.3068 -0.5626 0.7677
vn -0.2969 -0.6608 0.6893
vn -0.6441 -0.1279 0.7542
vn -0.5089 0.1871 0.8402
vn -0.5356 0.2840 0.7953
vn -0.5713 0.1631 0.8044
vn -0.6611 -0.4973 0.5618
vn -0.4202 -0.1094 0.9008
vn -0.5254 -0.1584 0.8360
vn -0.5729 -0.4858 0.6601
vn -0.5014 -0.3692 0.7824
vn -0.1084 -0.6822 0.7231
vn -0.4608 -0.2215 0.8594
vn -0.4449 -0.4328 0.7841
vn -0.5602 0.0045 0.8283
vn -0.6400 0.0738 0.7648
vn -0.2523 -0.0697 0.9651
vn -0.3614 0.0668 0.9300
vn -0.7256 -0.3677 0.5817
vn -0.6894 -0.0193 0.7241
vn -0.7163 0.0474 0.6962
vn -0.7393 0.1156 0.6634
vn -0.6238 0.2413 0.7434
vn -0.6423 -0.3046 0.7033
vn -0.5903 0.1216 0.7980
vn -0.6388 -0.6445 0.4202
vn -0.6023 -0.5610 0.5679
vn -0.7294 -0.6788 0.0845
vn -0.8649 -0.3955 0.3090
vn -0.8212 -0.5236 0.2271
vn -0.8293 -0.4844 0.2786
vn -0.7911 -0.5610 0.2439
vn -0.8405 0.4666 0.2754
vn -0.6988 -0.5143 0.4972
vn -0.7333 -0.6251 0.2675
vn -0.8532 0.4202 0.3090
vn -0.8557 -0.4396 0.2731
vn -0.8681 0.3319 0.3692
vn -0.9833 -0.1732 0.0563
vn -0.7091 0.6590 0.2509
vn -0.8096 -0.5337 0.2444
vn -0.7927 0.4310 0.4312
vn -0.8149 -0.3027 0.4943
vn -0.7426 0.0775 0.6652
vn -0.2686 0.0323 0.9627
vn -0.5646 0.5165 0.6438
vn -0.6119 -0.0795 0.7869
vn -0.5219 0.1609 0.8377
vn -0.5558 -0.5765 0.5989
vn -0.8806 0.3482 0.3215
vn -0.5207 -0.7153 0.4660
vn -0.7997 0.4101 0.4385
vn -0.6980 -0.3484 0.6256
vn -0.6547 -0.6705 0.3490
vn -0.7555 0.3833 0.5313
vn -0.6291 -0.3677 0.6849
vn -0.4603 -0.2500 0.8518
vn -0.7147 0.5554 0.4252
vn -0.4603 -0.3818 0.8014
vn -0.4452 -0.6948 0.5648
vn -0.6792 -0.6183 0.3953
vn -0.5749 -0.6294 0.5229
vn -0.7793 -0.5452 0.3091
vn -0.6841 -0.4486 0.5751
vn -0.2312 -0.8125 0.5352
vn -0.1830 -0.7747 0.6052
vn -0.4588 -0.7107 0.5333
vn -0.4013 -0.5658 0.7203
vn -0.7759 -0.3068 0.5512
vn -0.6920 -0.3287 0.6428
vn -0.8228 -0.4861 0.2944
vn -0.8406 -0.2447 0.4832
vn -0.5248 -0.2806 0.8037
vn -0.7121 -0.1136 0.6928
vn -0.7832 -0.1667 0.5991
vn -0.7394 -0.1692 0.6517
vn -0.6612 -0.6040 0.4449
vn -0.6579 -0.4745 0.5848
vn -0.8103 -0.4592 0.3641
vn -0.7058 0.1901 0.6824
vn -0.2260 -0.7923 0.5667
vn -0.1734 -0.7545 0.6330
vn -0.7203 -0.5422 0.4327
vn -0.7720 -0.3971 0.4962
vn -0.5174 -0.3274 0.7906
vn -0.3843 -0.5033 0.7740
vn -0.3898 -0.6286 0.6730
vn -0.1578 -0.8383 0.5218
vn -0.0607 -0.7237 0.6874
vn -0.8662 0.2317 0.4428
vn 0.1225 -0.6562 0.7445
vn -0.1427 -0.8510 0.5054
vn -0.1960 -0.9395 0.2808
vn 0.0112 -0.8136 0.5814
vn 0.1853 -0.5024 0.8446
vn 0.0533 -0.7455 0.6643
vn -0.1350 -0.8970 0.4209
vn 0.0916 -0.7868 0.6104
vn -0.0634 -0.8157 0.5750
vn 0.2513 -0.8539 0.4558
vn -0.2846 -0.8803 0.3794
vn 0.1384 -0.9460 0.2930
vn -0.2335 -0.8821 0.4092
vn 0.0393 -0.8161 0.5766
vn 0.0753 -0.7700 0.6336
vn 0.0775 -0.7129 0.6970
vn 0.0588 -0.7140 0.6977
vn 0.1330 -0.5581 0.8190
vn 0.0305 -0.8214 0.5696
vn -0.0882 -0.4857 0.8697
vn -0.1023 -0.8397 0.5333
vn 0.0269 -0.5524 0.8331
vn 0.3828 -0.2892 0.8774
vn 0.1014 -0.8013 0.5896
vn 0.1387 -0.6523 0.7452
vn -0.0457 -0.7946 0.6055
vn -0.0962 -0.6799 0.7270
vn 0.1934 -0.6107 0.7679
vn 0.0651 -0.5094 0.8580
vn -0.1511 -0.8436 0.5152
vn 0.1307 -0.7347 0.6657
vn -0.0366 -0.7816 0.6227
vn 0.1737 -0.7325 0.6582
vn 0.0845 -0.7850 0.6137
vn 0.0633 -0.8116 0.5808
vn 0.2342 -0.6189 0.7497
vn 0.1012 -0.7778 0.6203
vn 0.2557 -0.5366 0.8042
vn 0.0582 -0.6789 0.7319
vn 0.1442 -0.3255 0.9345
vn 0.2727 -0.5137 0.8135
vn 0.0958 -0.3210 0.9422
vn 0.4421 -0.0958 0.8918
vn 0.0755 -0.6500 0.7562
vn -0.0497 -0.7897 0.6115
vn -0.2089 -0.9012 0.3796
vn 0.1110 -0.7112 0.6942
vn -0.0552 -0.7079 0.7042
vn 0.0611 -0.6622 0.7469
vn 0.1446 -0.6657 0.7321
vn 0.2750 -0.4632 0.8425
vn -0.0544 -0.7225 0.6892
vn 0.0716 -0.4630 0.8835
vn 0.1090 -0.5703 0.8141
vn 0.0264 -0.6497 0.7598
vn -0.1024 -0.2531 0.9620
vn -0.0712 -0.7399 0.6689
vn -0.1138 -0.7769 0.6193
vn -0.4027 -0.5012 0.7659
vn -0.7761 0.1265 0.6178
vn 0.2218 -0.9078 0.3558
vn -0.3766 -0.7826 0.4958
vn -0.8447 -0.5266 -0.0961
vn 0.0748 -0.9205 0.3834
vn 0.0202 -0.9124 0.4089
vn 0.1155 -0.9858 -0.1220
vn 0.5087 -0.7083 -0.4893
vn 0.2212 -0.9411 0.2557
vn -0.0754 -0.9521 0.2964
vn 0.1587 -0.9144 0.3724
vn 0.1768 -0.8969 0.4053
vn 0.1957 -0.9252 0.3250
vn 0.0135 -0.8509 0.5251
vn 0.0045 -0.8730 0.4876
vn -0.0325 -0.8139 0.5800
vn -0.4975 -0.7431 0.4475
vn -0.2812 -0.7765 0.5639
vn 0.1481 -0.9890 0.0012
vn 0.0916 0.5889 0.8030
vn 0.0150 -0.2405 0.9705
vn 0.1592 -0.1001 0.9822
vn 0.2306 0.0588 0.9713
vn 0.3177 0.1290 0.9394
vn 0.2036 -0.3756 0.9042
vn 0.0695 -0.2284 0.9711
vn -0.0299 -0.1555 0.9874
vn -0.7518 -0.2234 0.6204
vn 0.0109 -0.1653 0.9862
vn -0.4995 -0.3076 0.8098
vn -0.3766 -0.5321 0.7583
vn -0.3060 -0.1666 0.9373
vn -0.2023 0.0139 0.9792
vn -0.6356 -0.7309 0.2486
vn -0.0778 -0.2517 0.9647
vn -0.4054 -0.6202 0.6716
vn -0.0529 -0.4095 0.9108
vn -0.4247 -0.5986 0.6792
vn -0.2140 -0.5941 0.7754
vn -0.4089 -0.6635 0.6265
vn -0.1154 -0.5742 0.8105
vn -0.2604 -0.4621 0.8478
vn -0.0505 -0.3601 0.9316
vn -0.2439 -0.4935 0.8349
vn -0.2079 -0.4538 0.8665
vn -0.0571 -0.4308 0.9006
vn -0.2994 -0.3077 0.9031
vn -0.2350 -0.5530 0.7993
vn 0.0455 -0.3726 0.9269
vn -0.0798 -0.1108 0.9906
vn -0.0942 -0.3031 0.9483
vn -0.1846 -0.0807 0.9795
vn -0.1675 -0.0660 0.9837
vn 0.0020 -0.0130 0.9999
vn -0.1812 -0.1888 0.9652
vn -0.2643 -0.2707 0.9257
vn -0.3910 -0.3013 0.8697
vn -0.0304 0.0544 0.9981
vn -0.0047 -0.0480 0.9988
vn 0.1986 0.2968 0.9341
vn -0.0679 0.1801 0.9813
vn -0.0900 0.1706 0.9812
vn -0.1124 -0.0798 0.9905
vn -0.0250 0.0546 0.9982
vn -0.1482 -0.3150 0.9374
vn 0.1878 0.1115 0.9758
vn 0.2041 -0.4663 0.8607
vn -0.2710 -0.7914 0.5480
vn -0.1667 -0.0384 0.9853
vn -0.3447 -0.2147 0.9138
vn 0.0726 -0.0323 0.9968
vn -0.1843 -0.5898 0.7863
vn -0.2569 -0.3635 0.8955
vn -0.1953 -0.1971 0.9607
vn -0.3591 -0.5795 0.7316
vn 0.0534 -0.4527 0.8901
vn -0.1631 -0.1736 0.9712
vn -0.3372 -0.1727 0.9254
vn 0.0916 0.5436 0.8343
vn -0.3244 -0.3359 0.8843
vn 0.2157 -0.0206 0.9762
vn -0.1521 -0.1615 0.9751
vn -0.2072 -0.3570 0.9108
vn 0.1400 0.0452 0.9891
vn 0.1329 -0.3533 0.9260
vn -0.2749 -0.2710 0.9225
vn -0.5547 0.2941 0.7783
vn 0.1025 0.7412 0.6634
vn -0.0624 -0.4799 0.8751
vn -0.0711 0.1571 0.9850
vn -0.3435 0.2093 0.9155
vn -0.2368 -0.0437 0.9706
vn -0.3848 0.0211 0.9228
vn -0.1102 -0.1098 0.9878
vn -0.2177 -0.2864 0.9330
vn 0.1185 -0.1130 0.9865
vn -0.0224 -0.1925 0.9810
vn 0.0676 0.1093 0.9917
vn 0.7890 0.0347 0.6135
vn 0.0451 -0.0415 0.9981
vn 0.6287 0.0376 0.7767
vn 0.1122 0.6196 0.7769
vn 0.1724 0.8077 0.5638
vn 0.1727 0.8021 0.5717
vn 0.0032 0.7843 0.6204
vn 0.0341 0.3774 0.9254
vn 0.1481 0.6823 0.7159
vn -0.2381 -0.2819 0.9294
vn 0.1121 0.7810 0.6144
vn -0.5323 0.0670 0.8439
vn -0.2442 -0.4083 0.8796
vn -0.2255 0.0232 0.9740
vn -0.0398 -0.1111 0.9930
vn -0.0838 0.0079 0.9965
vn 0.0327 -0.3014 0.9529
vn -0.0853 -0.1790 0.9801
vn -0.0663 0.1726 0.9828
vn -0.0797 -0.0353 0.9962
vn -0.0374 0.0795 0.9961
vn -0.1462 -0.2017 0.9685
vn -0.3438 -0.1394 0.9286
vn -0.6864 -0.5089 0.5194
vn -0.2164 -0.0894 0.9722
vn -0.4620 -0.3303 0.8231
vn -0.2190 -0.5671 0.7940
vn -0.8329 -0.2483 0.4945
vn -0.3747 0.0583 0.9253
vn -0.1574 -0.1777 0.9714
vn 0.1934 -0.1958 0.9614
vn -0.2652 -0.4676 0.8432
vn -0.1691 -0.3082 0.9362
vn -0.4747 -0.2193 0.8524
vn -0.0241 -0.0202 0.9995
vn -0.1383 0.0082 0.9904
vn -0.5502 -0.3238 0.7697
vn -0.4551 -0.3512 0.8182
vn 0.0110 -0.2200 0.9754
vn -0.7462 -0.2639 0.6112
vn -0.0470 0.2530 0.9663
vn -0.2253 -0.6913 0.6865
vn 0.1220 0.1085 0.9866
vn -0.2080 -0.4815 0.8514
vn -0.2949 0.2481 0.9228
vn -0.4544 -0.2945 0.8407
vn -0.3156 -0.0733 0.9460
vn -0.2879 0.2029 0.9359
vn -0.5311 -0.1394 0.8358
vn -0.2033 0.1651 0.9651
vn -0.2506 -0.0656 0.9659
vn -0.2448 -0.0385 0.9688
vn -0.0886 0.0428 0.9951
vn -0.0369 -0.1109 0.9931
vn 0.0110 -0.1001 0.9949
vn -0.4401 -0.1826 0.8792
vn -0.3472 -0.1236 0.9296
vn 0.0577 -0.1439 0.9879
vn -0.1995 -0.2095 0.9572
vn -0.4844 -0.2908 0.8251
vn -0.4849 -0.1801 0.8558
vn -0.2748 -0.0687 0.9590
vn -0.5227 -0.2525 0.8143
vn -0.3647 -0.2601 0.8941
vn -0.5830 -0.4806 0.6551
vn -0.2666 -0.4769 0.8376
vn -0.6738 -0.3176 0.6672
vn -0.4592 -0.6659 0.5880
vn -0.0864 -0.5061 0.8581
vn -0.9170 -0.0221 0.3982
vn -0.7715 -0.2068 0.6016
vn -0.7133 -0.6973 0.0708
vn 0.2997 -0.6871 0.6619
vn -0.7296 -0.0251 0.6834
vn -0.7702 0.0571 0.6352
vn -0.6179 -0.1639 0.7690
vn -0.8008 -0.5101 0.3139
vn -0.7372 -0.2075 0.6431
vn -0.8290 0.1389 0.5418
vn -0.5149 -0.4495 0.7300
vn -0.6399 -0.4608 0.6149
vn -0.6702 -0.1952 0.7161
vn -0.4878 -0.2512 0.8360
vn -0.4532 -0.6380 0.6225
vn -0.5315 -0.2939 0.7944
vn -0.6931 -0.3735 0.6165
vn -0.5543 0.1206 0.8236
vn -0.5707 -0.3719 0.7321
vn -0.6071 -0.0409 0.7936
vn -0.4567 -0.4146 0.7871
vn -0.8844 -0.1297 0.4483
vn -0.1359 -0.9803 0.1436
vn 0.0380 -0.7235 0.6892
vn -0.4291 -0.8775 0.2143
vn -0.4953 -0.8666 0.0614
vn -0.3083 -0.9503 0.0426
vn -0.3828 -0.9129 0.1416
vn -0.3772 -0.9252 0.0407
vn -0.1778 -0.9673 0.1812
vn -0.1460 -0.9785 0.1455
vn 0.2170 -0.9717 0.0931
vn 0.0505 -0.9467 0.3180
vn -0.1671 -0.8763 0.4519
vn -0.4968 -0.7972 0.3430
vn 0.1313 -0.2992 0.9451
vn -0.3797 -0.8682 0.3196
vn 0.6090 0.1740 0.7738
vn -0.0229 -0.7668 0.6415
vn 0.0577 -0.7483 0.6608
vn -0.2510 -0.9367 0.2441
vn -0.1080 -0.6718 0.7328
vn -0.0714 -0.7478 0.6600
vn 0.0668 -0.9088 0.4118
vn -0.4542 -0.8754 0.1655
vn 0.1871 -0.9623 0.1972
vn 0.0116 -0.8547 0.5190
vn 0.1642 -0.7218 0.6724
vn -0.0519 -0.8190 0.5714
vn 0.0168 -0.7400 0.6724
vn -0.1240 -0.7905 0.5998
vn -0.0666 -0.7230 0.6877
vn -0.3731 -0.8795 0.2953
vn 0.1048 -0.0377 0.9938
vn -0.1068 -0.9018 0.4187
vn -0.2471 -0.8674 0.4320
vn 0.1181 0.0243 0.9927
vn -0.2979 -0.6756 0.6744
vn -0.1605 0.4996 0.8513
vn -0.3154 -0.6281 0.7114
vn 0.0040 -0.3165 0.9486
vn -0.0150 -0.7919 0.6105
vn -0.0113 -0.7884 0.6151
vn 0.1191 -0.6407 0.7585
vn -0.2454 -0.7474 0.6174
vn -0.3191 -0.9318 0.1729
vn 0.0520 -0.7447 0.6654
vn -0.5280 -0.7597 0.3796
vn -0.2778 -0.7938 0.5410
vn -0.4870 -0.8441 0.2243
vn -0.0933 -0.9237 0.3716
vn -0.0108 -0.9835 0.1805
vn -0.0387 -0.8824 0.4689
vn 0.0891 -0.8517 0.5164
vn 0.1899 -0.6996 0.6889
vn 0.0454 -0.8636 0.5022
vn -0.0222 -0.6150 0.7882
vn -0.0669 -0.8737 0.4819
vn 0.1460 -0.2297 0.9622
vn 0.0281 -0.3561 0.9340
vn 0.0804 -0.2276 0.9704
vn -0.0340 -0.7112 0.7021
vn -0.1423 -0.9016 0.4084
vn 0.2049 -0.1194 0.9715
vn 0.1732 -0.4264 0.8878
vn 0.0433 -0.8091 0.5860
vn -0.0772 -0.8420 0.5339
vn 0.1037 -0.7214 0.6847
vn -0.2744 -0.8853 0.3753
vn -0.0585 -0.7609 0.6462
vn -0.5383 -0.6055 0.5862
vn -0.5783 -0.7403 0.3428
vn 0.1094 -0.8175 0.5655
vn 0.1680 -0.8786 0.4470
vn -0.0710 -0.9936 -0.0879
vn 0.1613 -0.8130 0.5595
vn -0.0804 -0.9958 0.0447
vn 0.2955 -0.8146 0.4990
vn -0.0526 -0.9254 0.3752
vn -0.2791 -0.6882 0.6697
vn -0.3040 -0.8941 0.3288
vn -0.1956 -0.9009 0.3876
vn 0.3313 -0.4530 0.8277
vn -0.1704 -0.9531 0.2503
vn 0.0609 -0.8073 0.5870
vn 0.2709 -0.8296 0.4882
vn 0.1166 -0.5185 0.8471
vn -0.1226 -0.7221 0.6808
vn 0.1169 -0.3307 0.9365
vn 0.2462 -0.0127 0.9691
vn 0.0703 -0.4649 0.8826
vn -0.4735 -0.1318 0.8709
vn -0.2976 -0.8945 0.3335
vn 0.0092 -0.0064 0.9999
vn -0.6147 -0.7103 -0.3431
vn -0.2896 -0.7809 0.5534
vn 0.0882 -0.3408 0.9360
vn -0.1057 -0.7385 0.6660
vn 0.0144 -0.4649 0.8852
vn -0.1995 -0.7290 0.6547
vn 0.1048 -0.5940 0.7976
vn -0.0227 -0.7511 0.6598
vn -0.2038 -0.5817 0.7875
vn -0.2193 -0.6978 0.6819
vn 0.0099 -0.4921 0.8705
vn 0.4743 -0.2961 0.8291
vn -0.0571 -0.7928 0.6068
vn 0.1664 -0.2170 0.9619
vn 0.2766 0.3003 0.9129
vn 0.1841 -0.0203 0.9827
vn 0.1588 -0.1076 0.9814
vn -0.1011 -0.5905 0.8007
vn 0.0480 -0.0757 0.9960
vn 0.1019 -0.4178 0.9028
vn 0.1257 0.0531 0.9907
vn 0.0531 -0.2657 0.9626
vn 0.0758 -0.3749 0.9240
vn 0.1455 -0.0818 0.9860
vn 0.2516 0.0357 0.9672
vn 0.1947 -0.1153 0.9741
vn 0.2200 0.0548 0.9740
vn 0.1537 0.0372 0.9874
vn 0.2823 0.0357 0.9587
vn -0.0467 -0.3688 0.9283
vn 0.0273 0.0008 0.9996
vn -0.3946 -0.9182 0.0342
vn 0.0559 0.0028 0.9984
vn -0.2661 -0.9371 0.2258
vn 0.0589 -0.0036 0.9983
vn -0.1205 -0.9926 0.0147
vn 0.0614 -0.1873 0.9804
vn 0.0725 -0.0216 0.9971
vn -0.2226 -0.9679 0.1165
vn -0.2308 -0.8833 0.4081
vn -0.4593 -0.8441 0.2766
vn 0.1175 -0.0327 0.9925
vn -0.2740 -0.9417 0.1951
vn -0.0827 -0.0667 0.9943
vn -0.2751 -0.7225 0.6342
vn 0.0198 0.1042 0.9944
vn -0.4198 -0.8354 0.3549
vn 0.0044 -0.0399 0.9992
vn 0.0775 -0.0054 0.9970
vn 0.0470 -0.0089 0.9989
vn -0.3250 -0.9255 0.1942
vn 0.2219 0.1076 0.9691
vn 0.1508 0.0613 0.9867
vn 0.1121 -0.0421 0.9928
vn 0.0291 -0.0294 0.9991
vn -0.2910 -0.8750 0.3870
vn 0.1008 -0.2550 0.9617
vn -0.3551 -0.8189 0.4508
vn -0.1695 -0.4556 0.8739
vn -0.1175 -0.6964 0.7080
vn 0.1454 0.0325 0.9888
vn -0.2116 -0.7099 0.6717
vn 0.2791 0.5131 0.8117
vn 0.1187 -0.8721 0.4747
vn 0.6666 -0.0486 0.7439
vn 0.0610 -0.7976 0.6001
vn 0.1226 0.7092 0.6943
vn -0.0261 -0.6830 0.7300
vn 0.2952 0.4103 0.8628
vn 0.6304 -0.1212 0.7667
vn 0.1966 0.4295 0.8814
vn 0.1467 -0.3141 0.9380
vn 0.2143 -0.0576 0.9751
vn 0.1986 -0.3910 0.8987
vn 0.1443 0.1293 0.9811
vn 0.2175 -0.0757 0.9731
vn 0.2288 0.9223 0.3113
vn 0.2174 -0.4928 0.8425
vn 0.4177 -0.0011 0.9086
vn 0.3049 -0.0161 0.9522
vn 0.2169 0.0638 0.9741
vn -0.1793 -0.6432 0.7444
vn 0.1471 -0.1944 0.9698
vn 0.2435 -0.1813 0.9528
vn 0.2565 -0.1009 0.9613
vn 0.2444 0.1515 0.9578
vn 0.0073 0.0368 0.9993
vn 0.0248 0.0200 0.9995
vn 0.3605 0.3170 0.8773
vn -0.0646 -0.1036 0.9925
vn 0.0120 -0.3453 0.9384
vn -0.0720 -0.5552 0.8286
vn 0.2612 0.0984 0.9603
vn 0.4237 0.4340 0.7951
vn 0.4270 0.0428 0.9032
vn 0.5846 0.3366 0.7382
vn 0.1659 -0.2498 0.9540
vn 0.3335 0.5496 0.7660
vn 0.2852 0.1004 0.9532
vn 0.3947 0.5369 0.7457
vn 0.1797 -0.0079 0.9837
vn 0.0097 0.0832 0.9965
vn -0.0462 0.0254 0.9986
vn 0.1181 -0.0323 0.9925
vn 0.5527 0.2650 0.7901
vn 0.4940 0.0079 0.8694
vn 0.5989 0.2973 0.7435
vn 0.2647 0.0549 0.9628
vn 0.1715 -0.2719 0.9469
vn 0.1287 -0.1998 0.9713
vn -0.0948 -0.6656 0.7402
vn 0.0438 -0.3073 0.9506
vn 0.1605 0.2261 0.9608
vn 0.1807 0.3328 0.9255
vn 0.1236 0.0978 0.9875
vn 0.2905 0.3456 0.8923
vn 0.1721 -0.1670 0.9708
vn 0.2621 0.1339 0.9557
vn 0.2351 0.2712 0.9334
vn 0.1368 -0.1994 0.9703
vn 0.2233 0.0674 0.9724
vn 0.3190 0.3128 0.8947
vn 0.0028 -0.5280 0.8492
vn 0.0790 -0.0946 0.9924
vn -0.4265 -0.7367 0.5247
vn -0.0863 -0.2201 0.9717
vn -0.6565 -0.4568 0.6002
vn -0.3624 -0.3618 0.8589
vn -0.1195 -0.6661 0.7363
vn -0.2440 -0.6094 0.7544
vn -0.4568 -0.8821 0.1151
vn -0.5102 -0.8549 0.0941
vn -0.3923 -0.9194 0.0273
vn -0.4731 -0.8794 -0.0537
vn -0.3637 -0.9168 0.1651
vn -0.5744 -0.8183 -0.0213
vn -0.2149 -0.9679 0.1305
vn -0.4227 -0.8744 0.2382
vn -0.5374 -0.8416 0.0537
vn -0.3722 -0.9136 0.1637
vn -0.5709 -0.7848 0.2412
vn -0.4910 -0.8265 0.2755
vn -0.8565 -0.5063 0.1000
vn -0.5986 0.0352 0.8003
vn -0.4592 -0.2980 0.8369
vn -0.6964 0.6533 0.2970
vn -0.8890 -0.0414 0.4560
vn -0.9362 -0.1480 0.3188
vn -0.8333 0.1004 0.5436
vn -0.6809 -0.1363 0.7196
vn -0.7046 0.1097 0.7011
vn -0.8522 0.3418 0.3963
vn -0.7204 -0.3513 0.5980
vn 0.1425 -0.9885 -0.0504
vn 0.4242 -0.9054 -0.0165
vn -0.0454 -0.1369 0.9895
vn -0.2465 -0.1497 0.9575
vn -0.1270 -0.1729 0.9767
vn -0.5318 -0.2838 0.7979
vn 0.2735 0.4228 0.8639
vn 0.1537 0.3734 0.9149
vn -0.3095 -0.1530 0.9385
vn -0.0844 0.1479 0.9854
vn -0.8791 -0.0524 0.4738
vn -0.8326 0.1947 0.5185
vn -0.8905 -0.0550 0.4517
vn -0.8786 0.2572 0.4024
vn -0.6539 -0.2816 0.7022
vn -0.6373 0.3368 0.6931
vn 0.1916 0.1099 0.9753
vn 0.1474 -0.4127 0.8989
vn 0.1289 0.1324 0.9828
vn 0.1382 0.0926 0.9861
vn 0.2975 0.0162 0.9546
vn 0.1505 -0.2208 0.9636
vn 0.1793 0.1621 0.9703
vn -0.3156 -0.9017 0.2956
vn -0.7947 -0.6062 -0.0304
vn -0.4205 -0.9071 0.0170
vn -0.4018 -0.9083 0.1161
vn -0.5999 -0.7744 -0.2010
vn -0.5453 -0.6997 -0.4615
vn -0.1582 -0.8579 -0.4889
vn -0.1272 -0.9490 -0.2883
vn 0.3217 -0.5030 -0.8022
vn -0.8275 -0.4892 0.2756
vn 0.1186 -0.7074 -0.6968
vn -0.4312 -0.8826 -0.1874
vn 0.0445 -0.8143 -0.5787
vn -0.5493 -0.8316 -0.0826
vn -0.5730 -0.6536 -0.4945
vn -0.0100 -0.9534 -0.3016
vn 0.2546 -0.3653 -0.8954
vn 0.4020 -0.2076 -0.8918
vn 0.1067 -0.9125 -0.3949
vn 0.1537 -0.2318 -0.9606
vn -0.8231 -0.4656 -0.3251
vn -0.6537 -0.7447 -0.1346
vn 0.1441 -0.9863 -0.0802
vn 0.7259 -0.3887 -0.5674
vn -0.8130 -0.1686 -0.5573
vn -0.0366 -0.9397 -0.3399
vn 0.1696 0.1192 -0.9783
vn 0.0468 -0.8309 -0.5544
vn 0.3440 -0.5696 -0.7464
vn -0.8602 -0.0805 -0.5036
vn 0.1384 0.2667 -0.9538
vn -0.5110 -0.7258 -0.4605
vn 0.4673 0.4756 -0.7453
vn 0.0229 -0.6638 -0.7476
vn 0.3794 0.0194 -0.9250
vn 0.4126 -0.9098 0.0441
vn 0.7403 0.1177 -0.6619
vn 0.4064 0.1901 -0.8937
vn -0.2884 -0.8998 -0.3274
vn 0.0807 0.5543 -0.8284
vn -0.2621 -0.8956 -0.3595
vn -0.3599 -0.7491 -0.5562
vn 0.1324 0.2746 -0.9524
vn 0.5366 0.2977 -0.7896
vn -0.1211 -0.9225 -0.3665
vn 0.2516 -0.0551 -0.9663
vn -0.1175 -0.9068 -0.4048
vn 0.6295 -0.2842 -0.7232
vn -0.0214 -0.9994 -0.0273
vn 0.2693 -0.2880 -0.9190
vn -0.1826 -0.9101 -0.3719
vn 0.2524 0.8689 -0.4259
vn 0.3172 -0.9127 -0.2577
vn 0.3418 0.2964 -0.8918
vn 0.2099 0.7766 -0.5940
vn -0.3727 -0.4817 -0.7932
vn 0.0222 -0.2952 -0.9552
vn 0.1430 0.4007 -0.9050
vn -0.1090 -0.8607 -0.4973
vn 0.1645 0.2966 -0.9407
vn 0.0104 -0.7858 -0.6184
vn 0.2867 0.5988 -0.7478
vn -0.0344 -0.9771 0.2098
vn 0.0609 -0.0787 -0.9950
vn -0.2840 -0.8938 -0.3472
vn -0.2943 -0.8463 -0.4441
vn 0.2229 0.3476 -0.9108
vn -0.1949 -0.9518 -0.2369
vn -0.0002 0.6576 -0.7534
vn -0.7550 -0.4195 0.5040
vn 0.3165 0.4026 -0.8589
vn -0.5614 -0.8076 -0.1804
vn 0.4253 0.4402 -0.7908
vn 0.2776 -0.9122 -0.3015
vn 0.8544 -0.1784 -0.4880
vn 0.5336 -0.8456 -0.0145
vn 0.7765 0.2794 -0.5648
vn -0.1910 -0.8956 -0.4019
vn 0.2475 -0.9138 -0.3221
vn 0.6696 -0.3872 -0.6338
vn 0.7252 -0.1621 -0.6691
vn 0.5839 -0.6368 -0.5035
vn 0.6836 -0.5638 -0.4635
vn 0.4970 0.2809 -0.8210
vn 0.3676 -0.3098 -0.8768
vn 0.5406 -0.7959 -0.2726
vn 0.4503 -0.8919 -0.0417
vn -0.6321 -0.6069 0.4818
vn 0.1309 0.2560 -0.9578
vn 0.0915 -0.9339 -0.3457
vn 0.5230 -0.7592 -0.3874
vn 0.7367 -0.3140 -0.5989
vn 0.1327 -0.9566 -0.2594
vn 0.1416 -0.9372 -0.3188
vn 0.5331 -0.4581 -0.7113
vn 0.2054 -0.9253 -0.3187
vn 0.6290 -0.5034 -0.5924
vn -0.0565 -0.9804 -0.1886
vn -0.1082 -0.9743 -0.1977
vn -0.2119 -0.9172 -0.3374
vn -0.1552 -0.8928 -0.4229
vn 0.1698 0.8489 -0.5006
vn -0.8111 -0.1198 -0.5725
vn 0.2076 0.9571 -0.2023
vn 0.7685 0.1688 0.6172
vn 0.3032 0.9018 -0.3079
vn 0.3802 0.7631 -0.5227
vn -0.3958 -0.8112 -0.4305
vn 0.0077 -0.8998 -0.4361
vn 0.4168 -0.6375 -0.6480
vn -0.2552 -0.7978 -0.5463
vn 0.2270 -0.3918 -0.8916
vn -0.2926 -0.7817 -0.5508
vn -0.1613 -0.9808 -0.1092
vn -0.3599 -0.8570 -0.3689
vn 0.0734 -0.1939 -0.9783
vn 0.2534 -0.6031 -0.7563
vn -0.3778 -0.7038 -0.6016
vn 0.0898 -0.1911 -0.9775
vn -0.5466 -0.6163 -0.5670
vn -0.2386 -0.8251 -0.5121
vn 0.0042 -0.8218 -0.5698
vn -0.4052 -0.7937 -0.4538
vn 0.1123 -0.2814 -0.9530
vn -0.0649 -0.8414 -0.5364
vn -0.1175 -0.8801 -0.4600
vn -0.1457 -0.3279 -0.9334
vn -0.1339 -0.2812 -0.9503
vn -0.4398 -0.8789 -0.1846
vn 0.0422 -0.9665 -0.2531
vn 0.0660 -0.8925 -0.4461
vn 0.0276 -0.9783 -0.2055
vn 0.2392 -0.6563 -0.7156
vn -0.5162 -0.7901 -0.3307
vn -0.4659 -0.6131 -0.6381
vn -0.2724 -0.9164 -0.2934
vn -0.1487 -0.3059 -0.9404
vn 0.0813 -0.4878 -0.8692
vn 0.0392 -0.9012 -0.4315
vn -0.4419 0.2706 -0.8553
vn 0.0470 -0.8853 -0.4627
vn -0.5577 -0.0341 -0.8293
vn -0.0719 -0.6089 -0.7900
vn -0.2023 -0.3922 -0.8974
vn -0.0769 -0.5684 -0.8192
vn 0.0850 -0.6655 -0.7415
vn -0.2943 -0.5280 -0.7966
vn 0.0638 -0.7643 -0.6417
vn -0.3387 -0.4244 -0.8397
vn 0.0730 -0.9173 -0.3914
vn -0.0502 -0.4984 -0.8655
vn -0.0165 -0.8512 -0.5246
vn -0.1465 -0.1947 -0.9699
vn 0.0817 -0.7985 -0.5965
vn 0.0514 -0.8122 -0.5811
vn -0.2495 -0.5662 -0.7856
vn -0.0221 -0.8183 -0.5744
vn -0.2115 -0.3770 -0.9017
vn 0.0897 -0.7639 -0.6391
vn -0.2610 -0.3354 -0.9052
vn -0.4819 -0.4874 -0.7281
vn 0.1197 -0.7770 -0.6180
vn -0.1812 -0.8576 -0.4813
vn -0.1732 -0.9843 -0.0337
vn -0.2344 -0.8416 -0.4866
vn -0.0109 -0.9969 -0.0780
vn -0.2516 -0.8357 -0.4881
vn -0.2472 -0.9682 -0.0379
vn -0.1906 -0.9692 -0.1560
vn -0.0694 0.3786 -0.9229
vn 0.2614 -0.4371 -0.8606
vn -0.1499 -0.9772 -0.1505
vn -0.0924 -0.9820 -0.1646
vn -0.2715 -0.8770 -0.3964
vn -0.0817 -0.9521 -0.2946
vn 0.1196 -0.5770 -0.8079
vn 0.1634 -0.1194 -0.9793
vn 0.1606 0.0412 -0.9862
vn 0.1672 -0.4209 -0.8915
vn 0.2993 -0.0836 -0.9505
vn 0.1244 -0.6645 -0.7368
vn -0.3184 -0.8304 -0.4573
vn -0.0946 -0.0069 -0.9955
vn -0.0452 -0.7665 -0.6406
vn -0.2956 -0.2352 -0.9259
vn -0.0180 -0.8138 -0.5809
vn -0.1611 -0.9618 -0.2215
vn -0.1439 -0.9828 -0.1157
vn -0.4625 -0.4982 -0.7334
vn 0.0382 -0.9917 -0.1226
vn -0.0620 -0.9832 -0.1718
vn -0.3214 -0.8413 -0.4346
vn -0.0339 -0.9876 -0.1535
vn -0.2287 -0.7158 -0.6598
vn 0.0273 -0.9285 -0.3703
vn 0.0053 -0.7290 -0.6845
vn 0.0494 -0.8651 -0.4992
vn 0.1314 -0.7373 -0.6626
vn 0.1351 -0.8371 -0.5301
vn -0.1601 -0.6993 -0.6967
vn 0.1230 -0.8597 -0.4958
vn 0.1706 -0.7448 -0.6451
vn -0.0882 -0.2562 -0.9626
vn 0.0611 -0.7994 -0.5976
vn 0.2094 -0.8326 -0.5128
vn -0.4338 -0.7306 -0.5273
vn -0.3272 -0.9425 -0.0677
vn -0.4381 -0.5410 -0.7179
vn -0.4375 -0.6016 -0.6684
vn -0.2791 -0.9593 -0.0432
vn -0.0967 0.1176 -0.9883
vn -0.4158 -0.9091 0.0250
vn 0.5151 0.7066 -0.4852
vn -0.3016 -0.9532 -0.0197
vn -0.3528 -0.4296 -0.8313
vn -0.4901 -0.8618 -0.1306
vn 0.1227 0.7383 -0.6632
vn -0.5275 -0.8429 0.1061
vn 0.2450 0.7753 -0.5822
vn -0.4213 -0.9031 -0.0828
vn -0.2632 0.6043 -0.7520
vn -0.1572 -0.9774 -0.1412
vn -0.0234 0.8155 -0.5782
vn 0.2139 0.8585 -0.4661
vn -0.4019 -0.6349 -0.6598
vn -0.4247 -0.6317 -0.6485
vn -0.3633 -0.9310 -0.0339
vn -0.3033 -0.9529 0.0030
vn -0.0428 -0.9942 -0.0987
vn -0.3551 -0.7372 -0.5749
vn -0.8940 -0.1500 -0.4222
vn -0.4169 -0.9021 -0.1114
vn -0.3521 -0.9141 -0.2013
vn -0.2370 -0.8215 -0.5187
vn -0.4091 -0.8055 -0.4288
vn -0.3056 -0.8887 -0.3418
vn -0.2559 -0.9371 -0.2376
vn -0.4374 -0.8976 -0.0546
vn 0.4026 0.7986 -0.4474
vn -0.4315 -0.6533 -0.6221
vn -0.2895 -0.8097 -0.5104
vn -0.1715 -0.8662 -0.4693
vn -0.2039 -0.9620 -0.1814
vn -0.6624 -0.6832 -0.3074
vn 0.1237 -0.9155 -0.3829
vn -0.3380 -0.5311 -0.7769
vn -0.2174 -0.8824 -0.4172
vn -0.1851 -0.1173 -0.9757
vn 0.3159 0.9313 -0.1815
vn -0.1865 -0.9672 -0.1725
vn -0.0272 0.9514 -0.3067
vn -0.3165 -0.8899 -0.3285
vn -0.0681 -0.9922 -0.1049
vn 0.2434 0.5130 -0.8232
vn -0.3216 -0.9301 -0.1772
vn -0.3846 -0.8590 -0.3379
vn -0.1920 -0.9814 0.0037
vn 0.3112 0.7186 -0.6219
vn -0.2467 -0.4262 -0.8704
vn -0.1077 0.6717 -0.7329
vn -0.1928 0.2501 -0.9488
vn -0.2898 -0.3816 -0.8777
vn -0.2608 -0.6015 -0.7551
vn -0.1978 -0.0533 -0.9788
vn -0.2903 0.2305 -0.9288
vn -0.0501 0.3976 -0.9162
vn -0.1972 0.2904 -0.9364
vn -0.3417 -0.6869 -0.6415
vn -0.3444 -0.6193 -0.7056
vn -0.3227 0.0527 -0.9450
vn -0.3904 -0.2957 -0.8719
vn -0.3540 -0.6125 -0.7067
vn -0.3705 -0.4085 -0.8342
vn -0.1619 -0.1158 -0.9800
vn -0.4840 0.0722 -0.8721
vn -0.2830 0.1346 -0.9496
vn -0.0735 0.5956 -0.8000
vn -0.2658 0.1668 -0.9495
vn 0.1037 -0.8626 -0.4951
vn -0.0675 -0.3227 -0.9441
vn 0.0303 -0.8470 -0.5308
vn 0.1737 -0.7194 -0.6725
vn 0.0464 -0.8307 -0.5548
vn -0.1244 -0.6640 -0.7374
vn -0.0599 -0.2356 -0.9700
vn -0.0794 -0.5900 -0.8035
vn -0.0879 -0.0498 -0.9949
vn -0.2441 0.1991 -0.9491
vn -0.0563 -0.6944 -0.7174
vn 0.5514 0.5378 -0.6377
vn -0.1098 -0.5699 -0.8143
vn 0.1656 0.6254 -0.7626
vn -0.0279 -0.4880 -0.8724
vn -0.0391 0.8687 -0.4938
vn -0.4627 -0.1352 -0.8762
vn 0.1263 0.6987 -0.7042
vn -0.1451 -0.2116 -0.9665
vn 0.3283 0.7501 -0.5741
vn -0.4634 -0.4132 -0.7839
vn -0.2450 0.1985 -0.9490
vn -0.2967 -0.0496 -0.9537
vn -0.4805 -0.2264 -0.8473
vn -0.2010 -0.9795 -0.0107
vn -0.4689 0.1141 -0.8759
vn -0.3323 -0.4076 -0.8505
vn -0.3112 -0.3252 -0.8930
vn -0.4692 0.0531 -0.8815
vn 0.2488 0.7905 -0.5596
vn -0.2658 -0.8416 -0.4702
vn -0.2896 -0.9282 -0.2338
vn -0.2468 -0.8650 -0.4370
vn -0.3312 -0.4796 -0.8126
vn -0.3017 -0.5021 -0.8105
vn -0.3289 -0.7147 -0.6173
vn -0.3342 -0.7592 -0.5585
vn -0.2160 -0.7494 -0.6258
vn 0.0202 -0.1812 -0.9832
vn 0.2943 0.5589 -0.7753
vn -0.3375 -0.5528 -0.7619
vn -0.3806 -0.2142 -0.8996
vn 0.1062 0.6834 -0.7223
vn -0.2125 0.0013 -0.9772
vn 0.2137 0.6232 -0.7523
vn -0.3487 -0.3303 -0.8771
vn -0.0305 0.6476 -0.7614
vn -0.4565 -0.3518 -0.8172
vn 0.1612 0.4736 -0.8659
vn -0.3686 -0.3055 -0.8780
vn 0.4298 0.4734 -0.7689
vn 0.1760 0.7157 -0.6758
vn -0.4060 -0.4477 -0.7967
vn -0.6104 0.5857 -0.5332
vn -0.6457 0.6267 -0.4363
vn -0.5513 0.5554 -0.6225
vn -0.4517 0.5399 -0.7103
vn -0.7193 -0.2113 -0.6618
vn -0.3153 -0.8981 -0.3068
vn -0.0405 0.6375 -0.7694
vn -0.7080 0.4447 -0.5486
vn -0.6968 0.6147 -0.3697
vn -0.2976 -0.8818 -0.3658
vn 0.1789 0.6599 -0.7297
vn -0.8802 0.0146 -0.4744
vn -0.0508 0.7011 -0.7112
vn -0.7637 0.3666 -0.5314
vn -0.2926 0.8731 -0.3899
vn -0.8062 0.4455 -0.3893
vn 0.1441 0.9695 -0.1983
vn 0.1045 0.8512 -0.5143
vn -0.5353 -0.5595 -0.6328
vn -0.2462 -0.8030 -0.5428
vn -0.2571 0.3961 -0.8815
vn 0.2254 -0.1249 -0.9662
vn 0.7127 0.4180 -0.5633
vn -0.1434 -0.7528 -0.6425
vn 0.2099 0.8805 -0.4251
vn -0.3712 -0.8119 -0.4506
vn 0.0231 0.5602 -0.8280
vn -0.3530 -0.7041 -0.6161
vn 0.8849 0.1714 -0.4331
vn 0.0150 -0.9882 -0.1526
vn 0.8562 0.2628 -0.4448
vn -0.3237 -0.6803 -0.6575
vn 0.6047 0.7162 -0.3485
vn 0.3156 0.8761 -0.3646
vn 0.6622 0.6357 -0.3967
vn -0.5223 -0.1670 -0.8363
vn 0.2556 0.6790 -0.6883
vn -0.2813 -0.5302 -0.7998
vn -0.1482 -0.5471 -0.8238
vn -0.5949 -0.3292 -0.7333
vn -0.3505 -0.6053 -0.7146
vn -0.8132 0.5819 -0.0129
vn -0.9013 0.2312 -0.3664
vn -0.8763 0.3028 -0.3747
vn -0.8563 0.3205 -0.4051
vn -0.7784 0.5917 -0.2097
vn -0.8521 0.4582 -0.2528
vn -0.8861 0.3119 -0.3429
vn -0.8385 0.2361 -0.4911
vn -0.9130 0.3201 -0.2529
vn -0.8338 0.1816 -0.5214
vn -0.8802 0.3035 -0.3648
vn -0.8822 0.3736 -0.2865
vn -0.9042 -0.1112 -0.4124
vn -0.8425 0.3944 -0.3669
vn -0.8658 0.0336 -0.4993
vn -0.8769 0.3035 -0.3727
vn -0.8678 -0.4869 -0.0993
vn -0.9222 -0.1959 0.3334
vn -0.8179 0.4538 0.3537
vn -0.9563 -0.1432 0.2549
vn -0.8403 -0.2695 0.4704
vn -0.8652 -0.1446 0.4802
vn -0.5496 0.2387 0.8006
vn -0.8700 0.2191 0.4417
vn -0.2376 -0.6595 -0.7132
vn -0.8196 0.5625 0.1091
vn -0.9276 -0.2965 0.2275
vn -0.8495 -0.2653 0.4560
vn -0.9297 -0.1828 0.3198
vn -0.5938 -0.7298 -0.3388
vn -0.8778 -0.4784 0.0243
vn -0.9712 0.1366 0.1950
vn -0.9106 -0.1298 0.3925
vn -0.9987 -0.0442 0.0236
vn -0.8726 0.4169 0.2543
vn -0.9955 -0.0931 0.0182
vn -0.8292 -0.3810 0.4090
vn -0.6554 -0.7389 -0.1563
vn -0.4846 0.2468 -0.8392
vn -0.7995 0.1036 0.5916
vn -0.9663 -0.2216 0.1310
vn -0.5769 -0.5251 -0.6256
vn -0.8855 0.1585 -0.4368
vn -0.3497 -0.4204 -0.8372
vn -0.9433 0.2319 0.2375
vn -0.5697 -0.4290 -0.7010
vn -0.8939 0.4290 -0.1303
vn -0.6516 0.2583 0.7133
vn -0.7135 -0.4888 0.5019
vn -0.9194 -0.2442 -0.3084
vn -0.4912 -0.6248 -0.6069
vn -0.6041 -0.7684 0.2112
vn -0.8494 -0.1961 0.4899
vn -0.7599 0.5590 -0.3317
vn -0.9962 0.0231 0.0836
vn -0.6099 0.2698 0.7452
vn -0.5311 -0.0803 0.8435
vn -0.0846 -0.7346 -0.6731
vn -0.2797 0.9580 -0.0639
vn -0.6688 0.7348 -0.1131
vn -0.5035 0.8517 -0.1453
vn -0.0269 -0.6444 -0.7642
vn -0.6599 0.7499 0.0475
vn -0.6593 -0.6549 -0.3694
vn -0.4330 -0.0216 -0.9011
vn -0.7865 -0.1473 -0.5997
vn -0.8291 0.0553 -0.5564
vn -0.7645 -0.5922 -0.2546
vn -0.9689 -0.0192 -0.2469
vn -0.9419 -0.0019 0.3358
vn -0.8991 -0.2147 -0.3814
vn -0.9872 -0.1039 -0.1209
vn -0.9719 -0.1650 -0.1681
vn -0.7864 -0.4588 -0.4136
vn -0.6466 0.0998 -0.7562
vn -0.9451 -0.2855 0.1590
vn 0.0217 -0.6309 0.7755
vn -0.8101 -0.5863 0.0033
vn -0.9156 -0.2830 -0.2856
vn -0.6756 -0.6947 -0.2470
vn -0.6331 -0.6969 -0.3370
vn -0.9074 -0.0587 -0.4161
vn -0.7136 -0.3827 0.5867
vn -0.8035 -0.5475 -0.2337
vn -0.8142 -0.2520 -0.5230
vn -0.8977 -0.2032 -0.3909
vn -0.8758 -0.4652 -0.1289
vn -0.7406 0.2520 -0.6229
vn -0.8788 0.1337 -0.4582
vn -0.9193 -0.2016 0.3380
vn -0.9396 0.3344 0.0725
vn -0.8795 0.4406 -0.1799
vn -0.9533 -0.2944 -0.0669
vn -0.9894 0.1451 0.0051
vn -0.6196 -0.7010 -0.3532
vn -0.9943 0.1047 0.0187
vn -0.7436 -0.1163 -0.6584
vn -0.9248 -0.3534 -0.1407
vn -0.6227 0.4643 -0.6298
vn -0.9517 -0.1873 -0.2433
vn -0.8843 0.2628 -0.3859
vn -0.9467 -0.1302 0.2947
vn -0.8933 0.4096 0.1850
vn -0.8888 -0.4536 0.0649
vn -0.6173 -0.3494 -0.7049
vn -0.5952 -0.8030 -0.0312
vn -0.6357 -0.5857 -0.5029
vn -0.8352 0.2295 -0.4997
vn -0.7039 -0.6999 -0.1213
vn -0.9912 0.1088 -0.0756
vn -0.9728 -0.1590 0.1684
vn 0.4378 -0.6371 -0.6344
vn 0.0029 -0.6842 -0.7292
vn -0.3051 -0.7214 -0.6216
vn 0.0211 -0.9266 -0.3754
vn -0.3591 -0.8781 -0.3162
vn 0.0870 -0.9767 -0.1962
vn -0.5613 -0.8218 0.0977
vn -0.1653 -0.9092 -0.3822
vn -0.3895 -0.9034 -0.1794
vn 0.1881 -0.9514 -0.2439
vn -0.6109 -0.5449 -0.5743
vn -0.6249 -0.5426 -0.5614
vn -0.5806 -0.7864 -0.2109
vn -0.2508 -0.8874 -0.3868
vn -0.3062 -0.6249 -0.7181
vn -0.0883 -0.9749 -0.2042
vn -0.0713 -0.8308 -0.5520
vn 0.1084 -0.2951 -0.9493
vn 0.2649 -0.1844 -0.9465
vn -0.1689 -0.9776 -0.1254
vn -0.1695 -0.9498 -0.2630
vn -0.1750 -0.9417 -0.2873
vn 0.4204 -0.8024 -0.4236
vn -0.6259 -0.7612 -0.1700
vn 0.0962 -0.9945 -0.0425
vn -0.0122 -0.9852 -0.1710
vn -0.7293 -0.6584 -0.1864
vn 0.0037 -0.6172 -0.7868
vn -0.2118 -0.8784 -0.4284
vn 0.0050 -0.9888 -0.1494
vn -0.0886 -0.8094 -0.5806
vn -0.1779 -0.9421 -0.2843
vn -0.2204 -0.7704 -0.5982
vn -0.2586 -0.8693 -0.4212
vn -0.1136 -0.9523 -0.2833
vn -0.1638 -0.9631 -0.2135
vn -0.0384 -0.7539 -0.6559
vn -0.9280 -0.2019 -0.3131
vn 0.5912 0.1299 -0.7960
vn 0.3614 -0.5741 -0.7347
vn 0.0096 -0.9134 -0.4070
vn 0.5121 -0.7062 -0.4889
vn -0.0077 -0.9960 -0.0893
vn 0.2519 -0.9673 0.0283
vn 0.2450 -0.9649 -0.0946
vn 0.0331 -0.9904 -0.1344
vn -0.2320 -0.8450 -0.4818
vn -0.0410 -0.9905 -0.1314
vn -0.0340 -0.9752 -0.2186
vn -0.0221 -0.9744 -0.2235
vn -0.8558 -0.4744 0.2060
vn -0.0268 -0.9931 -0.1139
vn -0.7474 -0.6576 -0.0944
vn -0.3485 -0.9372 0.0173
vn -0.5640 -0.8257 0.0089
vn -0.5267 -0.8498 -0.0190
vn -0.4561 -0.8884 -0.0512
vn -0.3278 -0.9441 -0.0349
vn -0.6334 -0.7738 0.0050
vn -0.5619 -0.8164 -0.1332
vn -0.2515 -0.9632 -0.0947
vn -0.5241 -0.8121 -0.2566
vn -0.4749 -0.8303 -0.2916
vn -0.4753 -0.8759 0.0829
vn -0.5956 -0.8028 0.0291
vn -0.4937 -0.8603 -0.1275
vn -0.5289 -0.8201 -0.2183
vn -0.1186 -0.9789 -0.1665
vn -0.3231 -0.9175 -0.2321
vn -0.3050 -0.9489 -0.0810
vn -0.5393 -0.8191 -0.1957
vn -0.1980 -0.9649 -0.1726
vn -0.5347 -0.8245 -0.1851
vn -0.4421 -0.8749 -0.1978
vn -0.2086 -0.8444 -0.4934
vn -0.1159 -0.9394 -0.3227
vn -0.6704 -0.6374 -0.3799
vn -0.1203 -0.9523 -0.2803
vn -0.4667 -0.8211 -0.3286
vn -0.1032 -0.9681 -0.2285
vn -0.0667 -0.9684 -0.2402
vn -0.0255 -0.9800 -0.1972
vn -0.0471 -0.9830 -0.1773
vn -0.1727 -0.9450 -0.2776
vn -0.2226 -0.9624 -0.1554
vn -0.0343 -0.9854 -0.1668
vn -0.1430 -0.9722 -0.1855
vn 0.0352 -0.9983 0.0466
vn -0.4426 -0.8867 -0.1337
vn -0.5233 -0.8387 -0.1509
vn -0.1753 -0.9785 0.1085
vn -0.6930 -0.7130 -0.1063
vn -0.1731 -0.9833 0.0555
vn -0.1805 -0.9490 -0.2584
vn 0.1029 -0.9862 -0.1299
vn -0.3382 -0.8946 -0.2920
vn 0.1519 -0.9871 -0.0503
vn -0.9017 -0.4222 -0.0934
vn -0.8390 -0.5001 -0.2143
vn -0.8074 -0.5590 -0.1885
vn -0.9100 -0.3282 -0.2533
vn -0.9209 -0.2922 -0.2581
vn -0.8856 -0.4408 -0.1464
vn -0.8937 -0.3239 -0.3105
vn -0.8321 -0.5372 -0.1379
vn -0.6798 -0.6959 -0.2316
vn -0.5772 -0.6853 -0.4440
vn -0.4751 -0.7722 -0.4219
vn -0.7165 -0.6535 -0.2442
vn -0.6262 -0.7074 -0.3279
vn -0.5254 -0.7917 -0.3117
vn -0.5083 -0.8040 -0.3085
vn -0.9176 -0.3777 -0.1238
vn -0.8810 -0.4491 -0.1488
vn -0.5396 -0.7740 -0.3312
vn -0.7469 -0.6582 -0.0946
vn -0.7000 -0.6719 -0.2420
vn -0.7413 -0.6687 -0.0575
vn -0.4278 -0.8640 -0.2656
vn -0.4689 -0.8209 -0.3259
vn -0.4409 -0.8888 -0.1251
vn -0.4361 -0.8277 -0.3532
vn -0.4883 -0.8675 0.0950
vn -0.5671 -0.8166 -0.1076
vn -0.5746 -0.7968 -0.1870
vn -0.4884 -0.6929 -0.5304
vn -0.5716 -0.7945 -0.2049
vn -0.5399 -0.7704 -0.3391
vn -0.6941 -0.7183 -0.0478
vn -0.6913 -0.7115 -0.1260
vn -0.8714 -0.4625 -0.1633
vn -0.6298 -0.7529 -0.1908
vn -0.6555 -0.7412 -0.1448
vn -0.7313 -0.6807 0.0426
vn -0.6262 -0.7764 -0.0708
vn -0.4969 -0.8442 -0.2011
vn -0.4710 -0.7661 -0.4373
vn -0.5291 -0.8305 -0.1739
vn -0.3824 0.2870 -0.8783
vn -0.8446 -0.5354 0.0046
vn -0.7356 -0.6657 -0.1254
vn 0.1086 -0.2241 -0.9685
vn -0.9382 -0.1877 0.2908
vn -0.4898 -0.5654 0.6636
vn -0.8731 -0.4837 -0.0611
vn -0.9260 -0.3727 0.0600
vn -0.8603 -0.4590 -0.2218
vn -0.8896 -0.3060 0.3390
vn -0.9016 -0.4314 -0.0314
vn -0.7766 -0.6254 0.0762
vn -0.7495 -0.6608 -0.0388
vn 0.2130 0.5915 -0.7777
vn -0.8517 -0.5056 -0.1379
vn -0.8260 -0.5545 -0.1008
vn -0.8252 -0.5357 -0.1792
vn -0.8653 -0.4973 -0.0624
vn -0.9450 -0.3265 0.0192
vn -0.9277 -0.3675 0.0655
vn -0.8671 -0.4780 -0.1402
vn -0.9142 -0.4035 -0.0376
vn -0.9790 -0.1668 -0.1175
vn -0.9747 -0.1479 -0.1675
vn -0.8327 -0.4724 0.2889
vn -0.6909 -0.6824 -0.2387
vn -0.4430 -0.7172 -0.5378
vn -0.5968 -0.5042 -0.6242
vn -0.4699 -0.6138 -0.6344
vn -0.6070 -0.5043 -0.6142
vn -0.5466 -0.1853 -0.8166
vn -0.6803 -0.5748 -0.4547
vn 0.1280 0.9485 -0.2898
vn -0.6916 -0.6163 -0.3766
vn 0.0569 0.8448 -0.5321
vn -0.1653 0.5610 -0.8111
vn -0.5196 -0.7531 -0.4034
vn -0.4045 0.5574 -0.7250
vn 0.0217 0.7218 -0.6917
vn 0.0223 0.6175 -0.7862
vn -0.0957 0.7621 -0.6403
vn -0.1504 0.5800 -0.8006
vn 0.0529 0.8783 -0.4752
vn -0.1616 0.7888 -0.5930
vn 0.2124 0.8301 -0.5156
vn -0.1853 0.5104 -0.8397
vn -0.6691 0.4142 -0.6170
vn 0.1872 0.9804 -0.0606
vn -0.7665 0.5986 -0.2325
vn 0.0195 0.9997 -0.0171
vn -0.2606 0.5538 -0.7908
vn 0.2509 0.9670 -0.0448
vn -0.7932 -0.3744 -0.4803
vn -0.0620 0.7180 -0.6933
vn 0.2285 0.9652 -0.1272
vn -0.8983 0.1801 -0.4008
vn 0.1431 0.9879 -0.0603
vn -0.8677 0.1138 -0.4839
vn 0.2007 0.9758 -0.0871
vn 0.1780 0.6237 -0.7611
vn 0.2524 0.7074 -0.6602
vn -0.0944 0.9136 -0.3954
vn 0.0860 0.8964 -0.4349
vn 0.1875 0.9721 -0.1412
vn -0.3260 0.1623 -0.9313
vn -0.9340 -0.3480 0.0812
vn -0.9977 0.0606 0.0311
vn -0.8946 0.4035 0.1921
vn -0.6699 -0.7072 -0.2261
vn -0.9247 -0.3708 -0.0859
vn -0.4771 -0.8692 -0.1299
vn -0.8580 -0.2659 -0.4395
vn -0.6510 -0.6983 -0.2978
vn -0.8337 -0.3173 -0.4519
vn -0.6454 -0.7323 -0.2172
vn -0.8593 -0.2684 -0.4354
vn -0.0540 -0.8453 0.5315
vn -0.9153 -0.1635 -0.3681
vn -0.6353 -0.7418 -0.2147
vn -0.9197 -0.2025 -0.3364
vn -0.5858 -0.5961 -0.5491
vn -0.1476 0.7434 -0.6523
vn -0.1360 0.4323 -0.8914
vn -0.3985 0.2082 -0.8932
vn -0.3089 0.4640 -0.8303
vn -0.3221 0.4813 -0.8152
vn -0.5294 0.1917 -0.8264
vn -0.4669 -0.6030 -0.6468
vn -0.5366 -0.4014 -0.7423
vn -0.5979 -0.2441 -0.7635
vn -0.3223 0.2402 -0.9157
vn -0.2269 0.4347 -0.8715
vn -0.4945 -0.2118 -0.8430
vn -0.5094 -0.8020 -0.3119
vn 0.0135 0.9067 -0.4216
vn -0.4940 -0.8665 -0.0721
vn -0.5469 -0.6629 -0.5114
vn -0.6493 -0.6128 -0.4504
vn -0.1394 0.3676 -0.9195
vn -0.5211 0.6079 -0.5991
vn -0.7023 -0.5135 -0.4931
vn -0.5981 -0.4107 -0.6882
vn -0.7756 -0.3816 -0.5028
vn -0.4994 -0.7778 -0.3817
vn -0.6140 0.0382 -0.7884
vn -0.3129 0.1536 -0.9373
vn -0.4788 -0.7466 -0.4619
vn 0.1968 0.9804 -0.0037
vn 0.1555 0.9870 -0.0396
vn -0.5150 -0.4562 -0.7257
vn -0.3944 -0.7242 -0.5657
vn -0.4443 0.1213 -0.8876
vn -0.3642 -0.2211 -0.9047
vn -0.5527 0.1226 -0.8243
vn -0.1188 -0.5649 -0.8166
vn -0.5964 -0.6135 -0.5176
vn -0.6439 -0.5775 -0.5018
vn -0.3768 -0.1103 -0.9197
vn -0.3831 -0.2017 -0.9014
vn -0.5908 0.0406 -0.8058
vn -0.6436 -0.1737 -0.7454
vn -0.9962 0.0734 0.0471
vn -0.9192 0.3803 0.1019
vn -0.9747 0.1329 -0.1794
vn -0.9896 -0.0159 -0.1431
vn -0.9942 0.0470 -0.0963
vn -0.9794 0.2015 -0.0147
vn -0.7950 0.5918 0.1333
vn -0.9922 0.0283 0.1215
vn -0.9883 0.1117 0.1037
vn -0.8234 -0.5660 -0.0404
vn -0.9811 0.1088 -0.1597
vn -0.7205 0.5288 -0.4486
vn -0.7519 0.6409 -0.1543
vn -0.5860 0.8033 -0.1061
vn -0.6088 0.7830 -0.1274
vn -0.8950 0.4384 0.0828
vn -0.5122 0.8157 0.2688
vn -0.3449 0.8860 -0.3098
vn -0.9049 0.4229 -0.0486
vn -0.5090 -0.2584 -0.8211
vn -0.8944 0.1299 -0.4279
vn -0.7641 0.5881 -0.2652
vn 0.0100 0.9999 0.0048
vn -0.7495 0.6545 0.0993
vn -0.8030 0.5915 0.0730
vn -0.1026 0.9846 0.1416
vn -0.5030 0.8569 0.1122
vn -0.2110 0.1005 -0.9723
vn -0.0104 -0.5643 -0.8255
vn -0.3749 -0.0669 -0.9246
vn -0.3947 -0.1747 -0.9020
vn 0.1126 0.8323 -0.5427
vn -0.4995 0.1568 -0.8520
vn 0.0004 0.9971 -0.0758
vn -0.5058 0.8486 -0.1550
vn -0.2529 0.9630 0.0934
vn -0.5208 0.7509 0.4060
vn -0.6569 0.5584 -0.5066
vn -0.7006 0.4449 -0.5579
vn 0.3186 0.9175 -0.2383
vn -0.0402 0.9928 -0.1130
vn -0.4974 -0.8018 -0.3313
vn 0.3585 0.9328 0.0383
vn 0.0345 0.9991 0.0264
vn 0.8977 -0.3096 0.3135
vn -0.5706 0.5935 -0.5676
vn -0.7180 0.4528 -0.5286
vn -0.2259 -0.8613 -0.4552
vn 0.1024 0.9943 0.0309
vn -0.2462 0.9117 -0.3289
vn -0.6977 0.5052 -0.5080
vn -0.4819 -0.6933 -0.5359
vn 0.1649 0.9863 -0.0083
vn -0.4534 0.8465 -0.2790
vn -0.4367 0.8501 -0.2943
vn -0.3450 0.8549 -0.3874
vn -0.3975 0.7849 -0.4753
vn -0.8572 -0.1264 -0.4993
vn -0.1906 0.9235 -0.3329
vn -0.5746 0.6599 -0.4840
vn -0.6347 0.3857 -0.6696
vn -0.5478 0.6804 -0.4869
vn -0.6537 0.3828 -0.6528
vn -0.4791 -0.7556 -0.4468
vn -0.8465 -0.3657 -0.3869
vn 0.1526 0.9878 -0.0314
vn -0.6603 0.3504 -0.6643
vn -0.0478 0.9429 -0.3295
vn -0.6947 0.3432 -0.6321
vn -0.6085 -0.3978 -0.6867
vn -0.8987 0.0048 -0.4386
vn -0.4703 -0.7196 -0.5110
vn -0.4593 -0.8725 -0.1668
vn -0.6952 -0.4752 -0.5394
vn -0.4895 -0.7981 -0.3514
vn -0.3698 0.7805 -0.5039
vn -0.5727 -0.3845 -0.7240
vn -0.5704 -0.1151 -0.8133
vn -0.5115 -0.7233 -0.4640
vn 0.2096 0.9769 -0.0407
vn -0.6248 0.0868 -0.7760
vn -0.7999 -0.4359 -0.4124
vn -0.8016 -0.3061 -0.5136
vn -0.7324 -0.1930 -0.6529
vn -0.5535 0.3303 -0.7646
vn -0.7393 0.0496 -0.6715
vn -0.6942 -0.3155 -0.6470
vn -0.6599 -0.3852 -0.6451
vn -0.8961 -0.1769 -0.4070
vn -0.8498 0.4793 -0.2191
vn -0.7785 -0.0157 -0.6275
vn -0.8863 0.4225 -0.1896
vn -0.9149 0.0241 -0.4031
vn -0.6577 0.7158 0.2348
vn -0.9332 -0.0749 -0.3515
vn -0.7929 0.0119 -0.6092
vn -0.9255 0.1053 -0.3638
vn -0.7816 0.6091 0.1343
vn -0.9569 -0.2235 -0.1853
vn -0.8167 0.5240 -0.2416
vn -0.8362 -0.1227 -0.5345
vn -0.8515 0.3943 -0.3458
vn -0.7674 0.2315 -0.5979
vn -0.7552 0.2620 -0.6008
vn -0.9490 0.1367 -0.2843
vn -0.7752 0.1061 -0.6227
vn -0.7763 0.2944 -0.5574
vn -0.8254 0.3819 -0.4157
vn -0.5305 0.7287 -0.4330
vn -0.5391 -0.0366 -0.8414
vn -0.6634 0.6909 -0.2875
vn -0.8385 0.1002 -0.5356
vn -0.7453 0.0869 -0.6611
vn -0.7611 0.0563 -0.6461
vn -0.8179 0.2976 -0.4924
vn -0.8788 0.2692 -0.3940
vn -0.8506 0.2684 -0.4521
vn -0.8946 0.2895 -0.3405
vn -0.7418 0.0665 -0.6673
vn -0.9300 0.0343 -0.3660
vn -0.8787 0.0556 -0.4742
vn -0.9843 -0.1690 0.0514
vn -0.8581 0.3229 0.3993
vn -0.9691 -0.1075 -0.2221
vn -0.7102 0.6401 0.2932
vn -0.7387 0.6666 -0.1000
vn -0.9097 0.0191 -0.4149
vn -0.7858 0.0675 -0.6148
vn -0.9344 0.1328 -0.3306
vn -0.8392 0.1350 -0.5269
vn -0.8329 0.5021 -0.2326
vn -0.8031 -0.0850 -0.5898
vn -0.9299 -0.0820 -0.3586
vn -0.8942 0.0852 -0.4395
vn -0.9001 0.1341 -0.4145
vn -0.9208 0.1596 -0.3559
vn -0.9398 0.3243 -0.1075
vn -0.9602 0.2405 -0.1420
vn -0.9834 0.1607 -0.0843
vn -0.9336 0.3397 0.1137
vn -0.9630 0.0717 -0.2598
vn -0.9041 0.3788 -0.1979
vn -0.8871 0.0832 -0.4541
vn -0.9937 -0.1107 0.0186
vn -0.8540 0.3559 0.3796
vn -0.1715 -0.8535 -0.4921
vn -0.1398 -0.8249 -0.5477
vn -0.0595 -0.9590 -0.2771
vn -0.0616 -0.9616 -0.2675
vn -0.1447 -0.9483 -0.2824
vn -0.2722 -0.8004 -0.5341
vn -0.3020 -0.9084 -0.2890
vn -0.2607 -0.7757 -0.5748
vn -0.2126 -0.9375 -0.2757
vn -0.2575 -0.7461 -0.6140
vn -0.3635 -0.8559 -0.3678
vn -0.2613 -0.8435 -0.4693
vn -0.3092 -0.8017 -0.5116
vn -0.1110 -0.9593 -0.2598
vn -0.1634 -0.8834 -0.4392
vn -0.0632 -0.9724 -0.2246
vn -0.0678 -0.9695 -0.2356
vn -0.3283 -0.7132 -0.6194
vn -0.2452 -0.9124 -0.3276
vn -0.0917 -0.9007 -0.4246
vn -0.1468 -0.9867 -0.0703
vn -0.0279 -0.7898 -0.6127
vn -0.3220 -0.7970 -0.5109
vn -0.3034 -0.7929 -0.5285
vn -0.4283 -0.7018 -0.5693
vn -0.4464 -0.6758 -0.5865
vn -0.0704 -0.7301 -0.6798
vn -0.2882 -0.8011 -0.5246
vn -0.6251 -0.6777 -0.3872
vn -0.4919 -0.6624 -0.5650
vn -0.2934 -0.8294 -0.4755
vn -0.3923 -0.8844 -0.2528
vn -0.4777 -0.7695 -0.4239
vn -0.4026 -0.8115 -0.4236
vn -0.4792 -0.8772 -0.0307
vn -0.4087 -0.8345 -0.3696
vn -0.4284 -0.7097 -0.5593
vn -0.4042 -0.6763 -0.6158
vn -0.3789 -0.8920 -0.2464
vn -0.4246 -0.6980 -0.5767
vn -0.4810 -0.6730 -0.5619
vn -0.3510 -0.7543 -0.5549
vn -0.3249 -0.6670 -0.6705
vn -0.4732 -0.6874 -0.5510
vn -0.5327 -0.7243 -0.4377
vn -0.5818 -0.6737 -0.4557
vn -0.3414 -0.9082 -0.2421
vn 0.2407 -0.9504 -0.1968
vn 0.2287 -0.9384 -0.2590
vn 0.0965 -0.9923 -0.0778
vn 0.2855 -0.9583 -0.0118
vn 0.0193 -0.9434 -0.3312
vn 0.0139 -0.9968 -0.0793
vn 0.2894 -0.9385 -0.1884
vn 0.3002 -0.9479 0.1067
vn 0.3774 -0.9215 0.0916
vn 0.3012 -0.9477 0.1052
vn 0.4212 -0.9060 0.0420
vn 0.1685 -0.9842 0.0540
vn 0.5458 -0.8352 0.0675
vn 0.0765 -0.9607 -0.2669
vn 0.2221 -0.8852 -0.4088
vn 0.2753 -0.9496 -0.1500
vn 0.2668 -0.8306 -0.4888
vn -0.6362 -0.4208 -0.6466
vn 0.6988 0.6791 0.2248
vn 0.2739 0.0789 -0.9585
vn 0.2942 0.9515 -0.0904
vn 0.2760 0.3676 -0.8881
vn 0.2844 0.9568 -0.0603
vn 0.0912 0.3954 -0.9139
vn 0.2360 0.9674 -0.0919
vn 0.2428 -0.5419 -0.8046
vn 0.3406 0.8876 -0.3101
vn -0.2335 -0.8531 -0.4665
vn -0.0520 -0.7618 -0.6457
vn 0.6215 0.7741 0.1201
vn -0.0909 -0.6278 -0.7730
vn 0.3004 0.9480 0.1050
vn 0.1448 -0.1997 -0.9691
vn 0.8949 0.4448 0.0360
vn 0.3536 0.8969 -0.2655
vn 0.2701 0.3615 -0.8924
vn 0.2166 0.9721 -0.0902
vn -0.2874 -0.7935 -0.5365
vn 0.3753 0.9256 0.0493
vn -0.3634 -0.3504 -0.8632
vn 0.2894 0.9159 -0.2781
vn -0.2209 -0.7497 -0.6238
vn 0.3901 0.9175 0.0774
vn -0.3987 -0.1855 -0.8981
vn 0.0781 0.9946 -0.0687
vn -0.3760 -0.7230 -0.5796
vn -0.2467 -0.8782 -0.4098
vn 0.2115 0.9773 -0.0119
vn -0.4201 -0.5299 -0.7367
vn -0.0577 0.9889 0.1366
vn 0.1983 0.9629 -0.1832
vn -0.7274 -0.6004 -0.3323
vn 0.2321 -0.0872 -0.9688
vn -0.1311 -0.9089 -0.3958
vn 0.1578 -0.3490 -0.9237
vn -0.7478 -0.2653 -0.6086
vn 0.1563 0.9714 -0.1789
vn -0.2526 -0.9151 -0.3143
vn -0.2375 -0.9267 -0.2914
vn 0.0317 -0.5725 -0.8193
vn 0.1605 -0.9618 -0.2216
vn -0.0381 -0.8161 -0.5766
vn -0.0574 -0.7209 -0.6907
vn -0.2564 -0.2950 -0.9204
vn -0.0522 -0.5792 -0.8135
vn -0.1451 -0.2045 -0.9681
vn 0.0613 -0.6283 -0.7756
vn -0.3075 0.4145 -0.8565
vn -0.0399 0.8530 -0.5204
vn 0.1310 0.8388 -0.5285
vn 0.0096 0.7795 -0.6263
vn 0.2278 0.7826 -0.5794
vn 0.2577 0.8211 -0.5093
vn 0.3538 0.5422 -0.7621
vn 0.2439 0.7393 -0.6276
vn 0.2790 0.8656 -0.4159
vn 0.3350 0.7174 -0.6109
vn 0.0891 0.9227 -0.3751
vn 0.1968 0.7025 -0.6839
vn 0.3390 0.8515 -0.4001
vn 0.3443 0.7806 -0.5216
vn 0.1454 0.6267 -0.7656
vn 0.1573 0.9354 -0.3167
vn 0.4234 0.7154 -0.5558
vn -0.0645 0.6128 -0.7876
vn 0.1925 0.6134 -0.7659
vn 0.0211 0.7883 -0.6149
vn -0.0266 0.8950 -0.4453
vn 0.1140 0.8663 -0.4863
vn -0.2104 0.5747 -0.7909
vn -0.0493 0.3168 -0.9472
vn -0.2643 0.5668 -0.7803
vn -0.2292 0.6635 -0.7122
vn -0.1809 0.5784 -0.7955
vn -0.1696 0.6577 -0.7339
vn -0.1909 0.6034 -0.7742
vn -0.2739 0.5499 -0.7890
vn -0.2633 0.7831 -0.5633
vn -0.2550 0.1416 -0.9565
vn -0.1381 0.0645 -0.9883
vn -0.3997 0.5507 -0.7328
vn -0.2405 0.2989 -0.9235
vn -0.3220 0.3949 -0.8604
vn -0.3303 0.1316 -0.9347
vn -0.3886 0.4628 -0.7967
vn -0.4588 0.6288 -0.6278
vn -0.3972 0.8602 -0.3198
vn -0.4131 0.3954 -0.8204
vn -0.2761 0.7480 -0.6036
vn -0.3108 0.6860 -0.6579
vn -0.1801 0.6824 -0.7085
vn -0.3566 0.7815 -0.5120
vn -0.5077 0.5588 -0.6557
vn -0.4081 0.4711 -0.7820
vn -0.4203 0.7595 -0.4964
vn -0.4769 0.6271 -0.6159
vn -0.2947 0.6182 -0.7287
vn -0.1624 0.8350 -0.5258
vn -0.3321 0.5549 -0.7628
vn -0.4106 0.7019 -0.5820
vn -0.5664 0.5724 -0.5929
vn -0.3151 0.5586 -0.7672
vn -0.2643 0.7321 -0.6278
vn -0.3971 0.5976 -0.6966
vn -0.2836 0.0005 -0.9589
vn -0.6937 0.1136 -0.7112
vn -0.6305 0.5509 -0.5469
vn -0.4759 0.5650 -0.6741
vn -0.4778 0.5611 -0.6759
vn -0.3530 0.3819 -0.8541
vn -0.1869 0.5521 -0.8125
vn -0.1398 0.7926 -0.5935
vn -0.3256 0.5158 -0.7924
vn -0.3635 0.5786 -0.7301
vn -0.2292 0.6830 -0.6935
vn -0.1189 0.4403 -0.8900
vn -0.0879 0.7658 -0.6370
vn -0.1845 0.6934 -0.6965
vn -0.2097 0.8001 -0.5620
vn -0.0956 0.1972 -0.9757
vn 0.0519 0.6950 -0.7172
vn -0.0981 0.2768 -0.9559
vn -0.1411 0.1186 -0.9829
vn -0.0916 0.6837 -0.7240
vn -0.1653 0.7969 -0.5810
vn 0.2369 0.4402 -0.8661
vn 0.3101 0.8285 -0.4663
vn -0.1910 0.8021 -0.5658
vn -0.1377 0.7540 -0.6422
vn 0.0973 0.5736 -0.8133
vn 0.2706 0.7974 -0.5393
vn 0.0487 0.6870 -0.7250
vn 0.0351 0.6687 -0.7427
vn 0.0142 0.8489 -0.5283
vn -0.0169 0.5242 -0.8514
vn 0.0218 0.4858 -0.8738
vn -0.0621 0.7366 -0.6734
vn -0.1134 0.5778 -0.8083
vn -0.1807 0.7324 -0.6564
vn 0.2243 0.6677 -0.7098
vn -0.0361 0.0742 -0.9966
vn -0.1419 0.5902 -0.7947
vn 0.1058 0.7331 -0.6718
vn -0.0187 0.6882 -0.7253
vn -0.3229 0.1261 -0.9380
vn -0.0960 0.5706 -0.8156
vn 0.2039 0.9536 -0.2215
vn -0.1151 0.5257 -0.8428
vn -0.0637 0.5552 -0.8292
vn 0.2530 0.2690 -0.9293
vn 0.0166 0.1821 -0.9831
vn -0.0645 0.7349 -0.6751
vn 0.1028 0.7268 -0.6791
vn 0.1459 0.7318 -0.6657
vn -0.0697 0.3815 -0.9217
vn -0.1438 0.4588 -0.8768
vn -0.0715 0.3527 -0.9330
vn -0.1922 0.5977 -0.7784
vn -0.4071 -0.5406 -0.7362
vn -0.3505 0.0881 -0.9324
vn -0.3628 0.6015 -0.7118
vn -0.1015 0.2890 -0.9519
vn -0.2869 -0.1964 -0.9376
vn 0.0628 0.6784 -0.7320
vn -0.1583 0.0509 -0.9861
vn -0.1568 0.6403 -0.7520
vn -0.1457 0.0523 -0.9879
vn 0.0824 0.5394 -0.8380
vn -0.2431 0.5170 -0.8208
vn -0.1037 0.8292 -0.5492
vn -0.1375 0.7656 -0.6285
vn -0.2467 -0.0130 -0.9690
vn -0.0908 0.2082 -0.9739
vn -0.1701 0.6147 -0.7702
vn 0.3326 0.9296 -0.1585
vn -0.1090 0.7097 -0.6960
vn -0.2923 0.6951 -0.6568
vn -0.0524 0.6269 -0.7774
vn -0.0669 0.8284 -0.5561
vn 0.0062 0.8337 -0.5522
vn 0.0727 0.8544 -0.5145
vn -0.0817 0.7913 -0.6059
vn -0.1212 0.7495 -0.6508
vn -0.0521 0.7881 -0.6134
vn -0.2069 0.7437 -0.6358
vn -0.2906 0.6127 -0.7349
vn -0.2586 0.7698 -0.5835
vn -0.1234 0.4550 -0.8819
vn -0.1057 0.4388 -0.8923
vn -0.2370 0.6730 -0.7007
vn -0.1951 0.6952 -0.6919
vn -0.1036 0.4788 -0.8718
vn -0.1561 0.3931 -0.9062
vn -0.3033 0.6069 -0.7347
vn -0.3539 0.2464 -0.9022
vn -0.2505 0.4437 -0.8604
vn -0.2459 0.4442 -0.8615
vn -0.1041 0.5455 -0.8316
vn -0.1548 0.3075 -0.9389
vn -0.1568 0.5601 -0.8134
vn -0.0601 0.7764 -0.6274
vn -0.1357 0.6445 -0.7525
vn -0.2278 0.6466 -0.7281
vn -0.0719 0.5304 -0.8447
vn -0.1504 0.6307 -0.7614
vn -0.0739 0.7724 -0.6309
vn -0.0448 0.8771 -0.4782
vn -0.1551 0.8401 -0.5198
vn -0.1034 0.8088 -0.5790
vn -0.0917 0.7403 -0.6659
vn -0.2509 -0.1441 -0.9572
vn -0.2630 0.3323 -0.9057
vn -0.2243 0.4342 -0.8724
vn -0.2583 0.4605 -0.8493
vn -0.3109 -0.3576 -0.8806
vn -0.2138 0.8512 -0.4793
vn -0.2154 0.9112 -0.3511
vn -0.3099 0.8376 -0.4498
vn -0.2100 0.9283 -0.3069
vn -0.2153 0.8261 -0.5208
vn -0.3345 0.7359 -0.5887
vn -0.3707 0.6698 -0.6434
vn -0.2537 0.5002 -0.8279
vn -0.1856 0.8813 -0.4346
vn -0.2109 0.6461 -0.7335
vn -0.0109 0.8754 -0.4833
vn -0.2299 0.6494 -0.7249
vn 0.1181 0.8971 -0.4257
vn -0.3670 0.5282 -0.7657
vn -0.2902 0.5828 -0.7590
vn -0.3225 0.8158 -0.4800
vn -0.4036 0.5634 -0.7209
vn -0.2047 0.9693 -0.1362
vn -0.2558 0.4168 -0.8723
vn -0.0422 0.9945 -0.0956
vn -0.3226 0.5201 -0.7909
vn -0.1999 0.9388 -0.2805
vn -0.3322 0.6884 -0.6448
vn -0.3770 0.7265 -0.5746
vn -0.2186 0.8946 -0.3899
vn -0.3048 0.5575 -0.7722
vn -0.1584 0.3105 -0.9373
vn 0.0658 0.9784 -0.1959
vn -0.2473 0.4226 -0.8719
vn -0.3186 0.7479 -0.5824
vn -0.3813 0.4388 -0.8137
vn -0.3263 0.5405 -0.7755
vn -0.3644 0.6887 -0.6269
vn -0.3108 0.3294 -0.8916
vn -0.1247 0.6801 -0.7224
vn -0.3711 0.4523 -0.8110
vn -0.3177 0.5570 -0.7673
vn -0.3548 0.4704 -0.8080
vn -0.3899 0.4780 -0.7871
vn -0.4759 0.6775 -0.5608
vn -0.3930 0.7311 -0.5578
vn -0.1893 0.5769 -0.7946
vn -0.1275 0.6107 -0.7816
vn -0.3512 0.2930 -0.8893
vn -0.2180 0.5621 -0.7978
vn -0.3552 0.2948 -0.8871
vn -0.4041 0.4911 -0.7717
vn -0.4101 0.2775 -0.8688
vn -0.3772 0.7369 -0.5609
vn -0.3493 0.2978 -0.8884
vn -0.4224 0.4168 -0.8049
vn -0.4210 0.8717 -0.2508
vn -0.4171 0.7635 -0.4930
vn -0.1003 0.9486 -0.3003
vn -0.1731 0.9709 -0.1656
vn -0.0258 0.9928 -0.1170
vn -0.0173 0.9789 -0.2037
vn -0.2687 0.9065 -0.3258
vn -0.4469 0.8906 -0.0846
vn -0.3957 0.9088 -0.1321
vn -0.1110 0.9441 -0.3104
vn -0.1442 0.9148 -0.3773
vn -0.0640 0.9684 -0.2409
vn -0.0790 0.9552 -0.2852
vn -0.2973 0.8759 -0.3800
vn -0.2032 0.9218 -0.3300
vn -0.3649 0.7651 -0.5305
vn -0.3506 0.8489 -0.3954
vn -0.2645 0.8033 -0.5335
vn -0.6297 0.7754 -0.0460
vn -0.6686 0.7436 -0.0090
vn -0.8373 0.4984 -0.2248
vn -0.7654 0.6434 -0.0108
vn -0.8518 0.4249 -0.3064
vn -0.6263 0.6553 -0.4223
vn -0.4530 0.8909 -0.0337
vn -0.6379 0.7631 0.1040
vn -0.5760 0.8058 -0.1375
vn -0.3283 0.9393 -0.0995
vn -0.6765 0.7129 0.1844
vn -0.6976 0.6999 -0.1534
vn -0.7661 0.6021 -0.2250
vn -0.6175 0.7557 -0.2182
vn -0.6818 0.7301 -0.0465
vn -0.6259 0.7349 -0.2609
vn -0.7106 0.6968 -0.0980
vn -0.7932 0.5055 -0.3395
vn -0.9099 0.4148 0.0007
vn -0.6815 0.7085 -0.1832
vn -0.9087 0.4059 -0.0975
vn -0.6903 0.6138 -0.3830
vn -0.7497 0.6611 -0.0304
vn -0.6944 0.7098 -0.1182
vn -0.3432 0.8215 -0.4555
vn -0.5013 0.6906 -0.5214
vn -0.7273 -0.0368 -0.6854
vn -0.8374 0.1606 -0.5224
vn -0.6464 0.0980 -0.7567
vn -0.6870 0.1001 -0.7197
vn -0.6764 0.2105 -0.7058
vn -0.6314 0.1711 -0.7564
vn -0.4991 0.5030 -0.7056
vn -0.6292 -0.1120 -0.7692
vn -0.5015 0.8049 -0.3173
vn -0.5276 0.2408 -0.8146
vn -0.5000 0.3426 -0.7954
vn -0.6475 0.2495 -0.7201
vn -0.4702 0.3989 -0.7873
vn -0.3893 -0.1185 -0.9134
vn -0.4260 0.6583 -0.6206
vn -0.2855 0.6524 -0.7020
vn -0.2374 0.8294 0.5058
vn -0.3027 0.6251 -0.7195
vn -0.7556 0.6519 -0.0635
vn -0.5454 0.2075 -0.8121
vn -0.5467 0.3605 -0.7557
vn -0.2075 -0.0376 -0.9775
vn -0.4314 0.4850 -0.7607
vn -0.1764 0.7923 -0.5841
vn -0.3988 0.8712 -0.2862
vn -0.7272 -0.3085 -0.6132
vn -0.6685 0.6096 -0.4261
vn -0.6567 0.6732 -0.3400
vn -0.4771 0.0174 -0.8787
vn -0.3234 0.3006 -0.8972
vn -0.2732 0.8085 -0.5212
vn -0.4382 0.4304 -0.7891
vn -0.2171 0.8108 -0.5436
vn -0.4561 0.8795 -0.1356
vn -0.4148 0.8774 -0.2410
vn -0.3712 0.8697 -0.3254
vn -0.6304 0.7302 -0.2634
vn -0.7731 0.6322 -0.0517
vn -0.5191 0.8349 -0.1832
vn -0.8727 0.4882 0.0088
vn -0.5547 0.8128 -0.1778
vn -0.5094 0.8491 -0.1397
vn -0.5904 0.7901 -0.1649
vn -0.3376 0.6979 -0.6316
vn -0.5999 0.6648 -0.4452
vn -0.8486 0.3746 -0.3737
vn -0.7536 0.3772 -0.5384
vn -0.7698 0.5904 -0.2427
vn -0.7292 0.3848 -0.5658
vn -0.6743 0.5222 -0.5221
vn -0.7778 0.4297 -0.4587
vn -0.9238 0.3815 -0.0325
vn -0.7885 0.4697 -0.3970
vn 0.2170 0.9462 -0.2401
vn 0.2402 0.9411 -0.2380
vn 0.1832 0.9207 -0.3446
vn 0.1738 0.9465 -0.2718
vn -0.0048 0.9139 -0.4058
vn 0.0657 0.9480 -0.3113
vn 0.0479 0.8837 -0.4656
vn 0.1095 0.9558 -0.2729
vn 0.1447 0.9817 -0.1239
vn 0.1183 0.9691 -0.2163
vn 0.0145 0.9155 -0.4022
vn 0.1521 0.9507 -0.2703
vn 0.2888 0.9335 -0.2125
vn 0.2217 0.9549 -0.1975
vn 0.0887 0.8768 -0.4725
vn 0.1009 0.9224 -0.3728
vn 0.1819 0.9238 -0.3368
vn 0.0955 0.9304 -0.3538
vn 0.2537 0.9454 -0.2048
vn 0.0956 0.9159 -0.3900
vn 0.2230 0.9658 -0.1320
vn 0.1752 0.9541 -0.2430
vn 0.0299 0.9409 -0.3374
vn 0.0835 0.9499 -0.3012
vn -0.1284 0.9846 -0.1182
vn -0.1068 0.9690 -0.2228
vn -0.1336 0.9634 -0.2322
vn -0.0003 0.9878 -0.1556
vn -0.0984 0.9180 -0.3841
vn 0.0019 0.9697 -0.2444
vn -0.1247 0.9444 -0.3041
vn -0.0538 0.9146 -0.4007
vn -0.1211 0.9270 -0.3550
vn 0.0514 0.9104 -0.4105
vn 0.0487 0.9480 -0.3145
vn -0.1381 0.8547 -0.5004
vn -0.1730 0.8301 -0.5300
vn -0.1162 0.8358 -0.5366
vn 0.0312 0.9516 -0.3059
vn -0.0201 0.9816 -0.1900
vn 0.0242 0.9747 -0.2221
vn 0.0452 0.9683 -0.2459
vn -0.1495 0.9835 -0.1021
vn 0.0127 0.9741 -0.2258
vn -0.0997 0.9642 -0.2457
vn -0.0613 0.9918 -0.1123
vn -0.0806 0.9821 -0.1704
vn -0.1654 0.9831 -0.0781
vn -0.1160 0.9857 -0.1223
vn -0.0643 0.9960 -0.0619
vn -0.1583 0.9828 -0.0955
vn -0.0675 0.9892 -0.1300
vn -0.2048 0.4795 -0.8533
vn -0.2964 0.3503 -0.8885
vn -0.2492 0.5520 -0.7957
vn -0.2992 0.6190 -0.7262
vn -0.2335 0.3784 -0.8957
vn -0.3555 0.2915 -0.8880
vn -0.2606 0.3348 -0.9055
vn -0.2673 0.4790 -0.8362
vn -0.1780 -0.0589 -0.9823
vn -0.4391 0.2559 -0.8612
vn -0.4062 0.1274 -0.9049
vn 0.2375 0.8329 0.4999
vn 0.3163 0.7698 0.5544
vn 0.3628 0.7493 0.5540
vn 0.3019 0.7094 0.6369
vn 0.1609 0.9869 0.0073
vn 0.3113 0.8570 0.4107
vn 0.3223 0.8096 0.4905
vn 0.3787 0.7298 0.5691
vn 0.2895 0.7972 0.5298
vn 0.2365 0.8626 0.4471
vn 0.1289 0.9861 0.1046
vn 0.1700 0.9556 0.2407
vn 0.2181 0.9229 0.3173
vn 0.2050 0.8330 0.5139
vn 0.0484 0.9962 -0.0724
vn 0.0632 0.9938 -0.0915
vn 0.0976 0.9951 -0.0167
vn 0.0662 0.9968 -0.0449
vn 0.0298 0.9927 -0.1170
vn 0.1225 0.9903 -0.0654
vn -0.0061 0.9703 -0.2420
vn -0.0867 0.9834 -0.1591
vn 0.1310 0.9569 -0.2594
vn 0.1283 0.9807 -0.1475
vn 0.0797 0.9929 -0.0888
vn -0.3825 0.9215 0.0665
vn -0.4506 0.8814 0.1419
vn -0.4108 0.9116 0.0150
vn -0.5444 0.7813 0.3054
vn -0.7374 0.6272 0.2507
vn -0.4147 0.9012 0.1261
vn -0.4812 0.8646 0.1446
vn -0.6969 0.7128 0.0788
vn -0.3471 0.9373 0.0322
vn 0.3833 -0.9198 -0.0842
vn -0.7863 0.5992 0.1509
vn -0.4524 0.8604 0.2344
vn -0.7719 0.5992 0.2124
vn -0.5479 0.8293 -0.1099
vn -0.8656 0.5001 -0.0248
vn -0.6049 0.7629 -0.2283
vn -0.7859 0.6160 -0.0539
vn -0.4373 0.8993 -0.0032
vn -0.4428 0.8953 0.0488
vn -0.6369 0.7709 -0.0033
vn -0.9209 0.3378 0.1944
vn -0.7136 0.6983 0.0558
vn -0.6374 0.7563 -0.1472
vn -0.4239 0.9025 -0.0765
vn -0.5424 0.8378 -0.0631
vn -0.4378 0.8991 -0.0046
vn -0.7356 0.6765 -0.0350
vn -0.8255 0.5621 0.0507
vn -0.7190 0.6941 0.0353
vn -0.8668 0.4664 -0.1765
vn -0.7132 0.6989 0.0538
vn -0.6752 0.7339 0.0733
vn -0.3379 0.9411 0.0067
vn -0.7045 0.7073 -0.0583
vn -0.7268 0.6835 0.0685
vn -0.7337 0.6538 0.1850
vn -0.5480 0.8362 -0.0220
vn -0.7883 0.6153 0.0009
vn -0.7221 0.6898 -0.0524
vn -0.5112 0.7927 -0.3322
vn -0.5706 0.7801 -0.2565
vn -0.6018 0.7784 -0.1787
vn -0.5269 0.8494 0.0306
vn -0.6699 0.7421 -0.0234
vn -0.6643 0.7473 0.0157
vn -0.6940 0.7090 0.1252
vn -0.5807 0.8116 0.0633
vn -0.4704 0.8804 0.0604
vn -0.6525 0.7072 0.2721
vn -0.7654 0.6371 0.0904
vn 0.0661 0.9646 -0.2553
vn -0.9248 0.1892 -0.3301
vn -0.0195 0.9699 -0.2427
vn -0.6705 0.7311 -0.1263
vn -0.3260 0.9400 -0.1010
vn -0.5825 0.8098 -0.0704
vn -0.5145 0.8575 0.0033
vn -0.6990 0.7147 0.0260
vn -0.6495 0.7596 -0.0352
vn -0.6432 0.7615 -0.0795
vn -0.6848 0.7155 -0.1380
vn -0.7278 0.6858 0.0014
vn -0.7637 0.6456 0.0050
vn -0.7309 0.6822 -0.0216
vn -0.6879 0.7236 -0.0563
vn -0.8417 0.5392 -0.0275
vn -0.6892 0.7222 -0.0579
vn -0.6042 0.7968 0.0076
vn -0.7203 0.6671 -0.1898
vn -0.2757 0.0201 0.9610
vn -0.3679 0.2736 0.8887
vn -0.1244 0.2756 0.9532
vn -0.2421 0.5081 0.8266
vn -0.2577 0.3273 0.9091
vn -0.1091 -0.0205 0.9938
vn -0.3834 0.3316 0.8620
vn -0.1545 0.1281 0.9797
vn -0.0719 0.1064 0.9917
vn -0.4003 0.8435 0.3580
vn -0.4971 -0.2204 0.8392
vn -0.4526 0.1244 0.8830
vn -0.5841 0.1552 0.7967
vn -0.0382 0.3967 0.9171
vn -0.3133 -0.0622 0.9476
vn -0.2366 -0.1517 0.9597
vn -0.3440 0.1612 0.9250
vn -0.3553 -0.2260 0.9070
vn -0.4117 0.0047 0.9113
vn -0.3231 -0.0288 0.9459
vn -0.3999 -0.0324 0.9160
vn -0.2426 -0.1810 0.9531
vn -0.2859 -0.0163 0.9581
vn -0.1340 -0.3836 0.9137
vn 0.0309 -0.2522 0.9672
vn -0.5049 0.0037 0.8632
vn -0.2278 -0.1028 0.9683
vn -0.2866 -0.0712 0.9554
vn 0.0246 0.0020 0.9997
vn 0.0366 0.0632 0.9973
vn -0.2365 -0.5207 0.8203
vn -0.1714 0.1604 0.9721
vn -0.0794 -0.0147 0.9967
vn -0.0815 -0.0453 0.9956
vn -0.2531 0.2496 0.9347
vn -0.1548 -0.0436 0.9870
vn -0.8434 0.4469 0.2982
vn -0.4711 0.6996 0.5373
vn -0.8243 0.5652 0.0325
vn -0.4716 0.8265 0.3074
vn -0.4496 0.6262 0.6369
vn -0.7983 0.1970 0.5691
vn -0.4942 0.4660 0.7339
vn -0.6183 0.1709 0.7672
vn -0.4476 0.3665 0.8157
vn -0.3695 0.7087 0.6011
vn -0.6147 0.0387 0.7878
vn -0.2884 0.3420 0.8943
vn -0.7163 0.3745 0.5888
vn -0.1626 -0.0365 0.9860
vn -0.0637 -0.0389 0.9972
vn -0.0941 -0.0506 0.9943
vn -0.0017 -0.0746 0.9972
vn -0.2039 0.2860 0.9363
vn -0.0368 -0.0702 0.9969
vn -0.1391 -0.0742 0.9875
vn -0.2177 0.0248 0.9757
vn -0.6860 0.6532 0.3205
vn -0.4950 0.8164 0.2973
vn -0.1826 0.8984 0.3995
vn -0.1727 0.9350 0.3098
vn -0.3872 0.2878 0.8759
vn -0.3639 0.4020 0.8402
vn -0.3858 0.4186 0.8221
vn -0.5731 0.4995 0.6496
vn -0.2832 0.8680 0.4079
vn -0.3550 0.3490 0.8673
vn -0.5232 0.5989 0.6063
vn -0.2875 0.6312 0.7204
vn -0.4077 0.5669 0.7158
vn -0.3570 0.7765 0.5193
vn -0.2524 0.5808 0.7740
vn -0.3265 0.7796 0.5344
vn -0.3219 0.3954 0.8603
vn -0.2073 0.3604 0.9095
vn -0.4471 0.5417 0.7118
vn -0.4029 0.7557 0.5164
vn -0.2325 0.5064 0.8304
vn -0.2587 0.8474 0.4636
vn 0.2516 0.2970 0.9211
vn 0.0489 0.6503 0.7581
vn -0.1265 0.4809 0.8676
vn -0.0112 0.4483 0.8938
vn -0.1370 0.6048 0.7845
vn -0.3318 0.7672 0.5489
vn -0.3034 0.5416 0.7840
vn -0.3860 0.7042 0.5959
vn -0.3501 0.5190 0.7798
vn -0.3212 0.5875 0.7427
vn -0.3038 0.9002 0.3119
vn -0.2906 0.4981 0.8170
vn -0.2757 0.5496 0.7886
vn -0.0745 0.2614 0.9624
vn 0.1639 0.7292 0.6644
vn -0.2998 0.9348 0.1904
vn -0.1716 0.8195 0.5468
vn 0.1399 0.3746 0.9166
vn 0.0006 0.3749 0.9271
vn 0.3188 0.3383 0.8854
vn 0.2170 0.7231 0.6558
vn 0.3826 0.3584 0.8516
vn 0.3644 0.6928 0.6222
vn -0.0520 0.7308 0.6806
vn 0.2215 0.2932 0.9300
vn 0.0465 0.6072 0.7932
vn -0.1212 0.3217 0.9390
vn -0.0586 0.5805 0.8122
vn 0.1224 0.1624 0.9791
vn -0.0487 0.6283 0.7764
vn 0.1771 0.2028 0.9631
vn 0.0370 0.1788 0.9832
vn 0.2361 0.5340 0.8119
vn 0.0602 0.5898 0.8053
vn 0.1488 0.2435 0.9584
vn 0.1587 0.5534 0.8177
vn 0.0314 0.7314 0.6812
vn 0.1473 0.5782 0.8025
vn 0.2459 0.3359 0.9092
vn 0.1840 0.5773 0.7955
vn 0.2797 0.2471 0.9277
vn 0.2029 0.3242 0.9240
vn 0.1179 0.5086 0.8529
vn 0.2726 0.0705 0.9595
vn -0.0333 0.1250 0.9916
vn 0.0630 0.0675 0.9957
vn 0.1349 0.0081 0.9908
vn -0.1103 -0.0457 0.9928
vn -0.1147 0.4244 0.8982
vn -0.1737 0.3736 0.9112
vn -0.1256 0.4045 0.9059
vn -0.0511 0.3285 0.9431
vn -0.2652 0.1422 0.9536
vn -0.0407 0.0810 0.9959
vn -0.5505 0.2962 0.7805
vn -0.2409 0.1659 0.9563
vn -0.3141 0.2282 0.9216
vn -0.2720 -0.0721 0.9596
vn -0.2916 0.9374 0.1906
vn -0.2230 0.9606 0.1661
vn -0.1864 0.9505 0.2484
vn -0.1829 0.9575 0.2232
vn -0.1629 0.9837 0.0763
vn -0.2011 0.9583 0.2028
vn -0.1674 0.9057 0.3894
vn -0.1863 0.9760 0.1125
vn -0.2588 0.9580 0.1235
vn -0.2710 0.9608 0.0586
vn -0.3476 0.9276 0.1369
vn -0.3127 0.9391 0.1428
vn -0.3421 0.9275 0.1509
vn -0.1333 0.9910 0.0123
vn -0.1663 0.9854 0.0358
vn -0.1665 0.9681 0.1875
vn -0.1475 0.9738 0.1732
vn -0.0454 0.9975 0.0540
vn -0.2060 0.9715 0.1170
vn -0.0812 0.9816 -0.1726
vn 0.0413 0.9989 0.0209
vn 0.1316 0.9402 0.3141
vn 0.1229 0.9785 0.1657
vn 0.1856 0.9071 0.3777
vn -0.1384 0.9866 -0.0866
vn -0.0091 0.9954 -0.0955
vn -0.1746 0.9627 -0.2066
vn -0.0286 0.9881 -0.1514
vn -0.0305 0.9954 -0.0903
vn 0.1690 0.9841 -0.0539
vn 0.0826 0.9836 -0.1604
vn -0.0976 0.9901 -0.1013
vn -0.1318 0.9851 -0.1108
vn -0.1464 0.9688 -0.1998
vn -0.1299 0.9763 -0.1732
vn -0.1757 0.9676 -0.1811
vn -0.1637 0.9719 -0.1691
vn -0.0490 0.9732 0.2245
vn -0.1773 0.9807 0.0822
vn -0.1786 0.9818 -0.0652
vn -0.1386 0.9660 -0.2180
vn -0.0546 0.9984 -0.0136
vn -0.0977 0.9782 -0.1835
vn -0.1830 0.9831 0.0057
vn -0.0642 0.9839 -0.1667
vn -0.1315 0.9612 -0.2426
vn -0.4807 0.8698 0.1114
vn -0.6444 0.7471 0.1632
vn -0.4527 0.7696 0.4503
vn -0.6293 0.7771 -0.0048
vn -0.6448 0.7643 -0.0040
vn -0.6424 0.7639 0.0615
vn -0.2800 0.9188 0.2783
vn -0.6484 0.5836 0.4889
vn -0.8762 0.3913 0.2814
vn -0.5408 0.7932 0.2799
vn -0.6082 0.7848 0.1188
vn -0.4840 0.8416 0.2396
vn -0.6104 0.7690 0.1899
vn -0.3205 0.9405 0.1124
vn -0.5306 0.8448 0.0693
vn -0.4764 0.8281 0.2954
vn -0.6858 0.6256 0.3720
vn -0.1713 0.9104 0.3765
vn -0.3291 0.7878 0.5206
vn -0.5619 0.6915 0.4541
vn -0.5930 0.6911 0.4132
vn -0.3802 0.6912 0.6146
vn -0.3796 0.8640 0.3306
vn -0.4969 0.8436 0.2036
vn -0.1872 0.9801 0.0662
vn -0.0380 0.9790 0.2003
vn -0.1275 0.8478 0.5148
vn -0.4356 0.8820 0.1796
vn -0.2604 0.9331 0.2481
vn -0.4421 0.8290 0.3425
vn -0.3578 0.9319 0.0591
vn -0.3865 0.9185 0.0831
vn -0.3658 0.9277 0.0743
vn -0.4567 0.8789 0.1379
vn -0.2664 0.9224 -0.2796
vn -0.5505 0.8091 -0.2058
vn -0.6284 0.7752 0.0647
vn -0.1043 0.9868 0.1241
vn -0.6779 0.6966 0.2351
vn 0.0714 0.9665 0.2466
vn -0.7104 0.6572 0.2519
vn -0.6641 0.7178 0.2088
vn -0.6726 0.7125 0.1997
vn -0.5551 0.4023 0.7281
vn -0.4568 0.7727 0.4407
vn -0.6874 0.6649 0.2922
vn -0.5690 0.7979 0.1990
vn -0.7716 0.6351 0.0354
vn -0.6379 0.7683 0.0529
vn -0.5940 0.7680 0.2394
vn -0.7378 0.4555 0.4982
vn -0.6945 0.7026 0.1550
vn -0.5822 0.2826 0.7623
vn -0.3846 0.8631 0.3273
vn -0.4082 0.8904 0.2013
vn -0.3002 0.9409 0.1568
vn -0.2192 0.9343 0.2813
vn -0.5016 0.8480 0.1710
vn -0.7515 0.0962 0.6527
vn -0.6874 0.6679 0.2853
vn -0.6033 0.7974 0.0115
vn 0.1281 0.0159 0.9916
vn 0.1546 0.2545 0.9546
vn 0.1532 0.3269 0.9326
vn 0.0836 -0.0714 0.9939
vn -0.1704 -0.0635 0.9833
vn 0.0878 0.4046 0.9103
vn 0.1001 0.0690 0.9926
vn 0.1258 0.3739 0.9189
vn 0.1827 0.3389 0.9229
vn -0.0216 0.0728 0.9971
vn -0.2366 0.0839 0.9680
vn 0.2275 -0.1290 0.9652
vn 0.3209 0.8010 0.5053
vn 0.1515 0.2506 0.9561
vn 0.1460 0.3217 0.9355
vn 0.2848 0.5061 0.8141
vn 0.3232 0.2468 0.9136
vn 0.0921 0.2018 0.9751
vn 0.0375 0.2329 0.9718
vn 0.2279 0.3775 0.8975
vn 0.1946 0.2792 0.9403
vn -0.0589 0.6765 0.7341
vn 0.0429 0.1548 0.9870
vn 0.0440 0.1140 0.9925
vn 0.1274 0.1926 0.9730
vn 0.1456 0.0416 0.9885
vn 0.0530 0.0312 0.9981
vn 0.0613 0.1340 0.9891
vn 0.0582 0.1133 0.9919
vn -0.0815 0.4600 0.8842
vn -0.2386 -0.1442 0.9604
vn 0.0639 0.1778 0.9820
vn 0.0461 0.0580 0.9973
vn 0.2202 0.0225 0.9752
vn 0.2806 0.1824 0.9424
vn 0.1357 0.1653 0.9769
vn 0.0832 0.1928 0.9777
vn 0.1232 0.2538 0.9594
vn 0.1477 -0.0088 0.9890
vn 0.2700 0.2195 0.9375
vn 0.1991 0.2123 0.9567
vn 0.2435 0.5035 0.8290
vn 0.3321 0.6434 0.6898
vn 0.1743 0.4695 0.8655
vn -0.0044 0.4944 0.8692
vn 0.0572 0.8778 0.4756
vn 0.2781 0.2727 0.9210
vn 0.2498 0.5987 0.7610
vn 0.1942 0.5202 0.8317
vn -0.0902 0.9680 0.2342
vn 0.2654 0.7946 0.5461
vn 0.2091 -0.1108 0.9716
vn 0.2467 -0.0223 0.9688
vn 0.2735 -0.0120 0.9618
vn 0.3352 0.0000 0.9422
vn 0.1898 -0.1489 0.9705
vn 0.0759 -0.0670 0.9949
vn 0.1410 0.0969 0.9853
vn 0.1317 -0.0189 0.9911
vn 0.1473 -0.0003 0.9891
vn 0.1728 -0.2741 0.9460
vn 0.3547 0.1783 0.9178
vn 0.0957 -0.1139 0.9889
vn 0.3111 0.8104 0.4965
vn 0.2609 0.6807 0.6845
vn 0.3488 0.6881 0.6363
vn 0.2549 -0.0172 0.9668
vn 0.2019 -0.1243 0.9715
vn 0.0772 -0.0596 0.9952
vn 0.4643 0.5493 0.6947
vn 0.3021 0.0561 0.9516
vn 0.2989 0.6441 0.7042
vn 0.3488 0.2699 0.8975
vn 0.4093 0.5382 0.7368
vn 0.1992 -0.0717 0.9773
vn 0.5434 0.6638 0.5139
vn 0.2354 0.4221 0.8754
vn 0.1952 0.3385 0.9205
vn 0.0741 -0.2740 0.9589
vn 0.3305 0.1728 0.9279
vn 0.1468 -0.2055 0.9676
vn 0.1208 -0.1892 0.9745
vn 0.2535 0.5178 0.8171
vn 0.2688 -0.0548 0.9616
vn 0.2438 0.6261 0.7406
vn 0.0912 -0.2711 0.9582
vn 0.2418 0.6012 0.7616
vn 0.0809 -0.2443 0.9663
vn 0.2556 0.5472 0.7971
vn 0.1054 -0.1782 0.9783
vn 0.2518 0.0351 0.9671
vn 0.1548 0.5495 0.8210
vn -0.0184 -0.1142 0.9933
vn 0.2592 0.7062 0.6589
vn 0.1463 -0.2684 0.9521
vn 0.3604 0.3416 0.8680
vn 0.3757 -0.1378 0.9164
vn 0.4271 -0.0762 0.9010
vn 0.3214 0.4675 0.8235
vn 0.1663 0.0398 0.9853
vn 0.1330 0.0793 0.9879
vn 0.3147 -0.0325 0.9486
vn 0.0356 0.0096 0.9993
vn 0.1662 0.0063 0.9861
vn 0.1244 -0.0075 0.9922
vn 0.2250 0.0274 0.9740
vn 0.3395 0.0545 0.9390
vn 0.2367 0.0802 0.9683
vn -0.1343 0.9715 -0.1953
vn 0.0380 0.9937 -0.1058
vn -0.0995 0.9829 -0.1548
vn -0.3188 0.9442 -0.0827
vn -0.0758 0.9965 -0.0343
vn -0.0267 0.9957 -0.0885
vn 0.0558 0.9888 -0.1381
vn -0.0931 0.9706 -0.2220
vn -0.0509 0.9728 -0.2262
vn -0.1455 0.9853 -0.0893
vn -0.1462 0.9890 0.0224
vn 0.0541 0.9956 -0.0768
vn 0.0143 0.9681 -0.2501
vn 0.0258 0.9997 -0.0051
vn -0.1541 0.9828 0.1019
vn -0.0359 0.9989 -0.0315
vn -0.1353 0.9904 -0.0287
vn 0.4330 0.7028 -0.5644
vn 0.3184 0.8053 -0.5002
vn 0.4627 0.6782 -0.5709
vn 0.2055 0.8060 -0.5551
vn 0.1918 0.7445 -0.6395
vn 0.3509 0.7600 -0.5471
vn -0.0286 0.7957 -0.6050
vn -0.0043 0.2714 -0.9625
vn 0.3489 0.7112 0.6103
vn 0.1323 0.9910 0.0217
vn 0.1270 0.9919 -0.0013
vn 0.0476 0.9874 -0.1508
vn 0.2237 -0.3611 0.9053
vn 0.3006 0.1294 0.9449
vn 0.4588 0.7688 0.4455
vn 0.3735 0.9005 0.2225
vn 0.6515 0.4124 0.6368
vn 0.3404 0.8889 0.3065
vn 0.6836 0.3752 0.6261
vn 0.7611 0.3673 0.5347
vn 0.6354 0.3733 0.6760
vn 0.4799 0.8678 0.1287
vn 0.5069 0.6224 0.5964
vn 0.6504 0.5936 0.4739
vn 0.5399 0.8159 0.2070
vn 0.4839 0.0972 0.8697
vn 0.5335 0.7159 0.4504
vn 0.5246 0.5463 0.6530
vn 0.3983 0.7609 0.5123
vn 0.4730 0.6562 0.5879
vn 0.4994 0.6136 0.6116
vn 0.6699 0.4346 0.6020
vn 0.2661 0.9532 -0.1438
vn 0.8130 0.2801 0.5104
vn 0.8268 0.0701 0.5581
vn 0.7383 0.6705 0.0729
vn 0.3637 0.9283 0.0774
vn 0.9546 -0.2181 0.2028
vn 0.5366 0.8378 -0.1009
vn 0.9986 0.0181 0.0489
vn 0.8445 0.5007 -0.1900
vn 0.5044 0.8207 -0.2682
vn 0.6176 0.5961 0.5131
vn 0.6775 0.6132 0.4061
vn 0.5898 0.6440 0.4873
vn 0.5769 0.6806 0.4516
vn 0.7955 -0.0096 0.6059
vn 0.9371 -0.0942 0.3360
vn 0.6174 -0.1503 0.7722
vn 0.8314 0.5445 0.1112
vn 0.3089 0.9107 -0.2743
vn 0.8239 -0.0679 0.5626
vn 0.5563 -0.2068 0.8049
vn 0.2323 0.9402 0.2491
vn 0.7398 -0.0496 0.6710
vn 0.3286 0.9342 0.1390
vn 0.8212 -0.3375 0.4602
vn 0.4377 0.8887 -0.1363
vn 0.8524 0.2009 0.4827
vn 0.4288 0.8955 -0.1195
vn 0.6823 0.7125 0.1638
vn 0.2838 0.9536 0.1009
vn 0.4422 0.8869 0.1338
vn 0.2958 0.9505 0.0949
vn 0.7625 0.6021 0.2369
vn 0.4163 0.8709 0.2612
vn 0.2319 0.9653 0.1200
vn 0.8213 0.5549 0.1326
vn 0.2682 0.9634 -0.0013
vn 0.4516 0.8678 0.2072
vn 0.1532 0.9803 -0.1245
vn 0.5009 0.7542 0.4246
vn 0.3868 0.9002 0.2001
vn 0.7230 0.4869 0.4900
vn 0.5878 0.6963 0.4120
vn 0.7642 0.1886 0.6168
vn 0.4338 0.8830 0.1793
vn 0.5828 0.8099 0.0660
vn 0.7070 0.4921 0.5079
vn 0.3284 0.9445 0.0099
vn 0.5572 0.7549 0.3460
vn 0.2627 0.9647 0.0166
vn 0.7026 0.5136 0.4924
vn 0.7367 -0.4124 0.5359
vn 0.8256 0.5010 0.2597
vn 0.6671 0.7419 0.0675
vn 0.1396 0.9854 -0.0974
vn 0.8077 0.2738 0.5221
vn -0.3659 0.9246 -0.1062
vn 0.5616 0.8093 0.1723
vn 0.3283 0.9387 -0.1052
vn 0.5222 0.8319 0.1878
vn 0.3816 0.9217 0.0699
vn 0.3726 0.9279 0.0121
vn 0.5004 0.8162 0.2889
vn 0.2661 0.9607 0.0795
vn 0.6515 0.7423 0.1566
vn 0.9207 0.2875 0.2641
vn 0.4257 0.8891 0.1681
vn 0.6604 0.6324 0.4049
vn 0.6980 0.7160 -0.0068
vn 0.9478 0.2145 0.2359
vn 0.6319 0.7737 -0.0457
vn 0.8027 0.5956 -0.0297
vn 0.5382 0.8426 0.0187
vn 0.7254 0.6804 -0.1040
vn 0.6154 0.7791 -0.1192
vn 0.5157 0.8541 0.0677
vn 0.5909 0.7652 0.2554
vn 0.6163 0.7590 0.2099
vn 0.5590 0.7956 0.2336
vn 0.5631 0.7563 0.3329
vn 0.6398 0.7657 0.0656
vn 0.1230 0.8637 -0.4887
vn 0.1232 0.7096 -0.6938
vn 0.0841 0.8582 -0.5064
vn 0.0244 0.7701 -0.6375
vn 0.0869 0.8509 -0.5181
vn 0.0181 0.7664 -0.6421
vn 0.0832 0.7593 -0.6454
vn 0.0760 0.7709 -0.6323
vn 0.1539 0.9024 -0.4025
vn 0.1003 0.8795 -0.4653
vn 0.1564 0.6515 -0.7423
vn 0.2081 0.8590 -0.4678
vn 0.2274 0.8357 -0.4998
vn 0.1998 0.8503 -0.4869
vn 0.0550 0.7587 -0.6492
vn 0.1495 0.7605 -0.6319
vn 0.0978 0.8284 -0.5516
vn 0.0281 0.8493 -0.5271
vn 0.1878 0.8439 -0.5026
vn 0.5090 0.8122 0.2851
vn 0.4159 0.8494 0.3249
vn 0.5368 0.8374 0.1027
vn 0.3377 0.9315 0.1352
vn 0.4790 0.8538 0.2038
vn 0.4570 0.8486 0.2665
vn 0.3377 0.9403 0.0426
vn 0.2790 0.9599 0.0265
vn 0.4697 0.8580 0.2078
vn 0.2175 0.9757 -0.0286
vn 0.4505 0.8792 0.1550
vn 0.0550 0.9952 -0.0811
vn 0.4063 0.8853 0.2261
vn 0.4265 0.8708 0.2446
vn -0.2060 -0.9745 -0.0891
vn -0.0321 0.9906 -0.1331
vn 0.2048 0.7328 0.6489
vn -0.1323 0.9912 0.0003
vn 0.4954 0.6930 0.5238
vn 0.0603 0.9927 -0.1047
vn 0.3814 0.8355 0.3957
vn 0.5173 0.6920 0.5035
vn -0.0890 0.9885 -0.1219
vn 0.5157 0.6560 0.5511
vn -0.1400 0.9864 -0.0866
vn 0.5372 0.8403 0.0725
vn 0.2792 0.9451 -0.1698
vn 0.3985 0.8783 0.2641
vn 0.0241 0.9804 -0.1956
vn 0.3874 0.8901 0.2403
vn -0.0109 0.9536 -0.3008
vn 0.1233 0.9592 -0.2543
vn 0.1271 0.9906 0.0505
vn -0.2002 0.9689 -0.1455
vn 0.4256 0.8990 0.1034
vn 0.2537 0.6873 -0.6807
vn 0.4980 0.8382 0.2222
vn -0.1061 0.9812 0.1612
vn -0.1315 0.9868 0.0947
vn 0.3932 0.8748 0.2832
vn 0.5181 0.8479 0.1121
vn 0.2049 0.9676 -0.1473
vn 0.4083 0.9126 -0.0197
vn 0.0084 0.9868 -0.1615
vn 0.4006 0.8819 0.2488
vn 0.0458 0.9801 -0.1932
vn 0.1825 0.9793 0.0881
vn 0.2013 -0.9758 0.0858
vn 0.0787 -0.9060 -0.4159
vn -0.1315 -0.9888 0.0698
vn 0.1649 -0.9376 0.3063
vn 0.3316 0.8996 0.2840
vn -0.1605 0.8946 -0.4171
vn 0.3840 0.9180 0.0991
vn 0.1891 -0.9743 -0.1223
vn 0.4002 0.9031 0.1557
vn -0.4703 -0.2526 0.8456
vn 0.4222 0.8021 0.4223
vn 0.2603 0.9576 0.1236
vn 0.2671 0.9626 0.0451
vn 0.3340 0.8593 0.3874
vn 0.3626 0.8994 0.2443
vn 0.5313 0.7984 0.2834
vn 0.1919 0.9800 0.0534
vn 0.5071 0.8139 0.2836
vn 0.4072 0.9094 0.0850
vn 0.2935 0.9542 -0.0588
vn 0.3064 0.9507 -0.0480
vn 0.2488 0.9655 -0.0767
vn 0.3373 0.9378 -0.0821
vn 0.2489 0.9663 0.0660
vn 0.2390 0.9706 0.0285
vn 0.6684 0.3196 -0.6716
vn 0.5560 0.7012 -0.4462
vn 0.4901 0.7451 -0.4524
vn 0.5483 0.5293 -0.6475
vn 0.6241 0.4700 -0.6241
vn 0.3522 0.7720 -0.5291
vn 0.6216 -0.0680 -0.7804
vn 0.5760 0.5307 -0.6217
vn 0.6100 0.5685 -0.5520
vn 0.5873 0.4829 -0.6496
vn 0.4914 0.7261 -0.4808
vn 0.5077 0.5891 -0.6286
vn 0.3325 0.6523 -0.6811
vn 0.5589 0.4154 -0.7177
vn 0.3792 0.4524 -0.8072
vn 0.7987 0.2203 -0.5600
vn 0.5381 0.1853 -0.8223
vn 0.5761 0.5944 -0.5611
vn 0.5876 0.4267 -0.6876
vn 0.5434 0.5719 -0.6145
vn 0.5185 0.8079 -0.2800
vn 0.2035 0.9353 -0.2897
vn 0.0376 0.8571 -0.5138
vn 0.2968 0.9361 -0.1888
vn -0.0268 0.8233 -0.5670
vn 0.1459 0.8608 -0.4876
vn 0.0611 0.8391 -0.5405
vn 0.0656 0.9285 -0.3654
vn 0.2562 0.9551 -0.1489
vn 0.0032 0.8144 -0.5803
vn 0.1946 0.9310 -0.3088
vn 0.1900 0.9534 -0.2342
vn 0.2119 0.9724 -0.0977
vn 0.2231 0.9662 -0.1290
vn 0.2103 0.8443 0.4929
vn 0.2018 0.9697 0.1379
vn 0.2602 0.7637 0.5908
vn 0.3288 0.7291 0.6003
vn 0.2250 0.7679 0.5998
vn 0.2779 0.9045 0.3235
vn 0.2711 0.8675 0.4171
vn 0.2603 0.7885 0.5572
vn 0.1803 0.7640 0.6195
vn 0.2727 0.7214 0.6366
vn 0.2776 0.6231 0.7312
vn 0.2284 0.7346 0.6389
vn 0.1985 0.0833 0.9766
vn 0.3261 0.1922 0.9256
vn 0.2141 0.4431 0.8705
vn 0.2393 0.1381 0.9611
vn 0.5310 0.4795 0.6987
vn 0.0809 0.1745 0.9813
vn 0.3537 0.3966 0.8471
vn 0.2881 0.1600 0.9441
vn 0.1938 0.3479 0.9173
vn 0.1985 0.5499 0.8113
vn 0.1633 0.3275 0.9306
vn 0.2140 0.4759 0.8530
vn 0.0528 0.2657 0.9626
vn 0.1923 0.5196 0.8325
vn 0.2498 0.5556 0.7930
vn 0.1457 -0.2458 0.9583
vn 0.1929 0.3750 0.9068
vn 0.1642 0.1152 0.9797
vn 0.3305 0.0833 0.9401
vn 0.3225 0.1887 0.9276
vn 0.1801 0.5686 0.8027
vn -0.1423 0.1138 0.9832
vn 0.0206 0.3213 0.9468
vn 0.4152 0.1120 0.9028
vn 0.4504 0.1423 0.8814
vn -0.0447 0.1868 0.9814
vn 0.0119 -0.0295 0.9995
vn 0.1514 0.9299 0.3352
vn 0.1707 0.8233 0.5413
vn 0.0234 0.9997 0.0102
vn 0.0846 0.9488 -0.3043
vn 0.1878 0.9068 0.3774
vn 0.1868 0.8666 0.4627
vn 0.2103 0.8897 0.4053
vn 0.0832 0.9888 0.1241
vn 0.1389 0.9219 0.3617
vn 0.1475 0.8834 0.4448
vn -0.1150 0.2310 0.9661
vn -0.0320 0.2710 0.9620
vn -0.0064 0.1616 0.9868
vn 0.1250 0.5534 0.8235
vn 0.0592 0.5065 0.8602
vn 0.1180 0.4986 0.8588
vn 0.1271 0.5427 0.8303
vn -0.3179 0.2860 0.9040
vn -0.3141 0.5819 0.7502
vn 0.0009 0.8112 0.5848
vn -0.3134 0.2429 0.9180
vn 0.0684 0.8066 0.5871
vn -0.0196 0.1341 0.9908
vn 0.0447 0.8129 0.5807
vn -0.0554 0.2165 0.9747
vn 0.0376 0.8175 0.5748
vn 0.1199 0.2644 0.9569
vn 0.3075 0.8445 0.4385
vn 0.2124 0.3303 0.9197
vn 0.2418 0.8468 0.4737
vn 0.0889 0.4630 0.8819
vn 0.0068 0.8465 0.5324
vn 0.0890 0.8184 0.5678
vn 0.1612 0.8651 0.4750
vn -0.0366 0.9046 0.4246
vn 0.2923 0.9258 -0.2397
vn 0.3919 0.9031 0.1755
vn 0.2629 0.8611 0.4352
vn 0.2379 0.9707 -0.0344
vn 0.3217 0.8718 0.3693
vn 0.0913 0.9957 0.0151
vn 0.2182 0.8907 0.3988
vn 0.0675 0.9874 0.1431
vn 0.0956 0.9378 0.3339
vn 0.2862 0.7394 -0.6094
vn 0.1298 0.7812 -0.6106
vn 0.1676 0.8346 -0.5247
vn 0.9637 0.1480 0.2221
vn 0.6945 0.7195 0.0064
vn 0.8745 0.4745 -0.1005
vn 0.6157 0.7175 -0.3259
vn 0.9380 0.3446 0.0381
vn 0.8315 0.5554 -0.0111
vn 0.4721 0.8628 -0.1809
vn 0.9445 0.3180 -0.0829
vn 0.6317 0.7680 -0.1055
vn 0.9948 0.0904 0.0469
vn 0.7566 0.6536 0.0214
vn 0.9967 0.0404 -0.0707
vn 0.8406 0.5056 -0.1941
vn 0.2704 0.9441 -0.1883
vn 0.4155 0.8325 -0.3665
vn 0.1877 0.9821 0.0167
vn 0.9385 0.0929 0.3325
vn 0.8347 0.5500 -0.0268
vn 0.9868 0.1349 -0.0899
vn 0.0241 0.9124 -0.4085
vn 0.7035 0.7107 -0.0095
vn 0.8037 0.5833 -0.1177
vn 0.6842 0.6813 -0.2600
vn 0.5254 0.8106 -0.2586
vn 0.7887 0.5778 -0.2101
vn 0.6825 0.6942 -0.2286
vn 0.7044 0.7028 -0.0994
vn 0.6781 0.7275 -0.1045
vn 0.6897 0.6978 0.1932
vn 0.5456 0.8131 0.2027
vn 0.6593 0.7448 0.1029
vn 0.7810 0.6238 -0.0302
vn 0.9189 0.2074 -0.3355
vn 0.6627 0.7251 -0.1874
vn 0.6996 0.6806 -0.2176
vn 0.5360 0.8264 -0.1727
vn 0.9195 0.3927 0.0195
vn 0.5907 0.8052 0.0530
vn 0.9504 0.3033 -0.0693
vn 0.6830 0.7118 -0.1641
vn 0.8517 0.4776 -0.2156
vn 0.7579 0.6083 -0.2356
vn 0.8197 0.5721 -0.0279
vn 0.6029 0.7946 0.0717
vn 0.3716 0.9267 -0.0562
vn 0.2565 0.6179 -0.7432
vn 0.3568 -0.6810 -0.6395
vn 0.4780 0.0395 -0.8775
vn 0.4737 0.0247 -0.8803
vn 0.4752 -0.6099 -0.6342
vn 0.6325 -0.1831 -0.7526
vn 0.7016 -0.3408 -0.6258
vn 0.5494 0.3074 -0.7770
vn 0.3631 -0.4655 -0.8071
vn 0.2247 0.5878 -0.7772
vn 0.1835 -0.9735 -0.1364
vn 0.4736 0.5224 -0.7091
vn 0.3532 0.7339 -0.5801
vn 0.4892 0.6792 -0.5471
vn 0.8528 -0.4196 -0.3109
vn 0.3767 0.7415 -0.5553
vn 0.4832 -0.8230 -0.2987
vn 0.7056 -0.0573 -0.7063
vn 0.6414 -0.4672 -0.6085
vn 0.7709 -0.2867 -0.5688
vn 0.5562 -0.5850 -0.5902
vn 0.5270 0.8386 -0.1381
vn 0.3676 0.9300 0.0054
vn 0.5858 0.8099 -0.0315
vn 0.8080 0.4983 -0.3143
vn 0.4627 0.7605 -0.4556
vn 0.6083 -0.2265 0.7607
vn 0.2019 0.3345 0.9205
vn 0.5673 -0.3317 0.7538
vn 0.7336 0.6789 0.0315
vn 0.8926 -0.3864 0.2323
vn 0.4968 0.6401 -0.5861
vn 0.1875 -0.3915 0.9009
vn 0.4335 0.1691 0.8852
vn 0.4567 -0.3315 0.8256
vn 0.5905 -0.2298 0.7736
vn 0.6081 -0.0166 0.7937
vn 0.9173 0.2398 0.3181
vn 0.7159 0.0880 0.6926
vn 0.6989 0.0302 0.7145
vn 0.6682 0.6738 -0.3152
vn 0.9317 0.1235 -0.3415
vn 0.8406 0.3516 -0.4120
vn 0.9531 0.2688 0.1391
vn 0.9738 0.1671 0.1540
vn 0.9576 0.2815 -0.0613
vn 0.8967 0.4092 -0.1686
vn 0.7912 0.5561 -0.2544
vn 0.9024 0.3501 -0.2513
vn 0.8574 0.4555 -0.2394
vn 0.8783 0.3663 -0.3074
vn 0.8593 0.3001 -0.4141
vn 0.5776 0.3878 -0.7183
vn 0.8084 -0.5366 -0.2418
vn 0.4232 0.7471 -0.5126
vn 0.9473 -0.1251 -0.2948
vn 0.5563 0.7241 -0.4076
vn 0.9276 -0.1744 -0.3304
vn 0.2216 0.3826 -0.8970
vn 0.9390 -0.1831 -0.2913
vn 0.5284 0.8362 0.1466
vn 0.4321 0.6654 -0.6087
vn 0.8727 -0.4443 -0.2024
vn 0.7237 0.4177 -0.5493
vn 0.3909 0.6949 -0.6036
vn 0.6627 0.6691 -0.3363
vn 0.9262 -0.2595 -0.2734
vn 0.5357 0.5180 -0.6668
vn 0.8777 -0.4061 -0.2544
vn 0.2903 0.9200 -0.2633
vn 0.9994 -0.0190 -0.0303
vn 0.2877 0.8720 -0.3961
vn 0.9934 -0.1037 -0.0494
vn 0.2120 0.9732 0.0896
vn 0.1747 0.9805 0.0894
vn 0.2259 0.9719 0.0656
vn -0.0548 -0.9789 -0.1970
vn 0.0087 -0.9778 -0.2092
vn 0.2375 0.9695 0.0597
vn 0.1778 0.9825 0.0551
vn 0.2654 0.9585 0.1042
vn 0.1980 0.9795 0.0361
vn 0.1538 0.9865 0.0554
vn 0.1757 0.9724 -0.1534
vn 0.0960 0.9236 -0.3711
vn -0.1618 -0.9853 0.0545
vn -0.5811 -0.7899 -0.1957
vn -0.3439 -0.9164 -0.2050
vn -0.2034 -0.9789 -0.0195
vn 0.2424 0.9693 0.0411
vn 0.1480 0.9843 0.0963
vn 0.1148 0.9772 -0.1788
vn 0.1755 0.9769 -0.1219
vn 0.1359 0.9745 -0.1787
vn 0.0284 0.9765 -0.2136
vn 0.0222 0.9577 -0.2869
vn 0.0447 0.9429 -0.3302
vn -0.0444 -0.9597 -0.2775
vn -0.3480 -0.8740 -0.3390
vn 0.3445 0.7895 -0.5079
vn 0.2168 0.7559 -0.6177
vn -0.1099 -0.9848 -0.1343
vn -0.1497 -0.9404 -0.3053
vn 0.1607 0.9311 -0.3273
vn 0.1083 0.8755 -0.4710
vn 0.0834 0.8829 -0.4621
vn -0.1431 -0.9680 -0.2060
vn 0.0904 0.9035 -0.4189
vn 0.0732 0.8789 -0.4713
vn 0.0970 0.8705 -0.4824
vn 0.1028 0.8697 -0.4827
vn 0.0979 0.8544 -0.5104
vn 0.1131 0.8583 -0.5005
vn 0.2467 0.8315 -0.4977
vn 0.1467 0.8862 -0.4395
vn 0.2439 0.8504 -0.4662
vn 0.2307 0.8909 -0.3912
vn 0.1672 0.9107 -0.3778
vn 0.3442 0.9232 -0.1711
vn 0.3069 0.9058 -0.2921
vn 0.3047 0.9446 -0.1219
vn 0.1494 0.9156 -0.3734
vn 0.2705 0.9442 -0.1881
vn 0.7212 0.5153 -0.4630
vn -0.1794 -0.2280 -0.9570
vn 0.3008 0.8642 -0.4033
vn 0.6211 0.6425 -0.4488
vn -0.1212 0.0506 -0.9913
vn 0.6312 0.5910 -0.5023
vn 0.4742 -0.0081 -0.8804
vn 0.4648 0.7665 -0.4431
vn 0.0510 0.1427 -0.9885
vn 0.3592 0.7928 -0.4923
vn 0.3489 0.6036 -0.7169
vn 0.3717 0.8595 -0.3507
vn 0.0596 0.9020 -0.4276
vn 0.1500 0.9222 -0.3563
vn 0.0506 0.8577 -0.5116
vn 0.0929 0.8513 -0.5164
vn 0.1776 0.9313 -0.3180
vn 0.2764 0.9227 -0.2686
vn 0.5316 0.4895 0.6912
vn 0.4700 0.6091 0.6388
vn 0.0435 0.9873 0.1525
vn 0.4034 0.5789 0.7086
vn 0.1828 0.9212 0.3435
vn 0.5072 0.5007 0.7015
vn 0.3448 0.9325 -0.1076
vn 0.4057 0.3645 0.8382
vn 0.0064 0.0909 0.9958
vn 0.2944 0.8283 0.4767
vn 0.3411 0.2517 0.9057
vn 0.2874 0.9164 0.2787
vn 0.5316 0.3765 0.7587
vn 0.4382 0.3617 0.8229
vn 0.3076 0.2942 0.9049
vn 0.2252 0.8984 0.3771
vn 0.4288 0.5816 0.6913
vn 0.2277 0.8734 0.4305
vn 0.3342 0.3960 0.8552
vn 0.4484 -0.0917 0.8891
vn 0.0538 0.9138 0.4027
vn 0.4187 0.3417 0.8414
vn 0.4452 0.6833 0.5787
vn -0.7775 0.2002 -0.5961
vn 0.2965 0.7962 0.5274
vn 0.0248 0.9822 -0.1863
vn 0.3851 -0.9214 -0.0513
vn -0.1591 0.9538 -0.2547
vn 0.4329 0.6316 0.6432
vn 0.4718 0.4068 0.7822
vn -0.1241 0.8306 -0.5428
vn 0.3509 0.1846 0.9180
vn -0.1102 0.9669 -0.2303
vn 0.2654 0.8036 0.5327
vn 0.3610 0.8347 0.4158
vn 0.2422 0.9700 0.0219
vn 0.0172 0.6238 0.7814
vn -0.0193 0.9454 0.3255
vn -0.0679 0.9848 -0.1599
vn 0.1438 0.8639 0.4826
vn 0.2034 0.9735 -0.1048
vn 0.4675 0.5967 0.6522
vn 0.1599 0.9848 -0.0684
vn -0.1117 0.9151 0.3874
vn 0.3693 0.8709 0.3244
vn 0.2280 0.9723 0.0515
vn 0.2221 0.8666 0.4468
vn 0.3427 0.8416 0.4173
vn 0.1604 0.9870 -0.0104
vn 0.3709 0.8563 0.3595
vn 0.2202 0.9755 0.0034
vn 0.0299 0.9331 0.3583
vn 0.0942 0.9898 0.1067
vn -0.0985 0.0695 0.9927
vn -0.2577 0.9541 0.1527
vn -0.2380 0.7830 -0.5746
vn 0.1933 0.7932 0.5775
vn 0.1885 0.9059 -0.3793
vn -0.0657 0.9977 -0.0176
vn 0.0763 0.9710 -0.2268
vn -0.2252 0.9360 -0.2704
vn 0.2867 0.7331 0.6168
vn -0.1893 0.7806 -0.5956
vn -0.0975 0.9159 -0.3894
vn -0.0211 0.9995 -0.0247
vn 0.3514 0.9069 0.2326
vn -0.1099 0.7999 -0.5900
vn 0.4140 0.7396 0.5307
vn -0.2528 0.6277 -0.7363
vn -0.0948 0.6045 -0.7910
vn 0.3003 0.6835 0.6653
vn 0.0197 0.9772 -0.2116
vn 0.0110 0.9925 -0.1220
vn 0.1319 0.9748 -0.1799
vn 0.1266 0.9577 -0.2585
vn 0.3635 0.6531 0.6643
vn 0.3544 0.8434 0.4038
vn 0.2770 0.9503 0.1424
vn 0.1283 0.9908 -0.0435
vn 0.2454 0.8527 0.4612
vn 0.2537 0.7802 0.5718
vn 0.2266 0.9733 0.0380
vn 0.0949 0.9931 -0.0683
vn 0.0662 0.8912 0.4488
vn 0.0854 0.9961 0.0226
vn 0.4039 0.8303 0.3839
vn 0.9941 0.0177 -0.1068
vn 0.1394 0.9744 -0.1762
vn 0.4569 0.6066 0.6506
vn 0.0364 0.9957 -0.0856
vn 0.4498 0.8259 0.3400
vn 0.2860 0.8160 0.5023
vn -0.0843 0.9725 -0.2171
vn 0.3049 0.8647 0.3992
vn 0.0709 0.9776 -0.1981
vn 0.3687 0.8212 0.4356
vn 0.3899 0.9205 0.0246
vn 0.6330 0.6563 -0.4106
vn 0.2911 0.9011 0.3213
vn 0.0719 0.9720 -0.2239
vn 0.1461 0.9807 0.1299
vn 0.1336 0.9563 0.2602
vn 0.0783 0.9959 -0.0444
vn 0.1937 0.9538 0.2297
vn 0.0932 0.9909 -0.0966
vn 0.1118 0.9937 0.0052
vn 0.2002 0.8970 0.3940
vn 0.0166 0.9998 -0.0084
vn 0.1352 0.8816 0.4522
vn 0.0328 0.9988 0.0363
vn 0.3163 0.8958 0.3122
vn 0.4200 0.8709 0.2554
vn 0.5568 0.7038 0.4411
vn 0.3404 0.9259 0.1636
vn 0.1871 0.9687 0.1629
vn 0.6524 0.4638 0.5994
vn 0.5404 0.6703 0.5086
vn 0.3028 0.9307 0.2051
vn 0.4548 0.6189 0.6404
vn 0.0320 0.9842 -0.1740
vn 0.4622 0.7038 0.5395
vn 0.2865 0.9055 0.3129
vn 0.1485 0.9759 0.1601
vn 0.6392 0.3246 0.6972
vn -0.0358 0.9640 -0.2635
vn 0.0033 0.9973 -0.0736
vn 0.7760 0.5017 0.3822
vn 0.6379 0.7465 0.1893
vn 0.6114 0.6216 0.4898
vn 0.6262 0.4815 0.6132
vn 0.6034 0.5036 0.6184
vn 0.7835 0.4195 0.4584
vn 0.3767 0.9134 0.1541
vn 0.2954 0.6954 0.6551
vn 0.1334 0.9254 0.3548
vn 0.6400 0.5973 0.4834
vn 0.3268 0.0095 -0.9450
vn 0.6760 -0.2006 -0.7091
vn 0.2950 0.0963 -0.9506
vn 0.3012 0.0531 -0.9521
vn 0.2396 0.1283 -0.9624
vn 0.2755 0.1612 -0.9477
vn 0.2743 0.5675 -0.7763
vn 0.1504 0.5918 -0.7919
vn 0.5032 0.6077 -0.6144
vn -0.1173 -0.1016 -0.9879
vn 0.4877 0.6411 -0.5926
vn -0.0946 -0.3431 -0.9345
vn 0.1623 0.3483 -0.9232
vn 0.3089 0.7848 -0.5373
vn -0.3262 -0.0547 -0.9437
vn 0.1007 0.1442 0.9844
vn 0.4005 0.1097 0.9097
vn 0.2616 -0.9424 -0.2084
vn 0.4443 -0.8572 -0.2604
vn 0.4871 -0.8211 -0.2974
vn 0.6931 -0.6833 -0.2297
vn 0.5734 -0.7406 -0.3503
vn 0.5524 -0.6965 -0.4580
vn 0.3547 -0.9235 -0.1460
vn 0.4268 -0.8826 -0.1970
vn 0.4817 -0.8604 -0.1663
vn 0.3915 -0.9153 -0.0948
vn 0.5352 -0.8248 -0.1822
vn 0.4132 -0.9011 -0.1315
vn 0.4499 -0.8603 -0.2396
vn 0.3677 -0.8903 -0.2686
vn 0.3048 -0.9186 -0.2516
vn 0.3270 -0.8751 -0.3567
vn 0.4219 -0.8072 -0.4128
vn 0.5552 -0.8284 -0.0743
vn 0.5518 -0.8007 -0.2331
vn 0.2170 -0.9561 -0.1968
vn 0.2441 -0.8857 -0.3948
vn 0.2185 -0.9755 0.0253
vn 0.1161 -0.9340 -0.3378
vn 0.2018 -0.9412 -0.2709
vn 0.4128 -0.8896 -0.1956
vn 0.2436 -0.9697 0.0164
vn 0.2443 -0.9684 -0.0508
vn 0.5531 -0.7547 -0.3530
vn 0.3742 -0.9034 -0.2092
vn 0.5270 -0.8252 -0.2033
vn 0.4768 -0.8789 -0.0136
vn 0.5192 -0.8541 -0.0319
vn 0.4872 -0.8642 -0.1256
vn 0.2540 -0.9671 0.0112
vn 0.4480 -0.8940 0.0063
vn 0.3338 -0.9332 -0.1330
vn 0.2359 -0.9716 -0.0179
vn 0.1192 -0.9926 -0.0221
vn 0.5965 -0.7989 -0.0768
vn 0.3834 -0.8994 -0.2098
vn 0.2472 -0.9688 0.0200
vn 0.4137 -0.9062 -0.0877
vn 0.4867 -0.8639 -0.1299
vn 0.4821 -0.7885 -0.3819
vn 0.3627 -0.9199 -0.1489
vn 0.4940 -0.8637 -0.0997
vn 0.4796 -0.8759 -0.0532
vn 0.3466 -0.9142 -0.2098
vn 0.3895 -0.8948 -0.2180
vn 0.3756 -0.9218 -0.0961
vn 0.2970 -0.9540 0.0401
vn 0.0509 -0.9978 -0.0421
vn 0.2572 -0.9656 0.0374
vn 0.1775 -0.9823 -0.0593
vn 0.1559 -0.9866 0.0490
vn 0.1064 -0.9943 0.0089
vn 0.2897 -0.9568 0.0237
vn 0.3552 -0.8880 -0.2920
vn 0.2116 -0.9767 0.0349
vn -0.1668 -0.7749 -0.6097
vn -0.1649 -0.7301 -0.6631
vn -0.1469 -0.7752 -0.6144
vn 0.4446 -0.4648 -0.7657
vn 0.3733 -0.9200 -0.1193
vn -0.2666 -0.9636 -0.0178
vn -0.4536 -0.6520 -0.6076
vn 0.1026 -0.8137 -0.5721
vn -0.3316 0.6368 -0.6961
vn 0.7276 -0.6578 0.1946
vn 0.2964 -0.7194 -0.6281
vn 0.3369 -0.7605 -0.5551
vn -0.3236 -0.1025 -0.9406
vn -0.1325 -0.7478 -0.6505
vn -0.1497 -0.9808 -0.1254
vn 0.1472 -0.5015 -0.8525
vn 0.2283 -0.7841 -0.5772
vn 0.1865 -0.9666 -0.1755
vn 0.2638 -0.9431 -0.2026
vn 0.0400 -0.9533 -0.2995
vn 0.2828 -0.8945 -0.3463
vn 0.0992 -0.8032 -0.5875
vn 0.3507 -0.0212 -0.9362
vn 0.0449 -0.9221 -0.3844
vn 0.5221 0.4705 -0.7114
vn 0.2007 -0.9689 -0.1446
vn -0.3699 -0.6155 -0.6959
vn -0.1448 -0.9689 -0.2008
vn -0.4910 -0.6715 -0.5550
vn 0.1586 -0.9219 -0.3536
vn 0.1964 -0.5445 -0.8154
vn 0.1520 -0.6400 -0.7531
vn 0.0971 -0.7086 -0.6989
vn 0.0056 -0.7067 -0.7075
vn 0.3472 -0.9012 -0.2594
vn 0.5168 -0.6990 0.4943
vn 0.3993 -0.7163 -0.5722
vn 0.2771 -0.6748 -0.6840
vn 0.2525 -0.9676 -0.0036
vn 0.0474 -0.8506 -0.5236
vn 0.5189 -0.8546 0.0198
vn 0.2747 -0.8041 -0.5272
vn 0.1511 -0.8253 -0.5441
vn 0.5262 -0.8265 -0.1999
vn 0.4621 -0.7971 -0.3886
vn 0.3273 -0.9444 -0.0316
vn 0.0400 -0.9540 -0.2972
vn 0.2509 -0.9662 -0.0595
vn 0.1697 -0.8669 -0.4687
vn 0.6666 -0.7246 -0.1751
vn 0.5703 -0.4730 -0.6715
vn 0.4688 -0.8737 0.1302
vn 0.2488 -0.8632 -0.4393
vn 0.4014 -0.8916 -0.2094
vn 0.3848 -0.8498 -0.3601
vn 0.4634 -0.8725 -0.1549
vn 0.1308 -0.9253 -0.3560
vn 0.3643 -0.8462 -0.3888
vn 0.2198 -0.9124 -0.3453
vn 0.3598 -0.7257 -0.5864
vn 0.5033 0.7874 -0.3560
vn 0.3293 0.8239 -0.4613
vn 0.1465 0.6522 -0.7438
vn 0.1122 0.7637 -0.6358
vn 0.4822 0.7411 -0.4671
vn -0.0232 -0.0868 -0.9960
vn 0.1717 -0.6423 -0.7470
vn 0.4387 0.5016 -0.7456
vn 0.3028 0.8006 -0.5171
vn 0.2234 0.8096 -0.5429
vn 0.1971 0.6483 -0.7354
vn 0.4036 0.6687 -0.6244
vn 0.3915 0.5695 -0.7228
vn 0.4350 0.6867 -0.5824
vn 0.4730 0.5850 -0.6589
vn 0.0913 -0.2557 -0.9624
vn 0.1660 0.8240 -0.5417
vn 0.1292 0.7095 -0.6928
vn 0.1062 0.8159 -0.5683
vn 0.0573 0.7151 -0.6967
vn 0.1833 0.8731 -0.4517
vn 0.3254 0.5848 -0.7431
vn 0.3345 0.7372 -0.5871
vn -0.3985 -0.5845 -0.7068
vn 0.4337 0.6512 -0.6228
vn 0.4182 0.8723 -0.2535
vn 0.2485 0.7482 -0.6152
vn 0.6030 0.7071 -0.3694
vn 0.5989 0.5513 -0.5809
vn 0.2319 0.5276 -0.8172
vn 0.2190 0.5609 -0.7984
vn 0.2567 0.3586 -0.8975
vn 0.3369 0.5051 -0.7946
vn 0.1992 0.7470 -0.6343
vn 0.0974 0.7730 -0.6269
vn 0.0024 0.6990 -0.7151
vn 0.0202 0.5902 -0.8070
vn -0.0634 0.6449 -0.7616
vn 0.3297 0.6746 -0.6605
vn 0.5234 0.3808 -0.7622
vn 0.5500 0.7634 -0.3386
vn 0.1226 -0.8676 -0.4819
vn 0.2559 0.6536 -0.7123
vn 0.5494 0.6592 -0.5134
vn 0.6602 0.6901 -0.2966
vn 0.4615 0.8139 0.3531
vn -0.0188 0.3480 -0.9373
vn 0.7172 0.0527 -0.6949
vn -0.2335 -0.9583 0.1645
vn -0.4829 -0.8560 -0.1847
vn -0.2613 -0.9541 0.1465
vn -0.2220 -0.9642 -0.1450
vn -0.3903 -0.8938 -0.2210
vn 0.3101 0.0800 -0.9473
vn -0.3934 -0.9193 0.0091
vn 0.5308 0.1583 -0.8326
vn -0.0897 0.1111 -0.9898
vn 0.0908 0.4373 -0.8947
vn 0.0505 0.0199 -0.9985
vn 0.4638 -0.4425 -0.7675
vn 0.2740 -0.3637 -0.8903
vn 0.1501 -0.5828 -0.7986
vn 0.3634 -0.5820 -0.7274
vn -0.0013 -0.7736 -0.6337
vn 0.0825 -0.8076 -0.5839
vn 0.0511 -0.4077 -0.9117
vn 0.5073 0.8508 -0.1371
vn 0.7939 0.5675 -0.2182
vn 0.7806 0.5218 -0.3440
vn 0.7753 0.6025 -0.1896
vn 0.5177 0.8534 -0.0611
vn 0.5132 0.7643 -0.3905
vn 0.5214 0.7505 -0.4060
vn 0.4765 0.7347 -0.4829
vn 0.4422 0.7956 -0.4142
vn 0.3976 0.8021 -0.4456
vn 0.3884 0.8138 -0.4324
vn 0.2821 0.7780 -0.5614
vn -0.4482 -0.5648 0.6929
vn 0.2960 0.8213 -0.4877
vn 0.4740 0.6696 -0.5717
vn 0.4191 0.5864 -0.6931
vn 0.5114 0.6869 -0.5164
vn 0.8358 0.3397 -0.4313
vn 0.6532 0.6083 -0.4510
vn 0.6333 0.7245 -0.2720
vn 0.5426 0.6873 -0.4829
vn 0.2938 -0.9136 0.2811
vn 0.2396 0.8442 -0.4795
vn 0.2979 0.7317 -0.6131
vn 0.2757 0.4847 -0.8301
vn 0.3572 0.6380 -0.6822
vn 0.0330 0.6263 -0.7789
vn 0.0979 0.6583 -0.7464
vn 0.1035 0.6457 -0.7565
vn 0.0236 0.5535 -0.8325
vn 0.2368 0.5914 -0.7708
vn 0.1503 0.5080 -0.8481
vn 0.1193 0.5618 -0.8186
vn -0.0472 -0.0134 -0.9988
vn 0.2567 0.0781 -0.9633
vn 0.2737 0.0311 -0.9613
vn 0.0169 0.2751 -0.9613
vn -0.0252 0.1852 -0.9824
vn -0.0348 0.2621 -0.9644
vn -0.0397 0.2344 -0.9713
vn -0.1375 0.6164 -0.7754
vn 0.0126 0.6613 -0.7500
vn -0.1195 0.4790 -0.8696
vn -0.0909 0.2666 -0.9595
vn 0.4538 0.8824 -0.1241
vn 0.5944 0.7585 -0.2671
vn 0.3691 -0.1967 -0.9083
vn -0.1081 0.7517 -0.6506
vn 0.0736 0.2428 -0.9673
vn -0.1438 0.6375 -0.7569
vn -0.0637 0.3856 -0.9205
vn 0.1872 0.7861 -0.5891
vn 0.2167 0.4978 -0.8398
vn 0.0665 0.7636 -0.6422
vn 0.1095 0.6180 -0.7785
vn 0.3800 -0.3361 -0.8617
vn 0.4432 0.8651 -0.2347
vn 0.0516 -0.0994 -0.9937
vn 0.1501 0.3657 -0.9185
vn 0.2237 0.0433 -0.9737
vn 0.1219 0.3934 -0.9112
vn 0.1495 0.7265 -0.6707
vn 0.0816 0.7065 -0.7030
vn 0.0148 0.7050 -0.7091
vn -0.0619 0.6408 -0.7652
vn -0.2047 0.7673 -0.6078
vn 0.2083 -0.0099 -0.9780
vn 0.0687 0.3574 -0.9314
vn 0.2795 0.2697 -0.9215
vn 0.2474 0.4073 -0.8791
vn 0.5108 0.0687 -0.8570
vn 0.2376 0.4133 -0.8790
vn 0.3318 0.2144 -0.9187
vn 0.2482 0.2715 -0.9299
vn 0.1032 0.3540 -0.9295
vn 0.0365 0.4573 -0.8886
vn 0.6683 0.0430 -0.7426
vn 0.6627 -0.4002 -0.6330
vn 0.6562 -0.5569 -0.5091
vn 0.6263 -0.4073 -0.6647
vn 0.5545 -0.6416 -0.5300
vn 0.7827 -0.4752 -0.4020
vn 0.7054 -0.2775 -0.6523
vn 0.5733 -0.3558 -0.7380
vn 0.2482 -0.5050 -0.8267
vn 0.0596 -0.7615 -0.6454
vn 0.1838 0.1335 -0.9739
vn -0.0400 -0.3613 -0.9316
vn 0.1866 -0.4237 -0.8864
vn 0.1872 -0.8128 -0.5516
vn 0.5809 -0.3943 -0.7121
vn 0.3832 -0.8479 -0.3663
vn 0.2256 0.6562 -0.7200
vn -0.0845 -0.0079 -0.9964
vn 0.4459 0.0478 -0.8938
vn 0.1340 0.6828 -0.7182
vn 0.1310 0.8086 -0.5736
vn 0.3199 -0.2538 -0.9128
vn 0.3372 -0.2464 -0.9086
vn 0.2546 -0.6337 -0.7305
vn 0.0614 0.2326 -0.9706
vn 0.0860 -0.3282 -0.9407
vn -0.0196 0.2869 -0.9577
vn 0.0544 0.4184 -0.9066
vn 0.0742 0.2248 -0.9716
vn 0.1295 0.4187 -0.8989
vn 0.1809 0.2265 -0.9571
vn 0.1471 0.3152 -0.9376
vn 0.0424 0.3212 -0.9461
vn 0.0659 0.4213 -0.9045
vn 0.1708 0.1455 -0.9745
vn 0.1415 0.2102 -0.9674
vn 0.0674 -0.9973 -0.0299
vn 0.2147 0.0941 -0.9721
vn 0.2324 0.3377 -0.9121
vn 0.1572 -0.5973 -0.7865
vn -0.0568 0.1758 -0.9828
vn 0.2661 0.4712 -0.8409
vn 0.1945 0.0814 -0.9775
vn 0.1422 -0.9881 -0.0580
vn 0.0373 -0.9534 -0.2995
vn 0.2097 -0.8993 -0.3837
vn 0.0344 0.2649 -0.9637
vn 0.1940 -0.1086 -0.9750
vn 0.0009 0.2537 -0.9673
vn 0.2254 -0.1374 -0.9645
vn 0.0473 0.3338 -0.9415
vn 0.5027 -0.3544 -0.7885
vn 0.3275 -0.0490 -0.9436
vn -0.0291 0.3414 -0.9395
vn 0.3487 -0.6846 -0.6402
vn 0.3161 -0.2277 -0.9210
vn -0.0773 0.3235 -0.9431
vn 0.3264 -0.5645 -0.7582
vn 0.2510 -0.7008 -0.6678
vn 0.3538 -0.7380 -0.5746
vn 0.3704 -0.8825 -0.2900
vn 0.2512 -0.4803 -0.8404
vn 0.2974 -0.5183 -0.8018
vn 0.3669 -0.8347 -0.4106
vn 0.5225 -0.5675 -0.6364
vn -0.3566 -0.3344 -0.8724
vn -0.2508 -0.6722 -0.6966
vn -0.1291 -0.5573 -0.8202
vn 0.2012 -0.3681 -0.9077
vn 0.2263 -0.7454 -0.6270
vn 0.0056 -0.3766 -0.9264
vn -0.0586 -0.8018 -0.5947
vn -0.2292 -0.7727 -0.5919
vn 0.1548 -0.9221 -0.3546
vn 0.2398 -0.7073 -0.6650
vn 0.0299 -0.3333 -0.9423
vn -0.0987 -0.7567 -0.6462
vn -0.4317 -0.2879 -0.8548
vn -0.3078 -0.6490 -0.6958
vn -0.3553 -0.0075 -0.9347
vn -0.1590 -0.6600 -0.7343
vn 0.1975 0.6774 -0.7086
vn 0.2538 0.5494 -0.7961
vn 0.1581 0.4519 -0.8780
vn 0.1733 0.6780 -0.7143
vn 0.2595 0.5076 -0.8216
vn -0.1091 0.5756 -0.8104
vn -0.1286 0.5625 -0.8167
vn -0.0578 0.5828 -0.8106
vn -0.0076 0.1789 -0.9838
vn 0.1055 0.5757 -0.8108
vn -0.0418 0.6376 -0.7692
vn -0.1067 0.3228 -0.9404
vn -0.1018 0.3093 -0.9455
vn 0.1094 0.4929 -0.8632
vn -0.2660 0.7159 -0.6455
vn 0.1182 0.5439 -0.8308
vn 0.0058 0.4756 -0.8797
vn -0.0198 0.7497 -0.6615
vn 0.0835 0.6193 -0.7807
vn 0.1087 0.6979 -0.7079
vn 0.3135 -0.9072 0.2805
vn 0.5273 0.5190 -0.6727
vn 0.2271 -0.6764 -0.7007
vn 0.2941 0.2069 -0.9331
vn 0.3502 -0.7257 -0.5922
vn 0.2927 -0.0595 -0.9544
vn 0.2807 0.0240 -0.9595
vn 0.4828 -0.0495 -0.8743
vn 0.4160 -0.2137 -0.8839
vn 0.1006 -0.0505 -0.9936
vn 0.1581 0.2689 -0.9501
vn 0.0577 -0.0179 -0.9982
vn 0.2159 0.3030 -0.9282
vn 0.0116 -0.9525 -0.3044
vn -0.4860 -0.8624 0.1419
vn -0.4986 -0.8556 0.1391
vn 0.4968 -0.0496 -0.8664
vn 0.3568 0.2194 -0.9080
vn 0.1442 -0.9308 -0.3360
vn 0.0546 -0.2780 -0.9590
vn 0.4155 0.1104 -0.9029
vn 0.2689 -0.5347 -0.8011
vn 0.6606 -0.1814 -0.7285
vn 0.4202 0.5991 -0.6816
vn 0.1241 -0.1173 -0.9853
vn 0.1825 0.4744 -0.8612
vn 0.2950 -0.2373 -0.9256
vn 0.3360 0.5530 -0.7625
vn 0.3238 -0.5655 -0.7585
vn 0.4758 -0.2706 -0.8369
vn 0.4339 0.3744 -0.8195
vn 0.6236 -0.5217 -0.5822
vn 0.4408 0.3803 -0.8131
vn 0.2454 -0.7719 -0.5865
vn -0.2173 0.3921 -0.8939
vn 0.2782 0.9126 -0.2996
vn 0.0651 0.7663 -0.6392
vn 0.1659 0.2924 -0.9418
vn 0.0923 0.6786 -0.7287
vn 0.0659 0.3322 -0.9409
vn 0.6210 0.7529 0.2182
vn 0.1651 0.2892 -0.9429
vn 0.2466 0.8104 -0.5315
vn 0.1939 0.5472 -0.8142
vn 0.2321 0.4631 -0.8554
vn -0.0231 0.4489 -0.8933
vn -0.0151 0.4401 -0.8978
vn 0.1444 0.6502 -0.7459
vn 0.0902 0.5232 -0.8474
vn -0.0951 0.6058 -0.7899
vn -0.1137 0.4309 -0.8952
vn -0.2450 0.4472 -0.8602
vn -0.1009 0.8205 -0.5627
vn 0.0189 0.5896 -0.8075
vn -0.0401 0.3161 -0.9479
vn -0.4250 -0.9019 0.0770
vn -0.5166 -0.8560 -0.0208
vn -0.3637 -0.9287 0.0718
vn 0.5839 -0.3459 -0.7345
vn 0.5116 -0.4667 -0.7214
vn 0.4897 0.1035 -0.8657
vn 0.2700 0.5599 -0.7834
vn 0.2648 0.4585 -0.8483
vn 0.5040 0.8274 -0.2476
vn 0.3557 -0.2021 -0.9125
vn 0.5335 0.7308 -0.4258
vn 0.1896 0.9719 0.1394
vn 0.7648 0.5999 -0.2351
vn 0.4325 0.8196 0.3757
vn 0.1761 0.0621 -0.9824
vn 0.2794 0.6512 -0.7056
vn 0.4627 0.8743 -0.1467
vn 0.6612 0.4637 0.5897
vn 0.3520 -0.9180 0.1826
vn 0.5977 -0.6591 0.4564
vn 0.6288 -0.1473 0.7635
vn 0.2916 -0.9565 0.0041
vn 0.4873 -0.8340 0.2588
vn 0.4563 -0.1724 0.8730
vn 0.1286 -0.9895 -0.0664
vn 0.1266 -0.9867 -0.1024
vn 0.4188 -0.0498 0.9067
vn 0.1833 -0.9765 -0.1132
vn 0.5013 -0.0126 0.8652
vn 0.5129 -0.8468 -0.1411
vn 0.7128 -0.4295 0.5545
vn 0.4597 -0.8848 -0.0762
vn 0.4524 -0.1517 0.8788
vn 0.1910 -0.9791 0.0705
vn 0.4431 -0.8944 0.0611
vn 0.5005 -0.8623 0.0768
vn 0.6830 -0.6743 0.2808
vn 0.5650 -0.1566 0.8101
vn 0.6883 0.1057 0.7177
vn 0.1916 -0.9787 -0.0739
vn 0.7062 0.3428 0.6194
vn 0.6385 0.0166 0.7695
vn 0.7325 0.3315 0.5947
vn 0.6991 -0.0612 0.7124
vn 0.7585 -0.5705 0.3150
vn 0.7832 -0.4385 0.4407
vn 0.8174 -0.5659 0.1077
vn 0.7486 0.3061 0.5882
vn 0.8374 -0.0664 0.5426
vn 0.5815 0.6555 0.4818
vn 0.2089 -0.9604 0.1844
vn 0.1835 -0.9681 0.1709
vn 0.1902 -0.9595 0.2075
vn 0.1462 -0.9705 0.1916
vn 0.2089 -0.9750 0.0750
vn 0.2477 -0.9661 0.0726
vn 0.1319 -0.9856 0.1057
vn 0.6343 -0.6380 0.4366
vn 0.2277 -0.9164 0.3293
vn 0.3765 -0.8401 0.3906
vn 0.1395 -0.8672 0.4780
vn 0.2847 -0.8096 0.5133
vn 0.1112 -0.9601 0.2565
vn 0.2420 -0.7260 0.6437
vn 0.5918 -0.4571 0.6639
vn 0.3811 -0.8657 0.3245
vn 0.3420 -0.8425 0.4163
vn 0.1642 -0.9654 0.2027
vn 0.6442 -0.2808 0.7114
vn 0.5837 -0.7801 0.2252
vn 0.7758 -0.3371 0.5334
vn 0.4910 -0.8471 0.2034
vn 0.5833 -0.7173 0.3812
vn 0.2125 -0.9639 0.1603
vn 0.1160 -0.9856 0.1232
vn 0.7313 -0.6723 0.1149
vn 0.9031 -0.3252 0.2805
vn 0.4624 -0.8355 0.2967
vn 0.3847 -0.8819 0.2725
vn 0.3723 -0.8595 0.3501
vn 0.4738 -0.7124 0.5176
vn 0.4749 -0.8376 0.2700
vn 0.6616 0.4558 0.5954
vn 0.0570 -0.9911 0.1206
vn 0.1724 -0.9421 0.2876
vn 0.1162 -0.9069 0.4050
vn 0.1059 -0.3129 0.9439
vn 0.1509 -0.6220 0.7684
vn 0.0459 -0.7286 0.6834
vn 0.1627 -0.4533 0.8764
vn -0.3430 -0.1697 0.9239
vn 0.2122 -0.6787 0.7031
vn 0.2612 -0.4913 0.8309
vn 0.1242 -0.6964 0.7068
vn 0.3601 -0.5759 0.7339
vn 0.1644 -0.7052 0.6897
vn 0.4614 -0.5490 0.6969
vn 0.2091 -0.7979 0.5654
vn 0.2524 -0.6803 0.6881
vn 0.0032 -0.2849 0.9585
vn 0.2995 -0.6651 0.6840
vn 0.2798 -0.4334 0.8567
vn 0.2401 -0.6309 0.7378
vn 0.0437 -0.5125 0.8576
vn 0.0863 -0.6092 0.7883
vn 0.2073 -0.9756 -0.0722
vn 0.0116 -0.2459 0.9692
vn -0.1220 -0.3866 0.9141
vn -0.0050 -0.2560 0.9667
vn -0.0610 -0.5625 0.8245
vn -0.0665 -0.6953 0.7156
vn -0.1460 -0.4823 0.8637
vn -0.0369 -0.5591 0.8283
vn -0.0624 -0.6130 0.7876
vn -0.1356 -0.2630 0.9552
vn -0.0944 -0.3520 0.9312
vn -0.0759 -0.2488 0.9656
vn 0.0026 -0.3736 0.9276
vn 0.1182 -0.6313 0.7665
vn 0.2204 -0.2035 0.9540
vn 0.0486 -0.2603 0.9643
vn -0.1839 -0.3742 0.9089
vn -0.2612 -0.4877 0.8330
vn -0.2393 -0.3211 0.9163
vn -0.2397 -0.3434 0.9081
vn 0.2592 -0.6238 0.7373
vn 0.2528 -0.3349 0.9077
vn 0.2311 0.0631 0.9709
vn 0.1123 -0.4808 0.8696
vn 0.0756 -0.0529 0.9957
vn 0.0968 -0.4946 0.8637
vn 0.1056 -0.3150 0.9432
vn -0.0427 -0.4580 0.8879
vn -0.0223 -0.3648 0.9308
vn 0.1220 -0.4213 0.8987
vn -0.2142 -0.4431 0.8705
vn -0.1400 -0.2619 0.9549
vn 0.0933 -0.7698 0.6314
vn -0.2875 0.1404 0.9474
vn 0.0370 -0.7841 0.6195
vn -0.0817 0.0142 0.9966
vn 0.0199 -0.1195 0.9926
vn -0.0487 -0.7730 0.6326
vn 0.2240 0.2368 0.9454
vn 0.1093 -0.7015 0.7042
vn 0.2119 -0.7478 0.6291
vn 0.1762 0.0270 0.9840
vn 0.0014 -0.0661 0.9978
vn 0.1963 -0.6926 0.6941
vn -0.1341 -0.9351 0.3279
vn 0.1786 -0.8186 0.5458
vn -0.1236 -0.3624 0.9238
vn -0.1730 -0.8651 0.4708
vn 0.2129 -0.9047 0.3690
vn 0.0238 -0.7905 0.6119
vn 0.1587 -0.9428 0.2932
vn 0.0845 -0.6378 0.7655
vn -0.0246 -0.7749 0.6316
vn -0.1365 -0.5406 0.8301
vn -0.0058 -0.4104 0.9119
vn 0.2127 -0.8476 0.4861
vn 0.4279 -0.8755 0.2243
vn 0.3029 0.0518 0.9516
vn 0.2403 -0.9595 0.1471
vn 0.2162 -0.8861 0.4101
vn 0.2243 -0.9528 0.2046
vn 0.0070 -0.9915 0.1298
vn 0.0878 -0.9588 0.2703
vn -0.1349 -0.3223 0.9370
vn 0.1479 -0.0116 0.9889
vn 0.2358 -0.9614 -0.1422
vn 0.3812 -0.8575 -0.3454
vn 0.1299 -0.1140 0.9850
vn -0.1060 0.0868 0.9906
vn 0.0094 -0.0091 0.9999
vn 0.1046 -0.0096 0.9945
vn -0.0974 0.0949 0.9907
vn 0.0878 -0.0104 0.9961
vn 0.1086 -0.0386 0.9933
vn -0.0313 0.1831 0.9826
vn 0.0687 -0.0271 0.9973
vn -0.0958 0.1421 0.9852
vn -0.0056 0.0820 0.9966
vn -0.0484 0.2128 0.9759
vn -0.1333 0.0593 0.9893
vn -0.0815 0.1725 0.9816
vn -0.1601 0.2471 0.9557
vn -0.1265 0.1966 0.9723
vn 0.0692 0.0659 0.9954
vn 0.1089 0.3015 0.9472
vn -0.0802 0.1517 0.9852
vn -0.1076 -0.1746 0.9787
vn 0.0368 -0.2085 0.9773
vn 0.2192 -0.1108 0.9694
vn 0.0982 -0.0262 0.9948
vn -0.1941 -0.4317 0.8809
vn -0.0586 -0.0401 0.9975
vn 0.2567 -0.0905 0.9622
vn 0.3246 -0.8772 0.3537
vn 0.1234 -0.8195 0.5596
vn 0.1896 -0.1516 0.9701
vn 0.2276 -0.8390 0.4943
vn 0.1148 -0.0056 0.9934
vn 0.4311 -0.7823 0.4495
vn 0.0823 -0.0647 0.9945
vn 0.1997 -0.0760 0.9769
vn 0.3442 -0.7796 0.5232
vn 0.2333 -0.0706 0.9698
vn 0.2977 -0.8825 0.3642
vn 0.2386 -0.8478 0.4737
vn 0.3053 -0.8976 0.3179
vn 0.1461 -0.9828 0.1131
vn 0.1456 -0.5121 0.8465
vn 0.2613 -0.8649 0.4286
vn 0.2362 -0.8320 0.5019
vn 0.3097 -0.9201 0.2397
vn 0.1781 -0.0954 0.9794
vn 0.3019 -0.4450 0.8431
vn 0.5948 -0.7876 0.1607
vn 0.4451 -0.7367 0.5090
vn 0.1883 -0.9427 0.2754
vn 0.0888 -0.7757 0.6248
vn 0.2878 -0.9116 0.2935
vn 0.5652 -0.7148 0.4118
vn 0.3075 -0.8755 0.3727
vn 0.3040 -0.8007 0.5161
vn 0.2796 -0.8252 0.4907
vn 0.2499 -0.8245 0.5077
vn 0.2322 -0.4938 0.8380
vn 0.3504 -0.9276 0.1292
vn 0.4663 -0.8260 0.3168
vn 0.3346 -0.8183 0.4673
vn 0.3525 -0.8024 0.4815
vn 0.4809 -0.7388 0.4721
vn 0.6401 -0.7506 0.1638
vn 0.4940 -0.8626 0.1093
vn 0.5874 -0.7835 -0.2029
vn 0.4903 -0.8358 -0.2469
vn 0.3538 -0.9291 0.1078
vn 0.2583 -0.9654 -0.0362
vn 0.6100 -0.7896 -0.0663
vn 0.5429 -0.8118 -0.2150
vn 0.5958 -0.7468 -0.2955
vn 0.6114 -0.7913 0.0081
vn 0.6555 -0.7044 -0.2724
vn 0.6743 -0.7042 -0.2224
vn 0.3599 -0.9303 -0.0714
vn 0.3807 -0.8428 -0.3804
vn 0.2626 -0.0476 0.9637
vn 0.1892 -0.1125 0.9755
vn 0.2263 -0.2093 0.9513
vn 0.2160 -0.2252 0.9501
vn 0.1913 -0.1111 0.9752
vn 0.2639 -0.1975 0.9441
vn 0.0727 0.0361 0.9967
vn 0.2080 -0.0674 0.9758
vn 0.2661 -0.0854 0.9601
vn 0.3798 0.1252 0.9166
vn 0.4389 -0.1709 0.8821
vn 0.4233 -0.0669 0.9035
vn 0.6139 0.0315 0.7888
vn 0.4958 -0.6423 0.5845
vn 0.7958 0.0013 0.6055
vn 0.7368 -0.1364 0.6622
vn 0.4902 -0.2188 0.8437
vn 0.5217 0.0084 0.8531
vn 0.4210 -0.2808 0.8625
vn 0.4288 -0.2205 0.8761
vn 0.6586 -0.1405 0.7393
vn 0.7187 -0.0537 0.6932
vn 0.6489 -0.0073 0.7608
vn 0.6346 -0.1258 0.7625
vn 0.3508 -0.0522 0.9350
vn 0.4152 -0.3182 0.8522
vn 0.4967 -0.8598 0.1184
vn 0.3725 -0.1853 0.9093
vn 0.4833 -0.2074 0.8506
vn 0.6136 -0.2017 0.7634
vn 0.3217 -0.1810 0.9294
vn 0.4897 -0.2959 0.8202
vn 0.6066 -0.2053 0.7680
vn 0.3263 -0.9416 0.0826
vn 0.3152 -0.8928 0.3219
vn 0.3355 -0.9420 0.0106
vn 0.3998 -0.8692 0.2909
vn 0.3847 -0.8117 0.4395
vn 0.4418 -0.8710 0.2148
vn 0.3938 -0.8907 0.2270
vn 0.5067 -0.4966 0.7047
vn 0.5291 -0.2717 0.8039
vn 0.5114 -0.6629 0.5469
vn 0.4475 -0.2477 0.8593
vn 0.4388 -0.5295 0.7260
vn 0.4433 -0.1383 0.8857
vn 0.4091 -0.6655 0.6243
vn 0.5526 -0.1649 0.8169
vn 0.3525 -0.1293 0.9268
vn 0.4508 -0.8917 0.0406
vn 0.3099 -0.9391 0.1486
vn 0.1628 -0.6306 0.7588
vn 0.3714 -0.7155 0.5917
vn 0.2740 -0.1890 0.9430
vn 0.4392 -0.7394 0.5104
vn 0.4570 -0.1597 0.8750
vn 0.4109 -0.7110 0.5706
vn 0.3618 -0.9147 0.1802
vn 0.5654 -0.3772 0.7335
vn 0.5872 -0.7947 0.1538
vn 0.1480 -0.5446 0.8255
vn 0.3229 -0.1542 0.9338
vn 0.2355 -0.1908 0.9529
vn 0.3188 -0.1796 0.9307
vn 0.2616 -0.0970 0.9603
vn 0.4119 -0.9112 0.0106
vn 0.2183 -0.0516 0.9745
vn 0.5088 -0.8593 0.0519
vn 0.2020 -0.0985 0.9744
vn 0.4827 -0.8710 0.0919
vn 0.3606 -0.1326 0.9232
vn 0.3255 -0.1668 0.9307
vn 0.4940 -0.8343 0.2446
vn 0.2756 -0.3863 0.8803
vn 0.1913 -0.0833 0.9780
vn 0.5276 0.3003 0.7947
vn 0.3866 0.1015 0.9166
vn 0.4104 -0.8325 0.3721
vn 0.3111 -0.1275 0.9418
vn 0.5662 -0.7961 -0.2136
vn 0.3002 -0.8867 -0.3516
vn 0.0338 -0.9988 -0.0365
vn 0.2032 -0.9653 -0.1642
vn 0.1213 -0.9867 -0.1081
vn 0.3485 -0.8828 -0.3149
vn 0.3553 -0.8510 -0.3868
vn 0.2482 -0.9616 -0.1174
vn 0.2532 -0.9665 -0.0419
vn 0.1199 -0.9877 -0.1005
vn 0.2781 -0.9562 -0.0915
vn 0.2309 -0.9716 -0.0517
vn 0.2115 -0.9687 0.1299
vn 0.2775 -0.9479 -0.1562
vn 0.2260 -0.9673 -0.1154
vn 0.3623 -0.9198 -0.1508
vn 0.3294 -0.9407 -0.0814
vn 0.1785 -0.9838 0.0187
vn 0.3432 -0.9384 0.0393
vn 0.1583 -0.9825 -0.0984
vn 0.1514 -0.9884 0.0096
vn 0.1572 -0.9833 -0.0920
vn 0.1317 -0.9887 -0.0721
vn 0.0765 -0.9954 -0.0573
vn -0.0457 -0.9989 0.0122
vn -0.1252 -0.9852 -0.1172
vn 0.0801 -0.9824 0.1688
vn -0.0095 -0.9987 0.0492
vn 0.0107 -0.9918 0.1273
vn -0.2395 -0.9697 0.0488
vn -0.2522 -0.9595 0.1254
vn -0.2180 -0.9449 0.2443
vn -0.0944 -0.9946 0.0429
vn 0.3593 -0.9098 0.2076
vn 0.0949 -0.9811 0.1686
vn 0.2763 -0.9611 -0.0015
vn -0.0261 -0.9882 0.1511
vn 0.3199 -0.8868 0.3335
vn 0.2646 -0.9334 0.2424
vn 0.2727 -0.9222 0.2742
vn 0.1951 -0.9729 0.1241
vn 0.1500 -0.9684 0.1991
vn 0.0200 -0.9920 0.1246
vn -0.4971 -0.7907 0.3574
vn -0.1690 -0.9854 -0.0216
vn -0.1162 -0.9636 0.2409
vn -0.1973 -0.9789 0.0536
vn 0.0827 -0.9966 0.0029
vn 0.1348 -0.9898 0.0454
vn 0.3638 -0.9224 -0.1300
vn 0.0375 -0.9124 0.4075
vn 0.2435 -0.9431 -0.2264
vn 0.3303 -0.9274 -0.1758
vn 0.3496 -0.9317 -0.0983
vn 0.3893 -0.9098 -0.1439
vn 0.1795 -0.9832 0.0323
vn 0.5375 -0.8021 0.2603
vn 0.1917 -0.9676 -0.1641
vn 0.2254 -0.9572 -0.1814
vn 0.1934 -0.9718 -0.1348
vn 0.0960 -0.9093 -0.4050
vn 0.0075 -0.9971 -0.0760
vn 0.2978 -0.9509 0.0841
vn 0.3804 -0.9231 0.0555
vn 0.0864 -0.9956 -0.0370
vn 0.1375 -0.9769 0.1634
vn 0.2505 -0.8934 0.3729
vn 0.2272 -0.8878 0.4001
vn 0.1548 -0.9878 0.0179
vn 0.4282 -0.9036 -0.0095
vn 0.2706 -0.9556 0.1166
vn 0.3128 -0.9213 0.2311
vn 0.1168 -0.9053 0.4084
vn 0.2912 -0.8671 0.4042
vn 0.1259 -0.9313 0.3419
vn 0.1748 -0.9031 0.3923
vn 0.2240 -0.8861 0.4058
vn 0.1028 -0.9819 0.1590
vn 0.0661 -0.9747 0.2134
vn 0.0756 -0.9933 0.0875
vn -0.0168 -0.9991 0.0386
vn -0.7878 -0.5577 0.2613
vn -0.3505 -0.9045 0.2431
vn -0.4607 -0.8316 -0.3101
vn -0.0456 -0.9925 -0.1133
vn -0.1458 -0.9836 -0.1059
vn -0.3194 -0.9315 0.1742
vn -0.6421 -0.7664 -0.0198
vn 0.0641 -0.9788 -0.1945
f 3252/3252/3252 230/230/230 232/232/232
f 233/233/233 162/162/162 235/235/235
f 19/19/19 17/17/17 2/2/2
f 119/119/119 25/25/25 150/150/150
f 2/2/2 1/1/1 19/19/19
f 19/19/19 4/4/4 150/150/150
f 26/26/26 150/150/150 25/25/25
f 5/5/5 7/7/7 15/15/15
f 1/1/1 6/6/6 3804/3804/3804
f 1/1/1 8/8/8 6/6/6
f 9/9/9 15/15/15 7/7/7
f 15/15/15 11/11/11 16/16/16
f 1/1/1 10/10/10 8/8/8
f 12/12/12 10/10/10 1/1/1
f 12/12/12 1/1/1 13/13/13
f 15/15/15 9/9/9 11/11/11
f 16/16/16 138/138/138 15/15/15
f 11/11/11 14/14/14 16/16/16
f 29/29/29 23/23/23 16/16/16
f 29/29/29 16/16/16 18/18/18
f 3/3/3 16/16/16 14/14/14
f 2/2/2 13/13/13 1/1/1
f 18/18/18 16/16/16 3/3/3
f 150/150/150 26/26/26 20/20/20
f 19/19/19 28/28/28 17/17/17
f 19/19/19 20/20/20 22/22/22
f 24/24/24 155/155/155 27/27/27
f 23/23/23 155/155/155 16/16/16
f 21/21/21 155/155/155 23/23/23
f 155/155/155 21/21/21 27/27/27
f 19/19/19 150/150/150 20/20/20
f 28/28/28 19/19/19 22/22/22
f 15/15/15 3799/3799/3799 5/5/5
f 15/15/15 3856/3856/3856 3799/3799/3799
f 31/31/31 45/45/45 33/33/33
f 107/107/107 45/45/45 31/31/31
f 34/34/34 36/36/36 37/37/37
f 43/43/43 45/45/45 107/107/107
f 36/36/36 34/34/34 30/30/30
f 93/93/93 41/41/41 36/36/36
f 216/216/216 41/41/41 93/93/93
f 62/62/62 48/48/48 44/44/44
f 41/41/41 135/135/135 39/39/39
f 40/40/40 36/36/36 41/41/41
f 48/48/48 45/45/45 43/43/43
f 42/42/42 43/43/43 166/166/166
f 42/42/42 44/44/44 43/43/43
f 48/48/48 43/43/43 44/44/44
f 41/41/41 39/39/39 40/40/40
f 40/40/40 39/39/39 116/116/116
f 3224/3224/3224 55/55/55 44/44/44
f 3224/3224/3224 42/42/42 165/165/165
f 44/44/44 55/55/55 62/62/62
f 42/42/42 3224/3224/3224 44/44/44
f 32/32/32 36/36/36 30/30/30
f 103/103/103 47/47/47 48/48/48
f 52/52/52 45/45/45 48/48/48
f 33/33/33 45/45/45 50/50/50
f 47/47/47 98/98/98 48/48/48
f 52/52/52 50/50/50 45/45/45
f 49/49/49 93/93/93 32/32/32
f 93/93/93 36/36/36 32/32/32
f 54/54/54 79/79/79 48/48/48
f 48/48/48 62/62/62 54/54/54
f 57/57/57 61/61/61 55/55/55
f 62/62/62 55/55/55 61/61/61
f 64/64/64 70/70/70 62/62/62
f 71/71/71 53/53/53 69/69/69
f 73/73/73 62/62/62 61/61/61
f 62/62/62 73/73/73 64/64/64
f 41/41/41 216/216/216 208/208/208
f 54/54/54 62/62/62 70/70/70
f 67/67/67 65/65/65 216/216/216
f 84/84/84 68/68/68 75/75/75
f 74/74/74 67/67/67 216/216/216
f 57/57/57 55/55/55 247/247/247
f 68/68/68 84/84/84 66/66/66
f 71/71/71 69/69/69 63/63/63
f 72/72/72 228/228/228 63/63/63
f 101/101/101 58/58/58 80/80/80
f 81/81/81 48/48/48 79/79/79
f 72/72/72 60/60/60 228/228/228
f 216/216/216 82/82/82 76/76/76
f 216/216/216 76/76/76 74/74/74
f 71/71/71 75/75/75 77/77/77
f 84/84/84 75/75/75 71/71/71
f 82/82/82 216/216/216 85/85/85
f 86/86/86 71/71/71 83/83/83
f 71/71/71 77/77/77 83/83/83
f 93/93/93 87/87/87 85/85/85
f 89/89/89 93/93/93 49/49/49
f 89/89/89 49/49/49 51/51/51
f 216/216/216 93/93/93 85/85/85
f 84/84/84 71/71/71 228/228/228
f 91/91/91 87/87/87 93/93/93
f 86/86/86 88/88/88 71/71/71
f 89/89/89 96/96/96 93/93/93
f 93/93/93 96/96/96 94/94/94
f 94/94/94 99/99/99 93/93/93
f 99/99/99 91/91/91 93/93/93
f 92/92/92 101/101/101 88/88/88
f 71/71/71 88/88/88 101/101/101
f 81/81/81 59/59/59 48/48/48
f 80/80/80 78/78/78 101/101/101
f 71/71/71 78/78/78 53/53/53
f 63/63/63 228/228/228 71/71/71
f 59/59/59 103/103/103 48/48/48
f 52/52/52 48/48/48 90/90/90
f 58/58/58 101/101/101 102/102/102
f 71/71/71 101/101/101 78/78/78
f 101/101/101 100/100/100 95/95/95
f 95/95/95 97/97/97 101/101/101
f 101/101/101 92/92/92 100/100/100
f 101/101/101 97/97/97 46/46/46
f 90/90/90 48/48/48 98/98/98
f 102/102/102 101/101/101 46/46/46
f 135/135/135 41/41/41 182/182/182
f 107/107/107 31/31/31 35/35/35
f 166/166/166 43/43/43 107/107/107
f 108/108/108 104/104/104 116/116/116
f 116/116/116 156/156/156 108/108/108
f 111/111/111 107/107/107 38/38/38
f 38/38/38 107/107/107 35/35/35
f 107/107/107 111/111/111 113/113/113
f 106/106/106 107/107/107 149/149/149
f 1975/1975/1975 3063/3063/3063 4343/4343/4343
f 138/138/138 130/130/130 137/137/137
f 36/36/36 110/110/110 37/37/37
f 40/40/40 112/112/112 110/110/110
f 113/113/113 115/115/115 107/107/107
f 110/110/110 36/36/36 40/40/40
f 112/112/112 40/40/40 114/114/114
f 116/116/116 39/39/39 129/129/129
f 149/149/149 122/122/122 118/118/118
f 149/149/149 118/118/118 105/105/105
f 116/116/116 117/117/117 40/40/40
f 115/115/115 122/122/122 107/107/107
f 122/122/122 149/149/149 107/107/107
f 121/121/121 114/114/114 40/40/40
f 121/121/121 40/40/40 117/117/117
f 117/117/117 116/116/116 104/104/104
f 156/156/156 123/123/123 108/108/108
f 109/109/109 149/149/149 105/105/105
f 16/16/16 155/155/155 138/138/138
f 24/24/24 120/120/120 155/155/155
f 148/148/148 156/156/156 129/129/129
f 171/171/171 167/167/167 175/175/175
f 175/175/175 200/200/200 208/208/208
f 129/129/129 39/39/39 130/130/130
f 3600/3600/3600 227/227/227 3569/3569/3569
f 129/129/129 138/138/138 148/148/148
f 3600/3600/3600 132/132/132 227/227/227
f 133/133/133 3600/3600/3600 137/137/137
f 132/132/132 3600/3600/3600 133/133/133
f 223/223/223 132/132/132 134/134/134
f 133/133/133 134/134/134 132/132/132
f 178/178/178 180/180/180 181/181/181
f 239/239/239 242/242/242 241/241/241
f 134/134/134 133/133/133 130/130/130
f 176/176/176 238/238/238 180/180/180
f 130/130/130 135/135/135 134/134/134
f 182/182/182 134/134/134 135/135/135
f 39/39/39 135/135/135 130/130/130
f 129/129/129 130/130/130 138/138/138
f 138/138/138 136/136/136 15/15/15
f 136/136/136 137/137/137 3594/3594/3594
f 137/137/137 3600/3600/3600 3594/3594/3594
f 136/136/136 3593/3593/3593 15/15/15
f 155/155/155 148/148/148 138/138/138
f 138/138/138 137/137/137 136/136/136
f 137/137/137 130/130/130 133/133/133
f 166/166/166 106/106/106 145/145/145
f 139/139/139 142/142/142 140/140/140
f 145/145/145 164/164/164 166/166/166
f 141/141/141 143/143/143 156/156/156
f 148/148/148 141/141/141 156/156/156
f 166/166/166 107/107/107 106/106/106
f 173/173/173 180/180/180 178/178/178
f 238/238/238 240/240/240 180/180/180
f 150/150/150 139/139/139 140/140/140
f 167/167/167 169/169/169 175/175/175
f 146/146/146 119/119/119 150/150/150
f 139/139/139 150/150/150 144/144/144
f 139/139/139 144/144/144 106/106/106
f 144/144/144 145/145/145 106/106/106
f 124/124/124 151/151/151 149/149/149
f 150/150/150 140/140/140 153/153/153
f 150/150/150 153/153/153 146/146/146
f 149/149/149 151/151/151 139/139/139
f 124/124/124 149/149/149 109/109/109
f 152/152/152 123/123/123 156/156/156
f 139/139/139 106/106/106 149/149/149
f 154/154/154 148/148/148 155/155/155
f 147/147/147 154/154/154 155/155/155
f 154/154/154 141/141/141 148/148/148
f 120/120/120 147/147/147 155/155/155
f 129/129/129 156/156/156 116/116/116
f 152/152/152 156/156/156 143/143/143
f 139/139/139 151/151/151 142/142/142
f 3312/3312/3312 160/160/160 161/161/161
f 160/160/160 159/159/159 164/164/164
f 237/237/237 162/162/162 231/231/231
f 162/162/162 233/233/233 231/231/231
f 161/161/161 157/157/157 162/162/162
f 4/4/4 163/163/163 144/144/144
f 4/4/4 144/144/144 150/150/150
f 160/160/160 158/158/158 161/161/161
f 164/164/164 145/145/145 160/160/160
f 158/158/158 157/157/157 161/161/161
f 158/158/158 145/145/145 144/144/144
f 158/158/158 160/160/160 145/145/145
f 163/163/163 158/158/158 144/144/144
f 157/157/157 158/158/158 163/163/163
f 42/42/42 3290/3290/3290 165/165/165
f 3290/3290/3290 42/42/42 166/166/166
f 164/164/164 3290/3290/3290 166/166/166
f 367/367/367 354/354/354 348/348/348
f 342/342/342 353/353/353 329/329/329
f 371/371/371 368/368/368 943/943/943
f 943/943/943 368/368/368 669/669/669
f 669/669/669 368/368/368 666/666/666
f 199/199/199 131/131/131 222/222/222
f 229/229/229 128/128/128 126/126/126
f 199/199/199 200/200/200 131/131/131
f 181/181/181 180/180/180 131/131/131
f 4017/4017/4017 131/131/131 180/180/180
f 181/181/181 131/131/131 200/200/200
f 175/175/175 181/181/181 200/200/200
f 195/195/195 180/180/180 173/173/173
f 181/181/181 125/125/125 127/127/127
f 175/175/175 197/197/197 125/125/125
f 229/229/229 196/196/196 174/174/174
f 195/195/195 176/176/176 180/180/180
f 174/174/174 179/179/179 229/229/229
f 4007/4007/4007 177/177/177 196/196/196
f 177/177/177 4007/4007/4007 242/242/242
f 242/242/242 239/239/239 177/177/177
f 181/181/181 127/127/127 178/178/178
f 175/175/175 125/125/125 181/181/181
f 179/179/179 128/128/128 229/229/229
f 200/200/200 199/199/199 182/182/182
f 182/182/182 41/41/41 208/208/208
f 200/200/200 182/182/182 208/208/208
f 84/84/84 3223/3223/3223 207/207/207
f 215/215/215 168/168/168 172/172/172
f 202/202/202 215/215/215 172/172/172
f 201/201/201 171/171/171 175/175/175
f 203/203/203 175/175/175 208/208/208
f 208/208/208 205/205/205 203/203/203
f 215/215/215 202/202/202 204/204/204
f 203/203/203 201/201/201 175/175/175
f 207/207/207 220/220/220 219/219/219
f 208/208/208 209/209/209 205/205/205
f 215/215/215 206/206/206 210/210/210
f 215/215/215 204/204/204 206/206/206
f 215/215/215 207/207/207 219/219/219
f 208/208/208 211/211/211 209/209/209
f 210/210/210 212/212/212 215/215/215
f 212/212/212 214/214/214 215/215/215
f 211/211/211 208/208/208 213/213/213
f 217/217/217 213/213/213 216/216/216
f 214/214/214 84/84/84 215/215/215
f 217/217/217 216/216/216 65/65/65
f 218/218/218 84/84/84 214/214/214
f 84/84/84 218/218/218 66/66/66
f 216/216/216 213/213/213 208/208/208
f 207/207/207 215/215/215 84/84/84
f 228/228/228 3223/3223/3223 84/84/84
f 2945/2945/2945 220/220/220 3209/3209/3209
f 2945/2945/2945 243/243/243 220/220/220
f 221/221/221 219/219/219 220/220/220
f 243/243/243 221/221/221 220/220/220
f 4143/4143/4143 3169/3169/3169 3170/3170/3170
f 3290/3290/3290 3274/3274/3274 165/165/165
f 222/222/222 226/226/226 223/223/223
f 182/182/182 199/199/199 223/223/223
f 134/134/134 182/182/182 223/223/223
f 245/245/245 224/224/224 225/225/225
f 225/225/225 4290/4290/4290 245/245/245
f 244/244/244 4290/4290/4290 225/225/225
f 226/226/226 225/225/225 224/224/224
f 222/222/222 225/225/225 226/226/226
f 199/199/199 222/222/222 223/223/223
f 227/227/227 226/226/226 224/224/224
f 226/226/226 227/227/227 132/132/132
f 244/244/244 225/225/225 222/222/222
f 226/226/226 132/132/132 223/223/223
f 228/228/228 246/246/246 248/248/248
f 56/56/56 246/246/246 228/228/228
f 3223/3223/3223 220/220/220 207/207/207
f 228/228/228 60/60/60 56/56/56
f 3209/3209/3209 220/220/220 3223/3223/3223
f 170/170/170 215/215/215 198/198/198
f 215/215/215 170/170/170 168/168/168
f 169/169/169 197/197/197 175/175/175
f 229/229/229 4007/4007/4007 196/196/196
f 229/229/229 126/126/126 198/198/198
f 229/229/229 198/198/198 215/215/215
f 221/221/221 4007/4007/4007 229/229/229
f 215/215/215 219/219/219 229/229/229
f 229/229/229 219/219/219 221/221/221
f 307/307/307 250/250/250 306/306/306
f 250/250/250 252/252/252 306/306/306
f 253/253/253 252/252/252 250/250/250
f 355/355/355 275/275/275 253/253/253
f 357/357/357 251/251/251 360/360/360
f 251/251/251 357/357/357 255/255/255
f 251/251/251 255/255/255 257/257/257
f 254/254/254 356/356/356 1459/1459/1459
f 254/254/254 1459/1459/1459 256/256/256
f 1459/1459/1459 258/258/258 256/256/256
f 1459/1459/1459 261/261/261 258/258/258
f 251/251/251 257/257/257 259/259/259
f 252/252/252 276/276/276 251/251/251
f 183/183/183 185/185/185 1446/1446/1446
f 187/187/187 263/263/263 1446/1446/1446
f 265/265/265 188/188/188 191/191/191
f 1446/1446/1446 263/263/263 183/183/183
f 267/267/267 192/192/192 1439/1439/1439
f 264/264/264 1463/1463/1463 184/184/184
f 264/264/264 190/190/190 1463/1463/1463
f 267/267/267 266/266/266 260/260/260
f 262/262/262 251/251/251 259/259/259
f 270/270/270 251/251/251 262/262/262
f 292/292/292 271/271/271 273/273/273
f 272/272/272 251/251/251 270/270/270
f 261/261/261 1459/1459/1459 269/269/269
f 251/251/251 272/272/272 299/299/299
f 276/276/276 252/252/252 275/275/275
f 271/271/271 292/292/292 279/279/279
f 273/273/273 277/277/277 292/292/292
f 252/252/252 253/253/253 275/275/275
f 299/299/299 272/272/272 280/280/280
f 271/271/271 268/268/268 273/273/273
f 274/274/274 1459/1459/1459 278/278/278
f 1459/1459/1459 274/274/274 269/269/269
f 251/251/251 276/276/276 360/360/360
f 260/260/260 282/282/282 267/267/267
f 289/289/289 282/282/282 260/260/260
f 282/282/282 192/192/192 267/267/267
f 289/289/289 283/283/283 282/282/282
f 285/285/285 287/287/287 282/282/282
f 290/290/290 282/282/282 287/287/287
f 282/282/282 290/290/290 192/192/192
f 290/290/290 292/292/292 192/192/192
f 293/293/293 292/292/292 290/290/290
f 291/291/291 299/299/299 294/294/294
f 299/299/299 301/301/301 294/294/294
f 296/296/296 299/299/299 298/298/298
f 297/297/297 292/292/292 295/295/295
f 292/292/292 293/293/293 300/300/300
f 301/301/301 299/299/299 296/296/296
f 299/299/299 280/280/280 298/298/298
f 304/304/304 302/302/302 289/289/289
f 295/295/295 292/292/292 300/300/300
f 288/288/288 306/306/306 291/291/291
f 309/309/309 307/307/307 305/305/305
f 306/306/306 286/286/286 284/284/284
f 289/289/289 310/310/310 308/308/308
f 305/305/305 307/307/307 303/303/303
f 308/308/308 304/304/304 289/289/289
f 303/303/303 307/307/307 306/306/306
f 291/291/291 306/306/306 299/299/299
f 306/306/306 284/284/284 303/303/303
f 283/283/283 289/289/289 302/302/302
f 286/286/286 306/306/306 288/288/288
f 297/297/297 279/279/279 292/292/292
f 282/282/282 283/283/283 285/285/285
f 252/252/252 299/299/299 306/306/306
f 299/299/299 252/252/252 251/251/251
f 277/277/277 193/193/193 292/292/292
f 281/281/281 194/194/194 278/278/278
f 1459/1459/1459 281/281/281 278/278/278
f 325/325/325 332/332/332 315/315/315
f 314/314/314 330/330/330 312/312/312
f 312/312/312 328/328/328 316/316/316
f 317/317/317 325/325/325 313/313/313
f 312/312/312 330/330/330 328/328/328
f 324/324/324 307/307/307 311/311/311
f 313/313/313 325/325/325 315/315/315
f 348/348/348 328/328/328 345/345/345
f 325/325/325 307/307/307 324/324/324
f 266/266/266 366/366/366 260/260/260
f 320/320/320 325/325/325 324/324/324
f 361/361/361 355/355/355 2485/2485/2485
f 351/351/351 253/253/253 250/250/250
f 253/253/253 351/351/351 355/355/355
f 307/307/307 309/309/309 311/311/311
f 319/319/319 323/323/323 289/289/289
f 310/310/310 289/289/289 323/323/323
f 307/307/307 325/325/325 250/250/250
f 327/327/327 363/363/363 364/364/364
f 321/321/321 328/328/328 348/348/348
f 329/329/329 364/364/364 2485/2485/2485
f 2485/2485/2485 351/351/351 329/329/329
f 329/329/329 336/336/336 364/364/364
f 351/351/351 2485/2485/2485 355/355/355
f 260/260/260 366/366/366 345/345/345
f 260/260/260 345/345/345 289/289/289
f 345/345/345 330/330/330 289/289/289
f 334/334/334 332/332/332 325/325/325
f 314/314/314 331/331/331 330/330/330
f 319/319/319 330/330/330 333/333/333
f 334/334/334 325/325/325 320/320/320
f 318/318/318 325/325/325 322/322/322
f 316/316/316 328/328/328 321/321/321
f 325/325/325 317/317/317 322/322/322
f 328/328/328 330/330/330 345/345/345
f 348/348/348 354/354/354 341/341/341
f 336/336/336 327/327/327 364/364/364
f 336/336/336 329/329/329 344/344/344
f 365/365/365 362/362/362 326/326/326
f 333/333/333 330/330/330 331/331/331
f 344/344/344 329/329/329 338/338/338
f 354/354/354 343/343/343 337/337/337
f 346/346/346 348/348/348 339/339/339
f 335/335/335 343/343/343 354/354/354
f 365/365/365 326/326/326 354/354/354
f 326/326/326 335/335/335 354/354/354
f 366/366/366 441/441/441 345/345/345
f 319/319/319 289/289/289 330/330/330
f 354/354/354 352/352/352 341/341/341
f 345/345/345 441/441/441 367/367/367
f 321/321/321 348/348/348 346/346/346
f 339/339/339 348/348/348 349/349/349
f 348/348/348 345/345/345 367/367/367
f 250/250/250 325/325/325 318/318/318
f 353/353/353 338/338/338 329/329/329
f 351/351/351 318/318/318 329/329/329
f 354/354/354 337/337/337 352/352/352
f 348/348/348 341/341/341 349/349/349
f 318/318/318 322/322/322 347/347/347
f 354/354/354 487/487/487 365/365/365
f 318/318/318 340/340/340 350/350/350
f 318/318/318 351/351/351 250/250/250
f 347/347/347 340/340/340 318/318/318
f 342/342/342 318/318/318 350/350/350
f 318/318/318 342/342/342 329/329/329
f 756/756/756 752/752/752 755/755/755
f 756/756/756 755/755/755 597/597/597
f 752/752/752 754/754/754 764/764/764
f 369/369/369 368/368/368 371/371/371
f 2637/2637/2637 1017/1017/1017 370/370/370
f 1017/1017/1017 368/368/368 370/370/370
f 369/369/369 370/370/370 368/368/368
f 1017/1017/1017 666/666/666 368/368/368
f 369/369/369 371/371/371 913/913/913
f 891/891/891 913/913/913 371/371/371
f 399/399/399 386/386/386 387/387/387
f 387/387/387 372/372/372 375/375/375
f 459/459/459 372/372/372 387/387/387
f 399/399/399 378/378/378 373/373/373
f 375/375/375 372/372/372 438/438/438
f 438/438/438 450/450/450 375/375/375
f 459/459/459 387/387/387 386/386/386
f 382/382/382 384/384/384 380/380/380
f 614/614/614 383/383/383 386/386/386
f 390/390/390 375/375/375 400/400/400
f 375/375/375 390/390/390 392/392/392
f 388/388/388 394/394/394 387/387/387
f 376/376/376 399/399/399 394/394/394
f 387/387/387 394/394/394 399/399/399
f 385/385/385 518/518/518 381/381/381
f 392/392/392 387/387/387 375/375/375
f 392/392/392 388/388/388 387/387/387
f 386/386/386 382/382/382 614/614/614
f 399/399/399 382/382/382 386/386/386
f 399/399/399 376/376/376 378/378/378
f 403/403/403 411/411/411 402/402/402
f 411/411/411 454/454/454 402/402/402
f 401/401/401 403/403/403 391/391/391
f 399/399/399 373/373/373 382/382/382
f 407/407/407 454/454/454 409/409/409
f 409/409/409 454/454/454 405/405/405
f 405/405/405 454/454/454 411/411/411
f 408/408/408 404/404/404 375/375/375
f 403/403/403 401/401/401 411/411/411
f 400/400/400 375/375/375 410/410/410
f 375/375/375 404/404/404 410/410/410
f 380/380/380 614/614/614 382/382/382
f 381/381/381 624/624/624 398/398/398
f 380/380/380 397/397/397 614/614/614
f 396/396/396 395/395/395 389/389/389
f 396/396/396 377/377/377 395/395/395
f 406/406/406 408/408/408 375/375/375
f 389/389/389 393/393/393 396/396/396
f 450/450/450 406/406/406 375/375/375
f 393/393/393 403/403/403 396/396/396
f 518/518/518 624/624/624 381/381/381
f 393/393/393 391/391/391 403/403/403
f 614/614/614 611/611/611 383/383/383
f 457/457/457 366/366/366 266/266/266
f 413/413/413 457/457/457 266/266/266
f 364/364/364 2695/2695/2695 2485/2485/2485
f 412/412/412 765/765/765 767/767/767
f 413/413/413 412/412/412 431/431/431
f 266/266/266 1004/1004/1004 413/413/413
f 367/367/367 441/441/441 487/487/487
f 431/431/431 412/412/412 414/414/414
f 415/415/415 1004/1004/1004 1518/1518/1518
f 354/354/354 367/367/367 487/487/487
f 413/413/413 415/415/415 417/417/417
f 769/769/769 418/418/418 416/416/416
f 424/424/424 420/420/420 425/425/425
f 769/769/769 425/425/425 422/422/422
f 425/425/425 420/420/420 422/422/422
f 422/422/422 418/418/418 769/769/769
f 421/421/421 419/419/419 413/413/413
f 769/769/769 416/416/416 1519/1519/1519
f 413/413/413 419/419/419 412/412/412
f 426/426/426 412/412/412 423/423/423
f 1004/1004/1004 415/415/415 413/413/413
f 430/430/430 428/428/428 432/432/432
f 432/432/432 431/431/431 442/442/442
f 432/432/432 442/442/442 429/429/429
f 417/417/417 421/421/421 413/413/413
f 432/432/432 429/429/429 430/430/430
f 419/419/419 423/423/423 412/412/412
f 438/438/438 429/429/429 442/442/442
f 438/438/438 442/442/442 434/434/434
f 434/434/434 455/455/455 438/438/438
f 438/438/438 494/494/494 429/429/429
f 433/433/433 490/490/490 428/428/428
f 439/439/439 442/442/442 414/414/414
f 438/438/438 372/372/372 494/494/494
f 358/358/358 447/447/447 449/449/449
f 358/358/358 449/449/449 440/440/440
f 442/442/442 439/439/439 448/448/448
f 455/455/455 450/450/450 438/438/438
f 358/358/358 359/359/359 453/453/453
f 453/453/453 447/447/447 358/358/358
f 448/448/448 446/446/446 442/442/442
f 359/359/359 437/437/437 453/453/453
f 442/442/442 446/446/446 452/452/452
f 436/436/436 442/442/442 452/452/452
f 490/490/490 487/487/487 441/441/441
f 457/457/457 431/431/431 445/445/445
f 454/454/454 451/451/451 456/456/456
f 445/445/445 428/428/428 490/490/490
f 441/441/441 445/445/445 490/490/490
f 428/428/428 445/445/445 432/432/432
f 451/451/451 454/454/454 407/407/407
f 431/431/431 414/414/414 442/442/442
f 454/454/454 456/456/456 359/359/359
f 436/436/436 434/434/434 442/442/442
f 435/435/435 437/437/437 359/359/359
f 435/435/435 359/359/359 456/456/456
f 457/457/457 413/413/413 431/431/431
f 457/457/457 445/445/445 441/441/441
f 441/441/441 366/366/366 457/457/457
f 445/445/445 431/431/431 432/432/432
f 462/462/462 460/460/460 492/492/492
f 492/492/492 460/460/460 458/458/458
f 460/460/460 462/462/462 748/748/748
f 460/460/460 748/748/748 745/745/745
f 471/471/471 473/473/473 1007/1007/1007
f 468/468/468 362/362/362 365/365/365
f 464/464/464 467/467/467 471/471/471
f 464/464/464 471/471/471 469/469/469
f 473/473/473 471/471/471 467/467/467
f 465/465/465 463/463/463 365/365/365
f 364/364/364 363/363/363 469/469/469
f 463/463/463 468/468/468 365/365/365
f 466/466/466 465/465/465 472/472/472
f 469/469/469 471/471/471 364/364/364
f 466/466/466 463/463/463 465/465/465
f 487/487/487 465/465/465 365/365/365
f 475/475/475 1010/1010/1010 1009/1009/1009
f 1005/1005/1005 476/476/476 484/484/484
f 1010/1010/1010 1014/1014/1014 1009/1009/1009
f 2753/2753/2753 477/477/477 1006/1006/1006
f 484/484/484 718/718/718 1008/1008/1008
f 1005/1005/1005 484/484/484 478/478/478
f 1011/1011/1011 474/474/474 718/718/718
f 2753/2753/2753 1007/1007/1007 477/477/477
f 479/479/479 1014/1014/1014 2753/2753/2753
f 718/718/718 474/474/474 1008/1008/1008
f 484/484/484 1013/1013/1013 478/478/478
f 480/480/480 482/482/482 484/484/484
f 470/470/470 430/430/430 459/459/459
f 1013/1013/1013 484/484/484 1008/1008/1008
f 461/461/461 749/749/749 748/748/748
f 484/484/484 482/482/482 465/465/465
f 484/484/484 492/492/492 718/718/718
f 488/488/488 480/480/480 484/484/484
f 489/489/489 477/477/477 1007/1007/1007
f 488/488/488 484/484/484 476/476/476
f 489/489/489 1007/1007/1007 481/481/481
f 1007/1007/1007 483/483/483 481/481/481
f 483/483/483 1007/1007/1007 486/486/486
f 486/486/486 1007/1007/1007 473/473/473
f 482/482/482 485/485/485 465/465/465
f 487/487/487 493/493/493 465/465/465
f 433/433/433 493/493/493 487/487/487
f 485/485/485 472/472/472 465/465/465
f 493/493/493 491/491/491 492/492/492
f 383/383/383 461/461/461 386/386/386
f 386/386/386 461/461/461 459/459/459
f 491/491/491 493/493/493 433/433/433
f 459/459/459 461/461/461 470/470/470
f 487/487/487 490/490/490 433/433/433
f 461/461/461 610/610/610 749/749/749
f 458/458/458 718/718/718 492/492/492
f 493/493/493 492/492/492 484/484/484
f 484/484/484 465/465/465 493/493/493
f 491/491/491 462/462/462 492/492/492
f 495/495/495 462/462/462 491/491/491
f 491/491/491 428/428/428 495/495/495
f 428/428/428 491/491/491 433/433/433
f 462/462/462 495/495/495 430/430/430
f 459/459/459 494/494/494 372/372/372
f 495/495/495 428/428/428 430/430/430
f 461/461/461 748/748/748 470/470/470
f 430/430/430 470/470/470 462/462/462
f 494/494/494 459/459/459 430/430/430
f 470/470/470 748/748/748 462/462/462
f 430/430/430 429/429/429 494/494/494
f 517/517/517 507/507/507 521/521/521
f 517/517/517 499/499/499 500/500/500
f 517/517/517 500/500/500 507/507/507
f 505/505/505 507/507/507 500/500/500
f 510/510/510 514/514/514 382/382/382
f 514/514/514 510/510/510 506/506/506
f 502/502/502 498/498/498 508/508/508
f 499/499/499 504/504/504 500/500/500
f 518/518/518 509/509/509 513/513/513
f 503/503/503 509/509/509 515/515/515
f 517/517/517 497/497/497 499/499/499
f 382/382/382 514/514/514 384/384/384
f 512/512/512 496/496/496 566/566/566
f 496/496/496 512/512/512 498/498/498
f 508/508/508 498/498/498 512/512/512
f 514/514/514 506/506/506 501/501/501
f 515/515/515 509/509/509 518/518/518
f 579/579/579 539/539/539 516/516/516
f 516/516/516 539/539/539 550/550/550
f 521/521/521 516/516/516 517/517/517
f 511/511/511 374/374/374 521/521/521
f 379/379/379 377/377/377 521/521/521
f 518/518/518 385/385/385 515/515/515
f 521/521/521 374/374/374 379/379/379
f 550/550/550 517/517/517 516/516/516
f 382/382/382 373/373/373 510/510/510
f 566/566/566 569/569/569 512/512/512
f 513/513/513 570/570/570 518/518/518
f 497/497/497 517/517/517 520/520/520
f 496/496/496 519/519/519 566/566/566
f 550/550/550 520/520/520 517/517/517
f 516/516/516 581/581/581 580/580/580
f 507/507/507 511/511/511 521/521/521
f 521/521/521 396/396/396 516/516/516
f 528/528/528 524/524/524 523/523/523
f 524/524/524 648/648/648 542/542/542
f 524/524/524 542/542/542 523/523/523
f 523/523/523 542/542/542 526/526/526
f 540/540/540 553/553/553 525/525/525
f 529/529/529 594/594/594 556/556/556
f 553/553/553 835/835/835 525/525/525
f 525/525/525 835/835/835 522/522/522
f 538/538/538 556/556/556 532/532/532
f 534/534/534 532/532/532 556/556/556
f 556/556/556 586/586/586 534/534/534
f 538/538/538 536/536/536 556/556/556
f 522/522/522 835/835/835 527/527/527
f 565/565/565 835/835/835 553/553/553
f 550/550/550 539/539/539 544/544/544
f 549/549/549 550/550/550 544/544/544
f 543/543/543 553/553/553 548/548/548
f 552/552/552 550/550/550 549/549/549
f 548/548/548 553/553/553 551/551/551
f 545/545/545 811/811/811 546/546/546
f 545/545/545 546/546/546 535/535/535
f 579/579/579 529/529/529 539/539/539
f 547/547/547 555/555/555 556/556/556
f 555/555/555 529/529/529 556/556/556
f 555/555/555 558/558/558 529/529/529
f 557/557/557 554/554/554 811/811/811
f 529/529/529 558/558/558 560/560/560
f 557/557/557 565/565/565 559/559/559
f 811/811/811 565/565/565 557/557/557
f 539/539/539 529/529/529 562/562/562
f 529/529/529 560/560/560 562/562/562
f 562/562/562 564/564/564 539/539/539
f 565/565/565 561/561/561 559/559/559
f 544/544/544 539/539/539 564/564/564
f 561/561/561 565/565/565 563/563/563
f 563/563/563 565/565/565 543/543/543
f 553/553/553 543/543/543 565/565/565
f 545/545/545 535/535/535 537/537/537
f 546/546/546 811/811/811 554/554/554
f 550/550/550 568/568/568 520/520/520
f 551/551/551 553/553/553 566/566/566
f 568/568/568 550/550/550 552/552/552
f 567/567/567 551/551/551 566/566/566
f 567/567/567 566/566/566 519/519/519
f 571/571/571 573/573/573 566/566/566
f 569/569/569 566/566/566 573/573/573
f 571/571/571 566/566/566 575/575/575
f 556/556/556 536/536/536 547/547/547
f 530/530/530 574/574/574 572/572/572
f 576/576/576 530/530/530 572/572/572
f 574/574/574 530/530/530 570/570/570
f 518/518/518 570/570/570 530/530/530
f 542/542/542 576/576/576 578/578/578
f 540/540/540 566/566/566 553/553/553
f 566/566/566 577/577/577 575/575/575
f 577/577/577 566/566/566 540/540/540
f 526/526/526 542/542/542 541/541/541
f 576/576/576 542/542/542 530/530/530
f 530/530/530 542/542/542 648/648/648
f 541/541/541 542/542/542 578/578/578
f 531/531/531 593/593/593 545/545/545
f 594/594/594 529/529/529 579/579/579
f 403/403/403 402/402/402 396/396/396
f 758/758/758 579/579/579 580/580/580
f 580/580/580 581/581/581 758/758/758
f 579/579/579 516/516/516 580/580/580
f 581/581/581 396/396/396 402/402/402
f 516/516/516 396/396/396 581/581/581
f 396/396/396 521/521/521 377/377/377
f 593/593/593 582/582/582 589/589/589
f 584/584/584 589/589/589 582/582/582
f 585/585/585 583/583/583 586/586/586
f 1016/1016/1016 588/588/588 4358/4358/4358
f 590/590/590 585/585/585 586/586/586
f 592/592/592 590/590/590 586/586/586
f 533/533/533 582/582/582 593/593/593
f 594/594/594 586/586/586 556/556/556
f 534/534/534 586/586/586 583/583/583
f 593/593/593 531/531/531 533/533/533
f 750/750/750 597/597/597 755/755/755
f 579/579/579 596/596/596 595/595/595
f 586/586/586 594/594/594 4360/4360/4360
f 598/598/598 597/597/597 596/596/596
f 792/792/792 4338/4338/4338 597/597/597
f 3063/3063/3063 595/595/595 596/596/596
f 597/597/597 4338/4338/4338 596/596/596
f 595/595/595 4360/4360/4360 594/594/594
f 4338/4338/4338 3063/3063/3063 596/596/596
f 758/758/758 596/596/596 579/579/579
f 598/598/598 596/596/596 758/758/758
f 599/599/599 587/587/587 1015/1015/1015
f 579/579/579 595/595/595 594/594/594
f 600/600/600 604/604/604 603/603/603
f 603/603/603 942/942/942 602/602/602
f 600/600/600 603/603/603 606/606/606
f 604/604/604 655/655/655 603/603/603
f 942/942/942 603/603/603 634/634/634
f 624/624/624 619/619/619 398/398/398
f 397/397/397 618/618/618 614/614/614
f 627/627/627 518/518/518 648/648/648
f 624/624/624 518/518/518 627/627/627
f 648/648/648 615/615/615 627/627/627
f 611/611/611 610/610/610 383/383/383
f 648/648/648 518/518/518 530/530/530
f 610/610/610 612/612/612 632/632/632
f 611/611/611 612/612/612 610/610/610
f 611/611/611 608/608/608 612/612/612
f 616/616/616 614/614/614 620/620/620
f 619/619/619 624/624/624 621/621/621
f 616/616/616 611/611/611 614/614/614
f 618/618/618 620/620/620 614/614/614
f 622/622/622 611/611/611 616/616/616
f 631/631/631 623/623/623 617/617/617
f 626/626/626 623/623/623 631/631/631
f 625/625/625 611/611/611 622/622/622
f 617/617/617 624/624/624 631/631/631
f 631/631/631 624/624/624 627/627/627
f 624/624/624 617/617/617 621/621/621
f 631/631/631 629/629/629 626/626/626
f 611/611/611 625/625/625 628/628/628
f 611/611/611 628/628/628 608/608/608
f 633/633/633 613/613/613 630/630/630
f 615/615/615 634/634/634 627/627/627
f 613/613/613 609/609/609 630/630/630
f 631/631/631 630/630/630 629/629/629
f 629/629/629 630/630/630 609/609/609
f 643/643/643 627/627/627 634/634/634
f 643/643/643 631/631/631 627/627/627
f 610/610/610 723/723/723 749/749/749
f 610/610/610 635/635/635 639/639/639
f 639/639/639 635/635/635 637/637/637
f 640/640/640 639/639/639 637/637/637
f 635/635/635 610/610/610 632/632/632
f 636/636/636 633/633/633 630/630/630
f 631/631/631 643/643/643 630/630/630
f 643/643/643 692/692/692 630/630/630
f 630/630/630 638/638/638 636/636/636
f 642/642/642 638/638/638 630/630/630
f 723/723/723 610/610/610 639/639/639
f 692/692/692 642/642/642 630/630/630
f 634/634/634 644/644/644 643/643/643
f 829/829/829 648/648/648 524/524/524
f 634/634/634 646/646/646 644/644/644
f 615/615/615 648/648/648 829/829/829
f 645/645/645 657/657/657 650/650/650
f 645/645/645 647/647/647 657/657/657
f 643/643/643 649/649/649 662/662/662
f 650/650/650 657/657/657 654/654/654
f 634/634/634 651/651/651 646/646/646
f 656/656/656 657/657/657 652/652/652
f 692/692/692 643/643/643 662/662/662
f 603/603/603 651/651/651 634/634/634
f 653/653/653 660/660/660 662/662/662
f 643/643/643 644/644/644 649/649/649
f 647/647/647 652/652/652 657/657/657
f 658/658/658 662/662/662 663/663/663
f 660/660/660 663/663/663 662/662/662
f 670/670/670 654/654/654 657/657/657
f 670/670/670 661/661/661 654/654/654
f 664/664/664 661/661/661 670/670/670
f 665/665/665 601/601/601 607/607/607
f 651/651/651 603/603/603 655/655/655
f 665/665/665 656/656/656 605/605/605
f 665/665/665 657/657/657 656/656/656
f 605/605/605 601/601/601 665/665/665
f 662/662/662 649/649/649 653/653/653
f 670/670/670 672/672/672 668/668/668
f 2638/2638/2638 666/666/666 1017/1017/1017
f 657/657/657 669/669/669 666/666/666
f 668/668/668 659/659/659 670/670/670
f 664/664/664 670/670/670 659/659/659
f 670/670/670 708/708/708 672/672/672
f 673/673/673 708/708/708 670/670/670
f 673/673/673 670/670/670 657/657/657
f 666/666/666 673/673/673 657/657/657
f 1018/1018/1018 666/666/666 2638/2638/2638
f 673/673/673 666/666/666 675/675/675
f 675/675/675 708/708/708 673/673/673
f 1018/1018/1018 675/675/675 666/666/666
f 665/665/665 669/669/669 657/657/657
f 2648/2648/2648 675/675/675 1018/1018/1018
f 723/723/723 639/639/639 680/680/680
f 686/686/686 679/679/679 681/681/681
f 680/680/680 639/639/639 640/640/640
f 678/678/678 723/723/723 680/680/680
f 641/641/641 638/638/638 686/686/686
f 641/641/641 686/686/686 681/681/681
f 642/642/642 686/686/686 638/638/638
f 686/686/686 683/683/683 679/679/679
f 2648/2648/2648 674/674/674 675/675/675
f 723/723/723 678/678/678 682/682/682
f 682/682/682 684/684/684 723/723/723
f 674/674/674 2648/2648/2648 2547/2547/2547
f 685/685/685 683/683/683 686/686/686
f 701/701/701 686/686/686 642/642/642
f 755/755/755 752/752/752 764/764/764
f 688/688/688 690/690/690 691/691/691
f 695/695/695 711/711/711 701/701/701
f 677/677/677 698/698/698 674/674/674
f 693/693/693 697/697/697 711/711/711
f 691/691/691 701/701/701 711/711/711
f 676/676/676 711/711/711 697/697/697
f 698/698/698 694/694/694 674/674/674
f 695/695/695 693/693/693 711/711/711
f 662/662/662 658/658/658 692/692/692
f 701/701/701 642/642/642 692/692/692
f 692/692/692 667/667/667 671/671/671
f 692/692/692 658/658/658 667/667/667
f 702/702/702 701/701/701 704/704/704
f 701/701/701 692/692/692 704/704/704
f 696/696/696 674/674/674 694/694/694
f 708/708/708 703/703/703 700/700/700
f 702/702/702 706/706/706 701/701/701
f 700/700/700 672/672/672 708/708/708
f 705/705/705 700/700/700 703/703/703
f 699/699/699 704/704/704 692/692/692
f 692/692/692 671/671/671 699/699/699
f 708/708/708 707/707/707 703/703/703
f 706/706/706 709/709/709 701/701/701
f 710/710/710 708/708/708 696/696/696
f 695/695/695 701/701/701 709/709/709
f 708/708/708 710/710/710 707/707/707
f 675/675/675 674/674/674 708/708/708
f 696/696/696 708/708/708 674/674/674
f 745/745/745 687/687/687 746/746/746
f 711/711/711 714/714/714 735/735/735
f 712/712/712 724/724/724 715/715/715
f 714/714/714 713/713/713 717/717/717
f 722/722/722 720/720/720 1019/1019/1019
f 1020/1020/1020 2522/2522/2522 715/715/715
f 712/712/712 715/715/715 716/716/716
f 722/722/722 1019/1019/1019 1023/1023/1023
f 1024/1024/1024 721/721/721 1022/1022/1022
f 720/720/720 727/727/727 1019/1019/1019
f 1021/1021/1021 725/725/725 2528/2528/2528
f 1024/1024/1024 713/713/713 721/721/721
f 711/711/711 730/730/730 714/714/714
f 1020/1020/1020 715/715/715 724/724/724
f 725/725/725 713/713/713 1024/1024/1024
f 1024/1024/1024 2528/2528/2528 725/725/725
f 714/714/714 730/730/730 728/728/728
f 2547/2547/2547 1019/1019/1019 729/729/729
f 2547/2547/2547 733/733/733 674/674/674
f 2547/2547/2547 731/731/731 733/733/733
f 674/674/674 733/733/733 677/677/677
f 729/729/729 731/731/731 2547/2547/2547
f 727/727/727 729/729/729 1019/1019/1019
f 714/714/714 728/728/728 726/726/726
f 458/458/458 715/715/715 718/718/718
f 713/713/713 714/714/714 721/721/721
f 721/721/721 714/714/714 719/719/719
f 726/726/726 719/719/719 714/714/714
f 711/711/711 732/732/732 730/730/730
f 736/736/736 716/716/716 738/738/738
f 738/738/738 716/716/716 715/715/715
f 717/717/717 737/737/737 714/714/714
f 458/458/458 738/738/738 715/715/715
f 714/714/714 737/737/737 735/735/735
f 458/458/458 745/745/745 738/738/738
f 718/718/718 1027/1027/1027 1025/1025/1025
f 732/732/732 711/711/711 676/676/676
f 740/740/740 711/711/711 735/735/735
f 1029/1029/1029 718/718/718 715/715/715
f 1027/1027/1027 718/718/718 1029/1029/1029
f 711/711/711 740/740/740 742/742/742
f 744/744/744 711/711/711 742/742/742
f 741/741/741 738/738/738 743/743/743
f 461/461/461 383/383/383 610/610/610
f 749/749/749 723/723/723 748/748/748
f 734/734/734 738/738/738 739/739/739
f 738/738/738 741/741/741 739/739/739
f 745/745/745 458/458/458 460/460/460
f 738/738/738 734/734/734 736/736/736
f 745/745/745 723/723/723 687/687/687
f 745/745/745 743/743/743 738/738/738
f 744/744/744 747/747/747 711/711/711
f 1025/1025/1025 1011/1011/1011 718/718/718
f 711/711/711 747/747/747 691/691/691
f 743/743/743 745/745/745 746/746/746
f 748/748/748 723/723/723 745/745/745
f 747/747/747 688/688/688 691/691/691
f 1029/1029/1029 715/715/715 2522/2522/2522
f 792/792/792 597/597/597 750/750/750
f 753/753/753 358/358/358 754/754/754
f 358/358/358 753/753/753 359/359/359
f 757/757/757 359/359/359 753/753/753
f 402/402/402 359/359/359 757/757/757
f 402/402/402 454/454/454 359/359/359
f 358/358/358 763/763/763 754/754/754
f 989/989/989 953/953/953 987/987/987
f 593/593/593 589/589/589 591/591/591
f 1356/1356/1356 1350/1350/1350 1346/1346/1346
f 750/750/750 755/755/755 1650/1650/1650
f 755/755/755 1654/1654/1654 1649/1649/1649
f 1654/1654/1654 755/755/755 764/764/764
f 758/758/758 581/581/581 757/757/757
f 581/581/581 402/402/402 757/757/757
f 756/756/756 598/598/598 758/758/758
f 598/598/598 756/756/756 597/597/597
f 752/752/752 756/756/756 753/753/753
f 758/758/758 757/757/757 756/756/756
f 757/757/757 753/753/753 756/756/756
f 763/763/763 440/440/440 760/760/760
f 414/414/414 761/761/761 443/443/443
f 414/414/414 443/443/443 759/759/759
f 414/414/414 759/759/759 439/439/439
f 444/444/444 762/762/762 763/763/763
f 763/763/763 358/358/358 440/440/440
f 760/760/760 444/444/444 763/763/763
f 754/754/754 752/752/752 753/753/753
f 1683/1683/1683 764/764/764 425/425/425
f 754/754/754 425/425/425 764/764/764
f 425/425/425 427/427/427 424/424/424
f 425/425/425 763/763/763 766/766/766
f 427/427/427 425/425/425 766/766/766
f 766/766/766 763/763/763 768/768/768
f 761/761/761 414/414/414 767/767/767
f 412/412/412 426/426/426 765/765/765
f 762/762/762 768/768/768 763/763/763
f 754/754/754 763/763/763 425/425/425
f 767/767/767 414/414/414 412/412/412
f 1683/1683/1683 1654/1654/1654 764/764/764
f 425/425/425 769/769/769 1683/1683/1683
f 3717/3717/3717 778/778/778 770/770/770
f 986/986/986 789/789/789 812/812/812
f 999/999/999 812/812/812 775/775/775
f 812/812/812 777/777/777 775/775/775
f 814/814/814 771/771/771 821/821/821
f 789/789/789 781/781/781 802/802/802
f 789/789/789 783/783/783 812/812/812
f 783/783/783 789/789/789 785/785/785
f 802/802/802 795/795/795 787/787/787
f 531/531/531 545/545/545 537/537/537
f 593/593/593 791/791/791 545/545/545
f 4365/4365/4365 791/791/791 593/593/593
f 1354/1354/1354 1356/1356/1356 1353/1353/1353
f 788/788/788 784/784/784 800/800/800
f 786/786/786 794/794/794 814/814/814
f 1354/1354/1354 1353/1353/1353 1390/1390/1390
f 4358/4358/4358 588/588/588 780/780/780
f 801/801/801 785/785/785 789/789/789
f 804/804/804 801/801/801 789/789/789
f 820/820/820 788/788/788 803/803/803
f 803/803/803 805/805/805 820/820/820
f 814/814/814 794/794/794 809/809/809
f 805/805/805 807/807/807 820/820/820
f 789/789/789 806/806/806 804/804/804
f 789/789/789 808/808/808 806/806/806
f 814/814/814 809/809/809 796/796/796
f 795/795/795 802/802/802 810/810/810
f 789/789/789 802/802/802 787/787/787
f 803/803/803 788/788/788 800/800/800
f 797/797/797 810/810/810 802/802/802
f 823/823/823 799/799/799 802/802/802
f 798/798/798 822/822/822 814/814/814
f 814/814/814 796/796/796 798/798/798
f 802/802/802 799/799/799 797/797/797
f 808/808/808 789/789/789 787/787/787
f 820/820/820 807/807/807 786/786/786
f 786/786/786 814/814/814 820/820/820
f 820/820/820 814/814/814 821/821/821
f 776/776/776 788/788/788 813/813/813
f 788/788/788 817/817/817 815/815/815
f 788/788/788 820/820/820 819/819/819
f 813/813/813 774/774/774 776/776/776
f 776/776/776 817/817/817 788/788/788
f 819/819/819 813/813/813 788/788/788
f 812/812/812 818/818/818 777/777/777
f 788/788/788 815/815/815 782/782/782
f 783/783/783 816/816/816 812/812/812
f 784/784/784 788/788/788 782/782/782
f 812/812/812 816/816/816 818/818/818
f 820/820/820 821/821/821 4365/4365/4365
f 545/545/545 791/791/791 771/771/771
f 811/811/811 771/771/771 790/790/790
f 771/771/771 811/811/811 545/545/545
f 791/791/791 821/821/821 771/771/771
f 821/821/821 791/791/791 4365/4365/4365
f 599/599/599 779/779/779 587/587/587
f 986/986/986 781/781/781 789/789/789
f 972/972/972 827/827/827 824/824/824
f 781/781/781 986/986/986 972/972/972
f 781/781/781 824/824/824 825/825/825
f 825/825/825 802/802/802 781/781/781
f 972/972/972 824/824/824 781/781/781
f 827/827/827 828/828/828 898/898/898
f 824/824/824 826/826/826 832/832/832
f 910/910/910 826/826/826 827/827/827
f 824/824/824 827/827/827 826/826/826
f 972/972/972 828/828/828 827/827/827
f 832/832/832 829/829/829 830/830/830
f 825/825/825 830/830/830 846/846/846
f 922/922/922 832/832/832 826/826/826
f 832/832/832 831/831/831 829/829/829
f 830/830/830 825/825/825 832/832/832
f 832/832/832 825/825/825 824/824/824
f 922/922/922 831/831/831 832/832/832
f 830/830/830 829/829/829 524/524/524
f 849/849/849 830/830/830 524/524/524
f 831/831/831 615/615/615 829/829/829
f 835/835/835 840/840/840 833/833/833
f 849/849/849 524/524/524 528/528/528
f 846/846/846 802/802/802 825/825/825
f 842/842/842 836/836/836 790/790/790
f 835/835/835 565/565/565 790/790/790
f 835/835/835 790/790/790 840/840/840
f 838/838/838 847/847/847 790/790/790
f 836/836/836 838/838/838 790/790/790
f 790/790/790 847/847/847 840/840/840
f 837/837/837 849/849/849 839/839/839
f 846/846/846 837/837/837 843/843/843
f 837/837/837 846/846/846 849/849/849
f 846/846/846 843/843/843 845/845/845
f 830/830/830 849/849/849 846/846/846
f 790/790/790 565/565/565 811/811/811
f 842/842/842 790/790/790 844/844/844
f 790/790/790 771/771/771 852/852/852
f 853/853/853 846/846/846 845/845/845
f 852/852/852 844/844/844 790/790/790
f 802/802/802 846/846/846 823/823/823
f 771/771/771 814/814/814 852/852/852
f 841/841/841 848/848/848 849/849/849
f 822/822/822 852/852/852 814/814/814
f 846/846/846 853/853/853 823/823/823
f 839/839/839 849/849/849 848/848/848
f 528/528/528 851/851/851 849/849/849
f 527/527/527 835/835/835 850/850/850
f 849/849/849 851/851/851 855/855/855
f 854/854/854 835/835/835 833/833/833
f 854/854/854 850/850/850 835/835/835
f 849/849/849 834/834/834 841/841/841
f 856/856/856 981/981/981 945/945/945
f 856/856/856 888/888/888 857/857/857
f 872/872/872 856/856/856 857/857/857
f 857/857/857 887/887/887 858/858/858
f 872/872/872 857/857/857 858/858/858
f 861/861/861 898/898/898 859/859/859
f 858/858/858 865/865/865 867/867/867
f 860/860/860 858/858/858 863/863/863
f 864/864/864 859/859/859 898/898/898
f 875/875/875 898/898/898 828/828/828
f 858/858/858 860/860/860 865/865/865
f 898/898/898 875/875/875 864/864/864
f 862/862/862 860/860/860 863/863/863
f 871/871/871 858/858/858 867/867/867
f 864/864/864 875/875/875 866/866/866
f 871/871/871 869/869/869 858/858/858
f 872/872/872 869/869/869 874/874/874
f 872/872/872 981/981/981 856/856/856
f 868/868/868 870/870/870 875/875/875
f 870/870/870 866/866/866 875/875/875
f 872/872/872 858/858/858 869/869/869
f 877/877/877 981/981/981 879/879/879
f 878/878/878 875/875/875 876/876/876
f 875/875/875 878/878/878 873/873/873
f 868/868/868 875/875/875 873/873/873
f 879/879/879 872/872/872 874/874/874
f 975/975/975 981/981/981 877/877/877
f 879/879/879 981/981/981 872/872/872
f 889/889/889 888/888/888 856/856/856
f 885/885/885 880/880/880 882/882/882
f 889/889/889 885/885/885 882/882/882
f 1031/1031/1031 1033/1033/1033 882/882/882
f 882/882/882 880/880/880 1031/1031/1031
f 856/856/856 945/945/945 881/881/881
f 1033/1033/1033 1034/1034/1034 882/882/882
f 882/882/882 1034/1034/1034 889/889/889
f 1032/1032/1032 881/881/881 944/944/944
f 881/881/881 884/884/884 880/880/880
f 885/885/885 856/856/856 881/881/881
f 881/881/881 880/880/880 885/885/885
f 881/881/881 1032/1032/1032 884/884/884
f 889/889/889 856/856/856 885/885/885
f 886/886/886 887/887/887 857/857/857
f 857/857/857 888/888/888 890/890/890
f 2855/2855/2855 886/886/886 2809/2809/2809
f 890/890/890 888/888/888 889/889/889
f 886/886/886 857/857/857 890/890/890
f 2809/2809/2809 886/886/886 890/890/890
f 889/889/889 1034/1034/1034 890/890/890
f 891/891/891 887/887/887 914/914/914
f 891/891/891 914/914/914 913/913/913
f 887/887/887 863/863/863 858/858/858
f 862/862/862 863/863/863 893/893/893
f 861/861/861 892/892/892 898/898/898
f 895/895/895 901/901/901 897/897/897
f 891/891/891 863/863/863 887/887/887
f 922/922/922 899/899/899 894/894/894
f 900/900/900 901/901/901 895/895/895
f 898/898/898 909/909/909 827/827/827
f 891/891/891 901/901/901 902/902/902
f 902/902/902 863/863/863 891/891/891
f 902/902/902 904/904/904 912/912/912
f 900/900/900 904/904/904 902/902/902
f 902/902/902 901/901/901 900/900/900
f 892/892/892 909/909/909 898/898/898
f 906/906/906 908/908/908 902/902/902
f 909/909/909 907/907/907 905/905/905
f 893/893/893 902/902/902 908/908/908
f 902/902/902 912/912/912 906/906/906
f 909/909/909 911/911/911 910/910/910
f 903/903/903 910/910/910 911/911/911
f 909/909/909 892/892/892 907/907/907
f 911/911/911 909/909/909 905/905/905
f 902/902/902 893/893/893 863/863/863
f 899/899/899 922/922/922 910/910/910
f 903/903/903 899/899/899 910/910/910
f 910/910/910 922/922/922 826/826/826
f 827/827/827 909/909/909 910/910/910
f 894/894/894 896/896/896 922/922/922
f 886/886/886 2855/2855/2855 914/914/914
f 887/887/887 886/886/886 914/914/914
f 913/913/913 2855/2855/2855 1035/1035/1035
f 913/913/913 914/914/914 2855/2855/2855
f 369/369/369 913/913/913 1035/1035/1035
f 916/916/916 918/918/918 915/915/915
f 901/901/901 917/917/917 897/897/897
f 916/916/916 922/922/922 896/896/896
f 915/915/915 932/932/932 922/922/922
f 891/891/891 923/923/923 901/901/901
f 919/919/919 923/923/923 921/921/921
f 917/917/917 901/901/901 923/923/923
f 923/923/923 919/919/919 917/917/917
f 915/915/915 918/918/918 920/920/920
f 916/916/916 915/915/915 922/922/922
f 932/932/932 942/942/942 922/922/922
f 924/924/924 932/932/932 915/915/915
f 932/932/932 924/924/924 926/926/926
f 926/926/926 928/928/928 932/932/932
f 923/923/923 929/929/929 927/927/927
f 935/935/935 934/934/934 937/937/937
f 938/938/938 932/932/932 928/928/928
f 935/935/935 923/923/923 943/943/943
f 634/634/634 615/615/615 831/831/831
f 934/934/934 935/935/935 665/665/665
f 930/930/930 942/942/942 932/932/932
f 931/931/931 935/935/935 941/941/941
f 940/940/940 942/942/942 930/930/930
f 939/939/939 929/929/929 935/935/935
f 937/937/937 941/941/941 935/935/935
f 932/932/932 938/938/938 930/930/930
f 929/929/929 923/923/923 935/935/935
f 939/939/939 935/935/935 931/931/931
f 940/940/940 936/936/936 602/602/602
f 602/602/602 942/942/942 940/940/940
f 606/606/606 603/603/603 602/602/602
f 934/934/934 665/665/665 607/607/607
f 634/634/634 831/831/831 942/942/942
f 922/922/922 942/942/942 831/831/831
f 606/606/606 602/602/602 933/933/933
f 936/936/936 933/933/933 602/602/602
f 669/669/669 935/935/935 943/943/943
f 371/371/371 943/943/943 923/923/923
f 935/935/935 669/669/669 665/665/665
f 891/891/891 371/371/371 923/923/923
f 1037/1037/1037 4130/4130/4130 947/947/947
f 947/947/947 4130/4130/4130 944/944/944
f 1032/1032/1032 944/944/944 4130/4130/4130
f 945/945/945 883/883/883 881/881/881
f 952/952/952 953/953/953 958/958/958
f 971/971/971 948/948/948 950/950/950
f 751/751/751 4086/4086/4086 958/958/958
f 954/954/954 978/978/978 956/956/956
f 955/955/955 945/945/945 981/981/981
f 953/953/953 952/952/952 987/987/987
f 957/957/957 945/945/945 955/955/955
f 987/987/987 952/952/952 984/984/984
f 945/945/945 960/960/960 883/883/883
f 968/968/968 960/960/960 945/945/945
f 978/978/978 959/959/959 967/967/967
f 969/969/969 961/961/961 959/959/959
f 953/953/953 4333/4333/4333 4329/4329/4329
f 958/958/958 4086/4086/4086 970/970/970
f 952/952/952 958/958/958 971/971/971
f 971/971/971 958/958/958 970/970/970
f 971/971/971 970/970/970 965/965/965
f 944/944/944 881/881/881 883/883/883
f 952/952/952 969/969/969 978/978/978
f 949/949/949 964/964/964 944/944/944
f 966/966/966 944/944/944 964/964/964
f 945/945/945 957/957/957 968/968/968
f 960/960/960 962/962/962 883/883/883
f 963/963/963 971/971/971 965/965/965
f 949/949/949 944/944/944 883/883/883
f 883/883/883 951/951/951 949/949/949
f 969/969/969 952/952/952 971/971/971
f 971/971/971 950/950/950 969/969/969
f 946/946/946 965/965/965 970/970/970
f 948/948/948 971/971/971 963/963/963
f 944/944/944 966/966/966 947/947/947
f 951/951/951 883/883/883 962/962/962
f 969/969/969 959/959/959 978/978/978
f 1036/1036/1036 946/946/946 970/970/970
f 961/961/961 969/969/969 950/950/950
f 967/967/967 956/956/956 978/978/978
f 972/972/972 990/990/990 973/973/973
f 875/875/875 828/828/828 973/973/973
f 828/828/828 972/972/972 973/973/973
f 980/980/980 955/955/955 981/981/981
f 974/974/974 875/875/875 985/985/985
f 991/991/991 987/987/987 990/990/990
f 980/980/980 981/981/981 983/983/983
f 985/985/985 982/982/982 976/976/976
f 978/978/978 954/954/954 979/979/979
f 974/974/974 985/985/985 976/976/976
f 982/982/982 978/978/978 979/979/979
f 973/973/973 990/990/990 987/987/987
f 982/982/982 985/985/985 978/978/978
f 983/983/983 981/981/981 977/977/977
f 984/984/984 973/973/973 987/987/987
f 985/985/985 973/973/973 984/984/984
f 984/984/984 952/952/952 978/978/978
f 984/984/984 978/978/978 985/985/985
f 974/974/974 876/876/876 875/875/875
f 973/973/973 985/985/985 875/875/875
f 977/977/977 981/981/981 975/975/975
f 4331/4331/4331 986/986/986 999/999/999
f 989/989/989 987/987/987 991/991/991
f 991/991/991 988/988/988 989/989/989
f 991/991/991 990/990/990 988/988/988
f 999/999/999 986/986/986 812/812/812
f 986/986/986 990/990/990 972/972/972
f 988/988/988 990/990/990 986/986/986
f 3717/3717/3717 770/770/770 1040/1040/1040
f 998/998/998 3713/3713/3713 996/996/996
f 992/992/992 998/998/998 994/994/994
f 3961/3961/3961 1000/1000/1000 813/813/813
f 1000/1000/1000 1002/1002/1002 813/813/813
f 1158/1158/1158 1043/1043/1043 1044/1044/1044
f 1138/1138/1138 1600/1600/1600 1927/1927/1927
f 1145/1145/1145 1049/1049/1049 1051/1051/1051
f 1053/1053/1053 1600/1600/1600 1138/1138/1138
f 1043/1043/1043 1051/1051/1051 1047/1047/1047
f 1046/1046/1046 1048/1048/1048 1052/1052/1052
f 1050/1050/1050 1046/1046/1046 1052/1052/1052
f 1043/1043/1043 1145/1145/1145 1051/1051/1051
f 1054/1054/1054 1056/1056/1056 1130/1130/1130
f 1046/1046/1046 1057/1057/1057 1055/1055/1055
f 1046/1046/1046 1154/1154/1154 1057/1057/1057
f 1570/1570/1570 1130/1130/1130 1056/1056/1056
f 1048/1048/1048 1046/1046/1046 1061/1061/1061
f 1047/1047/1047 1060/1060/1060 1043/1043/1043
f 1118/1118/1118 1061/1061/1061 1046/1046/1046
f 1085/1085/1085 1075/1075/1075 1066/1066/1066
f 1081/1081/1081 1070/1070/1070 1118/1118/1118
f 1070/1070/1070 1064/1064/1064 1068/1068/1068
f 1118/1118/1118 1070/1070/1070 1068/1068/1068
f 1043/1043/1043 1071/1071/1071 1067/1067/1067
f 1071/1071/1071 1043/1043/1043 1060/1060/1060
f 1081/1081/1081 1144/1144/1144 1070/1070/1070
f 1081/1081/1081 1074/1074/1074 1091/1091/1091
f 1089/1089/1089 1144/1144/1144 1075/1075/1075
f 1088/1088/1088 1078/1078/1078 1082/1082/1082
f 1081/1081/1081 1118/1118/1118 1074/1074/1074
f 1061/1061/1061 1118/1118/1118 1072/1072/1072
f 1118/1118/1118 1068/1068/1068 1072/1072/1072
f 1144/1144/1144 1081/1081/1081 1075/1075/1075
f 1122/1122/1122 1081/1081/1081 1080/1080/1080
f 1087/1087/1087 1075/1075/1075 1083/1083/1083
f 1122/1122/1122 1075/1075/1075 1081/1081/1081
f 1078/1078/1078 1086/1086/1086 1082/1082/1082
f 1075/1075/1075 1122/1122/1122 1066/1066/1066
f 1083/1083/1083 1075/1075/1075 1085/1085/1085
f 1084/1084/1084 1088/1088/1088 1082/1082/1082
f 1092/1092/1092 1089/1089/1089 1095/1095/1095
f 1094/1094/1094 1095/1095/1095 1097/1097/1097
f 1099/1099/1099 1089/1089/1089 1075/1075/1075
f 1099/1099/1099 1095/1095/1095 1089/1089/1089
f 1095/1095/1095 1077/1077/1077 1092/1092/1092
f 1106/1106/1106 1092/1092/1092 1077/1077/1077
f 1097/1097/1097 1095/1095/1095 1099/1099/1099
f 1102/1102/1102 1076/1076/1076 1100/1100/1100
f 1095/1095/1095 1094/1094/1094 1101/1101/1101
f 1095/1095/1095 1101/1101/1101 1077/1077/1077
f 1075/1075/1075 1087/1087/1087 1104/1104/1104
f 1103/1103/1103 1078/1078/1078 1098/1098/1098
f 1100/1100/1100 1093/1093/1093 1102/1102/1102
f 1098/1098/1098 1078/1078/1078 1096/1096/1096
f 1104/1104/1104 1099/1099/1099 1075/1075/1075
f 1103/1103/1103 1086/1086/1086 1078/1078/1078
f 1096/1096/1096 1102/1102/1102 1093/1093/1093
f 1102/1102/1102 1137/1137/1137 1115/1115/1115
f 1078/1078/1078 1102/1102/1102 1096/1096/1096
f 1108/1108/1108 1092/1092/1092 1106/1106/1106
f 1102/1102/1102 1078/1078/1078 1137/1137/1137
f 1110/1110/1110 1092/1092/1092 1108/1108/1108
f 1102/1102/1102 1105/1105/1105 1076/1076/1076
f 1105/1105/1105 1102/1102/1102 1107/1107/1107
f 1130/1130/1130 1111/1111/1111 1113/1113/1113
f 1118/1118/1118 1120/1120/1120 1124/1124/1124
f 1123/1123/1123 1119/1119/1119 1127/1127/1127
f 1074/1074/1074 1118/1118/1118 1124/1124/1124
f 1046/1046/1046 1129/1129/1129 1118/1118/1118
f 1127/1127/1127 1090/1090/1090 1073/1073/1073
f 1127/1127/1127 1073/1073/1073 1123/1123/1123
f 1125/1125/1125 1090/1090/1090 1127/1127/1127
f 1113/1113/1113 1128/1128/1128 1130/1130/1130
f 1118/1118/1118 1129/1129/1129 1112/1112/1112
f 1055/1055/1055 1129/1129/1129 1046/1046/1046
f 1129/1129/1129 1114/1114/1114 1112/1112/1112
f 1091/1091/1091 1126/1126/1126 1081/1081/1081
f 1120/1120/1120 1118/1118/1118 1134/1134/1134
f 1118/1118/1118 1112/1112/1112 1117/1117/1117
f 1128/1128/1128 1054/1054/1054 1130/1130/1130
f 1133/1133/1133 1130/1130/1130 1136/1136/1136
f 1111/1111/1111 1130/1130/1130 1116/1116/1116
f 1130/1130/1130 1131/1131/1131 1116/1116/1116
f 1134/1134/1134 1118/1118/1118 1132/1132/1132
f 1119/1119/1119 1133/1133/1133 1127/1127/1127
f 1118/1118/1118 1117/1117/1117 1132/1132/1132
f 1131/1131/1131 1130/1130/1130 1133/1133/1133
f 1133/1133/1133 1136/1136/1136 1127/1127/1127
f 1080/1080/1080 1081/1081/1081 1126/1126/1126
f 1135/1135/1135 1130/1130/1130 1606/1606/1606
f 1121/1121/1121 1079/1079/1079 1127/1127/1127
f 1079/1079/1079 1125/1125/1125 1127/1127/1127
f 1065/1065/1065 1121/1121/1121 1127/1127/1127
f 1084/1084/1084 1065/1065/1065 1088/1088/1088
f 1065/1065/1065 1127/1127/1127 1088/1088/1088
f 1088/1088/1088 1137/1137/1137 1078/1078/1078
f 1088/1088/1088 1136/1136/1136 1137/1137/1137
f 1088/1088/1088 1127/1127/1127 1136/1136/1136
f 1136/1136/1136 1135/1135/1135 1137/1137/1137
f 1136/1136/1136 1130/1130/1130 1135/1135/1135
f 1137/1137/1137 1135/1135/1135 1053/1053/1053
f 1138/1138/1138 1115/1115/1115 1137/1137/1137
f 1138/1138/1138 1137/1137/1137 1053/1053/1053
f 1138/1138/1138 1925/1925/1925 1115/1115/1115
f 1144/1144/1144 1139/1139/1139 1141/1141/1141
f 1143/1143/1143 1144/1144/1144 1141/1141/1141
f 1043/1043/1043 1067/1067/1067 1062/1062/1062
f 1226/1226/1226 1157/1157/1157 1219/1219/1219
f 1172/1172/1172 1165/1165/1165 1163/1163/1163
f 1165/1165/1165 1164/1164/1164 1163/1163/1163
f 1164/1164/1164 1162/1162/1162 1163/1163/1163
f 1145/1145/1145 1148/1148/1148 1152/1152/1152
f 1150/1150/1150 1157/1157/1157 1158/1158/1158
f 3874/3874/3874 1159/1159/1159 1240/1240/1240
f 1154/1154/1154 1153/1153/1153 1149/1149/1149
f 1172/1172/1172 1157/1157/1157 1226/1226/1226
f 1146/1146/1146 1148/1148/1148 1145/1145/1145
f 1145/1145/1145 1152/1152/1152 1155/1155/1155
f 1171/1171/1171 1157/1157/1157 1172/1172/1172
f 1240/1240/1240 1159/1159/1159 1164/1164/1164
f 1145/1145/1145 1160/1160/1160 1049/1049/1049
f 1157/1157/1157 1145/1145/1145 1158/1158/1158
f 1145/1145/1145 1043/1043/1043 1158/1158/1158
f 1046/1046/1046 1161/1161/1161 1156/1156/1156
f 1160/1160/1160 1145/1145/1145 1155/1155/1155
f 1050/1050/1050 1161/1161/1161 1046/1046/1046
f 1156/1156/1156 1153/1153/1153 1154/1154/1154
f 1154/1154/1154 1046/1046/1046 1156/1156/1156
f 1172/1172/1172 1226/1226/1226 1165/1165/1165
f 1162/1162/1162 1164/1164/1164 1159/1159/1159
f 1171/1171/1171 1173/1173/1173 1166/1166/1166
f 1168/1168/1168 1170/1170/1170 1154/1154/1154
f 1154/1154/1154 1170/1170/1170 1057/1057/1057
f 1056/1056/1056 1169/1169/1169 1570/1570/1570
f 1570/1570/1570 1169/1169/1169 1167/1167/1167
f 1149/1149/1149 1147/1147/1147 1154/1154/1154
f 1171/1171/1171 1533/1533/1533 1145/1145/1145
f 1171/1171/1171 1145/1145/1145 1157/1157/1157
f 1172/1172/1172 1173/1173/1173 1171/1171/1171
f 1166/1166/1166 1533/1533/1533 1171/1171/1171
f 1166/1166/1166 1173/1173/1173 3351/3351/3351
f 1173/1173/1173 1163/1163/1163 3351/3351/3351
f 1173/1173/1173 1172/1172/1172 1163/1163/1163
f 2032/2032/2032 4376/4376/4376 1163/1163/1163
f 1162/1162/1162 2032/2032/2032 1163/1163/1163
f 1162/1162/1162 1159/1159/1159 2032/2032/2032
f 1191/1191/1191 1199/1199/1199 1319/1319/1319
f 3704/3704/3704 2033/2033/2033 1316/1316/1316
f 1218/1218/1218 1183/1183/1183 1180/1180/1180
f 1182/1182/1182 2034/2034/2034 2036/2036/2036
f 3872/3872/3872 1181/1181/1181 2035/2035/2035
f 3872/3872/3872 1174/1174/1174 1181/1181/1181
f 1183/1183/1183 1198/1198/1198 1180/1180/1180
f 1199/1199/1199 1191/1191/1191 1183/1183/1183
f 1186/1186/1186 1184/1184/1184 1174/1174/1174
f 1190/1190/1190 1186/1186/1186 1174/1174/1174
f 1185/1185/1185 1187/1187/1187 1192/1192/1192
f 1181/1181/1181 1174/1174/1174 1184/1184/1184
f 1192/1192/1192 1189/1189/1189 1191/1191/1191
f 1192/1192/1192 1187/1187/1187 1178/1178/1178
f 1190/1190/1190 1177/1177/1177 1186/1186/1186
f 1192/1192/1192 1178/1178/1178 1176/1176/1176
f 1190/1190/1190 1175/1175/1175 1177/1177/1177
f 1176/1176/1176 1189/1189/1189 1192/1192/1192
f 1175/1175/1175 1190/1190/1190 1188/1188/1188
f 1190/1190/1190 1164/1164/1164 1197/1197/1197
f 1189/1189/1189 1194/1194/1194 1191/1191/1191
f 1195/1195/1195 1190/1190/1190 1207/1207/1207
f 1196/1196/1196 1191/1191/1191 1194/1194/1194
f 1193/1193/1193 1188/1188/1188 1190/1190/1190
f 1193/1193/1193 1190/1190/1190 1195/1195/1195
f 1174/1174/1174 1240/1240/1240 1190/1190/1190
f 1191/1191/1191 1196/1196/1196 1183/1183/1183
f 1202/1202/1202 1157/1157/1157 1150/1150/1150
f 1204/1204/1204 1150/1150/1150 1158/1158/1158
f 1196/1196/1196 1208/1208/1208 1183/1183/1183
f 1183/1183/1183 1208/1208/1208 1214/1214/1214
f 1198/1198/1198 1183/1183/1183 1214/1214/1214
f 1206/1206/1206 1201/1201/1201 1280/1280/1280
f 1206/1206/1206 1205/1205/1205 1201/1201/1201
f 1219/1219/1219 1202/1202/1202 1209/1209/1209
f 1203/1203/1203 1206/1206/1206 1210/1210/1210
f 1205/1205/1205 1206/1206/1206 1151/1151/1151
f 1206/1206/1206 1203/1203/1203 1151/1151/1151
f 1206/1206/1206 1211/1211/1211 1212/1212/1212
f 1200/1200/1200 1204/1204/1204 1158/1158/1158
f 1180/1180/1180 1216/1216/1216 1218/1218/1218
f 1213/1213/1213 1207/1207/1207 1190/1190/1190
f 1157/1157/1157 1202/1202/1202 1219/1219/1219
f 1213/1213/1213 1190/1190/1190 1197/1197/1197
f 1199/1199/1199 1218/1218/1218 1221/1221/1221
f 1217/1217/1217 1165/1165/1165 1220/1220/1220
f 1225/1225/1225 1210/1210/1210 1206/1206/1206
f 1224/1224/1224 1219/1219/1219 1209/1209/1209
f 1221/1221/1221 1223/1223/1223 1199/1199/1199
f 1183/1183/1183 1218/1218/1218 1199/1199/1199
f 1219/1219/1219 1224/1224/1224 1227/1227/1227
f 1227/1227/1227 1229/1229/1229 1219/1219/1219
f 1231/1231/1231 1233/1233/1233 1226/1226/1226
f 1225/1225/1225 1212/1212/1212 1228/1228/1228
f 1226/1226/1226 1235/1235/1235 1222/1222/1222
f 1242/1242/1242 1234/1234/1234 1232/1232/1232
f 1235/1235/1235 1226/1226/1226 1233/1233/1233
f 1236/1236/1236 1199/1199/1199 1223/1223/1223
f 1230/1230/1230 1212/1212/1212 1232/1232/1232
f 1242/1242/1242 1232/1232/1232 1212/1212/1212
f 1212/1212/1212 1230/1230/1230 1228/1228/1228
f 1229/1229/1229 1231/1231/1231 1226/1226/1226
f 1219/1219/1219 1229/1229/1229 1226/1226/1226
f 1234/1234/1234 1242/1242/1242 1236/1236/1236
f 1316/1316/1316 1241/1241/1241 1238/1238/1238
f 1212/1212/1212 1225/1225/1225 1206/1206/1206
f 1241/1241/1241 2033/2033/2033 2034/2034/2034
f 2033/2033/2033 1241/1241/1241 1316/1316/1316
f 1241/1241/1241 2034/2034/2034 1192/1192/1192
f 1239/1239/1239 1242/1242/1242 1212/1212/1212
f 1238/1238/1238 1191/1191/1191 1320/1320/1320
f 1241/1241/1241 1191/1191/1191 1238/1238/1238
f 1320/1320/1320 1191/1191/1191 1319/1319/1319
f 1164/1164/1164 1165/1165/1165 1215/1215/1215
f 1197/1197/1197 1164/1164/1164 1179/1179/1179
f 2034/2034/2034 1182/1182/1182 1185/1185/1185
f 1179/1179/1179 1164/1164/1164 1215/1215/1215
f 1319/1319/1319 1239/1239/1239 1237/1237/1237
f 1239/1239/1239 1211/1211/1211 1237/1237/1237
f 1190/1190/1190 1240/1240/1240 1164/1164/1164
f 1222/1222/1222 1165/1165/1165 1226/1226/1226
f 1222/1222/1222 1220/1220/1220 1165/1165/1165
f 1165/1165/1165 1217/1217/1217 1215/1215/1215
f 1321/1321/1321 1319/1319/1319 1237/1237/1237
f 1211/1211/1211 1239/1239/1239 1212/1212/1212
f 1192/1192/1192 1191/1191/1191 1241/1241/1241
f 2034/2034/2034 1185/1185/1185 1192/1192/1192
f 1242/1242/1242 1239/1239/1239 1319/1319/1319
f 1236/1236/1236 1242/1242/1242 1199/1199/1199
f 1319/1319/1319 1199/1199/1199 1242/1242/1242
f 1273/1273/1273 1293/1293/1293 1243/1243/1243
f 1336/1336/1336 1245/1245/1245 1246/1246/1246
f 1262/1262/1262 1267/1267/1267 1246/1246/1246
f 1293/1293/1293 1244/1244/1244 1264/1264/1264
f 1262/1262/1262 1246/1246/1246 1263/1263/1263
f 1264/1264/1264 1247/1247/1247 1292/1292/1292
f 1263/1263/1263 1309/1309/1309 1277/1277/1277
f 1264/1264/1264 1249/1249/1249 1251/1251/1251
f 1255/1255/1255 1264/1264/1264 1257/1257/1257
f 1249/1249/1249 1264/1264/1264 1255/1255/1255
f 1246/1246/1246 1267/1267/1267 1406/1406/1406
f 1264/1264/1264 1251/1251/1251 1247/1247/1247
f 1139/1139/1139 1252/1252/1252 1250/1250/1250
f 1248/1248/1248 1252/1252/1252 1139/1139/1139
f 1260/1260/1260 1248/1248/1248 1261/1261/1261
f 1248/1248/1248 1139/1139/1139 1261/1261/1261
f 1262/1262/1262 1293/1293/1293 1267/1267/1267
f 1244/1244/1244 1293/1293/1293 1273/1273/1273
f 1256/1256/1256 1139/1139/1139 1250/1250/1250
f 1139/1139/1139 1144/1144/1144 1089/1089/1089
f 1256/1256/1256 1258/1258/1258 1139/1139/1139
f 1281/1281/1281 1265/1265/1265 1244/1244/1244
f 1270/1270/1270 1069/1069/1069 1281/1281/1281
f 1281/1281/1281 1069/1069/1069 1142/1142/1142
f 1265/1265/1265 1264/1264/1264 1244/1244/1244
f 1070/1070/1070 1144/1144/1144 1143/1143/1143
f 1266/1266/1266 1276/1276/1276 1139/1139/1139
f 1266/1266/1266 1139/1139/1139 1258/1258/1258
f 1265/1265/1265 1257/1257/1257 1264/1264/1264
f 1281/1281/1281 1275/1275/1275 1265/1265/1265
f 1062/1062/1062 1268/1268/1268 1043/1043/1043
f 1273/1273/1273 1270/1270/1270 1244/1244/1244
f 1059/1059/1059 1269/1269/1269 1270/1270/1270
f 1270/1270/1270 1063/1063/1063 1069/1069/1069
f 1059/1059/1059 1270/1270/1270 1272/1272/1272
f 1043/1043/1043 1058/1058/1058 1271/1271/1271
f 1268/1268/1268 1058/1058/1058 1043/1043/1043
f 1211/1211/1211 1274/1274/1274 1273/1273/1273
f 1270/1270/1270 1269/1269/1269 1063/1063/1063
f 1281/1281/1281 1140/1140/1140 1275/1275/1275
f 1263/1263/1263 1277/1277/1277 1243/1243/1243
f 1305/1305/1305 1211/1211/1211 1278/1278/1278
f 1273/1273/1273 1274/1274/1274 1270/1270/1270
f 1292/1292/1292 1267/1267/1267 1293/1293/1293
f 1279/1279/1279 1158/1158/1158 1044/1044/1044
f 1280/1280/1280 1045/1045/1045 1274/1274/1274
f 1277/1277/1277 1305/1305/1305 1278/1278/1278
f 1281/1281/1281 1244/1244/1244 1270/1270/1270
f 1273/1273/1273 1243/1243/1243 1277/1277/1277
f 1158/1158/1158 1279/1279/1279 1200/1200/1200
f 1271/1271/1271 1044/1044/1044 1043/1043/1043
f 1280/1280/1280 1274/1274/1274 1206/1206/1206
f 1274/1274/1274 1211/1211/1211 1206/1206/1206
f 1278/1278/1278 1273/1273/1273 1277/1277/1277
f 1272/1272/1272 1270/1270/1270 1274/1274/1274
f 1286/1286/1286 2028/2028/2028 1261/1261/1261
f 1261/1261/1261 2028/2028/2028 1283/1283/1283
f 1261/1261/1261 1283/1283/1283 1285/1285/1285
f 1262/1262/1262 1243/1243/1243 1293/1293/1293
f 1045/1045/1045 1272/1272/1272 1274/1274/1274
f 1263/1263/1263 1243/1243/1243 1262/1262/1262
f 1211/1211/1211 1273/1273/1273 1278/1278/1278
f 1288/1288/1288 1260/1260/1260 1261/1261/1261
f 1292/1292/1292 1287/1287/1287 1253/1253/1253
f 1286/1286/1286 1261/1261/1261 1089/1089/1089
f 1289/1289/1289 1284/1284/1284 1282/1282/1282
f 1247/1247/1247 1259/1259/1259 1292/1292/1292
f 1259/1259/1259 1287/1287/1287 1292/1292/1292
f 1261/1261/1261 1254/1254/1254 1288/1288/1288
f 1290/1290/1290 1284/1284/1284 1289/1289/1289
f 1291/1291/1291 1261/1261/1261 1285/1285/1285
f 1290/1290/1290 1289/1289/1289 1292/1292/1292
f 1292/1292/1292 1289/1289/1289 1347/1347/1347
f 1267/1267/1267 1292/1292/1292 1347/1347/1347
f 1293/1293/1293 1264/1264/1264 1292/1292/1292
f 1286/1286/1286 1089/1089/1089 1092/1092/1092
f 1254/1254/1254 1261/1261/1261 1295/1295/1295
f 1253/1253/1253 1294/1294/1294 1292/1292/1292
f 1290/1290/1290 1292/1292/1292 1294/1294/1294
f 1282/1282/1282 2027/2027/2027 1289/1289/1289
f 1281/1281/1281 1142/1142/1142 1140/1140/1140
f 1276/1276/1276 1141/1141/1141 1139/1139/1139
f 1261/1261/1261 1291/1291/1291 1295/1295/1295
f 1089/1089/1089 1261/1261/1261 1139/1139/1139
f 1313/1313/1313 1297/1297/1297 1301/1301/1301
f 2206/2206/2206 1313/1313/1313 1301/1301/1301
f 1298/1298/1298 1296/1296/1296 1299/1299/1299
f 1296/1296/1296 1300/1300/1300 1306/1306/1306
f 2037/2037/2037 1303/1303/1303 2071/2071/2071
f 1303/1303/1303 2037/2037/2037 1301/1301/1301
f 1303/1303/1303 1301/1301/1301 1297/1297/1297
f 1307/1307/1307 2071/2071/2071 1304/1304/1304
f 2071/2071/2071 1307/1307/1307 2070/2070/2070
f 2070/2070/2070 1307/1307/1307 1325/1325/1325
f 1307/1307/1307 1245/1245/1245 1336/1336/1336
f 1298/1298/1298 1302/1302/1302 1297/1297/1297
f 1237/1237/1237 1305/1305/1305 1300/1300/1300
f 1302/1302/1302 1304/1304/1304 1303/1303/1303
f 1303/1303/1303 1297/1297/1297 1302/1302/1302
f 1298/1298/1298 1299/1299/1299 1302/1302/1302
f 1303/1303/1303 1304/1304/1304 2071/2071/2071
f 1305/1305/1305 1277/1277/1277 1309/1309/1309
f 1307/1307/1307 1304/1304/1304 1308/1308/1308
f 1299/1299/1299 1310/1310/1310 1302/1302/1302
f 1245/1245/1245 1308/1308/1308 1246/1246/1246
f 1300/1300/1300 1305/1305/1305 1306/1306/1306
f 1304/1304/1304 1302/1302/1302 1310/1310/1310
f 1307/1307/1307 1308/1308/1308 1245/1245/1245
f 1263/1263/1263 1310/1310/1310 1309/1309/1309
f 1306/1306/1306 1305/1305/1305 1309/1309/1309
f 1310/1310/1310 1306/1306/1306 1309/1309/1309
f 1299/1299/1299 1306/1306/1306 1310/1310/1310
f 1308/1308/1308 1263/1263/1263 1246/1246/1246
f 1299/1299/1299 1296/1296/1296 1306/1306/1306
f 1310/1310/1310 1308/1308/1308 1304/1304/1304
f 1310/1310/1310 1263/1263/1263 1308/1308/1308
f 1305/1305/1305 1237/1237/1237 1211/1211/1211
f 3668/3668/3668 3728/3728/3728 1311/1311/1311
f 1296/1296/1296 1298/1298/1298 1322/1322/1322
f 3728/3728/3728 3727/3727/3727 2038/2038/2038
f 3668/3668/3668 1311/1311/1311 3719/3719/3719
f 1311/1311/1311 2114/2114/2114 3719/3719/3719
f 2114/2114/2114 1311/1311/1311 2163/2163/2163
f 2154/2154/2154 2163/2163/2163 1312/1312/1312
f 2163/2163/2163 1311/1311/1311 1315/1315/1315
f 2163/2163/2163 1315/1315/1315 1312/1312/1312
f 1311/1311/1311 1324/1324/1324 1315/1315/1315
f 2150/2150/2150 1312/1312/1312 1313/1313/1313
f 1314/1314/1314 1313/1313/1313 1312/1312/1312
f 1238/1238/1238 1318/1318/1318 1316/1316/1316
f 1314/1314/1314 1322/1322/1322 1298/1298/1298
f 1312/1312/1312 1315/1315/1315 1314/1314/1314
f 1323/1323/1323 1322/1322/1322 1315/1315/1315
f 2038/2038/2038 1317/1317/1317 1324/1324/1324
f 1314/1314/1314 1297/1297/1297 1313/1313/1313
f 2038/2038/2038 1311/1311/1311 3728/3728/3728
f 2038/2038/2038 1324/1324/1324 1311/1311/1311
f 1324/1324/1324 1317/1317/1317 1315/1315/1315
f 1300/1300/1300 1321/1321/1321 1237/1237/1237
f 1321/1321/1321 1320/1320/1320 1319/1319/1319
f 1320/1320/1320 1321/1321/1321 1323/1323/1323
f 1316/1316/1316 2038/2038/2038 3704/3704/3704
f 1296/1296/1296 1321/1321/1321 1300/1300/1300
f 1296/1296/1296 1322/1322/1322 1321/1321/1321
f 1322/1322/1322 1323/1323/1323 1321/1321/1321
f 1315/1315/1315 1322/1322/1322 1314/1314/1314
f 1316/1316/1316 1318/1318/1318 2038/2038/2038
f 2038/2038/2038 1318/1318/1318 1317/1317/1317
f 1320/1320/1320 1323/1323/1323 1318/1318/1318
f 1320/1320/1320 1318/1318/1318 1238/1238/1238
f 1317/1317/1317 1323/1323/1323 1315/1315/1315
f 1317/1317/1317 1318/1318/1318 1323/1323/1323
f 1298/1298/1298 1297/1297/1297 1314/1314/1314
f 1338/1338/1338 2408/2408/2408 1325/1325/1325
f 1307/1307/1307 1336/1336/1336 1325/1325/1325
f 1345/1345/1345 1331/1331/1331 1333/1333/1333
f 1328/1328/1328 1109/1109/1109 1102/1102/1102
f 1328/1328/1328 1350/1350/1350 1326/1326/1326
f 1345/1345/1345 1335/1335/1335 1331/1331/1331
f 1338/1338/1338 2407/2407/2407 2408/2408/2408
f 1325/1325/1325 1336/1336/1336 1338/1338/1338
f 1338/1338/1338 1337/1337/1337 2407/2407/2407
f 1338/1338/1338 1336/1336/1336 1349/1349/1349
f 1349/1349/1349 1342/1342/1342 1338/1338/1338
f 1337/1337/1337 2410/2410/2410 2407/2407/2407
f 1330/1330/1330 1334/1334/1334 1350/1350/1350
f 1326/1326/1326 1350/1350/1350 1334/1334/1334
f 1342/1342/1342 1344/1344/1344 1337/1337/1337
f 1109/1109/1109 1107/1107/1107 1102/1102/1102
f 1338/1338/1338 1342/1342/1342 1337/1337/1337
f 1329/1329/1329 1345/1345/1345 1110/1110/1110
f 2039/2039/2039 2232/2232/2232 2410/2410/2410
f 1344/1344/1344 2039/2039/2039 2410/2410/2410
f 1344/1344/1344 2410/2410/2410 1337/1337/1337
f 1344/1344/1344 1339/1339/1339 2039/2039/2039
f 1328/1328/1328 1102/1102/1102 1350/1350/1350
f 1864/1864/1864 2220/2220/2220 1341/1341/1341
f 1341/1341/1341 2220/2220/2220 2039/2039/2039
f 2039/2039/2039 1339/1339/1339 1341/1341/1341
f 1864/1864/1864 1341/1341/1341 1865/1865/1865
f 1341/1341/1341 1339/1339/1339 1368/1368/1368
f 1343/1343/1343 1342/1342/1342 1349/1349/1349
f 1342/1342/1342 1343/1343/1343 1344/1344/1344
f 1115/1115/1115 1346/1346/1346 1102/1102/1102
f 1350/1350/1350 1102/1102/1102 1346/1346/1346
f 1351/1351/1351 1751/1751/1751 1373/1373/1373
f 1092/1092/1092 1110/1110/1110 1345/1345/1345
f 1329/1329/1329 1327/1327/1327 1345/1345/1345
f 1327/1327/1327 1335/1335/1335 1345/1345/1345
f 1344/1344/1344 1343/1343/1343 1339/1339/1339
f 1345/1345/1345 1286/1286/1286 1092/1092/1092
f 1345/1345/1345 2006/2006/2006 1286/1286/1286
f 1346/1346/1346 1352/1352/1352 1356/1356/1356
f 1348/1348/1348 1267/1267/1267 1347/1347/1347
f 1351/1351/1351 1353/1353/1353 1352/1352/1352
f 1356/1356/1356 1352/1352/1352 1353/1353/1353
f 1976/1976/1976 1985/1985/1985 1972/1972/1972
f 1986/1986/1986 1976/1976/1976 1972/1972/1972
f 4353/4353/4353 4367/4367/4367 4366/4366/4366
f 1650/1650/1650 1340/1340/1340 792/792/792
f 1975/1975/1975 1978/1978/1978 1565/1565/1565
f 1985/1985/1985 1617/1617/1617 1972/1972/1972
f 1650/1650/1650 1971/1971/1971 1340/1340/1340
f 1350/1350/1350 1357/1357/1357 1359/1359/1359
f 1330/1330/1330 1350/1350/1350 1332/1332/1332
f 1364/1364/1364 1405/1405/1405 1362/1362/1362
f 1357/1357/1357 1350/1350/1350 1356/1356/1356
f 1356/1356/1356 1363/1363/1363 1361/1361/1361
f 1356/1356/1356 1361/1361/1361 1357/1357/1357
f 1345/1345/1345 1333/1333/1333 1367/1367/1367
f 1350/1350/1350 1359/1359/1359 1332/1332/1332
f 1366/1366/1366 1355/1355/1355 1405/1405/1405
f 1358/1358/1358 1362/1362/1362 1367/1367/1367
f 1358/1358/1358 1367/1367/1367 1360/1360/1360
f 1367/1367/1367 1362/1362/1362 1405/1405/1405
f 1333/1333/1333 1360/1360/1360 1367/1367/1367
f 1343/1343/1343 1404/1404/1404 1339/1339/1339
f 1865/1865/1865 1341/1341/1341 1867/1867/1867
f 1366/1366/1366 1405/1405/1405 1364/1364/1364
f 1354/1354/1354 1365/1365/1365 1356/1356/1356
f 1356/1356/1356 1365/1365/1365 1363/1363/1363
f 1343/1343/1343 1349/1349/1349 1407/1407/1407
f 1368/1368/1368 1867/1867/1867 1341/1341/1341
f 1368/1368/1368 1408/1408/1408 1867/1867/1867
f 1353/1353/1353 1351/1351/1351 1373/1373/1373
f 1339/1339/1339 1408/1408/1408 1368/1368/1368
f 1751/1751/1751 1371/1371/1371 1369/1369/1369
f 1408/1408/1408 1339/1339/1339 1404/1404/1404
f 1377/1377/1377 1370/1370/1370 1720/1720/1720
f 1372/1372/1372 1720/1720/1720 1370/1370/1370
f 1374/1374/1374 1378/1378/1378 1373/1373/1373
f 1376/1376/1376 1373/1373/1373 1369/1369/1369
f 1373/1373/1373 1376/1376/1376 1382/1382/1382
f 1751/1751/1751 1369/1369/1369 1373/1373/1373
f 1385/1385/1385 1383/1383/1383 1386/1386/1386
f 1380/1380/1380 1373/1373/1373 1384/1384/1384
f 1375/1375/1375 1381/1381/1381 1386/1386/1386
f 1377/1377/1377 1720/1720/1720 1383/1383/1383
f 1381/1381/1381 1385/1385/1385 1386/1386/1386
f 1383/1383/1383 1720/1720/1720 1386/1386/1386
f 1373/1373/1373 1382/1382/1382 1384/1384/1384
f 1375/1375/1375 1386/1386/1386 1379/1379/1379
f 1373/1373/1373 1380/1380/1380 1374/1374/1374
f 1389/1389/1389 1386/1386/1386 1393/1393/1393
f 1391/1391/1391 1405/1405/1405 1355/1355/1355
f 1402/1402/1402 1405/1405/1405 1391/1391/1391
f 1378/1378/1378 1394/1394/1394 1373/1373/1373
f 1388/1388/1388 1392/1392/1392 1353/1353/1353
f 1386/1386/1386 1395/1395/1395 1379/1379/1379
f 1396/1396/1396 1398/1398/1398 1353/1353/1353
f 1394/1394/1394 1353/1353/1353 1373/1373/1373
f 1388/1388/1388 1353/1353/1353 1394/1394/1394
f 1403/1403/1403 1386/1386/1386 2022/2022/2022
f 1402/1402/1402 1391/1391/1391 1403/1403/1403
f 1396/1396/1396 1353/1353/1353 1400/1400/1400
f 1392/1392/1392 1400/1400/1400 1353/1353/1353
f 1349/1349/1349 1406/1406/1406 1407/1407/1407
f 1398/1398/1398 1390/1390/1390 1353/1353/1353
f 1399/1399/1399 1403/1403/1403 1391/1391/1391
f 1403/1403/1403 1399/1399/1399 1397/1397/1397
f 1393/1393/1393 1386/1386/1386 1403/1403/1403
f 1397/1397/1397 1401/1401/1401 1403/1403/1403
f 1336/1336/1336 1246/1246/1246 1349/1349/1349
f 1403/1403/1403 1401/1401/1401 1393/1393/1393
f 1406/1406/1406 1349/1349/1349 1246/1246/1246
f 1367/1367/1367 2006/2006/2006 1345/1345/1345
f 1386/1386/1386 1389/1389/1389 1395/1395/1395
f 1405/1405/1405 1402/1402/1402 2006/2006/2006
f 1407/1407/1407 2030/2030/2030 1409/1409/1409
f 1386/1386/1386 1720/1720/1720 2022/2022/2022
f 1405/1405/1405 2006/2006/2006 1367/1367/1367
f 2022/2022/2022 1402/1402/1402 1403/1403/1403
f 1409/1409/1409 2029/2029/2029 1387/1387/1387
f 2029/2029/2029 1409/1409/1409 2030/2030/2030
f 1406/1406/1406 1348/1348/1348 1407/1407/1407
f 1343/1343/1343 1409/1409/1409 1404/1404/1404
f 2030/2030/2030 1407/1407/1407 1348/1348/1348
f 1407/1407/1407 1409/1409/1409 1343/1343/1343
f 1406/1406/1406 1267/1267/1267 1348/1348/1348
f 1408/1408/1408 1404/1404/1404 1387/1387/1387
f 1404/1404/1404 1409/1409/1409 1387/1387/1387
f 1881/1881/1881 1410/1410/1410 2278/2278/2278
f 1410/1410/1410 1881/1881/1881 1414/1414/1414
f 275/275/275 1414/1414/1414 276/276/276
f 1413/1413/1413 356/356/356 1411/1411/1411
f 1459/1459/1459 1413/1413/1413 1849/1849/1849
f 1459/1459/1459 356/356/356 1413/1413/1413
f 1411/1411/1411 1415/1415/1415 1413/1413/1413
f 1421/1421/1421 1414/1414/1414 1881/1881/1881
f 276/276/276 1421/1421/1421 360/360/360
f 276/276/276 1414/1414/1414 1421/1421/1421
f 357/357/357 360/360/360 1412/1412/1412
f 1421/1421/1421 1416/1416/1416 360/360/360
f 1412/1412/1412 360/360/360 1416/1416/1416
f 1418/1418/1418 1416/1416/1416 1421/1421/1421
f 1413/1413/1413 1417/1417/1417 1419/1419/1419
f 1413/1413/1413 1415/1415/1415 1417/1417/1417
f 1892/1892/1892 1413/1413/1413 1419/1419/1419
f 2511/2511/2511 1414/1414/1414 275/275/275
f 1420/1420/1420 1418/1418/1418 1421/1421/1421
f 1425/1425/1425 1423/1423/1423 1421/1421/1421
f 1419/1419/1419 1422/1422/1422 1892/1892/1892
f 1421/1421/1421 1881/1881/1881 1425/1425/1425
f 1423/1423/1423 1420/1420/1420 1421/1421/1421
f 1424/1424/1424 1892/1892/1892 1422/1422/1422
f 1428/1428/1428 1426/1426/1426 1440/1440/1440
f 1442/1442/1442 1431/1431/1431 1437/1437/1437
f 1438/1438/1438 1479/1479/1479 1443/1443/1443
f 1479/1479/1479 1445/1445/1445 1443/1443/1443
f 1440/1440/1440 1444/1444/1444 1428/1428/1428
f 1441/1441/1441 1440/1440/1440 1430/1430/1430
f 185/185/185 1447/1447/1447 1446/1446/1446
f 266/266/266 267/267/267 1004/1004/1004
f 1439/1439/1439 1004/1004/1004 267/267/267
f 1446/1446/1446 1457/1457/1457 189/189/189
f 1437/1437/1437 1463/1463/1463 1458/1458/1458
f 1446/1446/1446 1449/1449/1449 1457/1457/1457
f 1459/1459/1459 1849/1849/1849 1460/1460/1460
f 1459/1459/1459 1460/1460/1460 281/281/281
f 1448/1448/1448 1463/1463/1463 1498/1498/1498
f 1427/1427/1427 1429/1429/1429 1464/1464/1464
f 1482/1482/1482 1456/1456/1456 1464/1464/1464
f 1433/1433/1433 1479/1479/1479 1450/1450/1450
f 1449/1449/1449 1446/1446/1446 1432/1432/1432
f 1448/1448/1448 186/186/186 1463/1463/1463
f 184/184/184 1463/1463/1463 186/186/186
f 1440/1440/1440 292/292/292 1461/1461/1461
f 1434/1434/1434 1471/1471/1471 1460/1460/1460
f 1498/1498/1498 1474/1474/1474 1448/1448/1448
f 1504/1504/1504 292/292/292 193/193/193
f 193/193/193 1514/1514/1514 1504/1504/1504
f 1440/1440/1440 1461/1461/1461 1430/1430/1430
f 1471/1471/1471 1467/1467/1467 1460/1460/1460
f 1473/1473/1473 1446/1446/1446 1447/1447/1447
f 1476/1476/1476 1501/1501/1501 1498/1498/1498
f 1498/1498/1498 1478/1478/1478 1481/1481/1481
f 1481/1481/1481 1476/1476/1476 1498/1498/1498
f 187/187/187 1446/1446/1446 189/189/189
f 1473/1473/1473 1493/1493/1493 1446/1446/1446
f 1466/1466/1466 1479/1479/1479 1433/1433/1433
f 1519/1519/1519 1482/1482/1482 769/769/769
f 1458/1458/1458 1463/1463/1463 190/190/190
f 1480/1480/1480 1477/1477/1477 281/281/281
f 1678/1678/1678 1682/1682/1682 1482/1482/1482
f 1464/1464/1464 1680/1680/1680 1482/1482/1482
f 1490/1490/1490 1488/1488/1488 1680/1680/1680
f 1489/1489/1489 1493/1493/1493 1487/1487/1487
f 1493/1493/1493 1666/1666/1666 1487/1487/1487
f 1479/1479/1479 1492/1492/1492 1680/1680/1680
f 1485/1485/1485 1493/1493/1493 1491/1491/1491
f 1680/1680/1680 1492/1492/1492 1490/1490/1490
f 1486/1486/1486 1492/1492/1492 1479/1479/1479
f 1493/1493/1493 1489/1489/1489 1491/1491/1491
f 1477/1477/1477 1494/1494/1494 281/281/281
f 1495/1495/1495 1478/1478/1478 1498/1498/1498
f 1493/1493/1493 1513/1513/1513 1666/1666/1666
f 1494/1494/1494 1496/1496/1496 281/281/281
f 1446/1446/1446 1465/1465/1465 1432/1432/1432
f 1495/1495/1495 1498/1498/1498 1497/1497/1497
f 1485/1485/1485 1446/1446/1446 1493/1493/1493
f 1465/1465/1465 1446/1446/1446 1485/1485/1485
f 1486/1486/1486 1479/1479/1479 1466/1466/1466
f 1464/1464/1464 1445/1445/1445 1479/1479/1479
f 1445/1445/1445 1464/1464/1464 1429/1429/1429
f 1479/1479/1479 1680/1680/1680 1464/1464/1464
f 1473/1473/1473 1483/1483/1483 1493/1493/1493
f 1498/1498/1498 1500/1500/1500 1503/1503/1503
f 1474/1474/1474 1498/1498/1498 1484/1484/1484
f 1501/1501/1501 1726/1726/1726 1512/1512/1512
f 1512/1512/1512 1500/1500/1500 1501/1501/1501
f 1511/1511/1511 1513/1513/1513 1499/1499/1499
f 1499/1499/1499 1513/1513/1513 1502/1502/1502
f 1493/1493/1493 1483/1483/1483 1509/1509/1509
f 1500/1500/1500 1498/1498/1498 1501/1501/1501
f 1454/1454/1454 1464/1464/1464 1456/1456/1456
f 1493/1493/1493 1509/1509/1509 1502/1502/1502
f 1510/1510/1510 1498/1498/1498 1503/1503/1503
f 1498/1498/1498 1510/1510/1510 1484/1484/1484
f 1515/1515/1515 194/194/194 281/281/281
f 1439/1439/1439 192/192/192 1440/1440/1440
f 1497/1497/1497 1463/1463/1463 1508/1508/1508
f 1504/1504/1504 1514/1514/1514 1506/1506/1506
f 1496/1496/1496 1507/1507/1507 281/281/281
f 281/281/281 1507/1507/1507 1515/1515/1515
f 1724/1724/1724 1511/1511/1511 1725/1725/1725
f 1441/1441/1441 1444/1444/1444 1440/1440/1440
f 1455/1455/1455 1516/1516/1516 1439/1439/1439
f 1463/1463/1463 1505/1505/1505 1508/1508/1508
f 1502/1502/1502 1513/1513/1513 1493/1493/1493
f 1517/1517/1517 1456/1456/1456 1482/1482/1482
f 1724/1724/1724 1513/1513/1513 1511/1511/1511
f 1004/1004/1004 1439/1439/1439 1516/1516/1516
f 292/292/292 1440/1440/1440 192/192/192
f 1004/1004/1004 1451/1451/1451 1518/1518/1518
f 1451/1451/1451 1004/1004/1004 1516/1516/1516
f 1482/1482/1482 1452/1452/1452 1517/1517/1517
f 292/292/292 1504/1504/1504 1461/1461/1461
f 1462/1462/1462 1437/1437/1437 1431/1431/1431
f 1462/1462/1462 1463/1463/1463 1437/1437/1437
f 1449/1449/1449 1436/1436/1436 1457/1457/1457
f 1450/1450/1450 1479/1479/1479 1438/1438/1438
f 1463/1463/1463 1462/1462/1462 1505/1505/1505
f 1498/1498/1498 1463/1463/1463 1497/1497/1497
f 1519/1519/1519 1452/1452/1452 1482/1482/1482
f 1526/1526/1526 3566/3566/3566 3567/3567/3567
f 3348/3348/3348 1522/1522/1522 1520/1520/1520
f 1540/1540/1540 1166/1166/1166 3351/3351/3351
f 3566/3566/3566 1526/1526/1526 1541/1541/1541
f 1527/1527/1527 1529/1529/1529 1533/1533/1533
f 1532/1532/1532 1557/1557/1557 1528/1528/1528
f 1531/1531/1531 1527/1527/1527 1533/1533/1533
f 1533/1533/1533 1524/1524/1524 1531/1531/1531
f 1528/1528/1528 1557/1557/1557 1530/1530/1530
f 1146/1146/1146 1145/1145/1145 1529/1529/1529
f 1147/1147/1147 1530/1530/1530 1154/1154/1154
f 1530/1530/1530 1557/1557/1557 1154/1154/1154
f 1557/1557/1557 1543/1543/1543 1154/1154/1154
f 1154/1154/1154 1543/1543/1543 1168/1168/1168
f 1570/1570/1570 1167/1167/1167 1542/1542/1542
f 1557/1557/1557 1562/1562/1562 1543/1543/1543
f 1561/1561/1561 1570/1570/1570 1542/1542/1542
f 3351/3351/3351 1536/1536/1536 1540/1540/1540
f 1570/1570/1570 1606/1606/1606 1130/1130/1130
f 1546/1546/1546 4352/4352/4352 1985/1985/1985
f 1563/1563/1563 4367/4367/4367 4352/4352/4352
f 1563/1563/1563 4352/4352/4352 1546/1546/1546
f 1551/1551/1551 1553/1553/1553 1567/1567/1567
f 1524/1524/1524 1533/1533/1533 1555/1555/1555
f 1941/1941/1941 1601/1601/1601 1569/1569/1569
f 1546/1546/1546 3347/3347/3347 1569/1569/1569
f 1557/1557/1557 1532/1532/1532 1525/1525/1525
f 1557/1557/1557 1558/1558/1558 1538/1538/1538
f 1551/1551/1551 1567/1567/1567 1534/1534/1534
f 1559/1559/1559 1567/1567/1567 1561/1561/1561
f 1535/1535/1535 1557/1557/1557 1525/1525/1525
f 1554/1554/1554 1552/1552/1552 1556/1556/1556
f 1547/1547/1547 1533/1533/1533 1166/1166/1166
f 3352/3352/3352 4311/4311/4311 1595/1595/1595
f 770/770/770 4368/4368/4368 3335/3335/3335
f 1135/1135/1135 1603/1603/1603 1053/1053/1053
f 1562/1562/1562 1557/1557/1557 1560/1560/1560
f 1535/1535/1535 1525/1525/1525 1556/1556/1556
f 1556/1556/1556 1552/1552/1552 1535/1535/1535
f 1547/1547/1547 1555/1555/1555 1533/1533/1533
f 1548/1548/1548 1521/1521/1521 1523/1523/1523
f 1554/1554/1554 1556/1556/1556 1549/1549/1549
f 1603/1603/1603 1600/1600/1600 1053/1053/1053
f 1574/1574/1574 1585/1585/1585 1040/1040/1040
f 1040/1040/1040 770/770/770 3335/3335/3335
f 1535/1535/1535 1539/1539/1539 1558/1558/1558
f 1558/1558/1558 1557/1557/1557 1535/1535/1535
f 1041/1041/1041 1582/1582/1582 4318/4318/4318
f 1571/1571/1571 1579/1579/1579 1573/1573/1573
f 1575/1575/1575 1579/1579/1579 4318/4318/4318
f 1575/1575/1575 1584/1584/1584 1579/1579/1579
f 1586/1586/1586 1580/1580/1580 1589/1589/1589
f 1587/1587/1587 1586/1586/1586 1589/1589/1589
f 1586/1586/1586 1587/1587/1587 1591/1591/1591
f 1591/1591/1591 1594/1594/1594 1586/1586/1586
f 1541/1541/1541 4311/4311/4311 3352/3352/3352
f 1561/1561/1561 1567/1567/1567 1570/1570/1570
f 1548/1548/1548 1567/1567/1567 1553/1553/1553
f 1559/1559/1559 1537/1537/1537 1567/1567/1567
f 1538/1538/1538 1560/1560/1560 1557/1557/1557
f 1567/1567/1567 1548/1548/1548 1523/1523/1523
f 1567/1567/1567 1537/1537/1537 1534/1534/1534
f 1567/1567/1567 1614/1614/1614 1570/1570/1570
f 1600/1600/1600 1601/1601/1601 1941/1941/1941
f 1927/1927/1927 1600/1600/1600 1941/1941/1941
f 1602/1602/1602 1569/1569/1569 1601/1601/1601
f 1603/1603/1603 1602/1602/1602 1601/1601/1601
f 1607/1607/1607 1568/1568/1568 3326/3326/3326
f 1570/1570/1570 3326/3326/3326 1606/1606/1606
f 1602/1602/1602 1135/1135/1135 1606/1606/1606
f 1606/1606/1606 3326/3326/3326 1602/1602/1602
f 1600/1600/1600 1603/1603/1603 1601/1601/1601
f 1593/1593/1593 1594/1594/1594 1544/1544/1544
f 1614/1614/1614 3326/3326/3326 1570/1570/1570
f 1611/1611/1611 1613/1613/1613 3027/3027/3027
f 3352/3352/3352 1595/1595/1595 1593/1593/1593
f 3356/3356/3356 1593/1593/1593 1610/1610/1610
f 1593/1593/1593 1612/1612/1612 1610/1610/1610
f 1596/1596/1596 3356/3356/3356 1608/1608/1608
f 1593/1593/1593 1544/1544/1544 1612/1612/1612
f 3326/3326/3326 1614/1614/1614 1607/1607/1607
f 1567/1567/1567 1616/1616/1616 1614/1614/1614
f 1599/1599/1599 1616/1616/1616 1567/1567/1567
f 1522/1522/1522 3348/3348/3348 1598/1598/1598
f 1598/1598/1598 3348/3348/3348 1615/1615/1615
f 1602/1602/1602 1603/1603/1603 1135/1135/1135
f 1599/1599/1599 1567/1567/1567 1523/1523/1523
f 1166/1166/1166 1540/1540/1540 3348/3348/3348
f 1529/1529/1529 1145/1145/1145 1533/1533/1533
f 1626/1626/1626 1684/1684/1684 1625/1625/1625
f 1632/1632/1632 1684/1684/1684 1626/1626/1626
f 1625/1625/1625 1684/1684/1684 1620/1620/1620
f 1633/1633/1633 1620/1620/1620 1637/1637/1637
f 1620/1620/1620 1633/1633/1633 1618/1618/1618
f 1618/1618/1618 1621/1621/1621 1620/1620/1620
f 1619/1619/1619 1634/1634/1634 1651/1651/1651
f 1622/1622/1622 1619/1619/1619 1651/1651/1651
f 1622/1622/1622 1651/1651/1651 1624/1624/1624
f 1621/1621/1621 1623/1623/1623 1620/1620/1620
f 1620/1620/1620 1623/1623/1623 1625/1625/1625
f 1674/1674/1674 1625/1625/1625 1623/1623/1623
f 1620/1620/1620 1647/1647/1647 1637/1637/1637
f 1661/1661/1661 1626/1626/1626 1625/1625/1625
f 1647/1647/1647 1620/1620/1620 1684/1684/1684
f 1739/1739/1739 1627/1627/1627 1756/1756/1756
f 1630/1630/1630 1627/1627/1627 1628/1628/1628
f 1661/1661/1661 1630/1630/1630 1626/1626/1626
f 1628/1628/1628 1627/1627/1627 1685/1685/1685
f 1628/1628/1628 1937/1937/1937 1935/1935/1935
f 1630/1630/1630 1661/1661/1661 1629/1629/1629
f 1627/1627/1627 1629/1629/1629 1756/1756/1756
f 1627/1627/1627 1630/1630/1630 1629/1629/1629
f 1630/1630/1630 1628/1628/1628 1631/1631/1631
f 1728/1728/1728 1629/1629/1629 1661/1661/1661
f 1661/1661/1661 1724/1724/1724 1728/1728/1728
f 1727/1727/1727 1756/1756/1756 1629/1629/1629
f 1631/1631/1631 1632/1632/1632 1626/1626/1626
f 1628/1628/1628 1935/1935/1935 1631/1631/1631
f 1630/1630/1630 1631/1631/1631 1626/1626/1626
f 1931/1931/1931 1632/1632/1632 1631/1631/1631
f 1935/1935/1935 1931/1931/1931 1631/1631/1631
f 1638/1638/1638 1636/1636/1636 1634/1634/1634
f 1640/1640/1640 1642/1642/1642 1635/1635/1635
f 1647/1647/1647 1643/1643/1643 1637/1637/1637
f 1647/1647/1647 1645/1645/1645 1652/1652/1652
f 1653/1653/1653 1646/1646/1646 1648/1648/1648
f 1649/1649/1649 1655/1655/1655 1650/1650/1650
f 1655/1655/1655 1635/1635/1635 1650/1650/1650
f 755/755/755 1649/1649/1649 1650/1650/1650
f 1643/1643/1643 1647/1647/1647 1652/1652/1652
f 1644/1644/1644 1653/1653/1653 1636/1636/1636
f 1638/1638/1638 1644/1644/1644 1636/1636/1636
f 1653/1653/1653 1655/1655/1655 1636/1636/1636
f 1636/1636/1636 1651/1651/1651 1634/1634/1634
f 1653/1653/1653 1648/1648/1648 1655/1655/1655
f 1649/1649/1649 1654/1654/1654 1655/1655/1655
f 1648/1648/1648 1635/1635/1635 1655/1655/1655
f 1657/1657/1657 1648/1648/1648 1659/1659/1659
f 1648/1648/1648 1657/1657/1657 1635/1635/1635
f 1635/1635/1635 1657/1657/1657 1640/1640/1640
f 1659/1659/1659 1648/1648/1648 1646/1646/1646
f 1647/1647/1647 1656/1656/1656 1658/1658/1658
f 1647/1647/1647 1658/1658/1658 1645/1645/1645
f 1639/1639/1639 1656/1656/1656 1647/1647/1647
f 1655/1655/1655 1654/1654/1654 1636/1636/1636
f 1665/1665/1665 1663/1663/1663 1669/1669/1669
f 1660/1660/1660 1724/1724/1724 1661/1661/1661
f 1664/1664/1664 1666/1666/1666 1662/1662/1662
f 1625/1625/1625 1666/1666/1666 1660/1660/1660
f 1669/1669/1669 1663/1663/1663 1668/1668/1668
f 1666/1666/1666 1667/1667/1667 1662/1662/1662
f 1665/1665/1665 1669/1669/1669 1671/1671/1671
f 1671/1671/1671 1669/1669/1669 1673/1673/1673
f 1666/1666/1666 1664/1664/1664 1670/1670/1670
f 1660/1660/1660 1666/1666/1666 1513/1513/1513
f 1625/1625/1625 1674/1674/1674 1676/1676/1676
f 1675/1675/1675 1624/1624/1624 1651/1651/1651
f 1625/1625/1625 1667/1667/1667 1666/1666/1666
f 1675/1675/1675 1651/1651/1651 1677/1677/1677
f 1625/1625/1625 1676/1676/1676 1667/1667/1667
f 1668/1668/1668 1677/1677/1677 1669/1669/1669
f 1672/1672/1672 1666/1666/1666 1670/1670/1670
f 1487/1487/1487 1666/1666/1666 1672/1672/1672
f 1661/1661/1661 1625/1625/1625 1660/1660/1660
f 1680/1680/1680 1488/1488/1488 1673/1673/1673
f 1673/1673/1673 1669/1669/1669 1680/1680/1680
f 1680/1680/1680 1678/1678/1678 1482/1482/1482
f 1651/1651/1651 1679/1679/1679 1678/1678/1678
f 1669/1669/1669 1678/1678/1678 1680/1680/1680
f 1679/1679/1679 1636/1636/1636 1654/1654/1654
f 1679/1679/1679 1681/1681/1681 1678/1678/1678
f 1636/1636/1636 1679/1679/1679 1651/1651/1651
f 1678/1678/1678 1669/1669/1669 1651/1651/1651
f 1651/1651/1651 1669/1669/1669 1677/1677/1677
f 1682/1682/1682 1681/1681/1681 769/769/769
f 1681/1681/1681 1682/1682/1682 1678/1678/1678
f 769/769/769 1482/1482/1482 1682/1682/1682
f 1679/1679/1679 1654/1654/1654 1683/1683/1683
f 1681/1681/1681 1683/1683/1683 769/769/769
f 1681/1681/1681 1679/1679/1679 1683/1683/1683
f 1641/1641/1641 1639/1639/1639 1647/1647/1647
f 1963/1963/1963 1959/1959/1959 1641/1641/1641
f 1960/1960/1960 1635/1635/1635 1642/1642/1642
f 1647/1647/1647 1963/1963/1963 1641/1641/1641
f 1963/1963/1963 1647/1647/1647 1632/1632/1632
f 1647/1647/1647 1684/1684/1684 1632/1632/1632
f 1943/1943/1943 1963/1963/1963 1632/1632/1632
f 1937/1937/1937 1685/1685/1685 1942/1942/1942
f 1937/1937/1937 1628/1628/1628 1685/1685/1685
f 1751/1751/1751 1942/1942/1942 1687/1687/1687
f 1687/1687/1687 1739/1739/1739 1799/1799/1799
f 1942/1942/1942 1685/1685/1685 1687/1687/1687
f 1627/1627/1627 1687/1687/1687 1685/1685/1685
f 1687/1687/1687 1627/1627/1627 1739/1739/1739
f 1686/1686/1686 1851/1851/1851 1690/1690/1690
f 1686/1686/1686 1408/1408/1408 1692/1692/1692
f 1692/1692/1692 1711/1711/1711 1686/1686/1686
f 1387/1387/1387 1692/1692/1692 1408/1408/1408
f 1686/1686/1686 1711/1711/1711 1851/1851/1851
f 1723/1723/1723 1698/1698/1698 1700/1700/1700
f 1707/1707/1707 1711/1711/1711 1705/1705/1705
f 1692/1692/1692 1695/1695/1695 1711/1711/1711
f 2017/2017/2017 1695/1695/1695 1692/1692/1692
f 1704/1704/1704 1723/1723/1723 1702/1702/1702
f 1711/1711/1711 1695/1695/1695 1709/1709/1709
f 2022/2022/2022 1710/1710/1710 1696/1696/1696
f 1711/1711/1711 1709/1709/1709 1712/1712/1712
f 1711/1711/1711 1712/1712/1712 1714/1714/1714
f 1720/1720/1720 1713/1713/1713 2022/2022/2022
f 1691/1691/1691 1717/1717/1717 1708/1708/1708
f 1710/1710/1710 2022/2022/2022 1713/1713/1713
f 1713/1713/1713 1691/1691/1691 1715/1715/1715
f 1691/1691/1691 1758/1758/1758 1717/1717/1717
f 1722/1722/1722 1758/1758/1758 1691/1691/1691
f 1706/1706/1706 1715/1715/1715 1691/1691/1691
f 1721/1721/1721 1697/1697/1697 1718/1718/1718
f 1705/1705/1705 1711/1711/1711 1714/1714/1714
f 1691/1691/1691 1708/1708/1708 1706/1706/1706
f 1721/1721/1721 1722/1722/1722 1691/1691/1691
f 1711/1711/1711 1707/1707/1707 1716/1716/1716
f 1691/1691/1691 1713/1713/1713 1720/1720/1720
f 1721/1721/1721 1691/1691/1691 1693/1693/1693
f 1691/1691/1691 1703/1703/1703 1701/1701/1701
f 1693/1693/1693 1691/1691/1691 1701/1701/1701
f 1723/1723/1723 1719/1719/1719 1698/1698/1698
f 1724/1724/1724 1660/1660/1660 1513/1513/1513
f 1699/1699/1699 1697/1697/1697 1721/1721/1721
f 1729/1729/1729 1727/1727/1727 1731/1731/1731
f 1731/1731/1731 1727/1727/1727 1735/1735/1735
f 1863/1863/1863 1738/1738/1738 1734/1734/1734
f 1694/1694/1694 1702/1702/1702 1723/1723/1723
f 1732/1732/1732 1800/1800/1800 1730/1730/1730
f 1372/1372/1372 1743/1743/1743 1720/1720/1720
f 1699/1699/1699 1721/1721/1721 1693/1693/1693
f 1694/1694/1694 1723/1723/1723 1700/1700/1700
f 1371/1371/1371 1751/1751/1751 1742/1742/1742
f 1629/1629/1629 1728/1728/1728 1727/1727/1727
f 1751/1751/1751 1749/1749/1749 1742/1742/1742
f 1739/1739/1739 1756/1756/1756 1688/1688/1688
f 1856/1856/1856 1799/1799/1799 1739/1739/1739
f 1758/1758/1758 1755/1755/1755 1753/1753/1753
f 1753/1753/1753 1717/1717/1717 1758/1758/1758
f 1740/1740/1740 1691/1691/1691 1720/1720/1720
f 1743/1743/1743 1740/1740/1740 1720/1720/1720
f 1688/1688/1688 1747/1747/1747 1739/1739/1739
f 1750/1750/1750 1757/1757/1757 1741/1741/1741
f 1761/1761/1761 1759/1759/1759 1756/1756/1756
f 1723/1723/1723 1771/1771/1771 1777/1777/1777
f 1757/1757/1757 1704/1704/1704 1741/1741/1741
f 1704/1704/1704 1757/1757/1757 1764/1764/1764
f 1762/1762/1762 1863/1863/1863 1760/1760/1760
f 1750/1750/1750 1764/1764/1764 1757/1757/1757
f 1740/1740/1740 1703/1703/1703 1691/1691/1691
f 1750/1750/1750 1741/1741/1741 1744/1744/1744
f 1770/1770/1770 1745/1745/1745 1751/1751/1751
f 1723/1723/1723 1704/1704/1704 1764/1764/1764
f 1770/1770/1770 1799/1799/1799 1776/1776/1776
f 1764/1764/1764 1746/1746/1746 1723/1723/1723
f 1756/1756/1756 1737/1737/1737 1774/1774/1774
f 1756/1756/1756 1727/1727/1727 1737/1737/1737
f 1733/1733/1733 1737/1737/1737 1727/1727/1727
f 1738/1738/1738 1863/1863/1863 1775/1775/1775
f 1756/1756/1756 1774/1774/1774 1768/1768/1768
f 1786/1786/1786 1726/1726/1726 1501/1501/1501
f 1751/1751/1751 1763/1763/1763 1749/1749/1749
f 1727/1727/1727 1729/1729/1729 1733/1733/1733
f 1771/1771/1771 1723/1723/1723 1746/1746/1746
f 1728/1728/1728 1724/1724/1724 1784/1784/1784
f 1724/1724/1724 1725/1725/1725 1780/1780/1780
f 1728/1728/1728 1784/1784/1784 1782/1782/1782
f 1785/1785/1785 1786/1786/1786 1804/1804/1804
f 1763/1763/1763 1751/1751/1751 1745/1745/1745
f 1783/1783/1783 1785/1785/1785 1804/1804/1804
f 1779/1779/1779 1773/1773/1773 1723/1723/1723
f 1785/1785/1785 1781/1781/1781 1786/1786/1786
f 1724/1724/1724 1780/1780/1780 1784/1784/1784
f 1790/1790/1790 1800/1800/1800 1736/1736/1736
f 1789/1789/1789 1727/1727/1727 1728/1728/1728
f 1782/1782/1782 1787/1787/1787 1728/1728/1728
f 1727/1727/1727 1789/1789/1789 1735/1735/1735
f 1781/1781/1781 1726/1726/1726 1786/1786/1786
f 1800/1800/1800 1790/1790/1790 1804/1804/1804
f 1804/1804/1804 1788/1788/1788 1783/1783/1783
f 1800/1800/1800 1732/1732/1732 1736/1736/1736
f 1787/1787/1787 1789/1789/1789 1728/1728/1728
f 1804/1804/1804 1790/1790/1790 1788/1788/1788
f 1863/1863/1863 1734/1734/1734 1800/1800/1800
f 1779/1779/1779 1723/1723/1723 1777/1777/1777
f 1800/1800/1800 1734/1734/1734 1730/1730/1730
f 1501/1501/1501 1792/1792/1792 1786/1786/1786
f 1794/1794/1794 1786/1786/1786 1792/1792/1792
f 1794/1794/1794 1796/1796/1796 1786/1786/1786
f 1804/1804/1804 1786/1786/1786 1796/1796/1796
f 1799/1799/1799 1770/1770/1770 1751/1751/1751
f 1816/1816/1816 1806/1806/1806 1804/1804/1804
f 1808/1808/1808 1810/1810/1810 1723/1723/1723
f 1801/1801/1801 1800/1800/1800 1804/1804/1804
f 1470/1470/1470 1793/1793/1793 1791/1791/1791
f 1798/1798/1798 1792/1792/1792 1501/1501/1501
f 1778/1778/1778 1776/1776/1776 1799/1799/1799
f 1815/1815/1815 1795/1795/1795 1470/1470/1470
f 1470/1470/1470 1468/1468/1468 1472/1472/1472
f 1791/1791/1791 1797/1797/1797 1470/1470/1470
f 1803/1803/1803 1801/1801/1801 1806/1806/1806
f 1824/1824/1824 1821/1821/1821 1819/1819/1819
f 1804/1804/1804 1796/1796/1796 1816/1816/1816
f 1815/1815/1815 1470/1470/1470 1823/1823/1823
f 1802/1802/1802 1805/1805/1805 1823/1823/1823
f 1823/1823/1823 1470/1470/1470 1820/1820/1820
f 1825/1825/1825 1829/1829/1829 1838/1838/1838
f 1838/1838/1838 1813/1813/1813 1823/1823/1823
f 1800/1800/1800 1826/1826/1826 1818/1818/1818
f 1828/1828/1828 1823/1823/1823 1822/1822/1822
f 1801/1801/1801 1814/1814/1814 1830/1830/1830
f 1823/1823/1823 1820/1820/1820 1822/1822/1822
f 1800/1800/1800 1801/1801/1801 1826/1826/1826
f 1813/1813/1813 1802/1802/1802 1823/1823/1823
f 1814/1814/1814 1801/1801/1801 1803/1803/1803
f 1801/1801/1801 1830/1830/1830 1826/1826/1826
f 1801/1801/1801 1804/1804/1804 1806/1806/1806
f 1832/1832/1832 1823/1823/1823 1828/1828/1828
f 1838/1838/1838 1767/1767/1767 1722/1722/1722
f 1813/1813/1813 1838/1838/1838 1829/1829/1829
f 1470/1470/1470 1435/1435/1435 1834/1834/1834
f 1778/1778/1778 1799/1799/1799 1772/1772/1772
f 1834/1834/1834 1836/1836/1836 1470/1470/1470
f 1767/1767/1767 1823/1823/1823 1832/1832/1832
f 1838/1838/1838 1823/1823/1823 1767/1767/1767
f 1808/1808/1808 1723/1723/1723 1773/1773/1773
f 1799/1799/1799 1807/1807/1807 1772/1772/1772
f 1767/1767/1767 1832/1832/1832 1766/1766/1766
f 1809/1809/1809 1807/1807/1807 1799/1799/1799
f 1836/1836/1836 1820/1820/1820 1470/1470/1470
f 1819/1819/1819 1835/1835/1835 1837/1837/1837
f 1837/1837/1837 1835/1835/1835 1833/1833/1833
f 1812/1812/1812 1719/1719/1719 1723/1723/1723
f 1721/1721/1721 1838/1838/1838 1722/1722/1722
f 1793/1793/1793 1470/1470/1470 1795/1795/1795
f 1823/1823/1823 1805/1805/1805 1815/1815/1815
f 1812/1812/1812 1723/1723/1723 1860/1860/1860
f 1860/1860/1860 1863/1863/1863 1840/1840/1840
f 1434/1434/1434 1837/1837/1837 1833/1833/1833
f 1434/1434/1434 1460/1460/1460 1837/1837/1837
f 1861/1861/1861 1837/1837/1837 1460/1460/1460
f 1819/1819/1819 1837/1837/1837 1824/1824/1824
f 1824/1824/1824 1837/1837/1837 1821/1821/1821
f 1861/1861/1861 1821/1821/1821 1837/1837/1837
f 1827/1827/1827 1821/1821/1821 1843/1843/1843
f 1716/1716/1716 1752/1752/1752 1711/1711/1711
f 1752/1752/1752 1851/1851/1851 1711/1711/1711
f 1752/1752/1752 1754/1754/1754 1851/1851/1851
f 1861/1861/1861 1843/1843/1843 1821/1821/1821
f 1827/1827/1827 1843/1843/1843 1831/1831/1831
f 1862/1862/1862 1843/1843/1843 1861/1861/1861
f 1861/1861/1861 1460/1460/1460 1850/1850/1850
f 1844/1844/1844 1843/1843/1843 1862/1862/1862
f 1844/1844/1844 1690/1690/1690 1843/1843/1843
f 1838/1838/1838 1847/1847/1847 1841/1841/1841
f 1718/1718/1718 1811/1811/1811 1721/1721/1721
f 1721/1721/1721 1811/1811/1811 1845/1845/1845
f 1860/1860/1860 1848/1848/1848 1846/1846/1846
f 1860/1860/1860 1842/1842/1842 1848/1848/1848
f 1838/1838/1838 1721/1721/1721 1847/1847/1847
f 1845/1845/1845 1847/1847/1847 1721/1721/1721
f 1860/1860/1860 1840/1840/1840 1842/1842/1842
f 1838/1838/1838 1841/1841/1841 1839/1839/1839
f 1846/1846/1846 1812/1812/1812 1860/1860/1860
f 1825/1825/1825 1838/1838/1838 1839/1839/1839
f 1840/1840/1840 1863/1863/1863 1818/1818/1818
f 1767/1767/1767 1758/1758/1758 1722/1722/1722
f 1818/1818/1818 1863/1863/1863 1800/1800/1800
f 1799/1799/1799 1751/1751/1751 1687/1687/1687
f 1851/1851/1851 1852/1852/1852 1690/1690/1690
f 1853/1853/1853 1755/1755/1755 1758/1758/1758
f 1852/1852/1852 1851/1851/1851 1754/1754/1754
f 1758/1758/1758 1855/1855/1855 1853/1853/1853
f 1852/1852/1852 1854/1854/1854 1843/1843/1843
f 1852/1852/1852 1843/1843/1843 1690/1690/1690
f 1825/1825/1825 1839/1839/1839 1817/1817/1817
f 1854/1854/1854 1858/1858/1858 1843/1843/1843
f 1758/1758/1758 1859/1859/1859 1855/1855/1855
f 1767/1767/1767 1766/1766/1766 1859/1859/1859
f 1765/1765/1765 1843/1843/1843 1858/1858/1858
f 1765/1765/1765 1831/1831/1831 1843/1843/1843
f 1809/1809/1809 1799/1799/1799 1856/1856/1856
f 1739/1739/1739 1747/1747/1747 1856/1856/1856
f 1723/1723/1723 1857/1857/1857 1860/1860/1860
f 1723/1723/1723 1810/1810/1810 1857/1857/1857
f 1689/1689/1689 1860/1860/1860 1748/1748/1748
f 1748/1748/1748 1860/1860/1860 1857/1857/1857
f 1860/1860/1860 1689/1689/1689 1760/1760/1760
f 1863/1863/1863 1860/1860/1860 1760/1760/1760
f 1688/1688/1688 1756/1756/1756 1759/1759/1759
f 1767/1767/1767 1859/1859/1859 1758/1758/1758
f 1756/1756/1756 1768/1768/1768 1761/1761/1761
f 1863/1863/1863 1769/1769/1769 1775/1775/1775
f 1762/1762/1762 1769/1769/1769 1863/1863/1863
f 1942/1942/1942 1751/1751/1751 1351/1351/1351
f 1470/1470/1470 1472/1472/1472 1435/1435/1435
f 1865/1865/1865 2304/2304/2304 1864/1864/1864
f 1880/1880/1880 1690/1690/1690 1844/1844/1844
f 1865/1865/1865 1867/1867/1867 1866/1866/1866
f 1686/1686/1686 1690/1690/1690 1866/1866/1866
f 1690/1690/1690 1880/1880/1880 1866/1866/1866
f 1686/1686/1686 1867/1867/1867 1408/1408/1408
f 1867/1867/1867 1686/1686/1686 1866/1866/1866
f 1880/1880/1880 1844/1844/1844 1884/1884/1884
f 1920/1920/1920 1874/1874/1874 1880/1880/1880
f 1884/1884/1884 1920/1920/1920 1880/1880/1880
f 1871/1871/1871 1869/1869/1869 2320/2320/2320
f 1866/1866/1866 1880/1880/1880 1875/1875/1875
f 1870/1870/1870 1875/1875/1875 1868/1868/1868
f 1874/1874/1874 1875/1875/1875 1880/1880/1880
f 1875/1875/1875 1865/1865/1865 1866/1866/1866
f 1874/1874/1874 1903/1903/1903 1872/1872/1872
f 1877/1877/1877 1873/1873/1873 2353/2353/2353
f 1874/1874/1874 1872/1872/1872 1876/1876/1876
f 1876/1876/1876 1878/1878/1878 1874/1874/1874
f 1874/1874/1874 1878/1878/1878 1868/1868/1868
f 1879/1879/1879 2320/2320/2320 1869/1869/1869
f 2320/2320/2320 1877/1877/1877 2353/2353/2353
f 1875/1875/1875 1874/1874/1874 1868/1868/1868
f 1865/1865/1865 1875/1875/1875 2304/2304/2304
f 2320/2320/2320 1879/1879/1879 1877/1877/1877
f 1460/1460/1460 1849/1849/1849 1892/1892/1892
f 1413/1413/1413 1892/1892/1892 1849/1849/1849
f 1883/1883/1883 1886/1886/1886 1881/1881/1881
f 1850/1850/1850 1460/1460/1460 1892/1892/1892
f 1850/1850/1850 1862/1862/1862 1861/1861/1861
f 1884/1884/1884 1844/1844/1844 1862/1862/1862
f 1881/1881/1881 1909/1909/1909 1883/1883/1883
f 1888/1888/1888 1887/1887/1887 1882/1882/1882
f 1889/1889/1889 1883/1883/1883 1909/1909/1909
f 1887/1887/1887 1888/1888/1888 1890/1890/1890
f 1887/1887/1887 1884/1884/1884 1850/1850/1850
f 1893/1893/1893 1892/1892/1892 1424/1424/1424
f 1894/1894/1894 1425/1425/1425 1881/1881/1881
f 1892/1892/1892 1882/1882/1882 1887/1887/1887
f 1886/1886/1886 1894/1894/1894 1881/1881/1881
f 1882/1882/1882 1892/1892/1892 1885/1885/1885
f 1892/1892/1892 1887/1887/1887 1850/1850/1850
f 1893/1893/1893 1885/1885/1885 1892/1892/1892
f 1862/1862/1862 1850/1850/1850 1884/1884/1884
f 2353/2353/2353 1897/1897/1897 2347/2347/2347
f 2353/2353/2353 1895/1895/1895 1897/1897/1897
f 2353/2353/2353 2347/2347/2347 2354/2354/2354
f 1898/1898/1898 1896/1896/1896 1915/1915/1915
f 1899/1899/1899 2353/2353/2353 1913/1913/1913
f 1899/1899/1899 1895/1895/1895 2353/2353/2353
f 1903/1903/1903 1920/1920/1920 1901/1901/1901
f 1902/1902/1902 1924/1924/1924 2353/2353/2353
f 2353/2353/2353 1924/1924/1924 1919/1919/1919
f 1890/1890/1890 1905/1905/1905 1887/1887/1887
f 1906/1906/1906 1909/1909/1909 1912/1912/1912
f 1891/1891/1891 1909/1909/1909 1906/1906/1906
f 1891/1891/1891 1889/1889/1889 1909/1909/1909
f 1909/1909/1909 1908/1908/1908 1912/1912/1912
f 1884/1884/1884 1887/1887/1887 1910/1910/1910
f 1896/1896/1896 1900/1900/1900 1915/1915/1915
f 1900/1900/1900 1914/1914/1914 1915/1915/1915
f 1917/1917/1917 2353/2353/2353 1919/1919/1919
f 1910/1910/1910 1887/1887/1887 1905/1905/1905
f 1911/1911/1911 1907/1907/1907 1922/1922/1922
f 1916/1916/1916 1918/1918/1918 1884/1884/1884
f 1921/1921/1921 1916/1916/1916 1884/1884/1884
f 1921/1921/1921 1884/1884/1884 1910/1910/1910
f 1920/1920/1920 1884/1884/1884 1918/1918/1918
f 1904/1904/1904 2353/2353/2353 1873/1873/1873
f 1904/1904/1904 1902/1902/1902 2353/2353/2353
f 1874/1874/1874 1920/1920/1920 1903/1903/1903
f 1917/1917/1917 1922/1922/1922 2353/2353/2353
f 1914/1914/1914 1909/1909/1909 1915/1915/1915
f 2278/2278/2278 1915/1915/1915 1909/1909/1909
f 2278/2278/2278 1909/1909/1909 1881/1881/1881
f 1909/1909/1909 1914/1914/1914 1908/1908/1908
f 2353/2353/2353 1922/1922/1922 1913/1913/1913
f 1913/1913/1913 1922/1922/1922 1907/1907/1907
f 1920/1920/1920 1918/1918/1918 1923/1923/1923
f 1901/1901/1901 1920/1920/1920 1923/1923/1923
f 1346/1346/1346 1115/1115/1115 1925/1925/1925
f 1934/1934/1934 1930/1930/1930 1939/1939/1939
f 1925/1925/1925 1138/1138/1138 1926/1926/1926
f 1926/1926/1926 1138/1138/1138 1927/1927/1927
f 1933/1933/1933 1929/1929/1929 1931/1931/1931
f 1926/1926/1926 1939/1939/1939 1930/1930/1930
f 1933/1933/1933 1938/1938/1938 1929/1929/1929
f 1928/1928/1928 1940/1940/1940 1976/1976/1976
f 1930/1930/1930 1346/1346/1346 1925/1925/1925
f 1930/1930/1930 1352/1352/1352 1346/1346/1346
f 1932/1932/1932 1351/1351/1351 1352/1352/1352
f 1930/1930/1930 1932/1932/1932 1352/1352/1352
f 1932/1932/1932 1930/1930/1930 1934/1934/1934
f 1933/1933/1933 1931/1931/1931 1935/1935/1935
f 1939/1939/1939 1936/1936/1936 1934/1934/1934
f 1351/1351/1351 1932/1932/1932 1942/1942/1942
f 1936/1936/1936 1937/1937/1937 1934/1934/1934
f 1937/1937/1937 1933/1933/1933 1935/1935/1935
f 1933/1933/1933 1937/1937/1937 1936/1936/1936
f 1936/1936/1936 1939/1939/1939 1938/1938/1938
f 1933/1933/1933 1936/1936/1936 1938/1938/1938
f 1928/1928/1928 1929/1929/1929 1938/1938/1938
f 1939/1939/1939 1940/1940/1940 1938/1938/1938
f 1938/1938/1938 1940/1940/1940 1928/1928/1928
f 1976/1976/1976 1940/1940/1940 1941/1941/1941
f 1939/1939/1939 1927/1927/1927 1940/1940/1940
f 1925/1925/1925 1926/1926/1926 1930/1930/1930
f 1937/1937/1937 1942/1942/1942 1934/1934/1934
f 1932/1932/1932 1934/1934/1934 1942/1942/1942
f 1927/1927/1927 1939/1939/1939 1926/1926/1926
f 1927/1927/1927 1941/1941/1941 1940/1940/1940
f 1946/1946/1946 1952/1952/1952 1929/1929/1929
f 1952/1952/1952 1943/1943/1943 1929/1929/1929
f 1945/1945/1945 1955/1955/1955 1948/1948/1948
f 1951/1951/1951 1944/1944/1944 1947/1947/1947
f 1951/1951/1951 1947/1947/1947 1949/1949/1949
f 1955/1955/1955 1950/1950/1950 1948/1948/1948
f 1951/1951/1951 1952/1952/1952 1946/1946/1946
f 1954/1954/1954 1955/1955/1955 1970/1970/1970
f 1968/1968/1968 1953/1953/1953 1958/1958/1958
f 1954/1954/1954 1969/1969/1969 1955/1955/1955
f 1962/1962/1962 1954/1954/1954 1970/1970/1970
f 1963/1963/1963 1958/1958/1958 1956/1956/1956
f 1960/1960/1960 1957/1957/1957 1635/1635/1635
f 1962/1962/1962 1970/1970/1970 1965/1965/1965
f 1966/1966/1966 1968/1968/1968 1952/1952/1952
f 1635/1635/1635 1965/1965/1965 1970/1970/1970
f 1958/1958/1958 1953/1953/1953 1961/1961/1961
f 1968/1968/1968 1958/1958/1958 1952/1952/1952
f 1961/1961/1961 1964/1964/1964 1958/1958/1958
f 1964/1964/1964 1956/1956/1956 1958/1958/1958
f 1635/1635/1635 1957/1957/1957 1965/1965/1965
f 1963/1963/1963 1956/1956/1956 1959/1959/1959
f 1951/1951/1951 1949/1949/1949 1952/1952/1952
f 1950/1950/1950 1955/1955/1955 1967/1967/1967
f 1952/1952/1952 1949/1949/1949 1966/1966/1966
f 1969/1969/1969 1967/1967/1967 1955/1955/1955
f 1943/1943/1943 1632/1632/1632 1931/1931/1931
f 1931/1931/1931 1929/1929/1929 1943/1943/1943
f 1952/1952/1952 1958/1958/1958 1943/1943/1943
f 1943/1943/1943 1958/1958/1958 1963/1963/1963
f 1970/1970/1970 1955/1955/1955 1971/1971/1971
f 1970/1970/1970 1971/1971/1971 1650/1650/1650
f 1650/1650/1650 1635/1635/1635 1970/1970/1970
f 1941/1941/1941 3347/3347/3347 1976/1976/1976
f 1985/1985/1985 1976/1976/1976 3347/3347/3347
f 1564/1564/1564 1617/1617/1617 1979/1979/1979
f 4358/4358/4358 1982/1982/1982 1984/1984/1984
f 4358/4358/4358 1975/1975/1975 1982/1982/1982
f 1987/1987/1987 1986/1986/1986 1972/1972/1972
f 1946/1946/1946 1976/1976/1976 1986/1986/1986
f 1946/1946/1946 1929/1929/1929 1928/1928/1928
f 1951/1951/1951 1946/1946/1946 1986/1986/1986
f 1946/1946/1946 1928/1928/1928 1976/1976/1976
f 792/792/792 750/750/750 1650/1650/1650
f 2029/2029/2029 1692/1692/1692 1387/1387/1387
f 2031/2031/2031 1993/1993/1993 1995/1995/1995
f 1991/1991/1991 1997/1997/1997 2031/2031/2031
f 1996/1996/1996 1402/1402/1402 1992/1992/1992
f 1402/1402/1402 1996/1996/1996 2006/2006/2006
f 1999/1999/1999 1348/1348/1348 1347/1347/1347
f 2006/2006/2006 2005/2005/2005 2001/2001/2001
f 2007/2007/2007 2031/2031/2031 2004/2004/2004
f 2006/2006/2006 2001/2001/2001 2003/2003/2003
f 2006/2006/2006 2008/2008/2008 2005/2005/2005
f 1994/1994/1994 2006/2006/2006 1996/1996/1996
f 1994/1994/1994 2008/2008/2008 2006/2006/2006
f 2031/2031/2031 2007/2007/2007 1993/1993/1993
f 2022/2022/2022 1990/1990/1990 2016/2016/2016
f 2015/2015/2015 2017/2017/2017 2020/2020/2020
f 1990/1990/1990 2022/2022/2022 2012/2012/2012
f 2010/2010/2010 2019/2019/2019 1286/1286/1286
f 2015/2015/2015 1989/1989/1989 2017/2017/2017
f 2020/2020/2020 2017/2017/2017 2029/2029/2029
f 1402/1402/1402 1998/1998/1998 1992/1992/1992
f 2014/2014/2014 2010/2010/2010 1286/1286/1286
f 2016/2016/2016 2021/2021/2021 2022/2022/2022
f 2029/2029/2029 2017/2017/2017 1692/1692/1692
f 2029/2029/2029 2031/2031/2031 1997/1997/1997
f 2024/2024/2024 1998/1998/1998 2022/2022/2022
f 2021/2021/2021 2026/2026/2026 2022/2022/2022
f 2022/2022/2022 2026/2026/2026 2024/2024/2024
f 1999/1999/1999 1347/1347/1347 1289/1289/1289
f 2002/2002/2002 1999/1999/1999 2013/2013/2013
f 2009/2009/2009 2013/2013/2013 1999/1999/1999
f 2003/2003/2003 2014/2014/2014 2006/2006/2006
f 2022/2022/2022 1998/1998/1998 1402/1402/1402
f 1989/1989/1989 2011/2011/2011 2017/2017/2017
f 2028/2028/2028 1286/1286/1286 2019/2019/2019
f 2027/2027/2027 2018/2018/2018 1289/1289/1289
f 2020/2020/2020 2029/2029/2029 2025/2025/2025
f 1997/1997/1997 2023/2023/2023 2029/2029/2029
f 2029/2029/2029 2023/2023/2023 2025/2025/2025
f 2014/2014/2014 1286/1286/1286 2006/2006/2006
f 1999/1999/1999 2002/2002/2002 2000/2000/2000
f 1999/1999/1999 2004/2004/2004 2031/2031/2031
f 1999/1999/1999 2000/2000/2000 2004/2004/2004
f 1348/1348/1348 2031/2031/2031 2030/2030/2030
f 1999/1999/1999 2031/2031/2031 1348/1348/1348
f 1995/1995/1995 1991/1991/1991 2031/2031/2031
f 2029/2029/2029 2030/2030/2030 2031/2031/2031
f 2018/2018/2018 2009/2009/2009 1289/1289/1289
f 1999/1999/1999 1289/1289/1289 2009/2009/2009
f 2017/2017/2017 2011/2011/2011 1695/1695/1695
f 2022/2022/2022 1696/1696/1696 2012/2012/2012
f 3390/3390/3390 2041/2041/2041 2356/2356/2356
f 2040/2040/2040 2041/2041/2041 2042/2042/2042
f 2041/2041/2041 2040/2040/2040 2356/2356/2356
f 2041/2041/2041 3390/3390/3390 3090/3090/3090
f 2172/2172/2172 2359/2359/2359 2171/2171/2171
f 2040/2040/2040 2171/2171/2171 2359/2359/2359
f 3090/3090/3090 2043/2043/2043 2041/2041/2041
f 2884/2884/2884 2046/2046/2046 2043/2043/2043
f 2045/2045/2045 2883/2883/2883 2886/2886/2886
f 2043/2043/2043 2882/2882/2882 2884/2884/2884
f 3673/3673/3673 2885/2885/2885 2886/2886/2886
f 2045/2045/2045 2886/2886/2886 2047/2047/2047
f 2050/2050/2050 2044/2044/2044 2052/2052/2052
f 2048/2048/2048 2044/2044/2044 2046/2046/2046
f 2885/2885/2885 2047/2047/2047 2886/2886/2886
f 2050/2050/2050 2053/2053/2053 2044/2044/2044
f 2053/2053/2053 2055/2055/2055 2057/2057/2057
f 2050/2050/2050 2055/2055/2055 2053/2053/2053
f 2051/2051/2051 2885/2885/2885 2049/2049/2049
f 2049/2049/2049 2885/2885/2885 2054/2054/2054
f 2054/2054/2054 2885/2885/2885 2056/2056/2056
f 2058/2058/2058 2044/2044/2044 2053/2053/2053
f 2052/2052/2052 2044/2044/2044 2048/2048/2048
f 2885/2885/2885 2051/2051/2051 2047/2047/2047
f 2060/2060/2060 2059/2059/2059 2042/2042/2042
f 2043/2043/2043 2046/2046/2046 2044/2044/2044
f 2060/2060/2060 2043/2043/2043 2044/2044/2044
f 2043/2043/2043 2060/2060/2060 2041/2041/2041
f 2044/2044/2044 2058/2058/2058 2060/2060/2060
f 2060/2060/2060 2058/2058/2058 2059/2059/2059
f 2067/2067/2067 2064/2064/2064 2066/2066/2066
f 2200/2200/2200 2110/2110/2110 2390/2390/2390
f 1325/1325/1325 2408/2408/2408 2070/2070/2070
f 2071/2071/2071 2096/2096/2096 2037/2037/2037
f 2073/2073/2073 2413/2413/2413 2090/2090/2090
f 2070/2070/2070 2096/2096/2096 2071/2071/2071
f 2072/2072/2072 2076/2076/2076 2074/2074/2074
f 2076/2076/2076 2085/2085/2085 2408/2408/2408
f 2085/2085/2085 2070/2070/2070 2408/2408/2408
f 2070/2070/2070 2101/2101/2101 2096/2096/2096
f 2078/2078/2078 2090/2090/2090 2080/2080/2080
f 2085/2085/2085 2076/2076/2076 2081/2081/2081
f 2079/2079/2079 2076/2076/2076 2077/2077/2077
f 2072/2072/2072 2077/2077/2077 2076/2076/2076
f 2081/2081/2081 2076/2076/2076 2079/2079/2079
f 2078/2078/2078 2073/2073/2073 2090/2090/2090
f 2082/2082/2082 2080/2080/2080 2090/2090/2090
f 2084/2084/2084 2082/2082/2082 2090/2090/2090
f 2085/2085/2085 2091/2091/2091 2101/2101/2101
f 2085/2085/2085 2081/2081/2081 2083/2083/2083
f 2089/2089/2089 2087/2087/2087 2090/2090/2090
f 4358/4358/4358 3063/3063/3063 1975/1975/1975
f 2101/2101/2101 2070/2070/2070 2085/2085/2085
f 2088/2088/2088 2085/2085/2085 2086/2086/2086
f 2085/2085/2085 2088/2088/2088 2091/2091/2091
f 2092/2092/2092 2090/2090/2090 2095/2095/2095
f 2100/2100/2100 2095/2095/2095 2094/2094/2094
f 2084/2084/2084 2090/2090/2090 2087/2087/2087
f 2093/2093/2093 2102/2102/2102 2101/2101/2101
f 2099/2099/2099 2093/2093/2093 2101/2101/2101
f 2095/2095/2095 2098/2098/2098 2092/2092/2092
f 2101/2101/2101 2091/2091/2091 2097/2097/2097
f 2086/2086/2086 2085/2085/2085 2083/2083/2083
f 2092/2092/2092 2089/2089/2089 2090/2090/2090
f 2205/2205/2205 2204/2204/2204 2096/2096/2096
f 2065/2065/2065 2205/2205/2205 2101/2101/2101
f 2205/2205/2205 2096/2096/2096 2101/2101/2101
f 2099/2099/2099 2101/2101/2101 2097/2097/2097
f 2107/2107/2107 2065/2065/2065 2101/2101/2101
f 2205/2205/2205 2065/2065/2065 2063/2063/2063
f 2098/2098/2098 2095/2095/2095 2100/2100/2100
f 2090/2090/2090 2413/2413/2413 2109/2109/2109
f 2248/2248/2248 2109/2109/2109 2413/2413/2413
f 2095/2095/2095 2090/2090/2090 2109/2109/2109
f 2064/2064/2064 2067/2067/2067 2105/2105/2105
f 2102/2102/2102 2107/2107/2107 2101/2101/2101
f 2106/2106/2106 2109/2109/2109 2110/2110/2110
f 2067/2067/2067 2066/2066/2066 2108/2108/2108
f 2067/2067/2067 2103/2103/2103 2095/2095/2095
f 2094/2094/2094 2095/2095/2095 2103/2103/2103
f 2109/2109/2109 2106/2106/2106 2095/2095/2095
f 2095/2095/2095 2106/2106/2106 2067/2067/2067
f 2106/2106/2106 2110/2110/2110 2200/2200/2200
f 2103/2103/2103 2067/2067/2067 2108/2108/2108
f 2073/2073/2073 2075/2075/2075 2413/2413/2413
f 2888/2888/2888 3709/3709/3709 2113/2113/2113
f 2887/2887/2887 2112/2112/2112 3673/3673/3673
f 2114/2114/2114 2111/2111/2111 2164/2164/2164
f 2111/2111/2111 2114/2114/2114 2163/2163/2163
f 2885/2885/2885 2061/2061/2061 2056/2056/2056
f 2146/2146/2146 2117/2117/2117 2144/2144/2144
f 2062/2062/2062 2053/2053/2053 2057/2057/2057
f 2123/2123/2123 2062/2062/2062 2120/2120/2120
f 2123/2123/2123 2118/2118/2118 2122/2122/2122
f 2885/2885/2885 2119/2119/2119 2061/2061/2061
f 2123/2123/2123 2053/2053/2053 2062/2062/2062
f 2885/2885/2885 2124/2124/2124 2115/2115/2115
f 2119/2119/2119 2885/2885/2885 2115/2115/2115
f 2116/2116/2116 2123/2123/2123 2120/2120/2120
f 2123/2123/2123 2058/2058/2058 2053/2053/2053
f 2143/2143/2143 2124/2124/2124 2125/2125/2125
f 2164/2164/2164 2126/2126/2126 2136/2136/2136
f 2124/2124/2124 2135/2135/2135 2125/2125/2125
f 2111/2111/2111 2163/2163/2163 2154/2154/2154
f 2124/2124/2124 2129/2129/2129 2115/2115/2115
f 2058/2058/2058 2123/2123/2123 2128/2128/2128
f 2132/2132/2132 2164/2164/2164 2136/2136/2136
f 2123/2123/2123 2134/2134/2134 2128/2128/2128
f 2138/2138/2138 2134/2134/2134 2123/2123/2123
f 2134/2134/2134 2140/2140/2140 2128/2128/2128
f 2138/2138/2138 2123/2123/2123 2122/2122/2122
f 2133/2133/2133 2146/2146/2146 2139/2139/2139
f 2124/2124/2124 2885/2885/2885 3673/3673/3673
f 2126/2126/2126 2164/2164/2164 2146/2146/2146
f 2142/2142/2142 2164/2164/2164 2132/2132/2132
f 2131/2131/2131 3673/3673/3673 2141/2141/2141
f 2116/2116/2116 2130/2130/2130 2123/2123/2123
f 2124/2124/2124 2143/2143/2143 2129/2129/2129
f 2145/2145/2145 2118/2118/2118 2123/2123/2123
f 3673/3673/3673 2112/2112/2112 2141/2141/2141
f 2124/2124/2124 2131/2131/2131 2135/2135/2135
f 3673/3673/3673 2131/2131/2131 2124/2124/2124
f 2123/2123/2123 2130/2130/2130 2145/2145/2145
f 2146/2146/2146 2137/2137/2137 2121/2121/2121
f 2144/2144/2144 2126/2126/2126 2146/2146/2146
f 2146/2146/2146 2121/2121/2121 2117/2117/2117
f 2139/2139/2139 2146/2146/2146 2147/2147/2147
f 2137/2137/2137 2146/2146/2146 2133/2133/2133
f 2146/2146/2146 2111/2111/2111 2147/2147/2147
f 2128/2128/2128 2149/2149/2149 2153/2153/2153
f 1312/1312/1312 2150/2150/2150 2154/2154/2154
f 2128/2128/2128 2153/2153/2153 2127/2127/2127
f 2140/2140/2140 2149/2149/2149 2128/2128/2128
f 2156/2156/2156 2160/2160/2160 2127/2127/2127
f 2148/2148/2148 2147/2147/2147 2152/2152/2152
f 2159/2159/2159 2165/2165/2165 2161/2161/2161
f 2165/2165/2165 2155/2155/2155 2147/2147/2147
f 2147/2147/2147 2157/2157/2157 2152/2152/2152
f 2165/2165/2165 2147/2147/2147 2151/2151/2151
f 2158/2158/2158 2127/2127/2127 2153/2153/2153
f 3719/3719/3719 2114/2114/2114 2164/2164/2164
f 2127/2127/2127 2158/2158/2158 2156/2156/2156
f 2139/2139/2139 2147/2147/2147 2148/2148/2148
f 2165/2165/2165 2159/2159/2159 2155/2155/2155
f 2147/2147/2147 2155/2155/2155 2157/2157/2157
f 2151/2151/2151 2147/2147/2147 2154/2154/2154
f 2154/2154/2154 2147/2147/2147 2111/2111/2111
f 2113/2113/2113 2164/2164/2164 2142/2142/2142
f 2151/2151/2151 2150/2150/2150 2206/2206/2206
f 3709/3709/3709 2164/2164/2164 2113/2113/2113
f 3709/3709/3709 3719/3719/3719 2164/2164/2164
f 2150/2150/2150 2151/2151/2151 2154/2154/2154
f 2164/2164/2164 2111/2111/2111 2146/2146/2146
f 2166/2166/2166 2165/2165/2165 2168/2168/2168
f 2161/2161/2161 2165/2165/2165 2166/2166/2166
f 2174/2174/2174 2162/2162/2162 2167/2167/2167
f 2169/2169/2169 2174/2174/2174 2167/2167/2167
f 2162/2162/2162 2174/2174/2174 2160/2160/2160
f 2128/2128/2128 2174/2174/2174 2170/2170/2170
f 2174/2174/2174 2128/2128/2128 2127/2127/2127
f 2160/2160/2160 2174/2174/2174 2127/2127/2127
f 2059/2059/2059 2058/2058/2058 2128/2128/2128
f 2197/2197/2197 2171/2171/2171 2170/2170/2170
f 2059/2059/2059 2128/2128/2128 2170/2170/2170
f 2170/2170/2170 2171/2171/2171 2059/2059/2059
f 2059/2059/2059 2171/2171/2171 2042/2042/2042
f 2172/2172/2172 2197/2197/2197 2199/2199/2199
f 2172/2172/2172 2199/2199/2199 2361/2361/2361
f 2040/2040/2040 2042/2042/2042 2171/2171/2171
f 2197/2197/2197 2172/2172/2172 2171/2171/2171
f 2193/2193/2193 2194/2194/2194 2201/2201/2201
f 2174/2174/2174 2173/2173/2173 2197/2197/2197
f 2193/2193/2193 2201/2201/2201 2173/2173/2173
f 2170/2170/2170 2174/2174/2174 2197/2197/2197
f 2204/2204/2204 2068/2068/2068 2175/2175/2175
f 2176/2176/2176 2069/2069/2069 2067/2067/2067
f 2175/2175/2175 2177/2177/2177 2204/2204/2204
f 2176/2176/2176 2067/2067/2067 2194/2194/2194
f 2177/2177/2177 2181/2181/2181 2204/2204/2204
f 2185/2185/2185 2203/2203/2203 2183/2183/2183
f 2204/2204/2204 2195/2195/2195 2203/2203/2203
f 2176/2176/2176 2194/2194/2194 2178/2178/2178
f 2184/2184/2184 2180/2180/2180 2193/2193/2193
f 2192/2192/2192 2182/2182/2182 2194/2194/2194
f 2186/2186/2186 2184/2184/2184 2193/2193/2193
f 2191/2191/2191 2195/2195/2195 2204/2204/2204
f 2193/2193/2193 2196/2196/2196 2194/2194/2194
f 2188/2188/2188 2190/2190/2190 2193/2193/2193
f 2195/2195/2195 2189/2189/2189 2203/2203/2203
f 2182/2182/2182 2178/2178/2178 2194/2194/2194
f 2193/2193/2193 2190/2190/2190 2196/2196/2196
f 2187/2187/2187 2203/2203/2203 2189/2189/2189
f 2196/2196/2196 2192/2192/2192 2194/2194/2194
f 2174/2174/2174 2193/2193/2193 2173/2173/2173
f 2193/2193/2193 2169/2169/2169 2186/2186/2186
f 2204/2204/2204 2181/2181/2181 2191/2191/2191
f 2180/2180/2180 2188/2188/2188 2193/2193/2193
f 2179/2179/2179 2203/2203/2203 2187/2187/2187
f 2165/2165/2165 2185/2185/2185 2168/2168/2168
f 2165/2165/2165 2203/2203/2203 2185/2185/2185
f 2183/2183/2183 2203/2203/2203 2179/2179/2179
f 2169/2169/2169 2193/2193/2193 2174/2174/2174
f 2173/2173/2173 2200/2200/2200 2198/2198/2198
f 2199/2199/2199 2173/2173/2173 2198/2198/2198
f 2197/2197/2197 2173/2173/2173 2199/2199/2199
f 2201/2201/2201 2200/2200/2200 2173/2173/2173
f 2106/2106/2106 2194/2194/2194 2067/2067/2067
f 2201/2201/2201 2194/2194/2194 2106/2106/2106
f 2106/2106/2106 2200/2200/2200 2201/2201/2201
f 2165/2165/2165 2151/2151/2151 2203/2203/2203
f 2203/2203/2203 2206/2206/2206 2202/2202/2202
f 2151/2151/2151 2206/2206/2206 2203/2203/2203
f 2096/2096/2096 2204/2204/2204 2202/2202/2202
f 2096/2096/2096 2202/2202/2202 2037/2037/2037
f 2205/2205/2205 2063/2063/2063 2104/2104/2104
f 2202/2202/2202 1301/1301/1301 2037/2037/2037
f 2204/2204/2204 2205/2205/2205 2104/2104/2104
f 1301/1301/1301 2202/2202/2202 2206/2206/2206
f 2104/2104/2104 2068/2068/2068 2204/2204/2204
f 2069/2069/2069 2105/2105/2105 2067/2067/2067
f 2150/2150/2150 1313/1313/1313 2206/2206/2206
f 2203/2203/2203 2202/2202/2202 2204/2204/2204
f 2381/2381/2381 2210/2210/2210 2380/2380/2380
f 2210/2210/2210 2381/2381/2381 2208/2208/2208
f 2210/2210/2210 2208/2208/2208 2209/2209/2209
f 2211/2211/2211 2209/2209/2209 2208/2208/2208
f 2211/2211/2211 2258/2258/2258 2209/2209/2209
f 2210/2210/2210 2209/2209/2209 2207/2207/2207
f 2213/2213/2213 2230/2230/2230 2229/2229/2229
f 2207/2207/2207 2212/2212/2212 2275/2275/2275
f 2275/2275/2275 2212/2212/2212 2213/2213/2213
f 2275/2275/2275 2268/2268/2268 2207/2207/2207
f 2275/2275/2275 2213/2213/2213 2273/2273/2273
f 2214/2214/2214 2039/2039/2039 2220/2220/2220
f 2232/2232/2232 2039/2039/2039 2214/2214/2214
f 2213/2213/2213 2212/2212/2212 2259/2259/2259
f 2229/2229/2229 2273/2273/2273 2213/2213/2213
f 2215/2215/2215 2325/2325/2325 2229/2229/2229
f 2231/2231/2231 2215/2215/2215 2229/2229/2229
f 2215/2215/2215 2217/2217/2217 2219/2219/2219
f 2220/2220/2220 2216/2216/2216 2214/2214/2214
f 2221/2221/2221 2214/2214/2214 2216/2216/2216
f 2227/2227/2227 2214/2214/2214 2221/2221/2221
f 2215/2215/2215 2222/2222/2222 2217/2217/2217
f 2214/2214/2214 2227/2227/2227 2223/2223/2223
f 2224/2224/2224 2228/2228/2228 2231/2231/2231
f 2214/2214/2214 2223/2223/2223 2225/2225/2225
f 2215/2215/2215 2231/2231/2231 2228/2228/2228
f 2226/2226/2226 2224/2224/2224 2231/2231/2231
f 2222/2222/2222 2215/2215/2215 2228/2228/2228
f 2229/2229/2229 2325/2325/2325 2345/2345/2345
f 2234/2234/2234 2231/2231/2231 2236/2236/2236
f 2236/2236/2236 2231/2231/2231 2239/2239/2239
f 2238/2238/2238 2236/2236/2236 2239/2239/2239
f 2232/2232/2232 2409/2409/2409 2410/2410/2410
f 2259/2259/2259 2246/2246/2246 2213/2213/2213
f 2232/2232/2232 2242/2242/2242 2244/2244/2244
f 2241/2241/2241 2239/2239/2239 2243/2243/2243
f 2243/2243/2243 2239/2239/2239 2245/2245/2245
f 2225/2225/2225 2233/2233/2233 2214/2214/2214
f 2229/2229/2229 2230/2230/2230 2231/2231/2231
f 2240/2240/2240 2242/2242/2242 2232/2232/2232
f 2240/2240/2240 2232/2232/2232 2237/2237/2237
f 2241/2241/2241 2238/2238/2238 2239/2239/2239
f 2214/2214/2214 2233/2233/2233 2235/2235/2235
f 2234/2234/2234 2226/2226/2226 2231/2231/2231
f 2232/2232/2232 2214/2214/2214 2235/2235/2235
f 2232/2232/2232 2235/2235/2235 2237/2237/2237
f 2246/2246/2246 2230/2230/2230 2213/2213/2213
f 2231/2231/2231 2230/2230/2230 2239/2239/2239
f 2230/2230/2230 2246/2246/2246 2239/2239/2239
f 2345/2345/2345 2273/2273/2273 2229/2229/2229
f 2250/2250/2250 2257/2257/2257 2252/2252/2252
f 2409/2409/2409 2232/2232/2232 2244/2244/2244
f 2409/2409/2409 2244/2244/2244 2249/2249/2249
f 2256/2256/2256 2257/2257/2257 2254/2254/2254
f 2249/2249/2249 2251/2251/2251 2409/2409/2409
f 2409/2409/2409 2251/2251/2251 2255/2255/2255
f 2245/2245/2245 2239/2239/2239 2257/2257/2257
f 2257/2257/2257 2239/2239/2239 2246/2246/2246
f 2248/2248/2248 2413/2413/2413 2257/2257/2257
f 2257/2257/2257 2256/2256/2256 2252/2252/2252
f 2257/2257/2257 2250/2250/2250 2245/2245/2245
f 2258/2258/2258 2247/2247/2247 2259/2259/2259
f 2248/2248/2248 2257/2257/2257 2247/2247/2247
f 2211/2211/2211 2248/2248/2248 2247/2247/2247
f 2211/2211/2211 2247/2247/2247 2258/2258/2258
f 2247/2247/2247 2246/2246/2246 2259/2259/2259
f 2257/2257/2257 2246/2246/2246 2247/2247/2247
f 2212/2212/2212 2209/2209/2209 2259/2259/2259
f 2209/2209/2209 2258/2258/2258 2259/2259/2259
f 2209/2209/2209 2212/2212/2212 2207/2207/2207
f 2394/2394/2394 2263/2263/2263 2871/2871/2871
f 2263/2263/2263 2394/2394/2394 2269/2269/2269
f 2263/2263/2263 2262/2262/2262 2865/2865/2865
f 2262/2262/2262 2270/2270/2270 2260/2260/2260
f 2262/2262/2262 2263/2263/2263 2270/2270/2270
f 2262/2262/2262 2260/2260/2260 2261/2261/2261
f 2264/2264/2264 2261/2261/2261 2260/2260/2260
f 2335/2335/2335 2265/2265/2265 2266/2266/2266
f 2264/2264/2264 2266/2266/2266 2261/2261/2261
f 2336/2336/2336 2335/2335/2335 2266/2266/2266
f 2264/2264/2264 2336/2336/2336 2266/2266/2266
f 2274/2274/2274 2336/2336/2336 2264/2264/2264
f 2264/2264/2264 2271/2271/2271 2274/2274/2274
f 2268/2268/2268 2270/2270/2270 2267/2267/2267
f 2269/2269/2269 2380/2380/2380 2267/2267/2267
f 2268/2268/2268 2267/2267/2267 2207/2207/2207
f 2210/2210/2210 2267/2267/2267 2380/2380/2380
f 2210/2210/2210 2207/2207/2207 2267/2267/2267
f 2269/2269/2269 2270/2270/2270 2263/2263/2263
f 2267/2267/2267 2270/2270/2270 2269/2269/2269
f 2272/2272/2272 2270/2270/2270 2268/2268/2268
f 2260/2260/2260 2272/2272/2272 2271/2271/2271
f 2272/2272/2272 2260/2260/2260 2270/2270/2270
f 2264/2264/2264 2260/2260/2260 2271/2271/2271
f 2345/2345/2345 2300/2300/2300 2273/2273/2273
f 2272/2272/2272 2275/2275/2275 2271/2271/2271
f 2272/2272/2272 2268/2268/2268 2275/2275/2275
f 2273/2273/2273 2300/2300/2300 2274/2274/2274
f 2273/2273/2273 2274/2274/2274 2271/2271/2271
f 2271/2271/2271 2275/2275/2275 2273/2273/2273
f 2286/2286/2286 2279/2279/2279 2283/2283/2283
f 2282/2282/2282 2284/2284/2284 2285/2285/2285
f 2279/2279/2279 2469/2469/2469 2283/2283/2283
f 2469/2469/2469 2277/2277/2277 2283/2283/2283
f 2291/2291/2291 2284/2284/2284 2287/2287/2287
f 2284/2284/2284 2289/2289/2289 2285/2285/2285
f 2291/2291/2291 2289/2289/2289 2284/2284/2284
f 2290/2290/2290 2292/2292/2292 2279/2279/2279
f 2290/2290/2290 2279/2279/2279 2286/2286/2286
f 2284/2284/2284 2342/2342/2342 2293/2293/2293
f 1410/1410/1410 2279/2279/2279 2278/2278/2278
f 2287/2287/2287 2284/2284/2284 2293/2293/2293
f 2287/2287/2287 2293/2293/2293 2294/2294/2294
f 2288/2288/2288 2279/2279/2279 2292/2292/2292
f 2294/2294/2294 2293/2293/2293 2298/2298/2298
f 2299/2299/2299 2297/2297/2297 2278/2278/2278
f 2295/2295/2295 2299/2299/2299 2278/2278/2278
f 2293/2293/2293 2296/2296/2296 2298/2298/2298
f 2288/2288/2288 2295/2295/2295 2279/2279/2279
f 2278/2278/2278 2279/2279/2279 2295/2295/2295
f 2293/2293/2293 2280/2280/2280 2296/2296/2296
f 2279/2279/2279 1410/1410/1410 2469/2469/2469
f 2281/2281/2281 2278/2278/2278 2297/2297/2297
f 2301/2301/2301 2300/2300/2300 2345/2345/2345
f 2337/2337/2337 2274/2274/2274 2300/2300/2300
f 2337/2337/2337 2300/2300/2300 2301/2301/2301
f 2301/2301/2301 2342/2342/2342 2337/2337/2337
f 2301/2301/2301 2345/2345/2345 2346/2346/2346
f 2220/2220/2220 2218/2218/2218 2216/2216/2216
f 2304/2304/2304 2307/2307/2307 1864/1864/1864
f 2307/2307/2307 2304/2304/2304 2313/2313/2313
f 2310/2310/2310 2326/2326/2326 2316/2316/2316
f 2310/2310/2310 2328/2328/2328 2326/2326/2326
f 2327/2327/2327 2309/2309/2309 2304/2304/2304
f 2328/2328/2328 2329/2329/2329 2326/2326/2326
f 2304/2304/2304 2309/2309/2309 2315/2315/2315
f 2220/2220/2220 2317/2317/2317 2218/2218/2218
f 2325/2325/2325 2332/2332/2332 2326/2326/2326
f 2318/2318/2318 2215/2215/2215 2219/2219/2219
f 2333/2333/2333 2317/2317/2317 2220/2220/2220
f 2215/2215/2215 2319/2319/2319 2325/2325/2325
f 2319/2319/2319 2332/2332/2332 2325/2325/2325
f 2321/2321/2321 2323/2323/2323 1864/1864/1864
f 2326/2326/2326 2345/2345/2345 2325/2325/2325
f 2304/2304/2304 2315/2315/2315 2330/2330/2330
f 2215/2215/2215 2334/2334/2334 2319/2319/2319
f 2318/2318/2318 2334/2334/2334 2215/2215/2215
f 2324/2324/2324 2319/2319/2319 2334/2334/2334
f 2314/2314/2314 2332/2332/2332 2319/2319/2319
f 2331/2331/2331 2316/2316/2316 2332/2332/2332
f 2323/2323/2323 2333/2333/2333 1864/1864/1864
f 2326/2326/2326 2332/2332/2332 2316/2316/2316
f 2326/2326/2326 2329/2329/2329 2320/2320/2320
f 2322/2322/2322 2319/2319/2319 2324/2324/2324
f 2328/2328/2328 2303/2303/2303 2329/2329/2329
f 2319/2319/2319 2308/2308/2308 2314/2314/2314
f 2319/2319/2319 2312/2312/2312 2308/2308/2308
f 2322/2322/2322 2312/2312/2312 2319/2319/2319
f 2306/2306/2306 2329/2329/2329 2303/2303/2303
f 1864/1864/1864 2311/2311/2311 2321/2321/2321
f 2333/2333/2333 2220/2220/2220 1864/1864/1864
f 1864/1864/1864 2307/2307/2307 2311/2311/2311
f 1871/1871/1871 2320/2320/2320 2329/2329/2329
f 1871/1871/1871 2329/2329/2329 2306/2306/2306
f 1875/1875/1875 1870/1870/1870 2305/2305/2305
f 2332/2332/2332 2314/2314/2314 2331/2331/2331
f 2313/2313/2313 2304/2304/2304 2330/2330/2330
f 2327/2327/2327 2304/2304/2304 2302/2302/2302
f 2305/2305/2305 2302/2302/2302 1875/1875/1875
f 2304/2304/2304 1875/1875/1875 2302/2302/2302
f 2274/2274/2274 2337/2337/2337 2336/2336/2336
f 2336/2336/2336 2337/2337/2337 2343/2343/2343
f 2343/2343/2343 2335/2335/2335 2336/2336/2336
f 2341/2341/2341 2339/2339/2339 2504/2504/2504
f 2469/2469/2469 2339/2339/2339 2277/2277/2277
f 2276/2276/2276 2284/2284/2284 2282/2282/2282
f 2338/2338/2338 2340/2340/2340 2344/2344/2344
f 2339/2339/2339 2469/2469/2469 2504/2504/2504
f 2344/2344/2344 2284/2284/2284 2276/2276/2276
f 2344/2344/2344 2276/2276/2276 2338/2338/2338
f 2465/2465/2465 2335/2335/2335 2344/2344/2344
f 2342/2342/2342 2284/2284/2284 2344/2344/2344
f 2342/2342/2342 2344/2344/2344 2343/2343/2343
f 2343/2343/2343 2337/2337/2337 2342/2342/2342
f 2343/2343/2343 2344/2344/2344 2335/2335/2335
f 2345/2345/2345 2326/2326/2326 2346/2346/2346
f 2278/2278/2278 2348/2348/2348 1915/1915/1915
f 2346/2346/2346 2354/2354/2354 2293/2293/2293
f 2348/2348/2348 1898/1898/1898 1915/1915/1915
f 2326/2326/2326 2320/2320/2320 2346/2346/2346
f 2301/2301/2301 2293/2293/2293 2342/2342/2342
f 2347/2347/2347 2349/2349/2349 2354/2354/2354
f 2348/2348/2348 2278/2278/2278 2350/2350/2350
f 2354/2354/2354 2349/2349/2349 2351/2351/2351
f 2278/2278/2278 2352/2352/2352 2350/2350/2350
f 2353/2353/2353 2354/2354/2354 2320/2320/2320
f 2351/2351/2351 2280/2280/2280 2354/2354/2354
f 2293/2293/2293 2354/2354/2354 2280/2280/2280
f 2278/2278/2278 2281/2281/2281 2352/2352/2352
f 2301/2301/2301 2346/2346/2346 2293/2293/2293
f 2346/2346/2346 2320/2320/2320 2354/2354/2354
f 2355/2355/2355 2374/2374/2374 3371/3371/3371
f 3390/3390/3390 2355/2355/2355 3371/3371/3371
f 2356/2356/2356 2355/2355/2355 3390/3390/3390
f 2355/2355/2355 2357/2357/2357 2374/2374/2374
f 2356/2356/2356 2040/2040/2040 2358/2358/2358
f 2358/2358/2358 2357/2357/2357 2355/2355/2355
f 2355/2355/2355 2356/2356/2356 2358/2358/2358
f 2359/2359/2359 2358/2358/2358 2040/2040/2040
f 2378/2378/2378 2358/2358/2358 2360/2360/2360
f 2172/2172/2172 2361/2361/2361 2359/2359/2359
f 2358/2358/2358 2359/2359/2359 2360/2360/2360
f 2362/2362/2362 2360/2360/2360 2359/2359/2359
f 2362/2362/2362 2377/2377/2377 2360/2360/2360
f 2389/2389/2389 2362/2362/2362 2388/2388/2388
f 2388/2388/2388 2362/2362/2362 2359/2359/2359
f 2359/2359/2359 2361/2361/2361 2388/2388/2388
f 2367/2367/2367 2363/2363/2363 2364/2364/2364
f 2365/2365/2365 2400/2400/2400 2366/2366/2366
f 2366/2366/2366 2400/2400/2400 2363/2363/2363
f 2363/2363/2363 2404/2404/2404 2364/2364/2364
f 2366/2366/2366 2363/2363/2363 2367/2367/2367
f 2680/2680/2680 2438/2438/2438 2364/2364/2364
f 2680/2680/2680 2364/2364/2364 2404/2404/2404
f 2373/2373/2373 2378/2378/2378 2366/2366/2366
f 2367/2367/2367 2373/2373/2373 2366/2366/2366
f 2404/2404/2404 2363/2363/2363 2400/2400/2400
f 2364/2364/2364 2371/2371/2371 2367/2367/2367
f 2370/2370/2370 2371/2371/2371 2372/2372/2372
f 2373/2373/2373 2367/2367/2367 2371/2371/2371
f 2364/2364/2364 2372/2372/2372 2371/2371/2371
f 2364/2364/2364 2438/2438/2438 2372/2372/2372
f 2375/2375/2375 2368/2368/2368 3370/3370/3370
f 2369/2369/2369 2371/2371/2371 2370/2370/2370
f 2371/2371/2371 2369/2369/2369 2368/2368/2368
f 2368/2368/2368 2373/2373/2373 2371/2371/2371
f 2375/2375/2375 2373/2373/2373 2368/2368/2368
f 2440/2440/2440 2370/2370/2370 2372/2372/2372
f 2375/2375/2375 3370/3370/3370 3372/3372/3372
f 2374/2374/2374 2375/2375/2375 3372/3372/3372
f 2376/2376/2376 2375/2375/2375 2357/2357/2357
f 2373/2373/2373 2375/2375/2375 2376/2376/2376
f 2375/2375/2375 2374/2374/2374 2357/2357/2357
f 2358/2358/2358 2376/2376/2376 2357/2357/2357
f 2358/2358/2358 2378/2378/2378 2376/2376/2376
f 2377/2377/2377 2393/2393/2393 2365/2365/2365
f 2378/2378/2378 2377/2377/2377 2366/2366/2366
f 2365/2365/2365 2366/2366/2366 2377/2377/2377
f 2373/2373/2373 2376/2376/2376 2378/2378/2378
f 2360/2360/2360 2377/2377/2377 2378/2378/2378
f 2362/2362/2362 2389/2389/2389 2377/2377/2377
f 2381/2381/2381 2383/2383/2383 2208/2208/2208
f 2380/2380/2380 2382/2382/2382 2381/2381/2381
f 2379/2379/2379 2381/2381/2381 2382/2382/2382
f 2379/2379/2379 2387/2387/2387 2383/2383/2383
f 2381/2381/2381 2379/2379/2379 2383/2383/2383
f 2379/2379/2379 2385/2385/2385 2387/2387/2387
f 2384/2384/2384 2385/2385/2385 2403/2403/2403
f 2385/2385/2385 2379/2379/2379 2403/2403/2403
f 2384/2384/2384 2386/2386/2386 2385/2385/2385
f 2198/2198/2198 2390/2390/2390 2386/2386/2386
f 2387/2387/2387 2385/2385/2385 2386/2386/2386
f 2387/2387/2387 2386/2386/2386 2390/2390/2390
f 2200/2200/2200 2390/2390/2390 2198/2198/2198
f 2388/2388/2388 2198/2198/2198 2389/2389/2389
f 2386/2386/2386 2384/2384/2384 2389/2389/2389
f 2386/2386/2386 2389/2389/2389 2198/2198/2198
f 2199/2199/2199 2198/2198/2198 2388/2388/2388
f 2199/2199/2199 2388/2388/2388 2361/2361/2361
f 2387/2387/2387 2390/2390/2390 2391/2391/2391
f 2109/2109/2109 2392/2392/2392 2110/2110/2110
f 2391/2391/2391 2110/2110/2110 2392/2392/2392
f 2391/2391/2391 2390/2390/2390 2110/2110/2110
f 2391/2391/2391 2392/2392/2392 2383/2383/2383
f 2391/2391/2391 2383/2383/2383 2387/2387/2387
f 2383/2383/2383 2392/2392/2392 2208/2208/2208
f 2248/2248/2248 2211/2211/2211 2109/2109/2109
f 2208/2208/2208 2392/2392/2392 2211/2211/2211
f 2109/2109/2109 2211/2211/2211 2392/2392/2392
f 2393/2393/2393 2377/2377/2377 2384/2384/2384
f 2384/2384/2384 2403/2403/2403 2393/2393/2393
f 2384/2384/2384 2377/2377/2377 2389/2389/2389
f 2269/2269/2269 2396/2396/2396 2380/2380/2380
f 2380/2380/2380 2396/2396/2396 2382/2382/2382
f 2395/2395/2395 2394/2394/2394 2876/2876/2876
f 2395/2395/2395 2396/2396/2396 2394/2394/2394
f 2269/2269/2269 2394/2394/2394 2396/2396/2396
f 2379/2379/2379 2397/2397/2397 2403/2403/2403
f 2396/2396/2396 2395/2395/2395 2398/2398/2398
f 2397/2397/2397 2382/2382/2382 2398/2398/2398
f 2379/2379/2379 2382/2382/2382 2397/2397/2397
f 2398/2398/2398 2382/2382/2382 2396/2396/2396
f 2679/2679/2679 2406/2406/2406 2395/2395/2395
f 2397/2397/2397 2398/2398/2398 2401/2401/2401
f 2398/2398/2398 2395/2395/2395 2401/2401/2401
f 2395/2395/2395 2406/2406/2406 2401/2401/2401
f 2399/2399/2399 2400/2400/2400 2365/2365/2365
f 2402/2402/2402 2400/2400/2400 2399/2399/2399
f 2365/2365/2365 2393/2393/2393 2399/2399/2399
f 2402/2402/2402 2397/2397/2397 2401/2401/2401
f 2402/2402/2402 2403/2403/2403 2397/2397/2397
f 2399/2399/2399 2393/2393/2393 2403/2403/2403
f 2399/2399/2399 2403/2403/2403 2402/2402/2402
f 2402/2402/2402 2405/2405/2405 2404/2404/2404
f 2400/2400/2400 2402/2402/2402 2404/2404/2404
f 2405/2405/2405 2680/2680/2680 2404/2404/2404
f 2406/2406/2406 2402/2402/2402 2401/2401/2401
f 2405/2405/2405 2402/2402/2402 2406/2406/2406
f 2407/2407/2407 2410/2410/2410 2409/2409/2409
f 2253/2253/2253 2409/2409/2409 2255/2255/2255
f 2407/2407/2407 2253/2253/2253 2411/2411/2411
f 2254/2254/2254 2257/2257/2257 2412/2412/2412
f 2257/2257/2257 2413/2413/2413 2412/2412/2412
f 2415/2415/2415 2412/2412/2412 2413/2413/2413
f 2416/2416/2416 2076/2076/2076 2414/2414/2414
f 2076/2076/2076 2407/2407/2407 2414/2414/2414
f 2409/2409/2409 2253/2253/2253 2407/2407/2407
f 2414/2414/2414 2407/2407/2407 2411/2411/2411
f 2415/2415/2415 2413/2413/2413 2417/2417/2417
f 2076/2076/2076 2416/2416/2416 2074/2074/2074
f 2417/2417/2417 2413/2413/2413 2075/2075/2075
f 2407/2407/2407 2076/2076/2076 2408/2408/2408
f 2418/2418/2418 3126/3126/3126 3127/3127/3127
f 2420/2420/2420 3126/3126/3126 2418/2418/2418
f 2418/2418/2418 2419/2419/2419 2420/2420/2420
f 2426/2426/2426 2421/2421/2421 2420/2420/2420
f 2419/2419/2419 2425/2425/2425 2426/2426/2426
f 2419/2419/2419 2426/2426/2426 2420/2420/2420
f 2421/2421/2421 3126/3126/3126 2420/2420/2420
f 2889/2889/2889 3126/3126/3126 2421/2421/2421
f 2422/2422/2422 2423/2423/2423 2430/2430/2430
f 2419/2419/2419 2423/2423/2423 2425/2425/2425
f 2425/2425/2425 2819/2819/2819 2426/2426/2426
f 2819/2819/2819 2425/2425/2425 2424/2424/2424
f 2427/2427/2427 2425/2425/2425 2423/2423/2423
f 2672/2672/2672 2424/2424/2424 2427/2427/2427
f 2423/2423/2423 2422/2422/2422 2428/2428/2428
f 2425/2425/2425 2427/2427/2427 2424/2424/2424
f 2422/2422/2422 2669/2669/2669 2428/2428/2428
f 2669/2669/2669 2422/2422/2422 2436/2436/2436
f 2428/2428/2428 2669/2669/2669 2427/2427/2427
f 2428/2428/2428 2427/2427/2427 2423/2423/2423
f 2431/2431/2431 3159/3159/3159 2429/2429/2429
f 2430/2430/2430 2437/2437/2437 2422/2422/2422
f 2431/2431/2431 3127/3127/3127 3159/3159/3159
f 2429/2429/2429 2434/2434/2434 2430/2430/2430
f 2429/2429/2429 2430/2430/2430 2431/2431/2431
f 2419/2419/2419 2418/2418/2418 2431/2431/2431
f 3332/3332/3332 2434/2434/2434 2429/2429/2429
f 2430/2430/2430 2434/2434/2434 2437/2437/2437
f 3127/3127/3127 2431/2431/2431 2418/2418/2418
f 2430/2430/2430 2423/2423/2423 2419/2419/2419
f 2431/2431/2431 2430/2430/2430 2419/2419/2419
f 2432/2432/2432 2435/2435/2435 2433/2433/2433
f 2433/2433/2433 2434/2434/2434 2432/2432/2432
f 2890/2890/2890 2891/2891/2891 2892/2892/2892
f 2433/2433/2433 2437/2437/2437 2434/2434/2434
f 2441/2441/2441 2432/2432/2432 2892/2892/2892
f 2892/2892/2892 2432/2432/2432 2890/2890/2890
f 2434/2434/2434 3332/3332/3332 2890/2890/2890
f 2434/2434/2434 2890/2890/2890 2432/2432/2432
f 2435/2435/2435 2683/2683/2683 2436/2436/2436
f 2435/2435/2435 2439/2439/2439 2683/2683/2683
f 2435/2435/2435 2437/2437/2437 2433/2433/2433
f 2669/2669/2669 2436/2436/2436 2668/2668/2668
f 2422/2422/2422 2437/2437/2437 2436/2436/2436
f 2437/2437/2437 2435/2435/2435 2436/2436/2436
f 2440/2440/2440 2441/2441/2441 3345/3345/3345
f 2442/2442/2442 2435/2435/2435 2441/2441/2441
f 2435/2435/2435 2442/2442/2442 2439/2439/2439
f 2438/2438/2438 2680/2680/2680 2681/2681/2681
f 2681/2681/2681 2439/2439/2439 2438/2438/2438
f 2442/2442/2442 2438/2438/2438 2439/2439/2439
f 2370/2370/2370 2440/2440/2440 3345/3345/3345
f 2442/2442/2442 2440/2440/2440 2438/2438/2438
f 2372/2372/2372 2438/2438/2438 2440/2440/2440
f 2440/2440/2440 2442/2442/2442 2441/2441/2441
f 2892/2892/2892 3345/3345/3345 2441/2441/2441
f 2435/2435/2435 2432/2432/2432 2441/2441/2441
f 2660/2660/2660 2444/2444/2444 2461/2461/2461
f 2461/2461/2461 2661/2661/2661 2660/2660/2660
f 2443/2443/2443 2468/2468/2468 2444/2444/2444
f 2449/2449/2449 2448/2448/2448 2446/2446/2446
f 2445/2445/2445 2451/2451/2451 2448/2448/2448
f 2725/2725/2725 2451/2451/2451 2445/2445/2445
f 2444/2444/2444 2468/2468/2468 2460/2460/2460
f 2446/2446/2446 2448/2448/2448 2454/2454/2454
f 2453/2453/2453 2500/2500/2500 2455/2455/2455
f 2456/2456/2456 2460/2460/2460 2458/2458/2458
f 2447/2447/2447 2455/2455/2455 2500/2500/2500
f 2459/2459/2459 2500/2500/2500 2457/2457/2457
f 2500/2500/2500 2453/2453/2453 2457/2457/2457
f 2454/2454/2454 2456/2456/2456 2452/2452/2452
f 2454/2454/2454 2448/2448/2448 2460/2460/2460
f 2460/2460/2460 2456/2456/2456 2454/2454/2454
f 2460/2460/2460 2448/2448/2448 2444/2444/2444
f 2451/2451/2451 2444/2444/2444 2448/2448/2448
f 2443/2443/2443 2444/2444/2444 2660/2660/2660
f 2725/2725/2725 2461/2461/2461 2451/2451/2451
f 2444/2444/2444 2451/2451/2451 2461/2461/2461
f 2867/2867/2867 2266/2266/2266 2265/2265/2265
f 2335/2335/2335 2466/2466/2466 2265/2265/2265
f 2265/2265/2265 2468/2468/2468 2867/2867/2867
f 2466/2466/2466 2468/2468/2468 2265/2265/2265
f 2462/2462/2462 2463/2463/2463 2472/2472/2472
f 2466/2466/2466 2462/2462/2462 2467/2467/2467
f 2465/2465/2465 2462/2462/2462 2466/2466/2466
f 2466/2466/2466 2335/2335/2335 2465/2465/2465
f 2468/2468/2468 2466/2466/2466 2467/2467/2467
f 2460/2460/2460 2468/2468/2468 2467/2467/2467
f 2867/2867/2867 2468/2468/2468 2443/2443/2443
f 2472/2472/2472 2508/2508/2508 2462/2462/2462
f 2507/2507/2507 2473/2473/2473 2464/2464/2464
f 2462/2462/2462 2465/2465/2465 2470/2470/2470
f 2462/2462/2462 2470/2470/2470 2463/2463/2463
f 2471/2471/2471 2507/2507/2507 2464/2464/2464
f 2462/2462/2462 2508/2508/2508 2478/2478/2478
f 2480/2480/2480 2465/2465/2465 2476/2476/2476
f 2478/2478/2478 2467/2467/2467 2462/2462/2462
f 2474/2474/2474 2460/2460/2460 2467/2467/2467
f 2478/2478/2478 2474/2474/2474 2467/2467/2467
f 2460/2460/2460 2474/2474/2474 2482/2482/2482
f 2458/2458/2458 2460/2460/2460 2482/2482/2482
f 2477/2477/2477 2504/2504/2504 2481/2481/2481
f 2476/2476/2476 2344/2344/2344 2340/2340/2340
f 2344/2344/2344 2476/2476/2476 2465/2465/2465
f 2480/2480/2480 2505/2505/2505 2465/2465/2465
f 2470/2470/2470 2465/2465/2465 2505/2505/2505
f 2506/2506/2506 2507/2507/2507 2471/2471/2471
f 2473/2473/2473 2507/2507/2507 2509/2509/2509
f 2507/2507/2507 2502/2502/2502 2509/2509/2509
f 2507/2507/2507 2506/2506/2506 2504/2504/2504
f 2506/2506/2506 2481/2481/2481 2504/2504/2504
f 2479/2479/2479 2502/2502/2502 2475/2475/2475
f 2479/2479/2479 2509/2509/2509 2502/2502/2502
f 2483/2483/2483 2475/2475/2475 2502/2502/2502
f 2477/2477/2477 2341/2341/2341 2504/2504/2504
f 2469/2469/2469 2507/2507/2507 2504/2504/2504
f 2502/2502/2502 2507/2507/2507 2501/2501/2501
f 2507/2507/2507 2503/2503/2503 2501/2501/2501
f 2503/2503/2503 2507/2507/2507 2469/2469/2469
f 2502/2502/2502 2459/2459/2459 2483/2483/2483
f 2502/2502/2502 2500/2500/2500 2459/2459/2459
f 2499/2499/2499 2448/2448/2448 2449/2449/2449
f 2500/2500/2500 2450/2450/2450 2447/2447/2447
f 2500/2500/2500 2501/2501/2501 2510/2510/2510
f 2445/2445/2445 2448/2448/2448 2499/2499/2499
f 2445/2445/2445 2499/2499/2499 2497/2497/2497
f 2450/2450/2450 2500/2500/2500 2498/2498/2498
f 2495/2495/2495 2445/2445/2445 2497/2497/2497
f 2445/2445/2445 2491/2491/2491 2730/2730/2730
f 2491/2491/2491 2445/2445/2445 2493/2493/2493
f 2495/2495/2495 2493/2493/2493 2445/2445/2445
f 2487/2487/2487 2492/2492/2492 2494/2494/2494
f 2501/2501/2501 2500/2500/2500 2502/2502/2502
f 2500/2500/2500 2496/2496/2496 2498/2498/2498
f 2487/2487/2487 2496/2496/2496 2500/2500/2500
f 2486/2486/2486 2510/2510/2510 2489/2489/2489
f 2486/2486/2486 2487/2487/2487 2500/2500/2500
f 2488/2488/2488 2486/2486/2486 2489/2489/2489
f 2487/2487/2487 2494/2494/2494 2496/2496/2496
f 2486/2486/2486 2500/2500/2500 2510/2510/2510
f 2490/2490/2490 2492/2492/2492 2487/2487/2487
f 2487/2487/2487 2729/2729/2729 2490/2490/2490
f 2487/2487/2487 2486/2486/2486 2488/2488/2488
f 2695/2695/2695 2489/2489/2489 2485/2485/2485
f 361/361/361 2485/2485/2485 2489/2489/2489
f 2484/2484/2484 361/361/361 2510/2510/2510
f 2484/2484/2484 355/355/355 361/361/361
f 2484/2484/2484 2510/2510/2510 2501/2501/2501
f 2510/2510/2510 361/361/361 2489/2489/2489
f 2607/2607/2607 2627/2627/2627 2572/2572/2572
f 2592/2592/2592 2628/2628/2628 2626/2626/2626
f 2616/2616/2616 2628/2628/2628 2633/2633/2633
f 2633/2633/2633 2628/2628/2628 2630/2630/2630
f 2631/2631/2631 2632/2632/2632 2621/2621/2621
f 2591/2591/2591 2621/2621/2621 2629/2629/2629
f 2628/2628/2628 2627/2627/2627 2626/2626/2626
f 2621/2621/2621 2632/2632/2632 2629/2629/2629
f 2630/2630/2630 2628/2628/2628 2592/2592/2592
f 2632/2632/2632 2631/2631/2631 2615/2615/2615
f 2624/2624/2624 2607/2607/2607 2605/2605/2605
f 2625/2625/2625 2622/2622/2622 2621/2621/2621
f 2626/2626/2626 2627/2627/2627 2620/2620/2620
f 2619/2619/2619 2622/2622/2622 2625/2625/2625
f 2620/2620/2620 2627/2627/2627 2618/2618/2618
f 2607/2607/2607 2618/2618/2618 2627/2627/2627
f 2623/2623/2623 2622/2622/2622 2617/2617/2617
f 2621/2621/2621 2591/2591/2591 2625/2625/2625
f 2618/2618/2618 2607/2607/2607 2624/2624/2624
f 2623/2623/2623 2604/2604/2604 2622/2622/2622
f 2622/2622/2622 2619/2619/2619 2617/2617/2617
f 2622/2622/2622 2604/2604/2604 2586/2586/2586
f 2616/2616/2616 2614/2614/2614 2628/2628/2628
f 2611/2611/2611 2614/2614/2614 2616/2616/2616
f 2615/2615/2615 2631/2631/2631 2610/2610/2610
f 2593/2593/2593 2612/2612/2612 2631/2631/2631
f 2611/2611/2611 2613/2613/2613 2614/2614/2614
f 2607/2607/2607 2572/2572/2572 2649/2649/2649
f 2608/2608/2608 2593/2593/2593 2631/2631/2631
f 2614/2614/2614 2594/2594/2594 2609/2609/2609
f 2610/2610/2610 2631/2631/2631 2612/2612/2612
f 2614/2614/2614 2571/2571/2571 2627/2627/2627
f 2613/2613/2613 2594/2594/2594 2614/2614/2614
f 2791/2791/2791 2608/2608/2608 2631/2631/2631
f 2614/2614/2614 2627/2627/2627 2628/2628/2628
f 2606/2606/2606 2601/2601/2601 2649/2649/2649
f 2600/2600/2600 2607/2607/2607 2598/2598/2598
f 2607/2607/2607 2603/2603/2603 2605/2605/2605
f 2601/2601/2601 2607/2607/2607 2649/2649/2649
f 2607/2607/2607 2600/2600/2600 2603/2603/2603
f 2586/2586/2586 2602/2602/2602 2599/2599/2599
f 2599/2599/2599 2597/2597/2597 2586/2586/2586
f 2601/2601/2601 2598/2598/2598 2607/2607/2607
f 2586/2586/2586 2604/2604/2604 2602/2602/2602
f 2596/2596/2596 2601/2601/2601 2590/2590/2590
f 2597/2597/2597 2595/2595/2595 2586/2586/2586
f 2596/2596/2596 2598/2598/2598 2601/2601/2601
f 2595/2595/2595 2589/2589/2589 2586/2586/2586
f 2601/2601/2601 2582/2582/2582 2588/2588/2588
f 2777/2777/2777 2614/2614/2614 2609/2609/2609
f 2581/2581/2581 2585/2585/2585 2587/2587/2587
f 2589/2589/2589 2587/2587/2587 2585/2585/2585
f 2588/2588/2588 2590/2590/2590 2601/2601/2601
f 2772/2772/2772 2777/2777/2777 2609/2609/2609
f 2577/2577/2577 2601/2601/2601 2651/2651/2651
f 2862/2862/2862 2631/2631/2631 2634/2634/2634
f 2631/2631/2631 2621/2621/2621 2634/2634/2634
f 2655/2655/2655 2571/2571/2571 2614/2614/2614
f 2621/2621/2621 2622/2622/2622 2635/2635/2635
f 2585/2585/2585 2586/2586/2586 2589/2589/2589
f 2635/2635/2635 2622/2622/2622 2586/2586/2586
f 2601/2601/2601 2577/2577/2577 2584/2584/2584
f 2583/2583/2583 2585/2585/2585 2581/2581/2581
f 2577/2577/2577 2579/2579/2579 2584/2584/2584
f 2585/2585/2585 2583/2583/2583 2578/2578/2578
f 2582/2582/2582 2601/2601/2601 2584/2584/2584
f 2574/2574/2574 2576/2576/2576 2577/2577/2577
f 2575/2575/2575 2573/2573/2573 2585/2585/2585
f 2575/2575/2575 2585/2585/2585 2578/2578/2578
f 2580/2580/2580 2574/2574/2574 2577/2577/2577
f 2577/2577/2577 2576/2576/2576 2579/2579/2579
f 2614/2614/2614 2777/2777/2777 2655/2655/2655
f 2627/2627/2627 2571/2571/2571 2572/2572/2572
f 2565/2565/2565 2545/2545/2545 2567/2567/2567
f 2557/2557/2557 2570/2570/2570 2551/2551/2551
f 2565/2565/2565 2557/2557/2557 2546/2546/2546
f 2561/2561/2561 2568/2568/2568 2519/2519/2519
f 2519/2519/2519 2568/2568/2568 2512/2512/2512
f 2560/2560/2560 2550/2550/2550 2569/2569/2569
f 2718/2718/2718 2560/2560/2560 2569/2569/2569
f 2565/2565/2565 2562/2562/2562 2520/2520/2520
f 2567/2567/2567 2564/2564/2564 2565/2565/2565
f 2563/2563/2563 2547/2547/2547 2568/2568/2568
f 2554/2554/2554 2557/2557/2557 2556/2556/2556
f 2546/2546/2546 2545/2545/2545 2565/2565/2565
f 2553/2553/2553 2555/2555/2555 2537/2537/2537
f 2566/2566/2566 2547/2547/2547 2563/2563/2563
f 2544/2544/2544 2547/2547/2547 2566/2566/2566
f 2565/2565/2565 2564/2564/2564 2562/2562/2562
f 2561/2561/2561 2563/2563/2563 2568/2568/2568
f 2556/2556/2556 2557/2557/2557 2559/2559/2559
f 2547/2547/2547 2648/2648/2648 2568/2568/2568
f 2548/2548/2548 2560/2560/2560 2558/2558/2558
f 2558/2558/2558 2560/2560/2560 2555/2555/2555
f 2554/2554/2554 2543/2543/2543 2546/2546/2546
f 2546/2546/2546 2543/2543/2543 2536/2536/2536
f 2549/2549/2549 2557/2557/2557 2551/2551/2551
f 2550/2550/2550 2560/2560/2560 2548/2548/2548
f 2537/2537/2537 2542/2542/2542 2553/2553/2553
f 2549/2549/2549 2559/2559/2559 2557/2557/2557
f 2537/2537/2537 2555/2555/2555 2560/2560/2560
f 2546/2546/2546 2557/2557/2557 2554/2554/2554
f 2717/2717/2717 2557/2557/2557 2697/2697/2697
f 2557/2557/2557 2717/2717/2717 2570/2570/2570
f 2697/2697/2697 2552/2552/2552 2521/2521/2521
f 2580/2580/2580 2552/2552/2552 2516/2516/2516
f 2552/2552/2552 2697/2697/2697 2565/2565/2565
f 2580/2580/2580 2521/2521/2521 2552/2552/2552
f 2535/2535/2535 2537/2537/2537 2538/2538/2538
f 2544/2544/2544 1019/1019/1019 2547/2547/2547
f 2545/2545/2545 2546/2546/2546 2541/2541/2541
f 2565/2565/2565 2697/2697/2697 2557/2557/2557
f 2544/2544/2544 2540/2540/2540 1019/1019/1019
f 2546/2546/2546 2534/2534/2534 2541/2541/2541
f 1019/1019/1019 2540/2540/2540 2533/2533/2533
f 2523/2523/2523 1021/1021/1021 2528/2528/2528
f 2539/2539/2539 2532/2532/2532 2546/2546/2546
f 2537/2537/2537 2524/2524/2524 2529/2529/2529
f 2532/2532/2532 2534/2534/2534 2546/2546/2546
f 2560/2560/2560 2524/2524/2524 2537/2537/2537
f 2527/2527/2527 2538/2538/2538 2537/2537/2537
f 2539/2539/2539 2546/2546/2546 2536/2536/2536
f 2537/2537/2537 2535/2535/2535 2542/2542/2542
f 2526/2526/2526 1023/1023/1023 2530/2530/2530
f 1024/1024/1024 1022/1022/1022 2525/2525/2525
f 2529/2529/2529 2527/2527/2527 2537/2537/2537
f 2527/2527/2527 2531/2531/2531 2538/2538/2538
f 2528/2528/2528 1024/1024/1024 2525/2525/2525
f 2530/2530/2530 1023/1023/1023 2533/2533/2533
f 1023/1023/1023 1019/1019/1019 2533/2533/2533
f 2577/2577/2577 2521/2521/2521 2580/2580/2580
f 2521/2521/2521 2577/2577/2577 2751/2751/2751
f 1028/1028/1028 2560/2560/2560 1026/1026/1026
f 2560/2560/2560 1012/1012/1012 1026/1026/1026
f 2565/2565/2565 2520/2520/2520 2516/2516/2516
f 1030/1030/1030 2524/2524/2524 2560/2560/2560
f 1030/1030/1030 2560/2560/2560 1028/1028/1028
f 2513/2513/2513 2516/2516/2516 2520/2520/2520
f 2516/2516/2516 2552/2552/2552 2565/2565/2565
f 2517/2517/2517 2512/2512/2512 2568/2568/2568
f 2568/2568/2568 2647/2647/2647 2517/2517/2517
f 2516/2516/2516 2513/2513/2513 2518/2518/2518
f 2516/2516/2516 2518/2518/2518 2515/2515/2515
f 2501/2501/2501 2503/2503/2503 2484/2484/2484
f 2469/2469/2469 2511/2511/2511 2503/2503/2503
f 2511/2511/2511 2484/2484/2484 2503/2503/2503
f 1410/1410/1410 1414/1414/1414 2511/2511/2511
f 2469/2469/2469 1410/1410/1410 2511/2511/2511
f 2484/2484/2484 2511/2511/2511 275/275/275
f 2634/2634/2634 2621/2621/2621 2636/2636/2636
f 2621/2621/2621 2635/2635/2635 2636/2636/2636
f 2484/2484/2484 275/275/275 355/355/355
f 2637/2637/2637 2634/2634/2634 2636/2636/2636
f 2634/2634/2634 2637/2637/2637 2810/2810/2810
f 2637/2637/2637 2638/2638/2638 1017/1017/1017
f 2636/2636/2636 2644/2644/2644 2637/2637/2637
f 2636/2636/2636 2635/2635/2635 2644/2644/2644
f 2637/2637/2637 2644/2644/2644 2638/2638/2638
f 2639/2639/2639 2647/2647/2647 2641/2641/2641
f 2580/2580/2580 2516/2516/2516 2640/2640/2640
f 2580/2580/2580 2640/2640/2640 2642/2642/2642
f 2640/2640/2640 2516/2516/2516 2515/2515/2515
f 2635/2635/2635 2643/2643/2643 2644/2644/2644
f 2585/2585/2585 2643/2643/2643 2586/2586/2586
f 2642/2642/2642 2646/2646/2646 2580/2580/2580
f 2645/2645/2645 2641/2641/2641 2647/2647/2647
f 2585/2585/2585 2647/2647/2647 2643/2643/2643
f 2647/2647/2647 2648/2648/2648 2643/2643/2643
f 2514/2514/2514 2647/2647/2647 2639/2639/2639
f 2643/2643/2643 2635/2635/2635 2586/2586/2586
f 2517/2517/2517 2647/2647/2647 2514/2514/2514
f 2644/2644/2644 2643/2643/2643 1018/1018/1018
f 2573/2573/2573 2647/2647/2647 2585/2585/2585
f 2645/2645/2645 2647/2647/2647 2573/2573/2573
f 2574/2574/2574 2580/2580/2580 2646/2646/2646
f 2647/2647/2647 2568/2568/2568 2648/2648/2648
f 1018/1018/1018 2643/2643/2643 2648/2648/2648
f 1018/1018/1018 2638/2638/2638 2644/2644/2644
f 2652/2652/2652 2657/2657/2657 2665/2665/2665
f 2606/2606/2606 2649/2649/2649 2659/2659/2659
f 2751/2751/2751 2577/2577/2577 2651/2651/2651
f 2751/2751/2751 2650/2650/2650 2750/2750/2750
f 2751/2751/2751 2651/2651/2651 2650/2650/2650
f 2650/2650/2650 2651/2651/2651 2652/2652/2652
f 2601/2601/2601 2606/2606/2606 2651/2651/2651
f 2652/2652/2652 2606/2606/2606 2657/2657/2657
f 2651/2651/2651 2606/2606/2606 2652/2652/2652
f 2687/2687/2687 2692/2692/2692 2663/2663/2663
f 2687/2687/2687 2663/2663/2663 2653/2653/2653
f 2655/2655/2655 2654/2654/2654 2571/2571/2571
f 2654/2654/2654 2656/2656/2656 2653/2653/2653
f 2805/2805/2805 2656/2656/2656 2655/2655/2655
f 2655/2655/2655 2656/2656/2656 2654/2654/2654
f 2653/2653/2653 2656/2656/2656 2687/2687/2687
f 2658/2658/2658 2653/2653/2653 2663/2663/2663
f 2654/2654/2654 2653/2653/2653 2658/2658/2658
f 2572/2572/2572 2659/2659/2659 2649/2649/2649
f 2667/2667/2667 2657/2657/2657 2658/2658/2658
f 2571/2571/2571 2659/2659/2659 2572/2572/2572
f 2658/2658/2658 2659/2659/2659 2654/2654/2654
f 2654/2654/2654 2659/2659/2659 2571/2571/2571
f 2659/2659/2659 2658/2658/2658 2657/2657/2657
f 2660/2660/2660 2665/2665/2665 2664/2664/2664
f 2660/2660/2660 2664/2664/2664 2874/2874/2874
f 2665/2665/2665 2660/2660/2660 2661/2661/2661
f 2726/2726/2726 2650/2650/2650 2661/2661/2661
f 2650/2650/2650 2652/2652/2652 2665/2665/2665
f 2665/2665/2665 2661/2661/2661 2650/2650/2650
f 2869/2869/2869 2693/2693/2693 2870/2870/2870
f 2692/2692/2692 2693/2693/2693 2663/2663/2663
f 2663/2663/2663 2693/2693/2693 2869/2869/2869
f 2869/2869/2869 2662/2662/2662 2663/2663/2663
f 2667/2667/2667 2878/2878/2878 2664/2664/2664
f 2878/2878/2878 2874/2874/2874 2664/2664/2664
f 2665/2665/2665 2657/2657/2657 2667/2667/2667
f 2667/2667/2667 2664/2664/2664 2665/2665/2665
f 2662/2662/2662 2869/2869/2869 2879/2879/2879
f 2879/2879/2879 2666/2666/2666 2662/2662/2662
f 2662/2662/2662 2667/2667/2667 2663/2663/2663
f 2878/2878/2878 2667/2667/2667 2666/2666/2666
f 2658/2658/2658 2663/2663/2663 2667/2667/2667
f 2666/2666/2666 2667/2667/2667 2662/2662/2662
f 2672/2672/2672 2670/2670/2670 2768/2768/2768
f 2671/2671/2671 2669/2669/2669 2691/2691/2691
f 2672/2672/2672 2768/2768/2768 2424/2424/2424
f 2691/2691/2691 2669/2669/2669 2668/2668/2668
f 2672/2672/2672 2671/2671/2671 2670/2670/2670
f 2668/2668/2668 2682/2682/2682 2691/2691/2691
f 2689/2689/2689 2691/2691/2691 2682/2682/2682
f 2686/2686/2686 2671/2671/2671 2690/2690/2690
f 2686/2686/2686 2670/2670/2670 2671/2671/2671
f 2690/2690/2690 2671/2671/2671 2691/2691/2691
f 2691/2691/2691 2689/2689/2689 2694/2694/2694
f 2427/2427/2427 2669/2669/2669 2672/2672/2672
f 2669/2669/2669 2671/2671/2671 2672/2672/2672
f 2673/2673/2673 2677/2677/2677 2674/2674/2674
f 2674/2674/2674 2675/2675/2675 2684/2684/2684
f 2675/2675/2675 2674/2674/2674 2676/2676/2676
f 2676/2676/2676 2870/2870/2870 2694/2694/2694
f 2676/2676/2676 2674/2674/2674 2678/2678/2678
f 2694/2694/2694 2675/2675/2675 2676/2676/2676
f 2674/2674/2674 2679/2679/2679 2678/2678/2678
f 2677/2677/2677 2679/2679/2679 2674/2674/2674
f 2678/2678/2678 2679/2679/2679 2875/2875/2875
f 2876/2876/2876 2679/2679/2679 2395/2395/2395
f 2679/2679/2679 2677/2677/2677 2406/2406/2406
f 2870/2870/2870 2676/2676/2676 2678/2678/2678
f 2685/2685/2685 2439/2439/2439 2681/2681/2681
f 2682/2682/2682 2683/2683/2683 2684/2684/2684
f 2685/2685/2685 2673/2673/2673 2684/2684/2684
f 2681/2681/2681 2680/2680/2680 2673/2673/2673
f 2405/2405/2405 2406/2406/2406 2677/2677/2677
f 2405/2405/2405 2677/2677/2677 2673/2673/2673
f 2673/2673/2673 2680/2680/2680 2405/2405/2405
f 2436/2436/2436 2683/2683/2683 2682/2682/2682
f 2685/2685/2685 2683/2683/2683 2439/2439/2439
f 2685/2685/2685 2681/2681/2681 2673/2673/2673
f 2689/2689/2689 2675/2675/2675 2694/2694/2694
f 2675/2675/2675 2689/2689/2689 2682/2682/2682
f 2668/2668/2668 2436/2436/2436 2682/2682/2682
f 2682/2682/2682 2684/2684/2684 2675/2675/2675
f 2685/2685/2685 2684/2684/2684 2683/2683/2683
f 2673/2673/2673 2674/2674/2674 2684/2684/2684
f 2690/2690/2690 2688/2688/2688 2686/2686/2686
f 2686/2686/2686 2687/2687/2687 2805/2805/2805
f 2686/2686/2686 2688/2688/2688 2687/2687/2687
f 2686/2686/2686 2805/2805/2805 2670/2670/2670
f 2687/2687/2687 2656/2656/2656 2805/2805/2805
f 2687/2687/2687 2688/2688/2688 2692/2692/2692
f 2691/2691/2691 2694/2694/2694 2688/2688/2688
f 2691/2691/2691 2688/2688/2688 2690/2690/2690
f 2693/2693/2693 2692/2692/2692 2688/2688/2688
f 2694/2694/2694 2693/2693/2693 2688/2688/2688
f 2694/2694/2694 2870/2870/2870 2693/2693/2693
f 2488/2488/2488 2489/2489/2489 2696/2696/2696
f 2695/2695/2695 364/364/364 471/471/471
f 2695/2695/2695 471/471/471 1007/1007/1007
f 2488/2488/2488 2696/2696/2696 2737/2737/2737
f 2695/2695/2695 1007/1007/1007 2755/2755/2755
f 2695/2695/2695 2696/2696/2696 2489/2489/2489
f 2696/2696/2696 2695/2695/2695 2755/2755/2755
f 2696/2696/2696 2705/2705/2705 2737/2737/2737
f 2705/2705/2705 2696/2696/2696 2755/2755/2755
f 2700/2700/2700 2698/2698/2698 2705/2705/2705
f 2702/2702/2702 2711/2711/2711 2705/2705/2705
f 2704/2704/2704 2703/2703/2703 2707/2707/2707
f 2705/2705/2705 2708/2708/2708 2706/2706/2706
f 2697/2697/2697 2521/2521/2521 2710/2710/2710
f 2704/2704/2704 2709/2709/2709 2724/2724/2724
f 2718/2718/2718 2708/2708/2708 2705/2705/2705
f 2717/2717/2717 2704/2704/2704 2722/2722/2722
f 2704/2704/2704 2717/2717/2717 2697/2697/2697
f 2706/2706/2706 2702/2702/2702 2705/2705/2705
f 2752/2752/2752 2704/2704/2704 2710/2710/2710
f 2709/2709/2709 2704/2704/2704 2707/2707/2707
f 2704/2704/2704 2712/2712/2712 2703/2703/2703
f 2701/2701/2701 2704/2704/2704 2752/2752/2752
f 2701/2701/2701 2712/2712/2712 2704/2704/2704
f 2752/2752/2752 2699/2699/2699 2701/2701/2701
f 2713/2713/2713 2718/2718/2718 2569/2569/2569
f 2711/2711/2711 2700/2700/2700 2705/2705/2705
f 2716/2716/2716 2714/2714/2714 2717/2717/2717
f 2715/2715/2715 2718/2718/2718 2713/2713/2713
f 2570/2570/2570 2717/2717/2717 2714/2714/2714
f 2716/2716/2716 2717/2717/2717 2720/2720/2720
f 2723/2723/2723 2718/2718/2718 2721/2721/2721
f 2718/2718/2718 2719/2719/2719 2721/2721/2721
f 2704/2704/2704 2724/2724/2724 2722/2722/2722
f 2718/2718/2718 2715/2715/2715 2719/2719/2719
f 2717/2717/2717 2722/2722/2722 2720/2720/2720
f 2755/2755/2755 2718/2718/2718 2705/2705/2705
f 2704/2704/2704 2697/2697/2697 2710/2710/2710
f 2718/2718/2718 2723/2723/2723 2708/2708/2708
f 2749/2749/2749 2750/2750/2750 2727/2727/2727
f 2725/2725/2725 2726/2726/2726 2661/2661/2661
f 2461/2461/2461 2725/2725/2725 2661/2661/2661
f 2726/2726/2726 2727/2727/2727 2750/2750/2750
f 2750/2750/2750 2650/2650/2650 2726/2726/2726
f 2725/2725/2725 2728/2728/2728 2727/2727/2727
f 2725/2725/2725 2445/2445/2445 2728/2728/2728
f 2727/2727/2727 2728/2728/2728 2752/2752/2752
f 2725/2725/2725 2727/2727/2727 2726/2726/2726
f 2729/2729/2729 2487/2487/2487 2731/2731/2731
f 2445/2445/2445 2730/2730/2730 2732/2732/2732
f 2731/2731/2731 2487/2487/2487 2488/2488/2488
f 2445/2445/2445 2734/2734/2734 2741/2741/2741
f 2734/2734/2734 2445/2445/2445 2732/2732/2732
f 2741/2741/2741 2728/2728/2728 2445/2445/2445
f 2488/2488/2488 2733/2733/2733 2731/2731/2731
f 2739/2739/2739 2752/2752/2752 2728/2728/2728
f 2740/2740/2740 2733/2733/2733 2488/2488/2488
f 2728/2728/2728 2741/2741/2741 2736/2736/2736
f 2752/2752/2752 2745/2745/2745 2699/2699/2699
f 2743/2743/2743 2728/2728/2728 2736/2736/2736
f 2488/2488/2488 2746/2746/2746 2740/2740/2740
f 2740/2740/2740 2746/2746/2746 2735/2735/2735
f 2748/2748/2748 2739/2739/2739 2728/2728/2728
f 2742/2742/2742 2735/2735/2735 2746/2746/2746
f 2737/2737/2737 2742/2742/2742 2746/2746/2746
f 2752/2752/2752 2739/2739/2739 2745/2745/2745
f 2744/2744/2744 2738/2738/2738 2737/2737/2737
f 2705/2705/2705 2744/2744/2744 2737/2737/2737
f 2748/2748/2748 2728/2728/2728 2743/2743/2743
f 2744/2744/2744 2705/2705/2705 2698/2698/2698
f 2747/2747/2747 2737/2737/2737 2738/2738/2738
f 2737/2737/2737 2746/2746/2746 2488/2488/2488
f 2737/2737/2737 2747/2747/2747 2742/2742/2742
f 2751/2751/2751 2750/2750/2750 2749/2749/2749
f 2749/2749/2749 2727/2727/2727 2752/2752/2752
f 2749/2749/2749 2752/2752/2752 2710/2710/2710
f 2751/2751/2751 2749/2749/2749 2521/2521/2521
f 2521/2521/2521 2749/2749/2749 2710/2710/2710
f 479/479/479 2753/2753/2753 1006/1006/1006
f 1012/1012/1012 1010/1010/1010 475/475/475
f 2753/2753/2753 1014/1014/1014 1010/1010/1010
f 2754/2754/2754 2753/2753/2753 1010/1010/1010
f 2754/2754/2754 1007/1007/1007 2753/2753/2753
f 2560/2560/2560 1010/1010/1010 1012/1012/1012
f 2755/2755/2755 1007/1007/1007 2754/2754/2754
f 2754/2754/2754 1010/1010/1010 2560/2560/2560
f 2755/2755/2755 2754/2754/2754 2718/2718/2718
f 2718/2718/2718 2754/2754/2754 2560/2560/2560
f 2767/2767/2767 2756/2756/2756 2759/2759/2759
f 2756/2756/2756 2767/2767/2767 2822/2822/2822
f 2765/2765/2765 2782/2782/2782 2759/2759/2759
f 2819/2819/2819 2424/2424/2424 2768/2768/2768
f 2765/2765/2765 2759/2759/2759 2760/2760/2760
f 2756/2756/2756 2762/2762/2762 2759/2759/2759
f 2764/2764/2764 2766/2766/2766 2761/2761/2761
f 2768/2768/2768 2670/2670/2670 2806/2806/2806
f 2758/2758/2758 2770/2770/2770 2804/2804/2804
f 2860/2860/2860 2858/2858/2858 2759/2759/2759
f 2771/2771/2771 2608/2608/2608 2791/2791/2791
f 2860/2860/2860 2791/2791/2791 2862/2862/2862
f 2791/2791/2791 2631/2631/2631 2862/2862/2862
f 2782/2782/2782 2860/2860/2860 2759/2759/2759
f 2782/2782/2782 2791/2791/2791 2860/2860/2860
f 2791/2791/2791 2773/2773/2773 2775/2775/2775
f 2774/2774/2774 2777/2777/2777 2776/2776/2776
f 2772/2772/2772 2776/2776/2776 2777/2777/2777
f 2778/2778/2778 2773/2773/2773 2791/2791/2791
f 2774/2774/2774 2779/2779/2779 2800/2800/2800
f 2787/2787/2787 2785/2785/2785 2791/2791/2791
f 2782/2782/2782 2789/2789/2789 2794/2794/2794
f 2788/2788/2788 2800/2800/2800 2786/2786/2786
f 2774/2774/2774 2800/2800/2800 2777/2777/2777
f 2787/2787/2787 2791/2791/2791 2782/2782/2782
f 2791/2791/2791 2783/2783/2783 2778/2778/2778
f 2792/2792/2792 2789/2789/2789 2782/2782/2782
f 2793/2793/2793 2764/2764/2764 2790/2790/2790
f 2792/2792/2792 2782/2782/2782 2765/2765/2765
f 2764/2764/2764 2793/2793/2793 2766/2766/2766
f 2787/2787/2787 2782/2782/2782 2780/2780/2780
f 2791/2791/2791 2785/2785/2785 2783/2783/2783
f 2782/2782/2782 2794/2794/2794 2780/2780/2780
f 2786/2786/2786 2800/2800/2800 2784/2784/2784
f 2796/2796/2796 2769/2769/2769 2756/2756/2756
f 2756/2756/2756 2822/2822/2822 2796/2796/2796
f 2775/2775/2775 2771/2771/2771 2791/2791/2791
f 2800/2800/2800 2779/2779/2779 2784/2784/2784
f 2799/2799/2799 2788/2788/2788 2781/2781/2781
f 2799/2799/2799 2790/2790/2790 2764/2764/2764
f 2795/2795/2795 2799/2799/2799 2781/2781/2781
f 2799/2799/2799 2800/2800/2800 2788/2788/2788
f 2795/2795/2795 2790/2790/2790 2799/2799/2799
f 2764/2764/2764 2806/2806/2806 2799/2799/2799
f 2777/2777/2777 2800/2800/2800 2801/2801/2801
f 2797/2797/2797 2803/2803/2803 2798/2798/2798
f 2655/2655/2655 2777/2777/2777 2805/2805/2805
f 2801/2801/2801 2805/2805/2805 2777/2777/2777
f 2797/2797/2797 2798/2798/2798 2804/2804/2804
f 2806/2806/2806 2804/2804/2804 2768/2768/2768
f 2760/2760/2760 2759/2759/2759 2762/2762/2762
f 2806/2806/2806 2764/2764/2764 2804/2804/2804
f 2764/2764/2764 2763/2763/2763 2804/2804/2804
f 2798/2798/2798 2768/2768/2768 2804/2804/2804
f 2806/2806/2806 2801/2801/2801 2799/2799/2799
f 2801/2801/2801 2800/2800/2800 2799/2799/2799
f 2801/2801/2801 2670/2670/2670 2805/2805/2805
f 2796/2796/2796 2822/2822/2822 2802/2802/2802
f 2758/2758/2758 2804/2804/2804 2763/2763/2763
f 2756/2756/2756 2757/2757/2757 2762/2762/2762
f 2806/2806/2806 2670/2670/2670 2801/2801/2801
f 2797/2797/2797 2804/2804/2804 2770/2770/2770
f 2764/2764/2764 2761/2761/2761 2763/2763/2763
f 2756/2756/2756 2769/2769/2769 2757/2757/2757
f 2811/2811/2811 2807/2807/2807 2815/2815/2815
f 2808/2808/2808 890/890/890 1034/1034/1034
f 2809/2809/2809 890/890/890 2808/2808/2808
f 2807/2807/2807 2808/2808/2808 2815/2815/2815
f 2767/2767/2767 2808/2808/2808 2807/2807/2807
f 2767/2767/2767 2857/2857/2857 2808/2808/2808
f 2813/2813/2813 2808/2808/2808 1034/1034/1034
f 2808/2808/2808 2857/2857/2857 2809/2809/2809
f 1035/1035/1035 2810/2810/2810 370/370/370
f 2810/2810/2810 2863/2863/2863 2862/2862/2862
f 2862/2862/2862 2634/2634/2634 2810/2810/2810
f 1035/1035/1035 370/370/370 369/369/369
f 1035/1035/1035 2855/2855/2855 2863/2863/2863
f 2863/2863/2863 2810/2810/2810 1035/1035/1035
f 2856/2856/2856 2863/2863/2863 2855/2855/2855
f 2818/2818/2818 4135/4135/4135 3136/3136/3136
f 2811/2811/2811 2815/2815/2815 2812/2812/2812
f 1033/1033/1033 2813/2813/2813 1034/1034/1034
f 1033/1033/1033 1031/1031/1031 2813/2813/2813
f 2813/2813/2813 1031/1031/1031 2814/2814/2814
f 2813/2813/2813 2815/2815/2815 2808/2808/2808
f 2815/2815/2815 2813/2813/2813 2814/2814/2814
f 2815/2815/2815 2814/2814/2814 4135/4135/4135
f 2815/2815/2815 4135/4135/4135 2812/2812/2812
f 2818/2818/2818 2812/2812/2812 4135/4135/4135
f 2893/2893/2893 2816/2816/2816 2818/2818/2818
f 2426/2426/2426 2819/2819/2819 2821/2821/2821
f 2426/2426/2426 2821/2821/2821 2421/2421/2421
f 2820/2820/2820 2421/2421/2421 2821/2821/2821
f 2823/2823/2823 2822/2822/2822 2767/2767/2767
f 2767/2767/2767 2807/2807/2807 2823/2823/2823
f 2826/2826/2826 2823/2823/2823 2830/2830/2830
f 2830/2830/2830 2823/2823/2823 2824/2824/2824
f 2807/2807/2807 2836/2836/2836 2823/2823/2823
f 2822/2822/2822 2823/2823/2823 2826/2826/2826
f 2802/2802/2802 2822/2822/2822 2828/2828/2828
f 2836/2836/2836 2811/2811/2811 2845/2845/2845
f 2828/2828/2828 2822/2822/2822 2832/2832/2832
f 2822/2822/2822 2826/2826/2826 2832/2832/2832
f 2836/2836/2836 2837/2837/2837 2823/2823/2823
f 2845/2845/2845 2812/2812/2812 2818/2818/2818
f 2840/2840/2840 2820/2820/2820 2842/2842/2842
f 2837/2837/2837 2824/2824/2824 2823/2823/2823
f 2818/2818/2818 2816/2816/2816 2834/2834/2834
f 2841/2841/2841 2845/2845/2845 2839/2839/2839
f 2825/2825/2825 2821/2821/2821 2831/2831/2831
f 2837/2837/2837 2836/2836/2836 2843/2843/2843
f 2836/2836/2836 2841/2841/2841 2843/2843/2843
f 2827/2827/2827 2798/2798/2798 2833/2833/2833
f 2841/2841/2841 2836/2836/2836 2845/2845/2845
f 2821/2821/2821 2838/2838/2838 2844/2844/2844
f 2838/2838/2838 2821/2821/2821 2825/2825/2825
f 2842/2842/2842 2820/2820/2820 2844/2844/2844
f 2820/2820/2820 2821/2821/2821 2844/2844/2844
f 2807/2807/2807 2811/2811/2811 2836/2836/2836
f 2848/2848/2848 2845/2845/2845 2850/2850/2850
f 2845/2845/2845 2848/2848/2848 2846/2846/2846
f 2854/2854/2854 2849/2849/2849 2851/2851/2851
f 2851/2851/2851 2853/2853/2853 2854/2854/2854
f 2834/2834/2834 2852/2852/2852 2818/2818/2818
f 2854/2854/2854 2853/2853/2853 2835/2835/2835
f 2839/2839/2839 2845/2845/2845 2846/2846/2846
f 2798/2798/2798 2829/2829/2829 2833/2833/2833
f 2850/2850/2850 2845/2845/2845 2818/2818/2818
f 2818/2818/2818 2852/2852/2852 2850/2850/2850
f 2849/2849/2849 2854/2854/2854 2820/2820/2820
f 2840/2840/2840 2847/2847/2847 2820/2820/2820
f 2817/2817/2817 2854/2854/2854 2835/2835/2835
f 2854/2854/2854 2817/2817/2817 2894/2894/2894
f 2854/2854/2854 2889/2889/2889 2421/2421/2421
f 2854/2854/2854 2421/2421/2421 2820/2820/2820
f 2820/2820/2820 2847/2847/2847 2849/2849/2849
f 2831/2831/2831 2821/2821/2821 2827/2827/2827
f 2798/2798/2798 2803/2803/2803 2829/2829/2829
f 2798/2798/2798 2821/2821/2821 2819/2819/2819
f 2827/2827/2827 2821/2821/2821 2798/2798/2798
f 2768/2768/2768 2798/2798/2798 2819/2819/2819
f 2845/2845/2845 2811/2811/2811 2812/2812/2812
f 2859/2859/2859 2856/2856/2856 2809/2809/2809
f 2809/2809/2809 2856/2856/2856 2855/2855/2855
f 2767/2767/2767 2759/2759/2759 2859/2859/2859
f 2859/2859/2859 2857/2857/2857 2767/2767/2767
f 2759/2759/2759 2858/2858/2858 2859/2859/2859
f 2857/2857/2857 2859/2859/2859 2809/2809/2809
f 2859/2859/2859 2858/2858/2858 2856/2856/2856
f 2860/2860/2860 2861/2861/2861 2858/2858/2858
f 2861/2861/2861 2860/2860/2860 2862/2862/2862
f 2861/2861/2861 2863/2863/2863 2856/2856/2856
f 2856/2856/2856 2858/2858/2858 2861/2861/2861
f 2863/2863/2863 2861/2861/2861 2862/2862/2862
f 2864/2864/2864 2868/2868/2868 2873/2873/2873
f 2864/2864/2864 2262/2262/2262 2868/2868/2868
f 2261/2261/2261 2266/2266/2266 2867/2867/2867
f 2262/2262/2262 2864/2864/2864 2865/2865/2865
f 2262/2262/2262 2261/2261/2261 2867/2867/2867
f 2868/2868/2868 2262/2262/2262 2867/2867/2867
f 2678/2678/2678 2875/2875/2875 2870/2870/2870
f 2875/2875/2875 2879/2879/2879 2870/2870/2870
f 2869/2869/2869 2870/2870/2870 2879/2879/2879
f 2879/2879/2879 2875/2875/2875 2877/2877/2877
f 2864/2864/2864 2866/2866/2866 2871/2871/2871
f 2871/2871/2871 2263/2263/2263 2865/2865/2865
f 2877/2877/2877 2872/2872/2872 2866/2866/2866
f 2871/2871/2871 2865/2865/2865 2864/2864/2864
f 2872/2872/2872 2871/2871/2871 2866/2866/2866
f 2872/2872/2872 2877/2877/2877 2875/2875/2875
f 2874/2874/2874 2443/2443/2443 2660/2660/2660
f 2443/2443/2443 2873/2873/2873 2868/2868/2868
f 2873/2873/2873 2443/2443/2443 2874/2874/2874
f 2443/2443/2443 2868/2868/2868 2867/2867/2867
f 2876/2876/2876 2394/2394/2394 2871/2871/2871
f 2876/2876/2876 2871/2871/2871 2872/2872/2872
f 2679/2679/2679 2876/2876/2876 2875/2875/2875
f 2876/2876/2876 2872/2872/2872 2875/2875/2875
f 2666/2666/2666 2879/2879/2879 2877/2877/2877
f 2877/2877/2877 2866/2866/2866 2880/2880/2880
f 2878/2878/2878 2666/2666/2666 2880/2880/2880
f 2880/2880/2880 2666/2666/2666 2877/2877/2877
f 2866/2866/2866 2864/2864/2864 2880/2880/2880
f 2878/2878/2878 2880/2880/2880 2873/2873/2873
f 2873/2873/2873 2880/2880/2880 2864/2864/2864
f 2878/2878/2878 2873/2873/2873 2874/2874/2874
f 2895/2895/2895 2899/2899/2899 2897/2897/2897
f 3978/3978/3978 2900/2900/2900 2912/2912/2912
f 2899/2899/2899 2912/2912/2912 2900/2900/2900
f 2913/2913/2913 3502/3502/3502 2905/2905/2905
f 2908/2908/2908 2899/2899/2899 2902/2902/2902
f 2896/2896/2896 2913/2913/2913 2905/2905/2905
f 2895/2895/2895 2904/2904/2904 2899/2899/2899
f 2907/2907/2907 3502/3502/3502 2903/2903/2903
f 3506/3506/3506 2899/2899/2899 2908/2908/2908
f 2907/2907/2907 2905/2905/2905 3502/3502/3502
f 2906/2906/2906 2902/2902/2902 2899/2899/2899
f 2903/2903/2903 3502/3502/3502 2909/2909/2909
f 2909/2909/2909 3502/3502/3502 2911/2911/2911
f 2908/2908/2908 2910/2910/2910 3506/3506/3506
f 2904/2904/2904 2906/2906/2906 2899/2899/2899
f 3506/3506/3506 2912/2912/2912 2899/2899/2899
f 2901/2901/2901 2912/2912/2912 3506/3506/3506
f 4001/4001/4001 3526/3526/3526 2900/2900/2900
f 2931/2931/2931 2913/2913/2913 2922/2922/2922
f 2917/2917/2917 2922/2922/2922 2913/2913/2913
f 2930/2930/2930 2922/2922/2922 2916/2916/2916
f 2917/2917/2917 2919/2919/2919 2922/2922/2922
f 2921/2921/2921 2922/2922/2922 2919/2919/2919
f 2958/2958/2958 2922/2922/2922 2930/2930/2930
f 2914/2914/2914 2929/2929/2929 2915/2915/2915
f 2931/2931/2931 2922/2922/2922 2958/2958/2958
f 2974/2974/2974 3044/3044/3044 2931/2931/2931
f 2920/2920/2920 2914/2914/2914 2915/2915/2915
f 2913/2913/2913 2931/2931/2931 3044/3044/3044
f 2920/2920/2920 2918/2918/2918 2914/2914/2914
f 2932/2932/2932 2914/2914/2914 2918/2918/2918
f 2916/2916/2916 2922/2922/2922 2921/2921/2921
f 3526/3526/3526 2914/2914/2914 2900/2900/2900
f 2924/2924/2924 2926/2926/2926 2958/2958/2958
f 3526/3526/3526 2925/2925/2925 2923/2923/2923
f 2923/2923/2923 2914/2914/2914 3526/3526/3526
f 2971/2971/2971 2931/2931/2931 2958/2958/2958
f 2927/2927/2927 2929/2929/2929 2914/2914/2914
f 2958/2958/2958 2930/2930/2930 2928/2928/2928
f 2924/2924/2924 2958/2958/2958 2928/2928/2928
f 2923/2923/2923 2927/2927/2927 2914/2914/2914
f 2900/2900/2900 2914/2914/2914 2932/2932/2932
f 2899/2899/2899 2900/2900/2900 2932/2932/2932
f 2897/2897/2897 2899/2899/2899 2932/2932/2932
f 2932/2932/2932 2935/2935/2935 2933/2933/2933
f 2937/2937/2937 2932/2932/2932 2918/2918/2918
f 2917/2917/2917 2938/2938/2938 2919/2919/2919
f 2937/2937/2937 2939/2939/2939 2932/2932/2932
f 2934/2934/2934 2917/2917/2917 2898/2898/2898
f 2913/2913/2913 2896/2896/2896 2917/2917/2917
f 2936/2936/2936 2917/2917/2917 2934/2934/2934
f 2897/2897/2897 2932/2932/2932 2933/2933/2933
f 2917/2917/2917 2936/2936/2936 2940/2940/2940
f 2898/2898/2898 2917/2917/2917 2896/2896/2896
f 2939/2939/2939 2935/2935/2935 2932/2932/2932
f 2940/2940/2940 2938/2938/2938 2917/2917/2917
f 3502/3502/3502 2913/2913/2913 3059/3059/3059
f 2949/2949/2949 3220/3220/3220 2942/2942/2942
f 2949/2949/2949 3218/3218/3218 3220/3220/3220
f 2951/2951/2951 2944/2944/2944 2962/2962/2962
f 2951/2951/2951 2962/2962/2962 2953/2953/2953
f 2947/2947/2947 3220/3220/3220 2944/2944/2944
f 3209/3209/3209 2948/2948/2948 2941/2941/2941
f 2945/2945/2945 2941/2941/2941 2946/2946/2946
f 2942/2942/2942 3220/3220/3220 2947/2947/2947
f 2945/2945/2945 3209/3209/3209 2941/2941/2941
f 2952/2952/2952 2945/2945/2945 2950/2950/2950
f 3220/3220/3220 2962/2962/2962 2944/2944/2944
f 2946/2946/2946 2943/2943/2943 2945/2945/2945
f 2961/2961/2961 2945/2945/2945 2952/2952/2952
f 2943/2943/2943 2950/2950/2950 2945/2945/2945
f 2961/2961/2961 4010/4010/4010 2945/2945/2945
f 2954/2954/2954 2925/2925/2925 3526/3526/3526
f 2964/2964/2964 2960/2960/2960 2966/2966/2966
f 2962/2962/2962 2966/2966/2966 2960/2960/2960
f 2958/2958/2958 2926/2926/2926 2955/2955/2955
f 2953/2953/2953 2962/2962/2962 2960/2960/2960
f 3526/3526/3526 4010/4010/4010 2961/2961/2961
f 4043/4043/4043 4010/4010/4010 3526/3526/3526
f 2962/2962/2962 2967/2967/2967 2971/2971/2971
f 2967/2967/2967 2962/2962/2962 3220/3220/3220
f 2961/2961/2961 2959/2959/2959 2963/2963/2963
f 2954/2954/2954 3526/3526/3526 2961/2961/2961
f 2952/2952/2952 2959/2959/2959 2961/2961/2961
f 2956/2956/2956 2961/2961/2961 2968/2968/2968
f 2965/2965/2965 2961/2961/2961 2963/2963/2963
f 2961/2961/2961 2965/2965/2965 2968/2968/2968
f 2957/2957/2957 2969/2969/2969 2962/2962/2962
f 2954/2954/2954 2961/2961/2961 2956/2956/2956
f 2962/2962/2962 2969/2969/2969 2966/2966/2966
f 2962/2962/2962 2958/2958/2958 2957/2957/2957
f 2962/2962/2962 2971/2971/2971 2958/2958/2958
f 2957/2957/2957 2958/2958/2958 2955/2955/2955
f 4010/4010/4010 243/243/243 2945/2945/2945
f 2974/2974/2974 2931/2931/2931 2988/2988/2988
f 2974/2974/2974 2976/2976/2976 2973/2973/2973
f 2983/2983/2983 2988/2988/2988 2971/2971/2971
f 2983/2983/2983 2978/2978/2978 2988/2988/2988
f 2975/2975/2975 3013/3013/3013 2972/2972/2972
f 2980/2980/2980 2988/2988/2988 2978/2978/2978
f 2983/2983/2983 2982/2982/2982 2978/2978/2978
f 2987/2987/2987 2982/2982/2982 2983/2983/2983
f 2976/2976/2976 2974/2974/2974 2990/2990/2990
f 2985/2985/2985 2987/2987/2987 2983/2983/2983
f 2989/2989/2989 2991/2991/2991 2970/2970/2970
f 2975/2975/2975 2970/2970/2970 3013/3013/3013
f 2975/2975/2975 2989/2989/2989 2970/2970/2970
f 2990/2990/2990 2988/2988/2988 2992/2992/2992
f 2993/2993/2993 2991/2991/2991 2979/2979/2979
f 2993/2993/2993 2979/2979/2979 2977/2977/2977
f 3232/3232/3232 2971/2971/2971 3228/3228/3228
f 2980/2980/2980 2992/2992/2992 2988/2988/2988
f 2993/2993/2993 2970/2970/2970 2991/2991/2991
f 2981/2981/2981 2993/2993/2993 2977/2977/2977
f 2988/2988/2988 2990/2990/2990 2974/2974/2974
f 2984/2984/2984 2993/2993/2993 2986/2986/2986
f 2983/2983/2983 3227/3227/3227 2985/2985/2985
f 3226/3226/3226 3225/3225/3225 2993/2993/2993
f 3226/3226/3226 2993/2993/2993 2984/2984/2984
f 2981/2981/2981 2986/2986/2986 2993/2993/2993
f 3225/3225/3225 2970/2970/2970 2993/2993/2993
f 2971/2971/2971 2967/2967/2967 3228/3228/3228
f 2931/2931/2931 2971/2971/2971 2988/2988/2988
f 3232/3232/3232 2983/2983/2983 2971/2971/2971
f 2995/2995/2995 2996/2996/2996 3003/3003/3003
f 2995/2995/2995 3825/3825/3825 2996/2996/2996
f 2997/2997/2997 3792/3792/3792 3008/3008/3008
f 3825/3825/3825 2997/2997/2997 2996/2996/2996
f 2994/2994/2994 2996/2996/2996 2997/2997/2997
f 2994/2994/2994 2998/2998/2998 3005/3005/3005
f 2994/2994/2994 2997/2997/2997 2998/2998/2998
f 2999/2999/2999 3109/3109/3109 3114/3114/3114
f 2996/2996/2996 3000/3000/3000 3003/3003/3003
f 3001/3001/3001 2999/2999/2999 3114/3114/3114
f 3000/3000/3000 2996/2996/2996 2994/2994/2994
f 3002/3002/3002 3004/3004/3004 3001/3001/3001
f 3001/3001/3001 3000/3000/3000 2999/2999/2999
f 3203/3203/3203 3001/3001/3001 3004/3004/3004
f 3203/3203/3203 3000/3000/3000 3001/3001/3001
f 3000/3000/3000 3203/3203/3203 3003/3003/3003
f 3000/3000/3000 3005/3005/3005 2999/2999/2999
f 3005/3005/3005 3000/3000/3000 2994/2994/2994
f 2998/2998/2998 2997/2997/2997 3008/3008/3008
f 3010/3010/3010 2998/2998/2998 3008/3008/3008
f 3350/3350/3350 3007/3007/3007 3009/3009/3009
f 3953/3953/3953 3350/3350/3350 3009/3009/3009
f 3009/3009/3009 3007/3007/3007 3010/3010/3010
f 3010/3010/3010 3008/3008/3008 3009/3009/3009
f 3010/3010/3010 3362/3362/3362 2998/2998/2998
f 2999/2999/2999 3011/3011/3011 3109/3109/3109
f 3011/3011/3011 3012/3012/3012 3111/3111/3111
f 3111/3111/3111 3109/3109/3109 3011/3011/3011
f 2999/2999/2999 3005/3005/3005 2998/2998/2998
f 2998/2998/2998 3011/3011/3011 2999/2999/2999
f 3011/3011/3011 3362/3362/3362 3012/3012/3012
f 3363/3363/3363 3012/3012/3012 3362/3362/3362
f 3007/3007/3007 3362/3362/3362 3010/3010/3010
f 3011/3011/3011 2998/2998/2998 3362/3362/3362
f 3007/3007/3007 3006/3006/3006 3362/3362/3362
f 3020/3020/3020 3017/3017/3017 3015/3015/3015
f 3019/3019/3019 3078/3078/3078 3014/3014/3014
f 3016/3016/3016 3080/3080/3080 3019/3019/3019
f 3080/3080/3080 3016/3016/3016 3020/3020/3020
f 3014/3014/3014 3018/3018/3018 3019/3019/3019
f 3018/3018/3018 3016/3016/3016 3019/3019/3019
f 3018/3018/3018 3017/3017/3017 3016/3016/3016
f 3017/3017/3017 3020/3020/3020 3016/3016/3016
f 3044/3044/3044 2974/2974/2974 3022/3022/3022
f 2970/2970/2970 3248/3248/3248 3015/3015/3015
f 3017/3017/3017 2970/2970/2970 3015/3015/3015
f 3023/3023/3023 3021/3021/3021 3049/3049/3049
f 3049/3049/3049 3021/3021/3021 3013/3013/3013
f 3018/3018/3018 3049/3049/3049 3017/3017/3017
f 3017/3017/3017 3049/3049/3049 3013/3013/3013
f 3024/3024/3024 3044/3044/3044 3022/3022/3022
f 3021/3021/3021 3025/3025/3025 3013/3013/3013
f 3026/3026/3026 3022/3022/3022 2974/2974/2974
f 3025/3025/3025 2972/2972/2972 3013/3013/3013
f 2970/2970/2970 3017/3017/3017 3013/3013/3013
f 2973/2973/2973 3026/3026/3026 2974/2974/2974
f 3044/3044/3044 3048/3048/3048 3039/3039/3039
f 3058/3058/3058 2913/2913/2913 3044/3044/3044
f 3031/3031/3031 3033/3033/3033 3029/3029/3029
f 3035/3035/3035 3028/3028/3028 3037/3037/3037
f 3028/3028/3028 3035/3035/3035 3516/3516/3516
f 3032/3032/3032 3516/3516/3516 3035/3035/3035
f 3034/3034/3034 3036/3036/3036 3033/3033/3033
f 3043/3043/3043 3041/3041/3041 3028/3028/3028
f 3058/3058/3058 3043/3043/3043 3028/3028/3028
f 3040/3040/3040 3057/3057/3057 3033/3033/3033
f 3042/3042/3042 3057/3057/3057 3040/3040/3040
f 3034/3034/3034 3033/3033/3033 3031/3031/3031
f 3033/3033/3033 3036/3036/3036 3040/3040/3040
f 3028/3028/3028 3041/3041/3041 3037/3037/3037
f 3058/3058/3058 3044/3044/3044 3054/3054/3054
f 3044/3044/3044 3046/3046/3046 3048/3048/3048
f 3023/3023/3023 3049/3049/3049 3047/3047/3047
f 3023/3023/3023 3047/3047/3047 3045/3045/3045
f 3044/3044/3044 3024/3024/3024 3046/3046/3046
f 3033/3033/3033 3481/3481/3481 3476/3476/3476
f 3033/3033/3033 3052/3052/3052 3481/3481/3481
f 3033/3033/3033 3057/3057/3057 3052/3052/3052
f 3049/3049/3049 3053/3053/3053 3038/3038/3038
f 3038/3038/3038 3047/3047/3047 3049/3049/3049
f 3059/3059/3059 3058/3058/3058 3028/3028/3028
f 3044/3044/3044 3039/3039/3039 3054/3054/3054
f 3052/3052/3052 3057/3057/3057 3014/3014/3014
f 3066/3066/3066 3053/3053/3053 3049/3049/3049
f 3055/3055/3055 3053/3053/3053 3066/3066/3066
f 3066/3066/3066 3049/3049/3049 3057/3057/3057
f 3057/3057/3057 3018/3018/3018 3014/3014/3014
f 3057/3057/3057 3049/3049/3049 3018/3018/3018
f 3058/3058/3058 3054/3054/3054 3056/3056/3056
f 2913/2913/2913 3058/3058/3058 3059/3059/3059
f 3065/3065/3065 3043/3043/3043 3058/3058/3058
f 3066/3066/3066 3042/3042/3042 3064/3064/3064
f 3057/3057/3057 3042/3042/3042 3066/3066/3066
f 3051/3051/3051 3065/3065/3065 3058/3058/3058
f 3050/3050/3050 3066/3066/3066 3064/3064/3064
f 3051/3051/3051 3058/3058/3058 3056/3056/3056
f 3055/3055/3055 3066/3066/3066 3050/3050/3050
f 3068/3068/3068 3074/3074/3074 3077/3077/3077
f 3076/3076/3076 3068/3068/3068 3084/3084/3084
f 3070/3070/3070 3481/3481/3481 3075/3075/3075
f 3073/3073/3073 3070/3070/3070 3074/3074/3074
f 3075/3075/3075 3074/3074/3074 3070/3070/3070
f 3075/3075/3075 3077/3077/3077 3074/3074/3074
f 3076/3076/3076 3074/3074/3074 3068/3068/3068
f 3071/3071/3071 3073/3073/3073 3074/3074/3074
f 3052/3052/3052 3075/3075/3075 3481/3481/3481
f 3014/3014/3014 3077/3077/3077 3052/3052/3052
f 3077/3077/3077 3075/3075/3075 3052/3052/3052
f 3076/3076/3076 3072/3072/3072 3071/3071/3071
f 3078/3078/3078 3077/3077/3077 3014/3014/3014
f 3078/3078/3078 3068/3068/3068 3077/3077/3077
f 3076/3076/3076 3071/3071/3071 3074/3074/3074
f 3078/3078/3078 3019/3019/3019 3080/3080/3080
f 3080/3080/3080 3079/3079/3079 3082/3082/3082
f 3084/3084/3084 3108/3108/3108 3333/3333/3333
f 3078/3078/3078 3081/3081/3081 3068/3068/3068
f 3084/3084/3084 3083/3083/3083 3076/3076/3076
f 3081/3081/3081 3084/3084/3084 3068/3068/3068
f 3082/3082/3082 3081/3081/3081 3080/3080/3080
f 3080/3080/3080 3081/3081/3081 3078/3078/3078
f 3082/3082/3082 3084/3084/3084 3081/3081/3081
f 3082/3082/3082 3108/3108/3108 3084/3084/3084
f 3087/3087/3087 3086/3086/3086 3089/3089/3089
f 3092/3092/3092 3090/3090/3090 3087/3087/3087
f 3089/3089/3089 3092/3092/3092 3087/3087/3087
f 3099/3099/3099 3090/3090/3090 3092/3092/3092
f 3102/3102/3102 3088/3088/3088 3085/3085/3085
f 3102/3102/3102 3091/3091/3091 3088/3088/3088
f 3094/3094/3094 3090/3090/3090 3099/3099/3099
f 3102/3102/3102 3085/3085/3085 3100/3100/3100
f 3086/3086/3086 3087/3087/3087 3101/3101/3101
f 3091/3091/3091 3102/3102/3102 3098/3098/3098
f 3095/3095/3095 3102/3102/3102 3105/3105/3105
f 2886/2886/2886 3095/3095/3095 3672/3672/3672
f 3097/3097/3097 3090/3090/3090 3104/3104/3104
f 3090/3090/3090 3094/3094/3094 3104/3104/3104
f 3095/3095/3095 3103/3103/3103 3093/3093/3093
f 3098/3098/3098 3102/3102/3102 3095/3095/3095
f 3090/3090/3090 3097/3097/3097 2043/2043/2043
f 3090/3090/3090 3390/3390/3390 3087/3087/3087
f 3095/3095/3095 3093/3093/3093 3098/3098/3098
f 2043/2043/2043 3097/3097/3097 2882/2882/2882
f 2886/2886/2886 3096/3096/3096 3095/3095/3095
f 3096/3096/3096 2886/2886/2886 2881/2881/2881
f 2886/2886/2886 2883/2883/2883 2881/2881/2881
f 3103/3103/3103 3095/3095/3095 3096/3096/3096
f 3095/3095/3095 3105/3105/3105 3672/3672/3672
f 3106/3106/3106 3354/3354/3354 3108/3108/3108
f 3106/3106/3106 3108/3108/3108 3082/3082/3082
f 3115/3115/3115 3112/3112/3112 3079/3079/3079
f 3111/3111/3111 3012/3012/3012 3110/3110/3110
f 3112/3112/3112 3106/3106/3106 3079/3079/3079
f 3110/3110/3110 3107/3107/3107 3111/3111/3111
f 3107/3107/3107 3354/3354/3354 3106/3106/3106
f 3109/3109/3109 3111/3111/3111 3114/3114/3114
f 3354/3354/3354 3107/3107/3107 3361/3361/3361
f 3107/3107/3107 3110/3110/3110 3361/3361/3361
f 3112/3112/3112 3107/3107/3107 3106/3106/3106
f 3114/3114/3114 3111/3111/3111 3112/3112/3112
f 3114/3114/3114 3112/3112/3112 3115/3115/3115
f 3112/3112/3112 3111/3111/3111 3107/3107/3107
f 3106/3106/3106 3082/3082/3082 3079/3079/3079
f 3272/3272/3272 3002/3002/3002 3113/3113/3113
f 3118/3118/3118 3113/3113/3113 3116/3116/3116
f 3001/3001/3001 3114/3114/3114 3116/3116/3116
f 3116/3116/3116 3115/3115/3115 3118/3118/3118
f 3114/3114/3114 3115/3115/3115 3116/3116/3116
f 3113/3113/3113 3118/3118/3118 3249/3249/3249
f 3116/3116/3116 3002/3002/3002 3001/3001/3001
f 3002/3002/3002 3116/3116/3116 3113/3113/3113
f 3063/3063/3063 1340/1340/1340 4343/4343/4343
f 3020/3020/3020 3117/3117/3117 3080/3080/3080
f 3249/3249/3249 3020/3020/3020 3015/3015/3015
f 1972/1972/1972 1617/1617/1617 3069/3069/3069
f 1951/1951/1951 3061/3061/3061 1944/1944/1944
f 1617/1617/1617 1977/1977/1977 3069/3069/3069
f 3080/3080/3080 3117/3117/3117 3079/3079/3079
f 4360/4360/4360 3063/3063/3063 4358/4358/4358
f 3079/3079/3079 3117/3117/3117 3115/3115/3115
f 3067/3067/3067 3062/3062/3062 4349/4349/4349
f 3063/3063/3063 4338/4338/4338 1340/1340/1340
f 793/793/793 819/819/819 4365/4365/4365
f 3118/3118/3118 3115/3115/3115 3117/3117/3117
f 1975/1975/1975 4345/4345/4345 4347/4347/4347
f 4344/4344/4344 4339/4339/4339 1972/1972/1972
f 3117/3117/3117 3020/3020/3020 3249/3249/3249
f 3117/3117/3117 3249/3249/3249 3118/3118/3118
f 4341/4341/4341 1973/1973/1973 1986/1986/1986
f 595/595/595 3063/3063/3063 4360/4360/4360
f 1617/1617/1617 1985/1985/1985 4352/4352/4352
f 3124/3124/3124 3122/3122/3122 3123/3123/3123
f 3120/3120/3120 3124/3124/3124 3125/3125/3125
f 3129/3129/3129 3121/3121/3121 3122/3122/3122
f 3163/3163/3163 3123/3123/3123 3121/3121/3121
f 3123/3123/3123 3122/3122/3122 3121/3121/3121
f 3124/3124/3124 3123/3123/3123 3125/3125/3125
f 3073/3073/3073 3125/3125/3125 3424/3424/3424
f 3415/3415/3415 3123/3123/3123 3163/3163/3163
f 3122/3122/3122 3124/3124/3124 3119/3119/3119
f 3127/3127/3127 3128/3128/3128 3129/3129/3129
f 3128/3128/3128 3127/3127/3127 3126/3126/3126
f 4198/4198/4198 3571/3571/3571 4203/4203/4203
f 3136/3136/3136 4135/4135/4135 3131/3131/3131
f 3143/3143/3143 3131/3131/3131 3132/3132/3132
f 3135/3135/3135 2854/2854/2854 2894/2894/2894
f 3138/3138/3138 3140/3140/3140 3145/3145/3145
f 3139/3139/3139 3136/3136/3136 3141/3141/3141
f 3134/3134/3134 3136/3136/3136 3137/3137/3137
f 3131/3131/3131 3141/3141/3141 3136/3136/3136
f 2818/2818/2818 3134/3134/3134 2893/2893/2893
f 3136/3136/3136 3134/3134/3134 2818/2818/2818
f 3137/3137/3137 3136/3136/3136 3139/3139/3139
f 3142/3142/3142 3145/3145/3145 3140/3140/3140
f 3155/3155/3155 3151/3151/3151 3147/3147/3147
f 3132/3132/3132 3148/3148/3148 3149/3149/3149
f 3146/3146/3146 3149/3149/3149 3148/3148/3148
f 3142/3142/3142 3144/3144/3144 3145/3145/3145
f 3131/3131/3131 3148/3148/3148 3132/3132/3132
f 3156/3156/3156 3154/3154/3154 3148/3148/3148
f 3155/3155/3155 3157/3157/3157 3151/3151/3151
f 3168/3168/3168 3152/3152/3152 3156/3156/3156
f 3133/3133/3133 3145/3145/3145 3144/3144/3144
f 3135/3135/3135 3138/3138/3138 2854/2854/2854
f 3151/3151/3151 3145/3145/3145 3133/3133/3133
f 3145/3145/3145 2854/2854/2854 3138/3138/3138
f 3168/3168/3168 3156/3156/3156 3148/3148/3148
f 3150/3150/3150 3151/3151/3151 3133/3133/3133
f 2854/2854/2854 3145/3145/3145 2889/2889/2889
f 3147/3147/3147 3151/3151/3151 3150/3150/3150
f 3146/3146/3146 3148/3148/3148 3154/3154/3154
f 2889/2889/2889 3145/3145/3145 3128/3128/3128
f 3141/3141/3141 3131/3131/3131 3143/3143/3143
f 3153/3153/3153 3151/3151/3151 3157/3157/3157
f 3153/3153/3153 3174/3174/3174 3151/3151/3151
f 3145/3145/3145 3151/3151/3151 3128/3128/3128
f 3151/3151/3151 3130/3130/3130 3128/3128/3128
f 3128/3128/3128 3130/3130/3130 3129/3129/3129
f 3128/3128/3128 3126/3126/3126 2889/2889/2889
f 3330/3330/3330 3331/3331/3331 3158/3158/3158
f 2429/2429/2429 3158/3158/3158 3332/3332/3332
f 2429/2429/2429 3159/3159/3159 3158/3158/3158
f 3124/3124/3124 3330/3330/3330 3119/3119/3119
f 3330/3330/3330 3158/3158/3158 3119/3119/3119
f 3119/3119/3119 3127/3127/3127 3129/3129/3129
f 3158/3158/3158 3159/3159/3159 3119/3119/3119
f 3159/3159/3159 3127/3127/3127 3119/3119/3119
f 3119/3119/3119 3129/3129/3129 3122/3122/3122
f 3434/3434/3434 3160/3160/3160 3190/3190/3190
f 3164/3164/3164 3166/3166/3166 3162/3162/3162
f 3164/3164/3164 3162/3162/3162 3437/3437/3437
f 3190/3190/3190 3160/3160/3160 3165/3165/3165
f 3170/3170/3170 3168/3168/3168 4134/4134/4134
f 3167/3167/3167 3121/3121/3121 3130/3130/3130
f 3167/3167/3167 3195/3195/3195 3163/3163/3163
f 3121/3121/3121 3167/3167/3167 3163/3163/3163
f 3121/3121/3121 3129/3129/3129 3130/3130/3130
f 3148/3148/3148 4134/4134/4134 3168/3168/3168
f 3175/3175/3175 3171/3171/3171 3168/3168/3168
f 3168/3168/3168 3173/3173/3173 3152/3152/3152
f 3179/3179/3179 3177/3177/3177 3176/3176/3176
f 3171/3171/3171 3173/3173/3173 3168/3168/3168
f 3176/3176/3176 3177/3177/3177 3172/3172/3172
f 3178/3178/3178 3175/3175/3175 3168/3168/3168
f 3177/3177/3177 3130/3130/3130 3151/3151/3151
f 3177/3177/3177 3174/3174/3174 3172/3172/3172
f 3167/3167/3167 3183/3183/3183 3185/3185/3185
f 3151/3151/3151 3174/3174/3174 3177/3177/3177
f 3167/3167/3167 3185/3185/3185 3187/3187/3187
f 3181/3181/3181 3167/3167/3167 3177/3177/3177
f 3177/3177/3177 3179/3179/3179 3181/3181/3181
f 3167/3167/3167 3130/3130/3130 3177/3177/3177
f 3170/3170/3170 3169/3169/3169 3190/3190/3190
f 3184/3184/3184 3182/3182/3182 3168/3168/3168
f 3178/3178/3178 3168/3168/3168 3180/3180/3180
f 3167/3167/3167 3181/3181/3181 3183/3183/3183
f 3180/3180/3180 3168/3168/3168 3182/3182/3182
f 3186/3186/3186 3184/3184/3184 3170/3170/3170
f 3170/3170/3170 3188/3188/3188 3186/3186/3186
f 3190/3190/3190 3188/3188/3188 3170/3170/3170
f 3170/3170/3170 3184/3184/3184 3168/3168/3168
f 3190/3190/3190 3191/3191/3191 3188/3188/3188
f 3192/3192/3192 3194/3194/3194 3195/3195/3195
f 3189/3189/3189 3195/3195/3195 3187/3187/3187
f 3189/3189/3189 3192/3192/3192 3195/3195/3195
f 3196/3196/3196 3190/3190/3190 3198/3198/3198
f 3191/3191/3191 3190/3190/3190 3193/3193/3193
f 3194/3194/3194 3197/3197/3197 3195/3195/3195
f 3196/3196/3196 3193/3193/3193 3190/3190/3190
f 3195/3195/3195 3197/3197/3197 3164/3164/3164
f 3199/3199/3199 3164/3164/3164 3197/3197/3197
f 3201/3201/3201 3164/3164/3164 3199/3199/3199
f 3200/3200/3200 3198/3198/3198 3190/3190/3190
f 3200/3200/3200 3190/3190/3190 3165/3165/3165
f 3195/3195/3195 3167/3167/3167 3187/3187/3187
f 3164/3164/3164 3163/3163/3163 3195/3195/3195
f 3166/3166/3166 3164/3164/3164 3201/3201/3201
f 3163/3163/3163 3164/3164/3164 3437/3437/3437
f 3202/3202/3202 3004/3004/3004 3271/3271/3271
f 3004/3004/3004 3202/3202/3202 3203/3203/3203
f 3279/3279/3279 3310/3310/3310 3202/3202/3202
f 3202/3202/3202 3311/3311/3311 3204/3204/3204
f 3279/3279/3279 3202/3202/3202 3271/3271/3271
f 3004/3004/3004 3002/3002/3002 3271/3271/3271
f 3203/3203/3203 3202/3202/3202 3204/3204/3204
f 3203/3203/3203 3204/3204/3204 3003/3003/3003
f 3219/3219/3219 3218/3218/3218 3206/3206/3206
f 3221/3221/3221 3205/3205/3205 3223/3223/3223
f 3213/3213/3213 3218/3218/3218 3208/3208/3208
f 3223/3223/3223 3205/3205/3205 3212/3212/3212
f 3209/3209/3209 3207/3207/3207 3210/3210/3210
f 3218/3218/3218 3219/3219/3219 55/55/55
f 3206/3206/3206 3218/3218/3218 3213/3213/3213
f 3219/3219/3219 3206/3206/3206 3222/3222/3222
f 3209/3209/3209 3212/3212/3212 3207/3207/3207
f 2949/2949/2949 3211/3211/3211 3218/3218/3218
f 3208/3208/3208 3218/3218/3218 3211/3211/3211
f 3210/3210/3210 2948/2948/2948 3209/3209/3209
f 3224/3224/3224 3218/3218/3218 55/55/55
f 3218/3218/3218 3224/3224/3224 2967/2967/2967
f 3223/3223/3223 3212/3212/3212 3209/3209/3209
f 3220/3220/3220 3218/3218/3218 2967/2967/2967
f 3224/3224/3224 3228/3228/3228 2967/2967/2967
f 3215/3215/3215 3219/3219/3219 3222/3222/3222
f 3216/3216/3216 228/228/228 248/248/248
f 249/249/249 247/247/247 3219/3219/3219
f 3219/3219/3219 3215/3215/3215 3217/3217/3217
f 249/249/249 3219/3219/3219 3217/3217/3217
f 247/247/247 55/55/55 3219/3219/3219
f 3214/3214/3214 3221/3221/3221 3223/3223/3223
f 3214/3214/3214 228/228/228 3216/3216/3216
f 228/228/228 3214/3214/3214 3223/3223/3223
f 3225/3225/3225 3247/3247/3247 3273/3273/3273
f 165/165/165 3274/3274/3274 3228/3228/3228
f 3228/3228/3228 3224/3224/3224 165/165/165
f 3228/3228/3228 3274/3274/3274 3229/3229/3229
f 3226/3226/3226 3237/3237/3237 3225/3225/3225
f 3232/3232/3232 3227/3227/3227 2983/2983/2983
f 3230/3230/3230 3239/3239/3239 3225/3225/3225
f 3236/3236/3236 3234/3234/3234 3232/3232/3232
f 3232/3232/3232 3234/3234/3234 3238/3238/3238
f 3232/3232/3232 3238/3238/3238 3227/3227/3227
f 3229/3229/3229 3231/3231/3231 3232/3232/3232
f 3231/3231/3231 3229/3229/3229 3240/3240/3240
f 3240/3240/3240 3229/3229/3229 3242/3242/3242
f 3237/3237/3237 3233/3233/3233 3225/3225/3225
f 3235/3235/3235 3230/3230/3230 3225/3225/3225
f 3241/3241/3241 3225/3225/3225 3239/3239/3239
f 3225/3225/3225 3233/3233/3233 3235/3235/3235
f 3232/3232/3232 3231/3231/3231 3236/3236/3236
f 3247/3247/3247 3225/3225/3225 3241/3241/3241
f 3297/3297/3297 3244/3244/3244 3229/3229/3229
f 3245/3245/3245 3243/3243/3243 3247/3247/3247
f 3247/3247/3247 3241/3241/3241 3245/3245/3245
f 3246/3246/3246 3242/3242/3242 3229/3229/3229
f 3229/3229/3229 3244/3244/3244 3246/3246/3246
f 3229/3229/3229 3232/3232/3232 3228/3228/3228
f 3225/3225/3225 3273/3273/3273 3248/3248/3248
f 3273/3273/3273 3249/3249/3249 3015/3015/3015
f 3273/3273/3273 3272/3272/3272 3249/3249/3249
f 3273/3273/3273 3015/3015/3015 3248/3248/3248
f 3248/3248/3248 2970/2970/2970 3225/3225/3225
f 3257/3257/3257 3261/3261/3261 3262/3262/3262
f 3204/3204/3204 3262/3262/3262 3261/3261/3261
f 3261/3261/3261 3003/3003/3003 3204/3204/3204
f 3259/3259/3259 3250/3250/3250 3262/3262/3262
f 3250/3250/3250 3257/3257/3257 3262/3262/3262
f 161/161/161 3258/3258/3258 3251/3251/3251
f 3256/3256/3256 3254/3254/3254 161/161/161
f 3253/3253/3253 3261/3261/3261 3257/3257/3257
f 161/161/161 3254/3254/3254 3258/3258/3258
f 3322/3322/3322 3312/3312/3312 3264/3264/3264
f 3263/3263/3263 3262/3262/3262 3321/3321/3321
f 3263/3263/3263 3265/3265/3265 3262/3262/3262
f 3266/3266/3266 3264/3264/3264 3312/3312/3312
f 3262/3262/3262 3265/3265/3265 3259/3259/3259
f 3260/3260/3260 3266/3266/3266 3312/3312/3312
f 3260/3260/3260 3312/3312/3312 3251/3251/3251
f 3251/3251/3251 3312/3312/3312 161/161/161
f 3261/3261/3261 3252/3252/3252 2995/2995/2995
f 2995/2995/2995 3252/3252/3252 3527/3527/3527
f 3252/3252/3252 3269/3269/3269 236/236/236
f 3252/3252/3252 236/236/236 230/230/230
f 3269/3269/3269 3261/3261/3261 3267/3267/3267
f 3261/3261/3261 3253/3253/3253 3255/3255/3255
f 2995/2995/2995 3003/3003/3003 3261/3261/3261
f 3267/3267/3267 3261/3261/3261 3255/3255/3255
f 3261/3261/3261 3269/3269/3269 3252/3252/3252
f 3272/3272/3272 3113/3113/3113 3249/3249/3249
f 3279/3279/3279 3272/3272/3272 3273/3273/3273
f 3310/3310/3310 3279/3279/3279 3287/3287/3287
f 3002/3002/3002 3272/3272/3272 3271/3271/3271
f 3279/3279/3279 3271/3271/3271 3272/3272/3272
f 3277/3277/3277 3275/3275/3275 3310/3310/3310
f 3279/3279/3279 3247/3247/3247 3287/3287/3287
f 3283/3283/3283 3277/3277/3277 3310/3310/3310
f 3289/3289/3289 3294/3294/3294 3295/3295/3295
f 3280/3280/3280 3284/3284/3284 3286/3286/3286
f 3247/3247/3247 3279/3279/3279 3273/3273/3273
f 3280/3280/3280 3278/3278/3278 3284/3284/3284
f 3281/3281/3281 3310/3310/3310 3275/3275/3275
f 3274/3274/3274 3290/3290/3290 3295/3295/3295
f 3310/3310/3310 3287/3287/3287 3283/3283/3283
f 3285/3285/3285 3287/3287/3287 3288/3288/3288
f 3287/3287/3287 3285/3285/3285 3283/3283/3283
f 3287/3287/3287 3247/3247/3247 3296/3296/3296
f 3282/3282/3282 3276/3276/3276 3280/3280/3280
f 3278/3278/3278 3280/3280/3280 3276/3276/3276
f 3274/3274/3274 3295/3295/3295 3292/3292/3292
f 3243/3243/3243 3296/3296/3296 3247/3247/3247
f 3291/3291/3291 3287/3287/3287 3300/3300/3300
f 3292/3292/3292 3301/3301/3301 3274/3274/3274
f 3229/3229/3229 3274/3274/3274 3297/3297/3297
f 3293/3293/3293 3287/3287/3287 3291/3291/3291
f 3294/3294/3294 3292/3292/3292 3295/3295/3295
f 3287/3287/3287 3298/3298/3298 3300/3300/3300
f 3274/3274/3274 3299/3299/3299 3297/3297/3297
f 3274/3274/3274 3301/3301/3301 3299/3299/3299
f 3280/3280/3280 3286/3286/3286 3289/3289/3289
f 3288/3288/3288 3287/3287/3287 3293/3293/3293
f 3280/3280/3280 3289/3289/3289 3295/3295/3295
f 3287/3287/3287 3296/3296/3296 3298/3298/3298
f 3305/3305/3305 3307/3307/3307 3280/3280/3280
f 3204/3204/3204 3311/3311/3311 3262/3262/3262
f 3311/3311/3311 3306/3306/3306 3304/3304/3304
f 3311/3311/3311 3304/3304/3304 3308/3308/3308
f 3295/3295/3295 3290/3290/3290 164/164/164
f 3202/3202/3202 3310/3310/3310 3311/3311/3311
f 3311/3311/3311 3308/3308/3308 3302/3302/3302
f 3262/3262/3262 3311/3311/3311 3313/3313/3313
f 3305/3305/3305 3280/3280/3280 3309/3309/3309
f 3303/3303/3303 159/159/159 3318/3318/3318
f 3302/3302/3302 3317/3317/3317 3311/3311/3311
f 3306/3306/3306 3311/3311/3311 3310/3310/3310
f 3309/3309/3309 3280/3280/3280 3303/3303/3303
f 3313/3313/3313 3311/3311/3311 3317/3317/3317
f 3303/3303/3303 3280/3280/3280 159/159/159
f 3306/3306/3306 3310/3310/3310 3315/3315/3315
f 3316/3316/3316 3282/3282/3282 3280/3280/3280
f 3295/3295/3295 159/159/159 3280/3280/3280
f 3307/3307/3307 3316/3316/3316 3280/3280/3280
f 3315/3315/3315 3310/3310/3310 3281/3281/3281
f 3321/3321/3321 3262/3262/3262 3319/3319/3319
f 3312/3312/3312 3320/3320/3320 3314/3314/3314
f 3262/3262/3262 3313/3313/3313 3319/3319/3319
f 3312/3312/3312 3322/3322/3322 3320/3320/3320
f 3318/3318/3318 159/159/159 3312/3312/3312
f 3318/3318/3318 3312/3312/3312 3314/3314/3314
f 159/159/159 3295/3295/3295 164/164/164
f 159/159/159 160/160/160 3312/3312/3312
f 3083/3083/3083 3072/3072/3072 3076/3076/3076
f 3120/3120/3120 3325/3325/3325 3124/3124/3124
f 3330/3330/3330 3124/3124/3124 3325/3325/3325
f 3324/3324/3324 3325/3325/3325 3120/3120/3120
f 3324/3324/3324 3328/3328/3328 3083/3083/3083
f 3339/3339/3339 3324/3324/3324 3083/3083/3083
f 3071/3071/3071 3328/3328/3328 3120/3120/3120
f 3120/3120/3120 3125/3125/3125 3071/3071/3071
f 3324/3324/3324 3120/3120/3120 3328/3328/3328
f 3073/3073/3073 3071/3071/3071 3125/3125/3125
f 3071/3071/3071 3072/3072/3072 3328/3328/3328
f 3072/3072/3072 3083/3083/3083 3328/3328/3328
f 3323/3323/3323 3325/3325/3325 3324/3324/3324
f 3339/3339/3339 3323/3323/3323 3324/3324/3324
f 3331/3331/3331 3330/3330/3330 3325/3325/3325
f 3332/3332/3332 3331/3331/3331 2890/2890/2890
f 3329/3329/3329 3325/3325/3325 3323/3323/3323
f 3331/3331/3331 3332/3332/3332 3158/3158/3158
f 2891/2891/2891 3331/3331/3331 3329/3329/3329
f 2891/2891/2891 2890/2890/2890 3331/3331/3331
f 3325/3325/3325 3329/3329/3329 3331/3331/3331
f 3083/3083/3083 3084/3084/3084 3333/3333/3333
f 3333/3333/3333 3341/3341/3341 3340/3340/3340
f 3341/3341/3341 3342/3342/3342 3340/3340/3340
f 3342/3342/3342 3339/3339/3339 3340/3340/3340
f 3342/3342/3342 3341/3341/3341 3334/3334/3334
f 3083/3083/3083 3340/3340/3340 3339/3339/3339
f 3341/3341/3341 3333/3333/3333 3357/3357/3357
f 3333/3333/3333 3340/3340/3340 3083/3083/3083
f 3343/3343/3343 3323/3323/3323 3339/3339/3339
f 3342/3342/3342 3343/3343/3343 3339/3339/3339
f 3334/3334/3334 3343/3343/3343 3342/3342/3342
f 3346/3346/3346 3345/3345/3345 3344/3344/3344
f 3344/3344/3344 3343/3343/3343 3346/3346/3346
f 3323/3323/3323 3343/3343/3343 3329/3329/3329
f 3334/3334/3334 3346/3346/3346 3343/3343/3343
f 3344/3344/3344 3329/3329/3329 3343/3343/3343
f 2892/2892/2892 2891/2891/2891 3344/3344/3344
f 3344/3344/3344 2891/2891/2891 3329/3329/3329
f 3345/3345/3345 2892/2892/2892 3344/3344/3344
f 3006/3006/3006 3007/3007/3007 3350/3350/3350
f 3532/3532/3532 3530/3530/3530 3539/3539/3539
f 3532/3532/3532 3539/3539/3539 3533/3533/3533
f 3533/3533/3533 3534/3534/3534 3772/3772/3772
f 3533/3533/3533 3350/3350/3350 3534/3534/3534
f 3365/3365/3365 3350/3350/3350 3533/3533/3533
f 3350/3350/3350 3953/3953/3953 3534/3534/3534
f 3350/3350/3350 3365/3365/3365 3006/3006/3006
f 3365/3365/3365 3533/3533/3533 3349/3349/3349
f 3533/3533/3533 3539/3539/3539 3349/3349/3349
f 3341/3341/3341 3357/3357/3357 3334/3334/3334
f 3385/3385/3385 3334/3334/3334 3359/3359/3359
f 3359/3359/3359 3334/3334/3334 3357/3357/3357
f 3355/3355/3355 3353/3353/3353 3388/3388/3388
f 3367/3367/3367 3353/3353/3353 3355/3355/3355
f 3354/3354/3354 3333/3333/3333 3108/3108/3108
f 3358/3358/3358 3364/3364/3364 3355/3355/3355
f 3357/3357/3357 3333/3333/3333 3354/3354/3354
f 3354/3354/3354 3360/3360/3360 3357/3357/3357
f 3355/3355/3355 3388/3388/3388 3359/3359/3359
f 3355/3355/3355 3359/3359/3359 3360/3360/3360
f 1972/1972/1972 4336/4336/4336 4346/4346/4346
f 3360/3360/3360 3358/3358/3358 3355/3355/3355
f 3348/3348/3348 3356/3356/3356 1604/1604/1604
f 3027/3027/3027 1597/1597/1597 1609/1609/1609
f 1605/1605/1605 3027/3027/3027 1616/1616/1616
f 3354/3354/3354 3361/3361/3361 3360/3360/3360
f 3348/3348/3348 1540/1540/1540 3356/3356/3356
f 1615/1615/1615 3348/3348/3348 1604/1604/1604
f 1597/1597/1597 3027/3027/3027 1605/1605/1605
f 1609/1609/1609 1611/1611/1611 3027/3027/3027
f 1614/1614/1614 3027/3027/3027 1607/1607/1607
f 3358/3358/3358 3360/3360/3360 3361/3361/3361
f 1608/1608/1608 3356/3356/3356 1610/1610/1610
f 3110/3110/3110 3358/3358/3358 3361/3361/3361
f 4371/4371/4371 1544/1544/1544 1594/1594/1594
f 4373/4373/4373 3335/3335/3335 1568/1568/1568
f 3358/3358/3358 3110/3110/3110 3364/3364/3364
f 3357/3357/3357 3360/3360/3360 3359/3359/3359
f 3006/3006/3006 3363/3363/3363 3362/3362/3362
f 3367/3367/3367 3355/3355/3355 3364/3364/3364
f 3110/3110/3110 3012/3012/3012 3364/3364/3364
f 3363/3363/3363 3364/3364/3364 3012/3012/3012
f 1540/1540/1540 3352/3352/3352 3356/3356/3356
f 3327/3327/3327 1568/1568/1568 1566/1566/1566
f 1563/1563/1563 1546/1546/1546 1566/1566/1566
f 3365/3365/3365 3364/3364/3364 3363/3363/3363
f 3363/3363/3363 3006/3006/3006 3365/3365/3365
f 3366/3366/3366 3364/3364/3364 3365/3365/3365
f 3366/3366/3366 3367/3367/3367 3364/3364/3364
f 3349/3349/3349 3384/3384/3384 3365/3365/3365
f 1594/1594/1594 1593/1593/1593 1595/1595/1595
f 1596/1596/1596 1604/1604/1604 3356/3356/3356
f 3366/3366/3366 3365/3365/3365 3384/3384/3384
f 3368/3368/3368 3367/3367/3367 3366/3366/3366
f 1550/1550/1550 1595/1595/1595 4311/4311/4311
f 3384/3384/3384 3369/3369/3369 3368/3368/3368
f 4313/4313/4313 4317/4317/4317 1594/1594/1594
f 1581/1581/1581 3337/3337/3337 3338/3338/3338
f 1572/1572/1572 3338/3338/3338 4370/4370/4370
f 3368/3368/3368 3353/3353/3353 3367/3367/3367
f 4317/4317/4317 1579/1579/1579 1586/1586/1586
f 3353/3353/3353 3368/3368/3368 3389/3389/3389
f 1579/1579/1579 1584/1584/1584 1573/1573/1573
f 1578/1578/1578 4370/4370/4370 3338/3338/3338
f 1579/1579/1579 1577/1577/1577 1586/1586/1586
f 3368/3368/3368 3370/3370/3370 3389/3389/3389
f 1582/1582/1582 1575/1575/1575 4318/4318/4318
f 4371/4371/4371 1594/1594/1594 1591/1591/1591
f 3027/3027/3027 4373/4373/4373 1607/1607/1607
f 3338/3338/3338 1574/1574/1574 1040/1040/1040
f 1040/1040/1040 1583/1583/1583 1042/1042/1042
f 3338/3338/3338 1572/1572/1572 1574/1574/1574
f 1040/1040/1040 1042/1042/1042 1039/1039/1039
f 4375/4375/4375 3717/3717/3717 1040/1040/1040
f 1166/1166/1166 3348/3348/3348 1547/1547/1547
f 3067/3067/3067 4343/4343/4343 1971/1971/1971
f 3368/3368/3368 3372/3372/3372 3370/3370/3370
f 3371/3371/3371 3372/3372/3372 3369/3369/3369
f 3327/3327/3327 1566/1566/1566 1546/1546/1546
f 3327/3327/3327 1569/1569/1569 1602/1602/1602
f 1568/1568/1568 1607/1607/1607 4373/4373/4373
f 1546/1546/1546 1569/1569/1569 3327/3327/3327
f 1566/1566/1566 1568/1568/1568 4368/4368/4368
f 4368/4368/4368 770/770/770 4366/4366/4366
f 3372/3372/3372 3368/3368/3368 3369/3369/3369
f 3384/3384/3384 3368/3368/3368 3366/3366/3366
f 1977/1977/1977 4335/4335/4335 3069/3069/3069
f 3347/3347/3347 1941/1941/1941 1569/1569/1569
f 3375/3375/3375 3369/3369/3369 3382/3382/3382
f 4366/4366/4366 793/793/793 4353/4353/4353
f 3382/3382/3382 3539/3539/3539 3383/3383/3383
f 3105/3105/3105 3373/3373/3373 3774/3774/3774
f 3539/3539/3539 3536/3536/3536 3374/3374/3374
f 3369/3369/3369 3384/3384/3384 3382/3382/3382
f 3539/3539/3539 3538/3538/3538 3536/3536/3536
f 3774/3774/3774 3373/3373/3373 3535/3535/3535
f 3382/3382/3382 3384/3384/3384 3349/3349/3349
f 3535/3535/3535 3537/3537/3537 3774/3774/3774
f 3541/3541/3541 3538/3538/3538 3539/3539/3539
f 3378/3378/3378 3105/3105/3105 3102/3102/3102
f 3381/3381/3381 3379/3379/3379 3383/3383/3383
f 3380/3380/3380 3376/3376/3376 3105/3105/3105
f 3376/3376/3376 3373/3373/3373 3105/3105/3105
f 3378/3378/3378 3380/3380/3380 3105/3105/3105
f 3383/3383/3383 3377/3377/3377 3381/3381/3381
f 3539/3539/3539 3377/3377/3377 3383/3383/3383
f 3101/3101/3101 3383/3383/3383 3379/3379/3379
f 3539/3539/3539 3374/3374/3374 3377/3377/3377
f 1985/1985/1985 3347/3347/3347 1546/1546/1546
f 3349/3349/3349 3539/3539/3539 3382/3382/3382
f 3375/3375/3375 3382/3382/3382 3383/3383/3383
f 4317/4317/4317 1586/1586/1586 1594/1594/1594
f 1955/1955/1955 1945/1945/1945 3067/3067/3067
f 599/599/599 3060/3060/3060 4352/4352/4352
f 1541/1541/1541 3352/3352/3352 1536/1536/1536
f 1593/1593/1593 3356/3356/3356 3352/3352/3352
f 3387/3387/3387 3385/3385/3385 3359/3359/3359
f 3352/3352/3352 1540/1540/1540 1536/1536/1536
f 2369/2369/2369 3385/3385/3385 3387/3387/3387
f 3346/3346/3346 3385/3385/3385 2370/2370/2370
f 3385/3385/3385 2369/2369/2369 2370/2370/2370
f 3346/3346/3346 3334/3334/3334 3385/3385/3385
f 3370/3370/3370 2368/2368/2368 3386/3386/3386
f 3345/3345/3345 3346/3346/3346 2370/2370/2370
f 1541/1541/1541 1536/1536/1536 3566/3566/3566
f 3351/3351/3351 4376/4376/4376 1536/1536/1536
f 3389/3389/3389 3386/3386/3386 3388/3388/3388
f 3389/3389/3389 3388/3388/3388 3353/3353/3353
f 3386/3386/3386 2369/2369/2369 3387/3387/3387
f 3389/3389/3389 3370/3370/3370 3386/3386/3386
f 2369/2369/2369 3386/3386/3386 2368/2368/2368
f 3388/3388/3388 3386/3386/3386 3387/3387/3387
f 3388/3388/3388 3387/3387/3387 3359/3359/3359
f 3375/3375/3375 3371/3371/3371 3369/3369/3369
f 3087/3087/3087 3375/3375/3375 3383/3383/3383
f 3378/3378/3378 3102/3102/3102 3100/3100/3100
f 3087/3087/3087 3383/3383/3383 3101/3101/3101
f 3390/3390/3390 3371/3371/3371 3375/3375/3375
f 3390/3390/3390 3375/3375/3375 3087/3087/3087
f 3391/3391/3391 3392/3392/3392 3394/3394/3394
f 3396/3396/3396 3432/3432/3432 3398/3398/3398
f 3391/3391/3391 3503/3503/3503 3392/3392/3392
f 3391/3391/3391 3394/3394/3394 3409/3409/3409
f 3393/3393/3393 3505/3505/3505 3395/3395/3395
f 3521/3521/3521 3391/3391/3391 3403/3403/3403
f 3404/3404/3404 3409/3409/3409 3398/3398/3398
f 3409/3409/3409 3404/3404/3404 3391/3391/3391
f 3403/3403/3403 3391/3391/3391 3404/3404/3404
f 3403/3403/3403 2901/2901/2901 3521/3521/3521
f 3398/3398/3398 3432/3432/3432 3412/3412/3412
f 3409/3409/3409 3394/3394/3394 3407/3407/3407
f 3408/3408/3408 3395/3395/3395 3513/3513/3513
f 3505/3505/3505 3513/3513/3513 3395/3395/3395
f 3404/3404/3404 3398/3398/3398 3412/3412/3412
f 4284/4284/4284 2901/2901/2901 3403/3403/3403
f 3408/3408/3408 3513/3513/3513 3406/3406/3406
f 3405/3405/3405 3398/3398/3398 3409/3409/3409
f 3513/3513/3513 3493/3493/3493 3496/3496/3496
f 3406/3406/3406 3513/3513/3513 3411/3411/3411
f 3401/3401/3401 3396/3396/3396 3398/3398/3398
f 3400/3400/3400 3411/3411/3411 3513/3513/3513
f 3496/3496/3496 3402/3402/3402 3513/3513/3513
f 3402/3402/3402 3496/3496/3496 3397/3397/3397
f 3401/3401/3401 3398/3398/3398 3399/3399/3399
f 3400/3400/3400 3513/3513/3513 3402/3402/3402
f 3409/3409/3409 3407/3407/3407 3405/3405/3405
f 3405/3405/3405 3410/3410/3410 3398/3398/3398
f 3410/3410/3410 3399/3399/3399 3398/3398/3398
f 3073/3073/3073 3424/3424/3424 3070/3070/3070
f 3415/3415/3415 3452/3452/3452 3413/3413/3413
f 3454/3454/3454 3473/3473/3473 3416/3416/3416
f 3454/3454/3454 3418/3418/3418 3414/3414/3414
f 3416/3416/3416 3421/3421/3421 3418/3418/3418
f 3419/3419/3419 3415/3415/3415 3413/3413/3413
f 3419/3419/3419 3413/3413/3413 3417/3417/3417
f 3418/3418/3418 3454/3454/3454 3416/3416/3416
f 3416/3416/3416 3423/3423/3423 3421/3421/3421
f 3420/3420/3420 3419/3419/3419 3417/3417/3417
f 3420/3420/3420 3422/3422/3422 3419/3419/3419
f 3486/3486/3486 3070/3070/3070 3415/3415/3415
f 3424/3424/3424 3123/3123/3123 3415/3415/3415
f 3415/3415/3415 3163/3163/3163 3437/3437/3437
f 3070/3070/3070 3424/3424/3424 3415/3415/3415
f 3419/3419/3419 3486/3486/3486 3415/3415/3415
f 3439/3439/3439 3426/3426/3426 3433/3433/3433
f 3428/3428/3428 3449/3449/3449 3434/3434/3434
f 3430/3430/3430 3442/3442/3442 3432/3432/3432
f 3426/3426/3426 3443/3443/3443 3496/3496/3496
f 3440/3440/3440 3435/3435/3435 3466/3466/3466
f 3432/3432/3432 3396/3396/3396 3430/3430/3430
f 3466/3466/3466 3432/3432/3432 3440/3440/3440
f 3432/3432/3432 3442/3442/3442 3425/3425/3425
f 3425/3425/3425 3438/3438/3438 3432/3432/3432
f 3440/3440/3440 3432/3432/3432 3438/3438/3438
f 3441/3441/3441 3439/3439/3439 3433/3433/3433
f 3436/3436/3436 3441/3441/3441 3433/3433/3433
f 3448/3448/3448 3454/3454/3454 3446/3446/3446
f 3454/3454/3454 3448/3448/3448 3450/3450/3450
f 3434/3434/3434 3449/3449/3449 3447/3447/3447
f 3432/3432/3432 3466/3466/3466 3543/3543/3543
f 3454/3454/3454 3453/3453/3453 3451/3451/3451
f 3445/3445/3445 3434/3434/3434 3447/3447/3447
f 3457/3457/3457 3451/3451/3451 3460/3460/3460
f 3432/3432/3432 3543/3543/3543 4218/4218/4218
f 3453/3453/3453 3459/3459/3459 3451/3451/3451
f 3454/3454/3454 3463/3463/3463 3446/3446/3446
f 3445/3445/3445 3462/3462/3462 3434/3434/3434
f 3434/3434/3434 3462/3462/3462 3464/3464/3464
f 3453/3453/3453 3454/3454/3454 3414/3414/3414
f 3456/3456/3456 3437/3437/3437 3470/3470/3470
f 3464/3464/3464 3160/3160/3160 3434/3434/3434
f 3463/3463/3463 3469/3469/3469 3465/3465/3465
f 3427/3427/3427 3428/3428/3428 3434/3434/3434
f 3461/3461/3461 3415/3415/3415 3458/3458/3458
f 3454/3454/3454 3457/3457/3457 3455/3455/3455
f 3457/3457/3457 3454/3454/3454 3451/3451/3451
f 3458/3458/3458 3437/3437/3437 3456/3456/3456
f 3458/3458/3458 3415/3415/3415 3437/3437/3437
f 3469/3469/3469 3463/3463/3463 3455/3455/3455
f 3433/3433/3433 3473/3473/3473 3436/3436/3436
f 3415/3415/3415 3461/3461/3461 3452/3452/3452
f 3466/3466/3466 3435/3435/3435 3467/3467/3467
f 3436/3436/3436 3473/3473/3473 3468/3468/3468
f 3471/3471/3471 3427/3427/3427 3467/3467/3467
f 3432/3432/3432 4218/4218/4218 3412/3412/3412
f 3468/3468/3468 3473/3473/3473 3472/3472/3472
f 3471/3471/3471 3474/3474/3474 3427/3427/3427
f 3473/3473/3473 3475/3475/3475 3472/3472/3472
f 3427/3427/3427 3466/3466/3466 3467/3467/3467
f 3427/3427/3427 3444/3444/3444 3542/3542/3542
f 3429/3429/3429 3454/3454/3454 3450/3450/3450
f 3169/3169/3169 3444/3444/3444 3427/3427/3427
f 3475/3475/3475 3473/3473/3473 3429/3429/3429
f 3429/3429/3429 3473/3473/3473 3454/3454/3454
f 3427/3427/3427 3434/3434/3434 3169/3169/3169
f 3543/3543/3543 3466/3466/3466 3542/3542/3542
f 3474/3474/3474 3428/3428/3428 3427/3427/3427
f 3542/3542/3542 3466/3466/3466 3427/3427/3427
f 3190/3190/3190 3169/3169/3169 3434/3434/3434
f 3437/3437/3437 3162/3162/3162 3470/3470/3470
f 3161/3161/3161 3465/3465/3465 3469/3469/3469
f 3455/3455/3455 3463/3463/3463 3454/3454/3454
f 3477/3477/3477 3479/3479/3479 3476/3476/3476
f 3476/3476/3476 3479/3479/3479 3509/3509/3509
f 3070/3070/3070 3486/3486/3486 3501/3501/3501
f 3476/3476/3476 3481/3481/3481 3501/3501/3501
f 3423/3423/3423 3416/3416/3416 3483/3483/3483
f 3422/3422/3422 3482/3482/3482 3419/3419/3419
f 3416/3416/3416 3485/3485/3485 3483/3483/3483
f 3484/3484/3484 3486/3486/3486 3482/3482/3482
f 3419/3419/3419 3482/3482/3482 3486/3486/3486
f 3433/3433/3433 3416/3416/3416 3473/3473/3473
f 3416/3416/3416 3490/3490/3490 3485/3485/3485
f 3484/3484/3484 3489/3489/3489 3486/3486/3486
f 3495/3495/3495 3416/3416/3416 3433/3433/3433
f 3501/3501/3501 3481/3481/3481 3070/3070/3070
f 3491/3491/3491 3501/3501/3501 3499/3499/3499
f 3480/3480/3480 3478/3478/3478 3493/3493/3493
f 3501/3501/3501 3489/3489/3489 3494/3494/3494
f 3495/3495/3495 3490/3490/3490 3416/3416/3416
f 3496/3496/3496 3498/3498/3498 3495/3495/3495
f 3501/3501/3501 3486/3486/3486 3489/3489/3489
f 3497/3497/3497 3501/3501/3501 3494/3494/3494
f 3499/3499/3499 3501/3501/3501 3497/3497/3497
f 3433/3433/3433 3496/3496/3496 3495/3495/3495
f 3431/3431/3431 3496/3496/3496 3443/3443/3443
f 3500/3500/3500 3493/3493/3493 3492/3492/3492
f 3496/3496/3496 3433/3433/3433 3426/3426/3426
f 3431/3431/3431 3397/3397/3397 3496/3496/3496
f 3498/3498/3498 3496/3496/3496 3500/3500/3500
f 3487/3487/3487 3476/3476/3476 3501/3501/3501
f 3496/3496/3496 3493/3493/3493 3500/3500/3500
f 3477/3477/3477 3476/3476/3476 3487/3487/3487
f 3501/3501/3501 3491/3491/3491 3487/3487/3487
f 3493/3493/3493 3488/3488/3488 3492/3492/3492
f 3493/3493/3493 3478/3478/3478 3488/3488/3488
f 3521/3521/3521 3511/3511/3511 3391/3391/3391
f 3512/3512/3512 3505/3505/3505 3508/3508/3508
f 3511/3511/3511 3507/3507/3507 3391/3391/3391
f 3505/3505/3505 3504/3504/3504 3508/3508/3508
f 3391/3391/3391 3507/3507/3507 3503/3503/3503
f 3510/3510/3510 3480/3480/3480 3493/3493/3493
f 3518/3518/3518 3502/3502/3502 3059/3059/3059
f 3502/3502/3502 3518/3518/3518 3520/3520/3520
f 3493/3493/3493 3513/3513/3513 3516/3516/3516
f 3510/3510/3510 3493/3493/3493 3516/3516/3516
f 3510/3510/3510 3516/3516/3516 3515/3515/3515
f 3029/3029/3029 3033/3033/3033 3514/3514/3514
f 3516/3516/3516 3030/3030/3030 3515/3515/3515
f 3030/3030/3030 3516/3516/3516 3032/3032/3032
f 3514/3514/3514 3033/3033/3033 3509/3509/3509
f 3476/3476/3476 3509/3509/3509 3033/3033/3033
f 3502/3502/3502 3520/3520/3520 2911/2911/2911
f 3505/3505/3505 3516/3516/3516 3513/3513/3513
f 3059/3059/3059 3028/3028/3028 3516/3516/3516
f 3519/3519/3519 3506/3506/3506 2910/2910/2910
f 3505/3505/3505 3059/3059/3059 3516/3516/3516
f 3522/3522/3522 3524/3524/3524 3521/3521/3521
f 3512/3512/3512 3059/3059/3059 3505/3505/3505
f 3506/3506/3506 3519/3519/3519 3517/3517/3517
f 3523/3523/3523 3059/3059/3059 3525/3525/3525
f 3517/3517/3517 3522/3522/3522 3521/3521/3521
f 3523/3523/3523 3518/3518/3518 3059/3059/3059
f 3059/3059/3059 3512/3512/3512 3525/3525/3525
f 3521/3521/3521 2901/2901/2901 3506/3506/3506
f 3521/3521/3521 3524/3524/3524 3511/3511/3511
f 3521/3521/3521 3506/3506/3506 3517/3517/3517
f 3505/3505/3505 3393/3393/3393 3504/3504/3504
f 3549/3549/3549 3545/3545/3545 3548/3548/3548
f 3556/3556/3556 3554/3554/3554 3545/3545/3545
f 3549/3549/3549 3661/3661/3661 3544/3544/3544
f 3546/3546/3546 3559/3559/3559 3557/3557/3557
f 3559/3559/3559 3546/3546/3546 3547/3547/3547
f 3544/3544/3544 3545/3545/3545 3549/3549/3549
f 3548/3548/3548 3545/3545/3545 3554/3554/3554
f 3561/3561/3561 3588/3588/3588 3590/3590/3590
f 3546/3546/3546 3557/3557/3557 3561/3561/3561
f 3588/3588/3588 3561/3561/3561 3550/3550/3550
f 3557/3557/3557 3550/3550/3550 3561/3561/3561
f 3550/3550/3550 3553/3553/3553 3588/3588/3588
f 3551/3551/3551 3553/3553/3553 3550/3550/3550
f 3549/3549/3549 3548/3548/3548 3869/3869/3869
f 3552/3552/3552 3553/3553/3553 3551/3551/3551
f 3558/3558/3558 3551/3551/3551 3550/3550/3550
f 3554/3554/3554 3552/3552/3552 3551/3551/3551
f 3589/3589/3589 3553/3553/3553 3552/3552/3552
f 3583/3583/3583 3555/3555/3555 3552/3552/3552
f 3552/3552/3552 3556/3556/3556 3583/3583/3583
f 3552/3552/3552 3554/3554/3554 3556/3556/3556
f 3554/3554/3554 3558/3558/3558 3548/3548/3548
f 3551/3551/3551 3558/3558/3558 3554/3554/3554
f 3558/3558/3558 3557/3557/3557 3559/3559/3559
f 3868/3868/3868 3558/3558/3558 3559/3559/3559
f 3559/3559/3559 3865/3865/3865 3868/3868/3868
f 3562/3562/3562 3547/3547/3547 3546/3546/3546
f 3865/3865/3865 3559/3559/3559 3547/3547/3547
f 3557/3557/3557 3558/3558/3558 3550/3550/3550
f 3562/3562/3562 3546/3546/3546 3564/3564/3564
f 3562/3562/3562 3564/3564/3564 3563/3563/3563
f 3546/3546/3546 3568/3568/3568 3564/3564/3564
f 3546/3546/3546 3561/3561/3561 3568/3568/3568
f 3563/3563/3563 3564/3564/3564 3566/3566/3566
f 3563/3563/3563 2032/2032/2032 3874/3874/3874
f 3590/3590/3590 3568/3568/3568 3561/3561/3561
f 3027/3027/3027 1614/1614/1614 1616/1616/1616
f 3566/3566/3566 3564/3564/3564 3567/3567/3567
f 3564/3564/3564 3568/3568/3568 3567/3567/3567
f 227/227/227 224/224/224 3581/3581/3581
f 3569/3569/3569 3570/3570/3570 3577/3577/3577
f 3581/3581/3581 224/224/224 245/245/245
f 3569/3569/3569 3577/3577/3577 3602/3602/3602
f 3573/3573/3573 4203/4203/4203 3571/3571/3571
f 3569/3569/3569 227/227/227 3570/3570/3570
f 3571/3571/3571 3586/3586/3586 3573/3573/3573
f 3581/3581/3581 3570/3570/3570 227/227/227
f 3572/3572/3572 3586/3586/3586 3571/3571/3571
f 3580/3580/3580 3570/3570/3570 3581/3581/3581
f 4205/4205/4205 4203/4203/4203 3573/3573/3573
f 3575/3575/3575 3573/3573/3573 3586/3586/3586
f 3575/3575/3575 3586/3586/3586 3585/3585/3585
f 3574/3574/3574 3576/3576/3576 3579/3579/3579
f 3570/3570/3570 3578/3578/3578 3574/3574/3574
f 3570/3570/3570 3579/3579/3579 3577/3577/3577
f 3555/3555/3555 3583/3583/3583 3585/3585/3585
f 3570/3570/3570 3580/3580/3580 3578/3578/3578
f 3585/3585/3585 3586/3586/3586 3555/3555/3555
f 3574/3574/3574 3579/3579/3579 3570/3570/3570
f 4205/4205/4205 3573/3573/3573 3582/3582/3582
f 3582/3582/3582 3573/3573/3573 3575/3575/3575
f 245/245/245 3584/3584/3584 3581/3581/3581
f 3575/3575/3575 3574/3574/3574 3578/3578/3578
f 3576/3576/3576 3574/3574/3574 3585/3585/3585
f 3585/3585/3585 3583/3583/3583 3576/3576/3576
f 3580/3580/3580 3581/3581/3581 3584/3584/3584
f 3580/3580/3580 3584/3584/3584 3578/3578/3578
f 3578/3578/3578 3582/3582/3582 3575/3575/3575
f 3582/3582/3582 3584/3584/3584 4288/4288/4288
f 3575/3575/3575 3585/3585/3585 3574/3574/3574
f 3584/3584/3584 3582/3582/3582 3578/3578/3578
f 3586/3586/3586 3572/3572/3572 3555/3555/3555
f 3555/3555/3555 3572/3572/3572 3589/3589/3589
f 3572/3572/3572 3571/3571/3571 3587/3587/3587
f 3571/3571/3571 4132/4132/4132 3587/3587/3587
f 3555/3555/3555 3589/3589/3589 3552/3552/3552
f 3572/3572/3572 3587/3587/3587 3589/3589/3589
f 4198/4198/4198 4132/4132/4132 3571/3571/3571
f 3591/3591/3591 4303/4303/4303 3592/3592/3592
f 4132/4132/4132 4131/4131/4131 3592/3592/3592
f 3592/3592/3592 4131/4131/4131 3591/3591/3591
f 3592/3592/3592 3587/3587/3587 4132/4132/4132
f 4303/4303/4303 3590/3590/3590 3588/3588/3588
f 4303/4303/4303 3591/3591/3591 4301/4301/4301
f 3588/3588/3588 3592/3592/3592 4303/4303/4303
f 3553/3553/3553 3592/3592/3592 3588/3588/3588
f 3592/3592/3592 3589/3589/3589 3587/3587/3587
f 3589/3589/3589 3592/3592/3592 3553/3553/3553
f 3594/3594/3594 3596/3596/3596 3593/3593/3593
f 3593/3593/3593 136/136/136 3594/3594/3594
f 3599/3599/3599 3595/3595/3595 3598/3598/3598
f 3596/3596/3596 3602/3602/3602 3598/3598/3598
f 3602/3602/3602 3599/3599/3599 3598/3598/3598
f 4296/4296/4296 3596/3596/3596 3598/3598/3598
f 3598/3598/3598 3595/3595/3595 3848/3848/3848
f 3597/3597/3597 3595/3595/3595 3599/3599/3599
f 3597/3597/3597 3544/3544/3544 3841/3841/3841
f 3601/3601/3601 3597/3597/3597 3599/3599/3599
f 3841/3841/3841 3595/3595/3595 3597/3597/3597
f 3597/3597/3597 3601/3601/3601 3545/3545/3545
f 3560/3560/3560 3583/3583/3583 3556/3556/3556
f 3545/3545/3545 3560/3560/3560 3556/3556/3556
f 3560/3560/3560 3576/3576/3576 3583/3583/3583
f 3544/3544/3544 3597/3597/3597 3545/3545/3545
f 3560/3560/3560 3601/3601/3601 3576/3576/3576
f 3601/3601/3601 3560/3560/3560 3545/3545/3545
f 3576/3576/3576 3601/3601/3601 3579/3579/3579
f 3600/3600/3600 3569/3569/3569 3594/3594/3594
f 3594/3594/3594 3602/3602/3602 3596/3596/3596
f 3602/3602/3602 3594/3594/3594 3569/3569/3569
f 3599/3599/3599 3602/3602/3602 3579/3579/3579
f 3577/3577/3577 3579/3579/3579 3602/3602/3602
f 3579/3579/3579 3601/3601/3601 3599/3599/3599
f 3606/3606/3606 3722/3722/3722 3965/3965/3965
f 3603/3603/3603 2034/2034/2034 2033/2033/2033
f 3965/3965/3965 3913/3913/3913 3606/3606/3606
f 3913/3913/3913 3625/3625/3625 3606/3606/3606
f 3606/3606/3606 3633/3633/3633 3725/3725/3725
f 3633/3633/3633 3606/3606/3606 3625/3625/3625
f 3610/3610/3610 3632/3632/3632 3614/3614/3614
f 3627/3627/3627 3611/3611/3611 3625/3625/3625
f 3878/3878/3878 3621/3621/3621 3863/3863/3863
f 3725/3725/3725 3633/3633/3633 3634/3634/3634
f 3623/3623/3623 3619/3619/3619 3878/3878/3878
f 3633/3633/3633 3625/3625/3625 3615/3615/3615
f 3628/3628/3628 3614/3614/3614 3632/3632/3632
f 3633/3633/3633 3629/3629/3629 3631/3631/3631
f 3615/3615/3615 3629/3629/3629 3633/3633/3633
f 3611/3611/3611 3615/3615/3615 3625/3625/3625
f 3628/3628/3628 3607/3607/3607 3630/3630/3630
f 3607/3607/3607 3632/3632/3632 3659/3659/3659
f 3607/3607/3607 3628/3628/3628 3632/3632/3632
f 3613/3613/3613 3639/3639/3639 3633/3633/3633
f 3630/3630/3630 3607/3607/3607 3612/3612/3612
f 3631/3631/3631 3613/3613/3613 3633/3633/3633
f 3634/3634/3634 3633/3633/3633 3640/3640/3640
f 3645/3645/3645 3620/3620/3620 3624/3624/3624
f 3645/3645/3645 3616/3616/3616 3636/3636/3636
f 3616/3616/3616 3645/3645/3645 3624/3624/3624
f 3638/3638/3638 3607/3607/3607 3643/3643/3643
f 3648/3648/3648 3658/3658/3658 3660/3660/3660
f 3607/3607/3607 3638/3638/3638 3612/3612/3612
f 3640/3640/3640 3633/3633/3633 3639/3639/3639
f 3636/3636/3636 3634/3634/3634 3645/3645/3645
f 3642/3642/3642 3640/3640/3640 3644/3644/3644
f 3637/3637/3637 3607/3607/3607 3659/3659/3659
f 3639/3639/3639 3644/3644/3644 3640/3640/3640
f 3643/3643/3643 3637/3637/3637 3641/3641/3641
f 3607/3607/3607 3637/3637/3637 3643/3643/3643
f 3645/3645/3645 3657/3657/3657 3647/3647/3647
f 3640/3640/3640 3642/3642/3642 3651/3651/3651
f 3653/3653/3653 3655/3655/3655 3645/3645/3645
f 3640/3640/3640 3651/3651/3651 3657/3657/3657
f 3645/3645/3645 3640/3640/3640 3657/3657/3657
f 3650/3650/3650 3637/3637/3637 3656/3656/3656
f 3650/3650/3650 3641/3641/3641 3637/3637/3637
f 3656/3656/3656 3637/3637/3637 3658/3658/3658
f 3656/3656/3656 3658/3658/3658 3646/3646/3646
f 3640/3640/3640 3645/3645/3645 3634/3634/3634
f 3645/3645/3645 3655/3655/3655 3649/3649/3649
f 3647/3647/3647 3653/3653/3653 3645/3645/3645
f 3658/3658/3658 3652/3652/3652 3646/3646/3646
f 3645/3645/3645 3649/3649/3649 3622/3622/3622
f 3621/3621/3621 3648/3648/3648 3660/3660/3660
f 3863/3863/3863 3621/3621/3621 3660/3660/3660
f 3648/3648/3648 3654/3654/3654 3658/3658/3658
f 3658/3658/3658 3654/3654/3654 3652/3652/3652
f 3924/3924/3924 3661/3661/3661 3659/3659/3659
f 3645/3645/3645 3622/3622/3622 3620/3620/3620
f 3619/3619/3619 3621/3621/3621 3878/3878/3878
f 3637/3637/3637 3659/3659/3659 3662/3662/3662
f 3662/3662/3662 3659/3659/3659 3661/3661/3661
f 3662/3662/3662 3660/3660/3660 3637/3637/3637
f 3603/3603/3603 2033/2033/2033 3616/3616/3616
f 3605/3605/3605 3603/3603/3603 3616/3616/3616
f 3726/3726/3726 3616/3616/3616 2033/2033/2033
f 3704/3704/3704 3726/3726/3726 2033/2033/2033
f 3662/3662/3662 3661/3661/3661 3549/3549/3549
f 3869/3869/3869 3662/3662/3662 3549/3549/3549
f 3658/3658/3658 3637/3637/3637 3660/3660/3660
f 3634/3634/3634 3636/3636/3636 3635/3635/3635
f 3726/3726/3726 3636/3636/3636 3616/3616/3616
f 3635/3635/3635 3636/3636/3636 3726/3726/3726
f 3660/3660/3660 3662/3662/3662 3862/3862/3862
f 3663/3663/3663 3665/3665/3665 3667/3667/3667
f 1568/1568/1568 3327/3327/3327 3326/3326/3326
f 3670/3670/3670 3667/3667/3667 3665/3665/3665
f 3670/3670/3670 3695/3695/3695 3667/3667/3667
f 3667/3667/3667 3695/3695/3695 3685/3685/3685
f 3673/3673/3673 3672/3672/3672 3689/3689/3689
f 3672/3672/3672 3673/3673/3673 2886/2886/2886
f 3694/3694/3694 3675/3675/3675 3677/3677/3677
f 3634/3634/3634 3669/3669/3669 3725/3725/3725
f 3678/3678/3678 3724/3724/3724 3728/3728/3728
f 3679/3679/3679 3681/3681/3681 3689/3689/3689
f 3683/3683/3683 3685/3685/3685 3674/3674/3674
f 3348/3348/3348 1520/1520/1520 1547/1547/1547
f 4376/4376/4376 2032/2032/2032 3563/3563/3563
f 3676/3676/3676 3674/3674/3674 3685/3685/3685
f 3720/3720/3720 3675/3675/3675 3694/3694/3694
f 3720/3720/3720 3684/3684/3684 3675/3675/3675
f 3694/3694/3694 3691/3691/3691 3687/3687/3687
f 3690/3690/3690 3676/3676/3676 3685/3685/3685
f 3686/3686/3686 3690/3690/3690 3685/3685/3685
f 3720/3720/3720 3680/3680/3680 3684/3684/3684
f 3695/3695/3695 3686/3686/3686 3685/3685/3685
f 3694/3694/3694 3677/3677/3677 3691/3691/3691
f 3679/3679/3679 3685/3685/3685 3683/3683/3683
f 3682/3682/3682 3680/3680/3680 3720/3720/3720
f 3703/3703/3703 3718/3718/3718 3706/3706/3706
f 3685/3685/3685 3679/3679/3679 3689/3689/3689
f 3689/3689/3689 3697/3697/3697 3673/3673/3673
f 3720/3720/3720 3698/3698/3698 3682/3682/3682
f 3699/3699/3699 3692/3692/3692 3673/3673/3673
f 3700/3700/3700 3698/3698/3698 3720/3720/3720
f 3689/3689/3689 3681/3681/3681 3697/3697/3697
f 3709/3709/3709 3702/3702/3702 3693/3693/3693
f 3701/3701/3701 3673/3673/3673 3692/3692/3692
f 3673/3673/3673 3697/3697/3697 3699/3699/3699
f 3720/3720/3720 3709/3709/3709 3700/3700/3700
f 3635/3635/3635 3669/3669/3669 3634/3634/3634
f 3678/3678/3678 3728/3728/3728 3668/3668/3668
f 2887/2887/2887 3673/3673/3673 3701/3701/3701
f 3666/3666/3666 3664/3664/3664 3706/3706/3706
f 3678/3678/3678 3723/3723/3723 3669/3669/3669
f 3694/3694/3694 3687/3687/3687 3696/3696/3696
f 3678/3678/3678 3669/3669/3669 3724/3724/3724
f 3706/3706/3706 3705/3705/3705 3666/3666/3666
f 3664/3664/3664 3708/3708/3708 3703/3703/3703
f 3705/3705/3705 3718/3718/3718 3716/3716/3716
f 3720/3720/3720 3694/3694/3694 3721/3721/3721
f 3664/3664/3664 3703/3703/3703 3706/3706/3706
f 3666/3666/3666 3705/3705/3705 3671/3671/3671
f 3694/3694/3694 3696/3696/3696 3705/3705/3705
f 3696/3696/3696 3671/3671/3671 3705/3705/3705
f 3706/3706/3706 3718/3718/3718 3705/3705/3705
f 3710/3710/3710 3718/3718/3718 3736/3736/3736
f 3716/3716/3716 3694/3694/3694 3705/3705/3705
f 3722/3722/3722 3718/3718/3718 3965/3965/3965
f 3710/3710/3710 3965/3965/3965 3718/3718/3718
f 3709/3709/3709 2888/2888/2888 3702/3702/3702
f 3693/3693/3693 3700/3700/3700 3709/3709/3709
f 3721/3721/3721 3709/3709/3709 3720/3720/3720
f 3719/3719/3719 3709/3709/3709 3721/3721/3721
f 3694/3694/3694 3716/3716/3716 3723/3723/3723
f 3723/3723/3723 3678/3678/3678 3721/3721/3721
f 3668/3668/3668 3719/3719/3719 3721/3721/3721
f 3606/3606/3606 3718/3718/3718 3722/3722/3722
f 3678/3678/3678 3668/3668/3668 3721/3721/3721
f 3718/3718/3718 3606/3606/3606 3716/3716/3716
f 3606/3606/3606 3723/3723/3723 3716/3716/3716
f 3606/3606/3606 3725/3725/3725 3723/3723/3723
f 3726/3726/3726 3704/3704/3704 3727/3727/3727
f 3669/3669/3669 3723/3723/3723 3725/3725/3725
f 2038/2038/2038 3727/3727/3727 3704/3704/3704
f 3721/3721/3721 3694/3694/3694 3723/3723/3723
f 3724/3724/3724 3669/3669/3669 3635/3635/3635
f 3724/3724/3724 3726/3726/3726 3727/3727/3727
f 3635/3635/3635 3726/3726/3726 3724/3724/3724
f 3727/3727/3727 3728/3728/3728 3724/3724/3724
f 3729/3729/3729 3688/3688/3688 3773/3773/3773
f 3707/3707/3707 3667/3667/3667 3737/3737/3737
f 3737/3737/3737 3667/3667/3667 3729/3729/3729
f 3731/3731/3731 3733/3733/3733 3736/3736/3736
f 3663/3663/3663 3667/3667/3667 3707/3707/3707
f 3739/3739/3739 3741/3741/3741 3703/3703/3703
f 3751/3751/3751 3729/3729/3729 3773/3773/3773
f 3737/3737/3737 3742/3742/3742 3740/3740/3740
f 3737/3737/3737 3740/3740/3740 3738/3738/3738
f 3707/3707/3707 3737/3737/3737 3734/3734/3734
f 3732/3732/3732 3730/3730/3730 3749/3749/3749
f 3749/3749/3749 3730/3730/3730 3746/3746/3746
f 3749/3749/3749 3746/3746/3746 3748/3748/3748
f 3743/3743/3743 3745/3745/3745 3736/3736/3736
f 3747/3747/3747 3731/3731/3731 3736/3736/3736
f 3746/3746/3746 3744/3744/3744 3748/3748/3748
f 3718/3718/3718 3703/3703/3703 3736/3736/3736
f 3703/3703/3703 3708/3708/3708 3735/3735/3735
f 3703/3703/3703 3743/3743/3743 3736/3736/3736
f 3744/3744/3744 3742/3742/3742 3737/3737/3737
f 3741/3741/3741 3743/3743/3743 3703/3703/3703
f 3735/3735/3735 3739/3739/3739 3703/3703/3703
f 3747/3747/3747 3736/3736/3736 3745/3745/3745
f 3744/3744/3744 3737/3737/3737 3748/3748/3748
f 3734/3734/3734 3737/3737/3737 3738/3738/3738
f 3961/3961/3961 3962/3962/3962 1000/1000/1000
f 772/772/772 774/774/774 813/813/813
f 4331/4331/4331 4334/4334/4334 4332/4332/4332
f 3920/3920/3920 3713/3713/3713 3963/3963/3963
f 998/998/998 3711/3711/3711 3714/3714/3714
f 4334/4334/4334 999/999/999 3713/3713/3713
f 772/772/772 813/813/813 1002/1002/1002
f 999/999/999 775/775/775 773/773/773
f 773/773/773 1003/1003/1003 999/999/999
f 3713/3713/3713 1003/1003/1003 1001/1001/1001
f 3713/3713/3713 3920/3920/3920 996/996/996
f 3717/3717/3717 995/995/995 3715/3715/3715
f 3717/3717/3717 3715/3715/3715 3712/3712/3712
f 3714/3714/3714 994/994/994 998/998/998
f 3717/3717/3717 997/997/997 3961/3961/3961
f 4374/4374/4374 998/998/998 992/992/992
f 4375/4375/4375 1040/1040/1040 1039/1039/1039
f 4374/4374/4374 1038/1038/1038 4319/4319/4319
f 3753/3753/3753 3751/3751/3751 3755/3755/3755
f 3749/3749/3749 3759/3759/3759 3757/3757/3757
f 3751/3751/3751 3759/3759/3759 3749/3749/3749
f 3534/3534/3534 3760/3760/3760 3754/3754/3754
f 3953/3953/3953 3758/3758/3758 3760/3760/3760
f 3751/3751/3751 3753/3753/3753 3759/3759/3759
f 3761/3761/3761 3752/3752/3752 3773/3773/3773
f 3751/3751/3751 3773/3773/3773 3752/3752/3752
f 3540/3540/3540 3773/3773/3773 3774/3774/3774
f 3773/3773/3773 3540/3540/3540 3761/3761/3761
f 3763/3763/3763 3752/3752/3752 3761/3761/3761
f 3529/3529/3529 3531/3531/3531 3752/3752/3752
f 3533/3533/3533 3766/3766/3766 3532/3532/3532
f 3752/3752/3752 3531/3531/3531 3765/3765/3765
f 3762/3762/3762 3541/3541/3541 3539/3539/3539
f 3529/3529/3529 3752/3752/3752 3763/3763/3763
f 3539/3539/3539 3764/3764/3764 3762/3762/3762
f 4331/4331/4331 988/988/988 986/986/986
f 3768/3768/3768 3766/3766/3766 3533/3533/3533
f 3771/3771/3771 3752/3752/3752 3767/3767/3767
f 3769/3769/3769 3752/3752/3752 3771/3771/3771
f 3767/3767/3767 3752/3752/3752 3765/3765/3765
f 3752/3752/3752 3769/3769/3769 3751/3751/3751
f 3751/3751/3751 3769/3769/3769 3755/3755/3755
f 3754/3754/3754 3756/3756/3756 3534/3534/3534
f 3770/3770/3770 3534/3534/3534 3756/3756/3756
f 3770/3770/3770 3772/3772/3772 3534/3534/3534
f 3764/3764/3764 3539/3539/3539 3530/3530/3530
f 3953/3953/3953 3760/3760/3760 3534/3534/3534
f 3772/3772/3772 3768/3768/3768 3533/3533/3533
f 3737/3737/3737 3751/3751/3751 3748/3748/3748
f 3667/3667/3667 3688/3688/3688 3729/3729/3729
f 3688/3688/3688 3667/3667/3667 3685/3685/3685
f 3737/3737/3737 3729/3729/3729 3751/3751/3751
f 953/953/953 4329/4329/4329 751/751/751
f 3688/3688/3688 3774/3774/3774 3773/3773/3773
f 3774/3774/3774 3537/3537/3537 3540/3540/3540
f 3105/3105/3105 3688/3688/3688 3672/3672/3672
f 3688/3688/3688 3685/3685/3685 3689/3689/3689
f 3774/3774/3774 3688/3688/3688 3105/3105/3105
f 3672/3672/3672 3688/3688/3688 3689/3689/3689
f 3775/3775/3775 3788/3788/3788 3784/3784/3784
f 3775/3775/3775 3789/3789/3789 3779/3779/3779
f 3794/3794/3794 3789/3789/3789 3781/3781/3781
f 3789/3789/3789 3888/3888/3888 3783/3783/3783
f 3778/3778/3778 2997/2997/2997 3824/3824/3824
f 3777/3777/3777 3775/3775/3775 3779/3779/3779
f 3827/3827/3827 3775/3775/3775 3784/3784/3784
f 3824/3824/3824 3776/3776/3776 3778/3778/3778
f 3785/3785/3785 3787/3787/3787 3824/3824/3824
f 3787/3787/3787 3776/3776/3776 3824/3824/3824
f 3775/3775/3775 3777/3777/3777 3788/3788/3788
f 3970/3970/3970 3789/3789/3789 3775/3775/3775
f 3794/3794/3794 3779/3779/3779 3789/3789/3789
f 3782/3782/3782 3790/3790/3790 3792/3792/3792
f 3778/3778/3778 3792/3792/3792 2997/2997/2997
f 3792/3792/3792 3778/3778/3778 3793/3793/3793
f 3824/3824/3824 2997/2997/2997 3825/3825/3825
f 3780/3780/3780 3782/3782/3782 3792/3792/3792
f 3793/3793/3793 3780/3780/3780 3792/3792/3792
f 3783/3783/3783 3781/3781/3781 3789/3789/3789
f 3804/3804/3804 3798/3798/3798 3796/3796/3796
f 3856/3856/3856 3795/3795/3795 3797/3797/3797
f 3796/3796/3796 3803/3803/3803 3804/3804/3804
f 3798/3798/3798 3804/3804/3804 3800/3800/3800
f 4/4/4 3804/3804/3804 3802/3802/3802
f 3804/3804/3804 3801/3801/3801 3802/3802/3802
f 1/1/1 3804/3804/3804 4/4/4
f 3812/3812/3812 3802/3802/3802 3801/3801/3801
f 3803/3803/3803 3796/3796/3796 3853/3853/3853
f 3827/3827/3827 3801/3801/3801 3803/3803/3803
f 3804/3804/3804 3803/3803/3803 3801/3801/3801
f 3784/3784/3784 3801/3801/3801 3827/3827/3827
f 3800/3800/3800 3804/3804/3804 6/6/6
f 3823/3823/3823 2995/2995/2995 3805/3805/3805
f 234/234/234 3527/3527/3527 3252/3252/3252
f 3252/3252/3252 232/232/232 234/234/234
f 3807/3807/3807 3823/3823/3823 3805/3805/3805
f 3528/3528/3528 235/235/235 162/162/162
f 162/162/162 3806/3806/3806 3528/3528/3528
f 2995/2995/2995 3527/3527/3527 3805/3805/3805
f 3801/3801/3801 3784/3784/3784 3812/3812/3812
f 3808/3808/3808 3806/3806/3806 162/162/162
f 163/163/163 3802/3802/3802 157/157/157
f 3807/3807/3807 3810/3810/3810 3823/3823/3823
f 3808/3808/3808 3809/3809/3809 3811/3811/3811
f 3809/3809/3809 162/162/162 157/157/157
f 3808/3808/3808 162/162/162 3809/3809/3809
f 751/751/751 3750/3750/3750 4086/4086/4086
f 3816/3816/3816 3812/3812/3812 3784/3784/3784
f 3820/3820/3820 3809/3809/3809 3818/3818/3818
f 3784/3784/3784 3786/3786/3786 3822/3822/3822
f 3818/3818/3818 3812/3812/3812 3814/3814/3814
f 3812/3812/3812 3816/3816/3816 3814/3814/3814
f 3817/3817/3817 3813/3813/3813 3823/3823/3823
f 4086/4086/4086 3750/3750/3750 4111/4111/4111
f 3810/3810/3810 3819/3819/3819 3823/3823/3823
f 3812/3812/3812 3818/3818/3818 3809/3809/3809
f 3784/3784/3784 3788/3788/3788 3786/3786/3786
f 3824/3824/3824 3821/3821/3821 3785/3785/3785
f 3825/3825/3825 3821/3821/3821 3824/3824/3824
f 3809/3809/3809 3820/3820/3820 3811/3811/3811
f 3823/3823/3823 3819/3819/3819 3817/3817/3817
f 3815/3815/3815 3821/3821/3821 3823/3823/3823
f 3823/3823/3823 3813/3813/3813 3815/3815/3815
f 751/751/751 958/958/958 953/953/953
f 3784/3784/3784 3822/3822/3822 3816/3816/3816
f 3823/3823/3823 3821/3821/3821 3825/3825/3825
f 3825/3825/3825 2995/2995/2995 3823/3823/3823
f 3809/3809/3809 157/157/157 3812/3812/3812
f 157/157/157 3802/3802/3802 3812/3812/3812
f 163/163/163 4/4/4 3802/3802/3802
f 3775/3775/3775 3827/3827/3827 3970/3970/3970
f 3827/3827/3827 3840/3840/3840 3826/3826/3826
f 3839/3839/3839 3826/3826/3826 3840/3840/3840
f 3827/3827/3827 3803/3803/3803 3840/3840/3840
f 3827/3827/3827 3826/3826/3826 3970/3970/3970
f 3803/3803/3803 3851/3851/3851 3840/3840/3840
f 3851/3851/3851 3847/3847/3847 3836/3836/3836
f 3832/3832/3832 3838/3838/3838 3840/3840/3840
f 3840/3840/3840 3836/3836/3836 3832/3832/3832
f 3839/3839/3839 3838/3838/3838 3834/3834/3834
f 3831/3831/3831 3830/3830/3830 3837/3837/3837
f 3833/3833/3833 3837/3837/3837 3830/3830/3830
f 3834/3834/3834 3843/3843/3843 3839/3839/3839
f 3848/3848/3848 3595/3595/3595 3841/3841/3841
f 3830/3830/3830 3849/3849/3849 3925/3925/3925
f 3850/3850/3850 3848/3848/3848 3849/3849/3849
f 3830/3830/3830 3850/3850/3850 3849/3849/3849
f 3848/3848/3848 3841/3841/3841 3849/3849/3849
f 3925/3925/3925 3842/3842/3842 3833/3833/3833
f 3830/3830/3830 3925/3925/3925 3833/3833/3833
f 3828/3828/3828 3850/3850/3850 3830/3830/3830
f 3835/3835/3835 3846/3846/3846 3830/3830/3830
f 3838/3838/3838 3839/3839/3839 3840/3840/3840
f 3830/3830/3830 3831/3831/3831 3835/3835/3835
f 3846/3846/3846 3828/3828/3828 3830/3830/3830
f 4296/4296/4296 3598/3598/3598 3848/3848/3848
f 3853/3853/3853 3855/3855/3855 3803/3803/3803
f 3593/3593/3593 3856/3856/3856 15/15/15
f 3855/3855/3855 3858/3858/3858 3803/3803/3803
f 3799/3799/3799 3856/3856/3856 3797/3797/3797
f 3859/3859/3859 3857/3857/3857 3854/3854/3854
f 3795/3795/3795 3856/3856/3856 3852/3852/3852
f 3859/3859/3859 3852/3852/3852 3856/3856/3856
f 3859/3859/3859 3854/3854/3854 3852/3852/3852
f 3856/3856/3856 3593/3593/3593 3859/3859/3859
f 3858/3858/3858 3851/3851/3851 3803/3803/3803
f 3850/3850/3850 3859/3859/3859 3848/3848/3848
f 3859/3859/3859 3593/3593/3593 4296/4296/4296
f 3844/3844/3844 3859/3859/3859 3850/3850/3850
f 3860/3860/3860 3857/3857/3857 3859/3859/3859
f 3859/3859/3859 3844/3844/3844 3860/3860/3860
f 3861/3861/3861 3851/3851/3851 3858/3858/3858
f 1426/1426/1426 1453/1453/1453 1439/1439/1439
f 3660/3660/3660 3862/3862/3862 3863/3863/3863
f 3863/3863/3863 3862/3862/3862 3867/3867/3867
f 3866/3866/3866 3874/3874/3874 3873/3873/3873
f 3864/3864/3864 3874/3874/3874 3866/3866/3866
f 3547/3547/3547 3562/3562/3562 3864/3864/3864
f 3865/3865/3865 3547/3547/3547 3864/3864/3864
f 161/161/161 162/162/162 3268/3268/3268
f 3867/3867/3867 3868/3868/3868 3865/3865/3865
f 3867/3867/3867 3865/3865/3865 3864/3864/3864
f 3863/3863/3863 3867/3867/3867 3866/3866/3866
f 3879/3879/3879 3863/3863/3863 3866/3866/3866
f 3869/3869/3869 3548/3548/3548 3558/3558/3558
f 3862/3862/3862 3662/3662/3662 3869/3869/3869
f 3868/3868/3868 3869/3869/3869 3558/3558/3558
f 3862/3862/3862 3868/3868/3868 3867/3867/3867
f 3869/3869/3869 3868/3868/3868 3862/3862/3862
f 3873/3873/3873 1240/1240/1240 1174/1174/1174
f 3866/3866/3866 3872/3872/3872 3879/3879/3879
f 3873/3873/3873 1174/1174/1174 3872/3872/3872
f 3866/3866/3866 3873/3873/3873 3872/3872/3872
f 3562/3562/3562 3874/3874/3874 3864/3864/3864
f 3874/3874/3874 2032/2032/2032 1159/1159/1159
f 3874/3874/3874 3562/3562/3562 3563/3563/3563
f 1240/1240/1240 3873/3873/3873 3874/3874/3874
f 3875/3875/3875 3879/3879/3879 3872/3872/3872
f 3618/3618/3618 3609/3609/3609 3616/3616/3616
f 3616/3616/3616 3624/3624/3624 3618/3618/3618
f 3623/3623/3623 3878/3878/3878 3617/3617/3617
f 3616/3616/3616 3877/3877/3877 3605/3605/3605
f 3617/3617/3617 3878/3878/3878 3608/3608/3608
f 3604/3604/3604 3876/3876/3876 3879/3879/3879
f 3876/3876/3876 3878/3878/3878 3879/3879/3879
f 3876/3876/3876 3608/3608/3608 3878/3878/3878
f 3604/3604/3604 3879/3879/3879 3880/3880/3880
f 3603/3603/3603 3605/3605/3605 3881/3881/3881
f 3603/3603/3603 3881/3881/3881 3885/3885/3885
f 2034/2034/2034 3603/3603/3603 3885/3885/3885
f 2034/2034/2034 3885/3885/3885 3883/3883/3883
f 3870/3870/3870 3872/3872/3872 2035/2035/2035
f 3884/3884/3884 3875/3875/3875 3882/3882/3882
f 3872/3872/3872 3870/3870/3870 3882/3882/3882
f 3884/3884/3884 3880/3880/3880 3875/3875/3875
f 3875/3875/3875 3880/3880/3880 3879/3879/3879
f 2034/2034/2034 3883/3883/3883 3871/3871/3871
f 2036/2036/2036 2034/2034/2034 3871/3871/3871
f 3882/3882/3882 3875/3875/3875 3872/3872/3872
f 3609/3609/3609 3877/3877/3877 3616/3616/3616
f 3887/3887/3887 3791/3791/3791 3888/3888/3888
f 3890/3890/3890 3887/3887/3887 3888/3888/3888
f 3905/3905/3905 3886/3886/3886 3889/3889/3889
f 3789/3789/3789 3970/3970/3970 3888/3888/3888
f 3905/3905/3905 3889/3889/3889 3896/3896/3896
f 3905/3905/3905 3895/3895/3895 3944/3944/3944
f 3890/3890/3890 3888/3888/3888 3897/3897/3897
f 3895/3895/3895 3905/3905/3905 3899/3899/3899
f 3902/3902/3902 3894/3894/3894 3898/3898/3898
f 3892/3892/3892 3899/3899/3899 3905/3905/3905
f 3896/3896/3896 3892/3892/3892 3905/3905/3905
f 3901/3901/3901 3975/3975/3975 3956/3956/3956
f 3955/3955/3955 3954/3954/3954 3902/3902/3902
f 3900/3900/3900 3955/3955/3955 3902/3902/3902
f 3902/3902/3902 3898/3898/3898 3891/3891/3891
f 3008/3008/3008 3792/3792/3792 3905/3905/3905
f 3897/3897/3897 3888/3888/3888 3893/3893/3893
f 3903/3903/3903 3902/3902/3902 3891/3891/3891
f 3903/3903/3903 3900/3900/3900 3902/3902/3902
f 3975/3975/3975 3901/3901/3901 3904/3904/3904
f 3888/3888/3888 3975/3975/3975 3904/3904/3904
f 3893/3893/3893 3888/3888/3888 3904/3904/3904
f 3905/3905/3905 3790/3790/3790 3886/3886/3886
f 3905/3905/3905 3792/3792/3792 3790/3790/3790
f 3783/3783/3783 3888/3888/3888 3791/3791/3791
f 3905/3905/3905 3009/3009/3009 3008/3008/3008
f 3934/3934/3934 3927/3927/3927 3919/3919/3919
f 3632/3632/3632 3626/3626/3626 3906/3906/3906
f 3939/3939/3939 3910/3910/3910 3908/3908/3908
f 3919/3919/3919 3939/3939/3939 3934/3934/3934
f 3912/3912/3912 3826/3826/3826 3839/3839/3839
f 3926/3926/3926 3914/3914/3914 3912/3912/3912
f 3632/3632/3632 3906/3906/3906 3910/3910/3910
f 3910/3910/3910 3939/3939/3939 3632/3632/3632
f 3919/3919/3919 3924/3924/3924 3939/3939/3939
f 3914/3914/3914 3926/3926/3926 3964/3964/3964
f 3964/3964/3964 3913/3913/3913 3965/3965/3965
f 3843/3843/3843 3912/3912/3912 3839/3839/3839
f 3843/3843/3843 3918/3918/3918 3912/3912/3912
f 3917/3917/3917 3927/3927/3927 3915/3915/3915
f 3918/3918/3918 3916/3916/3916 3912/3912/3912
f 3939/3939/3939 3924/3924/3924 3659/3659/3659
f 3917/3917/3917 3842/3842/3842 3925/3925/3925
f 3927/3927/3927 3917/3917/3917 3925/3925/3925
f 3912/3912/3912 3916/3916/3916 3923/3923/3923
f 3927/3927/3927 3928/3928/3928 3922/3922/3922
f 3922/3922/3922 3915/3915/3915 3927/3927/3927
f 3923/3923/3923 3926/3926/3926 3912/3912/3912
f 3927/3927/3927 3849/3849/3849 3919/3919/3919
f 3933/3933/3933 3926/3926/3926 3929/3929/3929
f 3926/3926/3926 3923/3923/3923 3929/3929/3929
f 3544/3544/3544 3924/3924/3924 3919/3919/3919
f 3924/3924/3924 3544/3544/3544 3661/3661/3661
f 3932/3932/3932 3928/3928/3928 3934/3934/3934
f 3928/3928/3928 3927/3927/3927 3934/3934/3934
f 3919/3919/3919 3841/3841/3841 3544/3544/3544
f 3926/3926/3926 3936/3936/3936 3913/3913/3913
f 3841/3841/3841 3919/3919/3919 3849/3849/3849
f 3931/3931/3931 3936/3936/3936 3926/3926/3926
f 3931/3931/3931 3926/3926/3926 3933/3933/3933
f 3930/3930/3930 3932/3932/3932 3934/3934/3934
f 3939/3939/3939 3937/3937/3937 3935/3935/3935
f 3964/3964/3964 3926/3926/3926 3913/3913/3913
f 3938/3938/3938 3913/3913/3913 3936/3936/3936
f 3934/3934/3934 3939/3939/3939 3930/3930/3930
f 3625/3625/3625 3907/3907/3907 3627/3627/3627
f 3939/3939/3939 3935/3935/3935 3930/3930/3930
f 3625/3625/3625 3913/3913/3913 3909/3909/3909
f 3927/3927/3927 3925/3925/3925 3849/3849/3849
f 3909/3909/3909 3913/3913/3913 3938/3938/3938
f 3908/3908/3908 3937/3937/3937 3939/3939/3939
f 3625/3625/3625 3909/3909/3909 3911/3911/3911
f 3911/3911/3911 3907/3907/3907 3625/3625/3625
f 3632/3632/3632 3939/3939/3939 3659/3659/3659
f 3610/3610/3610 3626/3626/3626 3632/3632/3632
f 3941/3941/3941 3942/3942/3942 3946/3946/3946
f 3946/3946/3946 3942/3942/3942 3948/3948/3948
f 3940/3940/3940 3954/3954/3954 3957/3957/3957
f 3943/3943/3943 3902/3902/3902 3947/3947/3947
f 3943/3943/3943 3894/3894/3894 3902/3902/3902
f 3942/3942/3942 3941/3941/3941 3958/3958/3958
f 3948/3948/3948 3942/3942/3942 3944/3944/3944
f 3905/3905/3905 3944/3944/3944 3942/3942/3942
f 3947/3947/3947 3902/3902/3902 3954/3954/3954
f 3954/3954/3954 3940/3940/3940 3945/3945/3945
f 3945/3945/3945 3947/3947/3947 3954/3954/3954
f 3959/3959/3959 3749/3749/3749 3757/3757/3757
f 3942/3942/3942 3960/3960/3960 3758/3758/3758
f 3942/3942/3942 3758/3758/3758 3953/3953/3953
f 3951/3951/3951 3949/3949/3949 3954/3954/3954
f 3955/3955/3955 3951/3951/3951 3954/3954/3954
f 3954/3954/3954 3749/3749/3749 3959/3959/3959
f 3957/3957/3957 3954/3954/3954 3959/3959/3959
f 3958/3958/3958 3960/3960/3960 3942/3942/3942
f 3942/3942/3942 3009/3009/3009 3905/3905/3905
f 3942/3942/3942 3953/3953/3953 3009/3009/3009
f 3710/3710/3710 3736/3736/3736 3969/3969/3969
f 3826/3826/3826 3912/3912/3912 3914/3914/3914
f 3966/3966/3966 3914/3914/3914 3964/3964/3964
f 3914/3914/3914 3966/3966/3966 3826/3826/3826
f 3975/3975/3975 3970/3970/3970 3826/3826/3826
f 3975/3975/3975 3826/3826/3826 3966/3966/3966
f 3710/3710/3710 3964/3964/3964 3965/3965/3965
f 3966/3966/3966 3964/3964/3964 3710/3710/3710
f 3950/3950/3950 3966/3966/3966 3968/3968/3968
f 3970/3970/3970 3975/3975/3975 3888/3888/3888
f 3732/3732/3732 3749/3749/3749 3973/3973/3973
f 3969/3969/3969 3733/3733/3733 3974/3974/3974
f 3971/3971/3971 3973/3973/3973 3749/3749/3749
f 3969/3969/3969 3736/3736/3736 3733/3733/3733
f 3974/3974/3974 3972/3972/3972 3969/3969/3969
f 3956/3956/3956 3975/3975/3975 3952/3952/3952
f 3966/3966/3966 3710/3710/3710 3969/3969/3969
f 3968/3968/3968 3966/3966/3966 3977/3977/3977
f 3952/3952/3952 3975/3975/3975 3966/3966/3966
f 3966/3966/3966 3969/3969/3969 3977/3977/3977
f 3972/3972/3972 3977/3977/3977 3969/3969/3969
f 3949/3949/3949 3967/3967/3967 3954/3954/3954
f 3976/3976/3976 3954/3954/3954 3967/3967/3967
f 3971/3971/3971 3749/3749/3749 3976/3976/3976
f 3976/3976/3976 3749/3749/3749 3954/3954/3954
f 3966/3966/3966 3950/3950/3950 3952/3952/3952
f 4001/4001/4001 2900/2900/2900 3978/3978/3978
f 3982/3982/3982 3979/3979/3979 4242/4242/4242
f 820/820/820 4365/4365/4365 819/819/819
f 3921/3921/3921 3962/3962/3962 3961/3961/3961
f 778/778/778 3717/3717/3717 3961/3961/3961
f 4291/4291/4291 3982/3982/3982 4242/4242/4242
f 3984/3984/3984 3998/3998/3998 3981/3981/3981
f 999/999/999 4334/4334/4334 4331/4331/4331
f 3921/3921/3921 3961/3961/3961 997/997/997
f 3983/3983/3983 3980/3980/3980 3979/3979/3979
f 3982/3982/3982 4291/4291/4291 3985/3985/3985
f 3995/3995/3995 3979/3979/3979 3982/3982/3982
f 3983/3983/3983 3979/3979/3979 3995/3995/3995
f 3983/3983/3983 3995/3995/3995 3986/3986/3986
f 3992/3992/3992 3988/3988/3988 3995/3995/3995
f 3991/3991/3991 4029/4029/4029 3993/3993/3993
f 3998/3998/3998 3989/3989/3989 3993/3993/3993
f 3994/3994/3994 3995/3995/3995 3982/3982/3982
f 3988/3988/3988 3986/3986/3986 3995/3995/3995
f 3996/3996/3996 3990/3990/3990 3995/3995/3995
f 3992/3992/3992 3995/3995/3995 3990/3990/3990
f 3998/3998/3998 3984/3984/3984 3987/3987/3987
f 3998/3998/3998 3987/3987/3987 3989/3989/3989
f 3998/3998/3998 3993/3993/3993 4029/4029/4029
f 4002/4002/4002 3998/3998/3998 4029/4029/4029
f 1975/1975/1975 1980/1980/1980 4351/4351/4351
f 244/244/244 3985/3985/3985 4290/4290/4290
f 4000/4000/4000 3985/3985/3985 244/244/244
f 3061/3061/3061 1951/1951/1951 4348/4348/4348
f 3982/3982/3982 3985/3985/3985 4000/4000/4000
f 3717/3717/3717 3712/3712/3712 997/997/997
f 3713/3713/3713 1001/1001/1001 3963/3963/3963
f 4000/4000/4000 244/244/244 222/222/222
f 4000/4000/4000 222/222/222 3994/3994/3994
f 3982/3982/3982 4000/4000/4000 3994/3994/3994
f 4136/4136/4136 4134/4134/4134 3148/3148/3148
f 3978/3978/3978 3999/3999/3999 4001/4001/4001
f 4002/4002/4002 4001/4001/4001 3999/3999/3999
f 222/222/222 131/131/131 3994/3994/3994
f 4029/4029/4029 4004/4004/4004 4002/4002/4002
f 4009/4009/4009 4003/4003/4003 4025/4025/4025
f 4004/4004/4004 4025/4025/4025 4003/4003/4003
f 4004/4004/4004 4001/4001/4001 4002/4002/4002
f 4003/4003/4003 4001/4001/4001 4004/4004/4004
f 4003/4003/4003 3526/3526/3526 4001/4001/4001
f 242/242/242 4007/4007/4007 4009/4009/4009
f 4018/4018/4018 4009/4009/4009 4025/4025/4025
f 242/242/242 4009/4009/4009 4018/4018/4018
f 221/221/221 4009/4009/4009 4007/4007/4007
f 221/221/221 4008/4008/4008 4009/4009/4009
f 4008/4008/4008 4003/4003/4003 4009/4009/4009
f 2042/2042/2042 2041/2041/2041 2060/2060/2060
f 2637/2637/2637 370/370/370 2810/2810/2810
f 4010/4010/4010 4008/4008/4008 243/243/243
f 4008/4008/4008 4043/4043/4043 4003/4003/4003
f 4008/4008/4008 4010/4010/4010 4043/4043/4043
f 243/243/243 4008/4008/4008 221/221/221
f 4013/4013/4013 4011/4011/4011 4017/4017/4017
f 4012/4012/4012 4018/4018/4018 4016/4016/4016
f 4028/4028/4028 4011/4011/4011 4015/4015/4015
f 4020/4020/4020 4022/4022/4022 4025/4025/4025
f 4028/4028/4028 4015/4015/4015 4023/4023/4023
f 4012/4012/4012 4014/4014/4014 4018/4018/4018
f 4020/4020/4020 4025/4025/4025 4027/4027/4027
f 4022/4022/4022 4018/4018/4018 4025/4025/4025
f 4028/4028/4028 4026/4026/4026 4042/4042/4042
f 4018/4018/4018 4022/4022/4022 4024/4024/4024
f 4017/4017/4017 4011/4011/4011 4028/4028/4028
f 4016/4016/4016 4018/4018/4018 4024/4024/4024
f 4004/4004/4004 4029/4029/4029 4031/4031/4031
f 4031/4031/4031 4029/4029/4029 4033/4033/4033
f 4021/4021/4021 4019/4019/4019 4028/4028/4028
f 4032/4032/4032 4042/4042/4042 4030/4030/4030
f 3997/3997/3997 4033/4033/4033 4029/4029/4029
f 4023/4023/4023 4021/4021/4021 4028/4028/4028
f 3997/3997/3997 4029/4029/4029 3991/3991/3991
f 4035/4035/4035 242/242/242 4014/4014/4014
f 3994/3994/3994 4042/4042/4042 3995/3995/3995
f 3995/3995/3995 4032/4032/4032 3996/3996/3996
f 4025/4025/4025 4041/4041/4041 4039/4039/4039
f 4042/4042/4042 4032/4032/4032 3995/3995/3995
f 4004/4004/4004 4031/4031/4031 4037/4037/4037
f 4036/4036/4036 4030/4030/4030 4042/4042/4042
f 4042/4042/4042 4038/4038/4038 4040/4040/4040
f 4014/4014/4014 242/242/242 4018/4018/4018
f 4026/4026/4026 4038/4038/4038 4042/4042/4042
f 242/242/242 4035/4035/4035 241/241/241
f 4006/4006/4006 4004/4004/4004 4037/4037/4037
f 4005/4005/4005 4042/4042/4042 4040/4040/4040
f 4004/4004/4004 4006/4006/4006 4041/4041/4041
f 4005/4005/4005 4036/4036/4036 4042/4042/4042
f 4025/4025/4025 4039/4039/4039 4027/4027/4027
f 4004/4004/4004 4041/4041/4041 4025/4025/4025
f 4017/4017/4017 4028/4028/4028 131/131/131
f 4013/4013/4013 4017/4017/4017 4034/4034/4034
f 4017/4017/4017 240/240/240 4034/4034/4034
f 4042/4042/4042 3994/3994/3994 4028/4028/4028
f 4019/4019/4019 4026/4026/4026 4028/4028/4028
f 3994/3994/3994 131/131/131 4028/4028/4028
f 4043/4043/4043 3526/3526/3526 4003/4003/4003
f 4189/4189/4189 4158/4158/4158 4050/4050/4050
f 4046/4046/4046 4184/4184/4184 4059/4059/4059
f 4049/4049/4049 4059/4059/4059 4047/4047/4047
f 4049/4049/4049 4046/4046/4046 4059/4059/4059
f 4051/4051/4051 4059/4059/4059 4053/4053/4053
f 4050/4050/4050 4054/4054/4054 4056/4056/4056
f 4059/4059/4059 4057/4057/4057 4053/4053/4053
f 4056/4056/4056 4189/4189/4189 4050/4050/4050
f 4050/4050/4050 4052/4052/4052 4054/4054/4054
f 4052/4052/4052 4050/4050/4050 4048/4048/4048
f 4046/4046/4046 4128/4128/4128 4045/4045/4045
f 4053/4053/4053 4057/4057/4057 4055/4055/4055
f 4061/4061/4061 4050/4050/4050 4063/4063/4063
f 4049/4049/4049 4060/4060/4060 4062/4062/4062
f 4050/4050/4050 4065/4065/4065 4063/4063/4063
f 4060/4060/4060 4049/4049/4049 4047/4047/4047
f 4048/4048/4048 4050/4050/4050 4061/4061/4061
f 4047/4047/4047 4059/4059/4059 4051/4051/4051
f 4062/4062/4062 4064/4064/4064 4049/4049/4049
f 4156/4156/4156 4068/4068/4068 4129/4129/4129
f 4129/4129/4129 4068/4068/4068 4069/4069/4069
f 4067/4067/4067 4156/4156/4156 4070/4070/4070
f 4156/4156/4156 4072/4072/4072 4070/4070/4070
f 884/884/884 1032/1032/1032 4069/4069/4069
f 4196/4196/4196 4045/4045/4045 4127/4127/4127
f 4050/4050/4050 4070/4070/4070 4065/4065/4065
f 4070/4070/4070 4050/4050/4050 4067/4067/4067
f 4049/4049/4049 4073/4073/4073 4071/4071/4071
f 4075/4075/4075 4077/4077/4077 4071/4071/4071
f 4081/4081/4081 4156/4156/4156 4129/4129/4129
f 4065/4065/4065 4070/4070/4070 4074/4074/4074
f 4156/4156/4156 4081/4081/4081 4072/4072/4072
f 4071/4071/4071 4073/4073/4073 4082/4082/4082
f 4049/4049/4049 4064/4064/4064 4073/4073/4073
f 4083/4083/4083 4074/4074/4074 4070/4070/4070
f 4082/4082/4082 4084/4084/4084 4071/4071/4071
f 4070/4070/4070 4072/4072/4072 4083/4083/4083
f 4071/4071/4071 4077/4077/4077 4079/4079/4079
f 4072/4072/4072 4076/4076/4076 4085/4085/4085
f 4083/4083/4083 4072/4072/4072 4085/4085/4085
f 4046/4046/4046 4049/4049/4049 4071/4071/4071
f 4076/4076/4076 4072/4072/4072 4078/4078/4078
f 4078/4078/4078 4072/4072/4072 4081/4081/4081
f 4084/4084/4084 4075/4075/4075 4071/4071/4071
f 4111/4111/4111 4095/4095/4095 4086/4086/4086
f 4359/4359/4359 4353/4353/4353 793/793/793
f 4125/4125/4125 4105/4105/4105 4111/4111/4111
f 4087/4087/4087 1036/1036/1036 970/970/970
f 4091/4091/4091 4089/4089/4089 4095/4095/4095
f 4111/4111/4111 4105/4105/4105 4095/4095/4095
f 4130/4130/4130 4088/4088/4088 4090/4090/4090
f 4089/4089/4089 4087/4087/4087 4095/4095/4095
f 4090/4090/4090 4092/4092/4092 4102/4102/4102
f 4087/4087/4087 970/970/970 4095/4095/4095
f 4092/4092/4092 4094/4094/4094 4102/4102/4102
f 4102/4102/4102 4130/4130/4130 4090/4090/4090
f 4105/4105/4105 4098/4098/4098 4100/4100/4100
f 4095/4095/4095 4093/4093/4093 4091/4091/4091
f 4096/4096/4096 4093/4093/4093 4095/4095/4095
f 4104/4104/4104 4102/4102/4102 4097/4097/4097
f 4096/4096/4096 4095/4095/4095 4103/4103/4103
f 4100/4100/4100 4103/4103/4103 4105/4105/4105
f 4095/4095/4095 4105/4105/4105 4103/4103/4103
f 3750/3750/3750 4326/4326/4326 4111/4111/4111
f 4099/4099/4099 4108/4108/4108 4101/4101/4101
f 1981/1981/1981 4350/4350/4350 3060/3060/3060
f 4107/4107/4107 4108/4108/4108 4099/4099/4099
f 4101/4101/4101 4102/4102/4102 4104/4104/4104
f 4101/4101/4101 4108/4108/4108 4102/4102/4102
f 4106/4106/4106 4098/4098/4098 4105/4105/4105
f 1981/1981/1981 3060/3060/3060 1983/1983/1983
f 4105/4105/4105 4109/4109/4109 4106/4106/4106
f 4109/4109/4109 4105/4105/4105 4112/4112/4112
f 4115/4115/4115 4120/4120/4120 4117/4117/4117
f 4107/4107/4107 4110/4110/4110 4120/4120/4120
f 4113/4113/4113 4120/4120/4120 4110/4110/4110
f 4108/4108/4108 4120/4120/4120 4081/4081/4081
f 4094/4094/4094 4097/4097/4097 4102/4102/4102
f 4105/4105/4105 4116/4116/4116 4118/4118/4118
f 4121/4121/4121 4116/4116/4116 4105/4105/4105
f 4120/4120/4120 4115/4115/4115 4123/4123/4123
f 4119/4119/4119 4120/4120/4120 4113/4113/4113
f 4120/4120/4120 4123/4123/4123 4081/4081/4081
f 4122/4122/4122 4114/4114/4114 4121/4121/4121
f 4118/4118/4118 4112/4112/4112 4105/4105/4105
f 4107/4107/4107 4120/4120/4120 4108/4108/4108
f 4119/4119/4119 4117/4117/4117 4120/4120/4120
f 4128/4128/4128 4071/4071/4071 4121/4121/4121
f 4116/4116/4116 4121/4121/4121 4114/4114/4114
f 4125/4125/4125 4124/4124/4124 4128/4128/4128
f 4071/4071/4071 4079/4079/4079 4121/4121/4121
f 4111/4111/4111 4326/4326/4326 4124/4124/4124
f 4124/4124/4124 4322/4322/4322 4128/4128/4128
f 4121/4121/4121 4105/4105/4105 4125/4125/4125
f 4121/4121/4121 4125/4125/4125 4128/4128/4128
f 4045/4045/4045 4128/4128/4128 4127/4127/4127
f 4121/4121/4121 4079/4079/4079 4122/4122/4122
f 4123/4123/4123 4080/4080/4080 4081/4081/4081
f 4129/4129/4129 4108/4108/4108 4081/4081/4081
f 4078/4078/4078 4081/4081/4081 4080/4080/4080
f 4071/4071/4071 4128/4128/4128 4046/4046/4046
f 4069/4069/4069 1032/1032/1032 4130/4130/4130
f 4069/4069/4069 4108/4108/4108 4129/4129/4129
f 4069/4069/4069 4130/4130/4130 4102/4102/4102
f 4069/4069/4069 4102/4102/4102 4108/4108/4108
f 4198/4198/4198 4066/4066/4066 4132/4132/4132
f 4200/4200/4200 4044/4044/4044 4066/4066/4066
f 4066/4066/4066 4323/4323/4323 4131/4131/4131
f 4198/4198/4198 4200/4200/4200 4066/4066/4066
f 4136/4136/4136 4145/4145/4145 4134/4134/4134
f 3148/3148/3148 3131/3131/3131 4136/4136/4136
f 4133/4133/4133 4136/4136/4136 3131/3131/3131
f 4133/4133/4133 3131/3131/3131 4135/4135/4135
f 4136/4136/4136 4137/4137/4137 4145/4145/4145
f 4136/4136/4136 4133/4133/4133 4137/4137/4137
f 4138/4138/4138 1031/1031/1031 4150/4150/4150
f 4135/4135/4135 2814/2814/2814 4133/4133/4133
f 4150/4150/4150 4147/4147/4147 4138/4138/4138
f 4138/4138/4138 2814/2814/2814 1031/1031/1031
f 4137/4137/4137 4133/4133/4133 4138/4138/4138
f 4138/4138/4138 4133/4133/4133 2814/2814/2814
f 4147/4147/4147 4137/4137/4137 4138/4138/4138
f 4140/4140/4140 4215/4215/4215 3444/3444/3444
f 4140/4140/4140 3444/3444/3444 3169/3169/3169
f 4215/4215/4215 4140/4140/4140 4139/4139/4139
f 4140/4140/4140 4144/4144/4144 4139/4139/4139
f 4146/4146/4146 4141/4141/4141 4144/4144/4144
f 3067/3067/3067 4342/4342/4342 1988/1988/1988
f 4360/4360/4360 4362/4362/4362 4355/4355/4355
f 4139/4139/4139 4144/4144/4144 4141/4141/4141
f 4139/4139/4139 4141/4141/4141 4212/4212/4212
f 4144/4144/4144 4142/4142/4142 4146/4146/4146
f 4140/4140/4140 4143/4143/4143 4144/4144/4144
f 3169/3169/3169 4143/4143/4143 4140/4140/4140
f 4142/4142/4142 3170/3170/3170 4145/4145/4145
f 3170/3170/3170 4134/4134/4134 4145/4145/4145
f 4147/4147/4147 4148/4148/4148 4146/4146/4146
f 4143/4143/4143 4142/4142/4142 4144/4144/4144
f 4143/4143/4143 3170/3170/3170 4142/4142/4142
f 4146/4146/4146 4142/4142/4142 4147/4147/4147
f 4142/4142/4142 4145/4145/4145 4147/4147/4147
f 4145/4145/4145 4137/4137/4137 4147/4147/4147
f 4147/4147/4147 4151/4151/4151 4148/4148/4148
f 4151/4151/4151 4147/4147/4147 4150/4150/4150
f 4068/4068/4068 884/884/884 4069/4069/4069
f 884/884/884 4153/4153/4153 4149/4149/4149
f 880/880/880 884/884/884 4149/4149/4149
f 4153/4153/4153 884/884/884 4068/4068/4068
f 4149/4149/4149 4150/4150/4150 1031/1031/1031
f 4152/4152/4152 4151/4151/4151 4153/4153/4153
f 4153/4153/4153 4151/4151/4151 4149/4149/4149
f 4150/4150/4150 4149/4149/4149 4151/4151/4151
f 4153/4153/4153 4068/4068/4068 4152/4152/4152
f 4212/4212/4212 4141/4141/4141 4154/4154/4154
f 4154/4154/4154 4141/4141/4141 4158/4158/4158
f 4141/4141/4141 4155/4155/4155 4158/4158/4158
f 4141/4141/4141 4148/4148/4148 4155/4155/4155
f 4157/4157/4157 4151/4151/4151 4152/4152/4152
f 4155/4155/4155 4157/4157/4157 4067/4067/4067
f 4152/4152/4152 4068/4068/4068 4156/4156/4156
f 4050/4050/4050 4158/4158/4158 4067/4067/4067
f 4156/4156/4156 4157/4157/4157 4152/4152/4152
f 4155/4155/4155 4067/4067/4067 4158/4158/4158
f 4157/4157/4157 4156/4156/4156 4067/4067/4067
f 4141/4141/4141 4146/4146/4146 4148/4148/4148
f 4154/4154/4154 4158/4158/4158 4189/4189/4189
f 4148/4148/4148 4151/4151/4151 4157/4157/4157
f 4209/4209/4209 4154/4154/4154 4189/4189/4189
f 4155/4155/4155 4148/4148/4148 4157/4157/4157
f 4173/4173/4173 4165/4165/4165 4166/4166/4166
f 4162/4162/4162 4159/4159/4159 4160/4160/4160
f 4210/4210/4210 4163/4163/4163 4161/4161/4161
f 4162/4162/4162 4167/4167/4167 4159/4159/4159
f 4210/4210/4210 4168/4168/4168 4163/4163/4163
f 4167/4167/4167 4169/4169/4169 4159/4159/4159
f 4167/4167/4167 4164/4164/4164 4169/4169/4169
f 4171/4171/4171 4173/4173/4173 4178/4178/4178
f 4169/4169/4169 4164/4164/4164 4172/4172/4172
f 4190/4190/4190 4159/4159/4159 4169/4169/4169
f 4169/4169/4169 4172/4172/4172 4170/4170/4170
f 4173/4173/4173 4166/4166/4166 4178/4178/4178
f 4183/4183/4183 4191/4191/4191 4199/4199/4199
f 4175/4175/4175 4178/4178/4178 4189/4189/4189
f 4176/4176/4176 4160/4160/4160 4159/4159/4159
f 4178/4178/4178 4209/4209/4209 4189/4189/4189
f 4183/4183/4183 4169/4169/4169 4170/4170/4170
f 4183/4183/4183 4170/4170/4170 4179/4179/4179
f 4183/4183/4183 4179/4179/4179 4181/4181/4181
f 4178/4178/4178 4182/4182/4182 4180/4180/4180
f 4178/4178/4178 4180/4180/4180 4171/4171/4171
f 4178/4178/4178 4175/4175/4175 4182/4182/4182
f 4181/4181/4181 4174/4174/4174 4183/4183/4183
f 4244/4244/4244 4248/4248/4248 4207/4207/4207
f 4247/4247/4247 4159/4159/4159 4248/4248/4248
f 4184/4184/4184 4046/4046/4046 4045/4045/4045
f 4190/4190/4190 4207/4207/4207 4248/4248/4248
f 4196/4196/4196 4184/4184/4184 4045/4045/4045
f 4248/4248/4248 4159/4159/4159 4190/4190/4190
f 4168/4168/4168 4166/4166/4166 4165/4165/4165
f 4210/4210/4210 4166/4166/4166 4168/4168/4168
f 4190/4190/4190 4169/4169/4169 4183/4183/4183
f 4194/4194/4194 4059/4059/4059 4184/4184/4184
f 4191/4191/4191 4183/4183/4183 4194/4194/4194
f 4187/4187/4187 4057/4057/4057 4194/4194/4194
f 4057/4057/4057 4059/4059/4059 4194/4194/4194
f 4056/4056/4056 4058/4058/4058 4189/4189/4189
f 4189/4189/4189 4058/4058/4058 4188/4188/4188
f 4183/4183/4183 4174/4174/4174 4194/4194/4194
f 4185/4185/4185 4187/4187/4187 4194/4194/4194
f 4186/4186/4186 4189/4189/4189 4188/4188/4188
f 4174/4174/4174 4192/4192/4192 4194/4194/4194
f 4192/4192/4192 4185/4185/4185 4194/4194/4194
f 4189/4189/4189 4186/4186/4186 4193/4193/4193
f 4193/4193/4193 4175/4175/4175 4189/4189/4189
f 4195/4195/4195 4184/4184/4184 4196/4196/4196
f 4191/4191/4191 4184/4184/4184 4195/4195/4195
f 4199/4199/4199 4191/4191/4191 4195/4195/4195
f 4190/4190/4190 4183/4183/4183 4199/4199/4199
f 4184/4184/4184 4191/4191/4191 4194/4194/4194
f 4197/4197/4197 4198/4198/4198 4203/4203/4203
f 4203/4203/4203 4206/4206/4206 4197/4197/4197
f 4199/4199/4199 4202/4202/4202 4207/4207/4207
f 4196/4196/4196 4200/4200/4200 4201/4201/4201
f 4196/4196/4196 4127/4127/4127 4200/4200/4200
f 4294/4294/4294 4202/4202/4202 4288/4288/4288
f 4205/4205/4205 3582/3582/3582 4288/4288/4288
f 4205/4205/4205 4288/4288/4288 4206/4206/4206
f 4200/4200/4200 4198/4198/4198 4197/4197/4197
f 4197/4197/4197 4201/4201/4201 4200/4200/4200
f 4288/4288/4288 4202/4202/4202 4206/4206/4206
f 4196/4196/4196 4201/4201/4201 4195/4195/4195
f 4204/4204/4204 4195/4195/4195 4201/4201/4201
f 4204/4204/4204 4202/4202/4202 4199/4199/4199
f 4195/4195/4195 4204/4204/4204 4199/4199/4199
f 4204/4204/4204 4201/4201/4201 4202/4202/4202
f 4197/4197/4197 4206/4206/4206 4202/4202/4202
f 4202/4202/4202 4201/4201/4201 4197/4197/4197
f 4244/4244/4244 4207/4207/4207 4208/4208/4208
f 4190/4190/4190 4199/4199/4199 4207/4207/4207
f 4202/4202/4202 4294/4294/4294 4208/4208/4208
f 4202/4202/4202 4208/4208/4208 4207/4207/4207
f 4209/4209/4209 4178/4178/4178 4166/4166/4166
f 4166/4166/4166 4213/4213/4213 4209/4209/4209
f 4283/4283/4283 4271/4271/4271 4213/4213/4213
f 4210/4210/4210 4161/4161/4161 4177/4177/4177
f 4213/4213/4213 4154/4154/4154 4209/4209/4209
f 4211/4211/4211 4213/4213/4213 4271/4271/4271
f 4154/4154/4154 4213/4213/4213 4211/4211/4211
f 4280/4280/4280 4283/4283/4283 4210/4210/4210
f 4210/4210/4210 4283/4283/4283 4166/4166/4166
f 4212/4212/4212 4154/4154/4154 4211/4211/4211
f 4213/4213/4213 4166/4166/4166 4283/4283/4283
f 3543/3543/3543 3542/3542/3542 4215/4215/4215
f 4216/4216/4216 3543/3543/3543 4215/4215/4215
f 4211/4211/4211 4214/4214/4214 4212/4212/4212
f 4139/4139/4139 4212/4212/4212 4214/4214/4214
f 4215/4215/4215 4139/4139/4139 4214/4214/4214
f 4216/4216/4216 4215/4215/4215 4214/4214/4214
f 4215/4215/4215 3542/3542/3542 3444/3444/3444
f 4216/4216/4216 4214/4214/4214 4211/4211/4211
f 4217/4217/4217 4211/4211/4211 4271/4271/4271
f 4216/4216/4216 4211/4211/4211 4217/4217/4217
f 4218/4218/4218 4217/4217/4217 3412/3412/3412
f 4218/4218/4218 3543/3543/3543 4216/4216/4216
f 4216/4216/4216 4217/4217/4217 4218/4218/4218
f 4221/4221/4221 4219/4219/4219 4238/4238/4238
f 4219/4219/4219 4221/4221/4221 4220/4220/4220
f 3998/3998/3998 4002/4002/4002 4238/4238/4238
f 4238/4238/4238 4002/4002/4002 3999/3999/3999
f 3999/3999/3999 4221/4221/4221 4238/4238/4238
f 4205/4205/4205 4206/4206/4206 4203/4203/4203
f 4221/4221/4221 4284/4284/4284 4220/4220/4220
f 4284/4284/4284 4221/4221/4221 2901/2901/2901
f 4221/4221/4221 3999/3999/3999 2901/2901/2901
f 2912/2912/2912 2901/2901/2901 3978/3978/3978
f 2901/2901/2901 3999/3999/3999 3978/3978/3978
f 4225/4225/4225 4227/4227/4227 4222/4222/4222
f 4238/4238/4238 4241/4241/4241 3998/3998/3998
f 4222/4222/4222 4223/4223/4223 4229/4229/4229
f 3981/3981/3981 4241/4241/4241 4232/4232/4232
f 4234/4234/4234 4228/4228/4228 4237/4237/4237
f 3998/3998/3998 4241/4241/4241 3981/3981/3981
f 4265/4265/4265 4227/4227/4227 4233/4233/4233
f 4265/4265/4265 4233/4233/4233 4235/4235/4235
f 4237/4237/4237 4236/4236/4236 4234/4234/4234
f 4222/4222/4222 4242/4242/4242 3979/3979/3979
f 4238/4238/4238 4237/4237/4237 4241/4241/4241
f 4226/4226/4226 4237/4237/4237 4228/4228/4228
f 4224/4224/4224 4232/4232/4232 4241/4241/4241
f 4222/4222/4222 4231/4231/4231 4223/4223/4223
f 4222/4222/4222 4229/4229/4229 4225/4225/4225
f 4241/4241/4241 4230/4230/4230 4224/4224/4224
f 4239/4239/4239 4265/4265/4265 4235/4235/4235
f 4265/4265/4265 4242/4242/4242 4222/4222/4222
f 4230/4230/4230 4241/4241/4241 4226/4226/4226
f 4222/4222/4222 4227/4227/4227 4265/4265/4265
f 4226/4226/4226 4241/4241/4241 4237/4237/4237
f 3979/3979/3979 3980/3980/3980 4222/4222/4222
f 3980/3980/3980 4231/4231/4231 4222/4222/4222
f 4238/4238/4238 4219/4219/4219 4237/4237/4237
f 4237/4237/4237 4219/4219/4219 4257/4257/4257
f 4243/4243/4243 4244/4244/4244 4258/4258/4258
f 4243/4243/4243 4246/4246/4246 4245/4245/4245
f 4244/4244/4244 4243/4243/4243 4248/4248/4248
f 4246/4246/4246 4286/4286/4286 4245/4245/4245
f 4247/4247/4247 4248/4248/4248 4245/4245/4245
f 4239/4239/4239 4249/4249/4249 4265/4265/4265
f 4240/4240/4240 4237/4237/4237 4250/4250/4250
f 4236/4236/4236 4237/4237/4237 4240/4240/4240
f 4254/4254/4254 4250/4250/4250 4237/4237/4237
f 4237/4237/4237 4257/4257/4257 4256/4256/4256
f 4265/4265/4265 4249/4249/4249 4253/4253/4253
f 4243/4243/4243 4258/4258/4258 4246/4246/4246
f 4262/4262/4262 4264/4264/4264 4257/4257/4257
f 4256/4256/4256 4257/4257/4257 4264/4264/4264
f 4237/4237/4237 4256/4256/4256 4254/4254/4254
f 4245/4245/4245 4248/4248/4248 4243/4243/4243
f 4253/4253/4253 4255/4255/4255 4265/4265/4265
f 4242/4242/4242 4265/4265/4265 4258/4258/4258
f 4255/4255/4255 4246/4246/4246 4265/4265/4265
f 4246/4246/4246 4255/4255/4255 4263/4263/4263
f 4258/4258/4258 4265/4265/4265 4246/4246/4246
f 4261/4261/4261 4251/4251/4251 4246/4246/4246
f 4261/4261/4261 4246/4246/4246 4263/4263/4263
f 4245/4245/4245 4266/4266/4266 4247/4247/4247
f 4245/4245/4245 4268/4268/4268 4259/4259/4259
f 4271/4271/4271 4273/4273/4273 4272/4272/4272
f 4272/4272/4272 4217/4217/4217 4271/4271/4271
f 4220/4220/4220 4272/4272/4272 4270/4270/4270
f 4270/4270/4270 4257/4257/4257 4219/4219/4219
f 4219/4219/4219 4220/4220/4220 4270/4270/4270
f 4257/4257/4257 4270/4270/4270 4273/4273/4273
f 4272/4272/4272 4273/4273/4273 4270/4270/4270
f 4247/4247/4247 4274/4274/4274 4159/4159/4159
f 4276/4276/4276 4274/4274/4274 4247/4247/4247
f 4277/4277/4277 4210/4210/4210 4275/4275/4275
f 4177/4177/4177 4275/4275/4275 4210/4210/4210
f 4247/4247/4247 4278/4278/4278 4276/4276/4276
f 4176/4176/4176 4159/4159/4159 4274/4274/4274
f 4287/4287/4287 4273/4273/4273 4280/4280/4280
f 4282/4282/4282 4287/4287/4287 4280/4280/4280
f 4280/4280/4280 4210/4210/4210 4277/4277/4277
f 4277/4277/4277 4279/4279/4279 4280/4280/4280
f 4269/4269/4269 4280/4280/4280 4260/4260/4260
f 4266/4266/4266 4278/4278/4278 4247/4247/4247
f 4267/4267/4267 4280/4280/4280 4279/4279/4279
f 4245/4245/4245 4281/4281/4281 4268/4268/4268
f 4280/4280/4280 4269/4269/4269 4282/4282/4282
f 4280/4280/4280 4267/4267/4267 4260/4260/4260
f 4283/4283/4283 4280/4280/4280 4273/4273/4273
f 4259/4259/4259 4266/4266/4266 4245/4245/4245
f 4271/4271/4271 4283/4283/4283 4273/4273/4273
f 3404/3404/3404 4284/4284/4284 3403/3403/3403
f 4220/4220/4220 4285/4285/4285 4272/4272/4272
f 4220/4220/4220 4284/4284/4284 4285/4285/4285
f 4284/4284/4284 3404/3404/3404 4285/4285/4285
f 4285/4285/4285 3404/3404/3404 3412/3412/3412
f 4217/4217/4217 4272/4272/4272 4285/4285/4285
f 4285/4285/4285 3412/3412/3412 4217/4217/4217
f 4257/4257/4257 4273/4273/4273 4287/4287/4287
f 4286/4286/4286 4281/4281/4281 4245/4245/4245
f 4251/4251/4251 4286/4286/4286 4246/4246/4246
f 4257/4257/4257 4287/4287/4287 4252/4252/4252
f 4262/4262/4262 4257/4257/4257 4252/4252/4252
f 4208/4208/4208 4289/4289/4289 4293/4293/4293
f 4289/4289/4289 4208/4208/4208 4294/4294/4294
f 4290/4290/4290 4292/4292/4292 245/245/245
f 4292/4292/4292 3985/3985/3985 4291/4291/4291
f 4292/4292/4292 4290/4290/4290 3985/3985/3985
f 240/240/240 4017/4017/4017 180/180/180
f 245/245/245 4292/4292/4292 4295/4295/4295
f 4291/4291/4291 4242/4242/4242 4258/4258/4258
f 4291/4291/4291 4289/4289/4289 4292/4292/4292
f 4289/4289/4289 4291/4291/4291 4293/4293/4293
f 4293/4293/4293 4258/4258/4258 4244/4244/4244
f 4258/4258/4258 4293/4293/4293 4291/4291/4291
f 4244/4244/4244 4208/4208/4208 4293/4293/4293
f 3584/3584/3584 4295/4295/4295 4288/4288/4288
f 4292/4292/4292 4289/4289/4289 4295/4295/4295
f 4295/4295/4295 3584/3584/3584 245/245/245
f 4294/4294/4294 4288/4288/4288 4295/4295/4295
f 4295/4295/4295 4289/4289/4289 4294/4294/4294
f 1566/1566/1566 4367/4367/4367 1563/1563/1563
f 4296/4296/4296 3848/3848/3848 3859/3859/3859
f 4296/4296/4296 3593/3593/3593 3596/3596/3596
f 4297/4297/4297 3565/3565/3565 4298/4298/4298
f 3568/3568/3568 3565/3565/3565 3567/3567/3567
f 1536/1536/1536 4376/4376/4376 3566/3566/3566
f 3590/3590/3590 4298/4298/4298 3565/3565/3565
f 4323/4323/4323 4066/4066/4066 4044/4044/4044
f 3591/3591/3591 4323/4323/4323 4299/4299/4299
f 3591/3591/3591 4131/4131/4131 4323/4323/4323
f 4126/4126/4126 4300/4300/4300 4299/4299/4299
f 4300/4300/4300 4301/4301/4301 4299/4299/4299
f 4303/4303/4303 4301/4301/4301 4304/4304/4304
f 4298/4298/4298 4303/4303/4303 4302/4302/4302
f 4307/4307/4307 4312/4312/4312 4315/4315/4315
f 4307/4307/4307 4305/4305/4305 4312/4312/4312
f 4310/4310/4310 4307/4307/4307 4315/4315/4315
f 4305/4305/4305 4328/4328/4328 4312/4312/4312
f 4302/4302/4302 4303/4303/4303 4304/4304/4304
f 4306/4306/4306 4305/4305/4305 4307/4307/4307
f 4304/4304/4304 4306/4306/4306 4307/4307/4307
f 4307/4307/4307 4310/4310/4310 4309/4309/4309
f 4297/4297/4297 4307/4307/4307 4309/4309/4309
f 4302/4302/4302 4307/4307/4307 4297/4297/4297
f 4300/4300/4300 4304/4304/4304 4301/4301/4301
f 4300/4300/4300 4306/4306/4306 4304/4304/4304
f 4304/4304/4304 4307/4307/4307 4302/4302/4302
f 4297/4297/4297 4298/4298/4298 4302/4302/4302
f 4328/4328/4328 4305/4305/4305 4306/4306/4306
f 4126/4126/4126 4299/4299/4299 4323/4323/4323
f 4044/4044/4044 4127/4127/4127 4322/4322/4322
f 4312/4312/4312 4316/4316/4316 4315/4315/4315
f 4311/4311/4311 4310/4310/4310 1550/1550/1550
f 1594/1594/1594 1595/1595/1595 1550/1550/1550
f 4315/4315/4315 4314/4314/4314 4310/4310/4310
f 4310/4310/4310 4313/4313/4313 1550/1550/1550
f 4310/4310/4310 4314/4314/4314 4313/4313/4313
f 4314/4314/4314 4317/4317/4317 4313/4313/4313
f 4312/4312/4312 4320/4320/4320 4316/4316/4316
f 993/993/993 995/995/995 3717/3717/3717
f 4315/4315/4315 4316/4316/4316 4314/4314/4314
f 4320/4320/4320 4324/4324/4324 4316/4316/4316
f 4316/4316/4316 4324/4324/4324 4318/4318/4318
f 4319/4319/4319 4318/4318/4318 4324/4324/4324
f 4317/4317/4317 4316/4316/4316 4318/4318/4318
f 4314/4314/4314 4316/4316/4316 4317/4317/4317
f 3717/3717/3717 4375/4375/4375 993/993/993
f 1526/1526/1526 3567/3567/3567 3565/3565/3565
f 4308/4308/4308 4297/4297/4297 4309/4309/4309
f 4308/4308/4308 4309/4309/4309 4311/4311/4311
f 4308/4308/4308 4311/4311/4311 1541/1541/1541
f 4300/4300/4300 4321/4321/4321 4306/4306/4306
f 4321/4321/4321 4328/4328/4328 4306/4306/4306
f 4126/4126/4126 4322/4322/4322 4124/4124/4124
f 4126/4126/4126 4321/4321/4321 4300/4300/4300
f 4312/4312/4312 4330/4330/4330 4320/4320/4320
f 4330/4330/4330 4312/4312/4312 4328/4328/4328
f 998/998/998 4319/4319/4319 4334/4334/4334
f 4374/4374/4374 4319/4319/4319 998/998/998
f 4324/4324/4324 4334/4334/4334 4319/4319/4319
f 4320/4320/4320 4332/4332/4332 4334/4334/4334
f 3711/3711/3711 998/998/998 996/996/996
f 4328/4328/4328 4325/4325/4325 4327/4327/4327
f 4326/4326/4326 4325/4325/4325 4321/4321/4321
f 4124/4124/4124 4321/4321/4321 4126/4126/4126
f 4341/4341/4341 1986/1986/1986 1987/1987/1987
f 4086/4086/4086 4095/4095/4095 970/970/970
f 4124/4124/4124 4125/4125/4125 4111/4111/4111
f 4332/4332/4332 4329/4329/4329 4333/4333/4333
f 989/989/989 4333/4333/4333 953/953/953
f 3750/3750/3750 751/751/751 4327/4327/4327
f 4331/4331/4331 4333/4333/4333 989/989/989
f 4327/4327/4327 4330/4330/4330 4328/4328/4328
f 4327/4327/4327 4329/4329/4329 4330/4330/4330
f 4325/4325/4325 4328/4328/4328 4321/4321/4321
f 4310/4310/4310 4311/4311/4311 4309/4309/4309
f 3568/3568/3568 3590/3590/3590 3565/3565/3565
f 4303/4303/4303 4298/4298/4298 3590/3590/3590
f 4301/4301/4301 3591/3591/3591 4299/4299/4299
f 4345/4345/4345 1975/1975/1975 4340/4340/4340
f 591/591/591 4363/4363/4363 593/593/593
f 4344/4344/4344 1972/1972/1972 4346/4346/4346
f 4327/4327/4327 4325/4325/4325 3750/3750/3750
f 780/780/780 4362/4362/4362 4358/4358/4358
f 3067/3067/3067 1988/1988/1988 4340/4340/4340
f 3062/3062/3062 3067/3067/3067 1945/1945/1945
f 1971/1971/1971 1955/1955/1955 3067/3067/3067
f 1979/1979/1979 1617/1617/1617 3060/3060/3060
f 4321/4321/4321 4124/4124/4124 4326/4326/4326
f 4331/4331/4331 4332/4332/4332 4333/4333/4333
f 4329/4329/4329 4327/4327/4327 751/751/751
f 4319/4319/4319 1041/1041/1041 4318/4318/4318
f 4319/4319/4319 1038/1038/1038 1041/1041/1041
f 778/778/778 3961/3961/3961 813/813/813
f 3337/3337/3337 1578/1578/1578 3338/3338/3338
f 4369/4369/4369 1579/1579/1579 1571/1571/1571
f 1577/1577/1577 1579/1579/1579 4369/4369/4369
f 3336/3336/3336 1580/1580/1580 1586/1586/1586
f 3067/3067/3067 4340/4340/4340 1975/1975/1975
f 1037/1037/1037 4088/4088/4088 4130/4130/4130
f 4132/4132/4132 4066/4066/4066 4131/4131/4131
f 880/880/880 4149/4149/4149 1031/1031/1031
f 686/686/686 690/690/690 685/685/685
f 4342/4342/4342 3067/3067/3067 1974/1974/1974
f 1617/1617/1617 1564/1564/1564 1977/1977/1977
f 1978/1978/1978 1975/1975/1975 4337/4337/4337
f 4339/4339/4339 1987/1987/1987 1972/1972/1972
f 1975/1975/1975 4347/4347/4347 4337/4337/4337
f 4348/4348/4348 1951/1951/1951 1986/1986/1986
f 1971/1971/1971 4343/4343/4343 1340/1340/1340
f 792/792/792 1340/1340/1340 4338/4338/4338
f 4349/4349/4349 1974/1974/1974 3067/3067/3067
f 1972/1972/1972 3069/3069/3069 4336/4336/4336
f 3067/3067/3067 1975/1975/1975 4343/4343/4343
f 4348/4348/4348 1986/1986/1986 1973/1973/1973
f 1975/1975/1975 4351/4351/4351 1982/1982/1982
f 4364/4364/4364 4360/4360/4360 4355/4355/4355
f 4350/4350/4350 1979/1979/1979 3060/3060/3060
f 1975/1975/1975 1565/1565/1565 1980/1980/1980
f 4352/4352/4352 3060/3060/3060 1617/1617/1617
f 4352/4352/4352 4367/4367/4367 4353/4353/4353
f 4353/4353/4353 599/599/599 4352/4352/4352
f 4359/4359/4359 599/599/599 4353/4353/4353
f 1015/1015/1015 4356/4356/4356 599/599/599
f 1983/1983/1983 3060/3060/3060 599/599/599
f 4365/4365/4365 593/593/593 793/793/793
f 4359/4359/4359 779/779/779 599/599/599
f 593/593/593 4354/4354/4354 4359/4359/4359
f 4361/4361/4361 779/779/779 4359/4359/4359
f 4356/4356/4356 1983/1983/1983 599/599/599
f 4357/4357/4357 4358/4358/4358 1984/1984/1984
f 4358/4358/4358 4357/4357/4357 1016/1016/1016
f 4361/4361/4361 4359/4359/4359 4354/4354/4354
f 4360/4360/4360 4358/4358/4358 4362/4362/4362
f 593/593/593 4363/4363/4363 4354/4354/4354
f 4364/4364/4364 592/592/592 4360/4360/4360
f 4360/4360/4360 592/592/592 586/586/586
f 793/793/793 593/593/593 4359/4359/4359
f 4366/4366/4366 819/819/819 793/793/793
f 778/778/778 819/819/819 770/770/770
f 770/770/770 819/819/819 4366/4366/4366
f 813/813/813 819/819/819 778/778/778
f 4368/4368/4368 4366/4366/4366 4367/4367/4367
f 1566/1566/1566 4368/4368/4368 4367/4367/4367
f 3338/3338/3338 1040/1040/1040 3335/3335/3335
f 4373/4373/4373 1592/1592/1592 1588/1588/1588
f 1040/1040/1040 1585/1585/1585 1576/1576/1576
f 4373/4373/4373 3027/3027/3027 4372/4372/4372
f 1581/1581/1581 4373/4373/4373 1590/1590/1590
f 1583/1583/1583 1040/1040/1040 1576/1576/1576
f 4334/4334/4334 3713/3713/3713 998/998/998
f 1590/1590/1590 4373/4373/4373 1588/1588/1588
f 3338/3338/3338 4373/4373/4373 1581/1581/1581
f 3335/3335/3335 4368/4368/4368 1568/1568/1568
f 1545/1545/1545 3027/3027/3027 1613/1613/1613
f 3335/3335/3335 4373/4373/4373 3338/3338/3338
f 4372/4372/4372 1592/1592/1592 4373/4373/4373
f 3027/3027/3027 1545/1545/1545 4372/4372/4372
f 1577/1577/1577 3336/3336/3336 1586/1586/1586
f 4318/4318/4318 1579/1579/1579 4317/4317/4317
f 999/999/999 1003/1003/1003 3713/3713/3713
f 4331/4331/4331 989/989/989 988/988/988
f 4326/4326/4326 3750/3750/3750 4325/4325/4325
f 4320/4320/4320 4334/4334/4334 4324/4324/4324
f 4320/4320/4320 4330/4330/4330 4332/4332/4332
f 4329/4329/4329 4332/4332/4332 4330/4330/4330
f 4126/4126/4126 4044/4044/4044 4322/4322/4322
f 4044/4044/4044 4126/4126/4126 4323/4323/4323
f 4322/4322/4322 4127/4127/4127 4128/4128/4128
f 4044/4044/4044 4200/4200/4200 4127/4127/4127
f 1550/1550/1550 4313/4313/4313 1594/1594/1594
f 1526/1526/1526 4308/4308/4308 1541/1541/1541
f 4308/4308/4308 3565/3565/3565 4297/4297/4297
f 4308/4308/4308 1526/1526/1526 3565/3565/3565
f 4376/4376/4376 3563/3563/3563 3566/3566/3566
f 4376/4376/4376 3351/3351/3351 1163/1163/1163
f 3326/3326/3326 3327/3327/3327 1602/1602/1602
f 3851/3851/3851 3861/3861/3861 3845/3845/3845
f 3829/3829/3829 3847/3847/3847 3851/3851/3851
f 3851/3851/3851 3836/3836/3836 3840/3840/3840
f 3844/3844/3844 3850/3850/3850 3828/3828/3828
f 3851/3851/3851 3845/3845/3845 3829/3829/3829
f 1439/1439/1439 1440/1440/1440 1426/1426/1426
f 1427/1427/1427 1464/1464/1464 1454/1454/1454
f 1453/1453/1453 1455/1455/1455 1439/1439/1439
f 1/1/1 4/4/4 19/19/19
f 3878/3878/3878 3863/3863/3863 3879/3879/3879
f 237/237/237 3270/3270/3270 162/162/162
f 3270/3270/3270 3268/3268/3268 162/162/162
f 3268/3268/3268 3256/3256/3256 161/161/161
f 2657/2657/2657 2606/2606/2606 2659/2659/2659
f 1475/1475/1475 1480/1480/1480 1460/1460/1460
f 1460/1460/1460 1480/1480/1480 281/281/281
f 1798/1798/1798 1501/1501/1501 1469/1469/1469
f 1501/1501/1501 1476/1476/1476 1469/1469/1469
f 1468/1468/1468 1470/1470/1470 1797/1797/1797
f 1460/1460/1460 1467/1467/1467 1475/1475/1475
f 3371/3371/3371 2374/2374/2374 3372/3372/3372
f 849/849/849 855/855/855 834/834/834
f 3424/3424/3424 3125/3125/3125 3123/3123/3123
f 3866/3866/3866 3867/3867/3867 3864/3864/3864
f 3751/3751/3751 3749/3749/3749 3748/3748/3748
f 921/921/921 923/923/923 925/925/925
f 925/925/925 923/923/923 927/927/927
f 924/924/924 915/915/915 920/920/920
f 689/689/689 687/687/687 723/723/723
f 723/723/723 684/684/684 689/689/689
f 686/686/686 701/701/701 691/691/691
f 691/691/691 690/690/690 686/686/686
