# GloomhavenVR import — Poly Haven 'single_root' (CC0), processed by ph_pipeline.py
v 0.169695 -0.056930 1.067620
v 0.169695 -0.056930 1.067620
v 0.236822 -0.062353 1.109430
v 0.236822 -0.062353 1.109430
v -0.152811 -0.039880 1.922109
v 0.217111 -0.064967 1.276226
v 0.217111 -0.064967 1.276226
v 0.244751 -0.063496 1.253797
v 0.244751 -0.063496 1.253797
v 0.242146 -0.063927 1.259133
v 0.242146 -0.063927 1.259133
v 0.249101 -0.063055 1.251148
v 0.249101 -0.063055 1.251148
v 0.196053 -0.063798 1.441243
v 0.261824 -0.061105 1.249171
v -0.162037 -0.043336 1.778316
v -0.160488 -0.043808 1.790619
v -0.161249 -0.042882 1.802262
v -0.163858 -0.044085 1.770701
v -0.161247 -0.042955 1.796939
v -0.159657 -0.045715 1.815045
v -0.158823 -0.044815 1.807314
v -0.163686 -0.043105 1.765544
v -0.164974 -0.042697 1.757390
v -0.160496 -0.043766 1.783437
v -0.164726 -0.042118 1.747391
v -0.160412 -0.041415 1.815574
v -0.159997 -0.041423 1.821142
v -0.158398 -0.041103 1.827040
v -0.164802 -0.041945 1.738312
v -0.001244 -0.020147 1.983229
v -0.001244 -0.020147 1.983229
v 0.023584 -0.015402 1.970461
v 0.023584 -0.015402 1.970461
v -0.009004 -0.020719 1.983693
v -0.009004 -0.020719 1.983693
v -0.005740 -0.016158 1.979132
v -0.005740 -0.016158 1.979132
v -0.050628 -0.054518 2.080490
v -0.056814 -0.054076 2.080674
v -0.031848 -0.053512 2.080173
v -0.027610 -0.054001 2.078994
v -0.023269 -0.053071 2.079250
v -0.017402 -0.050504 2.077743
v -0.004855 -0.052932 2.075911
v -0.011931 -0.050392 2.076651
v 0.001104 -0.053675 2.073043
v -0.037219 -0.053331 2.079219
v -0.045080 -0.054210 2.081563
v -0.157074 -0.042594 1.835720
v -0.154581 -0.042821 1.897725
v -0.151808 -0.042322 1.902342
v 0.051216 0.068828 1.289599
v 0.051216 0.068828 1.289599
v 0.051035 0.067734 1.303383
v 0.051035 0.067734 1.303383
v -0.153777 -0.040467 1.885216
v -0.153715 -0.041783 1.913208
v -0.155460 -0.043088 1.906392
v -0.154315 -0.041674 1.891591
v -0.156520 -0.040316 1.879123
v -0.154127 -0.046135 1.923223
v -0.155241 -0.041952 1.870755
v -0.156890 -0.041687 1.843760
v -0.156441 -0.042791 1.863919
v -0.156411 -0.044394 1.858613
v -0.155744 -0.042785 1.848731
v -0.144024 -0.055824 2.036916
v -0.142210 -0.055131 2.042717
v -0.141168 -0.052814 2.050016
v -0.138250 -0.054479 2.055971
v -0.136827 -0.055535 2.062372
v -0.134345 -0.056586 2.067298
v -0.131130 -0.055304 2.072150
v -0.145854 -0.056194 2.031737
v -0.146793 -0.055192 2.022810
v -0.147145 -0.054277 2.016274
v -0.148047 -0.054283 2.009854
v -0.145517 -0.055827 2.026958
v -0.150713 -0.049966 1.999990
v -0.150162 -0.052598 2.004421
v -0.150848 -0.050855 1.994133
v -0.150695 -0.046503 1.994579
v -0.151676 -0.050444 1.978701
v -0.150391 -0.051875 1.985518
v -0.118210 -0.055152 2.081905
v -0.111501 -0.055474 2.083510
v -0.125646 -0.054715 2.079880
v -0.105816 -0.054643 2.086237
v -0.098952 -0.054149 2.086477
v -0.151306 -0.049963 1.972210
v -0.152867 -0.047290 1.960626
v -0.150753 -0.045709 1.952335
v -0.150571 -0.049068 1.965004
v -0.153966 -0.045683 1.929216
v -0.152291 -0.046467 1.947330
v -0.153722 -0.045169 1.941995
v -0.152563 -0.046234 1.933740
v -0.078696 -0.055200 2.087850
v -0.073285 -0.054952 2.087400
v -0.059374 -0.055145 2.084339
v -0.066516 -0.055448 2.088883
v -0.085489 -0.054952 2.087952
v -0.093012 -0.053682 2.086813
v 0.054579 0.011461 1.857620
v 0.054579 0.011461 1.857620
v 0.057736 0.011363 1.848526
v 0.057736 0.011363 1.848526
v 0.041209 0.012551 1.917084
v 0.041209 0.012551 1.917084
v 0.055106 0.014544 1.881894
v 0.055106 0.014544 1.881894
v 0.055315 0.015064 1.886200
v 0.055315 0.015064 1.886200
v 0.078964 -0.000598 1.865262
v 0.078964 -0.000598 1.865262
v 0.078233 -0.001759 1.860369
v 0.078233 -0.001759 1.860369
v 0.078233 -0.001759 1.860369
v 0.077722 0.002678 1.869716
v 0.077722 0.002678 1.869716
v -0.172332 -0.030496 1.537865
v -0.171414 -0.033207 1.556963
v -0.171403 -0.029049 1.523491
v 0.089232 0.005280 1.886213
v 0.089232 0.005280 1.886213
v 0.039325 0.009517 1.923518
v 0.039325 0.009517 1.923518
v -0.170021 -0.027421 1.463842
v 0.041650 0.010712 1.920959
v 0.041650 0.010712 1.920959
v -0.168551 -0.026598 1.442356
v -0.169403 -0.026875 1.456935
v 0.042063 0.015172 1.908060
v 0.042063 0.015172 1.908060
v 0.034008 0.006566 1.927583
v 0.034008 0.006566 1.927583
v -0.172053 -0.029606 1.483702
v 0.050498 0.013785 1.889745
v 0.050498 0.013785 1.889745
v 0.086834 0.006972 1.884264
v 0.086834 0.006972 1.884264
v 0.080183 0.005074 1.872341
v 0.080183 0.005074 1.872341
v 0.056143 0.013261 1.874157
v 0.056143 0.013261 1.874157
v 0.085256 0.007308 1.881145
v 0.085256 0.007308 1.881145
v 0.082798 0.006724 1.876913
v 0.082798 0.006724 1.876913
v 0.057410 0.011593 1.843755
v 0.057410 0.011593 1.843755
v 0.057177 0.012469 1.861934
v 0.057177 0.012469 1.861934
v 0.056893 0.013840 1.867713
v 0.056893 0.013840 1.867713
v 0.046067 0.015252 1.898845
v 0.046067 0.015252 1.898845
v 0.047950 0.013970 1.893492
v 0.047950 0.013970 1.893492
v 0.054812 0.012728 1.799519
v 0.054812 0.012728 1.799519
v 0.052504 0.012172 1.811747
v 0.052504 0.012172 1.811747
v 0.054701 0.012673 1.807914
v 0.054701 0.012673 1.807914
v 0.055829 0.012301 1.773605
v 0.055829 0.012301 1.773605
v 0.053806 0.012977 1.777944
v 0.053806 0.012977 1.777944
v 0.052415 0.012347 1.783805
v 0.052415 0.012347 1.783805
v 0.054008 0.012632 1.819086
v 0.054008 0.012632 1.819086
v 0.054903 0.012201 1.831920
v 0.054903 0.012201 1.831920
v 0.052239 0.010311 1.837793
v 0.052239 0.010311 1.837793
v 0.054134 0.012067 1.826421
v 0.054134 0.012067 1.826421
v 0.074681 0.003311 1.761667
v 0.074681 0.003311 1.761667
v 0.072737 0.000623 1.740720
v 0.072737 0.000623 1.740720
v 0.073355 0.000867 1.753890
v 0.073355 0.000867 1.753890
v 0.074867 0.001461 1.759746
v 0.074867 0.001461 1.759746
v 0.074587 0.001346 1.777046
v 0.074587 0.001346 1.777046
v 0.074376 0.003428 1.766464
v 0.074376 0.003428 1.766464
v 0.076869 0.002952 1.782478
v 0.076869 0.002952 1.782478
v 0.074876 0.000516 1.769970
v 0.074876 0.000516 1.769970
v 0.079396 0.003782 1.787324
v 0.079396 0.003782 1.787324
v 0.052879 0.012996 1.752521
v 0.052879 0.012996 1.752521
v 0.054762 0.012874 1.767457
v 0.054762 0.012874 1.767457
v 0.053846 0.013900 1.745553
v 0.053846 0.013900 1.745553
v 0.055413 0.012067 1.792819
v 0.055413 0.012067 1.792819
v 0.054065 0.012640 1.758733
v 0.054065 0.012640 1.758733
v 0.107547 -0.056112 2.070158
v 0.028357 -0.052057 2.074344
v 0.023788 -0.051255 2.074063
v 0.035188 -0.051679 2.072624
v 0.004181 -0.053515 2.076395
v 0.011282 -0.050497 2.074519
v 0.015415 -0.051329 2.073912
v 0.096537 -0.053283 2.069953
v 0.091975 -0.053644 2.065921
v 0.085804 -0.053271 2.067668
v 0.102197 -0.055030 2.071120
v 0.055294 -0.049475 2.046953
v 0.055294 -0.049475 2.046953
v 0.056463 -0.049670 2.054291
v 0.056463 -0.049670 2.054291
v 0.055242 -0.050732 2.062518
v 0.055242 -0.050732 2.062518
v 0.041618 -0.051190 2.071349
v 0.080297 -0.053244 2.069009
v 0.058824 -0.050851 2.069921
v 0.052652 -0.051182 2.070464
v 0.052652 -0.051182 2.070464
v 0.064148 -0.051349 2.068763
v 0.051087 -0.039155 2.017028
v 0.051087 -0.039155 2.017028
v 0.073322 -0.053177 2.069354
v 0.112898 -0.057195 2.069195
v 0.117604 -0.057790 2.070140
v 0.129004 -0.058594 2.069976
v 0.123395 -0.058148 2.069464
v 0.056066 -0.046785 2.039108
v 0.056066 -0.046785 2.039108
v 0.054065 -0.042180 2.026900
v 0.054065 -0.042180 2.026900
v 0.051801 -0.044046 2.034296
v 0.051801 -0.044046 2.034296
v 0.219081 -0.062786 2.070043
v 0.211780 -0.060828 2.069941
v 0.206956 -0.060034 2.072741
v 0.198755 -0.061050 2.074241
v 0.240809 -0.064257 2.077435
v 0.231160 -0.063681 2.076523
v 0.237549 -0.063475 2.074593
v 0.249964 -0.063259 2.075423
v 0.244698 -0.062620 2.076740
v 0.224123 -0.063170 2.073349
v 0.133504 -0.060204 2.069070
v 0.137775 -0.060927 2.069205
v 0.162012 -0.062013 2.074249
v 0.144576 -0.061358 2.072716
v 0.166818 -0.059706 2.073885
v 0.149007 -0.062332 2.073171
v 0.156333 -0.062372 2.071637
v 0.190843 -0.059536 2.073430
v 0.178656 -0.059732 2.071727
v 0.173337 -0.060367 2.072816
v 0.184843 -0.059676 2.074172
v -0.014746 0.063769 1.128838
v -0.014746 0.063769 1.128838
v -0.007147 0.067114 1.130916
v -0.007147 0.067114 1.130916
v 0.055020 -0.021030 1.972903
v 0.055020 -0.021030 1.972903
v 0.054796 -0.026494 1.983116
v 0.054796 -0.026494 1.983116
v 0.054052 -0.027456 1.988466
v 0.054052 -0.027456 1.988466
v 0.054025 -0.029149 1.993284
v 0.054025 -0.029149 1.993284
v 0.056845 -0.031353 1.997952
v 0.056845 -0.031353 1.997952
v 0.056321 -0.034135 2.004177
v 0.056321 -0.034135 2.004177
v 0.053570 -0.035918 2.010856
v 0.053570 -0.035918 2.010856
v 0.046401 -0.050762 2.069003
v 0.056534 -0.013674 1.948169
v 0.056534 -0.013674 1.948169
v 0.075142 -0.019244 1.927572
v 0.075142 -0.019244 1.927572
v 0.068781 -0.011674 1.931876
v 0.068781 -0.011674 1.931876
v 0.052096 -0.016102 1.954207
v 0.052096 -0.016102 1.954207
v 0.052096 -0.016102 1.954207
v 0.056385 -0.011852 1.942994
v 0.056385 -0.011852 1.942994
v 0.064965 -0.009765 1.934443
v 0.064965 -0.009765 1.934443
v 0.051958 -0.016510 1.961044
v 0.051958 -0.016510 1.961044
v 0.252306 -0.062649 1.248246
v 0.252306 -0.062649 1.248246
v 0.044759 -0.018281 1.955726
v 0.044759 -0.018281 1.955726
v 0.034000 -0.014375 1.962307
v 0.034000 -0.014375 1.962307
v 0.039373 -0.017702 1.961454
v 0.039373 -0.017702 1.961454
v 0.007533 -0.005484 1.960987
v 0.007533 -0.005484 1.960987
v 0.028604 -0.016270 1.967205
v 0.028604 -0.016270 1.967205
v 0.053564 -0.023138 1.978114
v 0.053564 -0.023138 1.978114
v 0.005135 -0.008452 1.966020
v 0.005135 -0.008452 1.966020
v 0.057771 -0.007869 1.937271
v 0.057771 -0.007869 1.937271
v 0.062185 -0.005828 1.936064
v 0.062185 -0.005828 1.936064
v 0.058907 -0.000929 1.935918
v 0.058907 -0.000929 1.935918
v 0.012258 -0.002027 1.953102
v 0.012258 -0.002027 1.953102
v 0.022758 0.001272 1.941040
v 0.022758 0.001272 1.941040
v 0.052319 -0.018937 1.967341
v 0.052319 -0.018937 1.967341
v 0.028747 0.003855 1.933654
v 0.028747 0.003855 1.933654
v 0.028965 0.005186 1.927546
v 0.028965 0.005186 1.927546
v 0.064613 0.004134 1.150540
v 0.064613 0.004134 1.150540
v 0.027585 0.003792 1.934573
v 0.027585 0.003792 1.934573
v 0.024078 0.003505 1.934662
v 0.024078 0.003505 1.934662
v 0.018333 0.000698 1.950538
v 0.018333 0.000698 1.950538
v 0.063172 -0.002271 1.936195
v 0.063172 -0.002271 1.936195
v 0.063172 -0.002271 1.936195
v 0.065663 0.002379 1.156826
v 0.065663 0.002379 1.156826
v 0.068193 0.001855 1.939342
v 0.054871 0.001943 1.111397
v 0.054871 0.001943 1.111397
v 0.004870 -0.020529 1.981656
v 0.004870 -0.020529 1.981656
v 0.019085 -0.016913 1.978208
v 0.019085 -0.016913 1.978208
v 0.059135 -0.000232 1.129966
v 0.059135 -0.000232 1.129966
v 0.051907 0.001616 1.095042
v 0.051907 0.001616 1.095042
v 0.003261 -0.011942 1.970117
v 0.003261 -0.011942 1.970117
v -0.001843 -0.013873 1.975446
v -0.001843 -0.013873 1.975446
v 0.012205 -0.017740 1.979662
v 0.012205 -0.017740 1.979662
v 0.056703 0.001564 1.118261
v 0.056703 0.001564 1.118261
v 0.056703 0.001564 1.118261
v 0.082180 -0.004776 1.819577
v 0.082180 -0.004776 1.819577
v 0.085105 -0.006870 1.826585
v 0.085105 -0.006870 1.826585
v 0.084691 -0.007921 1.832498
v 0.084691 -0.007921 1.832498
v 0.082361 -0.001396 1.803499
v 0.082361 -0.001396 1.803499
v 0.084258 0.001760 1.799565
v 0.084258 0.001760 1.799565
v 0.081087 0.003863 1.791280
v 0.081087 0.003863 1.791280
v 0.080489 -0.003433 1.808280
v 0.080489 -0.003433 1.808280
v 0.060554 0.003680 1.122199
v 0.060554 0.003680 1.122199
v 0.054565 0.002533 1.105725
v 0.054565 0.002533 1.105725
v 0.053670 0.001390 1.101298
v 0.053670 0.001390 1.101298
v 0.249872 -0.060643 1.129237
v 0.249872 -0.060643 1.129237
v 0.230766 -0.062329 1.104121
v 0.230766 -0.062329 1.104121
v 0.089838 0.011633 1.204797
v 0.089838 0.011633 1.204797
v 0.089872 0.011289 1.225101
v 0.089872 0.011289 1.225101
v 0.093662 0.017679 1.232464
v 0.093662 0.017679 1.232464
v 0.092943 0.009857 1.229759
v 0.092943 0.009857 1.229759
v -0.170410 -0.036061 1.578861
v -0.170378 -0.033556 1.562982
v 0.073666 0.000559 1.746587
v 0.073666 0.000559 1.746587
v 0.072414 -0.004918 1.734934
v 0.072414 -0.004918 1.734934
v -0.170315 -0.020220 1.333861
v -0.169296 -0.017285 1.308846
v -0.169676 -0.018810 1.324683
v -0.167536 -0.020708 1.340815
v -0.080404 0.032209 1.131641
v -0.080404 0.032209 1.131641
v -0.168339 -0.018982 1.318068
v 0.092829 0.001996 1.890746
v 0.092829 0.001996 1.890746
v 0.139915 -0.042869 1.876282
v 0.139915 -0.042869 1.876282
v 0.124607 -0.037842 1.895954
v 0.124607 -0.037842 1.895954
v 0.143432 -0.045021 1.882322
v 0.143432 -0.045021 1.882322
v 0.108920 -0.010408 1.882710
v 0.141351 -0.044074 1.889302
v 0.141351 -0.044074 1.889302
v 0.136596 -0.045803 1.896986
v 0.136596 -0.045803 1.896986
v 0.134051 -0.038546 1.882474
v 0.134051 -0.038546 1.882474
v 0.127480 -0.033767 1.879176
v 0.127480 -0.033767 1.879176
v 0.098286 -0.023423 1.903290
v 0.098286 -0.023423 1.903290
v 0.100687 -0.024304 1.899435
v 0.100687 -0.024304 1.899435
v 0.106422 -0.026504 1.897372
v 0.106422 -0.026504 1.897372
v 0.077426 -0.022438 1.913075
v 0.077426 -0.022438 1.913075
v 0.131799 -0.036449 1.882334
v 0.131799 -0.036449 1.882334
v 0.119820 -0.033307 1.895437
v 0.119820 -0.033307 1.895437
v 0.129394 -0.042335 1.896470
v 0.129394 -0.042335 1.896470
v 0.114727 -0.028527 1.895167
v 0.114727 -0.028527 1.895167
v 0.109672 -0.025350 1.895901
v 0.109672 -0.025350 1.895901
v 0.102704 -0.015447 1.871457
v 0.102704 -0.015447 1.871457
v 0.110101 -0.021228 1.872826
v 0.110101 -0.021228 1.872826
v 0.093905 -0.019144 1.907513
v 0.093905 -0.019144 1.907513
v 0.095502 -0.012797 1.866812
v 0.095502 -0.012797 1.866812
v 0.081264 -0.021074 1.908810
v 0.081264 -0.021074 1.908810
v 0.076769 -0.022748 1.921945
v 0.076769 -0.022748 1.921945
v 0.085691 -0.018498 1.907591
v 0.085691 -0.018498 1.907591
v 0.089989 -0.012225 1.899985
v 0.089989 -0.012225 1.899985
v 0.091663 -0.008339 1.897511
v 0.091663 -0.008339 1.897511
v 0.121897 -0.029383 1.875330
v 0.121897 -0.029383 1.875330
v 0.087127 -0.014675 1.904619
v 0.087127 -0.014675 1.904619
v 0.087127 -0.014675 1.904619
v 0.092341 -0.001850 1.894310
v 0.092341 -0.001850 1.894310
v 0.115386 -0.025952 1.873219
v 0.115386 -0.025952 1.873219
v 0.089456 -0.009879 1.867659
v 0.089456 -0.009879 1.867659
v 0.080594 -0.005324 1.862385
v 0.080594 -0.005324 1.862385
v 0.084334 -0.008871 1.864918
v 0.084334 -0.008871 1.864918
v 0.081002 -0.006631 1.852267
v 0.081002 -0.006631 1.852267
v 0.082383 -0.007471 1.847016
v 0.082383 -0.007471 1.847016
v 0.084498 -0.008765 1.838984
v 0.084498 -0.008765 1.838984
v 0.317902 -0.057720 1.877101
v 0.316548 -0.057979 1.863185
v 0.315674 -0.058447 1.868918
v 0.313727 -0.059869 1.851323
v 0.315022 -0.059521 1.837082
v 0.315627 -0.059925 1.857358
v 0.317445 -0.059937 1.883009
v 0.316926 -0.060560 1.888919
v 0.315349 -0.059572 1.842534
v 0.317834 -0.060204 1.896087
v 0.318233 -0.059988 1.910600
v 0.318827 -0.060016 1.902415
v 0.308274 -0.058699 1.781792
v 0.303712 -0.059584 1.736311
v 0.304921 -0.059536 1.741908
v 0.304626 -0.058295 1.750471
v 0.306865 -0.057165 1.758772
v 0.306113 -0.057341 1.763402
v 0.310679 -0.058113 1.786931
v 0.307515 -0.057820 1.773343
v 0.312975 -0.057466 1.794956
v 0.311505 -0.060423 1.798974
v 0.313644 -0.059589 1.804056
v 0.313323 -0.060902 1.809765
v -0.018292 0.051586 0.965241
v -0.018292 0.051586 0.965241
v 0.313313 -0.060469 1.821182
v 0.314273 -0.060763 1.828997
v 0.313551 -0.060111 1.813954
v 0.256339 -0.062932 2.075691
v 0.262126 -0.062729 2.077643
v 0.324869 -0.054944 2.015590
v 0.325150 -0.058101 2.042182
v 0.325216 -0.057598 2.051284
v 0.326472 -0.055342 2.055813
v 0.327453 -0.054823 2.060436
v 0.312893 -0.057556 2.075418
v 0.324699 -0.054209 2.065098
v 0.318825 -0.057649 2.068967
v 0.317108 -0.056427 2.073066
v 0.323392 -0.055996 2.021182
v -0.018397 0.037767 0.890266
v -0.018397 0.037767 0.890266
v 0.296294 -0.058328 2.078442
v 0.290788 -0.059050 2.077105
v 0.267489 -0.063038 2.076902
v 0.273393 -0.062422 2.077845
v 0.324491 -0.056959 2.026008
v 0.284655 -0.058322 2.078309
v 0.278459 -0.060231 2.076656
v 0.305742 -0.058053 2.075671
v 0.301320 -0.057681 2.078624
v 0.325316 -0.056999 2.033380
v 0.321463 -0.059897 1.946252
v 0.322162 -0.056647 1.972625
v 0.322577 -0.055649 1.978095
v 0.322721 -0.054988 1.986735
v 0.323585 -0.054050 1.994423
v 0.324594 -0.052507 2.006580
v 0.323427 -0.054706 2.000454
v 0.320448 -0.059712 1.936562
v 0.316282 -0.060170 1.925388
v 0.316685 -0.060614 1.930285
v 0.320133 -0.059460 1.957538
v 0.319483 -0.059846 1.950732
v 0.319328 -0.059727 1.918897
v 0.321630 -0.058905 1.963554
v 0.321696 -0.056021 1.967126
v 0.090689 -0.067246 0.271430
v 0.083562 -0.065732 0.271048
v 0.076873 -0.065450 0.269282
v 0.060373 -0.065631 0.264059
v 0.067295 -0.065408 0.266518
v 0.107890 -0.072528 0.274265
v 0.103388 -0.072993 0.271595
v 0.145249 -0.069044 0.331737
v 0.143623 -0.068642 0.338848
v 0.148044 -0.067901 0.348819
v 0.149535 -0.068225 0.355682
v 0.141326 -0.070632 0.319417
v 0.142157 -0.070097 0.324838
v 0.134230 -0.070906 0.292088
v 0.130888 -0.070909 0.287623
v 0.138446 -0.069293 0.300058
v 0.140759 -0.070493 0.313735
v 0.139832 -0.068105 0.308057
v 0.125625 -0.071022 0.283328
v 0.111354 -0.071696 0.279596
v 0.119624 -0.071082 0.283137
v 0.097477 -0.069110 0.273853
v 0.161533 -0.065143 0.399162
v 0.165192 -0.064778 0.405949
v 0.149903 -0.067160 0.361535
v 0.150750 -0.066621 0.377145
v 0.169242 -0.063918 0.427593
v 0.160914 -0.065022 0.393931
v 0.173553 -0.063989 0.437687
v 0.175630 -0.061473 0.442068
v 0.175243 -0.063447 0.447894
v 0.149418 -0.066676 0.369613
v 0.167100 -0.064260 0.414030
v 0.168931 -0.064204 0.419472
v 0.151432 -0.067014 0.382049
v 0.158431 -0.066128 0.386922
v 0.145833 -0.068272 0.343834
v 0.170522 -0.064214 0.432896
v 0.176658 -0.063263 0.462502
v 0.176416 -0.063028 0.469972
v 0.177729 -0.060755 0.475221
v 0.175856 -0.063216 0.492197
v 0.178028 -0.061839 0.485743
v 0.172312 -0.060713 0.478451
v 0.174213 -0.063961 0.456353
v -0.003745 0.071059 1.089479
v -0.003745 0.071059 1.089479
v 0.180959 -0.057849 0.526013
v -0.005147 0.071615 1.084255
v -0.005147 0.071615 1.084255
v 0.179467 -0.059691 0.512643
v 0.178534 -0.058760 0.520299
v 0.179675 -0.059157 0.506194
v 0.176761 -0.059069 0.498838
v -0.008626 0.068951 1.021326
v -0.008626 0.068951 1.021326
v -0.006771 0.072158 1.069331
v -0.006771 0.072158 1.069331
v 0.034819 -0.068783 0.257198
v 0.041085 -0.071162 0.261391
v 0.030567 -0.067392 0.256241
v 0.020811 -0.064942 0.254606
v 0.025677 -0.066408 0.256250
v 0.047039 -0.072708 0.261227
v -0.014595 -0.065939 0.254662
v -0.022228 -0.063524 0.254887
v -0.017886 -0.062843 0.255102
v -0.038905 -0.068597 0.253574
v -0.030628 -0.069584 0.253301
v -0.025956 -0.067231 0.254797
v 0.052017 -0.067723 0.261987
v -0.008598 -0.066687 0.253981
v 0.015711 -0.063144 0.254866
v 0.010473 -0.061678 0.256200
v 0.005205 -0.061524 0.257999
v -0.053675 -0.066802 0.254845
v -0.044684 -0.065106 0.254225
v -0.173635 -0.079742 0.269938
v -0.148211 -0.077374 0.265619
v -0.165953 -0.078727 0.268578
v -0.165953 -0.078727 0.268578
v -0.164237 -0.077523 0.273420
v -0.164237 -0.077523 0.273420
v -0.206670 -0.079008 0.275303
v -0.187094 -0.080319 0.270189
v -0.193104 -0.080795 0.271360
v -0.209924 -0.080837 0.278314
v -0.182130 -0.079887 0.271008
v -0.200686 -0.080370 0.274675
v -0.160498 -0.077365 0.269658
v -0.155367 -0.078029 0.268474
v -0.152854 -0.068204 0.303543
v -0.152854 -0.068204 0.303543
v -0.152454 -0.058875 0.329964
v -0.152454 -0.058875 0.329964
v 0.038038 0.004871 1.011484
v 0.038038 0.004871 1.011484
v 0.038038 0.004871 1.011484
v -0.219953 -0.078660 0.290042
v -0.155618 -0.063690 0.317201
v -0.155618 -0.063690 0.317201
v -0.153741 -0.066888 0.309505
v -0.153741 -0.066888 0.309505
v -0.157383 -0.075139 0.289257
v -0.157383 -0.075139 0.289257
v -0.160151 -0.076660 0.282175
v -0.160151 -0.076660 0.282175
v -0.154067 -0.071421 0.298498
v -0.154067 -0.071421 0.298498
v -0.214367 -0.079259 0.286891
v -0.150574 -0.057281 0.334179
v -0.150574 -0.057281 0.334179
v -0.220826 -0.079218 0.295774
v -0.157400 -0.061114 0.325502
v -0.157400 -0.061114 0.325502
v -0.220942 -0.070977 0.352510
v -0.226299 -0.076145 0.325400
v -0.227710 -0.077334 0.319422
v -0.222527 -0.073089 0.345483
v -0.227372 -0.079769 0.307837
v -0.226345 -0.080442 0.301816
v -0.226796 -0.078522 0.314385
v -0.224410 -0.074658 0.335444
v -0.225625 -0.075108 0.329997
v -0.133206 -0.010722 0.761474
v 0.038793 0.005482 1.022405
v 0.038793 0.005482 1.022405
v -0.000718 -0.064022 0.254987
v 0.039304 0.005754 1.037180
v 0.039304 0.005754 1.037180
v 0.119927 -0.049812 1.019968
v 0.119927 -0.049812 1.019968
v -0.148956 -0.052457 0.341505
v -0.148956 -0.052457 0.341505
v -0.144643 -0.050152 0.347485
v -0.144643 -0.050152 0.347485
v -0.139350 -0.049225 0.349636
v -0.139350 -0.049225 0.349636
v -0.139350 -0.049225 0.349636
v -0.141617 -0.047149 0.352677
v -0.141617 -0.047149 0.352677
v -0.134049 -0.048495 0.351787
v -0.134049 -0.048495 0.351787
v -0.128094 -0.046559 0.355286
v -0.128094 -0.046559 0.355286
v -0.066752 -0.066624 0.253598
v -0.126675 -0.074110 0.264546
v -0.095962 -0.072317 0.254185
v -0.090734 -0.069427 0.252969
v -0.085668 -0.069001 0.253029
v -0.060068 -0.065269 0.254530
v -0.076108 -0.069425 0.252929
v -0.071032 -0.068393 0.255248
v -0.080732 -0.069071 0.253052
v -0.137667 -0.077062 0.268913
v -0.144084 -0.076709 0.268313
v -0.111565 -0.072366 0.257017
v -0.106812 -0.072884 0.256636
v -0.101218 -0.073509 0.254792
v -0.120406 -0.072765 0.261081
v -0.116250 -0.072127 0.258356
v -0.132171 -0.075586 0.266730
v -0.214643 -0.063915 0.436999
v -0.214465 -0.063917 0.432431
v -0.211983 -0.063689 0.421017
v -0.211799 -0.062564 0.415236
v -0.212688 -0.062623 0.407957
v -0.214046 -0.063895 0.401928
v -0.213677 -0.064709 0.392214
v -0.211917 -0.063062 0.396939
v -0.218759 -0.068637 0.363736
v -0.221105 -0.069872 0.359919
v -0.217149 -0.067354 0.370422
v -0.214219 -0.066254 0.377532
v -0.214461 -0.066171 0.383691
v -0.213224 -0.063803 0.426724
v -0.181422 -0.021448 0.967582
v -0.150620 -0.028914 0.479709
v -0.150620 -0.028914 0.479709
v -0.077105 -0.017302 0.485937
v -0.077105 -0.017302 0.485937
v -0.077258 -0.016828 0.489298
v -0.077258 -0.016828 0.489298
v -0.077312 -0.018855 0.455895
v -0.077312 -0.018855 0.455895
v -0.076541 -0.018371 0.460435
v -0.076541 -0.018371 0.460435
v -0.076416 -0.018151 0.467666
v -0.076416 -0.018151 0.467666
v -0.074155 -0.019035 0.453476
v -0.074155 -0.019035 0.453476
v -0.077300 -0.017211 0.473303
v -0.077300 -0.017211 0.473303
v -0.076667 -0.017192 0.463274
v -0.076667 -0.017192 0.463274
v -0.076697 -0.019048 0.493212
v -0.076697 -0.019048 0.493212
v -0.076926 -0.017466 0.479690
v -0.076926 -0.017466 0.479690
v -0.162894 -0.022563 1.410917
v -0.076613 -0.018218 0.483333
v -0.076613 -0.018218 0.483333
v -0.146950 -0.027228 0.476035
v -0.146950 -0.027228 0.476035
v -0.139990 -0.026172 0.473845
v -0.139990 -0.026172 0.473845
v -0.137912 -0.024568 0.467052
v -0.137912 -0.024568 0.467052
v -0.146738 -0.023913 0.462803
v -0.146738 -0.023913 0.462803
v -0.141084 -0.019369 0.456858
v -0.141084 -0.019369 0.456858
v -0.139516 -0.019116 0.452749
v -0.139516 -0.019116 0.452749
v -0.077037 -0.020407 0.515348
v -0.077037 -0.020407 0.515348
v -0.076656 -0.020353 0.498635
v -0.076656 -0.020353 0.498635
v 0.089700 -0.046529 0.944901
v 0.089700 -0.046529 0.944901
v 0.020801 0.006260 0.915020
v 0.020801 0.006260 0.915020
v -0.119245 -0.013620 0.447192
v -0.119245 -0.013620 0.447192
v -0.133156 -0.021449 0.462177
v -0.133156 -0.021449 0.462177
v -0.121022 -0.015315 0.454016
v -0.121022 -0.015315 0.454016
v -0.076908 -0.020360 0.519923
v -0.076908 -0.020360 0.519923
v -0.126773 -0.017610 0.459844
v -0.126773 -0.017610 0.459844
v -0.077817 -0.020480 0.525010
v -0.077817 -0.020480 0.525010
v -0.074380 -0.021252 0.509155
v -0.074380 -0.021252 0.509155
v 0.072744 -0.044006 0.922628
v 0.072744 -0.044006 0.922628
v -0.159400 -0.032538 0.484600
v -0.159400 -0.032538 0.484600
v -0.127917 -0.012762 0.448627
v -0.156090 -0.030200 0.475712
v -0.156090 -0.030200 0.475712
v -0.155402 -0.030073 0.472521
v -0.155402 -0.030073 0.472521
v -0.150848 -0.027029 0.463370
v -0.150848 -0.027029 0.463370
v -0.152834 -0.027657 0.467804
v -0.152834 -0.027657 0.467804
v -0.143129 -0.031952 0.372955
v -0.143129 -0.031952 0.372955
v -0.144132 -0.030980 0.374450
v -0.144132 -0.030980 0.374450
v -0.144143 -0.034134 0.370690
v -0.144143 -0.034134 0.370690
v -0.135164 -0.017380 0.446535
v -0.135164 -0.017380 0.446535
v -0.114342 -0.009567 0.441123
v -0.114342 -0.009567 0.441123
v 0.062801 -0.035368 0.856558
v 0.062801 -0.035368 0.856558
v -0.144123 -0.036686 0.367602
v -0.144123 -0.036686 0.367602
v -0.143923 -0.044790 0.357109
v -0.143923 -0.044790 0.357109
v 0.022741 -0.014435 0.831465
v 0.022741 -0.014435 0.831465
v 0.010141 -0.011623 0.836644
v 0.010141 -0.011623 0.836644
v -0.083929 -0.025173 0.383923
v -0.083929 -0.025173 0.383923
v 0.004544 -0.007204 0.825917
v 0.004544 -0.007204 0.825917
v 0.004544 -0.007204 0.825917
v 0.178576 -0.059280 0.926548
v 0.178576 -0.059280 0.926548
v -0.076630 -0.018119 0.402044
v -0.076630 -0.018119 0.402044
v -0.082367 -0.018416 0.395507
v -0.082367 -0.018416 0.395507
v -0.073851 -0.018548 0.405894
v -0.073851 -0.018548 0.405894
v -0.078400 -0.021056 0.393188
v -0.078400 -0.021056 0.393188
v -0.078400 -0.021056 0.393188
v 0.030551 -0.020813 0.834217
v 0.030551 -0.020813 0.834217
v -0.071111 -0.019075 0.410535
v -0.071111 -0.019075 0.410535
v -0.069356 -0.018237 0.423882
v -0.069356 -0.018237 0.423882
v -0.105647 -0.038099 0.368347
v -0.105647 -0.038099 0.368347
v 0.006206 -0.003819 0.832536
v 0.006206 -0.003819 0.832536
v -0.069763 -0.018402 0.416055
v -0.069763 -0.018402 0.416055
v -0.093453 -0.036969 0.374805
v -0.093453 -0.036969 0.374805
v 0.227049 -0.060535 0.918159
v -0.087244 -0.033140 0.378611
v -0.087244 -0.033140 0.378611
v -0.081165 -0.023120 0.388556
v -0.081165 -0.023120 0.388556
v -0.099053 -0.037986 0.369901
v -0.099053 -0.037986 0.369901
v 0.066781 -0.037254 0.861366
v 0.066781 -0.037254 0.861366
v -0.071396 -0.020830 0.446065
v -0.071396 -0.020830 0.446065
v -0.071396 -0.020830 0.446065
v -0.070107 -0.020378 0.439779
v -0.070107 -0.020378 0.439779
v -0.070240 -0.018353 0.432109
v -0.070240 -0.018353 0.432109
v -0.097448 -0.002202 0.438939
v -0.097448 -0.002202 0.438939
v -0.110688 -0.006182 0.437047
v -0.110688 -0.006182 0.437047
v 0.104051 -0.050289 0.989596
v 0.104051 -0.050289 0.989596
v -0.106365 -0.003109 0.436649
v -0.106365 -0.003109 0.436649
v -0.138540 -0.020152 0.399623
v -0.138540 -0.020152 0.399623
v -0.140781 -0.022466 0.394654
v -0.140781 -0.022466 0.394654
v -0.100321 0.001049 0.436497
v -0.100321 0.001049 0.436497
v 0.190500 -0.062011 0.925485
v 0.190500 -0.062011 0.925485
v -0.104947 0.000348 0.434262
v -0.104947 0.000348 0.434262
v -0.104947 0.000348 0.434262
v -0.124562 -0.045712 0.358889
v -0.124562 -0.045712 0.358889
v -0.122108 -0.043924 0.361266
v -0.122108 -0.043924 0.361266
v -0.085825 0.002657 0.397643
v -0.085825 0.002657 0.397643
v -0.127625 -0.011801 0.444543
v -0.127625 -0.011801 0.444543
v -0.122993 -0.011479 0.437189
v -0.122993 -0.011479 0.437189
v -0.088864 0.007634 0.404233
v -0.088864 0.007634 0.404233
v -0.087821 0.005422 0.400453
v -0.087821 0.005422 0.400453
v 0.098902 -0.048531 0.970383
v 0.098902 -0.048531 0.970383
v -0.119067 -0.008721 0.431214
v -0.119067 -0.008721 0.431214
v 0.101484 -0.049787 0.982202
v 0.101484 -0.049787 0.982202
v -0.143020 -0.026922 0.379071
v -0.143020 -0.026922 0.379071
v -0.085938 -0.000447 0.396739
v -0.085938 -0.000447 0.396739
v -0.083013 -0.002945 0.395553
v -0.083013 -0.002945 0.395553
v -0.130948 -0.014709 0.410366
v -0.130948 -0.014709 0.410366
v -0.113213 -0.003881 0.427229
v -0.113213 -0.003881 0.427229
v -0.113213 -0.003881 0.427229
v -0.126325 -0.013176 0.419156
v -0.126325 -0.013176 0.419156
v -0.120559 -0.009948 0.423847
v -0.120559 -0.009948 0.423847
v -0.127852 -0.013447 0.414255
v -0.127852 -0.013447 0.414255
v -0.134499 -0.016563 0.406137
v -0.134499 -0.016563 0.406137
v -0.076245 -0.011746 0.442640
v -0.076245 -0.011746 0.442640
v -0.107756 0.001623 0.430602
v -0.107756 0.001623 0.430602
v -0.111501 -0.001911 0.428499
v -0.111501 -0.001911 0.428499
v 0.226500 -0.061501 1.265262
v -0.170231 -0.028550 1.476945
v -0.170516 -0.036681 1.597823
v -0.078121 -0.007360 0.438594
v -0.078121 -0.007360 0.438594
v -0.077339 -0.017415 0.400224
v -0.077339 -0.017415 0.400224
v -0.078472 -0.009502 0.439711
v -0.078472 -0.009502 0.439711
v -0.078472 -0.009502 0.439711
v 0.043828 -0.032339 0.839102
v 0.043828 -0.032339 0.839102
v -0.074480 -0.015989 0.444247
v -0.074480 -0.015989 0.444247
v 0.048251 -0.034195 0.838401
v 0.048251 -0.034195 0.838401
v -0.079027 -0.018337 0.397997
v -0.079027 -0.018337 0.397997
v -0.085291 0.007259 0.431555
v -0.085291 0.007259 0.431555
v -0.088209 0.012100 0.409504
v -0.086025 0.010466 0.428074
v -0.086025 0.010466 0.428074
v -0.086826 0.011577 0.423263
v -0.086826 0.011577 0.423263
v -0.088225 0.009233 0.411649
v -0.088225 0.009233 0.411649
v -0.086593 0.012422 0.419401
v -0.118361 -0.040060 0.363757
v -0.118361 -0.040060 0.363757
v -0.142977 -0.025071 0.386041
v -0.142977 -0.025071 0.386041
v -0.081156 -0.007812 0.439899
v -0.081156 -0.007812 0.439899
v -0.079994 -0.006106 0.439238
v -0.079994 -0.006106 0.439238
v -0.081926 -0.016524 0.394915
v -0.081926 -0.016524 0.394915
v -0.082012 0.000974 0.434726
v -0.082012 0.000974 0.434726
v -0.083503 0.003947 0.432825
v -0.083503 0.003947 0.432825
v -0.083061 -0.008043 0.394044
v -0.083061 -0.008043 0.394044
v -0.081664 -0.000674 0.437646
v -0.081664 -0.000674 0.437646
v -0.091536 -0.002710 0.440174
v -0.091536 -0.002710 0.440174
v -0.087001 -0.003442 0.440608
v -0.087001 -0.003442 0.440608
v -0.112104 -0.039892 0.364926
v -0.112104 -0.039892 0.364926
v -0.084116 -0.012046 0.395700
v -0.084116 -0.012046 0.395700
v -0.094263 0.012519 0.397259
v 0.062700 0.016703 1.521186
v 0.062700 0.016703 1.521186
v 0.138150 -0.015794 1.553566
v 0.138150 -0.015794 1.553566
v -0.219680 -0.058723 0.523851
v -0.214668 -0.058422 0.511055
v -0.216441 -0.062319 0.476624
v -0.216203 -0.062026 0.469586
v -0.217149 -0.061557 0.485062
v -0.216556 -0.060336 0.492069
v -0.216433 -0.062939 0.464019
v -0.215174 -0.063194 0.458392
v -0.215208 -0.064213 0.445461
v -0.215374 -0.063693 0.451583
v -0.160278 -0.032824 0.479766
v -0.160278 -0.032824 0.479766
v 0.230495 -0.055198 1.571014
v 0.230495 -0.055198 1.571014
v 0.160043 -0.033547 1.512662
v 0.160043 -0.033547 1.512662
v 0.224532 -0.054078 1.569917
v 0.224532 -0.054078 1.569917
v -0.163562 -0.035289 0.486051
v -0.163562 -0.035289 0.486051
v 0.199906 -0.045092 1.599117
v 0.199906 -0.045092 1.599117
v -0.216898 -0.060359 0.496753
v -0.217655 -0.060069 0.507041
v -0.214670 -0.057648 0.519168
v 0.185130 -0.042589 1.540438
v 0.185130 -0.042589 1.540438
v 0.197275 -0.043075 1.587125
v 0.197275 -0.043075 1.587125
v -0.219207 -0.055785 0.551887
v -0.219707 -0.057290 0.540859
v 0.202386 -0.058064 0.694245
v 0.204741 -0.057567 0.721476
v 0.205666 -0.058293 0.714686
v 0.203507 -0.059465 0.730613
v 0.207300 -0.061208 0.761440
v 0.205515 -0.060346 0.737113
v 0.203502 -0.058697 0.701587
v 0.204081 -0.059210 0.708412
v 0.207615 -0.059908 0.747446
v 0.206200 -0.060562 0.743464
v 0.053263 -0.039029 0.554157
v 0.206668 -0.060139 0.756209
v 0.207931 -0.062277 0.766671
v 0.195735 -0.058031 0.635147
v 0.195244 -0.058545 0.623002
v 0.196451 -0.058409 0.629541
v 0.198121 -0.058416 0.639967
v 0.199955 -0.057508 0.645368
v 0.199628 -0.058540 0.652714
v 0.199435 -0.058952 0.663105
v 0.201509 -0.058843 0.658514
v 0.199850 -0.059056 0.667720
v 0.203275 -0.059248 0.687096
v 0.278312 -0.062694 1.599156
v 0.278312 -0.062694 1.599156
v 0.264631 -0.061744 1.592970
v 0.264631 -0.061744 1.592970
v 0.202480 -0.058966 0.682201
v 0.202493 -0.059587 0.674859
v -0.167496 -0.023329 1.388211
v -0.105584 0.015346 1.138750
v -0.105584 0.015346 1.138750
v 0.039080 0.019408 1.601511
v 0.039080 0.019408 1.601511
v 0.039943 0.011292 1.675564
v 0.039943 0.011292 1.675564
v 0.039943 0.011292 1.675564
v 0.050538 0.014258 1.721586
v 0.050538 0.014258 1.721586
v 0.046165 0.010830 1.695590
v 0.046165 0.010830 1.695590
v 0.039815 0.013500 1.663821
v 0.039815 0.013500 1.663821
v 0.039075 0.013500 1.656683
v 0.039075 0.013500 1.656683
v 0.039920 0.015258 1.652293
v 0.039920 0.015258 1.652293
v 0.041189 0.016360 1.645607
v 0.041189 0.016360 1.645607
v 0.039401 0.016971 1.633611
v 0.039401 0.016971 1.633611
v -0.167881 -0.027071 1.436855
v -0.169508 -0.037409 1.592452
v -0.100441 0.019096 1.136375
v -0.100441 0.019096 1.136375
v -0.162921 -0.039623 1.708369
v -0.164242 -0.040640 1.697297
v -0.164534 -0.040268 1.702941
v -0.165755 -0.039732 1.686985
v -0.164252 -0.038765 1.681830
v 0.125255 -0.029159 1.644494
v 0.125255 -0.029159 1.644494
v 0.119396 -0.027169 1.646738
v 0.119396 -0.027169 1.646738
v 0.126492 -0.030643 1.658535
v 0.126492 -0.030643 1.658535
v 0.122106 -0.029906 1.658545
v 0.122106 -0.029906 1.658545
v 0.133151 -0.032251 1.654151
v 0.133151 -0.032251 1.654151
v 0.120526 -0.028681 1.659424
v 0.120526 -0.028681 1.659424
v 0.119202 -0.027508 1.661054
v 0.119202 -0.027508 1.661054
v 0.120447 -0.027758 1.667510
v 0.120447 -0.027758 1.667510
v 0.131926 -0.031354 1.647000
v 0.131926 -0.031354 1.647000
v 0.102028 -0.018203 1.656925
v 0.102028 -0.018203 1.656925
v 0.093594 -0.021288 1.684225
v 0.093594 -0.021288 1.684225
v 0.116636 -0.026413 1.647787
v 0.116636 -0.026413 1.647787
v 0.113760 -0.026245 1.670074
v 0.113760 -0.026245 1.670074
v 0.108635 -0.022346 1.655466
v 0.108635 -0.022346 1.655466
v 0.082475 -0.012570 1.674301
v 0.113966 -0.025647 1.648274
v 0.113966 -0.025647 1.648274
v 0.100628 -0.024185 1.681315
v 0.100628 -0.024185 1.681315
v 0.106703 -0.027098 1.677650
v 0.106703 -0.027098 1.677650
v 0.063335 -0.001038 1.639780
v 0.063335 -0.001038 1.639780
v 0.041354 0.018562 1.624598
v 0.041354 0.018562 1.624598
v 0.038923 0.016988 1.628815
v 0.038923 0.016988 1.628815
v 0.040907 0.015651 1.641406
v 0.040907 0.015651 1.641406
v 0.040907 0.015651 1.641406
v 0.062323 -0.004228 1.635194
v 0.062323 -0.004228 1.635194
v 0.047313 0.016635 1.641891
v 0.047313 0.016635 1.641891
v 0.052198 0.015945 1.643015
v 0.052198 0.015945 1.643015
v 0.052488 0.013759 1.642003
v 0.061968 -0.000972 1.629048
v 0.061968 -0.000972 1.629048
v 0.064909 -0.005203 1.656599
v 0.064909 -0.005203 1.656599
v 0.038140 0.011912 1.670188
v 0.038140 0.011912 1.670188
v 0.063824 -0.004223 1.662468
v 0.063824 -0.004223 1.662468
v 0.065466 -0.002049 1.645878
v 0.065466 -0.002049 1.645878
v 0.062466 -0.002722 1.669275
v 0.062466 -0.002722 1.669275
v 0.062466 -0.002722 1.669275
v 0.063786 -0.002947 1.650882
v 0.063786 -0.002947 1.650882
v 0.052264 0.014327 1.673178
v 0.045541 0.014936 1.675000
v 0.045541 0.014936 1.675000
v 0.045300 0.013489 1.674652
v 0.045300 0.013489 1.674652
v 0.050815 0.012178 1.704711
v 0.050815 0.012178 1.704711
v 0.053049 0.013835 1.716047
v 0.053049 0.013835 1.716047
v 0.065184 -0.007671 1.670287
v 0.065184 -0.007671 1.670287
v 0.044395 0.012337 1.683066
v 0.044395 0.012337 1.683066
v 0.046391 0.012896 1.690122
v 0.046391 0.012896 1.690122
v 0.068225 -0.010577 1.670568
v 0.068225 -0.010577 1.670568
v 0.171354 -0.048705 1.836019
v 0.050642 0.013666 1.711283
v 0.050642 0.013666 1.711283
v 0.062678 -0.000314 1.674238
v 0.062678 -0.000314 1.674238
v 0.063014 -0.000534 1.680349
v 0.063014 -0.000534 1.680349
v 0.063227 0.001082 1.678010
v 0.063227 0.001082 1.678010
v 0.063897 -0.001438 1.683050
v 0.063897 -0.001438 1.683050
v 0.063633 -0.003223 1.684050
v 0.063633 -0.003223 1.684050
v 0.069659 -0.003114 1.711898
v 0.069659 -0.003114 1.711898
v 0.097884 -0.015626 1.658036
v 0.097884 -0.015626 1.658036
v 0.064688 -0.005442 1.687519
v 0.064688 -0.005442 1.687519
v 0.070869 -0.004666 1.719370
v 0.070869 -0.004666 1.719370
v 0.070872 -0.006692 1.726021
v 0.070872 -0.006692 1.726021
v 0.064681 -0.007156 1.688953
v 0.064681 -0.007156 1.688953
v 0.094013 -0.011780 1.662354
v 0.094013 -0.011780 1.662354
v 0.072648 -0.011487 1.671873
v 0.072648 -0.011487 1.671873
v 0.065393 -0.010883 1.691754
v 0.065393 -0.010883 1.691754
v 0.065710 -0.011453 1.694291
v 0.065710 -0.011453 1.694291
v 0.065710 -0.011453 1.694291
v 0.069586 -0.004934 1.703889
v 0.069586 -0.004934 1.703889
v 0.090076 -0.011582 1.667170
v 0.090076 -0.011582 1.667170
v 0.081540 -0.010706 1.671671
v 0.081540 -0.010706 1.671671
v 0.066245 -0.007975 1.698738
v 0.066245 -0.007975 1.698738
v 0.049851 0.014941 1.725717
v 0.049851 0.014941 1.725717
v 0.050897 0.014849 1.731957
v 0.050897 0.014849 1.731957
v 0.083857 -0.020998 1.685222
v 0.083857 -0.020998 1.685222
v 0.078018 -0.018829 1.683164
v 0.078018 -0.018829 1.683164
v 0.071805 -0.016568 1.688374
v 0.071805 -0.016568 1.688374
v 0.067772 -0.016213 1.692097
v 0.067772 -0.016213 1.692097
v 0.205155 -0.046310 1.637019
v 0.205155 -0.046310 1.637019
v 0.202008 -0.045295 1.633081
v 0.202008 -0.045295 1.633081
v 0.195300 -0.044408 1.626736
v 0.195300 -0.044408 1.626736
v 0.199017 -0.044269 1.623906
v 0.199017 -0.044269 1.623906
v 0.212606 -0.049355 1.640260
v 0.212606 -0.049355 1.640260
v 0.216564 -0.050064 1.645397
v 0.216564 -0.050064 1.645397
v 0.221591 -0.051424 1.648586
v 0.221591 -0.051424 1.648586
v 0.228761 -0.054325 1.658708
v 0.228761 -0.054325 1.658708
v 0.282004 -0.059736 1.662592
v 0.282004 -0.059736 1.662592
v 0.276468 -0.061225 1.664921
v 0.276468 -0.061225 1.664921
v 0.230220 -0.055327 1.664542
v 0.230220 -0.055327 1.664542
v 0.291230 -0.058888 1.662069
v 0.291230 -0.058888 1.662069
v 0.288287 -0.059732 1.640612
v 0.288464 -0.061586 1.634786
v 0.286325 -0.062847 1.630048
v 0.284716 -0.063385 1.625945
v 0.243748 -0.060442 1.619770
v 0.235984 -0.056239 1.669912
v 0.235984 -0.056239 1.669912
v 0.260857 -0.060864 1.668734
v 0.260857 -0.060864 1.668734
v 0.256039 -0.060749 1.665056
v 0.256039 -0.060749 1.665056
v 0.251350 -0.059532 1.664332
v 0.251350 -0.059532 1.664332
v 0.243231 -0.057693 1.667531
v 0.243231 -0.057693 1.667531
v 0.267919 -0.060416 1.666510
v 0.267919 -0.060416 1.666510
v 0.227699 -0.053321 1.652622
v 0.227699 -0.053321 1.652622
v 0.299336 -0.060597 1.708910
v 0.047948 0.067242 1.307821
v 0.047948 0.067242 1.307821
v 0.049637 0.065969 1.315041
v 0.049637 0.065969 1.315041
v 0.048525 0.066985 1.331623
v 0.048525 0.066985 1.331623
v 0.048173 0.065423 1.323428
v 0.048173 0.065423 1.323428
v 0.048238 0.062939 1.347227
v 0.048238 0.062939 1.347227
v 0.050544 0.060016 1.366208
v 0.050544 0.060016 1.366208
v 0.048199 0.064608 1.338107
v 0.048199 0.064608 1.338107
v 0.047849 0.060845 1.353034
v 0.047849 0.060845 1.353034
v 0.048671 0.059759 1.360508
v 0.048671 0.059759 1.360508
v 0.052056 0.059991 1.371700
v 0.052056 0.059991 1.371700
v 0.095519 0.012834 1.401407
v 0.095519 0.012834 1.401407
v 0.097719 0.016359 1.396000
v 0.097719 0.016359 1.396000
v 0.099620 0.020578 1.385387
v 0.099620 0.020578 1.385387
v 0.099181 0.016016 1.381862
v 0.099181 0.016016 1.381862
v 0.099796 0.020784 1.390458
v 0.099796 0.020784 1.390458
v 0.049981 0.058593 1.378029
v 0.049981 0.058593 1.378029
v 0.099977 0.013034 1.376312
v 0.099977 0.013034 1.376312
v 0.058973 0.056328 1.403623
v 0.058973 0.056328 1.403623
v 0.059000 0.058382 1.396526
v 0.059000 0.058382 1.396526
v 0.059574 0.056013 1.407478
v 0.059574 0.056013 1.407478
v 0.053060 0.057288 1.385584
v 0.053060 0.057288 1.385584
v 0.056640 0.057744 1.392958
v 0.056640 0.057744 1.392958
v 0.054728 0.057607 1.392410
v 0.054728 0.057607 1.392410
v 0.054021 0.051532 1.417738
v 0.054021 0.051532 1.417738
v 0.057260 0.054530 1.410743
v 0.057260 0.054530 1.410743
v 0.055520 0.052320 1.414934
v 0.055520 0.052320 1.414934
v 0.056663 0.050842 1.422855
v 0.056663 0.050842 1.422855
v 0.058219 0.050181 1.426627
v 0.058219 0.050181 1.426627
v 0.059092 0.034046 1.467365
v 0.059092 0.034046 1.467365
v 0.057719 0.049190 1.428400
v 0.057719 0.049190 1.428400
v 0.057430 0.046959 1.433664
v 0.057430 0.046959 1.433664
v 0.056240 0.043504 1.440985
v 0.056240 0.043504 1.440985
v 0.086953 0.019784 1.495121
v 0.086953 0.019784 1.495121
v 0.082264 0.022657 1.492128
v 0.082264 0.022657 1.492128
v 0.055535 0.041951 1.450485
v 0.055535 0.041951 1.450485
v 0.057758 0.037953 1.457594
v 0.057758 0.037953 1.457594
v 0.079282 0.026202 1.484842
v 0.079282 0.026202 1.484842
v 0.056830 0.040627 1.458712
v 0.056830 0.040627 1.458712
v 0.058297 0.036236 1.461473
v 0.058297 0.036236 1.461473
v 0.069828 0.024223 1.493229
v 0.069828 0.024223 1.493229
v 0.066691 0.025201 1.488576
v 0.066691 0.025201 1.488576
v 0.061096 0.031841 1.473069
v 0.061096 0.031841 1.473069
v 0.071081 0.030592 1.478001
v 0.071081 0.030592 1.478001
v 0.067133 0.027355 1.482632
v 0.067133 0.027355 1.482632
v 0.067133 0.027355 1.482632
v 0.076950 0.028668 1.481431
v 0.076950 0.028668 1.481431
v 0.063040 0.029118 1.479037
v 0.063040 0.029118 1.479037
v 0.099006 0.007818 1.439660
v 0.099006 0.007818 1.439660
v 0.088548 0.046403 1.385285
v 0.096917 0.010219 1.432861
v 0.096917 0.010219 1.432861
v 0.097064 0.010985 1.427242
v 0.097064 0.010985 1.427242
v 0.096068 0.007548 1.421486
v 0.096068 0.007548 1.421486
v 0.095536 0.012159 1.418486
v 0.095536 0.012159 1.418486
v 0.097192 0.011602 1.409445
v 0.097192 0.011602 1.409445
v 0.097086 0.014173 1.413593
v 0.097086 0.014173 1.413593
v 0.106433 0.007909 1.448175
v 0.106433 0.007909 1.448175
v 0.135071 -0.023288 1.483315
v 0.135071 -0.023288 1.483315
v 0.102547 0.006625 1.443547
v 0.102547 0.006625 1.443547
v 0.129608 -0.017017 1.478057
v 0.129608 -0.017017 1.478057
v 0.141796 -0.026116 1.487370
v 0.141796 -0.026116 1.487370
v 0.108238 0.004732 1.455048
v 0.108238 0.004732 1.455048
v 0.108238 0.004732 1.455048
v 0.143089 -0.025877 1.493304
v 0.143089 -0.025877 1.493304
v 0.117782 -0.022461 1.431557
v 0.117782 -0.022461 1.431557
v 0.111909 -0.003227 1.458813
v 0.111909 -0.003227 1.458813
v 0.108172 -0.001246 1.451542
v 0.108172 -0.001246 1.451542
v 0.116274 -0.019382 1.434625
v 0.116274 -0.019382 1.434625
v 0.128617 -0.032285 1.405530
v 0.128617 -0.032285 1.405530
v 0.126544 -0.031512 1.414466
v 0.126544 -0.031512 1.414466
v 0.131698 -0.033535 1.400333
v 0.131698 -0.033535 1.400333
v 0.115528 -0.006476 1.464466
v 0.115528 -0.006476 1.464466
v 0.119939 -0.008583 1.469654
v 0.119939 -0.008583 1.469654
v 0.109787 -0.007917 1.445999
v 0.109787 -0.007917 1.445999
v 0.110257 -0.013051 1.440863
v 0.110257 -0.013051 1.440863
v 0.112811 -0.018254 1.438528
v 0.112811 -0.018254 1.438528
v 0.122597 -0.027662 1.419462
v 0.122597 -0.027662 1.419462
v 0.126580 -0.011982 1.473988
v 0.126580 -0.011982 1.473988
v 0.119822 -0.024573 1.427223
v 0.119822 -0.024573 1.427223
v 0.269521 -0.065145 1.403214
v 0.270239 -0.065198 1.411574
v 0.275053 -0.062175 1.489079
v 0.275929 -0.062631 1.484023
v 0.271702 -0.063132 1.477501
v 0.271974 -0.062526 1.470682
v 0.271093 -0.064256 1.416832
v 0.273480 -0.061171 1.453596
v 0.272413 -0.062227 1.444585
v 0.273329 -0.061724 1.440132
v 0.273146 -0.060583 1.462068
v 0.270901 -0.062874 1.429218
v 0.273381 -0.062161 1.434057
v 0.270199 -0.062956 1.423039
v -0.170229 -0.034751 1.569614
v -0.169518 -0.032100 1.550016
v -0.170126 -0.027058 1.449236
v -0.167072 -0.021286 1.366445
v -0.167787 -0.022252 1.371469
v -0.167682 -0.036562 1.606376
v -0.167822 -0.022591 1.381820
v -0.167992 -0.020157 1.350757
v -0.174376 -0.030747 1.504977
v -0.169740 -0.029065 1.431784
v -0.169725 -0.027072 1.423441
v 0.207629 -0.064193 0.806468
v 0.208700 -0.063333 0.774913
v 0.209064 -0.063667 0.792100
v 0.208218 -0.063153 0.780592
v 0.209225 -0.064198 0.802862
v 0.209124 -0.062806 0.813947
v 0.213224 -0.064123 0.841506
v 0.211573 -0.064339 0.827472
v 0.212924 -0.064778 0.832736
v 0.211060 -0.064532 0.821532
v 0.212932 -0.064657 0.857775
v 0.215065 -0.063811 0.866310
v -0.055308 0.010391 1.605819
v -0.170246 -0.018640 1.313797
v 0.063746 0.017825 1.514406
v 0.063746 0.017825 1.514406
v 0.209459 -0.063707 0.796643
v -0.164975 -0.022293 1.393988
v -0.165502 -0.020857 1.399581
v -0.173508 -0.029282 1.513742
v -0.167009 -0.027067 1.468883
v 0.207613 -0.063790 0.786801
v 0.212569 -0.064980 0.851690
v -0.171595 -0.017988 1.302086
v -0.172363 -0.029459 1.508457
v -0.170803 -0.037002 1.584982
v 0.180671 -0.058323 0.530260
v 0.180711 -0.056269 0.539057
v -0.168493 -0.025815 1.417945
v 0.180348 -0.058749 0.543432
v 0.263387 -0.064064 1.296539
v 0.264993 -0.063380 1.307558
v 0.264190 -0.063722 1.302049
v 0.264500 -0.062422 1.311794
v 0.265536 -0.063189 1.325945
v 0.264886 -0.063982 1.330480
v 0.208013 -0.063225 1.289736
v 0.208013 -0.063225 1.289736
v 0.266005 -0.062993 1.317766
v 0.205508 -0.062784 1.294595
v 0.205508 -0.062784 1.294595
v 0.270697 -0.064985 1.395896
v 0.265681 -0.065564 1.379233
v 0.264918 -0.063958 1.335915
v 0.265896 -0.064375 1.354604
v 0.265441 -0.064254 1.361276
v 0.267554 -0.064735 1.366411
v 0.267519 -0.064777 1.372373
v 0.269477 -0.064577 1.386334
v 0.270638 -0.063356 1.391683
v 0.264371 -0.064545 1.344036
v 0.266566 -0.064023 1.349263
v 0.097806 0.008171 1.372710
v 0.097806 0.008171 1.372710
v 0.096475 0.008000 1.364758
v 0.096475 0.008000 1.364758
v 0.095633 0.005785 1.358918
v 0.095633 0.005785 1.358918
v 0.092630 0.002812 1.349018
v 0.092630 0.002812 1.349018
v 0.094210 0.004959 1.353550
v 0.094210 0.004959 1.353550
v 0.095266 0.006174 1.369151
v 0.095266 0.006174 1.369151
v 0.091580 0.001088 1.340379
v 0.091580 0.001088 1.340379
v 0.145998 -0.043153 1.379365
v 0.145998 -0.043153 1.379365
v 0.142392 -0.041497 1.383722
v 0.142392 -0.041497 1.383722
v 0.137454 -0.036020 1.386883
v 0.137454 -0.036020 1.386883
v 0.136846 -0.035707 1.393458
v 0.136846 -0.035707 1.393458
v 0.133971 -0.034332 1.396411
v 0.133971 -0.034332 1.396411
v 0.156728 -0.046682 1.371952
v 0.156728 -0.046682 1.371952
v 0.165969 -0.057914 1.345679
v 0.165969 -0.057914 1.345679
v 0.163598 -0.048157 1.356428
v 0.163598 -0.048157 1.356428
v 0.165273 -0.054694 1.352180
v 0.165273 -0.054694 1.352180
v 0.160787 -0.046798 1.364496
v 0.160787 -0.046798 1.364496
v 0.151703 -0.044817 1.375748
v 0.151703 -0.044817 1.375748
v 0.097613 0.007207 1.305619
v 0.097613 0.007207 1.305619
v 0.097354 0.007023 1.322751
v 0.097354 0.007023 1.322751
v 0.096237 0.004011 1.329918
v 0.096237 0.004011 1.329918
v 0.181630 -0.061407 1.333281
v 0.181630 -0.061407 1.333281
v 0.177527 -0.060969 1.337803
v 0.177527 -0.060969 1.337803
v 0.097366 0.007643 1.314328
v 0.097366 0.007643 1.314328
v 0.094649 0.003418 1.335843
v 0.094649 0.003418 1.335843
v 0.201754 -0.062776 1.301548
v 0.201754 -0.062776 1.301548
v 0.185499 -0.061576 1.323170
v 0.185499 -0.061576 1.323170
v 0.187505 -0.061823 1.317594
v 0.187505 -0.061823 1.317594
v 0.195649 -0.062720 1.305750
v 0.195649 -0.062720 1.305750
v 0.184203 -0.061595 1.327858
v 0.184203 -0.061595 1.327858
v 0.192124 -0.062266 1.312487
v 0.192124 -0.062266 1.312487
v 0.097744 0.006814 1.300150
v 0.097744 0.006814 1.300150
v 0.172861 -0.060323 1.343267
v 0.172861 -0.060323 1.343267
v -0.170479 -0.037782 1.617400
v -0.170209 -0.037057 1.609817
v -0.169108 -0.036806 1.624374
v 0.181201 -0.059608 0.548455
v -0.169000 -0.035425 1.632932
v -0.170049 -0.035564 1.639391
v -0.169308 -0.035445 1.646454
v -0.167981 -0.036508 1.653896
v -0.167798 -0.037424 1.660940
v -0.165061 -0.041111 1.728642
v -0.165951 -0.040529 1.719365
v -0.166981 -0.037573 1.676175
v -0.167773 -0.037308 1.668545
v -0.171777 -0.029482 1.530696
v -0.172092 -0.030703 1.544262
v 0.182915 -0.057205 0.556257
v -0.165922 -0.039850 1.711433
v -0.165927 -0.020633 1.359456
v 0.193098 -0.057731 0.603207
v 0.195500 -0.058979 0.615211
v 0.194463 -0.057535 0.607845
v 0.186527 -0.057921 0.563896
v 0.191596 -0.057556 0.590303
v -0.170859 -0.028146 1.491184
v -0.162957 -0.021221 1.405015
v -0.174766 -0.031220 1.500079
v 0.191556 -0.057557 0.581776
v 0.190735 -0.056578 0.577139
v 0.189766 -0.057169 0.573349
v 0.193058 -0.057696 0.596116
v -0.172227 -0.030152 1.518265
v 0.294062 -0.058459 1.665283
v 0.293644 -0.057476 1.652114
v 0.293502 -0.058008 1.657291
v 0.293502 -0.058008 1.657291
v 0.293285 -0.055542 1.643440
v 0.301972 -0.060533 1.724152
v 0.301717 -0.060221 1.715720
v 0.300531 -0.060092 1.733148
v 0.295808 -0.059583 1.674418
v 0.297904 -0.059673 1.687488
v 0.296847 -0.059760 1.680928
v 0.299929 -0.060594 1.702153
v 0.298663 -0.060655 1.695585
v 0.049460 0.012963 1.738642
v 0.049460 0.012963 1.738642
v -0.019939 -0.008594 0.763466
v -0.019939 -0.008594 0.763466
v -0.019331 -0.009720 0.764882
v -0.019331 -0.009720 0.764882
v -0.025647 -0.018061 0.744077
v -0.025647 -0.018061 0.744077
v -0.017645 -0.009893 0.767076
v -0.017645 -0.009893 0.767076
v -0.025366 -0.011551 0.749717
v -0.025366 -0.011551 0.749717
v -0.023365 -0.009905 0.754605
v -0.023365 -0.009905 0.754605
v -0.012593 -0.008820 0.782185
v -0.012593 -0.008820 0.782185
v -0.014278 -0.009732 0.777267
v -0.014278 -0.009732 0.777267
v -0.010470 -0.008633 0.789569
v -0.010470 -0.008633 0.789569
v -0.050979 0.017977 0.791918
v -0.050979 0.017977 0.791918
v -0.051021 0.018467 0.784305
v -0.051021 0.018467 0.784305
v -0.051966 0.018626 0.777680
v -0.051966 0.018626 0.777680
v -0.009049 -0.006280 0.794957
v -0.009049 -0.006280 0.794957
v -0.022310 -0.007138 0.760255
v -0.022310 -0.007138 0.760255
v -0.016800 -0.008942 0.772466
v -0.016800 -0.008942 0.772466
v -0.068479 0.009453 0.750709
v -0.068479 0.009453 0.750709
v -0.069608 0.007365 0.743932
v -0.069608 0.007365 0.743932
v -0.055619 0.015207 0.767328
v -0.055619 0.015207 0.767328
v -0.058008 0.014846 0.763964
v -0.058008 0.014846 0.763964
v -0.053318 0.016823 0.773133
v -0.053318 0.016823 0.773133
v -0.068596 0.010701 0.755593
v -0.068596 0.010701 0.755593
v -0.064753 0.013829 0.759911
v -0.064753 0.013829 0.759911
v -0.078906 -0.000061 0.710995
v -0.078906 -0.000061 0.710995
v -0.088048 -0.004193 0.698229
v -0.088048 -0.004193 0.698229
v -0.071546 0.005613 0.738366
v -0.071546 0.005613 0.738366
v -0.067415 0.003040 0.721869
v -0.067415 0.003040 0.721869
v -0.063212 0.002911 0.721638
v -0.063212 0.002911 0.721638
v -0.071211 0.003827 0.726238
v -0.071211 0.003827 0.726238
v -0.070848 0.003019 0.720860
v -0.070848 0.003019 0.720860
v -0.070848 0.003019 0.720860
v -0.073096 0.002048 0.718604
v -0.073096 0.002048 0.718604
v -0.075682 0.001138 0.715628
v -0.075682 0.001138 0.715628
v -0.030755 -0.020279 0.730557
v -0.030755 -0.020279 0.730557
v -0.024029 -0.019802 0.739024
v -0.024029 -0.019802 0.739024
v -0.027419 -0.020294 0.734167
v -0.027419 -0.020294 0.734167
v -0.033454 -0.017551 0.724840
v -0.033454 -0.017551 0.724840
v -0.036950 -0.018970 0.721480
v -0.036950 -0.018970 0.721480
v -0.039318 -0.016592 0.712813
v -0.039318 -0.016592 0.712813
v -0.039318 -0.016592 0.712813
v -0.028588 0.013991 0.772118
v -0.041582 -0.014919 0.715348
v -0.041582 -0.014919 0.715348
v -0.042537 -0.015500 0.707945
v -0.042537 -0.015500 0.707945
v -0.043112 -0.015242 0.717422
v -0.043112 -0.015242 0.717422
v -0.042629 -0.016099 0.705812
v -0.042629 -0.016099 0.705812
v -0.043952 -0.011616 0.717387
v -0.043952 -0.011616 0.717387
v -0.047599 -0.015325 0.701944
v -0.047599 -0.015325 0.701944
v -0.051316 -0.016808 0.696070
v -0.051316 -0.016808 0.696070
v -0.055526 -0.014580 0.691929
v -0.055526 -0.014580 0.691929
v -0.069973 0.005498 0.733546
v -0.069973 0.005498 0.733546
v -0.048794 -0.005799 0.717139
v -0.048794 -0.005799 0.717139
v -0.049227 -0.001976 0.714608
v -0.049227 -0.001976 0.714608
v -0.047505 -0.003329 0.716005
v -0.047505 -0.003329 0.716005
v -0.071154 0.004104 0.729435
v -0.071154 0.004104 0.729435
v -0.051452 -0.001995 0.715895
v -0.051452 -0.001995 0.715895
v -0.051657 -0.002958 0.718715
v -0.051657 -0.002958 0.718715
v -0.057584 0.001574 0.720753
v -0.057584 0.001574 0.720753
v -0.054772 -0.000478 0.720004
v -0.054772 -0.000478 0.720004
v -0.060323 -0.012759 0.686605
v -0.060323 -0.012759 0.686605
v 0.010598 -0.014817 0.842388
v 0.010598 -0.014817 0.842388
v 0.059628 -0.032974 0.854418
v 0.059628 -0.032974 0.854418
v 0.015673 -0.012401 0.829743
v 0.015673 -0.012401 0.829743
v 0.078341 -0.043219 0.864429
v 0.005215 -0.000961 0.848258
v 0.005215 -0.000961 0.848258
v 0.015111 -0.019272 0.846519
v 0.015111 -0.019272 0.846519
v 0.100570 -0.046233 0.867645
v 0.100570 -0.046233 0.867645
v 0.100842 -0.046541 0.872739
v 0.100842 -0.046541 0.872739
v 0.094289 -0.044233 0.861601
v 0.094289 -0.044233 0.861601
v 0.010916 -0.009864 0.828596
v 0.010916 -0.009864 0.828596
v 0.080435 -0.041508 0.869378
v 0.080435 -0.041508 0.869378
v 0.071799 -0.038253 0.864240
v 0.071799 -0.038253 0.864240
v 0.021316 -0.017252 0.840312
v 0.021316 -0.017252 0.840312
v 0.063271 -0.036754 0.851942
v 0.063271 -0.036754 0.851942
v 0.027715 -0.025084 0.841432
v 0.027715 -0.025084 0.841432
v 0.045932 -0.033628 0.838972
v 0.045932 -0.033628 0.838972
v 0.049476 -0.028543 0.846955
v 0.049476 -0.028543 0.846955
v 0.090119 -0.044910 0.873483
v 0.090119 -0.044910 0.873483
v 0.086332 -0.042636 0.871176
v 0.086332 -0.042636 0.871176
v 0.089038 -0.043529 0.861639
v 0.089038 -0.043529 0.861639
v 0.083336 -0.042973 0.858840
v 0.083336 -0.042973 0.858840
v 0.077582 -0.041195 0.857972
v 0.077582 -0.041195 0.857972
v 0.013670 -0.016733 0.837725
v 0.013670 -0.016733 0.837725
v 0.025868 -0.018567 0.840116
v 0.025868 -0.018567 0.840116
v 0.038314 -0.028232 0.844036
v 0.038314 -0.028232 0.844036
v 0.052414 -0.029372 0.849880
v 0.052414 -0.029372 0.849880
v 0.044713 -0.030089 0.845560
v 0.044713 -0.030089 0.845560
v 0.037608 -0.033934 0.870148
v 0.037608 -0.033934 0.870148
v 0.032219 -0.023038 0.835500
v 0.032219 -0.023038 0.835500
v 0.025748 -0.026305 0.854456
v 0.025748 -0.026305 0.854456
v 0.034510 -0.028390 0.838131
v 0.034510 -0.028390 0.838131
v 0.037006 -0.029208 0.839243
v 0.037006 -0.029208 0.839243
v 0.041569 -0.030370 0.838865
v 0.041569 -0.030370 0.838865
v 0.019368 -0.022653 0.847570
v 0.019368 -0.022653 0.847570
v 0.021629 -0.025306 0.850585
v 0.021629 -0.025306 0.850585
v 0.052977 -0.033670 0.845824
v 0.052977 -0.033670 0.845824
v 0.034182 -0.025931 0.843088
v 0.034182 -0.025931 0.843088
v 0.031076 -0.030972 0.861421
v 0.031076 -0.030972 0.861421
v 0.035979 -0.033058 0.865742
v 0.035979 -0.033058 0.865742
v 0.055830 -0.033986 0.847975
v 0.055830 -0.033986 0.847975
v 0.071499 -0.039595 0.855225
v 0.071499 -0.039595 0.855225
v 0.068564 -0.037862 0.852314
v 0.068564 -0.037862 0.852314
v -0.044167 0.020373 0.821183
v -0.044167 0.020373 0.821183
v -0.044167 0.020373 0.821183
v -0.039144 0.020734 0.821383
v -0.039144 0.020734 0.821383
v -0.041514 0.020960 0.812872
v -0.041514 0.020960 0.812872
v -0.037470 0.022321 0.824413
v -0.045405 0.020585 0.810127
v -0.045405 0.020585 0.810127
v -0.047397 0.019640 0.801601
v -0.047397 0.019640 0.801601
v -0.042308 0.021467 0.826012
v -0.042308 0.021467 0.826012
v -0.042308 0.021467 0.826012
v -0.041416 0.022100 0.833937
v -0.041416 0.022100 0.833937
v -0.035026 0.024549 0.847137
v -0.035026 0.024549 0.847137
v -0.035694 0.022413 0.821121
v -0.035694 0.022413 0.821121
v 0.017978 0.038632 0.919047
v -0.000912 -0.009565 0.811880
v -0.000912 -0.009565 0.811880
v -0.030038 0.022682 0.820888
v -0.030038 0.022682 0.820888
v -0.033128 0.022734 0.826952
v -0.033128 0.022734 0.826952
v -0.002401 -0.009430 0.816231
v -0.002401 -0.009430 0.816231
v -0.038374 0.021218 0.826592
v -0.038374 0.021218 0.826592
v -0.035992 0.021760 0.827942
v -0.035992 0.021760 0.827942
v -0.032223 0.023336 0.821804
v -0.032223 0.023336 0.821804
v -0.002309 -0.007816 0.806980
v -0.002309 -0.007816 0.806980
v -0.004310 -0.008834 0.802912
v -0.004310 -0.008834 0.802912
v -0.006252 -0.007022 0.799419
v -0.006252 -0.007022 0.799419
v -0.028295 0.023087 0.824883
v -0.028295 0.023087 0.824883
v -0.030583 0.023774 0.823050
v -0.026586 0.024088 0.820647
v -0.026586 0.024088 0.820647
v -0.028995 0.024182 0.820659
v -0.028995 0.024182 0.820659
v -0.039224 0.023500 0.837844
v -0.039224 0.023500 0.837844
v -0.037287 0.024223 0.842479
v -0.037287 0.024223 0.842479
v -0.022609 0.023573 0.823002
v -0.022609 0.023573 0.823002
v -0.013249 0.015657 0.818221
v -0.013249 0.015657 0.818221
v -0.018356 0.018566 0.817236
v -0.018356 0.018566 0.817236
v -0.017849 0.020021 0.824766
v -0.017849 0.020021 0.824766
v -0.022013 0.022126 0.819528
v -0.022013 0.022126 0.819528
v -0.021352 0.021850 0.822866
v -0.021352 0.021850 0.822866
v -0.019705 0.020386 0.821983
v -0.034274 0.026604 0.853601
v -0.034274 0.026604 0.853601
v -0.030291 0.029680 0.866913
v -0.030291 0.029680 0.866913
v -0.034166 0.027724 0.860067
v -0.034166 0.027724 0.860067
v -0.028590 0.032087 0.877710
v -0.028590 0.032087 0.877710
v -0.028643 0.031261 0.871526
v -0.028643 0.031261 0.871526
v 0.001988 -0.001128 0.835876
v 0.001988 -0.001128 0.835876
v 0.003836 -0.003364 0.837563
v 0.003836 -0.003364 0.837563
v 0.003836 -0.003364 0.837563
v 0.003836 -0.003364 0.837563
v 0.004328 -0.003485 0.832903
v 0.004328 -0.003485 0.832903
v 0.003853 -0.002464 0.842253
v 0.003853 -0.002464 0.842253
v 0.007774 -0.008861 0.840205
v 0.007774 -0.008861 0.840205
v 0.004459 -0.006725 0.828430
v 0.004459 -0.006725 0.828430
v 0.002039 -0.007026 0.821103
v 0.002039 -0.007026 0.821103
v 0.003922 -0.006967 0.823228
v 0.003922 -0.006967 0.823228
v 0.006209 -0.004753 0.836848
v 0.006209 -0.004753 0.836848
v 0.006209 -0.004753 0.836848
v 0.058802 -0.035991 0.851656
v 0.058802 -0.035991 0.851656
v 0.000919 -0.008532 0.818918
v 0.000919 -0.008532 0.818918
v 0.000859 0.002769 0.832301
v 0.000859 0.002769 0.832301
v -0.012555 0.017889 0.826674
v -0.012555 0.017889 0.826674
v -0.012555 0.017889 0.826674
v -0.008361 0.017914 0.828880
v -0.008361 0.017914 0.828880
v -0.010318 0.017419 0.827140
v -0.010318 0.017419 0.827140
v 0.009039 0.001603 0.866764
v 0.009039 0.001603 0.866764
v 0.005152 0.002219 0.853375
v 0.005152 0.002219 0.853375
v -0.007882 0.014354 0.820716
v -0.007882 0.014354 0.820716
v -0.006259 0.012725 0.822281
v -0.006259 0.012725 0.822281
v -0.005644 0.014724 0.829723
v -0.005644 0.014724 0.829723
v -0.003856 0.010589 0.829836
v -0.003856 0.010589 0.829836
v -0.011122 0.016418 0.824295
v -0.014712 0.019554 0.826014
v -0.014712 0.019554 0.826014
v 0.008152 0.000734 0.861280
v 0.008152 0.000734 0.861280
v -0.007242 0.014634 0.823894
v -0.003403 0.010195 0.825555
v -0.003403 0.010195 0.825555
v -0.001483 0.009760 0.830761
v -0.001483 0.009760 0.830761
v -0.001483 0.009760 0.830761
v -0.010166 0.016026 0.819111
v -0.010166 0.016026 0.819111
v 0.010747 -0.000368 0.873080
v 0.010747 -0.000368 0.873080
v 0.049579 -0.033196 0.841908
v 0.049579 -0.033196 0.841908
v -0.000275 0.004598 0.831651
v -0.000275 0.004598 0.831651
v -0.001407 0.007176 0.829238
v -0.001328 0.007481 0.827266
v -0.001556 0.007097 0.832668
v -0.001556 0.007097 0.832668
v -0.214560 -0.045748 0.774636
v -0.213439 -0.045162 0.768524
v -0.217815 -0.047125 0.733009
v -0.198956 -0.039378 0.844490
v -0.194222 -0.035972 0.866924
v -0.215954 -0.047305 0.751799
v -0.217592 -0.047205 0.746851
v -0.194220 -0.035625 0.875218
v -0.195264 -0.036673 0.862073
v -0.198298 -0.036950 0.856823
v -0.198581 -0.038945 0.849324
v -0.207322 -0.043095 0.807009
v -0.200670 -0.040859 0.830710
v -0.213258 -0.044675 0.788591
v -0.201506 -0.040532 0.838769
v -0.209680 -0.043013 0.803125
v -0.211705 -0.044491 0.795177
v -0.204091 -0.042646 0.817595
v -0.206800 -0.043475 0.813646
v -0.212186 -0.044923 0.783386
v -0.218978 -0.047966 0.724359
v -0.213272 -0.046561 0.758218
v -0.202506 -0.042354 0.822882
v -0.090083 -0.004998 0.694324
v -0.090083 -0.004998 0.694324
v -0.099774 -0.008697 0.680920
v -0.099774 -0.008697 0.680920
v -0.083476 -0.001751 0.706130
v -0.083476 -0.001751 0.706130
v -0.094000 -0.006042 0.687074
v -0.094000 -0.006042 0.687074
v -0.210418 -0.045049 0.763845
v -0.219564 -0.050142 0.701329
v -0.220965 -0.050125 0.707952
v -0.218598 -0.052193 0.693650
v -0.219348 -0.053196 0.687272
v -0.220708 -0.049140 0.717775
v -0.216413 -0.047743 0.738205
v -0.217883 -0.056596 0.560096
v -0.218982 -0.056261 0.546465
v -0.217051 -0.054494 0.583753
v -0.218419 -0.057308 0.534133
v -0.215363 -0.052828 0.604908
v -0.217836 -0.053688 0.589791
v -0.217503 -0.055765 0.574222
v -0.216074 -0.053424 0.594763
v -0.218119 -0.053393 0.600681
v -0.072694 -0.021661 0.581412
v -0.072694 -0.021661 0.581412
v -0.217386 -0.052606 0.610212
v -0.073994 -0.019839 0.578368
v -0.073994 -0.019839 0.578368
v -0.082117 -0.019415 0.544336
v -0.082117 -0.019415 0.544336
v -0.069616 -0.020696 0.584925
v -0.069616 -0.020696 0.584925
v -0.080978 -0.019681 0.538283
v -0.080978 -0.019681 0.538283
v -0.075423 -0.020709 0.574920
v -0.075423 -0.020709 0.574920
v -0.067205 -0.018954 0.602953
v -0.067205 -0.018954 0.602953
v -0.064643 -0.017911 0.605876
v -0.064643 -0.017911 0.605876
v -0.068913 -0.019034 0.599874
v -0.068913 -0.019034 0.599874
v -0.215479 -0.055878 0.567585
v -0.070204 -0.019020 0.594484
v -0.070204 -0.019020 0.594484
v -0.062412 -0.017460 0.609168
v -0.062412 -0.017460 0.609168
v -0.065694 -0.017930 0.597010
v -0.065694 -0.017930 0.597010
v -0.064818 -0.019849 0.600687
v -0.064818 -0.019849 0.600687
v -0.076747 -0.022883 0.580350
v -0.076747 -0.022883 0.580350
v -0.076066 -0.020821 0.585595
v -0.076066 -0.020821 0.585595
v -0.071678 -0.018098 0.592298
v -0.071678 -0.018098 0.592298
v -0.080514 -0.021722 0.576882
v -0.080514 -0.021722 0.576882
v -0.077536 -0.020126 0.571727
v -0.077536 -0.020126 0.571727
v -0.076716 -0.019847 0.573607
v -0.076716 -0.019847 0.573607
v -0.083160 -0.020705 0.570352
v -0.083160 -0.020705 0.570352
v -0.069726 -0.018475 0.590209
v -0.069726 -0.018475 0.590209
v -0.072150 -0.019070 0.590975
v -0.072150 -0.019070 0.590975
v -0.081037 -0.020565 0.567939
v -0.081037 -0.020565 0.567939
v -0.086627 -0.019428 0.564187
v -0.086627 -0.019428 0.564187
v -0.086627 -0.019428 0.564187
v -0.094378 -0.023096 0.573914
v -0.094378 -0.023096 0.573914
v -0.107968 -0.020031 0.597018
v -0.107968 -0.020031 0.597018
v -0.100077 -0.022189 0.588781
v -0.100077 -0.022189 0.588781
v -0.105865 -0.019902 0.591002
v -0.105865 -0.019902 0.591002
v -0.099348 -0.021434 0.580202
v -0.099348 -0.021434 0.580202
v -0.091051 -0.021860 0.569720
v -0.091051 -0.021860 0.569720
v -0.081490 -0.018988 0.560543
v -0.081490 -0.018988 0.560543
v -0.082501 -0.019589 0.561851
v -0.082501 -0.019589 0.561851
v -0.083779 -0.018344 0.555555
v -0.083779 -0.018344 0.555555
v -0.083855 -0.017963 0.546910
v -0.083855 -0.017963 0.546910
v -0.085048 -0.018455 0.549193
v -0.085048 -0.018455 0.549193
v -0.086482 -0.017690 0.551749
v -0.086482 -0.017690 0.551749
v -0.086482 -0.017690 0.551749
v -0.080240 -0.018602 0.533107
v -0.080240 -0.018602 0.533107
v -0.086106 -0.014832 0.555853
v -0.086106 -0.014832 0.555853
v -0.087115 -0.014854 0.557995
v -0.087115 -0.014854 0.557995
v -0.086925 -0.015986 0.551531
v -0.086925 -0.015986 0.551531
v -0.115167 -0.015318 0.611935
v -0.115167 -0.015318 0.611935
v -0.111831 -0.016987 0.605380
v -0.111831 -0.016987 0.605380
v -0.119930 -0.017663 0.627718
v -0.119930 -0.017663 0.627718
v -0.060871 -0.017218 0.617130
v -0.060871 -0.017218 0.617130
v -0.117409 -0.017231 0.630977
v -0.117409 -0.017231 0.630977
v -0.118123 -0.014876 0.615968
v -0.118123 -0.014876 0.615968
v -0.076414 -0.015828 0.667058
v -0.076414 -0.015828 0.667058
v -0.059792 -0.018521 0.626593
v -0.059792 -0.018521 0.626593
v -0.078459 -0.009519 0.679130
v -0.078459 -0.009519 0.679130
v -0.087132 -0.008650 0.677962
v -0.087132 -0.008650 0.677962
v -0.082820 -0.015525 0.662241
v -0.082820 -0.015525 0.662241
v -0.088475 -0.014634 0.659116
v -0.088475 -0.014634 0.659116
v -0.091727 -0.015403 0.654763
v -0.091727 -0.015403 0.654763
v -0.122183 -0.017337 0.625343
v -0.122183 -0.017337 0.625343
v -0.094737 -0.016436 0.650023
v -0.094737 -0.016436 0.650023
v -0.071975 -0.016478 0.672059
v -0.071975 -0.016478 0.672059
v -0.069312 -0.013861 0.679908
v -0.069312 -0.013861 0.679908
v -0.069312 -0.013861 0.679908
v -0.121513 -0.015773 0.620495
v -0.121513 -0.015773 0.620495
v -0.107653 -0.017901 0.637585
v -0.107653 -0.017901 0.637585
v -0.073403 -0.013958 0.678791
v -0.073403 -0.013958 0.678791
v -0.112136 -0.019947 0.633301
v -0.112136 -0.019947 0.633301
v -0.098636 -0.016569 0.646233
v -0.098636 -0.016569 0.646233
v -0.102871 -0.016715 0.643197
v -0.102871 -0.016715 0.643197
v -0.092110 -0.009623 0.674780
v -0.092110 -0.009623 0.674780
v -0.064718 -0.005659 0.698374
v -0.091722 -0.006614 0.682102
v -0.091722 -0.006614 0.682102
v -0.099728 -0.010573 0.674790
v -0.099728 -0.010573 0.674790
v -0.216257 -0.050987 0.617419
v -0.215052 -0.050893 0.630436
v -0.213999 -0.050821 0.623986
v -0.217420 -0.052050 0.637081
v -0.218214 -0.053170 0.668124
v -0.215261 -0.053392 0.658376
v -0.217267 -0.053296 0.652357
v -0.217335 -0.053355 0.662355
v -0.217422 -0.052317 0.642123
v -0.220538 -0.053578 0.681769
v -0.219093 -0.052986 0.673893
v -0.058258 -0.019553 0.603226
v -0.058258 -0.019553 0.603226
v -0.055453 -0.019225 0.611969
v -0.055453 -0.019225 0.611969
v -0.057107 -0.019963 0.620491
v -0.057107 -0.019963 0.620491
v -0.057658 -0.015624 0.626860
v -0.054440 -0.016001 0.629561
v -0.054440 -0.016001 0.629561
v -0.053179 -0.017306 0.628630
v -0.053117 -0.020183 0.631974
v -0.053117 -0.020183 0.631974
v -0.053117 -0.020183 0.631974
v -0.053117 -0.020183 0.631974
v -0.057055 -0.015328 0.630510
v -0.057055 -0.015328 0.630510
v -0.058230 -0.014798 0.629581
v -0.058230 -0.014798 0.629581
v -0.069309 -0.016832 0.590894
v -0.057009 -0.014041 0.630829
v -0.055413 -0.014702 0.631021
v -0.055413 -0.014702 0.631021
v -0.055413 -0.014702 0.631021
v -0.056628 -0.018010 0.629179
v -0.056734 -0.019638 0.628116
v -0.056734 -0.019638 0.628116
v -0.059399 -0.018137 0.620061
v -0.059399 -0.018137 0.620061
v -0.064489 -0.013031 0.683915
v -0.064489 -0.013031 0.683915
v -0.057044 -0.020133 0.629848
v -0.057044 -0.020133 0.629848
v 0.137664 -0.051213 0.911789
v 0.137664 -0.051213 0.911789
v 0.139293 -0.051396 0.906813
v 0.139293 -0.051396 0.906813
v 0.101187 -0.047266 0.883438
v 0.101187 -0.047266 0.883438
v 0.148520 -0.053677 0.914842
v 0.148520 -0.053677 0.914842
v 0.118559 -0.049979 0.898369
v 0.118559 -0.049979 0.898369
v 0.109530 -0.045709 0.877047
v 0.109530 -0.045709 0.877047
v 0.096423 -0.046484 0.877652
v 0.096423 -0.046484 0.877652
v 0.104163 -0.046509 0.874415
v 0.104163 -0.046509 0.874415
v -0.170889 -0.018406 1.297798
v -0.175913 -0.016038 1.070841
v -0.013544 0.056614 0.982877
v -0.013544 0.056614 0.982877
v -0.015066 0.054118 0.969749
v -0.015066 0.054118 0.969749
v -0.013893 0.055954 0.977594
v -0.013893 0.055954 0.977594
v -0.016446 0.050492 0.958343
v -0.016446 0.050492 0.958343
v 0.019074 0.005915 0.907286
v 0.019074 0.005915 0.907286
v 0.015834 0.004693 0.894338
v 0.015834 0.004693 0.894338
v -0.014399 0.048926 0.945663
v -0.014399 0.048926 0.945663
v -0.015486 0.045810 0.928226
v -0.015486 0.045810 0.928226
v -0.014816 0.047679 0.936598
v -0.014816 0.047679 0.936598
v -0.012650 0.051251 0.952255
v -0.012650 0.051251 0.952255
v -0.020854 0.036067 0.885616
v -0.020854 0.036067 0.885616
v -0.015941 0.039463 0.894916
v -0.015941 0.039463 0.894916
v -0.014344 0.040151 0.898043
v -0.014344 0.040151 0.898043
v -0.014727 0.041831 0.906636
v -0.014727 0.041831 0.906636
v -0.015467 0.041851 0.903925
v -0.015467 0.041851 0.903925
v 0.017097 0.004226 0.898904
v 0.017097 0.004226 0.898904
v 0.028977 0.094164 1.071978
v 0.028977 0.094164 1.071978
v 0.038349 0.095081 1.080362
v 0.038349 0.095081 1.080362
v 0.036058 0.095191 1.079134
v 0.036058 0.095191 1.079134
v 0.033184 0.094972 1.077290
v 0.033184 0.094972 1.077290
v 0.044372 0.094451 1.087979
v 0.044372 0.094451 1.087979
v 0.236458 -0.056251 1.572110
v 0.236458 -0.056251 1.572110
v 0.243487 -0.057563 1.577931
v 0.243487 -0.057563 1.577931
v 0.253204 -0.059068 1.584204
v 0.253204 -0.059068 1.584204
v 0.247240 -0.057402 1.580863
v 0.247240 -0.057402 1.580863
v 0.259879 -0.061835 1.589205
v 0.259879 -0.061835 1.589205
v 0.276837 -0.063771 1.524815
v 0.278665 -0.062057 1.519877
v 0.278648 -0.062933 1.533582
v 0.280474 -0.063432 1.544921
v 0.277684 -0.063740 1.539409
v 0.282119 -0.062731 1.553216
v 0.282906 -0.062657 1.559425
v 0.282367 -0.062568 1.567065
v 0.283808 -0.063733 1.576097
v 0.284806 -0.063473 1.582482
v 0.283796 -0.062181 1.586946
v 0.275135 -0.061909 1.494530
v 0.277698 -0.061675 1.503315
v 0.270179 -0.063024 1.593145
v 0.270179 -0.063024 1.593145
v 0.284177 -0.061668 1.593772
v 0.283917 -0.062465 1.598691
v 0.283917 -0.062465 1.598691
v 0.285828 -0.061800 1.605481
v 0.285205 -0.061736 1.619520
v 0.277747 -0.062489 1.507749
v 0.274343 -0.062816 1.499768
v 0.275539 -0.063052 1.512959
v 0.286373 -0.062019 1.614259
v 0.217980 -0.052084 1.570249
v 0.217980 -0.052084 1.570249
v 0.146075 -0.017868 1.555958
v 0.146075 -0.017868 1.555958
v 0.152743 -0.020959 1.559317
v 0.152743 -0.020959 1.559317
v 0.154855 -0.022545 1.559494
v 0.154855 -0.022545 1.559494
v 0.158508 -0.024804 1.562366
v 0.158508 -0.024804 1.562366
v 0.161166 -0.026684 1.564536
v 0.161166 -0.026684 1.564536
v 0.164955 -0.036529 1.517327
v 0.164955 -0.036529 1.517327
v 0.163307 -0.026948 1.565260
v 0.163307 -0.026948 1.565260
v 0.166932 -0.029337 1.567774
v 0.166932 -0.029337 1.567774
v 0.170052 -0.030995 1.571361
v 0.170052 -0.030995 1.571361
v 0.172483 -0.033496 1.572507
v 0.172483 -0.033496 1.572507
v 0.180928 -0.039213 1.575565
v 0.180928 -0.039213 1.575565
v 0.178237 -0.036694 1.574240
v 0.178237 -0.036694 1.574240
v 0.182347 -0.038820 1.574545
v 0.182347 -0.038820 1.574545
v 0.173078 -0.035289 1.574240
v 0.173078 -0.035289 1.574240
v 0.180223 -0.040941 1.538004
v 0.180223 -0.040941 1.538004
v 0.172742 -0.038339 1.525992
v 0.172742 -0.038339 1.525992
v 0.169409 -0.039354 1.519664
v 0.169409 -0.039354 1.519664
v 0.176762 -0.040762 1.531723
v 0.176762 -0.040762 1.531723
v 0.188589 -0.043559 1.545004
v 0.188589 -0.043559 1.545004
v 0.194331 -0.047524 1.550131
v 0.194331 -0.047524 1.550131
v 0.196674 -0.048062 1.551045
v 0.196674 -0.048062 1.551045
v 0.197435 -0.047621 1.553841
v 0.197435 -0.047621 1.553841
v 0.197434 -0.048568 1.555838
v 0.197434 -0.048568 1.555838
v 0.197991 -0.047289 1.559359
v 0.197991 -0.047289 1.559359
v 0.185288 -0.040465 1.574413
v 0.185288 -0.040465 1.574413
v 0.188303 -0.040774 1.573156
v 0.188303 -0.040774 1.573156
v 0.188303 -0.040774 1.573156
v 0.191381 -0.040652 1.575065
v 0.191381 -0.040652 1.575065
v 0.193975 -0.041530 1.577519
v 0.193975 -0.041530 1.577519
v 0.192763 -0.042160 1.576452
v 0.192763 -0.042160 1.576452
v 0.191039 -0.042365 1.573287
v 0.191039 -0.042365 1.573287
v 0.196255 -0.045127 1.571044
v 0.196255 -0.045127 1.571044
v 0.196255 -0.045127 1.571044
v 0.201361 -0.046278 1.570650
v 0.201361 -0.046278 1.570650
v 0.196220 -0.042645 1.581615
v 0.196220 -0.042645 1.581615
v 0.198850 -0.044648 1.603797
v 0.198850 -0.044648 1.603797
v 0.199857 -0.044802 1.609309
v 0.199857 -0.044802 1.609309
v 0.198909 -0.046758 1.564026
v 0.198909 -0.046758 1.564026
v 0.153116 -0.027845 1.506835
v 0.153116 -0.027845 1.506835
v 0.198330 -0.043507 1.592634
v 0.198330 -0.043507 1.592634
v 0.209337 -0.049926 1.569742
v 0.209337 -0.049926 1.569742
v 0.148082 -0.027407 1.499940
v 0.148082 -0.027407 1.499940
v 0.201899 -0.045760 1.616502
v 0.201899 -0.045760 1.616502
v 0.105512 0.002778 1.523758
v 0.105512 0.002778 1.523758
v 0.108988 0.001723 1.526656
v 0.108988 0.001723 1.526656
v 0.112111 0.000023 1.530603
v 0.112111 0.000023 1.530603
v 0.065925 0.007327 1.539010
v 0.065925 0.007327 1.539010
v 0.064280 0.021249 1.835731
v 0.064845 0.003198 1.563120
v 0.064845 0.003198 1.563120
v 0.061870 0.004699 1.590919
v 0.061870 0.004699 1.590919
v 0.062977 0.002341 1.571657
v 0.062977 0.002341 1.571657
v 0.062226 0.002974 1.575047
v 0.062226 0.002974 1.575047
v 0.061816 0.002500 1.582781
v 0.061816 0.002500 1.582781
v 0.064570 0.000144 1.594444
v 0.064570 0.000144 1.594444
v 0.061750 0.001118 1.602501
v 0.061750 0.001118 1.602501
v 0.060327 -0.003601 1.608892
v 0.060327 -0.003601 1.608892
v 0.059842 -0.005809 1.613584
v 0.059842 -0.005809 1.613584
v 0.061648 -0.004533 1.621644
v 0.061648 -0.004533 1.621644
v 0.049013 0.020973 1.550836
v 0.049013 0.020973 1.550836
v 0.043156 0.021183 1.562510
v 0.043156 0.021183 1.562510
v 0.118050 -0.003662 1.532830
v 0.118050 -0.003662 1.532830
v 0.127155 -0.004815 1.534930
v 0.127155 -0.004815 1.534930
v 0.129738 -0.008298 1.540109
v 0.129738 -0.008298 1.540109
v 0.130513 -0.009623 1.545196
v 0.130513 -0.009623 1.545196
v 0.133802 -0.012481 1.549563
v 0.133802 -0.012481 1.549563
v 0.045532 0.021350 1.556471
v 0.045532 0.021350 1.556471
v 0.054668 0.018454 1.539112
v 0.054668 0.018454 1.539112
v 0.061264 0.018683 1.525769
v 0.061264 0.018683 1.525769
v 0.049748 0.019097 1.544455
v 0.049748 0.019097 1.544455
v 0.059511 0.017860 1.534723
v 0.059511 0.017860 1.534723
v 0.062377 0.014325 1.530234
v 0.062377 0.014325 1.530234
v 0.062377 0.014325 1.530234
v 0.063678 0.011606 1.536135
v 0.063678 0.011606 1.536135
v 0.067312 0.004245 1.547506
v 0.067312 0.004245 1.547506
v 0.043949 0.020936 1.567519
v 0.043949 0.020936 1.567519
v 0.101197 0.008128 1.511277
v 0.101197 0.008128 1.511277
v 0.042021 0.019841 1.575188
v 0.042021 0.019841 1.575188
v 0.042260 0.019568 1.582700
v 0.042260 0.019568 1.582700
v 0.096237 0.015122 1.502908
v 0.096237 0.015122 1.502908
v 0.092053 0.016797 1.499021
v 0.092053 0.016797 1.499021
v 0.096585 0.011431 1.506692
v 0.096585 0.011431 1.506692
v 0.101659 0.006089 1.517618
v 0.101659 0.006089 1.517618
v 0.041433 0.020252 1.613533
v 0.041433 0.020252 1.613533
v 0.044312 0.020548 1.620097
v 0.044312 0.020548 1.620097
v 0.043397 0.020100 1.590843
v 0.043397 0.020100 1.590843
v 0.066840 0.003880 1.556076
v 0.066840 0.003880 1.556076
v 0.039467 0.020388 1.595747
v 0.039467 0.020388 1.595747
v 0.039915 0.019779 1.607540
v 0.039915 0.019779 1.607540
v 0.065272 0.019497 1.506116
v 0.065272 0.019497 1.506116
v 0.066570 0.019347 1.498568
v 0.066570 0.019347 1.498568
v 0.040686 -0.035109 0.875843
v 0.040686 -0.035109 0.875843
v 0.046753 -0.038236 0.879555
v 0.046753 -0.038236 0.879555
v 0.143376 -0.052513 0.912652
v 0.143376 -0.052513 0.912652
v 0.143376 -0.052513 0.912652
v 0.094023 -0.046580 0.876396
v 0.094023 -0.046580 0.876396
v -0.025188 0.034073 0.881546
v -0.025188 0.034073 0.881546
v 0.031363 0.068782 0.995739
v 0.031363 0.068782 0.995739
v 0.096815 0.008204 1.295057
v 0.096815 0.008204 1.295057
v 0.032914 0.066397 0.995274
v 0.032914 0.066397 0.995274
v 0.054122 0.068226 1.298944
v 0.054122 0.068226 1.298944
v 0.051170 0.067702 1.294638
v 0.051170 0.067702 1.294638
v 0.217893 -0.063946 0.875698
v 0.038774 0.005175 0.968620
v 0.038774 0.005175 0.968620
v 0.038356 0.006131 0.983861
v 0.038356 0.006131 0.983861
v 0.037602 0.005707 0.992262
v 0.037602 0.005707 0.992262
v 0.039159 0.006128 0.974911
v 0.039159 0.006128 0.974911
v 0.036501 0.005959 0.955737
v 0.036501 0.005959 0.955737
v 0.038275 0.006052 0.961916
v 0.038275 0.006052 0.961916
v 0.092834 -0.046360 0.950355
v 0.092834 -0.046360 0.950355
v 0.097329 -0.048430 0.964891
v 0.097329 -0.048430 0.964891
v 0.093407 -0.047070 0.956453
v 0.093407 -0.047070 0.956453
v 0.098128 -0.048699 0.975717
v 0.098128 -0.048699 0.975717
v 0.033777 0.002704 0.946389
v 0.033777 0.002704 0.946389
v 0.035206 0.005281 0.950672
v 0.035206 0.005281 0.950672
v 0.156072 -0.055252 0.921001
v 0.156072 -0.055252 0.921001
v 0.141300 -0.049168 0.907199
v 0.130098 -0.051402 0.893301
v 0.130098 -0.051402 0.893301
v 0.135519 -0.052442 0.895682
v 0.135519 -0.052442 0.895682
v 0.107759 -0.045802 0.873906
v 0.107759 -0.045802 0.873906
v 0.132429 -0.049901 0.911641
v 0.132429 -0.049901 0.911641
v 0.143234 -0.052131 0.909719
v 0.143234 -0.052131 0.909719
v 0.123008 -0.050076 0.902022
v 0.123008 -0.050076 0.902022
v 0.139760 -0.053157 0.900435
v 0.139760 -0.053157 0.900435
v 0.125331 -0.049537 0.907363
v 0.125331 -0.049537 0.907363
v 0.126144 -0.049288 0.890460
v 0.126144 -0.049288 0.890460
v 0.174415 -0.058725 0.927679
v 0.174415 -0.058725 0.927679
v 0.139155 -0.051226 0.908239
v 0.139155 -0.051226 0.908239
v 0.139155 -0.051226 0.908239
v 0.195865 -0.062326 0.925384
v 0.195865 -0.062326 0.925384
v 0.118099 -0.048968 0.885821
v 0.118099 -0.048968 0.885821
v 0.121754 -0.049470 0.890154
v 0.121754 -0.049470 0.890154
v 0.120367 -0.049141 0.887659
v 0.120367 -0.049141 0.887659
v 0.103864 -0.046187 0.885940
v 0.103864 -0.046187 0.885940
v 0.153178 -0.055136 0.915718
v 0.153178 -0.055136 0.915718
v 0.122151 -0.050825 0.891023
v 0.122151 -0.050825 0.891023
v 0.204068 -0.061131 0.926376
v 0.204068 -0.061131 0.926376
v 0.111690 -0.045895 0.878690
v 0.111690 -0.045895 0.878690
v 0.116224 -0.047819 0.882920
v 0.116224 -0.047819 0.882920
v 0.185629 -0.061291 0.928137
v 0.185629 -0.061291 0.928137
v 0.164486 -0.057322 0.925011
v 0.164486 -0.057322 0.925011
v 0.049780 -0.038242 0.887381
v 0.049780 -0.038242 0.887381
v 0.055563 -0.039623 0.893401
v 0.055563 -0.039623 0.893401
v 0.060594 -0.039651 0.898769
v 0.060594 -0.039651 0.898769
v 0.060175 -0.040066 0.903124
v 0.060175 -0.040066 0.903124
v 0.063519 -0.041148 0.907567
v 0.063519 -0.041148 0.907567
v 0.032365 0.002360 0.943758
v 0.032365 0.002360 0.943758
v 0.113420 -0.048787 0.893964
v 0.113420 -0.048787 0.893964
v 0.030579 0.003633 0.937333
v 0.030579 0.003633 0.937333
v 0.032009 0.004419 0.940418
v 0.032009 0.004419 0.940418
v 0.029810 0.003719 0.935843
v 0.029810 0.003719 0.935843
v 0.027197 0.003272 0.934906
v 0.027197 0.003272 0.934906
v 0.024570 0.004541 0.930502
v 0.024570 0.004541 0.930502
v 0.098945 -0.046544 0.879576
v 0.098945 -0.046544 0.879576
v 0.160207 -0.059087 0.975006
v 0.107398 -0.047670 0.890281
v 0.107398 -0.047670 0.890281
v 0.065604 -0.041585 0.914318
v 0.065604 -0.041585 0.914318
v 0.069504 -0.042940 0.917474
v 0.069504 -0.042940 0.917474
v 0.086565 -0.046676 0.939447
v 0.086565 -0.046676 0.939447
v 0.077226 -0.045160 0.930679
v 0.077226 -0.045160 0.930679
v 0.081375 -0.045517 0.935304
v 0.081375 -0.045517 0.935304
v 0.022288 0.002944 0.923139
v 0.022288 0.002944 0.923139
v 0.012100 0.000047 0.880862
v 0.012100 0.000047 0.880862
v 0.013846 0.001741 0.886003
v 0.013846 0.001741 0.886003
v -0.002094 0.078545 1.034778
v -0.005916 0.073989 1.062066
v -0.005916 0.073989 1.062066
v -0.177663 -0.016868 1.043731
v -0.178743 -0.017610 0.995458
v -0.176505 -0.016115 1.048355
v -0.173710 -0.015460 1.063609
v -0.179019 -0.017139 1.010519
v -0.176766 -0.017558 1.024754
v -0.175342 -0.015918 1.057464
v -0.178316 -0.017826 0.980795
v -0.178197 -0.017670 0.988175
v -0.180553 -0.018760 0.975473
v -0.182821 -0.022641 0.961763
v -0.183679 -0.023073 0.955250
v -0.177445 -0.017459 1.037684
v -0.177683 -0.017525 1.018008
v -0.173774 -0.017558 1.028719
v -0.186178 -0.027074 0.936718
v -0.184759 -0.026633 0.940663
v -0.184924 -0.027543 0.930563
v -0.183086 -0.024671 0.945846
v -0.188910 -0.031257 0.906477
v -0.192932 -0.034101 0.889683
v -0.187980 -0.032192 0.899910
v -0.187915 -0.030988 0.911949
v -0.173874 -0.013627 1.078980
v -0.177904 -0.017223 1.002586
v -0.185788 -0.030329 0.916091
v -0.189436 -0.033756 0.893876
v -0.192756 -0.034618 0.884010
v -0.187550 -0.029518 0.922904
v 0.173404 -0.057720 1.071313
v 0.173404 -0.057720 1.071313
v 0.178281 -0.057207 1.073511
v 0.178281 -0.057207 1.073511
v 0.183189 -0.058254 1.078866
v 0.183189 -0.058254 1.078866
v 0.189080 -0.059469 1.078715
v 0.189080 -0.059469 1.078715
v 0.147470 -0.050266 1.053895
v 0.147470 -0.050266 1.053895
v 0.165291 -0.056252 1.061180
v 0.165291 -0.056252 1.061180
v 0.195338 -0.060632 1.081683
v 0.195338 -0.060632 1.081683
v 0.159373 -0.055089 1.058062
v 0.159373 -0.055089 1.058062
v 0.152186 -0.052059 1.056612
v 0.152186 -0.052059 1.056612
v 0.142862 -0.050618 1.050961
v 0.142862 -0.050618 1.050961
v 0.114508 -0.040028 1.160364
v 0.124721 -0.049981 1.024081
v 0.124721 -0.049981 1.024081
v 0.116917 -0.049108 1.015553
v 0.116917 -0.049108 1.015553
v 0.135989 -0.049641 1.047021
v 0.135989 -0.049641 1.047021
v 0.133383 -0.049621 1.039079
v 0.133383 -0.049621 1.039079
v 0.130019 -0.051041 1.032141
v 0.130019 -0.051041 1.032141
v 0.049570 0.007003 1.074345
v 0.049570 0.007003 1.074345
v 0.048789 0.004002 1.082370
v 0.048789 0.004002 1.082370
v 0.047449 0.005848 1.068931
v 0.047449 0.005848 1.068931
v 0.046691 0.002650 1.063160
v 0.046691 0.002650 1.063160
v 0.045528 0.002308 1.058886
v 0.045528 0.002308 1.058886
v 0.040331 0.007752 1.005915
v 0.040331 0.007752 1.005915
v 0.036122 0.003477 1.006360
v 0.036122 0.003477 1.006360
v 0.039221 0.005383 1.044721
v 0.039221 0.005383 1.044721
v 0.035369 0.003928 0.997648
v 0.035369 0.003928 0.997648
v 0.039827 0.005802 1.052199
v 0.039827 0.005802 1.052199
v 0.038374 0.006224 1.030817
v 0.038374 0.006224 1.030817
v 0.037849 0.004126 1.016830
v 0.037849 0.004126 1.016830
v 0.044900 0.016221 0.994052
v 0.044900 0.016221 0.994052
v 0.043362 0.011629 0.998314
v 0.043362 0.011629 0.998314
v 0.110877 -0.051899 1.009857
v 0.110877 -0.051899 1.009857
v 0.106142 -0.050991 0.996868
v 0.106142 -0.050991 0.996868
v 0.107479 -0.051317 1.002158
v 0.107479 -0.051317 1.002158
v -0.005282 0.067046 0.997877
v -0.005282 0.067046 0.997877
v -0.006584 0.071583 1.074720
v -0.006584 0.071583 1.074720
v -0.004519 0.074721 1.055785
v -0.004519 0.074721 1.055785
v -0.004992 0.073626 1.040397
v -0.004992 0.073626 1.040397
v -0.006545 0.071303 1.033859
v -0.006545 0.071303 1.033859
v -0.005288 0.070485 1.006371
v -0.005288 0.070485 1.006371
v -0.006223 0.067253 1.001177
v -0.006223 0.067253 1.001177
v -0.006941 0.071677 1.029002
v -0.006941 0.071677 1.029002
v -0.006941 0.071677 1.029002
v 0.015868 0.089052 1.086779
v -0.004925 0.073664 1.028913
v -0.004925 0.073664 1.028913
v -0.005399 0.074204 1.048887
v -0.005399 0.074204 1.048887
v -0.006103 0.070828 1.016931
v -0.006103 0.070828 1.016931
v 0.021626 0.090091 1.061836
v 0.021626 0.090091 1.061836
v 0.025530 0.093958 1.069174
v 0.025530 0.093958 1.069174
v 0.000833 0.082185 1.034922
v 0.000833 0.082185 1.034922
v -0.002695 0.077563 1.031840
v -0.002695 0.077563 1.031840
v -0.000985 0.081567 1.034291
v -0.000985 0.081567 1.034291
v 0.018161 0.089550 1.059722
v 0.018161 0.089550 1.059722
v -0.004163 0.076201 1.030311
v -0.004163 0.076201 1.030311
v 0.006953 0.086388 1.046573
v 0.006953 0.086388 1.046573
v 0.006701 0.086837 1.042735
v 0.006701 0.086837 1.042735
v 0.003495 0.084051 1.037942
v 0.003495 0.084051 1.037942
v 0.008888 0.087738 1.047360
v 0.008888 0.087738 1.047360
v -0.006393 0.069462 1.010947
v -0.006393 0.069462 1.010947
v 0.013156 0.089040 1.054954
v 0.013156 0.089040 1.054954
v 0.043617 0.049612 0.996355
v 0.043617 0.049612 0.996355
v 0.045890 0.042784 0.996817
v 0.045890 0.042784 0.996817
v 0.046353 0.040505 0.997569
v 0.046353 0.040505 0.997569
v 0.046634 0.037746 0.999157
v 0.046634 0.037746 0.999157
v 0.047107 0.032923 0.999336
v 0.047107 0.032923 0.999336
v 0.063116 0.069521 1.046595
v -0.001164 0.080207 1.031730
v -0.001164 0.080207 1.031730
v -0.001164 0.080207 1.031730
v 0.046109 0.018138 0.995028
v 0.046109 0.018138 0.995028
v 0.046906 0.019583 0.993799
v 0.046906 0.019583 0.993799
v 0.048439 0.024731 0.995927
v 0.048439 0.024731 0.995927
v 0.047774 0.028066 0.997922
v 0.047774 0.028066 0.997922
v -0.142466 -0.001601 1.149494
v -0.142466 -0.001601 1.149494
v -0.173280 -0.012732 1.149905
v -0.176626 -0.013837 1.186491
v -0.174339 -0.016779 1.232731
v -0.172767 -0.019342 1.287262
v -0.164415 -0.009221 1.155301
v -0.164415 -0.009221 1.155301
v -0.039983 0.052902 1.135263
v -0.039983 0.052902 1.135263
v -0.131700 0.003097 1.147401
v -0.131700 0.003097 1.147401
v -0.066921 0.039706 1.130530
v -0.066921 0.039706 1.130530
v -0.173806 -0.018047 1.251732
v -0.137126 0.000501 1.149763
v -0.137126 0.000501 1.149763
v -0.174462 -0.015936 1.241255
v -0.113779 0.011022 1.141998
v -0.113779 0.011022 1.141998
v -0.173284 -0.019658 1.279166
v -0.174911 -0.018426 1.245567
v -0.170596 -0.018065 1.292039
v -0.174419 -0.015133 1.217824
v -0.173504 -0.019266 1.274245
v -0.176676 -0.012485 1.171452
v -0.170320 -0.010080 1.113776
v -0.176263 -0.013729 1.191605
v -0.174096 -0.012720 1.143823
v -0.160158 -0.007511 1.152082
v -0.160158 -0.007511 1.152082
v -0.174816 -0.013715 1.200068
v -0.176161 -0.014245 1.206708
v -0.154591 -0.005658 1.152773
v -0.154591 -0.005658 1.152773
v -0.173655 -0.014355 1.212702
v -0.177723 -0.013811 1.177344
v -0.173527 -0.012968 1.099434
v -0.171144 -0.010742 1.118157
v -0.171018 -0.011969 1.126235
v 0.077652 0.060296 1.108570
v 0.077652 0.060296 1.108570
v -0.146268 -0.002288 1.151587
v -0.146268 -0.002288 1.151587
v 0.076540 0.061494 1.109125
v 0.076540 0.061494 1.109125
v 0.075808 0.065350 1.107675
v 0.075808 0.065350 1.107675
v -0.019781 0.060464 1.129466
v -0.019781 0.060464 1.129466
v 0.014740 0.075616 0.993766
v 0.014740 0.075616 0.993766
v 0.039578 0.058672 0.995069
v 0.039578 0.058672 0.995069
v 0.041642 0.053705 0.993563
v 0.041642 0.053705 0.993563
v 0.041965 0.051632 0.993729
v 0.041965 0.051632 0.993729
v 0.036087 0.063599 0.994588
v 0.036087 0.063599 0.994588
v 0.033873 0.064558 0.994546
v 0.033873 0.064558 0.994546
v 0.039561 0.055395 0.994032
v 0.039561 0.055395 0.994032
v 0.044533 0.046698 0.994721
v 0.044533 0.046698 0.994721
v 0.025776 0.072097 0.991648
v 0.025776 0.072097 0.991648
v 0.027930 0.070543 0.992442
v 0.027930 0.070543 0.992442
v 0.028820 0.069028 0.993204
v 0.028820 0.069028 0.993204
v -0.003845 0.069192 0.997263
v -0.003845 0.069192 0.997263
v 0.023293 0.071780 0.992181
v 0.023293 0.071780 0.992181
v 0.009319 0.076598 0.992619
v 0.009319 0.076598 0.992619
v 0.006632 0.075519 0.992744
v 0.006632 0.075519 0.992744
v -0.007986 0.064218 0.995375
v -0.007986 0.064218 0.995375
v -0.007986 0.064218 0.995375
v -0.008855 0.062949 0.989553
v -0.008855 0.062949 0.989553
v 0.004584 0.073981 0.992597
v 0.004584 0.073981 0.992597
v -0.000171 0.071744 0.993596
v -0.000171 0.071744 0.993596
v -0.016211 0.043293 0.909417
v -0.016211 0.043293 0.909417
v -0.017028 0.045749 0.916992
v -0.017028 0.045749 0.916992
v -0.017806 0.044884 0.922367
v -0.017806 0.044884 0.922367
v -0.169640 -0.010858 1.155387
v -0.169640 -0.010858 1.155387
v -0.046108 0.050074 1.132709
v -0.046108 0.050074 1.132709
v 0.005219 0.072180 1.132310
v 0.005219 0.072180 1.132310
v -0.173996 -0.013175 1.088973
v -0.174956 -0.011719 1.154574
v -0.174956 -0.011719 1.154574
v -0.175125 -0.016566 1.224033
v -0.095296 0.022836 1.133999
v -0.095296 0.022836 1.133999
v -0.127404 0.005916 1.142547
v -0.127404 0.005916 1.142547
v -0.121718 0.008347 1.143286
v -0.121718 0.008347 1.143286
v -0.031047 0.056066 1.133058
v -0.031047 0.056066 1.133058
v -0.024519 0.058228 1.130121
v -0.024519 0.058228 1.130121
v -0.072045 0.036844 1.133096
v -0.072045 0.036844 1.133096
v -0.177362 -0.013421 1.181811
v -0.173606 -0.018536 1.269504
v -0.172761 -0.011720 1.106256
v -0.176293 -0.012943 1.164775
v -0.050726 0.047014 1.131143
v -0.050726 0.047014 1.131143
v -0.086764 0.030521 1.131068
v -0.086764 0.030521 1.131068
v 0.095646 0.010064 1.253215
v 0.095646 0.010064 1.253215
v 0.095992 0.011669 1.259620
v 0.095992 0.011669 1.259620
v 0.095651 0.012462 1.267226
v 0.095651 0.012462 1.267226
v 0.095783 0.012684 1.244664
v 0.095783 0.012684 1.244664
v 0.095783 0.012684 1.244664
v 0.092597 0.014860 1.237823
v 0.092597 0.014860 1.237823
v 0.096687 0.012643 1.235370
v 0.096687 0.012643 1.235370
v 0.094899 0.010355 1.272490
v 0.094899 0.010355 1.272490
v 0.094899 0.010355 1.272490
v 0.087499 0.008846 1.213867
v 0.087499 0.008846 1.213867
v 0.086873 0.010443 1.218103
v 0.086873 0.010443 1.218103
v 0.096695 0.012164 1.277570
v 0.096695 0.012164 1.277570
v 0.090841 0.027575 1.159135
v 0.097762 0.017471 1.265375
v 0.097762 0.017471 1.265375
v 0.091154 0.009917 1.209535
v 0.091154 0.009917 1.209535
v 0.080650 0.008047 1.193085
v 0.080650 0.008047 1.193085
v 0.086668 0.012068 1.199080
v 0.086668 0.012068 1.199080
v 0.098599 0.009975 1.286044
v 0.098599 0.009975 1.286044
v 0.100782 0.009188 1.290371
v 0.100782 0.009188 1.290371
v 0.204571 -0.061526 1.088405
v 0.204571 -0.061526 1.088405
v 0.198818 -0.061344 1.086226
v 0.198818 -0.061344 1.086226
v 0.070224 0.004448 1.162449
v 0.070224 0.004448 1.162449
v 0.073174 0.004662 1.171250
v 0.073174 0.004662 1.171250
v 0.063198 0.003042 1.139336
v 0.063198 0.003042 1.139336
v 0.051734 0.002260 1.089248
v 0.051734 0.002260 1.089248
v 0.057031 0.000321 1.124440
v 0.057031 0.000321 1.124440
v 0.064161 0.004213 1.134880
v 0.064161 0.004213 1.134880
v 0.064078 0.007039 1.119958
v 0.064078 0.007039 1.119958
v 0.076108 0.004631 1.179602
v 0.076108 0.004631 1.179602
v 0.078407 0.008574 1.187766
v 0.078407 0.008574 1.187766
v 0.075969 0.006738 1.184743
v 0.075969 0.006738 1.184743
v -0.150559 -0.003556 1.152972
v -0.150559 -0.003556 1.152972
v -0.090879 0.027019 1.132331
v -0.090879 0.027019 1.132331
v -0.172393 -0.017827 1.257830
v -0.059679 0.044286 1.131787
v -0.059679 0.044286 1.131787
v -0.173316 -0.017039 1.262881
v -0.000905 0.069683 1.132657
v -0.000905 0.069683 1.132657
v 0.004802 0.074760 1.103330
v 0.004802 0.074760 1.103330
v 0.000222 0.072326 1.095075
v 0.000222 0.072326 1.095075
v 0.014705 0.075344 1.136463
v 0.014705 0.075344 1.136463
v 0.009171 0.073336 1.135850
v 0.009171 0.073336 1.135850
v 0.009498 0.075570 1.126464
v 0.009498 0.075570 1.126464
v 0.017968 0.076743 1.140923
v 0.017968 0.076743 1.140923
v 0.010784 0.074491 1.131918
v 0.010784 0.074491 1.131918
v 0.010784 0.074491 1.131918
v 0.012618 0.078316 1.117041
v 0.012618 0.078316 1.117041
v 0.010405 0.077239 1.117974
v 0.010405 0.077239 1.117974
v 0.007204 0.076065 1.111815
v 0.007204 0.076065 1.111815
v 0.007587 0.075618 1.119394
v 0.007587 0.075618 1.119394
v 0.007587 0.075618 1.119394
v 0.014198 0.079428 1.116764
v 0.014198 0.079428 1.116764
v 0.016017 0.080801 1.115616
v 0.016017 0.080801 1.115616
v -0.173202 -0.011109 1.134674
v 0.064074 0.004468 1.144987
v 0.064074 0.004468 1.144987
v 0.066639 0.080632 1.103085
v 0.066639 0.080632 1.103085
v 0.067397 0.079137 1.103274
v 0.067397 0.079137 1.103274
v 0.069617 0.077456 1.101525
v 0.069617 0.077456 1.101525
v 0.072340 0.073914 1.104371
v 0.072340 0.073914 1.104371
v 0.074041 0.070437 1.104697
v 0.074041 0.070437 1.104697
v 0.074808 0.066741 1.108049
v 0.074808 0.066741 1.108049
v 0.036342 0.076741 1.207719
v 0.036342 0.076741 1.207719
v 0.022507 0.077891 1.157392
v 0.022507 0.077891 1.157392
v 0.023617 0.083471 1.108782
v 0.023617 0.083471 1.108782
v 0.081971 0.050499 1.123954
v 0.081971 0.050499 1.123954
v 0.028239 0.086670 1.108837
v 0.028239 0.086670 1.108837
v 0.078306 0.057013 1.110228
v 0.078306 0.057013 1.110228
v 0.025690 0.084978 1.108981
v 0.025690 0.084978 1.108981
v 0.079289 0.051758 1.111786
v 0.079289 0.051758 1.111786
v 0.082231 0.050044 1.120534
v 0.082231 0.050044 1.120534
v 0.079687 0.048628 1.114888
v 0.079687 0.048628 1.114888
v 0.082267 0.047032 1.132919
v 0.082267 0.047032 1.132919
v 0.081688 0.049065 1.117262
v 0.081688 0.049065 1.117262
v 0.081688 0.049065 1.117262
v 0.081730 0.049560 1.126077
v 0.081730 0.049560 1.126077
v 0.020707 0.082478 1.112482
v 0.020707 0.082478 1.112482
v 0.019106 0.081073 1.114302
v 0.019106 0.081073 1.114302
v 0.083987 0.044428 1.142548
v 0.083987 0.044428 1.142548
v 0.082614 0.044884 1.135827
v 0.082614 0.044884 1.135827
v 0.082962 0.048447 1.118687
v 0.082962 0.048447 1.118687
v 0.084370 0.044261 1.119755
v 0.084370 0.044261 1.119755
v 0.083648 0.038601 1.118785
v 0.083648 0.038601 1.118785
v 0.083996 0.044051 1.143708
v 0.083996 0.044051 1.143708
v 0.082130 0.036076 1.117847
v 0.082130 0.036076 1.117847
v 0.082709 0.034006 1.117779
v 0.082709 0.034006 1.117779
v 0.080895 0.030745 1.119058
v 0.080895 0.030745 1.119058
v 0.080330 0.024943 1.119791
v 0.080330 0.024943 1.119791
v 0.036430 0.079613 1.182076
v 0.036430 0.079613 1.182076
v 0.037069 0.079598 1.187990
v 0.037069 0.079598 1.187990
v 0.081534 0.042261 1.146812
v 0.081534 0.042261 1.146812
v 0.081974 0.039820 1.151644
v 0.081974 0.039820 1.151644
v 0.082625 0.041758 1.149032
v 0.082625 0.041758 1.149032
v 0.081951 0.038033 1.153677
v 0.081951 0.038033 1.153677
v 0.082143 0.036150 1.155490
v 0.082143 0.036150 1.155490
v 0.083814 0.034333 1.157338
v 0.083814 0.034333 1.157338
v 0.084423 0.032844 1.160024
v 0.084423 0.032844 1.160024
v 0.086172 0.032654 1.164144
v 0.086172 0.032654 1.164144
v 0.084305 0.026865 1.173166
v 0.084305 0.026865 1.173166
v 0.084604 0.026075 1.175214
v 0.084604 0.026075 1.175214
v 0.086490 0.026627 1.186344
v 0.086490 0.026627 1.186344
v 0.083083 0.023393 1.178462
v 0.083083 0.023393 1.178462
v 0.086683 0.027214 1.181645
v 0.086683 0.027214 1.181645
v 0.079108 0.022093 1.120713
v 0.079108 0.022093 1.120713
v 0.076171 0.019319 1.120816
v 0.076171 0.019319 1.120816
v 0.062218 0.084034 1.100872
v 0.062218 0.084034 1.100872
v 0.020169 0.075705 1.151364
v 0.020169 0.075705 1.151364
v 0.059829 0.084660 1.101194
v 0.059829 0.084660 1.101194
v 0.072895 0.016141 1.120694
v 0.072895 0.016141 1.120694
v 0.025722 0.078932 1.162049
v 0.025722 0.078932 1.162049
v 0.067503 0.011735 1.120489
v 0.067503 0.011735 1.120489
v 0.063938 0.083612 1.101637
v 0.063938 0.083612 1.101637
v 0.028491 0.078665 1.168557
v 0.028491 0.078665 1.168557
v 0.019676 0.075942 1.145035
v 0.019676 0.075942 1.145035
v 0.053800 0.087060 1.099799
v 0.053800 0.087060 1.099799
v 0.048273 0.088809 1.104173
v 0.048273 0.088809 1.104173
v 0.046637 0.092271 1.090940
v 0.046637 0.092271 1.090940
v 0.051631 0.091133 1.093116
v 0.051631 0.091133 1.093116
v 0.056196 0.087212 1.102005
v 0.056196 0.087212 1.102005
v 0.056196 0.087212 1.102005
v 0.052885 0.088830 1.097639
v 0.052885 0.088830 1.097639
v 0.052185 0.087941 1.103025
v 0.052185 0.087941 1.103025
v 0.049666 0.088328 1.102926
v 0.049666 0.088328 1.102926
v 0.045926 0.090020 1.105927
v 0.045926 0.090020 1.105927
v 0.042101 0.090698 1.105538
v 0.042101 0.090698 1.105538
v 0.039609 0.090175 1.106590
v 0.039609 0.090175 1.106590
v 0.036278 0.090002 1.109491
v 0.036278 0.090002 1.109491
v 0.032806 0.089433 1.110033
v 0.032806 0.089433 1.110033
v 0.031006 0.079240 1.173911
v 0.031006 0.079240 1.173911
v 0.044747 0.074780 1.248593
v 0.044747 0.074780 1.248593
v 0.069863 0.070829 1.275215
v 0.069863 0.070829 1.275215
v 0.076969 0.068776 1.274749
v 0.076969 0.068776 1.274749
v 0.074283 0.070199 1.275012
v 0.074283 0.070199 1.275012
v 0.056422 0.072925 1.274903
v 0.056422 0.072925 1.274903
v 0.067023 0.072367 1.276006
v 0.067023 0.072367 1.276006
v 0.078686 0.068815 1.275936
v 0.078686 0.068815 1.275936
v 0.085269 0.068051 1.272602
v 0.085269 0.068051 1.272602
v 0.087773 0.067307 1.271251
v 0.087773 0.067307 1.271251
v 0.091171 0.062747 1.267866
v 0.091171 0.062747 1.267866
v 0.089739 0.064604 1.269361
v 0.089739 0.064604 1.269361
v 0.097651 0.052436 1.268770
v 0.097651 0.052436 1.268770
v 0.098654 0.049261 1.266841
v 0.098654 0.049261 1.266841
v 0.091763 0.060027 1.268100
v 0.091763 0.060027 1.268100
v 0.093455 0.058519 1.268539
v 0.093455 0.058519 1.268539
v 0.094448 0.055708 1.269637
v 0.094448 0.055708 1.269637
v 0.050181 0.071016 1.278194
v 0.050181 0.071016 1.278194
v 0.061914 0.071974 1.275320
v 0.061914 0.071974 1.275320
v 0.052065 0.072676 1.272698
v 0.052065 0.072676 1.272698
v 0.057775 0.072172 1.273180
v 0.057775 0.072172 1.273180
v 0.049296 0.069948 1.284288
v 0.049296 0.069948 1.284288
v 0.063756 0.073027 1.275971
v 0.063756 0.073027 1.275971
v 0.086883 0.026034 1.198471
v 0.086883 0.026034 1.198471
v 0.087658 0.026248 1.201773
v 0.087658 0.026248 1.201773
v 0.087828 0.026317 1.191458
v 0.087828 0.026317 1.191458
v 0.087586 0.027347 1.195689
v 0.087586 0.027347 1.195689
v 0.088745 0.026190 1.194973
v 0.088745 0.026190 1.194973
v 0.090190 0.025822 1.203979
v 0.090190 0.025822 1.203979
v 0.098702 0.046653 1.267888
v 0.098702 0.046653 1.267888
v 0.100697 0.044946 1.269883
v 0.100697 0.044946 1.269883
v 0.084125 0.081741 1.193572
v 0.107766 0.034281 1.263103
v 0.107766 0.034281 1.263103
v 0.107766 0.034281 1.263103
v 0.107643 0.035352 1.263128
v 0.107643 0.035352 1.263128
v 0.104247 0.030275 1.264503
v 0.104247 0.030275 1.264503
v 0.104914 0.034536 1.265277
v 0.104914 0.034536 1.265277
v 0.104690 0.031079 1.269202
v 0.104690 0.031079 1.269202
v 0.104690 0.031079 1.269202
v 0.104690 0.031079 1.269202
v 0.106629 0.034785 1.265483
v 0.106629 0.034785 1.265483
v 0.106629 0.034785 1.265483
v 0.103274 0.028621 1.267453
v 0.103274 0.028621 1.267453
v 0.089267 0.024585 1.215206
v 0.089267 0.024585 1.215206
v 0.091060 0.026151 1.209020
v 0.091060 0.026151 1.209020
v 0.089885 0.023420 1.221195
v 0.089885 0.023420 1.221195
v 0.103630 0.043101 1.269613
v 0.103630 0.043101 1.269613
v 0.103416 0.027278 1.266893
v 0.103416 0.027278 1.266893
v 0.103416 0.027278 1.266893
v 0.103416 0.027278 1.266893
v 0.040308 0.074440 1.240253
v 0.040308 0.074440 1.240253
v 0.105391 0.040184 1.267253
v 0.105391 0.040184 1.267253
v 0.102690 0.028569 1.269698
v 0.102690 0.028569 1.269698
v 0.103724 0.032692 1.269635
v 0.103724 0.032692 1.269635
v 0.102679 0.030530 1.273894
v 0.102679 0.030530 1.273894
v 0.106302 0.031062 1.270717
v 0.103266 0.028994 1.275144
v 0.103266 0.028994 1.275144
v 0.104469 0.029157 1.271768
v 0.107609 0.030231 1.268761
v 0.107609 0.030231 1.268761
v 0.047924 0.072516 1.271517
v 0.047924 0.072516 1.271517
v 0.047924 0.072516 1.271517
v 0.097729 0.019559 1.269455
v 0.097729 0.019559 1.269455
v 0.100216 0.023392 1.267213
v 0.100216 0.023392 1.267213
v 0.092082 0.021063 1.227638
v 0.092082 0.021063 1.227638
v 0.089034 0.020637 1.223360
v 0.089034 0.020637 1.223360
v 0.037372 0.077076 1.215989
v 0.037372 0.077076 1.215989
v 0.036984 0.076245 1.223181
v 0.036984 0.076245 1.223181
v 0.047650 0.075502 1.258329
v 0.047650 0.075502 1.258329
v 0.105334 0.026844 1.270119
v 0.105334 0.026844 1.270119
v 0.107019 0.025772 1.272724
v 0.107019 0.025772 1.272724
v 0.107019 0.025772 1.272724
v 0.107172 0.027435 1.272248
v 0.106513 0.028587 1.272900
v 0.048736 0.074350 1.264228
v 0.048736 0.074350 1.264228
v 0.105970 0.028795 1.274475
v 0.105970 0.028795 1.274475
v 0.037505 0.075850 1.231689
v 0.037505 0.075850 1.231689
v 0.042686 0.080846 1.194637
v 0.042686 0.080846 1.194637
v 0.041414 0.079906 1.201909
v 0.041414 0.079906 1.201909
v 0.256839 -0.058883 1.183597
v 0.258368 -0.058883 1.188682
v 0.260608 -0.060240 1.221802
v 0.259359 -0.058885 1.215094
v 0.260044 -0.060469 1.228214
v 0.261368 -0.060407 1.234406
v 0.259918 -0.060999 1.239674
v 0.259918 -0.060999 1.239674
v 0.262694 -0.061433 1.257792
v 0.255037 -0.061960 1.240812
v 0.255037 -0.061960 1.240812
v 0.239171 -0.064865 1.263951
v 0.239171 -0.064865 1.263951
v 0.262157 -0.062031 1.267442
v 0.263280 -0.061826 1.272288
v 0.262790 -0.063664 1.286980
v 0.262019 -0.063413 1.281220
v 0.259061 -0.058813 1.206104
v 0.257375 -0.058308 1.196213
v 0.232078 -0.064043 1.266654
v 0.232078 -0.064043 1.266654
v 0.232078 -0.064043 1.266654
v 0.227955 -0.064972 1.267604
v 0.227955 -0.064972 1.267604
v 0.219902 -0.065203 1.270110
v 0.219902 -0.065203 1.270110
v 0.222275 -0.063659 1.267060
v 0.222275 -0.063659 1.267060
v 0.210268 -0.063989 1.285685
v 0.210268 -0.063989 1.285685
v 0.214312 -0.064623 1.281826
v 0.214312 -0.064623 1.281826
v 0.236773 -0.058846 1.001647
v 0.245120 -0.059372 1.059176
v 0.238512 -0.059281 1.010591
v 0.247258 -0.058913 1.066683
v 0.237872 -0.058434 0.993365
v 0.238532 -0.059860 1.016152
v 0.240342 -0.060206 1.021766
v 0.240797 -0.060339 1.027423
v 0.244479 -0.060431 1.052215
v 0.242945 -0.058963 1.040635
v 0.241369 -0.060013 1.031985
v 0.243386 -0.058510 1.046400
v 0.250895 -0.058275 1.087381
v 0.251973 -0.057494 1.092853
v 0.251838 -0.058247 1.102743
v 0.253269 -0.058550 1.112733
v 0.247527 -0.060155 1.122794
v 0.247527 -0.060155 1.122794
v 0.254384 -0.059310 1.128085
v 0.255323 -0.059274 1.133552
v 0.255323 -0.059274 1.133552
v 0.254275 -0.059813 1.121434
v 0.241169 -0.061507 1.113608
v 0.241169 -0.061507 1.113608
v 0.241906 -0.061775 1.118370
v 0.241906 -0.061775 1.118370
v 0.255068 -0.058038 1.152624
v 0.256193 -0.057786 1.159301
v 0.255132 -0.058407 1.146438
v 0.252861 -0.058716 1.139868
v 0.254995 -0.059074 1.167808
v 0.257779 -0.059646 1.174372
v 0.256921 -0.059878 1.179168
v 0.220664 -0.063079 1.094856
v 0.220664 -0.063079 1.094856
v 0.225370 -0.062022 1.099673
v 0.225370 -0.062022 1.099673
v 0.207723 -0.060798 1.091682
v 0.207723 -0.060798 1.091682
v 0.214679 -0.061943 1.092438
v 0.214679 -0.061943 1.092438
v 0.250918 -0.057543 1.074284
v 0.250882 -0.058477 1.081171
v 0.229499 -0.060197 0.923876
v 0.232469 -0.060474 0.946735
v 0.230226 -0.060485 0.932057
v 0.230226 -0.060485 0.932057
v 0.232960 -0.060113 0.938429
v 0.233779 -0.059828 0.954589
v 0.234516 -0.059265 0.959518
v 0.236449 -0.058370 0.974264
v 0.236347 -0.059579 0.983611
v 0.236333 -0.059269 0.978453
v 0.235642 -0.059444 0.966806
v 0.221033 -0.060328 0.928286
v 0.221033 -0.060328 0.928286
v 0.224598 -0.060874 0.912442
v 0.224012 -0.062131 0.899523
v 0.225472 -0.061329 0.905611
v 0.221303 -0.062695 0.893443
v 0.219120 -0.063215 0.888529
v 0.219493 -0.062107 0.881320
v 0.213849 -0.061354 0.926165
v 0.213849 -0.061354 0.926165
vt 0.676340 0.685988
vt 0.934453 0.233193
vt 0.626626 0.725845
vt 0.907147 0.289606
vt 0.193222 0.624413
vt 0.309887 0.823288
vt 0.660288 0.859837
vt 0.333682 0.839489
vt 0.633604 0.842534
vt 0.331243 0.835461
vt 0.636029 0.846640
vt 0.337331 0.841315
vt 0.629868 0.840719
vt 0.286760 0.695634
vt 0.347609 0.842142
vt 0.194786 0.508050
vt 0.194406 0.517721
vt 0.196474 0.526591
vt 0.195958 0.502016
vt 0.195856 0.522506
vt 0.196113 0.536852
vt 0.194741 0.530846
vt 0.195244 0.497983
vt 0.195726 0.491560
vt 0.193939 0.512155
vt 0.194941 0.483799
vt 0.196114 0.540323
vt 0.195788 0.544488
vt 0.194606 0.548967
vt 0.194463 0.476739
vt 0.069634 0.677071
vt 0.895532 0.841424
vt 0.050023 0.666922
vt 0.874260 0.840581
vt 0.075671 0.677493
vt 0.900755 0.839609
vt 0.072457 0.673587
vt 0.896966 0.836881
vt 0.108613 0.753686
vt 0.113329 0.753842
vt 0.094421 0.753445
vt 0.091176 0.752729
vt 0.087818 0.752876
vt 0.083019 0.751562
vt 0.073040 0.750434
vt 0.078846 0.750778
vt 0.068217 0.748587
vt 0.098439 0.752644
vt 0.104393 0.754455
vt 0.193855 0.555929
vt 0.194607 0.606183
vt 0.192809 0.609762
vt 0.011388 0.124616
vt 0.360404 0.826130
vt 0.011264 0.135846
vt 0.359762 0.815290
vt 0.193143 0.596673
vt 0.194676 0.617487
vt 0.195805 0.612392
vt 0.193628 0.601552
vt 0.195093 0.591861
vt 0.191496 0.629482
vt 0.193734 0.585207
vt 0.193955 0.562022
vt 0.194456 0.579733
vt 0.194333 0.575262
vt 0.193656 0.566962
vt 0.182357 0.721408
vt 0.180885 0.725959
vt 0.180085 0.732033
vt 0.177420 0.736717
vt 0.176059 0.741736
vt 0.174004 0.745589
vt 0.171103 0.749181
vt 0.183868 0.717463
vt 0.184862 0.710635
vt 0.185424 0.705643
vt 0.186740 0.700835
vt 0.183732 0.713787
vt 0.190184 0.692905
vt 0.188971 0.696709
vt 0.190878 0.684860
vt 0.191306 0.688189
vt 0.189811 0.673016
vt 0.189291 0.678383
vt 0.160737 0.756229
vt 0.155518 0.757283
vt 0.166533 0.754906
vt 0.151004 0.759196
vt 0.145691 0.759186
vt 0.189240 0.668033
vt 0.190414 0.658895
vt 0.188819 0.652413
vt 0.188536 0.662468
vt 0.191355 0.634242
vt 0.189901 0.648476
vt 0.191167 0.644262
vt 0.190132 0.637788
vt 0.130000 0.759801
vt 0.125858 0.759325
vt 0.115234 0.756802
vt 0.120638 0.760385
vt 0.135199 0.759977
vt 0.141088 0.759300
vt 0.022434 0.577359
vt 0.839061 0.758607
vt 0.020207 0.570158
vt 0.836634 0.751091
vt 0.032580 0.624518
vt 0.849406 0.803256
vt 0.021348 0.596827
vt 0.839739 0.778439
vt 0.021128 0.600231
vt 0.839782 0.781931
vt 0.814702 0.763686
vt 0.878967 0.905207
vt 0.814634 0.759504
vt 0.820301 0.311688
vt 0.882865 0.906487
vt 0.816911 0.767748
vt 0.874543 0.906390
vt 0.193385 0.321635
vt 0.192980 0.336438
vt 0.192394 0.310593
vt 0.811330 0.783396
vt 0.860354 0.897051
vt 0.034925 0.629676
vt 0.851906 0.807732
vt 0.190840 0.264661
vt 0.032836 0.627764
vt 0.849897 0.806183
vt 0.190065 0.247836
vt 0.190417 0.259271
vt 0.030820 0.617477
vt 0.848737 0.798025
vt 0.039625 0.632779
vt 0.856469 0.809932
vt 0.192337 0.280028
vt 0.025090 0.602898
vt 0.843882 0.784393
vt 0.813479 0.781928
vt 0.861387 0.899489
vt 0.816624 0.771287
vt 0.871246 0.905080
vt 0.020762 0.590593
vt 0.838381 0.772196
vt 0.814491 0.779391
vt 0.863676 0.901080
vt 0.815712 0.775593
vt 0.867170 0.903123
vt 0.020432 0.566425
vt 0.836921 0.747213
vt 0.020221 0.580792
vt 0.836756 0.762252
vt 0.020045 0.585513
vt 0.837160 0.767125
vt 0.028000 0.610282
vt 0.846556 0.791399
vt 0.026950 0.605889
vt 0.845804 0.787223
vt 0.021812 0.532130
vt 0.840396 0.711895
vt 0.023922 0.541517
vt 0.842452 0.721787
vt 0.022099 0.538607
vt 0.840740 0.718654
vt 0.020066 0.512000
vt 0.840361 0.691504
vt 0.021850 0.515335
vt 0.841526 0.695263
vt 0.023204 0.519878
vt 0.841778 0.699528
vt 0.022825 0.547213
vt 0.840846 0.727592
vt 0.022328 0.557174
vt 0.839569 0.737899
vt 0.024639 0.561836
vt 0.841745 0.742947
vt 0.022887 0.552906
vt 0.840476 0.733511
vt 0.823402 0.229906
vt 0.823467 0.678929
vt 0.823068 0.213494
vt 0.825415 0.660325
vt 0.822669 0.223624
vt 0.823627 0.672112
vt 0.822215 0.228265
vt 0.822506 0.676989
vt 0.820634 0.691335
vt 0.822441 0.241894
vt 0.823647 0.233525
vt 0.823652 0.682784
vt 0.819687 0.696261
vt 0.822182 0.246606
vt 0.821088 0.685500
vt 0.821811 0.236469
vt 0.818559 0.700578
vt 0.821384 0.250862
vt 0.021817 0.495426
vt 0.846377 0.675249
vt 0.020820 0.507178
vt 0.842178 0.686788
vt 0.020673 0.489973
vt 0.846538 0.669432
vt 0.021330 0.526939
vt 0.839765 0.706538
vt 0.021185 0.500333
vt 0.844520 0.680091
vt 0.792184 0.472829
vt 0.046355 0.749704
vt 0.049964 0.749358
vt 0.041145 0.747960
vt 0.065866 0.751246
vt 0.059804 0.749976
vt 0.056536 0.749374
vt 0.801093 0.472299
vt 0.804484 0.468938
vt 0.809375 0.470129
vt 0.796495 0.473421
vt 0.025193 0.727867
vt 0.832577 0.452935
vt 0.024360 0.733659
vt 0.831915 0.458694
vt 0.025439 0.740053
vt 0.833154 0.465059
vt 0.036111 0.746945
vt 0.813717 0.471005
vt 0.830647 0.470999
vt 0.027489 0.746248
vt 0.835476 0.471143
vt 0.826447 0.470281
vt 0.028365 0.704245
vt 0.834822 0.429676
vt 0.819171 0.471037
vt 0.787862 0.472236
vt 0.784163 0.473153
vt 0.775135 0.473505
vt 0.779563 0.472859
vt 0.024573 0.721682
vt 0.831665 0.446842
vt 0.026124 0.711976
vt 0.832753 0.437237
vt 0.027935 0.717761
vt 0.834741 0.442821
vt 0.702038 0.475552
vt 0.708051 0.475644
vt 0.711937 0.477933
vt 0.718632 0.478645
vt 0.684833 0.481682
vt 0.692539 0.480739
vt 0.687466 0.479431
vt 0.677336 0.480215
vt 0.681467 0.481477
vt 0.698056 0.478186
vt 0.771299 0.473002
vt 0.767834 0.473260
vt 0.748544 0.478130
vt 0.762498 0.476265
vt 0.744219 0.477998
vt 0.758900 0.476782
vt 0.753010 0.475744
vt 0.725092 0.477914
vt 0.734770 0.476338
vt 0.739001 0.477113
vt 0.729907 0.478419
vt 0.065490 0.000350
vt 0.475769 0.686890
vt 0.059113 0.001784
vt 0.469416 0.689252
vt 0.024993 0.669292
vt 0.831856 0.395707
vt 0.025003 0.677583
vt 0.831675 0.403810
vt 0.025679 0.681759
vt 0.832170 0.407866
vt 0.025809 0.685524
vt 0.832133 0.411496
vt 0.023654 0.689224
vt 0.829967 0.415005
vt 0.024088 0.694140
vt 0.830569 0.419821
vt 0.026299 0.699363
vt 0.832801 0.424927
vt 0.032375 0.745089
vt 0.832366 0.375955
vt 0.844334 0.837724
vt 0.809907 0.822776
vt 0.817532 0.358403
vt 0.816224 0.824936
vt 0.824869 0.361315
vt 0.026928 0.654461
vt 0.835460 0.381236
vt 0.848999 0.841272
vt 0.832967 0.371815
vt 0.843663 0.833572
vt 0.818845 0.827985
vt 0.827846 0.363542
vt 0.027201 0.659804
vt 0.834972 0.386541
vt 0.340062 0.843403
vt 0.627050 0.838647
vt 0.032907 0.655380
vt 0.854819 0.840729
vt 0.042008 0.660257
vt 0.864701 0.838976
vt 0.037104 0.659917
vt 0.860749 0.841574
vt 0.061130 0.658914
vt 0.882626 0.827018
vt 0.045988 0.664417
vt 0.869808 0.840830
vt 0.026131 0.673419
vt 0.832775 0.399778
vt 0.063398 0.662953
vt 0.885600 0.830243
vt 0.833068 0.366450
vt 0.840752 0.829359
vt 0.822562 0.829473
vt 0.831453 0.362869
vt 0.835476 0.361702
vt 0.839507 0.824380
vt 0.057073 0.652724
vt 0.877573 0.822409
vt 0.048896 0.643184
vt 0.867316 0.816609
vt 0.027025 0.664849
vt 0.834230 0.391527
vt 0.043959 0.637423
vt 0.861054 0.813019
vt 0.043670 0.632654
vt 0.859843 0.809110
vt 0.601774 0.882225
vt 0.787970 0.736547
vt 0.044869 0.638122
vt 0.862062 0.813296
vt 0.047599 0.638138
vt 0.864615 0.812452
vt 0.051960 0.650723
vt 0.872503 0.821981
vt 0.825229 0.828265
vt 0.832464 0.360274
vt 0.836493 0.826384
vt 0.602046 0.876690
vt 0.785466 0.741360
vt 0.830730 0.824253
vt 0.115256 0.773748
vt 0.789261 0.702545
vt 0.064819 0.675877
vt 0.891018 0.842778
vt 0.053553 0.672962
vt 0.880012 0.843921
vt 0.606696 0.899711
vt 0.787120 0.719106
vt 0.114936 0.786890
vt 0.790115 0.689395
vt 0.065370 0.666448
vt 0.888268 0.833029
vt 0.069344 0.670627
vt 0.893276 0.835182
vt 0.058909 0.674177
vt 0.885124 0.842858
vt 0.115357 0.768150
vt 0.606601 0.909792
vt 0.789173 0.709107
vt 0.811617 0.725778
vt 0.814801 0.277803
vt 0.808984 0.731477
vt 0.812235 0.283482
vt 0.808316 0.736309
vt 0.811817 0.288251
vt 0.814349 0.713227
vt 0.816601 0.264611
vt 0.814410 0.709211
vt 0.817777 0.260615
vt 0.817312 0.703789
vt 0.820596 0.254125
vt 0.814514 0.717401
vt 0.816244 0.268903
vt 0.112600 0.764415
vt 0.603237 0.906214
vt 0.114373 0.778154
vt 0.790493 0.698141
vt 0.114921 0.781769
vt 0.790277 0.694585
vt 0.617764 0.742926
vt 0.906423 0.308415
vt 0.630949 0.721023
vt 0.908860 0.283544
vt 0.578868 0.836236
vt 0.786380 0.785355
vt 0.574448 0.818503
vt 0.784690 0.803118
vt 0.461456 0.827899
vt 0.564659 0.814680
vt 0.572746 0.814036
vt 0.782627 0.807499
vt 0.192761 0.353092
vt 0.192288 0.341004
vt 0.822420 0.218000
vt 0.824428 0.666116
vt 0.820018 0.208136
vt 0.823033 0.653760
vt 0.190223 0.163684
vt 0.189457 0.144210
vt 0.189685 0.156540
vt 0.188094 0.169042
vt 0.119981 0.004121
vt 0.532655 0.682004
vt 0.188857 0.151383
vt 0.807730 0.786816
vt 0.857599 0.892757
vt 0.760688 0.320174
vt 0.882921 0.848579
vt 0.774247 0.333213
vt 0.862163 0.856211
vt 0.758187 0.324881
vt 0.879001 0.844620
vt 0.867402 0.879730
vt 0.760556 0.330238
vt 0.872946 0.845175
vt 0.764127 0.336149
vt 0.865731 0.845954
vt 0.765087 0.325495
vt 0.876382 0.852971
vt 0.771491 0.325074
vt 0.877246 0.859421
vt 0.796923 0.337280
vt 0.847434 0.874576
vt 0.794344 0.334730
vt 0.850798 0.873456
vt 0.789708 0.333114
vt 0.854110 0.869965
vt 0.800902 0.814619
vt 0.814098 0.347050
vt 0.767241 0.326275
vt 0.875726 0.855211
vt 0.778747 0.331703
vt 0.861084 0.860906
vt 0.769888 0.335004
vt 0.863227 0.851506
vt 0.783549 0.330522
vt 0.859529 0.865730
vt 0.787896 0.330741
vt 0.857085 0.869558
vt 0.795961 0.321788
vt 0.878230 0.883373
vt 0.788497 0.323124
vt 0.878772 0.876270
vt 0.802204 0.339271
vt 0.843287 0.878266
vt 0.802649 0.317909
vt 0.881671 0.889269
vt 0.799767 0.809994
vt 0.811615 0.343191
vt 0.805068 0.820126
vt 0.814427 0.354128
vt 0.799330 0.805717
vt 0.808256 0.340804
vt 0.801724 0.798341
vt 0.847672 0.884626
vt 0.803047 0.794868
vt 0.850804 0.886469
vt 0.777216 0.323899
vt 0.878758 0.865247
vt 0.802116 0.803009
vt 0.807903 0.337119
vt 0.843154 0.884412
vt 0.806156 0.790444
vt 0.854435 0.890341
vt 0.783001 0.322686
vt 0.879756 0.871006
vt 0.808436 0.318338
vt 0.880608 0.894376
vt 0.816828 0.313346
vt 0.882921 0.902924
vt 0.812685 0.315562
vt 0.882586 0.898598
vt 0.810343 0.752708
vt 0.815580 0.304664
vt 0.809223 0.748318
vt 0.814062 0.300211
vt 0.807511 0.741608
vt 0.811689 0.293561
vt 0.620835 0.321871
vt 0.622057 0.311008
vt 0.622766 0.315493
vt 0.624600 0.301578
vt 0.623740 0.290466
vt 0.622979 0.306240
vt 0.621291 0.326877
vt 0.621802 0.331610
vt 0.623464 0.294704
vt 0.621093 0.337310
vt 0.620793 0.348818
vt 0.620307 0.342334
vt 0.629254 0.247662
vt 0.632435 0.212642
vt 0.631485 0.216935
vt 0.631666 0.223583
vt 0.629022 0.229991
vt 0.630290 0.233516
vt 0.627362 0.251593
vt 0.629428 0.241145
vt 0.625397 0.257714
vt 0.628700 0.261514
vt 0.625126 0.264743
vt 0.625412 0.269241
vt 0.464655 0.554341
vt 0.931982 0.428136
vt 0.625319 0.278088
vt 0.624537 0.284137
vt 0.625166 0.272515
vt 0.672302 0.480522
vt 0.667765 0.482193
vt 0.615744 0.433554
vt 0.616102 0.454831
vt 0.616134 0.462134
vt 0.614917 0.466012
vt 0.613916 0.469877
vt 0.626495 0.481572
vt 0.616354 0.473444
vt 0.621698 0.476451
vt 0.622589 0.480252
vt 0.617086 0.437989
vt 0.460515 0.492431
vt 0.912591 0.369654
vt 0.639999 0.483810
vt 0.644415 0.482577
vt 0.663496 0.481730
vt 0.658830 0.482660
vt 0.616338 0.441901
vt 0.649345 0.483560
vt 0.654426 0.481946
vt 0.632265 0.481653
vt 0.635532 0.484921
vt 0.615840 0.447762
vt 0.618190 0.377106
vt 0.617521 0.398835
vt 0.617150 0.403227
vt 0.617038 0.410072
vt 0.616093 0.416186
vt 0.615518 0.426163
vt 0.616157 0.420983
vt 0.619081 0.369401
vt 0.622362 0.360529
vt 0.622116 0.364417
vt 0.619084 0.386100
vt 0.619730 0.380687
vt 0.619918 0.355394
vt 0.617601 0.390811
vt 0.617497 0.394447
vt 0.405876 0.532345
vt 0.400308 0.534593
vt 0.395148 0.537015
vt 0.380904 0.542190
vt 0.386846 0.540408
vt 0.419103 0.525908
vt 0.416513 0.529185
vt 0.438069 0.472029
vt 0.435850 0.466865
vt 0.437955 0.458708
vt 0.438260 0.453307
vt 0.436810 0.481988
vt 0.436685 0.477742
vt 0.437655 0.505334
vt 0.434912 0.510106
vt 0.438726 0.497690
vt 0.437610 0.486319
vt 0.437737 0.491226
vt 0.431340 0.514973
vt 0.420527 0.520877
vt 0.426516 0.516317
vt 0.410660 0.528555
vt 0.442311 0.418576
vt 0.444374 0.412976
vt 0.437779 0.448749
vt 0.436593 0.436785
vt 0.445099 0.396012
vt 0.442474 0.422652
vt 0.447249 0.387799
vt 0.449328 0.384125
vt 0.447594 0.379683
vt 0.436474 0.442669
vt 0.444930 0.406585
vt 0.445769 0.402233
vt 0.436469 0.432936
vt 0.441285 0.428358
vt 0.436899 0.462782
vt 0.445453 0.391808
vt 0.446978 0.368330
vt 0.445944 0.362585
vt 0.446253 0.358316
vt 0.443404 0.347049
vt 0.445372 0.351856
vt 0.442034 0.356636
vt 0.445748 0.373342
vt 0.461976 0.656523
vt 0.842455 0.891464
vt 0.446622 0.319815
vt 0.462216 0.652204
vt 0.841180 0.886849
vt 0.445105 0.330946
vt 0.446275 0.325329
vt 0.445938 0.335604
vt 0.444293 0.341208
vt 0.002735 0.872319
vt 0.458698 0.602062
vt 0.461586 0.640285
vt 0.836043 0.875098
vt 0.359598 0.546500
vt 0.364297 0.542543
vt 0.356343 0.547793
vt 0.349076 0.550182
vt 0.352561 0.548369
vt 0.369141 0.542823
vt 0.321555 0.556645
vt 0.314610 0.558795
vt 0.318293 0.558850
vt 0.299846 0.559898
vt 0.306304 0.559972
vt 0.310235 0.558311
vt 0.374422 0.541268
vt 0.326591 0.556602
vt 0.345282 0.550667
vt 0.341559 0.550537
vt 0.337211 0.550348
vt 0.287367 0.559902
vt 0.294598 0.560327
vt 0.561674 0.001645
vt 0.211547 0.560639
vt 0.197451 0.560343
vt 0.556196 0.000350
vt 0.198371 0.556388
vt 0.554665 0.003778
vt 0.585531 0.006324
vt 0.571270 0.002366
vt 0.575509 0.003455
vt 0.586901 0.009516
vt 0.567688 0.002740
vt 0.580771 0.006133
vt 0.201635 0.558885
vt 0.205727 0.559236
vt 0.203820 0.531630
vt 0.544946 0.025151
vt 0.200864 0.511126
vt 0.543539 0.044314
vt 0.110035 0.858321
vt 0.788574 0.623912
vt 0.836770 0.465406
vt 0.593862 0.017227
vt 0.200137 0.521393
vt 0.546359 0.035143
vt 0.202504 0.527146
vt 0.545401 0.029468
vt 0.201885 0.543474
vt 0.549135 0.014879
vt 0.200576 0.549228
vt 0.551433 0.009906
vt 0.203456 0.535890
vt 0.546256 0.021396
vt 0.589875 0.014988
vt 0.201710 0.507616
vt 0.542043 0.047340
vt 0.594480 0.021458
vt 0.197665 0.515269
vt 0.547315 0.041210
vt 0.592735 0.062887
vt 0.597357 0.043234
vt 0.598550 0.038937
vt 0.594094 0.057674
vt 0.598810 0.030439
vt 0.598324 0.026011
vt 0.598121 0.035187
vt 0.595703 0.050445
vt 0.596751 0.046579
vt 0.542041 0.378486
vt 0.111180 0.849212
vt 0.791281 0.631496
vt 0.332922 0.554073
vt 0.113198 0.836760
vt 0.794671 0.642498
vt 0.707543 0.642376
vt 0.946842 0.181234
vt 0.202359 0.501486
vt 0.540330 0.052863
vt 0.204947 0.496181
vt 0.536781 0.057036
vt 0.137714 0.761084
vt 0.208795 0.493830
vt 0.532694 0.057848
vt 0.141574 0.762795
vt 0.534152 0.061020
vt 0.134657 0.765090
vt 0.212666 0.491498
vt 0.131976 0.770511
vt 0.216922 0.488005
vt 0.277158 0.562020
vt 0.228604 0.559174
vt 0.253743 0.564226
vt 0.258451 0.564827
vt 0.262349 0.564199
vt 0.282343 0.560857
vt 0.269746 0.563374
vt 0.273467 0.561018
vt 0.266155 0.563688
vt 0.219348 0.557029
vt 0.214459 0.558118
vt 0.241316 0.564841
vt 0.244954 0.563356
vt 0.249498 0.564259
vt 0.233858 0.561376
vt 0.237502 0.563261
vt 0.223973 0.558098
vt 0.588743 0.124793
vt 0.588469 0.121490
vt 0.586341 0.113284
vt 0.585909 0.109019
vt 0.586383 0.103695
vt 0.587454 0.099232
vt 0.587124 0.091992
vt 0.585784 0.095607
vt 0.590932 0.071114
vt 0.592730 0.068282
vt 0.589671 0.076028
vt 0.587521 0.081239
vt 0.587827 0.085717
vt 0.587400 0.117388
vt 0.600723 0.539303
vt 0.541030 0.158961
vt 0.909043 0.854727
vt 0.241800 0.371385
vt 0.481637 0.167653
vt 0.241575 0.368688
vt 0.482329 0.170112
vt 0.242659 0.395203
vt 0.477653 0.144785
vt 0.243007 0.391568
vt 0.478361 0.148397
vt 0.242927 0.385808
vt 0.479393 0.154031
vt 0.245118 0.397161
vt 0.475430 0.142609
vt 0.241780 0.381473
vt 0.480809 0.158150
vt 0.242389 0.389237
vt 0.479571 0.150624
vt 0.243233 0.365681
vt 0.481010 0.173219
vt 0.242075 0.376429
vt 0.480985 0.162988
vt 0.184821 0.222732
vt 0.242607 0.373493
vt 0.480647 0.165783
vt 0.538090 0.156327
vt 0.909607 0.858711
vt 0.532671 0.155061
vt 0.912919 0.863288
vt 0.530777 0.150005
vt 0.911292 0.868533
vt 0.537124 0.146605
vt 0.901998 0.866706
vt 0.532562 0.142814
vt 0.901986 0.873445
vt 0.531258 0.139917
vt 0.899915 0.876273
vt 0.242642 0.349253
vt 0.482453 0.190081
vt 0.243395 0.361685
vt 0.480604 0.177385
vt 0.719623 0.582232
vt 0.934131 0.118147
vt 0.785224 0.548213
vt 0.862661 0.388140
vt 0.515684 0.135256
vt 0.910212 0.890575
vt 0.526874 0.146405
vt 0.911248 0.874267
vt 0.517167 0.140424
vt 0.913001 0.885857
vt 0.242528 0.345766
vt 0.482961 0.193561
vt 0.521818 0.144571
vt 0.913001 0.879519
vt 0.241443 0.341987
vt 0.483842 0.197438
vt 0.244948 0.353591
vt 0.480176 0.185518
vt 0.728839 0.563841
vt 0.935469 0.096215
vt 0.547915 0.162250
vt 0.906205 0.847006
vt 0.905357 0.884456
vt 0.544954 0.155869
vt 0.903301 0.854227
vt 0.544273 0.153539
vt 0.901930 0.856350
vt 0.540363 0.146902
vt 0.899793 0.864054
vt 0.541977 0.150111
vt 0.901074 0.860563
vt 0.157843 0.778520
vt 0.531961 0.079636
vt 0.159613 0.779236
vt 0.532262 0.081191
vt 0.156631 0.776186
vt 0.533075 0.077693
vt 0.527739 0.135623
vt 0.898335 0.882062
vt 0.511709 0.130325
vt 0.908561 0.897029
vt 0.913868 0.547456
vt 0.914267 0.047329
vt 0.154208 0.773636
vt 0.533642 0.074857
vt 0.146212 0.765325
vt 0.535290 0.065231
vt 0.289989 0.088836
vt 0.913731 0.508341
vt 0.923497 0.500289
vt 0.943793 0.005433
vt 0.119406 0.816123
vt 0.241886 0.454712
vt 0.275346 0.096296
vt 0.607123 0.705324
vt 0.914381 0.490844
vt 0.412338 0.007736
vt 0.867860 0.144178
vt 0.134356 0.863016
vt 0.242022 0.438083
vt 0.121767 0.829557
vt 0.128811 0.858317
vt 0.137309 0.865645
vt 0.244116 0.434906
vt 0.117480 0.826521
vt 0.126344 0.862122
vt 0.242443 0.445737
vt 0.298154 0.086512
vt 0.910695 0.515802
vt 0.141112 0.868426
vt 0.246218 0.431139
vt 0.151919 0.871919
vt 0.247110 0.420530
vt 0.123168 0.791043
vt 0.232004 0.473510
vt 0.605986 0.699468
vt 0.921482 0.491800
vt 0.145849 0.869354
vt 0.246789 0.426673
vt 0.117068 0.800617
vt 0.240382 0.467051
vt 0.451089 0.011128
vt 0.116057 0.807438
vt 0.243748 0.461958
vt 0.118532 0.821258
vt 0.241860 0.450193
vt 0.119039 0.794990
vt 0.236861 0.471572
vt 0.913634 0.052460
vt 0.914167 0.552631
vt 0.168070 0.880355
vt 0.247831 0.402953
vt 0.471814 0.137675
vt 0.163331 0.878310
vt 0.248320 0.407976
vt 0.158305 0.874176
vt 0.246977 0.414048
vt 0.183990 0.846585
vt 0.497729 0.127750
vt 0.508770 0.126779
vt 0.907900 0.901896
vt 0.714820 0.616691
vt 0.944322 0.153856
vt 0.505134 0.125790
vt 0.909959 0.905483
vt 0.174296 0.796717
vt 0.527400 0.100931
vt 0.171838 0.792794
vt 0.529002 0.097110
vt 0.181118 0.842351
vt 0.500053 0.124736
vt 0.421663 0.007711
vt 0.859870 0.148623
vt 0.182289 0.837928
vt 0.503520 0.123069
vt 0.909338 0.908678
vt 0.129998 0.774390
vt 0.219089 0.484965
vt 0.129219 0.777480
vt 0.220521 0.482340
vt 0.140951 0.842673
vt 0.142253 0.832262
vt 0.521520 0.134771
vt 0.901968 0.887699
vt 0.517906 0.129504
vt 0.900093 0.894238
vt 0.147769 0.839960
vt 0.148934 0.835995
vt 0.144264 0.840703
vt 0.145873 0.833446
vt 0.716289 0.601957
vt 0.939350 0.138912
vt 0.514331 0.125335
vt 0.898936 0.899914
vt 0.715859 0.610963
vt 0.942821 0.147850
vt 0.162129 0.783742
vt 0.530469 0.085213
vt 0.138567 0.843936
vt 0.139666 0.832533
vt 0.136353 0.831341
vt 0.137155 0.847190
vt 0.179142 0.806583
vt 0.522117 0.109344
vt 0.182297 0.827415
vt 0.509075 0.122710
vt 0.899746 0.906659
vt 0.183851 0.813757
vt 0.519354 0.116100
vt 0.183990 0.820018
vt 0.515239 0.119873
vt 0.180788 0.810553
vt 0.520157 0.112427
vt 0.177215 0.802865
vt 0.524460 0.105979
vt 0.169498 0.871642
vt 0.479397 0.133294
vt 0.180298 0.834014
vt 0.905816 0.909939
vt 0.181733 0.829646
vt 0.901755 0.907678
vt 0.648845 0.851175
vt 0.190892 0.274926
vt 0.193420 0.367555
vt 0.168282 0.866534
vt 0.178568 0.866411
vt 0.133153 0.861958
vt 0.241228 0.439547
vt 0.168884 0.868250
vt 0.180670 0.867378
vt 0.481621 0.130763
vt 0.312868 0.085991
vt 0.904307 0.528147
vt 0.168931 0.875470
vt 0.476012 0.135344
vt 0.316631 0.086230
vt 0.901972 0.531158
vt 0.130848 0.861118
vt 0.240535 0.441739
vt 0.168155 0.851414
vt 0.169105 0.851563
vt 0.154492 0.838687
vt 0.165928 0.848431
vt 0.166022 0.848669
vt 0.162275 0.846447
vt 0.162844 0.845543
vt 0.153071 0.841507
vt 0.153768 0.841754
vt 0.159716 0.844260
vt 0.129464 0.782253
vt 0.222599 0.478542
vt 0.166616 0.787197
vt 0.530219 0.090521
vt 0.180909 0.864192
vt 0.484128 0.130525
vt 0.169645 0.865122
vt 0.178907 0.864088
vt 0.123679 0.829235
vt 0.128845 0.856706
vt 0.168823 0.858147
vt 0.172480 0.858210
vt 0.169058 0.854783
vt 0.170468 0.855114
vt 0.132159 0.829997
vt 0.133497 0.849848
vt 0.170530 0.860317
vt 0.175483 0.859517
vt 0.182600 0.852551
vt 0.493384 0.129161
vt 0.181185 0.856870
vt 0.489877 0.129605
vt 0.125665 0.786146
vt 0.227461 0.477048
vt 0.128300 0.830955
vt 0.131517 0.853028
vt 0.150298 0.828410
vt 0.006924 0.314275
vt 0.822314 0.036470
vt 0.400248 0.594551
vt 0.759109 0.065334
vt 0.596615 0.188334
vt 0.592051 0.179065
vt 0.591518 0.152994
vt 0.590824 0.148108
vt 0.592614 0.159243
vt 0.592517 0.164628
vt 0.590880 0.144146
vt 0.589826 0.140196
vt 0.589524 0.130882
vt 0.589779 0.135302
vt 0.548385 0.158655
vt 0.902910 0.849609
vt 0.305499 0.590078
vt 0.388797 0.848451
vt 0.249535 0.638880
vt 0.435760 0.620659
vt 0.300877 0.591272
vt 0.393281 0.846742
vt 0.551249 0.163193
vt 0.903267 0.844620
vt 0.416148 0.866920
vt 0.709312 0.105147
vt 0.593088 0.168119
vt 0.594280 0.175795
vt 0.592448 0.185175
vt 0.269868 0.617386
vt 0.444777 0.591824
vt 0.417082 0.857316
vt 0.710818 0.095661
vt 0.597771 0.209593
vt 0.597574 0.201192
vt 0.447934 0.186321
vt 0.447763 0.165086
vt 0.448958 0.170285
vt 0.445832 0.158066
vt 0.446234 0.134041
vt 0.446749 0.152870
vt 0.448262 0.180639
vt 0.448381 0.175401
vt 0.447611 0.144785
vt 0.446782 0.147958
vt 0.343755 0.307349
vt 0.446260 0.138166
vt 0.446218 0.129934
vt 0.446407 0.231804
vt 0.448532 0.241643
vt 0.448799 0.236589
vt 0.451289 0.229129
vt 0.450184 0.224126
vt 0.449148 0.218481
vt 0.448115 0.210491
vt 0.450095 0.213853
vt 0.448099 0.206942
vt 0.449046 0.191789
vt 0.341818 0.565557
vt 0.355567 0.876414
vt 0.331329 0.571065
vt 0.365436 0.870122
vt 0.448809 0.195593
vt 0.449485 0.201208
vt 0.187834 0.204605
vt 0.140991 0.010260
vt 0.555412 0.684895
vt 0.029154 0.375882
vt 0.892127 0.555376
vt 0.029871 0.433980
vt 0.870888 0.615589
vt 0.871717 0.616293
vt 0.022230 0.470645
vt 0.852878 0.650146
vt 0.025467 0.449950
vt 0.861778 0.630037
vt 0.029744 0.424520
vt 0.873666 0.606302
vt 0.030361 0.418939
vt 0.876412 0.601150
vt 0.029446 0.415296
vt 0.876683 0.597255
vt 0.028545 0.410008
vt 0.877890 0.591758
vt 0.029823 0.400629
vt 0.882409 0.581852
vt 0.189644 0.243439
vt 0.192610 0.363439
vt 0.136698 0.008254
vt 0.550727 0.683624
vt 0.191564 0.453685
vt 0.192148 0.445034
vt 0.193978 0.449439
vt 0.192991 0.436970
vt 0.191603 0.432977
vt 0.450477 0.848306
vt 0.769700 0.137953
vt 0.450865 0.853553
vt 0.774584 0.139391
vt 0.439084 0.851308
vt 0.768877 0.148986
vt 0.440405 0.854840
vt 0.772307 0.148813
vt 0.440476 0.844841
vt 0.763487 0.145822
vt 0.440334 0.856616
vt 0.773783 0.149500
vt 0.439539 0.858604
vt 0.775092 0.150745
vt 0.433998 0.859964
vt 0.774349 0.155792
vt 0.446285 0.844144
vt 0.764373 0.140171
vt 0.450245 0.872539
vt 0.790171 0.146642
vt 0.423748 0.887440
vt 0.796199 0.168091
vt 0.451015 0.856043
vt 0.776849 0.140074
vt 0.433320 0.866300
vt 0.779693 0.157587
vt 0.448464 0.865854
vt 0.784131 0.145669
vt 0.440067 0.894649
vt 0.451571 0.858316
vt 0.779021 0.140337
vt 0.424098 0.879863
vt 0.790236 0.166204
vt 0.426548 0.873199
vt 0.784995 0.163605
vt 0.823774 0.130687
vt 0.853830 0.578126
vt 0.027980 0.393680
vt 0.883899 0.574104
vt 0.030159 0.396942
vt 0.884416 0.578336
vt 0.028805 0.406733
vt 0.879075 0.587704
vt 0.879879 0.588706
vt 0.822480 0.126821
vt 0.852699 0.573538
vt 0.873585 0.586391
vt 0.874780 0.586230
vt 0.869285 0.586430
vt 0.870426 0.584400
vt 0.868545 0.584572
vt 0.824485 0.122117
vt 0.856853 0.569431
vt 0.822160 0.143443
vt 0.846027 0.590823
vt 0.031157 0.429682
vt 0.873459 0.611794
vt 0.823785 0.147750
vt 0.845623 0.595813
vt 0.823004 0.135067
vt 0.850608 0.582539
vt 0.451571 0.913164
vt 0.825898 0.152680
vt 0.845322 0.601634
vt 0.823400 0.139024
vt 0.849393 0.586840
vt 0.861207 0.610166
vt 0.865998 0.613359
vt 0.866996 0.613400
vt 0.865218 0.614332
vt 0.866618 0.612285
vt 0.021909 0.457191
vt 0.855889 0.636360
vt 0.020224 0.466296
vt 0.851600 0.645183
vt 0.449138 0.908890
vt 0.821761 0.153964
vt 0.026415 0.439926
vt 0.865695 0.620342
vt 0.024815 0.445448
vt 0.862463 0.625360
vt 0.447488 0.905754
vt 0.818573 0.154509
vt 0.734717 0.289047
vt 0.021903 0.462463
vt 0.854535 0.641821
vt 0.448274 0.916325
vt 0.845705 0.606137
vt 0.442930 0.918711
vt 0.843581 0.610912
vt 0.445382 0.918148
vt 0.845515 0.609481
vt 0.440367 0.918356
vt 0.841975 0.612862
vt 0.438587 0.917735
vt 0.840259 0.613014
vt 0.823034 0.190258
vt 0.831395 0.635849
vt 0.451454 0.876599
vt 0.793953 0.147446
vt 0.435113 0.916829
vt 0.837326 0.615093
vt 0.821327 0.195923
vt 0.827983 0.641378
vt 0.819988 0.201074
vt 0.824514 0.646065
vt 0.433338 0.916593
vt 0.835530 0.615689
vt 0.450631 0.882287
vt 0.797754 0.151215
vt 0.445004 0.902512
vt 0.815270 0.155889
vt 0.429451 0.915601
vt 0.831764 0.616600
vt 0.427456 0.915999
vt 0.821059 0.174696
vt 0.830490 0.618333
vt 0.822270 0.184015
vt 0.832000 0.628828
vt 0.447681 0.886888
vt 0.801406 0.154413
vt 0.444059 0.894274
vt 0.808445 0.156927
vt 0.822415 0.178796
vt 0.831526 0.622885
vt 0.022768 0.473940
vt 0.852789 0.653607
vt 0.021929 0.479011
vt 0.851107 0.658385
vt 0.425969 0.896110
vt 0.803735 0.168467
vt 0.430215 0.900391
vt 0.808420 0.166446
vt 0.428881 0.907133
vt 0.813973 0.169951
vt 0.427250 0.911629
vt 0.817552 0.172207
vt 0.416464 0.896907
vt 0.706835 0.134669
vt 0.418458 0.893520
vt 0.709106 0.131564
vt 0.423049 0.887907
vt 0.714037 0.126495
vt 0.419777 0.886052
vt 0.710988 0.124392
vt 0.411043 0.900212
vt 0.701208 0.137298
vt 0.408659 0.904619
vt 0.698347 0.141318
vt 0.405213 0.907652
vt 0.694603 0.143849
vt 0.401016 0.916349
vt 0.689341 0.151837
vt 0.360419 0.926386
vt 0.648080 0.155520
vt 0.365277 0.927434
vt 0.652632 0.157381
vt 0.400721 0.921077
vt 0.688264 0.156446
vt 0.353244 0.927275
vt 0.640898 0.155293
vt 0.352655 0.909847
vt 0.352220 0.905179
vt 0.353315 0.901269
vt 0.354148 0.897954
vt 0.384620 0.888141
vt 0.396959 0.925846
vt 0.683952 0.160651
vt 0.377929 0.928169
vt 0.664853 0.160173
vt 0.381197 0.924759
vt 0.668541 0.157254
vt 0.384594 0.923551
vt 0.672098 0.156631
vt 0.391150 0.924913
vt 0.678357 0.158928
vt 0.372024 0.927439
vt 0.659235 0.158363
vt 0.401070 0.911490
vt 0.690053 0.147074
vt 0.635583 0.191548
vt 0.013575 0.139489
vt 0.356477 0.812378
vt 0.012546 0.145340
vt 0.356233 0.805921
vt 0.012074 0.158363
vt 0.353163 0.791821
vt 0.013568 0.151987
vt 0.353788 0.798933
vt 0.013676 0.170820
vt 0.350479 0.778149
vt 0.012486 0.185794
vt 0.351250 0.762397
vt 0.013327 0.163625
vt 0.351183 0.786057
vt 0.014492 0.175554
vt 0.349394 0.773114
vt 0.014056 0.181424
vt 0.349715 0.766922
vt 0.011219 0.190012
vt 0.352482 0.758213
vt 0.411224 0.722526
vt 0.792793 0.952088
vt 0.408549 0.727350
vt 0.794888 0.946638
vt 0.407722 0.736263
vt 0.797958 0.937642
vt 0.411905 0.737988
vt 0.794039 0.934884
vt 0.406322 0.732571
vt 0.798631 0.941932
vt 0.012870 0.195003
vt 0.350113 0.753328
vt 0.415007 0.741803
vt 0.790711 0.930897
vt 0.005731 0.214762
vt 0.355155 0.731997
vt 0.005470 0.209194
vt 0.355852 0.737951
vt 0.005182 0.217594
vt 0.355303 0.728890
vt 0.010674 0.200987
vt 0.351673 0.746934
vt 0.007482 0.206608
vt 0.354092 0.740929
vt 0.008908 0.206093
vt 0.352675 0.741539
vt 0.009248 0.226708
vt 0.350139 0.720139
vt 0.006455 0.220583
vt 0.353315 0.726094
vt 0.008220 0.224311
vt 0.351643 0.722435
vt 0.007512 0.230876
vt 0.351933 0.715708
vt 0.006483 0.233920
vt 0.352748 0.712516
vt 0.008220 0.269187
vt 0.350145 0.679252
vt 0.007073 0.235433
vt 0.352266 0.711003
vt 0.007661 0.239840
vt 0.351772 0.706360
vt 0.009135 0.246003
vt 0.350555 0.699724
vt 0.370166 0.652376
vt 0.803730 0.015243
vt 0.366721 0.655715
vt 0.807652 0.012429
vt 0.009069 0.253488
vt 0.350463 0.693456
vt 0.008541 0.260926
vt 0.350381 0.687586
vt 0.364757 0.662151
vt 0.810229 0.006314
vt 0.006697 0.259436
vt 0.348443 0.688499
vt 0.008489 0.264266
vt 0.350061 0.684340
vt 0.000350 0.291070
vt 0.817336 0.013164
vt 0.002754 0.287297
vt 0.819988 0.009668
vt 0.006864 0.274018
vt 0.351184 0.674194
vt 0.358759 0.669280
vt 0.816937 0.000350
vt 0.002375 0.282351
vt 0.355008 0.665139
vt 0.819859 0.004785
vt 0.363175 0.665619
vt 0.812326 0.003247
vt 0.005547 0.279189
vt 0.352100 0.668757
vt 0.407501 0.691467
vt 0.788275 0.985975
vt 0.388205 0.741146
vt 0.406789 0.697077
vt 0.791749 0.980347
vt 0.407195 0.701309
vt 0.793123 0.975230
vt 0.410717 0.705195
vt 0.789874 0.969985
vt 0.408311 0.708695
vt 0.793231 0.966549
vt 0.409777 0.715516
vt 0.791727 0.959072
vt 0.407447 0.712882
vt 0.794213 0.962140
vt 0.405082 0.684227
vt 0.785900 0.995305
vt 0.228933 0.661800
vt 0.426853 0.650445
vt 0.406895 0.687772
vt 0.786783 0.990270
vt 0.222384 0.665078
vt 0.421770 0.655725
vt 0.233671 0.657788
vt 0.429446 0.644720
vt 0.197173 0.680652
vt 0.406518 0.678378
vt 0.781720 0.999650
vt 0.235081 0.653389
vt 0.429408 0.640021
vt 0.217389 0.703494
vt 0.759568 0.978154
vt 0.204413 0.679207
vt 0.411043 0.674861
vt 0.200757 0.684760
vt 0.778320 0.995536
vt 0.214801 0.701070
vt 0.762362 0.980562
vt 0.229138 0.724119
vt 0.747561 0.956999
vt 0.227428 0.716926
vt 0.749174 0.964371
vt 0.231431 0.728448
vt 0.745201 0.952600
vt 0.208479 0.675101
vt 0.413673 0.670018
vt 0.212181 0.671038
vt 0.415074 0.664910
vt 0.204872 0.690307
vt 0.773336 0.990711
vt 0.207962 0.695283
vt 0.769769 0.985931
vt 0.212363 0.697666
vt 0.765263 0.983755
vt 0.223038 0.713070
vt 0.753601 0.968384
vt 0.217552 0.667321
vt 0.417843 0.659356
vt 0.219658 0.706923
vt 0.757128 0.974657
vt 0.344516 0.720728
vt 0.344703 0.714194
vt 0.344787 0.653038
vt 0.345683 0.657016
vt 0.342596 0.662329
vt 0.343194 0.667677
vt 0.345197 0.709992
vt 0.345712 0.680802
vt 0.345111 0.688011
vt 0.346149 0.691464
vt 0.345179 0.674040
vt 0.344579 0.700176
vt 0.346368 0.696254
vt 0.344365 0.705049
vt 0.192347 0.346079
vt 0.191444 0.331166
vt 0.191341 0.253258
vt 0.187332 0.188468
vt 0.187882 0.192285
vt 0.191553 0.374172
vt 0.187898 0.199866
vt 0.188045 0.176673
vt 0.194573 0.296233
vt 0.191561 0.239339
vt 0.190819 0.232714
vt 0.443205 0.099181
vt 0.446246 0.123478
vt 0.445282 0.110178
vt 0.445559 0.119099
vt 0.444652 0.101863
vt 0.444214 0.093268
vt 0.445055 0.071440
vt 0.444775 0.082437
vt 0.445382 0.078250
vt 0.444813 0.087087
vt 0.443621 0.058921
vt 0.444770 0.052222
vt 0.103718 0.375542
vt 0.190286 0.148104
vt 0.005964 0.308981
vt 0.821460 0.031191
vt 0.445284 0.106652
vt 0.186078 0.209120
vt 0.186488 0.213675
vt 0.193763 0.302956
vt 0.188447 0.268528
vt 0.444515 0.114358
vt 0.443717 0.063632
vt 0.191367 0.139064
vt 0.192869 0.298947
vt 0.193315 0.357717
vt 0.446281 0.316741
vt 0.444658 0.310208
vt 0.189659 0.228388
vt 0.443572 0.306552
vt 0.345776 0.804932
vt 0.346674 0.796207
vt 0.346218 0.800568
vt 0.346328 0.792798
vt 0.345989 0.781610
vt 0.345036 0.778099
vt 0.302053 0.813209
vt 0.669414 0.869342
vt 0.346868 0.787977
vt 0.299804 0.809546
vt 0.672061 0.872886
vt 0.345979 0.726366
vt 0.342782 0.739898
vt 0.344768 0.773858
vt 0.344517 0.759242
vt 0.343872 0.754031
vt 0.345034 0.749817
vt 0.344680 0.745160
vt 0.345492 0.734161
vt 0.346409 0.729875
vt 0.343815 0.767553
vt 0.345330 0.763373
vt 0.419565 0.743362
vt 0.788107 0.926410
vt 0.421677 0.749045
vt 0.788790 0.918555
vt 0.424580 0.752628
vt 0.787408 0.913736
vt 0.429857 0.758752
vt 0.785074 0.905380
vt 0.426865 0.756116
vt 0.787321 0.909053
vt 0.422447 0.745488
vt 0.787863 0.922387
vt 0.433337 0.764418
vt 0.784070 0.898603
vt 0.245004 0.745509
vt 0.731799 0.935779
vt 0.241860 0.742094
vt 0.734777 0.939346
vt 0.236440 0.739393
vt 0.740507 0.941516
vt 0.235376 0.734223
vt 0.741198 0.946783
vt 0.233097 0.731696
vt 0.743520 0.949307
vt 0.253826 0.751081
vt 0.722684 0.930261
vt 0.265453 0.772393
vt 0.710108 0.908549
vt 0.258756 0.763480
vt 0.716605 0.918025
vt 0.263513 0.767131
vt 0.712174 0.913831
vt 0.256411 0.757276
vt 0.719405 0.924292
vt 0.249753 0.748161
vt 0.727050 0.933018
vt 0.435723 0.788921
vt 0.781899 0.869632
vt 0.432220 0.778754
vt 0.783859 0.883285
vt 0.433757 0.773039
vt 0.783272 0.889397
vt 0.278557 0.780764
vt 0.696341 0.900589
vt 0.275047 0.777542
vt 0.700146 0.903637
vt 0.433609 0.784434
vt 0.783261 0.876579
vt 0.432087 0.768715
vt 0.783295 0.894139
vt 0.296390 0.804291
vt 0.676040 0.877941
vt 0.282275 0.788361
vt 0.692006 0.893074
vt 0.284180 0.792545
vt 0.689686 0.888915
vt 0.291199 0.801292
vt 0.681631 0.880528
vt 0.280941 0.784810
vt 0.693619 0.896627
vt 0.288060 0.796209
vt 0.685322 0.885442
vt 0.438067 0.791973
vt 0.781281 0.865279
vt 0.271031 0.773640
vt 0.704452 0.907346
vt 0.194149 0.382560
vt 0.193630 0.376731
vt 0.193217 0.387996
vt 0.444189 0.302616
vt 0.193307 0.394692
vt 0.194345 0.399678
vt 0.194006 0.405188
vt 0.193284 0.411064
vt 0.193458 0.416564
vt 0.194240 0.469252
vt 0.194413 0.462006
vt 0.193440 0.428383
vt 0.193767 0.422443
vt 0.192853 0.316105
vt 0.193282 0.326547
vt 0.445173 0.296143
vt 0.194001 0.455907
vt 0.186439 0.183243
vt 0.449161 0.257212
vt 0.449467 0.247495
vt 0.449664 0.253350
vt 0.447399 0.289928
vt 0.448307 0.267673
vt 0.191353 0.285707
vt 0.184691 0.218037
vt 0.194900 0.292514
vt 0.450296 0.275002
vt 0.451670 0.279013
vt 0.449468 0.282301
vt 0.449937 0.262937
vt 0.192996 0.306515
vt 0.638709 0.157786
vt 0.349797 0.920033
vt 0.350711 0.923960
vt 0.638992 0.151624
vt 0.348443 0.913357
vt 0.633771 0.203298
vt 0.633811 0.196813
vt 0.634895 0.210206
vt 0.637705 0.164920
vt 0.636257 0.175004
vt 0.637013 0.169948
vt 0.635057 0.186362
vt 0.635939 0.181296
vt 0.023837 0.484434
vt 0.851351 0.664442
vt 0.263673 0.148777
vt 0.599356 0.756432
vt 0.264638 0.147697
vt 0.600410 0.755309
vt 0.265426 0.165747
vt 0.604536 0.773535
vt 0.265801 0.145926
vt 0.601087 0.753167
vt 0.262079 0.160205
vt 0.599934 0.768388
vt 0.262333 0.156023
vt 0.599284 0.763910
vt 0.267671 0.133769
vt 0.601775 0.740819
vt 0.267444 0.137839
vt 0.601897 0.744775
vt 0.268521 0.127858
vt 0.602450 0.734629
vt 0.481271 0.410576
vt 0.558139 0.738896
vt 0.480234 0.404561
vt 0.559699 0.744883
vt 0.480399 0.399169
vt 0.560289 0.750466
vt 0.267709 0.123206
vt 0.601086 0.730234
vt 0.261487 0.151212
vt 0.597445 0.759269
vt 0.265726 0.141681
vt 0.600511 0.748699
vt 0.492650 0.375961
vt 0.555605 0.777744
vt 0.493175 0.370357
vt 0.556958 0.783374
vt 0.482927 0.390345
vt 0.559903 0.760054
vt 0.484635 0.387540
vt 0.559035 0.763483
vt 0.481335 0.395220
vt 0.560379 0.754795
vt 0.492864 0.379949
vt 0.553792 0.774061
vt 0.489719 0.383892
vt 0.555362 0.769034
vt 0.200725 0.880719
vt 0.498865 0.343452
vt 0.205605 0.893097
vt 0.505346 0.332600
vt 0.494448 0.365749
vt 0.557270 0.788354
vt 0.197635 0.868232
vt 0.565201 0.800143
vt 0.199296 0.865256
vt 0.568624 0.799334
vt 0.493703 0.356238
vt 0.560998 0.797447
vt 0.197173 0.871011
vt 0.493162 0.351964
vt 0.562644 0.801775
vt 0.197970 0.873428
vt 0.494672 0.349889
vt 0.198975 0.876383
vt 0.496614 0.347321
vt 0.263083 0.176281
vt 0.604563 0.785088
vt 0.267360 0.169464
vt 0.607438 0.776939
vt 0.265369 0.173399
vt 0.605876 0.781440
vt 0.260576 0.180859
vt 0.602638 0.789932
vt 0.258437 0.184031
vt 0.602108 0.793515
vt 0.227376 0.852275
vt 0.256659 0.190936
vt 0.602503 0.800874
vt 0.580430 0.749540
vt 0.223918 0.851357
vt 0.598797 0.800373
vt 0.228437 0.856669
vt 0.254307 0.194900
vt 0.221771 0.850379
vt 0.597054 0.798534
vt 0.229315 0.858334
vt 0.254612 0.196592
vt 0.218746 0.851933
vt 0.593844 0.798578
vt 0.226717 0.863064
vt 0.250828 0.199818
vt 0.228476 0.867271
vt 0.248772 0.204920
vt 0.227525 0.871722
vt 0.245269 0.208458
vt 0.493025 0.362107
vt 0.559910 0.791492
vt 0.213339 0.854846
vt 0.588045 0.799838
vt 0.210214 0.857224
vt 0.585043 0.801897
vt 0.211255 0.855371
vt 0.587145 0.802010
vt 0.493749 0.358729
vt 0.560186 0.795002
vt 0.209329 0.858911
vt 0.583030 0.802508
vt 0.207344 0.857400
vt 0.580923 0.801572
vt 0.202219 0.861276
vt 0.573848 0.799586
vt 0.204696 0.859478
vt 0.577189 0.800236
vt 0.228315 0.877439
vt 0.241462 0.212905
vt 0.765516 0.495784
vt 0.945909 0.010798
vt 0.913185 0.544149
vt 0.915015 0.043873
vt 0.284938 0.092084
vt 0.914984 0.502033
vt 0.911386 0.565692
vt 0.777211 0.498839
vt 0.872639 0.334343
vt 0.761263 0.499645
vt 0.944424 0.017205
vt 0.355524 0.059253
vt 0.903605 0.580545
vt 0.355357 0.055325
vt 0.907357 0.582680
vt 0.351121 0.064449
vt 0.901454 0.573549
vt 0.280771 0.093542
vt 0.915631 0.497290
vt 0.907860 0.063882
vt 0.913642 0.566095
vt 0.911400 0.056527
vt 0.913101 0.557202
vt 0.921082 0.511951
vt 0.935309 0.013261
vt 0.327259 0.074343
vt 0.905804 0.546222
vt 0.921669 0.520297
vt 0.932364 0.020877
vt 0.314749 0.085999
vt 0.903174 0.529678
vt 0.912823 0.534359
vt 0.918713 0.033826
vt 0.903471 0.071096
vt 0.913497 0.575077
vt 0.904805 0.067609
vt 0.912879 0.571114
vt 0.347035 0.064778
vt 0.903274 0.569763
vt 0.342760 0.067300
vt 0.903207 0.564292
vt 0.338262 0.068481
vt 0.904819 0.559483
vt 0.923844 0.505702
vt 0.940794 0.010065
vt 0.919145 0.515706
vt 0.932157 0.015340
vt 0.917928 0.527768
vt 0.926064 0.027614
vt 0.912999 0.537382
vt 0.917300 0.036900
vt 0.915930 0.532042
vt 0.922258 0.031497
vt 0.745139 0.521155
vt 0.937882 0.046138
vt 0.300475 0.086104
vt 0.909400 0.517746
vt 0.752697 0.507463
vt 0.939955 0.029075
vt 0.305036 0.087545
vt 0.905709 0.520808
vt 0.306939 0.086407
vt 0.905468 0.522943
vt 0.310597 0.085701
vt 0.905710 0.526405
vt 0.757231 0.501101
vt 0.941343 0.020684
vt 0.755061 0.503851
vt 0.940778 0.024464
vt 0.319258 0.079887
vt 0.905783 0.536846
vt 0.919329 0.524457
vt 0.928458 0.024600
vt 0.748833 0.513878
vt 0.938697 0.037069
vt 0.745762 0.517742
vt 0.937109 0.042359
vt 0.321083 0.077794
vt 0.906287 0.538971
vt 0.333674 0.071102
vt 0.905198 0.553666
vt 0.331347 0.073590
vt 0.904179 0.550362
vt 0.477758 0.434169
vt 0.557083 0.715887
vt 0.561317 0.708886
vt 0.560790 0.714296
vt 0.564085 0.709012
vt 0.475061 0.427788
vt 0.561348 0.721416
vt 0.565183 0.707071
vt 0.477932 0.425320
vt 0.559325 0.724305
vt 0.479018 0.418427
vt 0.559450 0.730988
vt 0.476525 0.438201
vt 0.562438 0.706204
vt 0.920404 0.314591
vt 0.476312 0.444599
vt 0.920842 0.320759
vt 0.471957 0.455701
vt 0.917392 0.331760
vt 0.563808 0.713628
vt 0.566098 0.708977
vt 0.887951 0.399743
vt 0.273693 0.109090
vt 0.606834 0.717355
vt 0.567856 0.712059
vt 0.569569 0.709547
vt 0.567621 0.705485
vt 0.913494 0.316646
vt 0.271883 0.105813
vt 0.607438 0.714068
vt 0.564576 0.705770
vt 0.917449 0.315511
vt 0.565942 0.704887
vt 0.915837 0.316938
vt 0.565833 0.711902
vt 0.568153 0.708549
vt 0.271999 0.113043
vt 0.604874 0.720665
vt 0.271579 0.116669
vt 0.604626 0.724169
vt 0.269430 0.119404
vt 0.602685 0.726412
vt 0.571122 0.706382
vt 0.909796 0.315655
vt 0.569650 0.707849
vt 0.570962 0.711333
vt 0.572551 0.709495
vt 0.569082 0.711370
vt 0.570859 0.709625
vt 0.474728 0.447977
vt 0.919668 0.324115
vt 0.473462 0.451832
vt 0.918761 0.327890
vt 0.574948 0.707390
vt 0.905724 0.314386
vt 0.583145 0.711492
vt 0.583632 0.710242
vt 0.578754 0.713334
vt 0.579649 0.711166
vt 0.579034 0.705949
vt 0.901190 0.315873
vt 0.574928 0.711491
vt 0.576061 0.709755
vt 0.576420 0.707446
vt 0.904184 0.314716
vt 0.577963 0.707984
vt 0.471680 0.461170
vt 0.917867 0.336794
vt 0.469213 0.472316
vt 0.917525 0.347641
vt 0.471960 0.466439
vt 0.919003 0.341628
vt 0.468447 0.481308
vt 0.918784 0.356925
vt 0.468107 0.476292
vt 0.917158 0.351836
vt 0.602202 0.696817
vt 0.873382 0.323649
vt 0.604300 0.695509
vt 0.775218 0.490714
vt 0.871042 0.325484
vt 0.926714 0.491470
vt 0.604709 0.698938
vt 0.922749 0.490485
vt 0.776060 0.494213
vt 0.872083 0.329469
vt 0.770239 0.493527
vt 0.948242 0.005184
vt 0.606873 0.703412
vt 0.916661 0.490874
vt 0.273536 0.100503
vt 0.605857 0.709230
vt 0.274673 0.098440
vt 0.606681 0.707333
vt 0.773089 0.490485
vt 0.925313 0.493511
vt 0.948505 0.000350
vt 0.323803 0.074900
vt 0.904913 0.542733
vt 0.273895 0.102843
vt 0.606650 0.711119
vt 0.599230 0.699598
vt 0.877098 0.320977
vt 0.582802 0.704213
vt 0.582867 0.704151
vt 0.896608 0.317373
vt 0.585073 0.701957
vt 0.893301 0.319349
vt 0.584294 0.703613
vt 0.894744 0.317734
vt 0.779619 0.512853
vt 0.871074 0.348952
vt 0.779904 0.502481
vt 0.874498 0.338588
vt 0.587295 0.708577
vt 0.587382 0.707885
vt 0.588895 0.706724
vt 0.588990 0.707265
vt 0.587925 0.701207
vt 0.889771 0.319832
vt 0.590983 0.700741
vt 0.886191 0.319694
vt 0.584318 0.705762
vt 0.580997 0.704655
vt 0.898807 0.317046
vt 0.778838 0.508810
vt 0.871738 0.344635
vt 0.587478 0.705614
vt 0.591855 0.704505
vt 0.592252 0.704538
vt 0.593100 0.700209
vt 0.593105 0.700227
vt 0.884158 0.320038
vt 0.585189 0.709952
vt 0.585595 0.709234
vt 0.778306 0.517660
vt 0.868203 0.353432
vt 0.317007 0.083224
vt 0.904770 0.532999
vt 0.597484 0.699950
vt 0.879028 0.320378
vt 0.595037 0.701608
vt 0.594650 0.703152
vt 0.595338 0.698907
vt 0.881657 0.320742
vt 0.612656 0.381922
vt 0.610910 0.377064
vt 0.610885 0.348676
vt 0.605815 0.439165
vt 0.603619 0.457637
vt 0.611508 0.363537
vt 0.612197 0.359418
vt 0.604122 0.464272
vt 0.604091 0.453655
vt 0.606206 0.449278
vt 0.605868 0.443063
vt 0.609621 0.408430
vt 0.606220 0.427957
vt 0.612720 0.393246
vt 0.607458 0.434334
vt 0.611149 0.405160
vt 0.611998 0.398596
vt 0.607902 0.417145
vt 0.609717 0.413732
vt 0.611435 0.389191
vt 0.611021 0.341910
vt 0.609977 0.368955
vt 0.607097 0.421477
vt 0.207716 0.896303
vt 0.506676 0.329370
vt 0.214417 0.907440
vt 0.513407 0.318104
vt 0.202015 0.886115
vt 0.502235 0.339258
vt 0.211972 0.901713
vt 0.509199 0.323395
vt 0.608164 0.373798
vt 0.609661 0.324010
vt 0.611308 0.329001
vt 0.608505 0.317908
vt 0.608621 0.312856
vt 0.611869 0.336634
vt 0.610446 0.352816
vt 0.597426 0.215877
vt 0.597298 0.205517
vt 0.598227 0.233886
vt 0.596175 0.196209
vt 0.598393 0.250094
vt 0.599183 0.238453
vt 0.598036 0.226577
vt 0.598198 0.242345
vt 0.600185 0.246671
vt 0.241262 0.297041
vt 0.886766 0.870447
vt 0.600313 0.253971
vt 0.240000 0.299781
vt 0.888179 0.868003
vt 0.236176 0.327356
vt 0.488591 0.212121
vt 0.243485 0.294044
vt 0.886810 0.874102
vt 0.237579 0.331953
vt 0.487347 0.207462
vt 0.239416 0.302712
vt 0.887307 0.865265
vt 0.243805 0.279982
vt 0.893619 0.888568
vt 0.245519 0.277300
vt 0.892021 0.891273
vt 0.242612 0.282542
vt 0.893685 0.885745
vt 0.596067 0.221693
vt 0.242074 0.286986
vt 0.893830 0.881549
vt 0.247006 0.274525
vt 0.891851 0.894204
vt 0.244862 0.283901
vt 0.888378 0.884345
vt 0.245951 0.280718
vt 0.886472 0.886871
vt 0.237213 0.299369
vt 0.897027 0.868737
vt 0.237562 0.294861
vt 0.895789 0.873009
vt 0.240951 0.288969
vt 0.893447 0.879384
vt 0.234226 0.302435
vt 0.897635 0.864623
vt 0.237815 0.305360
vt 0.887253 0.862276
vt 0.238187 0.303788
vt 0.887701 0.863754
vt 0.232313 0.307850
vt 0.896231 0.859237
vt 0.242382 0.289630
vt 0.888750 0.878150
vt 0.240556 0.290270
vt 0.894100 0.878238
vt 0.235663 0.308742
vt 0.885708 0.858496
vt 0.229799 0.313087
vt 0.494884 0.227846
vt 0.895984 0.853796
vt 0.223113 0.305307
vt 0.500183 0.235775
vt 0.210310 0.287695
vt 0.512245 0.252482
vt 0.217703 0.293531
vt 0.506025 0.245469
vt 0.212370 0.292359
vt 0.510458 0.247857
vt 0.218573 0.300424
vt 0.505000 0.239585
vt 0.225974 0.308597
vt 0.497839 0.232474
vt 0.235449 0.314544
vt 0.887534 0.852924
vt 0.234744 0.313439
vt 0.886406 0.853606
vt 0.234035 0.318520
vt 0.888147 0.848746
vt 0.233949 0.325586
vt 0.490640 0.213938
vt 0.233250 0.323610
vt 0.491421 0.215845
vt 0.231866 0.321602
vt 0.492840 0.217695
vt 0.888732 0.845003
vt 0.238324 0.336097
vt 0.487059 0.203341
vt 0.494129 0.220866
vt 0.891528 0.847945
vt 0.495088 0.222437
vt 0.893093 0.848996
vt 0.494175 0.217359
vt 0.890099 0.844620
vt 0.201947 0.276645
vt 0.520441 0.263157
vt 0.205585 0.281391
vt 0.516961 0.258357
vt 0.198950 0.263683
vt 0.525249 0.275065
vt 0.247586 0.268139
vt 0.891761 0.900820
vt 0.200561 0.260797
vt 0.523631 0.277904
vt 0.199420 0.273633
vt 0.523147 0.266006
vt 0.230855 0.229888
vt 0.493600 0.307394
vt 0.247726 0.260539
vt 0.895122 0.907864
vt 0.224609 0.893549
vt 0.496692 0.317636
vt 0.221661 0.899999
vt 0.503505 0.316515
vt 0.226132 0.234093
vt 0.498577 0.303611
vt 0.221700 0.236733
vt 0.503113 0.301231
vt 0.219582 0.240417
vt 0.505343 0.297664
vt 0.197257 0.265739
vt 0.526831 0.272862
vt 0.217722 0.244420
vt 0.507313 0.293763
vt 0.234102 0.225709
vt 0.489875 0.311100
vt 0.229315 0.886563
vt 0.235274 0.219099
vt 0.488247 0.317559
vt 0.197173 0.269776
vt 0.526045 0.269085
vt 0.208617 0.255113
vt 0.516289 0.283348
vt 0.228915 0.889956
vt 0.491388 0.316577
vt 0.205591 0.259051
vt 0.518463 0.278993
vt 0.214895 0.247599
vt 0.510117 0.290644
vt 0.211784 0.250259
vt 0.513196 0.288058
vt 0.221783 0.904753
vt 0.507141 0.313716
vt 0.216654 0.875943
vt 0.216599 0.901506
vt 0.507153 0.319604
vt 0.218713 0.909894
vt 0.513017 0.313177
vt 0.599859 0.259648
vt 0.600008 0.269640
vt 0.598670 0.264813
vt 0.602559 0.274507
vt 0.606102 0.298274
vt 0.603012 0.291018
vt 0.603947 0.286215
vt 0.604929 0.293908
vt 0.602988 0.278371
vt 0.609179 0.308492
vt 0.607228 0.302665
vt 0.251047 0.278342
vt 0.883861 0.891186
vt 0.252545 0.271350
vt 0.883620 0.898212
vt 0.250738 0.264842
vt 0.885352 0.904144
vt 0.892578 0.909143
vt 0.888752 0.912536
vt 0.893518 0.914136
vt 0.887227 0.912297
vt 0.252956 0.255675
vt 0.884417 0.913928
vt 0.886407 0.915454
vt 0.897635 0.915338
vt 0.891893 0.912303
vt 0.892705 0.912718
vt 0.891311 0.911123
vt 0.892381 0.911476
vt 0.890759 0.878616
vt 0.891665 0.912775
vt 0.890323 0.913290
vt 0.891773 0.913736
vt 0.892241 0.914066
vt 0.894694 0.911686
vt 0.250408 0.258935
vt 0.885148 0.910053
vt 0.248568 0.265620
vt 0.892692 0.903060
vt 0.228729 0.881444
vt 0.238518 0.215420
vt 0.249937 0.257711
vt 0.896795 0.911612
vt 0.888397 0.117070
vt 0.925905 0.622280
vt 0.383009 0.025826
vt 0.917355 0.623539
vt 0.900125 0.082443
vt 0.915777 0.586969
vt 0.389637 0.018894
vt 0.882620 0.123703
vt 0.894971 0.099989
vt 0.919201 0.605834
vt 0.361867 0.051473
vt 0.906891 0.590796
vt 0.901094 0.076597
vt 0.913868 0.581278
vt 0.357792 0.053824
vt 0.907354 0.585708
vt 0.190946 0.135748
vt 0.606112 0.622277
vt 0.461583 0.569269
vt 0.933212 0.442970
vt 0.462074 0.558448
vt 0.930640 0.432638
vt 0.461517 0.564975
vt 0.931881 0.439044
vt 0.462819 0.548803
vt 0.929032 0.423302
vt 0.784721 0.542546
vt 0.864570 0.381830
vt 0.783297 0.533050
vt 0.866942 0.370986
vt 0.460381 0.538604
vt 0.923788 0.413907
vt 0.460171 0.524309
vt 0.919218 0.400328
vt 0.460090 0.531230
vt 0.921089 0.406937
vt 0.459122 0.544310
vt 0.924300 0.419761
vt 0.462375 0.488424
vt 0.913580 0.365229
vt 0.458642 0.496442
vt 0.911517 0.374059
vt 0.457482 0.499056
vt 0.910827 0.376892
vt 0.458128 0.506231
vt 0.912903 0.383589
vt 0.458376 0.503990
vt 0.912911 0.381409
vt 0.783203 0.536437
vt 0.865524 0.374640
vt 0.014147 0.815644
vt 0.804834 0.894431
vt 0.018305 0.806618
vt 0.802418 0.903898
vt 0.017052 0.808243
vt 0.803446 0.902198
vt 0.015538 0.810430
vt 0.804393 0.899737
vt 0.020644 0.799447
vt 0.801861 0.911014
vt 0.310117 0.588887
vt 0.384331 0.850172
vt 0.315351 0.584029
vt 0.379609 0.855522
vt 0.322669 0.578594
vt 0.372984 0.861744
vt 0.318115 0.581394
vt 0.377084 0.858375
vt 0.327707 0.574254
vt 0.368490 0.866502
vt 0.344271 0.624385
vt 0.346222 0.628295
vt 0.345229 0.617387
vt 0.346033 0.608353
vt 0.344090 0.612835
vt 0.346986 0.601727
vt 0.347296 0.596789
vt 0.346512 0.590791
vt 0.347203 0.583547
vt 0.347744 0.578475
vt 0.346858 0.574840
vt 0.344597 0.648692
vt 0.346228 0.641474
vt 0.335690 0.570704
vt 0.361172 0.870862
vt 0.346842 0.569431
vt 0.346260 0.565541
vt 0.351173 0.876704
vt 0.350444 0.882197
vt 0.352622 0.893085
vt 0.345985 0.637920
vt 0.343721 0.644543
vt 0.343950 0.633912
vt 0.351117 0.889068
vt 0.295745 0.591267
vt 0.398493 0.846031
vt 0.405778 0.591161
vt 0.752583 0.067189
vt 0.410162 0.586867
vt 0.746177 0.070051
vt 0.411697 0.585643
vt 0.744555 0.070702
vt 0.414071 0.582335
vt 0.742022 0.073384
vt 0.415691 0.579868
vt 0.740115 0.075342
vt 0.254164 0.635657
vt 0.438521 0.615736
vt 0.417253 0.579053
vt 0.738443 0.075787
vt 0.419500 0.575964
vt 0.735397 0.077943
vt 0.421308 0.572403
vt 0.733024 0.080849
vt 0.423243 0.570471
vt 0.730869 0.082351
vt 0.429569 0.565541
vt 0.723137 0.085152
vt 0.427550 0.567590
vt 0.725711 0.084152
vt 0.430802 0.566345
vt 0.721885 0.084372
vt 0.423515 0.568509
vt 0.729829 0.083979
vt 0.266226 0.619673
vt 0.442832 0.595823
vt 0.260046 0.628734
vt 0.440672 0.606735
vt 0.258144 0.634067
vt 0.441322 0.612444
vt 0.264015 0.624854
vt 0.442643 0.601409
vt 0.272056 0.613400
vt 0.445229 0.587364
vt 0.276482 0.608307
vt 0.448094 0.581829
vt 0.278361 0.607332
vt 0.449294 0.580405
vt 0.278835 0.604989
vt 0.448834 0.578216
vt 0.279655 0.603222
vt 0.448624 0.576534
vt 0.279996 0.600248
vt 0.447259 0.573965
vt 0.433165 0.565686
vt 0.719416 0.084362
vt 0.423049 0.844718
vt 0.435664 0.566316
vt 0.716811 0.083412
vt 0.421390 0.847170
vt 0.714552 0.085425
vt 0.419631 0.849823
vt 0.712416 0.087834
vt 0.419934 0.848364
vt 0.713380 0.086665
vt 0.420799 0.845253
vt 0.437815 0.565561
vt 0.278531 0.590926
vt 0.416198 0.844144
vt 0.442409 0.565948
vt 0.282589 0.591136
vt 0.412203 0.844543
vt 0.417446 0.852918
vt 0.711192 0.091338
vt 0.417501 0.870411
vt 0.710381 0.108735
vt 0.417380 0.874790
vt 0.709812 0.113068
vt 0.280743 0.596497
vt 0.446224 0.570394
vt 0.242427 0.642610
vt 0.430837 0.627017
vt 0.416762 0.861670
vt 0.710310 0.099980
vt 0.288982 0.591833
vt 0.405705 0.844469
vt 0.239061 0.648309
vt 0.430348 0.633600
vt 0.416656 0.880608
vt 0.708486 0.118746
vt 0.380714 0.625523
vt 0.786848 0.039986
vt 0.382647 0.622719
vt 0.783924 0.042145
vt 0.384288 0.618888
vt 0.781215 0.045271
vt 0.818100 0.052194
vt 0.883210 0.496015
vt 0.828576 0.739122
vt 0.818574 0.071274
vt 0.874960 0.514825
vt 0.824598 0.091863
vt 0.870333 0.538508
vt 0.820332 0.077617
vt 0.872656 0.521956
vt 0.821674 0.079995
vt 0.872553 0.524998
vt 0.822731 0.085735
vt 0.870522 0.531328
vt 0.821247 0.094969
vt 0.865089 0.539880
vt 0.823888 0.100697
vt 0.864567 0.547469
vt 0.822918 0.106520
vt 0.859324 0.552080
vt 0.822705 0.110332
vt 0.856450 0.555475
vt 0.822220 0.116518
vt 0.855643 0.562602
vt 0.019334 0.336937
vt 0.898774 0.511104
vt 0.024422 0.345927
vt 0.900755 0.522312
vt 0.389080 0.615787
vt 0.776119 0.047727
vt 0.395189 0.612548
vt 0.768844 0.049121
vt 0.396157 0.607249
vt 0.766260 0.053711
vt 0.396019 0.603176
vt 0.765784 0.057879
vt 0.397801 0.599021
vt 0.762925 0.061724
vt 0.022215 0.341282
vt 0.900400 0.516609
vt 0.014646 0.327780
vt 0.896800 0.499972
vt 0.008802 0.317820
vt 0.824269 0.039927
vt 0.018676 0.331756
vt 0.899513 0.505508
vt 0.010603 0.324691
vt 0.894166 0.495113
vt 0.006380 0.322096
vt 0.822105 0.044157
vt 0.891415 0.490485
vt 0.820939 0.048994
vt 0.887739 0.494686
vt 0.816693 0.059147
vt 0.878443 0.502061
vt 0.024117 0.349896
vt 0.898644 0.526277
vt 0.379218 0.636240
vt 0.790821 0.029616
vt 0.026148 0.355706
vt 0.897959 0.533268
vt 0.026240 0.361465
vt 0.895386 0.539360
vt 0.376546 0.644953
vt 0.795971 0.021645
vt 0.373739 0.648374
vt 0.799446 0.018631
vt 0.376289 0.640927
vt 0.794772 0.025563
vt 0.378828 0.631199
vt 0.790281 0.034800
vt 0.027354 0.385096
vt 0.887016 0.564273
vt 0.025283 0.390206
vt 0.883322 0.569247
vt 0.025445 0.367723
vt 0.891840 0.545626
vt 0.816983 0.065794
vt 0.876374 0.508903
vt 0.028458 0.371470
vt 0.893357 0.550563
vt 0.028534 0.380497
vt 0.889810 0.559910
vt 0.004431 0.302528
vt 0.820565 0.024626
vt 0.002290 0.296978
vt 0.819637 0.018802
vt 0.743643 0.525627
vt 0.938232 0.051464
vt 0.739590 0.529279
vt 0.935119 0.056853
vt 0.385785 0.020937
vt 0.885063 0.120080
vt 0.926714 0.626713
vt 0.902244 0.074816
vt 0.914220 0.579042
vt 0.465734 0.484746
vt 0.916607 0.361091
vt 0.047274 0.870745
vt 0.895992 0.465406
vt 0.439845 0.795328
vt 0.782341 0.861113
vt 0.049776 0.870875
vt 0.893819 0.464613
vt 0.009001 0.132179
vt 0.362774 0.818047
vt 0.011282 0.128584
vt 0.360171 0.821625
vt 0.446402 0.044820
vt 0.785978 0.591328
vt 0.847967 0.432435
vt 0.786600 0.602967
vt 0.844490 0.444051
vt 0.786371 0.609392
vt 0.841671 0.450368
vt 0.786818 0.596074
vt 0.847208 0.437535
vt 0.786372 0.581322
vt 0.851403 0.422430
vt 0.786572 0.586224
vt 0.850256 0.427466
vt 0.718029 0.586584
vt 0.934421 0.123073
vt 0.716767 0.597781
vt 0.938020 0.134609
vt 0.718457 0.591103
vt 0.936798 0.127324
vt 0.717469 0.605757
vt 0.942203 0.142082
vt 0.784024 0.573866
vt 0.851034 0.414125
vt 0.785911 0.577341
vt 0.851978 0.418335
vt 0.395156 0.013547
vt 0.880382 0.130955
vt 0.920355 0.623932
vt 0.376788 0.037044
vt 0.910810 0.611928
vt 0.380835 0.034865
vt 0.910462 0.616756
vt 0.360683 0.053983
vt 0.905480 0.588130
vt 0.891740 0.114756
vt 0.926148 0.618369
vt 0.385860 0.023282
vt 0.924367 0.626688
vt 0.893674 0.104369
vt 0.920812 0.609809
vt 0.383780 0.030870
vt 0.912212 0.621744
vt 0.894562 0.108909
vt 0.924257 0.612386
vt 0.373827 0.039635
vt 0.909762 0.608172
vt 0.408995 0.007121
vt 0.871125 0.143127
vt 0.382803 0.024724
vt 0.917291 0.624802
vt 0.923123 0.623539
vt 0.425899 0.007434
vt 0.856358 0.150717
vt 0.367852 0.043890
vt 0.910084 0.600396
vt 0.370293 0.040394
vt 0.911203 0.604707
vt 0.369470 0.042359
vt 0.910293 0.602641
vt 0.899157 0.085366
vt 0.915851 0.590040
vt 0.393182 0.017842
vt 0.879867 0.126224
vt 0.370404 0.039121
vt 0.912152 0.605566
vt 0.432577 0.006040
vt 0.850998 0.154838
vt 0.363408 0.050064
vt 0.907311 0.593068
vt 0.366628 0.046370
vt 0.908845 0.597885
vt 0.417671 0.005961
vt 0.863981 0.148335
vt 0.401398 0.009835
vt 0.876556 0.137141
vt 0.739146 0.535252
vt 0.936391 0.063539
vt 0.736559 0.540702
vt 0.934869 0.070239
vt 0.733889 0.545202
vt 0.933723 0.075957
vt 0.734943 0.548179
vt 0.935588 0.078530
vt 0.733337 0.551864
vt 0.935183 0.082625
vt 0.783900 0.571587
vt 0.851401 0.411768
vt 0.896540 0.094861
vt 0.917621 0.600450
vt 0.784478 0.566452
vt 0.854927 0.407572
vt 0.785141 0.568915
vt 0.853957 0.409995
vt 0.784462 0.565252
vt 0.854198 0.406222
vt 0.784270 0.563282
vt 0.855383 0.404037
vt 0.784715 0.559569
vt 0.857196 0.400171
vt 0.900123 0.078886
vt 0.913890 0.583904
vt 0.900879 0.168958
vt 0.898984 0.089866
vt 0.917667 0.594635
vt 0.732808 0.556769
vt 0.936611 0.087771
vt 0.730412 0.559647
vt 0.935366 0.091470
vt 0.721215 0.577884
vt 0.933829 0.113217
vt 0.726755 0.570263
vt 0.936103 0.103385
vt 0.724397 0.574145
vt 0.935414 0.108204
vt 0.783100 0.554181
vt 0.857832 0.393727
vt 0.779165 0.523293
vt 0.866696 0.359457
vt 0.780734 0.527027
vt 0.866726 0.363969
vt 0.816752 0.852085
vt 0.459462 0.634708
vt 0.831700 0.870487
vt 0.604704 0.600464
vt 0.600767 0.561969
vt 0.604215 0.604300
vt 0.602359 0.617255
vt 0.602378 0.573873
vt 0.603859 0.585839
vt 0.604147 0.611646
vt 0.599140 0.550391
vt 0.599691 0.556247
vt 0.600516 0.545946
vt 0.601366 0.534495
vt 0.601411 0.529268
vt 0.603942 0.595641
vt 0.602080 0.579947
vt 0.600132 0.588877
vt 0.602122 0.514052
vt 0.601318 0.517298
vt 0.600646 0.509280
vt 0.600261 0.521768
vt 0.602186 0.489713
vt 0.604245 0.475886
vt 0.600982 0.484524
vt 0.601787 0.494120
vt 0.604950 0.629211
vt 0.600745 0.567695
vt 0.600406 0.497592
vt 0.601806 0.479500
vt 0.603617 0.471387
vt 0.602313 0.502887
vt 0.673894 0.689317
vt 0.933751 0.237291
vt 0.670146 0.691627
vt 0.931096 0.240926
vt 0.666941 0.696188
vt 0.930132 0.246610
vt 0.662271 0.696572
vt 0.926173 0.248952
vt 0.692572 0.672811
vt 0.943127 0.215036
vt 0.679096 0.680442
vt 0.934255 0.227068
vt 0.657588 0.699470
vt 0.923240 0.253498
vt 0.683397 0.677338
vt 0.936742 0.222601
vt 0.688960 0.675340
vt 0.940920 0.218667
vt 0.695846 0.669888
vt 0.944647 0.211002
vt 0.734783 0.750847
vt 0.704913 0.646567
vt 0.945282 0.185911
vt 0.708830 0.638434
vt 0.947218 0.177085
vt 0.700627 0.665987
vt 0.947487 0.205569
vt 0.701387 0.659569
vt 0.945981 0.199274
vt 0.702339 0.653553
vt 0.945066 0.193224
vt 0.110455 0.803471
vt 0.797481 0.674386
vt 0.113275 0.797343
vt 0.792591 0.678873
vt 0.111852 0.808101
vt 0.797897 0.669776
vt 0.114614 0.812708
vt 0.798364 0.664603
vt 0.115088 0.816272
vt 0.798631 0.661149
vt 0.106011 0.862209
vt 0.840989 0.461909
vt 0.786018 0.620708
vt 0.836175 0.460811
vt 0.114657 0.830482
vt 0.795525 0.648229
vt 0.785647 0.613947
vt 0.838120 0.453892
vt 0.115357 0.824203
vt 0.796891 0.653956
vt 0.112529 0.842250
vt 0.793390 0.637754
vt 0.111498 0.854026
vt 0.788095 0.628069
vt 0.096534 0.870384
vt 0.851434 0.454854
vt 0.100999 0.867465
vt 0.846666 0.457113
vt 0.712473 0.632600
vt 0.948505 0.170222
vt 0.714139 0.622324
vt 0.946134 0.159589
vt 0.713851 0.626404
vt 0.947481 0.163704
vt 0.016252 0.886268
vt 0.929430 0.458162
vt 0.462272 0.644533
vt 0.838328 0.878918
vt 0.457612 0.629941
vt 0.828178 0.866114
vt 0.456726 0.617788
vt 0.823189 0.854553
vt 0.457915 0.612327
vt 0.823008 0.848494
vt 0.012619 0.879544
vt 0.453709 0.590846
vt 0.014003 0.884504
vt 0.455140 0.586129
vt 0.000350 0.866292
vt 0.457387 0.608507
vt 0.821341 0.844620
vt 0.821134 0.898010
vt 0.002162 0.864417
vt 0.819106 0.845511
vt 0.457669 0.624437
vt 0.826080 0.861036
vt 0.006832 0.873305
vt 0.455640 0.599071
vt 0.011612 0.826323
vt 0.806253 0.883121
vt 0.012405 0.818740
vt 0.805780 0.890859
vt 0.005692 0.854849
vt 0.812987 0.853987
vt 0.003418 0.860237
vt 0.816545 0.849458
vt 0.004593 0.856192
vt 0.814015 0.852590
vt 0.009859 0.829053
vt 0.808070 0.880228
vt 0.002982 0.862201
vt 0.817477 0.847480
vt 0.005777 0.842914
vt 0.811579 0.865947
vt 0.007162 0.845813
vt 0.810071 0.862915
vt 0.006437 0.851238
vt 0.811655 0.857579
vt 0.007103 0.841362
vt 0.810062 0.867461
vt 0.009263 0.877514
vt 0.455607 0.594175
vt 0.007904 0.834067
vt 0.809714 0.874968
vt 0.066997 0.867923
vt 0.877661 0.462751
vt 0.073022 0.866874
vt 0.871979 0.462267
vt 0.075146 0.866220
vt 0.869964 0.462550
vt 0.078242 0.864899
vt 0.867424 0.463073
vt 0.082213 0.864799
vt 0.863771 0.462100
vt 0.055548 0.823813
vt 0.005266 0.858738
vt 0.814220 0.850479
vt 0.814371 0.850174
vt 0.094790 0.869216
vt 0.853012 0.456067
vt 0.093336 0.870175
vt 0.854551 0.455453
vt 0.088867 0.867999
vt 0.858079 0.458153
vt 0.086058 0.866121
vt 0.860352 0.460157
vt 0.169941 0.019813
vt 0.586307 0.689249
vt 0.611432 0.685921
vt 0.195548 0.048794
vt 0.194166 0.083997
vt 0.192848 0.127644
vt 0.186236 0.025343
vt 0.604711 0.691134
vt 0.086293 0.005971
vt 0.498220 0.689727
vt 0.161497 0.017762
vt 0.577432 0.688755
vt 0.108901 0.002986
vt 0.521138 0.682609
vt 0.194322 0.099741
vt 0.165719 0.019776
vt 0.582060 0.690048
vt 0.194760 0.090661
vt 0.147491 0.012947
vt 0.562435 0.686541
vt 0.193401 0.121383
vt 0.195647 0.094770
vt 0.190770 0.131356
vt 0.193909 0.072716
vt 0.193606 0.117512
vt 0.195482 0.037331
vt 0.605390 0.657846
vt 0.195204 0.052674
vt 0.611354 0.681126
vt 0.183280 0.023101
vt 0.600888 0.689112
vt 0.194040 0.059122
vt 0.195076 0.064200
vt 0.179521 0.023406
vt 0.596489 0.690226
vt 0.193218 0.068794
vt 0.196474 0.041851
vt 0.606812 0.645678
vt 0.606261 0.661518
vt 0.607066 0.667734
vt 0.057895 0.772024
vt 0.472539 0.713157
vt 0.172783 0.021669
vt 0.589594 0.690363
vt 0.056403 0.771789
vt 0.474010 0.713206
vt 0.053234 0.773724
vt 0.477002 0.711628
vt 0.070005 0.001055
vt 0.480520 0.686923
vt 0.034192 0.877050
vt 0.911251 0.461916
vt 0.058369 0.869764
vt 0.885643 0.463382
vt 0.063132 0.870749
vt 0.881570 0.461437
vt 0.065019 0.870525
vt 0.879988 0.461059
vt 0.053323 0.870669
vt 0.890381 0.463829
vt 0.051427 0.871265
vt 0.892312 0.463702
vt 0.060912 0.870947
vt 0.883552 0.461932
vt 0.069912 0.868794
vt 0.875608 0.461071
vt 0.042351 0.874957
vt 0.901582 0.462443
vt 0.044539 0.873955
vt 0.899404 0.462976
vt 0.046145 0.873394
vt 0.897866 0.463198
vt 0.018138 0.885157
vt 0.927470 0.458667
vt 0.040942 0.876092
vt 0.903597 0.462010
vt 0.030257 0.879290
vt 0.914941 0.459789
vt 0.028272 0.880746
vt 0.917244 0.459356
vt 0.015301 0.889969
vt 0.456718 0.580949
vt 0.931312 0.454972
vt 0.457033 0.576131
vt 0.930332 0.450414
vt 0.026802 0.882331
vt 0.919095 0.458474
vt 0.022967 0.884677
vt 0.923162 0.457539
vt 0.459134 0.508847
vt 0.914747 0.385759
vt 0.459702 0.515296
vt 0.917908 0.391188
vt 0.461438 0.519359
vt 0.919411 0.395341
vt 0.190153 0.025393
vt 0.608888 0.690596
vt 0.091407 0.004139
vt 0.503299 0.686967
vt 0.048714 0.002363
vt 0.458972 0.691585
vt 0.606025 0.637234
vt 0.194097 0.024756
vt 0.613004 0.689555
vt 0.194684 0.077511
vt 0.132414 0.006275
vt 0.546044 0.682380
vt 0.158147 0.013834
vt 0.573364 0.685362
vt 0.153655 0.014248
vt 0.568906 0.686610
vt 0.079128 0.004131
vt 0.490425 0.688788
vt 0.073953 0.001695
vt 0.484691 0.686998
vt 0.113125 0.005105
vt 0.525788 0.684067
vt 0.196085 0.045231
vt 0.193661 0.113776
vt 0.606751 0.651363
vt 0.195291 0.032324
vt 0.095510 0.003017
vt 0.507460 0.685126
vt 0.124893 0.003490
vt 0.537862 0.681463
vt 0.460159 0.844269
vt 0.782426 0.828224
vt 0.462102 0.848938
vt 0.784411 0.832986
vt 0.463426 0.854587
vt 0.785835 0.838855
vt 0.460984 0.837543
vt 0.564826 0.803207
vt 0.784713 0.821255
vt 0.460292 0.832651
vt 0.563627 0.809635
vt 0.567898 0.810389
vt 0.785098 0.813272
vt 0.449294 0.810732
vt 0.462373 0.858801
vt 0.784652 0.843277
vt 0.580331 0.827008
vt 0.783328 0.793785
vt 0.578528 0.823616
vt 0.784326 0.797092
vt 0.445059 0.808864
vt 0.786017 0.847705
vt 0.571855 0.875289
vt 0.448560 0.818925
vt 0.467290 0.852547
vt 0.580109 0.831932
vt 0.785399 0.789448
vt 0.586900 0.846004
vt 0.784164 0.772712
vt 0.579826 0.841809
vt 0.786586 0.780095
vt 0.441732 0.802904
vt 0.781125 0.852713
vt 0.440263 0.799776
vt 0.780493 0.856491
vt 0.650746 0.705729
vt 0.919941 0.261837
vt 0.655238 0.703376
vt 0.922963 0.257948
vt 0.597989 0.871846
vt 0.785298 0.747320
vt 0.595791 0.864337
vt 0.781753 0.753743
vt 0.602795 0.891718
vt 0.788586 0.727471
vt 0.114099 0.791399
vt 0.790875 0.684495
vt 0.607396 0.904599
vt 0.787141 0.714118
vt 0.601317 0.895354
vt 0.790467 0.724555
vt 0.108516 0.765462
vt 0.599087 0.907839
vt 0.593918 0.857013
vt 0.782372 0.760567
vt 0.588741 0.850586
vt 0.785870 0.768156
vt 0.591711 0.852812
vt 0.784343 0.764829
vt 0.176110 0.023042
vt 0.593154 0.690859
vt 0.128462 0.004719
vt 0.541728 0.681676
vt 0.193056 0.104445
vt 0.102583 0.003738
vt 0.514831 0.684503
vt 0.193366 0.108481
vt 0.053893 0.002945
vt 0.464244 0.691238
vt 0.455896 0.668380
vt 0.839494 0.905568
vt 0.459270 0.661366
vt 0.841144 0.897475
vt 0.040775 0.005443
vt 0.550942 0.716802
vt 0.045363 0.005086
vt 0.456046 0.694809
vt 0.454247 0.687252
vt 0.552234 0.707625
vt 0.037831 0.008759
vt 0.549026 0.721483
vt 0.043956 0.001965
vt 0.454140 0.691832
vt 0.553093 0.711652
vt 0.546981 0.699960
vt 0.837926 0.917570
vt 0.549456 0.700214
vt 0.840008 0.917134
vt 0.454478 0.675369
vt 0.839508 0.912215
vt 0.455008 0.681429
vt 0.552582 0.701162
vt 0.842455 0.916670
vt 0.545283 0.700083
vt 0.836433 0.918085
vt 0.543095 0.699533
vt 0.834469 0.918104
vt 0.609466 0.674101
vt 0.601760 0.886902
vt 0.789046 0.732077
vt 0.037871 0.781131
vt 0.492323 0.704191
vt 0.039288 0.780700
vt 0.490872 0.704518
vt 0.042143 0.781058
vt 0.487998 0.703443
vt 0.045268 0.777780
vt 0.484393 0.706826
vt 0.048391 0.776776
vt 0.481036 0.708063
vt 0.051711 0.773872
vt 0.478715 0.711865
vt 0.022928 0.061057
vt 0.547897 0.778026
vt 0.033590 0.021569
vt 0.548212 0.736174
vt 0.533717 0.695509
vt 0.826496 0.916107
vt 0.465749 0.728869
vt 0.553792 0.903259
vt 0.528775 0.697448
vt 0.822606 0.917826
vt 0.060660 0.770179
vt 0.469761 0.715118
vt 0.531511 0.696550
vt 0.824756 0.916591
vt 0.065390 0.768138
vt 0.465073 0.717266
vt 0.463715 0.726360
vt 0.554432 0.906302
vt 0.068575 0.765444
vt 0.462575 0.720548
vt 0.464432 0.737107
vt 0.556063 0.896702
vt 0.069543 0.763333
vt 0.462300 0.723458
vt 0.555081 0.909792
vt 0.465376 0.730946
vt 0.554537 0.901253
vt 0.537610 0.697952
vt 0.829676 0.917537
vt 0.540174 0.698967
vt 0.831818 0.918315
vt 0.464625 0.745936
vt 0.556835 0.889109
vt 0.463253 0.740041
vt 0.556096 0.893424
vt 0.070469 0.762044
vt 0.556490 0.908435
vt 0.073898 0.761084
vt 0.560706 0.907276
vt 0.078216 0.762258
vt 0.565817 0.908529
vt 0.464564 0.746967
vt 0.557324 0.888264
vt 0.080333 0.763328
vt 0.568420 0.909545
vt 0.081953 0.763153
vt 0.570256 0.909546
vt 0.084974 0.762675
vt 0.573656 0.908475
vt 0.089500 0.762386
vt 0.578662 0.907187
vt 0.022512 0.040896
vt 0.541218 0.758945
vt 0.021943 0.045524
vt 0.541856 0.763683
vt 0.463517 0.750528
vt 0.556037 0.885019
vt 0.462771 0.755349
vt 0.557476 0.880137
vt 0.463744 0.752692
vt 0.557526 0.883110
vt 0.461799 0.757461
vt 0.557735 0.877778
vt 0.460653 0.759423
vt 0.558470 0.875638
vt 0.458499 0.760638
vt 0.560740 0.874373
vt 0.457113 0.762873
vt 0.562441 0.872402
vt 0.453709 0.765759
vt 0.566287 0.872267
vt 0.455737 0.774183
vt 0.562099 0.865101
vt 0.455595 0.775497
vt 0.562053 0.863280
vt 0.457224 0.785540
vt 0.565329 0.854758
vt 0.454587 0.778056
vt 0.560255 0.860237
vt 0.453800 0.783443
vt 0.564923 0.858607
vt 0.091975 0.761972
vt 0.581357 0.906229
vt 0.095112 0.762558
vt 0.584688 0.906286
vt 0.034021 0.784679
vt 0.496925 0.701322
vt 0.036317 0.017020
vt 0.549783 0.730600
vt 0.032141 0.785138
vt 0.498894 0.700369
vt 0.098650 0.763179
vt 0.588489 0.906659
vt 0.030878 0.025150
vt 0.546038 0.740648
vt 0.104106 0.764151
vt 0.594262 0.907274
vt 0.034886 0.783434
vt 0.495699 0.702476
vt 0.028884 0.030324
vt 0.545153 0.746646
vt 0.036757 0.012105
vt 0.548828 0.725309
vt 0.027350 0.787544
vt 0.800408 0.923790
vt 0.509701 0.700350
vt 0.806158 0.923345
vt 0.022123 0.796317
vt 0.800898 0.914215
vt 0.025779 0.793629
vt 0.799330 0.917924
vt 0.028705 0.785414
vt 0.502818 0.700719
vt 0.800439 0.926281
vt 0.026634 0.789703
vt 0.800187 0.921555
vt 0.506238 0.700347
vt 0.803142 0.924547
vt 0.508302 0.699794
vt 0.804723 0.923474
vt 0.512120 0.701125
vt 0.808657 0.922870
vt 0.515090 0.699527
vt 0.810960 0.921161
vt 0.517506 0.699586
vt 0.813234 0.921284
vt 0.521153 0.700853
vt 0.816804 0.922003
vt 0.524575 0.700385
vt 0.819442 0.920999
vt 0.026788 0.034495
vt 0.543741 0.751474
vt 0.016455 0.092488
vt 0.550847 0.812728
vt 0.380751 0.838113
vt 0.533333 0.838894
vt 0.387568 0.837185
vt 0.527885 0.839464
vt 0.384807 0.837365
vt 0.529876 0.838948
vt 0.366731 0.840558
vt 0.544760 0.835783
vt 0.377645 0.838294
vt 0.535759 0.838181
vt 0.388899 0.835898
vt 0.526895 0.840515
vt 0.394843 0.837923
vt 0.521784 0.840286
vt 0.397580 0.838658
vt 0.519262 0.840301
vt 0.403778 0.839255
vt 0.513677 0.839945
vt 0.401223 0.839020
vt 0.516004 0.840140
vt 0.414011 0.834272
vt 0.504117 0.846245
vt 0.417571 0.834161
vt 0.500222 0.845937
vt 0.405961 0.837993
vt 0.511548 0.841036
vt 0.407653 0.836965
vt 0.510022 0.842441
vt 0.409758 0.835014
vt 0.508177 0.844754
vt 0.012331 0.115612
vt 0.360488 0.836998
vt 0.372335 0.839399
vt 0.539798 0.837306
vt 0.362317 0.842375
vt 0.547881 0.833600
vt 0.368576 0.841838
vt 0.542928 0.835277
vt 0.012926 0.120441
vt 0.359072 0.831293
vt 0.374536 0.838895
vt 0.538261 0.837914
vt 0.459259 0.795750
vt 0.564884 0.845076
vt 0.460079 0.798513
vt 0.564181 0.842392
vt 0.458188 0.790030
vt 0.566536 0.850751
vt 0.460182 0.793231
vt 0.565467 0.847627
vt 0.458579 0.792978
vt 0.566848 0.847773
vt 0.457626 0.800561
vt 0.565140 0.839754
vt 0.419056 0.831901
vt 0.497828 0.847322
vt 0.420899 0.828957
vt 0.495933 0.850169
vt 0.505330 0.779867
vt 0.432961 0.831282
vt 0.433932 0.834401
vt 0.482146 0.848739
vt 0.432073 0.831744
vt 0.482963 0.848515
vt 0.435956 0.828932
vt 0.478325 0.850427
vt 0.430820 0.828767
vt 0.483607 0.852082
vt 0.422441 0.818758
vt 0.432315 0.825294
vt 0.432514 0.824815
vt 0.480257 0.855134
vt 0.431171 0.829406
vt 0.436436 0.824040
vt 0.482657 0.850890
vt 0.435648 0.826203
vt 0.477172 0.853171
vt 0.461231 0.811757
vt 0.562251 0.830332
vt 0.458571 0.804621
vt 0.564296 0.835423
vt 0.461832 0.816802
vt 0.562300 0.826347
vt 0.423328 0.828518
vt 0.492984 0.851623
vt 0.422431 0.823076
vt 0.437001 0.826795
vt 0.439215 0.824283
vt 0.476000 0.852996
vt 0.020083 0.086147
vt 0.552967 0.805374
vt 0.426469 0.829356
vt 0.489077 0.851343
vt 0.425107 0.820974
vt 0.435727 0.823816
vt 0.423212 0.816919
vt 0.430954 0.825224
vt 0.428649 0.816773
vt 0.431694 0.822078
vt 0.431921 0.823355
vt 0.430632 0.817235
vt 0.432465 0.821310
vt 0.429376 0.821628
vt 0.430329 0.828074
vt 0.433822 0.824739
vt 0.014116 0.110338
vt 0.358411 0.843445
vt 0.550769 0.831864
vt 0.444852 0.818277
vt 0.469197 0.855361
vt 0.442691 0.821862
vt 0.472276 0.853105
vt 0.462164 0.822956
vt 0.563523 0.819589
vt 0.459967 0.819189
vt 0.561533 0.823480
vt 0.021982 0.067453
vt 0.549240 0.784902
vt 0.022371 0.073049
vt 0.551523 0.790773
vt 0.013835 0.099917
vt 0.548742 0.821327
vt 0.426378 0.824097
vt 0.436875 0.822070
vt 0.422805 0.826349
vt 0.435395 0.819607
vt 0.435483 0.819331
vt 0.434378 0.820526
vt 0.433011 0.820445
vt 0.013226 0.104569
vt 0.548530 0.826393
vt 0.432038 0.819182
vt 0.432335 0.819562
vt 0.021959 0.079607
vt 0.553093 0.797647
vt 0.017376 0.050646
vt 0.538720 0.769774
vt 0.018451 0.056346
vt 0.541601 0.774816
vt 0.617137 0.787229
vt 0.616491 0.791448
vt 0.617972 0.818250
vt 0.618134 0.812691
vt 0.619020 0.823295
vt 0.618473 0.828339
vt 0.346695 0.849680
vt 0.620124 0.832420
vt 0.347744 0.835345
vt 0.342723 0.849066
vt 0.624197 0.832941
vt 0.328459 0.831823
vt 0.638782 0.850380
vt 0.346709 0.827824
vt 0.347350 0.823975
vt 0.345858 0.812452
vt 0.345616 0.817006
vt 0.617534 0.805496
vt 0.617819 0.797420
vt 0.322703 0.830353
vt 0.644150 0.854941
vt 0.644421 0.852348
vt 0.319122 0.829623
vt 0.648917 0.855531
vt 0.312387 0.827937
vt 0.657081 0.855353
vt 0.314773 0.830546
vt 0.654104 0.853268
vt 0.304013 0.816263
vt 0.667119 0.866395
vt 0.307401 0.819055
vt 0.663356 0.863885
vt 0.860981 0.218646
vt 0.880011 0.260247
vt 0.863676 0.225264
vt 0.881767 0.266063
vt 0.856732 0.213670
vt 0.866078 0.228932
vt 0.867295 0.233404
vt 0.869391 0.237344
vt 0.877536 0.255381
vt 0.873462 0.247024
vt 0.870960 0.240609
vt 0.875542 0.251071
vt 0.887986 0.281227
vt 0.889454 0.285352
vt 0.893796 0.291715
vt 0.896936 0.298959
vt 0.618933 0.737549
vt 0.905168 0.303158
vt 0.902799 0.309683
vt 0.613703 0.746925
vt 0.904545 0.313687
vt 0.900118 0.305167
vt 0.623371 0.729590
vt 0.905847 0.294267
vt 0.623311 0.733461
vt 0.907410 0.297723
vt 0.615546 0.762190
vt 0.615247 0.767619
vt 0.614975 0.757248
vt 0.616170 0.751794
vt 0.617237 0.774305
vt 0.615762 0.779851
vt 0.616911 0.783592
vt 0.638335 0.712493
vt 0.911956 0.273028
vt 0.634817 0.716931
vt 0.910569 0.278355
vt 0.648288 0.708707
vt 0.919113 0.265506
vt 0.642838 0.709990
vt 0.914838 0.268924
vt 0.882355 0.272683
vt 0.885438 0.277124
vt 0.452693 0.006687
vt 0.841024 0.180338
vt 0.453009 0.000350
vt 0.836175 0.169770
vt 0.837140 0.175129
vt 0.843326 0.186125
vt 0.844799 0.189762
vt 0.849508 0.200455
vt 0.853755 0.206496
vt 0.851541 0.203114
vt 0.847100 0.195038
vt 0.446029 0.003523
vt 0.840470 0.163329
vt 0.449528 0.015646
vt 0.449760 0.025709
vt 0.450575 0.020894
vt 0.448040 0.030656
vt 0.446620 0.034618
vt 0.447654 0.040213
vt 0.440298 0.005605
vt 0.844449 0.158841
vn 0.2277 0.9728 -0.0418
vn 0.2473 0.9677 -0.0479
vn 0.0869 0.9722 -0.2174
vn -0.3825 0.8923 0.2397
vn 0.9508 0.0635 0.3032
vn 0.1004 0.9949 0.0058
vn 0.1920 0.9805 0.0411
vn -0.1358 0.9902 -0.0337
vn 0.0567 0.9841 0.1681
vn -0.3420 0.9356 -0.0872
vn 0.0533 0.9841 0.1693
vn -0.1523 0.9876 -0.0386
vn 0.0370 0.9803 0.1938
vn 0.2588 0.9637 -0.0661
vn 0.0031 0.9999 0.0151
vn -0.2919 0.9495 0.1151
vn -0.6435 0.7514 -0.1459
vn -0.0096 0.9664 0.2569
vn -0.3917 0.9189 0.0457
vn -0.5074 0.8607 -0.0410
vn -0.9009 0.1196 -0.4172
vn -0.2548 0.9580 0.1316
vn -0.2402 0.9578 0.1578
vn -0.3349 0.9383 0.0864
vn -0.4005 0.9153 0.0419
vn -0.3912 0.9195 0.0387
vn -0.7240 0.6602 -0.1997
vn -0.3682 0.9287 0.0445
vn -0.1576 0.9755 0.1536
vn -0.3942 0.9183 0.0370
vn -0.0054 -0.9968 -0.0799
vn 0.1865 0.8515 0.4901
vn 0.0384 -0.9962 -0.0788
vn 0.2789 0.9020 0.3296
vn -0.4750 -0.8799 -0.0142
vn -0.0104 0.7108 0.7033
vn -0.6457 0.7509 0.1391
vn 0.3291 0.7529 0.5700
vn -0.0074 0.9907 0.1356
vn -0.1076 0.9852 0.1334
vn 0.0797 0.9884 0.1292
vn -0.0283 0.9902 0.1364
vn -0.2874 0.9466 0.1463
vn -0.2018 0.9692 0.1413
vn 0.2699 0.9577 0.1000
vn 0.1737 0.9786 0.1103
vn -0.0527 0.9885 0.1419
vn -0.0307 0.9904 0.1345
vn -0.0757 0.9878 0.1358
vn -0.5171 0.8553 -0.0318
vn -0.2611 0.9614 0.0865
vn -0.1108 -0.9717 -0.2088
vn 0.0453 0.9795 0.1963
vn 0.5823 0.8122 -0.0368
vn -0.2157 -0.9427 -0.2546
vn 0.1261 0.9726 0.1956
vn -0.0193 0.9848 0.1725
vn -0.6440 0.7612 -0.0770
vn -0.6095 0.7903 -0.0625
vn 0.0163 0.9827 0.1847
vn -0.3050 0.9502 0.0633
vn -0.2490 0.9639 0.0941
vn -0.8016 0.5668 -0.1904
vn -0.1032 0.9800 0.1704
vn -0.5637 0.8244 -0.0510
vn -0.7379 0.6574 -0.1527
vn -0.1300 0.9784 0.1605
vn -0.4487 0.8926 0.0448
vn -0.7566 0.6518 -0.0527
vn 0.0146 0.9895 0.1436
vn 0.0776 0.9847 0.1562
vn 0.0929 0.9830 0.1585
vn -0.3334 0.9394 0.0792
vn -0.2937 0.9520 0.0864
vn -0.3796 0.9230 0.0636
vn -0.0131 0.9882 0.1526
vn -0.1029 0.9859 0.1323
vn -0.2955 0.9516 0.0845
vn -0.4253 0.9036 0.0510
vn 0.7612 0.5877 0.2742
vn 0.3237 0.9196 0.2224
vn -0.9650 0.1526 -0.2134
vn 0.4943 0.8345 0.2434
vn 0.0660 0.9819 0.1773
vn -0.7415 0.6666 -0.0764
vn 0.0172 0.9902 0.1386
vn -0.1048 0.9868 0.1237
vn -0.0628 0.9900 0.1266
vn -0.1307 0.9842 0.1195
vn -0.0801 0.9889 0.1255
vn -0.3959 0.9171 0.0473
vn 0.2910 0.9284 0.2310
vn 0.6500 0.7013 0.2926
vn -0.1426 0.9819 0.1247
vn -0.1560 0.9801 0.1224
vn -0.3779 0.9247 0.0466
vn 0.0267 0.9850 0.1706
vn -0.7972 0.5885 -0.1348
vn 0.0042 0.9908 0.1350
vn 0.0049 0.9909 0.1346
vn -0.0126 0.9907 0.1356
vn 0.0435 0.9898 0.1359
vn 0.0906 0.9861 0.1393
vn 0.0319 0.9904 0.1344
vn 0.8642 -0.3346 -0.3757
vn -0.6397 0.7663 0.0591
vn -0.0104 0.9999 0.0008
vn -0.9229 0.3026 -0.2382
vn -0.8596 0.4378 0.2635
vn 0.6570 0.7069 0.2619
vn 0.2830 0.9506 -0.1275
vn -0.7655 0.6407 -0.0591
vn -0.1341 0.9903 0.0364
vn 0.1081 -0.9889 -0.1020
vn 0.8973 0.4201 -0.1354
vn 0.6197 0.6343 -0.4621
vn 0.9048 0.4036 -0.1355
vn 0.4683 0.8781 0.0982
vn 0.8662 0.4413 -0.2342
vn 0.9275 -0.0125 -0.3737
vn 0.5088 0.6199 -0.5973
vn -0.3702 0.9254 0.0807
vn -0.3784 0.9225 0.0761
vn -0.2508 0.9621 -0.1072
vn -0.7680 -0.6129 0.1858
vn 0.6188 0.7847 -0.0364
vn -0.3896 0.9133 0.1186
vn 0.4957 -0.8681 0.0249
vn -0.3845 0.9208 0.0655
vn -0.4804 0.8647 0.1469
vn 0.6159 -0.7850 0.0665
vn -0.2047 0.9756 -0.0789
vn -0.3287 0.9443 0.0155
vn -0.4804 0.8656 0.1411
vn 0.6795 0.6837 0.2661
vn -0.3340 0.9368 0.1039
vn 0.5362 -0.8399 0.0846
vn -0.3234 0.9463 -0.0008
vn -0.0565 0.9984 0.0091
vn -0.2853 -0.9368 -0.2023
vn -0.5566 -0.8307 0.0143
vn 0.6002 0.7790 -0.1816
vn 0.8646 -0.1966 -0.4624
vn 0.5126 0.4703 -0.7184
vn 0.1974 0.9760 -0.0924
vn -0.9620 0.2233 -0.1573
vn 0.8659 -0.1961 -0.4601
vn 0.5758 0.7381 -0.3517
vn 0.8604 -0.2141 -0.4624
vn 0.5495 0.6680 -0.5018
vn -0.0869 0.9956 0.0361
vn -0.7107 0.6738 0.2023
vn 0.4861 0.8456 -0.2204
vn -0.8588 0.5084 -0.0624
vn -0.0912 0.9955 0.0260
vn -0.8031 0.5939 -0.0479
vn 0.0434 0.9986 -0.0316
vn -0.5547 -0.7979 -0.2359
vn 0.2297 0.9687 -0.0945
vn -0.9169 -0.2707 -0.2933
vn -0.0013 0.9999 -0.0113
vn -0.3964 0.9114 -0.1108
vn 0.0910 0.9943 -0.0562
vn -0.4802 0.8721 -0.0943
vn -0.1076 0.9931 0.0474
vn -0.6064 0.7944 -0.0361
vn 0.0712 0.9957 -0.0585
vn -0.9909 0.0386 0.1292
vn -0.0597 0.9980 0.0229
vn -0.0669 0.9893 -0.1295
vn -0.1490 0.9857 0.0793
vn -0.5801 0.8145 -0.0071
vn -0.1423 0.9878 0.0626
vn -0.7297 0.6764 0.1002
vn -0.2834 0.9501 0.1305
vn -0.6962 0.7178 0.0091
vn 0.5172 -0.8215 -0.2401
vn -0.6485 0.7441 0.1606
vn 0.0164 0.9997 -0.0157
vn -0.7043 0.7063 0.0710
vn 0.6222 0.7213 -0.3043
vn -0.9823 0.0955 -0.1611
vn 0.6866 0.6108 -0.3944
vn -0.9416 0.3018 -0.1493
vn 0.4988 0.8636 -0.0740
vn 0.9170 0.3989 0.0023
vn 0.6277 0.7048 -0.3305
vn 0.1857 0.9569 -0.2233
vn 0.7762 0.6259 -0.0759
vn 0.5443 0.8142 -0.2021
vn 0.3578 0.9149 0.1869
vn 0.9478 0.3136 0.0575
vn 0.1009 0.9480 -0.3019
vn 0.6104 0.6556 -0.4445
vn 0.9574 0.2812 0.0656
vn 0.1373 0.8798 0.4551
vn 0.2624 0.9309 -0.2540
vn 0.6033 0.6963 -0.3888
vn -0.1423 0.9859 0.0875
vn -0.6785 0.7343 0.0201
vn -0.1719 0.9798 0.1020
vn -0.8701 0.4890 0.0613
vn -0.1293 0.9887 0.0762
vn 0.0285 -0.9966 0.0779
vn 0.1081 0.9915 -0.0729
vn -0.9024 -0.3436 0.2600
vn -0.0032 0.9999 -0.0124
vn -0.9415 -0.2974 0.1582
vn 0.2129 0.9730 0.0888
vn 0.0670 0.9905 0.1201
vn 0.0896 0.9893 0.1151
vn -0.0337 0.9898 0.1381
vn -0.3090 0.9364 0.1662
vn -0.0835 0.9866 0.1400
vn 0.0934 0.9888 0.1163
vn 0.1220 0.9908 0.0584
vn 0.0031 0.9997 0.0225
vn 0.0298 0.9991 0.0307
vn 0.2488 0.9635 0.0991
vn 0.6811 0.7287 -0.0719
vn 0.1285 0.9889 0.0743
vn 0.0477 0.9915 0.1209
vn 0.2590 0.9556 0.1405
vn 0.1185 0.9875 0.1035
vn 0.2518 0.9579 0.1377
vn -0.0358 0.9897 0.1384
vn 0.0108 0.9997 0.0237
vn -0.0064 1.0000 0.0061
vn 0.0697 0.9909 0.1151
vn -0.0143 0.9999 0.0033
vn 0.1352 0.9881 0.0735
vn -0.9685 -0.0232 0.2478
vn 0.4518 0.8549 0.2551
vn 0.1228 0.9899 0.0706
vn 0.1693 0.9825 0.0782
vn 0.0930 0.9939 0.0599
vn 0.1953 0.9777 0.0767
vn 0.0707 0.9960 0.0548
vn -0.6444 0.7190 0.2605
vn 0.5063 0.8158 0.2797
vn -0.2773 0.9419 0.1896
vn 0.5722 0.7525 0.3259
vn -0.7022 -0.7069 0.0857
vn 0.4105 0.8832 0.2267
vn 0.1218 0.9919 0.0348
vn 0.2151 0.9765 0.0134
vn 0.0112 0.9989 0.0461
vn 0.0294 0.9984 0.0484
vn -0.2103 0.9699 0.1230
vn 0.0108 0.9982 0.0595
vn 0.1429 0.9895 0.0216
vn 0.0241 0.9983 0.0528
vn -0.1087 0.9900 0.0903
vn 0.0480 0.9976 0.0501
vn 0.2725 0.9578 0.0915
vn 0.0948 0.9933 0.0657
vn -0.2801 0.9590 0.0426
vn 0.1321 0.9889 0.0678
vn -0.1930 0.9803 0.0417
vn 0.1222 0.9902 0.0684
vn -0.0358 0.9978 0.0556
vn 0.0886 0.9953 0.0381
vn -0.0656 0.9967 0.0487
vn 0.0123 0.9987 0.0491
vn -0.0220 0.9986 0.0472
vn -0.4793 0.8758 0.0573
vn -0.4502 0.8922 -0.0357
vn -0.4074 0.9108 0.0675
vn -0.3701 0.9264 -0.0689
vn -0.5631 0.7916 0.2370
vn 0.5839 0.7335 0.3480
vn -0.3335 0.9239 0.1876
vn 0.4865 0.8343 0.2595
vn -0.5835 0.7748 0.2434
vn 0.5032 0.8199 0.2729
vn -0.8194 -0.5456 0.1755
vn 0.4335 0.8753 0.2146
vn -0.7455 0.6059 0.2777
vn 0.5520 0.7751 0.3073
vn -0.2897 0.9388 0.1861
vn 0.6950 0.5797 0.4252
vn -0.4495 0.8658 0.2198
vn 0.7793 0.3816 0.4971
vn 0.0095 0.9916 0.1288
vn 0.6896 0.4538 0.5643
vn -0.1497 0.9471 0.2839
vn 0.8596 0.4972 0.1176
vn -0.6941 -0.0318 -0.7192
vn 0.6723 0.7094 0.2115
vn -0.6342 -0.6422 -0.4305
vn -0.2745 0.9602 0.0518
vn 0.4233 0.8875 0.1823
vn -0.2030 0.9397 0.2754
vn 0.5716 0.7371 0.3604
vn -0.4710 -0.8325 -0.2916
vn 0.7341 0.6492 0.1989
vn -0.1303 -0.9325 0.3369
vn -0.7132 0.6618 0.2310
vn 0.4679 0.8542 0.2269
vn -0.6679 0.7195 -0.1904
vn 0.0639 0.9861 0.1535
vn 0.0934 -0.9869 -0.1318
vn 0.2520 0.9062 0.3395
vn -0.1162 -0.9924 -0.0398
vn 0.1179 0.9482 0.2951
vn -0.3712 -0.9282 0.0255
vn 0.5116 0.7869 0.3451
vn -0.5918 0.7938 0.1402
vn 0.9143 -0.0885 0.3953
vn -0.0406 -0.9971 -0.0641
vn 0.2852 0.8985 0.3338
vn -0.9263 0.2379 0.2923
vn 0.6014 0.7075 0.3712
vn -0.7461 0.6466 0.1590
vn 0.9114 -0.0101 0.4114
vn 0.5201 0.2498 0.8168
vn -0.9423 0.3330 0.0351
vn 0.9852 0.1591 0.0635
vn 0.2006 -0.0174 0.9795
vn 0.0699 0.0764 0.9946
vn -0.6232 0.7700 0.1370
vn -0.4205 0.9001 0.1140
vn 0.7520 -0.6250 0.2094
vn -0.1445 0.9877 0.0605
vn -0.8140 -0.4206 -0.4007
vn -0.8760 -0.4258 0.2263
vn 0.4357 0.8785 0.1958
vn -0.0386 0.9858 0.1634
vn -0.1275 -0.9747 -0.1836
vn -0.2174 0.9714 0.0953
vn -0.2601 0.9453 0.1967
vn 0.6882 -0.6995 -0.1926
vn 0.6596 0.7512 0.0270
vn -0.0822 0.9960 -0.0351
vn 0.0342 -0.9863 -0.1615
vn -0.4115 0.8994 0.1478
vn 0.8197 0.4045 0.4056
vn -0.2863 0.9541 0.0880
vn 0.3657 -0.9305 -0.0202
vn 0.8509 -0.5134 -0.1108
vn -0.0701 -0.0172 0.9974
vn -0.3008 0.9293 0.2142
vn 0.6875 -0.6591 -0.3048
vn 0.6503 0.7320 -0.2033
vn 0.0000 0.0000 0.0000
vn 0.9223 -0.3201 -0.2165
vn 0.5689 0.8223 0.0120
vn 0.1092 -0.9891 -0.0989
vn 0.0095 0.9603 0.2788
vn 0.1164 -0.9886 -0.0957
vn -0.0348 0.9681 0.2482
vn 0.7778 -0.5259 -0.3441
vn 0.6696 0.6241 -0.4027
vn 0.9309 -0.3012 -0.2068
vn 0.5300 0.8474 0.0324
vn -0.4134 0.9024 0.1218
vn 0.3508 -0.9337 -0.0713
vn -0.3701 0.9220 0.1141
vn 0.5044 -0.8632 0.0217
vn 0.2171 -0.9697 -0.1122
vn -0.2422 0.9550 0.1711
vn 0.7892 -0.4794 -0.3839
vn 0.6129 -0.7677 -0.1870
vn 0.6091 0.7913 -0.0545
vn 0.7933 0.6020 -0.0908
vn 0.4325 0.8997 0.0579
vn 0.8053 0.5928 0.0112
vn 0.4211 0.8976 0.1302
vn 0.8193 0.5592 0.1267
vn 0.4150 0.8957 0.1595
vn 0.8913 0.0751 0.4472
vn 0.2076 0.7885 0.5789
vn 0.8073 0.5742 0.1365
vn 0.3918 0.8770 0.2781
vn 0.4815 0.8626 -0.1553
vn 0.5636 0.8031 -0.1934
vn 0.9150 0.2958 0.2743
vn 0.3492 0.8866 0.3033
vn 0.5945 -0.6163 -0.5165
vn 0.6528 -0.7510 -0.0992
vn 0.9743 -0.2055 -0.0919
vn 0.6863 0.6961 -0.2107
vn 0.9458 -0.2727 -0.1763
vn 0.6760 0.7096 -0.1988
vn 0.0977 0.9710 -0.2181
vn -0.2027 0.9790 0.0224
vn 0.1291 0.9839 -0.1232
vn -0.0224 0.9991 0.0373
vn 0.0352 -0.9438 -0.3287
vn 0.8167 0.5473 -0.1829
vn 0.0402 -0.9702 -0.2389
vn 0.6711 0.6837 -0.2866
vn 0.9186 0.2958 0.2620
vn 0.8175 0.5582 0.1415
vn 0.6308 -0.7480 -0.2064
vn 0.3772 0.8036 -0.4604
vn -0.3953 0.9109 0.1182
vn -0.3983 0.9065 0.1400
vn 0.4893 0.8704 -0.0550
vn 0.6980 0.7103 -0.0914
vn 0.6517 0.6754 -0.3453
vn 0.0491 0.9677 -0.2473
vn -0.5129 0.8498 0.1212
vn 0.1074 0.9853 -0.1331
vn -0.1871 0.9820 -0.0259
vn -0.9007 0.2555 0.3514
vn -0.3685 0.9276 0.0622
vn -0.3887 0.9199 -0.0513
vn -0.9260 -0.0707 0.3709
vn -0.6963 0.4835 0.5305
vn 0.6720 0.6766 0.3012
vn 0.6795 0.5824 0.4462
vn 0.6577 0.6885 -0.3057
vn -0.6206 -0.6979 -0.3575
vn 0.4838 0.5891 0.6472
vn -0.0338 0.9945 -0.0995
vn 0.7081 0.7061 -0.0054
vn 0.6930 0.7210 0.0041
vn 0.8658 -0.0780 0.4943
vn 0.6576 0.6918 0.2983
vn -0.3239 -0.9356 -0.1401
vn 0.4842 0.6254 0.6119
vn 0.5892 0.7838 0.1963
vn -0.7178 -0.6387 -0.2772
vn 0.5153 0.8353 0.1918
vn 0.6874 0.6066 -0.3994
vn -0.6427 0.1446 -0.7524
vn 0.8072 0.2117 0.5510
vn 0.2904 0.9559 -0.0441
vn 0.7525 0.2746 0.5986
vn -0.2414 -0.9659 0.0940
vn 0.3358 0.6053 0.7217
vn 0.7935 0.5777 0.1914
vn 0.3959 0.9014 0.1753
vn 0.6568 0.6839 -0.3176
vn 0.4290 0.3887 -0.8154
vn -0.6250 -0.6911 -0.3630
vn 0.4954 0.5901 0.6375
vn -0.5547 -0.7748 -0.3034
vn 0.2102 0.4975 0.8416
vn -0.5660 -0.7764 -0.2770
vn 0.5069 0.5927 0.6259
vn 0.3500 -0.6926 0.6307
vn 0.2855 0.6423 0.7113
vn 0.4366 0.8997 0.0014
vn 0.5770 0.5776 -0.5774
vn 0.5513 0.7559 0.3532
vn 0.5677 0.5881 -0.5760
vn -0.1690 -0.8738 0.4561
vn 0.5426 0.6098 0.5777
vn 0.4286 0.9035 0.0022
vn 0.3990 0.7953 -0.4563
vn 0.0099 0.8663 0.4994
vn 0.6477 0.1376 0.7494
vn 0.9279 0.3688 0.0538
vn -0.1694 0.8762 -0.4512
vn -0.3916 0.7508 0.5319
vn 0.3295 -0.2672 0.9056
vn -0.1713 0.8440 0.5082
vn 0.4418 0.6610 0.6066
vn -0.6467 0.5355 0.5431
vn 0.6499 0.2237 0.7264
vn 0.4599 0.8755 0.1482
vn 0.6713 0.6181 -0.4090
vn -0.4613 0.7147 0.5257
vn 0.0547 0.5999 0.7982
vn 0.2658 0.7747 0.5738
vn -0.7603 0.3912 0.5185
vn 0.6535 0.3742 0.6580
vn 0.5500 0.7490 0.3695
vn 0.5276 0.5917 -0.6096
vn 0.3350 0.9089 -0.2481
vn 0.4084 0.7628 -0.5014
vn 0.4856 0.6892 0.5378
vn 0.6892 0.4629 -0.5575
vn 0.4660 0.8562 0.2232
vn 0.5875 0.0902 -0.8042
vn 0.8416 0.5373 0.0548
vn 0.3622 0.8877 -0.2843
vn 0.8166 0.5636 0.1244
vn 0.4165 0.9084 -0.0361
vn 0.8186 0.5635 0.1110
vn 0.4186 0.9074 0.0385
vn 0.0092 0.9831 0.1829
vn 0.0819 0.9917 -0.0991
vn 0.0738 0.9969 -0.0284
vn 0.0768 0.9970 0.0127
vn 0.0754 0.9945 -0.0730
vn 0.1072 0.9708 -0.2146
vn 0.0070 0.9773 0.2119
vn 0.0796 0.9968 0.0042
vn 0.0741 0.9969 0.0257
vn 0.0988 0.9938 -0.0506
vn 0.0907 0.9955 -0.0280
vn 0.0827 0.9965 -0.0139
vn 0.0695 0.9975 -0.0085
vn 0.0165 0.9961 -0.0867
vn 0.0376 0.9974 -0.0614
vn -0.0183 0.9901 -0.1394
vn 0.0216 0.9972 -0.0712
vn 0.0890 0.9949 0.0469
vn 0.0294 0.9938 -0.1071
vn 0.0937 0.9939 0.0590
vn 0.1245 0.9668 0.2231
vn 0.1553 0.9447 0.2887
vn 0.0808 0.9965 0.0202
vn 0.0937 0.9946 0.0446
vn 0.8724 -0.2641 -0.4112
vn -0.1025 0.9339 -0.3424
vn 0.0867 0.9954 0.0400
vn 0.0805 0.9944 -0.0691
vn 0.0674 0.9945 -0.0799
vn -0.0595 0.9950 0.0802
vn 0.0210 0.9985 0.0501
vn -0.1670 0.9700 0.1765
vn 0.0858 0.9961 -0.0186
vn 0.6115 0.6773 -0.4091
vn 0.3570 0.9067 -0.2246
vn 0.1490 0.9858 -0.0768
vn -0.1349 0.9840 0.1162
vn -0.1624 0.9778 0.1322
vn 0.0290 0.9994 0.0200
vn 0.0074 0.9996 0.0280
vn -0.2222 0.9499 0.2198
vn -0.0303 0.9441 -0.3284
vn 0.3633 0.7966 -0.4831
vn -0.1387 0.9841 0.1106
vn -0.0585 0.9957 0.0717
vn -0.0497 0.9956 0.0791
vn -0.2653 0.9498 0.1658
vn 0.0066 0.9993 0.0381
vn -0.0376 0.9977 0.0572
vn -0.3409 0.9195 0.1958
vn -0.0011 0.9992 0.0396
vn -0.0079 0.9991 0.0412
vn -0.0741 0.9923 0.0995
vn 0.0634 0.9979 0.0150
vn 0.1589 0.9802 -0.1185
vn 0.1449 0.9837 -0.1061
vn 0.1644 0.9785 -0.1243
vn -0.0194 0.9984 0.0523
vn -0.1274 0.9824 0.1363
vn 0.3332 0.9018 -0.2753
vn 0.1007 0.9941 -0.0405
vn 0.0260 0.9960 0.0855
vn 0.2065 0.9584 -0.1973
vn 0.1677 0.9787 -0.1187
vn 0.1038 0.9939 -0.0375
vn 0.0542 0.9979 0.0360
vn 0.4468 0.7640 -0.4654
vn 0.1312 0.9868 -0.0953
vn 0.2463 0.9671 -0.0639
vn 0.1365 0.9875 -0.0785
vn 0.0456 0.9950 -0.0885
vn -0.1303 0.9870 -0.0937
vn 0.0129 0.9958 -0.0907
vn -0.0327 0.9916 -0.1251
vn 0.2521 0.9651 -0.0713
vn 0.0092 0.9915 -0.1300
vn 0.3254 0.9456 0.0065
vn 0.1169 0.9895 -0.0852
vn 0.2119 0.9764 -0.0408
vn 0.2789 0.9600 -0.0246
vn 0.0471 0.9921 -0.1161
vn 0.0589 0.9930 -0.1026
vn 0.0778 0.9923 -0.0960
vn -0.0883 0.9852 -0.1469
vn 0.6598 0.7376 0.1436
vn 0.1123 0.9906 -0.0776
vn 0.0249 0.9935 -0.1107
vn -0.0348 0.9915 -0.1253
vn -0.0136 0.9926 -0.1207
vn 0.4326 0.9011 -0.0285
vn 0.1859 0.9819 -0.0356
vn 0.0972 0.9904 -0.0987
vn -0.0283 0.9870 -0.1583
vn 0.2270 0.9735 -0.0267
vn 0.1805 0.9832 -0.0280
vn 0.0598 0.9909 -0.1206
vn -0.0276 0.9712 -0.2366
vn -0.0050 0.9795 -0.2016
vn 0.4021 0.8780 0.2598
vn 0.1929 0.9801 -0.0463
vn 0.1209 0.9894 -0.0799
vn 0.1514 0.9870 -0.0544
vn 0.2025 0.9783 -0.0436
vn -0.0046 0.9867 -0.1628
vn 0.0727 0.9917 -0.1059
vn 0.1697 0.9847 -0.0404
vn 0.1149 0.9877 -0.1064
vn 0.0876 0.9844 -0.1525
vn -0.0441 0.9432 -0.3292
vn 0.2041 0.9787 0.0217
vn 0.2411 0.9633 0.1184
vn 0.5487 0.3285 0.7688
vn 0.2085 0.9780 0.0085
vn -0.1813 -0.9350 0.3047
vn -0.6327 0.7289 0.2616
vn 0.1359 0.9897 -0.0452
vn -0.8940 0.3636 0.2619
vn -0.6416 0.7499 0.1612
vn 0.1667 0.9859 0.0162
vn 0.1148 0.9823 -0.1477
vn 0.1621 0.9867 0.0130
vn 0.0114 0.9480 -0.3180
vn -0.0215 0.9990 0.0385
vn -0.0403 0.9605 -0.2752
vn -0.7026 0.7047 0.0988
vn -0.6474 0.7543 0.1096
vn 0.3634 0.9245 -0.1152
vn 0.3472 0.9305 -0.1166
vn 0.2575 0.9599 -0.1110
vn 0.3238 0.9389 -0.1163
vn 0.2678 0.9568 -0.1127
vn -0.2290 0.9676 -0.1064
vn 0.4111 0.8949 -0.1736
vn -0.5017 0.8632 0.0559
vn 0.2369 0.9624 -0.1330
vn 0.3275 0.9253 -0.1914
vn -0.0966 0.9926 -0.0739
vn -0.5581 0.8268 0.0698
vn -0.5144 0.8537 -0.0816
vn -0.0744 0.9943 -0.0763
vn 0.2853 0.9518 -0.1125
vn 0.1358 0.9862 -0.0945
vn -0.2175 0.9753 -0.0388
vn 0.0696 0.9907 -0.1168
vn 0.1162 0.9855 -0.1236
vn -0.1086 0.9842 -0.1395
vn -0.1163 0.9919 -0.0506
vn -0.2079 0.9639 -0.1661
vn -0.1607 0.9697 -0.1842
vn -0.1428 0.9849 -0.0974
vn -0.1471 0.9790 -0.1410
vn -0.1016 0.9872 -0.1233
vn -0.0852 0.9878 -0.1306
vn -0.0606 0.9891 -0.1340
vn -0.3964 0.9154 -0.0699
vn -0.0502 0.9896 -0.1346
vn 0.0902 0.9841 -0.1533
vn -0.0713 0.9885 -0.1332
vn 0.0040 0.9904 -0.1381
vn 0.4685 0.7466 -0.4723
vn -0.9577 0.2879 0.0050
vn 0.7299 -0.2074 -0.6514
vn -0.3766 0.9224 -0.0861
vn 0.9159 -0.3948 0.0728
vn 0.8672 0.3694 -0.3340
vn 0.7068 -0.7037 -0.0730
vn -0.0861 0.9882 -0.1266
vn 0.2306 0.9257 -0.2997
vn -0.6926 -0.7113 0.1197
vn 0.1490 0.9604 -0.2354
vn -0.4741 -0.8709 0.1298
vn 0.2197 0.9279 -0.3012
vn -0.2753 0.9543 -0.1161
vn -0.0957 0.9935 -0.0624
vn 0.0611 0.9883 -0.1394
vn 0.4801 0.7328 -0.4822
vn -0.7027 0.7088 -0.0613
vn 0.0458 0.9876 -0.1504
vn 0.4733 0.7260 -0.4989
vn -0.6313 0.7733 -0.0586
vn -0.5147 0.8569 -0.0292
vn 0.2652 0.9053 -0.3318
vn -0.7739 -0.6227 0.1149
vn 0.9776 0.0059 -0.2106
vn 0.9111 -0.3890 -0.1361
vn 0.2238 0.9556 -0.1918
vn 0.2665 0.9431 -0.1986
vn -0.0886 0.9873 -0.1319
vn -0.2737 0.9576 -0.0898
vn 0.2884 0.9359 -0.2023
vn -0.9672 -0.1185 0.2248
vn 0.7172 0.6503 -0.2506
vn -0.3509 0.9339 -0.0681
vn 0.9376 -0.3469 -0.0245
vn 0.7676 0.6008 -0.2231
vn -0.3404 0.9401 -0.0171
vn 0.9373 -0.3369 -0.0888
vn 0.5255 0.8508 -0.0046
vn 0.2473 0.9672 -0.0579
vn 0.1692 0.9842 -0.0515
vn 0.5423 0.6303 -0.5555
vn -0.8929 0.4502 -0.0113
vn 0.6786 0.3087 -0.6665
vn -0.3609 0.9185 -0.1617
vn 0.0913 0.8528 -0.5141
vn 0.2320 -0.9576 -0.1707
vn 0.0665 0.8465 -0.5283
vn -0.1033 0.7328 -0.6726
vn -0.6345 0.7460 -0.2023
vn 0.0987 0.6209 -0.7777
vn 0.2259 -0.9602 -0.1642
vn 0.4467 0.3339 -0.8300
vn 0.5106 -0.7401 -0.4377
vn -0.2982 0.9540 0.0315
vn -0.2273 0.9736 0.0233
vn -0.3198 0.9460 0.0541
vn -0.3216 0.9451 0.0584
vn -0.0479 0.9959 -0.0770
vn -0.0394 0.9966 -0.0724
vn -0.0003 0.9950 -0.1003
vn -0.2590 0.9658 0.0128
vn 0.0362 0.9927 -0.1151
vn -0.0487 0.9938 -0.0999
vn -0.0857 0.9937 -0.0718
vn 0.0469 0.9895 -0.1370
vn 0.0809 0.9845 -0.1555
vn -0.0548 0.9948 -0.0863
vn -0.1840 0.9829 -0.0041
vn -0.0796 0.9947 -0.0657
vn -0.2460 0.9686 0.0355
vn -0.4959 0.8682 -0.0179
vn -0.3777 0.9242 -0.0561
vn -0.7473 0.6607 0.0701
vn -0.7996 0.5933 0.0927
vn 0.9743 0.0284 -0.2232
vn -0.4151 0.9089 -0.0411
vn 0.2591 0.9460 -0.1948
vn 0.8619 -0.4939 -0.1152
vn 0.4160 -0.9084 0.0428
vn 0.0633 0.9852 -0.1590
vn 0.8458 -0.5228 -0.1059
vn 0.0072 -0.9899 0.1417
vn -0.4413 0.8966 -0.0367
vn -0.3636 0.9296 -0.0605
vn -0.7063 0.6961 -0.1290
vn -0.4270 0.9037 -0.0320
vn -0.1709 0.9198 0.3532
vn 0.2678 0.9397 -0.2125
vn -0.9751 0.0944 -0.2008
vn 0.1244 0.9883 0.0880
vn -0.4100 0.9061 -0.1046
vn 0.1641 0.9863 -0.0156
vn -0.0877 -0.9961 0.0105
vn 0.2992 0.9310 -0.2091
vn -0.3238 0.9423 -0.0849
vn 0.0939 0.9907 0.0984
vn 0.6601 0.7432 0.1088
vn 0.1834 0.9823 -0.0370
vn -0.6514 -0.7515 -0.1046
vn 0.2079 0.9755 -0.0725
vn -0.9261 0.3275 -0.1870
vn 0.2841 0.9417 -0.1800
vn -0.8766 0.4480 -0.1759
vn -0.0552 0.9080 0.4154
vn 0.8407 0.5170 0.1610
vn 0.1167 0.9897 0.0826
vn 0.2857 0.9577 0.0341
vn -0.5310 0.8336 0.1521
vn 0.1464 0.9890 0.0221
vn 0.5500 0.8304 0.0895
vn -0.2593 0.9648 -0.0433
vn 0.1526 0.8263 0.5421
vn -0.5174 0.8551 -0.0337
vn 0.1188 0.8520 0.5100
vn -0.5838 0.8114 -0.0288
vn 0.8790 -0.4333 0.1991
vn 0.6198 -0.7847 0.0066
vn -0.3529 0.9026 0.2466
vn 0.3268 -0.9449 0.0184
vn -0.1498 0.8741 0.4621
vn 0.3679 -0.9297 0.0178
vn -0.5132 0.8470 -0.1384
vn 0.1535 0.9873 -0.0416
vn -0.4616 -0.8843 -0.0706
vn 0.0650 0.9818 0.1782
vn 0.7200 0.6817 0.1299
vn 0.0057 0.9995 -0.0308
vn 0.2408 0.9564 -0.1651
vn 0.7621 0.6238 -0.1734
vn 0.9781 0.1075 -0.1784
vn -0.6762 0.7358 -0.0368
vn 0.1695 0.8341 0.5250
vn -0.5383 0.8422 -0.0303
vn -0.0745 0.8523 0.5177
vn -0.6978 0.7153 -0.0383
vn 0.0777 0.9358 0.3440
vn 0.1386 0.9903 0.0128
vn 0.1313 0.9913 -0.0090
vn -0.4417 0.8967 -0.0299
vn -0.2474 0.8799 0.4056
vn 0.1540 0.9859 -0.0652
vn 0.7359 0.6614 0.1451
vn 0.1363 0.9907 0.0048
vn 0.2591 0.9657 0.0201
vn 0.4342 0.8962 -0.0913
vn 0.0852 0.9862 0.1417
vn -0.4658 0.8845 -0.0256
vn -0.5268 0.8500 0.0062
vn -0.2392 0.9299 0.2793
vn 0.3958 -0.9178 0.0309
vn 0.1396 0.7601 0.6346
vn 0.6487 -0.7611 0.0011
vn -0.5629 0.8250 -0.0498
vn 0.5495 -0.8354 0.0132
vn -0.6101 0.7752 -0.1635
vn 0.4363 -0.8995 0.0227
vn -0.3721 0.9014 0.2212
vn -0.3760 0.7271 -0.5744
vn -0.9857 0.1676 0.0160
vn -0.3293 0.7062 -0.6269
vn -0.8002 -0.5973 0.0539
vn -0.3650 0.7238 -0.5856
vn -0.9977 0.0635 0.0241
vn 0.5441 -0.8389 0.0144
vn -0.5221 0.8502 -0.0683
vn -0.6925 0.7204 -0.0382
vn 0.2572 0.6294 0.7333
vn -0.0688 0.6352 0.7693
vn 0.7190 0.4897 -0.4932
vn -0.3738 0.7264 -0.5768
vn -0.9976 -0.0619 0.0317
vn -0.3726 0.7270 -0.5768
vn -0.7351 -0.6736 0.0762
vn 0.4818 0.8759 -0.0247
vn 0.1660 0.8643 0.4747
vn -0.4652 -0.2602 0.8461
vn 0.8288 0.5151 0.2185
vn 0.4833 0.4068 -0.7752
vn 0.7774 0.1262 -0.6162
vn 0.4081 0.9123 -0.0337
vn 0.6582 0.7444 -0.1121
vn 0.4789 0.8719 -0.1022
vn 0.2218 0.9749 -0.0216
vn 0.2155 0.9734 0.0778
vn 0.8168 0.4061 -0.4097
vn -0.4049 0.7932 0.4548
vn 0.6104 0.1912 0.7687
vn 0.6390 0.5884 -0.4955
vn 0.7963 0.3962 -0.4570
vn 0.1895 0.9815 -0.0269
vn 0.8482 0.4370 -0.2993
vn 0.3065 0.8451 -0.4380
vn 0.7195 0.4370 -0.5398
vn 0.7296 0.6838 0.0147
vn 0.6174 0.4188 -0.6659
vn 0.8237 0.4708 -0.3160
vn 0.1355 0.9906 0.0203
vn 0.7575 0.6514 0.0438
vn 0.1830 0.9830 -0.0153
vn 0.2864 0.4258 -0.8583
vn 0.3565 -0.8816 -0.3093
vn 0.6038 0.7888 -0.1152
vn 0.4754 0.8797 0.0114
vn 0.8137 0.5671 -0.1278
vn 0.3433 0.9241 -0.1678
vn 0.4939 0.3660 -0.7887
vn 0.5355 -0.7170 -0.4463
vn 0.8527 0.3517 -0.3863
vn 0.3055 0.3999 -0.8642
vn 0.7180 -0.3737 -0.5872
vn 0.6971 0.4013 -0.5942
vn 0.7544 0.3007 -0.5835
vn 0.3484 0.4207 -0.8376
vn 0.0621 -0.9964 -0.0570
vn 0.7779 0.1376 -0.6131
vn 0.4802 0.8690 -0.1196
vn 0.7525 0.6520 0.0929
vn 0.1420 0.9899 0.0029
vn 0.8182 0.5570 0.1425
vn 0.6617 0.7263 0.1860
vn -0.0425 0.9778 0.2053
vn 0.6870 0.7099 0.1553
vn 0.0795 0.9930 0.0878
vn 0.2145 0.9157 0.3398
vn 0.4723 0.8782 0.0756
vn -0.6221 0.7823 -0.0322
vn 0.5817 -0.6402 0.5017
vn 0.4215 0.9033 -0.0801
vn 0.1621 0.9864 0.0290
vn -0.5664 0.8161 0.1147
vn 0.3383 0.3356 0.8792
vn -0.5944 0.7987 -0.0939
vn -0.6988 0.7153 -0.0083
vn -0.5950 0.7982 -0.0942
vn -0.7487 0.6629 -0.0058
vn 0.2930 0.9046 0.3097
vn -0.1256 0.9714 0.2014
vn 0.1020 0.9945 0.0239
vn 0.0805 0.9967 -0.0096
vn -0.1625 0.9503 0.2656
vn -0.4141 0.6260 0.6608
vn -0.0896 0.8028 0.5895
vn 0.6772 0.1067 -0.7280
vn 0.7229 -0.2336 -0.6503
vn 0.7682 -0.4538 -0.4515
vn 0.7326 -0.1578 -0.6621
vn -0.4805 -0.3803 0.7902
vn 0.4805 0.3803 -0.7902
vn 0.2642 -0.9644 0.0079
vn 0.0480 0.9716 0.2319
vn 0.5158 -0.8565 0.0182
vn -0.7763 0.5694 -0.2704
vn -0.7774 -0.6028 0.1796
vn 0.8666 0.4138 -0.2790
vn -0.7612 -0.6375 0.1189
vn 0.7612 0.6375 -0.1189
vn 0.3420 0.9371 -0.0700
vn 0.1691 0.9856 0.0084
vn -0.5955 0.8032 -0.0119
vn -0.7093 0.6748 -0.2039
vn 0.4425 0.8931 -0.0813
vn 0.1624 0.9854 0.0518
vn -0.4541 0.7689 -0.4502
vn -0.9748 0.2227 0.0156
vn -0.7169 -0.4386 -0.5419
vn 0.7169 0.4386 0.5419
vn 0.3251 0.3341 -0.8847
vn -0.3251 -0.3341 0.8847
vn -0.5588 0.8182 0.1357
vn -0.4308 0.9023 -0.0130
vn -0.6771 0.7354 -0.0257
vn -0.6369 0.7709 0.0006
vn -0.6874 0.7035 -0.1804
vn -0.5639 0.8154 0.1311
vn -0.2322 0.9726 -0.0116
vn -0.5920 0.8007 0.0911
vn -0.5338 0.8455 -0.0116
vn -0.5555 0.8176 0.1514
vn -0.3387 0.9408 -0.0126
vn -0.5874 0.8092 -0.0113
vn -0.6106 0.7918 -0.0108
vn 0.9152 0.3666 -0.1673
vn 0.7432 0.6562 0.1307
vn -0.3110 0.9334 0.1792
vn -0.4220 0.8774 0.2282
vn -0.7043 0.7072 -0.0620
vn -0.6611 0.7368 -0.1420
vn -0.0822 0.8954 0.4376
vn -0.3572 0.9333 0.0365
vn -0.3743 0.9256 -0.0566
vn 0.9386 0.0534 -0.3409
vn 0.3422 0.2860 0.8950
vn 0.8230 0.4283 -0.3732
vn 0.7543 0.2582 -0.6037
vn 0.7090 0.6983 0.0985
vn 0.3116 0.3985 0.8626
vn 0.5748 0.8120 0.1009
vn 0.5929 0.8053 0.0007
vn 0.5684 0.6602 -0.4910
vn 0.8707 0.4867 -0.0713
vn 0.8579 0.4912 0.1507
vn -0.2602 0.9653 -0.0210
vn 0.0906 0.9687 0.2311
vn 0.5717 0.4805 -0.6651
vn 0.6016 0.6798 -0.4195
vn 0.9274 0.3201 -0.1935
vn -0.9274 -0.3201 0.1935
vn 0.3203 0.8281 0.4600
vn 0.9601 -0.0954 -0.2630
vn -0.9601 0.0954 0.2630
vn -0.7936 0.5560 0.2471
vn 0.7936 -0.5560 -0.2471
vn 0.9955 -0.0599 -0.0729
vn -0.9247 -0.0432 0.3782
vn 0.0000 0.0000 0.0000
vn 0.2779 0.4142 -0.8667
vn 0.6475 -0.4931 -0.5810
vn -0.5779 0.7988 -0.1671
vn -0.9996 -0.0120 0.0265
vn 0.1887 0.6686 0.7193
vn 0.5655 0.8188 0.0989
vn 0.7513 0.6589 0.0370
vn -0.4301 0.3683 0.8242
vn -0.4932 -0.1402 -0.8586
vn 0.4932 0.1402 0.8586
vn 0.8078 -0.4347 -0.3981
vn -0.8078 0.4347 0.3981
vn 0.9141 0.3582 -0.1902
vn -0.9141 -0.3582 0.1902
vn -0.4464 -0.1043 -0.8887
vn 0.4464 0.1043 0.8887
vn 0.9570 0.1453 -0.2511
vn -0.9570 -0.1453 0.2511
vn 0.0745 0.9413 0.3293
vn 0.1162 0.9924 0.0398
vn 0.4180 0.8730 0.2514
vn 0.4083 0.9094 0.0794
vn 0.2056 0.4622 -0.8626
vn 0.0914 -0.9930 -0.0754
vn 0.8422 0.3204 0.4337
vn -0.8422 -0.3204 -0.4337
vn 0.1734 0.9252 -0.3375
vn -0.0407 0.9990 0.0177
vn 0.2433 0.9630 0.1161
vn 0.0139 0.7777 0.6285
vn 0.4816 0.8752 0.0454
vn -0.2839 0.9547 -0.0895
vn 0.4876 -0.8730 0.0077
vn -0.5285 0.8489 0.0007
vn -0.1084 0.9839 -0.1421
vn -0.2205 0.9690 -0.1112
vn -0.0934 0.9839 -0.1523
vn -0.2334 0.9668 -0.1044
vn -0.3632 0.9296 -0.0627
vn -0.5091 0.8606 -0.0136
vn -0.2892 0.9534 -0.0863
vn 0.5570 -0.8304 0.0116
vn -0.4344 0.8922 0.1234
vn 0.1974 0.9733 -0.1169
vn 0.1699 0.9837 0.0596
vn 0.6000 0.7992 -0.0360
vn -0.0656 -0.8613 -0.5038
vn 0.2376 0.9632 -0.1254
vn 0.2513 0.9675 0.0266
vn 0.7169 -0.6970 -0.0168
vn -0.5150 0.8568 0.0253
vn 0.2856 0.9529 0.1019
vn 0.5200 0.8508 0.0756
vn -0.4348 0.9000 -0.0313
vn -0.3653 0.9290 -0.0589
vn -0.2815 0.9553 -0.0904
vn 0.4169 0.8972 -0.1459
vn 0.6566 -0.4011 -0.6388
vn 0.3456 0.9383 0.0071
vn 0.1843 0.9820 0.0414
vn -0.3385 0.9389 -0.0630
vn -0.3163 0.9456 -0.0756
vn 0.1084 0.9939 0.0196
vn -0.0082 0.9930 0.1174
vn 0.2338 0.9665 -0.1060
vn -0.0488 0.9866 0.1558
vn -0.1509 0.9648 0.2154
vn 0.0933 0.9949 0.0383
vn 0.0604 0.9956 0.0712
vn 0.2919 0.9426 -0.1621
vn 0.1529 0.9881 -0.0154
vn 0.4402 0.8601 -0.2578
vn 0.1450 0.9876 -0.0608
vn -0.0975 0.9795 0.1763
vn -0.0495 0.9883 0.1441
vn 0.1331 0.9911 -0.0017
vn 0.1597 0.9859 -0.0499
vn 0.1585 0.9862 -0.0475
vn 0.2444 0.9492 -0.1981
vn 0.1002 0.9942 0.0403
vn 0.0994 0.9938 0.0491
vn 0.1127 0.9932 0.0304
vn 0.0980 0.9940 0.0495
vn 0.1141 0.9931 0.0278
vn 0.2092 0.9739 -0.0880
vn -0.0840 0.9934 0.0782
vn -0.0339 0.9858 -0.1646
vn 0.1818 0.9787 -0.0954
vn 0.1336 0.9894 0.0560
vn 0.1251 0.9921 0.0086
vn 0.1837 0.9811 -0.0600
vn -0.4840 0.8674 0.1151
vn -0.5182 0.8528 0.0648
vn -0.5255 0.8506 -0.0203
vn -0.0923 0.9940 0.0580
vn -0.7082 0.7025 0.0707
vn 0.1070 0.9815 -0.1588
vn -0.3340 -0.9363 0.1089
vn -0.5215 0.8310 0.1937
vn 0.0897 0.9893 -0.1151
vn 0.0590 0.9959 -0.0681
vn 0.0924 0.9897 -0.1093
vn -0.9650 0.2394 0.1069
vn -0.1151 0.9840 0.1360
vn -0.7358 0.6731 0.0744
vn -0.1013 0.9866 0.1277
vn -0.7958 0.5994 0.0861
vn -0.1709 0.9529 0.2504
vn -0.5703 0.8200 0.0489
vn -0.0705 0.9973 0.0214
vn 0.8790 0.4618 -0.1186
vn -0.1048 0.9868 0.1235
vn -0.7570 0.6486 0.0795
vn 0.3340 0.8484 -0.4107
vn -0.3833 0.9232 -0.0263
vn -0.5658 0.8216 0.0696
vn -0.5923 0.8056 -0.0123
vn -0.7226 0.4031 -0.5616
vn -0.4350 0.9003 -0.0158
vn -0.4325 0.9015 -0.0162
vn -0.3393 0.9336 0.1149
vn -0.3182 0.9362 0.1493
vn 0.3239 0.9441 -0.0606
vn -0.3184 -0.9477 -0.0201
vn 0.2569 0.9530 -0.1607
vn -0.3028 -0.9527 -0.0253
vn 0.4778 0.6952 0.5370
vn 0.2114 0.9763 0.0459
vn -0.1627 -0.8410 0.5160
vn 0.3970 0.9177 -0.0130
vn 0.3944 0.9135 0.0995
vn -0.4407 0.8810 0.1723
vn -0.1248 0.4979 -0.8582
vn 0.5910 0.8028 -0.0791
vn 0.2520 0.9104 -0.3280
vn 0.6026 0.7937 -0.0835
vn 0.3791 0.9238 0.0537
vn 0.4988 0.8656 -0.0431
vn 0.3605 0.9327 0.0112
vn -0.3230 -0.9462 -0.0195
vn 0.5519 0.7420 0.3806
vn -0.5188 -0.8531 0.0555
vn 0.3519 0.8626 0.3634
vn 0.1878 0.9789 0.0806
vn 0.1529 0.9431 -0.2953
vn -0.2785 -0.9599 -0.0327
vn 0.3928 0.7228 0.5686
vn 0.1495 0.9854 0.0815
vn 0.0009 -0.8870 0.4617
vn -0.5020 -0.8635 0.0483
vn 0.4014 0.8076 0.4321
vn 0.2526 0.9520 -0.1727
vn -0.3692 -0.9293 -0.0013
vn 0.4861 0.8585 0.1636
vn 0.3914 0.9196 -0.0332
vn 0.4318 0.8111 0.3945
vn 0.1884 0.9804 0.0568
vn 0.8521 0.3577 -0.3821
vn -0.8688 0.4924 -0.0518
vn -0.1387 0.9425 0.3040
vn -0.5051 0.8619 0.0439
vn -0.1040 0.9841 0.1438
vn -0.4938 0.8685 0.0426
vn -0.0378 0.9983 -0.0454
vn -0.7262 -0.6791 0.1069
vn -0.0497 0.9985 -0.0228
vn -0.2257 0.9181 0.3259
vn 0.9843 0.1737 -0.0317
vn 0.0253 -0.9994 0.0216
vn -0.0253 0.9994 -0.0216
vn -0.7223 -0.6886 0.0642
vn 0.7223 0.6886 -0.0642
vn 0.0000 0.0000 0.0000
vn 0.6882 0.6965 -0.2031
vn -0.9918 0.1278 -0.0026
vn -0.1624 0.9326 0.3225
vn 0.9574 0.2861 -0.0389
vn -0.1328 0.9765 0.1697
vn -0.6551 0.7531 0.0610
vn 0.4941 0.8690 0.0256
vn -0.1207 -0.9821 0.1447
vn 0.2991 0.9519 0.0670
vn 0.7432 0.6647 -0.0769
vn 0.4622 0.6112 -0.6424
vn 0.8690 0.4905 0.0652
vn -0.4301 -0.8929 0.1333
vn 0.0189 0.9731 0.2295
vn 0.7879 -0.6108 0.0778
vn 0.0000 0.0000 0.0000
vn -0.6564 -0.7470 0.1059
vn 0.6493 0.7591 0.0466
vn -0.5765 -0.8100 0.1070
vn 0.5765 0.8100 -0.1070
vn 0.1868 0.9579 -0.2178
vn 0.2527 -0.9667 0.0410
vn 0.0283 0.9979 -0.0589
vn -0.0726 -0.9950 0.0684
vn 0.2155 -0.0390 -0.9757
vn -0.2849 0.7811 0.5556
vn 0.0675 0.9914 -0.1120
vn -0.7743 0.6238 0.1060
vn -0.2235 0.9443 0.2416
vn -0.0044 -0.9983 0.0578
vn 0.2728 0.1800 -0.9451
vn -0.5794 -0.7954 0.1778
vn 0.2388 0.9699 0.0469
vn 0.0485 0.9956 -0.0797
vn 0.8245 0.5521 -0.1240
vn 0.4878 0.7859 -0.3801
vn -0.9919 0.1271 -0.0071
vn 0.5684 0.7569 0.3225
vn 0.9999 0.0058 -0.0090
vn 0.5880 0.8032 0.0950
vn -0.7937 0.6040 -0.0719
vn 0.6053 0.6575 0.4487
vn 0.9330 0.3556 -0.0552
vn 0.5825 0.5746 0.5749
vn 1.0000 0.0020 -0.0046
vn 0.5284 0.8398 -0.1244
vn -0.3632 0.9111 -0.1950
vn 0.6136 0.6412 0.4609
vn -0.5740 -0.8144 0.0856
vn 0.6090 0.6327 0.4783
vn 0.9687 0.2449 -0.0414
vn 0.2019 0.9610 0.1889
vn 0.9158 0.3998 -0.0372
vn 0.2119 0.9617 0.1738
vn 0.9824 0.1863 0.0116
vn 0.6318 0.5196 0.5752
vn 0.9980 0.0608 -0.0150
vn 0.7196 -0.0824 0.6895
vn -0.4805 -0.8766 0.0276
vn 0.1792 -0.3942 -0.9014
vn -0.0905 -0.9816 -0.1681
vn 0.7847 0.4585 0.4173
vn 0.9885 0.1159 -0.0973
vn 0.9135 0.4062 -0.0228
vn 0.7545 0.4936 -0.4326
vn 0.9644 0.2561 -0.0655
vn 0.8016 0.2961 -0.5193
vn -0.4855 0.8535 -0.1890
vn 0.5676 -0.6415 0.5161
vn -0.1845 -0.9748 -0.1255
vn 0.1308 0.8302 0.5419
vn -0.0295 -0.9773 -0.2098
vn 0.7861 0.3763 -0.4903
vn -0.9272 0.3634 -0.0908
vn -0.0245 0.9996 -0.0164
vn 0.3215 0.9420 -0.0962
vn -0.2423 0.9551 0.1703
vn -0.9374 -0.3186 0.1405
vn 0.0843 0.7940 0.6021
vn 0.2629 0.9645 0.0247
vn 0.4477 0.6087 0.6550
vn 0.3391 0.9405 -0.0232
vn 0.6157 0.5003 0.6089
vn 0.2581 0.9655 0.0362
vn 0.7526 0.3939 0.5277
vn 0.5097 0.8420 -0.1767
vn 0.3423 0.9396 -0.0039
vn 0.2847 0.9567 0.0599
vn 0.2939 0.9558 0.0036
vn 0.1416 0.9892 0.0380
vn 0.0380 0.9944 0.0988
vn 0.1053 -0.9944 -0.0084
vn 0.2387 0.9710 0.0142
vn -0.5250 -0.8467 -0.0862
vn 0.3309 0.9436 -0.0076
vn 0.2835 0.9573 0.0566
vn 0.2909 0.9536 -0.0776
vn 0.1747 0.9840 0.0344
vn 0.3111 0.9486 -0.0577
vn 0.2443 0.9683 0.0514
vn 0.4674 0.8831 0.0412
vn 0.3599 0.9289 0.0871
vn -0.1262 0.9873 0.0965
vn -0.1606 0.9732 -0.1644
vn -0.0871 0.9930 0.0803
vn -0.2517 0.9416 -0.2235
vn 0.2633 0.9642 -0.0306
vn 0.2755 0.9596 0.0575
vn -0.1179 0.9884 0.0961
vn -0.1433 0.9894 -0.0235
vn 0.3764 0.4330 -0.8191
vn 0.1253 0.9454 -0.3010
vn 0.1181 0.9569 -0.2653
vn 0.0705 0.9975 0.0075
vn 0.1860 0.9825 -0.0123
vn 0.1900 0.9804 -0.0528
vn 0.1792 0.9835 0.0251
vn -0.0338 0.9992 0.0204
vn -0.0355 0.9952 -0.0913
vn 0.0996 0.9948 -0.0203
vn 0.1462 0.9892 0.0027
vn 0.2310 0.9711 -0.0592
vn 0.2422 0.9688 0.0517
vn 0.1872 0.9808 -0.0544
vn 0.2312 0.9718 0.0468
vn 0.0257 0.9996 -0.0138
vn 0.0429 0.9981 -0.0445
vn 0.4343 0.9006 0.0169
vn 0.2846 0.9565 0.0634
vn 0.0786 0.9968 -0.0141
vn -0.2709 -0.9239 -0.2701
vn 0.1459 0.9719 0.1850
vn -0.0650 0.9842 0.1646
vn 0.2984 0.9493 0.0991
vn -0.5994 0.7981 -0.0622
vn 0.5230 0.8499 -0.0641
vn -0.5798 0.8130 -0.0540
vn 0.3642 0.9301 0.0482
vn 0.0006 0.9799 0.1994
vn 0.1856 0.9578 0.2196
vn -0.3016 0.9513 0.0638
vn 0.4009 0.9031 -0.1541
vn 0.3647 0.8751 0.3182
vn 0.0667 0.9487 0.3090
vn 0.3333 0.8892 0.3135
vn 0.1122 0.9520 0.2847
vn -0.1498 0.9796 0.1337
vn 0.2950 0.9547 0.0399
vn -0.2566 0.9627 0.0863
vn 0.3300 0.9423 0.0562
vn 0.9787 0.2053 0.0043
vn 0.9051 0.4246 -0.0218
vn 0.7061 0.4191 0.5707
vn 0.9332 -0.3287 0.1451
vn 0.8624 0.3684 -0.3471
vn 0.8372 0.5395 -0.0899
vn 0.9254 0.3422 -0.1628
vn -0.9843 0.1427 -0.1042
vn 0.8247 0.4351 0.3613
vn 0.9690 -0.2164 0.1191
vn 0.0434 0.9732 0.2260
vn 0.2629 0.9456 0.1914
vn 0.6440 0.3965 -0.6543
vn -0.9947 -0.0932 -0.0440
vn 0.0449 0.9684 0.2454
vn 0.3770 0.9196 0.1102
vn -0.2410 0.9663 0.0899
vn 0.3647 0.9306 -0.0331
vn -0.1426 0.9794 0.1427
vn 0.5893 0.6409 0.4919
vn -0.1143 0.9816 0.1528
vn 0.2930 0.9559 -0.0202
vn -0.2093 0.9721 0.1062
vn 0.1679 0.8311 -0.5302
vn -0.2418 0.9662 0.0891
vn 0.2521 0.9304 -0.2662
vn 0.5513 0.6886 0.4711
vn 0.2695 0.9533 0.1361
vn 0.8294 -0.4025 0.3875
vn 0.6092 0.5473 0.5739
vn 0.7489 0.4058 0.5239
vn 0.5677 0.6522 0.5023
vn -0.0657 0.9820 0.1769
vn 0.2097 0.9758 0.0627
vn 0.0590 0.9660 0.2519
vn 0.6148 0.6865 0.3883
vn 0.1872 0.9309 0.3137
vn 0.3209 0.9128 0.2526
vn 0.5526 0.6681 0.4982
vn 0.5965 0.7065 0.3808
vn 0.3246 0.8594 0.3951
vn 0.6301 0.6670 0.3976
vn 0.3487 0.8449 0.4057
vn 0.2901 0.9321 0.2168
vn 0.3721 0.9008 0.2237
vn 0.4917 0.8691 0.0529
vn 0.4172 0.8817 0.2205
vn 0.8178 0.5677 -0.0941
vn -0.0582 0.9856 0.1587
vn 0.1475 0.9789 0.1415
vn 0.6777 0.4295 0.5968
vn 0.7226 0.5804 0.3755
vn 0.4939 0.8421 0.2168
vn 0.7791 0.6228 -0.0714
vn 0.4454 0.7473 0.4931
vn 0.7800 0.5000 0.3763
vn 0.2397 0.9053 0.3507
vn 0.4086 0.8693 0.2782
vn 0.2176 0.9097 0.3536
vn -0.2212 -0.9651 -0.1398
vn 0.1597 0.9449 0.2856
vn -0.3919 0.8687 0.3029
vn 0.1890 0.9298 0.3159
vn 0.3797 0.8861 0.2657
vn 0.0018 0.9727 0.2319
vn -0.1128 0.9630 0.2449
vn 0.1779 0.9354 0.3056
vn -0.0891 0.8504 0.5185
vn -0.3683 0.8806 0.2981
vn 0.4387 0.8728 0.2139
vn 0.3250 0.9383 0.1182
vn 0.1948 0.9276 0.3189
vn -0.0130 0.9491 0.3148
vn 0.4598 -0.6801 -0.5710
vn 0.5318 0.8391 -0.1142
vn 0.7132 0.6981 0.0635
vn 0.9291 -0.1967 -0.3130
vn 0.8508 0.5238 -0.0417
vn 0.9759 0.2178 -0.0142
vn 0.9763 0.2151 0.0227
vn 0.9845 0.0296 -0.1728
vn -0.5902 0.7858 -0.1848
vn -0.8995 0.1953 0.3908
vn 0.9974 0.0206 0.0691
vn 0.9798 0.1598 -0.1203
vn -0.9671 0.2272 -0.1143
vn 0.8424 0.4640 0.2742
vn 0.9030 -0.4033 0.1484
vn 0.9635 0.0104 -0.2676
vn 0.9014 0.4196 -0.1070
vn 0.5929 0.8004 0.0886
vn -0.0623 -0.8272 -0.5585
vn 0.6782 -0.5207 -0.5185
vn 0.0251 0.9866 -0.1615
vn 0.6545 0.6946 0.2986
vn -0.6604 -0.7232 -0.2021
vn 0.4735 0.8676 -0.1519
vn 0.9195 0.1945 -0.3415
vn 0.8904 0.2229 -0.3968
vn -0.9048 -0.4258 0.0010
vn 0.9727 0.1094 -0.2048
vn 0.4752 0.8673 -0.1483
vn 0.7774 -0.2655 -0.5702
vn 0.4653 0.7853 -0.4085
vn 0.8461 0.5311 -0.0446
vn 0.6803 0.7256 -0.1033
vn 0.0710 -0.8162 -0.5734
vn 0.7106 0.5863 -0.3889
vn 0.9817 0.1785 -0.0657
vn 0.4887 0.8714 -0.0427
vn 0.4169 0.9062 -0.0709
vn 0.4138 0.9101 0.0216
vn 0.2076 0.9773 -0.0428
vn 0.4598 0.8777 -0.1352
vn 0.6167 0.7853 -0.0555
vn 0.4067 0.9129 0.0356
vn 0.2969 0.9538 -0.0471
vn 0.5815 0.8135 0.0081
vn 0.3554 -0.7169 -0.5998
vn 0.5454 0.8258 -0.1436
vn -0.0350 -0.8432 -0.5365
vn 0.3861 0.6515 -0.6530
vn 0.9779 0.2091 -0.0073
vn 0.3761 0.6308 -0.6787
vn 0.9796 0.2008 -0.0045
vn 0.3929 0.6813 -0.6176
vn 0.7731 0.6327 -0.0448
vn 0.4803 0.8529 -0.2048
vn 0.6662 0.7436 -0.0563
vn 0.5945 0.8040 -0.0110
vn -0.8137 -0.5803 -0.0330
vn 0.4764 0.8595 -0.1854
vn 0.6591 0.7499 -0.0566
vn 0.0282 0.9994 0.0191
vn -0.0085 0.9976 -0.0684
vn 0.0169 0.9980 -0.0617
vn 0.0328 0.9956 -0.0883
vn 0.0123 0.9990 -0.0441
vn -0.0695 0.9882 0.1365
vn -0.0546 0.9810 -0.1862
vn -0.0195 0.9958 -0.0894
vn -0.0204 0.9998 -0.0038
vn -0.0267 0.9996 0.0103
vn -0.0644 0.9943 0.0847
vn -0.0244 0.9969 -0.0750
vn -0.0301 0.9948 -0.0976
vn -0.0427 0.9908 -0.1281
vn -0.4020 0.9033 0.1496
vn -0.4493 0.8511 0.2716
vn -0.3063 0.9519 -0.0031
vn -0.3647 0.9299 0.0472
vn -0.4473 0.8898 0.0907
vn -0.3855 0.9223 -0.0288
vn -0.3613 0.9314 0.0444
vn -0.1756 0.9836 -0.0402
vn -0.2465 0.9637 -0.1021
vn -0.4973 0.8574 0.1326
vn -0.4797 0.8688 0.1225
vn 0.4448 0.8764 -0.1847
vn 0.1413 0.9899 0.0095
vn 0.1814 0.9833 -0.0170
vn 0.0431 0.9961 0.0766
vn 0.0821 0.9954 0.0492
vn -0.2490 0.9395 0.2354
vn 0.0524 0.9969 0.0579
vn 0.0582 0.9966 0.0586
vn 0.2716 0.9601 -0.0669
vn 0.1880 0.9820 -0.0173
vn 0.5092 0.8378 -0.1971
vn 0.3099 0.9469 -0.0855
vn -0.2355 0.9689 0.0757
vn -0.5812 0.8000 0.1492
vn 0.0967 0.9740 0.2051
vn 0.0208 0.9804 0.1959
vn 0.0547 0.9963 0.0661
vn 0.2618 0.9242 -0.2781
vn 0.0923 0.9760 -0.1972
vn -0.3318 0.9431 0.0196
vn -0.5758 0.7760 0.2575
vn 0.2567 0.9641 -0.0677
vn 0.2367 0.9707 -0.0421
vn 0.0108 0.9952 -0.0971
vn -0.1154 0.9602 -0.2543
vn -0.3949 0.9113 0.1162
vn 0.1443 0.9891 -0.0292
vn 0.1465 0.9825 0.1148
vn -0.4320 0.8976 0.0873
vn 0.1716 0.9312 0.3216
vn 0.0500 0.9985 0.0214
vn -0.1553 0.9849 -0.0770
vn -0.0981 0.9940 -0.0475
vn -0.3714 0.9095 -0.1867
vn 0.0773 0.9957 0.0519
vn 0.2828 0.9432 0.1742
vn 0.3528 0.9352 0.0314
vn 0.2364 0.9717 0.0034
vn 0.0962 0.9935 0.0610
vn 0.1853 0.9825 0.0187
vn 0.1645 0.9848 0.0554
vn 0.1715 0.9510 0.2574
vn 0.0855 0.9940 0.0677
vn 0.0173 0.9998 0.0098
vn 0.0827 0.9948 0.0600
vn 0.0131 0.9999 0.0057
vn 0.0617 0.9970 0.0465
vn 0.0481 0.9982 0.0357
vn -0.0935 0.9859 -0.1390
vn -0.0084 1.0000 -0.0037
vn 0.0670 0.9970 0.0394
vn -0.0437 0.9984 -0.0360
vn 0.6046 0.3772 -0.7015
vn -0.7598 0.6186 -0.2002
vn 0.9719 0.2293 -0.0537
vn 0.9698 -0.2040 0.1335
vn 0.8977 0.3391 -0.2812
vn -0.4447 0.8626 -0.2413
vn 0.9344 0.2754 -0.2259
vn -0.4142 0.8760 -0.2470
vn 0.7846 0.4409 -0.4358
vn 0.1146 0.9701 -0.2139
vn 0.9764 0.1979 -0.0868
vn -0.1572 0.9611 -0.2272
vn 0.9366 -0.2131 0.2783
vn 0.3614 0.9180 -0.1636
vn 0.3589 0.9332 0.0211
vn 0.3390 0.9401 -0.0353
vn 0.5285 0.8316 -0.1706
vn 0.6208 0.7806 -0.0724
vn 0.5431 0.8233 -0.1648
vn 0.3316 0.9421 -0.0503
vn 0.4304 0.9026 -0.0026
vn 0.3679 0.9284 -0.0525
vn 0.4145 0.9097 0.0240
vn 0.2937 0.9547 -0.0473
vn 0.2857 0.9555 0.0739
vn 0.2585 0.9658 -0.0212
vn 0.4701 0.8776 -0.0939
vn 0.6716 0.7318 -0.1159
vn 0.7928 0.5768 -0.1970
vn 0.5489 0.8295 -0.1030
vn 0.8171 0.5293 -0.2283
vn 0.8884 0.4113 -0.2037
vn 0.3768 0.9257 0.0319
vn 0.1161 0.9932 0.0066
vn 0.3387 0.9399 0.0430
vn 0.2873 0.9574 -0.0283
vn 0.9784 0.2067 0.0096
vn 0.9514 0.3078 0.0106
vn 0.9891 0.1377 0.0526
vn 0.9934 -0.0252 0.1122
vn 0.9836 -0.0484 0.1736
vn 0.9217 -0.3396 0.1875
vn 0.0983 0.9951 0.0089
vn 0.1712 0.9837 0.0552
vn 0.1210 0.9926 0.0055
vn 0.1833 0.9817 0.0508
vn 0.9815 0.1907 0.0178
vn 0.9603 0.2781 0.0208
vn 0.9304 -0.2120 0.2991
vn 0.7995 -0.5557 0.2281
vn 0.0163 0.9998 0.0080
vn 0.1052 0.9900 0.0945
vn 0.1276 0.9918 0.0073
vn 0.1866 0.9812 0.0485
vn 0.1101 0.9939 0.0083
vn 0.1984 0.9792 0.0436
vn 0.0381 0.9992 0.0078
vn 0.1540 0.9857 0.0679
vn 0.0493 0.9987 0.0143
vn 0.1796 0.9824 0.0518
vn 0.1335 0.9910 0.0077
vn 0.1756 0.9830 0.0541
vn 0.9367 0.3450 -0.0592
vn 0.9321 0.3620 -0.0095
vn 0.2119 0.9772 -0.0155
vn 0.2756 0.9611 0.0187
vn -0.3849 0.9229 0.0109
vn -0.3818 0.9242 -0.0043
vn -0.3947 0.9137 -0.0966
vn 0.1529 0.9819 -0.1121
vn -0.3897 0.9171 -0.0842
vn -0.3726 0.9280 -0.0032
vn -0.3343 0.9352 0.1169
vn -0.3233 0.9338 0.1533
vn -0.3746 0.9264 0.0391
vn -0.3386 0.9366 0.0902
vn -0.3406 0.9361 0.0880
vn -0.2711 0.9393 0.2101
vn -0.3712 0.9277 0.0398
vn -0.3581 0.9317 0.0607
vn -0.3980 0.9049 0.1510
vn 0.1397 0.9835 -0.1150
vn -0.4140 0.9103 -0.0006
vn -0.5908 0.7896 0.1659
vn 0.1516 0.9869 -0.0558
vn 0.1258 0.9916 0.0309
vn 0.0917 0.9907 0.1004
vn 0.1453 0.9866 -0.0745
vn 0.1344 0.9909 -0.0065
vn -0.2552 0.9646 -0.0670
vn -0.8439 0.3629 0.3953
vn -0.3797 0.9228 0.0659
vn 0.1175 0.9902 0.0758
vn 0.1189 0.9918 0.0459
vn 0.1531 0.9738 -0.1682
vn 0.1326 0.9912 -0.0009
vn -0.4462 0.8743 0.1911
vn -0.0239 0.9996 -0.0146
vn -0.1474 0.9795 0.1375
vn -0.1312 0.9852 0.1100
vn -0.2274 0.9712 0.0707
vn -0.0879 0.9959 -0.0221
vn 0.1035 0.9945 0.0158
vn 0.0556 0.9978 -0.0353
vn 0.0241 0.9965 -0.0800
vn 0.1695 0.9834 0.0643
vn 0.0973 0.9952 0.0094
vn 0.0900 0.9959 0.0019
vn 0.0766 0.9970 -0.0150
vn 0.1635 0.9844 0.0645
vn 0.3905 0.8615 -0.3247
vn -0.7796 0.6228 0.0659
vn 0.6769 0.7242 0.1314
vn 0.8830 0.4191 -0.2114
vn 0.3985 0.9171 0.0097
vn 0.8286 0.4321 -0.3559
vn -0.8418 0.3723 -0.3909
vn 0.9117 -0.2199 0.3470
vn -0.0060 0.9905 -0.1376
vn 0.8071 0.4504 -0.3818
vn -0.4149 0.8630 -0.2881
vn 0.1035 0.6632 -0.7413
vn -0.4360 0.8518 -0.2904
vn 0.7463 0.4918 -0.4485
vn 0.1324 0.9869 -0.0925
vn 0.8387 0.4579 -0.2949
vn 0.0207 0.9921 -0.1240
vn 0.8303 0.4218 -0.3643
vn -0.3803 0.8986 -0.2190
vn 0.8443 0.4100 -0.3451
vn -0.3268 0.9451 -0.0084
vn 0.0845 0.9910 -0.1040
vn -0.3502 0.9343 0.0663
vn 0.2147 0.9760 0.0368
vn -0.3300 0.9425 -0.0524
vn 0.1459 0.9699 -0.1948
vn 0.1738 0.9808 -0.0884
vn 0.8397 0.2977 -0.4542
vn 0.2918 0.9556 -0.0409
vn 0.8080 0.4522 -0.3777
vn 0.2706 0.9616 -0.0457
vn 0.8509 0.4329 -0.2977
vn -0.3247 0.9162 -0.2350
vn 0.0435 0.9578 -0.2842
vn -0.3200 0.9245 -0.2070
vn 0.0646 0.9464 -0.3165
vn -0.3122 0.9480 -0.0611
vn 0.0798 0.9761 -0.2023
vn -0.3225 0.9326 0.1623
vn 0.1425 0.8961 -0.4203
vn -0.2856 0.9286 -0.2371
vn 0.0932 0.9358 -0.3398
vn -0.3246 0.8952 -0.3052
vn 0.0742 0.9283 -0.3644
vn -0.3307 0.9316 0.1509
vn 0.2265 0.6972 -0.6802
vn 0.0714 0.9391 -0.3362
vn -0.2611 0.9622 -0.0776
vn 0.0621 0.9621 -0.2655
vn -0.2645 0.9602 -0.0897
vn -0.3042 0.9413 -0.1463
vn -0.0921 0.9875 -0.1279
vn 0.0517 0.9384 -0.3415
vn 0.0083 0.9821 -0.1882
vn 0.0829 0.9334 -0.3492
vn 0.0733 0.9624 -0.2615
vn -0.2975 0.9454 -0.1331
vn -0.0396 0.9864 -0.1593
vn 0.0449 0.9360 -0.3490
vn -0.2984 0.9443 -0.1386
vn 0.0368 0.9886 -0.1459
vn -0.0025 0.9341 -0.3569
vn -0.2741 0.9565 -0.0994
vn 0.0703 0.9425 -0.3266
vn -0.2560 0.9640 -0.0719
vn 0.2345 0.9721 0.0083
vn 0.8302 0.4081 -0.3798
vn -0.7236 0.5867 -0.3636
vn 0.7812 0.4874 -0.3900
vn 0.0295 0.9955 -0.0904
vn 0.5987 0.6034 -0.5267
vn 0.2777 0.9605 0.0202
vn 0.4614 0.7153 -0.5247
vn 0.0083 0.9934 -0.1146
vn 0.8934 0.2945 -0.3392
vn 0.4570 0.8785 -0.1388
vn 0.3803 0.9226 0.0646
vn 0.6411 0.6287 -0.4402
vn 0.5062 0.8018 -0.3177
vn 0.3401 0.9391 0.0488
vn -0.0911 0.8957 -0.4353
vn 0.4525 0.8801 -0.1438
vn 0.6145 0.7523 -0.2377
vn 0.5350 0.8226 -0.1929
vn -0.0314 0.8849 -0.4646
vn 0.4892 0.8163 -0.3072
vn 0.2469 0.9674 -0.0555
vn 0.6911 0.2714 -0.6698
vn 0.8370 0.3665 -0.4064
vn 0.5022 0.7040 -0.5021
vn 0.0778 0.9913 -0.1059
vn 0.5435 0.7365 -0.4028
vn 0.1231 0.9903 -0.0644
vn 0.5940 0.7730 -0.2228
vn 0.3318 0.9385 0.0955
vn -0.3192 0.9299 -0.1826
vn 0.0558 0.9608 -0.2715
vn 0.7615 0.0557 -0.6458
vn 0.9319 0.0474 -0.3596
vn 0.5243 0.5727 -0.6302
vn 0.2564 0.9037 -0.3429
vn 0.6891 -0.3681 -0.6242
vn 0.9329 0.1008 -0.3456
vn -0.2965 0.9452 -0.1369
vn -0.0962 0.9865 -0.1326
vn -0.3629 0.9283 0.0807
vn -0.3595 0.9258 -0.1170
vn 0.1478 0.9636 -0.2229
vn -0.4363 0.8947 -0.0955
vn 0.3170 0.8683 -0.3817
vn 0.2988 0.8753 -0.3803
vn 0.4648 0.7886 -0.4026
vn 0.4452 0.7798 -0.4402
vn 0.3819 0.8475 -0.3687
vn 0.1611 0.9845 -0.0701
vn 0.8791 0.4024 -0.2554
vn 0.5805 0.7960 0.1715
vn 0.5829 0.7427 -0.3295
vn 0.5995 0.7229 -0.3435
vn 0.3796 0.9244 -0.0375
vn 0.4658 0.8830 -0.0571
vn 0.3559 0.9236 -0.1423
vn 0.9041 0.3263 -0.2758
vn 0.9685 0.0975 -0.2292
vn 0.7366 0.6490 -0.1904
vn -0.6743 -0.0930 0.7326
vn 0.5114 -0.8539 -0.0968
vn 0.1201 0.9881 0.0958
vn -0.0071 0.9997 0.0246
vn 0.3146 0.7810 -0.5395
vn 0.2564 0.9664 -0.0179
vn 0.1023 0.9678 0.2299
vn 0.4392 0.8979 -0.0276
vn 0.1331 0.8379 0.5294
vn 0.3975 0.9054 -0.1495
vn 0.3685 0.8193 -0.4392
vn 0.2015 0.9792 0.0234
vn 0.4941 0.6279 -0.6013
vn 0.2416 -0.3203 -0.9160
vn 0.0224 0.9611 0.2754
vn 0.1887 0.9819 -0.0138
vn 0.1477 0.9398 0.3083
vn -0.4137 -0.0005 0.9104
vn 0.7138 0.3049 -0.6305
vn 0.4002 0.9164 -0.0071
vn 0.4290 0.8772 -0.2157
vn 0.4183 -0.2251 -0.8800
vn -0.3813 0.7690 0.5131
vn 0.6157 0.7179 -0.3248
vn 0.6149 0.0858 -0.7839
vn 0.2641 0.9639 -0.0352
vn 0.5847 0.3658 -0.7241
vn 0.1189 0.9929 0.0007
vn 0.1119 0.9392 0.3247
vn 0.1740 0.9847 -0.0044
vn 0.1238 0.9803 0.1538
vn 0.2836 0.9588 -0.0159
vn 0.1686 0.9461 0.2767
vn -0.4241 -0.1323 0.8959
vn 0.4990 0.8613 0.0956
vn -0.4109 -0.9109 -0.0367
vn 0.4994 0.8301 -0.2480
vn -0.4989 -0.7562 0.4235
vn 0.4775 0.8436 -0.2456
vn 0.5967 0.6943 -0.4024
vn 0.3357 0.9396 -0.0661
vn -0.1043 -0.8939 -0.4361
vn 0.1468 0.9851 0.0897
vn 0.8231 0.5288 -0.2070
vn 0.0507 0.9830 0.1765
vn 0.8699 0.4917 0.0371
vn 0.4745 -0.1572 -0.8661
vn 0.3701 0.9267 -0.0658
vn 0.1912 0.9801 0.0532
vn 0.5951 0.8036 0.0092
vn 0.4561 -0.1926 -0.8688
vn 0.2788 0.9602 -0.0172
vn 0.2788 0.9574 0.0751
vn 0.4574 0.8892 -0.0083
vn 0.3384 0.9409 -0.0139
vn 0.6992 0.6934 -0.1741
vn -0.6491 -0.4982 0.5749
vn 0.7879 0.5793 -0.2087
vn -0.5757 0.3538 0.7372
vn 0.1323 0.9910 -0.0181
vn -0.5806 -0.6851 0.4399
vn 0.0595 -0.7119 -0.6998
vn 0.1766 0.9812 0.0779
vn 0.7289 0.6595 -0.1835
vn -0.5360 0.4425 0.7189
vn 0.4960 0.8611 -0.1118
vn -0.6322 0.1625 0.7575
vn 0.4596 0.8879 -0.0193
vn -0.6216 -0.1431 0.7702
vn 0.3402 0.9402 -0.0188
vn 0.5464 0.8339 -0.0778
vn 0.4114 0.9111 -0.0247
vn 0.2011 0.9456 0.2559
vn -0.2743 0.9575 -0.0895
vn 0.0735 0.9917 -0.1056
vn -0.1543 0.9544 -0.2556
vn -0.2359 0.9547 -0.1812
vn -0.1800 0.9088 -0.3765
vn -0.3564 0.9323 0.0612
vn 0.8954 0.3884 0.2176
vn -0.2336 0.9717 0.0358
vn -0.5425 0.5860 0.6020
vn 0.0387 0.9873 -0.1542
vn -0.3191 0.9471 -0.0342
vn 0.0714 0.9871 -0.1435
vn -0.2971 0.9531 -0.0569
vn -0.1726 0.9850 0.0034
vn -0.0035 0.9838 -0.1793
vn -0.1697 0.9606 -0.2202
vn -0.1451 0.9853 -0.0901
vn -0.1467 0.9625 -0.2281
vn -0.3615 0.9285 0.0846
vn -0.3316 0.9206 -0.2063
vn -0.3126 0.9392 -0.1423
vn 0.6690 0.6546 -0.3521
vn 0.6899 -0.6885 0.2237
vn 0.5066 0.8490 0.1504
vn -0.2853 0.9421 -0.1763
vn -0.5031 0.7136 -0.4876
vn -0.1540 0.9733 0.1703
vn -0.2292 0.9725 -0.0407
vn -0.1206 0.9832 -0.1367
vn 0.8207 -0.1302 -0.5563
vn -0.1829 0.9057 0.3826
vn 0.0464 0.9761 -0.2121
vn -0.2772 0.9241 0.2630
vn -0.2277 0.9727 -0.0453
vn -0.0286 0.9820 -0.1868
vn -0.1426 0.9836 -0.1102
vn 0.5449 0.8384 0.0163
vn 0.6080 0.7930 0.0377
vn 0.0452 0.9929 -0.1101
vn 0.8442 0.2885 -0.4518
vn 0.5533 0.8326 0.0256
vn 0.7270 0.6832 -0.0690
vn 0.0357 0.9496 0.3114
vn -0.1181 0.9874 -0.1050
vn -0.1316 0.9910 0.0233
vn 0.1799 0.9616 -0.2075
vn 0.0968 0.9934 0.0613
vn -0.4456 0.8754 -0.1875
vn -0.2609 0.9653 -0.0087
vn -0.3147 0.9484 -0.0377
vn 0.6088 0.5834 -0.5376
vn -0.4373 0.8893 0.1341
vn -0.1260 0.9875 -0.0949
vn 0.4357 0.8931 -0.1115
vn 0.3279 0.9023 -0.2800
vn 0.1050 0.9920 -0.0708
vn 0.4196 0.8605 -0.2890
vn 0.5623 0.8002 -0.2087
vn 0.5190 0.8302 -0.2035
vn 0.4530 0.8474 -0.2769
vn 0.4922 0.7993 -0.3448
vn 0.4537 0.8657 -0.2115
vn 0.5893 0.7906 -0.1664
vn 0.6923 0.7096 -0.1308
vn 0.6780 0.6253 -0.3864
vn 0.5663 0.8056 -0.1741
vn -0.1841 0.9638 -0.1928
vn 0.1441 0.9464 -0.2890
vn -0.0764 0.9537 -0.2909
vn 0.2747 0.8725 -0.4041
vn -0.2252 0.9628 -0.1492
vn 0.0118 0.9813 -0.1919
vn 0.6573 0.2865 -0.6971
vn 0.0476 0.9769 -0.2083
vn -0.2262 0.9621 -0.1521
vn 0.2038 0.9172 -0.3423
vn 0.7896 0.6013 -0.1222
vn 0.9330 0.2202 -0.2846
vn 0.7461 0.6629 0.0618
vn 0.4593 0.8720 -0.1692
vn 0.9001 0.3035 -0.3126
vn 0.5120 0.8584 0.0319
vn 0.4859 0.8732 0.0367
vn 0.4137 0.8885 0.1987
vn 0.8114 0.5715 -0.1227
vn 0.9047 -0.4219 0.0593
vn 0.8679 0.4796 -0.1295
vn 0.8547 0.4812 0.1950
vn 0.8671 0.2977 -0.3994
vn 0.5459 0.7623 -0.3476
vn -0.0976 0.9858 -0.1369
vn 0.7538 -0.2834 -0.5929
vn 0.3603 0.9317 -0.0449
vn 0.6959 0.7012 -0.1551
vn 0.7587 0.6490 0.0558
vn 0.4129 0.8842 0.2185
vn 0.8540 0.4831 0.1931
vn 0.3040 0.9526 -0.0154
vn -0.0008 -0.8708 -0.4916
vn -0.4840 0.8533 -0.1940
vn 0.8352 -0.0449 -0.5482
vn 0.8971 -0.0140 -0.4416
vn 0.9168 0.2713 -0.2931
vn 0.2661 0.8834 -0.3858
vn 0.6269 0.7726 -0.0999
vn 0.4822 0.7943 -0.3696
vn 0.5497 0.7492 -0.3696
vn 0.3817 0.8626 -0.3321
vn 0.2726 0.8564 -0.4385
vn 0.2795 0.7936 -0.5404
vn 0.7878 0.5824 -0.2004
vn 0.9843 0.0113 -0.1763
vn 0.8704 0.4230 -0.2519
vn -0.0543 -0.8687 0.4923
vn 0.7851 0.5187 -0.3384
vn 0.7034 0.6816 -0.2016
vn 0.7809 0.5857 -0.2173
vn 0.8125 0.4662 -0.3499
vn 0.8472 0.4741 -0.2397
vn 0.8177 0.4641 -0.3405
vn 0.3491 0.8552 0.3831
vn 0.7121 0.6008 -0.3632
vn 0.4392 0.8353 0.3306
vn 0.4156 0.7544 -0.5080
vn 0.3948 0.8629 -0.3157
vn -0.8828 -0.3908 0.2607
vn 0.9384 0.1934 -0.2865
vn 0.6484 0.7265 -0.2275
vn 0.8322 0.4197 -0.3624
vn 0.7011 0.6830 0.2046
vn 0.8144 0.5773 -0.0592
vn 0.9990 0.0035 0.0435
vn 0.7716 0.5345 -0.3449
vn 0.5099 0.8273 -0.2357
vn -0.0757 0.9440 0.3211
vn -0.7885 0.5029 0.3542
vn 0.9727 0.0774 -0.2187
vn 0.0489 0.9986 -0.0196
vn -0.5724 -0.7062 0.4167
vn 0.8287 0.4578 -0.3219
vn 0.8151 0.4616 -0.3500
vn 0.6409 -0.7676 -0.0069
vn 0.8406 -0.4391 -0.3173
vn 0.9662 0.1631 -0.1994
vn 0.9256 0.2364 -0.2956
vn -0.3929 0.9194 0.0181
vn -0.3987 0.9143 -0.0710
vn -0.4098 0.9106 0.0536
vn -0.4327 0.9010 -0.0317
vn -0.4364 0.8990 -0.0373
vn -0.4133 0.9021 0.1240
vn -0.3968 0.9179 -0.0006
vn -0.4300 0.9022 -0.0331
vn -0.3778 0.9259 0.0058
vn -0.3555 0.9346 0.0144
vn -0.5562 0.8172 -0.1514
vn -0.3280 0.9355 0.1312
vn -0.4720 0.8782 -0.0777
vn -0.3948 0.9187 -0.0151
vn -0.4243 0.9052 -0.0258
vn -0.3540 0.9324 0.0730
vn -0.3970 0.9178 -0.0050
vn -0.3702 0.9270 0.0597
vn -0.3648 0.9286 0.0684
vn -0.4113 0.9093 -0.0633
vn -0.3764 0.9246 -0.0579
vn -0.4094 0.9118 0.0308
vn -0.4269 0.9042 -0.0160
vn 0.0557 0.9804 -0.1890
vn -0.2081 0.9768 -0.0504
vn 0.1265 0.9028 -0.4111
vn -0.4876 0.8494 -0.2021
vn 0.0535 0.9377 -0.3432
vn -0.2858 0.9528 -0.1023
vn 0.0350 0.9916 -0.1242
vn -0.2578 0.9586 -0.1207
vn -0.4058 0.9031 -0.1403
vn -0.2828 0.9364 -0.2077
vn -0.3666 0.9268 -0.0812
vn -0.3297 0.9314 -0.1544
vn -0.4472 0.8944 0.0072
vn -0.3675 0.9267 -0.0787
vn -0.4252 0.9009 0.0871
vn -0.7706 0.6099 0.1851
vn -0.1243 0.9796 -0.1579
vn -0.2430 0.9623 -0.1224
vn -0.2697 0.9582 -0.0953
vn -0.7844 -0.3565 0.5075
vn -0.2335 0.9641 -0.1262
vn -0.2787 0.9547 -0.1042
vn -0.7150 0.6749 0.1826
vn -0.3341 0.9397 -0.0730
vn 0.1685 0.9728 0.1589
vn 0.8905 0.1886 -0.4140
vn -0.2261 0.9638 -0.1410
vn 0.1545 0.9875 0.0295
vn -0.0695 0.9756 -0.2083
vn 0.1565 0.9559 -0.2485
vn 0.7255 0.6799 0.1065
vn 0.0520 0.9354 -0.3498
vn 0.4225 0.7507 -0.5079
vn 0.1304 0.9865 0.0992
vn 0.9151 0.3514 0.1976
vn 0.1624 0.9759 0.1458
vn 0.7510 0.5154 -0.4126
vn -0.0787 -0.9752 0.2070
vn -0.5701 0.7864 0.2379
vn -0.0479 -0.9582 0.2820
vn -0.5015 0.8376 0.2165
vn -0.1378 -0.9884 0.0641
vn -0.4920 0.8403 0.2277
vn -0.7129 0.6866 0.1426
vn -0.1952 -0.9741 -0.1143
vn -0.6528 0.7082 0.2688
vn -0.1240 -0.9843 0.1252
vn -0.3976 -0.9098 0.1188
vn 0.2121 0.9710 0.1107
vn -0.5781 0.6724 0.4623
vn 0.2265 0.9572 0.1801
vn 0.1235 -0.9310 -0.3434
vn -0.1087 -0.9915 0.0718
vn -0.7738 -0.1293 0.6201
vn -0.0446 -0.9331 0.3568
vn -0.3271 0.9069 -0.2656
vn -0.0902 -0.9677 0.2354
vn -0.4308 0.8986 0.0832
vn -0.1469 -0.9822 -0.1169
vn -0.7661 0.4550 0.4539
vn 0.1126 0.9717 -0.2075
vn 0.1162 0.9693 -0.2165
vn 0.1473 0.9890 0.0091
vn 0.8525 0.3118 -0.4196
vn -0.1452 -0.9832 -0.1109
vn -0.8205 0.2742 0.5016
vn 0.0827 0.9606 -0.2655
vn 0.9732 -0.2217 -0.0611
vn -0.0071 -0.8891 0.4576
vn -0.6180 0.7857 0.0280
vn 0.1364 0.9907 0.0020
vn 0.7807 -0.5422 -0.3107
vn 0.1426 0.6244 0.7680
vn 0.9607 0.1701 0.2193
vn -0.7563 0.4808 0.4437
vn 0.1011 0.9938 -0.0461
vn 0.4062 -0.9024 0.1436
vn 0.0576 0.9748 -0.2154
vn 0.2622 -0.9604 0.0946
vn -0.0685 0.7438 -0.6649
vn 0.9315 0.3281 0.1569
vn 0.1101 0.9931 -0.0402
vn -0.3152 -0.9490 0.0006
vn 0.1168 0.9931 0.0138
vn -0.2820 -0.9594 0.0040
vn 0.1517 0.8951 0.4193
vn 0.6199 -0.7636 0.1806
vn 0.1542 0.9410 0.3012
vn 0.9273 -0.0733 -0.3670
vn 0.1517 0.9457 0.2874
vn 0.4594 -0.8794 -0.1252
vn 0.1761 0.9842 -0.0161
vn 0.7952 0.4933 -0.3526
vn 0.1493 0.9877 0.0456
vn -0.7783 -0.6062 -0.1638
vn 0.1908 0.9797 0.0608
vn 0.5438 -0.8251 0.1534
vn 0.3462 0.9343 -0.0854
vn -0.7685 -0.6218 -0.1506
vn 0.8184 0.1420 -0.5569
vn 0.1463 0.9887 0.0315
vn -0.9273 -0.3137 -0.2042
vn -0.5331 0.8346 -0.1388
vn 0.6542 0.7132 -0.2517
vn 0.3569 -0.9288 0.0997
vn -0.1575 0.9770 0.1440
vn -0.9766 -0.0114 -0.2150
vn 0.8266 0.3469 -0.4432
vn 0.1201 0.9911 -0.0567
vn -0.4453 -0.8950 -0.0262
vn 0.0525 0.9676 -0.2471
vn -0.6819 -0.7286 -0.0641
vn 0.0968 0.9935 -0.0605
vn 0.1111 0.9930 -0.0405
vn -0.2209 -0.9732 -0.0633
vn 0.8404 0.4736 -0.2633
vn 0.1314 0.9913 0.0107
vn 0.1085 0.9934 -0.0364
vn 0.2391 0.9227 0.3023
vn -0.0464 -0.9986 0.0237
vn 0.1331 0.9898 -0.0505
vn 0.0874 0.9962 -0.0013
vn -0.2696 -0.9510 -0.1516
vn -0.7742 0.5280 0.3491
vn 0.2312 0.8863 -0.4013
vn -0.4552 -0.8329 -0.3148
vn -0.2446 0.9612 0.1277
vn 0.0220 -0.9997 -0.0126
vn 0.1401 0.9894 -0.0388
vn 0.1043 0.9945 0.0048
vn 0.0836 0.9896 -0.1171
vn -0.0086 0.9991 -0.0419
vn 0.0172 0.9786 -0.2051
vn -0.1505 0.9834 -0.1017
vn 0.1882 0.9675 0.1690
vn 0.9871 0.1423 0.0730
vn 0.0446 0.9856 -0.1634
vn -0.0436 0.9969 -0.0661
vn 0.0164 0.9851 -0.1710
vn 0.0049 0.9925 -0.1224
vn 0.3494 0.7582 -0.5505
vn -0.0257 0.9721 -0.2333
vn 0.0695 0.9390 -0.3367
vn 0.2492 0.9073 0.3386
vn 0.4345 -0.8981 0.0682
vn -0.0340 0.9513 -0.3065
vn -0.2645 0.9581 -0.1101
vn 0.2399 0.3426 -0.9083
vn -0.4681 0.7207 -0.5113
vn 0.1713 0.9776 0.1223
vn 0.1937 0.9803 -0.0387
vn 0.0691 0.9894 -0.1274
vn 0.0052 0.9988 -0.0491
vn 0.0342 0.9819 -0.1861
vn -0.0919 0.9930 -0.0739
vn -0.1353 0.9908 -0.0094
vn 0.1408 -0.9886 0.0542
vn 0.3031 0.8810 -0.3632
vn 0.4605 -0.4979 -0.7349
vn -0.2161 0.9538 -0.2088
vn -0.0076 0.9811 -0.1931
vn -0.0287 -0.9995 -0.0128
vn -0.1871 0.9687 -0.1629
vn -0.3933 0.9187 -0.0360
vn -0.6621 0.7283 0.1766
vn -0.4532 0.8913 0.0107
vn -0.3682 0.9258 -0.0857
vn -0.5697 0.8135 0.1167
vn -0.5606 0.8206 0.1117
vn -0.3148 0.9392 -0.1368
vn -0.5042 0.8618 0.0554
vn -0.4414 0.8973 0.0012
vn -0.3890 0.9191 -0.0621
vn 0.0901 0.9788 -0.1838
vn 0.4992 0.8249 -0.2653
vn 0.2045 0.9776 0.0496
vn 0.0741 0.9952 0.0643
vn 0.1726 0.9850 0.0041
vn 0.3212 0.9465 -0.0323
vn -0.8866 -0.3681 0.2800
vn 0.6858 0.7207 -0.1016
vn 0.0353 -0.2238 0.9740
vn 0.9719 0.0964 -0.2149
vn 0.2887 -0.7623 0.5793
vn 0.5073 -0.6487 -0.5673
vn 0.7852 0.4766 0.3953
vn -0.4480 0.3400 0.8268
vn -0.3945 -0.4581 0.7966
vn -0.4722 -0.1962 0.8594
vn -0.8457 -0.4564 0.2766
vn -0.8050 0.4799 0.3489
vn 0.3608 0.9078 -0.2138
vn -0.2017 0.7139 0.6705
vn 0.5031 0.8361 -0.2186
vn 0.1466 -0.5218 0.8404
vn -0.2090 -0.2283 0.9509
vn -0.5903 0.1064 0.8001
vn 0.1544 0.9876 -0.0292
vn 0.6160 -0.6896 -0.3807
vn -0.2425 -0.9640 -0.1090
vn -0.9624 -0.0292 0.2702
vn 0.2198 0.8705 -0.4404
vn 0.2569 0.8373 -0.4826
vn -0.2196 -0.9725 -0.0773
vn -0.5232 0.3478 0.7780
vn 0.2326 0.9718 0.0381
vn 0.1691 0.9853 0.0242
vn 0.1373 0.9903 -0.0206
vn 0.7948 -0.2068 -0.5706
vn 0.5733 -0.6799 -0.4573
vn -0.6447 -0.2552 0.7205
vn 0.2820 0.9587 -0.0356
vn 0.2338 0.9714 0.0419
vn 0.1923 0.9813 0.0121
vn -0.6284 0.1200 0.7686
vn 0.0546 0.9984 0.0111
vn 0.0814 0.9967 -0.0046
vn -0.1556 0.9615 0.2264
vn -0.5992 -0.1025 0.7940
vn -0.1253 0.9912 0.0431
vn 0.1160 -0.8145 -0.5684
vn -0.2842 0.9586 0.0170
vn -0.6425 0.7626 -0.0756
vn 0.8867 -0.0759 -0.4561
vn -0.3126 0.8627 -0.3974
vn -0.1265 0.9652 -0.2287
vn 0.0049 0.9573 -0.2892
vn -0.3328 0.9371 -0.1054
vn 0.2324 0.9598 -0.1575
vn -0.2256 0.9602 -0.1647
vn 0.3043 0.9524 -0.0209
vn 0.8953 0.3514 -0.2738
vn 0.9634 0.1187 -0.2403
vn 0.9191 0.2584 -0.2975
vn 0.9532 0.1362 -0.2698
vn 0.0133 0.9487 -0.3158
vn 0.0748 0.9573 -0.2793
vn -0.2094 0.9615 -0.1782
vn 0.1467 0.9645 -0.2195
vn -0.2764 0.9521 -0.1307
vn 0.1751 0.9693 -0.1726
vn -0.2862 0.9496 -0.1277
vn 0.6532 0.6731 0.3467
vn -0.0104 0.9388 -0.3444
vn 0.6230 0.2462 -0.7425
vn -0.3675 0.9297 -0.0267
vn 0.3462 0.8186 -0.4584
vn -0.1073 0.9586 -0.2637
vn 0.2392 0.9230 -0.3014
vn -0.0227 0.9458 -0.3239
vn 0.1603 0.9720 -0.1719
vn -0.4581 0.8874 0.0512
vn 0.1687 0.9715 -0.1664
vn 0.6182 0.7798 -0.0983
vn 0.9598 0.1232 -0.2524
vn 0.3127 0.8564 -0.4109
vn -0.2366 0.9637 0.1233
vn 0.3734 0.8507 -0.3701
vn -0.1776 0.9470 0.2676
vn 0.2562 0.8510 -0.4583
vn -0.1653 0.9349 0.3142
vn 0.2836 0.8557 -0.4329
vn -0.2397 0.9576 0.1599
vn 0.6353 0.7541 -0.1665
vn -0.1781 0.8189 0.5456
vn 0.2660 0.9542 -0.1371
vn 0.1533 0.9861 0.0633
vn 0.0464 0.9970 -0.0616
vn 0.0650 0.9956 0.0681
vn 0.4814 0.8483 -0.2205
vn 0.2523 0.9620 0.1042
vn 0.2879 0.9460 -0.1489
vn 0.0131 0.9968 0.0791
vn 0.0887 0.9947 -0.0515
vn 0.1756 0.9833 0.0479
vn 0.0103 0.9999 -0.0103
vn -0.1747 0.9712 0.1620
vn -0.0880 0.9937 0.0694
vn 0.1323 0.9849 -0.1112
vn 0.0976 0.9919 -0.0818
vn 0.0228 0.9994 -0.0271
vn 0.0026 0.9999 -0.0116
vn -0.2021 0.9708 0.1291
vn 0.0354 0.9991 -0.0235
vn 0.2790 0.9438 -0.1775
vn 0.1624 0.9807 -0.1087
vn -0.0821 0.9929 0.0866
vn -0.1005 0.9901 0.0983
vn 0.0259 0.9995 -0.0177
vn 0.0841 0.9964 -0.0131
vn -0.0609 0.9963 0.0613
vn -0.0270 0.9870 0.1587
vn -0.0138 0.9925 -0.1216
vn 0.0173 0.9989 -0.0440
vn 0.0316 0.9955 0.0894
vn -0.1048 0.9885 0.1093
vn 0.3489 0.8048 -0.4802
vn 0.1110 0.9848 -0.1333
vn 0.0361 0.9993 -0.0072
vn 0.2665 0.9548 -0.1320
vn 0.2578 0.9658 0.0288
vn 0.2803 0.9199 0.2742
vn 0.2848 0.9553 0.0795
vn 0.5276 0.8394 0.1303
vn 0.4774 0.8769 0.0558
vn 0.4513 0.8751 0.1746
vn 0.5644 0.8243 0.0443
vn 0.4686 0.8681 0.1639
vn 0.5112 0.8579 0.0509
vn 0.0718 0.9334 0.3515
vn 0.4028 0.9134 0.0590
vn 0.5609 0.8252 -0.0665
vn -0.3483 -0.8713 -0.3457
vn 0.3523 0.9087 0.2240
vn 0.2454 0.9669 0.0704
vn 0.1578 0.9342 0.3199
vn 0.4969 0.8661 0.0543
vn 0.6770 0.7359 0.0096
vn 0.5195 0.8527 0.0545
vn 0.9157 0.0216 -0.4013
vn 0.7897 0.6123 0.0387
vn 0.2623 0.9213 0.2872
vn 0.1991 0.9790 0.0430
vn 0.5735 0.8147 0.0860
vn 0.4525 0.8902 0.0527
vn 0.2875 0.9186 0.2712
vn 0.2395 0.9698 0.0467
vn 0.4210 0.8859 0.1947
vn 0.7529 0.6570 0.0386
vn 0.3708 0.9156 -0.1556
vn 0.0783 -0.8444 -0.5299
vn 0.4918 0.8619 -0.1237
vn 0.7211 -0.3112 -0.6189
vn 0.3335 0.9263 -0.1754
vn 0.8287 -0.0854 -0.5531
vn 0.4202 0.8968 -0.1387
vn 0.8694 0.0548 -0.4911
vn 0.5762 0.8090 -0.1164
vn -0.2986 -0.8993 -0.3195
vn 0.4061 0.9047 -0.1288
vn -0.0417 -0.8794 -0.4743
vn 0.0447 0.9889 -0.1420
vn 0.8698 0.2268 -0.4381
vn 0.9967 0.0771 -0.0233
vn 0.2946 0.9028 0.3133
vn -0.7694 0.6343 -0.0750
vn 0.7911 0.5847 -0.1795
vn 0.0689 0.9879 -0.1392
vn 0.8230 0.5147 -0.2404
vn 0.3279 0.9109 0.2506
vn 0.2816 0.9585 0.0452
vn 0.3946 0.6227 -0.6757
vn 0.3916 0.8963 0.2080
vn 0.0323 0.9990 0.0322
vn 0.5543 0.6054 -0.5712
vn 0.2086 0.9769 0.0462
vn 0.6734 0.1595 -0.7219
vn -0.2870 0.9579 0.0015
vn -0.5847 0.2197 0.7809
vn 0.3974 0.9159 0.0559
vn 0.5180 0.6883 -0.5079
vn 0.5018 0.8551 0.1302
vn 0.2068 0.9673 -0.1467
vn 0.3656 0.9285 -0.0645
vn 0.5512 0.8296 0.0892
vn 0.2964 0.9443 -0.1431
vn 0.2809 0.9591 0.0341
vn 0.2831 0.9546 0.0925
vn 0.3410 0.9384 0.0557
vn 0.3388 0.9406 -0.0225
vn -0.7686 -0.6316 -0.1020
vn 0.3383 0.9410 -0.0126
vn 0.0651 0.9976 0.0254
vn 0.1879 0.9720 -0.1408
vn 0.6635 0.7479 -0.0199
vn 0.5317 0.8395 -0.1121
vn -0.3380 -0.8723 -0.3533
vn 0.3233 0.9450 0.0487
vn 0.2300 0.9721 0.0463
vn 0.3224 0.9370 -0.1345
vn 0.3580 0.9323 -0.0503
vn 0.4285 0.8819 -0.1966
vn 0.7585 -0.2927 -0.5823
vn 0.3319 0.9432 -0.0129
vn 0.2213 0.9742 0.0439
vn 0.0972 0.9526 0.2882
vn 0.5898 0.8075 0.0088
vn 0.1415 0.9496 0.2797
vn 0.2324 0.9663 0.1107
vn 0.4105 0.8859 0.2162
vn 0.4421 0.8951 0.0571
vn -0.9316 -0.2201 0.2892
vn 0.8961 0.4436 -0.0158
vn 0.0917 0.9894 0.1129
vn 0.1376 0.9815 0.1330
vn 0.5107 -0.8578 0.0579
vn 0.6440 0.7550 -0.1232
vn -0.9758 0.2186 -0.0052
vn 0.2285 0.9691 0.0935
vn 0.5476 -0.8348 0.0571
vn 0.4797 0.8770 -0.0269
vn -0.4072 -0.9109 0.0671
vn 0.3709 0.9283 0.0273
vn 0.8944 -0.4467 0.0244
vn -0.9112 0.0371 0.4103
vn 0.9343 0.3552 -0.0299
vn 0.1708 0.9769 0.1282
vn 0.1490 -0.9853 0.0834
vn -0.5203 0.7525 0.4038
vn 0.9657 -0.2594 0.0116
vn -0.2607 0.9152 0.3072
vn 0.9914 -0.1310 -0.0039
vn 0.7644 0.5852 -0.2706
vn -0.2769 0.9544 -0.1115
vn -0.2400 0.9307 -0.2762
vn 0.7781 0.6267 -0.0423
vn -0.1045 0.9945 0.0102
vn -0.0796 0.9968 0.0059
vn 0.1832 0.9415 0.2828
vn 0.3761 0.9238 0.0711
vn 0.6545 0.7509 0.0881
vn 0.2622 0.9591 0.1067
vn -0.6083 -0.7852 -0.1156
vn 0.7646 0.6425 0.0508
vn 0.5149 0.8422 0.1599
vn 0.8362 0.5470 -0.0394
vn 0.2843 0.9161 0.2828
vn 0.6347 0.7727 0.0145
vn -0.1782 0.9728 -0.1480
vn 0.0744 0.9972 -0.0046
vn -0.3592 0.7901 -0.4967
vn 0.1116 0.9937 -0.0130
vn -0.0696 0.9589 -0.2752
vn 0.5291 0.8486 -0.0034
vn -0.2814 0.8914 -0.3554
vn 0.2153 0.9764 -0.0180
vn 0.1935 0.9773 0.0867
vn 0.6877 0.7259 0.0131
vn 0.8731 0.4394 0.2113
vn -0.9195 0.1576 0.3602
vn 0.8213 0.5650 0.0793
vn -0.8767 0.3009 0.3753
vn 0.8488 0.5287 0.0059
vn -0.5411 0.7707 0.3366
vn 0.9351 0.3542 -0.0111
vn -0.0729 0.9937 0.0847
vn -0.6036 -0.7959 0.0467
vn 0.6725 -0.6866 -0.2761
vn 0.6279 0.7783 0.0005
vn -0.0669 0.9933 0.0939
vn -0.4078 0.9126 0.0299
vn -0.0940 0.9956 -0.0017
vn -0.6101 0.7909 0.0478
vn 0.9602 0.2789 0.0114
vn 0.4720 0.8794 0.0621
vn 0.2103 0.9477 0.2402
vn 0.4324 0.8987 0.0729
vn 0.5518 0.8104 0.1969
vn 0.9759 0.0309 -0.2159
vn 0.4030 0.8859 0.2299
vn 0.7806 -0.5646 -0.2680
vn -0.0998 0.9948 -0.0204
vn 0.4138 -0.9095 -0.0385
vn -0.1241 0.9775 0.1706
vn -0.0203 -0.9998 0.0051
vn -0.1101 0.9904 -0.0839
vn 0.8735 -0.4815 -0.0722
vn 0.2865 0.9553 0.0725
vn 0.8914 -0.4518 0.0362
vn -0.1087 0.9934 -0.0370
vn -0.0110 0.9999 -0.0025
vn -0.0971 0.9940 -0.0512
vn 0.8503 -0.5189 -0.0875
vn -0.0596 0.9980 0.0191
vn 0.3577 0.9306 0.0774
vn 0.5100 0.5871 0.6286
vn -0.4295 0.8501 0.3048
vn 0.5440 0.8294 -0.1268
vn -0.0146 0.9677 0.2516
vn 0.4851 0.8673 -0.1115
vn -0.6456 -0.3018 0.7015
vn 0.2914 0.9559 -0.0373
vn 0.2107 0.9765 0.0461
vn 0.2036 0.9721 0.1167
vn 0.4490 0.8730 -0.1906
vn -0.3574 0.6655 0.6553
vn 0.5788 -0.7828 -0.2286
vn 0.5870 0.3692 -0.7205
vn 0.4396 0.8511 -0.2869
vn 0.6543 0.6579 -0.3728
vn 0.7882 -0.5374 0.2998
vn 0.9781 0.2002 0.0568
vn 0.7067 0.5466 -0.4492
vn 0.7582 0.5507 -0.3491
vn -0.3496 0.9355 0.0516
vn 0.8816 -0.2332 -0.4104
vn 0.0132 0.9826 0.1855
vn 0.1352 0.9755 0.1735
vn 0.7881 0.4956 -0.3651
vn 0.3816 0.9219 0.0666
vn 0.9018 0.4218 -0.0936
vn 0.4364 0.8985 0.0467
vn 0.7479 0.6571 0.0944
vn 0.2776 0.9516 0.1319
vn 0.2641 0.9042 0.3358
vn 0.7089 0.6959 -0.1149
vn 0.8143 0.5797 0.0285
vn 0.9069 0.3205 -0.2737
vn 0.9356 0.2256 -0.2715
vn 0.8743 0.4231 -0.2376
vn 0.8754 0.4810 -0.0489
vn 0.0513 0.9981 -0.0354
vn 0.2148 0.9730 -0.0846
vn 0.4632 0.8828 -0.0787
vn 0.1596 0.9861 0.0470
vn 0.9935 0.0448 -0.1044
vn 0.1502 0.9839 0.0967
vn 0.4274 -0.9040 0.0045
vn 0.1654 0.9840 0.0656
vn 0.8657 -0.3145 -0.3894
vn 0.9069 0.0848 -0.4127
vn 0.9379 0.0847 -0.3364
vn 0.9321 0.1880 -0.3096
vn 0.2219 0.9749 -0.0191
vn -0.0151 0.9973 0.0720
vn 0.8564 0.4931 0.1528
vn 0.2816 0.9591 -0.0288
vn -0.3296 -0.8802 0.3414
vn 0.1741 0.9847 -0.0033
vn 0.1478 0.9888 0.0214
vn -0.1482 0.9879 0.0462
vn 0.1645 0.9540 -0.2505
vn 0.0409 0.9912 0.1258
vn 0.2222 0.9679 -0.1176
vn 0.6302 -0.7514 -0.1954
vn 0.1987 0.9747 0.1025
vn -0.2010 0.9545 0.2203
vn -0.3615 -0.8935 0.2665
vn -0.7708 -0.6146 0.1675
vn 0.2709 0.9411 -0.2024
vn -0.8900 -0.1023 0.4444
vn -0.1805 0.9253 0.3337
vn 0.1979 0.9801 -0.0130
vn -0.4525 0.1809 0.8732
vn 0.1358 0.9907 0.0082
vn 0.1381 0.9892 0.0490
vn 0.2471 0.9647 -0.0910
vn 0.7214 -0.6760 0.1501
vn -0.0369 0.9593 0.2801
vn -0.0769 0.9928 0.0919
vn -0.0680 0.9912 -0.1136
vn 0.1580 0.9874 -0.0013
vn 0.2150 0.9666 -0.1398
vn 0.9423 0.2799 -0.1834
vn -0.3580 0.5669 0.7419
vn 0.2335 0.9722 -0.0175
vn 0.1092 0.9925 0.0556
vn -0.6512 0.5750 0.4953
vn 0.3337 -0.7956 -0.5057
vn 0.0256 0.9990 0.0374
vn 0.2289 0.9727 0.0377
vn 0.2087 0.9779 -0.0084
vn 0.0672 -0.9245 -0.3751
vn -0.0414 0.9963 0.0759
vn -0.0209 0.9979 -0.0608
vn 0.3582 0.9326 -0.0448
vn -0.1539 0.8415 0.5178
vn 0.5910 0.8014 -0.0918
vn -0.1042 0.8940 0.4358
vn 0.2056 0.9785 -0.0145
vn 0.1989 0.9781 0.0619
vn 0.1704 0.9854 -0.0025
vn 0.1785 0.9827 0.0500
vn 0.0130 0.9999 0.0035
vn 0.2501 0.9644 -0.0858
vn 0.2456 0.9679 -0.0528
vn 0.0597 0.9856 0.1585
vn 0.0461 0.9989 -0.0081
vn 0.4201 0.8438 -0.3338
vn 0.4132 -0.9064 -0.0871
vn 0.1025 0.9876 0.1187
vn 0.4147 0.9057 -0.0877
vn 0.0599 0.9827 0.1755
vn -0.7643 0.5134 0.3903
vn 0.9217 0.1127 -0.3712
vn 0.1725 0.9847 0.0255
vn 0.6294 -0.1126 -0.7688
vn 0.6947 -0.6101 -0.3809
vn 0.8919 0.0895 -0.4433
vn 0.9225 -0.1134 -0.3689
vn 0.9236 0.3833 0.0072
vn 0.2887 -0.9134 -0.2869
vn 0.7462 -0.0658 -0.6625
vn -0.2712 -0.9593 -0.0792
vn 0.5543 -0.2160 -0.8038
vn 0.9316 0.1307 -0.3392
vn 0.8991 0.0271 -0.4368
vn -0.1330 0.9681 0.2126
vn -0.0657 -0.9896 -0.1280
vn 0.0999 0.9950 -0.0035
vn 0.6395 0.7064 -0.3034
vn 0.2860 0.9450 -0.1587
vn 0.5097 0.8537 -0.1067
vn 0.1512 0.9873 0.0490
vn 0.3943 0.9151 -0.0840
vn -0.2578 0.7448 0.6155
vn 0.2284 0.9718 -0.0581
vn 0.1120 0.9873 0.1127
vn 0.3444 0.9357 -0.0768
vn 0.1418 0.9889 0.0453
vn 0.1648 0.9851 -0.0483
vn 0.2243 0.9677 -0.1147
vn -0.6127 0.7009 0.3651
vn 0.9665 0.0891 -0.2406
vn 0.7579 0.6246 -0.1881
vn 0.9758 0.0594 -0.2102
vn 0.9396 0.0812 -0.3324
vn 0.9027 0.2266 -0.3658
vn -0.9551 -0.0196 0.2956
vn -0.6631 0.7452 0.0708
vn -0.5853 0.8105 0.0220
vn -0.4300 0.9016 -0.0481
vn -0.2604 0.9652 -0.0223
vn -0.1797 0.9837 -0.0086
vn 0.3724 -0.9274 0.0354
vn 0.0574 0.9977 0.0363
vn -0.0329 0.9992 0.0205
vn -0.2132 0.9769 -0.0132
vn -0.2491 0.9683 -0.0199
vn -0.2965 0.9546 -0.0296
vn -0.3925 0.9183 -0.0523
vn -0.4552 0.8884 -0.0599
vn -0.3631 0.9311 -0.0352
vn -0.7425 0.6619 -0.1028
vn -0.0543 0.9984 0.0171
vn -0.2032 -0.9776 -0.0558
vn -0.3410 0.9399 -0.0154
vn -0.5450 0.8343 -0.0827
vn -0.7937 0.5794 -0.1851
vn -0.7275 0.6704 -0.1461
vn -0.3774 0.9259 -0.0139
vn -0.2662 0.9625 0.0515
vn -0.7091 0.6831 -0.1746
vn -0.3181 0.9480 0.0120
vn -0.4526 0.8903 -0.0498
vn -0.6089 0.7879 -0.0916
vn -0.8446 0.4855 -0.2257
vn -0.4417 0.8966 -0.0316
vn -0.5101 0.8563 -0.0809
vn -0.5324 0.8426 -0.0811
vn 0.1166 0.9861 -0.1188
vn -0.0191 0.9998 -0.0116
vn 0.1123 0.9873 -0.1128
vn 0.1776 0.9828 -0.0513
vn 0.2136 0.9762 -0.0383
vn 0.2194 0.9740 -0.0564
vn 0.2029 0.9780 -0.0475
vn 0.2047 0.9774 -0.0534
vn 0.1446 0.9882 -0.0503
vn 0.2352 0.9694 -0.0704
vn 0.2179 0.9748 -0.0479
vn 0.2156 0.9754 -0.0448
vn 0.2168 0.9757 -0.0327
vn 0.2857 0.9549 -0.0803
vn 0.2954 0.9553 -0.0111
vn 0.2904 0.9559 -0.0431
vn 0.3651 0.9307 0.0247
vn 0.3872 0.9211 -0.0413
vn 0.0956 0.9929 -0.0713
vn 0.0695 0.9931 -0.0949
vn 0.4667 0.8777 -0.1092
vn 0.1337 0.9891 -0.0622
vn 0.1780 0.9826 -0.0536
vn -0.2299 0.9711 -0.0647
vn 0.0678 0.9832 -0.1696
vn 0.1671 0.9846 -0.0518
vn 0.1837 0.9807 -0.0669
vn -0.1357 0.9858 -0.0991
vn 0.1312 0.9872 -0.0909
vn 0.1833 0.9811 -0.0621
vn 0.0327 0.9919 -0.1224
vn 0.9627 -0.2522 -0.0983
vn 0.7738 0.5725 -0.2711
vn 0.8634 -0.3738 -0.3388
vn 0.2403 0.9179 0.3157
vn 0.9500 -0.2813 -0.1354
vn 0.8135 0.4464 -0.3727
vn 0.9565 -0.2652 -0.1220
vn 0.7678 0.5746 -0.2834
vn 0.8376 -0.3024 -0.4549
vn -0.4628 -0.8848 -0.0546
vn 0.8938 -0.4246 0.1441
vn 0.6876 -0.6949 -0.2105
vn 0.5747 0.8160 -0.0620
vn 0.7053 -0.7036 -0.0864
vn 0.9369 -0.3481 -0.0309
vn 0.4928 0.8699 0.0208
vn 0.0175 0.9674 0.2528
vn 0.9316 -0.2717 -0.2415
vn 0.8361 -0.3432 -0.4280
vn 0.6196 0.7788 -0.0978
vn 0.9330 -0.3592 -0.0220
vn 0.5673 0.8226 -0.0397
vn 0.9377 -0.3454 -0.0371
vn 0.3964 0.9154 0.0699
vn 0.9180 -0.3892 0.0766
vn 0.7592 -0.4965 -0.4209
vn 0.9245 -0.3745 0.0708
vn 0.3229 -0.8595 -0.3962
vn 0.1912 0.9781 -0.0818
vn 0.0202 0.9845 -0.1744
vn 0.5647 0.8210 -0.0839
vn 0.1612 0.9864 0.0334
vn 0.5149 0.8531 -0.0838
vn 0.1530 0.9881 0.0144
vn -0.4660 0.8806 0.0857
vn -0.6850 0.5972 -0.4174
vn -0.7100 0.6965 0.1040
vn -0.6439 0.7585 0.1000
vn -0.5307 0.8475 -0.0140
vn -0.5796 0.8149 0.0045
vn -0.3791 0.9195 -0.1038
vn 0.0158 0.9466 -0.3219
vn 0.0906 0.9412 -0.3256
vn -0.6953 0.7158 0.0648
vn 0.1864 0.9373 -0.2944
vn -0.4733 0.8798 -0.0445
vn -0.0283 0.9707 -0.2386
vn 0.5580 0.6555 -0.5088
vn 0.1898 0.7199 -0.6676
vn -0.6546 0.7520 0.0773
vn -0.6952 0.7102 0.1114
vn -0.4350 0.8863 0.1587
vn 0.2496 -0.0313 -0.9678
vn -0.8154 0.5547 0.1653
vn -0.5492 0.8357 -0.0027
vn -0.4871 0.8707 -0.0678
vn 0.0071 0.9996 0.0275
vn -0.5155 0.8567 -0.0170
vn 0.2052 0.8152 -0.5417
vn -0.2999 0.9535 -0.0295
vn 0.2521 0.8368 -0.4860
vn -0.4406 0.8977 0.0083
vn 0.2459 0.3922 -0.8864
vn -0.3767 0.9262 -0.0134
vn 0.2459 0.3627 -0.8989
vn -0.8052 0.5858 0.0921
vn 0.2577 0.7529 -0.6056
vn -0.9245 -0.1987 0.3252
vn 0.2554 0.8612 -0.4393
vn -0.1256 0.9921 0.0076
vn 0.2515 0.4697 -0.8463
vn -0.9336 0.2230 0.2804
vn 0.2715 0.9037 -0.3310
vn 0.8266 -0.5432 -0.1473
vn 0.2970 0.8912 -0.3427
vn -0.7489 0.6511 0.1231
vn 0.2678 0.7126 -0.6485
vn -0.6520 0.7531 0.0881
vn 0.1924 0.6052 -0.7724
vn -0.5572 0.8273 0.0711
vn -0.0209 0.9990 0.0391
vn -0.2946 0.9432 -0.1534
vn 0.2910 0.8924 -0.3448
vn -0.2905 0.9566 0.0244
vn 0.8198 0.3469 -0.4556
vn 0.8576 0.3864 -0.3393
vn 0.9245 0.0926 -0.3697
vn 0.9347 0.1004 -0.3408
vn 0.9465 -0.0018 -0.3226
vn 0.9402 -0.0325 -0.3390
vn 0.9413 0.0154 -0.3373
vn 0.9416 0.0109 -0.3367
vn 0.8684 0.2038 -0.4520
vn 0.9328 0.1495 -0.3278
vn 0.8304 0.4258 -0.3593
vn 0.2637 0.3208 -0.9097
vn -0.8651 0.5015 0.0094
vn -0.9134 0.3367 0.2285
vn 0.7651 -0.5644 0.3101
vn 0.7628 -0.4951 -0.4160
vn 0.9205 -0.3826 0.0793
vn 0.7886 -0.4494 -0.4197
vn 0.9768 -0.1643 -0.1377
vn 0.9269 0.1643 -0.3375
vn 0.6715 0.4461 -0.5916
vn 0.9106 0.2767 -0.3069
vn -0.2751 0.9610 0.0273
vn -0.2684 0.9629 -0.0290
vn -0.3153 0.9446 -0.0908
vn -0.7042 0.6909 0.1638
vn -0.3480 0.9365 0.0428
vn -0.1289 0.9906 -0.0450
vn -0.3225 0.9459 0.0369
vn -0.3330 0.9424 -0.0300
vn -0.3795 0.9224 0.0710
vn -0.3670 0.9279 -0.0664
vn -0.4619 0.8847 0.0629
vn -0.4820 0.8757 -0.0295
vn -0.5063 0.8599 0.0654
vn -0.5160 0.8562 -0.0243
vn -0.1294 0.9909 -0.0363
vn -0.3898 0.9196 0.0500
vn -0.3991 0.9164 -0.0305
vn -0.1129 0.9930 -0.0348
vn -0.3868 0.9208 0.0500
vn -0.3920 0.9194 -0.0325
vn -0.4491 0.8899 0.0803
vn -0.7888 0.5755 0.2159
vn 0.8984 -0.3197 -0.3011
vn -0.4531 0.8878 0.0807
vn -0.5711 0.8104 0.1311
vn -0.0419 0.9983 -0.0409
vn 0.9189 -0.3823 0.0975
vn -0.1769 0.9842 -0.0057
vn 0.0441 0.9990 0.0099
vn -0.3319 0.9425 0.0395
vn -0.3607 0.9321 -0.0325
vn -0.4010 0.9139 0.0638
vn -0.3054 0.9516 0.0337
vn -0.3800 0.9236 0.0505
vn -0.3895 0.9204 -0.0332
vn -0.6697 -0.7008 0.2457
vn -0.4773 0.8745 0.0870
vn -0.6103 0.7893 -0.0676
vn 0.8074 0.5837 0.0859
vn -0.5435 -0.8373 -0.0592
vn 0.9167 0.3658 -0.1606
vn 0.8865 0.4282 -0.1755
vn -0.2187 0.9757 0.0166
vn -0.2572 0.9659 -0.0295
vn 0.8701 0.4766 -0.1256
vn 0.8563 0.4794 -0.1919
vn 0.9250 0.3404 -0.1690
vn 0.9131 0.3751 -0.1600
vn -0.4918 0.8690 0.0547
vn -0.4995 0.8662 -0.0136
vn 0.2420 0.9640 -0.1104
vn 0.2745 0.8665 -0.4170
vn 0.8418 0.3013 -0.4480
vn 0.8707 0.3546 -0.3409
vn 0.7775 0.4426 -0.4468
vn 0.7955 0.4929 -0.3524
vn 0.9024 0.1387 -0.4080
vn 0.9161 0.2233 -0.3331
vn 0.5508 0.7475 -0.3714
vn 0.6009 0.7048 -0.3770
vn 0.5815 0.7115 -0.3945
vn 0.6147 0.6972 -0.3688
vn 0.7081 0.5348 -0.4610
vn 0.8514 0.4035 -0.3352
vn 0.8645 0.2658 -0.4266
vn 0.8901 0.2987 -0.3442
vn 0.1238 0.9916 -0.0376
vn 0.2462 0.8699 -0.4274
vn 0.7027 0.5542 -0.4461
vn 0.7818 0.5261 -0.3347
vn 0.8022 0.2968 -0.5180
vn 0.6528 0.6627 -0.3671
vn -0.4165 0.7157 0.5606
vn -0.7933 0.4586 -0.4005
vn 0.2004 0.9739 -0.1062
vn 0.0831 0.9054 -0.4164
vn -0.2227 0.9131 0.3416
vn -0.0497 0.8852 -0.4626
vn -0.4571 0.6936 0.5567
vn -0.4287 0.7797 -0.4563
vn -0.6006 0.7688 -0.2197
vn 0.5012 0.7093 -0.4956
vn -0.3335 0.8539 -0.3997
vn -0.1331 0.9621 -0.2382
vn 0.0579 0.9504 -0.3057
vn -0.3799 0.7924 0.4773
vn -0.4870 0.7492 -0.4488
vn -0.2853 0.8809 0.3776
vn -0.6531 0.6202 -0.4345
vn 0.0045 0.9382 -0.3461
vn 0.2154 0.9234 -0.3178
vn -0.4079 0.9126 -0.0267
vn 0.2013 0.9788 -0.0388
vn -0.5037 0.8615 0.0636
vn 0.1711 0.9852 -0.0113
vn -0.2157 0.9764 0.0087
vn -0.2798 0.9557 -0.0917
vn -0.5149 0.8550 0.0617
vn -0.4484 0.8929 -0.0410
vn -0.3604 0.9297 0.0753
vn -0.4403 0.8953 0.0678
vn -0.1698 0.9854 -0.0138
vn -0.2225 0.9749 0.0112
vn -0.1172 0.9609 -0.2507
vn -0.5581 0.8215 0.1172
vn -0.6282 0.7745 0.0737
vn -0.6352 0.7723 -0.0049
vn -0.4385 0.8967 0.0596
vn -0.4948 0.8685 -0.0304
vn -0.3591 0.9321 0.0474
vn -0.3564 0.9337 -0.0359
vn -0.2949 0.9524 0.0769
vn -0.3460 0.9354 -0.0730
vn -0.3682 0.9271 0.0694
vn -0.3894 0.9193 -0.0571
vn -0.4759 0.8770 0.0659
vn -0.4899 0.8713 -0.0309
vn 0.0975 0.9917 -0.0838
vn -0.6087 0.7796 0.1471
vn -0.4677 0.8824 -0.0511
vn -0.3483 0.9362 0.0460
vn -0.4245 0.9030 0.0656
vn -0.4543 0.8901 -0.0377
vn -0.4526 0.8891 0.0677
vn -0.4508 0.8916 -0.0428
vn 0.9913 0.1255 -0.0407
vn 0.8086 0.5705 -0.1435
vn 0.9896 -0.0784 -0.1209
vn 0.9330 0.3596 -0.0133
vn 0.9229 -0.3848 0.0113
vn 0.9877 0.0768 0.1366
vn 0.9892 0.1433 -0.0320
vn 0.4965 0.8669 0.0445
vn 0.9737 0.2116 0.0840
vn 0.9370 -0.1024 -0.3341
vn 0.5679 0.7892 0.2337
vn 0.8429 0.5180 0.1453
vn 0.9187 0.3909 -0.0562
vn 0.9934 -0.0809 0.0818
vn 0.9175 -0.3969 -0.0277
vn 0.4217 0.8524 -0.3093
vn 0.9287 0.3299 0.1696
vn 0.9111 0.4014 0.0933
vn 0.7641 -0.6314 -0.1320
vn 0.6418 0.7027 -0.3071
vn 0.1056 0.9500 -0.2940
vn 0.8073 0.5749 -0.1333
vn 0.9999 0.0040 0.0113
vn 0.9590 -0.2499 0.1340
vn 0.9933 -0.0798 -0.0839
vn 0.1219 0.9370 0.3275
vn 0.9167 0.0369 0.3979
vn 0.6325 -0.7382 -0.2347
vn 0.4773 0.6988 -0.5328
vn 0.5015 -0.8229 -0.2671
vn 0.5512 0.6671 -0.5012
vn 0.8411 0.5297 -0.1092
vn 0.7208 0.6705 -0.1755
vn 0.8645 0.4957 -0.0829
vn 0.8136 -0.5101 0.2790
vn 0.0580 0.9741 -0.2184
vn -0.2947 0.9459 0.1357
vn 0.1546 0.9822 -0.1066
vn 0.0639 0.9980 -0.0019
vn 0.6970 -0.6611 -0.2776
vn 0.6119 0.6316 -0.4762
vn 0.7049 -0.6687 -0.2367
vn 0.6824 0.6900 -0.2414
vn 0.6633 -0.7483 0.0011
vn 0.6224 0.7789 0.0766
vn 0.9483 -0.2682 -0.1699
vn 0.5787 0.8151 -0.0261
vn 0.6841 -0.7060 -0.1833
vn 0.5455 0.8355 0.0657
vn 0.6267 -0.7770 0.0591
vn 0.7078 0.5506 -0.4425
vn 0.4554 -0.6748 -0.5807
vn 0.7121 -0.6911 -0.1242
vn 0.8518 -0.5231 0.0268
vn 0.6765 0.6912 -0.2542
vn 0.6008 -0.7612 -0.2443
vn 0.5812 0.6820 -0.4439
vn 0.8073 -0.5900 -0.0112
vn 0.4732 0.6812 -0.5586
vn -0.3754 0.9255 0.0505
vn -0.3878 0.9211 -0.0340
vn -0.6492 0.7569 0.0754
vn -0.6691 0.7432 0.0007
vn -0.3245 0.9453 0.0325
vn -0.4192 0.9053 0.0686
vn -0.3951 0.9168 -0.0577
vn 0.0269 0.9957 -0.0889
vn -0.3842 0.9205 0.0712
vn -0.3741 0.9250 -0.0670
vn -0.6345 0.7703 0.0635
vn -0.7078 0.6950 0.1269
vn 0.2573 -0.9568 0.1353
vn -0.6509 0.7233 0.2306
vn -0.3792 0.9215 0.0837
vn 0.2103 0.9099 -0.3576
vn -0.3469 0.9336 0.0904
vn -0.3739 0.9201 0.1170
vn -0.5581 0.8211 0.1194
vn -0.1556 0.9844 0.0825
vn -0.3594 0.9301 0.0761
vn 0.2468 0.8853 -0.3941
vn -0.3508 0.9276 0.1286
vn -0.3634 0.9094 0.2022
vn -0.2761 0.9360 0.2184
vn -0.3846 0.8656 0.3207
vn -0.3960 0.8780 0.2689
vn -0.3472 0.8933 0.2854
vn -0.4713 0.8666 0.1640
vn -0.6553 0.7515 0.0765
vn -0.6306 0.7622 0.1464
vn -0.8508 0.4775 0.2195
vn -0.2899 0.9309 0.2222
vn -0.4683 0.8803 0.0756
vn -0.4507 0.8049 0.3861
vn -0.5164 0.8233 0.2355
vn -0.2748 0.9339 0.2288
vn -0.3131 0.9127 0.2627
vn 0.9943 0.0051 0.1066
vn 0.6444 -0.7641 0.0287
vn 0.6807 0.7123 -0.1714
vn 0.8394 0.5210 -0.1548
vn 0.8216 0.5456 -0.1654
vn 0.7705 0.6163 -0.1628
vn 0.7259 0.6703 -0.1538
vn 0.6902 0.7001 -0.1828
vn 0.6927 0.7071 -0.1421
vn 0.8743 0.4532 -0.1740
vn 0.8631 0.4803 -0.1562
vn 0.9652 0.1856 -0.1844
vn 0.9418 0.3031 -0.1454
vn 0.8923 0.4256 -0.1505
vn 0.9247 0.3450 -0.1612
vn 0.5074 -0.8613 -0.0267
vn -0.0676 0.9903 0.1218
vn -0.6099 0.7924 0.0134
vn 0.1656 0.9105 -0.3789
vn -0.3517 0.8965 0.2693
vn -0.2752 0.9043 0.3263
vn 0.9540 -0.2834 0.0977
vn 0.8893 0.4519 0.0702
vn -0.5143 0.7670 0.3838
vn -0.5316 0.7570 0.3799
vn 0.9715 0.1094 -0.2104
vn 0.9831 0.1449 -0.1116
vn -0.5393 0.7405 0.4009
vn -0.5286 0.7622 0.3737
vn 0.9622 -0.0794 -0.2604
vn 0.9894 0.1074 -0.0979
vn 0.7228 0.6268 -0.2908
vn 0.9806 0.1404 -0.1370
vn -0.4660 0.8081 0.3603
vn 0.9357 0.3033 -0.1804
vn 0.9964 0.0563 -0.0628
vn 0.7992 0.5773 0.1671
vn 0.0734 0.9630 0.2594
vn 0.2932 0.8755 -0.3842
vn 0.8122 0.5718 0.1159
vn 0.9943 -0.1058 0.0151
vn 0.4936 0.7807 0.3832
vn -0.2674 0.9387 0.2177
vn -0.3128 0.9044 0.2902
vn -0.2306 0.9560 0.1811
vn -0.1046 0.9518 0.2882
vn 0.9756 0.1760 -0.1314
vn 0.9555 0.2686 -0.1219
vn 0.9890 0.1116 -0.0971
vn 0.1886 0.8191 0.5417
vn 0.8973 0.4239 -0.1231
vn 0.1793 0.8881 0.4233
vn 0.9637 0.0533 -0.2616
vn 0.9821 0.1642 -0.0918
vn 0.9079 -0.2241 -0.3542
vn 0.9345 -0.2640 -0.2387
vn 0.9747 -0.1794 0.1331
vn 0.7454 0.5936 0.3032
vn 0.9649 -0.0106 -0.2625
vn 0.9721 -0.0780 -0.2212
vn 0.8649 -0.3115 -0.3935
vn 0.9767 -0.0694 -0.2029
vn 0.8901 -0.2734 -0.3647
vn 0.8938 -0.3715 -0.2512
vn 0.8235 -0.3775 -0.4236
vn 0.9323 -0.2787 -0.2304
vn -0.2588 0.9607 0.1009
vn -0.0421 0.9991 -0.0101
vn -0.4108 0.9098 0.0599
vn -0.0403 0.9983 -0.0432
vn 0.9660 -0.2216 0.1336
vn 0.4951 0.7208 0.4851
vn 0.9929 -0.1058 0.0549
vn 0.4222 0.6755 0.6045
vn 0.9718 0.1583 -0.1749
vn 0.9020 0.3887 -0.1878
vn 0.9988 -0.0043 -0.0497
vn 0.4181 0.6736 0.6095
vn 0.9424 0.1894 -0.2758
vn 0.4282 0.6849 0.5895
vn 0.9250 0.2269 -0.3048
vn 0.6659 0.7314 0.1467
vn 0.9548 0.1720 -0.2423
vn 0.6386 0.7667 0.0657
vn 0.9827 0.1237 -0.1380
vn 0.8018 0.5744 0.1649
vn 1.0000 -0.0002 0.0093
vn 0.5487 0.7822 0.2952
vn 0.9890 -0.0386 0.1430
vn 0.9271 0.0769 0.3668
vn 0.9935 0.0557 -0.0994
vn 0.0893 0.9948 0.0489
vn 0.9897 0.0190 -0.1416
vn -0.5225 0.8522 -0.0253
vn 0.8090 0.1616 -0.5652
vn 0.2948 0.9530 0.0697
vn 0.6356 -0.5807 -0.5087
vn 0.7833 -0.6024 -0.1533
vn 0.5933 -0.6145 -0.5200
vn 0.6892 -0.7163 -0.1095
vn 0.2744 0.9301 -0.2442
vn 0.2504 0.9675 -0.0352
vn -0.4568 0.8881 0.0518
vn -0.0580 0.9968 -0.0547
vn 0.4107 0.8847 -0.2206
vn 0.4157 0.9059 -0.0807
vn 0.5712 -0.6284 -0.5281
vn 0.6540 -0.7521 -0.0816
vn -0.3540 0.9319 0.0793
vn 0.0702 0.9737 -0.2169
vn 0.6780 -0.5590 -0.4774
vn 0.7567 -0.6218 -0.2021
vn 0.6099 0.7655 -0.2051
vn 0.4422 0.8934 -0.0789
vn -0.2220 0.9690 0.1087
vn -0.0721 0.9967 0.0378
vn 0.0457 0.9879 0.1480
vn -0.2664 0.9329 0.2423
vn 0.4750 0.8571 -0.1994
vn 0.5447 0.8375 0.0440
vn 0.3396 0.9385 -0.0620
vn 0.1569 0.9473 -0.2792
vn 0.5479 0.8093 -0.2116
vn -0.1677 0.6798 0.7140
vn 0.7076 0.6912 -0.1465
vn -0.1414 0.8414 0.5215
vn 0.3833 0.8927 -0.2372
vn 0.3655 0.9291 -0.0560
vn 0.1250 0.9712 -0.2026
vn 0.8849 0.4657 0.0012
vn 0.0914 0.9534 0.2875
vn 0.1634 0.9865 0.0099
vn 0.1786 0.9839 0.0080
vn 0.2247 0.9743 -0.0146
vn 0.1482 0.9521 -0.2675
vn 0.2801 0.9595 -0.0314
vn 0.2000 0.9113 -0.3600
vn -0.0160 0.9939 0.1087
vn 0.1024 0.9682 -0.2281
vn -0.0622 0.9898 0.1278
vn -0.1106 0.9909 0.0763
vn -0.0586 0.9897 0.1306
vn -0.0874 0.9955 0.0369
vn -0.4159 0.8461 0.3334
vn -0.2722 0.9447 0.1827
vn -0.3355 0.9384 0.0825
vn -0.0154 0.9962 -0.0852
vn -0.2909 0.9525 0.0902
vn -0.1737 0.9848 0.0003
vn 0.3369 0.9297 0.1491
vn 0.3634 0.9130 0.1855
vn 0.2648 0.9502 0.1646
vn 0.1491 0.9743 0.1687
vn 0.3029 0.9389 0.1634
vn 0.3010 0.9385 0.1694
vn 0.1607 0.9693 0.1861
vn 0.1478 0.9766 0.1562
vn 0.3363 0.9290 0.1545
vn 0.3283 0.9285 0.1737
vn 0.0023 0.9797 0.2006
vn 0.0384 0.9868 0.1574
vn 0.3037 0.9373 0.1712
vn 0.2559 0.9531 0.1614
vn 0.6884 0.7143 0.1263
vn 0.5647 0.8158 0.1251
vn 0.9236 0.3764 0.0730
vn 0.9171 0.3983 0.0149
vn 0.8283 0.5521 0.0952
vn 0.8234 0.5636 0.0664
vn 0.8950 0.4363 0.0925
vn 0.8600 0.5085 0.0435
vn 0.9852 0.1471 0.0876
vn 0.9837 0.0931 -0.1538
vn 0.8782 0.4717 0.0789
vn 0.8055 0.5860 0.0882
vn 0.7787 0.6198 0.0971
vn 0.8735 0.4851 0.0416
vn 0.8497 0.5203 0.0852
vn 0.8169 0.5706 0.0844
vn 0.0519 0.9789 0.1978
vn -0.0737 0.9662 0.2472
vn -0.2505 0.9278 0.2764
vn -0.2779 0.9598 0.0392
vn -0.1316 0.9560 0.2623
vn -0.0530 0.9890 0.1379
vn 0.2789 0.9498 0.1418
vn 0.4810 0.8373 0.2599
vn -0.0383 0.9847 0.1699
vn 0.1120 0.9765 0.1841
vn -0.2728 0.9187 0.2856
vn -0.1787 0.9821 0.0597
vn 0.9985 0.0469 -0.0284
vn -0.1697 0.9853 0.0215
vn 0.8343 -0.0282 -0.5505
vn 0.0782 0.9963 0.0368
vn 0.9657 0.0740 -0.2488
vn -0.0005 0.9992 0.0388
vn 0.7980 0.0740 0.5981
vn 0.7238 -0.6874 0.0602
vn 0.9849 0.0857 0.1505
vn -0.8074 -0.5858 -0.0699
vn 0.8944 0.0138 -0.4471
vn -0.3585 0.9330 0.0313
vn 0.9424 0.3243 0.0822
vn 0.6207 0.7490 0.2319
vn 0.5807 0.8125 0.0509
vn 0.5050 0.8153 0.2834
vn 0.6519 0.7579 -0.0226
vn 0.9572 0.1502 0.2475
vn 0.5788 -0.6706 -0.4639
vn 0.7196 -0.4348 -0.5414
vn 0.9308 0.2223 0.2901
vn 0.8169 0.5677 0.1024
vn 0.5294 -0.7799 -0.3339
vn -0.0153 -0.8114 -0.5843
vn 0.9773 -0.0671 0.2010
vn 0.2044 0.8218 0.5319
vn 0.3159 -0.0649 0.9466
vn 0.8315 0.3926 0.3930
vn -0.5893 0.6197 0.5183
vn -0.1853 0.7427 0.6435
vn 0.7081 0.5538 0.4381
vn -0.4584 0.7375 0.4959
vn -0.0437 0.8116 0.5826
vn 0.8849 -0.4452 0.1372
vn 0.9530 -0.0672 -0.2954
vn 0.9936 0.1053 0.0420
vn 0.7992 0.5986 0.0544
vn 0.9794 0.1574 0.1266
vn 0.6151 -0.7881 -0.0252
vn 0.7358 0.3479 0.5811
vn 0.9718 -0.2359 -0.0008
vn 0.7800 0.6202 0.0840
vn 0.7401 0.6569 0.1440
vn 0.5573 0.7996 -0.2238
vn 0.9678 -0.0024 0.2518
vn 0.4854 -0.8515 0.1985
vn 0.8473 -0.2947 -0.4418
vn -0.0741 0.9854 0.1533
vn -0.0832 0.9935 0.0773
vn 0.9893 0.0460 0.1387
vn 0.9571 0.2588 -0.1303
vn 0.7806 0.4682 -0.4140
vn 0.8659 -0.4518 0.2148
vn 0.8978 0.0646 0.4356
vn 0.9689 -0.0320 0.2455
vn 0.7951 0.4960 0.3489
vn 0.9920 -0.0033 0.1263
vn 0.2624 0.7721 0.5788
vn 0.4911 0.8440 0.2158
vn 0.5746 0.8168 -0.0523
vn 0.2377 0.9661 -0.1012
vn 0.2188 -0.8332 -0.5078
vn 0.8411 0.4063 0.3570
vn 0.2633 0.9306 0.2542
vn -0.1091 0.9613 0.2529
vn -0.1033 0.9673 0.2318
vn 0.9313 -0.3316 0.1507
vn 0.9245 -0.1964 -0.3267
vn 0.8147 -0.5487 0.1875
vn 0.5037 -0.6201 -0.6014
vn 0.8984 -0.1195 -0.4227
vn 0.7676 0.6392 0.0469
vn 0.9047 -0.1258 -0.4071
vn 0.0563 0.9925 0.1088
vn -0.4914 0.8704 0.0321
vn -0.0704 0.9957 0.0603
vn -0.2973 0.9504 0.0919
vn -0.0717 0.9949 0.0705
vn -0.3416 0.9369 0.0743
vn 0.0492 0.9912 0.1232
vn 0.3548 0.1736 -0.9187
vn -0.4371 -0.8951 0.0883
vn 0.5372 -0.5990 -0.5939
vn 0.1660 -0.9648 0.2041
vn 0.9951 -0.0724 0.0668
vn 0.9808 0.1128 0.1591
vn 0.8915 0.4054 0.2020
vn 0.0359 0.9803 0.1945
vn 0.0790 0.9826 0.1678
vn 0.1785 0.9466 0.2683
vn -0.0923 0.9810 -0.1704
vn -0.3263 0.9415 0.0838
vn -0.0231 0.9919 0.1251
vn -0.3215 0.9431 0.0850
vn -0.0225 0.9991 -0.0366
vn -0.5612 0.8276 0.0081
vn 0.0381 0.9169 0.3972
vn 0.1487 0.9823 -0.1141
vn 0.1396 0.9889 -0.0507
vn 0.0973 0.9908 0.0944
vn 0.0825 0.9890 0.1225
vn 0.1446 0.9894 -0.0120
vn 0.1012 0.9922 0.0724
vn -0.1402 0.9896 -0.0307
vn 0.0126 0.9722 0.2340
vn 0.0643 0.9973 0.0362
vn -0.2315 0.9710 -0.0592
vn -0.0135 0.9585 0.2849
vn -0.3282 0.9407 -0.0855
vn 0.0741 0.9863 0.1474
vn 0.1158 0.9918 0.0541
vn -0.0230 0.9997 0.0025
vn 0.0762 0.9965 0.0338
vn 0.4670 0.8626 0.1946
vn 0.1247 0.9921 0.0134
vn 0.1286 0.9917 -0.0067
vn -0.0000 1.0000 -0.0014
vn 0.0584 0.5750 0.8161
vn 0.2112 0.9773 -0.0128
vn -0.0366 0.9992 -0.0135
vn -0.0996 0.6771 0.7291
vn -0.5649 0.8207 -0.0855
vn 0.0485 0.9827 0.1788
vn -0.0150 0.9999 -0.0015
vn 0.0746 0.9869 0.1432
vn 0.2006 0.9795 0.0171
vn 0.2404 0.9707 0.0019
vn 0.1494 0.9887 0.0120
vn 0.1938 0.9803 0.0393
vn -0.0207 0.9985 0.0505
vn 0.1049 0.9892 -0.1025
vn -0.0371 0.9955 0.0872
vn 0.3027 0.9081 -0.2892
vn -0.0032 0.9997 -0.0222
vn -0.0325 0.9962 0.0806
vn -0.0066 0.9994 0.0353
vn 0.0480 0.9976 -0.0500
vn 0.0609 0.9969 -0.0491
vn 0.0751 0.9925 -0.0965
vn 0.0981 0.9875 -0.1237
vn -0.2222 0.9421 0.2512
vn 0.1769 0.9728 -0.1498
vn -0.0595 0.9977 0.0328
vn -0.0733 0.9962 0.0460
vn -0.2267 0.9624 0.1494
vn 0.1109 0.9846 -0.1349
vn -0.0890 0.9926 0.0831
vn -0.2875 0.9576 -0.0178
vn 0.0958 0.9757 -0.1972
vn -0.2735 0.9610 0.0407
vn -0.1201 0.9914 0.0513
vn 0.1281 0.9861 -0.1060
vn 0.0466 -0.9979 -0.0447
vn 0.1003 0.9746 -0.2003
vn -0.5114 0.8028 0.3065
vn 0.1237 0.9906 -0.0580
vn 0.1246 0.9907 0.0551
vn 0.1222 0.9899 -0.0724
vn 0.1248 0.9903 -0.0606
vn 0.1291 0.9875 0.0908
vn 0.1303 0.9900 0.0539
vn 0.1472 0.9863 -0.0739
vn 0.1007 0.9783 -0.1810
vn -0.3325 0.9220 0.1984
vn 0.1035 0.9806 -0.1664
vn 0.0084 0.9998 0.0192
vn 0.1185 0.9835 -0.1366
vn 0.0768 0.9969 -0.0167
vn 0.1901 0.9811 -0.0362
vn 0.2012 0.9771 -0.0696
vn -0.1035 0.9915 0.0792
vn -0.0127 0.9999 0.0051
vn 0.0418 0.9987 0.0285
vn 0.0171 0.9998 -0.0052
vn 0.0027 0.9994 0.0350
vn -0.0003 0.9995 -0.0330
vn 0.0068 0.9999 -0.0144
vn -0.0161 0.9954 -0.0941
vn -0.0072 0.9989 -0.0460
vn -0.0090 0.9992 0.0382
vn 0.0110 0.9991 -0.0403
vn -0.0037 0.9910 0.1337
vn -0.0018 0.9982 -0.0604
vn -0.0425 0.9966 0.0703
vn -0.0175 0.9986 -0.0492
vn 0.8001 0.4850 -0.3530
vn 0.6156 0.7458 -0.2545
vn 0.2482 0.9668 -0.0602
vn 0.8711 0.2658 -0.4129
vn 0.8273 0.4134 -0.3804
vn -0.0167 0.9968 0.0788
vn -0.1098 0.9882 0.1067
vn -0.0661 0.9908 -0.1185
f 137/137/137 2361/2361/2361 128/128/128
f 165/165/165 1452/1452/1452 163/163/163
f 358/358/358 1452/1452/1452 37/37/37
f 1452/1452/1452 282/282/282 280/280/280
f 32/32/32 349/349/349 2361/2361/2361
f 1452/1452/1452 358/358/358 356/356/356
f 34/34/34 2361/2361/2361 351/351/351
f 38/38/38 36/36/36 32/32/32
f 315/315/315 357/357/357 2361/2361/2361
f 38/38/38 2361/2361/2361 359/359/359
f 1452/1452/1452 272/272/272 312/312/312
f 38/38/38 32/32/32 2361/2361/2361
f 2361/2361/2361 349/349/349 361/361/361
f 31/31/31 1452/1452/1452 348/348/348
f 1452/1452/1452 356/356/356 314/314/314
f 1452/1452/1452 322/322/322 338/338/338
f 2361/2361/2361 323/323/323 309/309/309
f 158/158/158 135/135/135 2361/2361/2361
f 151/151/151 177/177/177 1452/1452/1452
f 140/140/140 2361/2361/2361 114/114/114
f 108/108/108 106/106/106 2361/2361/2361
f 153/153/153 1452/1452/1452 155/155/155
f 110/110/110 131/131/131 2361/2361/2361
f 108/108/108 2361/2361/2361 152/152/152
f 152/152/152 2361/2361/2361 178/178/178
f 107/107/107 1452/1452/1452 105/105/105
f 112/112/112 114/114/114 2361/2361/2361
f 153/153/153 105/105/105 1452/1452/1452
f 146/146/146 112/112/112 2361/2361/2361
f 157/157/157 1452/1452/1452 134/134/134
f 1452/1452/1452 145/145/145 155/155/155
f 137/137/137 331/331/331 329/329/329
f 1452/1452/1452 159/159/159 139/139/139
f 116/116/116 121/121/121 418/418/418
f 1452/1452/1452 113/113/113 111/111/111
f 460/460/460 467/467/467 450/450/450
f 325/325/325 339/339/339 2361/2361/2361
f 116/116/116 418/418/418 475/475/475
f 473/473/473 418/418/418 452/452/452
f 480/480/480 2361/2361/2361 478/478/478
f 418/418/418 144/144/144 150/150/150
f 418/418/418 477/477/477 475/475/475
f 115/115/115 117/117/117 2361/2361/2361
f 418/418/418 121/121/121 144/144/144
f 119/119/119 116/116/116 475/475/475
f 472/472/472 451/451/451 1164/1164/1164
f 115/115/115 2361/2361/2361 120/120/120
f 1452/1452/1452 127/127/127 130/130/130
f 180/180/180 176/176/176 2361/2361/2361
f 428/428/428 418/418/418 450/450/450
f 466/466/466 458/458/458 449/449/449
f 676/676/676 2867/2867/2867 2869/2869/2869
f 418/418/418 428/428/428 430/430/430
f 137/137/137 329/329/329 2361/2361/2361
f 290/290/290 297/297/297 1164/1164/1164
f 3263/3263/3263 3261/3261/3261 1452/1452/1452
f 136/136/136 127/127/127 1452/1452/1452
f 1452/1452/1452 157/157/157 159/159/159
f 2995/2995/2995 3184/3184/3184 3080/3080/3080
f 109/109/109 1452/1452/1452 130/130/130
f 330/330/330 136/136/136 1452/1452/1452
f 1452/1452/1452 139/139/139 113/113/113
f 145/145/145 1452/1452/1452 111/111/111
f 173/173/173 163/163/163 1452/1452/1452
f 206/206/206 162/162/162 2361/2361/2361
f 2361/2361/2361 164/164/164 174/174/174
f 161/161/161 1452/1452/1452 165/165/165
f 175/175/175 179/179/179 1452/1452/1452
f 1452/1452/1452 161/161/161 205/205/205
f 174/174/174 180/180/180 2361/2361/2361
f 154/154/154 2361/2361/2361 106/106/106
f 151/151/151 1452/1452/1452 107/107/107
f 171/171/171 1452/1452/1452 205/205/205
f 1452/1452/1452 169/169/169 167/167/167
f 2361/2361/2361 166/166/166 164/164/164
f 2361/2361/2361 162/162/162 166/166/166
f 400/400/400 2361/2361/2361 186/186/186
f 199/199/199 1452/1452/1452 207/207/207
f 3160/3160/3160 1357/1357/1357 3132/3132/3132
f 2893/2893/2893 2903/2903/2903 1357/1357/1357
f 376/376/376 1164/1164/1164 198/198/198
f 372/372/372 1164/1164/1164 374/374/374
f 201/201/201 1452/1452/1452 167/167/167
f 200/200/200 208/208/208 2361/2361/2361
f 173/173/173 1452/1452/1452 179/179/179
f 169/169/169 1452/1452/1452 171/171/171
f 172/172/172 206/206/206 2361/2361/2361
f 202/202/202 168/168/168 2361/2361/2361
f 170/170/170 172/172/172 2361/2361/2361
f 207/207/207 1452/1452/1452 201/201/201
f 366/366/366 368/368/368 1164/1164/1164
f 208/208/208 202/202/202 2361/2361/2361
f 296/296/296 289/289/289 2361/2361/2361
f 289/289/289 287/287/287 2361/2361/2361
f 302/302/302 1452/1452/1452 298/298/298
f 290/290/290 1164/1164/1164 288/288/288
f 285/285/285 292/292/292 1164/1164/1164
f 286/286/286 295/295/295 2361/2361/2361
f 277/277/277 279/279/279 1164/1164/1164
f 286/286/286 2361/2361/2361 293/293/293
f 360/360/360 348/348/348 1452/1452/1452
f 270/270/270 326/326/326 1452/1452/1452
f 1164/1164/1164 313/313/313 273/273/273
f 33/33/33 1452/1452/1452 310/310/310
f 1452/1452/1452 274/274/274 272/272/272
f 277/277/277 1164/1164/1164 275/275/275
f 2361/2361/2361 303/303/303 293/293/293
f 1164/1164/1164 316/316/316 294/294/294
f 305/305/305 307/307/307 2361/2361/2361
f 271/271/271 1164/1164/1164 327/327/327
f 276/276/276 1452/1452/1452 278/278/278
f 302/302/302 298/298/298 291/291/291
f 313/313/313 1164/1164/1164 271/271/271
f 858/858/858 812/812/812 2567/2567/2567
f 2361/2361/2361 357/357/357 359/359/359
f 304/304/304 310/310/310 1452/1452/1452
f 292/292/292 299/299/299 1164/1164/1164
f 2361/2361/2361 295/295/295 317/317/317
f 2361/2361/2361 317/317/317 321/321/321
f 1164/1164/1164 297/297/297 316/316/316
f 316/316/316 297/297/297 319/319/319
f 2361/2361/2361 307/307/307 303/303/303
f 1452/1452/1452 276/276/276 274/274/274
f 35/35/35 1452/1452/1452 31/31/31
f 37/37/37 1452/1452/1452 35/35/35
f 458/458/458 454/454/454 1164/1164/1164
f 1164/1164/1164 273/273/273 275/275/275
f 306/306/306 1452/1452/1452 302/302/302
f 1719/1719/1719 811/811/811 1723/1723/1723
f 304/304/304 1452/1452/1452 306/306/306
f 309/309/309 315/315/315 2361/2361/2361
f 305/305/305 2361/2361/2361 311/311/311
f 324/324/324 1452/1452/1452 338/338/338
f 34/34/34 311/311/311 2361/2361/2361
f 1452/1452/1452 324/324/324 336/336/336
f 322/322/322 1452/1452/1452 308/308/308
f 339/339/339 323/323/323 2361/2361/2361
f 110/110/110 2361/2361/2361 135/135/135
f 336/336/336 330/330/330 1452/1452/1452
f 351/351/351 2361/2361/2361 361/361/361
f 328/328/328 336/336/336 334/334/334
f 109/109/109 134/134/134 1452/1452/1452
f 328/328/328 330/330/330 336/336/336
f 268/268/268 266/266/266 1452/1452/1452
f 298/298/298 1452/1452/1452 326/326/326
f 299/299/299 327/327/327 1164/1164/1164
f 312/312/312 270/270/270 1452/1452/1452
f 360/360/360 1452/1452/1452 350/350/350
f 294/294/294 285/285/285 1164/1164/1164
f 1452/1452/1452 33/33/33 350/350/350
f 369/369/369 367/367/367 2361/2361/2361
f 368/368/368 370/370/370 1164/1164/1164
f 54/54/54 1357/1357/1357 3165/3165/3165
f 365/365/365 2361/2361/2361 367/367/367
f 371/371/371 373/373/373 2361/2361/2361
f 372/372/372 378/378/378 1164/1164/1164
f 436/436/436 418/418/418 424/424/424
f 375/375/375 197/197/197 2361/2361/2361
f 1164/1164/1164 183/183/183 399/399/399
f 1164/1164/1164 187/187/187 181/181/181
f 1164/1164/1164 185/185/185 187/187/187
f 377/377/377 371/371/371 2361/2361/2361
f 1105/1105/1105 1095/1095/1095 1109/1109/1109
f 1216/1216/1216 1109/1109/1109 1193/1193/1193
f 400/400/400 184/184/184 2361/2361/2361
f 402/402/402 1186/1186/1186 2361/2361/2361
f 2361/2361/2361 1186/1186/1186 1184/1184/1184
f 1177/1177/1177 1164/1164/1164 1198/1198/1198
f 401/401/401 1164/1164/1164 1185/1185/1185
f 1164/1164/1164 181/181/181 191/191/191
f 373/373/373 375/375/375 2361/2361/2361
f 1164/1164/1164 376/376/376 374/374/374
f 183/183/183 1164/1164/1164 401/401/401
f 184/184/184 402/402/402 2361/2361/2361
f 1178/1178/1178 1199/1199/1199 2361/2361/2361
f 1217/1217/1217 1164/1164/1164 1215/1215/1215
f 399/399/399 185/185/185 1164/1164/1164
f 413/413/413 418/418/418 417/417/417
f 412/412/412 416/416/416 1164/1164/1164
f 3160/3160/3160 3232/3232/3232 3157/3157/3157
f 413/413/413 424/424/424 418/418/418
f 436/436/436 426/426/426 418/418/418
f 1164/1164/1164 416/416/416 419/419/419
f 56/56/56 1263/1263/1263 1357/1357/1357
f 481/481/481 1164/1164/1164 483/483/483
f 3156/3156/3156 1452/1452/1452 3164/3164/3164
f 1164/1164/1164 425/425/425 423/423/423
f 1164/1164/1164 423/423/423 412/412/412
f 421/421/421 439/439/439 1164/1164/1164
f 53/53/53 3164/3164/3164 1452/1452/1452
f 422/422/422 418/418/418 440/440/440
f 2463/2463/2463 56/56/56 1357/1357/1357
f 418/418/418 420/420/420 417/417/417
f 414/414/414 437/437/437 1164/1164/1164
f 1357/1357/1357 3160/3160/3160 3157/3157/3157
f 415/415/415 440/440/440 418/418/418
f 3161/3161/3161 3133/3133/3133 3184/3184/3184
f 438/438/438 415/415/415 418/418/418
f 421/421/421 1164/1164/1164 419/419/419
f 439/439/439 414/414/414 1164/1164/1164
f 1164/1164/1164 454/454/454 434/434/434
f 458/458/458 1164/1164/1164 449/449/449
f 430/430/430 432/432/432 418/418/418
f 296/296/296 2361/2361/2361 318/318/318
f 418/418/418 422/422/422 420/420/420
f 1164/1164/1164 463/463/463 425/425/425
f 425/425/425 435/435/435 423/423/423
f 426/426/426 464/464/464 418/418/418
f 429/429/429 427/427/427 1164/1164/1164
f 456/456/456 288/288/288 1164/1164/1164
f 433/433/433 453/453/453 2361/2361/2361
f 434/434/434 456/456/456 1164/1164/1164
f 427/427/427 449/449/449 1164/1164/1164
f 429/429/429 1164/1164/1164 431/431/431
f 1164/1164/1164 447/447/447 470/470/470
f 1164/1164/1164 445/445/445 447/447/447
f 2361/2361/2361 465/465/465 459/459/459
f 451/451/451 445/445/445 1164/1164/1164
f 366/366/366 1164/1164/1164 378/378/378
f 483/483/483 1164/1164/1164 370/370/370
f 2361/2361/2361 480/480/480 482/482/482
f 453/453/453 457/457/457 2361/2361/2361
f 2361/2361/2361 287/287/287 455/455/455
f 418/418/418 460/460/460 450/450/450
f 2361/2361/2361 455/455/455 433/433/433
f 53/53/53 1452/1452/1452 2464/2464/2464
f 460/460/460 418/418/418 462/462/462
f 459/459/459 461/461/461 2361/2361/2361
f 465/465/465 2361/2361/2361 457/457/457
f 482/482/482 369/369/369 2361/2361/2361
f 472/472/472 1164/1164/1164 476/476/476
f 1164/1164/1164 118/118/118 474/474/474
f 474/474/474 476/476/476 1164/1164/1164
f 473/473/473 477/477/477 418/418/418
f 478/478/478 2361/2361/2361 117/117/117
f 479/479/479 1164/1164/1164 481/481/481
f 54/54/54 2465/2465/2465 1357/1357/1357
f 418/418/418 446/446/446 452/452/452
f 479/479/479 118/118/118 1164/1164/1164
f 2462/2462/2462 2464/2464/2464 1452/1452/1452
f 1031/1031/1031 1469/1469/1469 1467/1467/1467
f 55/55/55 2462/2462/2462 1452/1452/1452
f 1031/1031/1031 602/602/602 604/604/604
f 602/602/602 1031/1031/1031 603/603/603
f 676/676/676 687/687/687 685/685/685
f 1031/1031/1031 662/662/662 684/684/684
f 676/676/676 692/692/692 687/687/687
f 663/663/663 646/646/646 676/676/676
f 676/676/676 646/646/646 666/666/666
f 663/663/663 676/676/676 685/685/685
f 645/645/645 1031/1031/1031 665/665/665
f 1452/1452/1452 3244/3244/3244 3242/3242/3242
f 3261/3261/3261 3045/3045/3045 1452/1452/1452
f 3264/3264/3264 2993/2993/2993 3184/3184/3184
f 676/676/676 816/816/816 692/692/692
f 689/689/689 694/694/694 1031/1031/1031
f 691/691/691 985/985/985 693/693/693
f 676/676/676 2804/2804/2804 267/267/267
f 695/695/695 693/693/693 985/985/985
f 662/662/662 1031/1031/1031 645/645/645
f 692/692/692 690/690/690 687/687/687
f 1031/1031/1031 684/684/684 686/686/686
f 691/691/691 693/693/693 688/688/688
f 985/985/985 691/691/691 815/815/815
f 686/686/686 689/689/689 1031/1031/1031
f 696/696/696 1031/1031/1031 694/694/694
f 2869/2869/2869 2804/2804/2804 676/676/676
f 843/843/843 985/985/985 856/856/856
f 857/857/857 1031/1031/1031 844/844/844
f 850/850/850 1031/1031/1031 857/857/857
f 3043/3043/3043 3122/3122/3122 1452/1452/1452
f 856/856/856 985/985/985 849/849/849
f 3264/3264/3264 3184/3184/3184 3262/3262/3262
f 982/982/982 844/844/844 1031/1031/1031
f 850/850/850 853/853/853 1031/1031/1031
f 1031/1031/1031 696/696/696 887/887/887
f 676/676/676 806/806/806 814/814/814
f 676/676/676 892/892/892 894/894/894
f 792/792/792 761/761/761 800/800/800
f 792/792/792 763/763/763 761/761/761
f 754/754/754 676/676/676 756/756/756
f 754/754/754 729/729/729 676/676/676
f 730/730/730 792/792/792 791/791/791
f 3246/3246/3246 3124/3124/3124 1452/1452/1452
f 861/861/861 1031/1031/1031 864/864/864
f 3043/3043/3043 1452/1452/1452 3045/3045/3045
f 807/807/807 892/892/892 676/676/676
f 1031/1031/1031 741/741/741 735/735/735
f 861/861/861 741/741/741 1031/1031/1031
f 1031/1031/1031 749/749/749 752/752/752
f 742/742/742 862/862/862 676/676/676
f 1031/1031/1031 735/735/735 737/737/737
f 1031/1031/1031 737/737/737 745/745/745
f 863/863/863 985/985/985 860/860/860
f 742/742/742 676/676/676 736/736/736
f 757/757/757 759/759/759 792/792/792
f 792/792/792 893/893/893 808/808/808
f 760/760/760 676/676/676 797/797/797
f 763/763/763 792/792/792 765/765/765
f 676/676/676 764/764/764 807/807/807
f 765/765/765 792/792/792 808/808/808
f 676/676/676 762/762/762 764/764/764
f 2001/2001/2001 1997/1997/1997 1031/1031/1031
f 1031/1031/1031 747/747/747 768/768/768
f 787/787/787 769/769/769 676/676/676
f 880/880/880 676/676/676 868/868/868
f 2069/2069/2069 785/785/785 676/676/676
f 777/777/777 792/792/792 759/759/759
f 2002/2002/2002 676/676/676 2062/2062/2062
f 784/784/784 2068/2068/2068 1031/1031/1031
f 880/880/880 884/884/884 873/873/873
f 676/676/676 809/809/809 774/774/774
f 782/782/782 676/676/676 778/778/778
f 2902/2902/2902 2932/2932/2932 3088/3088/3088
f 978/978/978 868/868/868 676/676/676
f 3087/3087/3087 2743/2743/2743 3083/3083/3083
f 782/782/782 776/776/776 676/676/676
f 3085/3085/3085 1452/1452/1452 3091/3091/3091
f 676/676/676 776/776/776 758/758/758
f 792/792/792 779/779/779 775/775/775
f 792/792/792 783/783/783 779/779/779
f 3086/3086/3086 3092/3092/3092 3184/3184/3184
f 676/676/676 774/774/774 778/778/778
f 758/758/758 756/756/756 676/676/676
f 783/783/783 792/792/792 777/777/777
f 785/785/785 781/781/781 676/676/676
f 755/755/755 757/757/757 792/792/792
f 786/786/786 1031/1031/1031 768/768/768
f 729/729/729 790/790/790 676/676/676
f 730/730/730 755/755/755 792/792/792
f 798/798/798 800/800/800 761/761/761
f 676/676/676 799/799/799 797/797/797
f 676/676/676 795/795/795 799/799/799
f 878/878/878 962/962/962 676/676/676
f 676/676/676 907/907/907 804/804/804
f 810/810/810 870/870/870 792/792/792
f 869/869/869 809/809/809 676/676/676
f 877/877/877 985/985/985 961/961/961
f 822/822/822 855/855/855 1031/1031/1031
f 865/865/865 841/841/841 985/985/985
f 848/848/848 842/842/842 1031/1031/1031
f 981/981/981 985/985/985 843/843/843
f 866/866/866 1031/1031/1031 842/842/842
f 792/792/792 870/870/870 874/874/874
f 822/822/822 1031/1031/1031 853/853/853
f 848/848/848 1031/1031/1031 840/840/840
f 855/855/855 836/836/836 1031/1031/1031
f 832/832/832 985/985/985 839/839/839
f 834/834/834 985/985/985 830/830/830
f 923/923/923 912/912/912 985/985/985
f 1031/1031/1031 836/836/836 948/948/948
f 847/847/847 985/985/985 841/841/841
f 849/849/849 985/985/985 852/852/852
f 1031/1031/1031 948/948/948 937/937/937
f 1031/1031/1031 937/937/937 829/829/829
f 821/821/821 852/852/852 985/985/985
f 835/835/835 831/831/831 947/947/947
f 876/876/876 878/878/878 676/676/676
f 876/876/876 676/676/676 924/924/924
f 880/880/880 873/873/873 676/676/676
f 985/985/985 879/879/879 867/867/867
f 792/792/792 775/775/775 810/810/810
f 847/847/847 839/839/839 985/985/985
f 873/873/873 869/869/869 676/676/676
f 840/840/840 1031/1031/1031 833/833/833
f 1031/1031/1031 829/829/829 833/833/833
f 921/921/921 985/985/985 912/912/912
f 920/920/920 902/902/902 915/915/915
f 919/919/919 914/914/914 985/985/985
f 902/902/902 676/676/676 894/894/894
f 893/893/893 792/792/792 895/895/895
f 903/903/903 895/895/895 792/792/792
f 883/883/883 879/879/879 985/985/985
f 875/875/875 985/985/985 877/877/877
f 834/834/834 854/854/854 985/985/985
f 875/875/875 923/923/923 985/985/985
f 1031/1031/1031 960/960/960 982/982/982
f 961/961/961 985/985/985 906/906/906
f 920/920/920 676/676/676 902/902/902
f 922/922/922 676/676/676 918/918/918
f 921/921/921 917/917/917 985/985/985
f 676/676/676 913/913/913 924/924/924
f 854/854/854 821/821/821 985/985/985
f 922/922/922 913/913/913 676/676/676
f 962/962/962 907/907/907 676/676/676
f 977/977/977 985/985/985 867/867/867
f 786/786/786 766/766/766 1031/1031/1031
f 791/791/791 792/792/792 1009/1009/1009
f 1031/1031/1031 2535/2535/2535 2519/2519/2519
f 1469/1469/1469 1031/1031/1031 1561/1561/1561
f 2152/2152/2152 2166/2166/2166 2150/2150/2150
f 1031/1031/1031 1696/1696/1696 1694/1694/1694
f 2154/2154/2154 2149/2149/2149 2164/2164/2164
f 1677/1677/1677 2125/2125/2125 1681/1681/1681
f 2153/2153/2153 2150/2150/2150 2148/2148/2148
f 2151/2151/2151 1031/1031/1031 2165/2165/2165
f 2151/2151/2151 2171/2171/2171 1031/1031/1031
f 2108/2108/2108 2125/2125/2125 2169/2169/2169
f 1031/1031/1031 2145/2145/2145 2165/2165/2165
f 2090/2090/2090 2167/2167/2167 1031/1031/1031
f 2159/2159/2159 2008/2008/2008 2015/2015/2015
f 1992/1992/1992 1999/1999/1999 1031/1031/1031
f 2154/2154/2154 2164/2164/2164 2172/2172/2172
f 2145/2145/2145 1031/1031/1031 2143/2143/2143
f 2159/2159/2159 2146/2146/2146 2144/2144/2144
f 2035/2035/2035 2000/2000/2000 2159/2159/2159
f 1031/1031/1031 2018/2018/2018 2141/2141/2141
f 2002/2002/2002 2062/2062/2062 1998/1998/1998
f 1975/1975/1975 1971/1971/1971 676/676/676
f 1031/1031/1031 2082/2082/2082 2014/2014/2014
f 3044/3044/3044 3184/3184/3184 3123/3123/3123
f 2105/2105/2105 676/676/676 2101/2101/2101
f 2119/2119/2119 2104/2104/2104 1031/1031/1031
f 676/676/676 2114/2114/2114 2118/2118/2118
f 676/676/676 2105/2105/2105 2120/2120/2120
f 2119/2119/2119 1031/1031/1031 2121/2121/2121
f 1975/1975/1975 2127/2127/2127 1971/1971/1971
f 2099/2099/2099 676/676/676 2097/2097/2097
f 2117/2117/2117 2113/2113/2113 1031/1031/1031
f 2085/2085/2085 676/676/676 2118/2118/2118
f 2084/2084/2084 2117/2117/2117 1031/1031/1031
f 676/676/676 2093/2093/2093 2116/2116/2116
f 347/347/347 2638/2638/2638 382/382/382
f 2124/2124/2124 676/676/676 2129/2129/2129
f 676/676/676 2948/2948/2948 2855/2855/2855
f 1971/1971/1971 2129/2129/2129 676/676/676
f 2096/2096/2096 2088/2088/2088 1031/1031/1031
f 2095/2095/2095 676/676/676 2124/2124/2124
f 2122/2122/2122 2114/2114/2114 676/676/676
f 1031/1031/1031 2098/2098/2098 2096/2096/2096
f 2109/2109/2109 1031/1031/1031 2106/2106/2106
f 2110/2110/2110 2107/2107/2107 2116/2116/2116
f 2958/2958/2958 3184/3184/3184 2971/2971/2971
f 1716/1716/1716 1031/1031/1031 2109/2109/2109
f 2090/2090/2090 1031/1031/1031 2171/2171/2171
f 2076/2076/2076 1031/1031/1031 2078/2078/2078
f 2108/2108/2108 2115/2115/2115 2092/2092/2092
f 2108/2108/2108 2092/2092/2092 2125/2125/2125
f 2094/2094/2094 2123/2123/2123 2125/2125/2125
f 676/676/676 2120/2120/2120 2122/2122/2122
f 2970/2970/2970 2968/2968/2968 676/676/676
f 2700/2700/2700 2952/2952/2952 2950/2950/2950
f 2123/2123/2123 2128/2128/2128 2125/2125/2125
f 2969/2969/2969 2700/2700/2700 2950/2950/2950
f 2949/2949/2949 676/676/676 2968/2968/2968
f 2957/2957/2957 2855/2855/2855 2962/2962/2962
f 2104/2104/2104 2100/2100/2100 1031/1031/1031
f 2960/2960/2960 3094/3094/3094 3184/3184/3184
f 2099/2099/2099 2101/2101/2101 676/676/676
f 1031/1031/1031 2100/2100/2100 2098/2098/2098
f 676/676/676 2107/2107/2107 2089/2089/2089
f 676/676/676 2095/2095/2095 2093/2093/2093
f 3184/3184/3184 3216/3216/3216 3125/3125/3125
f 676/676/676 2116/2116/2116 2107/2107/2107
f 2088/2088/2088 2106/2106/2106 1031/1031/1031
f 2097/2097/2097 676/676/676 2089/2089/2089
f 1452/1452/1452 3122/3122/3122 3091/3091/3091
f 3215/3215/3215 3259/3259/3259 1452/1452/1452
f 3245/3245/3245 3260/3260/3260 3184/3184/3184
f 1031/1031/1031 1467/1467/1467 1466/1466/1466
f 2045/2045/2045 2078/2078/2078 1031/1031/1031
f 3184/3184/3184 3243/3243/3243 3245/3245/3245
f 1031/1031/1031 1573/1573/1573 1561/1561/1561
f 2046/2046/2046 676/676/676 2079/2079/2079
f 2076/2076/2076 2086/2086/2086 1031/1031/1031
f 3080/3080/3080 3184/3184/3184 3094/3094/3094
f 2045/2045/2045 1031/1031/1031 2049/2049/2049
f 3079/3079/3079 3093/3093/3093 1452/1452/1452
f 1031/1031/1031 2022/2022/2022 2020/2020/2020
f 2050/2050/2050 676/676/676 2046/2046/2046
f 2010/2010/2010 2159/2159/2159 2013/2013/2013
f 1452/1452/1452 2868/2868/2868 2866/2866/2866
f 2023/2023/2023 2037/2037/2037 2159/2159/2159
f 2962/2962/2962 2855/2855/2855 2956/2956/2956
f 3085/3085/3085 2994/2994/2994 1452/1452/1452
f 2954/2954/2954 2960/2960/2960 3184/3184/3184
f 3184/3184/3184 3260/3260/3260 3216/3216/3216
f 784/784/784 1031/1031/1031 780/780/780
f 2056/2056/2056 2159/2159/2159 2058/2058/2058
f 676/676/676 2048/2048/2048 2052/2052/2052
f 2069/2069/2069 676/676/676 2002/2002/2002
f 2060/2060/2060 2159/2159/2159 2056/2056/2056
f 1031/1031/1031 2063/2063/2063 2059/2059/2059
f 2060/2060/2060 2071/2071/2071 2159/2159/2159
f 2059/2059/2059 2055/2055/2055 1031/1031/1031
f 1031/1031/1031 2061/2061/2061 2063/2063/2063
f 2041/2041/2041 2072/2072/2072 676/676/676
f 2047/2047/2047 2049/2049/2049 1031/1031/1031
f 2113/2113/2113 2121/2121/2121 1031/1031/1031
f 2040/2040/2040 2053/2053/2053 1031/1031/1031
f 2050/2050/2050 2048/2048/2048 676/676/676
f 2044/2044/2044 2054/2054/2054 676/676/676
f 2054/2054/2054 2041/2041/2041 676/676/676
f 1999/1999/1999 2034/2034/2034 1031/1031/1031
f 2042/2042/2042 2033/2033/2033 2159/2159/2159
f 2053/2053/2053 2043/2043/2043 1031/1031/1031
f 2043/2043/2043 2051/2051/2051 1031/1031/1031
f 2017/2017/2017 2035/2035/2035 2159/2159/2159
f 676/676/676 2052/2052/2052 2044/2044/2044
f 2022/2022/2022 1031/1031/1031 2036/2036/2036
f 1031/1031/1031 2032/2032/2032 2040/2040/2040
f 2027/2027/2027 2159/2159/2159 2033/2033/2033
f 1031/1031/1031 2026/2026/2026 2032/2032/2032
f 2016/2016/2016 1031/1031/1031 2034/2034/2034
f 2042/2042/2042 2159/2159/2159 2073/2073/2073
f 2051/2051/2051 2047/2047/2047 1031/1031/1031
f 2060/2060/2060 2067/2067/2067 2075/2075/2075
f 392/392/392 2638/2638/2638 2899/2899/2899
f 2026/2026/2026 1031/1031/1031 2020/2020/2020
f 2009/2009/2009 2012/2012/2012 1031/1031/1031
f 1031/1031/1031 2016/2016/2016 2018/2018/2018
f 1995/1995/1995 1992/1992/1992 1031/1031/1031
f 1031/1031/1031 2038/2038/2038 2028/2028/2028
f 2001/2001/2001 1031/1031/1031 2068/2068/2068
f 1031/1031/1031 1997/1997/1997 2061/2061/2061
f 2059/2059/2059 2063/2063/2063 2065/2065/2065
f 2060/2060/2060 2075/2075/2075 2071/2071/2071
f 1625/1625/1625 1623/1623/1623 1680/1680/1680
f 676/676/676 1638/1638/1638 1640/1640/1640
f 1626/1626/1626 1642/1642/1642 676/676/676
f 1634/1634/1634 676/676/676 1644/1644/1644
f 1646/1646/1646 676/676/676 1640/1640/1640
f 2931/2931/2931 379/379/379 2743/2743/2743
f 2638/2638/2638 344/344/344 2920/2920/2920
f 364/364/364 2928/2928/2928 2638/2638/2638
f 3087/3087/3087 2931/2931/2931 2743/2743/2743
f 2927/2927/2927 363/363/363 380/380/380
f 1969/1969/1969 676/676/676 1651/1651/1651
f 1969/1969/1969 1975/1975/1975 676/676/676
f 1968/1968/1968 1650/1650/1650 2125/2125/2125
f 364/364/364 2638/2638/2638 347/347/347
f 1653/1653/1653 1680/1680/1680 1698/1698/1698
f 1647/1647/1647 1641/1641/1641 1680/1680/1680
f 676/676/676 1636/1636/1636 1652/1652/1652
f 2934/2934/2934 2938/2938/2938 2638/2638/2638
f 344/344/344 2638/2638/2638 333/333/333
f 380/380/380 2932/2932/2932 2902/2902/2902
f 2923/2923/2923 2902/2902/2902 2978/2978/2978
f 2638/2638/2638 2924/2924/2924 2979/2979/2979
f 2928/2928/2928 353/353/353 2638/2638/2638
f 354/354/354 2925/2925/2925 2743/2743/2743
f 352/352/352 2902/2902/2902 2929/2929/2929
f 353/353/353 2930/2930/2930 2638/2638/2638
f 2923/2923/2923 2929/2929/2929 2902/2902/2902
f 355/355/355 2638/2638/2638 2926/2926/2926
f 352/352/352 2927/2927/2927 2902/2902/2902
f 2638/2638/2638 2652/2652/2652 2926/2926/2926
f 2743/2743/2743 346/346/346 381/381/381
f 2743/2743/2743 381/381/381 383/383/383
f 383/383/383 354/354/354 2743/2743/2743
f 362/362/362 346/346/346 2743/2743/2743
f 2927/2927/2927 380/380/380 2902/2902/2902
f 2638/2638/2638 2930/2930/2930 2924/2924/2924
f 384/384/384 2638/2638/2638 355/355/355
f 333/333/333 2638/2638/2638 2979/2979/2979
f 2921/2921/2921 2919/2919/2919 2902/2902/2902
f 1973/1973/1973 1651/1651/1651 676/676/676
f 1809/1809/1809 1680/1680/1680 1811/1811/1811
f 3088/3088/3088 3084/3084/3084 2902/2902/2902
f 1816/1816/1816 1821/1821/1821 1814/1814/1814
f 2922/2922/2922 2638/2638/2638 2920/2920/2920
f 332/332/332 2978/2978/2978 2902/2902/2902
f 362/362/362 2743/2743/2743 379/379/379
f 1802/1802/1802 1813/1813/1813 1807/1807/1807
f 676/676/676 1815/1815/1815 1812/1812/1812
f 2922/2922/2922 2934/2934/2934 2638/2638/2638
f 1719/1719/1719 1723/1723/1723 1766/1766/1766
f 1762/1762/1762 1723/1723/1723 1740/1740/1740
f 1789/1789/1789 1745/1745/1745 2567/2567/2567
f 1884/1884/1884 1894/1894/1894 1879/1879/1879
f 1885/1885/1885 1880/1880/1880 1821/1821/1821
f 1725/1725/1725 1821/1821/1821 1913/1913/1913
f 1769/1769/1769 1765/1765/1765 2567/2567/2567
f 1788/1788/1788 1723/1723/1723 1744/1744/1744
f 1775/1775/1775 2567/2567/2567 1785/1785/1785
f 2638/2638/2638 1724/1724/1724 1912/1912/1912
f 1724/1724/1724 2638/2638/2638 1884/1884/1884
f 1788/1788/1788 1764/1764/1764 1723/1723/1723
f 1913/1913/1913 1821/1821/1821 1926/1926/1926
f 1926/1926/1926 1821/1821/1821 1911/1911/1911
f 1925/1925/1925 1910/1910/1910 2638/2638/2638
f 2921/2921/2921 2902/2902/2902 2933/2933/2933
f 2902/2902/2902 343/343/343 332/332/332
f 2583/2583/2583 1936/1936/1936 1821/1821/1821
f 382/382/382 2638/2638/2638 384/384/384
f 343/343/343 2902/2902/2902 2919/2919/2919
f 1821/1821/1821 1936/1936/1936 1911/1911/1911
f 2638/2638/2638 1910/1910/1910 1935/1935/1935
f 1912/1912/1912 1925/1925/1925 2638/2638/2638
f 1749/1749/1749 1769/1769/1769 2567/2567/2567
f 2567/2567/2567 1763/1763/1763 1741/1741/1741
f 1725/1725/1725 1885/1885/1885 1821/1821/1821
f 2638/2638/2638 1886/1886/1886 1884/1884/1884
f 1717/1717/1717 1886/1886/1886 2638/2638/2638
f 1621/1621/1621 1680/1680/1680 1629/1629/1629
f 2212/2212/2212 526/526/526 1821/1821/1821
f 1875/1875/1875 1873/1873/1873 1821/1821/1821
f 1869/1869/1869 1821/1821/1821 1871/1871/1871
f 1874/1874/1874 676/676/676 1872/1872/1872
f 1872/1872/1872 676/676/676 2454/2454/2454
f 1871/1871/1871 1821/1821/1821 1867/1867/1867
f 676/676/676 525/525/525 2211/2211/2211
f 1867/1867/1867 1821/1821/1821 1818/1818/1818
f 1870/1870/1870 676/676/676 1868/1868/1868
f 1817/1817/1817 1851/1851/1851 676/676/676
f 1874/1874/1874 1868/1868/1868 676/676/676
f 1818/1818/1818 1821/1821/1821 1852/1852/1852
f 676/676/676 2213/2213/2213 525/525/525
f 1821/1821/1821 1833/1833/1833 1831/1831/1831
f 1031/1031/1031 1628/1628/1628 1840/1840/1840
f 1866/1866/1866 676/676/676 1870/1870/1870
f 1823/1823/1823 1680/1680/1680 1829/1829/1829
f 1814/1814/1814 1821/1821/1821 1831/1831/1831
f 1821/1821/1821 1816/1816/1816 1850/1850/1850
f 1802/1802/1802 1807/1807/1807 1804/1804/1804
f 1806/1806/1806 1801/1801/1801 1680/1680/1680
f 1850/1850/1850 1852/1852/1852 1821/1821/1821
f 1866/1866/1866 1817/1817/1817 676/676/676
f 1849/1849/1849 676/676/676 1851/1851/1851
f 1849/1849/1849 1815/1815/1815 676/676/676
f 1808/1808/1808 676/676/676 1805/1805/1805
f 1813/1813/1813 1830/1830/1830 1807/1807/1807
f 676/676/676 1812/1812/1812 1800/1800/1800
f 1805/1805/1805 676/676/676 1800/1800/1800
f 1808/1808/1808 1810/1810/1810 676/676/676
f 1873/1873/1873 2455/2455/2455 1821/1821/1821
f 1748/1748/1748 1766/1766/1766 1723/1723/1723
f 389/389/389 2909/2909/2909 2902/2902/2902
f 390/390/390 2638/2638/2638 2910/2910/2910
f 2894/2894/2894 2884/2884/2884 2904/2904/2904
f 2904/2904/2904 2884/2884/2884 2882/2882/2882
f 3234/3234/3234 1357/1357/1357 2903/2903/2903
f 2901/2901/2901 2638/2638/2638 2895/2895/2895
f 390/390/390 2906/2906/2906 2638/2638/2638
f 394/394/394 2890/2890/2890 2891/2891/2891
f 2895/2895/2895 2638/2638/2638 2885/2885/2885
f 396/396/396 2892/2892/2892 2638/2638/2638
f 2902/2902/2902 3241/3241/3241 3239/3239/3239
f 2902/2902/2902 391/391/391 2898/2898/2898
f 2902/2902/2902 2891/2891/2891 395/395/395
f 396/396/396 2638/2638/2638 392/392/392
f 2902/2902/2902 395/395/395 391/391/391
f 2897/2897/2897 2899/2899/2899 2638/2638/2638
f 389/389/389 2902/2902/2902 2905/2905/2905
f 2902/2902/2902 394/394/394 2891/2891/2891
f 2907/2907/2907 2935/2935/2935 2902/2902/2902
f 2897/2897/2897 2638/2638/2638 2906/2906/2906
f 2908/2908/2908 2638/2638/2638 2936/2936/2936
f 2638/2638/2638 2901/2901/2901 2912/2912/2912
f 2902/2902/2902 2898/2898/2898 2896/2896/2896
f 2902/2902/2902 2896/2896/2896 2905/2905/2905
f 2885/2885/2885 2638/2638/2638 2883/2883/2883
f 2911/2911/2911 2900/2900/2900 1357/1357/1357
f 3184/3184/3184 2904/2904/2904 2882/2882/2882
f 2900/2900/2900 2893/2893/2893 1357/1357/1357
f 2882/2882/2882 2880/2880/2880 3184/3184/3184
f 2902/2902/2902 3208/3208/3208 3241/3241/3241
f 2890/2890/2890 2887/2887/2887 2891/2891/2891
f 2889/2889/2889 3184/3184/3184 2886/2886/2886
f 2888/2888/2888 2638/2638/2638 2892/2892/2892
f 393/393/393 3238/3238/3238 3184/3184/3184
f 2883/2883/2883 2638/2638/2638 2881/2881/2881
f 394/394/394 2902/2902/2902 3239/3239/3239
f 2881/2881/2881 2638/2638/2638 2888/2888/2888
f 393/393/393 3184/3184/3184 2889/2889/2889
f 2638/2638/2638 2938/2938/2938 2936/2936/2936
f 2880/2880/2880 2886/2886/2886 3184/3184/3184
f 1031/1031/1031 1798/1798/1798 1796/1796/1796
f 1791/1791/1791 1793/1793/1793 2567/2567/2567
f 2638/2638/2638 1770/1770/1770 1792/1792/1792
f 1031/1031/1031 2187/2187/2187 2498/2498/2498
f 2446/2446/2446 2567/2567/2567 1771/1771/1771
f 1756/1756/1756 1031/1031/1031 1758/1758/1758
f 2567/2567/2567 1761/1761/1761 1718/1718/1718
f 819/819/819 1723/1723/1723 1895/1895/1895
f 2195/2195/2195 676/676/676 2191/2191/2191
f 1822/1822/1822 1828/1828/1828 1031/1031/1031
f 1031/1031/1031 1620/1620/1620 1628/1628/1628
f 1771/1771/1771 2567/2567/2567 1793/1793/1793
f 1782/1782/1782 1726/1726/1726 2638/2638/2638
f 1031/1031/1031 1796/1796/1796 1758/1758/1758
f 1774/1774/1774 2638/2638/2638 1790/1790/1790
f 1748/1748/1748 1723/1723/1723 1768/1768/1768
f 1774/1774/1774 1784/1784/1784 2638/2638/2638
f 1782/1782/1782 2638/2638/2638 1784/1784/1784
f 1031/1031/1031 1756/1756/1756 1754/1754/1754
f 1265/1265/1265 1269/1269/1269 1357/1357/1357
f 2567/2567/2567 1741/1741/1741 1761/1761/1761
f 820/820/820 1896/1896/1896 1887/1887/1887
f 820/820/820 1887/1887/1887 1718/1718/1718
f 1031/1031/1031 1840/1840/1840 1838/1838/1838
f 1768/1768/1768 1723/1723/1723 1764/1764/1764
f 1729/1729/1729 1733/1733/1733 1723/1723/1723
f 1727/1727/1727 1783/1783/1783 2567/2567/2567
f 1790/1790/1790 2638/2638/2638 1792/1792/1792
f 1935/1935/1935 2582/2582/2582 2638/2638/2638
f 2567/2567/2567 1745/1745/1745 1763/1763/1763
f 3215/3215/3215 1452/1452/1452 3124/3124/3124
f 2955/2955/2955 2854/2854/2854 1452/1452/1452
f 1031/1031/1031 1754/1754/1754 1732/1732/1732
f 1736/1736/1736 2567/2567/2567 1752/1752/1752
f 1757/1757/1757 1759/1759/1759 1723/1723/1723
f 3184/3184/3184 2993/2993/2993 3243/3243/3243
f 812/812/812 1720/1720/1720 2567/2567/2567
f 1031/1031/1031 1836/1836/1836 1822/1822/1822
f 1733/1733/1733 1755/1755/1755 1723/1723/1723
f 2567/2567/2567 1783/1783/1783 1785/1785/1785
f 1767/1767/1767 2567/2567/2567 1720/1720/1720
f 1791/1791/1791 2567/2567/2567 1775/1775/1775
f 2567/2567/2567 1765/1765/1765 1789/1789/1789
f 1728/1728/1728 1031/1031/1031 1732/1732/1732
f 1884/1884/1884 1886/1886/1886 1894/1894/1894
f 2638/2638/2638 1726/1726/1726 1717/1717/1717
f 2567/2567/2567 1718/1718/1718 1727/1727/1727
f 1761/1761/1761 820/820/820 1718/1718/1718
f 1693/1693/1693 2125/2125/2125 1691/1691/1691
f 1696/1696/1696 1031/1031/1031 1716/1716/1716
f 1716/1716/1716 2109/2109/2109 2170/2170/2170
f 1694/1694/1694 1692/1692/1692 1031/1031/1031
f 1652/1652/1652 1697/1697/1697 676/676/676
f 1695/1695/1695 1715/1715/1715 2125/2125/2125
f 1715/1715/1715 2169/2169/2169 2125/2125/2125
f 3244/3244/3244 1452/1452/1452 3259/3259/3259
f 3247/3247/3247 3256/3256/3256 3184/3184/3184
f 1679/1679/1679 1682/1682/1682 1680/1680/1680
f 1688/1688/1688 1031/1031/1031 1692/1692/1692
f 1687/1687/1687 1691/1691/1691 2125/2125/2125
f 1678/1678/1678 1688/1688/1688 1684/1684/1684
f 1677/1677/1677 1683/1683/1683 2125/2125/2125
f 1671/1671/1671 1031/1031/1031 1667/1667/1667
f 1674/1674/1674 1676/1676/1676 1680/1680/1680
f 1674/1674/1674 1680/1680/1680 1668/1668/1668
f 1680/1680/1680 1670/1670/1670 1672/1672/1672
f 2992/2992/2992 1452/1452/1452 3242/3242/3242
f 1972/1972/1972 1648/1648/1648 2125/2125/2125
f 1972/1972/1972 2125/2125/2125 1650/1650/1650
f 1031/1031/1031 1675/1675/1675 1673/1673/1673
f 1675/1675/1675 1031/1031/1031 1678/1678/1678
f 1609/1609/1609 1670/1670/1670 1680/1680/1680
f 1676/1676/1676 1679/1679/1679 1680/1680/1680
f 1973/1973/1973 676/676/676 1649/1649/1649
f 1673/1673/1673 1667/1667/1667 1031/1031/1031
f 3255/3255/3255 1452/1452/1452 3231/3231/3231
f 1688/1688/1688 1678/1678/1678 1031/1031/1031
f 1031/1031/1031 1671/1671/1671 1669/1669/1669
f 1672/1672/1672 1668/1668/1668 1680/1680/1680
f 3256/3256/3256 3161/3161/3161 3184/3184/3184
f 1637/1637/1637 1680/1680/1680 1653/1653/1653
f 2957/2957/2957 676/676/676 2855/2855/2855
f 676/676/676 1624/1624/1624 1626/1626/1626
f 1645/1645/1645 1680/1680/1680 1635/1635/1635
f 1627/1627/1627 1680/1680/1680 1643/1643/1643
f 1646/1646/1646 1644/1644/1644 676/676/676
f 1680/1680/1680 1645/1645/1645 1647/1647/1647
f 676/676/676 1642/1642/1642 1638/1638/1638
f 1618/1618/1618 1031/1031/1031 1632/1632/1632
f 1634/1634/1634 1636/1636/1636 676/676/676
f 268/268/268 1452/1452/1452 2947/2947/2947
f 2970/2970/2970 676/676/676 2957/2957/2957
f 1608/1608/1608 1031/1031/1031 1669/1669/1669
f 1616/1616/1616 1031/1031/1031 1618/1618/1618
f 1680/1680/1680 1623/1623/1623 1811/1811/1811
f 1624/1624/1624 676/676/676 1622/1622/1622
f 3123/3123/3123 3184/3184/3184 3092/3092/3092
f 3044/3044/3044 3046/3046/3046 3184/3184/3184
f 1809/1809/1809 1806/1806/1806 1680/1680/1680
f 676/676/676 1810/1810/1810 1622/1622/1622
f 2953/2953/2953 1452/1452/1452 2959/2959/2959
f 2868/2868/2868 1452/1452/1452 2803/2803/2803
f 1625/1625/1625 1680/1680/1680 1627/1627/1627
f 1619/1619/1619 1633/1633/1633 1680/1680/1680
f 3079/3079/3079 1452/1452/1452 2994/2994/2994
f 1031/1031/1031 1610/1610/1610 1632/1632/1632
f 2847/2847/2847 1821/1821/1821 2845/2845/2845
f 2846/2846/2846 2844/2844/2844 676/676/676
f 676/676/676 2848/2848/2848 2846/2846/2846
f 2848/2848/2848 676/676/676 2205/2205/2205
f 676/676/676 2215/2215/2215 2213/2213/2213
f 269/269/269 676/676/676 267/267/267
f 3156/3156/3156 3231/3231/3231 1452/1452/1452
f 3256/3256/3256 3233/3233/3233 3161/3161/3161
f 676/676/676 2207/2207/2207 2205/2205/2205
f 1554/1554/1554 2458/2458/2458 1357/1357/1357
f 1531/1531/1531 2638/2638/2638 1539/1539/1539
f 2638/2638/2638 2914/2914/2914 2459/2459/2459
f 2914/2914/2914 2638/2638/2638 2912/2912/2912
f 1533/1533/1533 1541/1541/1541 2638/2638/2638
f 2638/2638/2638 1531/1531/1531 1533/1533/1533
f 1499/1499/1499 2638/2638/2638 1505/1505/1505
f 1529/1529/1529 2638/2638/2638 1555/1555/1555
f 2459/2459/2459 1555/1555/1555 2638/2638/2638
f 1357/1357/1357 2913/2913/2913 2911/2911/2911
f 1357/1357/1357 1532/1532/1532 1530/1530/1530
f 1357/1357/1357 1530/1530/1530 1538/1538/1538
f 1357/1357/1357 2458/2458/2458 2913/2913/2913
f 1357/1357/1357 1538/1538/1538 1528/1528/1528
f 1294/1294/1294 1492/1492/1492 1357/1357/1357
f 1506/1506/1506 1508/1508/1508 14/14/14
f 1511/1511/1511 2638/2638/2638 1513/1513/1513
f 1509/1509/1509 2638/2638/2638 1511/1511/1511
f 1506/1506/1506 14/14/14 1526/1526/1526
f 1509/1509/1509 1507/1507/1507 2638/2638/2638
f 14/14/14 1510/1510/1510 1512/1512/1512
f 1507/1507/1507 1527/1527/1527 2638/2638/2638
f 2638/2638/2638 1503/1503/1503 1493/1493/1493
f 2638/2638/2638 1499/1499/1499 1501/1501/1501
f 1505/1505/1505 2638/2638/2638 1541/1541/1541
f 1357/1357/1357 1496/1496/1496 1500/1500/1500
f 1393/1393/1393 14/14/14 1397/1397/1397
f 1540/1540/1540 1532/1532/1532 1357/1357/1357
f 2638/2638/2638 1495/1495/1495 1503/1503/1503
f 1497/1497/1497 2638/2638/2638 1501/1501/1501
f 1357/1357/1357 1492/1492/1492 1502/1502/1502
f 1357/1357/1357 1500/1500/1500 1498/1498/1498
f 2638/2638/2638 1497/1497/1497 1495/1495/1495
f 676/676/676 2949/2949/2949 2951/2951/2951
f 1262/1262/1262 55/55/55 1452/1452/1452
f 1353/1353/1353 1344/1344/1344 1452/1452/1452
f 1346/1346/1346 1357/1357/1357 1354/1354/1354
f 1338/1338/1338 1332/1332/1332 1452/1452/1452
f 1340/1340/1340 1452/1452/1452 2443/2443/2443
f 2443/2443/2443 1452/1452/1452 2441/2441/2441
f 3263/3263/3263 1452/1452/1452 2992/2992/2992
f 2406/2406/2406 2400/2400/2400 2404/2404/2404
f 676/676/676 269/269/269 2948/2948/2948
f 2995/2995/2995 3086/3086/3086 3184/3184/3184
f 2700/2700/2700 2686/2686/2686 601/601/601
f 2958/2958/2958 2963/2963/2963 3184/3184/3184
f 3255/3255/3255 3246/3246/3246 1452/1452/1452
f 14/14/14 1378/1378/1378 1383/1383/1383
f 2197/2197/2197 2209/2209/2209 676/676/676
f 606/606/606 2743/2743/2743 2705/2705/2705
f 2193/2193/2193 676/676/676 2195/2195/2195
f 2191/2191/2191 676/676/676 2838/2838/2838
f 1357/1357/1357 1384/1384/1384 1379/1379/1379
f 1510/1510/1510 14/14/14 1508/1508/1508
f 1395/1395/1395 1409/1409/1409 14/14/14
f 1358/1358/1358 1360/1360/1360 1357/1357/1357
f 14/14/14 1407/1407/1407 1405/1405/1405
f 2208/2208/2208 2204/2204/2204 1821/1821/1821
f 2638/2638/2638 1396/1396/1396 1394/1394/1394
f 2206/2206/2206 2208/2208/2208 1821/1821/1821
f 1004/1004/1004 2279/2279/2279 14/14/14
f 1394/1394/1394 1398/1398/1398 2638/2638/2638
f 1528/1528/1528 1554/1554/1554 1357/1357/1357
f 2198/2198/2198 1821/1821/1821 2210/2210/2210
f 508/508/508 676/676/676 2193/2193/2193
f 1821/1821/1821 2198/2198/2198 509/509/509
f 1398/1398/1398 1515/1515/1515 2638/2638/2638
f 1357/1357/1357 1377/1377/1377 1412/1412/1412
f 1412/1412/1412 1402/1402/1402 1357/1357/1357
f 1380/1380/1380 1387/1387/1387 1389/1389/1389
f 1392/1392/1392 1386/1386/1386 2638/2638/2638
f 1374/1374/1374 1355/1355/1355 1357/1357/1357
f 1382/1382/1382 1390/1390/1390 1371/1371/1371
f 1356/1356/1356 1375/1375/1375 2638/2638/2638
f 14/14/14 1512/1512/1512 1514/1514/1514
f 1411/1411/1411 1376/1376/1376 14/14/14
f 1401/1401/1401 14/14/14 1399/1399/1399
f 14/14/14 1403/1403/1403 1389/1389/1389
f 1414/1414/1414 2638/2638/2638 1386/1386/1386
f 1396/1396/1396 2638/2638/2638 1410/1410/1410
f 1406/1406/1406 1408/1408/1408 2638/2638/2638
f 2847/2847/2847 2849/2849/2849 1821/1821/1821
f 676/676/676 2219/2219/2219 2215/2215/2215
f 1413/1413/1413 14/14/14 1409/1409/1409
f 1408/1408/1408 1392/1392/1392 2638/2638/2638
f 2192/2192/2192 1821/1821/1821 2196/2196/2196
f 2207/2207/2207 676/676/676 2203/2203/2203
f 2192/2192/2192 2839/2839/2839 1821/1821/1821
f 676/676/676 2211/2211/2211 2454/2454/2454
f 1395/1395/1395 14/14/14 1393/1393/1393
f 1390/1390/1390 1404/1404/1404 2638/2638/2638
f 2638/2638/2638 1359/1359/1359 1356/1356/1356
f 1403/1403/1403 14/14/14 1405/1405/1405
f 676/676/676 2844/2844/2844 2217/2217/2217
f 1357/1357/1357 1402/1402/1402 1400/1400/1400
f 526/526/526 2214/2214/2214 1821/1821/1821
f 1381/1381/1381 1357/1357/1357 1388/1388/1388
f 2849/2849/2849 2206/2206/2206 1821/1821/1821
f 1384/1384/1384 1357/1357/1357 2350/2350/2350
f 2203/2203/2203 676/676/676 2209/2209/2209
f 1357/1357/1357 1355/1355/1355 1358/1358/1358
f 1371/1371/1371 1390/1390/1390 2638/2638/2638
f 1399/1399/1399 14/14/14 1387/1387/1387
f 14/14/14 1385/1385/1385 1391/1391/1391
f 14/14/14 2349/2349/2349 2343/2343/2343
f 1357/1357/1357 1400/1400/1400 1388/1388/1388
f 1371/1371/1371 2638/2638/2638 1375/1375/1375
f 1372/1372/1372 14/14/14 1376/1376/1376
f 14/14/14 1391/1391/1391 1407/1407/1407
f 1004/1004/1004 14/14/14 2343/2343/2343
f 1370/1370/1370 1374/1374/1374 1357/1357/1357
f 1360/1360/1360 1362/1362/1362 1357/1357/1357
f 1373/1373/1373 1377/1377/1377 1357/1357/1357
f 1387/1387/1387 14/14/14 1389/1389/1389
f 2638/2638/2638 1285/1285/1285 1283/1283/1283
f 1005/1005/1005 2344/2344/2344 1357/1357/1357
f 1369/1369/1369 2638/2638/2638 1367/1367/1367
f 14/14/14 1372/1372/1372 1378/1378/1378
f 1379/1379/1379 1373/1373/1373 1357/1357/1357
f 1414/1414/1414 1410/1410/1410 2638/2638/2638
f 14/14/14 1514/1514/1514 1397/1397/1397
f 1369/1369/1369 1365/1365/1365 2638/2638/2638
f 1368/1368/1368 1366/1366/1366 1357/1357/1357
f 1328/1328/1328 1326/1326/1326 1357/1357/1357
f 1164/1164/1164 1350/1350/1350 1343/1343/1343
f 1325/1325/1325 1331/1331/1331 1357/1357/1357
f 1452/1452/1452 1336/1336/1336 1330/1330/1330
f 1357/1357/1357 1364/1364/1364 1368/1368/1368
f 1336/1336/1336 1452/1452/1452 1332/1332/1332
f 1404/1404/1404 1406/1406/1406 2638/2638/2638
f 1359/1359/1359 2638/2638/2638 1361/1361/1361
f 1411/1411/1411 14/14/14 1401/1401/1401
f 1339/1339/1339 1319/1319/1319 1357/1357/1357
f 1357/1357/1357 1381/1381/1381 1370/1370/1370
f 1318/1318/1318 1452/1452/1452 1344/1344/1344
f 1353/1353/1353 1452/1452/1452 1348/1348/1348
f 1335/1335/1335 1352/1352/1352 1164/1164/1164
f 1347/1347/1347 1350/1350/1350 1164/1164/1164
f 1164/1164/1164 1343/1343/1343 1341/1341/1341
f 1340/1340/1340 1342/1342/1342 1452/1452/1452
f 1346/1346/1346 1354/1354/1354 1349/1349/1349
f 1319/1319/1319 1345/1345/1345 1357/1357/1357
f 1455/1455/1455 1164/1164/1164 2442/2442/2442
f 1339/1339/1339 1357/1357/1357 1333/1333/1333
f 1348/1348/1348 1452/1452/1452 1342/1342/1342
f 1329/1329/1329 1335/1335/1335 1164/1164/1164
f 1452/1452/1452 1318/1318/1318 1338/1338/1338
f 1357/1357/1357 1345/1345/1345 1354/1354/1354
f 1331/1331/1331 1337/1337/1337 1357/1357/1357
f 1337/1337/1337 1333/1333/1333 1357/1357/1357
f 1329/1329/1329 1164/1164/1164 1327/1327/1327
f 1334/1334/1334 1357/1357/1357 1351/1351/1351
f 1164/1164/1164 987/987/987 2401/2401/2401
f 1452/1452/1452 1324/1324/1324 1322/1322/1322
f 1324/1324/1324 1452/1452/1452 1330/1330/1330
f 1452/1452/1452 1308/1308/1308 1312/1312/1312
f 1452/1452/1452 1312/1312/1312 1310/1310/1310
f 1303/1303/1303 1307/1307/1307 1357/1357/1357
f 1452/1452/1452 1296/1296/1296 1298/1298/1298
f 1452/1452/1452 1304/1304/1304 1306/1306/1306
f 1357/1357/1357 1288/1288/1288 1294/1294/1294
f 2638/2638/2638 1529/1529/1529 1539/1539/1539
f 1293/1293/1293 1303/1303/1303 1357/1357/1357
f 1295/1295/1295 2638/2638/2638 1493/1493/1493
f 1452/1452/1452 1298/1298/1298 1304/1304/1304
f 1281/1281/1281 1293/1293/1293 1357/1357/1357
f 1289/1289/1289 2638/2638/2638 1295/1295/1295
f 1357/1357/1357 1498/1498/1498 1504/1504/1504
f 1357/1357/1357 1504/1504/1504 1540/1540/1540
f 1288/1288/1288 1357/1357/1357 1286/1286/1286
f 1357/1357/1357 1502/1502/1502 1494/1494/1494
f 1276/1276/1276 1270/1270/1270 1452/1452/1452
f 1302/1302/1302 1452/1452/1452 1306/1306/1306
f 1292/1292/1292 1452/1452/1452 1302/1302/1302
f 1357/1357/1357 1279/1279/1279 1273/1273/1273
f 1278/1278/1278 1452/1452/1452 1272/1272/1272
f 1276/1276/1276 1452/1452/1452 1278/1278/1278
f 1281/1281/1281 1357/1357/1357 1273/1273/1273
f 1452/1452/1452 1274/1274/1274 1266/1266/1266
f 1357/1357/1357 1277/1277/1277 1279/1279/1279
f 1367/1367/1367 2638/2638/2638 1283/1283/1283
f 2638/2638/2638 1365/1365/1365 1363/1363/1363
f 1366/1366/1366 1282/1282/1282 1357/1357/1357
f 1290/1290/1290 1357/1357/1357 1284/1284/1284
f 1280/1280/1280 1272/1272/1272 1452/1452/1452
f 1287/1287/1287 1291/1291/1291 2638/2638/2638
f 1285/1285/1285 2638/2638/2638 1291/1291/1291
f 1357/1357/1357 1290/1290/1290 1286/1286/1286
f 1271/1271/1271 1357/1357/1357 1275/1275/1275
f 1357/1357/1357 1271/1271/1271 1277/1277/1277
f 1452/1452/1452 1270/1270/1270 1274/1274/1274
f 1292/1292/1292 1280/1280/1280 1452/1452/1452
f 1269/1269/1269 1267/1267/1267 1357/1357/1357
f 1268/1268/1268 1452/1452/1452 1266/1266/1266
f 1263/1263/1263 1265/1265/1265 1357/1357/1357
f 3157/3157/3157 3165/3165/3165 1357/1357/1357
f 1264/1264/1264 1262/1262/1262 1452/1452/1452
f 1264/1264/1264 1452/1452/1452 1268/1268/1268
f 1003/1003/1003 1007/1007/1007 1246/1246/1246
f 2380/2380/2380 1132/1132/1132 1164/1164/1164
f 1139/1139/1139 1135/1135/1135 2361/2361/2361
f 1164/1164/1164 1163/1163/1163 1192/1192/1192
f 1203/1203/1203 1201/1201/1201 1164/1164/1164
f 1200/1200/1200 1202/1202/1202 1109/1109/1109
f 1202/1202/1202 1191/1191/1191 1109/1109/1109
f 1163/1163/1163 1164/1164/1164 1157/1157/1157
f 1135/1135/1135 1146/1146/1146 2361/2361/2361
f 1109/1109/1109 1191/1191/1191 1162/1162/1162
f 1109/1109/1109 1212/1212/1212 1210/1210/1210
f 1164/1164/1164 1196/1196/1196 1204/1204/1204
f 1140/1140/1140 1145/1145/1145 1164/1164/1164
f 1133/1133/1133 2361/2361/2361 1126/1126/1126
f 1211/1211/1211 1164/1164/1164 1102/1102/1102
f 1196/1196/1196 1164/1164/1164 1217/1217/1217
f 1602/1602/1602 1452/1452/1452 203/203/203
f 204/204/204 2361/2361/2361 1603/1603/1603
f 199/199/199 203/203/203 1452/1452/1452
f 2361/2361/2361 1207/1207/1207 1209/1209/1209
f 1195/1195/1195 1216/1216/1216 1193/1193/1193
f 1204/1204/1204 1198/1198/1198 1164/1164/1164
f 1138/1138/1138 1157/1157/1157 1164/1164/1164
f 1452/1452/1452 1154/1154/1154 1165/1165/1165
f 1132/1132/1132 1125/1125/1125 1164/1164/1164
f 1205/1205/1205 2361/2361/2361 1199/1199/1199
f 1189/1189/1189 1200/1200/1200 1109/1109/1109
f 1164/1164/1164 1201/1201/1201 1190/1190/1190
f 1164/1164/1164 1190/1190/1190 1180/1180/1180
f 1164/1164/1164 1211/1211/1211 1213/1213/1213
f 2361/2361/2361 1184/1184/1184 1178/1178/1178
f 1164/1164/1164 1183/1183/1183 1185/1185/1185
f 1215/1215/1215 1164/1164/1164 1213/1213/1213
f 1214/1214/1214 1212/1212/1212 1109/1109/1109
f 1177/1177/1177 1183/1183/1183 1164/1164/1164
f 1142/1142/1142 1109/1109/1109 1156/1156/1156
f 2361/2361/2361 1166/1166/1166 1155/1155/1155
f 1152/1152/1152 1060/1060/1060 1452/1452/1452
f 1192/1192/1192 1203/1203/1203 1164/1164/1164
f 1109/1109/1109 1162/1162/1162 1156/1156/1156
f 1058/1058/1058 1452/1452/1452 1206/1206/1206
f 1134/1134/1134 1138/1138/1138 1164/1164/1164
f 1208/1208/1208 1452/1452/1452 1602/1602/1602
f 1061/1061/1061 2361/2361/2361 1161/1161/1161
f 1142/1142/1142 1167/1167/1167 1109/1109/1109
f 1152/1152/1152 1452/1452/1452 1165/1165/1165
f 2361/2361/2361 1059/1059/1059 1207/1207/1207
f 1143/1143/1143 1157/1157/1157 1138/1138/1138
f 1164/1164/1164 1125/1125/1125 1116/1116/1116
f 2361/2361/2361 1146/1146/1146 1141/1141/1141
f 2361/2361/2361 1144/1144/1144 1139/1139/1139
f 1159/1159/1159 1161/1161/1161 2361/2361/2361
f 1158/1158/1158 1452/1452/1452 1160/1160/1160
f 1153/1153/1153 1166/1166/1166 2361/2361/2361
f 1149/1149/1149 1159/1159/1159 2361/2361/2361
f 1149/1149/1149 1057/1057/1057 1159/1159/1159
f 1158/1158/1158 1055/1055/1055 1452/1452/1452
f 1116/1116/1116 1140/1140/1140 1164/1164/1164
f 1134/1134/1134 1164/1164/1164 1145/1145/1145
f 1144/1144/1144 2361/2361/2361 1168/1168/1168
f 1136/1136/1136 1452/1452/1452 1055/1055/1055
f 1063/1063/1063 1137/1137/1137 2361/2361/2361
f 1063/1063/1063 2361/2361/2361 1065/1065/1065
f 1069/1069/1069 2361/2361/2361 1124/1124/1124
f 1136/1136/1136 1062/1062/1062 1452/1452/1452
f 1064/1064/1064 1066/1066/1066 1452/1452/1452
f 1071/1071/1071 1123/1123/1123 2361/2361/2361
f 1452/1452/1452 1118/1118/1118 2431/2431/2431
f 1071/1071/1071 2361/2361/2361 1121/1121/1121
f 2381/2381/2381 2361/2361/2361 1133/1133/1133
f 1117/1117/1117 2361/2361/2361 1141/1141/1141
f 1117/1117/1117 1126/1126/1126 2361/2361/2361
f 1164/1164/1164 1104/1104/1104 1084/1084/1084
f 2340/2340/2340 2338/2338/2338 1164/1164/1164
f 1106/1106/1106 1115/1115/1115 1164/1164/1164
f 1105/1105/1105 1109/1109/1109 1114/1114/1114
f 1113/1113/1113 1164/1164/1164 1115/1115/1115
f 1109/1109/1109 1101/1101/1101 1112/1112/1112
f 1102/1102/1102 1164/1164/1164 1113/1113/1113
f 1110/1110/1110 1107/1107/1107 1109/1109/1109
f 1111/1111/1111 1164/1164/1164 1108/1108/1108
f 1180/1180/1180 1100/1100/1100 1164/1164/1164
f 1110/1110/1110 1109/1109/1109 1103/1103/1103
f 1095/1095/1095 1093/1093/1093 1109/1109/1109
f 1100/1100/1100 1108/1108/1108 1164/1164/1164
f 1099/1099/1099 1109/1109/1109 1107/1107/1107
f 1179/1179/1179 1189/1189/1189 1109/1109/1109
f 1109/1109/1109 1112/1112/1112 1114/1114/1114
f 1210/1210/1210 1101/1101/1101 1109/1109/1109
f 1106/1106/1106 1164/1164/1164 1096/1096/1096
f 1099/1099/1099 1179/1179/1179 1109/1109/1109
f 1097/1097/1097 1109/1109/1109 1089/1089/1089
f 1098/1098/1098 1090/1090/1090 1164/1164/1164
f 1164/1164/1164 1082/1082/1082 1098/1098/1098
f 2959/2959/2959 1452/1452/1452 3093/3093/3093
f 266/266/266 2803/2803/2803 1452/1452/1452
f 3046/3046/3046 3262/3262/3262 3184/3184/3184
f 1059/1059/1059 2361/2361/2361 1155/1155/1155
f 2361/2361/2361 204/204/204 200/200/200
f 1148/1148/1148 1150/1150/1150 2361/2361/2361
f 1062/1062/1062 1064/1064/1064 1452/1452/1452
f 1065/1065/1065 2361/2361/2361 1067/1067/1067
f 1137/1137/1137 1056/1056/1056 2361/2361/2361
f 1452/1452/1452 1066/1066/1066 1068/1068/1068
f 1067/1067/1067 2361/2361/2361 1069/1069/1069
f 1148/1148/1148 2361/2361/2361 1056/1056/1056
f 2361/2361/2361 1061/1061/1061 1153/1153/1153
f 1208/1208/1208 1206/1206/1206 1452/1452/1452
f 1209/1209/1209 1603/1603/1603 2361/2361/2361
f 1452/1452/1452 1122/1122/1122 1070/1070/1070
f 1452/1452/1452 1058/1058/1058 1154/1154/1154
f 1452/1452/1452 1060/1060/1060 1160/1160/1160
f 2438/2438/2438 2361/2361/2361 2434/2434/2434
f 2418/2418/2418 2420/2420/2420 2361/2361/2361
f 2437/2437/2437 1452/1452/1452 1053/1053/1053
f 1054/1054/1054 2361/2361/2361 2438/2438/2438
f 2437/2437/2437 2433/2433/2433 1452/1452/1452
f 1068/1068/1068 1122/1122/1122 1452/1452/1452
f 1054/1054/1054 2440/2440/2440 2361/2361/2361
f 2440/2440/2440 2430/2430/2430 2361/2361/2361
f 1120/1120/1120 1118/1118/1118 1452/1452/1452
f 2383/2383/2383 2397/2397/2397 2361/2361/2361
f 1120/1120/1120 1452/1452/1452 1070/1070/1070
f 1017/1017/1017 2345/2345/2345 1246/1246/1246
f 1246/1246/1246 2334/2334/2334 2331/2331/2331
f 2234/2234/2234 1003/1003/1003 1246/1246/1246
f 2335/2335/2335 1017/1017/1017 1246/1246/1246
f 1357/1357/1357 2302/2302/2302 2280/2280/2280
f 2269/2269/2269 1357/1357/1357 2394/2394/2394
f 1164/1164/1164 2270/2270/2270 989/989/989
f 2269/2269/2269 2394/2394/2394 988/988/988
f 1164/1164/1164 2274/2274/2274 2272/2272/2272
f 1164/1164/1164 2278/2278/2278 2276/2276/2276
f 1164/1164/1164 2276/2276/2276 2274/2274/2274
f 600/600/600 676/676/676 597/597/597
f 2280/2280/2280 1005/1005/1005 1357/1357/1357
f 2350/2350/2350 1357/1357/1357 2344/2344/2344
f 1016/1016/1016 2298/2298/2298 1357/1357/1357
f 14/14/14 2341/2341/2341 2333/2333/2333
f 1357/1357/1357 2298/2298/2298 2304/2304/2304
f 2301/2301/2301 14/14/14 2279/2279/2279
f 2303/2303/2303 2297/2297/2297 14/14/14
f 2300/2300/2300 1357/1357/1357 2304/2304/2304
f 2338/2338/2338 1011/1011/1011 1164/1164/1164
f 1011/1011/1011 2346/2346/2346 1164/1164/1164
f 1164/1164/1164 2296/2296/2296 2288/2288/2288
f 2729/2729/2729 2705/2705/2705 2743/2743/2743
f 607/607/607 676/676/676 2698/2698/2698
f 2730/2730/2730 676/676/676 2706/2706/2706
f 2743/2743/2743 2701/2701/2701 2719/2719/2719
f 2692/2692/2692 2700/2700/2700 2702/2702/2702
f 2690/2690/2690 2704/2704/2704 2700/2700/2700
f 2688/2688/2688 2588/2588/2588 2700/2700/2700
f 2306/2306/2306 1357/1357/1357 2308/2308/2308
f 2588/2588/2588 609/609/609 2700/2700/2700
f 1357/1357/1357 2300/2300/2300 2302/2302/2302
f 606/606/606 2697/2697/2697 2743/2743/2743
f 1016/1016/1016 1357/1357/1357 2306/2306/2306
f 2297/2297/2297 1015/1015/1015 14/14/14
f 2704/2704/2704 2688/2688/2688 2700/2700/2700
f 1015/1015/1015 2305/2305/2305 14/14/14
f 2342/2342/2342 2316/2316/2316 1357/1357/1357
f 2334/2334/2334 1246/1246/1246 2348/2348/2348
f 14/14/14 2309/2309/2309 2311/2311/2311
f 2341/2341/2341 14/14/14 2315/2315/2315
f 2341/2341/2341 2330/2330/2330 2333/2333/2333
f 1007/1007/1007 2268/2268/2268 1246/1246/1246
f 2268/2268/2268 2348/2348/2348 1246/1246/1246
f 14/14/14 1006/1006/1006 1002/1002/1002
f 2835/2835/2835 2695/2695/2695 2683/2683/2683
f 14/14/14 1002/1002/1002 2233/2233/2233
f 2267/2267/2267 1006/1006/1006 14/14/14
f 2346/2346/2346 1018/1018/1018 1164/1164/1164
f 2335/2335/2335 1246/1246/1246 2324/2324/2324
f 2703/2703/2703 676/676/676 2687/2687/2687
f 2691/2691/2691 2698/2698/2698 676/676/676
f 14/14/14 2347/2347/2347 2267/2267/2267
f 2692/2692/2692 2702/2702/2702 2699/2699/2699
f 2687/2687/2687 676/676/676 2587/2587/2587
f 2349/2349/2349 14/14/14 1383/1383/1383
f 2340/2340/2340 1164/1164/1164 2352/2352/2352
f 2337/2337/2337 2339/2339/2339 1246/1246/1246
f 1010/1010/1010 2337/2337/2337 1246/1246/1246
f 2342/2342/2342 1357/1357/1357 2332/2332/2332
f 2952/2952/2952 2700/2700/2700 598/598/598
f 2689/2689/2689 676/676/676 2703/2703/2703
f 609/609/609 2686/2686/2686 2700/2700/2700
f 597/597/597 676/676/676 2951/2951/2951
f 2685/2685/2685 608/608/608 676/676/676
f 600/600/600 2685/2685/2685 676/676/676
f 676/676/676 2730/2730/2730 2694/2694/2694
f 2836/2836/2836 676/676/676 2696/2696/2696
f 676/676/676 2694/2694/2694 2696/2696/2696
f 2838/2838/2838 676/676/676 2836/2836/2836
f 607/607/607 2706/2706/2706 676/676/676
f 2837/2837/2837 2684/2684/2684 1821/1821/1821
f 2587/2587/2587 676/676/676 608/608/608
f 2700/2700/2700 601/601/601 598/598/598
f 14/14/14 2333/2333/2333 2347/2347/2347
f 2336/2336/2336 2325/2325/2325 1164/1164/1164
f 1164/1164/1164 1018/1018/1018 2336/2336/2336
f 1010/1010/1010 1246/1246/1246 2345/2345/2345
f 2299/2299/2299 14/14/14 2301/2301/2301
f 647/647/647 2659/2659/2659 2743/2743/2743
f 2743/2743/2743 2653/2653/2653 2655/2655/2655
f 1821/1821/1821 2472/2472/2472 2470/2470/2470
f 2667/2667/2667 2663/2663/2663 2743/2743/2743
f 2668/2668/2668 2638/2638/2638 2664/2664/2664
f 648/648/648 2672/2672/2672 2638/2638/2638
f 2362/2362/2362 1164/1164/1164 2435/2435/2435
f 2386/2386/2386 1357/1357/1357 2357/2357/2357
f 2354/2354/2354 2428/2428/2428 1164/1164/1164
f 2387/2387/2387 2358/2358/2358 1164/1164/1164
f 2388/2388/2388 1357/1357/1357 2386/2386/2386
f 1164/1164/1164 2409/2409/2409 2359/2359/2359
f 1357/1357/1357 2415/2415/2415 2427/2427/2427
f 2357/2357/2357 1357/1357/1357 2355/2355/2355
f 2638/2638/2638 681/681/681 2664/2664/2664
f 2661/2661/2661 648/648/648 2638/2638/2638
f 2660/2660/2660 2662/2662/2662 2666/2666/2666
f 2660/2660/2660 2666/2666/2666 1821/1821/1821
f 2661/2661/2661 2638/2638/2638 2665/2665/2665
f 2638/2638/2638 2672/2672/2672 678/678/678
f 649/649/649 2662/2662/2662 2660/2660/2660
f 2651/2651/2651 2743/2743/2743 2925/2925/2925
f 1821/1821/1821 2750/2750/2750 2748/2748/2748
f 1821/1821/1821 2674/2674/2674 2676/2676/2676
f 2671/2671/2671 2743/2743/2743 677/677/677
f 647/647/647 2743/2743/2743 2671/2671/2671
f 677/677/677 2743/2743/2743 2669/2669/2669
f 2638/2638/2638 678/678/678 2670/2670/2670
f 2658/2658/2658 2638/2638/2638 2668/2668/2668
f 2658/2658/2658 2656/2656/2656 2638/2638/2638
f 2676/2676/2676 2660/2660/2660 1821/1821/1821
f 680/680/680 2669/2669/2669 2743/2743/2743
f 2361/2361/2361 2360/2360/2360 2410/2410/2410
f 2743/2743/2743 2657/2657/2657 2667/2667/2667
f 2398/2398/2398 1452/1452/1452 2402/2402/2402
f 1164/1164/1164 2444/2444/2444 2442/2442/2442
f 681/681/681 2638/2638/2638 2670/2670/2670
f 2361/2361/2361 2363/2363/2363 2436/2436/2436
f 2435/2435/2435 1164/1164/1164 2411/2411/2411
f 2436/2436/2436 2412/2412/2412 2361/2361/2361
f 2370/2370/2370 1164/1164/1164 2368/2368/2368
f 2743/2743/2743 2655/2655/2655 2657/2657/2657
f 2371/2371/2371 2369/2369/2369 2361/2361/2361
f 2365/2365/2365 2371/2371/2371 2361/2361/2361
f 2653/2653/2653 2743/2743/2743 2649/2649/2649
f 2374/2374/2374 2376/2376/2376 1164/1164/1164
f 1164/1164/1164 2364/2364/2364 2372/2372/2372
f 2649/2649/2649 2743/2743/2743 2651/2651/2651
f 2373/2373/2373 2361/2361/2361 2375/2375/2375
f 2364/2364/2364 1164/1164/1164 2370/2370/2370
f 2373/2373/2373 2365/2365/2365 2361/2361/2361
f 2361/2361/2361 2381/2381/2381 2379/2379/2379
f 2361/2361/2361 2379/2379/2379 2377/2377/2377
f 2378/2378/2378 2380/2380/2380 1164/1164/1164
f 2375/2375/2375 2361/2361/2361 2377/2377/2377
f 2359/2359/2359 2411/2411/2411 1164/1164/1164
f 1164/1164/1164 2376/2376/2376 2378/2378/2378
f 2372/2372/2372 2374/2374/2374 1164/1164/1164
f 2654/2654/2654 2638/2638/2638 2656/2656/2656
f 2422/2422/2422 1164/1164/1164 2426/2426/2426
f 2638/2638/2638 2650/2650/2650 2652/2652/2652
f 680/680/680 2743/2743/2743 2663/2663/2663
f 2650/2650/2650 2638/2638/2638 2654/2654/2654
f 2383/2383/2383 2361/2361/2361 2403/2403/2403
f 1452/1452/1452 2404/2404/2404 2400/2400/2400
f 1452/1452/1452 2413/2413/2413 2384/2384/2384
f 2414/2414/2414 2361/2361/2361 2385/2385/2385
f 2417/2417/2417 1452/1452/1452 2419/2419/2419
f 2382/2382/2382 1452/1452/1452 2396/2396/2396
f 2418/2418/2418 2361/2361/2361 2414/2414/2414
f 2397/2397/2397 2385/2385/2385 2361/2361/2361
f 2402/2402/2402 1452/1452/1452 2382/2382/2382
f 2638/2638/2638 871/871/871 904/904/904
f 989/989/989 2395/2395/2395 1164/1164/1164
f 1164/1164/1164 2422/2422/2422 2424/2424/2424
f 2393/2393/2393 2391/2391/2391 2389/2389/2389
f 2355/2355/2355 1357/1357/1357 2353/2353/2353
f 2392/2392/2392 1357/1357/1357 2390/2390/2390
f 1164/1164/1164 2407/2407/2407 2409/2409/2409
f 1164/1164/1164 2358/2358/2358 2356/2356/2356
f 2393/2393/2393 2389/2389/2389 1164/1164/1164
f 2389/2389/2389 2387/2387/2387 1164/1164/1164
f 2395/2395/2395 2393/2393/2393 1164/1164/1164
f 2394/2394/2394 1357/1357/1357 2392/2392/2392
f 986/986/986 1452/1452/1452 2400/2400/2400
f 987/987/987 1164/1164/1164 1455/1455/1455
f 1452/1452/1452 986/986/986 1454/1454/1454
f 2360/2360/2360 2361/2361/2361 2412/2412/2412
f 2399/2399/2399 2403/2403/2403 2361/2361/2361
f 2404/2404/2404 1452/1452/1452 2398/2398/2398
f 2410/2410/2410 2408/2408/2408 2405/2405/2405
f 2405/2405/2405 2361/2361/2361 2410/2410/2410
f 2405/2405/2405 2399/2399/2399 2361/2361/2361
f 1164/1164/1164 2401/2401/2401 2407/2407/2407
f 2417/2417/2417 2413/2413/2413 1452/1452/1452
f 1357/1357/1357 2421/2421/2421 2425/2425/2425
f 2428/2428/2428 2416/2416/2416 1164/1164/1164
f 2354/2354/2354 1164/1164/1164 2356/2356/2356
f 1357/1357/1357 2425/2425/2425 2415/2415/2415
f 1357/1357/1357 2427/2427/2427 2353/2353/2353
f 2384/2384/2384 2396/2396/2396 1452/1452/1452
f 2433/2433/2433 2419/2419/2419 1452/1452/1452
f 2426/2426/2426 1164/1164/1164 2416/2416/2416
f 2423/2423/2423 2421/2421/2421 1357/1357/1357
f 2424/2424/2424 1327/1327/1327 1164/1164/1164
f 2434/2434/2434 2361/2361/2361 2420/2420/2420
f 1357/1357/1357 1334/1334/1334 1328/1328/1328
f 1454/1454/1454 2441/2441/2441 1452/1452/1452
f 1326/1326/1326 2423/2423/2423 1357/1357/1357
f 2429/2429/2429 1452/1452/1452 2431/2431/2431
f 2430/2430/2430 2432/2432/2432 2361/2361/2361
f 2439/2439/2439 1452/1452/1452 2429/2429/2429
f 1164/1164/1164 1341/1341/1341 2444/2444/2444
f 2439/2439/2439 1053/1053/1053 1452/1452/1452
f 2474/2474/2474 2468/2468/2468 1821/1821/1821
f 901/901/901 2567/2567/2567 2482/2482/2482
f 2638/2638/2638 2473/2473/2473 2469/2469/2469
f 2471/2471/2471 2665/2665/2665 2638/2638/2638
f 1821/1821/1821 2748/2748/2748 2674/2674/2674
f 2475/2475/2475 2477/2477/2477 2638/2638/2638
f 2638/2638/2638 2477/2477/2477 2467/2467/2467
f 2743/2743/2743 2659/2659/2659 2675/2675/2675
f 2666/2666/2666 2472/2472/2472 1821/1821/1821
f 1821/1821/1821 2470/2470/2470 2474/2474/2474
f 2579/2579/2579 2575/2575/2575 2567/2567/2567
f 771/771/771 2480/2480/2480 2567/2567/2567
f 2471/2471/2471 2638/2638/2638 2469/2469/2469
f 2485/2485/2485 2638/2638/2638 904/904/904
f 2476/2476/2476 1821/1821/1821 2478/2478/2478
f 900/900/900 2638/2638/2638 2485/2485/2485
f 901/901/901 2486/2486/2486 2567/2567/2567
f 900/900/900 2481/2481/2481 2638/2638/2638
f 2569/2569/2569 1723/1723/1723 2526/2526/2526
f 2567/2567/2567 1750/1750/1750 1752/1752/1752
f 1723/1723/1723 811/811/811 859/859/859
f 1031/1031/1031 2494/2494/2494 2496/2496/2496
f 2182/2182/2182 1723/1723/1723 2554/2554/2554
f 2567/2567/2567 2177/2177/2177 2565/2565/2565
f 1739/1739/1739 1723/1723/1723 859/859/859
f 2554/2554/2554 1723/1723/1723 2569/2569/2569
f 2507/2507/2507 1723/1723/1723 2176/2176/2176
f 1728/1728/1728 1730/1730/1730 1031/1031/1031
f 1729/1729/1729 1723/1723/1723 1731/1731/1731
f 2567/2567/2567 2568/2568/2568 2525/2525/2525
f 2497/2497/2497 1723/1723/1723 2507/2507/2507
f 2497/2497/2497 2495/2495/2495 1723/1723/1723
f 2496/2496/2496 2506/2506/2506 1031/1031/1031
f 2567/2567/2567 2553/2553/2553 2568/2568/2568
f 1738/1738/1738 858/858/858 2567/2567/2567
f 2194/2194/2194 1821/1821/1821 509/509/509
f 2567/2567/2567 2565/2565/2565 2185/2185/2185
f 1031/1031/1031 2510/2510/2510 2494/2494/2494
f 1031/1031/1031 2498/2498/2498 2183/2183/2183
f 1031/1031/1031 2533/2533/2533 2535/2535/2535
f 2567/2567/2567 2525/2525/2525 2177/2177/2177
f 1737/1737/1737 1753/1753/1753 1723/1723/1723
f 2506/2506/2506 2175/2175/2175 1031/1031/1031
f 2504/2504/2504 2567/2567/2567 2508/2508/2508
f 2197/2197/2197 676/676/676 508/508/508
f 2501/2501/2501 2174/2174/2174 1723/1723/1723
f 1031/1031/1031 2527/2527/2527 2491/2491/2491
f 2500/2500/2500 2567/2567/2567 2173/2173/2173
f 1031/1031/1031 2179/2179/2179 2527/2527/2527
f 2504/2504/2504 2181/2181/2181 2567/2567/2567
f 2509/2509/2509 2501/2501/2501 1723/1723/1723
f 2539/2539/2539 1031/1031/1031 2491/2491/2491
f 2567/2567/2567 2181/2181/2181 2553/2553/2553
f 1739/1739/1739 1737/1737/1737 1723/1723/1723
f 2567/2567/2567 2185/2185/2185 2452/2452/2452
f 2567/2567/2567 1736/1736/1736 1738/1738/1738
f 2508/2508/2508 2567/2567/2567 2500/2500/2500
f 2505/2505/2505 1723/1723/1723 2182/2182/2182
f 1770/1770/1770 2638/2638/2638 2445/2445/2445
f 2541/2541/2541 2447/2447/2447 2638/2638/2638
f 2542/2542/2542 2544/2544/2544 2567/2567/2567
f 2561/2561/2561 2638/2638/2638 2563/2563/2563
f 2541/2541/2541 2638/2638/2638 2543/2543/2543
f 2562/2562/2562 2564/2564/2564 1821/1821/1821
f 2549/2549/2549 2638/2638/2638 2570/2570/2570
f 2546/2546/2546 2567/2567/2567 2544/2544/2544
f 789/789/789 2577/2577/2577 2567/2567/2567
f 2546/2546/2546 2548/2548/2548 2567/2567/2567
f 2550/2550/2550 2571/2571/2571 2567/2567/2567
f 2638/2638/2638 2547/2547/2547 2545/2545/2545
f 2562/2562/2562 1821/1821/1821 2560/2560/2560
f 2638/2638/2638 2545/2545/2545 2543/2543/2543
f 2580/2580/2580 2563/2563/2563 2638/2638/2638
f 1821/1821/1821 773/773/773 2200/2200/2200
f 788/788/788 2638/2638/2638 2576/2576/2576
f 2547/2547/2547 2638/2638/2638 2549/2549/2549
f 2567/2567/2567 2452/2452/2452 1750/1750/1750
f 788/788/788 2572/2572/2572 2638/2638/2638
f 2567/2567/2567 2446/2446/2446 2448/2448/2448
f 2638/2638/2638 2483/2483/2483 2479/2479/2479
f 2638/2638/2638 2447/2447/2447 2445/2445/2445
f 2567/2567/2567 2571/2571/2571 2573/2573/2573
f 2473/2473/2473 2638/2638/2638 2467/2467/2467
f 2638/2638/2638 2572/2572/2572 2570/2570/2570
f 773/773/773 1821/1821/1821 2581/2581/2581
f 772/772/772 2638/2638/2638 2199/2199/2199
f 2638/2638/2638 2221/2221/2221 2199/2199/2199
f 2638/2638/2638 2578/2578/2578 2576/2576/2576
f 2579/2579/2579 2567/2567/2567 2577/2577/2577
f 2580/2580/2580 2638/2638/2638 772/772/772
f 2479/2479/2479 770/770/770 2638/2638/2638
f 2578/2578/2578 2638/2638/2638 2574/2574/2574
f 2448/2448/2448 2542/2542/2542 2567/2567/2567
f 2567/2567/2567 2573/2573/2573 789/789/789
f 770/770/770 2574/2574/2574 2638/2638/2638
f 2575/2575/2575 771/771/771 2567/2567/2567
f 2582/2582/2582 2584/2584/2584 2638/2638/2638
f 2480/2480/2480 2484/2484/2484 2567/2567/2567
f 2194/2194/2194 2196/2196/2196 1821/1821/1821
f 851/851/851 3353/3353/3353 1031/1031/1031
f 728/728/728 2598/2598/2598 676/676/676
f 1452/1452/1452 2850/2850/2850 2857/2857/2857
f 676/676/676 2598/2598/2598 2596/2596/2596
f 2851/2851/2851 2762/2762/2762 676/676/676
f 553/553/553 1031/1031/1031 552/552/552
f 558/558/558 573/573/573 1031/1031/1031
f 556/556/556 555/555/555 1031/1031/1031
f 571/571/571 557/557/557 1031/1031/1031
f 1031/1031/1031 615/615/615 611/611/611
f 570/570/570 1031/1031/1031 566/566/566
f 567/567/567 565/565/565 1031/1031/1031
f 1031/1031/1031 563/563/563 568/568/568
f 1031/1031/1031 568/568/568 569/569/569
f 559/559/559 564/564/564 1031/1031/1031
f 559/559/559 1031/1031/1031 560/560/560
f 561/561/561 588/588/588 1031/1031/1031
f 1031/1031/1031 562/562/562 561/561/561
f 569/569/569 567/567/567 1031/1031/1031
f 565/565/565 566/566/566 1031/1031/1031
f 572/572/572 1031/1031/1031 570/570/570
f 676/676/676 2593/2593/2593 2602/2602/2602
f 676/676/676 2856/2856/2856 2792/2792/2792
f 2597/2597/2597 676/676/676 2596/2596/2596
f 728/728/728 676/676/676 2599/2599/2599
f 2602/2602/2602 2594/2594/2594 676/676/676
f 676/676/676 2600/2600/2600 2599/2599/2599
f 2610/2610/2610 676/676/676 2615/2615/2615
f 564/564/564 563/563/563 1031/1031/1031
f 676/676/676 2606/2606/2606 2604/2604/2604
f 2613/2613/2613 676/676/676 2590/2590/2590
f 2611/2611/2611 2614/2614/2614 676/676/676
f 2792/2792/2792 2874/2874/2874 676/676/676
f 2603/2603/2603 676/676/676 2594/2594/2594
f 2595/2595/2595 676/676/676 2591/2591/2591
f 2601/2601/2601 2589/2589/2589 676/676/676
f 676/676/676 2604/2604/2604 2605/2605/2605
f 1031/1031/1031 622/622/622 615/615/615
f 2856/2856/2856 676/676/676 2612/2612/2612
f 2567/2567/2567 827/827/827 2513/2513/2513
f 676/676/676 2613/2613/2613 2593/2593/2593
f 827/827/827 2567/2567/2567 2538/2538/2538
f 2539/2539/2539 2512/2512/2512 1031/1031/1031
f 588/588/588 560/560/560 1031/1031/1031
f 1031/1031/1031 3355/3355/3355 3354/3354/3354
f 1451/1451/1451 1031/1031/1031 2466/2466/2466
f 3356/3356/3356 3357/3357/3357 1031/1031/1031
f 557/557/557 558/558/558 1031/1031/1031
f 1031/1031/1031 3354/3354/3354 3356/3356/3356
f 1031/1031/1031 826/826/826 2537/2537/2537
f 826/826/826 1031/1031/1031 2512/2512/2512
f 1031/1031/1031 3358/3358/3358 2466/2466/2466
f 1031/1031/1031 3353/3353/3353 3355/3355/3355
f 2567/2567/2567 905/905/905 872/872/872
f 1031/1031/1031 553/553/553 554/554/554
f 905/905/905 2567/2567/2567 2486/2486/2486
f 556/556/556 1031/1031/1031 554/554/554
f 2518/2518/2518 882/882/882 2567/2567/2567
f 3360/3360/3360 2532/2532/2532 2567/2567/2567
f 589/589/589 1031/1031/1031 580/580/580
f 586/586/586 577/577/577 1031/1031/1031
f 3352/3352/3352 3360/3360/3360 2567/2567/2567
f 881/881/881 2517/2517/2517 1031/1031/1031
f 3340/3340/3340 851/851/851 1031/1031/1031
f 2567/2567/2567 2513/2513/2513 2540/2540/2540
f 882/882/882 2538/2538/2538 2567/2567/2567
f 2482/2482/2482 2567/2567/2567 2484/2484/2484
f 2680/2680/2680 2682/2682/2682 2567/2567/2567
f 2567/2567/2567 2678/2678/2678 2642/2642/2642
f 2638/2638/2638 682/682/682 2641/2641/2641
f 871/871/871 2638/2638/2638 2679/2679/2679
f 581/581/581 1031/1031/1031 582/582/582
f 2610/2610/2610 2608/2608/2608 676/676/676
f 589/589/589 578/578/578 1031/1031/1031
f 872/872/872 2680/2680/2680 2567/2567/2567
f 2607/2607/2607 676/676/676 2605/2605/2605
f 2607/2607/2607 2600/2600/2600 676/676/676
f 596/596/596 1031/1031/1031 590/590/590
f 1031/1031/1031 575/575/575 574/574/574
f 583/583/583 576/576/576 1031/1031/1031
f 676/676/676 2617/2617/2617 2606/2606/2606
f 582/582/582 1031/1031/1031 596/596/596
f 581/581/581 580/580/580 1031/1031/1031
f 2609/2609/2609 676/676/676 2616/2616/2616
f 2611/2611/2611 676/676/676 2608/2608/2608
f 2614/2614/2614 2617/2617/2617 676/676/676
f 2615/2615/2615 676/676/676 2609/2609/2609
f 578/578/578 585/585/585 1031/1031/1031
f 574/574/574 579/579/579 1031/1031/1031
f 1031/1031/1031 585/585/585 584/584/584
f 1031/1031/1031 577/577/577 583/583/583
f 1031/1031/1031 584/584/584 575/575/575
f 586/586/586 1031/1031/1031 587/587/587
f 1031/1031/1031 579/579/579 587/587/587
f 576/576/576 562/562/562 1031/1031/1031
f 683/683/683 2567/2567/2567 2642/2642/2642
f 595/595/595 1031/1031/1031 594/594/594
f 592/592/592 591/591/591 1031/1031/1031
f 590/590/590 1031/1031/1031 591/591/591
f 594/594/594 1031/1031/1031 593/593/593
f 2638/2638/2638 2641/2641/2641 2677/2677/2677
f 683/683/683 2640/2640/2640 2567/2567/2567
f 2638/2638/2638 2639/2639/2639 682/682/682
f 2638/2638/2638 2645/2645/2645 2647/2647/2647
f 595/595/595 592/592/592 1031/1031/1031
f 1031/1031/1031 605/605/605 593/593/593
f 622/622/622 1031/1031/1031 555/555/555
f 624/624/624 625/625/625 1031/1031/1031
f 614/614/614 613/613/613 1031/1031/1031
f 614/614/614 1031/1031/1031 612/612/612
f 626/626/626 1031/1031/1031 625/625/625
f 628/628/628 1031/1031/1031 619/619/619
f 627/627/627 702/702/702 1031/1031/1031
f 617/617/617 621/621/621 1031/1031/1031
f 620/620/620 619/619/619 1031/1031/1031
f 624/624/624 1031/1031/1031 613/613/613
f 620/620/620 1031/1031/1031 621/621/621
f 1031/1031/1031 626/626/626 679/679/679
f 623/623/623 616/616/616 1031/1031/1031
f 679/679/679 623/623/623 1031/1031/1031
f 2682/2682/2682 2678/2678/2678 2567/2567/2567
f 1031/1031/1031 707/707/707 630/630/630
f 2638/2638/2638 2681/2681/2681 2679/2679/2679
f 2681/2681/2681 2638/2638/2638 2677/2677/2677
f 639/639/639 636/636/636 676/676/676
f 632/632/632 629/629/629 634/634/634
f 676/676/676 658/658/658 634/634/634
f 635/635/635 676/676/676 640/640/640
f 637/637/637 676/676/676 636/636/636
f 676/676/676 629/629/629 639/639/639
f 676/676/676 670/670/670 667/667/667
f 633/633/633 657/657/657 1031/1031/1031
f 665/665/665 1031/1031/1031 651/651/651
f 676/676/676 644/644/644 660/660/660
f 676/676/676 660/660/660 656/656/656
f 641/641/641 631/631/631 633/633/633
f 654/654/654 644/644/644 676/676/676
f 676/676/676 666/666/666 652/652/652
f 676/676/676 673/673/673 669/669/669
f 650/650/650 676/676/676 661/661/661
f 640/640/640 676/676/676 637/637/637
f 650/650/650 664/664/664 676/676/676
f 651/651/651 1031/1031/1031 653/653/653
f 1031/1031/1031 657/657/657 655/655/655
f 1031/1031/1031 642/642/642 641/641/641
f 659/659/659 1031/1031/1031 655/655/655
f 658/658/658 676/676/676 656/656/656
f 661/661/661 676/676/676 638/638/638
f 635/635/635 638/638/638 676/676/676
f 633/633/633 1031/1031/1031 641/641/641
f 672/672/672 676/676/676 664/664/664
f 672/672/672 671/671/671 676/676/676
f 676/676/676 668/668/668 675/675/675
f 610/610/610 1031/1031/1031 611/611/611
f 610/610/610 612/612/612 1031/1031/1031
f 571/571/571 1031/1031/1031 572/572/572
f 2592/2592/2592 676/676/676 2595/2595/2595
f 618/618/618 1031/1031/1031 616/616/616
f 1031/1031/1031 618/618/618 617/617/617
f 2781/2781/2781 2793/2793/2793 676/676/676
f 2875/2875/2875 2780/2780/2780 1452/1452/1452
f 698/698/698 713/713/713 1031/1031/1031
f 642/642/642 1031/1031/1031 630/630/630
f 1031/1031/1031 659/659/659 643/643/643
f 653/653/653 1031/1031/1031 643/643/643
f 1031/1031/1031 628/628/628 627/627/627
f 652/652/652 654/654/654 676/676/676
f 705/705/705 1031/1031/1031 703/703/703
f 1031/1031/1031 709/709/709 708/708/708
f 704/704/704 1031/1031/1031 697/697/697
f 712/712/712 1031/1031/1031 708/708/708
f 699/699/699 1031/1031/1031 700/700/700
f 702/702/702 697/697/697 1031/1031/1031
f 1031/1031/1031 704/704/704 703/703/703
f 1031/1031/1031 705/705/705 701/701/701
f 1031/1031/1031 712/712/712 711/711/711
f 710/710/710 1031/1031/1031 699/699/699
f 709/709/709 1031/1031/1031 710/710/710
f 1031/1031/1031 706/706/706 707/707/707
f 713/713/713 706/706/706 1031/1031/1031
f 698/698/698 1031/1031/1031 711/711/711
f 676/676/676 719/719/719 718/718/718
f 676/676/676 725/725/725 726/726/726
f 670/670/670 676/676/676 674/674/674
f 676/676/676 667/667/667 723/723/723
f 676/676/676 720/720/720 721/721/721
f 722/722/722 676/676/676 723/723/723
f 724/724/724 676/676/676 722/722/722
f 676/676/676 721/721/721 719/719/719
f 720/720/720 676/676/676 726/726/726
f 715/715/715 714/714/714 676/676/676
f 676/676/676 717/717/717 716/716/716
f 676/676/676 718/718/718 717/717/717
f 676/676/676 993/993/993 992/992/992
f 676/676/676 999/999/999 997/997/997
f 727/727/727 715/715/715 676/676/676
f 716/716/716 727/727/727 676/676/676
f 725/725/725 676/676/676 724/724/724
f 2775/2775/2775 2760/2760/2760 1452/1452/1452
f 2762/2762/2762 2785/2785/2785 676/676/676
f 714/714/714 998/998/998 676/676/676
f 1009/1009/1009 792/792/792 1001/1001/1001
f 1012/1012/1012 676/676/676 995/995/995
f 997/997/997 996/996/996 676/676/676
f 994/994/994 676/676/676 992/992/992
f 996/996/996 993/993/993 676/676/676
f 995/995/995 676/676/676 994/994/994
f 999/999/999 676/676/676 998/998/998
f 1012/1012/1012 1013/1013/1013 676/676/676
f 991/991/991 1014/1014/1014 676/676/676
f 991/991/991 676/676/676 1013/1013/1013
f 1008/1008/1008 1000/1000/1000 676/676/676
f 676/676/676 1014/1014/1014 990/990/990
f 1043/1043/1043 1031/1031/1031 1021/1021/1021
f 1022/1022/1022 1023/1023/1023 1031/1031/1031
f 1027/1027/1027 1021/1021/1021 1031/1031/1031
f 1022/1022/1022 1031/1031/1031 1024/1024/1024
f 1023/1023/1023 1028/1028/1028 1031/1031/1031
f 1027/1027/1027 1031/1031/1031 1028/1028/1028
f 1030/1030/1030 1026/1026/1026 1031/1031/1031
f 1032/1032/1032 1029/1029/1029 1031/1031/1031
f 1033/1033/1033 1031/1031/1031 1441/1441/1441
f 1577/1577/1577 1031/1031/1031 1035/1035/1035
f 1035/1035/1035 1031/1031/1031 1036/1036/1036
f 1577/1577/1577 1578/1578/1578 1031/1031/1031
f 1049/1049/1049 1031/1031/1031 1048/1048/1048
f 1034/1034/1034 1036/1036/1036 1031/1031/1031
f 1576/1576/1576 1031/1031/1031 1578/1578/1578
f 1038/1038/1038 1037/1037/1037 1031/1031/1031
f 1034/1034/1034 1031/1031/1031 1037/1037/1037
f 1039/1039/1039 1038/1038/1038 1031/1031/1031
f 1040/1040/1040 1041/1041/1041 1031/1031/1031
f 1042/1042/1042 1040/1040/1040 1031/1031/1031
f 1043/1043/1043 1048/1048/1048 1031/1031/1031
f 1049/1049/1049 1042/1042/1042 1031/1031/1031
f 1031/1031/1031 1041/1041/1041 1039/1039/1039
f 2940/2940/2940 2798/2798/2798 676/676/676
f 1025/1025/1025 1032/1032/1032 1031/1031/1031
f 1031/1031/1031 1026/1026/1026 1024/1024/1024
f 1033/1033/1033 1025/1025/1025 1031/1031/1031
f 1030/1030/1030 1031/1031/1031 1029/1029/1029
f 1444/1444/1444 1456/1456/1456 1031/1031/1031
f 1456/1456/1456 1442/1442/1442 1031/1031/1031
f 1031/1031/1031 1440/1440/1440 1444/1444/1444
f 1462/1462/1462 1446/1446/1446 1031/1031/1031
f 1443/1443/1443 1441/1441/1441 1031/1031/1031
f 1440/1440/1440 1031/1031/1031 1445/1445/1445
f 1448/1448/1448 1031/1031/1031 1446/1446/1446
f 1031/1031/1031 1448/1448/1448 1447/1447/1447
f 1447/1447/1447 1449/1449/1449 1031/1031/1031
f 1450/1450/1450 1031/1031/1031 1451/1451/1451
f 1031/1031/1031 1450/1450/1450 1462/1462/1462
f 1031/1031/1031 3357/3357/3357 3358/3358/3358
f 1461/1461/1461 1443/1443/1443 1031/1031/1031
f 1445/1445/1445 1031/1031/1031 1449/1449/1449
f 1461/1461/1461 1031/1031/1031 1442/1442/1442
f 1031/1031/1031 1586/1586/1586 1579/1579/1579
f 604/604/604 605/605/605 1031/1031/1031
f 1466/1466/1466 599/599/599 1031/1031/1031
f 603/603/603 1031/1031/1031 599/599/599
f 1585/1585/1585 1586/1586/1586 1031/1031/1031
f 1576/1576/1576 1587/1587/1587 1031/1031/1031
f 1584/1584/1584 1585/1585/1585 1031/1031/1031
f 1579/1579/1579 1573/1573/1573 1031/1031/1031
f 1580/1580/1580 1584/1584/1584 1031/1031/1031
f 1031/1031/1031 1587/1587/1587 1580/1580/1580
f 1980/1980/1980 676/676/676 2139/2139/2139
f 2139/2139/2139 676/676/676 2140/2140/2140
f 676/676/676 2133/2133/2133 2138/2138/2138
f 2135/2135/2135 676/676/676 2136/2136/2136
f 2137/2137/2137 676/676/676 2135/2135/2135
f 2130/2130/2130 676/676/676 1994/1994/1994
f 676/676/676 2138/2138/2138 2136/2136/2136
f 2137/2137/2137 2134/2134/2134 676/676/676
f 2134/2134/2134 2140/2140/2140 676/676/676
f 1981/1981/1981 1965/1965/1965 676/676/676
f 2132/2132/2132 2131/2131/2131 676/676/676
f 2131/2131/2131 2133/2133/2133 676/676/676
f 2132/2132/2132 676/676/676 2130/2130/2130
f 1452/1452/1452 2776/2776/2776 2769/2769/2769
f 2592/2592/2592 2190/2190/2190 676/676/676
f 1452/1452/1452 2943/2943/2943 2946/2946/2946
f 1986/1986/1986 676/676/676 990/990/990
f 2011/2011/2011 676/676/676 1983/1983/1983
f 676/676/676 1986/1986/1986 1020/1020/1020
f 2946/2946/2946 2873/2873/2873 1452/1452/1452
f 1452/1452/1452 2857/2857/2857 2875/2875/2875
f 2794/2794/2794 2977/2977/2977 676/676/676
f 676/676/676 1985/1985/1985 1988/1988/1988
f 676/676/676 1988/1988/1988 1990/1990/1990
f 1983/1983/1983 676/676/676 1019/1019/1019
f 676/676/676 1020/1020/1020 1984/1984/1984
f 676/676/676 1990/1990/1990 1991/1991/1991
f 676/676/676 1987/1987/1987 1994/1994/1994
f 676/676/676 1991/1991/1991 1987/1987/1987
f 2011/2011/2011 1989/1989/1989 676/676/676
f 1985/1985/1985 676/676/676 1989/1989/1989
f 1978/1978/1978 1981/1981/1981 676/676/676
f 1963/1963/1963 1962/1962/1962 676/676/676
f 676/676/676 1964/1964/1964 1958/1958/1958
f 1977/1977/1977 676/676/676 1979/1979/1979
f 1951/1951/1951 676/676/676 1982/1982/1982
f 676/676/676 1947/1947/1947 1982/1982/1982
f 1980/1980/1980 1979/1979/1979 676/676/676
f 1978/1978/1978 676/676/676 1977/1977/1977
f 676/676/676 1946/1946/1946 1945/1945/1945
f 1966/1966/1966 1976/1976/1976 676/676/676
f 2940/2940/2940 676/676/676 2789/2789/2789
f 1952/1952/1952 676/676/676 1949/1949/1949
f 676/676/676 1959/1959/1959 1948/1948/1948
f 1967/1967/1967 1957/1957/1957 676/676/676
f 676/676/676 1958/1958/1958 1961/1961/1961
f 676/676/676 1957/1957/1957 1959/1959/1959
f 1963/1963/1963 676/676/676 1956/1956/1956
f 1966/1966/1966 676/676/676 1950/1950/1950
f 1962/1962/1962 1967/1967/1967 676/676/676
f 1949/1949/1949 676/676/676 1953/1953/1953
f 1976/1976/1976 1946/1946/1946 676/676/676
f 2616/2616/2616 676/676/676 1952/1952/1952
f 1965/1965/1965 1947/1947/1947 676/676/676
f 1955/1955/1955 676/676/676 1948/1948/1948
f 1960/1960/1960 1956/1956/1956 676/676/676
f 1961/1961/1961 1960/1960/1960 676/676/676
f 1953/1953/1953 676/676/676 1954/1954/1954
f 676/676/676 1955/1955/1955 1954/1954/1954
f 1964/1964/1964 676/676/676 1945/1945/1945
f 2591/2591/2591 676/676/676 2589/2589/2589
f 2603/2603/2603 2601/2601/2601 676/676/676
f 2540/2540/2540 2492/2492/2492 2567/2567/2567
f 2939/2939/2939 2788/2788/2788 1452/1452/1452
f 2851/2851/2851 676/676/676 2757/2757/2757
f 2850/2850/2850 1452/1452/1452 2761/2761/2761
f 2780/2780/2780 2791/2791/2791 1452/1452/1452
f 2783/2783/2783 2757/2757/2757 676/676/676
f 2612/2612/2612 676/676/676 2190/2190/2190
f 1452/1452/1452 2782/2782/2782 2786/2786/2786
f 2790/2790/2790 1452/1452/1452 2787/2787/2787
f 2794/2794/2794 676/676/676 2793/2793/2793
f 2851/2851/2851 2757/2757/2757 2858/2858/2858
f 2772/2772/2772 1452/1452/1452 2759/2759/2759
f 1452/1452/1452 2786/2786/2786 2787/2787/2787
f 1452/1452/1452 2791/2791/2791 2872/2872/2872
f 1452/1452/1452 2788/2788/2788 2784/2784/2784
f 2761/2761/2761 1452/1452/1452 2784/2784/2784
f 2783/2783/2783 676/676/676 2977/2977/2977
f 1452/1452/1452 2790/2790/2790 2778/2778/2778
f 2789/2789/2789 676/676/676 2785/2785/2785
f 2777/2777/2777 1452/1452/1452 2760/2760/2760
f 2772/2772/2772 2776/2776/2776 1452/1452/1452
f 2781/2781/2781 676/676/676 2874/2874/2874
f 1452/1452/1452 2872/2872/2872 2758/2758/2758
f 2943/2943/2943 1452/1452/1452 2769/2769/2769
f 1452/1452/1452 2779/2779/2779 2775/2775/2775
f 2759/2759/2759 1452/1452/1452 2859/2859/2859
f 2777/2777/2777 2189/2189/2189 1452/1452/1452
f 1452/1452/1452 2758/2758/2758 2782/2782/2782
f 2859/2859/2859 1452/1452/1452 2778/2778/2778
f 1363/1363/1363 1361/1361/1361 2638/2638/2638
f 1357/1357/1357 1362/1362/1362 1364/1364/1364
f 2518/2518/2518 2567/2567/2567 2532/2532/2532
f 3352/3352/3352 2567/2567/2567 3343/3343/3343
f 2567/2567/2567 3349/3349/3349 3347/3347/3347
f 3348/3348/3348 2567/2567/2567 3301/3301/3301
f 3345/3345/3345 2567/2567/2567 3346/3346/3346
f 2567/2567/2567 3350/3350/3350 3346/3346/3346
f 3351/3351/3351 1031/1031/1031 3359/3359/3359
f 3310/3310/3310 3309/3309/3309 2567/2567/2567
f 2567/2567/2567 2625/2625/2625 2631/2631/2631
f 2567/2567/2567 3311/3311/3311 3310/3310/3310
f 5/5/5 1452/1452/1452 58/58/58
f 4/4/4 2567/2567/2567 388/388/388
f 3336/3336/3336 2638/2638/2638 3330/3330/3330
f 2638/2638/2638 2624/2624/2624 2622/2622/2622
f 3320/3320/3320 3322/3322/3322 2567/2567/2567
f 3330/3330/3330 2638/2638/2638 3332/3332/3332
f 2638/2638/2638 3266/3266/3266 3265/3265/3265
f 3266/3266/3266 2638/2638/2638 3283/3283/3283
f 3265/3265/3265 3329/3329/3329 2638/2638/2638
f 3324/3324/3324 2638/2638/2638 3327/3327/3327
f 3323/3323/3323 3325/3325/3325 2638/2638/2638
f 3327/3327/3327 2638/2638/2638 3328/3328/3328
f 1385/1385/1385 14/14/14 1413/1413/1413
f 14/14/14 1481/1481/1481 1489/1489/1489
f 14/14/14 1415/1415/1415 1481/1481/1481
f 1415/1415/1415 14/14/14 1416/1416/1416
f 14/14/14 1419/1419/1419 1420/1420/1420
f 14/14/14 1418/1418/1418 1419/1419/1419
f 1423/1423/1423 1424/1424/1424 14/14/14
f 14/14/14 2254/2254/2254 1417/1417/1417
f 1428/1428/1428 14/14/14 1426/1426/1426
f 14/14/14 1422/1422/1422 1423/1423/1423
f 1424/1424/1424 1427/1427/1427 14/14/14
f 1426/1426/1426 14/14/14 1427/1427/1427
f 14/14/14 1428/1428/1428 1421/1421/1421
f 1416/1416/1416 14/14/14 1421/1421/1421
f 14/14/14 1425/1425/1425 1422/1422/1422
f 1425/1425/1425 14/14/14 1420/1420/1420
f 2852/2852/2852 2876/2876/2876 1452/1452/1452
f 676/676/676 2877/2877/2877 2853/2853/2853
f 1566/1566/1566 1452/1452/1452 1565/1565/1565
f 1452/1452/1452 398/398/398 1429/1429/1429
f 1432/1432/1432 1433/1433/1433 1452/1452/1452
f 123/123/123 1452/1452/1452 1430/1430/1430
f 676/676/676 2853/2853/2853 2764/2764/2764
f 409/409/409 405/405/405 1452/1452/1452
f 406/406/406 1436/1436/1436 1452/1452/1452
f 1452/1452/1452 1583/1583/1583 1437/1437/1437
f 124/124/124 1452/1452/1452 1588/1588/1588
f 1436/1436/1436 1575/1575/1575 1452/1452/1452
f 397/397/397 1465/1465/1465 1452/1452/1452
f 676/676/676 2863/2863/2863 2865/2865/2865
f 933/933/933 1434/1434/1434 1452/1452/1452
f 16/16/16 1452/1452/1452 19/19/19
f 18/18/18 1452/1452/1452 20/20/20
f 17/17/17 1452/1452/1452 25/25/25
f 27/27/27 1452/1452/1452 21/21/21
f 23/23/23 19/19/19 1452/1452/1452
f 64/64/64 67/67/67 1452/1452/1452
f 22/22/22 21/21/21 1452/1452/1452
f 20/20/20 1452/1452/1452 17/17/17
f 129/129/129 1452/1452/1452 133/133/133
f 28/28/28 29/29/29 1452/1452/1452
f 1452/1452/1452 27/27/27 28/28/28
f 1452/1452/1452 16/16/16 25/25/25
f 24/24/24 23/23/23 1452/1452/1452
f 1452/1452/1452 30/30/30 26/26/26
f 30/30/30 1452/1452/1452 1567/1567/1567
f 1452/1452/1452 26/26/26 24/24/24
f 22/22/22 1452/1452/1452 18/18/18
f 2870/2870/2870 1452/1452/1452 2767/2767/2767
f 3326/3326/3326 3316/3316/3316 2638/2638/2638
f 1452/1452/1452 43/43/43 44/44/44
f 2638/2638/2638 3321/3321/3321 3319/3319/3319
f 1460/1460/1460 932/932/932 1452/1452/1452
f 2567/2567/2567 3337/3337/3337 3331/3331/3331
f 3313/3313/3313 3321/3321/3321 2638/2638/2638
f 3318/3318/3318 2567/2567/2567 3314/3314/3314
f 3318/3318/3318 386/386/386 3315/3315/3315
f 3313/3313/3313 2638/2638/2638 385/385/385
f 3318/3318/3318 3314/3314/3314 386/386/386
f 2916/2916/2916 2567/2567/2567 2918/2918/2918
f 3312/3312/3312 2567/2567/2567 3318/3318/3318
f 3339/3339/3339 3338/3338/3338 2567/2567/2567
f 1073/1073/1073 1452/1452/1452 1465/1465/1465
f 2567/2567/2567 3309/3309/3309 3339/3339/3339
f 49/49/49 1452/1452/1452 39/39/39
f 3311/3311/3311 2567/2567/2567 3312/3312/3312
f 1452/1452/1452 2765/2765/2765 2770/2770/2770
f 1452/1452/1452 42/42/42 43/43/43
f 2567/2567/2567 3299/3299/3299 3297/3297/3297
f 408/408/408 676/676/676 2879/2879/2879
f 1546/1546/1546 1544/1544/1544 14/14/14
f 1548/1548/1548 14/14/14 1542/1542/1542
f 1472/1472/1472 1470/1470/1470 14/14/14
f 1471/1471/1471 1472/1472/1472 14/14/14
f 3280/3280/3280 14/14/14 1470/1470/1470
f 14/14/14 1479/1479/1479 1542/1542/1542
f 1484/1484/1484 1491/1491/1491 14/14/14
f 6/6/6 3295/3295/3295 14/14/14
f 1474/1474/1474 14/14/14 1475/1475/1475
f 1476/1476/1476 14/14/14 3293/3293/3293
f 1478/1478/1478 14/14/14 1474/1474/1474
f 1483/1483/1483 1475/1475/1475 14/14/14
f 14/14/14 1489/1489/1489 1488/1488/1488
f 1483/1483/1483 14/14/14 1490/1490/1490
f 1487/1487/1487 14/14/14 1482/1482/1482
f 1548/1548/1548 1552/1552/1552 14/14/14
f 1477/1477/1477 2638/2638/2638 1480/1480/1480
f 14/14/14 1476/1476/1476 1479/1479/1479
f 1547/1547/1547 1553/1553/1553 2638/2638/2638
f 1482/1482/1482 14/14/14 1488/1488/1488
f 1523/1523/1523 1519/1519/1519 2638/2638/2638
f 1485/1485/1485 14/14/14 1486/1486/1486
f 1487/1487/1487 1486/1486/1486 14/14/14
f 1485/1485/1485 1484/1484/1484 14/14/14
f 1520/1520/1520 1524/1524/1524 14/14/14
f 1452/1452/1452 45/45/45 47/47/47
f 1494/1494/1494 1496/1496/1496 1357/1357/1357
f 46/46/46 1452/1452/1452 44/44/44
f 2567/2567/2567 3305/3305/3305 3308/3308/3308
f 2620/2620/2620 2638/2638/2638 2622/2622/2622
f 1452/1452/1452 214/214/214 215/215/215
f 1516/1516/1516 1526/1526/1526 14/14/14
f 2567/2567/2567 2/2/2 2619/2619/2619
f 1/1/1 2638/2638/2638 2618/2618/2618
f 1522/1522/1522 1520/1520/1520 14/14/14
f 2638/2638/2638 1519/1519/1519 1557/1557/1557
f 2638/2638/2638 1521/1521/1521 1523/1523/1523
f 1517/1517/1517 2638/2638/2638 1527/1527/1527
f 1522/1522/1522 14/14/14 1518/1518/1518
f 1521/1521/1521 2638/2638/2638 1525/1525/1525
f 1517/1517/1517 1525/1525/1525 2638/2638/2638
f 40/40/40 1452/1452/1452 101/101/101
f 2638/2638/2638 1515/1515/1515 1513/1513/1513
f 104/104/104 1452/1452/1452 90/90/90
f 2567/2567/2567 3297/3297/3297 3301/3301/3301
f 3348/3348/3348 3349/3349/3349 2567/2567/2567
f 3306/3306/3306 3307/3307/3307 2567/2567/2567
f 2567/2567/2567 3302/3302/3302 3299/3299/3299
f 99/99/99 1452/1452/1452 103/103/103
f 3306/3306/3306 2567/2567/2567 3308/3308/3308
f 1452/1452/1452 102/102/102 101/101/101
f 1452/1452/1452 40/40/40 39/39/39
f 1452/1452/1452 49/49/49 48/48/48
f 3298/3298/3298 2567/2567/2567 3300/3300/3300
f 3298/3298/3298 3305/3305/3305 2567/2567/2567
f 3294/3294/3294 3296/3296/3296 2638/2638/2638
f 1516/1516/1516 14/14/14 1524/1524/1524
f 1537/1537/1537 1535/1535/1535 2638/2638/2638
f 14/14/14 1536/1536/1536 1556/1556/1556
f 2638/2638/2638 1535/1535/1535 1551/1551/1551
f 14/14/14 1550/1550/1550 1534/1534/1534
f 2638/2638/2638 1545/1545/1545 1547/1547/1547
f 1550/1550/1550 14/14/14 1544/1544/1544
f 931/931/931 2638/2638/2638 3288/3288/3288
f 1549/1549/1549 2638/2638/2638 1553/1553/1553
f 1491/1491/1491 1490/1490/1490 14/14/14
f 2638/2638/2638 1543/1543/1543 1480/1480/1480
f 2638/2638/2638 1549/1549/1549 1543/1543/1543
f 1452/1452/1452 46/46/46 45/45/45
f 1537/1537/1537 2638/2638/2638 1557/1557/1557
f 48/48/48 41/41/41 1452/1452/1452
f 1536/1536/1536 14/14/14 1534/1534/1534
f 93/93/93 1452/1452/1452 96/96/96
f 14/14/14 3284/3284/3284 3287/3287/3287
f 1452/1452/1452 41/41/41 42/42/42
f 1556/1556/1556 1518/1518/1518 14/14/14
f 1558/1558/1558 1452/1452/1452 1559/1559/1559
f 1567/1567/1567 1452/1452/1452 1568/1568/1568
f 1452/1452/1452 1581/1581/1581 1583/1583/1583
f 1569/1569/1569 1080/1080/1080 1452/1452/1452
f 1574/1574/1574 1452/1452/1452 1076/1076/1076
f 1570/1570/1570 1452/1452/1452 1566/1566/1566
f 12/12/12 8/8/8 14/14/14
f 14/14/14 3295/3295/3295 3293/3293/3293
f 122/122/122 1572/1572/1572 1452/1452/1452
f 397/397/397 1452/1452/1452 1429/1429/1429
f 1073/1073/1073 933/933/933 1452/1452/1452
f 1457/1457/1457 1452/1452/1452 1050/1050/1050
f 1589/1589/1589 1241/1241/1241 1164/1164/1164
f 1596/1596/1596 1164/1164/1164 497/497/497
f 1164/1164/1164 1599/1599/1599 1597/1597/1597
f 1598/1598/1598 1164/1164/1164 1601/1601/1601
f 1261/1261/1261 1164/1164/1164 1595/1595/1595
f 59/59/59 1452/1452/1452 52/52/52
f 50/50/50 64/64/64 1452/1452/1452
f 60/60/60 51/51/51 1452/1452/1452
f 65/65/65 1452/1452/1452 66/66/66
f 57/57/57 1452/1452/1452 61/61/61
f 57/57/57 60/60/60 1452/1452/1452
f 52/52/52 1452/1452/1452 51/51/51
f 95/95/95 98/98/98 1452/1452/1452
f 63/63/63 61/61/61 1452/1452/1452
f 59/59/59 58/58/58 1452/1452/1452
f 50/50/50 1452/1452/1452 29/29/29
f 63/63/63 1452/1452/1452 65/65/65
f 66/66/66 1452/1452/1452 67/67/67
f 98/98/98 97/97/97 1452/1452/1452
f 85/85/85 1452/1452/1452 84/84/84
f 3283/3283/3283 2638/2638/2638 3282/3282/3282
f 1607/1607/1607 1605/1605/1605 1680/1680/1680
f 1614/1614/1614 1031/1031/1031 1612/1612/1612
f 1615/1615/1615 1613/1613/1613 1680/1680/1680
f 1031/1031/1031 1608/1608/1608 1612/1612/1612
f 1607/1607/1607 1680/1680/1680 1611/1611/1611
f 1680/1680/1680 1613/1613/1613 1609/1609/1609
f 1680/1680/1680 1617/1617/1617 1619/1619/1619
f 1680/1680/1680 1605/1605/1605 1631/1631/1631
f 1621/1621/1621 1617/1617/1617 1680/1680/1680
f 1616/1616/1616 1620/1620/1620 1031/1031/1031
f 1680/1680/1680 1633/1633/1633 1611/1611/1611
f 1680/1680/1680 1631/1631/1631 1615/1615/1615
f 1604/1604/1604 1031/1031/1031 1630/1630/1630
f 1630/1630/1630 1031/1031/1031 1614/1614/1614
f 1031/1031/1031 1604/1604/1604 1606/1606/1606
f 1637/1637/1637 1635/1635/1635 1680/1680/1680
f 1610/1610/1610 1031/1031/1031 1606/1606/1606
f 1680/1680/1680 1641/1641/1641 1639/1639/1639
f 1680/1680/1680 1639/1639/1639 1643/1643/1643
f 676/676/676 2764/2764/2764 2867/2867/2867
f 1452/1452/1452 76/76/76 79/79/79
f 1659/1659/1659 1680/1680/1680 1655/1655/1655
f 1663/1663/1663 2125/2125/2125 1665/1665/1665
f 2763/2763/2763 2852/2852/2852 1452/1452/1452
f 1659/1659/1659 1655/1655/1655 1662/1662/1662
f 1655/1655/1655 1680/1680/1680 1657/1657/1657
f 2756/2756/2756 2771/2771/2771 676/676/676
f 1074/1074/1074 1051/1051/1051 1452/1452/1452
f 676/676/676 1666/1666/1666 1649/1649/1649
f 1648/1648/1648 1665/1665/1665 2125/2125/2125
f 1661/1661/1661 1664/1664/1664 676/676/676
f 75/75/75 1452/1452/1452 79/79/79
f 1664/1664/1664 1666/1666/1666 676/676/676
f 1686/1686/1686 1690/1690/1690 1680/1680/1680
f 1689/1689/1689 1685/1685/1685 2125/2125/2125
f 2125/2125/2125 1685/1685/1685 1681/1681/1681
f 1682/1682/1682 1686/1686/1686 1680/1680/1680
f 1687/1687/1687 2125/2125/2125 1683/1683/1683
f 1695/1695/1695 2125/2125/2125 1693/1693/1693
f 1452/1452/1452 77/77/77 76/76/76
f 2125/2125/2125 1663/1663/1663 1660/1660/1660
f 1700/1700/1700 1680/1680/1680 1690/1690/1690
f 1689/1689/1689 2125/2125/2125 1699/1699/1699
f 2125/2125/2125 1701/1701/1701 1703/1703/1703
f 1706/1706/1706 1680/1680/1680 1659/1659/1659
f 1702/1702/1702 1708/1708/1708 1680/1680/1680
f 1699/1699/1699 2125/2125/2125 1703/1703/1703
f 1708/1708/1708 1710/1710/1710 1680/1680/1680
f 1709/1709/1709 1707/1707/1707 2125/2125/2125
f 1704/1704/1704 1680/1680/1680 1700/1700/1700
f 1711/1711/1711 1713/1713/1713 2125/2125/2125
f 1702/1702/1702 1680/1680/1680 1704/1704/1704
f 1701/1701/1701 2125/2125/2125 1707/1707/1707
f 1680/1680/1680 1706/1706/1706 1698/1698/1698
f 1680/1680/1680 1712/1712/1712 1657/1657/1657
f 1711/1711/1711 2125/2125/2125 1656/1656/1656
f 1714/1714/1714 1680/1680/1680 1710/1710/1710
f 1713/1713/1713 1709/1709/1709 2125/2125/2125
f 1658/1658/1658 676/676/676 1705/1705/1705
f 1712/1712/1712 1680/1680/1680 1714/1714/1714
f 676/676/676 1697/1697/1697 1705/1705/1705
f 1658/1658/1658 1661/1661/1661 676/676/676
f 1431/1431/1431 133/133/133 1452/1452/1452
f 942/942/942 1781/1781/1781 1723/1723/1723
f 1031/1031/1031 1780/1780/1780 941/941/941
f 69/69/69 1452/1452/1452 68/68/68
f 74/74/74 1452/1452/1452 73/73/73
f 7/7/7 2638/2638/2638 3296/3296/3296
f 1031/1031/1031 941/941/941 1746/1746/1746
f 1452/1452/1452 71/71/71 72/72/72
f 70/70/70 1452/1452/1452 69/69/69
f 1452/1452/1452 1437/1437/1437 1464/1464/1464
f 1452/1452/1452 932/932/932 138/138/138
f 1031/1031/1031 1937/1937/1937 1786/1786/1786
f 1723/1723/1723 1777/1777/1777 1773/1773/1773
f 1031/1031/1031 1746/1746/1746 945/945/945
f 1734/1734/1734 1031/1031/1031 823/823/823
f 132/132/132 1431/1431/1431 1452/1452/1452
f 2774/2774/2774 1052/1052/1052 676/676/676
f 1723/1723/1723 1779/1779/1779 1777/1777/1777
f 1723/1723/1723 1759/1759/1759 1797/1797/1797
f 1753/1753/1753 1751/1751/1751 1723/1723/1723
f 72/72/72 73/73/73 1452/1452/1452
f 70/70/70 71/71/71 1452/1452/1452
f 818/818/818 1723/1723/1723 838/838/838
f 1731/1731/1731 1723/1723/1723 2188/2188/2188
f 1773/1773/1773 838/838/838 1723/1723/1723
f 1798/1798/1798 1031/1031/1031 1742/1742/1742
f 75/75/75 68/68/68 1452/1452/1452
f 77/77/77 1452/1452/1452 78/78/78
f 129/129/129 1460/1460/1460 1452/1452/1452
f 1452/1452/1452 81/81/81 78/78/78
f 1757/1757/1757 1723/1723/1723 1755/1755/1755
f 80/80/80 81/81/81 1452/1452/1452
f 404/404/404 1453/1453/1453 1452/1452/1452
f 83/83/83 80/80/80 1452/1452/1452
f 1734/1734/1734 1721/1721/1721 1031/1031/1031
f 1452/1452/1452 82/82/82 83/83/83
f 82/82/82 1452/1452/1452 85/85/85
f 1743/1743/1743 1723/1723/1723 1799/1799/1799
f 1723/1723/1723 1747/1747/1747 942/942/942
f 1452/1452/1452 89/89/89 90/90/90
f 1723/1723/1723 818/818/818 1722/1722/1722
f 1072/1072/1072 132/132/132 1452/1452/1452
f 1571/1571/1571 1452/1452/1452 124/124/124
f 1452/1452/1452 74/74/74 88/88/88
f 1723/1723/1723 1938/1938/1938 946/946/946
f 1794/1794/1794 1031/1031/1031 1786/1786/1786
f 1723/1723/1723 1795/1795/1795 1787/1787/1787
f 91/91/91 84/84/84 1452/1452/1452
f 1735/1735/1735 825/825/825 1723/1723/1723
f 1776/1776/1776 1778/1778/1778 1031/1031/1031
f 89/89/89 1452/1452/1452 87/87/87
f 1571/1571/1571 122/122/122 1452/1452/1452
f 1452/1452/1452 104/104/104 103/103/103
f 1031/1031/1031 1772/1772/1772 1776/1776/1776
f 1781/1781/1781 1779/1779/1779 1723/1723/1723
f 86/86/86 87/87/87 1452/1452/1452
f 86/86/86 1452/1452/1452 88/88/88
f 2767/2767/2767 1452/1452/1452 2944/2944/2944
f 1723/1723/1723 946/946/946 1747/1747/1747
f 94/94/94 91/91/91 1452/1452/1452
f 1889/1889/1889 1723/1723/1723 825/825/825
f 92/92/92 1452/1452/1452 93/93/93
f 1452/1452/1452 92/92/92 94/94/94
f 1452/1452/1452 5/5/5 62/62/62
f 1721/1721/1721 817/817/817 1031/1031/1031
f 2773/2773/2773 1452/1452/1452 1051/1051/1051
f 2567/2567/2567 1767/1767/1767 1749/1749/1749
f 1031/1031/1031 1730/1730/1730 2187/2187/2187
f 1723/1723/1723 1751/1751/1751 2453/2453/2453
f 1031/1031/1031 1897/1897/1897 1742/1742/1742
f 62/62/62 95/95/95 1452/1452/1452
f 97/97/97 96/96/96 1452/1452/1452
f 676/676/676 2771/2771/2771 2766/2766/2766
f 100/100/100 1452/1452/1452 99/99/99
f 102/102/102 1452/1452/1452 100/100/100
f 1723/1723/1723 1762/1762/1762 1744/1744/1744
f 837/837/837 1772/1772/1772 1031/1031/1031
f 837/837/837 1031/1031/1031 817/817/817
f 14/14/14 10/10/10 3276/3276/3276
f 3280/3280/3280 3281/3281/3281 14/14/14
f 14/14/14 3281/3281/3281 3279/3279/3279
f 1680/1680/1680 1801/1801/1801 1803/1803/1803
f 2567/2567/2567 3333/3333/3333 388/388/388
f 3314/3314/3314 2567/2567/2567 3322/3322/3322
f 386/386/386 3317/3317/3317 3315/3315/3315
f 2918/2918/2918 2567/2567/2567 2631/2631/2631
f 3333/3333/3333 2567/2567/2567 3331/3331/3331
f 2638/2638/2638 3334/3334/3334 2915/2915/2915
f 387/387/387 2638/2638/2638 3/3/3
f 3323/3323/3323 2638/2638/2638 3324/3324/3324
f 3316/3316/3316 385/385/385 2638/2638/2638
f 3/3/3 2638/2638/2638 3319/3319/3319
f 1819/1819/1819 1680/1680/1680 1803/1803/1803
f 387/387/387 3332/3332/3332 2638/2638/2638
f 1826/1826/1826 1835/1835/1835 1807/1807/1807
f 1844/1844/1844 1835/1835/1835 1826/1826/1826
f 1841/1841/1841 1680/1680/1680 1839/1839/1839
f 1837/1837/1837 1680/1680/1680 1823/1823/1823
f 1680/1680/1680 1837/1837/1837 1839/1839/1839
f 1836/1836/1836 1031/1031/1031 1838/1838/1838
f 1820/1820/1820 1807/1807/1807 1835/1835/1835
f 1844/1844/1844 1826/1826/1826 1842/1842/1842
f 1629/1629/1629 1680/1680/1680 1841/1841/1841
f 1827/1827/1827 1833/1833/1833 1821/1821/1821
f 1807/1807/1807 1830/1830/1830 1832/1832/1832
f 1832/1832/1832 1826/1826/1826 1807/1807/1807
f 1827/1827/1827 1821/1821/1821 1843/1843/1843
f 1844/1844/1844 1846/1846/1846 1848/1848/1848
f 1819/1819/1819 1834/1834/1834 1680/1680/1680
f 1825/1825/1825 1835/1835/1835 1844/1844/1844
f 1824/1824/1824 1680/1680/1680 1834/1834/1834
f 1846/1846/1846 1844/1844/1844 1853/1853/1853
f 1927/1927/1927 1856/1856/1856 1858/1858/1858
f 1853/1853/1853 1844/1844/1844 1842/1842/1842
f 1858/1858/1858 1859/1859/1859 1927/1927/1927
f 1680/1680/1680 1857/1857/1857 1855/1855/1855
f 1845/1845/1845 1861/1861/1861 1680/1680/1680
f 1865/1865/1865 1862/1862/1862 1863/1863/1863
f 1821/1821/1821 1860/1860/1860 1864/1864/1864
f 1865/1865/1865 1858/1858/1858 1862/1862/1862
f 1859/1859/1859 1865/1865/1865 1863/1863/1863
f 1857/1857/1857 1680/1680/1680 1861/1861/1861
f 1846/1846/1846 1853/1853/1853 1862/1862/1862
f 1865/1865/1865 1859/1859/1859 1858/1858/1858
f 1854/1854/1854 1821/1821/1821 1864/1864/1864
f 1821/1821/1821 1854/1854/1854 1843/1843/1843
f 1862/1862/1862 1853/1853/1853 1863/1863/1863
f 1845/1845/1845 1680/1680/1680 1847/1847/1847
f 1848/1848/1848 1825/1825/1825 1844/1844/1844
f 1847/1847/1847 1680/1680/1680 1824/1824/1824
f 1820/1820/1820 1804/1804/1804 1807/1807/1807
f 1869/1869/1869 1875/1875/1875 1821/1821/1821
f 1876/1876/1876 1878/1878/1878 1882/1882/1882
f 1891/1891/1891 1680/1680/1680 1893/1893/1893
f 1031/1031/1031 1890/1890/1890 1892/1892/1892
f 1883/1883/1883 1881/1881/1881 1895/1895/1895
f 1877/1877/1877 1821/1821/1821 1880/1880/1880
f 1899/1899/1899 1031/1031/1031 1828/1828/1828
f 1680/1680/1680 1876/1876/1876 1882/1882/1882
f 1899/1899/1899 1890/1890/1890 1031/1031/1031
f 1902/1902/1902 1821/1821/1821 1877/1877/1877
f 1891/1891/1891 1900/1900/1900 1680/1680/1680
f 1900/1900/1900 1829/1829/1829 1680/1680/1680
f 1909/1909/1909 1905/1905/1905 1907/1907/1907
f 1680/1680/1680 1914/1914/1914 1917/1917/1917
f 1903/1903/1903 1908/1908/1908 1922/1922/1922
f 1927/1927/1927 1922/1922/1922 1908/1908/1908
f 1924/1924/1924 1860/1860/1860 1821/1821/1821
f 1821/1821/1821 1919/1919/1919 1907/1907/1907
f 1922/1922/1922 1859/1859/1859 1923/1923/1923
f 1923/1923/1923 1904/1904/1904 1922/1922/1922
f 1927/1927/1927 1859/1859/1859 1922/1922/1922
f 1821/1821/1821 1921/1921/1921 1919/1919/1919
f 1905/1905/1905 1924/1924/1924 1821/1821/1821
f 1916/1916/1916 1915/1915/1915 1927/1927/1927
f 1916/1916/1916 1927/1927/1927 1929/1929/1929
f 1821/1821/1821 1907/1907/1907 1905/1905/1905
f 1680/1680/1680 1917/1917/1917 1928/1928/1928
f 1932/1932/1932 1921/1921/1921 1821/1821/1821
f 2632/2632/2632 2634/2634/2634 2638/2638/2638
f 3276/3276/3276 3284/3284/3284 14/14/14
f 1915/1915/1915 1934/1934/1934 1927/1927/1927
f 1933/1933/1933 1914/1914/1914 1680/1680/1680
f 1856/1856/1856 1927/1927/1927 1934/1934/1934
f 1933/1933/1933 1680/1680/1680 1855/1855/1855
f 1901/1901/1901 1876/1876/1876 1680/1680/1680
f 1939/1939/1939 1901/1901/1901 1680/1680/1680
f 1941/1941/1941 1942/1942/1942 1930/1930/1930
f 1927/1927/1927 1930/1930/1930 1942/1942/1942
f 1928/1928/1928 1942/1942/1942 1680/1680/1680
f 1943/1943/1943 1941/1941/1941 1931/1931/1931
f 1821/1821/1821 1944/1944/1944 1932/1932/1932
f 1920/1920/1920 1930/1930/1930 1927/1927/1927
f 1927/1927/1927 1942/1942/1942 1929/1929/1929
f 300/300/300 14/14/14 3274/3274/3274
f 1918/1918/1918 1920/1920/1920 1927/1927/1927
f 1927/1927/1927 1906/1906/1906 1918/1918/1918
f 1906/1906/1906 1927/1927/1927 1908/1908/1908
f 1941/1941/1941 1680/1680/1680 1942/1942/1942
f 1680/1680/1680 1943/1943/1943 1939/1939/1939
f 1940/1940/1940 1821/1821/1821 1902/1902/1902
f 1680/1680/1680 1941/1941/1941 1943/1943/1943
f 1944/1944/1944 1821/1821/1821 1940/1940/1940
f 301/301/301 2638/2638/2638 13/13/13
f 8/8/8 10/10/10 14/14/14
f 3271/3271/3271 14/14/14 15/15/15
f 1950/1950/1950 676/676/676 1951/1951/1951
f 15/15/15 14/14/14 3273/3273/3273
f 156/156/156 146/146/146 2361/2361/2361
f 2638/2638/2638 301/301/301 3275/3275/3275
f 3275/3275/3275 3272/3272/3272 2638/2638/2638
f 9/9/9 2638/2638/2638 11/11/11
f 14/14/14 300/300/300 12/12/12
f 14/14/14 3271/3271/3271 3274/3274/3274
f 3269/3269/3269 3267/3267/3267 2638/2638/2638
f 3269/3269/3269 2638/2638/2638 3270/3270/3270
f 9/9/9 13/13/13 2638/2638/2638
f 158/158/158 2361/2361/2361 160/160/160
f 2638/2638/2638 3267/3267/3267 3268/3268/3268
f 143/143/143 120/120/120 2361/2361/2361
f 148/148/148 142/142/142 418/418/418
f 418/418/418 150/150/150 148/148/148
f 2361/2361/2361 149/149/149 143/143/143
f 3329/3329/3329 3328/3328/3328 2638/2638/2638
f 3285/3285/3285 931/931/931 3288/3288/3288
f 2638/2638/2638 3286/3286/3286 3277/3277/3277
f 3277/3277/3277 11/11/11 2638/2638/2638
f 3282/3282/3282 2638/2638/2638 3268/3268/3268
f 126/126/126 411/411/411 418/418/418
f 125/125/125 141/141/141 2361/2361/2361
f 126/126/126 418/418/418 142/142/142
f 131/131/131 128/128/128 2361/2361/2361
f 125/125/125 2361/2361/2361 410/410/410
f 410/410/410 2361/2361/2361 468/468/468
f 2638/2638/2638 1477/1477/1477 3294/3294/3294
f 1546/1546/1546 14/14/14 1552/1552/1552
f 2638/2638/2638 1551/1551/1551 1545/1545/1545
f 2638/2638/2638 7/7/7 3290/3290/3290
f 3291/3291/3291 3289/3289/3289 14/14/14
f 3288/3288/3288 2638/2638/2638 3292/3292/3292
f 411/411/411 469/469/469 418/418/418
f 2361/2361/2361 140/140/140 160/160/160
f 141/141/141 147/147/147 2361/2361/2361
f 154/154/154 156/156/156 2361/2361/2361
f 2361/2361/2361 147/147/147 149/149/149
f 168/168/168 170/170/170 2361/2361/2361
f 1164/1164/1164 1237/1237/1237 1258/1258/1258
f 1599/1599/1599 1164/1164/1164 1598/1598/1598
f 1164/1164/1164 1600/1600/1600 1601/1601/1601
f 1261/1261/1261 1600/1600/1600 1164/1164/1164
f 1244/1244/1244 1246/1246/1246 1243/1243/1243
f 1242/1242/1242 1243/1243/1243 1246/1246/1246
f 1595/1595/1595 1164/1164/1164 1594/1594/1594
f 1241/1241/1241 1589/1589/1589 1592/1592/1592
f 1594/1594/1594 1164/1164/1164 1596/1596/1596
f 1164/1164/1164 1241/1241/1241 1235/1235/1235
f 1246/1246/1246 1234/1234/1234 1240/1240/1240
f 1247/1247/1247 1255/1255/1255 1246/1246/1246
f 1218/1218/1218 1246/1246/1246 1220/1220/1220
f 2005/2005/2005 1031/1031/1031 2007/2007/2007
f 1238/1238/1238 1247/1247/1247 1246/1246/1246
f 2008/2008/2008 2159/2159/2159 2006/2006/2006
f 2009/2009/2009 1031/1031/1031 2005/2005/2005
f 1239/1239/1239 1164/1164/1164 1248/1248/1248
f 1031/1031/1031 2030/2030/2030 2003/2003/2003
f 1031/1031/1031 2003/2003/2003 1995/1995/1995
f 2006/2006/2006 2159/2159/2159 2010/2010/2010
f 2260/2260/2260 1045/1045/1045 1246/1246/1246
f 1164/1164/1164 1250/1250/1250 1252/1252/1252
f 2237/2237/2237 2241/2241/2241 14/14/14
f 3279/3279/3279 3278/3278/3278 14/14/14
f 2261/2261/2261 1246/1246/1246 2266/2266/2266
f 2030/2030/2030 1031/1031/1031 2028/2028/2028
f 2021/2021/2021 2159/2159/2159 2027/2027/2027
f 2024/2024/2024 2036/2036/2036 1031/1031/1031
f 2025/2025/2025 2159/2159/2159 2037/2037/2037
f 2159/2159/2159 2029/2029/2029 2039/2039/2039
f 2029/2029/2029 2159/2159/2159 2031/2031/2031
f 2159/2159/2159 2004/2004/2004 2031/2031/2031
f 2638/2638/2638 931/931/931 3286/3286/3286
f 2159/2159/2159 1996/1996/1996 2004/2004/2004
f 2638/2638/2638 3290/3290/3290 3292/3292/3292
f 1256/1256/1256 1164/1164/1164 1254/1254/1254
f 1473/1473/1473 1471/1471/1471 14/14/14
f 2057/2057/2057 2038/2038/2038 1031/1031/1031
f 1031/1031/1031 2055/2055/2055 2057/2057/2057
f 2159/2159/2159 2039/2039/2039 2058/2058/2058
f 1246/1246/1246 1591/1591/1591 1590/1590/1590
f 676/676/676 2066/2066/2066 2064/2064/2064
f 676/676/676 2074/2074/2074 2066/2066/2066
f 3291/3291/3291 14/14/14 3287/3287/3287
f 676/676/676 2064/2064/2064 2062/2062/2062
f 6/6/6 14/14/14 3289/3289/3289
f 1478/1478/1478 1473/1473/1473 14/14/14
f 2159/2159/2159 2071/2071/2071 2073/2073/2073
f 1248/1248/1248 1164/1164/1164 1256/1256/1256
f 2070/2070/2070 2074/2074/2074 676/676/676
f 175/175/175 1452/1452/1452 177/177/177
f 1246/1246/1246 1240/1240/1240 1591/1591/1591
f 2361/2361/2361 176/176/176 178/178/178
f 2072/2072/2072 2070/2070/2070 676/676/676
f 1463/1463/1463 404/404/404 1452/1452/1452
f 1246/1246/1246 1253/1253/1253 1251/1251/1251
f 1246/1246/1246 1249/1249/1249 1257/1257/1257
f 1588/1588/1588 1452/1452/1452 1459/1459/1459
f 1254/1254/1254 1164/1164/1164 1252/1252/1252
f 2024/2024/2024 1031/1031/1031 2012/2012/2012
f 676/676/676 2077/2077/2077 2079/2079/2079
f 1582/1582/1582 1452/1452/1452 1458/1458/1458
f 1575/1575/1575 1432/1432/1432 1452/1452/1452
f 1433/1433/1433 1435/1435/1435 1452/1452/1452
f 1246/1246/1246 1244/1244/1244 1245/1245/1245
f 1435/1435/1435 1050/1050/1050 1452/1452/1452
f 2768/2768/2768 2945/2945/2945 676/676/676
f 1468/1468/1468 1452/1452/1452 751/751/751
f 197/197/197 193/193/193 2361/2361/2361
f 2262/2262/2262 1246/1246/1246 1245/1245/1245
f 1233/1233/1233 1164/1164/1164 1239/1239/1239
f 1255/1255/1255 1253/1253/1253 1246/1246/1246
f 1246/1246/1246 1590/1590/1590 1593/1593/1593
f 1246/1246/1246 1251/1251/1251 1249/1249/1249
f 1242/1242/1242 1246/1246/1246 1593/1593/1593
f 1246/1246/1246 1257/1257/1257 1236/1236/1236
f 1452/1452/1452 1464/1464/1464 1459/1459/1459
f 405/405/405 403/403/403 1452/1452/1452
f 2080/2080/2080 2084/2084/2084 1031/1031/1031
f 1468/1468/1468 1439/1439/1439 1452/1452/1452
f 1235/1235/1235 1237/1237/1237 1164/1164/1164
f 2092/2092/2092 2094/2094/2094 2125/2125/2125
f 1232/1232/1232 1238/1238/1238 1246/1246/1246
f 1031/1031/1031 2014/2014/2014 2007/2007/2007
f 2087/2087/2087 2077/2077/2077 676/676/676
f 676/676/676 2103/2103/2103 2112/2112/2112
f 2111/2111/2111 1031/1031/1031 2086/2086/2086
f 2361/2361/2361 188/188/188 186/186/186
f 2361/2361/2361 182/182/182 188/188/188
f 2361/2361/2361 192/192/192 182/182/182
f 2085/2085/2085 2081/2081/2081 676/676/676
f 2774/2774/2774 676/676/676 2865/2865/2865
f 2862/2862/2862 1452/1452/1452 2864/2864/2864
f 2111/2111/2111 2102/2102/2102 1031/1031/1031
f 192/192/192 2361/2361/2361 195/195/195
f 190/190/190 1164/1164/1164 196/196/196
f 2361/2361/2361 189/189/189 195/195/195
f 193/193/193 189/189/189 2361/2361/2361
f 1164/1164/1164 190/190/190 194/194/194
f 2102/2102/2102 2080/2080/2080 1031/1031/1031
f 2087/2087/2087 676/676/676 2112/2112/2112
f 1164/1164/1164 191/191/191 196/196/196
f 676/676/676 2081/2081/2081 2103/2103/2103
f 194/194/194 198/198/198 1164/1164/1164
f 2126/2126/2126 1974/1974/1974 2125/2125/2125
f 1974/1974/1974 1968/1968/1968 2125/2125/2125
f 2159/2159/2159 2025/2025/2025 2013/2013/2013
f 1164/1164/1164 236/236/236 238/238/238
f 1164/1164/1164 1597/1597/1597 1589/1589/1589
f 1164/1164/1164 1258/1258/1258 1250/1250/1250
f 1259/1259/1259 1232/1232/1232 1246/1246/1246
f 1228/1228/1228 1230/1230/1230 1246/1246/1246
f 1260/1260/1260 1164/1164/1164 1233/1233/1233
f 1164/1164/1164 235/235/235 236/236/236
f 1226/1226/1226 1228/1228/1228 1246/1246/1246
f 1164/1164/1164 1229/1229/1229 1227/1227/1227
f 1231/1231/1231 1164/1164/1164 1260/1260/1260
f 1230/1230/1230 1259/1259/1259 1246/1246/1246
f 1218/1218/1218 1226/1226/1226 1246/1246/1246
f 1164/1164/1164 1221/1221/1221 1223/1223/1223
f 1164/1164/1164 1227/1227/1227 1219/1219/1219
f 1164/1164/1164 1219/1219/1219 1221/1221/1221
f 2351/2351/2351 1224/1224/1224 1246/1246/1246
f 1164/1164/1164 1223/1223/1223 1225/1225/1225
f 1164/1164/1164 1231/1231/1231 1229/1229/1229
f 1236/1236/1236 1234/1234/1234 1246/1246/1246
f 222/222/222 220/220/220 1452/1452/1452
f 212/212/212 1452/1452/1452 210/210/210
f 226/226/226 1452/1452/1452 212/212/212
f 1452/1452/1452 47/47/47 213/213/213
f 1452/1452/1452 213/213/213 214/214/214
f 1164/1164/1164 218/218/218 217/217/217
f 1164/1164/1164 234/234/234 227/227/227
f 216/216/216 219/219/219 1164/1164/1164
f 217/217/217 216/216/216 1164/1164/1164
f 233/233/233 242/242/242 1164/1164/1164
f 218/218/218 1164/1164/1164 227/227/227
f 283/283/283 233/233/233 1164/1164/1164
f 1164/1164/1164 240/240/240 221/221/221
f 284/284/284 1452/1452/1452 226/226/226
f 224/224/224 222/222/222 1452/1452/1452
f 231/231/231 1164/1164/1164 228/228/228
f 1164/1164/1164 230/230/230 228/228/228
f 223/223/223 1164/1164/1164 221/221/221
f 1164/1164/1164 225/225/225 230/230/230
f 282/282/282 1452/1452/1452 232/232/232
f 1452/1452/1452 243/243/243 241/241/241
f 1164/1164/1164 231/231/231 234/234/234
f 211/211/211 210/210/210 1452/1452/1452
f 1452/1452/1452 215/215/215 211/211/211
f 209/209/209 235/235/235 1164/1164/1164
f 219/219/219 209/209/209 1164/1164/1164
f 232/232/232 1452/1452/1452 241/241/241
f 255/255/255 1164/1164/1164 237/237/237
f 239/239/239 1452/1452/1452 220/220/220
f 243/243/243 1452/1452/1452 239/239/239
f 1164/1164/1164 262/262/262 248/248/248
f 248/248/248 247/247/247 1164/1164/1164
f 1164/1164/1164 258/258/258 260/260/260
f 252/252/252 1164/1164/1164 253/253/253
f 262/262/262 1164/1164/1164 265/265/265
f 246/246/246 245/245/245 1164/1164/1164
f 1164/1164/1164 264/264/264 263/263/263
f 1164/1164/1164 252/252/252 513/513/513
f 1164/1164/1164 249/249/249 253/253/253
f 251/251/251 1164/1164/1164 250/250/250
f 250/250/250 1164/1164/1164 254/254/254
f 1164/1164/1164 251/251/251 249/249/249
f 1164/1164/1164 260/260/260 261/261/261
f 237/237/237 1164/1164/1164 238/238/238
f 246/246/246 1164/1164/1164 247/247/247
f 1164/1164/1164 256/256/256 258/258/258
f 255/255/255 256/256/256 1164/1164/1164
f 265/265/265 1164/1164/1164 263/263/263
f 257/257/257 259/259/259 1164/1164/1164
f 1164/1164/1164 261/261/261 257/257/257
f 245/245/245 254/254/254 1164/1164/1164
f 264/264/264 1164/1164/1164 259/259/259
f 2017/2017/2017 2159/2159/2159 2019/2019/2019
f 2015/2015/2015 2083/2083/2083 2159/2159/2159
f 2351/2351/2351 1246/1246/1246 2339/2339/2339
f 1224/1224/1224 1222/1222/1222 1220/1220/1220
f 1224/1224/1224 1220/1220/1220 1246/1246/1246
f 2150/2150/2150 2159/2159/2159 2148/2148/2148
f 2163/2163/2163 2160/2160/2160 2156/2156/2156
f 2158/2158/2158 2156/2156/2156 2160/2160/2160
f 2159/2159/2159 2158/2158/2158 2160/2160/2160
f 2159/2159/2159 2147/2147/2147 2158/2158/2158
f 2161/2161/2161 2148/2148/2148 2159/2159/2159
f 2164/2164/2164 2162/2162/2162 2155/2155/2155
f 2146/2146/2146 2159/2159/2159 2166/2166/2166
f 2147/2147/2147 2164/2164/2164 2157/2157/2157
f 2149/2149/2149 2162/2162/2162 2164/2164/2164
f 2164/2164/2164 2155/2155/2155 2157/2157/2157
f 2159/2159/2159 2160/2160/2160 2161/2161/2161
f 2167/2167/2167 2082/2082/2082 1031/1031/1031
f 2172/2172/2172 2164/2164/2164 2091/2091/2091
f 2159/2159/2159 2150/2150/2150 2166/2166/2166
f 1164/1164/1164 244/244/244 240/240/240
f 284/284/284 229/229/229 1452/1452/1452
f 225/225/225 1164/1164/1164 223/223/223
f 1164/1164/1164 242/242/242 244/244/244
f 229/229/229 224/224/224 1452/1452/1452
f 283/283/283 1164/1164/1164 281/281/281
f 1452/1452/1452 280/280/280 278/278/278
f 281/281/281 1164/1164/1164 279/279/279
f 308/308/308 1452/1452/1452 314/314/314
f 2361/2361/2361 340/340/340 318/318/318
f 319/319/319 320/320/320 316/316/316
f 2361/2361/2361 321/321/321 342/342/342
f 319/319/319 341/341/341 320/320/320
f 2361/2361/2361 337/337/337 325/325/325
f 329/329/329 335/335/335 2361/2361/2361
f 337/337/337 2361/2361/2361 335/335/335
f 345/345/345 340/340/340 2361/2361/2361
f 345/345/345 2361/2361/2361 342/342/342
f 1164/1164/1164 1094/1094/1094 1096/1096/1096
f 2755/2755/2755 1452/1452/1452 2770/2770/2770
f 1565/1565/1565 1452/1452/1452 1564/1564/1564
f 1077/1077/1077 1452/1452/1452 1079/1079/1079
f 1569/1569/1569 1452/1452/1452 1570/1570/1570
f 1560/1560/1560 1562/1562/1562 1452/1452/1452
f 1452/1452/1452 1562/1562/1562 1563/1563/1563
f 1452/1452/1452 1434/1434/1434 1559/1559/1559
f 1452/1452/1452 1080/1080/1080 1079/1079/1079
f 1564/1564/1564 1452/1452/1452 1563/1563/1563
f 1574/1574/1574 1568/1568/1568 1452/1452/1452
f 1076/1076/1076 1452/1452/1452 1078/1078/1078
f 2879/2879/2879 676/676/676 2942/2942/2942
f 2870/2870/2870 407/407/407 1452/1452/1452
f 1984/1984/1984 1019/1019/1019 676/676/676
f 1457/1457/1457 1458/1458/1458 1452/1452/1452
f 1052/1052/1052 1075/1075/1075 676/676/676
f 1560/1560/1560 1452/1452/1452 1558/1558/1558
f 1452/1452/1452 2773/2773/2773 2864/2864/2864
f 980/980/980 978/978/978 676/676/676
f 985/985/985 971/971/971 969/969/969
f 972/972/972 985/985/985 970/970/970
f 975/975/975 985/985/985 969/969/969
f 985/985/985 976/976/976 970/970/970
f 974/974/974 985/985/985 984/984/984
f 973/973/973 983/983/983 985/985/985
f 977/977/977 979/979/979 985/985/985
f 984/984/984 985/985/985 968/968/968
f 983/983/983 967/967/967 985/985/985
f 966/966/966 985/985/985 963/963/963
f 966/966/966 976/976/976 985/985/985
f 975/975/975 965/965/965 985/985/985
f 985/985/985 981/981/981 959/959/959
f 985/985/985 979/979/979 963/963/963
f 980/980/980 676/676/676 964/964/964
f 958/958/958 985/985/985 954/954/954
f 958/958/958 955/955/955 985/985/985
f 954/954/954 985/985/985 953/953/953
f 985/985/985 955/955/955 952/952/952
f 957/957/957 951/951/951 985/985/985
f 952/952/952 949/949/949 985/985/985
f 971/971/971 985/985/985 949/949/949
f 964/964/964 676/676/676 940/940/940
f 934/934/934 938/938/938 985/985/985
f 934/934/934 985/985/985 965/965/965
f 985/985/985 929/929/929 927/927/927
f 935/935/935 966/966/966 963/963/963
f 676/676/676 926/926/926 940/940/940
f 939/939/939 935/935/935 963/963/963
f 938/938/938 925/925/925 985/985/985
f 943/943/943 985/985/985 925/925/925
f 676/676/676 920/920/920 918/918/918
f 985/985/985 914/914/914 929/929/929
f 2861/2861/2861 2942/2942/2942 676/676/676
f 1582/1582/1582 751/751/751 1452/1452/1452
f 911/911/911 985/985/985 974/974/974
f 1452/1452/1452 1572/1572/1572 1430/1430/1430
f 438/438/438 418/418/418 442/442/442
f 437/437/437 441/441/441 1164/1164/1164
f 911/911/911 908/908/908 985/985/985
f 443/443/443 1164/1164/1164 441/441/441
f 431/431/431 1164/1164/1164 443/443/443
f 919/919/919 985/985/985 917/917/917
f 985/985/985 898/898/898 896/896/896
f 956/956/956 897/897/897 951/951/951
f 985/985/985 951/951/951 897/897/897
f 985/985/985 897/897/897 899/899/899
f 896/896/896 957/957/957 985/985/985
f 899/899/899 891/891/891 985/985/985
f 985/985/985 890/890/890 898/898/898
f 889/889/889 1031/1031/1031 887/887/887
f 448/448/448 418/418/418 471/471/471
f 432/432/432 444/444/444 418/418/418
f 1031/1031/1031 889/889/889 960/960/960
f 444/444/444 442/442/442 418/418/418
f 418/418/418 448/448/448 446/446/446
f 1164/1164/1164 470/470/470 463/463/463
f 468/468/468 2361/2361/2361 461/461/461
f 418/418/418 469/469/469 462/462/462
f 464/464/464 471/471/471 418/418/418
f 885/885/885 928/928/928 792/792/792
f 930/930/930 916/916/916 792/792/792
f 792/792/792 874/874/874 885/885/885
f 930/930/930 792/792/792 928/928/928
f 927/927/927 883/883/883 985/985/985
f 916/916/916 903/903/903 792/792/792
f 985/985/985 950/950/950 953/953/953
f 950/950/950 985/985/985 972/972/972
f 866/866/866 864/864/864 1031/1031/1031
f 985/985/985 863/863/863 865/865/865
f 985/985/985 943/943/943 860/860/860
f 1164/1164/1164 486/486/486 485/485/485
f 485/485/485 489/489/489 1164/1164/1164
f 1164/1164/1164 484/484/484 486/486/486
f 985/985/985 832/832/832 828/828/828
f 1164/1164/1164 489/489/489 487/487/487
f 985/985/985 936/936/936 947/947/947
f 510/510/510 1164/1164/1164 511/511/511
f 985/985/985 828/828/828 936/936/936
f 493/493/493 1164/1164/1164 495/495/495
f 492/492/492 488/488/488 1164/1164/1164
f 487/487/487 492/492/492 1164/1164/1164
f 831/831/831 985/985/985 947/947/947
f 959/959/959 888/888/888 886/886/886
f 886/886/886 985/985/985 959/959/959
f 985/985/985 910/910/910 973/973/973
f 814/814/814 816/816/816 676/676/676
f 985/985/985 815/815/815 813/813/813
f 985/985/985 909/909/909 910/910/910
f 968/968/968 985/985/985 831/831/831
f 967/967/967 830/830/830 985/985/985
f 491/491/491 1164/1164/1164 493/493/493
f 494/494/494 1164/1164/1164 549/549/549
f 1164/1164/1164 494/494/494 495/495/495
f 985/985/985 908/908/908 890/890/890
f 985/985/985 813/813/813 805/805/805
f 909/909/909 985/985/985 891/891/891
f 985/985/985 803/803/803 906/906/906
f 802/802/802 676/676/676 804/804/804
f 802/802/802 806/806/806 676/676/676
f 490/490/490 484/484/484 1164/1164/1164
f 985/985/985 805/805/805 801/801/801
f 985/985/985 801/801/801 803/803/803
f 796/796/796 792/792/792 800/800/800
f 491/491/491 490/490/490 1164/1164/1164
f 793/793/793 676/676/676 1000/1000/1000
f 792/792/792 794/794/794 1001/1001/1001
f 792/792/792 796/796/796 794/794/794
f 676/676/676 793/793/793 795/795/795
f 2860/2860/2860 1074/1074/1074 1452/1452/1452
f 499/499/499 1164/1164/1164 500/500/500
f 790/790/790 1008/1008/1008 676/676/676
f 2765/2765/2765 1452/1452/1452 2862/2862/2862
f 502/502/502 496/496/496 1164/1164/1164
f 1164/1164/1164 505/505/505 504/504/504
f 497/497/497 1164/1164/1164 498/498/498
f 496/496/496 503/503/503 1164/1164/1164
f 1164/1164/1164 499/499/499 498/498/498
f 501/501/501 500/500/500 1164/1164/1164
f 503/503/503 501/501/501 1164/1164/1164
f 502/502/502 1164/1164/1164 504/504/504
f 505/505/505 1164/1164/1164 506/506/506
f 767/767/767 676/676/676 781/781/781
f 676/676/676 767/767/767 787/787/787
f 1164/1164/1164 510/510/510 512/512/512
f 760/760/760 762/762/762 676/676/676
f 1164/1164/1164 507/507/507 506/506/506
f 512/512/512 507/507/507 1164/1164/1164
f 511/511/511 1164/1164/1164 488/488/488
f 513/513/513 514/514/514 1164/1164/1164
f 766/766/766 780/780/780 1031/1031/1031
f 529/529/529 1164/1164/1164 514/514/514
f 521/521/521 1164/1164/1164 522/522/522
f 521/521/521 519/519/519 1164/1164/1164
f 1164/1164/1164 535/535/535 534/534/534
f 1164/1164/1164 516/516/516 536/536/536
f 524/524/524 515/515/515 1164/1164/1164
f 517/517/517 516/516/516 1164/1164/1164
f 1164/1164/1164 520/520/520 523/523/523
f 533/533/533 532/532/532 1164/1164/1164
f 1164/1164/1164 536/536/536 531/531/531
f 518/518/518 517/517/517 1164/1164/1164
f 533/533/533 1164/1164/1164 530/530/530
f 531/531/531 524/524/524 1164/1164/1164
f 926/926/926 676/676/676 944/944/944
f 527/527/527 535/535/535 1164/1164/1164
f 1164/1164/1164 523/523/523 522/522/522
f 750/750/750 676/676/676 753/753/753
f 1031/1031/1031 743/743/743 749/749/749
f 743/743/743 1031/1031/1031 739/739/739
f 1031/1031/1031 745/745/745 739/739/739
f 676/676/676 738/738/738 736/736/736
f 676/676/676 746/746/746 738/738/738
f 1581/1581/1581 1452/1452/1452 138/138/138
f 944/944/944 676/676/676 862/862/862
f 747/747/747 1031/1031/1031 733/733/733
f 676/676/676 750/750/750 744/744/744
f 1031/1031/1031 731/731/731 733/733/733
f 731/731/731 1031/1031/1031 752/752/752
f 676/676/676 734/734/734 732/732/732
f 744/744/744 740/740/740 676/676/676
f 734/734/734 676/676/676 748/748/748
f 746/746/746 676/676/676 740/740/740
f 732/732/732 753/753/753 676/676/676
f 1164/1164/1164 519/519/519 518/518/518
f 676/676/676 769/769/769 748/748/748
f 528/528/528 527/527/527 1164/1164/1164
f 532/532/532 528/528/528 1164/1164/1164
f 2878/2878/2878 2941/2941/2941 1452/1452/1452
f 530/530/530 1164/1164/1164 529/529/529
f 520/520/520 1164/1164/1164 534/534/534
f 548/548/548 1164/1164/1164 547/547/547
f 544/544/544 1164/1164/1164 537/537/537
f 1452/1452/1452 2755/2755/2755 2797/2797/2797
f 398/398/398 1452/1452/1452 123/123/123
f 2254/2254/2254 14/14/14 2264/2264/2264
f 700/700/700 1031/1031/1031 701/701/701
f 14/14/14 2263/2263/2263 2255/2255/2255
f 2234/2234/2234 1246/1246/1246 2236/2236/2236
f 14/14/14 2265/2265/2265 2263/2263/2263
f 2243/2243/2243 14/14/14 2245/2245/2245
f 2244/2244/2244 14/14/14 2243/2243/2243
f 2236/2236/2236 1246/1246/1246 2240/2240/2240
f 14/14/14 2235/2235/2235 2239/2239/2239
f 2240/2240/2240 1246/1246/1246 2238/2238/2238
f 2239/2239/2239 2237/2237/2237 14/14/14
f 2250/2250/2250 14/14/14 2251/2251/2251
f 1046/1046/1046 2256/2256/2256 14/14/14
f 1047/1047/1047 2242/2242/2242 1246/1246/1246
f 542/542/542 1164/1164/1164 515/515/515
f 1044/1044/1044 14/14/14 2256/2256/2256
f 406/406/406 1452/1452/1452 403/403/403
f 1044/1044/1044 2258/2258/2258 14/14/14
f 1045/1045/1045 2257/2257/2257 1246/1246/1246
f 2261/2261/2261 2260/2260/2260 1246/1246/1246
f 1044/1044/1044 2259/2259/2259 2258/2258/2258
f 2247/2247/2247 2245/2245/2245 14/14/14
f 2248/2248/2248 2246/2246/2246 14/14/14
f 14/14/14 2246/2246/2246 2247/2247/2247
f 1047/1047/1047 1246/1246/1246 2257/2257/2257
f 2265/2265/2265 14/14/14 2244/2244/2244
f 2241/2241/2241 1046/1046/1046 14/14/14
f 2238/2238/2238 1246/1246/1246 2242/2242/2242
f 14/14/14 2249/2249/2249 2248/2248/2248
f 2253/2253/2253 14/14/14 2258/2258/2258
f 14/14/14 2233/2233/2233 2235/2235/2235
f 1452/1452/1452 2876/2876/2876 2944/2944/2944
f 886/886/886 695/695/695 985/985/985
f 2266/2266/2266 1246/1246/1246 2262/2262/2262
f 1453/1453/1453 409/409/409 1452/1452/1452
f 2264/2264/2264 14/14/14 2255/2255/2255
f 14/14/14 1417/1417/1417 1418/1418/1418
f 1164/1164/1164 548/548/548 537/537/537
f 1164/1164/1164 543/543/543 541/541/541
f 540/540/540 539/539/539 1164/1164/1164
f 542/542/542 543/543/543 1164/1164/1164
f 546/546/546 1164/1164/1164 544/544/544
f 2189/2189/2189 1463/1463/1463 1452/1452/1452
f 545/545/545 1164/1164/1164 546/546/546
f 551/551/551 1164/1164/1164 538/538/538
f 1164/1164/1164 545/545/545 549/549/549
f 1452/1452/1452 407/407/407 2878/2878/2878
f 540/540/540 1164/1164/1164 541/541/541
f 1164/1164/1164 539/539/539 538/538/538
f 550/550/550 547/547/547 1164/1164/1164
f 1164/1164/1164 551/551/551 550/550/550
f 1031/1031/1031 573/573/573 552/552/552
f 676/676/676 408/408/408 2871/2871/2871
f 1439/1439/1439 1438/1438/1438 1452/1452/1452
f 676/676/676 2871/2871/2871 2768/2768/2768
f 1072/1072/1072 1452/1452/1452 1438/1438/1438
f 676/676/676 675/675/675 674/674/674
f 673/673/673 676/676/676 671/671/671
f 669/669/669 668/668/668 676/676/676
f 1075/1075/1075 2861/2861/2861 676/676/676
f 1797/1797/1797 1799/1799/1799 1723/1723/1723
f 2453/2453/2453 2186/2186/2186 1723/1723/1723
f 1723/1723/1723 846/846/846 1883/1883/1883
f 1888/1888/1888 824/824/824 1680/1680/1680
f 1743/1743/1743 1898/1898/1898 1723/1723/1723
f 1897/1897/1897 1031/1031/1031 1794/1794/1794
f 2517/2517/2517 2531/2531/2531 1031/1031/1031
f 1031/1031/1031 2183/2183/2183 2533/2533/2533
f 1680/1680/1680 824/824/824 1893/1893/1893
f 1723/1723/1723 1898/1898/1898 1795/1795/1795
f 3351/3351/3351 3342/3342/3342 3340/3340/3340
f 1723/1723/1723 1889/1889/1889 846/846/846
f 1892/1892/1892 823/823/823 1031/1031/1031
f 845/845/845 1680/1680/1680 1882/1882/1882
f 1895/1895/1895 1723/1723/1723 1883/1883/1883
f 1723/1723/1723 1787/1787/1787 1938/1938/1938
f 1735/1735/1735 1723/1723/1723 1722/1722/1722
f 1937/1937/1937 1031/1031/1031 945/945/945
f 1031/1031/1031 1778/1778/1778 1780/1780/1780
f 845/845/845 1888/1888/1888 1680/1680/1680
f 2567/2567/2567 3347/3347/3347 3350/3350/3350
f 1031/1031/1031 2531/2531/2531 3359/3359/3359
f 1031/1031/1031 2537/2537/2537 881/881/881
f 1031/1031/1031 3351/3351/3351 3340/3340/3340
f 1452/1452/1452 2866/2866/2866 2763/2763/2763
f 1164/1164/1164 1225/1225/1225 2352/2352/2352
f 2860/2860/2860 1452/1452/1452 2941/2941/2941
f 634/634/634 629/629/629 676/676/676
f 2638/2638/2638 1/1/1 2628/2628/2628
f 2633/2633/2633 2629/2629/2629 2567/2567/2567
f 2644/2644/2644 2637/2637/2637 2567/2567/2567
f 2648/2648/2648 2646/2646/2646 2567/2567/2567
f 2627/2627/2627 2635/2635/2635 2567/2567/2567
f 3300/3300/3300 2567/2567/2567 3338/3338/3338
f 2567/2567/2567 2637/2637/2637 2627/2627/2627
f 2638/2638/2638 2626/2626/2626 2636/2636/2636
f 2638/2638/2638 2628/2628/2628 2632/2632/2632
f 2567/2567/2567 2619/2619/2619 2621/2621/2621
f 2629/2629/2629 2/2/2 2567/2567/2567
f 2643/2643/2643 2638/2638/2638 2636/2636/2636
f 2623/2623/2623 2567/2567/2567 2621/2621/2621
f 2620/2620/2620 2618/2618/2618 2638/2638/2638
f 2567/2567/2567 2623/2623/2623 2625/2625/2625
f 2626/2626/2626 2638/2638/2638 2634/2634/2634
f 2567/2567/2567 2916/2916/2916 3335/3335/3335
f 2766/2766/2766 2863/2863/2863 676/676/676
f 2917/2917/2917 2630/2630/2630 2638/2638/2638
f 2567/2567/2567 2635/2635/2635 2633/2633/2633
f 2567/2567/2567 4/4/4 3320/3320/3320
f 2646/2646/2646 2644/2644/2644 2567/2567/2567
f 2645/2645/2645 2638/2638/2638 2643/2643/2643
f 2945/2945/2945 2877/2877/2877 676/676/676
f 2639/2639/2639 2638/2638/2638 2647/2647/2647
f 2640/2640/2640 2648/2648/2648 2567/2567/2567
f 1357/1357/1357 2388/2388/2388 2390/2390/2390
f 2368/2368/2368 1164/1164/1164 2366/2366/2366
f 2366/2366/2366 1164/1164/1164 2362/2362/2362
f 2630/2630/2630 2624/2624/2624 2638/2638/2638
f 2361/2361/2361 2367/2367/2367 2363/2363/2363
f 2367/2367/2367 2361/2361/2361 2369/2369/2369
f 2225/2225/2225 2743/2743/2743 2227/2227/2227
f 2743/2743/2743 2675/2675/2675 2673/2673/2673
f 2743/2743/2743 2683/2683/2683 2695/2695/2695
f 2743/2743/2743 2827/2827/2827 2683/2683/2683
f 2842/2842/2842 2827/2827/2827 2743/2743/2743
f 1821/1821/1821 2684/2684/2684 2828/2828/2828
f 2329/2329/2329 2332/2332/2332 1357/1357/1357
f 2487/2487/2487 2638/2638/2638 2551/2551/2551
f 2638/2638/2638 2487/2487/2487 2489/2489/2489
f 1821/1821/1821 2468/2468/2468 2478/2478/2478
f 2475/2475/2475 2638/2638/2638 2489/2489/2489
f 2325/2325/2325 2327/2327/2327 1164/1164/1164
f 2488/2488/2488 1821/1821/1821 2490/2490/2490
f 1821/1821/1821 2476/2476/2476 2490/2490/2490
f 2483/2483/2483 2638/2638/2638 2481/2481/2481
f 2673/2673/2673 2747/2747/2747 2743/2743/2743
f 2558/2558/2558 1821/1821/1821 2552/2552/2552
f 2552/2552/2552 1821/1821/1821 2488/2488/2488
f 2319/2319/2319 2322/2322/2322 2328/2328/2328
f 2331/2331/2331 2328/2328/2328 1246/1246/1246
f 2329/2329/2329 1357/1357/1357 2320/2320/2320
f 2320/2320/2320 1357/1357/1357 2317/2317/2317
f 2321/2321/2321 1164/1164/1164 2323/2323/2323
f 2324/2324/2324 1246/1246/1246 2326/2326/2326
f 2327/2327/2327 2323/2323/2323 1164/1164/1164
f 2322/2322/2322 1246/1246/1246 2328/2328/2328
f 1246/1246/1246 2322/2322/2322 2326/2326/2326
f 2315/2315/2315 14/14/14 2313/2313/2313
f 2312/2312/2312 2310/2310/2310 1357/1357/1357
f 2307/2307/2307 14/14/14 2305/2305/2305
f 2308/2308/2308 1357/1357/1357 2310/2310/2310
f 14/14/14 2307/2307/2307 2309/2309/2309
f 2689/2689/2689 2691/2691/2691 676/676/676
f 2700/2700/2700 2692/2692/2692 2690/2690/2690
f 2316/2316/2316 2314/2314/2314 1357/1357/1357
f 2311/2311/2311 2313/2313/2313 14/14/14
f 2701/2701/2701 2743/2743/2743 2697/2697/2697
f 2743/2743/2743 2693/2693/2693 2729/2729/2729
f 2743/2743/2743 2695/2695/2695 2693/2693/2693
f 2702/2702/2702 2700/2700/2700 2720/2720/2720
f 2312/2312/2312 1357/1357/1357 2314/2314/2314
f 2714/2714/2714 2720/2720/2720 2700/2700/2700
f 2743/2743/2743 2823/2823/2823 2821/2821/2821
f 2567/2567/2567 2492/2492/2492 2528/2528/2528
f 1723/1723/1723 2505/2505/2505 2509/2509/2509
f 2449/2449/2449 2179/2179/2179 1031/1031/1031
f 1723/1723/1723 2511/2511/2511 2530/2530/2530
f 1723/1723/1723 2495/2495/2495 2511/2511/2511
f 2318/2318/2318 2294/2294/2294 1164/1164/1164
f 1357/1357/1357 2291/2291/2291 2289/2289/2289
f 1357/1357/1357 2289/2289/2289 2293/2293/2293
f 1164/1164/1164 2294/2294/2294 2290/2290/2290
f 2321/2321/2321 2318/2318/2318 1164/1164/1164
f 1031/1031/1031 2175/2175/2175 2502/2502/2502
f 1164/1164/1164 2290/2290/2290 2292/2292/2292
f 2291/2291/2291 1357/1357/1357 2295/2295/2295
f 1031/1031/1031 2519/2519/2519 2523/2523/2523
f 2293/2293/2293 2317/2317/2317 1357/1357/1357
f 1723/1723/1723 2520/2520/2520 2536/2536/2536
f 1357/1357/1357 2287/2287/2287 2295/2295/2295
f 2567/2567/2567 2528/2528/2528 2180/2180/2180
f 1723/1723/1723 2536/2536/2536 2534/2534/2534
f 1723/1723/1723 2566/2566/2566 2178/2178/2178
f 2296/2296/2296 1164/1164/1164 2292/2292/2292
f 1723/1723/1723 2178/2178/2178 2526/2526/2526
f 1031/1031/1031 2523/2523/2523 2521/2521/2521
f 2499/2499/2499 2188/2188/2188 1723/1723/1723
f 2176/2176/2176 1723/1723/1723 2493/2493/2493
f 1723/1723/1723 2186/2186/2186 2566/2566/2566
f 2550/2550/2550 2567/2567/2567 2548/2548/2548
f 2557/2557/2557 2638/2638/2638 2555/2555/2555
f 2557/2557/2557 2551/2551/2551 2638/2638/2638
f 2638/2638/2638 2559/2559/2559 2555/2555/2555
f 2560/2560/2560 1821/1821/1821 2556/2556/2556
f 2638/2638/2638 2561/2561/2561 2559/2559/2559
f 2558/2558/2558 2556/2556/2556 1821/1821/1821
f 2286/2286/2286 1164/1164/1164 2288/2288/2288
f 2564/2564/2564 2581/2581/2581 1821/1821/1821
f 1357/1357/1357 2285/2285/2285 2287/2287/2287
f 2597/2597/2597 2590/2590/2590 676/676/676
f 2283/2283/2283 2285/2285/2285 1357/1357/1357
f 2493/2493/2493 1723/1723/1723 2516/2516/2516
f 2281/2281/2281 2283/2283/2283 1357/1357/1357
f 2286/2286/2286 2284/2284/2284 1164/1164/1164
f 2202/2202/2202 1821/1821/1821 2222/2222/2222
f 1164/1164/1164 2284/2284/2284 2282/2282/2282
f 1821/1821/1821 2200/2200/2200 2222/2222/2222
f 2221/2221/2221 2638/2638/2638 2201/2201/2201
f 2585/2585/2585 1821/1821/1821 2202/2202/2202
f 14/14/14 2299/2299/2299 2303/2303/2303
f 2585/2585/2585 2583/2583/2583 1821/1821/1821
f 2584/2584/2584 2201/2201/2201 2638/2638/2638
f 2797/2797/2797 2939/2939/2939 1452/1452/1452
f 676/676/676 2798/2798/2798 2756/2756/2756
f 2744/2744/2744 2743/2743/2743 2713/2713/2713
f 2743/2743/2743 2717/2717/2717 2707/2707/2707
f 2710/2710/2710 2708/2708/2708 2700/2700/2700
f 2743/2743/2743 2707/2707/2707 2709/2709/2709
f 2718/2718/2718 2700/2700/2700 2708/2708/2708
f 2743/2743/2743 2709/2709/2709 2223/2223/2223
f 2700/2700/2700 2224/2224/2224 2710/2710/2710
f 2746/2746/2746 2700/2700/2700 2716/2716/2716
f 2712/2712/2712 2716/2716/2716 2700/2700/2700
f 2282/2282/2282 2278/2278/2278 1164/1164/1164
f 2277/2277/2277 1357/1357/1357 2275/2275/2275
f 2277/2277/2277 2281/2281/2281 1357/1357/1357
f 1357/1357/1357 2273/2273/2273 2275/2275/2275
f 2271/2271/2271 2273/2273/2273 1357/1357/1357
f 2712/2712/2712 2700/2700/2700 2726/2726/2726
f 2272/2272/2272 2270/2270/2270 1164/1164/1164
f 2269/2269/2269 2271/2271/2271 1357/1357/1357
f 2253/2253/2253 2252/2252/2252 14/14/14
f 14/14/14 2252/2252/2252 2251/2251/2251
f 2249/2249/2249 14/14/14 2250/2250/2250
f 2947/2947/2947 1452/1452/1452 2854/2854/2854
f 2743/2743/2743 2805/2805/2805 2831/2831/2831
f 2829/2829/2829 2805/2805/2805 2743/2743/2743
f 2204/2204/2204 2210/2210/2210 1821/1821/1821
f 2218/2218/2218 2845/2845/2845 1821/1821/1821
f 2216/2216/2216 2220/2220/2220 1821/1821/1821
f 2217/2217/2217 2219/2219/2219 676/676/676
f 2218/2218/2218 1821/1821/1821 2220/2220/2220
f 1821/1821/1821 2214/2214/2214 2216/2216/2216
f 2212/2212/2212 1821/1821/1821 2455/2455/2455
f 1821/1821/1821 2839/2839/2839 2837/2837/2837
f 2821/2821/2821 2829/2829/2829 2743/2743/2743
f 1821/1821/1821 2834/2834/2834 2832/2832/2832
f 2830/2830/2830 1821/1821/1821 2806/2806/2806
f 2832/2832/2832 2806/2806/2806 1821/1821/1821
f 2230/2230/2230 2224/2224/2224 2700/2700/2700
f 1352/1352/1352 1347/1347/1347 1164/1164/1164
f 1346/1346/1346 1351/1351/1351 1357/1357/1357
f 2743/2743/2743 2229/2229/2229 2227/2227/2227
f 2814/2814/2814 2808/2808/2808 1821/1821/1821
f 2700/2700/2700 2228/2228/2228 2230/2230/2230
f 2229/2229/2229 2743/2743/2743 2223/2223/2223
f 2700/2700/2700 2226/2226/2226 2228/2228/2228
f 2825/2825/2825 2743/2743/2743 2456/2456/2456
f 2743/2743/2743 2460/2460/2460 2456/2456/2456
f 2812/2812/2812 1821/1821/1821 2810/2810/2810
f 2457/2457/2457 1821/1821/1821 2826/2826/2826
f 2743/2743/2743 2825/2825/2825 2823/2823/2823
f 1321/1321/1321 1323/1323/1323 1357/1357/1357
f 1320/1320/1320 1452/1452/1452 1322/1322/1322
f 1357/1357/1357 1323/1323/1323 1325/1325/1325
f 1357/1357/1357 1317/1317/1317 1321/1321/1321
f 1316/1316/1316 1452/1452/1452 1320/1320/1320
f 1314/1314/1314 1308/1308/1308 1452/1452/1452
f 1357/1357/1357 1311/1311/1311 1313/1313/1313
f 1315/1315/1315 1357/1357/1357 1309/1309/1309
f 1309/1309/1309 1357/1357/1357 1313/1313/1313
f 1314/1314/1314 1452/1452/1452 1316/1316/1316
f 1357/1357/1357 1315/1315/1315 1317/1317/1317
f 1310/1310/1310 1300/1300/1300 1452/1452/1452
f 1357/1357/1357 1301/1301/1301 1311/1311/1311
f 1452/1452/1452 2873/2873/2873 2779/2779/2779
f 2816/2816/2816 2814/2814/2814 1821/1821/1821
f 3034/3034/3034 3048/3048/3048 2902/2902/2902
f 3048/3048/3048 3052/3052/3052 2902/2902/2902
f 2902/2902/2902 3036/3036/3036 3032/3032/3032
f 3032/3032/3032 3030/3030/3030 2902/2902/2902
f 3031/3031/3031 3035/3035/3035 2743/2743/2743
f 2743/2743/2743 3029/3029/3029 3031/3031/3031
f 3036/3036/3036 2902/2902/2902 3038/3038/3038
f 2743/2743/2743 3027/3027/3027 3029/3029/3029
f 3035/3035/3035 3037/3037/3037 2743/2743/2743
f 3024/3024/3024 2902/2902/2902 3026/3026/3026
f 1821/1821/1821 2822/2822/2822 2824/2824/2824
f 2822/2822/2822 1821/1821/1821 2830/2830/2830
f 3024/3024/3024 3034/3034/3034 2902/2902/2902
f 2826/2826/2826 1821/1821/1821 2824/2824/2824
f 3023/3023/3023 3184/3184/3184 3033/3033/3033
f 3028/3028/3028 2902/2902/2902 3030/3030/3030
f 1078/1078/1078 1452/1452/1452 1077/1077/1077
f 3019/3019/3019 3021/3021/3021 3184/3184/3184
f 2743/2743/2743 3010/3010/3010 3014/3014/3014
f 3184/3184/3184 3047/3047/3047 3033/3033/3033
f 3026/3026/3026 2902/2902/2902 3013/3013/3013
f 3184/3184/3184 3025/3025/3025 3012/3012/3012
f 3015/3015/3015 3011/3011/3011 3184/3184/3184
f 3027/3027/3027 2743/2743/2743 3014/3014/3014
f 3184/3184/3184 3012/3012/3012 3017/3017/3017
f 3018/3018/3018 3013/3013/3013 2902/2902/2902
f 3008/3008/3008 3015/3015/3015 3184/3184/3184
f 3006/3006/3006 3010/3010/3010 2743/2743/2743
f 2743/2743/2743 3002/3002/3002 3006/3006/3006
f 3184/3184/3184 3011/3011/3011 3007/3007/3007
f 1164/1164/1164 1084/1084/1084 1082/1082/1082
f 1109/1109/1109 1087/1087/1087 1085/1085/1085
f 1088/1088/1088 1092/1092/1092 1164/1164/1164
f 1083/1083/1083 1109/1109/1109 1081/1081/1081
f 3184/3184/3184 3023/3023/3023 3025/3025/3025
f 3009/3009/3009 2999/2999/2999 2902/2902/2902
f 2998/2998/2998 3008/3008/3008 3184/3184/3184
f 1092/1092/1092 1094/1094/1094 1164/1164/1164
f 2999/2999/2999 3018/3018/3018 2902/2902/2902
f 1087/1087/1087 1109/1109/1109 1091/1091/1091
f 1097/1097/1097 1081/1081/1081 1109/1109/1109
f 1109/1109/1109 1093/1093/1093 1091/1091/1091
f 1109/1109/1109 1085/1085/1085 1089/1089/1089
f 1086/1086/1086 1088/1088/1088 1164/1164/1164
f 3028/3028/3028 3016/3016/3016 2902/2902/2902
f 2843/2843/2843 1821/1821/1821 2828/2828/2828
f 2834/2834/2834 1821/1821/1821 2841/2841/2841
f 1090/1090/1090 1086/1086/1086 1164/1164/1164
f 1821/1821/1821 2843/2843/2843 2841/2841/2841
f 1299/1299/1299 1357/1357/1357 1305/1305/1305
f 1305/1305/1305 1357/1357/1357 1307/1307/1307
f 1297/1297/1297 1301/1301/1301 1357/1357/1357
f 1357/1357/1357 1299/1299/1299 1297/1297/1297
f 3007/3007/3007 3003/3003/3003 3184/3184/3184
f 1300/1300/1300 1296/1296/1296 1452/1452/1452
f 2726/2726/2726 2700/2700/2700 2724/2724/2724
f 3017/3017/3017 2998/2998/2998 3184/3184/3184
f 3009/3009/3009 2902/2902/2902 3016/3016/3016
f 3184/3184/3184 3003/3003/3003 2796/2796/2796
f 2800/2800/2800 3184/3184/3184 2796/2796/2796
f 2799/2799/2799 2795/2795/2795 2743/2743/2743
f 3002/3002/3002 2743/2743/2743 2795/2795/2795
f 2700/2700/2700 3005/3005/3005 3001/3001/3001
f 3184/3184/3184 2996/2996/2996 3019/3019/3019
f 2176/2176/2176 2493/2493/2493 2515/2515/2515
f 2174/2174/2174 2516/2516/2516 1723/1723/1723
f 1031/1031/1031 2521/2521/2521 2529/2529/2529
f 2520/2520/2520 1723/1723/1723 2524/2524/2524
f 1031/1031/1031 2529/2529/2529 2510/2510/2510
f 2799/2799/2799 2743/2743/2743 2801/2801/2801
f 2802/2802/2802 3184/3184/3184 2800/2800/2800
f 1723/1723/1723 2184/2184/2184 2499/2499/2499
f 2743/2743/2743 2711/2711/2711 2725/2725/2725
f 2722/2722/2722 2724/2724/2724 2700/2700/2700
f 1104/1104/1104 1164/1164/1164 1111/1111/1111
f 1083/1083/1083 1103/1103/1103 1109/1109/1109
f 2743/2743/2743 2715/2715/2715 2711/2711/2711
f 3004/3004/3004 3184/3184/3184 3000/3000/3000
f 2516/2516/2516 2174/2174/2174 2503/2503/2503
f 2700/2700/2700 2586/2586/2586 2714/2714/2714
f 2713/2713/2713 2743/2743/2743 2719/2719/2719
f 2743/2743/2743 2744/2744/2744 2715/2715/2715
f 2717/2717/2717 2743/2743/2743 2731/2731/2731
f 2997/2997/2997 3005/3005/3005 2700/2700/2700
f 2700/2700/2700 3020/3020/3020 2997/2997/2997
f 2728/2728/2728 2722/2722/2722 2700/2700/2700
f 2732/2732/2732 2728/2728/2728 2700/2700/2700
f 2731/2731/2731 2743/2743/2743 2727/2727/2727
f 2743/2743/2743 2815/2815/2815 2460/2460/2460
f 3184/3184/3184 3120/3120/3120 3000/3000/3000
f 2461/2461/2461 1821/1821/1821 2457/2457/2457
f 2815/2815/2815 2743/2743/2743 2813/2813/2813
f 2700/2700/2700 3001/3001/3001 3121/3121/3121
f 2732/2732/2732 2700/2700/2700 2718/2718/2718
f 2461/2461/2461 2816/2816/2816 1821/1821/1821
f 2727/2727/2727 2743/2743/2743 2721/2721/2721
f 2743/2743/2743 2723/2723/2723 2721/2721/2721
f 2743/2743/2743 2725/2725/2725 2723/2723/2723
f 2813/2813/2813 2743/2743/2743 2807/2807/2807
f 2361/2361/2361 1119/1119/1119 1121/1121/1121
f 2361/2361/2361 2432/2432/2432 1119/1119/1119
f 2361/2361/2361 1127/1127/1127 1129/1129/1129
f 1031/1031/1031 2502/2502/2502 2449/2449/2449
f 2840/2840/2840 2743/2743/2743 2833/2833/2833
f 1127/1127/1127 2361/2361/2361 1123/1123/1123
f 2361/2361/2361 1128/1128/1128 1124/1124/1124
f 2808/2808/2808 2818/2818/2818 1821/1821/1821
f 1129/1129/1129 1131/1131/1131 2361/2361/2361
f 2743/2743/2743 2831/2831/2831 2833/2833/2833
f 2840/2840/2840 2842/2842/2842 2743/2743/2743
f 2807/2807/2807 2743/2743/2743 2817/2817/2817
f 1821/1821/1821 2818/2818/2818 2810/2810/2810
f 1128/1128/1128 2361/2361/2361 1130/1130/1130
f 2817/2817/2817 2743/2743/2743 2809/2809/2809
f 2811/2811/2811 2809/2809/2809 2743/2743/2743
f 1147/1147/1147 2361/2361/2361 1150/1150/1150
f 1131/1131/1131 1130/1130/1130 2361/2361/2361
f 2812/2812/2812 2734/2734/2734 1821/1821/1821
f 1151/1151/1151 1149/1149/1149 2361/2361/2361
f 1151/1151/1151 2361/2361/2361 1147/1147/1147
f 2820/2820/2820 1821/1821/1821 2734/2734/2734
f 2361/2361/2361 1170/1170/1170 1172/1172/1172
f 1172/1172/1172 1168/1168/1168 2361/2361/2361
f 1174/1174/1174 2361/2361/2361 1176/1176/1176
f 1173/1173/1173 1109/1109/1109 1169/1169/1169
f 2361/2361/2361 1174/1174/1174 1170/1170/1170
f 1171/1171/1171 1169/1169/1169 1109/1109/1109
f 1167/1167/1167 1171/1171/1171 1109/1109/1109
f 1181/1181/1181 1109/1109/1109 1175/1175/1175
f 2733/2733/2733 2743/2743/2743 2819/2819/2819
f 2811/2811/2811 2743/2743/2743 2733/2733/2733
f 2738/2738/2738 1821/1821/1821 2736/2736/2736
f 2820/2820/2820 2736/2736/2736 1821/1821/1821
f 2361/2361/2361 1182/1182/1182 1176/1176/1176
f 2819/2819/2819 2743/2743/2743 2735/2735/2735
f 1182/1182/1182 2361/2361/2361 1188/1188/1188
f 1175/1175/1175 1109/1109/1109 1173/1173/1173
f 1187/1187/1187 1193/1193/1193 1109/1109/1109
f 1181/1181/1181 1187/1187/1187 1109/1109/1109
f 1188/1188/1188 2361/2361/2361 1197/1197/1197
f 2990/2990/2990 2743/2743/2743 2988/2988/2988
f 1188/1188/1188 1197/1197/1197 1194/1194/1194
f 2361/2361/2361 1205/1205/1205 1197/1197/1197
f 2738/2738/2738 2740/2740/2740 1821/1821/1821
f 2743/2743/2743 2737/2737/2737 2735/2735/2735
f 2802/2802/2802 2991/2991/2991 3184/3184/3184
f 2740/2740/2740 2742/2742/2742 1821/1821/1821
f 2743/2743/2743 2739/2739/2739 2737/2737/2737
f 2739/2739/2739 2743/2743/2743 2741/2741/2741
f 2989/2989/2989 3184/3184/3184 2991/2991/2991
f 1214/1214/1214 1109/1109/1109 1216/1216/1216
f 2742/2742/2742 2754/2754/2754 1821/1821/1821
f 2743/2743/2743 2753/2753/2753 2741/2741/2741
f 2986/2986/2986 2988/2988/2988 2743/2743/2743
f 2987/2987/2987 3184/3184/3184 2989/2989/2989
f 2801/2801/2801 2743/2743/2743 2990/2990/2990
f 2987/2987/2987 2985/2985/2985 3184/3184/3184
f 2986/2986/2986 2743/2743/2743 2984/2984/2984
f 2983/2983/2983 3184/3184/3184 2985/2985/2985
f 2984/2984/2984 2743/2743/2743 2982/2982/2982
f 3184/3184/3184 2983/2983/2983 2981/2981/2981
f 2450/2450/2450 2173/2173/2173 2567/2567/2567
f 2980/2980/2980 2982/2982/2982 2743/2743/2743
f 2743/2743/2743 3089/3089/3089 2980/2980/2980
f 3184/3184/3184 2981/2981/2981 3090/3090/3090
f 3184/3184/3184 3004/3004/3004 2996/2996/2996
f 2451/2451/2451 2503/2503/2503 2174/2174/2174
f 2522/2522/2522 1723/1723/1723 2530/2530/2530
f 2175/2175/2175 2514/2514/2514 2502/2502/2502
f 2180/2180/2180 2450/2450/2450 2567/2567/2567
f 2522/2522/2522 2524/2524/2524 1723/1723/1723
f 2534/2534/2534 2184/2184/2184 1723/1723/1723
f 2975/2975/2975 2973/2973/2973 3184/3184/3184
f 2700/2700/2700 3022/3022/3022 3020/3020/3020
f 2700/2700/2700 2974/2974/2974 2976/2976/2976
f 2966/2966/2966 3184/3184/3184 2964/2964/2964
f 3022/3022/3022 2700/2700/2700 2976/2976/2976
f 2700/2700/2700 2965/2965/2965 2974/2974/2974
f 2975/2975/2975 3184/3184/3184 3021/3021/3021
f 2967/2967/2967 2965/2965/2965 2700/2700/2700
f 2973/2973/2973 2964/2964/2964 3184/3184/3184
f 2961/2961/2961 2955/2955/2955 2953/2953/2953
f 2953/2953/2953 2955/2955/2955 1452/1452/1452
f 2969/2969/2969 2967/2967/2967 2700/2700/2700
f 3184/3184/3184 2963/2963/2963 2954/2954/2954
f 3184/3184/3184 2966/2966/2966 2971/2971/2971
f 2972/2972/2972 2967/2967/2967 2969/2969/2969
f 2904/2904/2904 3184/3184/3184 3235/3235/3235
f 3251/3251/3251 3253/3253/3253 1357/1357/1357
f 2909/2909/2909 2907/2907/2907 2902/2902/2902
f 2910/2910/2910 2638/2638/2638 2908/2908/2908
f 2917/2917/2917 2638/2638/2638 2915/2915/2915
f 1357/1357/1357 1267/1267/1267 1275/1275/1275
f 2902/2902/2902 2935/2935/2935 2937/2937/2937
f 2933/2933/2933 2902/2902/2902 2937/2937/2937
f 1284/1284/1284 1357/1357/1357 1282/1282/1282
f 1287/1287/1287 2638/2638/2638 1289/1289/1289
f 2746/2746/2746 2586/2586/2586 2700/2700/2700
f 1821/1821/1821 2754/2754/2754 2752/2752/2752
f 2752/2752/2752 2750/2750/2750 1821/1821/1821
f 2751/2751/2751 2743/2743/2743 2749/2749/2749
f 2743/2743/2743 2747/2747/2747 2749/2749/2749
f 2225/2225/2225 2231/2231/2231 2743/2743/2743
f 2232/2232/2232 2226/2226/2226 2700/2700/2700
f 3100/3100/3100 2232/2232/2232 2700/2700/2700
f 2743/2743/2743 3099/3099/3099 3101/3101/3101
f 3099/3099/3099 2743/2743/2743 2231/2231/2231
f 2753/2753/2753 2743/2743/2743 2751/2751/2751
f 2465/2465/2465 2463/2463/2463 1357/1357/1357
f 3236/3236/3236 1357/1357/1357 3234/3234/3234
f 2700/2700/2700 3119/3119/3119 3117/3117/3117
f 2700/2700/2700 3121/3121/3121 3119/3119/3119
f 3120/3120/3120 3184/3184/3184 3118/3118/3118
f 3115/3115/3115 2700/2700/2700 3117/3117/3117
f 3118/3118/3118 3184/3184/3184 3116/3116/3116
f 3112/3112/3112 3114/3114/3114 3184/3184/3184
f 3110/3110/3110 3184/3184/3184 3108/3108/3108
f 2700/2700/2700 3109/3109/3109 3107/3107/3107
f 3184/3184/3184 3104/3104/3104 3108/3108/3108
f 3102/3102/3102 3100/3100/3100 2700/2700/2700
f 3098/3098/3098 2700/2700/2700 3113/3113/3113
f 3096/3096/3096 3107/3107/3107 3109/3109/3109
f 3114/3114/3114 3116/3116/3116 3184/3184/3184
f 2700/2700/2700 3098/3098/3098 3111/3111/3111
f 3106/3106/3106 2743/2743/2743 3101/3101/3101
f 3102/3102/3102 2700/2700/2700 3107/3107/3107
f 2700/2700/2700 3115/3115/3115 3113/3113/3113
f 3109/3109/3109 2700/2700/2700 3111/3111/3111
f 3097/3097/3097 3112/3112/3112 3184/3184/3184
f 3184/3184/3184 3110/3110/3110 3097/3097/3097
f 2743/2743/2743 3106/3106/3106 3095/3095/3095
f 3081/3081/3081 2743/2743/2743 3103/3103/3103
f 3184/3184/3184 3078/3078/3078 3082/3082/3082
f 3095/3095/3095 3103/3103/3103 2743/2743/2743
f 3184/3184/3184 3082/3082/3082 3104/3104/3104
f 3096/3096/3096 3109/3109/3109 3105/3105/3105
f 2743/2743/2743 3075/3075/3075 3083/3083/3083
f 2902/2902/2902 3076/3076/3076 3074/3074/3074
f 2743/2743/2743 3077/3077/3077 3089/3089/3089
f 3067/3067/3067 3071/3071/3071 3184/3184/3184
f 3172/3172/3172 3067/3067/3067 3184/3184/3184
f 3077/3077/3077 2743/2743/2743 3081/3081/3081
f 2902/2902/2902 3070/3070/3070 3072/3072/3072
f 3184/3184/3184 3071/3071/3071 3069/3069/3069
f 2902/2902/2902 3072/3072/3072 3068/3068/3068
f 3065/3065/3065 3184/3184/3184 3069/3069/3069
f 2902/2902/2902 3066/3066/3066 3070/3070/3070
f 3184/3184/3184 3065/3065/3065 3063/3063/3063
f 3061/3061/3061 3184/3184/3184 3063/3063/3063
f 3090/3090/3090 3078/3078/3078 3184/3184/3184
f 2902/2902/2902 3064/3064/3064 3066/3066/3066
f 2902/2902/2902 3062/3062/3062 3064/3064/3064
f 2902/2902/2902 3058/3058/3058 3060/3060/3060
f 3059/3059/3059 3184/3184/3184 3061/3061/3061
f 3060/3060/3060 3062/3062/3062 2902/2902/2902
f 3068/3068/3068 3173/3173/3173 2902/2902/2902
f 2902/2902/2902 3056/3056/3056 3058/3058/3058
f 3055/3055/3055 3184/3184/3184 3057/3057/3057
f 3053/3053/3053 3184/3184/3184 3055/3055/3055
f 3184/3184/3184 3053/3053/3053 3049/3049/3049
f 3057/3057/3057 3184/3184/3184 3059/3059/3059
f 3054/3054/3054 3056/3056/3056 2902/2902/2902
f 3162/3162/3162 3132/3132/3132 1357/1357/1357
f 2902/2902/2902 3050/3050/3050 3054/3054/3054
f 3158/3158/3158 3162/3162/3162 1357/1357/1357
f 3052/3052/3052 3050/3050/3050 2902/2902/2902
f 3184/3184/3184 3049/3049/3049 3051/3051/3051
f 3047/3047/3047 3184/3184/3184 3051/3051/3051
f 3073/3073/3073 2743/2743/2743 3041/3041/3041
f 3073/3073/3073 3075/3075/3075 2743/2743/2743
f 3141/3141/3141 3184/3184/3184 3139/3139/3139
f 3184/3184/3184 3163/3163/3163 3159/3159/3159
f 3184/3184/3184 3141/3141/3141 3145/3145/3145
f 1357/1357/1357 3126/3126/3126 3134/3134/3134
f 3135/3135/3135 3127/3127/3127 3184/3184/3184
f 3184/3184/3184 3145/3145/3145 3143/3143/3143
f 3084/3084/3084 3076/3076/3076 2902/2902/2902
f 3137/3137/3137 3184/3184/3184 3129/3129/3129
f 3130/3130/3130 3126/3126/3126 1357/1357/1357
f 3184/3184/3184 3127/3127/3127 3131/3131/3131
f 2743/2743/2743 3037/3037/3037 3039/3039/3039
f 2902/2902/2902 3042/3042/3042 3040/3040/3040
f 3039/3039/3039 3041/3041/3041 2743/2743/2743
f 2902/2902/2902 3040/3040/3040 3038/3038/3038
f 3136/3136/3136 3128/3128/3128 1357/1357/1357
f 3129/3129/3129 3184/3184/3184 3131/3131/3131
f 3130/3130/3130 1357/1357/1357 3128/3128/3128
f 3138/3138/3138 3136/3136/3136 1357/1357/1357
f 3184/3184/3184 3137/3137/3137 3139/3139/3139
f 3184/3184/3184 3133/3133/3133 3163/3163/3163
f 3166/3166/3166 1357/1357/1357 3134/3134/3134
f 3042/3042/3042 2902/2902/2902 3074/3074/3074
f 1357/1357/1357 3166/3166/3166 3158/3158/3158
f 3140/3140/3140 3138/3138/3138 1357/1357/1357
f 3144/3144/3144 3140/3140/3140 1357/1357/1357
f 3135/3135/3135 3184/3184/3184 3167/3167/3167
f 1357/1357/1357 3142/3142/3142 3144/3144/3144
f 3143/3143/3143 3151/3151/3151 3184/3184/3184
f 1357/1357/1357 3150/3150/3150 3142/3142/3142
f 3153/3153/3153 3155/3155/3155 3184/3184/3184
f 3152/3152/3152 3150/3150/3150 1357/1357/1357
f 3151/3151/3151 3153/3153/3153 3184/3184/3184
f 3154/3154/3154 1357/1357/1357 3146/3146/3146
f 3147/3147/3147 3184/3184/3184 3155/3155/3155
f 1357/1357/1357 3148/3148/3148 3146/3146/3146
f 3149/3149/3149 3184/3184/3184 3147/3147/3147
f 3148/3148/3148 1357/1357/1357 3180/3180/3180
f 3181/3181/3181 3184/3184/3184 3149/3149/3149
f 1357/1357/1357 3154/3154/3154 3152/3152/3152
f 3159/3159/3159 3167/3167/3167 3184/3184/3184
f 2902/2902/2902 3175/3175/3175 3169/3169/3169
f 3169/3169/3169 3171/3171/3171 2902/2902/2902
f 3174/3174/3174 3176/3176/3176 3184/3184/3184
f 3173/3173/3173 3177/3177/3177 2902/2902/2902
f 3174/3174/3174 3184/3184/3184 3168/3168/3168
f 3184/3184/3184 3170/3170/3170 3168/3168/3168
f 3171/3171/3171 3179/3179/3179 2902/2902/2902
f 3178/3178/3178 3170/3170/3170 3184/3184/3184
f 3184/3184/3184 3205/3205/3205 3178/3178/3178
f 3206/3206/3206 2902/2902/2902 3179/3179/3179
f 3184/3184/3184 3176/3176/3176 3172/3172/3172
f 3177/3177/3177 3175/3175/3175 2902/2902/2902
f 1357/1357/1357 3182/3182/3182 3180/3180/3180
f 3183/3183/3183 3184/3184/3184 3181/3181/3181
f 1357/1357/1357 3209/3209/3209 3182/3182/3182
f 3210/3210/3210 3184/3184/3184 3183/3183/3183
f 3184/3184/3184 3210/3210/3210 3218/3218/3218
f 3209/3209/3209 1357/1357/1357 3217/3217/3217
f 3225/3225/3225 3230/3230/3230 3185/3185/3185
f 3230/3230/3230 3225/3225/3225 3253/3253/3253
f 3204/3204/3204 2902/2902/2902 3206/3206/3206
f 3184/3184/3184 3200/3200/3200 3189/3189/3189
f 3229/3229/3229 3228/3228/3228 3190/3190/3190
f 3200/3200/3200 3184/3184/3184 3193/3193/3193
f 3201/3201/3201 3190/3190/3190 3228/3228/3228
f 3228/3228/3228 3196/3196/3196 3201/3201/3201
f 3228/3228/3228 3225/3225/3225 3196/3196/3196
f 3225/3225/3225 3188/3188/3188 3198/3198/3198
f 3217/3217/3217 1357/1357/1357 3192/3192/3192
f 3192/3192/3192 1357/1357/1357 3222/3222/3222
f 3225/3225/3225 3185/3185/3185 3188/3188/3188
f 3186/3186/3186 3229/3229/3229 3190/3190/3190
f 3187/3187/3187 3191/3191/3191 3184/3184/3184
f 3184/3184/3184 3189/3189/3189 3187/3187/3187
f 3184/3184/3184 3218/3218/3218 3193/3193/3193
f 3184/3184/3184 3203/3203/3203 3205/3205/3205
f 3202/3202/3202 3184/3184/3184 3191/3191/3191
f 3196/3196/3196 3220/3220/3220 3201/3201/3201
f 3222/3222/3222 3195/3195/3195 3192/3192/3192
f 3219/3219/3219 3194/3194/3194 3221/3221/3221
f 3200/3200/3200 3193/3193/3193 3197/3197/3197
f 3203/3203/3203 3184/3184/3184 3207/3207/3207
f 3199/3199/3199 3196/3196/3196 3225/3225/3225
f 3202/3202/3202 3214/3214/3214 3184/3184/3184
f 3201/3201/3201 3220/3220/3220 3212/3212/3212
f 3248/3248/3248 3219/3219/3219 3228/3228/3228
f 3248/3248/3248 3211/3211/3211 3219/3219/3219
f 3208/3208/3208 2902/2902/2902 3204/3204/3204
f 3237/3237/3237 3184/3184/3184 3214/3214/3214
f 3207/3207/3207 3184/3184/3184 3240/3240/3240
f 3238/3238/3238 3240/3240/3240 3184/3184/3184
f 1357/1357/1357 3213/3213/3213 3249/3249/3249
f 1357/1357/1357 3236/3236/3236 3213/3213/3213
f 3228/3228/3228 3223/3223/3223 3226/3226/3226
f 3221/3221/3221 3223/3223/3223 3228/3228/3228
f 1357/1357/1357 3224/3224/3224 3222/3222/3222
f 3221/3221/3221 3228/3228/3228 3219/3219/3219
f 3253/3253/3253 3252/3252/3252 3230/3230/3230
f 3228/3228/3228 3226/3226/3226 3257/3257/3257
f 1357/1357/1357 3227/3227/3227 3224/3224/3224
f 3254/3254/3254 3253/3253/3253 3225/3225/3225
f 3257/3257/3257 3254/3254/3254 3225/3225/3225
f 3225/3225/3225 3228/3228/3228 3257/3257/3257
f 3258/3258/3258 3227/3227/3227 1357/1357/1357
f 3229/3229/3229 3250/3250/3250 3248/3248/3248
f 3229/3229/3229 3248/3248/3248 3228/3228/3228
f 3237/3237/3237 3235/3235/3235 3184/3184/3184
f 3251/3251/3251 1357/1357/1357 3249/3249/3249
f 3254/3254/3254 1357/1357/1357 3253/3253/3253
f 3258/3258/3258 1357/1357/1357 3254/3254/3254
f 3270/3270/3270 2638/2638/2638 3272/3272/3272
f 3273/3273/3273 14/14/14 3278/3278/3278
f 3307/3307/3307 3304/3304/3304 2567/2567/2567
f 3303/3303/3303 3302/3302/3302 2567/2567/2567
f 3304/3304/3304 3303/3303/3303 2567/2567/2567
f 3326/3326/3326 2638/2638/2638 3325/3325/3325
f 2567/2567/2567 3335/3335/3335 3337/3337/3337
f 2638/2638/2638 3336/3336/3336 3334/3334/3334
f 3341/3341/3341 2567/2567/2567 3345/3345/3345
f 2567/2567/2567 3341/3341/3341 3344/3344/3344
f 2567/2567/2567 3344/3344/3344 3343/3343/3343
f 3184/3184/3184 3125/3125/3125 3247/3247/3247
f 377/377/377 2361/2361/2361 365/365/365
f 2125/2125/2125 2128/2128/2128 1970/1970/1970
f 2125/2125/2125 1970/1970/1970 2126/2126/2126
f 2125/2125/2125 1660/1660/1660 1654/1654/1654
f 2125/2125/2125 1654/1654/1654 1656/1656/1656
f 2745/2745/2745 2714/2714/2714 2586/2586/2586
f 2019/2019/2019 2159/2159/2159 2142/2142/2142
f 1031/1031/1031 2141/2141/2141 2143/2143/2143
f 2142/2142/2142 2159/2159/2159 2144/2144/2144
f 1740/1740/1740 1723/1723/1723 1760/1760/1760
f 1760/1760/1760 1723/1723/1723 819/819/819
f 1996/1996/1996 2159/2159/2159 1993/1993/1993
f 2159/2159/2159 2000/2000/2000 1993/1993/1993
f 2023/2023/2023 2159/2159/2159 2021/2021/2021
f 2164/2164/2164 2147/2147/2147 2091/2091/2091
f 2168/2168/2168 2091/2091/2091 2147/2147/2147
f 2147/2147/2147 2159/2159/2159 2168/2168/2168
f 2168/2168/2168 2159/2159/2159 2083/2083/2083
