# GloomhavenVR import — Poly Haven 'small_wooden_table_01' (CC0), processed by ph_pipeline.py
v 0.425481 0.396264 -0.195960
v 0.425481 0.396264 -0.195960
v 0.425481 0.503944 -0.195960
v -0.425631 0.390892 -0.195960
v -0.425631 0.390892 -0.195960
v -0.425631 0.503944 -0.195960
v 0.425481 0.396264 -0.204925
v 0.425481 0.396264 -0.204925
v 0.425481 0.503944 -0.204925
v -0.425631 0.390892 -0.204925
v -0.425631 0.390892 -0.204925
v -0.425631 0.503944 -0.204925
v -0.410954 0.390925 -0.195960
v -0.410954 0.390925 -0.195960
v -0.410954 0.503944 -0.195960
v -0.410954 0.390925 -0.204925
v -0.410954 0.390925 -0.204925
v -0.410954 0.503944 -0.204925
v 0.423191 0.396206 -0.195960
v 0.423191 0.396206 -0.195960
v 0.423191 0.503944 -0.204925
v 0.423191 0.503944 -0.195960
v 0.423191 0.396206 -0.204925
v 0.423191 0.396206 -0.204925
v 0.425481 0.397949 -0.195960
v -0.425631 0.392715 -0.195960
v -0.425631 0.392715 -0.204925
v 0.425481 0.397949 -0.204925
v -0.410954 0.392748 -0.204925
v -0.410954 0.392748 -0.195960
v 0.423191 0.397892 -0.195960
v 0.423191 0.397892 -0.204925
v 0.425481 0.403557 -0.195960
v -0.425631 0.398600 -0.195960
v -0.410954 0.398630 -0.195960
v 0.423191 0.403503 -0.195960
v -0.425631 0.396098 -0.204925
v 0.425481 0.401173 -0.204925
v -0.410954 0.396129 -0.204925
v 0.423191 0.401118 -0.204925
v -0.425631 0.500325 -0.204925
v 0.425481 0.500495 -0.204925
v -0.410954 0.500326 -0.204925
v 0.423191 0.500493 -0.204925
v 0.425481 0.498747 -0.195960
v -0.425631 0.498490 -0.195960
v 0.423191 0.498744 -0.195960
v -0.410954 0.498492 -0.195960
v 0.425481 0.396264 0.205376
v 0.425481 0.396264 0.205376
v 0.425481 0.503944 0.205376
v -0.425631 0.390892 0.205376
v -0.425631 0.390892 0.205376
v -0.425631 0.503944 0.205376
v 0.425481 0.396264 0.196412
v 0.425481 0.396264 0.196412
v 0.425481 0.503944 0.196412
v -0.425631 0.390892 0.196412
v -0.425631 0.390892 0.196412
v -0.425631 0.503944 0.196412
v -0.410954 0.390925 0.205376
v -0.410954 0.390925 0.205376
v -0.410954 0.503944 0.205376
v -0.410954 0.390925 0.196412
v -0.410954 0.390925 0.196412
v -0.410954 0.503944 0.196412
v 0.423191 0.396206 0.205376
v 0.423191 0.396206 0.205376
v 0.423191 0.503944 0.196412
v 0.423191 0.503944 0.205376
v 0.423191 0.396206 0.196412
v 0.423191 0.396206 0.196412
v 0.425481 0.397949 0.205376
v -0.425631 0.392715 0.205376
v -0.425631 0.392715 0.196412
v 0.425481 0.397949 0.196412
v -0.410954 0.392748 0.196412
v -0.410954 0.392748 0.205376
v 0.423191 0.397892 0.205376
v 0.423191 0.397892 0.196412
v -0.425631 0.500325 0.196412
v 0.425481 0.500495 0.196412
v -0.410954 0.500326 0.196412
v 0.423191 0.500493 0.196412
v 0.425481 0.498747 0.205376
v -0.425631 0.498490 0.205376
v 0.423191 0.498744 0.205376
v -0.410954 0.498492 0.205376
v -0.425631 0.400059 0.205376
v 0.423191 0.404894 0.205376
v -0.410954 0.400089 0.205376
v 0.425481 0.404948 0.205376
v -0.425631 0.399225 0.196412
v 0.425481 0.404153 0.196412
v -0.410954 0.399256 0.196412
v 0.423191 0.404099 0.196412
v 0.428234 0.199222 0.195105
v 0.428234 0.199222 0.195105
v 0.428234 0.202039 0.191927
v 0.428234 0.205721 0.190207
v 0.428234 0.209706 0.190207
v 0.428234 0.213388 0.191927
v 0.428234 0.216206 0.195105
v 0.428234 0.217731 0.199257
v 0.428234 0.217731 0.203751
v 0.428234 0.216206 0.207904
v 0.428234 0.213388 0.211082
v 0.428234 0.209706 0.212802
v 0.428234 0.205721 0.212802
v 0.428234 0.202039 0.211082
v 0.428234 0.199222 0.207904
v 0.428234 0.197696 0.203751
v 0.428234 0.197696 0.199257
v -0.427962 0.197696 0.203751
v -0.427962 0.199222 0.207904
v -0.427962 0.202039 0.211082
v -0.427962 0.205721 0.212802
v -0.427962 0.209706 0.212802
v -0.427962 0.213388 0.211082
v -0.427962 0.216206 0.207904
v -0.427962 0.217731 0.203751
v -0.427962 0.217731 0.199257
v -0.427962 0.216206 0.195105
v -0.427962 0.213388 0.191927
v -0.427962 0.209706 0.190207
v -0.427962 0.205721 0.190207
v -0.427962 0.202039 0.191927
v -0.427962 0.199222 0.195105
v -0.427962 0.199222 0.195105
v -0.427962 0.197696 0.199257
v 0.428234 0.199222 -0.206903
v 0.428234 0.199222 -0.206903
v 0.428234 0.202039 -0.210081
v 0.428234 0.205721 -0.211801
v 0.428234 0.209706 -0.211801
v 0.428234 0.216206 -0.206903
v 0.428234 0.217731 -0.202751
v 0.428234 0.217731 -0.198256
v 0.428234 0.216206 -0.194104
v 0.428234 0.213388 -0.190926
v 0.428234 0.209706 -0.189206
v 0.428234 0.205721 -0.189206
v 0.428234 0.202039 -0.190926
v 0.428234 0.199222 -0.194104
v 0.428234 0.197696 -0.198256
v 0.428234 0.197696 -0.202751
v 0.428234 0.213630 -0.209858
v -0.427962 0.197696 -0.198256
v -0.427962 0.199222 -0.194104
v -0.427962 0.202039 -0.190926
v -0.427962 0.205721 -0.189206
v -0.427962 0.209706 -0.189206
v -0.427962 0.213388 -0.190926
v -0.427962 0.216206 -0.194104
v -0.427962 0.217731 -0.198256
v -0.427962 0.217731 -0.202751
v -0.427962 0.216206 -0.206903
v -0.427962 0.209706 -0.211801
v -0.427962 0.205721 -0.211801
v -0.427962 0.202039 -0.210081
v -0.427962 0.199222 -0.206903
v -0.427962 0.199222 -0.206903
v -0.427962 0.197696 -0.202751
v -0.427962 0.213630 -0.209858
v -0.142135 0.135190 -0.002501
v -0.142138 0.135192 0.002447
v -0.142144 0.136870 0.007007
v -0.142151 0.139950 0.010476
v -0.142156 0.143944 0.012340
v -0.142156 0.148254 0.012340
v -0.142150 0.152249 0.010477
v -0.142142 0.155329 0.007008
v -0.142135 0.157008 0.002447
v -0.142133 0.157009 -0.002502
v -0.142134 0.155333 -0.007065
v -0.142138 0.152253 -0.010537
v -0.142142 0.148255 -0.012403
v -0.142142 0.143942 -0.012403
v -0.142139 0.139946 -0.010537
v -0.142136 0.136866 -0.007064
v -0.142136 0.136866 -0.007064
v -0.150873 0.137408 -0.002106
v -0.142680 0.137408 -0.002106
v -0.142680 0.137408 -0.002106
v -0.142680 0.138799 0.005857
v -0.142680 0.138799 0.005857
v -0.142680 0.141291 0.008683
v -0.142680 0.141291 0.008683
v -0.142680 0.144430 0.010159
v -0.142680 0.144430 0.010159
v -0.142680 0.147768 0.010159
v -0.142680 0.147768 0.010159
v -0.142680 0.150906 0.008683
v -0.142680 0.150906 0.008683
v -0.142680 0.153398 0.005857
v -0.142680 0.153398 0.005857
v -0.142680 0.154789 0.002055
v -0.142680 0.154789 0.002055
v -0.142680 0.154789 -0.002106
v -0.142680 0.154789 -0.002106
v -0.142680 0.153392 -0.005919
v -0.142680 0.153392 -0.005919
v -0.142680 0.150898 -0.008740
v -0.142680 0.150898 -0.008740
v -0.142680 0.147763 -0.010211
v -0.142680 0.147763 -0.010211
v -0.142680 0.144583 -0.010248
v -0.142680 0.144583 -0.010248
v -0.142680 0.141291 -0.008734
v -0.142680 0.141291 -0.008734
v -0.142680 0.138799 -0.005908
v -0.142680 0.138799 -0.005908
v -0.142680 0.138799 -0.005908
v -0.142680 0.138799 -0.005908
v -0.142680 0.137408 0.002055
v -0.142680 0.137408 0.002055
v -0.150873 0.137408 0.002055
v -0.150873 0.153398 0.005857
v -0.150873 0.154789 0.002055
v -0.150873 0.154789 -0.002106
v -0.150873 0.153392 -0.005919
v -0.150873 0.150898 -0.008740
v -0.150873 0.147763 -0.010211
v -0.150873 0.144583 -0.010248
v -0.150873 0.141291 -0.008734
v -0.137950 0.138397 0.001267
v -0.137950 0.138397 0.001267
v -0.137950 0.139581 0.004491
v -0.137950 0.139581 0.004491
v -0.137950 0.141769 0.006959
v -0.137950 0.141769 0.006959
v -0.137950 0.144628 0.008294
v -0.137950 0.144628 0.008294
v -0.137950 0.147723 0.008294
v -0.137950 0.147723 0.008294
v -0.137950 0.150581 0.006959
v -0.137950 0.150581 0.006959
v -0.137950 0.152769 0.004491
v -0.137950 0.152769 0.004491
v -0.137950 0.153953 0.001267
v -0.137950 0.153953 0.001267
v -0.137950 0.153953 -0.002222
v -0.137950 0.153953 -0.002222
v -0.137950 0.152769 -0.005446
v -0.137950 0.152769 -0.005446
v -0.137950 0.150581 -0.007914
v -0.137950 0.150581 -0.007914
v -0.137950 0.147723 -0.009249
v -0.137950 0.147723 -0.009249
v -0.137950 0.144628 -0.009249
v -0.137950 0.144628 -0.009249
v -0.137950 0.141769 -0.007914
v -0.137950 0.141769 -0.007914
v -0.137950 0.139581 -0.005446
v -0.137950 0.139581 -0.005446
v -0.137950 0.139581 -0.005446
v -0.137950 0.139581 -0.005446
v -0.137950 0.138397 -0.002222
v -0.137950 0.138397 -0.002222
v -0.139090 0.156996 -0.002557
v -0.139087 0.155341 -0.007056
v -0.139108 0.152290 0.010270
v -0.139101 0.155348 0.006816
v -0.139114 0.143944 0.012144
v -0.139106 0.136879 0.006817
v -0.139111 0.139938 0.010271
v -0.139088 0.148283 -0.012373
v -0.139089 0.143907 -0.012363
v -0.139100 0.135228 0.002313
v -0.139095 0.156999 0.002313
v -0.139095 0.135231 -0.002557
v -0.139092 0.136886 -0.007057
v -0.139092 0.136886 -0.007057
v -0.139113 0.148284 0.012143
v -0.139087 0.152314 -0.010479
v -0.139090 0.139946 -0.010505
v -0.143991 0.137408 -0.002106
v -0.143991 0.137408 0.002055
v -0.143991 0.138799 0.005857
v -0.143991 0.141291 0.008683
v -0.143991 0.144430 0.010159
v -0.143991 0.147768 0.010159
v -0.143991 0.150906 0.008683
v -0.143991 0.153398 0.005857
v -0.143991 0.154789 0.002055
v -0.143991 0.154789 -0.002106
v -0.143991 0.153392 -0.005919
v -0.143991 0.150898 -0.008740
v -0.143991 0.147763 -0.010211
v -0.143991 0.144583 -0.010248
v -0.143991 0.141291 -0.008734
v -0.143991 0.138799 -0.005908
v -0.143991 0.138799 -0.005908
v -0.430824 0.141034 0.000367
v -0.430824 0.141826 0.002523
v -0.430824 0.143289 0.004173
v -0.430824 0.145201 0.005066
v -0.430824 0.147270 0.005066
v -0.430824 0.149181 0.004173
v -0.430824 0.150645 0.002523
v -0.430824 0.151436 0.000367
v -0.430824 0.151436 -0.001967
v -0.430824 0.150645 -0.004123
v -0.430824 0.149181 -0.005773
v -0.430824 0.147270 -0.006666
v -0.430824 0.145201 -0.006666
v -0.430824 0.143289 -0.005773
v -0.430824 0.141826 -0.004123
v -0.430824 0.141826 -0.004123
v -0.430824 0.141034 -0.001967
v -0.106389 0.136758 0.001840
v -0.106389 0.138184 0.005723
v -0.106389 0.140820 0.008696
v -0.106389 0.144263 0.010305
v -0.106389 0.147991 0.010305
v -0.106389 0.151434 0.008696
v -0.106389 0.154070 0.005723
v -0.106389 0.155497 0.001840
v -0.106389 0.155497 -0.002364
v -0.106389 0.154070 -0.006248
v -0.106389 0.151434 -0.009220
v -0.106389 0.147991 -0.010829
v -0.106389 0.144263 -0.010829
v -0.106389 0.140820 -0.009220
v -0.106389 0.138184 -0.006248
v -0.106389 0.138184 -0.006248
v -0.106389 0.136758 -0.002364
v -0.446905 0.145831 0.188421
v -0.446905 0.145831 -0.188332
v -0.446430 0.142828 0.188421
v -0.446430 0.142829 -0.188332
v -0.445050 0.140120 0.188421
v -0.445050 0.140120 -0.188332
v -0.442900 0.137971 0.188421
v -0.442900 0.137971 -0.188332
v -0.440192 0.136591 0.188421
v -0.440192 0.136591 -0.188332
v -0.437189 0.136115 0.188421
v -0.437189 0.136115 0.188421
v -0.437189 0.136115 -0.188332
v -0.437189 0.136115 -0.188332
v -0.434187 0.136591 0.188421
v -0.434187 0.136591 -0.188332
v -0.431479 0.137971 0.188421
v -0.431479 0.137971 -0.188332
v -0.429329 0.140120 0.188421
v -0.429329 0.140120 -0.188332
v -0.427949 0.142828 0.188421
v -0.427949 0.142829 -0.188332
v -0.427474 0.145831 0.188421
v -0.427474 0.145831 -0.188332
v -0.427949 0.148833 0.188421
v -0.427949 0.148833 -0.188332
v -0.429329 0.151542 0.188421
v -0.429329 0.151542 -0.188332
v -0.431479 0.153691 0.188421
v -0.431479 0.153691 -0.188332
v -0.434187 0.155071 0.188421
v -0.434187 0.155071 -0.188332
v -0.437189 0.155547 0.188421
v -0.437189 0.155547 -0.188332
v -0.440192 0.155071 0.188421
v -0.440192 0.155071 -0.188332
v -0.442900 0.153691 0.188421
v -0.442900 0.153691 -0.188332
v -0.445050 0.151542 0.188421
v -0.445050 0.151542 -0.188332
v -0.446430 0.148833 0.188421
v -0.446430 0.148833 -0.188332
v -0.158218 0.134596 -0.002606
v -0.153013 0.135997 -0.002357
v -0.155697 0.134972 -0.002539
v -0.158218 0.134596 0.002555
v -0.155697 0.134972 0.002488
v -0.153013 0.135997 0.002306
v -0.158218 0.136347 0.007323
v -0.150882 0.138792 0.005862
v -0.155697 0.136675 0.007127
v -0.153012 0.137570 0.006592
v -0.150877 0.141289 0.008686
v -0.158218 0.139583 0.010972
v -0.153010 0.140436 0.009829
v -0.155696 0.139812 0.010666
v -0.150874 0.144430 0.010159
v -0.158218 0.143811 0.012947
v -0.153008 0.144120 0.011553
v -0.155696 0.143894 0.012573
v -0.150874 0.147768 0.010160
v -0.158218 0.148387 0.012947
v -0.153008 0.148077 0.011553
v -0.155696 0.148304 0.012573
v -0.158218 0.152614 0.010972
v -0.150879 0.150909 0.008688
v -0.155697 0.152386 0.010666
v -0.153010 0.151762 0.009830
v -0.158218 0.155850 0.007323
v -0.153013 0.154629 0.006593
v -0.155697 0.155523 0.007127
v -0.158218 0.157601 0.002555
v -0.155698 0.157226 0.002488
v -0.153015 0.156202 0.002306
v -0.158218 0.157601 -0.002606
v -0.153016 0.156203 -0.002357
v -0.155698 0.157226 -0.002539
v -0.158218 0.155850 -0.007374
v -0.155698 0.155522 -0.007180
v -0.153016 0.154628 -0.006650
v -0.158218 0.152614 -0.011023
v -0.153016 0.151761 -0.009887
v -0.155698 0.152385 -0.010718
v -0.158218 0.148387 -0.012998
v -0.153017 0.148077 -0.011613
v -0.155698 0.148304 -0.012626
v -0.158218 0.143811 -0.012998
v -0.153013 0.144195 -0.011628
v -0.155697 0.143914 -0.012631
v -0.158218 0.139583 -0.011023
v -0.155696 0.139812 -0.010716
v -0.153008 0.140437 -0.009879
v -0.158218 0.136347 -0.007374
v -0.158218 0.136347 -0.007374
v -0.150880 0.138793 -0.005912
v -0.150880 0.138793 -0.005912
v -0.155697 0.136675 -0.007178
v -0.155697 0.136675 -0.007178
v -0.153011 0.137570 -0.006643
v -0.153011 0.137570 -0.006643
v 0.142135 0.135190 -0.002501
v 0.142138 0.135192 0.002447
v 0.142144 0.136870 0.007007
v 0.142151 0.139950 0.010476
v 0.142156 0.143944 0.012340
v 0.142156 0.148254 0.012340
v 0.142150 0.152249 0.010477
v 0.142142 0.155329 0.007008
v 0.142135 0.157008 0.002447
v 0.142133 0.157009 -0.002502
v 0.142134 0.155333 -0.007065
v 0.142138 0.152253 -0.010537
v 0.142142 0.148255 -0.012403
v 0.142142 0.143942 -0.012403
v 0.142139 0.139946 -0.010537
v 0.142136 0.136866 -0.007064
v 0.142136 0.136866 -0.007064
v 0.150873 0.137408 -0.002106
v 0.142680 0.137408 -0.002106
v 0.142680 0.137408 -0.002106
v 0.142680 0.138799 0.005857
v 0.142680 0.138799 0.005857
v 0.142680 0.141291 0.008683
v 0.142680 0.141291 0.008683
v 0.142680 0.144430 0.010159
v 0.142680 0.144430 0.010159
v 0.142680 0.147768 0.010159
v 0.142680 0.147768 0.010159
v 0.142680 0.150906 0.008683
v 0.142680 0.150906 0.008683
v 0.142680 0.153398 0.005857
v 0.142680 0.153398 0.005857
v 0.142680 0.154789 0.002055
v 0.142680 0.154789 0.002055
v 0.142680 0.154789 -0.002106
v 0.142680 0.154789 -0.002106
v 0.142680 0.153392 -0.005919
v 0.142680 0.153392 -0.005919
v 0.142680 0.150898 -0.008740
v 0.142680 0.150898 -0.008740
v 0.142680 0.147763 -0.010211
v 0.142680 0.147763 -0.010211
v 0.142680 0.144583 -0.010248
v 0.142680 0.144583 -0.010248
v 0.142680 0.141291 -0.008734
v 0.142680 0.141291 -0.008734
v 0.142680 0.138799 -0.005908
v 0.142680 0.138799 -0.005908
v 0.142680 0.138799 -0.005908
v 0.142680 0.138799 -0.005908
v 0.142680 0.137408 0.002055
v 0.142680 0.137408 0.002055
v 0.150873 0.137408 0.002055
v 0.150873 0.153398 0.005857
v 0.150873 0.154789 0.002055
v 0.150873 0.154789 -0.002106
v 0.150873 0.153392 -0.005919
v 0.150873 0.150898 -0.008740
v 0.150873 0.147763 -0.010211
v 0.150873 0.144583 -0.010248
v 0.150873 0.141291 -0.008734
v 0.137950 0.138397 0.001267
v 0.137950 0.138397 0.001267
v 0.137950 0.139581 0.004491
v 0.137950 0.139581 0.004491
v 0.137950 0.141769 0.006959
v 0.137950 0.141769 0.006959
v 0.137950 0.144628 0.008294
v 0.137950 0.144628 0.008294
v 0.137950 0.147723 0.008294
v 0.137950 0.147723 0.008294
v 0.137950 0.150581 0.006959
v 0.137950 0.150581 0.006959
v 0.137950 0.152769 0.004491
v 0.137950 0.152769 0.004491
v 0.137950 0.153953 0.001267
v 0.137950 0.153953 0.001267
v 0.137950 0.153953 -0.002222
v 0.137950 0.153953 -0.002222
v 0.137950 0.152769 -0.005446
v 0.137950 0.152769 -0.005446
v 0.137950 0.150581 -0.007914
v 0.137950 0.150581 -0.007914
v 0.137950 0.147723 -0.009249
v 0.137950 0.147723 -0.009249
v 0.137950 0.144628 -0.009249
v 0.137950 0.144628 -0.009249
v 0.137950 0.141769 -0.007914
v 0.137950 0.141769 -0.007914
v 0.137950 0.139581 -0.005446
v 0.137950 0.139581 -0.005446
v 0.137950 0.139581 -0.005446
v 0.137950 0.139581 -0.005446
v 0.137950 0.138397 -0.002222
v 0.137950 0.138397 -0.002222
v 0.139090 0.156996 -0.002557
v 0.139087 0.155341 -0.007056
v 0.139108 0.152290 0.010270
v 0.139101 0.155348 0.006816
v 0.139114 0.143944 0.012144
v 0.139106 0.136879 0.006817
v 0.139111 0.139938 0.010271
v 0.139088 0.148283 -0.012373
v 0.139089 0.143907 -0.012363
v 0.139100 0.135228 0.002313
v 0.139095 0.156999 0.002313
v 0.139095 0.135231 -0.002557
v 0.139092 0.136886 -0.007057
v 0.139092 0.136886 -0.007057
v 0.139113 0.148284 0.012143
v 0.139087 0.152314 -0.010479
v 0.139090 0.139946 -0.010505
v 0.143991 0.137408 -0.002106
v 0.143991 0.137408 0.002055
v 0.143991 0.138799 0.005857
v 0.143991 0.141291 0.008683
v 0.143991 0.144430 0.010159
v 0.143991 0.147768 0.010159
v 0.143991 0.150906 0.008683
v 0.143991 0.153398 0.005857
v 0.143991 0.154789 0.002055
v 0.143991 0.154789 -0.002106
v 0.143991 0.153392 -0.005919
v 0.143991 0.150898 -0.008740
v 0.143991 0.147763 -0.010211
v 0.143991 0.144583 -0.010248
v 0.143991 0.141291 -0.008734
v 0.143991 0.138799 -0.005908
v 0.143991 0.138799 -0.005908
v 0.430824 0.141034 0.000367
v 0.430824 0.141826 0.002523
v 0.430824 0.143289 0.004173
v 0.430824 0.145201 0.005066
v 0.430824 0.147270 0.005066
v 0.430824 0.149181 0.004173
v 0.430824 0.150645 0.002523
v 0.430824 0.151436 0.000367
v 0.430824 0.151436 -0.001967
v 0.430824 0.150645 -0.004123
v 0.430824 0.149181 -0.005773
v 0.430824 0.147270 -0.006666
v 0.430824 0.145201 -0.006666
v 0.430824 0.143289 -0.005773
v 0.430824 0.141826 -0.004123
v 0.430824 0.141826 -0.004123
v 0.430824 0.141034 -0.001967
v 0.106389 0.136758 0.001840
v 0.106389 0.138184 0.005723
v 0.106389 0.140820 0.008696
v 0.106389 0.144263 0.010305
v 0.106389 0.147991 0.010305
v 0.106389 0.151434 0.008696
v 0.106389 0.154070 0.005723
v 0.106389 0.155497 0.001840
v 0.106389 0.155497 -0.002364
v 0.106389 0.154070 -0.006248
v 0.106389 0.151434 -0.009220
v 0.106389 0.147991 -0.010829
v 0.106389 0.144263 -0.010829
v 0.106389 0.140820 -0.009220
v 0.106389 0.138184 -0.006248
v 0.106389 0.138184 -0.006248
v 0.106389 0.136758 -0.002364
v 0.446905 0.145831 0.188421
v 0.446905 0.145831 -0.188332
v 0.446430 0.142828 0.188421
v 0.446430 0.142829 -0.188332
v 0.445050 0.140120 0.188421
v 0.445050 0.140120 -0.188332
v 0.442900 0.137971 0.188421
v 0.442900 0.137971 -0.188332
v 0.440192 0.136591 0.188421
v 0.440192 0.136591 -0.188332
v 0.437189 0.136115 0.188421
v 0.437189 0.136115 0.188421
v 0.437189 0.136115 -0.188332
v 0.437189 0.136115 -0.188332
v 0.434187 0.136591 0.188421
v 0.434187 0.136591 -0.188332
v 0.431479 0.137971 0.188421
v 0.431479 0.137971 -0.188332
v 0.429329 0.140120 0.188421
v 0.429329 0.140120 -0.188332
v 0.427949 0.142828 0.188421
v 0.427949 0.142829 -0.188332
v 0.427474 0.145831 0.188421
v 0.427474 0.145831 -0.188332
v 0.427949 0.148833 0.188421
v 0.427949 0.148833 -0.188332
v 0.429329 0.151542 0.188421
v 0.429329 0.151542 -0.188332
v 0.431479 0.153691 0.188421
v 0.431479 0.153691 -0.188332
v 0.434187 0.155071 0.188421
v 0.434187 0.155071 -0.188332
v 0.437189 0.155547 0.188421
v 0.437189 0.155547 -0.188332
v 0.440192 0.155071 0.188421
v 0.440192 0.155071 -0.188332
v 0.442900 0.153691 0.188421
v 0.442900 0.153691 -0.188332
v 0.445050 0.151542 0.188421
v 0.445050 0.151542 -0.188332
v 0.446430 0.148833 0.188421
v 0.446430 0.148833 -0.188332
v 0.158218 0.134596 -0.002606
v 0.153013 0.135997 -0.002357
v 0.155697 0.134972 -0.002539
v 0.158218 0.134596 0.002555
v 0.155697 0.134972 0.002488
v 0.153013 0.135997 0.002306
v 0.158218 0.136347 0.007323
v 0.150882 0.138792 0.005862
v 0.155697 0.136675 0.007127
v 0.153012 0.137570 0.006592
v 0.150877 0.141289 0.008686
v 0.158218 0.139583 0.010972
v 0.153010 0.140436 0.009829
v 0.155696 0.139812 0.010666
v 0.150874 0.144430 0.010159
v 0.158218 0.143811 0.012947
v 0.153008 0.144120 0.011553
v 0.155696 0.143894 0.012573
v 0.150874 0.147768 0.010160
v 0.158218 0.148387 0.012947
v 0.153008 0.148077 0.011553
v 0.155696 0.148304 0.012573
v 0.158218 0.152614 0.010972
v 0.150879 0.150909 0.008688
v 0.155697 0.152386 0.010666
v 0.153010 0.151762 0.009830
v 0.158218 0.155850 0.007323
v 0.153013 0.154629 0.006593
v 0.155697 0.155523 0.007127
v 0.158218 0.157601 0.002555
v 0.155698 0.157226 0.002488
v 0.153015 0.156202 0.002306
v 0.158218 0.157601 -0.002606
v 0.153016 0.156203 -0.002357
v 0.155698 0.157226 -0.002539
v 0.158218 0.155850 -0.007374
v 0.155698 0.155522 -0.007180
v 0.153016 0.154628 -0.006650
v 0.158218 0.152614 -0.011023
v 0.153016 0.151761 -0.009887
v 0.155698 0.152385 -0.010718
v 0.158218 0.148387 -0.012998
v 0.153017 0.148077 -0.011613
v 0.155698 0.148304 -0.012626
v 0.158218 0.143811 -0.012998
v 0.153013 0.144195 -0.011628
v 0.155697 0.143914 -0.012631
v 0.158218 0.139583 -0.011023
v 0.155696 0.139812 -0.010716
v 0.153008 0.140437 -0.009879
v 0.158218 0.136347 -0.007374
v 0.158218 0.136347 -0.007374
v 0.150880 0.138793 -0.005912
v 0.150880 0.138793 -0.005912
v 0.155697 0.136675 -0.007178
v 0.155697 0.136675 -0.007178
v 0.153011 0.137570 -0.006643
v 0.153011 0.137570 -0.006643
v 0.429943 0.010709 -0.202856
v 0.429943 0.010709 -0.202856
v 0.423307 0.502421 -0.204344
v 0.423307 0.502421 -0.204344
v 0.431581 0.010709 -0.207315
v 0.431581 0.010709 -0.207315
v 0.425955 0.504755 -0.211554
v 0.425955 0.504755 -0.211554
v 0.434607 0.010709 -0.210728
v 0.434607 0.010709 -0.210728
v 0.430848 0.509068 -0.217072
v 0.430848 0.509068 -0.217072
v 0.437241 0.514704 -0.220058
v 0.437241 0.514704 -0.220058
v 0.444160 0.520803 -0.220058
v 0.444160 0.520803 -0.220058
v 0.450553 0.526439 -0.217072
v 0.450553 0.526439 -0.217072
v 0.449821 0.010709 -0.207315
v 0.449821 0.010709 -0.207315
v 0.455446 0.530752 -0.211554
v 0.455446 0.530752 -0.211554
v 0.451458 0.010709 -0.202856
v 0.451458 0.010709 -0.202856
v 0.458094 0.533086 -0.204344
v 0.458094 0.533086 -0.204344
v 0.458094 0.533086 -0.196541
v 0.458094 0.533086 -0.196541
v 0.455446 0.530752 -0.189331
v 0.455446 0.530752 -0.189331
v 0.446794 0.010709 -0.190157
v 0.446794 0.010709 -0.190157
v 0.450553 0.526439 -0.183813
v 0.450553 0.526439 -0.183813
v 0.450553 0.526439 -0.183813
v 0.450553 0.526439 -0.183813
v 0.442840 0.010709 -0.188310
v 0.442840 0.010709 -0.188310
v 0.437241 0.514704 -0.180827
v 0.437241 0.514704 -0.180827
v 0.437241 0.514704 -0.180827
v 0.437241 0.514704 -0.180827
v 0.430848 0.509068 -0.183813
v 0.430848 0.509068 -0.183813
v 0.425955 0.504755 -0.189331
v 0.425955 0.504755 -0.189331
v 0.425955 0.504755 -0.189331
v 0.425955 0.504755 -0.189331
v 0.423307 0.502421 -0.196541
v 0.423307 0.502421 -0.196541
v 0.436126 -0.000000 -0.201516
v 0.436819 -0.000000 -0.203403
v 0.438100 -0.000000 -0.204848
v 0.439774 -0.000000 -0.205630
v 0.441586 -0.000000 -0.205630
v 0.443260 -0.000000 -0.204848
v 0.444541 -0.000000 -0.203403
v 0.445234 -0.000000 -0.201516
v 0.445234 -0.000000 -0.199472
v 0.444541 -0.000000 -0.197584
v 0.443260 -0.000000 -0.196139
v 0.442457 -0.000000 -0.195655
v 0.441586 -0.000000 -0.195357
v 0.440680 -0.000000 -0.195257
v 0.439774 -0.000000 -0.195357
v 0.438100 -0.000000 -0.196139
v 0.436819 -0.000000 -0.197584
v 0.436819 -0.000000 -0.197584
v 0.436126 -0.000000 -0.199472
v 0.447691 0.002297 -0.195289
v 0.438979 0.002260 -0.209993
v 0.445350 0.002258 -0.192648
v 0.443882 0.002242 -0.191764
v 0.442290 0.002258 -0.209993
v 0.442290 0.002232 -0.191219
v 0.440635 0.002229 -0.191035
v 0.445350 0.002280 -0.208564
v 0.438979 0.002234 -0.191219
v 0.447691 0.002312 -0.205923
v 0.435920 0.002263 -0.192648
v 0.432311 0.002342 -0.202473
v 0.448958 0.002332 -0.202473
v 0.433579 0.002305 -0.195289
v 0.433579 0.002305 -0.195289
v 0.433579 0.002320 -0.205923
v 0.448958 0.002327 -0.198739
v 0.432311 0.002336 -0.198739
v 0.435920 0.002286 -0.208564
v 0.448696 0.005454 -0.194417
v 0.438825 0.005433 -0.211079
v 0.446043 0.005437 -0.191425
v 0.444381 0.005430 -0.190423
v 0.442577 0.005432 -0.211079
v 0.442577 0.005425 -0.189806
v 0.440701 0.005424 -0.189597
v 0.446043 0.005443 -0.209460
v 0.438825 0.005426 -0.189806
v 0.448696 0.005458 -0.206468
v 0.435358 0.005438 -0.191425
v 0.431269 0.005472 -0.202558
v 0.450132 0.005469 -0.202558
v 0.432705 0.005456 -0.194417
v 0.432705 0.005456 -0.194417
v 0.432705 0.005461 -0.206468
v 0.450132 0.005467 -0.198327
v 0.431269 0.005470 -0.198327
v 0.435358 0.005444 -0.209460
v 0.438561 0.010709 -0.212575
v 0.438561 0.010709 -0.212575
v 0.442841 0.010709 -0.212575
v 0.442841 0.010709 -0.212575
v 0.446794 0.010709 -0.210728
v 0.446794 0.010709 -0.210728
v 0.451458 0.010709 -0.198029
v 0.451458 0.010709 -0.198029
v 0.449821 0.010709 -0.193570
v 0.449821 0.010709 -0.193570
v 0.444898 0.010709 -0.189014
v 0.444898 0.010709 -0.189014
v 0.440701 0.010709 -0.188073
v 0.440701 0.010709 -0.188073
v 0.438561 0.010709 -0.188310
v 0.438561 0.010709 -0.188310
v 0.434607 0.010709 -0.190157
v 0.434607 0.010709 -0.190157
v 0.431581 0.010709 -0.193570
v 0.431581 0.010709 -0.193570
v 0.431581 0.010709 -0.193570
v 0.431581 0.010709 -0.193570
v 0.429943 0.010709 -0.198029
v 0.429943 0.010709 -0.198029
v 0.423307 0.017741 -0.204344
v 0.425278 0.012978 -0.203902
v 0.423885 0.015295 -0.204215
v 0.425955 0.017741 -0.211554
v 0.427626 0.012978 -0.210295
v 0.426445 0.015295 -0.211185
v 0.430848 0.017741 -0.217072
v 0.431965 0.012978 -0.215187
v 0.431175 0.015295 -0.216520
v 0.437241 0.017741 -0.220058
v 0.437633 0.012978 -0.217835
v 0.437356 0.015295 -0.219407
v 0.444160 0.017741 -0.220058
v 0.443768 0.012978 -0.217835
v 0.444046 0.015295 -0.219407
v 0.450553 0.017741 -0.217072
v 0.449437 0.012978 -0.215187
v 0.450226 0.015295 -0.216520
v 0.455446 0.017741 -0.211554
v 0.453775 0.012978 -0.210295
v 0.454957 0.015295 -0.211185
v 0.458094 0.017741 -0.204344
v 0.456123 0.012978 -0.203902
v 0.457517 0.015295 -0.204215
v 0.458094 0.017741 -0.196541
v 0.456123 0.012978 -0.196983
v 0.457517 0.015295 -0.196670
v 0.455446 0.017741 -0.189331
v 0.453775 0.012978 -0.190590
v 0.454957 0.015295 -0.189700
v 0.450553 0.017741 -0.183813
v 0.449437 0.012978 -0.185698
v 0.450226 0.015295 -0.184365
v 0.447487 0.017741 -0.181965
v 0.446718 0.012978 -0.184059
v 0.447262 0.015295 -0.182578
v 0.444160 0.017741 -0.180827
v 0.443768 0.012978 -0.183050
v 0.444046 0.015295 -0.181478
v 0.440701 0.017741 -0.180443
v 0.440701 0.012978 -0.182709
v 0.440701 0.015295 -0.181106
v 0.437241 0.017741 -0.180827
v 0.437633 0.012978 -0.183050
v 0.437356 0.015295 -0.181478
v 0.430848 0.017741 -0.183813
v 0.431965 0.012978 -0.185698
v 0.431175 0.015295 -0.184365
v 0.425955 0.017741 -0.189331
v 0.425955 0.017741 -0.189331
v 0.427626 0.012978 -0.190590
v 0.427626 0.012978 -0.190590
v 0.426445 0.015295 -0.189700
v 0.426445 0.015295 -0.189700
v 0.423307 0.017741 -0.196541
v 0.425278 0.012978 -0.196983
v 0.423885 0.015295 -0.196670
v 0.423307 0.395549 -0.196541
v 0.423307 0.395549 -0.204344
v 0.425955 0.395549 -0.211554
v 0.430848 0.395549 -0.217072
v 0.437241 0.395549 -0.220058
v 0.444160 0.395549 -0.220058
v 0.450553 0.395549 -0.217072
v 0.455446 0.395549 -0.211554
v 0.458094 0.395549 -0.204344
v 0.458094 0.395549 -0.196541
v 0.455446 0.395549 -0.189331
v 0.450553 0.395549 -0.183813
v 0.450553 0.395549 -0.183813
v 0.450553 0.395549 -0.183813
v 0.447487 0.395549 -0.181965
v 0.447487 0.395549 -0.181965
v 0.444160 0.395549 -0.180827
v 0.444160 0.395549 -0.180827
v 0.440701 0.395549 -0.180443
v 0.440701 0.395549 -0.180443
v 0.437241 0.395549 -0.180827
v 0.437241 0.395549 -0.180827
v 0.437241 0.395549 -0.180827
v 0.430848 0.395549 -0.183813
v 0.425955 0.395549 -0.189331
v 0.425955 0.395549 -0.189331
v 0.423307 0.499638 -0.196541
v 0.423307 0.499638 -0.204344
v 0.425955 0.501912 -0.211554
v 0.430848 0.506113 -0.217072
v 0.437241 0.511601 -0.220058
v 0.444160 0.517542 -0.220058
v 0.450553 0.523030 -0.217072
v 0.455446 0.527231 -0.211554
v 0.458094 0.529505 -0.204344
v 0.458094 0.529505 -0.196541
v 0.455446 0.527231 -0.189331
v 0.450553 0.523030 -0.183813
v 0.450553 0.523030 -0.183813
v 0.437241 0.511601 -0.180827
v 0.437241 0.511601 -0.180827
v 0.430848 0.506113 -0.183813
v 0.425955 0.501912 -0.189331
v 0.425955 0.501912 -0.189331
v 0.442100 0.520803 -0.220058
v 0.435213 0.514704 -0.180827
v 0.435213 0.514704 -0.180827
v 0.448463 0.526439 -0.183813
v 0.448463 0.526439 -0.183813
v 0.421344 0.502421 -0.196541
v 0.448463 0.526439 -0.217072
v 0.428849 0.509068 -0.183813
v 0.453333 0.530752 -0.211554
v 0.421344 0.502421 -0.204344
v 0.455969 0.533086 -0.204344
v 0.423979 0.504755 -0.211554
v 0.455969 0.533086 -0.196541
v 0.423979 0.504755 -0.189331
v 0.423979 0.504755 -0.189331
v 0.428849 0.509068 -0.217072
v 0.453333 0.530752 -0.189331
v 0.435213 0.514704 -0.220058
v 0.425955 0.392387 -0.189331
v 0.425955 0.392387 -0.189331
v 0.430848 0.392387 -0.183813
v 0.437241 0.392387 -0.180827
v 0.440701 0.392387 -0.180443
v 0.444160 0.392387 -0.180827
v 0.447487 0.392387 -0.181965
v 0.450553 0.392387 -0.183813
v 0.455446 0.392387 -0.189331
v 0.458094 0.392387 -0.196541
v 0.458094 0.392387 -0.204344
v 0.455446 0.392387 -0.211554
v 0.450553 0.392387 -0.217072
v 0.444160 0.392387 -0.220058
v 0.437241 0.392387 -0.220058
v 0.430848 0.392387 -0.217072
v 0.425955 0.392387 -0.211554
v 0.423307 0.392387 -0.204344
v 0.423307 0.392387 -0.196541
v 0.450553 0.526439 -0.182241
v 0.450553 0.526439 -0.182241
v 0.440701 0.395549 -0.178899
v 0.444160 0.395549 -0.179280
v 0.450553 0.395549 -0.182241
v 0.450553 0.395549 -0.182241
v 0.437241 0.395549 -0.179280
v 0.437241 0.395549 -0.179280
v 0.437241 0.514704 -0.179280
v 0.437241 0.514704 -0.179280
v 0.447487 0.395549 -0.180408
v 0.450553 0.523030 -0.182241
v 0.437241 0.511601 -0.179280
v 0.448463 0.526439 -0.182241
v 0.435213 0.514704 -0.179280
v 0.423307 0.397505 -0.204344
v 0.425955 0.397547 -0.211554
v 0.430848 0.397626 -0.217072
v 0.437241 0.397729 -0.220058
v 0.444160 0.397841 -0.220058
v 0.450553 0.397944 -0.217072
v 0.455446 0.398023 -0.211554
v 0.458094 0.398066 -0.204344
v 0.458094 0.398066 -0.196541
v 0.455446 0.398023 -0.189331
v 0.450553 0.397944 -0.183813
v 0.450553 0.397944 -0.183813
v 0.437241 0.397729 -0.180827
v 0.437241 0.397729 -0.180827
v 0.430848 0.397626 -0.183813
v 0.425955 0.397547 -0.189331
v 0.425955 0.397547 -0.189331
v 0.423307 0.397505 -0.196541
v 0.450553 0.397944 -0.182241
v 0.437241 0.397729 -0.179280
v 0.429943 0.010709 0.202702
v 0.429943 0.010709 0.202702
v 0.423307 0.502421 0.204190
v 0.423307 0.502421 0.204190
v 0.431581 0.010709 0.207161
v 0.431581 0.010709 0.207161
v 0.425955 0.504755 0.211400
v 0.425955 0.504755 0.211400
v 0.434607 0.010709 0.210574
v 0.434607 0.010709 0.210574
v 0.430848 0.509068 0.216918
v 0.430848 0.509068 0.216918
v 0.437241 0.514704 0.219904
v 0.437241 0.514704 0.219904
v 0.444160 0.520803 0.219904
v 0.444160 0.520803 0.219904
v 0.450553 0.526439 0.216918
v 0.450553 0.526439 0.216918
v 0.449821 0.010709 0.207161
v 0.449821 0.010709 0.207161
v 0.455446 0.530752 0.211400
v 0.455446 0.530752 0.211400
v 0.451458 0.010709 0.202702
v 0.451458 0.010709 0.202702
v 0.458094 0.533086 0.204190
v 0.458094 0.533086 0.204190
v 0.458094 0.533086 0.196387
v 0.458094 0.533086 0.196387
v 0.455446 0.530752 0.189177
v 0.455446 0.530752 0.189177
v 0.446794 0.010709 0.190003
v 0.446794 0.010709 0.190003
v 0.450553 0.526439 0.183659
v 0.450553 0.526439 0.183659
v 0.450553 0.526439 0.183659
v 0.450553 0.526439 0.183659
v 0.442840 0.010709 0.188156
v 0.442840 0.010709 0.188156
v 0.437241 0.514704 0.180673
v 0.437241 0.514704 0.180673
v 0.437241 0.514704 0.180673
v 0.437241 0.514704 0.180673
v 0.430848 0.509068 0.183659
v 0.430848 0.509068 0.183659
v 0.425955 0.504755 0.189177
v 0.425955 0.504755 0.189177
v 0.425955 0.504755 0.189177
v 0.425955 0.504755 0.189177
v 0.423307 0.502421 0.196387
v 0.423307 0.502421 0.196387
v 0.436133 -0.000000 0.201353
v 0.436826 -0.000000 0.203240
v 0.438108 -0.000000 0.204685
v 0.439782 -0.000000 0.205467
v 0.441593 -0.000000 0.205467
v 0.443267 -0.000000 0.204685
v 0.444549 -0.000000 0.203240
v 0.445242 -0.000000 0.201353
v 0.445242 -0.000000 0.199309
v 0.444549 -0.000000 0.197421
v 0.443267 -0.000000 0.195976
v 0.442465 -0.000000 0.195493
v 0.441593 -0.000000 0.195194
v 0.440687 -0.000000 0.195094
v 0.439782 -0.000000 0.195194
v 0.438108 -0.000000 0.195976
v 0.436826 -0.000000 0.197421
v 0.436826 -0.000000 0.197421
v 0.436133 -0.000000 0.199309
v 0.447715 0.002300 0.195106
v 0.439003 0.002257 0.209810
v 0.445374 0.002261 0.192465
v 0.443906 0.002245 0.191581
v 0.442314 0.002256 0.209810
v 0.442314 0.002234 0.191036
v 0.440659 0.002231 0.190852
v 0.445374 0.002279 0.208381
v 0.439003 0.002236 0.191036
v 0.447715 0.002312 0.205741
v 0.435944 0.002264 0.192465
v 0.432335 0.002340 0.202290
v 0.448982 0.002333 0.202290
v 0.433603 0.002305 0.195106
v 0.433603 0.002305 0.195106
v 0.433603 0.002317 0.205741
v 0.448982 0.002329 0.198556
v 0.432335 0.002335 0.198556
v 0.435944 0.002283 0.208381
v 0.448696 0.005455 0.194263
v 0.438825 0.005432 0.210925
v 0.446043 0.005438 0.191271
v 0.444381 0.005430 0.190269
v 0.442577 0.005432 0.210925
v 0.442577 0.005426 0.189652
v 0.440701 0.005424 0.189444
v 0.446043 0.005443 0.209306
v 0.438825 0.005426 0.189652
v 0.448696 0.005459 0.206314
v 0.435358 0.005439 0.191271
v 0.431269 0.005471 0.202404
v 0.450132 0.005469 0.202404
v 0.432705 0.005456 0.194263
v 0.432705 0.005456 0.194263
v 0.432705 0.005460 0.206314
v 0.450132 0.005468 0.198173
v 0.431269 0.005470 0.198173
v 0.435358 0.005444 0.209306
v 0.438561 0.010709 0.212421
v 0.438561 0.010709 0.212421
v 0.442841 0.010709 0.212421
v 0.442841 0.010709 0.212421
v 0.446794 0.010709 0.210574
v 0.446794 0.010709 0.210574
v 0.451458 0.010709 0.197875
v 0.451458 0.010709 0.197875
v 0.449821 0.010709 0.193416
v 0.449821 0.010709 0.193416
v 0.444898 0.010709 0.188860
v 0.444898 0.010709 0.188860
v 0.440701 0.010709 0.187919
v 0.440701 0.010709 0.187919
v 0.438561 0.010709 0.188156
v 0.438561 0.010709 0.188156
v 0.434607 0.010709 0.190003
v 0.434607 0.010709 0.190003
v 0.431581 0.010709 0.193416
v 0.431581 0.010709 0.193416
v 0.431581 0.010709 0.193416
v 0.431581 0.010709 0.193416
v 0.429943 0.010709 0.197875
v 0.429943 0.010709 0.197875
v 0.423307 0.017741 0.204190
v 0.425278 0.012978 0.203748
v 0.423885 0.015295 0.204061
v 0.425955 0.017741 0.211400
v 0.427626 0.012978 0.210141
v 0.426445 0.015295 0.211031
v 0.430848 0.017741 0.216918
v 0.431965 0.012978 0.215034
v 0.431175 0.015295 0.216366
v 0.437241 0.017741 0.219904
v 0.437633 0.012978 0.217681
v 0.437356 0.015295 0.219253
v 0.444160 0.017741 0.219904
v 0.443768 0.012978 0.217682
v 0.444046 0.015295 0.219253
v 0.450553 0.017741 0.216918
v 0.449437 0.012978 0.215034
v 0.450226 0.015295 0.216366
v 0.455446 0.017741 0.211400
v 0.453775 0.012978 0.210141
v 0.454957 0.015295 0.211031
v 0.458094 0.017741 0.204190
v 0.456123 0.012978 0.203748
v 0.457517 0.015295 0.204061
v 0.458094 0.017741 0.196387
v 0.456123 0.012978 0.196829
v 0.457517 0.015295 0.196516
v 0.455446 0.017741 0.189177
v 0.453775 0.012978 0.190436
v 0.454957 0.015295 0.189546
v 0.450553 0.017741 0.183659
v 0.449437 0.012978 0.185544
v 0.450226 0.015295 0.184211
v 0.447487 0.017741 0.181811
v 0.446718 0.012978 0.183905
v 0.447262 0.015295 0.182424
v 0.444160 0.017741 0.180673
v 0.443768 0.012978 0.182896
v 0.444046 0.015295 0.181324
v 0.440701 0.017741 0.180289
v 0.440701 0.012978 0.182555
v 0.440701 0.015295 0.180952
v 0.437241 0.017741 0.180673
v 0.437633 0.012978 0.182896
v 0.437356 0.015295 0.181324
v 0.430848 0.017741 0.183659
v 0.431965 0.012978 0.185544
v 0.431175 0.015295 0.184211
v 0.425955 0.017741 0.189177
v 0.425955 0.017741 0.189177
v 0.427626 0.012978 0.190436
v 0.427626 0.012978 0.190436
v 0.426445 0.015295 0.189546
v 0.426445 0.015295 0.189546
v 0.423307 0.017741 0.196387
v 0.425278 0.012978 0.196829
v 0.423885 0.015295 0.196516
v 0.450553 0.526439 -0.000077
v 0.450553 0.526439 -0.000077
v 0.423307 0.395549 0.196387
v 0.423307 0.395549 0.204190
v 0.425955 0.395549 0.211400
v 0.430848 0.395549 0.216918
v 0.437241 0.395549 0.219904
v 0.444160 0.395549 0.219904
v 0.450553 0.395549 0.216918
v 0.455446 0.395549 0.211400
v 0.458094 0.395549 0.204190
v 0.458094 0.395549 0.196387
v 0.455446 0.395549 0.189177
v 0.450553 0.395549 0.183659
v 0.450553 0.395549 0.183659
v 0.450553 0.395549 0.183659
v 0.447487 0.395549 0.181811
v 0.447487 0.395549 0.181811
v 0.444160 0.395549 0.180673
v 0.444160 0.395549 0.180673
v 0.440701 0.395549 0.180289
v 0.440701 0.395549 0.180289
v 0.437241 0.395549 0.180673
v 0.437241 0.395549 0.180673
v 0.437241 0.395549 0.180673
v 0.430848 0.395549 0.183659
v 0.425955 0.395549 0.189177
v 0.425955 0.395549 0.189177
v 0.437241 0.514704 -0.000077
v 0.437241 0.514704 -0.000077
v 0.450553 0.395549 -0.000077
v 0.450553 0.395549 -0.000077
v 0.447487 0.395549 -0.000077
v 0.444160 0.395549 -0.000077
v 0.440701 0.395549 -0.000077
v 0.437241 0.395549 -0.000077
v 0.437241 0.395549 -0.000077
v 0.423307 0.499638 0.196387
v 0.423307 0.499638 0.204190
v 0.425955 0.501912 0.211400
v 0.430848 0.506113 0.216918
v 0.437241 0.511601 0.219904
v 0.444160 0.517542 0.219904
v 0.450553 0.523030 0.216918
v 0.455446 0.527231 0.211400
v 0.458094 0.529505 0.204190
v 0.458094 0.529505 0.196387
v 0.455446 0.527231 0.189177
v 0.450553 0.523030 0.183659
v 0.450553 0.523030 0.183659
v 0.437241 0.511601 0.180673
v 0.437241 0.511601 0.180673
v 0.430848 0.506113 0.183659
v 0.425955 0.501912 0.189177
v 0.425955 0.501912 0.189177
v 0.437241 0.511601 -0.000077
v 0.450553 0.523030 -0.000077
v 0.442100 0.520803 0.219904
v 0.435213 0.514704 0.180673
v 0.435213 0.514704 0.180673
v 0.448463 0.526439 0.183659
v 0.448463 0.526439 0.183659
v 0.421344 0.502421 0.196387
v 0.448463 0.526439 0.216918
v 0.428849 0.509068 0.183659
v 0.453333 0.530752 0.211400
v 0.421344 0.502421 0.204190
v 0.455969 0.533086 0.204190
v 0.423979 0.504755 0.211400
v 0.455969 0.533086 0.196387
v 0.423979 0.504755 0.189177
v 0.423979 0.504755 0.189177
v 0.428849 0.509068 0.216918
v 0.453333 0.530752 0.189177
v 0.435213 0.514704 0.219904
v 0.448463 0.526439 -0.000077
v 0.435213 0.514704 -0.000077
v 0.425955 0.392387 0.189177
v 0.425955 0.392387 0.189177
v 0.430848 0.392387 0.183659
v 0.437241 0.392387 0.180673
v 0.440701 0.392387 0.180289
v 0.444160 0.392387 0.180673
v 0.447487 0.392387 0.181811
v 0.450553 0.392387 0.183659
v 0.455446 0.392387 0.189177
v 0.458094 0.392387 0.196387
v 0.458094 0.392387 0.204190
v 0.455446 0.392387 0.211400
v 0.450553 0.392387 0.216918
v 0.444160 0.392387 0.219904
v 0.437241 0.392387 0.219904
v 0.430848 0.392387 0.216918
v 0.425955 0.392387 0.211400
v 0.423307 0.392387 0.204190
v 0.423307 0.392387 0.196387
v 0.450553 0.526439 0.181804
v 0.450553 0.526439 0.181804
v 0.440701 0.395549 0.178467
v 0.444160 0.395549 0.178848
v 0.450553 0.395549 0.181804
v 0.450553 0.395549 0.181804
v 0.437241 0.395549 0.178848
v 0.437241 0.395549 0.178848
v 0.437241 0.514704 0.178848
v 0.437241 0.514704 0.178848
v 0.447487 0.395549 0.179974
v 0.450553 0.523030 0.181804
v 0.437241 0.511601 0.178848
v 0.448463 0.526439 0.181804
v 0.435213 0.514704 0.178848
v 0.423307 0.397505 0.204190
v 0.425955 0.397547 0.211400
v 0.430848 0.397626 0.216918
v 0.437241 0.397729 0.219904
v 0.444160 0.397841 0.219904
v 0.450553 0.397944 0.216918
v 0.455446 0.398023 0.211400
v 0.458094 0.398066 0.204190
v 0.458094 0.398066 0.196387
v 0.455446 0.398023 0.189177
v 0.450553 0.397944 0.183659
v 0.450553 0.397944 0.183659
v 0.437241 0.397729 0.180673
v 0.437241 0.397729 0.180673
v 0.430848 0.397626 0.183659
v 0.425955 0.397547 0.189177
v 0.425955 0.397547 0.189177
v 0.437241 0.397729 -0.000077
v 0.450553 0.397944 -0.000077
v 0.423307 0.397505 0.196387
v 0.450553 0.397944 0.181804
v 0.437241 0.397729 0.178848
v -0.429943 0.010709 -0.202856
v -0.429943 0.010709 -0.202856
v -0.423307 0.502421 -0.204344
v -0.423307 0.502421 -0.204344
v -0.431581 0.010709 -0.207315
v -0.431581 0.010709 -0.207315
v -0.425955 0.504755 -0.211554
v -0.425955 0.504755 -0.211554
v -0.434607 0.010709 -0.210728
v -0.434607 0.010709 -0.210728
v -0.430848 0.509068 -0.217072
v -0.430848 0.509068 -0.217072
v -0.437241 0.514704 -0.220058
v -0.437241 0.514704 -0.220058
v -0.444160 0.520803 -0.220058
v -0.444160 0.520803 -0.220058
v -0.450553 0.526439 -0.217072
v -0.450553 0.526439 -0.217072
v -0.449821 0.010709 -0.207315
v -0.449821 0.010709 -0.207315
v -0.455446 0.530752 -0.211554
v -0.455446 0.530752 -0.211554
v -0.451458 0.010709 -0.202856
v -0.451458 0.010709 -0.202856
v -0.458094 0.533086 -0.204344
v -0.458094 0.533086 -0.204344
v -0.458094 0.533086 -0.196541
v -0.458094 0.533086 -0.196541
v -0.455446 0.530752 -0.189331
v -0.455446 0.530752 -0.189331
v -0.446794 0.010709 -0.190157
v -0.446794 0.010709 -0.190157
v -0.450553 0.526439 -0.183813
v -0.450553 0.526439 -0.183813
v -0.450553 0.526439 -0.183813
v -0.450553 0.526439 -0.183813
v -0.442840 0.010709 -0.188310
v -0.442840 0.010709 -0.188310
v -0.437241 0.514704 -0.180827
v -0.437241 0.514704 -0.180827
v -0.437241 0.514704 -0.180827
v -0.437241 0.514704 -0.180827
v -0.430848 0.509068 -0.183813
v -0.430848 0.509068 -0.183813
v -0.425955 0.504755 -0.189331
v -0.425955 0.504755 -0.189331
v -0.425955 0.504755 -0.189331
v -0.425955 0.504755 -0.189331
v -0.423307 0.502421 -0.196541
v -0.423307 0.502421 -0.196541
v -0.436126 -0.000000 -0.201516
v -0.436819 -0.000000 -0.203403
v -0.438100 -0.000000 -0.204848
v -0.439774 -0.000000 -0.205630
v -0.441586 -0.000000 -0.205630
v -0.443260 -0.000000 -0.204848
v -0.444541 -0.000000 -0.203403
v -0.445234 -0.000000 -0.201516
v -0.445234 -0.000000 -0.199472
v -0.444541 -0.000000 -0.197584
v -0.443260 -0.000000 -0.196139
v -0.442457 -0.000000 -0.195655
v -0.441586 -0.000000 -0.195357
v -0.440680 -0.000000 -0.195257
v -0.439774 -0.000000 -0.195357
v -0.438100 -0.000000 -0.196139
v -0.436819 -0.000000 -0.197584
v -0.436819 -0.000000 -0.197584
v -0.436126 -0.000000 -0.199472
v -0.447691 0.002297 -0.195289
v -0.438979 0.002260 -0.209993
v -0.445350 0.002258 -0.192648
v -0.443882 0.002242 -0.191764
v -0.442290 0.002258 -0.209993
v -0.442290 0.002232 -0.191219
v -0.440635 0.002229 -0.191035
v -0.445350 0.002280 -0.208564
v -0.438979 0.002234 -0.191219
v -0.447691 0.002312 -0.205923
v -0.435920 0.002263 -0.192648
v -0.432311 0.002342 -0.202473
v -0.448958 0.002332 -0.202473
v -0.433579 0.002305 -0.195289
v -0.433579 0.002305 -0.195289
v -0.433579 0.002320 -0.205923
v -0.448958 0.002327 -0.198739
v -0.432311 0.002336 -0.198739
v -0.435920 0.002286 -0.208564
v -0.448696 0.005454 -0.194417
v -0.438825 0.005433 -0.211079
v -0.446043 0.005437 -0.191425
v -0.444381 0.005430 -0.190423
v -0.442577 0.005432 -0.211079
v -0.442577 0.005425 -0.189806
v -0.440701 0.005424 -0.189597
v -0.446043 0.005443 -0.209460
v -0.438825 0.005426 -0.189806
v -0.448696 0.005458 -0.206468
v -0.435358 0.005438 -0.191425
v -0.431269 0.005472 -0.202558
v -0.450132 0.005469 -0.202558
v -0.432705 0.005456 -0.194417
v -0.432705 0.005456 -0.194417
v -0.432705 0.005461 -0.206468
v -0.450132 0.005467 -0.198327
v -0.431269 0.005470 -0.198327
v -0.435358 0.005444 -0.209460
v -0.438561 0.010709 -0.212575
v -0.438561 0.010709 -0.212575
v -0.442841 0.010709 -0.212575
v -0.442841 0.010709 -0.212575
v -0.446794 0.010709 -0.210728
v -0.446794 0.010709 -0.210728
v -0.451458 0.010709 -0.198029
v -0.451458 0.010709 -0.198029
v -0.449821 0.010709 -0.193570
v -0.449821 0.010709 -0.193570
v -0.444898 0.010709 -0.189014
v -0.444898 0.010709 -0.189014
v -0.440701 0.010709 -0.188073
v -0.440701 0.010709 -0.188073
v -0.438561 0.010709 -0.188310
v -0.438561 0.010709 -0.188310
v -0.434607 0.010709 -0.190157
v -0.434607 0.010709 -0.190157
v -0.431581 0.010709 -0.193570
v -0.431581 0.010709 -0.193570
v -0.431581 0.010709 -0.193570
v -0.431581 0.010709 -0.193570
v -0.429943 0.010709 -0.198029
v -0.429943 0.010709 -0.198029
v -0.423307 0.017741 -0.204344
v -0.425278 0.012978 -0.203902
v -0.423885 0.015295 -0.204215
v -0.425955 0.017741 -0.211554
v -0.427626 0.012978 -0.210295
v -0.426445 0.015295 -0.211185
v -0.430848 0.017741 -0.217072
v -0.431965 0.012978 -0.215187
v -0.431175 0.015295 -0.216520
v -0.437241 0.017741 -0.220058
v -0.437633 0.012978 -0.217835
v -0.437356 0.015295 -0.219407
v -0.444160 0.017741 -0.220058
v -0.443768 0.012978 -0.217835
v -0.444046 0.015295 -0.219407
v -0.450553 0.017741 -0.217072
v -0.449437 0.012978 -0.215187
v -0.450226 0.015295 -0.216520
v -0.455446 0.017741 -0.211554
v -0.453775 0.012978 -0.210295
v -0.454957 0.015295 -0.211185
v -0.458094 0.017741 -0.204344
v -0.456123 0.012978 -0.203902
v -0.457517 0.015295 -0.204215
v -0.458094 0.017741 -0.196541
v -0.456123 0.012978 -0.196983
v -0.457517 0.015295 -0.196670
v -0.455446 0.017741 -0.189331
v -0.453775 0.012978 -0.190590
v -0.454957 0.015295 -0.189700
v -0.450553 0.017741 -0.183813
v -0.449437 0.012978 -0.185698
v -0.450226 0.015295 -0.184365
v -0.447487 0.017741 -0.181965
v -0.446718 0.012978 -0.184059
v -0.447262 0.015295 -0.182578
v -0.444160 0.017741 -0.180827
v -0.443768 0.012978 -0.183050
v -0.444046 0.015295 -0.181478
v -0.440701 0.017741 -0.180442
v -0.440701 0.012978 -0.182709
v -0.440701 0.015295 -0.181106
v -0.437241 0.017741 -0.180827
v -0.437633 0.012978 -0.183050
v -0.437356 0.015295 -0.181478
v -0.430848 0.017741 -0.183813
v -0.431965 0.012978 -0.185698
v -0.431175 0.015295 -0.184365
v -0.425955 0.017741 -0.189331
v -0.425955 0.017741 -0.189331
v -0.427626 0.012978 -0.190590
v -0.427626 0.012978 -0.190590
v -0.426445 0.015295 -0.189700
v -0.426445 0.015295 -0.189700
v -0.423307 0.017741 -0.196541
v -0.425278 0.012978 -0.196983
v -0.423885 0.015295 -0.196670
v -0.000000 0.502421 -0.204344
v -0.000000 0.504755 -0.211554
v -0.000000 0.509068 -0.217072
v -0.000000 0.514704 -0.220058
v -0.000000 0.520803 -0.220058
v -0.000000 0.526439 -0.217072
v -0.000000 0.530752 -0.211554
v -0.000000 0.533086 -0.204344
v -0.000000 0.533086 -0.196541
v -0.000000 0.530752 -0.189331
v -0.000000 0.526439 -0.183813
v -0.000000 0.526439 -0.183813
v -0.000000 0.514704 -0.180827
v -0.000000 0.514704 -0.180827
v -0.000000 0.509068 -0.183813
v -0.000000 0.504755 -0.189331
v -0.000000 0.504755 -0.189331
v -0.000000 0.502421 -0.196541
v -0.423307 0.395549 -0.196541
v -0.423307 0.395549 -0.204344
v -0.425955 0.395549 -0.211554
v -0.430848 0.395549 -0.217072
v -0.437241 0.395549 -0.220058
v -0.444160 0.395549 -0.220058
v -0.450553 0.395549 -0.217072
v -0.455446 0.395549 -0.211554
v -0.458094 0.395549 -0.204344
v -0.458094 0.395549 -0.196541
v -0.455446 0.395549 -0.189331
v -0.450553 0.395549 -0.183813
v -0.450553 0.395549 -0.183813
v -0.450553 0.395549 -0.183813
v -0.447487 0.395549 -0.181965
v -0.447487 0.395549 -0.181965
v -0.444160 0.395549 -0.180827
v -0.444160 0.395549 -0.180827
v -0.440701 0.395549 -0.180442
v -0.440701 0.395549 -0.180442
v -0.437241 0.395549 -0.180827
v -0.437241 0.395549 -0.180827
v -0.437241 0.395549 -0.180827
v -0.430848 0.395549 -0.183813
v -0.425955 0.395549 -0.189331
v -0.425955 0.395549 -0.189331
v -0.423307 0.499638 -0.196541
v -0.423307 0.499638 -0.204344
v -0.425955 0.501912 -0.211554
v -0.430848 0.506113 -0.217072
v -0.437241 0.511601 -0.220058
v -0.444160 0.517542 -0.220058
v -0.450553 0.523030 -0.217072
v -0.455446 0.527231 -0.211554
v -0.458094 0.529505 -0.204344
v -0.458094 0.529505 -0.196541
v -0.455446 0.527231 -0.189331
v -0.450553 0.523030 -0.183813
v -0.450553 0.523030 -0.183813
v -0.437241 0.511601 -0.180827
v -0.437241 0.511601 -0.180827
v -0.430848 0.506113 -0.183813
v -0.425955 0.501912 -0.189331
v -0.425955 0.501912 -0.189331
v -0.442100 0.520803 -0.220058
v -0.435213 0.514704 -0.180827
v -0.435213 0.514704 -0.180827
v -0.448463 0.526439 -0.183813
v -0.448463 0.526439 -0.183813
v -0.421344 0.502421 -0.196541
v -0.448463 0.526439 -0.217072
v -0.428849 0.509068 -0.183813
v -0.453333 0.530752 -0.211554
v -0.421344 0.502421 -0.204344
v -0.455969 0.533086 -0.204344
v -0.423979 0.504755 -0.211554
v -0.455969 0.533086 -0.196541
v -0.423979 0.504755 -0.189331
v -0.423979 0.504755 -0.189331
v -0.428849 0.509068 -0.217072
v -0.453333 0.530752 -0.189331
v -0.435213 0.514704 -0.220058
v -0.425955 0.392387 -0.189331
v -0.425955 0.392387 -0.189331
v -0.430848 0.392387 -0.183813
v -0.437241 0.392387 -0.180827
v -0.440701 0.392387 -0.180442
v -0.444160 0.392387 -0.180827
v -0.447487 0.392387 -0.181965
v -0.450553 0.392387 -0.183813
v -0.455446 0.392387 -0.189331
v -0.458094 0.392387 -0.196541
v -0.458094 0.392387 -0.204344
v -0.455446 0.392387 -0.211554
v -0.450553 0.392387 -0.217072
v -0.444160 0.392387 -0.220058
v -0.437241 0.392387 -0.220058
v -0.430848 0.392387 -0.217072
v -0.425955 0.392387 -0.211554
v -0.423307 0.392387 -0.204344
v -0.423307 0.392387 -0.196541
v -0.450553 0.526439 -0.182241
v -0.450553 0.526439 -0.182241
v -0.000000 0.526439 -0.182241
v -0.000000 0.514704 -0.179280
v -0.440701 0.395549 -0.178899
v -0.444160 0.395549 -0.179280
v -0.450553 0.395549 -0.182241
v -0.450553 0.395549 -0.182241
v -0.437241 0.395549 -0.179280
v -0.437241 0.395549 -0.179280
v -0.437241 0.514704 -0.179280
v -0.437241 0.514704 -0.179280
v -0.447487 0.395549 -0.180408
v -0.450553 0.523030 -0.182241
v -0.437241 0.511601 -0.179280
v -0.448463 0.526439 -0.182241
v -0.435213 0.514704 -0.179280
v -0.423307 0.397505 -0.204344
v -0.425955 0.397547 -0.211554
v -0.430848 0.397626 -0.217072
v -0.437241 0.397729 -0.220058
v -0.444160 0.397841 -0.220058
v -0.450553 0.397944 -0.217072
v -0.455446 0.398023 -0.211554
v -0.458094 0.398066 -0.204344
v -0.458094 0.398066 -0.196541
v -0.455446 0.398023 -0.189331
v -0.450553 0.397944 -0.183813
v -0.450553 0.397944 -0.183813
v -0.437241 0.397729 -0.180827
v -0.437241 0.397729 -0.180827
v -0.430848 0.397626 -0.183813
v -0.425955 0.397547 -0.189331
v -0.425955 0.397547 -0.189331
v -0.423307 0.397505 -0.196541
v -0.450553 0.397944 -0.182241
v -0.437241 0.397729 -0.179280
v -0.429943 0.010709 0.202702
v -0.429943 0.010709 0.202702
v -0.423307 0.502421 0.204190
v -0.423307 0.502421 0.204190
v -0.431581 0.010709 0.207161
v -0.431581 0.010709 0.207161
v -0.425955 0.504755 0.211400
v -0.425955 0.504755 0.211400
v -0.434607 0.010709 0.210574
v -0.434607 0.010709 0.210574
v -0.430848 0.509068 0.216918
v -0.430848 0.509068 0.216918
v -0.437241 0.514704 0.219904
v -0.437241 0.514704 0.219904
v -0.444160 0.520803 0.219904
v -0.444160 0.520803 0.219904
v -0.450553 0.526439 0.216918
v -0.450553 0.526439 0.216918
v -0.449821 0.010709 0.207161
v -0.449821 0.010709 0.207161
v -0.455446 0.530752 0.211400
v -0.455446 0.530752 0.211400
v -0.451458 0.010709 0.202702
v -0.451458 0.010709 0.202702
v -0.458094 0.533086 0.204190
v -0.458094 0.533086 0.204190
v -0.458094 0.533086 0.196387
v -0.458094 0.533086 0.196387
v -0.455446 0.530752 0.189177
v -0.455446 0.530752 0.189177
v -0.446794 0.010709 0.190003
v -0.446794 0.010709 0.190003
v -0.450553 0.526439 0.183659
v -0.450553 0.526439 0.183659
v -0.450553 0.526439 0.183659
v -0.450553 0.526439 0.183659
v -0.442840 0.010709 0.188157
v -0.442840 0.010709 0.188157
v -0.437241 0.514704 0.180673
v -0.437241 0.514704 0.180673
v -0.437241 0.514704 0.180673
v -0.437241 0.514704 0.180673
v -0.430848 0.509068 0.183659
v -0.430848 0.509068 0.183659
v -0.425955 0.504755 0.189177
v -0.425955 0.504755 0.189177
v -0.425955 0.504755 0.189177
v -0.425955 0.504755 0.189177
v -0.423307 0.502421 0.196387
v -0.423307 0.502421 0.196387
v -0.436133 -0.000000 0.201353
v -0.436826 -0.000000 0.203240
v -0.438108 -0.000000 0.204685
v -0.439782 -0.000000 0.205467
v -0.441593 -0.000000 0.205467
v -0.443267 -0.000000 0.204685
v -0.444549 -0.000000 0.203240
v -0.445242 -0.000000 0.201353
v -0.445242 -0.000000 0.199309
v -0.444549 -0.000000 0.197421
v -0.443267 -0.000000 0.195976
v -0.442465 -0.000000 0.195493
v -0.441593 -0.000000 0.195195
v -0.440687 -0.000000 0.195094
v -0.439782 -0.000000 0.195195
v -0.438108 -0.000000 0.195976
v -0.436826 -0.000000 0.197421
v -0.436826 -0.000000 0.197421
v -0.436133 -0.000000 0.199309
v -0.447715 0.002300 0.195106
v -0.439003 0.002257 0.209810
v -0.445374 0.002261 0.192465
v -0.443906 0.002245 0.191581
v -0.442314 0.002256 0.209810
v -0.442314 0.002234 0.191036
v -0.440659 0.002231 0.190852
v -0.445374 0.002279 0.208381
v -0.439003 0.002236 0.191036
v -0.447715 0.002312 0.205741
v -0.435944 0.002264 0.192465
v -0.432335 0.002340 0.202290
v -0.448982 0.002333 0.202290
v -0.433603 0.002305 0.195106
v -0.433603 0.002305 0.195106
v -0.433603 0.002317 0.205741
v -0.448982 0.002329 0.198556
v -0.432335 0.002335 0.198556
v -0.435944 0.002283 0.208381
v -0.448696 0.005455 0.194263
v -0.438825 0.005432 0.210925
v -0.446043 0.005438 0.191271
v -0.444381 0.005430 0.190269
v -0.442577 0.005432 0.210925
v -0.442577 0.005426 0.189652
v -0.440701 0.005424 0.189444
v -0.446043 0.005443 0.209306
v -0.438825 0.005426 0.189652
v -0.448696 0.005459 0.206314
v -0.435358 0.005439 0.191271
v -0.431269 0.005471 0.202404
v -0.450132 0.005469 0.202404
v -0.432705 0.005456 0.194263
v -0.432705 0.005456 0.194263
v -0.432705 0.005460 0.206314
v -0.450132 0.005468 0.198173
v -0.431269 0.005470 0.198173
v -0.435358 0.005444 0.209306
v -0.438561 0.010709 0.212421
v -0.438561 0.010709 0.212421
v -0.442841 0.010709 0.212421
v -0.442841 0.010709 0.212421
v -0.446794 0.010709 0.210574
v -0.446794 0.010709 0.210574
v -0.451458 0.010709 0.197875
v -0.451458 0.010709 0.197875
v -0.449821 0.010709 0.193416
v -0.449821 0.010709 0.193416
v -0.444898 0.010709 0.188860
v -0.444898 0.010709 0.188860
v -0.440701 0.010709 0.187919
v -0.440701 0.010709 0.187919
v -0.438561 0.010709 0.188157
v -0.438561 0.010709 0.188157
v -0.434607 0.010709 0.190004
v -0.434607 0.010709 0.190004
v -0.431581 0.010709 0.193416
v -0.431581 0.010709 0.193416
v -0.431581 0.010709 0.193416
v -0.431581 0.010709 0.193416
v -0.429943 0.010709 0.197875
v -0.429943 0.010709 0.197875
v -0.423307 0.017741 0.204190
v -0.425278 0.012978 0.203748
v -0.423885 0.015295 0.204061
v -0.425955 0.017741 0.211400
v -0.427626 0.012978 0.210141
v -0.426445 0.015295 0.211031
v -0.430848 0.017741 0.216918
v -0.431965 0.012978 0.215034
v -0.431175 0.015295 0.216366
v -0.437241 0.017741 0.219904
v -0.437633 0.012978 0.217682
v -0.437356 0.015295 0.219253
v -0.444160 0.017741 0.219904
v -0.443768 0.012978 0.217682
v -0.444046 0.015295 0.219253
v -0.450553 0.017741 0.216918
v -0.449437 0.012978 0.215034
v -0.450226 0.015295 0.216366
v -0.455446 0.017741 0.211400
v -0.453775 0.012978 0.210141
v -0.454957 0.015295 0.211031
v -0.458094 0.017741 0.204190
v -0.456123 0.012978 0.203748
v -0.457517 0.015295 0.204061
v -0.458094 0.017741 0.196387
v -0.456123 0.012978 0.196829
v -0.457517 0.015295 0.196516
v -0.455446 0.017741 0.189177
v -0.453775 0.012978 0.190436
v -0.454957 0.015295 0.189546
v -0.450553 0.017741 0.183659
v -0.449437 0.012978 0.185544
v -0.450226 0.015295 0.184211
v -0.447487 0.017741 0.181811
v -0.446718 0.012978 0.183905
v -0.447262 0.015295 0.182424
v -0.444160 0.017741 0.180673
v -0.443768 0.012978 0.182896
v -0.444046 0.015295 0.181324
v -0.440701 0.017741 0.180289
v -0.440701 0.012978 0.182555
v -0.440701 0.015295 0.180952
v -0.437241 0.017741 0.180673
v -0.437633 0.012978 0.182896
v -0.437356 0.015295 0.181324
v -0.430848 0.017741 0.183659
v -0.431965 0.012978 0.185544
v -0.431175 0.015295 0.184211
v -0.425955 0.017741 0.189177
v -0.425955 0.017741 0.189177
v -0.427626 0.012978 0.190436
v -0.427626 0.012978 0.190436
v -0.426445 0.015295 0.189546
v -0.426445 0.015295 0.189546
v -0.423307 0.017741 0.196387
v -0.425278 0.012978 0.196829
v -0.423885 0.015295 0.196516
v 0.000000 0.502421 0.204190
v 0.000000 0.504755 0.211400
v 0.000000 0.509068 0.216918
v 0.000000 0.514704 0.219904
v 0.000000 0.520803 0.219904
v 0.000000 0.526439 0.216918
v 0.000000 0.530752 0.211400
v 0.000000 0.533086 0.204190
v 0.000000 0.533086 0.196387
v 0.000000 0.530752 0.189177
v 0.000000 0.526439 0.183659
v 0.000000 0.526439 0.183659
v 0.000000 0.514704 0.180673
v 0.000000 0.514704 0.180673
v 0.000000 0.509068 0.183659
v 0.000000 0.504755 0.189177
v 0.000000 0.504755 0.189177
v 0.000000 0.502421 0.196387
v -0.450553 0.526439 -0.000077
v -0.450553 0.526439 -0.000077
v -0.000000 0.526439 -0.000077
v -0.000000 0.514704 -0.000077
v -0.423307 0.395549 0.196387
v -0.423307 0.395549 0.204190
v -0.425955 0.395549 0.211400
v -0.430848 0.395549 0.216918
v -0.437241 0.395549 0.219904
v -0.444160 0.395549 0.219904
v -0.450553 0.395549 0.216918
v -0.455446 0.395549 0.211400
v -0.458094 0.395549 0.204190
v -0.458094 0.395549 0.196387
v -0.455446 0.395549 0.189177
v -0.450553 0.395549 0.183659
v -0.450553 0.395549 0.183659
v -0.450553 0.395549 0.183659
v -0.447487 0.395549 0.181811
v -0.447487 0.395549 0.181811
v -0.444160 0.395549 0.180673
v -0.444160 0.395549 0.180673
v -0.440701 0.395549 0.180289
v -0.440701 0.395549 0.180289
v -0.437241 0.395549 0.180673
v -0.437241 0.395549 0.180673
v -0.437241 0.395549 0.180673
v -0.430848 0.395549 0.183659
v -0.425955 0.395549 0.189177
v -0.425955 0.395549 0.189177
v -0.437241 0.514704 -0.000077
v -0.437241 0.514704 -0.000077
v -0.450553 0.395549 -0.000077
v -0.450553 0.395549 -0.000077
v -0.447487 0.395549 -0.000077
v -0.444160 0.395549 -0.000077
v -0.440701 0.395549 -0.000077
v -0.437241 0.395549 -0.000077
v -0.437241 0.395549 -0.000077
v -0.423307 0.499638 0.196387
v -0.423307 0.499638 0.204190
v -0.425955 0.501912 0.211400
v -0.430848 0.506113 0.216918
v -0.437241 0.511601 0.219904
v -0.444160 0.517542 0.219904
v -0.450553 0.523030 0.216918
v -0.455446 0.527231 0.211400
v -0.458094 0.529505 0.204190
v -0.458094 0.529505 0.196387
v -0.455446 0.527231 0.189177
v -0.450553 0.523030 0.183659
v -0.450553 0.523030 0.183659
v -0.437241 0.511601 0.180673
v -0.437241 0.511601 0.180673
v -0.430848 0.506113 0.183659
v -0.425955 0.501912 0.189177
v -0.425955 0.501912 0.189177
v -0.437241 0.511601 -0.000077
v -0.450553 0.523030 -0.000077
v -0.442100 0.520803 0.219904
v -0.435213 0.514704 0.180673
v -0.435213 0.514704 0.180673
v -0.448463 0.526439 0.183659
v -0.448463 0.526439 0.183659
v -0.421344 0.502421 0.196387
v -0.448463 0.526439 0.216918
v -0.428849 0.509068 0.183659
v -0.453333 0.530752 0.211400
v -0.421344 0.502421 0.204190
v -0.455969 0.533086 0.204190
v -0.423979 0.504755 0.211400
v -0.455969 0.533086 0.196387
v -0.423979 0.504755 0.189177
v -0.423979 0.504755 0.189177
v -0.428849 0.509068 0.216918
v -0.453333 0.530752 0.189177
v -0.435213 0.514704 0.219904
v -0.448463 0.526439 -0.000077
v -0.435213 0.514704 -0.000077
v -0.425955 0.392387 0.189177
v -0.425955 0.392387 0.189177
v -0.430848 0.392387 0.183659
v -0.437241 0.392387 0.180673
v -0.440701 0.392387 0.180289
v -0.444160 0.392387 0.180673
v -0.447487 0.392387 0.181811
v -0.450553 0.392387 0.183659
v -0.455446 0.392387 0.189177
v -0.458094 0.392387 0.196387
v -0.458094 0.392387 0.204190
v -0.455446 0.392387 0.211400
v -0.450553 0.392387 0.216918
v -0.444160 0.392387 0.219904
v -0.437241 0.392387 0.219904
v -0.430848 0.392387 0.216918
v -0.425955 0.392387 0.211400
v -0.423307 0.392387 0.204190
v -0.423307 0.392387 0.196387
v -0.450553 0.526439 0.181804
v -0.450553 0.526439 0.181804
v 0.000000 0.526439 0.181804
v 0.000000 0.514704 0.178848
v -0.440701 0.395549 0.178467
v -0.444160 0.395549 0.178848
v -0.450553 0.395549 0.181804
v -0.450553 0.395549 0.181804
v -0.437241 0.395549 0.178848
v -0.437241 0.395549 0.178848
v -0.437241 0.514704 0.178848
v -0.437241 0.514704 0.178848
v -0.447487 0.395549 0.179974
v -0.450553 0.523030 0.181804
v -0.437241 0.511601 0.178848
v -0.448463 0.526439 0.181804
v -0.435213 0.514704 0.178848
v -0.423307 0.397505 0.204190
v -0.425955 0.397547 0.211400
v -0.430848 0.397626 0.216918
v -0.437241 0.397729 0.219904
v -0.444160 0.397841 0.219904
v -0.450553 0.397944 0.216918
v -0.455446 0.398023 0.211400
v -0.458094 0.398066 0.204190
v -0.458094 0.398066 0.196387
v -0.455446 0.398023 0.189177
v -0.450553 0.397944 0.183659
v -0.450553 0.397944 0.183659
v -0.437241 0.397729 0.180673
v -0.437241 0.397729 0.180673
v -0.430848 0.397626 0.183659
v -0.425955 0.397547 0.189177
v -0.425955 0.397547 0.189177
v -0.437241 0.397729 -0.000077
v -0.450553 0.397944 -0.000077
v -0.423307 0.397505 0.196387
v -0.450553 0.397944 0.181804
v -0.437241 0.397729 0.178848
v 0.451165 0.526977 -0.184379
v 0.451165 0.526977 -0.184379
v 0.447173 0.010709 -0.190507
v 0.447173 0.010709 -0.190507
v 0.443420 -0.000000 -0.196288
v 0.445642 0.002273 -0.192919
v 0.446375 0.005442 -0.191732
v 0.451165 0.017741 -0.184379
v 0.450817 0.015295 -0.184912
v 0.449979 0.012978 -0.186199
v -0.000000 0.526977 -0.184379
v 0.451165 0.395549 -0.184379
v 0.451165 0.523555 -0.184379
v 0.449072 0.526977 -0.184379
v 0.451165 0.392387 -0.184379
v 0.451165 0.397954 -0.184379
v -0.451165 0.526977 -0.184379
v -0.451165 0.526977 -0.184379
v -0.447173 0.010709 -0.190507
v -0.447173 0.010709 -0.190507
v -0.443420 -0.000000 -0.196288
v -0.445642 0.002273 -0.192919
v -0.446375 0.005442 -0.191732
v -0.451165 0.017741 -0.184379
v -0.450817 0.015295 -0.184912
v -0.449979 0.012978 -0.186199
v -0.451165 0.395549 -0.184379
v -0.451165 0.523555 -0.184379
v -0.449072 0.526977 -0.184379
v -0.451165 0.392387 -0.184379
v -0.451165 0.397954 -0.184379
v 0.450972 0.526808 0.184047
v 0.450972 0.526808 0.184047
v 0.447054 0.010709 0.190244
v 0.447054 0.010709 0.190244
v 0.443377 -0.000000 0.196078
v 0.445574 0.002272 0.192651
v 0.446271 0.005442 0.191482
v 0.450972 0.017741 0.184047
v 0.450632 0.015295 0.184586
v 0.449809 0.012978 0.185888
v 0.000000 0.526808 0.184047
v 0.450972 0.395549 0.184047
v 0.450972 0.523390 0.184047
v 0.448880 0.526808 0.184047
v 0.450972 0.392387 0.184047
v 0.450972 0.397951 0.184047
v -0.450972 0.526808 0.184047
v -0.450972 0.526808 0.184047
v -0.447054 0.010709 0.190244
v -0.447054 0.010709 0.190244
v -0.443377 -0.000000 0.196078
v -0.445574 0.002272 0.192651
v -0.446271 0.005442 0.191482
v -0.450972 0.017741 0.184047
v -0.450632 0.015295 0.184586
v -0.449809 0.012978 0.185888
v -0.450972 0.395549 0.184047
v -0.450972 0.523390 0.184047
v -0.448880 0.526808 0.184047
v -0.450972 0.392387 0.184047
v -0.450972 0.397951 0.184047
v 0.451650 0.527406 -0.184941
v 0.451650 0.527406 -0.184941
v 0.445875 0.002286 -0.193188
v 0.446638 0.005448 -0.192037
v 0.451287 0.015295 -0.185455
v 0.450409 0.012978 -0.186697
v -0.000000 0.527406 -0.184941
v -0.451650 0.527406 -0.184941
v -0.451650 0.527406 -0.184941
v -0.445875 0.002286 -0.193188
v -0.446638 0.005448 -0.192037
v -0.451287 0.015295 -0.185455
v -0.450409 0.012978 -0.186697
v 0.447473 0.010709 -0.190855
v 0.447473 0.010709 -0.190855
v 0.443547 -0.000000 -0.196435
v 0.451650 0.017741 -0.184941
v 0.451650 0.395549 -0.184941
v 0.451650 0.523972 -0.184941
v 0.449555 0.527406 -0.184941
v 0.451650 0.392387 -0.184941
v 0.451650 0.397962 -0.184941
v -0.447473 0.010709 -0.190855
v -0.447473 0.010709 -0.190855
v -0.443547 -0.000000 -0.196435
v -0.451650 0.017741 -0.184941
v -0.451650 0.395549 -0.184941
v -0.451650 0.523972 -0.184941
v -0.449555 0.527406 -0.184941
v -0.451650 0.392387 -0.184941
v -0.451650 0.397962 -0.184941
v 0.438189 -0.000000 -0.200703
v 0.438592 -0.000000 -0.201800
v 0.439336 -0.000000 -0.202639
v 0.440308 -0.000000 -0.203093
v 0.441361 -0.000000 -0.203093
v 0.442333 -0.000000 -0.202639
v 0.443078 -0.000000 -0.201800
v 0.443480 -0.000000 -0.200703
v 0.443480 -0.000000 -0.199516
v 0.443078 -0.000000 -0.198419
v 0.442333 -0.000000 -0.197580
v 0.441867 -0.000000 -0.197299
v 0.441361 -0.000000 -0.197126
v 0.440835 -0.000000 -0.197067
v 0.440308 -0.000000 -0.197126
v 0.439336 -0.000000 -0.197580
v 0.438592 -0.000000 -0.198419
v 0.438592 -0.000000 -0.198419
v 0.438189 -0.000000 -0.199516
v 0.438140 -0.000000 0.200608
v 0.438543 -0.000000 0.201705
v 0.439287 -0.000000 0.202544
v 0.440260 -0.000000 0.202998
v 0.441312 -0.000000 0.202998
v 0.442285 -0.000000 0.202544
v 0.443029 -0.000000 0.201705
v 0.443432 -0.000000 0.200608
v 0.443432 -0.000000 0.199421
v 0.443029 -0.000000 0.198325
v 0.442285 -0.000000 0.197485
v 0.441818 -0.000000 0.197204
v 0.441312 -0.000000 0.197031
v 0.440786 -0.000000 0.196973
v 0.440260 -0.000000 0.197031
v 0.439287 -0.000000 0.197485
v 0.438543 -0.000000 0.198325
v 0.438543 -0.000000 0.198325
v 0.438140 -0.000000 0.199421
v -0.438189 -0.000000 -0.200703
v -0.438592 -0.000000 -0.201800
v -0.439336 -0.000000 -0.202639
v -0.440308 -0.000000 -0.203093
v -0.441361 -0.000000 -0.203093
v -0.442333 -0.000000 -0.202639
v -0.443078 -0.000000 -0.201800
v -0.443480 -0.000000 -0.200703
v -0.443480 -0.000000 -0.199516
v -0.443078 -0.000000 -0.198419
v -0.442333 -0.000000 -0.197580
v -0.441867 -0.000000 -0.197299
v -0.441361 -0.000000 -0.197126
v -0.440835 -0.000000 -0.197067
v -0.440308 -0.000000 -0.197126
v -0.439336 -0.000000 -0.197580
v -0.438592 -0.000000 -0.198419
v -0.438592 -0.000000 -0.198419
v -0.438189 -0.000000 -0.199516
v -0.438140 -0.000000 0.200608
v -0.438543 -0.000000 0.201705
v -0.439287 -0.000000 0.202544
v -0.440260 -0.000000 0.202998
v -0.441312 -0.000000 0.202998
v -0.442285 -0.000000 0.202544
v -0.443029 -0.000000 0.201705
v -0.443432 -0.000000 0.200608
v -0.443432 -0.000000 0.199421
v -0.443029 -0.000000 0.198325
v -0.442285 -0.000000 0.197485
v -0.441818 -0.000000 0.197204
v -0.441312 -0.000000 0.197031
v -0.440786 -0.000000 0.196973
v -0.440260 -0.000000 0.197031
v -0.439287 -0.000000 0.197485
v -0.438543 -0.000000 0.198325
v -0.438543 -0.000000 0.198325
v -0.438140 -0.000000 0.199421
v 0.442426 -0.000000 -0.197666
v -0.442426 -0.000000 -0.197666
v 0.442348 -0.000000 0.197544
v -0.442348 -0.000000 0.197545
v 0.442500 -0.000000 -0.197752
v -0.442500 -0.000000 -0.197752
v 0.441049 0.000000 -0.199577
v 0.440923 0.000000 0.199577
v -0.441049 0.000000 -0.199577
v -0.440923 0.000000 0.199577
v -0.140640 0.155873 0.007233
v -0.140639 0.134597 -0.002638
v -0.140639 0.157616 0.002490
v -0.140639 0.155874 -0.007381
v -0.140639 0.152659 -0.011010
v -0.140641 0.139571 0.010875
v -0.140641 0.143809 0.012853
v -0.140639 0.148405 -0.013001
v -0.140639 0.143788 -0.012996
v -0.140639 0.139571 -0.011023
v -0.140639 0.157616 -0.002638
v -0.140640 0.152642 0.010875
v -0.140640 0.136340 0.007233
v -0.140640 0.134597 0.002490
v -0.140639 0.136340 -0.007381
v -0.140639 0.136340 -0.007381
v -0.140641 0.148404 0.012853
v 0.140640 0.155873 0.007233
v 0.140639 0.134597 -0.002638
v 0.140639 0.157616 0.002490
v 0.140639 0.155874 -0.007381
v 0.140639 0.152659 -0.011010
v 0.140641 0.139571 0.010875
v 0.140641 0.143809 0.012853
v 0.140639 0.148405 -0.013001
v 0.140639 0.143788 -0.012996
v 0.140639 0.139571 -0.011023
v 0.140639 0.157616 -0.002638
v 0.140640 0.152642 0.010875
v 0.140640 0.136340 0.007233
v 0.140640 0.134597 0.002490
v 0.140639 0.136340 -0.007381
v 0.140639 0.136340 -0.007381
v 0.140641 0.148404 0.012853
v -0.035896 0.134515 -0.008341
v -0.035896 0.134515 -0.008341
v 0.035896 0.134515 -0.008341
v 0.035896 0.134515 -0.008341
v 0.000000 0.133741 -0.008783
v 0.000000 0.133741 -0.008783
v 0.035897 0.138324 -0.012637
v 0.035897 0.138324 -0.012637
v -0.035897 0.138324 -0.012637
v 0.000000 0.137798 -0.013358
v -0.035898 0.143301 -0.014962
v 0.035898 0.143301 -0.014962
v 0.035898 0.143301 -0.014962
v 0.000000 0.143099 -0.015834
v -0.035899 0.148689 -0.014962
v 0.035899 0.148689 -0.014962
v 0.000000 0.148836 -0.015834
v -0.035899 0.153666 -0.012637
v 0.035899 0.153666 -0.012637
v 0.000000 0.154136 -0.013358
v 0.035898 0.157475 -0.008341
v -0.035898 0.157475 -0.008341
v 0.000000 0.158193 -0.008783
v -0.035897 0.159537 -0.002728
v 0.035897 0.159537 -0.002728
v 0.000000 0.160389 -0.002805
v 0.035894 0.159537 0.003348
v -0.035894 0.159537 0.003348
v 0.000000 0.160389 0.003666
v -0.035891 0.157475 0.008961
v 0.035891 0.157475 0.008961
v 0.000000 0.158193 0.009644
v -0.035889 0.153666 0.013257
v 0.035889 0.153666 0.013257
v 0.000000 0.154137 0.014219
v -0.035886 0.148689 0.015583
v 0.035886 0.148689 0.015583
v 0.000000 0.148836 0.016695
v 0.035886 0.143301 0.015583
v -0.035886 0.143301 0.015583
v 0.000000 0.143098 0.016695
v -0.035887 0.138324 0.013257
v 0.035887 0.138324 0.013257
v 0.000000 0.137798 0.014219
v 0.035889 0.134515 0.008961
v -0.035889 0.134515 0.008961
v 0.000000 0.133741 0.009644
v -0.035892 0.132453 0.003348
v -0.035892 0.132453 0.003348
v 0.035892 0.132453 0.003348
v 0.000000 0.131545 0.003666
v 0.035894 0.132453 -0.002728
v -0.035894 0.132453 -0.002728
v 0.000000 0.131545 -0.002805
vt 0.725180 0.461373
vt 0.972187 0.006239
vt 0.725180 0.544990
vt 0.339247 0.461373
vt 0.972187 0.435889
vt 0.339247 0.544990
vt 0.227856 0.822603
vt 0.962035 0.006239
vt 0.336211 0.822603
vt 0.227856 0.224705
vt 0.962035 0.435889
vt 0.336211 0.224705
vt 0.345902 0.461373
vt 0.972187 0.428480
vt 0.345902 0.544990
vt 0.227856 0.235015
vt 0.962035 0.428480
vt 0.336211 0.235015
vt 0.724141 0.461373
vt 0.972187 0.007395
vt 0.336211 0.820994
vt 0.724141 0.544990
vt 0.227856 0.820994
vt 0.962035 0.007395
vt 0.725180 0.462702
vt 0.339247 0.462702
vt 0.229578 0.224705
vt 0.229578 0.822603
vt 0.229578 0.235015
vt 0.345902 0.462702
vt 0.724141 0.462702
vt 0.229578 0.820994
vt 0.725180 0.467055
vt 0.339247 0.467055
vt 0.345902 0.467055
vt 0.724141 0.467055
vt 0.232821 0.224705
vt 0.232821 0.822603
vt 0.232821 0.235015
vt 0.232821 0.820994
vt 0.332741 0.224705
vt 0.332741 0.822603
vt 0.332741 0.235015
vt 0.332741 0.820994
vt 0.725180 0.540955
vt 0.339247 0.540955
vt 0.724141 0.540955
vt 0.345902 0.540955
vt 0.765737 0.006235
vt 0.985370 0.006239
vt 0.879268 0.006235
vt 0.765737 0.637358
vt 0.985370 0.435888
vt 0.879268 0.637358
vt 0.738271 0.624843
vt 0.975219 0.006239
vt 0.738271 0.549363
vt 0.339242 0.624843
vt 0.975219 0.435888
vt 0.339242 0.549363
vt 0.765737 0.626475
vt 0.985370 0.428480
vt 0.879268 0.626475
vt 0.351391 0.624843
vt 0.975219 0.428480
vt 0.351391 0.549363
vt 0.765737 0.007934
vt 0.985370 0.007395
vt 0.735807 0.549363
vt 0.879268 0.007934
vt 0.735807 0.624843
vt 0.975219 0.007395
vt 0.767541 0.006235
vt 0.767541 0.637358
vt 0.339242 0.622722
vt 0.738271 0.622722
vt 0.351391 0.622722
vt 0.767541 0.626475
vt 0.767541 0.007934
vt 0.735807 0.622722
vt 0.339242 0.552674
vt 0.738271 0.552674
vt 0.351391 0.552674
vt 0.735807 0.552674
vt 0.873789 0.006235
vt 0.873789 0.637358
vt 0.873789 0.007934
vt 0.873789 0.626475
vt 0.774918 0.637358
vt 0.774918 0.007934
vt 0.774918 0.626475
vt 0.774918 0.006235
vt 0.339242 0.616292
vt 0.738271 0.616292
vt 0.351391 0.616292
vt 0.735807 0.616292
vt 0.747305 0.224706
vt 0.747929 0.338627
vt 0.747872 0.331507
vt 0.747814 0.324386
vt 0.747757 0.317266
vt 0.747699 0.310146
vt 0.747788 0.303027
vt 0.747731 0.295907
vt 0.747675 0.288787
vt 0.747618 0.281666
vt 0.747561 0.274546
vt 0.747503 0.267426
vt 0.747446 0.260306
vt 0.747388 0.253186
vt 0.747331 0.246065
vt 0.747274 0.238945
vt 0.747218 0.231825
vt 0.339302 0.238945
vt 0.339359 0.246065
vt 0.339416 0.253186
vt 0.339473 0.260306
vt 0.339531 0.267426
vt 0.339589 0.274546
vt 0.339646 0.281666
vt 0.339702 0.288787
vt 0.339759 0.295907
vt 0.339816 0.303027
vt 0.339727 0.310146
vt 0.339784 0.317266
vt 0.339842 0.324386
vt 0.339899 0.331507
vt 0.339333 0.224706
vt 0.339956 0.338627
vt 0.339245 0.231825
vt 0.747265 0.343042
vt 0.747885 0.456951
vt 0.747828 0.449832
vt 0.747771 0.442713
vt 0.747713 0.435593
vt 0.747748 0.421355
vt 0.747691 0.414236
vt 0.747635 0.407116
vt 0.747578 0.399997
vt 0.747521 0.392877
vt 0.747463 0.385758
vt 0.747406 0.378638
vt 0.747348 0.371519
vt 0.747291 0.364399
vt 0.747234 0.357280
vt 0.747178 0.350160
vt 0.747656 0.428473
vt 0.339300 0.357279
vt 0.339357 0.364399
vt 0.339414 0.371519
vt 0.339471 0.378638
vt 0.339529 0.385758
vt 0.339587 0.392877
vt 0.339644 0.399997
vt 0.339701 0.407116
vt 0.339757 0.414236
vt 0.339814 0.421355
vt 0.339779 0.435593
vt 0.339837 0.442713
vt 0.339894 0.449832
vt 0.339331 0.343042
vt 0.339951 0.456951
vt 0.339244 0.350160
vt 0.339722 0.428473
vt 0.955284 0.484754
vt 0.955284 0.480576
vt 0.955284 0.476476
vt 0.955284 0.472573
vt 0.955284 0.468876
vt 0.955284 0.465268
vt 0.955284 0.461571
vt 0.955284 0.457667
vt 0.955284 0.453568
vt 0.955284 0.449389
vt 0.955284 0.445286
vt 0.955284 0.441387
vt 0.955284 0.437688
vt 0.955284 0.434123
vt 0.955284 0.430383
vt 0.955284 0.488853
vt 0.955284 0.426480
vt 0.886383 0.433041
vt 0.886383 0.426480
vt 0.958035 0.484754
vt 0.894624 0.426480
vt 0.958035 0.476476
vt 0.898511 0.426480
vt 0.958035 0.472573
vt 0.902191 0.426480
vt 0.958035 0.468876
vt 0.905783 0.426480
vt 0.958035 0.465268
vt 0.909464 0.426480
vt 0.958035 0.461571
vt 0.913350 0.426480
vt 0.958035 0.457667
vt 0.917432 0.426480
vt 0.958035 0.453568
vt 0.921591 0.426480
vt 0.958035 0.449389
vt 0.925676 0.426480
vt 0.958035 0.445286
vt 0.929559 0.426480
vt 0.958035 0.441387
vt 0.933241 0.426480
vt 0.958035 0.437688
vt 0.936791 0.426480
vt 0.958035 0.434123
vt 0.940514 0.426480
vt 0.958035 0.430383
vt 0.882302 0.426480
vt 0.944400 0.426480
vt 0.958035 0.488853
vt 0.958035 0.426480
vt 0.890543 0.426480
vt 0.958035 0.480576
vt 0.890543 0.433041
vt 0.913350 0.433041
vt 0.917432 0.433041
vt 0.921591 0.433041
vt 0.925676 0.433041
vt 0.929559 0.433041
vt 0.933241 0.433041
vt 0.936791 0.433041
vt 0.940514 0.433041
vt 0.018642 0.811398
vt 0.947438 0.480576
vt 0.024772 0.811398
vt 0.947438 0.476476
vt 0.030610 0.811398
vt 0.947438 0.472573
vt 0.036138 0.811398
vt 0.947438 0.468876
vt 0.041534 0.811398
vt 0.947438 0.465268
vt 0.047062 0.811398
vt 0.947438 0.461571
vt 0.052900 0.811398
vt 0.947438 0.457667
vt 0.059030 0.811398
vt 0.947438 0.453568
vt 0.065278 0.811398
vt 0.947438 0.449389
vt 0.071414 0.811398
vt 0.947438 0.445286
vt 0.077245 0.811398
vt 0.947438 0.441387
vt 0.082776 0.811398
vt 0.947438 0.437688
vt 0.088108 0.811398
vt 0.947438 0.434123
vt 0.093700 0.811398
vt 0.947438 0.430383
vt 0.006264 0.811398
vt 0.099537 0.811398
vt 0.947438 0.488853
vt 0.947438 0.426480
vt 0.012394 0.811398
vt 0.947438 0.484754
vt 0.951351 0.449389
vt 0.951351 0.445286
vt 0.951351 0.461571
vt 0.951351 0.457667
vt 0.951351 0.468876
vt 0.951351 0.476476
vt 0.951351 0.472573
vt 0.951351 0.437688
vt 0.951351 0.434123
vt 0.951351 0.480576
vt 0.951351 0.453568
vt 0.951351 0.484754
vt 0.951351 0.488853
vt 0.951351 0.426480
vt 0.951351 0.465268
vt 0.951351 0.441387
vt 0.951351 0.430383
vt 0.886383 0.427529
vt 0.890543 0.427529
vt 0.894624 0.427529
vt 0.898511 0.427529
vt 0.902191 0.427529
vt 0.905783 0.427529
vt 0.909464 0.427529
vt 0.913350 0.427529
vt 0.917432 0.427529
vt 0.921591 0.427529
vt 0.925676 0.427529
vt 0.929559 0.427529
vt 0.933241 0.427529
vt 0.936791 0.427529
vt 0.940514 0.427529
vt 0.882302 0.427529
vt 0.944400 0.427529
vt 0.890543 0.657793
vt 0.894624 0.657793
vt 0.898511 0.657793
vt 0.902191 0.657793
vt 0.905783 0.657793
vt 0.909464 0.657793
vt 0.913350 0.657793
vt 0.917432 0.657793
vt 0.921591 0.657793
vt 0.925676 0.657793
vt 0.929559 0.657793
vt 0.933241 0.657793
vt 0.936791 0.657793
vt 0.940514 0.657793
vt 0.882302 0.657793
vt 0.944400 0.657793
vt 0.886383 0.657793
vt 0.018642 0.782825
vt 0.024772 0.782825
vt 0.030610 0.782825
vt 0.036138 0.782825
vt 0.041534 0.782825
vt 0.047062 0.782825
vt 0.052900 0.782825
vt 0.059030 0.782825
vt 0.065278 0.782825
vt 0.071414 0.782825
vt 0.077245 0.782825
vt 0.082776 0.782825
vt 0.088108 0.782825
vt 0.093700 0.782825
vt 0.006264 0.782825
vt 0.099537 0.782825
vt 0.012394 0.782825
vt 0.860494 0.690882
vt 0.860494 0.919924
vt 0.856497 0.690844
vt 0.856497 0.919886
vt 0.852499 0.690872
vt 0.852499 0.919914
vt 0.848502 0.690899
vt 0.848502 0.919941
vt 0.844504 0.690926
vt 0.844504 0.919968
vt 0.840507 0.690954
vt 0.920456 0.690470
vt 0.840507 0.919996
vt 0.920456 0.919512
vt 0.916458 0.690498
vt 0.916458 0.919539
vt 0.912461 0.690525
vt 0.912461 0.919567
vt 0.908463 0.690553
vt 0.908463 0.919594
vt 0.904466 0.690580
vt 0.904466 0.919622
vt 0.900468 0.690607
vt 0.900468 0.919649
vt 0.896471 0.690635
vt 0.896471 0.919677
vt 0.892473 0.690662
vt 0.892473 0.919704
vt 0.888476 0.690690
vt 0.888476 0.919731
vt 0.884478 0.690717
vt 0.884478 0.919759
vt 0.880481 0.690745
vt 0.880481 0.919786
vt 0.876483 0.690772
vt 0.876483 0.919814
vt 0.872486 0.690799
vt 0.872486 0.919841
vt 0.868489 0.690827
vt 0.868489 0.919869
vt 0.864491 0.690854
vt 0.864491 0.919896
vt 0.886383 0.439448
vt 0.886383 0.435101
vt 0.886383 0.437407
vt 0.890543 0.439448
vt 0.890543 0.437407
vt 0.890543 0.435101
vt 0.894624 0.439448
vt 0.894624 0.433041
vt 0.894624 0.437407
vt 0.894624 0.435101
vt 0.898511 0.433041
vt 0.898511 0.439448
vt 0.898511 0.435101
vt 0.898511 0.437407
vt 0.902191 0.433041
vt 0.902191 0.439448
vt 0.902191 0.435101
vt 0.902191 0.437407
vt 0.905783 0.433041
vt 0.905783 0.439448
vt 0.905783 0.435101
vt 0.905783 0.437407
vt 0.909464 0.439448
vt 0.909464 0.433041
vt 0.909464 0.437407
vt 0.909464 0.435101
vt 0.913350 0.439448
vt 0.913350 0.435101
vt 0.913350 0.437407
vt 0.917432 0.439448
vt 0.917432 0.437407
vt 0.917432 0.435101
vt 0.921591 0.439448
vt 0.921591 0.435101
vt 0.921591 0.437407
vt 0.925676 0.439448
vt 0.925676 0.437407
vt 0.925676 0.435101
vt 0.929559 0.439448
vt 0.929559 0.435101
vt 0.929559 0.437407
vt 0.933241 0.439448
vt 0.933241 0.435101
vt 0.933241 0.437407
vt 0.936791 0.439448
vt 0.936791 0.435101
vt 0.936791 0.437407
vt 0.940514 0.439448
vt 0.940514 0.437407
vt 0.940514 0.435101
vt 0.882302 0.439448
vt 0.944400 0.439448
vt 0.882302 0.433041
vt 0.944400 0.433041
vt 0.882302 0.437407
vt 0.944400 0.437407
vt 0.882302 0.435101
vt 0.944400 0.435101
vt 0.968105 0.443863
vt 0.968105 0.447662
vt 0.968105 0.451390
vt 0.968105 0.454940
vt 0.968105 0.458302
vt 0.968105 0.461583
vt 0.968105 0.464945
vt 0.968105 0.468494
vt 0.968105 0.472222
vt 0.968105 0.476022
vt 0.968105 0.479753
vt 0.968105 0.483299
vt 0.968105 0.486663
vt 0.968105 0.489905
vt 0.968105 0.493305
vt 0.968105 0.496855
vt 0.968105 0.440135
vt 0.475576 0.934254
vt 0.483113 0.934254
vt 0.970571 0.443863
vt 0.483113 0.926992
vt 0.970571 0.451390
vt 0.483113 0.923568
vt 0.970571 0.454940
vt 0.483113 0.920325
vt 0.970571 0.458302
vt 0.483113 0.917159
vt 0.970571 0.461583
vt 0.483113 0.913916
vt 0.970571 0.464945
vt 0.483113 0.910492
vt 0.970571 0.468494
vt 0.483113 0.906895
vt 0.970571 0.472222
vt 0.483113 0.903230
vt 0.970571 0.476022
vt 0.483113 0.899631
vt 0.970571 0.479753
vt 0.483113 0.896210
vt 0.970571 0.483299
vt 0.483113 0.892965
vt 0.970571 0.486663
vt 0.483113 0.889837
vt 0.970571 0.489905
vt 0.483113 0.886557
vt 0.970571 0.493305
vt 0.483113 0.937850
vt 0.483113 0.883132
vt 0.970571 0.496855
vt 0.970571 0.440135
vt 0.483113 0.930589
vt 0.970571 0.447662
vt 0.475576 0.930589
vt 0.475576 0.910492
vt 0.475576 0.906895
vt 0.475576 0.903230
vt 0.475576 0.899631
vt 0.475576 0.896210
vt 0.475576 0.892965
vt 0.475576 0.889837
vt 0.475576 0.886557
vt 0.018642 0.561500
vt 0.961071 0.447662
vt 0.024772 0.561500
vt 0.961071 0.451390
vt 0.030610 0.561500
vt 0.961071 0.454940
vt 0.036138 0.561500
vt 0.961071 0.458302
vt 0.041534 0.561500
vt 0.961071 0.461583
vt 0.047062 0.561500
vt 0.961071 0.464945
vt 0.052900 0.561500
vt 0.961071 0.468494
vt 0.059030 0.561500
vt 0.961071 0.472222
vt 0.065278 0.561500
vt 0.961071 0.476022
vt 0.071414 0.561500
vt 0.961071 0.479753
vt 0.077245 0.561500
vt 0.961071 0.483299
vt 0.082776 0.561500
vt 0.961071 0.486663
vt 0.088108 0.561500
vt 0.961071 0.489905
vt 0.093700 0.561500
vt 0.961071 0.493305
vt 0.006264 0.561500
vt 0.099537 0.561500
vt 0.961071 0.496855
vt 0.961071 0.440135
vt 0.012394 0.561500
vt 0.961071 0.443863
vt 0.964579 0.476022
vt 0.964579 0.479753
vt 0.964579 0.464945
vt 0.964579 0.468494
vt 0.964579 0.458302
vt 0.964579 0.451390
vt 0.964579 0.454940
vt 0.964579 0.486663
vt 0.964579 0.489905
vt 0.964579 0.447662
vt 0.964579 0.472222
vt 0.964579 0.443863
vt 0.964579 0.496855
vt 0.964579 0.440135
vt 0.964579 0.461583
vt 0.964579 0.483299
vt 0.964579 0.493305
vt 0.481908 0.934254
vt 0.481908 0.930589
vt 0.481908 0.926992
vt 0.481908 0.923568
vt 0.481908 0.920325
vt 0.481908 0.917159
vt 0.481908 0.913916
vt 0.481908 0.910492
vt 0.481908 0.906895
vt 0.481908 0.903230
vt 0.481908 0.899631
vt 0.481908 0.896210
vt 0.481908 0.892965
vt 0.481908 0.889837
vt 0.481908 0.886557
vt 0.481908 0.937850
vt 0.481908 0.883132
vt 0.217391 0.930589
vt 0.217391 0.926992
vt 0.217391 0.923568
vt 0.217391 0.920325
vt 0.217391 0.917159
vt 0.217391 0.913916
vt 0.217391 0.910492
vt 0.217391 0.906895
vt 0.217391 0.903230
vt 0.217391 0.899631
vt 0.217391 0.896210
vt 0.217391 0.892965
vt 0.217391 0.889837
vt 0.217391 0.886557
vt 0.217391 0.937850
vt 0.217391 0.883132
vt 0.217391 0.934254
vt 0.018642 0.590074
vt 0.024772 0.590074
vt 0.030610 0.590074
vt 0.036138 0.590074
vt 0.041534 0.590074
vt 0.047062 0.590074
vt 0.052900 0.590074
vt 0.059030 0.590074
vt 0.065278 0.590074
vt 0.071414 0.590074
vt 0.077245 0.590074
vt 0.082776 0.590074
vt 0.088108 0.590074
vt 0.093700 0.590074
vt 0.006264 0.590074
vt 0.099537 0.590074
vt 0.012394 0.590074
vt 0.779645 0.914264
vt 0.550594 0.914264
vt 0.779672 0.918262
vt 0.550621 0.918262
vt 0.779635 0.922259
vt 0.550584 0.922259
vt 0.779597 0.926256
vt 0.550546 0.926256
vt 0.779560 0.930253
vt 0.550509 0.930253
vt 0.779522 0.934251
vt 0.780208 0.854305
vt 0.550471 0.934251
vt 0.551157 0.854305
vt 0.780170 0.858302
vt 0.551119 0.858302
vt 0.780133 0.862299
vt 0.551082 0.862299
vt 0.780095 0.866297
vt 0.551044 0.866297
vt 0.780057 0.870294
vt 0.551007 0.870294
vt 0.780020 0.874291
vt 0.550969 0.874291
vt 0.779982 0.878288
vt 0.550932 0.878289
vt 0.779945 0.882286
vt 0.550894 0.882286
vt 0.779907 0.886283
vt 0.550856 0.886283
vt 0.779870 0.890280
vt 0.550819 0.890280
vt 0.779832 0.894278
vt 0.550781 0.894278
vt 0.779795 0.898275
vt 0.550744 0.898275
vt 0.779757 0.902272
vt 0.550706 0.902272
vt 0.779720 0.906269
vt 0.550669 0.906269
vt 0.779682 0.910267
vt 0.550631 0.910267
vt 0.468216 0.934254
vt 0.473210 0.934254
vt 0.470561 0.934254
vt 0.468216 0.930589
vt 0.470561 0.930589
vt 0.473210 0.930589
vt 0.468216 0.926992
vt 0.475576 0.926992
vt 0.470561 0.926992
vt 0.473210 0.926992
vt 0.475576 0.923568
vt 0.468216 0.923568
vt 0.473210 0.923568
vt 0.470561 0.923568
vt 0.475576 0.920325
vt 0.468216 0.920325
vt 0.473210 0.920325
vt 0.470561 0.920325
vt 0.475576 0.917159
vt 0.468216 0.917159
vt 0.473210 0.917159
vt 0.470561 0.917159
vt 0.468216 0.913916
vt 0.475576 0.913916
vt 0.470561 0.913916
vt 0.473210 0.913916
vt 0.468216 0.910492
vt 0.473210 0.910492
vt 0.470561 0.910492
vt 0.468216 0.906895
vt 0.470561 0.906895
vt 0.473210 0.906895
vt 0.468216 0.903230
vt 0.473210 0.903230
vt 0.470561 0.903230
vt 0.468216 0.899631
vt 0.470561 0.899631
vt 0.473210 0.899631
vt 0.468216 0.896210
vt 0.473210 0.896210
vt 0.470561 0.896210
vt 0.468216 0.892965
vt 0.473210 0.892965
vt 0.470561 0.892965
vt 0.468216 0.889837
vt 0.473210 0.889837
vt 0.470561 0.889837
vt 0.468216 0.886557
vt 0.470561 0.886557
vt 0.473210 0.886557
vt 0.468216 0.937850
vt 0.468216 0.883132
vt 0.475576 0.937850
vt 0.475576 0.883132
vt 0.470561 0.937850
vt 0.470561 0.883132
vt 0.473210 0.937850
vt 0.473210 0.883132
vt 0.006264 0.826830
vt 0.818783 0.921885
vt 0.214356 0.825315
vt 0.373984 0.716216
vt 0.006264 0.832043
vt 0.829647 0.921076
vt 0.214356 0.831300
vt 0.373984 0.722201
vt 0.006264 0.837425
vt 0.839818 0.923312
vt 0.214356 0.837285
vt 0.373984 0.728225
vt 0.214356 0.843269
vt 0.373984 0.734348
vt 0.214356 0.849254
vt 0.373984 0.740614
vt 0.214356 0.855239
vt 0.373984 0.747019
vt 0.006264 0.860163
vt 0.860336 0.954024
vt 0.214356 0.861224
vt 0.373984 0.753510
vt 0.006264 0.866024
vt 0.858322 0.964714
vt 0.214356 0.867209
vt 0.373984 0.760056
vt 0.214356 0.873194
vt 0.373984 0.766683
vt 0.214356 0.879178
vt 0.373984 0.773344
vt 0.006264 0.883064
vt 0.835704 0.985717
vt 0.214356 0.885161
vt 0.224827 0.006235
vt 0.373984 0.779870
vt 0.882308 0.213321
vt 0.006264 0.888528
vt 0.826689 0.987468
vt 0.012104 0.982212
vt 0.209644 0.897764
vt 0.216860 0.943830
vt 0.762702 0.006239
vt 0.209644 0.903718
vt 0.216860 0.949918
vt 0.209644 0.909679
vt 0.214356 0.813344
vt 0.216860 0.955928
vt 0.373984 0.704442
vt 0.214356 0.819330
vt 0.373984 0.710310
vt 0.824892 0.946215
vt 0.828167 0.945277
vt 0.831248 0.945402
vt 0.833885 0.946493
vt 0.835847 0.948407
vt 0.836975 0.950939
vt 0.837170 0.953848
vt 0.836412 0.956825
vt 0.834790 0.959538
vt 0.832478 0.961699
vt 0.829661 0.963059
vt 0.828145 0.963367
vt 0.826599 0.963406
vt 0.825054 0.963161
vt 0.823537 0.962626
vt 0.820754 0.960605
vt 0.818589 0.957318
vt 0.819103 0.951599
vt 0.821752 0.948280
vt 0.836103 0.967780
vt 0.838251 0.940621
vt 0.831223 0.970289
vt 0.828658 0.970938
vt 0.841538 0.944007
vt 0.826029 0.971181
vt 0.823379 0.970965
vt 0.843549 0.948408
vt 0.820707 0.970302
vt 0.844060 0.953535
vt 0.815493 0.967610
vt 0.822627 0.938742
vt 0.842893 0.958899
vt 0.810300 0.962687
vt 0.810582 0.946050
vt 0.828520 0.937876
vt 0.840095 0.963840
vt 0.816516 0.941483
vt 0.833814 0.938505
vt 0.839018 0.972604
vt 0.841641 0.936452
vt 0.832777 0.975781
vt 0.829485 0.976597
vt 0.846037 0.941199
vt 0.826164 0.976956
vt 0.822793 0.976874
vt 0.848730 0.947168
vt 0.819392 0.976290
vt 0.849436 0.954020
vt 0.812589 0.973577
vt 0.820856 0.933061
vt 0.847910 0.961114
vt 0.805520 0.968726
vt 0.805578 0.940482
vt 0.828571 0.932133
vt 0.844203 0.967519
vt 0.813106 0.935998
vt 0.835687 0.933373
vt 0.006264 0.842904
vt 0.848221 0.928207
vt 0.006264 0.848647
vt 0.854752 0.934985
vt 0.006264 0.854358
vt 0.858998 0.943777
vt 0.006264 0.871753
vt 0.852955 0.974572
vt 0.006264 0.877450
vt 0.844646 0.981763
vt 0.006264 0.885835
vt 0.831206 0.986890
vt 0.006264 0.891199
vt 0.822189 0.987494
vt 0.006264 0.893752
vt 0.817657 0.987060
vt 0.006264 0.898551
vt 0.808233 0.984364
vt 0.006264 0.903085
vt 0.006264 0.817187
vt 0.799026 0.979313
vt 0.799061 0.930326
vt 0.006264 0.821790
vt 0.808336 0.925314
vt 0.013878 0.825748
vt 0.010471 0.826188
vt 0.012291 0.825935
vt 0.013878 0.831537
vt 0.010471 0.831776
vt 0.012291 0.831644
vt 0.013878 0.837259
vt 0.010471 0.837374
vt 0.012291 0.837316
vt 0.013878 0.842962
vt 0.010471 0.843002
vt 0.012291 0.842988
vt 0.013878 0.848695
vt 0.010471 0.848701
vt 0.012291 0.848697
vt 0.013878 0.854452
vt 0.010471 0.854445
vt 0.012291 0.854447
vt 0.013878 0.860230
vt 0.010471 0.860221
vt 0.012291 0.860224
vt 0.013878 0.866006
vt 0.010471 0.866001
vt 0.012291 0.866006
vt 0.013878 0.871762
vt 0.010471 0.871754
vt 0.012291 0.871753
vt 0.013878 0.877496
vt 0.010471 0.877461
vt 0.012291 0.877485
vt 0.013878 0.883225
vt 0.010471 0.883137
vt 0.012291 0.883190
vt 0.013878 0.886089
vt 0.010471 0.885956
vt 0.012291 0.886031
vt 0.013878 0.888951
vt 0.010471 0.888765
vt 0.012291 0.888863
vt 0.013878 0.891815
vt 0.010471 0.891541
vt 0.012291 0.891690
vt 0.013878 0.894690
vt 0.010471 0.894296
vt 0.012291 0.894516
vt 0.013878 0.900571
vt 0.010471 0.899829
vt 0.012291 0.900254
vt 0.013878 0.906845
vt 0.013878 0.813456
vt 0.010471 0.905660
vt 0.010471 0.814607
vt 0.012291 0.906408
vt 0.012291 0.813820
vt 0.013878 0.819788
vt 0.010471 0.820558
vt 0.012291 0.820116
vt 0.143889 0.819337
vt 0.143898 0.825324
vt 0.143905 0.831307
vt 0.143911 0.837288
vt 0.143915 0.843267
vt 0.143917 0.849246
vt 0.143916 0.855224
vt 0.143914 0.861202
vt 0.143909 0.867181
vt 0.143902 0.873160
vt 0.143892 0.879141
vt 0.143880 0.885126
vt 0.759505 0.224706
vt 0.958967 0.211467
vt 0.143869 0.888119
vt 0.757540 0.224706
vt 0.143856 0.891112
vt 0.755408 0.224706
vt 0.143842 0.894105
vt 0.753191 0.224706
vt 0.013714 0.911977
vt 0.143828 0.897098
vt 0.750974 0.224706
vt 0.143796 0.903084
vt 0.143762 0.909068
vt 0.143881 0.813345
vt 0.212521 0.819329
vt 0.212521 0.825315
vt 0.212521 0.831300
vt 0.212521 0.837285
vt 0.212521 0.843269
vt 0.212521 0.849254
vt 0.212521 0.855239
vt 0.212521 0.861223
vt 0.212521 0.867208
vt 0.212521 0.873193
vt 0.212521 0.879177
vt 0.212521 0.885161
vt 0.884270 0.213305
vt 0.012111 0.980427
vt 0.207930 0.897746
vt 0.207930 0.903701
vt 0.207930 0.909663
vt 0.212521 0.813344
vt 0.375839 0.740245
vt 0.218527 0.943842
vt 0.760614 0.006239
vt 0.224827 0.008352
vt 0.375839 0.779881
vt 0.375839 0.710296
vt 0.375839 0.746673
vt 0.218527 0.949914
vt 0.375839 0.753259
vt 0.375839 0.716140
vt 0.375839 0.759953
vt 0.375839 0.721992
vt 0.375839 0.766675
vt 0.218527 0.955903
vt 0.375839 0.704424
vt 0.375839 0.727930
vt 0.375839 0.773350
vt 0.375839 0.734001
vt 0.141941 0.909048
vt 0.142054 0.813350
vt 0.141973 0.903068
vt 0.142005 0.897082
vt 0.142019 0.894090
vt 0.142033 0.891099
vt 0.142046 0.888108
vt 0.142056 0.885117
vt 0.142070 0.879136
vt 0.142081 0.873157
vt 0.142088 0.867179
vt 0.142093 0.861201
vt 0.142096 0.855224
vt 0.142096 0.849247
vt 0.142094 0.843270
vt 0.142090 0.837291
vt 0.142084 0.831311
vt 0.142075 0.825329
vt 0.142065 0.819343
vt 0.222232 0.006235
vt 0.882302 0.212414
vt 0.753191 0.225516
vt 0.755408 0.225516
vt 0.759505 0.225516
vt 0.959003 0.210379
vt 0.014821 0.911958
vt 0.750974 0.225516
vt 0.012995 0.982216
vt 0.762702 0.008762
vt 0.757540 0.225516
vt 0.884255 0.212397
vt 0.013006 0.980441
vt 0.222846 0.008352
vt 0.760614 0.008169
vt 0.145026 0.825321
vt 0.145057 0.831305
vt 0.145108 0.837286
vt 0.145171 0.843266
vt 0.145237 0.849246
vt 0.145296 0.855225
vt 0.145339 0.861204
vt 0.145359 0.867184
vt 0.145352 0.873164
vt 0.145318 0.879145
vt 0.145262 0.885131
vt 0.957432 0.211442
vt 0.013730 0.913427
vt 0.145085 0.897110
vt 0.144994 0.903096
vt 0.144914 0.909080
vt 0.145036 0.813344
vt 0.145018 0.819335
vt 0.957413 0.210464
vt 0.014717 0.913456
vt 0.185427 0.775153
vt 0.551560 0.803468
vt 0.186939 0.561528
vt 0.738393 0.638443
vt 0.180213 0.775153
vt 0.550840 0.814350
vt 0.180954 0.561528
vt 0.738393 0.644111
vt 0.174831 0.775153
vt 0.553156 0.824510
vt 0.174969 0.561528
vt 0.738393 0.649882
vt 0.168984 0.561528
vt 0.738393 0.655842
vt 0.162999 0.561528
vt 0.738393 0.662052
vt 0.157014 0.561528
vt 0.738393 0.668524
vt 0.152094 0.775153
vt 0.583946 0.844850
vt 0.151029 0.561528
vt 0.738393 0.675216
vt 0.146232 0.775153
vt 0.594600 0.842826
vt 0.145043 0.561528
vt 0.738393 0.682045
vt 0.139058 0.561528
vt 0.738393 0.688835
vt 0.133074 0.561528
vt 0.738393 0.695528
vt 0.129193 0.775153
vt 0.615718 0.820042
vt 0.006269 0.006235
vt 0.127091 0.561528
vt 0.738393 0.701977
vt 0.882308 0.006248
vt 0.123729 0.775153
vt 0.617277 0.811004
vt 0.114490 0.566368
vt 0.214422 0.982217
vt 0.762702 0.221426
vt 0.798569 0.936242
vt 0.108536 0.566368
vt 0.798569 0.942330
vt 0.102574 0.566368
vt 0.198910 0.561528
vt 0.738393 0.626948
vt 0.798569 0.948340
vt 0.192925 0.561528
vt 0.738393 0.632736
vt 0.576007 0.809382
vt 0.575089 0.812683
vt 0.575234 0.815780
vt 0.576344 0.818423
vt 0.578273 0.820385
vt 0.580817 0.821509
vt 0.583732 0.821699
vt 0.586712 0.820939
vt 0.589425 0.819317
vt 0.591578 0.817006
vt 0.592919 0.814215
vt 0.593223 0.812701
vt 0.593257 0.811160
vt 0.593006 0.809622
vt 0.592467 0.808115
vt 0.590441 0.805358
vt 0.581359 0.803503
vt 0.587159 0.803232
vt 0.578054 0.806202
vt 0.597676 0.820610
vt 0.570504 0.822834
vt 0.600152 0.815795
vt 0.600789 0.813219
vt 0.573920 0.826112
vt 0.601017 0.810590
vt 0.600785 0.807948
vt 0.578340 0.828105
vt 0.600109 0.805293
vt 0.583472 0.828596
vt 0.597400 0.800126
vt 0.568513 0.807146
vt 0.588828 0.827414
vt 0.575744 0.794981
vt 0.592483 0.795003
vt 0.567685 0.813075
vt 0.593755 0.824609
vt 0.571217 0.800983
vt 0.568352 0.818390
vt 0.602469 0.823518
vt 0.566314 0.826248
vt 0.605634 0.817284
vt 0.606426 0.813973
vt 0.571088 0.830620
vt 0.606754 0.810643
vt 0.606640 0.807277
vt 0.577066 0.833285
vt 0.606025 0.803891
vt 0.583916 0.833969
vt 0.603265 0.797143
vt 0.562770 0.805450
vt 0.590999 0.832430
vt 0.570072 0.790078
vt 0.598388 0.790162
vt 0.561904 0.813187
vt 0.597393 0.828717
vt 0.565646 0.797659
vt 0.563195 0.820307
vt 0.169352 0.775153
vt 0.558109 0.832880
vt 0.163609 0.775153
vt 0.564923 0.839362
vt 0.157898 0.775153
vt 0.573722 0.843554
vt 0.140504 0.775153
vt 0.604440 0.837486
vt 0.134807 0.775153
vt 0.611684 0.829231
vt 0.126422 0.775153
vt 0.616787 0.815519
vt 0.121057 0.775153
vt 0.617229 0.806522
vt 0.118505 0.775153
vt 0.616728 0.802022
vt 0.113706 0.775153
vt 0.613937 0.792702
vt 0.109171 0.775153
vt 0.195069 0.775153
vt 0.559841 0.783640
vt 0.608833 0.783616
vt 0.190466 0.775153
vt 0.554903 0.792975
vt 0.186508 0.767337
vt 0.186068 0.770835
vt 0.186321 0.768966
vt 0.180720 0.767337
vt 0.180480 0.770835
vt 0.180613 0.768966
vt 0.174997 0.767337
vt 0.174882 0.770835
vt 0.174940 0.768966
vt 0.169294 0.767337
vt 0.169254 0.770835
vt 0.169268 0.768966
vt 0.163562 0.767337
vt 0.163555 0.770835
vt 0.163559 0.768966
vt 0.157805 0.767337
vt 0.157812 0.770835
vt 0.157810 0.768966
vt 0.152026 0.767337
vt 0.152035 0.770835
vt 0.152032 0.768966
vt 0.146250 0.767337
vt 0.146255 0.770835
vt 0.146250 0.768966
vt 0.140495 0.767337
vt 0.140502 0.770835
vt 0.140504 0.768966
vt 0.134760 0.767337
vt 0.134795 0.770835
vt 0.134771 0.768966
vt 0.129031 0.767337
vt 0.129119 0.770835
vt 0.129066 0.768966
vt 0.126168 0.767337
vt 0.126301 0.770835
vt 0.126226 0.768966
vt 0.123305 0.767337
vt 0.123492 0.770835
vt 0.123393 0.768966
vt 0.120441 0.767337
vt 0.120716 0.770835
vt 0.120566 0.768966
vt 0.117567 0.767337
vt 0.117960 0.770835
vt 0.117741 0.768966
vt 0.111685 0.767337
vt 0.112428 0.770835
vt 0.112002 0.768966
vt 0.105412 0.767337
vt 0.198801 0.767337
vt 0.106597 0.770835
vt 0.197649 0.770835
vt 0.105848 0.768966
vt 0.198436 0.768966
vt 0.192468 0.767337
vt 0.191699 0.770835
vt 0.192141 0.768966
vt 0.115548 0.006235
vt 0.882406 0.109785
vt 0.192917 0.633869
vt 0.186931 0.633861
vt 0.180948 0.633853
vt 0.174967 0.633847
vt 0.168987 0.633843
vt 0.163009 0.633842
vt 0.157030 0.633842
vt 0.151052 0.633845
vt 0.145074 0.633850
vt 0.139094 0.633857
vt 0.133114 0.633867
vt 0.127129 0.633880
vt 0.759505 0.413947
vt 0.958968 0.008103
vt 0.124136 0.633892
vt 0.757540 0.413947
vt 0.121143 0.633905
vt 0.755408 0.413947
vt 0.118150 0.633919
vt 0.753191 0.413947
vt 0.115157 0.633934
vt 0.212817 0.911984
vt 0.750974 0.413947
vt 0.109171 0.633967
vt 0.103187 0.634001
vt 0.198909 0.633878
vt 0.113265 0.982300
vt 0.762702 0.113832
vt 0.759505 0.319326
vt 0.957038 0.109786
vt 0.757540 0.319326
vt 0.755408 0.319326
vt 0.753191 0.319326
vt 0.113267 0.913990
vt 0.750974 0.319326
vt 0.192925 0.563412
vt 0.186939 0.563412
vt 0.180954 0.563412
vt 0.174969 0.563412
vt 0.168984 0.563412
vt 0.163000 0.563412
vt 0.157014 0.563412
vt 0.151029 0.563412
vt 0.145044 0.563412
vt 0.139059 0.563412
vt 0.133075 0.563412
vt 0.127091 0.563412
vt 0.884270 0.006264
vt 0.114507 0.568128
vt 0.214416 0.980431
vt 0.108552 0.568128
vt 0.102590 0.568128
vt 0.198910 0.563412
vt 0.113265 0.980565
vt 0.884326 0.109785
vt 0.736541 0.662045
vt 0.760614 0.221426
vt 0.796909 0.936254
vt 0.006269 0.008352
vt 0.736541 0.702518
vt 0.736541 0.632814
vt 0.736541 0.668509
vt 0.796909 0.942326
vt 0.736541 0.675203
vt 0.736541 0.638453
vt 0.736541 0.682047
vt 0.736541 0.644129
vt 0.736541 0.688933
vt 0.736541 0.627177
vt 0.796909 0.948315
vt 0.736541 0.649900
vt 0.736541 0.695773
vt 0.736541 0.655850
vt 0.115548 0.008352
vt 0.760614 0.113832
vt 0.103207 0.635871
vt 0.198904 0.635753
vt 0.109187 0.635838
vt 0.115173 0.635805
vt 0.118165 0.635790
vt 0.121156 0.635776
vt 0.124147 0.635763
vt 0.127138 0.635752
vt 0.133119 0.635737
vt 0.139098 0.635727
vt 0.145076 0.635719
vt 0.151053 0.635714
vt 0.157030 0.635711
vt 0.163007 0.635711
vt 0.168985 0.635713
vt 0.174963 0.635717
vt 0.180943 0.635723
vt 0.186925 0.635732
vt 0.192911 0.635742
vt 0.009126 0.006235
vt 0.882301 0.007319
vt 0.753191 0.412991
vt 0.755408 0.412991
vt 0.759505 0.412991
vt 0.959005 0.009360
vt 0.211543 0.911967
vt 0.750974 0.412991
vt 0.213371 0.982220
vt 0.762702 0.218648
vt 0.757540 0.412991
vt 0.884253 0.007336
vt 0.213359 0.980448
vt 0.008607 0.008352
vt 0.760614 0.219149
vt 0.186933 0.632703
vt 0.180950 0.632671
vt 0.174968 0.632619
vt 0.168988 0.632554
vt 0.163009 0.632486
vt 0.157030 0.632426
vt 0.151051 0.632382
vt 0.145071 0.632362
vt 0.139091 0.632369
vt 0.133109 0.632403
vt 0.127124 0.632461
vt 0.957433 0.008128
vt 0.115145 0.632643
vt 0.212802 0.913435
vt 0.109159 0.632737
vt 0.103175 0.632818
vt 0.198910 0.632693
vt 0.113267 0.915692
vt 0.955301 0.109786
vt 0.192920 0.632711
vt 0.957411 0.009282
vt 0.211637 0.913468
vt 0.339247 0.865869
vt 0.620865 0.803372
vt 0.547880 0.867381
vt 0.738517 0.715805
vt 0.339247 0.860655
vt 0.620057 0.814236
vt 0.547880 0.861396
vt 0.738517 0.721474
vt 0.339247 0.855274
vt 0.622294 0.824407
vt 0.547880 0.855411
vt 0.738517 0.727244
vt 0.547880 0.849427
vt 0.738517 0.733205
vt 0.547880 0.843441
vt 0.738517 0.739414
vt 0.547880 0.837456
vt 0.738517 0.745887
vt 0.339247 0.832536
vt 0.653006 0.844923
vt 0.547880 0.831471
vt 0.738517 0.752578
vt 0.339247 0.826674
vt 0.663695 0.842909
vt 0.547880 0.825486
vt 0.738517 0.759407
vt 0.547880 0.819501
vt 0.738517 0.766198
vt 0.547880 0.813517
vt 0.738517 0.772890
vt 0.339247 0.809635
vt 0.684698 0.820291
vt 0.224827 0.557803
vt 0.547880 0.807533
vt 0.738517 0.779340
vt 0.958989 0.422684
vt 0.339247 0.804171
vt 0.686450 0.811276
vt 0.227859 0.006239
vt 0.506700 0.943830
vt 0.543154 0.794932
vt 0.993729 0.660113
vt 0.506700 0.949918
vt 0.543154 0.788978
vt 0.506700 0.955928
vt 0.543154 0.783017
vt 0.547880 0.879353
vt 0.738517 0.704310
vt 0.547880 0.873367
vt 0.738517 0.710099
vt 0.645196 0.809479
vt 0.644258 0.812754
vt 0.644383 0.815835
vt 0.645474 0.818472
vt 0.647388 0.820435
vt 0.649921 0.821563
vt 0.652829 0.821757
vt 0.655806 0.821000
vt 0.658519 0.819377
vt 0.660681 0.817066
vt 0.662040 0.814249
vt 0.662349 0.812732
vt 0.662387 0.811187
vt 0.662142 0.809641
vt 0.661607 0.808125
vt 0.659587 0.805341
vt 0.650580 0.803690
vt 0.656300 0.803177
vt 0.647261 0.806340
vt 0.666762 0.820691
vt 0.639602 0.822839
vt 0.669270 0.815810
vt 0.669919 0.813245
vt 0.642988 0.826126
vt 0.670162 0.810616
vt 0.669946 0.807966
vt 0.647390 0.828137
vt 0.669283 0.805294
vt 0.652517 0.828648
vt 0.666592 0.800080
vt 0.637723 0.807214
vt 0.657880 0.827480
vt 0.645030 0.795169
vt 0.661669 0.794888
vt 0.636857 0.813107
vt 0.662822 0.824682
vt 0.640464 0.801103
vt 0.637486 0.818402
vt 0.671586 0.823605
vt 0.635433 0.826229
vt 0.674762 0.817364
vt 0.675578 0.814072
vt 0.640181 0.830625
vt 0.675937 0.810751
vt 0.675856 0.807380
vt 0.646149 0.833318
vt 0.675272 0.803979
vt 0.653002 0.834024
vt 0.672558 0.797177
vt 0.632041 0.805444
vt 0.660096 0.832498
vt 0.639462 0.790165
vt 0.667708 0.790108
vt 0.631114 0.813159
vt 0.666501 0.828790
vt 0.634978 0.797693
vt 0.632354 0.820275
vt 0.339247 0.849795
vt 0.627188 0.832810
vt 0.339247 0.844052
vt 0.633967 0.839340
vt 0.339247 0.838341
vt 0.642760 0.843585
vt 0.339247 0.820946
vt 0.673554 0.837542
vt 0.339247 0.815249
vt 0.680744 0.829233
vt 0.339247 0.806864
vt 0.685871 0.815793
vt 0.339247 0.801500
vt 0.686475 0.806777
vt 0.339247 0.798947
vt 0.686041 0.802244
vt 0.339247 0.794148
vt 0.683346 0.792821
vt 0.339247 0.875511
vt 0.339247 0.789614
vt 0.629305 0.783648
vt 0.678294 0.783614
vt 0.339247 0.870908
vt 0.624294 0.792923
vt 0.346881 0.866950
vt 0.343465 0.866511
vt 0.345290 0.866764
vt 0.346881 0.861162
vt 0.343465 0.860922
vt 0.345290 0.861055
vt 0.346881 0.855440
vt 0.343465 0.855325
vt 0.345290 0.855383
vt 0.346881 0.849737
vt 0.343465 0.849696
vt 0.345290 0.849711
vt 0.346881 0.844004
vt 0.343465 0.843998
vt 0.345290 0.844001
vt 0.346881 0.838247
vt 0.343465 0.838254
vt 0.345290 0.838252
vt 0.346881 0.832468
vt 0.343465 0.832478
vt 0.345290 0.832474
vt 0.346881 0.826692
vt 0.343465 0.826698
vt 0.345290 0.826693
vt 0.346881 0.820937
vt 0.343465 0.820945
vt 0.345290 0.820946
vt 0.346881 0.815203
vt 0.343465 0.815237
vt 0.345290 0.815214
vt 0.346881 0.809474
vt 0.343465 0.809562
vt 0.345290 0.809509
vt 0.346881 0.806610
vt 0.343465 0.806743
vt 0.345290 0.806668
vt 0.346881 0.803748
vt 0.343465 0.803934
vt 0.345290 0.803836
vt 0.346881 0.800884
vt 0.343465 0.801158
vt 0.345290 0.801009
vt 0.346881 0.798009
vt 0.343465 0.798403
vt 0.345290 0.798183
vt 0.346881 0.792128
vt 0.343465 0.792870
vt 0.345290 0.792445
vt 0.346881 0.879243
vt 0.346881 0.785854
vt 0.343465 0.878092
vt 0.343465 0.787039
vt 0.345290 0.878878
vt 0.345290 0.786291
vt 0.346881 0.872911
vt 0.343465 0.872141
vt 0.345290 0.872583
vt 0.556454 0.715712
vt 0.556469 0.721471
vt 0.556491 0.727316
vt 0.556519 0.733314
vt 0.556548 0.739522
vt 0.556578 0.745959
vt 0.556606 0.752598
vt 0.556628 0.759374
vt 0.556647 0.766206
vt 0.556658 0.772980
vt 0.224827 0.282019
vt 0.556660 0.779628
vt 0.361780 0.944789
vt 0.495281 0.006239
vt 0.361780 0.950887
vt 0.361780 0.956807
vt 0.556446 0.704224
vt 0.556446 0.709984
vt 0.477230 0.873360
vt 0.477239 0.867373
vt 0.477246 0.861390
vt 0.477252 0.855409
vt 0.477255 0.849430
vt 0.477257 0.843451
vt 0.477256 0.837473
vt 0.477254 0.831495
vt 0.477249 0.825516
vt 0.477242 0.819537
vt 0.477232 0.813556
vt 0.477219 0.807572
vt 0.750929 0.417373
vt 0.882329 0.420829
vt 0.477208 0.804578
vt 0.752894 0.417373
vt 0.477195 0.801585
vt 0.755026 0.417373
vt 0.477182 0.798593
vt 0.757243 0.417373
vt 0.477167 0.795600
vt 0.759460 0.417373
vt 0.923497 0.661720
vt 0.477135 0.789613
vt 0.477102 0.783630
vt 0.477222 0.879351
vt 0.546041 0.873367
vt 0.546041 0.867382
vt 0.546041 0.861396
vt 0.546041 0.855412
vt 0.546041 0.849427
vt 0.546041 0.843442
vt 0.546041 0.837457
vt 0.546041 0.831472
vt 0.546041 0.825487
vt 0.546041 0.819502
vt 0.546041 0.813518
vt 0.546041 0.807534
vt 0.957027 0.422667
vt 0.541435 0.794950
vt 0.991944 0.660119
vt 0.541435 0.788995
vt 0.541435 0.783033
vt 0.546041 0.879353
vt 0.736665 0.739408
vt 0.229947 0.006239
vt 0.505033 0.943842
vt 0.224827 0.555686
vt 0.736665 0.779881
vt 0.736665 0.710176
vt 0.736665 0.745871
vt 0.505033 0.949914
vt 0.736665 0.752565
vt 0.736665 0.715815
vt 0.736665 0.759410
vt 0.736665 0.721492
vt 0.736665 0.766296
vt 0.505033 0.955903
vt 0.736665 0.704540
vt 0.736665 0.727263
vt 0.736665 0.773135
vt 0.736665 0.733213
vt 0.475275 0.783649
vt 0.475390 0.879347
vt 0.475307 0.789630
vt 0.475339 0.795615
vt 0.475354 0.798607
vt 0.475368 0.801598
vt 0.475380 0.804590
vt 0.475391 0.807580
vt 0.475406 0.813561
vt 0.475416 0.819541
vt 0.475423 0.825518
vt 0.475428 0.831496
vt 0.475431 0.837473
vt 0.475432 0.843450
vt 0.475430 0.849427
vt 0.475426 0.855406
vt 0.475419 0.861385
vt 0.475411 0.867368
vt 0.475401 0.873353
vt 0.222232 0.557803
vt 0.958995 0.421776
vt 0.222846 0.282019
vt 0.495281 0.008169
vt 0.757243 0.418173
vt 0.755026 0.418173
vt 0.750929 0.418173
vt 0.882293 0.419740
vt 0.759460 0.418173
vt 0.923478 0.662827
vt 0.227859 0.008762
vt 0.993733 0.661003
vt 0.752894 0.418173
vt 0.957042 0.421760
vt 0.991958 0.661014
vt 0.222846 0.555686
vt 0.229947 0.008169
vt 0.478369 0.867376
vt 0.478401 0.861392
vt 0.478451 0.855411
vt 0.478515 0.849431
vt 0.478581 0.843451
vt 0.478640 0.837472
vt 0.478682 0.831493
vt 0.478702 0.825513
vt 0.478695 0.819533
vt 0.478662 0.813552
vt 0.478606 0.807567
vt 0.883864 0.420804
vt 0.478428 0.795588
vt 0.924948 0.661736
vt 0.478336 0.789602
vt 0.478256 0.783618
vt 0.478379 0.879353
vt 0.478361 0.873362
vt 0.883883 0.419825
vt 0.924976 0.662723
vt 0.755037 0.850905
vt 0.924217 0.906331
vt 0.373860 0.638854
vt 0.753523 0.640392
vt 0.760251 0.850905
vt 0.923498 0.895449
vt 0.373860 0.644838
vt 0.759508 0.640392
vt 0.765633 0.850905
vt 0.925813 0.885288
vt 0.373860 0.650862
vt 0.765493 0.640392
vt 0.373860 0.656986
vt 0.771477 0.640392
vt 0.373860 0.663252
vt 0.777462 0.640392
vt 0.373860 0.669656
vt 0.783447 0.640392
vt 0.788370 0.850905
vt 0.956605 0.864950
vt 0.373860 0.676148
vt 0.789432 0.640392
vt 0.794232 0.850905
vt 0.967258 0.866975
vt 0.373860 0.682693
vt 0.795417 0.640392
vt 0.373860 0.689321
vt 0.801401 0.640392
vt 0.373860 0.695981
vt 0.807386 0.640392
vt 0.811272 0.850905
vt 0.988375 0.889759
vt 0.006269 0.557803
vt 0.373860 0.702507
vt 0.813369 0.640392
vt 0.958989 0.215610
vt 0.816735 0.850905
vt 0.989935 0.898796
vt 0.227859 0.221426
vt 0.509735 0.936242
vt 0.825971 0.645159
vt 0.993733 0.862430
vt 0.509735 0.942330
vt 0.831925 0.645159
vt 0.373860 0.627079
vt 0.509735 0.948340
vt 0.741552 0.640392
vt 0.837887 0.645159
vt 0.373860 0.632947
vt 0.747537 0.640392
vt 0.948664 0.900418
vt 0.947747 0.897116
vt 0.947892 0.894020
vt 0.949002 0.891377
vt 0.950931 0.889415
vt 0.953475 0.888291
vt 0.956390 0.888101
vt 0.959371 0.888861
vt 0.962084 0.890482
vt 0.964236 0.892794
vt 0.965577 0.895585
vt 0.965881 0.897099
vt 0.965915 0.898640
vt 0.965664 0.900178
vt 0.965125 0.901685
vt 0.963099 0.904442
vt 0.954017 0.906298
vt 0.959818 0.906569
vt 0.950712 0.903598
vt 0.970334 0.889190
vt 0.943163 0.886966
vt 0.972810 0.894005
vt 0.973447 0.896582
vt 0.946578 0.883688
vt 0.973675 0.899210
vt 0.973443 0.901852
vt 0.950999 0.881695
vt 0.972767 0.904507
vt 0.956130 0.881204
vt 0.970059 0.909674
vt 0.941171 0.902654
vt 0.961486 0.882386
vt 0.948401 0.914819
vt 0.965142 0.914797
vt 0.940342 0.896725
vt 0.966413 0.885191
vt 0.943874 0.908816
vt 0.941009 0.891409
vt 0.975127 0.886282
vt 0.938972 0.883551
vt 0.978292 0.892516
vt 0.979084 0.895827
vt 0.943746 0.879179
vt 0.979411 0.899157
vt 0.979298 0.902523
vt 0.949725 0.876514
vt 0.978683 0.905909
vt 0.956574 0.875831
vt 0.975923 0.912657
vt 0.935428 0.904349
vt 0.963657 0.877371
vt 0.942728 0.919722
vt 0.971046 0.919638
vt 0.934562 0.896613
vt 0.970051 0.881083
vt 0.938303 0.912140
vt 0.935853 0.889492
vt 0.771112 0.850905
vt 0.930767 0.876919
vt 0.776854 0.850905
vt 0.937582 0.870437
vt 0.782566 0.850905
vt 0.946381 0.866245
vt 0.799960 0.850905
vt 0.977099 0.872315
vt 0.805657 0.850905
vt 0.984342 0.880569
vt 0.814042 0.850905
vt 0.989445 0.894281
vt 0.819407 0.850905
vt 0.989886 0.903277
vt 0.821959 0.850905
vt 0.989386 0.907778
vt 0.826759 0.850905
vt 0.986595 0.917098
vt 0.745395 0.850905
vt 0.831293 0.850905
vt 0.932498 0.926159
vt 0.981491 0.926184
vt 0.749998 0.850905
vt 0.927559 0.916825
vt 0.753956 0.843202
vt 0.754396 0.846649
vt 0.754143 0.844808
vt 0.759744 0.843202
vt 0.759984 0.846649
vt 0.759851 0.844808
vt 0.765466 0.843202
vt 0.765581 0.846649
vt 0.765524 0.844808
vt 0.771170 0.843202
vt 0.771210 0.846649
vt 0.771196 0.844808
vt 0.776902 0.843202
vt 0.776909 0.846649
vt 0.776905 0.844808
vt 0.782659 0.843202
vt 0.782652 0.846649
vt 0.782654 0.844808
vt 0.788438 0.843202
vt 0.788429 0.846649
vt 0.788432 0.844808
vt 0.794214 0.843202
vt 0.794209 0.846649
vt 0.794214 0.844808
vt 0.799969 0.843202
vt 0.799961 0.846649
vt 0.799960 0.844808
vt 0.805704 0.843202
vt 0.805669 0.846649
vt 0.805693 0.844808
vt 0.811433 0.843202
vt 0.811345 0.846649
vt 0.811398 0.844808
vt 0.814296 0.843202
vt 0.814163 0.846649
vt 0.814238 0.844808
vt 0.817159 0.843202
vt 0.816972 0.846649
vt 0.817071 0.844808
vt 0.820023 0.843202
vt 0.819748 0.846649
vt 0.819898 0.844808
vt 0.822898 0.843202
vt 0.822504 0.846649
vt 0.822724 0.844808
vt 0.828779 0.843202
vt 0.828037 0.846649
vt 0.828462 0.844808
vt 0.741663 0.843202
vt 0.835052 0.843202
vt 0.742815 0.846649
vt 0.833867 0.846649
vt 0.742028 0.844808
vt 0.834616 0.844808
vt 0.747996 0.843202
vt 0.748765 0.846649
vt 0.748323 0.844808
vt 0.556330 0.638350
vt 0.556346 0.644109
vt 0.556368 0.649953
vt 0.556395 0.655951
vt 0.556425 0.662159
vt 0.556455 0.668597
vt 0.556482 0.675235
vt 0.556504 0.682011
vt 0.556524 0.688843
vt 0.556534 0.695618
vt 0.006269 0.282019
vt 0.556536 0.702266
vt 0.495281 0.221426
vt 0.654153 0.937201
vt 0.654153 0.943299
vt 0.556322 0.626862
vt 0.654153 0.949220
vt 0.556322 0.632622
vt 0.115548 0.557803
vt 0.958891 0.319146
vt 0.115548 0.282019
vt 0.495281 0.113832
vt 0.747545 0.711678
vt 0.753531 0.711670
vt 0.759514 0.711662
vt 0.765495 0.711656
vt 0.771475 0.711653
vt 0.777453 0.711651
vt 0.783432 0.711651
vt 0.789410 0.711654
vt 0.795389 0.711659
vt 0.801368 0.711666
vt 0.807349 0.711676
vt 0.750929 0.604177
vt 0.813333 0.711688
vt 0.882331 0.217465
vt 0.752894 0.604177
vt 0.816327 0.711700
vt 0.755026 0.604177
vt 0.819319 0.711712
vt 0.757243 0.604177
vt 0.822312 0.711726
vt 0.759461 0.604177
vt 0.825305 0.711741
vt 0.923497 0.860823
vt 0.831292 0.711773
vt 0.741553 0.711687
vt 0.837275 0.711807
vt 0.227859 0.113833
vt 0.993817 0.761269
vt 0.750929 0.510775
vt 0.884259 0.319146
vt 0.752894 0.510775
vt 0.755026 0.510775
vt 0.757243 0.510775
vt 0.759460 0.510775
vt 0.925507 0.761270
vt 0.747537 0.642248
vt 0.753523 0.642248
vt 0.759508 0.642248
vt 0.765492 0.642248
vt 0.771477 0.642248
vt 0.777461 0.642248
vt 0.783446 0.642248
vt 0.789431 0.642248
vt 0.795416 0.642248
vt 0.801401 0.642248
vt 0.807385 0.642248
vt 0.813368 0.642248
vt 0.957027 0.215627
vt 0.825954 0.646893
vt 0.991947 0.862424
vt 0.831909 0.646893
vt 0.741551 0.642248
vt 0.837871 0.646893
vt 0.992081 0.761269
vt 0.956971 0.319146
vt 0.375715 0.662883
vt 0.229947 0.221426
vt 0.511396 0.936254
vt 0.006269 0.555686
vt 0.375715 0.702518
vt 0.375715 0.632934
vt 0.375715 0.669311
vt 0.511396 0.942326
vt 0.375715 0.675896
vt 0.375715 0.638778
vt 0.375715 0.682591
vt 0.375715 0.644629
vt 0.375715 0.689312
vt 0.375715 0.627061
vt 0.511396 0.948315
vt 0.375715 0.650567
vt 0.375715 0.695988
vt 0.375715 0.656639
vt 0.115548 0.555686
vt 0.229947 0.113833
vt 0.741558 0.713535
vt 0.837256 0.713650
vt 0.831275 0.713617
vt 0.825290 0.713585
vt 0.822298 0.713570
vt 0.819306 0.713556
vt 0.816315 0.713544
vt 0.813324 0.713533
vt 0.807343 0.713519
vt 0.801364 0.713508
vt 0.795386 0.713501
vt 0.789409 0.713496
vt 0.783432 0.713493
vt 0.777455 0.713493
vt 0.771477 0.713495
vt 0.765499 0.713499
vt 0.759519 0.713505
vt 0.753537 0.713513
vt 0.747551 0.713524
vt 0.009126 0.557803
vt 0.958996 0.216681
vt 0.008607 0.282019
vt 0.495281 0.219149
vt 0.757243 0.603234
vt 0.755026 0.603234
vt 0.750929 0.603234
vt 0.882294 0.218722
vt 0.759461 0.603234
vt 0.923480 0.859549
vt 0.227859 0.218648
vt 0.993737 0.861380
vt 0.752894 0.603234
vt 0.957045 0.216698
vt 0.991964 0.861367
vt 0.008607 0.555686
vt 0.229947 0.219149
vt 0.753529 0.710529
vt 0.759512 0.710497
vt 0.765494 0.710446
vt 0.771474 0.710382
vt 0.777453 0.710315
vt 0.783432 0.710256
vt 0.789412 0.710212
vt 0.795391 0.710192
vt 0.801371 0.710199
vt 0.807353 0.710233
vt 0.813338 0.710290
vt 0.883865 0.217490
vt 0.825317 0.710468
vt 0.924948 0.860808
vt 0.831303 0.710561
vt 0.741552 0.710519
vt 0.837287 0.710642
vt 0.927208 0.761270
vt 0.885996 0.319146
vt 0.747542 0.710537
vt 0.883888 0.218644
vt 0.924981 0.859643
vt 0.214353 0.884477
vt 0.373985 0.779134
vt 0.006264 0.882392
vt 0.836650 0.985376
vt 0.829996 0.962925
vt 0.831820 0.970063
vt 0.833528 0.975507
vt 0.013878 0.882578
vt 0.012291 0.882547
vt 0.010471 0.882505
vt 0.556660 0.778875
vt 0.143881 0.884444
vt 0.212519 0.884480
vt 0.375838 0.779142
vt 0.142058 0.884436
vt 0.145271 0.884449
vt 0.547877 0.808217
vt 0.738515 0.778634
vt 0.339247 0.810306
vt 0.684357 0.821237
vt 0.661906 0.814583
vt 0.669044 0.816408
vt 0.674488 0.818115
vt 0.346881 0.810121
vt 0.345290 0.810152
vt 0.343465 0.810194
vt 0.477221 0.808253
vt 0.546038 0.808215
vt 0.736666 0.779113
vt 0.475393 0.808261
vt 0.478614 0.808248
vt 0.127557 0.561533
vt 0.738391 0.701525
vt 0.129677 0.775153
vt 0.615501 0.820696
vt 0.592827 0.814444
vt 0.600000 0.816208
vt 0.605452 0.817804
vt 0.129473 0.767337
vt 0.129505 0.768966
vt 0.129545 0.770835
vt 0.556536 0.701749
vt 0.127596 0.633879
vt 0.127552 0.563416
vt 0.736542 0.701973
vt 0.127605 0.635751
vt 0.127586 0.632453
vt 0.373862 0.702021
vt 0.812902 0.640397
vt 0.810787 0.850905
vt 0.988159 0.889104
vt 0.965485 0.895356
vt 0.972658 0.893592
vt 0.978110 0.891996
vt 0.810991 0.843202
vt 0.810959 0.844808
vt 0.810919 0.846649
vt 0.812866 0.711687
vt 0.812907 0.642251
vt 0.375714 0.701996
vt 0.812858 0.713532
vt 0.812876 0.710282
vt 0.214341 0.884425
vt 0.373988 0.778407
vt 0.832339 0.969821
vt 0.834183 0.975230
vt 0.012291 0.881989
vt 0.010471 0.881988
vt 0.556660 0.778207
vt 0.547865 0.808270
vt 0.738512 0.777961
vt 0.668802 0.816926
vt 0.674211 0.818771
vt 0.345290 0.810710
vt 0.343465 0.810711
vt 0.006264 0.881692
vt 0.837479 0.985046
vt 0.830280 0.962777
vt 0.013878 0.882014
vt 0.143883 0.883843
vt 0.212522 0.883878
vt 0.375838 0.778485
vt 0.142059 0.883835
vt 0.145276 0.883848
vt 0.339248 0.811007
vt 0.684027 0.822066
vt 0.661759 0.814867
vt 0.346881 0.810685
vt 0.477222 0.808854
vt 0.546041 0.808816
vt 0.736666 0.778422
vt 0.475394 0.808862
vt 0.478619 0.808849
vt 0.825982 0.950104
vt 0.827974 0.949360
vt 0.829920 0.949328
vt 0.831609 0.949954
vt 0.832900 0.951121
vt 0.833656 0.952709
vt 0.833806 0.954539
vt 0.833343 0.956400
vt 0.832329 0.958081
vt 0.830879 0.959391
vt 0.829100 0.960186
vt 0.828140 0.960343
vt 0.827174 0.960319
vt 0.826226 0.960107
vt 0.825321 0.959701
vt 0.823760 0.958340
vt 0.822728 0.956265
vt 0.822958 0.953664
vt 0.824200 0.951560
vt 0.579770 0.810481
vt 0.579043 0.812489
vt 0.579027 0.814443
vt 0.579667 0.816135
vt 0.580845 0.817423
vt 0.582442 0.818173
vt 0.584277 0.818317
vt 0.586143 0.817850
vt 0.587829 0.816835
vt 0.589149 0.815385
vt 0.589914 0.813608
vt 0.590066 0.812650
vt 0.590037 0.811685
vt 0.589821 0.810739
vt 0.589411 0.809837
vt 0.588046 0.808287
vt 0.583302 0.807387
vt 0.585972 0.807266
vt 0.581209 0.808671
vt 0.649085 0.810569
vt 0.648341 0.812561
vt 0.648309 0.814507
vt 0.648935 0.816197
vt 0.650102 0.817488
vt 0.651691 0.818243
vt 0.653520 0.818393
vt 0.655381 0.817930
vt 0.657062 0.816916
vt 0.658373 0.815466
vt 0.659167 0.813687
vt 0.659324 0.812727
vt 0.659301 0.811761
vt 0.659088 0.810813
vt 0.658683 0.809908
vt 0.657321 0.808347
vt 0.652645 0.807545
vt 0.655246 0.807316
vt 0.650541 0.808787
vt 0.952428 0.899319
vt 0.951701 0.897311
vt 0.951684 0.895357
vt 0.952325 0.893665
vt 0.953503 0.892377
vt 0.955100 0.891627
vt 0.956935 0.891483
vt 0.958801 0.891950
vt 0.960488 0.892964
vt 0.961807 0.894415
vt 0.962572 0.896192
vt 0.962724 0.897150
vt 0.962696 0.898115
vt 0.962479 0.899061
vt 0.962070 0.899963
vt 0.960704 0.901513
vt 0.955960 0.902413
vt 0.958630 0.902534
vt 0.953867 0.901129
vt 0.829314 0.960108
vt 0.659090 0.813901
vt 0.589861 0.813756
vt 0.962519 0.896045
vt 0.829497 0.960020
vt 0.659001 0.814084
vt 0.828346 0.955743
vt 0.585228 0.812811
vt 0.654724 0.812933
vt 0.957886 0.896989
vt 0.953318 0.457667
vt 0.953318 0.484754
vt 0.953318 0.453568
vt 0.953318 0.445286
vt 0.953318 0.441387
vt 0.953318 0.472573
vt 0.953318 0.468876
vt 0.953318 0.437688
vt 0.953318 0.434123
vt 0.953318 0.430383
vt 0.953318 0.449389
vt 0.953318 0.461571
vt 0.953318 0.476476
vt 0.953318 0.480576
vt 0.953318 0.488853
vt 0.953318 0.426480
vt 0.953318 0.465268
vt 0.966342 0.468494
vt 0.966342 0.443863
vt 0.966342 0.472222
vt 0.966342 0.479753
vt 0.966342 0.483299
vt 0.966342 0.454940
vt 0.966342 0.458302
vt 0.966342 0.486663
vt 0.966342 0.489905
vt 0.966342 0.493305
vt 0.966342 0.476022
vt 0.966342 0.464945
vt 0.966342 0.451390
vt 0.966342 0.447662
vt 0.966342 0.496855
vt 0.966342 0.440135
vt 0.966342 0.461583
vt 0.006264 0.718966
vt 0.099537 0.718966
vt 0.006264 0.653932
vt 0.099537 0.653932
vt 0.006449 0.686449
vt 0.099310 0.686449
vt 0.093700 0.653931
vt 0.093700 0.653931
vt 0.093700 0.718968
vt 0.093711 0.686449
vt 0.088108 0.718968
vt 0.088108 0.653930
vt 0.088108 0.653930
vt 0.088100 0.686449
vt 0.082776 0.718969
vt 0.082776 0.653930
vt 0.082720 0.686449
vt 0.077245 0.718969
vt 0.077245 0.653930
vt 0.077179 0.686449
vt 0.071414 0.653930
vt 0.071414 0.718969
vt 0.071400 0.686449
vt 0.065278 0.718967
vt 0.065278 0.653931
vt 0.065369 0.686449
vt 0.059030 0.653934
vt 0.059030 0.718965
vt 0.059230 0.686449
vt 0.052900 0.718962
vt 0.052900 0.653936
vt 0.053146 0.686449
vt 0.047062 0.718960
vt 0.047062 0.653939
vt 0.047304 0.686449
vt 0.041534 0.718958
vt 0.041534 0.653941
vt 0.041651 0.686449
vt 0.036138 0.653941
vt 0.036138 0.718957
vt 0.036086 0.686449
vt 0.030610 0.718958
vt 0.030610 0.653940
vt 0.030422 0.686449
vt 0.024772 0.653938
vt 0.024772 0.718960
vt 0.024540 0.686449
vt 0.018642 0.718963
vt 0.018642 0.718963
vt 0.018642 0.653936
vt 0.018451 0.686449
vt 0.012394 0.653934
vt 0.012394 0.718965
vt 0.012291 0.686449
vn 0.0000 0.0000 1.0000
vn 0.0256 -0.9997 0.0000
vn 0.0000 0.0000 1.0000
vn 0.0000 0.0000 1.0000
vn 0.0023 -1.0000 0.0000
vn 0.0000 0.0000 1.0000
vn 0.0000 0.0000 -1.0000
vn 0.0256 -0.9997 -0.0000
vn 0.0000 0.0000 -1.0000
vn 0.0000 0.0000 -1.0000
vn 0.0023 -1.0000 0.0000
vn 0.0000 0.0000 -1.0000
vn 0.0000 0.0000 1.0000
vn 0.0043 -1.0000 -0.0000
vn 0.0000 0.0000 1.0000
vn -0.0000 0.0000 -1.0000
vn 0.0043 -1.0000 0.0000
vn -0.0000 0.0000 -1.0000
vn 0.0000 0.0000 1.0000
vn 0.0160 -0.9999 -0.0000
vn -0.0000 0.0000 -1.0000
vn 0.0000 0.0000 1.0000
vn -0.0000 0.0000 -1.0000
vn 0.0160 -0.9999 -0.0000
vn 0.0000 0.0000 1.0000
vn 0.0000 0.0000 1.0000
vn 0.0000 0.0000 -1.0000
vn 0.0000 0.0000 -1.0000
vn -0.0000 0.0000 -1.0000
vn 0.0000 0.0000 1.0000
vn 0.0000 0.0000 1.0000
vn -0.0000 0.0000 -1.0000
vn 0.0000 0.0000 1.0000
vn 0.0000 0.0000 1.0000
vn 0.0000 0.0000 1.0000
vn 0.0000 0.0000 1.0000
vn 0.0000 0.0000 -1.0000
vn 0.0000 0.0000 -1.0000
vn -0.0000 0.0000 -1.0000
vn -0.0000 0.0000 -1.0000
vn 0.0000 0.0000 -1.0000
vn 0.0000 0.0000 -1.0000
vn -0.0000 0.0000 -1.0000
vn -0.0000 0.0000 -1.0000
vn 0.0000 0.0000 1.0000
vn 0.0000 0.0000 1.0000
vn 0.0000 0.0000 1.0000
vn 0.0000 0.0000 1.0000
vn 0.0000 0.0000 1.0000
vn 0.0256 -0.9997 0.0000
vn 0.0000 0.0000 1.0000
vn 0.0000 0.0000 1.0000
vn 0.0023 -1.0000 0.0000
vn 0.0000 0.0000 1.0000
vn 0.0000 0.0000 -1.0000
vn 0.0256 -0.9997 -0.0000
vn 0.0000 0.0000 -1.0000
vn 0.0000 0.0000 -1.0000
vn 0.0023 -1.0000 0.0000
vn 0.0000 0.0000 -1.0000
vn 0.0000 0.0000 1.0000
vn 0.0043 -1.0000 -0.0000
vn 0.0000 0.0000 1.0000
vn -0.0000 0.0000 -1.0000
vn 0.0043 -1.0000 0.0000
vn -0.0000 0.0000 -1.0000
vn 0.0000 0.0000 1.0000
vn 0.0160 -0.9999 -0.0000
vn -0.0000 0.0000 -1.0000
vn 0.0000 0.0000 1.0000
vn -0.0000 0.0000 -1.0000
vn 0.0160 -0.9999 -0.0000
vn 0.0000 0.0000 1.0000
vn 0.0000 0.0000 1.0000
vn 0.0000 0.0000 -1.0000
vn 0.0000 0.0000 -1.0000
vn -0.0000 0.0000 -1.0000
vn 0.0000 0.0000 1.0000
vn 0.0000 0.0000 1.0000
vn -0.0000 0.0000 -1.0000
vn 0.0000 0.0000 -1.0000
vn 0.0000 0.0000 -1.0000
vn -0.0000 0.0000 -1.0000
vn -0.0000 0.0000 -1.0000
vn 0.0000 0.0000 1.0000
vn 0.0000 0.0000 1.0000
vn 0.0000 0.0000 1.0000
vn 0.0000 0.0000 1.0000
vn 0.0000 0.0000 1.0000
vn 0.0000 0.0000 1.0000
vn 0.0000 0.0000 1.0000
vn 0.0000 0.0000 1.0000
vn 0.0000 0.0000 -1.0000
vn 0.0000 0.0000 -1.0000
vn -0.0000 0.0000 -1.0000
vn -0.0000 0.0000 -1.0000
vn -0.0000 -0.9387 -0.3448
vn -0.0000 -0.7482 -0.6635
vn -0.0000 -0.5982 -0.8014
vn -0.0000 -0.2168 -0.9762
vn -0.0000 0.2168 -0.9762
vn -0.0000 0.5982 -0.8014
vn -0.0000 0.8584 -0.5130
vn -0.0000 0.9846 -0.1751
vn 0.0000 0.9846 0.1751
vn 0.0000 0.8584 0.5130
vn 0.0000 0.5982 0.8014
vn 0.0000 0.2168 0.9762
vn 0.0000 -0.2168 0.9762
vn 0.0000 -0.5982 0.8014
vn 0.0000 -0.8584 0.5130
vn 0.0000 -0.9846 0.1751
vn -0.0000 -0.9846 -0.1751
vn 0.0000 -0.9846 0.1751
vn 0.0000 -0.8584 0.5130
vn 0.0000 -0.5982 0.8014
vn 0.0000 -0.2168 0.9762
vn 0.0000 0.2168 0.9762
vn 0.0000 0.5982 0.8014
vn 0.0000 0.8584 0.5130
vn 0.0000 0.9846 0.1751
vn 0.0000 0.9846 -0.1751
vn -0.0000 0.8584 -0.5130
vn -0.0000 0.5982 -0.8014
vn -0.0000 0.2168 -0.9762
vn -0.0000 -0.2168 -0.9762
vn -0.0000 -0.5982 -0.8014
vn -0.0000 -0.9387 -0.3448
vn -0.0000 -0.7482 -0.6635
vn -0.0000 -0.9846 -0.1751
vn -0.0000 -0.9387 -0.3448
vn -0.0000 -0.7482 -0.6635
vn -0.0000 -0.5982 -0.8014
vn -0.0000 -0.2168 -0.9762
vn -0.0000 0.2279 -0.9737
vn -0.0000 0.8605 -0.5095
vn -0.0000 0.9846 -0.1751
vn 0.0000 0.9846 0.1751
vn 0.0000 0.8584 0.5130
vn 0.0000 0.5982 0.8014
vn 0.0000 0.2168 0.9762
vn 0.0000 -0.2168 0.9762
vn 0.0000 -0.5982 0.8014
vn 0.0000 -0.8584 0.5130
vn 0.0000 -0.9846 0.1751
vn -0.0000 -0.9846 -0.1751
vn -0.0000 0.6106 -0.7920
vn 0.0000 -0.9846 0.1751
vn 0.0000 -0.8584 0.5130
vn 0.0000 -0.5982 0.8014
vn 0.0000 -0.2168 0.9762
vn 0.0000 0.2168 0.9762
vn 0.0000 0.5982 0.8014
vn 0.0000 0.8584 0.5130
vn 0.0000 0.9846 0.1751
vn 0.0000 0.9846 -0.1751
vn -0.0000 0.8605 -0.5095
vn -0.0000 0.2279 -0.9737
vn -0.0000 -0.2168 -0.9762
vn -0.0000 -0.5982 -0.8014
vn -0.0000 -0.9387 -0.3448
vn -0.0000 -0.7482 -0.6635
vn -0.0000 -0.9846 -0.1751
vn -0.0000 0.6106 -0.7920
vn -0.7331 -0.6698 -0.1178
vn -0.7302 -0.6723 0.1219
vn -0.7242 -0.5903 0.3564
vn -0.7170 -0.4148 0.5602
vn -0.7119 -0.1513 0.6858
vn -0.7125 0.1504 0.6854
vn -0.7185 0.4133 0.5594
vn -0.7265 0.5881 0.3555
vn -0.7327 0.6696 0.1215
vn -0.7357 0.6670 -0.1175
vn -0.7352 0.5818 -0.3477
vn -0.7322 0.4062 -0.5467
vn -0.7291 0.1483 -0.6682
vn -0.7284 -0.1485 -0.6689
vn -0.7307 -0.4084 -0.5471
vn -0.7268 -0.6449 -0.2366
vn -0.7271 -0.5138 -0.4553
vn 0.2999 -0.9394 -0.1658
vn 0.0000 -0.9847 -0.1744
vn -0.9720 -0.2315 -0.0410
vn 0.0000 -0.8594 0.5113
vn -0.9726 -0.2000 0.1187
vn 0.0000 -0.6002 0.7999
vn -0.9731 -0.1385 0.1839
vn 0.0000 -0.2180 0.9760
vn -0.9736 -0.0500 0.2229
vn 0.0000 0.2180 0.9760
vn -0.9736 0.0498 0.2229
vn 0.0000 0.6002 0.7999
vn -0.9731 0.1385 0.1840
vn 0.0000 0.8594 0.5113
vn -0.9725 0.2003 0.1187
vn 0.0000 0.9847 0.1744
vn -0.9720 0.2313 0.0407
vn 0.0000 0.9846 -0.1747
vn -0.9718 0.2320 -0.0413
vn -0.0000 0.8590 -0.5120
vn -0.9719 0.2022 -0.1207
vn 0.0000 0.5994 -0.8005
vn -0.9722 0.1405 -0.1875
vn 0.0000 0.2233 -0.9747
vn -0.9725 0.0524 -0.2271
vn 0.0000 -0.2081 -0.9781
vn -0.9725 -0.0466 -0.2281
vn 0.0000 -0.5968 -0.8024
vn -0.9724 -0.1398 -0.1867
vn -0.0000 -0.9392 -0.3435
vn -0.0000 -0.7499 -0.6615
vn -0.9711 -0.2242 -0.0820
vn -0.9711 -0.1789 -0.1578
vn -0.0000 -0.9847 0.1744
vn -0.9721 -0.2308 0.0407
vn 0.2999 -0.9394 0.1661
vn 0.3008 0.8197 0.4874
vn 0.3002 0.9392 0.1664
vn 0.3002 0.9392 -0.1667
vn 0.3008 0.8191 -0.4885
vn 0.3019 0.5714 -0.7632
vn 0.3026 0.2129 -0.9290
vn 0.3027 -0.1976 -0.9324
vn 0.3019 -0.5684 -0.7653
vn -0.0542 -0.9833 0.1739
vn 0.9441 -0.3255 0.0523
vn -0.0579 -0.8576 0.5111
vn 0.9495 -0.2730 0.1547
vn -0.0620 -0.5979 0.7992
vn 0.9551 -0.1818 0.2340
vn -0.0645 -0.2167 0.9741
vn 0.9584 -0.0637 0.2784
vn -0.0639 0.2171 0.9741
vn 0.9578 0.0653 0.2798
vn -0.0601 0.5982 0.7991
vn 0.9534 0.1865 0.2373
vn -0.0553 0.8578 0.5110
vn 0.9467 0.2805 0.1583
vn -0.0512 0.9834 0.1738
vn 0.9406 0.3352 0.0537
vn -0.0489 0.9833 -0.1753
vn 0.9368 0.3439 -0.0641
vn -0.0483 0.8574 -0.5124
vn 0.9363 0.3020 -0.1792
vn -0.0493 0.5978 -0.8002
vn 0.9385 0.2086 -0.2752
vn -0.0506 0.2168 -0.9749
vn 0.9412 0.0756 -0.3294
vn -0.0513 -0.2164 -0.9749
vn 0.9421 -0.0726 -0.3274
vn -0.0511 -0.5974 -0.8003
vn 0.9410 -0.2039 -0.2702
vn -0.0503 -0.9375 -0.3443
vn -0.0499 -0.7473 -0.6626
vn 0.9379 -0.3257 -0.1196
vn 0.9379 -0.2596 -0.2302
vn -0.0519 -0.9831 -0.1754
vn 0.9407 -0.3336 -0.0619
vn 0.6946 0.7083 -0.1260
vn 0.6924 0.6194 -0.3700
vn 0.7232 0.4136 0.5531
vn 0.7125 0.6023 0.3600
vn 0.7316 -0.1481 0.6655
vn 0.7174 -0.5981 0.3571
vn 0.7264 -0.4115 0.5505
vn 0.6963 0.1558 -0.7007
vn 0.6980 -0.1576 -0.6985
vn 0.7082 -0.6951 0.1236
vn 0.7019 0.7012 0.1250
vn 0.7013 -0.7019 -0.1247
vn 0.6921 -0.6776 -0.2488
vn 0.6915 -0.5404 -0.4793
vn 0.7305 0.1483 0.6666
vn 0.6938 0.4323 -0.5760
vn 0.6979 -0.4288 -0.5736
vn 0.0002 -0.9847 -0.1743
vn -0.0000 -0.9847 0.1744
vn 0.0004 -0.8595 0.5112
vn 0.0003 -0.6001 0.8000
vn 0.0001 -0.2180 0.9760
vn 0.0001 0.2180 0.9760
vn 0.0002 0.6002 0.7999
vn 0.0000 0.8594 0.5113
vn 0.0000 0.9847 0.1744
vn -0.0000 0.9846 -0.1747
vn -0.0000 0.8590 -0.5120
vn -0.0000 0.5994 -0.8005
vn 0.0000 0.2233 -0.9747
vn 0.0000 -0.2081 -0.9781
vn -0.0000 -0.5968 -0.8024
vn 0.0005 -0.9392 -0.3435
vn 0.0002 -0.7497 -0.6617
vn -0.0246 -0.9843 0.1746
vn -0.0263 -0.8584 0.5124
vn -0.0281 -0.5983 0.8008
vn -0.0293 -0.2169 0.9758
vn -0.0291 0.2170 0.9757
vn -0.0275 0.5984 0.8007
vn -0.0254 0.8584 0.5123
vn -0.0237 0.9844 0.1746
vn -0.0227 0.9843 -0.1752
vn -0.0225 0.8582 -0.5128
vn -0.0230 0.5981 -0.8011
vn -0.0236 0.2169 -0.9759
vn -0.0238 -0.2167 -0.9759
vn -0.0236 -0.5981 -0.8011
vn -0.0230 -0.9384 -0.3447
vn -0.0229 -0.7480 -0.6633
vn -0.0237 -0.9842 -0.1752
vn -0.0590 -0.9829 0.1747
vn -0.0630 -0.8567 0.5119
vn -0.0675 -0.5969 0.7995
vn -0.0702 -0.2163 0.9738
vn -0.0695 0.2163 0.9738
vn -0.0654 0.5970 0.7996
vn -0.0601 0.8569 0.5120
vn -0.0557 0.9830 0.1747
vn -0.0531 0.9832 -0.1749
vn -0.0525 0.8572 -0.5123
vn -0.0535 0.5973 -0.8002
vn -0.0550 0.2165 -0.9747
vn -0.0557 -0.2164 -0.9747
vn -0.0555 -0.5972 -0.8001
vn -0.0546 -0.9373 -0.3442
vn -0.0543 -0.7471 -0.6625
vn -0.0564 -0.9830 -0.1749
vn -1.0000 0.0000 0.0000
vn -1.0000 0.0000 0.0000
vn -0.9511 -0.3090 -0.0000
vn -0.9511 -0.3090 -0.0000
vn -0.8090 -0.5878 -0.0000
vn -0.8090 -0.5878 -0.0000
vn -0.5878 -0.8090 -0.0000
vn -0.5878 -0.8090 -0.0000
vn -0.3090 -0.9511 0.0000
vn -0.3090 -0.9511 -0.0000
vn -0.1564 -0.9877 0.0000
vn 0.1564 -0.9877 -0.0000
vn -0.1564 -0.9877 -0.0000
vn 0.1564 -0.9877 0.0000
vn 0.3090 -0.9511 -0.0000
vn 0.3090 -0.9511 0.0000
vn 0.5878 -0.8090 -0.0000
vn 0.5878 -0.8090 -0.0000
vn 0.8090 -0.5878 -0.0000
vn 0.8090 -0.5878 -0.0000
vn 0.9511 -0.3090 -0.0000
vn 0.9511 -0.3090 -0.0000
vn 1.0000 0.0000 0.0000
vn 1.0000 0.0000 0.0000
vn 0.9511 0.3090 0.0000
vn 0.9511 0.3090 0.0000
vn 0.8090 0.5878 0.0000
vn 0.8090 0.5878 0.0000
vn 0.5878 0.8090 -0.0000
vn 0.5878 0.8090 0.0000
vn 0.3090 0.9511 -0.0000
vn 0.3090 0.9511 -0.0000
vn -0.0000 1.0000 -0.0000
vn 0.0000 1.0000 -0.0000
vn -0.3090 0.9511 0.0000
vn -0.3090 0.9511 -0.0000
vn -0.5878 0.8090 0.0000
vn -0.5878 0.8090 0.0000
vn -0.8090 0.5878 0.0000
vn -0.8090 0.5878 0.0000
vn -0.9511 0.3090 0.0000
vn -0.9511 0.3090 0.0000
vn 0.0626 -0.9826 -0.1746
vn 0.4568 -0.8759 -0.1554
vn 0.2542 -0.9522 -0.1692
vn 0.0621 -0.9826 0.1750
vn 0.2542 -0.9522 0.1693
vn 0.4569 -0.8758 0.1556
vn 0.0613 -0.8566 0.5123
vn 0.3010 -0.8196 0.4874
vn 0.2542 -0.8303 0.4960
vn 0.4564 -0.7641 0.4559
vn 0.3016 -0.5716 0.7631
vn 0.0604 -0.5969 0.8001
vn 0.4561 -0.5330 0.7127
vn 0.2541 -0.5787 0.7749
vn 0.3024 -0.2076 0.9303
vn 0.0599 -0.2163 0.9745
vn 0.4560 -0.1934 0.8687
vn 0.2541 -0.2098 0.9441
vn 0.3026 0.2073 0.9303
vn 0.0599 0.2162 0.9745
vn 0.4559 0.1932 0.8688
vn 0.2540 0.2097 0.9442
vn 0.0607 0.5968 0.8001
vn 0.3024 0.5719 0.7625
vn 0.2540 0.5787 0.7750
vn 0.4560 0.5330 0.7128
vn 0.0616 0.8566 0.5123
vn 0.4565 0.7641 0.4558
vn 0.2540 0.8303 0.4960
vn 0.0625 0.9826 0.1749
vn 0.2540 0.9523 0.1693
vn 0.4568 0.8759 0.1555
vn 0.0630 0.9826 -0.1746
vn 0.4568 0.8758 -0.1556
vn 0.2539 0.9523 -0.1693
vn 0.0630 0.8567 -0.5120
vn 0.2538 0.8304 -0.4961
vn 0.4565 0.7639 -0.4561
vn 0.0628 0.5969 -0.7998
vn 0.4560 0.5329 -0.7128
vn 0.2535 0.5788 -0.7751
vn 0.0624 0.2163 -0.9743
vn 0.4546 0.1955 -0.8690
vn 0.2531 0.2102 -0.9443
vn 0.0624 -0.2167 -0.9742
vn 0.4550 -0.1905 -0.8699
vn 0.2535 -0.2093 -0.9444
vn 0.0628 -0.5969 -0.7999
vn 0.2544 -0.5782 -0.7752
vn 0.4567 -0.5313 -0.7135
vn 0.0617 -0.9369 -0.3441
vn 0.0616 -0.7468 -0.6621
vn 0.2965 -0.8970 -0.3277
vn 0.2965 -0.7155 -0.6326
vn 0.2501 -0.9089 -0.3337
vn 0.2499 -0.7247 -0.6421
vn 0.4502 -0.8383 -0.3076
vn 0.4499 -0.6689 -0.5917
vn 0.7331 -0.6698 -0.1178
vn 0.7302 -0.6723 0.1219
vn 0.7242 -0.5903 0.3564
vn 0.7170 -0.4148 0.5602
vn 0.7119 -0.1513 0.6858
vn 0.7125 0.1504 0.6854
vn 0.7185 0.4133 0.5594
vn 0.7265 0.5881 0.3555
vn 0.7327 0.6696 0.1215
vn 0.7357 0.6670 -0.1175
vn 0.7352 0.5818 -0.3477
vn 0.7322 0.4064 -0.5465
vn 0.7291 0.1481 -0.6682
vn 0.7284 -0.1485 -0.6689
vn 0.7307 -0.4084 -0.5471
vn 0.7271 -0.5138 -0.4553
vn 0.7268 -0.6449 -0.2366
vn -0.2999 -0.9394 -0.1658
vn 0.0000 -0.9847 -0.1744
vn 0.9720 -0.2315 -0.0410
vn 0.0000 -0.8594 0.5113
vn 0.9726 -0.2000 0.1187
vn 0.0000 -0.6002 0.7999
vn 0.9731 -0.1385 0.1839
vn 0.0000 -0.2180 0.9760
vn 0.9736 -0.0500 0.2229
vn 0.0000 0.2180 0.9760
vn 0.9736 0.0498 0.2229
vn 0.0000 0.6002 0.7999
vn 0.9731 0.1385 0.1840
vn 0.0000 0.8594 0.5113
vn 0.9725 0.2003 0.1187
vn 0.0000 0.9847 0.1744
vn 0.9720 0.2313 0.0407
vn 0.0000 0.9846 -0.1747
vn 0.9718 0.2320 -0.0413
vn -0.0000 0.8590 -0.5120
vn 0.9719 0.2022 -0.1207
vn 0.0000 0.5994 -0.8005
vn 0.9722 0.1406 -0.1873
vn 0.0000 0.2233 -0.9747
vn 0.9725 0.0522 -0.2270
vn 0.0000 -0.2081 -0.9781
vn 0.9725 -0.0466 -0.2281
vn 0.0000 -0.5968 -0.8024
vn 0.9724 -0.1398 -0.1867
vn 0.0000 -0.9392 -0.3435
vn 0.0000 -0.7499 -0.6615
vn 0.9711 -0.1789 -0.1578
vn 0.9711 -0.2242 -0.0820
vn 0.0000 -0.9847 0.1744
vn 0.9721 -0.2308 0.0407
vn -0.2999 -0.9394 0.1661
vn -0.3008 0.8197 0.4874
vn -0.3002 0.9392 0.1664
vn -0.3002 0.9392 -0.1667
vn -0.3008 0.8191 -0.4885
vn -0.3019 0.5714 -0.7632
vn -0.3026 0.2129 -0.9290
vn -0.3027 -0.1976 -0.9324
vn -0.3019 -0.5684 -0.7653
vn 0.0542 -0.9833 0.1739
vn -0.9441 -0.3255 0.0523
vn 0.0579 -0.8576 0.5111
vn -0.9495 -0.2730 0.1547
vn 0.0620 -0.5979 0.7992
vn -0.9551 -0.1818 0.2340
vn 0.0645 -0.2167 0.9741
vn -0.9584 -0.0637 0.2784
vn 0.0639 0.2171 0.9741
vn -0.9578 0.0653 0.2798
vn 0.0601 0.5982 0.7991
vn -0.9534 0.1865 0.2373
vn 0.0553 0.8578 0.5110
vn -0.9467 0.2805 0.1583
vn 0.0512 0.9834 0.1738
vn -0.9406 0.3352 0.0537
vn 0.0489 0.9833 -0.1753
vn -0.9368 0.3439 -0.0641
vn 0.0483 0.8574 -0.5124
vn -0.9363 0.3020 -0.1792
vn 0.0493 0.5978 -0.8002
vn -0.9385 0.2086 -0.2752
vn 0.0506 0.2168 -0.9749
vn -0.9412 0.0756 -0.3294
vn 0.0513 -0.2164 -0.9749
vn -0.9421 -0.0726 -0.3274
vn 0.0511 -0.5974 -0.8003
vn -0.9410 -0.2039 -0.2702
vn 0.0503 -0.9375 -0.3443
vn 0.0499 -0.7473 -0.6626
vn -0.9379 -0.2596 -0.2302
vn -0.9379 -0.3257 -0.1196
vn 0.0519 -0.9831 -0.1754
vn -0.9407 -0.3336 -0.0619
vn -0.6946 0.7083 -0.1260
vn -0.6924 0.6194 -0.3700
vn -0.7232 0.4136 0.5531
vn -0.7125 0.6023 0.3600
vn -0.7316 -0.1481 0.6655
vn -0.7174 -0.5981 0.3571
vn -0.7264 -0.4115 0.5505
vn -0.6964 0.1555 -0.7006
vn -0.6980 -0.1576 -0.6985
vn -0.7082 -0.6951 0.1236
vn -0.7019 0.7012 0.1250
vn -0.7013 -0.7019 -0.1247
vn -0.6915 -0.5404 -0.4793
vn -0.6921 -0.6776 -0.2488
vn -0.7305 0.1483 0.6666
vn -0.6939 0.4324 -0.5757
vn -0.6979 -0.4288 -0.5736
vn -0.0002 -0.9847 -0.1743
vn 0.0000 -0.9847 0.1744
vn -0.0004 -0.8595 0.5112
vn -0.0003 -0.6001 0.8000
vn -0.0001 -0.2180 0.9760
vn -0.0001 0.2180 0.9760
vn -0.0002 0.6002 0.7999
vn 0.0000 0.8594 0.5113
vn 0.0000 0.9847 0.1744
vn -0.0000 0.9846 -0.1747
vn -0.0000 0.8590 -0.5120
vn -0.0000 0.5994 -0.8005
vn 0.0000 0.2233 -0.9747
vn 0.0000 -0.2081 -0.9781
vn 0.0000 -0.5968 -0.8024
vn -0.0005 -0.9392 -0.3435
vn -0.0002 -0.7497 -0.6617
vn 0.0246 -0.9843 0.1746
vn 0.0263 -0.8584 0.5124
vn 0.0281 -0.5983 0.8008
vn 0.0293 -0.2169 0.9758
vn 0.0291 0.2170 0.9757
vn 0.0275 0.5984 0.8007
vn 0.0254 0.8584 0.5123
vn 0.0237 0.9844 0.1746
vn 0.0227 0.9843 -0.1752
vn 0.0225 0.8582 -0.5128
vn 0.0230 0.5981 -0.8011
vn 0.0236 0.2169 -0.9759
vn 0.0238 -0.2167 -0.9759
vn 0.0236 -0.5981 -0.8011
vn 0.0230 -0.9384 -0.3447
vn 0.0229 -0.7480 -0.6633
vn 0.0237 -0.9842 -0.1752
vn 0.0590 -0.9829 0.1747
vn 0.0630 -0.8567 0.5119
vn 0.0675 -0.5969 0.7995
vn 0.0702 -0.2163 0.9738
vn 0.0695 0.2163 0.9738
vn 0.0654 0.5970 0.7996
vn 0.0601 0.8569 0.5120
vn 0.0557 0.9830 0.1747
vn 0.0531 0.9832 -0.1749
vn 0.0525 0.8572 -0.5123
vn 0.0535 0.5973 -0.8002
vn 0.0550 0.2165 -0.9747
vn 0.0557 -0.2164 -0.9747
vn 0.0555 -0.5972 -0.8001
vn 0.0546 -0.9373 -0.3442
vn 0.0543 -0.7471 -0.6625
vn 0.0564 -0.9830 -0.1749
vn 1.0000 0.0000 0.0000
vn 1.0000 0.0000 0.0000
vn 0.9511 -0.3090 -0.0000
vn 0.9511 -0.3090 -0.0000
vn 0.8090 -0.5878 -0.0000
vn 0.8090 -0.5878 -0.0000
vn 0.5878 -0.8090 -0.0000
vn 0.5878 -0.8090 -0.0000
vn 0.3090 -0.9511 0.0000
vn 0.3090 -0.9511 -0.0000
vn 0.1564 -0.9877 0.0000
vn -0.1564 -0.9877 -0.0000
vn 0.1564 -0.9877 -0.0000
vn -0.1564 -0.9877 0.0000
vn -0.3090 -0.9511 -0.0000
vn -0.3090 -0.9511 0.0000
vn -0.5878 -0.8090 -0.0000
vn -0.5878 -0.8090 -0.0000
vn -0.8090 -0.5878 -0.0000
vn -0.8090 -0.5878 -0.0000
vn -0.9511 -0.3090 -0.0000
vn -0.9511 -0.3090 -0.0000
vn -1.0000 0.0000 0.0000
vn -1.0000 0.0000 0.0000
vn -0.9511 0.3090 0.0000
vn -0.9511 0.3090 0.0000
vn -0.8090 0.5878 0.0000
vn -0.8090 0.5878 0.0000
vn -0.5878 0.8090 -0.0000
vn -0.5878 0.8090 0.0000
vn -0.3090 0.9511 -0.0000
vn -0.3090 0.9511 -0.0000
vn 0.0000 1.0000 -0.0000
vn -0.0000 1.0000 -0.0000
vn 0.3090 0.9511 0.0000
vn 0.3090 0.9511 -0.0000
vn 0.5878 0.8090 0.0000
vn 0.5878 0.8090 0.0000
vn 0.8090 0.5878 0.0000
vn 0.8090 0.5878 0.0000
vn 0.9511 0.3090 0.0000
vn 0.9511 0.3090 0.0000
vn -0.0626 -0.9826 -0.1746
vn -0.4568 -0.8759 -0.1554
vn -0.2542 -0.9522 -0.1692
vn -0.0621 -0.9826 0.1750
vn -0.2542 -0.9522 0.1693
vn -0.4569 -0.8758 0.1556
vn -0.0613 -0.8566 0.5123
vn -0.3010 -0.8196 0.4874
vn -0.2542 -0.8303 0.4960
vn -0.4564 -0.7641 0.4559
vn -0.3016 -0.5716 0.7631
vn -0.0604 -0.5969 0.8001
vn -0.4561 -0.5330 0.7127
vn -0.2541 -0.5787 0.7749
vn -0.3024 -0.2076 0.9303
vn -0.0599 -0.2163 0.9745
vn -0.4560 -0.1934 0.8687
vn -0.2541 -0.2098 0.9441
vn -0.3026 0.2073 0.9303
vn -0.0599 0.2162 0.9745
vn -0.4559 0.1932 0.8688
vn -0.2540 0.2097 0.9442
vn -0.0607 0.5968 0.8001
vn -0.3024 0.5719 0.7625
vn -0.2540 0.5787 0.7750
vn -0.4560 0.5330 0.7128
vn -0.0616 0.8566 0.5123
vn -0.4565 0.7641 0.4558
vn -0.2540 0.8303 0.4960
vn -0.0625 0.9826 0.1749
vn -0.2540 0.9523 0.1693
vn -0.4568 0.8759 0.1555
vn -0.0630 0.9826 -0.1746
vn -0.4568 0.8758 -0.1556
vn -0.2539 0.9523 -0.1693
vn -0.0630 0.8567 -0.5120
vn -0.2538 0.8304 -0.4961
vn -0.4565 0.7639 -0.4561
vn -0.0627 0.5970 -0.7998
vn -0.4561 0.5330 -0.7127
vn -0.2535 0.5789 -0.7750
vn -0.0622 0.2164 -0.9743
vn -0.4551 0.1959 -0.8686
vn -0.2528 0.2107 -0.9443
vn -0.0623 -0.2169 -0.9742
vn -0.4554 -0.1910 -0.8696
vn -0.2532 -0.2098 -0.9444
vn -0.0628 -0.5969 -0.7999
vn -0.2544 -0.5782 -0.7752
vn -0.4567 -0.5313 -0.7135
vn -0.0617 -0.9369 -0.3441
vn -0.0616 -0.7468 -0.6621
vn -0.2965 -0.8970 -0.3277
vn -0.2965 -0.7155 -0.6326
vn -0.2501 -0.9089 -0.3337
vn -0.2499 -0.7247 -0.6421
vn -0.4502 -0.8383 -0.3076
vn -0.4499 -0.6689 -0.5917
vn -0.4231 -0.9032 -0.0729
vn -0.9529 -0.2508 -0.1705
vn -0.9818 0.0000 -0.1901
vn 0.0000 -0.9853 -0.1710
vn -0.3627 -0.9079 -0.2101
vn -0.8280 -0.2575 -0.4981
vn -0.8338 0.0000 -0.5520
vn 0.0000 -0.8591 -0.5118
vn -0.2463 -0.9150 -0.3197
vn -0.5737 -0.2681 -0.7740
vn -0.5359 0.0000 -0.8443
vn 0.0000 -0.5711 -0.8209
vn -0.1213 0.0000 -0.9926
vn 0.0000 -0.1172 -0.9931
vn 0.3131 0.0000 -0.9497
vn 0.0000 0.3661 -0.9306
vn 0.6625 0.0000 -0.7491
vn 0.0000 0.7155 -0.6986
vn 0.3627 -0.9079 -0.2101
vn 0.8280 -0.2576 -0.4980
vn 0.8846 0.0000 -0.4664
vn 0.0000 0.9090 -0.4168
vn 0.4231 -0.9032 -0.0729
vn 0.9529 -0.2508 -0.1707
vn 0.9876 0.0000 -0.1569
vn 0.0000 0.9905 -0.1372
vn 0.9876 0.0000 0.1569
vn 0.0000 0.9905 0.1372
vn 0.8864 0.0000 0.4629
vn 0.0000 0.9104 0.4137
vn 0.2447 -0.9150 0.3207
vn 0.5776 -0.2676 0.7712
vn 0.6792 0.0000 0.7339
vn 0.0000 1.0000 0.0000
vn 0.0000 0.7242 0.6896
vn 1.0000 0.0000 0.0000
vn 0.0867 -0.9202 0.3817
vn 0.2091 -0.2759 0.9382
vn -1.0000 0.0000 0.0000
vn -0.4232 0.0000 0.9060
vn 0.0000 -0.4683 0.8836
vn 0.0000 -1.0000 0.0000
vn -0.5359 0.0000 0.8443
vn 0.0000 -0.5711 0.8209
vn -0.7482 0.0000 0.6635
vn -0.9387 0.0000 0.3448
vn 0.0000 -0.7879 0.6158
vn 0.0000 -0.9514 0.3080
vn -0.9818 0.0000 0.1901
vn 0.0000 -0.9853 0.1710
vn -0.2884 -0.9563 -0.0484
vn -0.2460 -0.9590 -0.1409
vn -0.1662 -0.9622 -0.2157
vn -0.0598 -0.9643 -0.2578
vn 0.0606 -0.9641 -0.2585
vn 0.1698 -0.9612 -0.2175
vn 0.2506 -0.9574 -0.1434
vn 0.2932 -0.9547 -0.0498
vn 0.2941 -0.9544 0.0507
vn 0.2533 -0.9565 0.1450
vn 0.1627 -0.9635 0.2127
vn 0.1127 -0.9649 0.2370
vn 0.0576 -0.9660 0.2519
vn 0.0003 -0.9666 0.2564
vn -0.0754 -0.9639 0.2555
vn -0.1718 -0.9597 0.2223
vn -0.2204 -0.9556 0.1954
vn -0.2778 -0.9554 0.1001
vn -0.2904 -0.9555 0.0512
vn 0.6663 -0.6377 0.3865
vn -0.1714 -0.6319 -0.7559
vn 0.4610 -0.6636 0.5891
vn 0.3181 -0.6692 0.6716
vn 0.1669 -0.6346 -0.7546
vn 0.1634 -0.6731 0.7213
vn -0.0012 -0.6735 0.7392
vn 0.4649 -0.6302 -0.6219
vn -0.2078 -0.6637 0.7186
vn 0.6713 -0.6230 -0.4017
vn -0.4642 -0.6460 0.6059
vn -0.7817 -0.6075 -0.1411
vn 0.7724 -0.6195 -0.1405
vn -0.5767 -0.6429 0.5041
vn -0.7539 -0.5983 0.2714
vn -0.6797 -0.6120 -0.4042
vn 0.7703 -0.6241 0.1309
vn -0.7791 -0.6128 0.1325
vn -0.4706 -0.6225 -0.6253
vn 0.8162 -0.3186 0.4819
vn -0.2067 -0.3005 -0.9311
vn 0.5681 -0.3341 0.7521
vn 0.3981 -0.3397 0.8521
vn 0.2086 -0.3041 -0.9295
vn 0.2058 -0.3431 0.9165
vn 0.0005 -0.3432 0.9393
vn 0.5729 -0.3018 -0.7620
vn -0.2541 -0.3376 0.9064
vn 0.8211 -0.2983 -0.4867
vn -0.5651 -0.3240 0.7587
vn -0.9450 -0.2823 -0.1655
vn 0.9400 -0.2989 -0.1645
vn -0.7118 -0.3112 0.6296
vn -0.8991 -0.2891 0.3287
vn -0.8244 -0.2835 -0.4898
vn 0.9371 -0.3059 0.1681
vn -0.9419 -0.2898 0.1697
vn -0.5733 -0.2916 -0.7657
vn -0.0875 -0.9202 -0.3815
vn -0.2068 -0.2764 -0.9385
vn 0.0875 -0.9202 -0.3815
vn 0.2068 -0.2764 -0.9385
vn 0.2463 -0.9150 -0.3197
vn 0.5737 -0.2680 -0.7740
vn 0.4231 -0.9032 0.0729
vn 0.9530 -0.2506 0.1705
vn 0.3643 -0.9078 0.2079
vn 0.8311 -0.2572 0.4932
vn 0.1694 -0.9181 0.3582
vn 0.4051 -0.2725 0.8727
vn -0.0000 -0.9210 0.3897
vn -0.0000 -0.2772 0.9608
vn -0.1104 -0.9195 0.3772
vn -0.2576 -0.2752 0.9262
vn -0.2463 -0.9150 0.3197
vn -0.5737 -0.2682 0.7739
vn -0.3126 -0.9086 0.2772
vn -0.4054 -0.9019 0.1489
vn -0.7229 -0.2581 0.6410
vn -0.9093 -0.2488 0.3336
vn -0.4231 -0.9032 0.0729
vn -0.9529 -0.2509 0.1706
vn -0.9777 -0.1168 -0.1744
vn -0.6742 -0.7289 -0.1193
vn -0.9113 -0.3783 -0.1624
vn -0.8514 -0.1201 -0.5105
vn -0.5815 -0.7364 -0.3457
vn -0.7909 -0.3873 -0.4737
vn -0.5922 -0.1253 -0.7960
vn -0.3989 -0.7475 -0.5311
vn -0.5473 -0.4009 -0.7347
vn -0.2143 -0.1292 -0.9682
vn -0.1429 -0.7557 -0.6391
vn -0.1973 -0.4112 -0.8899
vn 0.2143 -0.1292 -0.9682
vn 0.1429 -0.7557 -0.6391
vn 0.1973 -0.4112 -0.8900
vn 0.5922 -0.1253 -0.7960
vn 0.3989 -0.7475 -0.5311
vn 0.5473 -0.4009 -0.7347
vn 0.8514 -0.1201 -0.5105
vn 0.5815 -0.7364 -0.3457
vn 0.7909 -0.3873 -0.4737
vn 0.9777 -0.1168 -0.1744
vn 0.6742 -0.7289 -0.1193
vn 0.9113 -0.3783 -0.1624
vn 0.9777 -0.1168 0.1744
vn 0.6742 -0.7289 0.1193
vn 0.9113 -0.3783 0.1624
vn 0.8546 -0.1201 0.5052
vn 0.5834 -0.7368 0.3419
vn 0.7938 -0.3873 0.4688
vn 0.5954 -0.1262 0.7935
vn 0.3938 -0.7561 0.5227
vn 0.5490 -0.4046 0.7314
vn 0.4182 -0.1286 0.8992
vn 0.2744 -0.7613 0.5874
vn 0.3846 -0.4110 0.8266
vn 0.2161 -0.1303 0.9676
vn 0.1410 -0.7649 0.6286
vn 0.1984 -0.4154 0.8878
vn -0.0000 -0.1310 0.9914
vn -0.0000 -0.7661 0.6427
vn -0.0000 -0.4170 0.9089
vn -0.2670 -0.1293 0.9550
vn -0.1773 -0.7593 0.6261
vn -0.2457 -0.4121 0.8774
vn -0.5922 -0.1253 0.7960
vn -0.3989 -0.7475 0.5311
vn -0.5473 -0.4009 0.7347
vn -0.7427 -0.1213 0.6585
vn -0.9325 -0.1147 0.3425
vn -0.4981 -0.7462 0.4417
vn -0.6573 -0.7139 0.2414
vn -0.6884 -0.3917 0.6104
vn -0.8716 -0.3711 0.3201
vn -0.9777 -0.1168 0.1744
vn -0.6742 -0.7289 0.1193
vn -0.9113 -0.3783 0.1624
vn -0.9846 0.0000 0.1751
vn -0.9846 0.0000 -0.1751
vn -0.8584 0.0000 -0.5130
vn -0.5982 0.0000 -0.8014
vn -0.2168 0.0000 -0.9762
vn 0.2168 0.0000 -0.9762
vn 0.5982 0.0000 -0.8014
vn 0.8584 0.0000 -0.5130
vn 0.9846 0.0000 -0.1751
vn 0.9846 0.0000 0.1751
vn 0.8616 0.0000 0.5076
vn 0.6278 0.0000 0.7784
vn 0.0000 -1.0000 0.0000
vn 1.0000 0.0000 0.0000
vn 0.4224 0.0000 0.9064
vn 0.0000 -1.0000 0.0000
vn 0.2184 0.0000 0.9759
vn 0.0000 -1.0000 0.0000
vn -0.0000 0.0000 1.0000
vn 0.0000 -1.0000 0.0000
vn -1.0000 0.0000 0.0000
vn -0.3228 0.0000 0.9465
vn 0.0000 -1.0000 0.0000
vn -0.5982 0.0000 0.8014
vn -0.7482 0.0000 0.6635
vn -0.9387 0.0000 0.3448
vn -0.9846 0.0000 0.1751
vn -0.9846 0.0000 -0.1751
vn -0.8584 0.0000 -0.5130
vn -0.5982 0.0000 -0.8014
vn -0.2168 0.0000 -0.9762
vn 0.2168 0.0000 -0.9762
vn 0.5982 0.0000 -0.8014
vn 0.8584 0.0000 -0.5130
vn 0.9846 0.0000 -0.1751
vn 0.9846 0.0000 0.1751
vn 0.8616 0.0000 0.5076
vn 0.6792 0.0000 0.7339
vn 1.0000 0.0000 0.0000
vn -1.0000 0.0000 0.0000
vn -0.4232 0.0000 0.9060
vn -0.5982 0.0000 0.8014
vn -0.7482 0.0000 0.6635
vn -0.9387 0.0000 0.3448
vn -0.0000 0.2412 -0.9705
vn 0.0000 -0.4683 0.8836
vn 0.0000 -1.0000 0.0000
vn 0.0000 1.0000 0.0000
vn 0.0000 0.7242 0.6896
vn 0.0000 -0.9878 0.1559
vn -0.0000 0.6422 -0.7666
vn 0.0000 -0.6422 0.7666
vn -0.0000 0.8831 -0.4691
vn -0.0000 -0.9878 -0.1559
vn -0.0000 0.9878 -0.1559
vn -0.0000 -0.8831 -0.4691
vn 0.0000 0.9878 0.1559
vn 0.0000 -0.7879 0.6158
vn 0.0000 -0.9514 0.3080
vn -0.0000 -0.6422 -0.7666
vn 0.0000 0.8860 0.4637
vn -0.0000 -0.2412 -0.9705
vn -0.7482 0.0000 0.6635
vn -0.9387 0.0000 0.3448
vn -0.5982 0.0000 0.8014
vn -0.2704 0.0000 0.9627
vn -0.0000 0.0000 1.0000
vn 0.2184 0.0000 0.9759
vn 0.4224 0.0000 0.9064
vn 0.6009 0.0000 0.7993
vn 0.8616 0.0000 0.5076
vn 0.9846 0.0000 0.1751
vn 0.9846 0.0000 -0.1751
vn 0.8584 0.0000 -0.5130
vn 0.5982 0.0000 -0.8014
vn 0.2168 0.0000 -0.9762
vn -0.2168 0.0000 -0.9762
vn -0.5982 0.0000 -0.8014
vn -0.8584 0.0000 -0.5130
vn -0.9846 0.0000 -0.1751
vn -0.9846 0.0000 0.1751
vn 0.0000 1.0000 0.0000
vn 1.0000 0.0000 0.0000
vn 0.0000 -1.0000 0.0000
vn 0.0000 -1.0000 0.0000
vn 0.0000 -1.0000 0.0000
vn 1.0000 0.0000 0.0000
vn -1.0000 0.0000 0.0000
vn 0.0000 -1.0000 0.0000
vn -1.0000 0.0000 0.0000
vn 0.0000 -1.0000 0.0000
vn 0.0000 -1.0000 0.0000
vn 1.0000 0.0000 0.0000
vn -1.0000 0.0000 0.0000
vn 0.0000 1.0000 0.0000
vn 0.0000 -1.0000 0.0000
vn -0.9846 0.0000 -0.1751
vn -0.8584 0.0000 -0.5130
vn -0.5982 0.0000 -0.8014
vn -0.2168 0.0000 -0.9762
vn 0.2168 0.0000 -0.9762
vn 0.5982 0.0000 -0.8014
vn 0.8584 0.0000 -0.5130
vn 0.9846 0.0000 -0.1751
vn 0.9846 0.0000 0.1751
vn 0.8616 0.0000 0.5076
vn 0.6792 0.0000 0.7339
vn 1.0000 0.0000 0.0000
vn -1.0000 0.0000 0.0000
vn -0.4232 0.0000 0.9060
vn -0.5982 0.0000 0.8014
vn -0.7482 0.0000 0.6635
vn -0.9387 0.0000 0.3448
vn -0.9846 0.0000 0.1751
vn 1.0000 0.0000 0.0000
vn -1.0000 0.0000 0.0000
vn -0.4231 -0.9032 0.0729
vn -0.9528 -0.2509 0.1706
vn -0.9818 0.0000 0.1901
vn 0.0000 -0.9853 0.1710
vn -0.3627 -0.9079 0.2101
vn -0.8279 -0.2579 0.4982
vn -0.8338 0.0000 0.5520
vn 0.0000 -0.8591 0.5118
vn -0.2463 -0.9150 0.3197
vn -0.5738 -0.2683 0.7738
vn -0.5359 0.0000 0.8443
vn 0.0000 -0.5711 0.8209
vn -0.1213 0.0000 0.9926
vn 0.0000 -0.1172 0.9931
vn 0.3131 0.0000 0.9497
vn 0.0000 0.3661 0.9306
vn 0.6625 0.0000 0.7491
vn 0.0000 0.7155 0.6986
vn 0.3627 -0.9079 0.2101
vn 0.8280 -0.2574 0.4982
vn 0.8846 0.0000 0.4664
vn 0.0000 0.9090 0.4168
vn 0.4231 -0.9032 0.0729
vn 0.9529 -0.2507 0.1705
vn 0.9876 0.0000 0.1569
vn 0.0000 0.9905 0.1372
vn 0.9876 0.0000 -0.1569
vn 0.0000 0.9905 -0.1372
vn 0.8858 0.0000 -0.4641
vn 0.0000 0.9099 -0.4148
vn 0.2447 -0.9150 -0.3207
vn 0.5776 -0.2677 -0.7712
vn 0.0000 1.0000 0.0000
vn 0.6793 0.0000 -0.7339
vn 0.0000 0.7241 -0.6896
vn 1.0000 0.0000 0.0000
vn 0.0867 -0.9202 -0.3817
vn 0.2091 -0.2760 -0.9381
vn -0.4232 0.0000 -0.9060
vn -1.0000 0.0000 0.0000
vn 0.0000 -1.0000 0.0000
vn 0.0000 -0.4683 -0.8836
vn -0.5359 0.0000 -0.8443
vn 0.0000 -0.5711 -0.8209
vn -0.7482 0.0000 -0.6635
vn -0.9387 0.0000 -0.3448
vn 0.0000 -0.9514 -0.3080
vn 0.0000 -0.7879 -0.6158
vn -0.9818 0.0000 -0.1901
vn 0.0000 -0.9853 -0.1710
vn -0.2894 -0.9560 0.0487
vn -0.2470 -0.9586 0.1414
vn -0.1669 -0.9619 0.2166
vn -0.0601 -0.9641 0.2587
vn 0.0606 -0.9639 0.2591
vn 0.1698 -0.9611 0.2177
vn 0.2503 -0.9575 0.1435
vn 0.2926 -0.9549 0.0498
vn 0.2932 -0.9547 -0.0504
vn 0.2521 -0.9569 -0.1444
vn 0.1619 -0.9638 -0.2118
vn 0.1122 -0.9652 -0.2361
vn 0.0574 -0.9663 -0.2510
vn 0.0002 -0.9668 -0.2557
vn -0.0754 -0.9640 -0.2549
vn -0.1718 -0.9598 -0.2220
vn -0.2823 -0.9539 -0.1018
vn -0.2168 -0.9571 -0.1923
vn -0.2911 -0.9553 -0.0511
vn 0.6685 -0.6343 -0.3883
vn -0.1703 -0.6351 0.7535
vn 0.4635 -0.6607 -0.5904
vn 0.3193 -0.6663 -0.6739
vn 0.1674 -0.6368 0.7527
vn 0.1642 -0.6704 -0.7236
vn -0.0008 -0.6713 -0.7412
vn 0.4654 -0.6310 0.6207
vn -0.2075 -0.6620 -0.7202
vn 0.6721 -0.6224 0.4010
vn -0.4637 -0.6453 -0.6071
vn -0.7798 -0.6102 0.1401
vn 0.7738 -0.6178 0.1399
vn -0.7527 -0.5999 -0.2712
vn -0.5769 -0.6424 -0.5045
vn -0.6777 -0.6153 0.4026
vn 0.7721 -0.6217 -0.1319
vn -0.7776 -0.6145 -0.1331
vn -0.4688 -0.6261 0.6231
vn 0.8168 -0.3141 -0.4840
vn -0.2067 -0.3047 0.9298
vn 0.5691 -0.3296 -0.7533
vn 0.3986 -0.3355 -0.8536
vn 0.2079 -0.3069 0.9288
vn 0.2060 -0.3392 -0.9179
vn 0.0003 -0.3398 -0.9405
vn 0.5723 -0.3029 0.7621
vn -0.2545 -0.3351 -0.9071
vn 0.8209 -0.2976 0.4873
vn -0.5657 -0.3231 -0.7587
vn -0.9438 -0.2859 0.1657
vn 0.9406 -0.2966 0.1650
vn -0.8985 -0.2911 -0.3287
vn -0.7120 -0.3111 -0.6295
vn -0.8232 -0.2879 0.4894
vn 0.9383 -0.3023 -0.1681
vn -0.9413 -0.2922 -0.1690
vn -0.5726 -0.2963 0.7645
vn -0.0875 -0.9202 0.3815
vn -0.2068 -0.2763 0.9385
vn 0.0875 -0.9202 0.3815
vn 0.2068 -0.2763 0.9385
vn 0.2463 -0.9150 0.3197
vn 0.5737 -0.2680 0.7740
vn 0.4231 -0.9032 -0.0729
vn 0.9529 -0.2508 -0.1706
vn 0.3638 -0.9078 -0.2086
vn 0.8300 -0.2576 -0.4948
vn 0.1694 -0.9181 -0.3582
vn 0.4051 -0.2725 -0.8727
vn -0.0000 -0.9210 -0.3897
vn -0.0000 -0.2773 -0.9608
vn -0.1104 -0.9195 -0.3772
vn -0.2575 -0.2751 -0.9263
vn -0.2463 -0.9150 -0.3197
vn -0.5737 -0.2678 -0.7740
vn -0.3126 -0.9086 -0.2772
vn -0.4054 -0.9019 -0.1489
vn -0.9092 -0.2485 -0.3339
vn -0.7233 -0.2576 -0.6407
vn -0.4231 -0.9032 -0.0729
vn -0.9529 -0.2507 -0.1705
vn -0.9777 -0.1168 0.1744
vn -0.6742 -0.7289 0.1193
vn -0.9113 -0.3783 0.1624
vn -0.8514 -0.1201 0.5105
vn -0.5815 -0.7364 0.3457
vn -0.7909 -0.3873 0.4737
vn -0.5922 -0.1253 0.7960
vn -0.3989 -0.7475 0.5311
vn -0.5473 -0.4009 0.7347
vn -0.2143 -0.1292 0.9682
vn -0.1429 -0.7557 0.6391
vn -0.1973 -0.4112 0.8899
vn 0.2143 -0.1292 0.9682
vn 0.1429 -0.7557 0.6391
vn 0.1973 -0.4112 0.8900
vn 0.5922 -0.1253 0.7960
vn 0.3989 -0.7475 0.5311
vn 0.5473 -0.4009 0.7347
vn 0.8514 -0.1201 0.5105
vn 0.5815 -0.7364 0.3457
vn 0.7909 -0.3873 0.4737
vn 0.9777 -0.1168 0.1744
vn 0.6742 -0.7289 0.1193
vn 0.9113 -0.3783 0.1624
vn 0.9777 -0.1168 -0.1744
vn 0.6742 -0.7289 -0.1193
vn 0.9113 -0.3783 -0.1624
vn 0.8535 -0.1201 -0.5070
vn 0.5827 -0.7367 -0.3432
vn 0.7929 -0.3873 -0.4705
vn 0.5954 -0.1262 -0.7935
vn 0.3938 -0.7562 -0.5227
vn 0.5490 -0.4046 -0.7314
vn 0.4182 -0.1286 -0.8992
vn 0.2744 -0.7613 -0.5874
vn 0.3846 -0.4110 -0.8266
vn 0.2161 -0.1303 -0.9676
vn 0.1410 -0.7649 -0.6286
vn 0.1984 -0.4154 -0.8878
vn -0.0000 -0.1310 -0.9914
vn -0.0000 -0.7661 -0.6427
vn -0.0000 -0.4170 -0.9089
vn -0.2670 -0.1293 -0.9550
vn -0.1773 -0.7593 -0.6261
vn -0.2457 -0.4121 -0.8774
vn -0.5922 -0.1253 -0.7960
vn -0.3989 -0.7475 -0.5311
vn -0.5473 -0.4009 -0.7347
vn -0.7427 -0.1213 -0.6585
vn -0.9325 -0.1147 -0.3425
vn -0.4981 -0.7462 -0.4417
vn -0.6573 -0.7139 -0.2414
vn -0.6884 -0.3917 -0.6104
vn -0.8716 -0.3711 -0.3201
vn -0.9777 -0.1168 -0.1744
vn -0.6742 -0.7289 -0.1193
vn -0.9113 -0.3783 -0.1624
vn 0.0000 1.0000 0.0000
vn 1.0000 0.0000 0.0000
vn -0.9846 0.0000 -0.1751
vn -0.9846 0.0000 0.1751
vn -0.8584 0.0000 0.5130
vn -0.5982 0.0000 0.8014
vn -0.2168 0.0000 0.9762
vn 0.2168 0.0000 0.9762
vn 0.5982 0.0000 0.8014
vn 0.8584 0.0000 0.5130
vn 0.9846 0.0000 0.1751
vn 0.9846 0.0000 -0.1751
vn 0.8605 0.0000 -0.5095
vn 0.6278 0.0000 -0.7783
vn 0.0000 -1.0000 0.0000
vn 1.0000 0.0000 0.0000
vn 0.4224 0.0000 -0.9064
vn 0.0000 -1.0000 0.0000
vn 0.2184 0.0000 -0.9759
vn 0.0000 -1.0000 0.0000
vn -0.0000 0.0000 -1.0000
vn 0.0000 -1.0000 0.0000
vn -0.3228 0.0000 -0.9465
vn -1.0000 0.0000 0.0000
vn 0.0000 -1.0000 0.0000
vn -0.5982 0.0000 -0.8014
vn -0.7482 0.0000 -0.6635
vn -0.9387 0.0000 -0.3448
vn -1.0000 0.0000 0.0000
vn 0.0000 -1.0000 0.0000
vn 0.0000 -1.0000 0.0000
vn 1.0000 0.0000 0.0000
vn 0.0000 -1.0000 0.0000
vn 0.0000 -1.0000 0.0000
vn 0.0000 -1.0000 0.0000
vn -1.0000 0.0000 0.0000
vn 0.0000 -1.0000 0.0000
vn -0.9846 0.0000 -0.1751
vn -0.9846 0.0000 0.1751
vn -0.8584 0.0000 0.5130
vn -0.5982 0.0000 0.8014
vn -0.2168 0.0000 0.9762
vn 0.2168 0.0000 0.9762
vn 0.5982 0.0000 0.8014
vn 0.8584 0.0000 0.5130
vn 0.9846 0.0000 0.1751
vn 0.9846 0.0000 -0.1751
vn 0.8605 0.0000 -0.5095
vn 0.6793 0.0000 -0.7339
vn 1.0000 0.0000 0.0000
vn -0.4232 0.0000 -0.9060
vn -1.0000 0.0000 0.0000
vn -0.5982 0.0000 -0.8014
vn -0.7482 0.0000 -0.6635
vn -0.9387 0.0000 -0.3448
vn -1.0000 0.0000 0.0000
vn 1.0000 0.0000 0.0000
vn 0.0000 0.2412 0.9705
vn 0.0000 -1.0000 0.0000
vn -0.0000 -0.4683 -0.8836
vn 0.0000 1.0000 0.0000
vn -0.0000 0.7241 -0.6896
vn -0.0000 -0.9878 -0.1559
vn 0.0000 0.6422 0.7666
vn -0.0000 -0.6422 -0.7666
vn 0.0000 0.8831 0.4691
vn 0.0000 -0.9878 0.1559
vn 0.0000 0.9878 0.1559
vn 0.0000 -0.8831 0.4691
vn -0.0000 0.9878 -0.1559
vn -0.0000 -0.9514 -0.3080
vn -0.0000 -0.7879 -0.6158
vn 0.0000 -0.6422 0.7666
vn -0.0000 0.8850 -0.4655
vn 0.0000 -0.2412 0.9705
vn 0.0000 1.0000 0.0000
vn 0.0000 -1.0000 0.0000
vn -0.7482 0.0000 -0.6635
vn -0.9387 0.0000 -0.3448
vn -0.5982 0.0000 -0.8014
vn -0.2704 0.0000 -0.9627
vn -0.0000 0.0000 -1.0000
vn 0.2184 0.0000 -0.9759
vn 0.4224 0.0000 -0.9064
vn 0.6009 0.0000 -0.7993
vn 0.8605 0.0000 -0.5095
vn 0.9846 0.0000 -0.1751
vn 0.9846 0.0000 0.1751
vn 0.8584 0.0000 0.5130
vn 0.5982 0.0000 0.8014
vn 0.2168 0.0000 0.9762
vn -0.2168 0.0000 0.9762
vn -0.5982 0.0000 0.8014
vn -0.8584 0.0000 0.5130
vn -0.9846 0.0000 0.1751
vn -0.9846 0.0000 -0.1751
vn 0.0000 1.0000 0.0000
vn 1.0000 0.0000 0.0000
vn 0.0000 -1.0000 0.0000
vn 0.0000 -1.0000 0.0000
vn 0.0000 -1.0000 0.0000
vn 1.0000 0.0000 0.0000
vn -1.0000 0.0000 0.0000
vn 0.0000 -1.0000 0.0000
vn -1.0000 0.0000 0.0000
vn 0.0000 -1.0000 0.0000
vn 0.0000 -1.0000 0.0000
vn 1.0000 0.0000 0.0000
vn -1.0000 0.0000 0.0000
vn 0.0000 1.0000 0.0000
vn 0.0000 -1.0000 0.0000
vn -0.9846 0.0000 0.1751
vn -0.8584 0.0000 0.5130
vn -0.5982 0.0000 0.8014
vn -0.2168 0.0000 0.9762
vn 0.2168 0.0000 0.9762
vn 0.5982 0.0000 0.8014
vn 0.8584 0.0000 0.5130
vn 0.9846 0.0000 0.1751
vn 0.9846 0.0000 -0.1751
vn 0.8605 0.0000 -0.5095
vn 0.6793 0.0000 -0.7339
vn 1.0000 0.0000 0.0000
vn -0.4232 0.0000 -0.9060
vn -1.0000 0.0000 0.0000
vn -0.5982 0.0000 -0.8014
vn -0.7482 0.0000 -0.6635
vn -0.9387 0.0000 -0.3448
vn -1.0000 0.0000 0.0000
vn 1.0000 0.0000 0.0000
vn -0.9846 0.0000 -0.1751
vn 1.0000 0.0000 0.0000
vn -1.0000 0.0000 0.0000
vn 0.4231 -0.9032 -0.0729
vn 0.9528 -0.2510 -0.1706
vn 0.9818 0.0000 -0.1901
vn 0.0000 -0.9853 -0.1710
vn 0.3627 -0.9079 -0.2101
vn 0.8278 -0.2579 -0.4982
vn 0.8338 0.0000 -0.5520
vn 0.0000 -0.8591 -0.5118
vn 0.2463 -0.9150 -0.3197
vn 0.5738 -0.2683 -0.7738
vn 0.5359 0.0000 -0.8443
vn 0.0000 -0.5711 -0.8209
vn 0.1213 0.0000 -0.9926
vn 0.0000 -0.1172 -0.9931
vn -0.3131 0.0000 -0.9497
vn 0.0000 0.3661 -0.9306
vn -0.6625 0.0000 -0.7491
vn 0.0000 0.7155 -0.6986
vn -0.3627 -0.9079 -0.2101
vn -0.8280 -0.2574 -0.4982
vn -0.8846 0.0000 -0.4664
vn 0.0000 0.9090 -0.4168
vn -0.4231 -0.9032 -0.0729
vn -0.9529 -0.2507 -0.1705
vn -0.9876 0.0000 -0.1569
vn 0.0000 0.9905 -0.1372
vn -0.9876 0.0000 0.1569
vn 0.0000 0.9905 0.1372
vn -0.8864 0.0000 0.4629
vn 0.0000 0.9104 0.4137
vn -0.2447 -0.9150 0.3207
vn -0.5776 -0.2676 0.7712
vn 0.0000 1.0000 0.0000
vn -0.6792 0.0000 0.7339
vn 0.0000 0.7242 0.6896
vn -1.0000 0.0000 0.0000
vn -0.0867 -0.9202 0.3817
vn -0.2091 -0.2759 0.9382
vn 0.0000 -1.0000 0.0000
vn 0.0000 -0.4683 0.8836
vn 0.4232 0.0000 0.9060
vn 1.0000 0.0000 0.0000
vn 0.0000 -0.5711 0.8209
vn 0.5359 0.0000 0.8443
vn 0.0000 -0.7879 0.6158
vn 0.7482 0.0000 0.6635
vn 0.9387 0.0000 0.3448
vn 0.0000 -0.9514 0.3080
vn 0.9818 0.0000 0.1901
vn 0.0000 -0.9853 0.1710
vn 0.2884 -0.9563 -0.0484
vn 0.2460 -0.9590 -0.1409
vn 0.1662 -0.9622 -0.2157
vn 0.0598 -0.9643 -0.2578
vn -0.0606 -0.9641 -0.2585
vn -0.1698 -0.9612 -0.2175
vn -0.2506 -0.9574 -0.1434
vn -0.2932 -0.9547 -0.0498
vn -0.2941 -0.9544 0.0507
vn -0.2533 -0.9565 0.1450
vn -0.1627 -0.9635 0.2127
vn -0.1127 -0.9649 0.2370
vn -0.0576 -0.9660 0.2519
vn -0.0003 -0.9666 0.2564
vn 0.0754 -0.9639 0.2555
vn 0.1718 -0.9597 0.2223
vn 0.2778 -0.9554 0.1001
vn 0.2204 -0.9556 0.1954
vn 0.2904 -0.9555 0.0512
vn -0.6663 -0.6377 0.3865
vn 0.1714 -0.6319 -0.7559
vn -0.4610 -0.6636 0.5891
vn -0.3181 -0.6692 0.6716
vn -0.1669 -0.6346 -0.7546
vn -0.1634 -0.6731 0.7213
vn 0.0012 -0.6735 0.7392
vn -0.4649 -0.6302 -0.6219
vn 0.2078 -0.6637 0.7186
vn -0.6713 -0.6230 -0.4017
vn 0.4642 -0.6460 0.6059
vn 0.7817 -0.6075 -0.1411
vn -0.7724 -0.6195 -0.1405
vn 0.7539 -0.5983 0.2714
vn 0.5767 -0.6429 0.5041
vn 0.6797 -0.6120 -0.4042
vn -0.7703 -0.6241 0.1309
vn 0.7791 -0.6128 0.1325
vn 0.4706 -0.6225 -0.6253
vn -0.8163 -0.3185 0.4819
vn 0.2067 -0.3005 -0.9311
vn -0.5681 -0.3341 0.7521
vn -0.3981 -0.3397 0.8521
vn -0.2086 -0.3040 -0.9295
vn -0.2058 -0.3431 0.9165
vn -0.0005 -0.3432 0.9393
vn -0.5729 -0.3018 -0.7620
vn 0.2539 -0.3377 0.9064
vn -0.8210 -0.2984 -0.4867
vn 0.5650 -0.3243 0.7587
vn 0.9450 -0.2822 -0.1656
vn -0.9400 -0.2990 -0.1645
vn 0.8989 -0.2893 0.3289
vn 0.7120 -0.3114 0.6294
vn 0.8244 -0.2833 -0.4899
vn -0.9371 -0.3058 0.1682
vn 0.9419 -0.2899 0.1696
vn 0.5734 -0.2915 -0.7657
vn 0.0875 -0.9202 -0.3815
vn 0.2068 -0.2764 -0.9385
vn -0.0875 -0.9202 -0.3815
vn -0.2068 -0.2764 -0.9385
vn -0.2463 -0.9150 -0.3197
vn -0.5737 -0.2680 -0.7740
vn -0.4231 -0.9032 0.0729
vn -0.9529 -0.2508 0.1706
vn -0.3643 -0.9078 0.2079
vn -0.8310 -0.2575 0.4931
vn -0.1694 -0.9181 0.3582
vn -0.4051 -0.2725 0.8727
vn 0.0000 -0.9210 0.3897
vn 0.0000 -0.2772 0.9608
vn 0.1104 -0.9195 0.3772
vn 0.2575 -0.2751 0.9263
vn 0.2463 -0.9150 0.3197
vn 0.5737 -0.2678 0.7740
vn 0.4054 -0.9019 0.1489
vn 0.3126 -0.9086 0.2772
vn 0.9092 -0.2485 0.3339
vn 0.7233 -0.2576 0.6407
vn 0.4231 -0.9032 0.0729
vn 0.9529 -0.2507 0.1705
vn 0.9777 -0.1168 -0.1744
vn 0.6742 -0.7289 -0.1193
vn 0.9113 -0.3783 -0.1624
vn 0.8514 -0.1201 -0.5105
vn 0.5815 -0.7364 -0.3457
vn 0.7909 -0.3873 -0.4737
vn 0.5922 -0.1253 -0.7960
vn 0.3989 -0.7475 -0.5311
vn 0.5473 -0.4009 -0.7347
vn 0.2143 -0.1292 -0.9682
vn 0.1429 -0.7557 -0.6391
vn 0.1973 -0.4112 -0.8899
vn -0.2143 -0.1292 -0.9682
vn -0.1429 -0.7557 -0.6391
vn -0.1973 -0.4112 -0.8900
vn -0.5922 -0.1253 -0.7960
vn -0.3989 -0.7475 -0.5311
vn -0.5473 -0.4009 -0.7347
vn -0.8514 -0.1201 -0.5105
vn -0.5815 -0.7364 -0.3457
vn -0.7909 -0.3873 -0.4737
vn -0.9777 -0.1168 -0.1744
vn -0.6742 -0.7289 -0.1193
vn -0.9113 -0.3783 -0.1624
vn -0.9777 -0.1168 0.1744
vn -0.6742 -0.7289 0.1193
vn -0.9113 -0.3783 0.1624
vn -0.8546 -0.1201 0.5052
vn -0.5834 -0.7368 0.3419
vn -0.7938 -0.3873 0.4688
vn -0.5954 -0.1262 0.7935
vn -0.3938 -0.7561 0.5227
vn -0.5490 -0.4046 0.7314
vn -0.4182 -0.1286 0.8992
vn -0.2744 -0.7613 0.5874
vn -0.3846 -0.4110 0.8266
vn -0.2161 -0.1303 0.9676
vn -0.1410 -0.7649 0.6286
vn -0.1984 -0.4154 0.8878
vn 0.0000 -0.1310 0.9914
vn 0.0000 -0.7661 0.6427
vn 0.0000 -0.4170 0.9089
vn 0.2670 -0.1293 0.9550
vn 0.1773 -0.7593 0.6261
vn 0.2457 -0.4121 0.8774
vn 0.5922 -0.1253 0.7960
vn 0.3989 -0.7475 0.5311
vn 0.5473 -0.4009 0.7347
vn 0.9325 -0.1147 0.3425
vn 0.7427 -0.1213 0.6585
vn 0.6573 -0.7139 0.2414
vn 0.4981 -0.7462 0.4417
vn 0.8716 -0.3711 0.3201
vn 0.6884 -0.3917 0.6104
vn 0.9777 -0.1168 0.1744
vn 0.6742 -0.7289 0.1193
vn 0.9113 -0.3783 0.1624
vn -0.0000 -0.9878 -0.1559
vn -0.0000 -0.8831 -0.4691
vn -0.0000 -0.6422 -0.7666
vn -0.0000 -0.2412 -0.9705
vn -0.0000 0.2412 -0.9705
vn -0.0000 0.6422 -0.7666
vn -0.0000 0.8831 -0.4691
vn -0.0000 0.9878 -0.1559
vn 0.0000 0.9878 0.1559
vn 0.0000 0.8860 0.4637
vn 0.0000 1.0000 0.0000
vn 0.0000 0.7242 0.6896
vn 0.0000 -0.4683 0.8836
vn 0.0000 -1.0000 0.0000
vn 0.0000 -0.6422 0.7666
vn 0.0000 -0.7879 0.6158
vn 0.0000 -0.9514 0.3080
vn 0.0000 -0.9878 0.1559
vn 0.9846 0.0000 0.1751
vn 0.9846 0.0000 -0.1751
vn 0.8584 0.0000 -0.5130
vn 0.5982 0.0000 -0.8014
vn 0.2168 0.0000 -0.9762
vn -0.2168 0.0000 -0.9762
vn -0.5982 0.0000 -0.8014
vn -0.8584 0.0000 -0.5130
vn -0.9846 0.0000 -0.1751
vn -0.9846 0.0000 0.1751
vn -0.8616 0.0000 0.5076
vn -0.6278 0.0000 0.7784
vn 0.0000 -1.0000 0.0000
vn -1.0000 0.0000 0.0000
vn -0.4224 0.0000 0.9064
vn 0.0000 -1.0000 0.0000
vn -0.2184 0.0000 0.9759
vn 0.0000 -1.0000 0.0000
vn 0.0000 0.0000 1.0000
vn 0.0000 -1.0000 0.0000
vn 0.3228 0.0000 0.9465
vn 0.0000 -1.0000 0.0000
vn 1.0000 0.0000 0.0000
vn 0.5982 0.0000 0.8014
vn 0.7482 0.0000 0.6635
vn 0.9387 0.0000 0.3448
vn 0.9846 0.0000 0.1751
vn 0.9846 0.0000 -0.1751
vn 0.8584 0.0000 -0.5130
vn 0.5982 0.0000 -0.8014
vn 0.2168 0.0000 -0.9762
vn -0.2168 0.0000 -0.9762
vn -0.5982 0.0000 -0.8014
vn -0.8584 0.0000 -0.5130
vn -0.9846 0.0000 -0.1751
vn -0.9846 0.0000 0.1751
vn -0.8616 0.0000 0.5076
vn -0.6792 0.0000 0.7339
vn -1.0000 0.0000 0.0000
vn 0.4232 0.0000 0.9060
vn 1.0000 0.0000 0.0000
vn 0.5982 0.0000 0.8014
vn 0.7482 0.0000 0.6635
vn 0.9387 0.0000 0.3448
vn -0.0000 0.2412 -0.9705
vn 0.0000 -1.0000 0.0000
vn 0.0000 -0.4683 0.8836
vn 0.0000 1.0000 0.0000
vn 0.0000 0.7242 0.6896
vn 0.0000 -0.9878 0.1559
vn -0.0000 0.6422 -0.7666
vn 0.0000 -0.6422 0.7666
vn -0.0000 0.8831 -0.4691
vn -0.0000 -0.9878 -0.1559
vn -0.0000 0.9878 -0.1559
vn -0.0000 -0.8831 -0.4691
vn 0.0000 0.9878 0.1559
vn 0.0000 -0.7879 0.6158
vn 0.0000 -0.9514 0.3080
vn -0.0000 -0.6422 -0.7666
vn 0.0000 0.8860 0.4637
vn -0.0000 -0.2412 -0.9705
vn 0.7482 0.0000 0.6635
vn 0.9387 0.0000 0.3448
vn 0.5982 0.0000 0.8014
vn 0.2704 0.0000 0.9627
vn 0.0000 0.0000 1.0000
vn -0.2184 0.0000 0.9759
vn -0.4224 0.0000 0.9064
vn -0.6009 0.0000 0.7993
vn -0.8616 0.0000 0.5076
vn -0.9846 0.0000 0.1751
vn -0.9846 0.0000 -0.1751
vn -0.8584 0.0000 -0.5130
vn -0.5982 0.0000 -0.8014
vn -0.2168 0.0000 -0.9762
vn 0.2168 0.0000 -0.9762
vn 0.5982 0.0000 -0.8014
vn 0.8584 0.0000 -0.5130
vn 0.9846 0.0000 -0.1751
vn 0.9846 0.0000 0.1751
vn 0.0000 1.0000 0.0000
vn -1.0000 0.0000 0.0000
vn 0.0000 1.0000 0.0000
vn 0.0000 -1.0000 0.0000
vn 0.0000 -1.0000 0.0000
vn 0.0000 -1.0000 0.0000
vn 0.0000 -1.0000 0.0000
vn -1.0000 0.0000 0.0000
vn 0.0000 -1.0000 0.0000
vn 1.0000 0.0000 0.0000
vn 0.0000 -1.0000 0.0000
vn 1.0000 0.0000 0.0000
vn 0.0000 -1.0000 0.0000
vn -1.0000 0.0000 0.0000
vn 1.0000 0.0000 0.0000
vn 0.0000 1.0000 0.0000
vn 0.0000 -1.0000 0.0000
vn 0.9846 0.0000 -0.1751
vn 0.8584 0.0000 -0.5130
vn 0.5982 0.0000 -0.8014
vn 0.2168 0.0000 -0.9762
vn -0.2168 0.0000 -0.9762
vn -0.5982 0.0000 -0.8014
vn -0.8584 0.0000 -0.5130
vn -0.9846 0.0000 -0.1751
vn -0.9846 0.0000 0.1751
vn -0.8616 0.0000 0.5076
vn -0.6792 0.0000 0.7339
vn -1.0000 0.0000 0.0000
vn 0.4232 0.0000 0.9060
vn 1.0000 0.0000 0.0000
vn 0.5982 0.0000 0.8014
vn 0.7482 0.0000 0.6635
vn 0.9387 0.0000 0.3448
vn 0.9846 0.0000 0.1751
vn -1.0000 0.0000 0.0000
vn 1.0000 0.0000 0.0000
vn 0.4231 -0.9032 0.0729
vn 0.9529 -0.2508 0.1705
vn 0.0000 -0.9853 0.1710
vn 0.9818 0.0000 0.1901
vn 0.3627 -0.9079 0.2101
vn 0.8280 -0.2575 0.4981
vn 0.0000 -0.8591 0.5118
vn 0.8338 0.0000 0.5520
vn 0.2463 -0.9150 0.3197
vn 0.5737 -0.2680 0.7740
vn 0.0000 -0.5711 0.8209
vn 0.5359 0.0000 0.8443
vn 0.0000 -0.1172 0.9931
vn 0.1213 0.0000 0.9926
vn 0.0000 0.3661 0.9306
vn -0.3131 0.0000 0.9497
vn 0.0000 0.7155 0.6986
vn -0.6625 0.0000 0.7491
vn -0.3627 -0.9079 0.2101
vn -0.8280 -0.2576 0.4980
vn 0.0000 0.9090 0.4168
vn -0.8846 0.0000 0.4664
vn -0.4231 -0.9032 0.0729
vn -0.9529 -0.2508 0.1706
vn 0.0000 0.9905 0.1372
vn -0.9876 0.0000 0.1569
vn 0.0000 0.9905 -0.1372
vn -0.9876 0.0000 -0.1569
vn 0.0000 0.9099 -0.4148
vn -0.8858 0.0000 -0.4641
vn -0.2447 -0.9150 -0.3207
vn -0.5776 -0.2677 -0.7712
vn 0.0000 1.0000 0.0000
vn 0.0000 0.7241 -0.6896
vn -0.6793 0.0000 -0.7339
vn -1.0000 0.0000 0.0000
vn -0.0867 -0.9202 -0.3817
vn -0.2091 -0.2760 -0.9381
vn 0.0000 -1.0000 0.0000
vn 0.0000 -0.4683 -0.8836
vn 0.4232 0.0000 -0.9060
vn 1.0000 0.0000 0.0000
vn 0.0000 -0.5711 -0.8209
vn 0.5359 0.0000 -0.8443
vn 0.0000 -0.9514 -0.3080
vn 0.0000 -0.7879 -0.6158
vn 0.9387 0.0000 -0.3448
vn 0.7482 0.0000 -0.6635
vn 0.0000 -0.9853 -0.1710
vn 0.9818 0.0000 -0.1901
vn 0.2894 -0.9560 0.0487
vn 0.2470 -0.9586 0.1414
vn 0.1669 -0.9619 0.2166
vn 0.0601 -0.9641 0.2587
vn -0.0606 -0.9639 0.2591
vn -0.1698 -0.9611 0.2177
vn -0.2503 -0.9575 0.1435
vn -0.2926 -0.9549 0.0498
vn -0.2932 -0.9547 -0.0504
vn -0.2521 -0.9569 -0.1444
vn -0.1619 -0.9638 -0.2118
vn -0.1122 -0.9652 -0.2361
vn -0.0574 -0.9663 -0.2510
vn -0.0002 -0.9668 -0.2557
vn 0.0754 -0.9640 -0.2549
vn 0.1718 -0.9598 -0.2220
vn 0.2823 -0.9539 -0.1018
vn 0.2168 -0.9571 -0.1923
vn 0.2911 -0.9553 -0.0511
vn -0.6685 -0.6343 -0.3883
vn 0.1703 -0.6351 0.7535
vn -0.4635 -0.6607 -0.5904
vn -0.3193 -0.6663 -0.6739
vn -0.1674 -0.6368 0.7527
vn -0.1642 -0.6704 -0.7236
vn 0.0008 -0.6713 -0.7412
vn -0.4654 -0.6310 0.6207
vn 0.2075 -0.6620 -0.7202
vn -0.6721 -0.6224 0.4010
vn 0.4637 -0.6453 -0.6071
vn 0.7798 -0.6102 0.1401
vn -0.7738 -0.6178 0.1399
vn 0.7527 -0.5999 -0.2712
vn 0.5769 -0.6424 -0.5045
vn 0.6777 -0.6153 0.4026
vn -0.7721 -0.6217 -0.1319
vn 0.7776 -0.6145 -0.1331
vn 0.4688 -0.6261 0.6231
vn -0.8167 -0.3143 -0.4839
vn 0.2067 -0.3047 0.9298
vn -0.5691 -0.3296 -0.7533
vn -0.3986 -0.3355 -0.8536
vn -0.2079 -0.3069 0.9288
vn -0.2060 -0.3392 -0.9179
vn -0.0003 -0.3398 -0.9405
vn -0.5723 -0.3029 0.7621
vn 0.2546 -0.3350 -0.9071
vn -0.8210 -0.2976 0.4872
vn 0.5657 -0.3229 -0.7587
vn 0.9438 -0.2860 0.1656
vn -0.9406 -0.2966 0.1651
vn 0.8986 -0.2908 -0.3286
vn 0.7119 -0.3108 -0.6297
vn 0.8232 -0.2881 0.4893
vn -0.9383 -0.3024 -0.1680
vn 0.9413 -0.2921 -0.1691
vn 0.5724 -0.2964 0.7645
vn 0.0875 -0.9202 0.3815
vn 0.2068 -0.2763 0.9385
vn -0.0875 -0.9202 0.3815
vn -0.2068 -0.2763 0.9385
vn -0.2463 -0.9150 0.3197
vn -0.5737 -0.2680 0.7740
vn -0.4231 -0.9032 -0.0729
vn -0.9530 -0.2506 -0.1705
vn -0.3638 -0.9078 -0.2086
vn -0.8301 -0.2572 -0.4948
vn -0.1694 -0.9181 -0.3582
vn -0.4051 -0.2725 -0.8727
vn 0.0000 -0.9210 -0.3897
vn 0.0000 -0.2773 -0.9608
vn 0.1104 -0.9195 -0.3772
vn 0.2576 -0.2753 -0.9262
vn 0.2463 -0.9150 -0.3197
vn 0.5737 -0.2682 -0.7739
vn 0.4054 -0.9019 -0.1489
vn 0.3126 -0.9086 -0.2772
vn 0.9093 -0.2488 -0.3336
vn 0.7229 -0.2581 -0.6410
vn 0.4231 -0.9032 -0.0729
vn 0.9529 -0.2509 -0.1706
vn 0.9777 -0.1168 0.1744
vn 0.6742 -0.7289 0.1193
vn 0.9113 -0.3783 0.1624
vn 0.8514 -0.1201 0.5105
vn 0.5815 -0.7364 0.3457
vn 0.7909 -0.3873 0.4737
vn 0.5922 -0.1253 0.7960
vn 0.3989 -0.7475 0.5311
vn 0.5473 -0.4009 0.7347
vn 0.2143 -0.1292 0.9682
vn 0.1429 -0.7557 0.6391
vn 0.1973 -0.4112 0.8899
vn -0.2143 -0.1292 0.9682
vn -0.1429 -0.7557 0.6391
vn -0.1973 -0.4112 0.8900
vn -0.5922 -0.1253 0.7960
vn -0.3989 -0.7475 0.5311
vn -0.5473 -0.4009 0.7347
vn -0.8514 -0.1201 0.5105
vn -0.5815 -0.7364 0.3457
vn -0.7909 -0.3873 0.4737
vn -0.9777 -0.1168 0.1744
vn -0.6742 -0.7289 0.1193
vn -0.9113 -0.3783 0.1624
vn -0.9777 -0.1168 -0.1744
vn -0.6742 -0.7289 -0.1193
vn -0.9113 -0.3783 -0.1624
vn -0.8535 -0.1201 -0.5070
vn -0.5827 -0.7367 -0.3432
vn -0.7929 -0.3873 -0.4705
vn -0.5954 -0.1262 -0.7935
vn -0.3938 -0.7562 -0.5227
vn -0.5490 -0.4046 -0.7314
vn -0.4182 -0.1286 -0.8992
vn -0.2744 -0.7613 -0.5874
vn -0.3846 -0.4110 -0.8266
vn -0.2161 -0.1303 -0.9676
vn -0.1410 -0.7649 -0.6286
vn -0.1984 -0.4154 -0.8878
vn 0.0000 -0.1310 -0.9914
vn 0.0000 -0.7661 -0.6427
vn 0.0000 -0.4170 -0.9089
vn 0.2670 -0.1293 -0.9550
vn 0.1773 -0.7593 -0.6261
vn 0.2457 -0.4121 -0.8774
vn 0.5922 -0.1253 -0.7960
vn 0.3989 -0.7475 -0.5311
vn 0.5473 -0.4009 -0.7347
vn 0.9325 -0.1147 -0.3425
vn 0.7427 -0.1213 -0.6585
vn 0.6573 -0.7139 -0.2414
vn 0.4981 -0.7462 -0.4417
vn 0.8716 -0.3711 -0.3201
vn 0.6884 -0.3917 -0.6104
vn 0.9777 -0.1168 -0.1744
vn 0.6742 -0.7289 -0.1193
vn 0.9113 -0.3783 -0.1624
vn 0.0000 -0.9878 0.1559
vn 0.0000 -0.8831 0.4691
vn 0.0000 -0.6422 0.7666
vn 0.0000 -0.2412 0.9705
vn 0.0000 0.2412 0.9705
vn 0.0000 0.6422 0.7666
vn 0.0000 0.8831 0.4691
vn 0.0000 0.9878 0.1559
vn -0.0000 0.9878 -0.1559
vn -0.0000 0.8850 -0.4655
vn 0.0000 1.0000 0.0000
vn -0.0000 0.7241 -0.6896
vn 0.0000 -1.0000 0.0000
vn -0.0000 -0.4683 -0.8836
vn -0.0000 -0.6422 -0.7666
vn -0.0000 -0.9514 -0.3080
vn -0.0000 -0.7879 -0.6158
vn -0.0000 -0.9878 -0.1559
vn 0.0000 1.0000 0.0000
vn -1.0000 0.0000 0.0000
vn 0.0000 1.0000 0.0000
vn 0.0000 -1.0000 0.0000
vn 0.9846 0.0000 -0.1751
vn 0.9846 0.0000 0.1751
vn 0.8584 0.0000 0.5130
vn 0.5982 0.0000 0.8014
vn 0.2168 0.0000 0.9762
vn -0.2168 0.0000 0.9762
vn -0.5982 0.0000 0.8014
vn -0.8584 0.0000 0.5130
vn -0.9846 0.0000 0.1751
vn -0.9846 0.0000 -0.1751
vn -0.8605 0.0000 -0.5095
vn 0.0000 -1.0000 0.0000
vn -0.6278 0.0000 -0.7783
vn -1.0000 0.0000 0.0000
vn 0.0000 -1.0000 0.0000
vn -0.4224 0.0000 -0.9064
vn 0.0000 -1.0000 0.0000
vn -0.2184 0.0000 -0.9759
vn 0.0000 -1.0000 0.0000
vn 0.0000 0.0000 -1.0000
vn 0.0000 -1.0000 0.0000
vn 0.3228 0.0000 -0.9465
vn 1.0000 0.0000 0.0000
vn 0.5982 0.0000 -0.8014
vn 0.9387 0.0000 -0.3448
vn 0.7482 0.0000 -0.6635
vn 0.0000 -1.0000 0.0000
vn 1.0000 0.0000 0.0000
vn 0.0000 -1.0000 0.0000
vn -1.0000 0.0000 0.0000
vn 0.0000 -1.0000 0.0000
vn 0.0000 -1.0000 0.0000
vn 0.0000 -1.0000 0.0000
vn 0.0000 -1.0000 0.0000
vn 1.0000 0.0000 0.0000
vn 0.9846 0.0000 -0.1751
vn 0.9846 0.0000 0.1751
vn 0.8584 0.0000 0.5130
vn 0.5982 0.0000 0.8014
vn 0.2168 0.0000 0.9762
vn -0.2168 0.0000 0.9762
vn -0.5982 0.0000 0.8014
vn -0.8584 0.0000 0.5130
vn -0.9846 0.0000 0.1751
vn -0.9846 0.0000 -0.1751
vn -0.8605 0.0000 -0.5095
vn -0.6793 0.0000 -0.7339
vn -1.0000 0.0000 0.0000
vn 0.4232 0.0000 -0.9060
vn 1.0000 0.0000 0.0000
vn 0.5982 0.0000 -0.8014
vn 0.9387 0.0000 -0.3448
vn 0.7482 0.0000 -0.6635
vn 1.0000 0.0000 0.0000
vn -1.0000 0.0000 0.0000
vn 0.0000 0.2412 0.9705
vn 0.0000 -1.0000 0.0000
vn -0.0000 -0.4683 -0.8836
vn 0.0000 1.0000 0.0000
vn -0.0000 0.7241 -0.6896
vn -0.0000 -0.9878 -0.1559
vn 0.0000 0.6422 0.7666
vn -0.0000 -0.6422 -0.7666
vn 0.0000 0.8831 0.4691
vn 0.0000 -0.9878 0.1559
vn 0.0000 0.9878 0.1559
vn 0.0000 -0.8831 0.4691
vn -0.0000 0.9878 -0.1559
vn -0.0000 -0.9514 -0.3080
vn -0.0000 -0.7879 -0.6158
vn 0.0000 -0.6422 0.7666
vn -0.0000 0.8850 -0.4655
vn 0.0000 -0.2412 0.9705
vn 0.0000 1.0000 0.0000
vn 0.0000 -1.0000 0.0000
vn 0.9387 0.0000 -0.3448
vn 0.7482 0.0000 -0.6635
vn 0.5982 0.0000 -0.8014
vn 0.2704 0.0000 -0.9627
vn 0.0000 0.0000 -1.0000
vn -0.2184 0.0000 -0.9759
vn -0.4224 0.0000 -0.9064
vn -0.6009 0.0000 -0.7993
vn -0.8605 0.0000 -0.5095
vn -0.9846 0.0000 -0.1751
vn -0.9846 0.0000 0.1751
vn -0.8584 0.0000 0.5130
vn -0.5982 0.0000 0.8014
vn -0.2168 0.0000 0.9762
vn 0.2168 0.0000 0.9762
vn 0.5982 0.0000 0.8014
vn 0.8584 0.0000 0.5130
vn 0.9846 0.0000 0.1751
vn 0.9846 0.0000 -0.1751
vn 0.0000 1.0000 0.0000
vn -1.0000 0.0000 0.0000
vn 0.0000 1.0000 0.0000
vn 0.0000 -1.0000 0.0000
vn 0.0000 -1.0000 0.0000
vn 0.0000 -1.0000 0.0000
vn 0.0000 -1.0000 0.0000
vn -1.0000 0.0000 0.0000
vn 0.0000 -1.0000 0.0000
vn 1.0000 0.0000 0.0000
vn 0.0000 -1.0000 0.0000
vn 1.0000 0.0000 0.0000
vn 0.0000 -1.0000 0.0000
vn -1.0000 0.0000 0.0000
vn 1.0000 0.0000 0.0000
vn 0.0000 1.0000 0.0000
vn 0.0000 -1.0000 0.0000
vn 0.9846 0.0000 0.1751
vn 0.8584 0.0000 0.5130
vn 0.5982 0.0000 0.8014
vn 0.2168 0.0000 0.9762
vn -0.2168 0.0000 0.9762
vn -0.5982 0.0000 0.8014
vn -0.8584 0.0000 0.5130
vn -0.9846 0.0000 0.1751
vn -0.9846 0.0000 -0.1751
vn -0.8605 0.0000 -0.5095
vn -0.6793 0.0000 -0.7339
vn -1.0000 0.0000 0.0000
vn 0.4232 0.0000 -0.9060
vn 1.0000 0.0000 0.0000
vn 0.5982 0.0000 -0.8014
vn 0.9387 0.0000 -0.3448
vn 0.7482 0.0000 -0.6635
vn 1.0000 0.0000 0.0000
vn -1.0000 0.0000 0.0000
vn 0.9846 0.0000 -0.1751
vn -1.0000 0.0000 0.0000
vn 1.0000 0.0000 0.0000
vn 0.7326 0.0000 0.6807
vn 0.0000 0.7753 0.6316
vn 0.2992 -0.9107 0.2848
vn 0.6927 -0.2611 0.6723
vn 0.1936 -0.9636 0.1846
vn 0.5593 -0.6553 0.5076
vn 0.6823 -0.3263 0.6542
vn 0.7128 -0.1234 0.6904
vn 0.6592 -0.3976 0.6383
vn 0.4737 -0.7527 0.4572
vn 0.0000 0.7609 0.6489
vn 0.7190 0.0000 0.6950
vn 0.7190 0.0000 0.6950
vn 0.0000 0.7609 0.6489
vn 0.7190 0.0000 0.6950
vn 0.7190 0.0000 0.6950
vn -0.7326 0.0000 0.6807
vn 0.0000 0.7753 0.6316
vn -0.2992 -0.9107 0.2848
vn -0.6927 -0.2613 0.6722
vn -0.1936 -0.9636 0.1846
vn -0.5593 -0.6553 0.5076
vn -0.6823 -0.3263 0.6542
vn -0.7128 -0.1234 0.6904
vn -0.6592 -0.3976 0.6383
vn -0.4737 -0.7527 0.4572
vn -0.7190 0.0000 0.6950
vn -0.7190 0.0000 0.6950
vn 0.0000 0.7609 0.6489
vn -0.7190 0.0000 0.6950
vn -0.7190 0.0000 0.6950
vn 0.7306 0.0000 -0.6828
vn 0.0000 0.7735 -0.6338
vn 0.2987 -0.9106 -0.2856
vn 0.6913 -0.2613 -0.6737
vn 0.1920 -0.9640 -0.1838
vn 0.5552 -0.6515 -0.5170
vn 0.6810 -0.3215 -0.6579
vn 0.7113 -0.1234 -0.6919
vn 0.6578 -0.3976 -0.6397
vn 0.4726 -0.7528 -0.4581
vn -0.0000 0.7595 -0.6505
vn 0.7175 0.0000 -0.6966
vn 0.7175 0.0000 -0.6966
vn -0.0000 0.7595 -0.6505
vn 0.7175 0.0000 -0.6966
vn 0.7175 0.0000 -0.6966
vn 0.0000 0.7735 -0.6338
vn -0.7306 0.0000 -0.6828
vn -0.2987 -0.9106 -0.2856
vn -0.6912 -0.2611 -0.6738
vn -0.1920 -0.9640 -0.1838
vn -0.5552 -0.6515 -0.5170
vn -0.6809 -0.3216 -0.6580
vn -0.7113 -0.1234 -0.6919
vn -0.6578 -0.3976 -0.6397
vn -0.4726 -0.7528 -0.4581
vn -0.7175 0.0000 -0.6966
vn -0.7175 0.0000 -0.6966
vn -0.0000 0.7595 -0.6505
vn -0.7175 0.0000 -0.6966
vn -0.7175 0.0000 -0.6966
vn 0.7565 0.0000 0.6540
vn 0.0000 0.7953 0.6062
vn 0.5813 -0.6543 0.4837
vn 0.7177 -0.3230 0.6169
vn 0.6950 -0.3950 0.6008
vn 0.4972 -0.7537 0.4298
vn 0.0000 0.7953 0.6062
vn -0.7565 0.0000 0.6540
vn 0.0000 0.7953 0.6062
vn -0.5813 -0.6543 0.4837
vn -0.7178 -0.3229 0.6169
vn -0.6950 -0.3950 0.6008
vn -0.4972 -0.7537 0.4298
vn 0.3158 -0.9087 0.2730
vn 0.7310 -0.2578 0.6319
vn 0.1988 -0.9650 0.1713
vn 0.7508 -0.1222 0.6491
vn 0.7565 0.0000 0.6540
vn 0.7565 0.0000 0.6540
vn 0.0000 0.7953 0.6062
vn 0.7565 0.0000 0.6540
vn 0.7565 0.0000 0.6540
vn -0.3158 -0.9087 0.2730
vn -0.7309 -0.2580 0.6318
vn -0.1988 -0.9650 0.1713
vn -0.7508 -0.1222 0.6491
vn -0.7565 0.0000 0.6540
vn -0.7565 0.0000 0.6540
vn 0.0000 0.7953 0.6062
vn -0.7565 0.0000 0.6540
vn -0.7565 0.0000 0.6540
vn 0.0000 -1.0000 0.0000
vn 0.0000 -1.0000 0.0000
vn 0.0000 -1.0000 0.0000
vn 0.0000 -1.0000 0.0000
vn -0.0000 -1.0000 0.0000
vn -0.0000 -1.0000 0.0000
vn -0.0000 -1.0000 0.0000
vn -0.0000 -1.0000 0.0000
vn -0.0000 -1.0000 -0.0000
vn -0.0000 -1.0000 -0.0000
vn -0.0000 -1.0000 -0.0000
vn -0.0000 -1.0000 -0.0000
vn -0.0000 -1.0000 -0.0000
vn -0.0000 -1.0000 -0.0000
vn 0.0000 -1.0000 -0.0000
vn 0.0000 -1.0000 -0.0000
vn 0.0000 -1.0000 -0.0000
vn 0.0000 -1.0000 -0.0000
vn 0.0000 -1.0000 -0.0000
vn 0.0000 -1.0000 -0.0000
vn 0.0000 -1.0000 -0.0000
vn 0.0000 -1.0000 -0.0000
vn 0.0000 -1.0000 -0.0000
vn -0.0000 -1.0000 -0.0000
vn -0.0000 -1.0000 -0.0000
vn -0.0000 -1.0000 -0.0000
vn -0.0000 -1.0000 -0.0000
vn -0.0000 -1.0000 0.0000
vn -0.0000 -1.0000 0.0000
vn -0.0000 -1.0000 0.0000
vn -0.0000 -1.0000 0.0000
vn -0.0000 -1.0000 0.0000
vn -0.0000 -1.0000 0.0000
vn 0.0000 -1.0000 0.0000
vn 0.0000 -1.0000 0.0000
vn 0.0000 -1.0000 0.0000
vn 0.0000 -1.0000 0.0000
vn 0.0000 -1.0000 0.0000
vn -0.0000 -1.0000 0.0000
vn -0.0000 -1.0000 0.0000
vn -0.0000 -1.0000 0.0000
vn -0.0000 -1.0000 0.0000
vn 0.0000 -1.0000 0.0000
vn 0.0000 -1.0000 0.0000
vn 0.0000 -1.0000 0.0000
vn 0.0000 -1.0000 0.0000
vn 0.0000 -1.0000 -0.0000
vn 0.0000 -1.0000 -0.0000
vn 0.0000 -1.0000 -0.0000
vn 0.0000 -1.0000 -0.0000
vn 0.0000 -1.0000 -0.0000
vn 0.0000 -1.0000 -0.0000
vn -0.0000 -1.0000 -0.0000
vn -0.0000 -1.0000 -0.0000
vn -0.0000 -1.0000 -0.0000
vn -0.0000 -1.0000 -0.0000
vn -0.0000 -1.0000 -0.0000
vn -0.0000 -1.0000 -0.0000
vn -0.0000 -1.0000 -0.0000
vn -0.0000 -1.0000 -0.0000
vn -0.0000 -1.0000 -0.0000
vn 0.0000 -1.0000 -0.0000
vn 0.0000 -1.0000 -0.0000
vn 0.0000 -1.0000 -0.0000
vn 0.0000 -1.0000 -0.0000
vn 0.0000 -1.0000 0.0000
vn 0.0000 -1.0000 0.0000
vn 0.0000 -1.0000 0.0000
vn 0.0000 -1.0000 0.0000
vn 0.0000 -1.0000 0.0000
vn 0.0000 -1.0000 0.0000
vn -0.0000 -1.0000 0.0000
vn -0.0000 -1.0000 0.0000
vn -0.0000 -1.0000 0.0000
vn -0.0000 -1.0000 0.0000
vn -0.0000 -1.0000 0.0000
vn -0.0000 -1.0000 -0.0000
vn 0.0000 -1.0000 -0.0000
vn -0.0000 -1.0000 0.0000
vn 0.0000 -1.0000 0.0000
vn -0.0000 -1.0000 -0.0000
vn 0.0000 -1.0000 -0.0000
vn -0.0000 -1.0000 -0.0000
vn -0.0000 -1.0000 0.0000
vn 0.0000 -1.0000 -0.0000
vn 0.0000 -1.0000 0.0000
vn 0.0181 0.8582 0.5130
vn 0.0028 -0.9845 -0.1752
vn 0.0034 0.9845 0.1751
vn -0.0069 0.8584 -0.5129
vn -0.0032 0.5987 -0.8010
vn 0.0401 -0.5977 0.8007
vn 0.0500 -0.2165 0.9750
vn 0.0014 0.2170 -0.9762
vn 0.0030 -0.2178 -0.9760
vn 0.0011 -0.5985 -0.8011
vn -0.0051 0.9845 -0.1752
vn 0.0353 0.5978 0.8009
vn 0.0249 -0.8581 0.5129
vn 0.0113 -0.9845 0.1750
vn 0.0006 -0.9387 -0.3448
vn -0.0006 -0.7481 -0.6636
vn 0.0482 0.2166 0.9751
vn -0.0181 0.8582 0.5130
vn -0.0028 -0.9845 -0.1752
vn -0.0034 0.9845 0.1751
vn 0.0069 0.8584 -0.5129
vn 0.0032 0.5990 -0.8007
vn -0.0401 -0.5977 0.8007
vn -0.0500 -0.2165 0.9750
vn -0.0013 0.2167 -0.9762
vn -0.0030 -0.2178 -0.9760
vn -0.0011 -0.5985 -0.8011
vn 0.0051 0.9845 -0.1752
vn -0.0353 0.5978 0.8009
vn -0.0249 -0.8581 0.5129
vn -0.0113 -0.9845 0.1750
vn 0.0006 -0.7481 -0.6636
vn -0.0006 -0.9387 -0.3448
vn -0.0482 0.2166 0.9751
vn -0.0417 -0.9379 -0.3445
vn -0.0413 -0.7476 -0.6629
vn 0.0417 -0.9379 -0.3445
vn 0.0413 -0.7476 -0.6629
vn 0.0000 -0.9387 -0.3448
vn -0.0000 -0.7482 -0.6635
vn 0.0415 -0.4229 -0.9052
vn 0.0413 -0.7476 -0.6629
vn -0.0423 -0.5976 -0.8007
vn -0.0000 -0.5981 -0.8014
vn -0.0424 -0.2166 -0.9753
vn 0.0413 0.0000 -0.9991
vn 0.0415 -0.4229 -0.9052
vn -0.0000 -0.2168 -0.9762
vn -0.0418 0.2165 -0.9754
vn 0.0418 0.2165 -0.9754
vn -0.0000 0.2166 -0.9763
vn -0.0407 0.5976 -0.8008
vn 0.0407 0.5976 -0.8008
vn -0.0000 0.5980 -0.8015
vn 0.0400 0.8577 -0.5126
vn -0.0400 0.8577 -0.5126
vn 0.0000 0.8584 -0.5131
vn -0.0404 0.9838 -0.1748
vn 0.0404 0.9838 -0.1748
vn 0.0000 0.9846 -0.1749
vn 0.0424 0.9836 0.1753
vn -0.0424 0.9836 0.1753
vn -0.0000 0.9845 0.1756
vn -0.0458 0.8572 0.5129
vn 0.0458 0.8572 0.5129
vn -0.0000 0.8580 0.5136
vn -0.0498 0.5970 0.8007
vn 0.0498 0.5970 0.8007
vn 0.0000 0.5976 0.8018
vn -0.0529 0.2162 0.9749
vn 0.0529 0.2162 0.9749
vn -0.0000 0.2164 0.9763
vn 0.0535 -0.2164 0.9748
vn -0.0535 -0.2164 0.9748
vn 0.0000 -0.2166 0.9763
vn -0.0514 -0.5971 0.8005
vn 0.0514 -0.5971 0.8005
vn 0.0000 -0.5977 0.8017
vn 0.0481 -0.8572 0.5128
vn -0.0481 -0.8572 0.5128
vn 0.0000 -0.8581 0.5135
vn -0.0429 -0.9991 -0.0000
vn -0.0457 -0.9377 0.3444
vn 0.0450 -0.9835 0.1752
vn 0.0000 -0.9845 0.1755
vn 0.0430 -0.9837 -0.1748
vn -0.0430 -0.9837 -0.1748
vn 0.0000 -0.9846 -0.1748
f 48/48/48 15/15/15 6/6/6
f 48/48/48 6/6/6 46/46/46
f 31/31/31 36/36/36 35/35/35
f 31/31/31 35/35/35 30/30/30
f 44/44/44 21/21/21 9/9/9
f 44/44/44 9/9/9 42/42/42
f 29/29/29 39/39/39 40/40/40
f 29/29/29 40/40/40 32/32/32
f 16/16/16 29/29/29 32/32/32
f 16/16/16 32/32/32 23/23/23
f 19/19/19 31/31/31 30/30/30
f 19/19/19 30/30/30 13/13/13
f 20/20/20 24/24/24 8/8/8
f 20/20/20 8/8/8 2/2/2
f 41/41/41 12/12/12 18/18/18
f 41/41/41 18/18/18 43/43/43
f 47/47/47 22/22/22 15/15/15
f 47/47/47 15/15/15 48/48/48
f 45/45/45 3/3/3 22/22/22
f 45/45/45 22/22/22 47/47/47
f 1/1/1 25/25/25 31/31/31
f 1/1/1 31/31/31 19/19/19
f 5/5/5 11/11/11 17/17/17
f 5/5/5 17/17/17 14/14/14
f 43/43/43 18/18/18 21/21/21
f 43/43/43 21/21/21 44/44/44
f 10/10/10 27/27/27 29/29/29
f 10/10/10 29/29/29 16/16/16
f 30/30/30 35/35/35 34/34/34
f 30/30/30 34/34/34 26/26/26
f 23/23/23 32/32/32 28/28/28
f 23/23/23 28/28/28 7/7/7
f 25/25/25 33/33/33 36/36/36
f 25/25/25 36/36/36 31/31/31
f 13/13/13 30/30/30 26/26/26
f 13/13/13 26/26/26 4/4/4
f 27/27/27 37/37/37 39/39/39
f 27/27/27 39/39/39 29/29/29
f 32/32/32 40/40/40 38/38/38
f 32/32/32 38/38/38 28/28/28
f 14/14/14 17/17/17 24/24/24
f 14/14/14 24/24/24 20/20/20
f 39/39/39 43/43/43 44/44/44
f 39/39/39 44/44/44 40/40/40
f 37/37/37 41/41/41 43/43/43
f 37/37/37 43/43/43 39/39/39
f 40/40/40 44/44/44 42/42/42
f 40/40/40 42/42/42 38/38/38
f 33/33/33 45/45/45 47/47/47
f 33/33/33 47/47/47 36/36/36
f 36/36/36 47/47/47 48/48/48
f 36/36/36 48/48/48 35/35/35
f 35/35/35 48/48/48 46/46/46
f 35/35/35 46/46/46 34/34/34
f 88/88/88 63/63/63 54/54/54
f 88/88/88 54/54/54 86/86/86
f 91/91/91 88/88/88 86/86/86
f 91/91/91 86/86/86 89/89/89
f 84/84/84 69/69/69 57/57/57
f 84/84/84 57/57/57 82/82/82
f 93/93/93 81/81/81 83/83/83
f 93/93/93 83/83/83 95/95/95
f 64/64/64 77/77/77 80/80/80
f 64/64/64 80/80/80 71/71/71
f 67/67/67 79/79/79 78/78/78
f 67/67/67 78/78/78 61/61/61
f 68/68/68 72/72/72 56/56/56
f 68/68/68 56/56/56 50/50/50
f 81/81/81 60/60/60 66/66/66
f 81/81/81 66/66/66 83/83/83
f 87/87/87 70/70/70 63/63/63
f 87/87/87 63/63/63 88/88/88
f 85/85/85 51/51/51 70/70/70
f 85/85/85 70/70/70 87/87/87
f 49/49/49 73/73/73 79/79/79
f 49/49/49 79/79/79 67/67/67
f 53/53/53 59/59/59 65/65/65
f 53/53/53 65/65/65 62/62/62
f 83/83/83 66/66/66 69/69/69
f 83/83/83 69/69/69 84/84/84
f 58/58/58 75/75/75 77/77/77
f 58/58/58 77/77/77 64/64/64
f 95/95/95 83/83/83 84/84/84
f 95/95/95 84/84/84 96/96/96
f 71/71/71 80/80/80 76/76/76
f 71/71/71 76/76/76 55/55/55
f 90/90/90 91/91/91 78/78/78
f 90/90/90 78/78/78 79/79/79
f 61/61/61 78/78/78 74/74/74
f 61/61/61 74/74/74 52/52/52
f 96/96/96 84/84/84 82/82/82
f 96/96/96 82/82/82 94/94/94
f 62/62/62 65/65/65 72/72/72
f 62/62/62 72/72/72 68/68/68
f 92/92/92 85/85/85 87/87/87
f 92/92/92 87/87/87 90/90/90
f 73/73/73 92/92/92 90/90/90
f 73/73/73 90/90/90 79/79/79
f 87/87/87 88/88/88 91/91/91
f 87/87/87 91/91/91 90/90/90
f 78/78/78 91/91/91 89/89/89
f 78/78/78 89/89/89 74/74/74
f 80/80/80 96/96/96 94/94/94
f 80/80/80 94/94/94 76/76/76
f 77/77/77 95/95/95 96/96/96
f 77/77/77 96/96/96 80/80/80
f 75/75/75 93/93/93 95/95/95
f 75/75/75 95/95/95 77/77/77
f 130/130/130 113/113/113 112/112/112
f 130/130/130 112/112/112 114/114/114
f 120/120/120 106/106/106 105/105/105
f 120/120/120 105/105/105 121/121/121
f 118/118/118 108/108/108 107/107/107
f 118/118/118 107/107/107 119/119/119
f 114/114/114 112/112/112 111/111/111
f 114/114/114 111/111/111 115/115/115
f 126/126/126 100/100/100 99/99/99
f 126/126/126 99/99/99 127/127/127
f 97/97/97 113/113/113 130/130/130
f 97/97/97 130/130/130 128/128/128
f 127/127/127 99/99/99 98/98/98
f 127/127/127 98/98/98 129/129/129
f 103/103/103 102/102/102 124/124/124
f 103/103/103 124/124/124 123/123/123
f 125/125/125 101/101/101 100/100/100
f 125/125/125 100/100/100 126/126/126
f 122/122/122 104/104/104 103/103/103
f 122/122/122 103/103/103 123/123/123
f 121/121/121 105/105/105 104/104/104
f 121/121/121 104/104/104 122/122/122
f 119/119/119 107/107/107 106/106/106
f 119/119/119 106/106/106 120/120/120
f 117/117/117 109/109/109 108/108/108
f 117/117/117 108/108/108 118/118/118
f 116/116/116 110/110/110 109/109/109
f 116/116/116 109/109/109 117/117/117
f 115/115/115 111/111/111 110/110/110
f 115/115/115 110/110/110 116/116/116
f 163/163/163 146/146/146 145/145/145
f 163/163/163 145/145/145 148/148/148
f 154/154/154 139/139/139 138/138/138
f 154/154/154 138/138/138 155/155/155
f 152/152/152 141/141/141 140/140/140
f 152/152/152 140/140/140 153/153/153
f 148/148/148 145/145/145 144/144/144
f 148/148/148 144/144/144 149/149/149
f 159/159/159 134/134/134 133/133/133
f 159/159/159 133/133/133 160/160/160
f 131/131/131 146/146/146 163/163/163
f 131/131/131 163/163/163 161/161/161
f 160/160/160 133/133/133 132/132/132
f 160/160/160 132/132/132 162/162/162
f 158/158/158 135/135/135 134/134/134
f 158/158/158 134/134/134 159/159/159
f 136/136/136 147/147/147 164/164/164
f 136/136/136 164/164/164 157/157/157
f 156/156/156 137/137/137 136/136/136
f 156/156/156 136/136/136 157/157/157
f 155/155/155 138/138/138 137/137/137
f 155/155/155 137/137/137 156/156/156
f 153/153/153 140/140/140 139/139/139
f 153/153/153 139/139/139 154/154/154
f 151/151/151 142/142/142 141/141/141
f 151/151/151 141/141/141 152/152/152
f 150/150/150 143/143/143 142/142/142
f 150/150/150 142/142/142 151/151/151
f 149/149/149 144/144/144 143/143/143
f 149/149/149 143/143/143 150/150/150
f 2162/2162/2162 2164/2164/2164 173/173/173
f 2162/2162/2162 173/173/173 172/172/172
f 586/586/586 587/587/587 2202/2202/2202
f 586/586/586 2202/2202/2202 2208/2208/2208
f 574/574/574 575/575/575 2240/2240/2240
f 574/574/574 2240/2240/2240 2245/2245/2245
f 575/575/575 576/576/576 2238/2238/2238
f 575/575/575 2238/2238/2238 2240/2240/2240
f 169/169/169 170/170/170 192/192/192
f 169/169/169 192/192/192 190/190/190
f 578/578/578 579/579/579 2229/2229/2229
f 578/578/578 2229/2229/2229 2232/2232/2232
f 166/166/166 167/167/167 186/186/186
f 166/166/166 186/186/186 216/216/216
f 409/409/409 412/412/412 413/413/413
f 409/409/409 413/413/413 410/410/410
f 412/412/412 415/415/415 416/416/416
f 412/412/412 416/416/416 413/413/413
f 585/585/585 2211/2211/2211 2214/2214/2214
f 585/585/585 2214/2214/2214 584/584/584
f 168/168/168 169/169/169 190/190/190
f 168/168/168 190/190/190 188/188/188
f 178/178/178 179/179/179 210/210/210
f 178/178/178 210/210/210 208/208/208
f 2163/2163/2163 2175/2175/2175 166/166/166
f 2163/2163/2163 166/166/166 165/165/165
f 2163/2163/2163 2176/2176/2176 272/272/272
f 2163/2163/2163 272/272/272 271/271/271
f 180/180/180 165/165/165 184/184/184
f 180/180/180 184/184/184 213/213/213
f 590/590/590 574/574/574 2245/2245/2245
f 590/590/590 2245/2245/2245 2247/2247/2247
f 223/223/223 412/412/412 409/409/409
f 223/223/223 409/409/409 222/222/222
f 2178/2178/2178 2173/2173/2173 171/171/171
f 2178/2178/2178 171/171/171 170/170/170
f 579/579/579 580/580/580 2226/2226/2226
f 579/579/579 2226/2226/2226 2229/2229/2229
f 2175/2175/2175 269/269/269 265/265/265
f 2175/2175/2175 265/265/265 2174/2174/2174
f 231/231/231 266/266/266 265/265/265
f 231/231/231 265/265/265 229/229/229
f 269/269/269 271/271/271 259/259/259
f 269/269/269 259/259/259 227/227/227
f 2165/2165/2165 2166/2166/2166 176/176/176
f 2165/2165/2165 176/176/176 175/175/175
f 582/582/582 583/583/583 2216/2216/2216
f 582/582/582 2216/2216/2216 2220/2220/2220
f 577/577/577 578/578/578 2232/2232/2232
f 577/577/577 2232/2232/2232 2234/2234/2234
f 586/586/586 2207/2207/2207 2211/2211/2211
f 586/586/586 2211/2211/2211 585/585/585
f 2247/2247/2247 2198/2198/2198 588/588/588
f 2247/2247/2247 588/588/588 590/590/590
f 384/384/384 281/281/281 282/282/282
f 384/384/384 282/282/282 388/388/388
f 283/283/283 284/284/284 218/218/218
f 283/283/283 218/218/218 393/393/393
f 220/220/220 286/286/286 287/287/287
f 220/220/220 287/287/287 221/221/221
f 377/377/377 279/279/279 280/280/280
f 377/377/377 280/280/280 380/380/380
f 218/218/218 284/284/284 285/285/285
f 218/218/218 285/285/285 219/219/219
f 217/217/217 278/278/278 279/279/279
f 217/217/217 279/279/279 377/377/377
f 422/422/422 292/292/292 277/277/277
f 422/422/422 277/277/277 182/182/182
f 388/388/388 282/282/282 283/283/283
f 388/388/388 283/283/283 393/393/393
f 167/167/167 168/168/168 188/188/188
f 167/167/167 188/188/188 186/186/186
f 179/179/179 181/181/181 214/214/214
f 179/179/179 214/214/214 210/210/210
f 267/267/267 249/249/249 251/251/251
f 267/267/267 251/251/251 268/268/268
f 2170/2170/2170 2171/2171/2171 179/179/179
f 2170/2170/2170 179/179/179 178/178/178
f 279/279/279 185/185/185 187/187/187
f 279/279/279 187/187/187 280/280/280
f 280/280/280 187/187/187 189/189/189
f 280/280/280 189/189/189 281/281/281
f 281/281/281 189/189/189 191/191/191
f 281/281/281 191/191/191 282/282/282
f 283/283/283 193/193/193 195/195/195
f 283/283/283 195/195/195 284/284/284
f 285/285/285 197/197/197 199/199/199
f 285/285/285 199/199/199 286/286/286
f 286/286/286 199/199/199 201/201/201
f 286/286/286 201/201/201 287/287/287
f 222/222/222 288/288/288 289/289/289
f 222/222/222 289/289/289 223/223/223
f 223/223/223 289/289/289 290/290/290
f 223/223/223 290/290/290 224/224/224
f 291/291/291 209/209/209 212/212/212
f 291/291/291 212/212/212 293/293/293
f 290/290/290 207/207/207 209/209/209
f 290/290/290 209/209/209 291/291/291
f 278/278/278 215/215/215 185/185/185
f 278/278/278 185/185/185 279/279/279
f 282/282/282 191/191/191 193/193/193
f 282/282/282 193/193/193 283/283/283
f 284/284/284 195/195/195 197/197/197
f 284/284/284 197/197/197 285/285/285
f 277/277/277 183/183/183 215/215/215
f 277/277/277 215/215/215 278/278/278
f 170/170/170 171/171/171 194/194/194
f 170/170/170 194/194/194 192/192/192
f 171/171/171 172/172/172 196/196/196
f 171/171/171 196/196/196 194/194/194
f 172/172/172 173/173/173 198/198/198
f 172/172/172 198/198/198 196/196/196
f 173/173/173 174/174/174 200/200/200
f 173/173/173 200/200/200 198/198/198
f 165/165/165 166/166/166 216/216/216
f 165/165/165 216/216/216 184/184/184
f 174/174/174 175/175/175 202/202/202
f 174/174/174 202/202/202 200/200/200
f 2172/2172/2172 260/260/260 261/261/261
f 2172/2172/2172 261/261/261 2165/2165/2165
f 175/175/175 176/176/176 204/204/204
f 175/175/175 204/204/204 202/202/202
f 275/275/275 247/247/247 249/249/249
f 275/275/275 249/249/249 267/267/267
f 2173/2173/2173 262/262/262 263/263/263
f 2173/2173/2173 263/263/263 2162/2162/2162
f 2171/2171/2171 2177/2177/2177 181/181/181
f 2171/2171/2171 181/181/181 179/179/179
f 2166/2166/2166 2169/2169/2169 177/177/177
f 2166/2166/2166 177/177/177 176/176/176
f 224/224/224 415/415/415 412/412/412
f 224/224/224 412/412/412 223/223/223
f 2168/2168/2168 2178/2178/2178 170/170/170
f 2168/2168/2168 170/170/170 169/169/169
f 2164/2164/2164 2172/2172/2172 174/174/174
f 2164/2164/2164 174/174/174 173/173/173
f 2167/2167/2167 2168/2168/2168 169/169/169
f 2167/2167/2167 169/169/169 168/168/168
f 233/233/233 264/264/264 266/266/266
f 233/233/233 266/266/266 231/231/231
f 239/239/239 263/263/263 262/262/262
f 239/239/239 262/262/262 237/237/237
f 245/245/245 261/261/261 260/260/260
f 245/245/245 260/260/260 243/243/243
f 2169/2169/2169 2170/2170/2170 178/178/178
f 2169/2169/2169 178/178/178 177/177/177
f 265/265/265 269/269/269 227/227/227
f 265/265/265 227/227/227 229/229/229
f 241/241/241 270/270/270 263/263/263
f 241/241/241 263/263/263 239/239/239
f 259/259/259 271/271/271 272/272/272
f 259/259/259 272/272/272 256/256/256
f 253/253/253 276/276/276 268/268/268
f 253/253/253 268/268/268 251/251/251
f 225/225/225 291/291/291 293/293/293
f 225/225/225 293/293/293 423/423/423
f 262/262/262 274/274/274 235/235/235
f 262/262/262 235/235/235 237/237/237
f 247/247/247 275/275/275 261/261/261
f 247/247/247 261/261/261 245/245/245
f 273/273/273 276/276/276 253/253/253
f 273/273/273 253/253/253 257/257/257
f 260/260/260 270/270/270 241/241/241
f 260/260/260 241/241/241 243/243/243
f 274/274/274 264/264/264 233/233/233
f 274/274/274 233/233/233 235/235/235
f 580/580/580 581/581/581 2222/2222/2222
f 580/580/580 2222/2222/2222 2226/2226/2226
f 219/219/219 285/285/285 286/286/286
f 219/219/219 286/286/286 220/220/220
f 408/408/408 304/304/304 303/303/303
f 408/408/408 303/303/303 405/405/405
f 224/224/224 290/290/290 291/291/291
f 224/224/224 291/291/291 225/225/225
f 584/584/584 2214/2214/2214 2216/2216/2216
f 584/584/584 2216/2216/2216 583/583/583
f 581/581/581 582/582/582 2220/2220/2220
f 581/581/581 2220/2220/2220 2222/2222/2222
f 222/222/222 221/221/221 287/287/287
f 222/222/222 287/287/287 288/288/288
f 280/280/280 281/281/281 384/384/384
f 280/280/280 384/384/384 380/380/380
f 228/228/228 312/312/312 313/313/313
f 228/228/228 313/313/313 230/230/230
f 201/201/201 203/203/203 288/288/288
f 201/201/201 288/288/288 287/287/287
f 211/211/211 183/183/183 277/277/277
f 211/211/211 277/277/277 292/292/292
f 296/296/296 381/381/381 385/385/385
f 296/296/296 385/385/385 297/297/297
f 297/297/297 385/385/385 389/389/389
f 297/297/297 389/389/389 298/298/298
f 299/299/299 392/392/392 396/396/396
f 299/299/299 396/396/396 300/300/300
f 301/301/301 399/399/399 402/402/402
f 301/301/301 402/402/402 302/302/302
f 302/302/302 402/402/402 405/405/405
f 302/302/302 405/405/405 303/303/303
f 467/467/467 469/469/469 440/440/440
f 467/467/467 440/440/440 439/439/439
f 440/440/440 469/469/469 471/471/471
f 440/440/440 471/471/471 441/441/441
f 307/307/307 417/417/417 421/421/421
f 307/307/307 421/421/421 309/309/309
f 306/306/306 414/414/414 417/417/417
f 306/306/306 417/417/417 307/307/307
f 294/294/294 373/373/373 376/376/376
f 294/294/294 376/376/376 295/295/295
f 298/298/298 389/389/389 392/392/392
f 298/298/298 392/392/392 299/299/299
f 300/300/300 396/396/396 399/399/399
f 300/300/300 399/399/399 301/301/301
f 310/310/310 370/370/370 373/373/373
f 310/310/310 373/373/373 294/294/294
f 420/420/420 370/370/370 310/310/310
f 420/420/420 310/310/310 308/308/308
f 295/295/295 376/376/376 381/381/381
f 295/295/295 381/381/381 296/296/296
f 327/327/327 258/258/258 254/254/254
f 327/327/327 254/254/254 325/325/325
f 576/576/576 577/577/577 2234/2234/2234
f 576/576/576 2234/2234/2234 2238/2238/2238
f 232/232/232 314/314/314 315/315/315
f 232/232/232 315/315/315 234/234/234
f 240/240/240 318/318/318 319/319/319
f 240/240/240 319/319/319 242/242/242
f 252/252/252 324/324/324 326/326/326
f 252/252/252 326/326/326 255/255/255
f 250/250/250 323/323/323 324/324/324
f 250/250/250 324/324/324 252/252/252
f 234/234/234 315/315/315 316/316/316
f 234/234/234 316/316/316 236/236/236
f 258/258/258 327/327/327 311/311/311
f 258/258/258 311/311/311 226/226/226
f 246/246/246 244/244/244 320/320/320
f 246/246/246 320/320/320 321/321/321
f 238/238/238 317/317/317 318/318/318
f 238/238/238 318/318/318 240/240/240
f 226/226/226 311/311/311 312/312/312
f 226/226/226 312/312/312 228/228/228
f 242/242/242 319/319/319 320/320/320
f 242/242/242 320/320/320 244/244/244
f 236/236/236 316/316/316 317/317/317
f 236/236/236 317/317/317 238/238/238
f 230/230/230 313/313/313 314/314/314
f 230/230/230 314/314/314 232/232/232
f 321/321/321 322/322/322 248/248/248
f 321/321/321 248/248/248 246/246/246
f 322/322/322 323/323/323 250/250/250
f 322/322/322 250/250/250 248/248/248
f 329/329/329 331/331/331 330/330/330
f 329/329/329 330/330/330 328/328/328
f 330/330/330 331/331/331 333/333/333
f 330/330/330 333/333/333 332/332/332
f 332/332/332 333/333/333 335/335/335
f 332/332/332 335/335/335 334/334/334
f 334/334/334 335/335/335 337/337/337
f 334/334/334 337/337/337 336/336/336
f 336/336/336 337/337/337 340/340/340
f 336/336/336 340/340/340 338/338/338
f 339/339/339 341/341/341 343/343/343
f 339/339/339 343/343/343 342/342/342
f 342/342/342 343/343/343 345/345/345
f 342/342/342 345/345/345 344/344/344
f 344/344/344 345/345/345 347/347/347
f 344/344/344 347/347/347 346/346/346
f 346/346/346 347/347/347 349/349/349
f 346/346/346 349/349/349 348/348/348
f 348/348/348 349/349/349 351/351/351
f 348/348/348 351/351/351 350/350/350
f 350/350/350 351/351/351 353/353/353
f 350/350/350 353/353/353 352/352/352
f 352/352/352 353/353/353 355/355/355
f 352/352/352 355/355/355 354/354/354
f 354/354/354 355/355/355 357/357/357
f 354/354/354 357/357/357 356/356/356
f 356/356/356 357/357/357 359/359/359
f 356/356/356 359/359/359 358/358/358
f 358/358/358 359/359/359 361/361/361
f 358/358/358 361/361/361 360/360/360
f 360/360/360 361/361/361 363/363/363
f 360/360/360 363/363/363 362/362/362
f 362/362/362 363/363/363 365/365/365
f 362/362/362 365/365/365 364/364/364
f 364/364/364 365/365/365 367/367/367
f 364/364/364 367/367/367 366/366/366
f 366/366/366 367/367/367 369/369/369
f 366/366/366 369/369/369 368/368/368
f 368/368/368 369/369/369 329/329/329
f 368/368/368 329/329/329 328/328/328
f 2174/2174/2174 265/265/265 266/266/266
f 2174/2174/2174 266/266/266 2167/2167/2167
f 370/370/370 420/420/420 424/424/424
f 370/370/370 424/424/424 372/372/372
f 372/372/372 424/424/424 426/426/426
f 372/372/372 426/426/426 371/371/371
f 371/371/371 426/426/426 422/422/422
f 371/371/371 422/422/422 182/182/182
f 408/408/408 405/405/405 406/406/406
f 408/408/408 406/406/406 410/410/410
f 410/410/410 406/406/406 407/407/407
f 410/410/410 407/407/407 409/409/409
f 409/409/409 407/407/407 221/221/221
f 409/409/409 221/221/221 222/222/222
f 377/377/377 380/380/380 382/382/382
f 377/377/377 382/382/382 379/379/379
f 379/379/379 382/382/382 383/383/383
f 379/379/379 383/383/383 378/378/378
f 378/378/378 383/383/383 381/381/381
f 378/378/378 381/381/381 376/376/376
f 380/380/380 384/384/384 386/386/386
f 380/380/380 386/386/386 382/382/382
f 382/382/382 386/386/386 387/387/387
f 382/382/382 387/387/387 383/383/383
f 383/383/383 387/387/387 385/385/385
f 383/383/383 385/385/385 381/381/381
f 384/384/384 388/388/388 390/390/390
f 384/384/384 390/390/390 386/386/386
f 386/386/386 390/390/390 391/391/391
f 386/386/386 391/391/391 387/387/387
f 387/387/387 391/391/391 389/389/389
f 387/387/387 389/389/389 385/385/385
f 393/393/393 218/218/218 397/397/397
f 393/393/393 397/397/397 395/395/395
f 395/395/395 397/397/397 398/398/398
f 395/395/395 398/398/398 394/394/394
f 394/394/394 398/398/398 396/396/396
f 394/394/394 396/396/396 392/392/392
f 219/219/219 220/220/220 403/403/403
f 219/219/219 403/403/403 401/401/401
f 401/401/401 403/403/403 404/404/404
f 401/401/401 404/404/404 400/400/400
f 400/400/400 404/404/404 402/402/402
f 400/400/400 402/402/402 399/399/399
f 220/220/220 221/221/221 407/407/407
f 220/220/220 407/407/407 403/403/403
f 403/403/403 407/407/407 406/406/406
f 403/403/403 406/406/406 404/404/404
f 404/404/404 406/406/406 405/405/405
f 404/404/404 405/405/405 402/402/402
f 203/203/203 205/205/205 289/289/289
f 203/203/203 289/289/289 288/288/288
f 410/410/410 413/413/413 411/411/411
f 410/410/410 411/411/411 408/408/408
f 408/408/408 411/411/411 305/305/305
f 408/408/408 305/305/305 304/304/304
f 205/205/205 207/207/207 290/290/290
f 205/205/205 290/290/290 289/289/289
f 413/413/413 416/416/416 414/414/414
f 413/413/413 414/414/414 411/411/411
f 411/411/411 414/414/414 306/306/306
f 411/411/411 306/306/306 305/305/305
f 225/225/225 423/423/423 427/427/427
f 225/225/225 427/427/427 419/419/419
f 419/419/419 427/427/427 425/425/425
f 419/419/419 425/425/425 418/418/418
f 418/418/418 425/425/425 421/421/421
f 418/418/418 421/421/421 417/417/417
f 224/224/224 225/225/225 419/419/419
f 224/224/224 419/419/419 415/415/415
f 415/415/415 419/419/419 418/418/418
f 415/415/415 418/418/418 416/416/416
f 416/416/416 418/418/418 417/417/417
f 416/416/416 417/417/417 414/414/414
f 217/217/217 377/377/377 379/379/379
f 217/217/217 379/379/379 375/375/375
f 375/375/375 379/379/379 378/378/378
f 375/375/375 378/378/378 374/374/374
f 374/374/374 378/378/378 376/376/376
f 374/374/374 376/376/376 373/373/373
f 388/388/388 393/393/393 395/395/395
f 388/388/388 395/395/395 390/390/390
f 390/390/390 395/395/395 394/394/394
f 390/390/390 394/394/394 391/391/391
f 391/391/391 394/394/394 392/392/392
f 391/391/391 392/392/392 389/389/389
f 218/218/218 219/219/219 401/401/401
f 218/218/218 401/401/401 397/397/397
f 397/397/397 401/401/401 400/400/400
f 397/397/397 400/400/400 398/398/398
f 398/398/398 400/400/400 399/399/399
f 398/398/398 399/399/399 396/396/396
f 182/182/182 217/217/217 375/375/375
f 182/182/182 375/375/375 371/371/371
f 371/371/371 375/375/375 374/374/374
f 371/371/371 374/374/374 372/372/372
f 372/372/372 374/374/374 373/373/373
f 372/372/372 373/373/373 370/370/370
f 182/182/182 277/277/277 278/278/278
f 182/182/182 278/278/278 217/217/217
f 2179/2179/2179 435/435/435 436/436/436
f 2179/2179/2179 436/436/436 2181/2181/2181
f 124/124/124 102/102/102 101/101/101
f 124/124/124 101/101/101 125/125/125
f 312/312/312 2241/2241/2241 2237/2237/2237
f 312/312/312 2237/2237/2237 313/313/313
f 313/313/313 2237/2237/2237 2235/2235/2235
f 313/313/313 2235/2235/2235 314/314/314
f 432/432/432 453/453/453 455/455/455
f 432/432/432 455/455/455 433/433/433
f 316/316/316 2228/2228/2228 2225/2225/2225
f 316/316/316 2225/2225/2225 317/317/317
f 429/429/429 479/479/479 449/449/449
f 429/429/429 449/449/449 430/430/430
f 673/673/673 676/676/676 675/675/675
f 673/673/673 675/675/675 672/672/672
f 676/676/676 679/679/679 678/678/678
f 676/676/676 678/678/678 675/675/675
f 322/322/322 2210/2210/2210 2206/2206/2206
f 322/322/322 2206/2206/2206 323/323/323
f 431/431/431 451/451/451 453/453/453
f 431/431/431 453/453/453 432/432/432
f 441/441/441 471/471/471 473/473/473
f 441/441/441 473/473/473 442/442/442
f 2180/2180/2180 428/428/428 429/429/429
f 2180/2180/2180 429/429/429 2192/2192/2192
f 2180/2180/2180 534/534/534 536/536/536
f 2180/2180/2180 536/536/536 2194/2194/2194
f 444/444/444 477/477/477 447/447/447
f 444/444/444 447/447/447 428/428/428
f 311/311/311 2244/2244/2244 2241/2241/2241
f 311/311/311 2241/2241/2241 312/312/312
f 672/672/672 675/675/675 486/486/486
f 672/672/672 486/486/486 485/485/485
f 2195/2195/2195 433/433/433 434/434/434
f 2195/2195/2195 434/434/434 2190/2190/2190
f 317/317/317 2225/2225/2225 2223/2223/2223
f 317/317/317 2223/2223/2223 318/318/318
f 2192/2192/2192 2191/2191/2191 528/528/528
f 2192/2192/2192 528/528/528 532/532/532
f 494/494/494 492/492/492 528/528/528
f 494/494/494 528/528/528 529/529/529
f 532/532/532 490/490/490 522/522/522
f 532/532/532 522/522/522 534/534/534
f 2182/2182/2182 438/438/438 439/439/439
f 2182/2182/2182 439/439/439 2183/2183/2183
f 321/321/321 320/320/320 2217/2217/2217
f 321/321/321 2217/2217/2217 2213/2213/2213
f 327/327/327 2248/2248/2248 2243/2243/2243
f 327/327/327 2243/2243/2243 311/311/311
f 315/315/315 2231/2231/2231 2228/2228/2228
f 315/315/315 2228/2228/2228 316/316/316
f 323/323/323 2206/2206/2206 2204/2204/2204
f 323/323/323 2204/2204/2204 324/324/324
f 324/324/324 2204/2204/2204 2197/2197/2197
f 324/324/324 2197/2197/2197 326/326/326
f 647/647/647 651/651/651 545/545/545
f 647/647/647 545/545/545 544/544/544
f 546/546/546 656/656/656 481/481/481
f 546/546/546 481/481/481 547/547/547
f 483/483/483 484/484/484 550/550/550
f 483/483/483 550/550/550 549/549/549
f 640/640/640 643/643/643 543/543/543
f 640/640/640 543/543/543 542/542/542
f 481/481/481 482/482/482 548/548/548
f 481/481/481 548/548/548 547/547/547
f 480/480/480 640/640/640 542/542/542
f 480/480/480 542/542/542 541/541/541
f 685/685/685 445/445/445 540/540/540
f 685/685/685 540/540/540 555/555/555
f 651/651/651 656/656/656 546/546/546
f 651/651/651 546/546/546 545/545/545
f 430/430/430 449/449/449 451/451/451
f 430/430/430 451/451/451 431/431/431
f 442/442/442 473/473/473 476/476/476
f 442/442/442 476/476/476 443/443/443
f 514/514/514 512/512/512 530/530/530
f 514/514/514 530/530/530 531/531/531
f 2187/2187/2187 441/441/441 442/442/442
f 2187/2187/2187 442/442/442 2188/2188/2188
f 542/542/542 543/543/543 450/450/450
f 542/542/542 450/450/450 448/448/448
f 543/543/543 544/544/544 452/452/452
f 543/543/543 452/452/452 450/450/450
f 544/544/544 545/545/545 454/454/454
f 544/544/544 454/454/454 452/452/452
f 546/546/546 547/547/547 458/458/458
f 546/546/546 458/458/458 456/456/456
f 548/548/548 549/549/549 462/462/462
f 548/548/548 462/462/462 460/460/460
f 549/549/549 550/550/550 464/464/464
f 549/549/549 464/464/464 462/462/462
f 485/485/485 486/486/486 552/552/552
f 485/485/485 552/552/552 551/551/551
f 486/486/486 487/487/487 553/553/553
f 486/486/486 553/553/553 552/552/552
f 554/554/554 556/556/556 475/475/475
f 554/554/554 475/475/475 472/472/472
f 553/553/553 554/554/554 472/472/472
f 553/553/553 472/472/472 470/470/470
f 541/541/541 542/542/542 448/448/448
f 541/541/541 448/448/448 478/478/478
f 545/545/545 546/546/546 456/456/456
f 545/545/545 456/456/456 454/454/454
f 547/547/547 548/548/548 460/460/460
f 547/547/547 460/460/460 458/458/458
f 540/540/540 541/541/541 478/478/478
f 540/540/540 478/478/478 446/446/446
f 433/433/433 455/455/455 457/457/457
f 433/433/433 457/457/457 434/434/434
f 434/434/434 457/457/457 459/459/459
f 434/434/434 459/459/459 435/435/435
f 435/435/435 459/459/459 461/461/461
f 435/435/435 461/461/461 436/436/436
f 436/436/436 461/461/461 463/463/463
f 436/436/436 463/463/463 437/437/437
f 428/428/428 447/447/447 479/479/479
f 428/428/428 479/479/479 429/429/429
f 437/437/437 463/463/463 465/465/465
f 437/437/437 465/465/465 438/438/438
f 2189/2189/2189 2182/2182/2182 524/524/524
f 2189/2189/2189 524/524/524 523/523/523
f 438/438/438 465/465/465 467/467/467
f 438/438/438 467/467/467 439/439/439
f 512/512/512 510/510/510 538/538/538
f 512/512/512 538/538/538 530/530/530
f 2190/2190/2190 2179/2179/2179 526/526/526
f 2190/2190/2190 526/526/526 525/525/525
f 2188/2188/2188 442/442/442 443/443/443
f 2188/2188/2188 443/443/443 2193/2193/2193
f 2183/2183/2183 2186/2186/2186 530/530/530
f 2183/2183/2183 530/530/530 538/538/538
f 675/675/675 678/678/678 487/487/487
f 675/675/675 487/487/487 486/486/486
f 2185/2185/2185 432/432/432 433/433/433
f 2185/2185/2185 433/433/433 2195/2195/2195
f 2181/2181/2181 436/436/436 437/437/437
f 2181/2181/2181 437/437/437 2189/2189/2189
f 2184/2184/2184 431/431/431 432/432/432
f 2184/2184/2184 432/432/432 2185/2185/2185
f 496/496/496 494/494/494 529/529/529
f 496/496/496 529/529/529 527/527/527
f 502/502/502 500/500/500 525/525/525
f 502/502/502 525/525/525 526/526/526
f 508/508/508 506/506/506 523/523/523
f 508/508/508 523/523/523 524/524/524
f 2186/2186/2186 440/440/440 441/441/441
f 2186/2186/2186 441/441/441 2187/2187/2187
f 528/528/528 492/492/492 490/490/490
f 528/528/528 490/490/490 532/532/532
f 504/504/504 502/502/502 526/526/526
f 504/504/504 526/526/526 533/533/533
f 522/522/522 520/520/520 536/536/536
f 522/522/522 536/536/536 534/534/534
f 516/516/516 514/514/514 531/531/531
f 516/516/516 531/531/531 539/539/539
f 488/488/488 686/686/686 556/556/556
f 488/488/488 556/556/556 554/554/554
f 525/525/525 500/500/500 498/498/498
f 525/525/525 498/498/498 537/537/537
f 510/510/510 508/508/508 524/524/524
f 510/510/510 524/524/524 538/538/538
f 535/535/535 519/519/519 516/516/516
f 535/535/535 516/516/516 539/539/539
f 523/523/523 506/506/506 504/504/504
f 523/523/523 504/504/504 533/533/533
f 537/537/537 498/498/498 496/496/496
f 537/537/537 496/496/496 527/527/527
f 318/318/318 2223/2223/2223 2219/2219/2219
f 318/318/318 2219/2219/2219 319/319/319
f 482/482/482 483/483/483 549/549/549
f 482/482/482 549/549/549 548/548/548
f 671/671/671 668/668/668 566/566/566
f 671/671/671 566/566/566 567/567/567
f 487/487/487 488/488/488 554/554/554
f 487/487/487 554/554/554 553/553/553
f 321/321/321 2213/2213/2213 2210/2210/2210
f 321/321/321 2210/2210/2210 322/322/322
f 319/319/319 2219/2219/2219 2217/2217/2217
f 319/319/319 2217/2217/2217 320/320/320
f 485/485/485 551/551/551 550/550/550
f 485/485/485 550/550/550 484/484/484
f 543/543/543 643/643/643 647/647/647
f 543/543/543 647/647/647 544/544/544
f 491/491/491 493/493/493 576/576/576
f 491/491/491 576/576/576 575/575/575
f 464/464/464 550/550/550 551/551/551
f 464/464/464 551/551/551 466/466/466
f 474/474/474 555/555/555 540/540/540
f 474/474/474 540/540/540 446/446/446
f 559/559/559 560/560/560 648/648/648
f 559/559/559 648/648/648 644/644/644
f 560/560/560 561/561/561 652/652/652
f 560/560/560 652/652/652 648/648/648
f 562/562/562 563/563/563 659/659/659
f 562/562/562 659/659/659 655/655/655
f 564/564/564 565/565/565 665/665/665
f 564/564/564 665/665/665 662/662/662
f 565/565/565 566/566/566 668/668/668
f 565/565/565 668/668/668 665/665/665
f 176/176/176 177/177/177 206/206/206
f 176/176/176 206/206/206 204/204/204
f 570/570/570 572/572/572 684/684/684
f 570/570/570 684/684/684 680/680/680
f 569/569/569 570/570/570 680/680/680
f 569/569/569 680/680/680 677/677/677
f 557/557/557 558/558/558 639/639/639
f 557/557/557 639/639/639 636/636/636
f 561/561/561 562/562/562 655/655/655
f 561/561/561 655/655/655 652/652/652
f 563/563/563 564/564/564 662/662/662
f 563/563/563 662/662/662 659/659/659
f 573/573/573 557/557/557 636/636/636
f 573/573/573 636/636/636 633/633/633
f 683/683/683 571/571/571 573/573/573
f 683/683/683 573/573/573 633/633/633
f 558/558/558 559/559/559 644/644/644
f 558/558/558 644/644/644 639/639/639
f 590/590/590 588/588/588 517/517/517
f 590/590/590 517/517/517 521/521/521
f 314/314/314 2235/2235/2235 2231/2231/2231
f 314/314/314 2231/2231/2231 315/315/315
f 495/495/495 497/497/497 578/578/578
f 495/495/495 578/578/578 577/577/577
f 503/503/503 505/505/505 582/582/582
f 503/503/503 582/582/582 581/581/581
f 515/515/515 518/518/518 589/589/589
f 515/515/515 589/589/589 587/587/587
f 513/513/513 515/515/515 587/587/587
f 513/513/513 587/587/587 586/586/586
f 497/497/497 499/499/499 579/579/579
f 497/497/497 579/579/579 578/578/578
f 521/521/521 489/489/489 574/574/574
f 521/521/521 574/574/574 590/590/590
f 509/509/509 584/584/584 583/583/583
f 509/509/509 583/583/583 507/507/507
f 501/501/501 503/503/503 581/581/581
f 501/501/501 581/581/581 580/580/580
f 489/489/489 491/491/491 575/575/575
f 489/489/489 575/575/575 574/574/574
f 505/505/505 507/507/507 583/583/583
f 505/505/505 583/583/583 582/582/582
f 499/499/499 501/501/501 580/580/580
f 499/499/499 580/580/580 579/579/579
f 493/493/493 495/495/495 577/577/577
f 493/493/493 577/577/577 576/576/576
f 511/511/511 585/585/585 584/584/584
f 511/511/511 584/584/584 509/509/509
f 513/513/513 586/586/586 585/585/585
f 513/513/513 585/585/585 511/511/511
f 592/592/592 591/591/591 593/593/593
f 592/592/592 593/593/593 594/594/594
f 593/593/593 595/595/595 596/596/596
f 593/593/593 596/596/596 594/594/594
f 595/595/595 597/597/597 598/598/598
f 595/595/595 598/598/598 596/596/596
f 597/597/597 599/599/599 600/600/600
f 597/597/597 600/600/600 598/598/598
f 599/599/599 601/601/601 603/603/603
f 599/599/599 603/603/603 600/600/600
f 602/602/602 605/605/605 606/606/606
f 602/602/602 606/606/606 604/604/604
f 605/605/605 607/607/607 608/608/608
f 605/605/605 608/608/608 606/606/606
f 607/607/607 609/609/609 610/610/610
f 607/607/607 610/610/610 608/608/608
f 609/609/609 611/611/611 612/612/612
f 609/609/609 612/612/612 610/610/610
f 611/611/611 613/613/613 614/614/614
f 611/611/611 614/614/614 612/612/612
f 613/613/613 615/615/615 616/616/616
f 613/613/613 616/616/616 614/614/614
f 615/615/615 617/617/617 618/618/618
f 615/615/615 618/618/618 616/616/616
f 617/617/617 619/619/619 620/620/620
f 617/617/617 620/620/620 618/618/618
f 619/619/619 621/621/621 622/622/622
f 619/619/619 622/622/622 620/620/620
f 621/621/621 623/623/623 624/624/624
f 621/621/621 624/624/624 622/622/622
f 623/623/623 625/625/625 626/626/626
f 623/623/623 626/626/626 624/624/624
f 625/625/625 627/627/627 628/628/628
f 625/625/625 628/628/628 626/626/626
f 627/627/627 629/629/629 630/630/630
f 627/627/627 630/630/630 628/628/628
f 629/629/629 631/631/631 632/632/632
f 629/629/629 632/632/632 630/630/630
f 631/631/631 591/591/591 592/592/592
f 631/631/631 592/592/592 632/632/632
f 2191/2191/2191 2184/2184/2184 529/529/529
f 2191/2191/2191 529/529/529 528/528/528
f 633/633/633 635/635/635 687/687/687
f 633/633/633 687/687/687 683/683/683
f 635/635/635 634/634/634 689/689/689
f 635/635/635 689/689/689 687/687/687
f 634/634/634 445/445/445 685/685/685
f 634/634/634 685/685/685 689/689/689
f 671/671/671 673/673/673 669/669/669
f 671/671/671 669/669/669 668/668/668
f 673/673/673 672/672/672 670/670/670
f 673/673/673 670/670/670 669/669/669
f 672/672/672 485/485/485 484/484/484
f 672/672/672 484/484/484 670/670/670
f 640/640/640 642/642/642 645/645/645
f 640/640/640 645/645/645 643/643/643
f 642/642/642 641/641/641 646/646/646
f 642/642/642 646/646/646 645/645/645
f 641/641/641 639/639/639 644/644/644
f 641/641/641 644/644/644 646/646/646
f 643/643/643 645/645/645 649/649/649
f 643/643/643 649/649/649 647/647/647
f 645/645/645 646/646/646 650/650/650
f 645/645/645 650/650/650 649/649/649
f 646/646/646 644/644/644 648/648/648
f 646/646/646 648/648/648 650/650/650
f 647/647/647 649/649/649 653/653/653
f 647/647/647 653/653/653 651/651/651
f 649/649/649 650/650/650 654/654/654
f 649/649/649 654/654/654 653/653/653
f 650/650/650 648/648/648 652/652/652
f 650/650/650 652/652/652 654/654/654
f 656/656/656 658/658/658 660/660/660
f 656/656/656 660/660/660 481/481/481
f 658/658/658 657/657/657 661/661/661
f 658/658/658 661/661/661 660/660/660
f 657/657/657 655/655/655 659/659/659
f 657/657/657 659/659/659 661/661/661
f 482/482/482 664/664/664 666/666/666
f 482/482/482 666/666/666 483/483/483
f 664/664/664 663/663/663 667/667/667
f 664/664/664 667/667/667 666/666/666
f 663/663/663 662/662/662 665/665/665
f 663/663/663 665/665/665 667/667/667
f 483/483/483 666/666/666 670/670/670
f 483/483/483 670/670/670 484/484/484
f 666/666/666 667/667/667 669/669/669
f 666/666/666 669/669/669 670/670/670
f 667/667/667 665/665/665 668/668/668
f 667/667/667 668/668/668 669/669/669
f 552/552/552 468/468/468 466/466/466
f 552/552/552 466/466/466 551/551/551
f 671/671/671 674/674/674 676/676/676
f 671/671/671 676/676/676 673/673/673
f 568/568/568 674/674/674 671/671/671
f 568/568/568 671/671/671 567/567/567
f 553/553/553 470/470/470 468/468/468
f 553/553/553 468/468/468 552/552/552
f 674/674/674 677/677/677 679/679/679
f 674/674/674 679/679/679 676/676/676
f 569/569/569 677/677/677 674/674/674
f 569/569/569 674/674/674 568/568/568
f 488/488/488 682/682/682 690/690/690
f 488/488/488 690/690/690 686/686/686
f 682/682/682 681/681/681 688/688/688
f 682/682/682 688/688/688 690/690/690
f 681/681/681 680/680/680 684/684/684
f 681/681/681 684/684/684 688/688/688
f 487/487/487 678/678/678 682/682/682
f 487/487/487 682/682/682 488/488/488
f 678/678/678 679/679/679 681/681/681
f 678/678/678 681/681/681 682/682/682
f 679/679/679 677/677/677 680/680/680
f 679/679/679 680/680/680 681/681/681
f 480/480/480 638/638/638 642/642/642
f 480/480/480 642/642/642 640/640/640
f 638/638/638 637/637/637 641/641/641
f 638/638/638 641/641/641 642/642/642
f 637/637/637 636/636/636 639/639/639
f 637/637/637 639/639/639 641/641/641
f 651/651/651 653/653/653 658/658/658
f 651/651/651 658/658/658 656/656/656
f 653/653/653 654/654/654 657/657/657
f 653/653/653 657/657/657 658/658/658
f 654/654/654 652/652/652 655/655/655
f 654/654/654 655/655/655 657/657/657
f 481/481/481 660/660/660 664/664/664
f 481/481/481 664/664/664 482/482/482
f 660/660/660 661/661/661 663/663/663
f 660/660/660 663/663/663 664/664/664
f 661/661/661 659/659/659 662/662/662
f 661/661/661 662/662/662 663/663/663
f 445/445/445 634/634/634 638/638/638
f 445/445/445 638/638/638 480/480/480
f 634/634/634 635/635/635 637/637/637
f 634/634/634 637/637/637 638/638/638
f 635/635/635 633/633/633 636/636/636
f 635/635/635 636/636/636 637/637/637
f 445/445/445 480/480/480 541/541/541
f 445/445/445 541/541/541 540/540/540
f 177/177/177 178/178/178 208/208/208
f 177/177/177 208/208/208 206/206/206
f 587/587/587 589/589/589 2199/2199/2199
f 587/587/587 2199/2199/2199 2203/2203/2203
f 164/164/164 147/147/147 135/135/135
f 164/164/164 135/135/135 158/158/158
f 730/730/730 733/733/733 920/920/920
f 730/730/730 920/920/920 919/919/919
f 706/706/706 923/923/923 929/929/929
f 706/706/706 929/929/929 708/708/708
f 2048/2048/2048 1989/1989/1989 1988/1988/1988
f 2048/2048/2048 1988/1988/1988 2047/2047/2047
f 826/826/826 829/829/829 699/699/699
f 826/826/826 699/699/699 695/695/695
f 829/829/829 832/832/832 798/798/798
f 829/829/829 798/798/798 699/699/699
f 694/694/694 932/932/932 934/934/934
f 694/694/694 934/934/934 698/698/698
f 835/835/835 838/838/838 802/802/802
f 835/835/835 802/802/802 800/800/800
f 940/940/940 1507/1507/1507 1508/1508/1508
f 940/940/940 1508/1508/1508 923/923/923
f 841/841/841 844/844/844 713/713/713
f 841/841/841 713/713/713 709/709/709
f 844/844/844 847/847/847 804/804/804
f 844/844/844 804/804/804 713/713/713
f 708/708/708 929/929/929 931/931/931
f 708/708/708 931/931/931 712/712/712
f 718/718/718 935/935/935 939/939/939
f 718/718/718 939/939/939 720/720/720
f 1992/1992/1992 853/853/853 721/721/721
f 1992/1992/1992 721/721/721 1985/1985/1985
f 853/853/853 856/856/856 808/808/808
f 853/853/853 808/808/808 721/721/721
f 856/856/856 859/859/859 727/727/727
f 856/856/856 727/727/727 808/808/808
f 859/859/859 862/862/862 810/810/810
f 859/859/859 810/810/810 727/727/727
f 862/862/862 865/865/865 812/812/812
f 862/862/862 812/812/812 810/810/810
f 868/868/868 872/872/872 816/816/816
f 868/868/868 816/816/816 814/814/814
f 873/873/873 877/877/877 820/820/820
f 873/873/873 820/820/820 817/817/817
f 731/731/731 924/924/924 930/930/930
f 731/731/731 930/930/930 734/734/734
f 790/790/790 794/794/794 775/775/775
f 790/790/790 775/775/775 771/771/771
f 1988/1988/1988 762/762/762 751/751/751
f 1988/1988/1988 751/751/751 1987/1987/1987
f 767/767/767 746/746/746 745/745/745
f 767/767/767 745/745/745 764/764/764
f 762/762/762 763/763/763 752/752/752
f 762/762/762 752/752/752 751/751/751
f 763/763/763 765/765/765 753/753/753
f 763/763/763 753/753/753 752/752/752
f 780/780/780 783/783/783 764/764/764
f 780/780/780 764/764/764 761/761/761
f 765/765/765 766/766/766 754/754/754
f 765/765/765 754/754/754 753/753/753
f 766/766/766 768/768/768 755/755/755
f 766/766/766 755/755/755 754/754/754
f 772/772/772 748/748/748 747/747/747
f 772/772/772 747/747/747 769/769/769
f 821/821/821 692/692/692 790/790/790
f 821/821/821 790/790/790 796/796/796
f 776/776/776 749/749/749 748/748/748
f 776/776/776 748/748/748 772/772/772
f 789/789/789 792/792/792 773/773/773
f 789/789/789 773/773/773 770/770/770
f 777/777/777 759/759/759 758/758/758
f 777/777/777 758/758/758 774/774/774
f 778/778/778 743/743/743 742/742/742
f 778/778/778 742/742/742 775/775/775
f 786/786/786 788/788/788 769/769/769
f 786/786/786 769/769/769 767/767/767
f 787/787/787 789/789/789 770/770/770
f 787/787/787 770/770/770 768/768/768
f 778/778/778 761/761/761 744/744/744
f 778/778/778 744/744/744 743/743/743
f 795/795/795 779/779/779 760/760/760
f 795/795/795 760/760/760 776/776/776
f 692/692/692 696/696/696 794/794/794
f 692/692/692 794/794/794 790/790/790
f 805/805/805 807/807/807 779/779/779
f 805/805/805 779/779/779 795/795/795
f 876/876/876 822/822/822 824/824/824
f 876/876/876 824/824/824 878/878/878
f 780/780/780 761/761/761 778/778/778
f 780/780/780 778/778/778 797/797/797
f 790/790/790 771/771/771 777/777/777
f 790/790/790 777/777/777 796/796/796
f 710/710/710 714/714/714 791/791/791
f 710/710/710 791/791/791 788/788/788
f 794/794/794 797/797/797 778/778/778
f 794/794/794 778/778/778 775/775/775
f 793/793/793 796/796/796 777/777/777
f 793/793/793 777/777/777 774/774/774
f 791/791/791 795/795/795 776/776/776
f 791/791/791 776/776/776 772/772/772
f 777/777/777 771/771/771 741/741/741
f 777/777/777 741/741/741 759/759/759
f 788/788/788 791/791/791 772/772/772
f 788/788/788 772/772/772 769/769/769
f 785/785/785 787/787/787 768/768/768
f 785/785/785 768/768/768 766/766/766
f 799/799/799 801/801/801 783/783/783
f 799/799/799 783/783/783 780/780/780
f 784/784/784 785/785/785 766/766/766
f 784/784/784 766/766/766 765/765/765
f 782/782/782 784/784/784 765/765/765
f 782/782/782 765/765/765 763/763/763
f 783/783/783 786/786/786 767/767/767
f 783/783/783 767/767/767 764/764/764
f 781/781/781 782/782/782 763/763/763
f 781/781/781 763/763/763 762/762/762
f 1989/1989/1989 781/781/781 762/762/762
f 1989/1989/1989 762/762/762 1988/1988/1988
f 2061/2061/2061 1990/1990/1990 1991/1991/1991
f 2061/2061/2061 1991/1991/1991 2049/2049/2049
f 2047/2047/2047 2060/2060/2060 750/750/750
f 2047/2047/2047 750/750/750 760/760/760
f 775/775/775 742/742/742 741/741/741
f 775/775/775 741/741/741 771/771/771
f 1986/1986/1986 722/722/722 781/781/781
f 1986/1986/1986 781/781/781 1989/1989/1989
f 803/803/803 786/786/786 783/783/783
f 803/803/803 783/783/783 801/801/801
f 722/722/722 809/809/809 782/782/782
f 722/722/722 782/782/782 781/781/781
f 809/809/809 728/728/728 784/784/784
f 809/809/809 784/784/784 782/782/782
f 831/831/831 834/834/834 836/836/836
f 831/831/831 836/836/836 833/833/833
f 728/728/728 811/811/811 785/785/785
f 728/728/728 785/785/785 784/784/784
f 811/811/811 813/813/813 787/787/787
f 811/811/811 787/787/787 785/785/785
f 769/769/769 747/747/747 746/746/746
f 769/769/769 746/746/746 767/767/767
f 819/819/819 821/821/821 796/796/796
f 819/819/819 796/796/796 793/793/793
f 837/837/837 840/840/840 842/842/842
f 837/837/837 842/842/842 839/839/839
f 773/773/773 757/757/757 756/756/756
f 773/773/773 756/756/756 770/770/770
f 770/770/770 756/756/756 755/755/755
f 770/770/770 755/755/755 768/768/768
f 696/696/696 700/700/700 797/797/797
f 696/696/696 797/797/797 794/794/794
f 710/710/710 788/788/788 786/786/786
f 710/710/710 786/786/786 803/803/803
f 815/815/815 818/818/818 792/792/792
f 815/815/815 792/792/792 789/789/789
f 822/822/822 825/825/825 827/827/827
f 822/822/822 827/827/827 824/824/824
f 846/846/846 849/849/849 851/851/851
f 846/846/846 851/851/851 848/848/848
f 697/697/697 701/701/701 908/908/908
f 697/697/697 908/908/908 907/907/907
f 701/701/701 703/703/703 909/909/909
f 701/701/701 909/909/909 908/908/908
f 934/934/934 932/932/932 1504/1504/1504
f 934/934/934 1504/1504/1504 1505/1505/1505
f 705/705/705 707/707/707 911/911/911
f 705/705/705 911/911/911 910/910/910
f 706/706/706 704/704/704 940/940/940
f 706/706/706 940/940/940 923/923/923
f 711/711/711 715/715/715 913/913/913
f 711/711/711 913/913/913 912/912/912
f 715/715/715 717/717/717 914/914/914
f 715/715/715 914/914/914 913/913/913
f 931/931/931 929/929/929 1509/1509/1509
f 931/931/931 1509/1509/1509 1510/1510/1510
f 939/939/939 935/935/935 1512/1512/1512
f 939/939/939 1512/1512/1512 1513/1513/1513
f 2064/2064/2064 939/939/939 1513/1513/1513
f 2064/2064/2064 1513/1513/1513 2051/2051/2051
f 1995/1995/1995 1983/1983/1983 723/723/723
f 1995/1995/1995 723/723/723 916/916/916
f 941/941/941 870/870/870 867/867/867
f 941/941/941 867/867/867 943/943/943
f 971/971/971 961/961/961 1184/1184/1184
f 971/971/971 1184/1184/1184 1239/1239/1239
f 962/962/962 963/963/963 1216/1216/1216
f 962/962/962 1216/1216/1216 1217/1217/1217
f 733/733/733 735/735/735 921/921/921
f 733/733/733 921/921/921 920/920/920
f 736/736/736 739/739/739 905/905/905
f 736/736/736 905/905/905 922/922/922
f 930/930/930 924/924/924 1516/1516/1516
f 930/930/930 1516/1516/1516 1518/1518/1518
f 865/865/865 868/868/868 814/814/814
f 865/865/865 814/814/814 812/812/812
f 878/878/878 824/824/824 823/823/823
f 878/878/878 823/823/823 877/877/877
f 864/864/864 867/867/867 869/869/869
f 864/864/864 869/869/869 866/866/866
f 824/824/824 827/827/827 826/826/826
f 824/824/824 826/826/826 823/823/823
f 825/825/825 828/828/828 830/830/830
f 825/825/825 830/830/830 827/827/827
f 827/827/827 830/830/830 829/829/829
f 827/827/827 829/829/829 826/826/826
f 828/828/828 831/831/831 833/833/833
f 828/828/828 833/833/833 830/830/830
f 830/830/830 833/833/833 832/832/832
f 830/830/830 832/832/832 829/829/829
f 823/823/823 826/826/826 695/695/695
f 823/823/823 695/695/695 691/691/691
f 833/833/833 836/836/836 835/835/835
f 833/833/833 835/835/835 832/832/832
f 834/834/834 837/837/837 839/839/839
f 834/834/834 839/839/839 836/836/836
f 836/836/836 839/839/839 838/838/838
f 836/836/836 838/838/838 835/835/835
f 832/832/832 835/835/835 800/800/800
f 832/832/832 800/800/800 798/798/798
f 839/839/839 842/842/842 841/841/841
f 839/839/839 841/841/841 838/838/838
f 840/840/840 843/843/843 845/845/845
f 840/840/840 845/845/845 842/842/842
f 842/842/842 845/845/845 844/844/844
f 842/842/842 844/844/844 841/841/841
f 843/843/843 846/846/846 848/848/848
f 843/843/843 848/848/848 845/845/845
f 845/845/845 848/848/848 847/847/847
f 845/845/845 847/847/847 844/844/844
f 838/838/838 841/841/841 709/709/709
f 838/838/838 709/709/709 802/802/802
f 848/848/848 851/851/851 850/850/850
f 848/848/848 850/850/850 847/847/847
f 847/847/847 850/850/850 806/806/806
f 847/847/847 806/806/806 804/804/804
f 2049/2049/2049 1991/1991/1991 1992/1992/1992
f 2049/2049/2049 1992/1992/1992 2050/2050/2050
f 2050/2050/2050 1992/1992/1992 1985/1985/1985
f 2050/2050/2050 1985/1985/1985 2058/2058/2058
f 1990/1990/1990 852/852/852 854/854/854
f 1990/1990/1990 854/854/854 1991/1991/1991
f 1991/1991/1991 854/854/854 853/853/853
f 1991/1991/1991 853/853/853 1992/1992/1992
f 852/852/852 855/855/855 857/857/857
f 852/852/852 857/857/857 854/854/854
f 854/854/854 857/857/857 856/856/856
f 854/854/854 856/856/856 853/853/853
f 855/855/855 858/858/858 860/860/860
f 855/855/855 860/860/860 857/857/857
f 857/857/857 860/860/860 859/859/859
f 857/857/857 859/859/859 856/856/856
f 858/858/858 861/861/861 863/863/863
f 858/858/858 863/863/863 860/860/860
f 860/860/860 863/863/863 862/862/862
f 860/860/860 862/862/862 859/859/859
f 861/861/861 864/864/864 866/866/866
f 861/861/861 866/866/866 863/863/863
f 863/863/863 866/866/866 865/865/865
f 863/863/863 865/865/865 862/862/862
f 866/866/866 869/869/869 868/868/868
f 866/866/866 868/868/868 865/865/865
f 867/867/867 870/870/870 874/874/874
f 867/867/867 874/874/874 869/869/869
f 869/869/869 874/874/874 872/872/872
f 869/869/869 872/872/872 868/868/868
f 871/871/871 876/876/876 878/878/878
f 871/871/871 878/878/878 875/875/875
f 875/875/875 878/878/878 877/877/877
f 875/875/875 877/877/877 873/873/873
f 877/877/877 823/823/823 691/691/691
f 877/877/877 691/691/691 820/820/820
f 740/740/740 738/738/738 937/937/937
f 740/740/740 937/937/937 928/928/928
f 978/978/978 979/979/979 884/884/884
f 978/978/978 884/884/884 883/883/883
f 694/694/694 740/740/740 928/928/928
f 694/694/694 928/928/928 932/932/932
f 933/933/933 931/931/931 1510/1510/1510
f 933/933/933 1510/1510/1510 1511/1511/1511
f 936/936/936 930/930/930 1518/1518/1518
f 936/936/936 1518/1518/1518 1519/1519/1519
f 935/935/935 933/933/933 1511/1511/1511
f 935/935/935 1511/1511/1511 1512/1512/1512
f 879/879/879 992/992/992 975/975/975
f 879/879/879 975/975/975 880/880/880
f 938/938/938 934/934/934 1505/1505/1505
f 938/938/938 1505/1505/1505 1506/1506/1506
f 980/980/980 981/981/981 886/886/886
f 980/980/980 886/886/886 885/885/885
f 974/974/974 969/969/969 1212/1212/1212
f 974/974/974 1212/1212/1212 1259/1259/1259
f 940/940/940 938/938/938 1506/1506/1506
f 940/940/940 1506/1506/1506 1507/1507/1507
f 983/983/983 984/984/984 889/889/889
f 983/983/983 889/889/889 888/888/888
f 975/975/975 976/976/976 881/881/881
f 975/975/975 881/881/881 880/880/880
f 973/973/973 1605/1605/1605 1848/1848/1848
f 973/973/973 1848/1848/1848 1258/1258/1258
f 2066/2066/2066 1998/1998/1998 1994/1994/1994
f 2066/2066/2066 1994/1994/1994 2062/2062/2062
f 943/943/943 902/902/902 903/903/903
f 943/943/943 903/903/903 941/941/941
f 944/944/944 900/900/900 902/902/902
f 944/944/944 902/902/902 943/943/943
f 879/879/879 880/880/880 958/958/958
f 879/879/879 958/958/958 959/959/959
f 945/945/945 897/897/897 900/900/900
f 945/945/945 900/900/900 944/944/944
f 946/946/946 895/895/895 897/897/897
f 946/946/946 897/897/897 945/945/945
f 947/947/947 893/893/893 895/895/895
f 947/947/947 895/895/895 946/946/946
f 948/948/948 890/890/890 893/893/893
f 948/948/948 893/893/893 947/947/947
f 1997/1997/1997 1994/1994/1994 890/890/890
f 1997/1997/1997 890/890/890 948/948/948
f 2045/2045/2045 1983/1983/1983 1995/1995/1995
f 2045/2045/2045 1995/1995/1995 2063/2063/2063
f 717/717/717 719/719/719 915/915/915
f 717/717/717 915/915/915 914/914/914
f 952/952/952 886/886/886 887/887/887
f 952/952/952 887/887/887 951/951/951
f 953/953/953 885/885/885 886/886/886
f 953/953/953 886/886/886 952/952/952
f 707/707/707 711/711/711 912/912/912
f 707/707/707 912/912/912 911/911/911
f 955/955/955 883/883/883 884/884/884
f 955/955/955 884/884/884 954/954/954
f 703/703/703 705/705/705 910/910/910
f 703/703/703 910/910/910 909/909/909
f 957/957/957 881/881/881 882/882/882
f 957/957/957 882/882/882 956/956/956
f 958/958/958 880/880/880 881/881/881
f 958/958/958 881/881/881 957/957/957
f 693/693/693 697/697/697 907/907/907
f 693/693/693 907/907/907 906/906/906
f 905/905/905 739/739/739 693/693/693
f 905/905/905 693/693/693 906/906/906
f 963/963/963 970/970/970 1215/1215/1215
f 963/963/963 1215/1215/1215 1216/1216/1216
f 970/970/970 964/964/964 1213/1213/1213
f 970/970/970 1213/1213/1213 1215/1215/1215
f 967/967/967 962/962/962 1217/1217/1217
f 967/967/967 1217/1217/1217 1219/1219/1219
f 994/994/994 966/966/966 1218/1218/1218
f 994/994/994 1218/1218/1218 1311/1311/1311
f 1412/1412/1412 1414/1414/1414 1440/1440/1440
f 1412/1412/1412 1440/1440/1440 1438/1438/1438
f 991/991/991 922/922/922 905/905/905
f 991/991/991 905/905/905 992/992/992
f 989/989/989 920/920/920 921/921/921
f 989/989/989 921/921/921 990/990/990
f 968/968/968 972/972/972 1238/1238/1238
f 968/968/968 1238/1238/1238 1211/1211/1211
f 993/993/993 971/971/971 1239/1239/1239
f 993/993/993 1239/1239/1239 1312/1312/1312
f 1998/1998/1998 1995/1995/1995 916/916/916
f 1998/1998/1998 916/916/916 985/985/985
f 2055/2055/2055 2005/2005/2005 2002/2002/2002
f 2055/2055/2055 2002/2002/2002 2068/2068/2068
f 1374/1374/1374 1375/1375/1375 1385/1385/1385
f 1374/1374/1374 1385/1385/1385 1401/1401/1401
f 1416/1416/1416 1420/1420/1420 1430/1430/1430
f 1416/1416/1416 1430/1430/1430 1339/1339/1339
f 982/982/982 913/913/913 914/914/914
f 982/982/982 914/914/914 983/983/983
f 981/981/981 912/912/912 913/913/913
f 981/981/981 913/913/913 982/982/982
f 1369/1369/1369 1370/1370/1370 1389/1389/1389
f 1369/1369/1369 1389/1389/1389 1386/1386/1386
f 979/979/979 910/910/910 911/911/911
f 979/979/979 911/911/911 980/980/980
f 1325/1325/1325 1422/1422/1422 1405/1405/1405
f 1325/1325/1325 1405/1405/1405 1424/1424/1424
f 977/977/977 908/908/908 909/909/909
f 977/977/977 909/909/909 978/978/978
f 976/976/976 907/907/907 908/908/908
f 976/976/976 908/908/908 977/977/977
f 988/988/988 919/919/919 920/920/920
f 988/988/988 920/920/920 989/989/989
f 929/929/929 923/923/923 1508/1508/1508
f 929/929/929 1508/1508/1508 1509/1509/1509
f 932/932/932 928/928/928 1521/1521/1521
f 932/932/932 1521/1521/1521 1504/1504/1504
f 2062/2062/2062 1994/1994/1994 1997/1997/1997
f 2062/2062/2062 1997/1997/1997 2065/2065/2065
f 956/956/956 882/882/882 883/883/883
f 956/956/956 883/883/883 955/955/955
f 960/960/960 973/973/973 1258/1258/1258
f 960/960/960 1258/1258/1258 1183/1183/1183
f 950/950/950 888/888/888 889/889/889
f 950/950/950 889/889/889 949/949/949
f 702/702/702 938/938/938 940/940/940
f 702/702/702 940/940/940 704/704/704
f 942/942/942 904/904/904 879/879/879
f 942/942/942 879/879/879 959/959/959
f 951/951/951 887/887/887 888/888/888
f 951/951/951 888/888/888 950/950/950
f 1606/1606/1606 974/974/974 1259/1259/1259
f 1606/1606/1606 1259/1259/1259 1849/1849/1849
f 698/698/698 934/934/934 938/938/938
f 698/698/698 938/938/938 702/702/702
f 716/716/716 933/933/933 935/935/935
f 716/716/716 935/935/935 718/718/718
f 734/734/734 930/930/930 936/936/936
f 734/734/734 936/936/936 737/737/737
f 712/712/712 931/931/931 933/933/933
f 712/712/712 933/933/933 716/716/716
f 937/937/937 1520/1520/1520 1521/1521/1521
f 937/937/937 1521/1521/1521 928/928/928
f 954/954/954 884/884/884 885/885/885
f 954/954/954 885/885/885 953/953/953
f 2074/2074/2074 2070/2070/2070 2006/2006/2006
f 2074/2074/2074 2006/2006/2006 2012/2012/2012
f 958/958/958 822/822/822 876/876/876
f 958/958/958 876/876/876 959/959/959
f 959/959/959 876/876/876 871/871/871
f 959/959/959 871/871/871 942/942/942
f 943/943/943 867/867/867 864/864/864
f 943/943/943 864/864/864 944/944/944
f 944/944/944 864/864/864 861/861/861
f 944/944/944 861/861/861 945/945/945
f 945/945/945 861/861/861 858/858/858
f 945/945/945 858/858/858 946/946/946
f 946/946/946 858/858/858 855/855/855
f 946/946/946 855/855/855 947/947/947
f 947/947/947 855/855/855 852/852/852
f 947/947/947 852/852/852 948/948/948
f 2046/2046/2046 2064/2064/2064 1996/1996/1996
f 2046/2046/2046 1996/1996/1996 1984/1984/1984
f 2012/2012/2012 2006/2006/2006 1477/1477/1477
f 2012/2012/2012 1477/1477/1477 1591/1591/1591
f 1595/1595/1595 1465/1465/1465 1468/1468/1468
f 1595/1595/1595 1468/1468/1468 1594/1594/1594
f 949/949/949 849/849/849 846/846/846
f 949/949/949 846/846/846 950/950/950
f 950/950/950 846/846/846 843/843/843
f 950/950/950 843/843/843 951/951/951
f 1597/1597/1597 1459/1459/1459 1462/1462/1462
f 1597/1597/1597 1462/1462/1462 1596/1596/1596
f 952/952/952 840/840/840 837/837/837
f 952/952/952 837/837/837 953/953/953
f 1600/1600/1600 1450/1450/1450 1453/1453/1453
f 1600/1600/1600 1453/1453/1453 1599/1599/1599
f 954/954/954 834/834/834 831/831/831
f 954/954/954 831/831/831 955/955/955
f 955/955/955 831/831/831 828/828/828
f 955/955/955 828/828/828 956/956/956
f 1517/1517/1517 925/925/925 974/974/974
f 1517/1517/1517 974/974/974 1606/1606/1606
f 724/724/724 926/926/926 973/973/973
f 724/724/724 973/973/973 960/960/960
f 986/986/986 917/917/917 971/971/971
f 986/986/986 971/971/971 993/993/993
f 729/729/729 918/918/918 972/972/972
f 729/729/729 972/972/972 968/968/968
f 987/987/987 899/899/899 966/966/966
f 987/987/987 966/966/966 994/994/994
f 901/901/901 898/898/898 962/962/962
f 901/901/901 962/962/962 967/967/967
f 894/894/894 891/891/891 964/964/964
f 894/894/894 964/964/964 970/970/970
f 896/896/896 894/894/894 970/970/970
f 896/896/896 970/970/970 963/963/963
f 926/926/926 1514/1514/1514 1605/1605/1605
f 926/926/926 1605/1605/1605 973/973/973
f 925/925/925 732/732/732 969/969/969
f 925/925/925 969/969/969 974/974/974
f 898/898/898 896/896/896 963/963/963
f 898/898/898 963/963/963 962/962/962
f 917/917/917 726/726/726 961/961/961
f 917/917/917 961/961/961 971/971/971
f 918/918/918 987/987/987 994/994/994
f 918/918/918 994/994/994 972/972/972
f 892/892/892 986/986/986 993/993/993
f 892/892/892 993/993/993 965/965/965
f 988/988/988 989/989/989 902/902/902
f 988/988/988 902/902/902 900/900/900
f 976/976/976 977/977/977 882/882/882
f 976/976/976 882/882/882 881/881/881
f 977/977/977 978/978/978 883/883/883
f 977/977/977 883/883/883 882/882/882
f 975/975/975 906/906/906 907/907/907
f 975/975/975 907/907/907 976/976/976
f 979/979/979 980/980/980 885/885/885
f 979/979/979 885/885/885 884/884/884
f 978/978/978 909/909/909 910/910/910
f 978/978/978 910/910/910 979/979/979
f 981/981/981 982/982/982 887/887/887
f 981/981/981 887/887/887 886/886/886
f 982/982/982 983/983/983 888/888/888
f 982/982/982 888/888/888 887/887/887
f 980/980/980 911/911/911 912/912/912
f 980/980/980 912/912/912 981/981/981
f 983/983/983 914/914/914 915/915/915
f 983/983/983 915/915/915 984/984/984
f 2063/2063/2063 1995/1995/1995 1998/1998/1998
f 2063/2063/2063 1998/1998/1998 2066/2066/2066
f 1994/1994/1994 1998/1998/1998 985/985/985
f 1994/1994/1994 985/985/985 890/890/890
f 965/965/965 993/993/993 1312/1312/1312
f 965/965/965 1312/1312/1312 1214/1214/1214
f 989/989/989 990/990/990 903/903/903
f 989/989/989 903/903/903 902/902/902
f 991/991/991 992/992/992 879/879/879
f 991/991/991 879/879/879 904/904/904
f 905/905/905 906/906/906 975/975/975
f 905/905/905 975/975/975 992/992/992
f 972/972/972 994/994/994 1311/1311/1311
f 972/972/972 1311/1311/1311 1238/1238/1238
f 1235/1235/1235 1037/1037/1037 1033/1033/1033
f 1235/1235/1235 1033/1033/1033 1233/1233/1233
f 1251/1251/1251 1249/1249/1249 998/998/998
f 1251/1251/1251 998/998/998 1002/1002/1002
f 1051/1051/1051 1052/1052/1052 1076/1076/1076
f 1051/1051/1051 1076/1076/1076 1073/1073/1073
f 999/999/999 1003/1003/1003 1133/1133/1133
f 999/999/999 1133/1133/1133 1130/1130/1130
f 1003/1003/1003 1102/1102/1102 1136/1136/1136
f 1003/1003/1003 1136/1136/1136 1133/1133/1133
f 1102/1102/1102 1104/1104/1104 1139/1139/1139
f 1102/1102/1102 1139/1139/1139 1136/1136/1136
f 1831/1831/1831 1257/1257/1257 1240/1240/1240
f 1831/1831/1831 1240/1240/1240 1832/1832/1832
f 1013/1013/1013 1145/1145/1145 1142/1142/1142
f 1013/1013/1013 1142/1142/1142 1106/1106/1106
f 1246/1246/1246 1240/1240/1240 1010/1010/1010
f 1246/1246/1246 1010/1010/1010 1012/1012/1012
f 1017/1017/1017 1108/1108/1108 1151/1151/1151
f 1017/1017/1017 1151/1151/1151 1148/1148/1148
f 1108/1108/1108 1110/1110/1110 1154/1154/1154
f 1108/1108/1108 1154/1154/1154 1151/1151/1151
f 1110/1110/1110 2016/2016/2016 2023/2023/2023
f 1110/1110/1110 2023/2023/2023 1154/1154/1154
f 1250/1250/1250 1248/1248/1248 1016/1016/1016
f 1250/1250/1250 1016/1016/1016 1020/1020/1020
f 2023/2023/2023 2016/2016/2016 1025/1025/1025
f 2023/2023/2023 1025/1025/1025 1157/1157/1157
f 1157/1157/1157 1025/1025/1025 1112/1112/1112
f 1157/1157/1157 1112/1112/1112 1160/1160/1160
f 1160/1160/1160 1112/1112/1112 1031/1031/1031
f 1160/1160/1160 1031/1031/1031 1163/1163/1163
f 1163/1163/1163 1031/1031/1031 1114/1114/1114
f 1163/1163/1163 1114/1114/1114 1166/1166/1166
f 1166/1166/1166 1114/1114/1114 1116/1116/1116
f 1166/1166/1166 1116/1116/1116 1169/1169/1169
f 1118/1118/1118 1120/1120/1120 1176/1176/1176
f 1118/1118/1118 1176/1176/1176 1172/1172/1172
f 1121/1121/1121 1124/1124/1124 1181/1181/1181
f 1121/1121/1121 1181/1181/1181 1177/1177/1177
f 1247/1247/1247 1242/1242/1242 1036/1036/1036
f 1247/1247/1247 1036/1036/1036 1038/1038/1038
f 1084/1084/1084 1065/1065/1065 1068/1068/1068
f 1084/1084/1084 1068/1068/1068 1087/1087/1087
f 2019/2019/2019 2018/2018/2018 1055/1055/1055
f 2019/2019/2019 1055/1055/1055 1066/1066/1066
f 1045/1045/1045 1046/1046/1046 1079/1079/1079
f 1045/1045/1045 1079/1079/1079 1075/1075/1075
f 1066/1066/1066 1055/1055/1055 1056/1056/1056
f 1066/1066/1066 1056/1056/1056 1067/1067/1067
f 1067/1067/1067 1056/1056/1056 1057/1057/1057
f 1067/1067/1067 1057/1057/1057 1069/1069/1069
f 1050/1050/1050 1051/1051/1051 1073/1073/1073
f 1050/1050/1050 1073/1073/1073 1071/1071/1071
f 1069/1069/1069 1057/1057/1057 1058/1058/1058
f 1069/1069/1069 1058/1058/1058 1070/1070/1070
f 1070/1070/1070 1058/1058/1058 1059/1059/1059
f 1070/1070/1070 1059/1059/1059 1072/1072/1072
f 1087/1087/1087 1068/1068/1068 1071/1071/1071
f 1087/1087/1087 1071/1071/1071 1090/1090/1090
f 1125/1125/1125 1100/1100/1100 1094/1094/1094
f 1125/1125/1125 1094/1094/1094 996/996/996
f 1052/1052/1052 1053/1053/1053 1080/1080/1080
f 1052/1052/1052 1080/1080/1080 1076/1076/1076
f 1093/1093/1093 1074/1074/1074 1078/1078/1078
f 1093/1093/1093 1078/1078/1078 1097/1097/1097
f 1061/1061/1061 1063/1063/1063 1081/1081/1081
f 1061/1061/1061 1081/1081/1081 1077/1077/1077
f 1046/1046/1046 1047/1047/1047 1082/1082/1082
f 1046/1046/1046 1082/1082/1082 1079/1079/1079
f 1053/1053/1053 1054/1054/1054 1064/1064/1064
f 1053/1053/1053 1064/1064/1064 1080/1080/1080
f 1091/1091/1091 1072/1072/1072 1074/1074/1074
f 1091/1091/1091 1074/1074/1074 1093/1093/1093
f 1082/1082/1082 1047/1047/1047 1048/1048/1048
f 1082/1082/1082 1048/1048/1048 1065/1065/1065
f 2019/2019/2019 2020/2020/2020 1083/1083/1083
f 2019/2019/2019 1083/1083/1083 1064/1064/1064
f 1084/1084/1084 1087/1087/1087 1105/1105/1105
f 1084/1084/1084 1105/1105/1105 1103/1103/1103
f 1092/1092/1092 1095/1095/1095 1018/1018/1018
f 1092/1092/1092 1018/1018/1018 1014/1014/1014
f 1180/1180/1180 1182/1182/1182 1128/1128/1128
f 1180/1180/1180 1128/1128/1128 1126/1126/1126
f 1082/1082/1082 1065/1065/1065 1084/1084/1084
f 1082/1082/1082 1084/1084/1084 1101/1101/1101
f 1081/1081/1081 1075/1075/1075 1094/1094/1094
f 1081/1081/1081 1094/1094/1094 1100/1100/1100
f 1099/1099/1099 1080/1080/1080 1064/1064/1064
f 1099/1099/1099 1064/1064/1064 1083/1083/1083
f 1098/1098/1098 1079/1079/1079 1082/1082/1082
f 1098/1098/1098 1082/1082/1082 1101/1101/1101
f 1096/1096/1096 1077/1077/1077 1081/1081/1081
f 1096/1096/1096 1081/1081/1081 1100/1100/1100
f 1095/1095/1095 1076/1076/1076 1080/1080/1080
f 1095/1095/1095 1080/1080/1080 1099/1099/1099
f 1081/1081/1081 1063/1063/1063 1045/1045/1045
f 1081/1081/1081 1045/1045/1045 1075/1075/1075
f 1087/1087/1087 1090/1090/1090 1107/1107/1107
f 1087/1087/1087 1107/1107/1107 1105/1105/1105
f 1089/1089/1089 1070/1070/1070 1072/1072/1072
f 1089/1089/1089 1072/1072/1072 1091/1091/1091
f 1090/1090/1090 1071/1071/1071 1073/1073/1073
f 1090/1090/1090 1073/1073/1073 1092/1092/1092
f 1088/1088/1088 1069/1069/1069 1070/1070/1070
f 1088/1088/1088 1070/1070/1070 1089/1089/1089
f 1086/1086/1086 1067/1067/1067 1069/1069/1069
f 1086/1086/1086 1069/1069/1069 1088/1088/1088
f 1094/1094/1094 1075/1075/1075 1079/1079/1079
f 1094/1094/1094 1079/1079/1079 1098/1098/1098
f 1085/1085/1085 1066/1066/1066 1067/1067/1067
f 1085/1085/1085 1067/1067/1067 1086/1086/1086
f 2020/2020/2020 2019/2019/2019 1066/1066/1066
f 2020/2020/2020 1066/1066/1066 1085/1085/1085
f 1092/1092/1092 1073/1073/1073 1076/1076/1076
f 1092/1092/1092 1076/1076/1076 1095/1095/1095
f 1054/1054/1054 2018/2018/2018 2019/2019/2019
f 1054/1054/1054 2019/2019/2019 1064/1064/1064
f 1048/1048/1048 1049/1049/1049 1068/1068/1068
f 1048/1048/1048 1068/1068/1068 1065/1065/1065
f 2017/2017/2017 2020/2020/2020 1085/1085/1085
f 2017/2017/2017 1085/1085/1085 1026/1026/1026
f 1094/1094/1094 1098/1098/1098 1000/1000/1000
f 1094/1094/1094 1000/1000/1000 996/996/996
f 1026/1026/1026 1085/1085/1085 1086/1086/1086
f 1026/1026/1026 1086/1086/1086 1113/1113/1113
f 1113/1113/1113 1086/1086/1086 1088/1088/1088
f 1113/1113/1113 1088/1088/1088 1032/1032/1032
f 1140/1140/1140 1143/1143/1143 1141/1141/1141
f 1140/1140/1140 1141/1141/1141 1138/1138/1138
f 1032/1032/1032 1088/1088/1088 1089/1089/1089
f 1032/1032/1032 1089/1089/1089 1115/1115/1115
f 1115/1115/1115 1089/1089/1089 1091/1091/1091
f 1115/1115/1115 1091/1091/1091 1117/1117/1117
f 1049/1049/1049 1050/1050/1050 1071/1071/1071
f 1049/1049/1049 1071/1071/1071 1068/1068/1068
f 1096/1096/1096 1100/1100/1100 1125/1125/1125
f 1096/1096/1096 1125/1125/1125 1122/1122/1122
f 1099/1099/1099 1083/1083/1083 1111/1111/1111
f 1099/1099/1099 1111/1111/1111 1109/1109/1109
f 1060/1060/1060 1062/1062/1062 1078/1078/1078
f 1060/1060/1060 1078/1078/1078 1074/1074/1074
f 1059/1059/1059 1060/1060/1060 1074/1074/1074
f 1059/1059/1059 1074/1074/1074 1072/1072/1072
f 1098/1098/1098 1101/1101/1101 1004/1004/1004
f 1098/1098/1098 1004/1004/1004 1000/1000/1000
f 1083/1083/1083 2020/2020/2020 2017/2017/2017
f 1083/1083/1083 2017/2017/2017 1111/1111/1111
f 1093/1093/1093 1097/1097/1097 1123/1123/1123
f 1093/1093/1093 1123/1123/1123 1119/1119/1119
f 1128/1128/1128 1131/1131/1131 1129/1129/1129
f 1128/1128/1128 1129/1129/1129 1126/1126/1126
f 1146/1146/1146 1149/1149/1149 1147/1147/1147
f 1146/1146/1146 1147/1147/1147 1144/1144/1144
f 1223/1223/1223 1005/1005/1005 1001/1001/1001
f 1223/1223/1223 1001/1001/1001 1222/1222/1222
f 1224/1224/1224 1007/1007/1007 1005/1005/1005
f 1224/1224/1224 1005/1005/1005 1223/1223/1223
f 1225/1225/1225 1009/1009/1009 1007/1007/1007
f 1225/1225/1225 1007/1007/1007 1224/1224/1224
f 1010/1010/1010 1240/1240/1240 1257/1257/1257
f 1010/1010/1010 1257/1257/1257 1008/1008/1008
f 1227/1227/1227 1015/1015/1015 1011/1011/1011
f 1227/1227/1227 1011/1011/1011 1226/1226/1226
f 1246/1246/1246 1833/1833/1833 1832/1832/1832
f 1246/1246/1246 1832/1832/1832 1240/1240/1240
f 1229/1229/1229 1021/1021/1021 1019/1019/1019
f 1229/1229/1229 1019/1019/1019 1228/1228/1228
f 1230/1230/1230 1023/1023/1023 1021/1021/1021
f 1230/1230/1230 1021/1021/1021 1229/1229/1229
f 1230/1230/1230 2026/2026/2026 2014/2014/2014
f 1230/1230/1230 2014/2014/2014 1023/1023/1023
f 1250/1250/1250 1835/1835/1835 1834/1834/1834
f 1250/1250/1250 1834/1834/1834 1248/1248/1248
f 2026/2026/2026 1231/1231/1231 1028/1028/1028
f 2026/2026/2026 1028/1028/1028 2014/2014/2014
f 1262/1262/1262 1171/1171/1171 1174/1174/1174
f 1262/1262/1262 1174/1174/1174 1260/1260/1260
f 1290/1290/1290 1239/1239/1239 1184/1184/1184
f 1290/1290/1290 1184/1184/1184 1280/1280/1280
f 1281/1281/1281 1217/1217/1217 1216/1216/1216
f 1281/1281/1281 1216/1216/1216 1282/1282/1282
f 1236/1236/1236 1039/1039/1039 1037/1037/1037
f 1236/1236/1236 1037/1037/1037 1235/1235/1235
f 1220/1220/1220 1043/1043/1043 1040/1040/1040
f 1220/1220/1220 1040/1040/1040 1237/1237/1237
f 1247/1247/1247 1842/1842/1842 1841/1841/1841
f 1247/1247/1247 1841/1841/1841 1242/1242/1242
f 1116/1116/1116 1118/1118/1118 1172/1172/1172
f 1116/1116/1116 1172/1172/1172 1169/1169/1169
f 1182/1182/1182 1181/1181/1181 1127/1127/1127
f 1182/1182/1182 1127/1127/1127 1128/1128/1128
f 1170/1170/1170 1173/1173/1173 1171/1171/1171
f 1170/1170/1170 1171/1171/1171 1168/1168/1168
f 1127/1127/1127 1130/1130/1130 1131/1131/1131
f 1127/1127/1127 1131/1131/1131 1128/1128/1128
f 1131/1131/1131 1134/1134/1134 1132/1132/1132
f 1131/1131/1131 1132/1132/1132 1129/1129/1129
f 1130/1130/1130 1133/1133/1133 1134/1134/1134
f 1130/1130/1130 1134/1134/1134 1131/1131/1131
f 1134/1134/1134 1137/1137/1137 1135/1135/1135
f 1134/1134/1134 1135/1135/1135 1132/1132/1132
f 1133/1133/1133 1136/1136/1136 1137/1137/1137
f 1133/1133/1133 1137/1137/1137 1134/1134/1134
f 1137/1137/1137 1140/1140/1140 1138/1138/1138
f 1137/1137/1137 1138/1138/1138 1135/1135/1135
f 1136/1136/1136 1139/1139/1139 1140/1140/1140
f 1136/1136/1136 1140/1140/1140 1137/1137/1137
f 995/995/995 999/999/999 1130/1130/1130
f 995/995/995 1130/1130/1130 1127/1127/1127
f 1139/1139/1139 1142/1142/1142 1143/1143/1143
f 1139/1139/1139 1143/1143/1143 1140/1140/1140
f 1143/1143/1143 1146/1146/1146 1144/1144/1144
f 1143/1143/1143 1144/1144/1144 1141/1141/1141
f 1142/1142/1142 1145/1145/1145 1146/1146/1146
f 1142/1142/1142 1146/1146/1146 1143/1143/1143
f 1106/1106/1106 1142/1142/1142 1139/1139/1139
f 1106/1106/1106 1139/1139/1139 1104/1104/1104
f 1145/1145/1145 1148/1148/1148 1149/1149/1149
f 1145/1145/1145 1149/1149/1149 1146/1146/1146
f 1149/1149/1149 1152/1152/1152 1150/1150/1150
f 1149/1149/1149 1150/1150/1150 1147/1147/1147
f 1148/1148/1148 1151/1151/1151 1152/1152/1152
f 1148/1148/1148 1152/1152/1152 1149/1149/1149
f 1152/1152/1152 1155/1155/1155 1153/1153/1153
f 1152/1152/1152 1153/1153/1153 1150/1150/1150
f 1151/1151/1151 1154/1154/1154 1155/1155/1155
f 1151/1151/1151 1155/1155/1155 1152/1152/1152
f 1155/1155/1155 2022/2022/2022 2021/2021/2021
f 1155/1155/1155 2021/2021/2021 1153/1153/1153
f 1154/1154/1154 2023/2023/2023 2022/2022/2022
f 1154/1154/1154 2022/2022/2022 1155/1155/1155
f 1013/1013/1013 1017/1017/1017 1148/1148/1148
f 1013/1013/1013 1148/1148/1148 1145/1145/1145
f 2021/2021/2021 2022/2022/2022 1158/1158/1158
f 2021/2021/2021 1158/1158/1158 1156/1156/1156
f 2022/2022/2022 2023/2023/2023 1157/1157/1157
f 2022/2022/2022 1157/1157/1157 1158/1158/1158
f 1156/1156/1156 1158/1158/1158 1161/1161/1161
f 1156/1156/1156 1161/1161/1161 1159/1159/1159
f 1158/1158/1158 1157/1157/1157 1160/1160/1160
f 1158/1158/1158 1160/1160/1160 1161/1161/1161
f 1159/1159/1159 1161/1161/1161 1164/1164/1164
f 1159/1159/1159 1164/1164/1164 1162/1162/1162
f 1161/1161/1161 1160/1160/1160 1163/1163/1163
f 1161/1161/1161 1163/1163/1163 1164/1164/1164
f 1162/1162/1162 1164/1164/1164 1167/1167/1167
f 1162/1162/1162 1167/1167/1167 1165/1165/1165
f 1164/1164/1164 1163/1163/1163 1166/1166/1166
f 1164/1164/1164 1166/1166/1166 1167/1167/1167
f 1165/1165/1165 1167/1167/1167 1170/1170/1170
f 1165/1165/1165 1170/1170/1170 1168/1168/1168
f 1167/1167/1167 1166/1166/1166 1169/1169/1169
f 1167/1167/1167 1169/1169/1169 1170/1170/1170
f 1169/1169/1169 1172/1172/1172 1173/1173/1173
f 1169/1169/1169 1173/1173/1173 1170/1170/1170
f 1173/1173/1173 1178/1178/1178 1174/1174/1174
f 1173/1173/1173 1174/1174/1174 1171/1171/1171
f 1172/1172/1172 1176/1176/1176 1178/1178/1178
f 1172/1172/1172 1178/1178/1178 1173/1173/1173
f 1179/1179/1179 1182/1182/1182 1180/1180/1180
f 1179/1179/1179 1180/1180/1180 1175/1175/1175
f 1177/1177/1177 1181/1181/1181 1182/1182/1182
f 1177/1177/1177 1182/1182/1182 1179/1179/1179
f 1181/1181/1181 1124/1124/1124 995/995/995
f 1181/1181/1181 995/995/995 1127/1127/1127
f 1044/1044/1044 1245/1245/1245 1253/1253/1253
f 1044/1044/1044 1253/1253/1253 1041/1041/1041
f 1248/1248/1248 1834/1834/1834 1833/1833/1833
f 1248/1248/1248 1833/1833/1833 1246/1246/1246
f 1249/1249/1249 1245/1245/1245 1044/1044/1044
f 1249/1249/1249 1044/1044/1044 998/998/998
f 1191/1191/1191 1299/1299/1299 1298/1298/1298
f 1191/1191/1191 1298/1298/1298 1190/1190/1190
f 1254/1254/1254 1844/1844/1844 1842/1842/1842
f 1254/1254/1254 1842/1842/1842 1247/1247/1247
f 1252/1252/1252 1836/1836/1836 1835/1835/1835
f 1252/1252/1252 1835/1835/1835 1250/1250/1250
f 1185/1185/1185 1186/1186/1186 1294/1294/1294
f 1185/1185/1185 1294/1294/1294 1313/1313/1313
f 1255/1255/1255 1830/1830/1830 1829/1829/1829
f 1255/1255/1255 1829/1829/1829 1251/1251/1251
f 1256/1256/1256 1837/1837/1837 1836/1836/1836
f 1256/1256/1256 1836/1836/1836 1252/1252/1252
f 1293/1293/1293 1259/1259/1259 1212/1212/1212
f 1293/1293/1293 1212/1212/1212 1288/1288/1288
f 1257/1257/1257 1831/1831/1831 1830/1830/1830
f 1257/1257/1257 1830/1830/1830 1255/1255/1255
f 2027/2027/2027 2024/2024/2024 1837/1837/1837
f 2027/2027/2027 1837/1837/1837 1256/1256/1256
f 1187/1187/1187 1295/1295/1295 1294/1294/1294
f 1187/1187/1187 1294/1294/1294 1186/1186/1186
f 1292/1292/1292 1258/1258/1258 1848/1848/1848
f 1292/1292/1292 1848/1848/1848 1946/1946/1946
f 1193/1193/1193 1301/1301/1301 1300/1300/1300
f 1193/1193/1193 1300/1300/1300 1192/1192/1192
f 1262/1262/1262 1260/1260/1260 1209/1209/1209
f 1262/1262/1262 1209/1209/1209 1208/1208/1208
f 1263/1263/1263 1262/1262/1262 1208/1208/1208
f 1263/1263/1263 1208/1208/1208 1205/1205/1205
f 1278/1278/1278 1277/1277/1277 1186/1186/1186
f 1278/1278/1278 1186/1186/1186 1185/1185/1185
f 1264/1264/1264 1263/1263/1263 1205/1205/1205
f 1264/1264/1264 1205/1205/1205 1203/1203/1203
f 1265/1265/1265 1264/1264/1264 1203/1203/1203
f 1265/1265/1265 1203/1203/1203 1201/1201/1201
f 1266/1266/1266 1265/1265/1265 1201/1201/1201
f 1266/1266/1266 1201/1201/1201 1199/1199/1199
f 1267/1267/1267 1266/1266/1266 1199/1199/1199
f 1267/1267/1267 1199/1199/1199 1196/1196/1196
f 2028/2028/2028 1267/1267/1267 1196/1196/1196
f 2028/2028/2028 1196/1196/1196 2025/2025/2025
f 1269/1269/1269 1268/1268/1268 1195/1195/1195
f 1269/1269/1269 1195/1195/1195 1194/1194/1194
f 1270/1270/1270 1269/1269/1269 1194/1194/1194
f 1270/1270/1270 1194/1194/1194 1193/1193/1193
f 1271/1271/1271 1270/1270/1270 1193/1193/1193
f 1271/1271/1271 1193/1193/1193 1192/1192/1192
f 1228/1228/1228 1019/1019/1019 1015/1015/1015
f 1228/1228/1228 1015/1015/1015 1227/1227/1227
f 1273/1273/1273 1272/1272/1272 1191/1191/1191
f 1273/1273/1273 1191/1191/1191 1190/1190/1190
f 1226/1226/1226 1011/1011/1011 1009/1009/1009
f 1226/1226/1226 1009/1009/1009 1225/1225/1225
f 1275/1275/1275 1274/1274/1274 1189/1189/1189
f 1275/1275/1275 1189/1189/1189 1188/1188/1188
f 1276/1276/1276 1275/1275/1275 1188/1188/1188
f 1276/1276/1276 1188/1188/1188 1187/1187/1187
f 1277/1277/1277 1276/1276/1276 1187/1187/1187
f 1277/1277/1277 1187/1187/1187 1186/1186/1186
f 1222/1222/1222 1001/1001/1001 997/997/997
f 1222/1222/1222 997/997/997 1221/1221/1221
f 1220/1220/1220 1221/1221/1221 997/997/997
f 1220/1220/1220 997/997/997 1043/1043/1043
f 1282/1282/1282 1216/1216/1216 1215/1215/1215
f 1282/1282/1282 1215/1215/1215 1289/1289/1289
f 1289/1289/1289 1215/1215/1215 1213/1213/1213
f 1289/1289/1289 1213/1213/1213 1283/1283/1283
f 1286/1286/1286 1219/1219/1219 1217/1217/1217
f 1286/1286/1286 1217/1217/1217 1281/1281/1281
f 1315/1315/1315 1311/1311/1311 1218/1218/1218
f 1315/1315/1315 1218/1218/1218 1285/1285/1285
f 1762/1762/1762 1764/1764/1764 1738/1738/1738
f 1762/1762/1762 1738/1738/1738 1736/1736/1736
f 1310/1310/1310 1313/1313/1313 1220/1220/1220
f 1310/1310/1310 1220/1220/1220 1237/1237/1237
f 1308/1308/1308 1309/1309/1309 1236/1236/1236
f 1308/1308/1308 1236/1236/1236 1235/1235/1235
f 1287/1287/1287 1211/1211/1211 1238/1238/1238
f 1287/1287/1287 1238/1238/1238 1291/1291/1291
f 1314/1314/1314 1312/1312/1312 1239/1239/1239
f 1314/1314/1314 1239/1239/1239 1290/1290/1290
f 2029/2029/2029 1304/1304/1304 1231/1231/1231
f 2029/2029/2029 1231/1231/1231 2026/2026/2026
f 1663/1663/1663 1754/1754/1754 1744/1744/1744
f 1663/1663/1663 1744/1744/1744 1740/1740/1740
f 1303/1303/1303 2029/2029/2029 2026/2026/2026
f 1303/1303/1303 2026/2026/2026 1230/1230/1230
f 1302/1302/1302 1303/1303/1303 1230/1230/1230
f 1302/1302/1302 1230/1230/1230 1229/1229/1229
f 1301/1301/1301 1302/1302/1302 1229/1229/1229
f 1301/1301/1301 1229/1229/1229 1228/1228/1228
f 1659/1659/1659 1737/1737/1737 1735/1735/1735
f 1659/1659/1659 1735/1735/1735 1752/1752/1752
f 1299/1299/1299 1300/1300/1300 1227/1227/1227
f 1299/1299/1299 1227/1227/1227 1226/1226/1226
f 1649/1649/1649 1748/1748/1748 1729/1729/1729
f 1649/1649/1649 1729/1729/1729 1746/1746/1746
f 1297/1297/1297 1298/1298/1298 1225/1225/1225
f 1297/1297/1297 1225/1225/1225 1224/1224/1224
f 1296/1296/1296 1297/1297/1297 1224/1224/1224
f 1296/1296/1296 1224/1224/1224 1223/1223/1223
f 1295/1295/1295 1296/1296/1296 1223/1223/1223
f 1295/1295/1295 1223/1223/1223 1222/1222/1222
f 1306/1306/1306 1308/1308/1308 1235/1235/1235
f 1306/1306/1306 1235/1235/1235 1233/1233/1233
f 1251/1251/1251 1829/1829/1829 1828/1828/1828
f 1251/1251/1251 1828/1828/1828 1249/1249/1249
f 1249/1249/1249 1828/1828/1828 1845/1845/1845
f 1249/1249/1249 1845/1845/1845 1245/1245/1245
f 1268/1268/1268 2028/2028/2028 2025/2025/2025
f 1268/1268/1268 2025/2025/2025 1195/1195/1195
f 1274/1274/1274 1273/1273/1273 1190/1190/1190
f 1274/1274/1274 1190/1190/1190 1189/1189/1189
f 1279/1279/1279 1183/1183/1183 1258/1258/1258
f 1279/1279/1279 1258/1258/1258 1292/1292/1292
f 1256/1256/1256 1024/1024/1024 2015/2015/2015
f 1256/1256/1256 2015/2015/2015 2027/2027/2027
f 1257/1257/1257 1255/1255/1255 1006/1006/1006
f 1257/1257/1257 1006/1006/1006 1008/1008/1008
f 1261/1261/1261 1278/1278/1278 1185/1185/1185
f 1261/1261/1261 1185/1185/1185 1210/1210/1210
f 1256/1256/1256 1252/1252/1252 1022/1022/1022
f 1256/1256/1256 1022/1022/1022 1024/1024/1024
f 1947/1947/1947 1849/1849/1849 1259/1259/1259
f 1947/1947/1947 1259/1259/1259 1293/1293/1293
f 1255/1255/1255 1251/1251/1251 1002/1002/1002
f 1255/1255/1255 1002/1002/1002 1006/1006/1006
f 1252/1252/1252 1250/1250/1250 1020/1020/1020
f 1252/1252/1252 1020/1020/1020 1022/1022/1022
f 1254/1254/1254 1247/1247/1247 1038/1038/1038
f 1254/1254/1254 1038/1038/1038 1042/1042/1042
f 1272/1272/1272 1271/1271/1271 1192/1192/1192
f 1272/1272/1272 1192/1192/1192 1191/1191/1191
f 1843/1843/1843 1253/1253/1253 1245/1245/1245
f 1843/1843/1843 1245/1245/1245 1845/1845/1845
f 1248/1248/1248 1246/1246/1246 1012/1012/1012
f 1248/1248/1248 1012/1012/1012 1016/1016/1016
f 1592/1592/1592 1474/1474/1474 2070/2070/2070
f 1592/1592/1592 2070/2070/2070 2074/2074/2074
f 1278/1278/1278 1180/1180/1180 1126/1126/1126
f 1278/1278/1278 1126/1126/1126 1277/1277/1277
f 1261/1261/1261 1175/1175/1175 1180/1180/1180
f 1261/1261/1261 1180/1180/1180 1278/1278/1278
f 1263/1263/1263 1168/1168/1168 1171/1171/1171
f 1263/1263/1263 1171/1171/1171 1262/1262/1262
f 1264/1264/1264 1165/1165/1165 1168/1168/1168
f 1264/1264/1264 1168/1168/1168 1263/1263/1263
f 1265/1265/1265 1162/1162/1162 1165/1165/1165
f 1265/1265/1265 1165/1165/1165 1264/1264/1264
f 1266/1266/1266 1159/1159/1159 1162/1162/1162
f 1266/1266/1266 1162/1162/1162 1265/1265/1265
f 1267/1267/1267 1156/1156/1156 1159/1159/1159
f 1267/1267/1267 1159/1159/1159 1266/1266/1266
f 1934/1934/1934 1795/1795/1795 1792/1792/1792
f 1934/1934/1934 1792/1792/1792 1935/1935/1935
f 2028/2028/2028 2021/2021/2021 1156/1156/1156
f 2028/2028/2028 1156/1156/1156 1267/1267/1267
f 1268/1268/1268 1153/1153/1153 2021/2021/2021
f 1268/1268/1268 2021/2021/2021 2028/2028/2028
f 1269/1269/1269 1150/1150/1150 1153/1153/1153
f 1269/1269/1269 1153/1153/1153 1268/1268/1268
f 1936/1936/1936 1789/1789/1789 1786/1786/1786
f 1936/1936/1936 1786/1786/1786 1937/1937/1937
f 1271/1271/1271 1144/1144/1144 1147/1147/1147
f 1271/1271/1271 1147/1147/1147 1270/1270/1270
f 1940/1940/1940 1777/1777/1777 1774/1774/1774
f 1940/1940/1940 1774/1774/1774 1941/1941/1941
f 1273/1273/1273 1138/1138/1138 1141/1141/1141
f 1273/1273/1273 1141/1141/1141 1272/1272/1272
f 1274/1274/1274 1135/1135/1135 1138/1138/1138
f 1274/1274/1274 1138/1138/1138 1273/1273/1273
f 1275/1275/1275 1132/1132/1132 1135/1135/1135
f 1275/1275/1275 1135/1135/1135 1274/1274/1274
f 1840/1840/1840 1947/1947/1947 1293/1293/1293
f 1840/1840/1840 1293/1293/1293 1241/1241/1241
f 1027/1027/1027 1279/1279/1279 1292/1292/1292
f 1027/1027/1027 1292/1292/1292 1243/1243/1243
f 1305/1305/1305 1314/1314/1314 1290/1290/1290
f 1305/1305/1305 1290/1290/1290 1232/1232/1232
f 1034/1034/1034 1287/1287/1287 1291/1291/1291
f 1034/1034/1034 1291/1291/1291 1234/1234/1234
f 1307/1307/1307 1315/1315/1315 1285/1285/1285
f 1307/1307/1307 1285/1285/1285 1206/1206/1206
f 1207/1207/1207 1286/1286/1286 1281/1281/1281
f 1207/1207/1207 1281/1281/1281 1204/1204/1204
f 1200/1200/1200 1289/1289/1289 1283/1283/1283
f 1200/1200/1200 1283/1283/1283 1197/1197/1197
f 1202/1202/1202 1282/1282/1282 1289/1289/1289
f 1202/1202/1202 1289/1289/1289 1200/1200/1200
f 1243/1243/1243 1292/1292/1292 1946/1946/1946
f 1243/1243/1243 1946/1946/1946 1838/1838/1838
f 1241/1241/1241 1293/1293/1293 1288/1288/1288
f 1241/1241/1241 1288/1288/1288 1035/1035/1035
f 1204/1204/1204 1281/1281/1281 1282/1282/1282
f 1204/1204/1204 1282/1282/1282 1202/1202/1202
f 1232/1232/1232 1290/1290/1290 1280/1280/1280
f 1232/1232/1232 1280/1280/1280 1030/1030/1030
f 1234/1234/1234 1291/1291/1291 1315/1315/1315
f 1234/1234/1234 1315/1315/1315 1307/1307/1307
f 1198/1198/1198 1284/1284/1284 1314/1314/1314
f 1198/1198/1198 1314/1314/1314 1305/1305/1305
f 1208/1208/1208 1308/1308/1308 1306/1306/1306
f 1208/1208/1208 1306/1306/1306 1205/1205/1205
f 1188/1188/1188 1296/1296/1296 1295/1295/1295
f 1188/1188/1188 1295/1295/1295 1187/1187/1187
f 1189/1189/1189 1297/1297/1297 1296/1296/1296
f 1189/1189/1189 1296/1296/1296 1188/1188/1188
f 1190/1190/1190 1298/1298/1298 1297/1297/1297
f 1190/1190/1190 1297/1297/1297 1189/1189/1189
f 1294/1294/1294 1295/1295/1295 1222/1222/1222
f 1294/1294/1294 1222/1222/1222 1221/1221/1221
f 1192/1192/1192 1300/1300/1300 1299/1299/1299
f 1192/1192/1192 1299/1299/1299 1191/1191/1191
f 1298/1298/1298 1299/1299/1299 1226/1226/1226
f 1298/1298/1298 1226/1226/1226 1225/1225/1225
f 1194/1194/1194 1302/1302/1302 1301/1301/1301
f 1194/1194/1194 1301/1301/1301 1193/1193/1193
f 1195/1195/1195 1303/1303/1303 1302/1302/1302
f 1195/1195/1195 1302/1302/1302 1194/1194/1194
f 1195/1195/1195 2025/2025/2025 2029/2029/2029
f 1195/1195/1195 2029/2029/2029 1303/1303/1303
f 1300/1300/1300 1301/1301/1301 1228/1228/1228
f 1300/1300/1300 1228/1228/1228 1227/1227/1227
f 2025/2025/2025 1196/1196/1196 1304/1304/1304
f 2025/2025/2025 1304/1304/1304 2029/2029/2029
f 1284/1284/1284 1214/1214/1214 1312/1312/1312
f 1284/1284/1284 1312/1312/1312 1314/1314/1314
f 1209/1209/1209 1309/1309/1309 1308/1308/1308
f 1209/1209/1209 1308/1308/1308 1208/1208/1208
f 1185/1185/1185 1313/1313/1313 1310/1310/1310
f 1185/1185/1185 1310/1310/1310 1210/1210/1210
f 1294/1294/1294 1221/1221/1221 1220/1220/1220
f 1294/1294/1294 1220/1220/1220 1313/1313/1313
f 1291/1291/1291 1238/1238/1238 1311/1311/1311
f 1291/1291/1291 1311/1311/1311 1315/1315/1315
f 1563/1563/1563 1359/1359/1359 1356/1356/1356
f 1563/1563/1563 1356/1356/1356 1561/1561/1561
f 1572/1572/1572 1566/1566/1566 1331/1331/1331
f 1572/1572/1572 1331/1331/1331 1333/1333/1333
f 2054/2054/2054 2055/2055/2055 1404/1404/1404
f 2054/2054/2054 1404/1404/1404 1385/1385/1385
f 1320/1320/1320 1324/1324/1324 1454/1454/1454
f 1320/1320/1320 1454/1454/1454 1451/1451/1451
f 1324/1324/1324 1423/1423/1423 1457/1457/1457
f 1324/1324/1324 1457/1457/1457 1454/1454/1454
f 1577/1577/1577 1575/1575/1575 1319/1319/1319
f 1577/1577/1577 1319/1319/1319 1323/1323/1323
f 1427/1427/1427 1463/1463/1463 1460/1460/1460
f 1427/1427/1427 1460/1460/1460 1425/1425/1425
f 1507/1507/1507 1583/1583/1583 1566/1566/1566
f 1507/1507/1507 1566/1566/1566 1508/1508/1508
f 1334/1334/1334 1338/1338/1338 1469/1469/1469
f 1334/1334/1334 1469/1469/1469 1466/1466/1466
f 1338/1338/1338 1429/1429/1429 1472/1472/1472
f 1338/1338/1338 1472/1472/1472 1469/1469/1469
f 1574/1574/1574 1572/1572/1572 1333/1333/1333
f 1574/1574/1574 1333/1333/1333 1337/1337/1337
f 1582/1582/1582 1578/1578/1578 1343/1343/1343
f 1582/1582/1582 1343/1343/1343 1345/1345/1345
f 2008/2008/2008 2001/2001/2001 1346/1346/1346
f 2008/2008/2008 1346/1346/1346 1478/1478/1478
f 1478/1478/1478 1346/1346/1346 1433/1433/1433
f 1478/1478/1478 1433/1433/1433 1481/1481/1481
f 1481/1481/1481 1433/1433/1433 1352/1352/1352
f 1481/1481/1481 1352/1352/1352 1484/1484/1484
f 1484/1484/1484 1352/1352/1352 1435/1435/1435
f 1484/1484/1484 1435/1435/1435 1487/1487/1487
f 1487/1487/1487 1435/1435/1435 1437/1437/1437
f 1487/1487/1487 1437/1437/1437 1490/1490/1490
f 1439/1439/1439 1442/1442/1442 1498/1498/1498
f 1439/1439/1439 1498/1498/1498 1493/1493/1493
f 1441/1441/1441 1445/1445/1445 1502/1502/1502
f 1441/1441/1441 1502/1502/1502 1497/1497/1497
f 1573/1573/1573 1568/1568/1568 1355/1355/1355
f 1573/1573/1573 1355/1355/1355 1358/1358/1358
f 1415/1415/1415 1396/1396/1396 1400/1400/1400
f 1415/1415/1415 1400/1400/1400 1419/1419/1419
f 2004/2004/2004 2003/2003/2003 1376/1376/1376
f 2004/2004/2004 1376/1376/1376 1387/1387/1387
f 1370/1370/1370 1371/1371/1371 1392/1392/1392
f 1370/1370/1370 1392/1392/1392 1389/1389/1389
f 1387/1387/1387 1376/1376/1376 1377/1377/1377
f 1387/1387/1387 1377/1377/1377 1388/1388/1388
f 1388/1388/1388 1377/1377/1377 1378/1378/1378
f 1388/1388/1388 1378/1378/1378 1390/1390/1390
f 1405/1405/1405 1386/1386/1386 1389/1389/1389
f 1405/1405/1405 1389/1389/1389 1408/1408/1408
f 1390/1390/1390 1378/1378/1378 1379/1379/1379
f 1390/1390/1390 1379/1379/1379 1391/1391/1391
f 1391/1391/1391 1379/1379/1379 1380/1380/1380
f 1391/1391/1391 1380/1380/1380 1393/1393/1393
f 1372/1372/1372 1373/1373/1373 1397/1397/1397
f 1372/1372/1372 1397/1397/1397 1394/1394/1394
f 1446/1446/1446 1421/1421/1421 1415/1415/1415
f 1446/1446/1446 1415/1415/1415 1317/1317/1317
f 1373/1373/1373 1374/1374/1374 1401/1401/1401
f 1373/1373/1373 1401/1401/1401 1397/1397/1397
f 1414/1414/1414 1395/1395/1395 1399/1399/1399
f 1414/1414/1414 1399/1399/1399 1418/1418/1418
f 1382/1382/1382 1384/1384/1384 1402/1402/1402
f 1382/1382/1382 1402/1402/1402 1398/1398/1398
f 1367/1367/1367 1368/1368/1368 1403/1403/1403
f 1367/1367/1367 1403/1403/1403 1400/1400/1400
f 1411/1411/1411 1392/1392/1392 1394/1394/1394
f 1411/1411/1411 1394/1394/1394 1413/1413/1413
f 1412/1412/1412 1393/1393/1393 1395/1395/1395
f 1412/1412/1412 1395/1395/1395 1414/1414/1414
f 1403/1403/1403 1368/1368/1368 1369/1369/1369
f 1403/1403/1403 1369/1369/1369 1386/1386/1386
f 1420/1420/1420 1401/1401/1401 1385/1385/1385
f 1420/1420/1420 1385/1385/1385 1404/1404/1404
f 1415/1415/1415 1419/1419/1419 1321/1321/1321
f 1415/1415/1415 1321/1321/1321 1317/1317/1317
f 1420/1420/1420 1404/1404/1404 1432/1432/1432
f 1420/1420/1420 1432/1432/1432 1430/1430/1430
f 1501/1501/1501 1503/1503/1503 1449/1449/1449
f 1501/1501/1501 1449/1449/1449 1447/1447/1447
f 1403/1403/1403 1386/1386/1386 1405/1405/1405
f 1403/1403/1403 1405/1405/1405 1422/1422/1422
f 1402/1402/1402 1396/1396/1396 1415/1415/1415
f 1402/1402/1402 1415/1415/1415 1421/1421/1421
f 1413/1413/1413 1416/1416/1416 1339/1339/1339
f 1413/1413/1413 1339/1339/1339 1335/1335/1335
f 1419/1419/1419 1400/1400/1400 1403/1403/1403
f 1419/1419/1419 1403/1403/1403 1422/1422/1422
f 1417/1417/1417 1398/1398/1398 1402/1402/1402
f 1417/1417/1417 1402/1402/1402 1421/1421/1421
f 1416/1416/1416 1397/1397/1397 1401/1401/1401
f 1416/1416/1416 1401/1401/1401 1420/1420/1420
f 1402/1402/1402 1384/1384/1384 1366/1366/1366
f 1402/1402/1402 1366/1366/1366 1396/1396/1396
f 1413/1413/1413 1394/1394/1394 1397/1397/1397
f 1413/1413/1413 1397/1397/1397 1416/1416/1416
f 1410/1410/1410 1391/1391/1391 1393/1393/1393
f 1410/1410/1410 1393/1393/1393 1412/1412/1412
f 1405/1405/1405 1408/1408/1408 1426/1426/1426
f 1405/1405/1405 1426/1426/1426 1424/1424/1424
f 1409/1409/1409 1390/1390/1390 1391/1391/1391
f 1409/1409/1409 1391/1391/1391 1410/1410/1410
f 1407/1407/1407 1388/1388/1388 1390/1390/1390
f 1407/1407/1407 1390/1390/1390 1409/1409/1409
f 1408/1408/1408 1389/1389/1389 1392/1392/1392
f 1408/1408/1408 1392/1392/1392 1411/1411/1411
f 1406/1406/1406 1387/1387/1387 1388/1388/1388
f 1406/1406/1406 1388/1388/1388 1407/1407/1407
f 2005/2005/2005 2004/2004/2004 1387/1387/1387
f 2005/2005/2005 1387/1387/1387 1406/1406/1406
f 2056/2056/2056 2007/2007/2007 2006/2006/2006
f 2056/2056/2056 2006/2006/2006 2070/2070/2070
f 2069/2069/2069 2003/2003/2003 2004/2004/2004
f 2069/2069/2069 2004/2004/2004 2054/2054/2054
f 1366/1366/1366 1367/1367/1367 1400/1400/1400
f 1366/1366/1366 1400/1400/1400 1396/1396/1396
f 2002/2002/2002 2005/2005/2005 1406/1406/1406
f 2002/2002/2002 1406/1406/1406 1347/1347/1347
f 1408/1408/1408 1411/1411/1411 1428/1428/1428
f 1408/1408/1408 1428/1428/1428 1426/1426/1426
f 1347/1347/1347 1406/1406/1406 1407/1407/1407
f 1347/1347/1347 1407/1407/1407 1434/1434/1434
f 1434/1434/1434 1407/1407/1407 1409/1409/1409
f 1434/1434/1434 1409/1409/1409 1353/1353/1353
f 1458/1458/1458 1461/1461/1461 1459/1459/1459
f 1458/1458/1458 1459/1459/1459 1456/1456/1456
f 1353/1353/1353 1409/1409/1409 1410/1410/1410
f 1353/1353/1353 1410/1410/1410 1436/1436/1436
f 1436/1436/1436 1410/1410/1410 1412/1412/1412
f 1436/1436/1436 1412/1412/1412 1438/1438/1438
f 1371/1371/1371 1372/1372/1372 1394/1394/1394
f 1371/1371/1371 1394/1394/1394 1392/1392/1392
f 1417/1417/1417 1421/1421/1421 1446/1446/1446
f 1417/1417/1417 1446/1446/1446 1443/1443/1443
f 1464/1464/1464 1467/1467/1467 1465/1465/1465
f 1464/1464/1464 1465/1465/1465 1462/1462/1462
f 1381/1381/1381 1383/1383/1383 1399/1399/1399
f 1381/1381/1381 1399/1399/1399 1395/1395/1395
f 1380/1380/1380 1381/1381/1381 1395/1395/1395
f 1380/1380/1380 1395/1395/1395 1393/1393/1393
f 1419/1419/1419 1422/1422/1422 1325/1325/1325
f 1419/1419/1419 1325/1325/1325 1321/1321/1321
f 1411/1411/1411 1413/1413/1413 1335/1335/1335
f 1411/1411/1411 1335/1335/1335 1428/1428/1428
f 1414/1414/1414 1418/1418/1418 1444/1444/1444
f 1414/1414/1414 1444/1444/1444 1440/1440/1440
f 1449/1449/1449 1452/1452/1452 1450/1450/1450
f 1449/1449/1449 1450/1450/1450 1447/1447/1447
f 1473/1473/1473 1476/1476/1476 1474/1474/1474
f 1473/1473/1473 1474/1474/1474 1471/1471/1471
f 1551/1551/1551 1326/1326/1326 1322/1322/1322
f 1551/1551/1551 1322/1322/1322 1550/1550/1550
f 1552/1552/1552 1328/1328/1328 1326/1326/1326
f 1552/1552/1552 1326/1326/1326 1551/1551/1551
f 1577/1577/1577 1505/1505/1505 1504/1504/1504
f 1577/1577/1577 1504/1504/1504 1575/1575/1575
f 1554/1554/1554 1332/1332/1332 1330/1330/1330
f 1554/1554/1554 1330/1330/1330 1553/1553/1553
f 1331/1331/1331 1566/1566/1566 1583/1583/1583
f 1331/1331/1331 1583/1583/1583 1329/1329/1329
f 1556/1556/1556 1340/1340/1340 1336/1336/1336
f 1556/1556/1556 1336/1336/1336 1555/1555/1555
f 1557/1557/1557 1342/1342/1342 1340/1340/1340
f 1557/1557/1557 1340/1340/1340 1556/1556/1556
f 1574/1574/1574 1510/1510/1510 1509/1509/1509
f 1574/1574/1574 1509/1509/1509 1572/1572/1572
f 1582/1582/1582 1513/1513/1513 1512/1512/1512
f 1582/1582/1582 1512/1512/1512 1578/1578/1578
f 2073/2073/2073 2051/2051/2051 1513/1513/1513
f 2073/2073/2073 1513/1513/1513 1582/1582/1582
f 2010/2010/2010 1559/1559/1559 1349/1349/1349
f 2010/2010/2010 1349/1349/1349 1999/1999/1999
f 1586/1586/1586 1492/1492/1492 1496/1496/1496
f 1586/1586/1586 1496/1496/1496 1584/1584/1584
f 1616/1616/1616 1904/1904/1904 1847/1847/1847
f 1616/1616/1616 1847/1847/1847 1604/1604/1604
f 1607/1607/1607 1882/1882/1882 1881/1881/1881
f 1607/1607/1607 1881/1881/1881 1608/1608/1608
f 1564/1564/1564 1361/1361/1361 1359/1359/1359
f 1564/1564/1564 1359/1359/1359 1563/1563/1563
f 1548/1548/1548 1364/1364/1364 1362/1362/1362
f 1548/1548/1548 1362/1362/1362 1565/1565/1565
f 1573/1573/1573 1518/1518/1518 1516/1516/1516
f 1573/1573/1573 1516/1516/1516 1568/1568/1568
f 1437/1437/1437 1439/1439/1439 1493/1493/1493
f 1437/1437/1437 1493/1493/1493 1490/1490/1490
f 1503/1503/1503 1502/1502/1502 1448/1448/1448
f 1503/1503/1503 1448/1448/1448 1449/1449/1449
f 1491/1491/1491 1494/1494/1494 1492/1492/1492
f 1491/1491/1491 1492/1492/1492 1489/1489/1489
f 1448/1448/1448 1451/1451/1451 1452/1452/1452
f 1448/1448/1448 1452/1452/1452 1449/1449/1449
f 1452/1452/1452 1455/1455/1455 1453/1453/1453
f 1452/1452/1452 1453/1453/1453 1450/1450/1450
f 1451/1451/1451 1454/1454/1454 1455/1455/1455
f 1451/1451/1451 1455/1455/1455 1452/1452/1452
f 1455/1455/1455 1458/1458/1458 1456/1456/1456
f 1455/1455/1455 1456/1456/1456 1453/1453/1453
f 1454/1454/1454 1457/1457/1457 1458/1458/1458
f 1454/1454/1454 1458/1458/1458 1455/1455/1455
f 1316/1316/1316 1320/1320/1320 1451/1451/1451
f 1316/1316/1316 1451/1451/1451 1448/1448/1448
f 1457/1457/1457 1460/1460/1460 1461/1461/1461
f 1457/1457/1457 1461/1461/1461 1458/1458/1458
f 1461/1461/1461 1464/1464/1464 1462/1462/1462
f 1461/1461/1461 1462/1462/1462 1459/1459/1459
f 1460/1460/1460 1463/1463/1463 1464/1464/1464
f 1460/1460/1460 1464/1464/1464 1461/1461/1461
f 1423/1423/1423 1425/1425/1425 1460/1460/1460
f 1423/1423/1423 1460/1460/1460 1457/1457/1457
f 1463/1463/1463 1466/1466/1466 1467/1467/1467
f 1463/1463/1463 1467/1467/1467 1464/1464/1464
f 1467/1467/1467 1470/1470/1470 1468/1468/1468
f 1467/1467/1467 1468/1468/1468 1465/1465/1465
f 1466/1466/1466 1469/1469/1469 1470/1470/1470
f 1466/1466/1466 1470/1470/1470 1467/1467/1467
f 1470/1470/1470 1473/1473/1473 1471/1471/1471
f 1470/1470/1470 1471/1471/1471 1468/1468/1468
f 1469/1469/1469 1472/1472/1472 1473/1473/1473
f 1469/1469/1469 1473/1473/1473 1470/1470/1470
f 1334/1334/1334 1466/1466/1466 1463/1463/1463
f 1334/1334/1334 1463/1463/1463 1427/1427/1427
f 1472/1472/1472 1475/1475/1475 1476/1476/1476
f 1472/1472/1472 1476/1476/1476 1473/1473/1473
f 1429/1429/1429 1431/1431/1431 1475/1475/1475
f 1429/1429/1429 1475/1475/1475 1472/1472/1472
f 2057/2057/2057 2008/2008/2008 2007/2007/2007
f 2057/2057/2057 2007/2007/2007 2056/2056/2056
f 2067/2067/2067 2001/2001/2001 2008/2008/2008
f 2067/2067/2067 2008/2008/2008 2057/2057/2057
f 2006/2006/2006 2007/2007/2007 1479/1479/1479
f 2006/2006/2006 1479/1479/1479 1477/1477/1477
f 2007/2007/2007 2008/2008/2008 1478/1478/1478
f 2007/2007/2007 1478/1478/1478 1479/1479/1479
f 1477/1477/1477 1479/1479/1479 1482/1482/1482
f 1477/1477/1477 1482/1482/1482 1480/1480/1480
f 1479/1479/1479 1478/1478/1478 1481/1481/1481
f 1479/1479/1479 1481/1481/1481 1482/1482/1482
f 1480/1480/1480 1482/1482/1482 1485/1485/1485
f 1480/1480/1480 1485/1485/1485 1483/1483/1483
f 1482/1482/1482 1481/1481/1481 1484/1484/1484
f 1482/1482/1482 1484/1484/1484 1485/1485/1485
f 1483/1483/1483 1485/1485/1485 1488/1488/1488
f 1483/1483/1483 1488/1488/1488 1486/1486/1486
f 1485/1485/1485 1484/1484/1484 1487/1487/1487
f 1485/1485/1485 1487/1487/1487 1488/1488/1488
f 1486/1486/1486 1488/1488/1488 1491/1491/1491
f 1486/1486/1486 1491/1491/1491 1489/1489/1489
f 1488/1488/1488 1487/1487/1487 1490/1490/1490
f 1488/1488/1488 1490/1490/1490 1491/1491/1491
f 1490/1490/1490 1493/1493/1493 1494/1494/1494
f 1490/1490/1490 1494/1494/1494 1491/1491/1491
f 1494/1494/1494 1500/1500/1500 1496/1496/1496
f 1494/1494/1494 1496/1496/1496 1492/1492/1492
f 1493/1493/1493 1498/1498/1498 1500/1500/1500
f 1493/1493/1493 1500/1500/1500 1494/1494/1494
f 1499/1499/1499 1503/1503/1503 1501/1501/1501
f 1499/1499/1499 1501/1501/1501 1495/1495/1495
f 1497/1497/1497 1502/1502/1502 1503/1503/1503
f 1497/1497/1497 1503/1503/1503 1499/1499/1499
f 1502/1502/1502 1445/1445/1445 1316/1316/1316
f 1502/1502/1502 1316/1316/1316 1448/1448/1448
f 1365/1365/1365 1571/1571/1571 1580/1580/1580
f 1365/1365/1365 1580/1580/1580 1363/1363/1363
f 1527/1527/1527 1624/1624/1624 1623/1623/1623
f 1527/1527/1527 1623/1623/1623 1526/1526/1526
f 1575/1575/1575 1571/1571/1571 1365/1365/1365
f 1575/1575/1575 1365/1365/1365 1319/1319/1319
f 1576/1576/1576 1511/1511/1511 1510/1510/1510
f 1576/1576/1576 1510/1510/1510 1574/1574/1574
f 1579/1579/1579 1519/1519/1519 1518/1518/1518
f 1579/1579/1579 1518/1518/1518 1573/1573/1573
f 1578/1578/1578 1512/1512/1512 1511/1511/1511
f 1578/1578/1578 1511/1511/1511 1576/1576/1576
f 1522/1522/1522 1523/1523/1523 1620/1620/1620
f 1522/1522/1522 1620/1620/1620 1637/1637/1637
f 1581/1581/1581 1506/1506/1506 1505/1505/1505
f 1581/1581/1581 1505/1505/1505 1577/1577/1577
f 1529/1529/1529 1626/1626/1626 1625/1625/1625
f 1529/1529/1529 1625/1625/1625 1528/1528/1528
f 1619/1619/1619 1924/1924/1924 1876/1876/1876
f 1619/1619/1619 1876/1876/1876 1613/1613/1613
f 1583/1583/1583 1507/1507/1507 1506/1506/1506
f 1583/1583/1583 1506/1506/1506 1581/1581/1581
f 1532/1532/1532 1629/1629/1629 1628/1628/1628
f 1532/1532/1532 1628/1628/1628 1531/1531/1531
f 1524/1524/1524 1621/1621/1621 1620/1620/1620
f 1524/1524/1524 1620/1620/1620 1523/1523/1523
f 1618/1618/1618 1923/1923/1923 1848/1848/1848
f 1618/1618/1618 1848/1848/1848 1605/1605/1605
f 2071/2071/2071 2009/2009/2009 2013/2013/2013
f 2071/2071/2071 2013/2013/2013 2075/2075/2075
f 1586/1586/1586 1584/1584/1584 1546/1546/1546
f 1586/1586/1586 1546/1546/1546 1545/1545/1545
f 1587/1587/1587 1586/1586/1586 1545/1545/1545
f 1587/1587/1587 1545/1545/1545 1542/1542/1542
f 1602/1602/1602 1601/1601/1601 1523/1523/1523
f 1602/1602/1602 1523/1523/1523 1522/1522/1522
f 1588/1588/1588 1587/1587/1587 1542/1542/1542
f 1588/1588/1588 1542/1542/1542 1540/1540/1540
f 1589/1589/1589 1588/1588/1588 1540/1540/1540
f 1589/1589/1589 1540/1540/1540 1538/1538/1538
f 1590/1590/1590 1589/1589/1589 1538/1538/1538
f 1590/1590/1590 1538/1538/1538 1536/1536/1536
f 1591/1591/1591 1590/1590/1590 1536/1536/1536
f 1591/1591/1591 1536/1536/1536 1533/1533/1533
f 2012/2012/2012 1591/1591/1591 1533/1533/1533
f 2012/2012/2012 1533/1533/1533 2009/2009/2009
f 2072/2072/2072 2010/2010/2010 1999/1999/1999
f 2072/2072/2072 1999/1999/1999 2052/2052/2052
f 1558/1558/1558 1344/1344/1344 1342/1342/1342
f 1558/1558/1558 1342/1342/1342 1557/1557/1557
f 1595/1595/1595 1594/1594/1594 1530/1530/1530
f 1595/1595/1595 1530/1530/1530 1529/1529/1529
f 1596/1596/1596 1595/1595/1595 1529/1529/1529
f 1596/1596/1596 1529/1529/1529 1528/1528/1528
f 1555/1555/1555 1336/1336/1336 1332/1332/1332
f 1555/1555/1555 1332/1332/1332 1554/1554/1554
f 1598/1598/1598 1597/1597/1597 1527/1527/1527
f 1598/1598/1598 1527/1527/1527 1526/1526/1526
f 1553/1553/1553 1330/1330/1330 1328/1328/1328
f 1553/1553/1553 1328/1328/1328 1552/1552/1552
f 1600/1600/1600 1599/1599/1599 1525/1525/1525
f 1600/1600/1600 1525/1525/1525 1524/1524/1524
f 1601/1601/1601 1600/1600/1600 1524/1524/1524
f 1601/1601/1601 1524/1524/1524 1523/1523/1523
f 1550/1550/1550 1322/1322/1322 1318/1318/1318
f 1550/1550/1550 1318/1318/1318 1549/1549/1549
f 1548/1548/1548 1549/1549/1549 1318/1318/1318
f 1548/1548/1548 1318/1318/1318 1364/1364/1364
f 1608/1608/1608 1881/1881/1881 1880/1880/1880
f 1608/1608/1608 1880/1880/1880 1615/1615/1615
f 1615/1615/1615 1880/1880/1880 1878/1878/1878
f 1615/1615/1615 1878/1878/1878 1609/1609/1609
f 1611/1611/1611 1883/1883/1883 1882/1882/1882
f 1611/1611/1611 1882/1882/1882 1607/1607/1607
f 1639/1639/1639 1978/1978/1978 1884/1884/1884
f 1639/1639/1639 1884/1884/1884 1612/1612/1612
f 1997/1997/1997 1990/1990/1990 2061/2061/2061
f 1997/1997/1997 2061/2061/2061 2065/2065/2065
f 1636/1636/1636 1637/1637/1637 1548/1548/1548
f 1636/1636/1636 1548/1548/1548 1565/1565/1565
f 1634/1634/1634 1635/1635/1635 1564/1564/1564
f 1634/1634/1634 1564/1564/1564 1563/1563/1563
f 1614/1614/1614 1877/1877/1877 1903/1903/1903
f 1614/1614/1614 1903/1903/1903 1617/1617/1617
f 1638/1638/1638 1979/1979/1979 1904/1904/1904
f 1638/1638/1638 1904/1904/1904 1616/1616/1616
f 2013/2013/2013 1630/1630/1630 1559/1559/1559
f 2013/2013/2013 1559/1559/1559 2010/2010/2010
f 948/948/948 852/852/852 1990/1990/1990
f 948/948/948 1990/1990/1990 1997/1997/1997
f 951/951/951 843/843/843 840/840/840
f 951/951/951 840/840/840 952/952/952
f 1627/1627/1627 1628/1628/1628 1557/1557/1557
f 1627/1627/1627 1557/1557/1557 1556/1556/1556
f 1626/1626/1626 1627/1627/1627 1556/1556/1556
f 1626/1626/1626 1556/1556/1556 1555/1555/1555
f 953/953/953 837/837/837 834/834/834
f 953/953/953 834/834/834 954/954/954
f 1624/1624/1624 1625/1625/1625 1554/1554/1554
f 1624/1624/1624 1554/1554/1554 1553/1553/1553
f 956/956/956 828/828/828 825/825/825
f 956/956/956 825/825/825 957/957/957
f 1622/1622/1622 1623/1623/1623 1552/1552/1552
f 1622/1622/1622 1552/1552/1552 1551/1551/1551
f 1621/1621/1621 1622/1622/1622 1551/1551/1551
f 1621/1621/1621 1551/1551/1551 1550/1550/1550
f 1632/1632/1632 1634/1634/1634 1563/1563/1563
f 1632/1632/1632 1563/1563/1563 1561/1561/1561
f 1572/1572/1572 1509/1509/1509 1508/1508/1508
f 1572/1572/1572 1508/1508/1508 1566/1566/1566
f 1575/1575/1575 1504/1504/1504 1521/1521/1521
f 1575/1575/1575 1521/1521/1521 1571/1571/1571
f 2074/2074/2074 2012/2012/2012 2009/2009/2009
f 2074/2074/2074 2009/2009/2009 2071/2071/2071
f 1599/1599/1599 1598/1598/1598 1526/1526/1526
f 1599/1599/1599 1526/1526/1526 1525/1525/1525
f 1603/1603/1603 1846/1846/1846 1923/1923/1923
f 1603/1603/1603 1923/1923/1923 1618/1618/1618
f 1593/1593/1593 1592/1592/1592 1532/1532/1532
f 1593/1593/1593 1532/1532/1532 1531/1531/1531
f 1583/1583/1583 1581/1581/1581 1327/1327/1327
f 1583/1583/1583 1327/1327/1327 1329/1329/1329
f 1585/1585/1585 1602/1602/1602 1522/1522/1522
f 1585/1585/1585 1522/1522/1522 1547/1547/1547
f 1594/1594/1594 1593/1593/1593 1531/1531/1531
f 1594/1594/1594 1531/1531/1531 1530/1530/1530
f 1606/1606/1606 1849/1849/1849 1924/1924/1924
f 1606/1606/1606 1924/1924/1924 1619/1619/1619
f 1581/1581/1581 1577/1577/1577 1323/1323/1323
f 1581/1581/1581 1323/1323/1323 1327/1327/1327
f 1578/1578/1578 1576/1576/1576 1341/1341/1341
f 1578/1578/1578 1341/1341/1341 1343/1343/1343
f 1579/1579/1579 1573/1573/1573 1358/1358/1358
f 1579/1579/1579 1358/1358/1358 1360/1360/1360
f 1576/1576/1576 1574/1574/1574 1337/1337/1337
f 1576/1576/1576 1337/1337/1337 1341/1341/1341
f 1520/1520/1520 1580/1580/1580 1571/1571/1571
f 1520/1520/1520 1571/1571/1571 1521/1521/1521
f 1597/1597/1597 1596/1596/1596 1528/1528/1528
f 1597/1597/1597 1528/1528/1528 1527/1527/1527
f 1602/1602/1602 1501/1501/1501 1447/1447/1447
f 1602/1602/1602 1447/1447/1447 1601/1601/1601
f 1585/1585/1585 1495/1495/1495 1501/1501/1501
f 1585/1585/1585 1501/1501/1501 1602/1602/1602
f 1587/1587/1587 1489/1489/1489 1492/1492/1492
f 1587/1587/1587 1492/1492/1492 1586/1586/1586
f 1588/1588/1588 1486/1486/1486 1489/1489/1489
f 1588/1588/1588 1489/1489/1489 1587/1587/1587
f 1589/1589/1589 1483/1483/1483 1486/1486/1486
f 1589/1589/1589 1486/1486/1486 1588/1588/1588
f 1590/1590/1590 1480/1480/1480 1483/1483/1483
f 1590/1590/1590 1483/1483/1483 1589/1589/1589
f 1591/1591/1591 1477/1477/1477 1480/1480/1480
f 1591/1591/1591 1480/1480/1480 1590/1590/1590
f 2073/2073/2073 2053/2053/2053 2000/2000/2000
f 2073/2073/2073 2000/2000/2000 2011/2011/2011
f 1593/1593/1593 1471/1471/1471 1474/1474/1474
f 1593/1593/1593 1474/1474/1474 1592/1592/1592
f 1594/1594/1594 1468/1468/1468 1471/1471/1471
f 1594/1594/1594 1471/1471/1471 1593/1593/1593
f 1596/1596/1596 1462/1462/1462 1465/1465/1465
f 1596/1596/1596 1465/1465/1465 1595/1595/1595
f 1598/1598/1598 1456/1456/1456 1459/1459/1459
f 1598/1598/1598 1459/1459/1459 1597/1597/1597
f 1599/1599/1599 1453/1453/1453 1456/1456/1456
f 1599/1599/1599 1456/1456/1456 1598/1598/1598
f 1517/1517/1517 1606/1606/1606 1619/1619/1619
f 1517/1517/1517 1619/1619/1619 1567/1567/1567
f 1348/1348/1348 1603/1603/1603 1618/1618/1618
f 1348/1348/1348 1618/1618/1618 1569/1569/1569
f 1631/1631/1631 1638/1638/1638 1616/1616/1616
f 1631/1631/1631 1616/1616/1616 1560/1560/1560
f 1357/1357/1357 1614/1614/1614 1617/1617/1617
f 1357/1357/1357 1617/1617/1617 1562/1562/1562
f 1633/1633/1633 1639/1639/1639 1612/1612/1612
f 1633/1633/1633 1612/1612/1612 1544/1544/1544
f 1543/1543/1543 1611/1611/1611 1607/1607/1607
f 1543/1543/1543 1607/1607/1607 1541/1541/1541
f 1537/1537/1537 1615/1615/1615 1609/1609/1609
f 1537/1537/1537 1609/1609/1609 1534/1534/1534
f 1539/1539/1539 1608/1608/1608 1615/1615/1615
f 1539/1539/1539 1615/1615/1615 1537/1537/1537
f 1569/1569/1569 1618/1618/1618 1605/1605/1605
f 1569/1569/1569 1605/1605/1605 1514/1514/1514
f 1567/1567/1567 1619/1619/1619 1613/1613/1613
f 1567/1567/1567 1613/1613/1613 1354/1354/1354
f 1541/1541/1541 1607/1607/1607 1608/1608/1608
f 1541/1541/1541 1608/1608/1608 1539/1539/1539
f 1560/1560/1560 1616/1616/1616 1604/1604/1604
f 1560/1560/1560 1604/1604/1604 1351/1351/1351
f 1562/1562/1562 1617/1617/1617 1639/1639/1639
f 1562/1562/1562 1639/1639/1639 1633/1633/1633
f 1535/1535/1535 1610/1610/1610 1638/1638/1638
f 1535/1535/1535 1638/1638/1638 1631/1631/1631
f 1545/1545/1545 1634/1634/1634 1632/1632/1632
f 1545/1545/1545 1632/1632/1632 1542/1542/1542
f 1525/1525/1525 1622/1622/1622 1621/1621/1621
f 1525/1525/1525 1621/1621/1621 1524/1524/1524
f 1526/1526/1526 1623/1623/1623 1622/1622/1622
f 1526/1526/1526 1622/1622/1622 1525/1525/1525
f 1620/1620/1620 1621/1621/1621 1550/1550/1550
f 1620/1620/1620 1550/1550/1550 1549/1549/1549
f 1528/1528/1528 1625/1625/1625 1624/1624/1624
f 1528/1528/1528 1624/1624/1624 1527/1527/1527
f 1623/1623/1623 1624/1624/1624 1553/1553/1553
f 1623/1623/1623 1553/1553/1553 1552/1552/1552
f 1530/1530/1530 1627/1627/1627 1626/1626/1626
f 1530/1530/1530 1626/1626/1626 1529/1529/1529
f 1531/1531/1531 1628/1628/1628 1627/1627/1627
f 1531/1531/1531 1627/1627/1627 1530/1530/1530
f 1625/1625/1625 1626/1626/1626 1555/1555/1555
f 1625/1625/1625 1555/1555/1555 1554/1554/1554
f 1628/1628/1628 1629/1629/1629 1558/1558/1558
f 1628/1628/1628 1558/1558/1558 1557/1557/1557
f 2075/2075/2075 2013/2013/2013 2010/2010/2010
f 2075/2075/2075 2010/2010/2010 2072/2072/2072
f 2009/2009/2009 1533/1533/1533 1630/1630/1630
f 2009/2009/2009 1630/1630/1630 2013/2013/2013
f 1610/1610/1610 1879/1879/1879 1979/1979/1979
f 1610/1610/1610 1979/1979/1979 1638/1638/1638
f 1546/1546/1546 1635/1635/1635 1634/1634/1634
f 1546/1546/1546 1634/1634/1634 1545/1545/1545
f 1522/1522/1522 1637/1637/1637 1636/1636/1636
f 1522/1522/1522 1636/1636/1636 1547/1547/1547
f 1620/1620/1620 1549/1549/1549 1548/1548/1548
f 1620/1620/1620 1548/1548/1548 1637/1637/1637
f 1617/1617/1617 1903/1903/1903 1978/1978/1978
f 1617/1617/1617 1978/1978/1978 1639/1639/1639
f 1680/1680/1680 1683/1683/1683 1900/1900/1900
f 1680/1680/1680 1900/1900/1900 1898/1898/1898
f 1642/1642/1642 1914/1914/1914 1916/1916/1916
f 1642/1642/1642 1916/1916/1916 1646/1646/1646
f 1721/1721/1721 1697/1697/1697 1696/1696/1696
f 1721/1721/1721 1696/1696/1696 1718/1718/1718
f 1775/1775/1775 1778/1778/1778 1648/1648/1648
f 1775/1775/1775 1648/1648/1648 1644/1644/1644
f 1778/1778/1778 1781/1781/1781 1747/1747/1747
f 1778/1778/1778 1747/1747/1747 1648/1648/1648
f 1781/1781/1781 1784/1784/1784 1749/1749/1749
f 1781/1781/1781 1749/1749/1749 1747/1747/1747
f 1922/1922/1922 1831/1831/1831 1832/1832/1832
f 1922/1922/1922 1832/1832/1832 1905/1905/1905
f 1787/1787/1787 1790/1790/1790 1658/1658/1658
f 1787/1787/1787 1658/1658/1658 1751/1751/1751
f 1654/1654/1654 1905/1905/1905 1911/1911/1911
f 1654/1654/1654 1911/1911/1911 1656/1656/1656
f 1793/1793/1793 1796/1796/1796 1753/1753/1753
f 1793/1793/1793 1753/1753/1753 1662/1662/1662
f 1796/1796/1796 1799/1799/1799 1755/1755/1755
f 1796/1796/1796 1755/1755/1755 1753/1753/1753
f 1799/1799/1799 2039/2039/2039 2032/2032/2032
f 1799/1799/1799 2032/2032/2032 1755/1755/1755
f 1660/1660/1660 1913/1913/1913 1915/1915/1915
f 1660/1660/1660 1915/1915/1915 1664/1664/1664
f 2039/2039/2039 1802/1802/1802 1670/1670/1670
f 2039/2039/2039 1670/1670/1670 2032/2032/2032
f 1802/1802/1802 1805/1805/1805 1757/1757/1757
f 1802/1802/1802 1757/1757/1757 1670/1670/1670
f 1805/1805/1805 1808/1808/1808 1676/1676/1676
f 1805/1805/1805 1676/1676/1676 1757/1757/1757
f 1808/1808/1808 1811/1811/1811 1759/1759/1759
f 1808/1808/1808 1759/1759/1759 1676/1676/1676
f 1811/1811/1811 1814/1814/1814 1761/1761/1761
f 1811/1811/1811 1761/1761/1761 1759/1759/1759
f 1817/1817/1817 1822/1822/1822 1766/1766/1766
f 1817/1817/1817 1766/1766/1766 1763/1763/1763
f 1821/1821/1821 1826/1826/1826 1769/1769/1769
f 1821/1821/1821 1769/1769/1769 1765/1765/1765
f 1679/1679/1679 1907/1907/1907 1912/1912/1912
f 1679/1679/1679 1912/1912/1912 1682/1682/1682
f 1729/1729/1729 1732/1732/1732 1713/1713/1713
f 1729/1729/1729 1713/1713/1713 1710/1710/1710
f 2035/2035/2035 1711/1711/1711 1700/1700/1700
f 2035/2035/2035 1700/1700/1700 2034/2034/2034
f 1724/1724/1724 1691/1691/1691 1690/1690/1690
f 1724/1724/1724 1690/1690/1690 1720/1720/1720
f 1711/1711/1711 1712/1712/1712 1701/1701/1701
f 1711/1711/1711 1701/1701/1701 1700/1700/1700
f 1712/1712/1712 1714/1714/1714 1702/1702/1702
f 1712/1712/1712 1702/1702/1702 1701/1701/1701
f 1718/1718/1718 1696/1696/1696 1695/1695/1695
f 1718/1718/1718 1695/1695/1695 1716/1716/1716
f 1714/1714/1714 1715/1715/1715 1703/1703/1703
f 1714/1714/1714 1703/1703/1703 1702/1702/1702
f 1715/1715/1715 1717/1717/1717 1704/1704/1704
f 1715/1715/1715 1704/1704/1704 1703/1703/1703
f 1732/1732/1732 1735/1735/1735 1716/1716/1716
f 1732/1732/1732 1716/1716/1716 1713/1713/1713
f 1770/1770/1770 1641/1641/1641 1739/1739/1739
f 1770/1770/1770 1739/1739/1739 1745/1745/1745
f 1725/1725/1725 1698/1698/1698 1697/1697/1697
f 1725/1725/1725 1697/1697/1697 1721/1721/1721
f 1738/1738/1738 1742/1742/1742 1723/1723/1723
f 1738/1738/1738 1723/1723/1723 1719/1719/1719
f 1726/1726/1726 1708/1708/1708 1706/1706/1706
f 1726/1726/1726 1706/1706/1706 1722/1722/1722
f 1727/1727/1727 1692/1692/1692 1691/1691/1691
f 1727/1727/1727 1691/1691/1691 1724/1724/1724
f 1709/1709/1709 1699/1699/1699 1698/1698/1698
f 1709/1709/1709 1698/1698/1698 1725/1725/1725
f 1736/1736/1736 1738/1738/1738 1719/1719/1719
f 1736/1736/1736 1719/1719/1719 1717/1717/1717
f 1727/1727/1727 1710/1710/1710 1693/1693/1693
f 1727/1727/1727 1693/1693/1693 1692/1692/1692
f 1728/1728/1728 2036/2036/2036 2035/2035/2035
f 1728/1728/1728 2035/2035/2035 1709/1709/1709
f 1748/1748/1748 1750/1750/1750 1732/1732/1732
f 1748/1748/1748 1732/1732/1732 1729/1729/1729
f 1659/1659/1659 1663/1663/1663 1740/1740/1740
f 1659/1659/1659 1740/1740/1740 1737/1737/1737
f 1825/1825/1825 1771/1771/1771 1773/1773/1773
f 1825/1825/1825 1773/1773/1773 1827/1827/1827
f 1729/1729/1729 1710/1710/1710 1727/1727/1727
f 1729/1729/1729 1727/1727/1727 1746/1746/1746
f 1739/1739/1739 1720/1720/1720 1726/1726/1726
f 1739/1739/1739 1726/1726/1726 1745/1745/1745
f 1744/1744/1744 1728/1728/1728 1709/1709/1709
f 1744/1744/1744 1709/1709/1709 1725/1725/1725
f 1743/1743/1743 1746/1746/1746 1727/1727/1727
f 1743/1743/1743 1727/1727/1727 1724/1724/1724
f 1741/1741/1741 1745/1745/1745 1726/1726/1726
f 1741/1741/1741 1726/1726/1726 1722/1722/1722
f 1740/1740/1740 1744/1744/1744 1725/1725/1725
f 1740/1740/1740 1725/1725/1725 1721/1721/1721
f 1726/1726/1726 1720/1720/1720 1690/1690/1690
f 1726/1726/1726 1690/1690/1690 1708/1708/1708
f 1752/1752/1752 1735/1735/1735 1732/1732/1732
f 1752/1752/1752 1732/1732/1732 1750/1750/1750
f 1734/1734/1734 1736/1736/1736 1717/1717/1717
f 1734/1734/1734 1717/1717/1717 1715/1715/1715
f 1735/1735/1735 1737/1737/1737 1718/1718/1718
f 1735/1735/1735 1718/1718/1718 1716/1716/1716
f 1733/1733/1733 1734/1734/1734 1715/1715/1715
f 1733/1733/1733 1715/1715/1715 1714/1714/1714
f 1731/1731/1731 1733/1733/1733 1714/1714/1714
f 1731/1731/1731 1714/1714/1714 1712/1712/1712
f 1739/1739/1739 1743/1743/1743 1724/1724/1724
f 1739/1739/1739 1724/1724/1724 1720/1720/1720
f 1730/1730/1730 1731/1731/1731 1712/1712/1712
f 1730/1730/1730 1712/1712/1712 1711/1711/1711
f 2036/2036/2036 1730/1730/1730 1711/1711/1711
f 2036/2036/2036 1711/1711/1711 2035/2035/2035
f 1737/1737/1737 1740/1740/1740 1721/1721/1721
f 1737/1737/1737 1721/1721/1721 1718/1718/1718
f 2035/2035/2035 2034/2034/2034 1699/1699/1699
f 2035/2035/2035 1699/1699/1699 1709/1709/1709
f 1713/1713/1713 1694/1694/1694 1693/1693/1693
f 1713/1713/1713 1693/1693/1693 1710/1710/1710
f 2033/2033/2033 1671/1671/1671 1730/1730/1730
f 2033/2033/2033 1730/1730/1730 2036/2036/2036
f 1641/1641/1641 1645/1645/1645 1743/1743/1743
f 1641/1641/1641 1743/1743/1743 1739/1739/1739
f 1671/1671/1671 1758/1758/1758 1731/1731/1731
f 1671/1671/1671 1731/1731/1731 1730/1730/1730
f 1758/1758/1758 1677/1677/1677 1733/1733/1733
f 1758/1758/1758 1733/1733/1733 1731/1731/1731
f 1783/1783/1783 1786/1786/1786 1788/1788/1788
f 1783/1783/1783 1788/1788/1788 1785/1785/1785
f 1677/1677/1677 1760/1760/1760 1734/1734/1734
f 1677/1677/1677 1734/1734/1734 1733/1733/1733
f 1760/1760/1760 1762/1762/1762 1736/1736/1736
f 1760/1760/1760 1736/1736/1736 1734/1734/1734
f 1716/1716/1716 1695/1695/1695 1694/1694/1694
f 1716/1716/1716 1694/1694/1694 1713/1713/1713
f 1767/1767/1767 1770/1770/1770 1745/1745/1745
f 1767/1767/1767 1745/1745/1745 1741/1741/1741
f 1754/1754/1754 1756/1756/1756 1728/1728/1728
f 1754/1754/1754 1728/1728/1728 1744/1744/1744
f 1723/1723/1723 1707/1707/1707 1705/1705/1705
f 1723/1723/1723 1705/1705/1705 1719/1719/1719
f 1719/1719/1719 1705/1705/1705 1704/1704/1704
f 1719/1719/1719 1704/1704/1704 1717/1717/1717
f 1645/1645/1645 1649/1649/1649 1746/1746/1746
f 1645/1645/1645 1746/1746/1746 1743/1743/1743
f 1756/1756/1756 2033/2033/2033 2036/2036/2036
f 1756/1756/1756 2036/2036/2036 1728/1728/1728
f 1764/1764/1764 1768/1768/1768 1742/1742/1742
f 1764/1764/1764 1742/1742/1742 1738/1738/1738
f 1771/1771/1771 1774/1774/1774 1776/1776/1776
f 1771/1771/1771 1776/1776/1776 1773/1773/1773
f 1789/1789/1789 1792/1792/1792 1794/1794/1794
f 1789/1789/1789 1794/1794/1794 1791/1791/1791
f 1647/1647/1647 1651/1651/1651 1888/1888/1888
f 1647/1647/1647 1888/1888/1888 1887/1887/1887
f 1651/1651/1651 1653/1653/1653 1889/1889/1889
f 1651/1651/1651 1889/1889/1889 1888/1888/1888
f 1653/1653/1653 1655/1655/1655 1890/1890/1890
f 1653/1653/1653 1890/1890/1890 1889/1889/1889
f 1654/1654/1654 1652/1652/1652 1922/1922/1922
f 1654/1654/1654 1922/1922/1922 1905/1905/1905
f 1657/1657/1657 1661/1661/1661 1892/1892/1892
f 1657/1657/1657 1892/1892/1892 1891/1891/1891
f 1911/1911/1911 1905/1905/1905 1832/1832/1832
f 1911/1911/1911 1832/1832/1832 1833/1833/1833
f 1665/1665/1665 1667/1667/1667 1894/1894/1894
f 1665/1665/1665 1894/1894/1894 1893/1893/1893
f 1667/1667/1667 1669/1669/1669 1895/1895/1895
f 1667/1667/1667 1895/1895/1895 1894/1894/1894
f 1669/1669/1669 2031/2031/2031 2041/2041/2041
f 1669/1669/1669 2041/2041/2041 1895/1895/1895
f 1915/1915/1915 1913/1913/1913 1834/1834/1834
f 1915/1915/1915 1834/1834/1834 1835/1835/1835
f 2041/2041/2041 2031/2031/2031 1674/1674/1674
f 2041/2041/2041 1674/1674/1674 1896/1896/1896
f 1926/1926/1926 1820/1820/1820 1816/1816/1816
f 1926/1926/1926 1816/1816/1816 1927/1927/1927
f 1957/1957/1957 1945/1945/1945 1847/1847/1847
f 1957/1957/1957 1847/1847/1847 1904/1904/1904
f 1948/1948/1948 1949/1949/1949 1881/1881/1881
f 1948/1948/1948 1881/1881/1881 1882/1882/1882
f 1683/1683/1683 1687/1687/1687 1902/1902/1902
f 1683/1683/1683 1902/1902/1902 1900/1900/1900
f 1686/1686/1686 1689/1689/1689 1885/1885/1885
f 1686/1686/1686 1885/1885/1885 1901/1901/1901
f 1912/1912/1912 1907/1907/1907 1841/1841/1841
f 1912/1912/1912 1841/1841/1841 1842/1842/1842
f 1814/1814/1814 1817/1817/1817 1763/1763/1763
f 1814/1814/1814 1763/1763/1763 1761/1761/1761
f 1827/1827/1827 1773/1773/1773 1772/1772/1772
f 1827/1827/1827 1772/1772/1772 1826/1826/1826
f 1813/1813/1813 1816/1816/1816 1818/1818/1818
f 1813/1813/1813 1818/1818/1818 1815/1815/1815
f 1773/1773/1773 1776/1776/1776 1775/1775/1775
f 1773/1773/1773 1775/1775/1775 1772/1772/1772
f 1774/1774/1774 1777/1777/1777 1779/1779/1779
f 1774/1774/1774 1779/1779/1779 1776/1776/1776
f 1776/1776/1776 1779/1779/1779 1778/1778/1778
f 1776/1776/1776 1778/1778/1778 1775/1775/1775
f 1777/1777/1777 1780/1780/1780 1782/1782/1782
f 1777/1777/1777 1782/1782/1782 1779/1779/1779
f 1779/1779/1779 1782/1782/1782 1781/1781/1781
f 1779/1779/1779 1781/1781/1781 1778/1778/1778
f 1780/1780/1780 1783/1783/1783 1785/1785/1785
f 1780/1780/1780 1785/1785/1785 1782/1782/1782
f 1782/1782/1782 1785/1785/1785 1784/1784/1784
f 1782/1782/1782 1784/1784/1784 1781/1781/1781
f 1772/1772/1772 1775/1775/1775 1644/1644/1644
f 1772/1772/1772 1644/1644/1644 1640/1640/1640
f 1785/1785/1785 1788/1788/1788 1787/1787/1787
f 1785/1785/1785 1787/1787/1787 1784/1784/1784
f 1786/1786/1786 1789/1789/1789 1791/1791/1791
f 1786/1786/1786 1791/1791/1791 1788/1788/1788
f 1788/1788/1788 1791/1791/1791 1790/1790/1790
f 1788/1788/1788 1790/1790/1790 1787/1787/1787
f 1784/1784/1784 1787/1787/1787 1751/1751/1751
f 1784/1784/1784 1751/1751/1751 1749/1749/1749
f 1791/1791/1791 1794/1794/1794 1793/1793/1793
f 1791/1791/1791 1793/1793/1793 1790/1790/1790
f 1792/1792/1792 1795/1795/1795 1797/1797/1797
f 1792/1792/1792 1797/1797/1797 1794/1794/1794
f 1794/1794/1794 1797/1797/1797 1796/1796/1796
f 1794/1794/1794 1796/1796/1796 1793/1793/1793
f 1795/1795/1795 1798/1798/1798 1800/1800/1800
f 1795/1795/1795 1800/1800/1800 1797/1797/1797
f 1797/1797/1797 1800/1800/1800 1799/1799/1799
f 1797/1797/1797 1799/1799/1799 1796/1796/1796
f 1798/1798/1798 2037/2037/2037 2038/2038/2038
f 1798/1798/1798 2038/2038/2038 1800/1800/1800
f 1800/1800/1800 2038/2038/2038 2039/2039/2039
f 1800/1800/1800 2039/2039/2039 1799/1799/1799
f 1790/1790/1790 1793/1793/1793 1662/1662/1662
f 1790/1790/1790 1662/1662/1662 1658/1658/1658
f 2037/2037/2037 1801/1801/1801 1803/1803/1803
f 2037/2037/2037 1803/1803/1803 2038/2038/2038
f 2038/2038/2038 1803/1803/1803 1802/1802/1802
f 2038/2038/2038 1802/1802/1802 2039/2039/2039
f 1801/1801/1801 1804/1804/1804 1806/1806/1806
f 1801/1801/1801 1806/1806/1806 1803/1803/1803
f 1803/1803/1803 1806/1806/1806 1805/1805/1805
f 1803/1803/1803 1805/1805/1805 1802/1802/1802
f 1804/1804/1804 1807/1807/1807 1809/1809/1809
f 1804/1804/1804 1809/1809/1809 1806/1806/1806
f 1806/1806/1806 1809/1809/1809 1808/1808/1808
f 1806/1806/1806 1808/1808/1808 1805/1805/1805
f 1807/1807/1807 1810/1810/1810 1812/1812/1812
f 1807/1807/1807 1812/1812/1812 1809/1809/1809
f 1809/1809/1809 1812/1812/1812 1811/1811/1811
f 1809/1809/1809 1811/1811/1811 1808/1808/1808
f 1810/1810/1810 1813/1813/1813 1815/1815/1815
f 1810/1810/1810 1815/1815/1815 1812/1812/1812
f 1812/1812/1812 1815/1815/1815 1814/1814/1814
f 1812/1812/1812 1814/1814/1814 1811/1811/1811
f 1815/1815/1815 1818/1818/1818 1817/1817/1817
f 1815/1815/1815 1817/1817/1817 1814/1814/1814
f 1816/1816/1816 1820/1820/1820 1824/1824/1824
f 1816/1816/1816 1824/1824/1824 1818/1818/1818
f 1818/1818/1818 1824/1824/1824 1822/1822/1822
f 1818/1818/1818 1822/1822/1822 1817/1817/1817
f 1819/1819/1819 1825/1825/1825 1827/1827/1827
f 1819/1819/1819 1827/1827/1827 1823/1823/1823
f 1823/1823/1823 1827/1827/1827 1826/1826/1826
f 1823/1823/1823 1826/1826/1826 1821/1821/1821
f 1826/1826/1826 1772/1772/1772 1640/1640/1640
f 1826/1826/1826 1640/1640/1640 1769/1769/1769
f 1688/1688/1688 1684/1684/1684 1918/1918/1918
f 1688/1688/1688 1918/1918/1918 1910/1910/1910
f 1913/1913/1913 1911/1911/1911 1833/1833/1833
f 1913/1913/1913 1833/1833/1833 1834/1834/1834
f 1642/1642/1642 1688/1688/1688 1910/1910/1910
f 1642/1642/1642 1910/1910/1910 1914/1914/1914
f 1965/1965/1965 1966/1966/1966 1856/1856/1856
f 1965/1965/1965 1856/1856/1856 1855/1855/1855
f 1919/1919/1919 1912/1912/1912 1842/1842/1842
f 1919/1919/1919 1842/1842/1842 1844/1844/1844
f 1917/1917/1917 1915/1915/1915 1835/1835/1835
f 1917/1917/1917 1835/1835/1835 1836/1836/1836
f 1850/1850/1850 1980/1980/1980 1961/1961/1961
f 1850/1850/1850 1961/1961/1961 1851/1851/1851
f 1920/1920/1920 1916/1916/1916 1829/1829/1829
f 1920/1920/1920 1829/1829/1829 1830/1830/1830
f 1921/1921/1921 1917/1917/1917 1836/1836/1836
f 1921/1921/1921 1836/1836/1836 1837/1837/1837
f 1960/1960/1960 1954/1954/1954 1876/1876/1876
f 1960/1960/1960 1876/1876/1876 1924/1924/1924
f 1922/1922/1922 1920/1920/1920 1830/1830/1830
f 1922/1922/1922 1830/1830/1830 1831/1831/1831
f 2042/2042/2042 1921/1921/1921 1837/1837/1837
f 2042/2042/2042 1837/1837/1837 2024/2024/2024
f 1961/1961/1961 1962/1962/1962 1852/1852/1852
f 1961/1961/1961 1852/1852/1852 1851/1851/1851
f 1959/1959/1959 1946/1946/1946 1848/1848/1848
f 1959/1959/1959 1848/1848/1848 1923/1923/1923
f 1967/1967/1967 1968/1968/1968 1858/1858/1858
f 1967/1967/1967 1858/1858/1858 1857/1857/1857
f 1927/1927/1927 1873/1873/1873 1875/1875/1875
f 1927/1927/1927 1875/1875/1875 1926/1926/1926
f 1928/1928/1928 1871/1871/1871 1873/1873/1873
f 1928/1928/1928 1873/1873/1873 1927/1927/1927
f 1850/1850/1850 1851/1851/1851 1942/1942/1942
f 1850/1850/1850 1942/1942/1942 1943/1943/1943
f 1929/1929/1929 1869/1869/1869 1871/1871/1871
f 1929/1929/1929 1871/1871/1871 1928/1928/1928
f 1930/1930/1930 1867/1867/1867 1869/1869/1869
f 1930/1930/1930 1869/1869/1869 1929/1929/1929
f 1931/1931/1931 1865/1865/1865 1867/1867/1867
f 1931/1931/1931 1867/1867/1867 1930/1930/1930
f 1932/1932/1932 1862/1862/1862 1865/1865/1865
f 1932/1932/1932 1865/1865/1865 1931/1931/1931
f 2043/2043/2043 2040/2040/2040 1862/1862/1862
f 2043/2043/2043 1862/1862/1862 1932/1932/1932
f 1934/1934/1934 1859/1859/1859 1860/1860/1860
f 1934/1934/1934 1860/1860/1860 1933/1933/1933
f 1935/1935/1935 1858/1858/1858 1859/1859/1859
f 1935/1935/1935 1859/1859/1859 1934/1934/1934
f 1936/1936/1936 1857/1857/1857 1858/1858/1858
f 1936/1936/1936 1858/1858/1858 1935/1935/1935
f 1661/1661/1661 1665/1665/1665 1893/1893/1893
f 1661/1661/1661 1893/1893/1893 1892/1892/1892
f 1938/1938/1938 1855/1855/1855 1856/1856/1856
f 1938/1938/1938 1856/1856/1856 1937/1937/1937
f 1655/1655/1655 1657/1657/1657 1891/1891/1891
f 1655/1655/1655 1891/1891/1891 1890/1890/1890
f 1940/1940/1940 1853/1853/1853 1854/1854/1854
f 1940/1940/1940 1854/1854/1854 1939/1939/1939
f 1941/1941/1941 1852/1852/1852 1853/1853/1853
f 1941/1941/1941 1853/1853/1853 1940/1940/1940
f 1942/1942/1942 1851/1851/1851 1852/1852/1852
f 1942/1942/1942 1852/1852/1852 1941/1941/1941
f 1643/1643/1643 1647/1647/1647 1887/1887/1887
f 1643/1643/1643 1887/1887/1887 1886/1886/1886
f 1885/1885/1885 1689/1689/1689 1643/1643/1643
f 1885/1885/1885 1643/1643/1643 1886/1886/1886
f 1949/1949/1949 1956/1956/1956 1880/1880/1880
f 1949/1949/1949 1880/1880/1880 1881/1881/1881
f 1956/1956/1956 1950/1950/1950 1878/1878/1878
f 1956/1956/1956 1878/1878/1878 1880/1880/1880
f 1952/1952/1952 1948/1948/1948 1882/1882/1882
f 1952/1952/1952 1882/1882/1882 1883/1883/1883
f 1982/1982/1982 1953/1953/1953 1884/1884/1884
f 1982/1982/1982 1884/1884/1884 1978/1978/1978
f 1941/1941/1941 1774/1774/1774 1771/1771/1771
f 1941/1941/1941 1771/1771/1771 1942/1942/1942
f 1976/1976/1976 1901/1901/1901 1885/1885/1885
f 1976/1976/1976 1885/1885/1885 1980/1980/1980
f 1975/1975/1975 1900/1900/1900 1902/1902/1902
f 1975/1975/1975 1902/1902/1902 1977/1977/1977
f 1955/1955/1955 1958/1958/1958 1903/1903/1903
f 1955/1955/1955 1903/1903/1903 1877/1877/1877
f 1981/1981/1981 1957/1957/1957 1904/1904/1904
f 1981/1981/1981 1904/1904/1904 1979/1979/1979
f 2044/2044/2044 2041/2041/2041 1896/1896/1896
f 2044/2044/2044 1896/1896/1896 1971/1971/1971
f 1270/1270/1270 1147/1147/1147 1150/1150/1150
f 1270/1270/1270 1150/1150/1150 1269/1269/1269
f 1895/1895/1895 2041/2041/2041 2044/2044/2044
f 1895/1895/1895 2044/2044/2044 1970/1970/1970
f 1969/1969/1969 1894/1894/1894 1895/1895/1895
f 1969/1969/1969 1895/1895/1895 1970/1970/1970
f 1968/1968/1968 1893/1893/1893 1894/1894/1894
f 1968/1968/1968 1894/1894/1894 1969/1969/1969
f 1272/1272/1272 1141/1141/1141 1144/1144/1144
f 1272/1272/1272 1144/1144/1144 1271/1271/1271
f 1966/1966/1966 1891/1891/1891 1892/1892/1892
f 1966/1966/1966 1892/1892/1892 1967/1967/1967
f 1276/1276/1276 1129/1129/1129 1132/1132/1132
f 1276/1276/1276 1132/1132/1132 1275/1275/1275
f 1964/1964/1964 1889/1889/1889 1890/1890/1890
f 1964/1964/1964 1890/1890/1890 1965/1965/1965
f 1963/1963/1963 1888/1888/1888 1889/1889/1889
f 1963/1963/1963 1889/1889/1889 1964/1964/1964
f 1962/1962/1962 1887/1887/1887 1888/1888/1888
f 1962/1962/1962 1888/1888/1888 1963/1963/1963
f 1973/1973/1973 1898/1898/1898 1900/1900/1900
f 1973/1973/1973 1900/1900/1900 1975/1975/1975
f 1916/1916/1916 1914/1914/1914 1828/1828/1828
f 1916/1916/1916 1828/1828/1828 1829/1829/1829
f 1914/1914/1914 1910/1910/1910 1845/1845/1845
f 1914/1914/1914 1845/1845/1845 1828/1828/1828
f 1860/1860/1860 2040/2040/2040 2043/2043/2043
f 1860/1860/1860 2043/2043/2043 1933/1933/1933
f 1939/1939/1939 1854/1854/1854 1855/1855/1855
f 1939/1939/1939 1855/1855/1855 1938/1938/1938
f 1944/1944/1944 1959/1959/1959 1923/1923/1923
f 1944/1944/1944 1923/1923/1923 1846/1846/1846
f 1668/1668/1668 1921/1921/1921 2042/2042/2042
f 1668/1668/1668 2042/2042/2042 2030/2030/2030
f 1650/1650/1650 1920/1920/1920 1922/1922/1922
f 1650/1650/1650 1922/1922/1922 1652/1652/1652
f 1925/1925/1925 1874/1874/1874 1850/1850/1850
f 1925/1925/1925 1850/1850/1850 1943/1943/1943
f 1666/1666/1666 1917/1917/1917 1921/1921/1921
f 1666/1666/1666 1921/1921/1921 1668/1668/1668
f 1947/1947/1947 1960/1960/1960 1924/1924/1924
f 1947/1947/1947 1924/1924/1924 1849/1849/1849
f 1646/1646/1646 1916/1916/1916 1920/1920/1920
f 1646/1646/1646 1920/1920/1920 1650/1650/1650
f 1664/1664/1664 1915/1915/1915 1917/1917/1917
f 1664/1664/1664 1917/1917/1917 1666/1666/1666
f 1682/1682/1682 1912/1912/1912 1919/1919/1919
f 1682/1682/1682 1919/1919/1919 1685/1685/1685
f 1937/1937/1937 1856/1856/1856 1857/1857/1857
f 1937/1937/1937 1857/1857/1857 1936/1936/1936
f 1918/1918/1918 1843/1843/1843 1845/1845/1845
f 1918/1918/1918 1845/1845/1845 1910/1910/1910
f 1656/1656/1656 1911/1911/1911 1913/1913/1913
f 1656/1656/1656 1913/1913/1913 1660/1660/1660
f 1942/1942/1942 1771/1771/1771 1825/1825/1825
f 1942/1942/1942 1825/1825/1825 1943/1943/1943
f 1943/1943/1943 1825/1825/1825 1819/1819/1819
f 1943/1943/1943 1819/1819/1819 1925/1925/1925
f 1927/1927/1927 1816/1816/1816 1813/1813/1813
f 1927/1927/1927 1813/1813/1813 1928/1928/1928
f 1928/1928/1928 1813/1813/1813 1810/1810/1810
f 1928/1928/1928 1810/1810/1810 1929/1929/1929
f 1929/1929/1929 1810/1810/1810 1807/1807/1807
f 1929/1929/1929 1807/1807/1807 1930/1930/1930
f 1930/1930/1930 1807/1807/1807 1804/1804/1804
f 1930/1930/1930 1804/1804/1804 1931/1931/1931
f 1931/1931/1931 1804/1804/1804 1801/1801/1801
f 1931/1931/1931 1801/1801/1801 1932/1932/1932
f 1932/1932/1932 1801/1801/1801 2037/2037/2037
f 1932/1932/1932 2037/2037/2037 2043/2043/2043
f 2043/2043/2043 2037/2037/2037 1798/1798/1798
f 2043/2043/2043 1798/1798/1798 1933/1933/1933
f 1933/1933/1933 1798/1798/1798 1795/1795/1795
f 1933/1933/1933 1795/1795/1795 1934/1934/1934
f 1935/1935/1935 1792/1792/1792 1789/1789/1789
f 1935/1935/1935 1789/1789/1789 1936/1936/1936
f 1937/1937/1937 1786/1786/1786 1783/1783/1783
f 1937/1937/1937 1783/1783/1783 1938/1938/1938
f 1938/1938/1938 1783/1783/1783 1780/1780/1780
f 1938/1938/1938 1780/1780/1780 1939/1939/1939
f 1939/1939/1939 1780/1780/1780 1777/1777/1777
f 1939/1939/1939 1777/1777/1777 1940/1940/1940
f 1840/1840/1840 1906/1906/1906 1960/1960/1960
f 1840/1840/1840 1960/1960/1960 1947/1947/1947
f 1672/1672/1672 1908/1908/1908 1959/1959/1959
f 1672/1672/1672 1959/1959/1959 1944/1944/1944
f 1972/1972/1972 1897/1897/1897 1957/1957/1957
f 1972/1972/1972 1957/1957/1957 1981/1981/1981
f 1681/1681/1681 1899/1899/1899 1958/1958/1958
f 1681/1681/1681 1958/1958/1958 1955/1955/1955
f 1974/1974/1974 1872/1872/1872 1953/1953/1953
f 1974/1974/1974 1953/1953/1953 1982/1982/1982
f 1870/1870/1870 1868/1868/1868 1948/1948/1948
f 1870/1870/1870 1948/1948/1948 1952/1952/1952
f 1864/1864/1864 1861/1861/1861 1950/1950/1950
f 1864/1864/1864 1950/1950/1950 1956/1956/1956
f 1866/1866/1866 1864/1864/1864 1956/1956/1956
f 1866/1866/1866 1956/1956/1956 1949/1949/1949
f 1908/1908/1908 1838/1838/1838 1946/1946/1946
f 1908/1908/1908 1946/1946/1946 1959/1959/1959
f 1906/1906/1906 1678/1678/1678 1954/1954/1954
f 1906/1906/1906 1954/1954/1954 1960/1960/1960
f 1868/1868/1868 1866/1866/1866 1949/1949/1949
f 1868/1868/1868 1949/1949/1949 1948/1948/1948
f 1897/1897/1897 1675/1675/1675 1945/1945/1945
f 1897/1897/1897 1945/1945/1945 1957/1957/1957
f 1899/1899/1899 1974/1974/1974 1982/1982/1982
f 1899/1899/1899 1982/1982/1982 1958/1958/1958
f 1863/1863/1863 1972/1972/1972 1981/1981/1981
f 1863/1863/1863 1981/1981/1981 1951/1951/1951
f 1973/1973/1973 1975/1975/1975 1873/1873/1873
f 1973/1973/1973 1873/1873/1873 1871/1871/1871
f 1962/1962/1962 1963/1963/1963 1853/1853/1853
f 1962/1962/1962 1853/1853/1853 1852/1852/1852
f 1963/1963/1963 1964/1964/1964 1854/1854/1854
f 1963/1963/1963 1854/1854/1854 1853/1853/1853
f 1964/1964/1964 1965/1965/1965 1855/1855/1855
f 1964/1964/1964 1855/1855/1855 1854/1854/1854
f 1961/1961/1961 1886/1886/1886 1887/1887/1887
f 1961/1961/1961 1887/1887/1887 1962/1962/1962
f 1966/1966/1966 1967/1967/1967 1857/1857/1857
f 1966/1966/1966 1857/1857/1857 1856/1856/1856
f 1965/1965/1965 1890/1890/1890 1891/1891/1891
f 1965/1965/1965 1891/1891/1891 1966/1966/1966
f 1968/1968/1968 1969/1969/1969 1859/1859/1859
f 1968/1968/1968 1859/1859/1859 1858/1858/1858
f 1969/1969/1969 1970/1970/1970 1860/1860/1860
f 1969/1969/1969 1860/1860/1860 1859/1859/1859
f 1970/1970/1970 2044/2044/2044 2040/2040/2040
f 1970/1970/1970 2040/2040/2040 1860/1860/1860
f 1967/1967/1967 1892/1892/1892 1893/1893/1893
f 1967/1967/1967 1893/1893/1893 1968/1968/1968
f 2040/2040/2040 2044/2044/2044 1971/1971/1971
f 2040/2040/2040 1971/1971/1971 1862/1862/1862
f 1951/1951/1951 1981/1981/1981 1979/1979/1979
f 1951/1951/1951 1979/1979/1979 1879/1879/1879
f 1975/1975/1975 1977/1977/1977 1875/1875/1875
f 1975/1975/1975 1875/1875/1875 1873/1873/1873
f 1976/1976/1976 1980/1980/1980 1850/1850/1850
f 1976/1976/1976 1850/1850/1850 1874/1874/1874
f 1885/1885/1885 1886/1886/1886 1961/1961/1961
f 1885/1885/1885 1961/1961/1961 1980/1980/1980
f 1958/1958/1958 1982/1982/1982 1978/1978/1978
f 1958/1958/1958 1978/1978/1978 1903/1903/1903
f 1350/1350/1350 1570/1570/1570 2011/2011/2011
f 1350/1350/1350 2011/2011/2011 2000/2000/2000
f 1570/1570/1570 1515/1515/1515 1993/1993/1993
f 1570/1570/1570 1993/1993/1993 2011/2011/2011
f 725/725/725 1984/1984/1984 1996/1996/1996
f 725/725/725 1996/1996/1996 927/927/927
f 927/927/927 1996/1996/1996 1993/1993/1993
f 927/927/927 1993/1993/1993 1515/1515/1515
f 2059/2059/2059 1986/1986/1986 1989/1989/1989
f 2059/2059/2059 1989/1989/1989 2048/2048/2048
f 1673/1673/1673 2030/2030/2030 2042/2042/2042
f 1673/1673/1673 2042/2042/2042 1909/1909/1909
f 1909/1909/1909 2042/2042/2042 2024/2024/2024
f 1909/1909/1909 2024/2024/2024 1839/1839/1839
f 1029/1029/1029 1244/1244/1244 2027/2027/2027
f 1029/1029/1029 2027/2027/2027 2015/2015/2015
f 1244/1244/1244 1839/1839/1839 2024/2024/2024
f 1244/1244/1244 2024/2024/2024 2027/2027/2027
f 807/807/807 2059/2059/2059 2048/2048/2048
f 807/807/807 2048/2048/2048 779/779/779
f 1629/1629/1629 2075/2075/2075 2072/2072/2072
f 1629/1629/1629 2072/2072/2072 1558/1558/1558
f 1582/1582/1582 1345/1345/1345 2053/2053/2053
f 1582/1582/1582 2053/2053/2053 2073/2073/2073
f 1592/1592/1592 2074/2074/2074 2071/2071/2071
f 1592/1592/1592 2071/2071/2071 1532/1532/1532
f 1558/1558/1558 2072/2072/2072 2052/2052/2052
f 1558/1558/1558 2052/2052/2052 1344/1344/1344
f 1532/1532/1532 2071/2071/2071 2075/2075/2075
f 1532/1532/1532 2075/2075/2075 1629/1629/1629
f 1431/1431/1431 2067/2067/2067 2057/2057/2057
f 1431/1431/1431 2057/2057/2057 1475/1475/1475
f 1475/1475/1475 2057/2057/2057 2056/2056/2056
f 1475/1475/1475 2056/2056/2056 1476/1476/1476
f 2011/2011/2011 1993/1993/1993 2051/2051/2051
f 2011/2011/2011 2051/2051/2051 2073/2073/2073
f 1375/1375/1375 2069/2069/2069 2054/2054/2054
f 1375/1375/1375 2054/2054/2054 1385/1385/1385
f 1476/1476/1476 2056/2056/2056 2070/2070/2070
f 1476/1476/1476 2070/2070/2070 1474/1474/1474
f 1601/1601/1601 1447/1447/1447 1450/1450/1450
f 1601/1601/1601 1450/1450/1450 1600/1600/1600
f 2004/2004/2004 2005/2005/2005 2055/2055/2055
f 2004/2004/2004 2055/2055/2055 2054/2054/2054
f 915/915/915 2063/2063/2063 2066/2066/2066
f 915/915/915 2066/2066/2066 984/984/984
f 720/720/720 939/939/939 2064/2064/2064
f 720/720/720 2064/2064/2064 2046/2046/2046
f 889/889/889 2062/2062/2062 2065/2065/2065
f 889/889/889 2065/2065/2065 949/949/949
f 1404/1404/1404 2055/2055/2055 2068/2068/2068
f 1404/1404/1404 2068/2068/2068 1432/1432/1432
f 719/719/719 2045/2045/2045 2063/2063/2063
f 719/719/719 2063/2063/2063 915/915/915
f 984/984/984 2066/2066/2066 2062/2062/2062
f 984/984/984 2062/2062/2062 889/889/889
f 850/850/850 2050/2050/2050 2058/2058/2058
f 850/850/850 2058/2058/2058 806/806/806
f 851/851/851 2049/2049/2049 2050/2050/2050
f 851/851/851 2050/2050/2050 850/850/850
f 1996/1996/1996 2064/2064/2064 2051/2051/2051
f 1996/1996/1996 2051/2051/2051 1993/1993/1993
f 1988/1988/1988 1987/1987/1987 2060/2060/2060
f 1988/1988/1988 2060/2060/2060 2047/2047/2047
f 849/849/849 2061/2061/2061 2049/2049/2049
f 849/849/849 2049/2049/2049 851/851/851
f 779/779/779 2048/2048/2048 2047/2047/2047
f 779/779/779 2047/2047/2047 760/760/760
f 957/957/957 825/825/825 822/822/822
f 957/957/957 822/822/822 958/958/958
f 1277/1277/1277 1126/1126/1126 1129/1129/1129
f 1277/1277/1277 1129/1129/1129 1276/1276/1276
f 813/813/813 815/815/815 789/789/789
f 813/813/813 789/789/789 787/787/787
f 1091/1091/1091 1093/1093/1093 1119/1119/1119
f 1091/1091/1091 1119/1119/1119 1117/1117/1117
f 1004/1004/1004 1101/1101/1101 1084/1084/1084
f 1004/1004/1004 1084/1084/1084 1103/1103/1103
f 1090/1090/1090 1092/1092/1092 1014/1014/1014
f 1090/1090/1090 1014/1014/1014 1107/1107/1107
f 760/760/760 750/750/750 749/749/749
f 760/760/760 749/749/749 776/776/776
f 714/714/714 805/805/805 795/795/795
f 714/714/714 795/795/795 791/791/791
f 764/764/764 745/745/745 744/744/744
f 764/764/764 744/744/744 761/761/761
f 700/700/700 799/799/799 780/780/780
f 700/700/700 780/780/780 797/797/797
f 1095/1095/1095 1099/1099/1099 1109/1109/1109
f 1095/1095/1095 1109/1109/1109 1018/1018/1018
f 1374/1374/1374 1373/1373/1373 2121/2121/2121
f 1374/1374/1374 2121/2121/2121 2122/2122/2122
f 1695/1695/1695 1696/1696/1696 2139/2139/2139
f 1695/1695/1695 2139/2139/2139 2138/2138/2138
f 749/749/749 750/750/750 2085/2085/2085
f 749/749/749 2085/2085/2085 2084/2084/2084
f 1060/1060/1060 1059/1059/1059 2109/2109/2109
f 1060/1060/1060 2109/2109/2109 2110/2110/2110
f 1375/1375/1375 1374/1374/1374 2122/2122/2122
f 1375/1375/1375 2122/2122/2122 2123/2123/2123
f 750/750/750 2060/2060/2060 2156/2156/2156
f 750/750/750 2156/2156/2156 2085/2085/2085
f 1696/1696/1696 1697/1697/1697 2140/2140/2140
f 1696/1696/1696 2140/2140/2140 2139/2139/2139
f 1987/1987/1987 751/751/751 2086/2086/2086
f 1987/1987/1987 2086/2086/2086 2152/2152/2152
f 1062/1062/1062 1060/1060/1060 2110/2110/2110
f 1062/1062/1062 2110/2110/2110 2112/2112/2112
f 1376/1376/1376 2003/2003/2003 2153/2153/2153
f 1376/1376/1376 2153/2153/2153 2124/2124/2124
f 1697/1697/1697 1698/1698/1698 2141/2141/2141
f 1697/1697/1697 2141/2141/2141 2140/2140/2140
f 751/751/751 752/752/752 2087/2087/2087
f 751/751/751 2087/2087/2087 2086/2086/2086
f 1063/1063/1063 1061/1061/1061 2111/2111/2111
f 1063/1063/1063 2111/2111/2111 2113/2113/2113
f 1377/1377/1377 1376/1376/1376 2124/2124/2124
f 1377/1377/1377 2124/2124/2124 2125/2125/2125
f 1698/1698/1698 1699/1699/1699 2142/2142/2142
f 1698/1698/1698 2142/2142/2142 2141/2141/2141
f 752/752/752 753/753/753 2088/2088/2088
f 752/752/752 2088/2088/2088 2087/2087/2087
f 1045/1045/1045 1063/1063/1063 2113/2113/2113
f 1045/1045/1045 2113/2113/2113 2095/2095/2095
f 1378/1378/1378 1377/1377/1377 2125/2125/2125
f 1378/1378/1378 2125/2125/2125 2126/2126/2126
f 2034/2034/2034 1700/1700/1700 2143/2143/2143
f 2034/2034/2034 2143/2143/2143 2155/2155/2155
f 753/753/753 754/754/754 2089/2089/2089
f 753/753/753 2089/2089/2089 2088/2088/2088
f 1379/1379/1379 1378/1378/1378 2126/2126/2126
f 1379/1379/1379 2126/2126/2126 2127/2127/2127
f 1700/1700/1700 1701/1701/1701 2144/2144/2144
f 1700/1700/1700 2144/2144/2144 2143/2143/2143
f 754/754/754 755/755/755 2090/2090/2090
f 754/754/754 2090/2090/2090 2089/2089/2089
f 1699/1699/1699 2034/2034/2034 2155/2155/2155
f 1699/1699/1699 2155/2155/2155 2142/2142/2142
f 1380/1380/1380 1379/1379/1379 2127/2127/2127
f 1380/1380/1380 2127/2127/2127 2128/2128/2128
f 2003/2003/2003 2069/2069/2069 2157/2157/2157
f 2003/2003/2003 2157/2157/2157 2153/2153/2153
f 1701/1701/1701 1702/1702/1702 2145/2145/2145
f 1701/1701/1701 2145/2145/2145 2144/2144/2144
f 755/755/755 756/756/756 2091/2091/2091
f 755/755/755 2091/2091/2091 2090/2090/2090
f 1381/1381/1381 1380/1380/1380 2128/2128/2128
f 1381/1381/1381 2128/2128/2128 2129/2129/2129
f 1702/1702/1702 1703/1703/1703 2146/2146/2146
f 1702/1702/1702 2146/2146/2146 2145/2145/2145
f 756/756/756 757/757/757 2092/2092/2092
f 756/756/756 2092/2092/2092 2091/2091/2091
f 1383/1383/1383 1381/1381/1381 2129/2129/2129
f 1383/1383/1383 2129/2129/2129 2131/2131/2131
f 1703/1703/1703 1704/1704/1704 2147/2147/2147
f 1703/1703/1703 2147/2147/2147 2146/2146/2146
f 758/758/758 759/759/759 2094/2094/2094
f 758/758/758 2094/2094/2094 2093/2093/2093
f 1384/1384/1384 1382/1382/1382 2130/2130/2130
f 1384/1384/1384 2130/2130/2130 2132/2132/2132
f 2069/2069/2069 1375/1375/1375 2123/2123/2123
f 2069/2069/2069 2123/2123/2123 2157/2157/2157
f 1704/1704/1704 1705/1705/1705 2148/2148/2148
f 1704/1704/1704 2148/2148/2148 2147/2147/2147
f 759/759/759 741/741/741 2076/2076/2076
f 759/759/759 2076/2076/2076 2094/2094/2094
f 1366/1366/1366 1384/1384/1384 2132/2132/2132
f 1366/1366/1366 2132/2132/2132 2114/2114/2114
f 1705/1705/1705 1707/1707/1707 2150/2150/2150
f 1705/1705/1705 2150/2150/2150 2148/2148/2148
f 1706/1706/1706 1708/1708/1708 2151/2151/2151
f 1706/1706/1706 2151/2151/2151 2149/2149/2149
f 1708/1708/1708 1690/1690/1690 2133/2133/2133
f 1708/1708/1708 2133/2133/2133 2151/2151/2151
f 1046/1046/1046 1045/1045/1045 2095/2095/2095
f 1046/1046/1046 2095/2095/2095 2096/2096/2096
f 1047/1047/1047 1046/1046/1046 2096/2096/2096
f 1047/1047/1047 2096/2096/2096 2097/2097/2097
f 1048/1048/1048 1047/1047/1047 2097/2097/2097
f 1048/1048/1048 2097/2097/2097 2098/2098/2098
f 1049/1049/1049 1048/1048/1048 2098/2098/2098
f 1049/1049/1049 2098/2098/2098 2099/2099/2099
f 1050/1050/1050 1049/1049/1049 2099/2099/2099
f 1050/1050/1050 2099/2099/2099 2100/2100/2100
f 1051/1051/1051 1050/1050/1050 2100/2100/2100
f 1051/1051/1051 2100/2100/2100 2101/2101/2101
f 2018/2018/2018 1054/1054/1054 2104/2104/2104
f 2018/2018/2018 2104/2104/2104 2154/2154/2154
f 2060/2060/2060 1987/1987/1987 2152/2152/2152
f 2060/2060/2060 2152/2152/2152 2156/2156/2156
f 741/741/741 742/742/742 2077/2077/2077
f 741/741/741 2077/2077/2077 2076/2076/2076
f 1052/1052/1052 1051/1051/1051 2101/2101/2101
f 1052/1052/1052 2101/2101/2101 2102/2102/2102
f 1367/1367/1367 1366/1366/1366 2114/2114/2114
f 1367/1367/1367 2114/2114/2114 2115/2115/2115
f 742/742/742 743/743/743 2078/2078/2078
f 742/742/742 2078/2078/2078 2077/2077/2077
f 1053/1053/1053 1052/1052/1052 2102/2102/2102
f 1053/1053/1053 2102/2102/2102 2103/2103/2103
f 1368/1368/1368 1367/1367/1367 2115/2115/2115
f 1368/1368/1368 2115/2115/2115 2116/2116/2116
f 743/743/743 744/744/744 2079/2079/2079
f 743/743/743 2079/2079/2079 2078/2078/2078
f 1054/1054/1054 1053/1053/1053 2103/2103/2103
f 1054/1054/1054 2103/2103/2103 2104/2104/2104
f 1369/1369/1369 1368/1368/1368 2116/2116/2116
f 1369/1369/1369 2116/2116/2116 2117/2117/2117
f 1690/1690/1690 1691/1691/1691 2134/2134/2134
f 1690/1690/1690 2134/2134/2134 2133/2133/2133
f 744/744/744 745/745/745 2080/2080/2080
f 744/744/744 2080/2080/2080 2079/2079/2079
f 1055/1055/1055 2018/2018/2018 2154/2154/2154
f 1055/1055/1055 2154/2154/2154 2105/2105/2105
f 1370/1370/1370 1369/1369/1369 2117/2117/2117
f 1370/1370/1370 2117/2117/2117 2118/2118/2118
f 1691/1691/1691 1692/1692/1692 2135/2135/2135
f 1691/1691/1691 2135/2135/2135 2134/2134/2134
f 745/745/745 746/746/746 2081/2081/2081
f 745/745/745 2081/2081/2081 2080/2080/2080
f 1056/1056/1056 1055/1055/1055 2105/2105/2105
f 1056/1056/1056 2105/2105/2105 2106/2106/2106
f 1371/1371/1371 1370/1370/1370 2118/2118/2118
f 1371/1371/1371 2118/2118/2118 2119/2119/2119
f 1692/1692/1692 1693/1693/1693 2136/2136/2136
f 1692/1692/1692 2136/2136/2136 2135/2135/2135
f 746/746/746 747/747/747 2082/2082/2082
f 746/746/746 2082/2082/2082 2081/2081/2081
f 1057/1057/1057 1056/1056/1056 2106/2106/2106
f 1057/1057/1057 2106/2106/2106 2107/2107/2107
f 1372/1372/1372 1371/1371/1371 2119/2119/2119
f 1372/1372/1372 2119/2119/2119 2120/2120/2120
f 1693/1693/1693 1694/1694/1694 2137/2137/2137
f 1693/1693/1693 2137/2137/2137 2136/2136/2136
f 747/747/747 748/748/748 2083/2083/2083
f 747/747/747 2083/2083/2083 2082/2082/2082
f 1058/1058/1058 1057/1057/1057 2107/2107/2107
f 1058/1058/1058 2107/2107/2107 2108/2108/2108
f 1373/1373/1373 1372/1372/1372 2120/2120/2120
f 1373/1373/1373 2120/2120/2120 2121/2121/2121
f 1694/1694/1694 1695/1695/1695 2138/2138/2138
f 1694/1694/1694 2138/2138/2138 2137/2137/2137
f 748/748/748 749/749/749 2084/2084/2084
f 748/748/748 2084/2084/2084 2083/2083/2083
f 1059/1059/1059 1058/1058/1058 2108/2108/2108
f 1059/1059/1059 2108/2108/2108 2109/2109/2109
f 2141/2141/2141 2142/2142/2142 2161/2161/2161
f 2115/2115/2115 2114/2114/2114 2160/2160/2160
f 2086/2086/2086 2087/2087/2087 2158/2158/2158
f 2155/2155/2155 2143/2143/2143 2161/2161/2161
f 2116/2116/2116 2115/2115/2115 2160/2160/2160
f 2087/2087/2087 2088/2088/2088 2158/2158/2158
f 2143/2143/2143 2144/2144/2144 2161/2161/2161
f 2117/2117/2117 2116/2116/2116 2160/2160/2160
f 2088/2088/2088 2089/2089/2089 2158/2158/2158
f 2144/2144/2144 2145/2145/2145 2161/2161/2161
f 2118/2118/2118 2117/2117/2117 2160/2160/2160
f 2089/2089/2089 2090/2090/2090 2158/2158/2158
f 2145/2145/2145 2146/2146/2146 2161/2161/2161
f 2119/2119/2119 2118/2118/2118 2160/2160/2160
f 2090/2090/2090 2091/2091/2091 2158/2158/2158
f 2146/2146/2146 2147/2147/2147 2161/2161/2161
f 2120/2120/2120 2119/2119/2119 2160/2160/2160
f 2091/2091/2091 2092/2092/2092 2158/2158/2158
f 2147/2147/2147 2148/2148/2148 2161/2161/2161
f 2121/2121/2121 2120/2120/2120 2160/2160/2160
f 2093/2093/2093 2094/2094/2094 2158/2158/2158
f 2148/2148/2148 2150/2150/2150 2161/2161/2161
f 2122/2122/2122 2121/2121/2121 2160/2160/2160
f 2094/2094/2094 2076/2076/2076 2158/2158/2158
f 2149/2149/2149 2151/2151/2151 2161/2161/2161
f 2123/2123/2123 2122/2122/2122 2160/2160/2160
f 2096/2096/2096 2095/2095/2095 2159/2159/2159
f 2151/2151/2151 2133/2133/2133 2161/2161/2161
f 2124/2124/2124 2153/2153/2153 2160/2160/2160
f 2097/2097/2097 2096/2096/2096 2159/2159/2159
f 2156/2156/2156 2152/2152/2152 2158/2158/2158
f 2125/2125/2125 2124/2124/2124 2160/2160/2160
f 2098/2098/2098 2097/2097/2097 2159/2159/2159
f 2153/2153/2153 2157/2157/2157 2160/2160/2160
f 2126/2126/2126 2125/2125/2125 2160/2160/2160
f 2099/2099/2099 2098/2098/2098 2159/2159/2159
f 2154/2154/2154 2104/2104/2104 2159/2159/2159
f 2127/2127/2127 2126/2126/2126 2160/2160/2160
f 2100/2100/2100 2099/2099/2099 2159/2159/2159
f 2142/2142/2142 2155/2155/2155 2161/2161/2161
f 2128/2128/2128 2127/2127/2127 2160/2160/2160
f 2101/2101/2101 2100/2100/2100 2159/2159/2159
f 2085/2085/2085 2156/2156/2156 2158/2158/2158
f 2129/2129/2129 2128/2128/2128 2160/2160/2160
f 2102/2102/2102 2101/2101/2101 2159/2159/2159
f 2157/2157/2157 2123/2123/2123 2160/2160/2160
f 2131/2131/2131 2129/2129/2129 2160/2160/2160
f 2103/2103/2103 2102/2102/2102 2159/2159/2159
f 2132/2132/2132 2130/2130/2130 2160/2160/2160
f 2104/2104/2104 2103/2103/2103 2159/2159/2159
f 2076/2076/2076 2077/2077/2077 2158/2158/2158
f 2114/2114/2114 2132/2132/2132 2160/2160/2160
f 2105/2105/2105 2154/2154/2154 2159/2159/2159
f 2077/2077/2077 2078/2078/2078 2158/2158/2158
f 2133/2133/2133 2134/2134/2134 2161/2161/2161
f 2106/2106/2106 2105/2105/2105 2159/2159/2159
f 2078/2078/2078 2079/2079/2079 2158/2158/2158
f 2134/2134/2134 2135/2135/2135 2161/2161/2161
f 2107/2107/2107 2106/2106/2106 2159/2159/2159
f 2079/2079/2079 2080/2080/2080 2158/2158/2158
f 2135/2135/2135 2136/2136/2136 2161/2161/2161
f 2108/2108/2108 2107/2107/2107 2159/2159/2159
f 2080/2080/2080 2081/2081/2081 2158/2158/2158
f 2136/2136/2136 2137/2137/2137 2161/2161/2161
f 2109/2109/2109 2108/2108/2108 2159/2159/2159
f 2081/2081/2081 2082/2082/2082 2158/2158/2158
f 2137/2137/2137 2138/2138/2138 2161/2161/2161
f 2110/2110/2110 2109/2109/2109 2159/2159/2159
f 2082/2082/2082 2083/2083/2083 2158/2158/2158
f 2138/2138/2138 2139/2139/2139 2161/2161/2161
f 2112/2112/2112 2110/2110/2110 2159/2159/2159
f 2083/2083/2083 2084/2084/2084 2158/2158/2158
f 2139/2139/2139 2140/2140/2140 2161/2161/2161
f 2113/2113/2113 2111/2111/2111 2159/2159/2159
f 2084/2084/2084 2085/2085/2085 2158/2158/2158
f 2140/2140/2140 2141/2141/2141 2161/2161/2161
f 2095/2095/2095 2113/2113/2113 2159/2159/2159
f 2152/2152/2152 2086/2086/2086 2158/2158/2158
f 167/167/167 2174/2174/2174 2167/2167/2167
f 167/167/167 2167/2167/2167 168/168/168
f 267/267/267 268/268/268 2170/2170/2170
f 267/267/267 2170/2170/2170 2169/2169/2169
f 266/266/266 264/264/264 2168/2168/2168
f 266/266/266 2168/2168/2168 2167/2167/2167
f 270/270/270 260/260/260 2172/2172/2172
f 270/270/270 2172/2172/2172 2164/2164/2164
f 264/264/264 274/274/274 2178/2178/2178
f 264/264/264 2178/2178/2178 2168/2168/2168
f 275/275/275 267/267/267 2169/2169/2169
f 275/275/275 2169/2169/2169 2166/2166/2166
f 276/276/276 273/273/273 2177/2177/2177
f 276/276/276 2177/2177/2177 2171/2171/2171
f 171/171/171 2173/2173/2173 2162/2162/2162
f 171/171/171 2162/2162/2162 172/172/172
f 174/174/174 2172/2172/2172 2165/2165/2165
f 174/174/174 2165/2165/2165 175/175/175
f 268/268/268 276/276/276 2171/2171/2171
f 268/268/268 2171/2171/2171 2170/2170/2170
f 261/261/261 275/275/275 2166/2166/2166
f 261/261/261 2166/2166/2166 2165/2165/2165
f 166/166/166 2175/2175/2175 2174/2174/2174
f 166/166/166 2174/2174/2174 167/167/167
f 274/274/274 262/262/262 2173/2173/2173
f 274/274/274 2173/2173/2173 2178/2178/2178
f 165/165/165 180/180/180 2176/2176/2176
f 165/165/165 2176/2176/2176 2163/2163/2163
f 271/271/271 269/269/269 2175/2175/2175
f 271/271/271 2175/2175/2175 2163/2163/2163
f 263/263/263 270/270/270 2164/2164/2164
f 263/263/263 2164/2164/2164 2162/2162/2162
f 430/430/430 431/431/431 2184/2184/2184
f 430/430/430 2184/2184/2184 2191/2191/2191
f 530/530/530 2186/2186/2186 2187/2187/2187
f 530/530/530 2187/2187/2187 531/531/531
f 529/529/529 2184/2184/2184 2185/2185/2185
f 529/529/529 2185/2185/2185 527/527/527
f 533/533/533 2181/2181/2181 2189/2189/2189
f 533/533/533 2189/2189/2189 523/523/523
f 527/527/527 2185/2185/2185 2195/2195/2195
f 527/527/527 2195/2195/2195 537/537/537
f 439/439/439 440/440/440 2186/2186/2186
f 439/439/439 2186/2186/2186 2183/2183/2183
f 539/539/539 2188/2188/2188 2193/2193/2193
f 539/539/539 2193/2193/2193 535/535/535
f 434/434/434 435/435/435 2179/2179/2179
f 434/434/434 2179/2179/2179 2190/2190/2190
f 437/437/437 438/438/438 2182/2182/2182
f 437/437/437 2182/2182/2182 2189/2189/2189
f 531/531/531 2187/2187/2187 2188/2188/2188
f 531/531/531 2188/2188/2188 539/539/539
f 524/524/524 2182/2182/2182 2183/2183/2183
f 524/524/524 2183/2183/2183 538/538/538
f 429/429/429 430/430/430 2191/2191/2191
f 429/429/429 2191/2191/2191 2192/2192/2192
f 537/537/537 2195/2195/2195 2190/2190/2190
f 537/537/537 2190/2190/2190 525/525/525
f 428/428/428 2180/2180/2180 2194/2194/2194
f 428/428/428 2194/2194/2194 444/444/444
f 534/534/534 2180/2180/2180 2192/2192/2192
f 534/534/534 2192/2192/2192 532/532/532
f 526/526/526 2179/2179/2179 2181/2181/2181
f 526/526/526 2181/2181/2181 533/533/533
f 2226/2226/2226 2222/2222/2222 2224/2224/2224
f 2226/2226/2226 2224/2224/2224 2227/2227/2227
f 2227/2227/2227 2224/2224/2224 2223/2223/2223
f 2227/2227/2227 2223/2223/2223 2225/2225/2225
f 2245/2245/2245 2240/2240/2240 2242/2242/2242
f 2245/2245/2245 2242/2242/2242 2246/2246/2246
f 2246/2246/2246 2242/2242/2242 2241/2241/2241
f 2246/2246/2246 2241/2241/2241 2244/2244/2244
f 2248/2248/2248 2196/2196/2196 2200/2200/2200
f 2248/2248/2248 2200/2200/2200 2249/2249/2249
f 2249/2249/2249 2200/2200/2200 2198/2198/2198
f 2249/2249/2249 2198/2198/2198 2247/2247/2247
f 2220/2220/2220 2216/2216/2216 2218/2218/2218
f 2220/2220/2220 2218/2218/2218 2221/2221/2221
f 2221/2221/2221 2218/2218/2218 2217/2217/2217
f 2221/2221/2221 2217/2217/2217 2219/2219/2219
f 2229/2229/2229 2226/2226/2226 2227/2227/2227
f 2229/2229/2229 2227/2227/2227 2230/2230/2230
f 2230/2230/2230 2227/2227/2227 2225/2225/2225
f 2230/2230/2230 2225/2225/2225 2228/2228/2228
f 2238/2238/2238 2234/2234/2234 2236/2236/2236
f 2238/2238/2238 2236/2236/2236 2239/2239/2239
f 2239/2239/2239 2236/2236/2236 2235/2235/2235
f 2239/2239/2239 2235/2235/2235 2237/2237/2237
f 2247/2247/2247 2245/2245/2245 2246/2246/2246
f 2247/2247/2247 2246/2246/2246 2249/2249/2249
f 2249/2249/2249 2246/2246/2246 2243/2243/2243
f 2249/2249/2249 2243/2243/2243 2248/2248/2248
f 2232/2232/2232 2229/2229/2229 2230/2230/2230
f 2232/2232/2232 2230/2230/2230 2233/2233/2233
f 2233/2233/2233 2230/2230/2230 2228/2228/2228
f 2233/2233/2233 2228/2228/2228 2231/2231/2231
f 2208/2208/2208 2202/2202/2202 2205/2205/2205
f 2208/2208/2208 2205/2205/2205 2209/2209/2209
f 2209/2209/2209 2205/2205/2205 2204/2204/2204
f 2209/2209/2209 2204/2204/2204 2206/2206/2206
f 2203/2203/2203 2199/2199/2199 2201/2201/2201
f 2203/2203/2203 2201/2201/2201 2205/2205/2205
f 2205/2205/2205 2201/2201/2201 2197/2197/2197
f 2205/2205/2205 2197/2197/2197 2204/2204/2204
f 2211/2211/2211 2207/2207/2207 2209/2209/2209
f 2211/2211/2211 2209/2209/2209 2212/2212/2212
f 2212/2212/2212 2209/2209/2209 2206/2206/2206
f 2212/2212/2212 2206/2206/2206 2210/2210/2210
f 2214/2214/2214 2211/2211/2211 2212/2212/2212
f 2214/2214/2214 2212/2212/2212 2215/2215/2215
f 2215/2215/2215 2212/2212/2212 2210/2210/2210
f 2215/2215/2215 2210/2210/2210 2213/2213/2213
f 2213/2213/2213 2217/2217/2217 2218/2218/2218
f 2213/2213/2213 2218/2218/2218 2215/2215/2215
f 2215/2215/2215 2218/2218/2218 2216/2216/2216
f 2215/2215/2215 2216/2216/2216 2214/2214/2214
f 2222/2222/2222 2220/2220/2220 2221/2221/2221
f 2222/2222/2222 2221/2221/2221 2224/2224/2224
f 2224/2224/2224 2221/2221/2221 2219/2219/2219
f 2224/2224/2224 2219/2219/2219 2223/2223/2223
f 2234/2234/2234 2232/2232/2232 2233/2233/2233
f 2234/2234/2234 2233/2233/2233 2236/2236/2236
f 2236/2236/2236 2233/2233/2233 2231/2231/2231
f 2236/2236/2236 2231/2231/2231 2235/2235/2235
f 2240/2240/2240 2238/2238/2238 2239/2239/2239
f 2240/2240/2240 2239/2239/2239 2242/2242/2242
f 2242/2242/2242 2239/2239/2239 2237/2237/2237
f 2242/2242/2242 2237/2237/2237 2241/2241/2241
f 2248/2248/2248 327/327/327 325/325/325
f 2248/2248/2248 325/325/325 2196/2196/2196
f 2065/2065/2065 2061/2061/2061 849/849/849
f 2065/2065/2065 849/849/849 949/949/949
