# GloomhavenVR import — Poly Haven 'tree_stump_02' (CC0), processed by ph_pipeline.py
v 0.673143 -0.086443 0.218657
v 0.673143 -0.086443 0.218657
v 0.295613 0.111848 0.069715
v 0.295613 0.111848 0.069715
v 0.666642 -0.080044 0.219717
v 0.666642 -0.080044 0.219717
v 0.347993 0.082727 -0.021772
v 0.347993 0.082727 -0.021772
v 0.347993 0.082727 -0.021772
v 0.156516 0.187488 -0.203659
v 0.156516 0.187488 -0.203659
v 0.066013 0.139704 -0.215489
v 0.066013 0.139704 -0.215489
v -0.478704 -0.112308 -0.422713
v -0.478704 -0.112308 -0.422713
v 0.052308 0.149812 0.246076
v 0.052308 0.149812 0.246076
v -0.579327 -0.231376 0.484873
v -0.203185 0.266693 -0.053491
v -0.203185 0.266693 -0.053491
v 0.064287 0.131435 -0.221055
v -0.423332 -0.229024 0.594541
v 0.367307 0.038692 -0.330548
v 0.367307 0.038692 -0.330548
v -0.203607 0.268035 0.007507
v -0.203607 0.268035 0.007507
v 0.103139 0.182049 -0.190130
v 0.224861 0.157220 0.192790
v 0.224861 0.157220 0.192790
v -0.128061 -0.208469 -0.674308
v 0.033103 0.153824 0.269285
v 0.033103 0.153824 0.269285
v 0.137485 0.221988 -0.156435
v 0.137485 0.221988 -0.156435
v -0.713334 -0.205022 0.053790
v -0.642972 -0.156539 -0.121497
v -0.642972 -0.156539 -0.121497
v 0.340348 0.099444 0.134456
v 0.340348 0.099444 0.134456
v -0.633562 -0.231383 0.427618
v -0.005100 0.212152 -0.182044
v -0.005100 0.212152 -0.182044
v -0.120834 0.219614 0.204239
v -0.120834 0.219614 0.204239
v -0.453401 -0.229778 0.576795
v 0.490376 -0.199691 -0.603390
v 0.178657 0.057332 0.362344
v 0.178657 0.057332 0.362344
v 0.763603 -0.193346 -0.273567
v -0.334879 -0.052859 0.434409
v -0.334879 -0.052859 0.434409
v 0.312726 0.082021 -0.272505
v 0.312726 0.082021 -0.272505
v -0.090501 0.210188 0.232642
v -0.090501 0.210188 0.232642
v -0.349814 -0.015671 -0.311982
v -0.349814 -0.015671 -0.311982
v 0.733598 -0.206525 0.424915
v -0.251354 0.219904 0.011975
v -0.251354 0.219904 0.011975
v 0.442352 -0.211937 0.668076
v 0.239676 0.175031 0.063097
v 0.239676 0.175031 0.063097
v 0.160362 0.121327 -0.268156
v 0.160362 0.121327 -0.268156
v -0.041364 0.172830 0.276788
v -0.041364 0.172830 0.276788
v -0.244409 0.221128 0.036695
v -0.244409 0.221128 0.036695
v -0.684147 -0.223221 -0.310921
v -0.315017 0.085137 0.160262
v -0.315017 0.085137 0.160262
v -0.402346 -0.228744 0.607973
v 0.581711 -0.101589 0.460047
v 0.581711 -0.101589 0.460047
v 0.143919 0.054888 0.387639
v 0.143919 0.054888 0.387639
v -0.467036 0.046482 -0.060376
v -0.467036 0.046482 -0.060376
v 0.457451 -0.203361 -0.624106
v 0.158297 -0.114295 0.619955
v 0.158297 -0.114295 0.619955
v -0.281544 0.200442 0.011646
v 0.782726 -0.194837 0.247678
v 0.782726 -0.194837 0.247678
v 0.045506 -0.007883 -0.452359
v 0.045506 -0.007883 -0.452359
v -0.014601 0.200390 0.170509
v -0.014601 0.200390 0.170509
v 0.032576 0.165285 0.264470
v 0.032576 0.165285 0.264470
v 0.032576 0.165285 0.264470
v -0.186937 0.228793 0.069063
v -0.186937 0.228793 0.069063
v -0.238899 0.263175 -0.006160
v -0.238899 0.263175 -0.006160
v -0.423676 0.019225 -0.146100
v -0.423676 0.019225 -0.146100
v -0.500297 -0.142214 -0.441302
v -0.500297 -0.142214 -0.441302
v -0.213616 0.258606 0.071578
v -0.213616 0.258606 0.071578
v -0.362218 0.020113 -0.228374
v -0.324460 0.092464 -0.107934
v -0.324460 0.092464 -0.107934
v -0.502213 -0.039843 -0.218275
v -0.502213 -0.039843 -0.218275
v 0.447887 0.047443 -0.036790
v 0.447887 0.047443 -0.036790
v 0.528900 0.011506 0.179053
v 0.528900 0.011506 0.179053
v -0.309402 -0.168874 0.577850
v -0.309402 -0.168874 0.577850
v 0.290623 0.106116 -0.094211
v 0.290623 0.106116 -0.094211
v 0.184101 -0.149954 0.646716
v 0.184101 -0.149954 0.646716
v -0.332033 0.076283 0.150613
v -0.332033 0.076283 0.150613
v -0.497719 -0.040079 -0.223642
v -0.497719 -0.040079 -0.223642
v -0.193606 0.261452 0.028258
v -0.193606 0.261452 0.028258
v -0.281111 0.064048 0.245281
v -0.281111 0.064048 0.245281
v 0.293500 0.138865 0.137528
v 0.293500 0.138865 0.137528
v 0.028795 0.159217 0.267858
v 0.028795 0.159217 0.267858
v 0.224173 0.044506 -0.469780
v -0.310263 0.085621 -0.131438
v -0.310263 0.085621 -0.131438
v -0.210694 0.262776 -0.048469
v -0.210694 0.262776 -0.048469
v -0.191254 0.211028 0.056849
v 0.345801 0.084101 -0.014008
v 0.345801 0.084101 -0.014008
v -0.161125 0.053834 -0.205590
v -0.161125 0.053834 -0.205590
v -0.336570 -0.049249 0.425894
v -0.336570 -0.049249 0.425894
v 0.158080 0.190928 0.060309
v 0.158080 0.190928 0.060309
v -0.466980 -0.006873 -0.177143
v -0.417071 0.025506 0.046948
v -0.417071 0.025506 0.046948
v -0.320238 0.072684 -0.146408
v -0.320238 0.072684 -0.146408
v -0.320238 0.072684 -0.146408
v -0.108654 0.262670 -0.122628
v -0.108654 0.262670 -0.122628
v 0.691318 -0.107281 0.219865
v 0.691318 -0.107281 0.219865
v -0.333481 0.123141 0.089095
v -0.333481 0.123141 0.089095
v -0.284647 0.021255 -0.268088
v -0.284647 0.021255 -0.268088
v 0.122673 0.096977 -0.274008
v 0.122673 0.096977 -0.274008
v -0.345253 0.003496 0.253694
v -0.345253 0.003496 0.253694
v -0.181708 0.035480 -0.218776
v -0.181708 0.035480 -0.218776
v 0.125544 0.060567 0.386268
v 0.125544 0.060567 0.386268
v 0.696926 -0.106318 -0.103278
v 0.696926 -0.106318 -0.103278
v -0.311800 -0.208609 0.622793
v -0.311800 -0.208609 0.622793
v -0.203134 0.242526 0.032202
v -0.203134 0.242526 0.032202
v -0.301328 -0.133300 0.552499
v -0.301328 -0.133300 0.552499
v 0.251978 0.150026 0.182558
v 0.251978 0.150026 0.182558
v -0.116867 0.092829 -0.200854
v -0.116867 0.092829 -0.200854
v -0.229216 0.115509 0.222926
v -0.075434 0.253334 -0.125678
v -0.075434 0.253334 -0.125678
v -0.315075 0.145904 -0.023751
v -0.315075 0.145904 -0.023751
v -0.623974 -0.109293 -0.002801
v -0.623974 -0.109293 -0.002801
v -0.304250 0.002433 0.304708
v -0.304250 0.002433 0.304708
v -0.406800 0.008182 0.098451
v -0.406800 0.008182 0.098451
v 0.104729 0.056539 0.404781
v 0.104729 0.056539 0.404781
v -0.683016 -0.179175 0.012616
v -0.683016 -0.179175 0.012616
v -0.277432 0.091531 0.186152
v -0.277432 0.091531 0.186152
v -0.323734 0.161966 -0.003112
v -0.323734 0.161966 -0.003112
v -0.323734 0.161966 -0.003112
v 0.098708 0.176565 0.200406
v 0.098708 0.176565 0.200406
v -0.190551 0.126555 -0.165736
v -0.190551 0.126555 -0.165736
v -0.289564 0.072236 -0.151710
v -0.289564 0.072236 -0.151710
v 0.370737 0.069995 -0.023460
v 0.370737 0.069995 -0.023460
v -0.371072 0.069511 0.080992
v -0.371072 0.069511 0.080992
v 0.051312 -0.019609 -0.472237
v 0.051312 -0.019609 -0.472237
v -0.236899 0.223845 0.033921
v -0.236899 0.223845 0.033921
v 0.802523 -0.198718 0.042905
v -0.170476 0.209205 0.156802
v -0.170476 0.209205 0.156802
v -0.331662 -0.231018 0.650244
v -0.313110 0.144056 -0.044074
v -0.313110 0.144056 -0.044074
v 0.441013 0.060426 0.153145
v 0.441013 0.060426 0.153145
v 0.700694 -0.148278 0.355191
v 0.027207 0.049861 -0.266717
v 0.027207 0.049861 -0.266717
v -0.076268 0.248972 -0.138130
v -0.076268 0.248972 -0.138130
v 0.436971 0.009072 -0.370950
v 0.436971 0.009072 -0.370950
v -0.395356 0.000720 0.141396
v -0.395356 0.000720 0.141396
v -0.094704 -0.213060 -0.673977
v -0.010176 0.075869 -0.242662
v -0.010176 0.075869 -0.242662
v -0.281648 -0.211610 -0.663651
v -0.270234 0.028054 -0.254925
v -0.270234 0.028054 -0.254925
v -0.492136 0.045639 -0.017488
v -0.492136 0.045639 -0.017488
v -0.245277 0.120641 -0.132196
v -0.245277 0.120641 -0.132196
v 0.611308 -0.110042 0.431909
v 0.611308 -0.110042 0.431909
v -0.096447 0.212401 0.226509
v -0.096447 0.212401 0.226509
v -0.313320 0.003454 0.331611
v -0.313320 0.003454 0.331611
v 0.075049 0.136015 -0.212148
v 0.075049 0.136015 -0.212148
v 0.045779 -0.182520 -0.630540
v 0.045779 -0.182520 -0.630540
v -0.374564 0.018597 -0.211864
v -0.374564 0.018597 -0.211864
v 0.193233 -0.157770 0.653130
v 0.193233 -0.157770 0.653130
v -0.716943 -0.210990 -0.104495
v -0.711262 -0.207742 -0.110072
v -0.711262 -0.207742 -0.110072
v 0.803643 -0.201674 0.098173
v 0.628646 -0.206373 0.563724
v -0.195432 0.153237 -0.152481
v -0.195432 0.153237 -0.152481
v -0.717590 -0.208863 -0.085608
v -0.704519 -0.220395 -0.224332
v 0.714894 -0.207104 0.457812
v -0.180777 0.224491 0.122842
v -0.180777 0.224491 0.122842
v -0.385853 0.059228 0.061739
v -0.385853 0.059228 0.061739
v -0.255374 0.027224 -0.277387
v -0.255374 0.027224 -0.277387
v 0.670923 -0.205062 0.516417
v -0.697610 -0.221158 -0.259336
v -0.190440 0.184463 0.159643
v -0.190440 0.184463 0.159643
v 0.455193 0.046228 -0.038735
v 0.455193 0.046228 -0.038735
v 0.077072 -0.202866 -0.666823
v -0.138278 0.226722 0.160111
v -0.138278 0.226722 0.160111
v -0.668224 -0.229125 0.379634
v 0.758165 -0.206063 0.370997
v 0.596816 -0.165588 -0.473710
v 0.596816 -0.165588 -0.473710
v -0.517171 -0.231500 0.533123
v 0.622097 -0.206784 0.569715
v -0.702781 -0.223655 0.287437
v -0.411654 0.032559 0.045870
v -0.411654 0.032559 0.045870
v -0.576431 -0.232488 -0.487840
v -0.260545 0.010568 0.330577
v -0.260545 0.010568 0.330577
v -0.036952 0.177104 0.272917
v -0.036952 0.177104 0.272917
v 0.021591 0.222639 -0.149069
v 0.021591 0.222639 -0.149069
v -0.716796 -0.206213 -0.022622
v 0.415128 0.044639 -0.108777
v 0.415128 0.044639 -0.108777
v -0.468227 -0.229994 0.568078
v -0.576042 -0.090807 -0.210486
v -0.576042 -0.090807 -0.210486
v 0.568049 -0.129670 -0.459603
v 0.568049 -0.129670 -0.459603
v 0.699212 -0.116858 0.221956
v 0.699212 -0.116858 0.221956
v 0.593884 -0.027383 0.193160
v 0.593884 -0.027383 0.193160
v 0.704352 -0.206905 0.473240
v 0.103119 -0.202628 -0.666128
v 0.045113 -0.013907 -0.462519
v 0.045113 -0.013907 -0.462519
v -0.133578 0.049603 -0.212586
v -0.133578 0.049603 -0.212586
v 0.268278 -0.199973 0.700885
v 0.724275 -0.146765 0.239334
v 0.724275 -0.146765 0.239334
v -0.316821 -0.232010 0.657812
v 0.800656 -0.195202 -0.000472
v 0.729224 -0.206651 0.433308
v 0.802004 -0.201309 0.128929
v 0.785887 -0.190044 -0.146028
v 0.501818 -0.209526 0.638825
v 0.779978 -0.190360 -0.194435
v 0.550095 -0.208080 0.616301
v 0.803257 -0.200076 0.060239
v 0.594177 -0.209131 0.591903
v 0.774102 -0.189956 -0.228821
v 0.396373 0.062004 -0.026649
v 0.396373 0.062004 -0.026649
v 0.799479 -0.202655 0.177440
v 0.800845 -0.202212 0.149199
v 0.529582 0.011002 -0.045059
v 0.529582 0.011002 -0.045059
v 0.797464 -0.202817 0.211227
v 0.413673 0.062813 0.147251
v 0.413673 0.062813 0.147251
v 0.557682 -0.207977 0.612276
v 0.655830 -0.073292 -0.088984
v 0.655830 -0.073292 -0.088984
v 0.500143 0.027428 0.181840
v 0.500143 0.027428 0.181840
v 0.607858 -0.046637 -0.072303
v 0.607858 -0.046637 -0.072303
v 0.564947 -0.208243 0.608385
v 0.478439 0.038171 0.173524
v 0.478439 0.038171 0.173524
v 0.422631 0.056801 0.144372
v 0.422631 0.056801 0.144372
v 0.608518 -0.207900 0.581209
v 0.449898 0.055897 0.154679
v 0.449898 0.055897 0.154679
v 0.754128 -0.206227 0.380626
v 0.605207 -0.103370 0.424619
v 0.605207 -0.103370 0.424619
v 0.787153 -0.207545 0.287781
v 0.544612 0.002504 0.182807
v 0.544612 0.002504 0.182807
v 0.775709 -0.208202 0.327292
v 0.753823 -0.175531 0.245430
v 0.753823 -0.175531 0.245430
v 0.427571 0.055449 0.178066
v 0.427571 0.055449 0.178066
v 0.643848 -0.061223 0.208045
v 0.643848 -0.061223 0.208045
v 0.795194 -0.203913 0.242409
v 0.790704 -0.191970 -0.104210
v 0.787875 -0.189942 -0.130134
v 0.548975 -0.006820 -0.051710
v 0.548975 -0.006820 -0.051710
v 0.634991 -0.206201 0.557530
v 0.803813 -0.201530 0.088138
v 0.542508 -0.208194 0.620325
v 0.591558 -0.102829 0.456216
v 0.591558 -0.102829 0.456216
v 0.744559 -0.152700 -0.111606
v 0.744559 -0.152700 -0.111606
v 0.761992 -0.206440 0.361907
v 0.582669 -0.080772 0.436432
v 0.509487 0.024355 0.182195
v 0.509487 0.024355 0.182195
v 0.741899 -0.206389 0.407992
v 0.416456 -0.209269 0.680247
v 0.769159 -0.207436 0.344240
v 0.772554 -0.207852 0.335635
v 0.719921 -0.207056 0.449842
v 0.788957 -0.190286 -0.122087
v 0.698764 -0.206546 0.480541
v 0.718727 -0.140032 0.233050
v 0.718727 -0.140032 0.233050
v 0.461460 0.046275 0.164245
v 0.461460 0.046275 0.164245
v 0.464825 -0.211702 0.658100
v 0.457458 -0.212187 0.661596
v 0.566045 -0.081123 0.422795
v 0.566045 -0.081123 0.422795
v 0.586453 -0.209484 0.596452
v 0.534534 -0.208553 0.624453
v 0.435984 -0.210504 0.671997
v 0.601508 -0.208517 0.586734
v 0.509795 -0.209375 0.635261
v 0.518177 -0.209143 0.631922
v 0.395162 0.053517 0.210757
v 0.395162 0.053517 0.210757
v 0.468327 0.044532 0.170750
v 0.468327 0.044532 0.170750
v 0.765995 -0.192365 -0.264646
v 0.562973 -0.009141 0.189132
v 0.562973 -0.009141 0.189132
v 0.493843 -0.209679 0.642390
v 0.576152 -0.016729 0.189537
v 0.576152 -0.016729 0.189537
v 0.421115 0.050806 0.181338
v 0.421115 0.050806 0.181338
v 0.801084 -0.195833 0.008271
v 0.407329 0.047840 0.197741
v 0.407329 0.047840 0.197741
v 0.745865 -0.206324 0.399356
v 0.793236 -0.205296 0.257469
v 0.556230 0.003655 0.067539
v 0.613083 -0.038608 0.194930
v 0.613083 -0.038608 0.194930
v 0.789802 -0.191035 -0.114230
v 0.439403 0.047785 -0.034543
v 0.439403 0.047785 -0.034543
v 0.427230 0.047624 -0.029696
v 0.427230 0.047624 -0.029696
v 0.620177 -0.051790 -0.077565
v 0.620177 -0.051790 -0.077565
v 0.600092 -0.041911 -0.066461
v 0.600092 -0.041911 -0.066461
v 0.521998 0.014043 -0.043369
v 0.521998 0.014043 -0.043369
v 0.489244 0.026191 -0.049824
v 0.489244 0.026191 -0.049824
v 0.480402 0.035187 -0.045440
v 0.480402 0.035187 -0.045440
v 0.404371 0.065202 0.151134
v 0.404371 0.065202 0.151134
v 0.410657 0.054671 -0.026359
v 0.410657 0.054671 -0.026359
v 0.462688 0.042070 -0.041375
v 0.462688 0.042070 -0.041375
v 0.397446 -0.208267 0.685643
v 0.735593 -0.144991 -0.108327
v 0.735593 -0.144991 -0.108327
v 0.718748 -0.129146 -0.109526
v 0.718748 -0.129146 -0.109526
v 0.412045 0.049639 0.189801
v 0.412045 0.049639 0.189801
v 0.543698 -0.003423 -0.048995
v 0.543698 -0.003423 -0.048995
v 0.799537 -0.193327 -0.017969
v 0.643945 -0.066610 -0.084404
v 0.643945 -0.066610 -0.084404
v 0.801810 -0.197203 0.025625
v 0.781270 -0.190593 -0.186043
v 0.641265 -0.206124 0.551186
v 0.389336 0.052094 0.218381
v 0.389336 0.052094 0.218381
v 0.800137 -0.194457 -0.009220
v 0.726313 -0.136202 -0.106864
v 0.726313 -0.136202 -0.106864
v 0.792867 -0.192893 -0.082838
v -0.337669 -0.044470 0.416434
v -0.337669 -0.044470 0.416434
v 0.800352 -0.202418 0.158938
v 0.768182 -0.191588 -0.255658
v 0.802561 -0.201269 0.118694
v 0.737864 -0.206442 0.416494
v 0.799917 -0.202552 0.168450
v 0.802161 -0.198006 0.034262
v 0.780911 -0.208375 0.311175
v 0.586540 -0.023374 0.189581
v 0.586540 -0.023374 0.189581
v 0.395429 0.068918 0.155866
v 0.395429 0.068918 0.155866
v 0.785076 -0.190368 -0.153886
v 0.798545 -0.202969 0.195048
v 0.526356 -0.208848 0.628188
v 0.799037 -0.202836 0.186402
v 0.784218 -0.190562 -0.161822
v 0.506887 0.017783 -0.048593
v 0.506887 0.017783 -0.048593
v 0.791731 -0.192771 -0.093818
v 0.796550 -0.202973 0.227010
v 0.472192 -0.211217 0.654604
v -0.709330 -0.225927 0.247875
v 0.402277 0.047158 0.205546
v 0.402277 0.047158 0.205546
v 0.520547 0.015891 0.181927
v 0.520547 0.015891 0.181927
v 0.567086 -0.018281 -0.060138
v 0.567086 -0.018281 -0.060138
v 0.449897 -0.212550 0.664843
v 0.767252 -0.172038 -0.131512
v 0.767252 -0.172038 -0.131512
v 0.626096 -0.047841 0.199106
v 0.626096 -0.047841 0.199106
v 0.749961 -0.206354 0.390182
v 0.579177 -0.209195 0.600643
v 0.572133 -0.208639 0.604515
v 0.388841 -0.208232 0.687842
v 0.430629 0.059881 0.146477
v 0.430629 0.059881 0.146477
v 0.413853 0.050224 -0.102858
v 0.413853 0.050224 -0.102858
v 0.794314 -0.204578 0.249959
v 0.794314 -0.204578 0.249959
v 0.785343 -0.208064 0.295420
v 0.675702 -0.086410 -0.095234
v 0.675702 -0.086410 -0.095234
v 0.406413 -0.208701 0.683382
v 0.775729 -0.179542 -0.136331
v 0.775729 -0.179542 -0.136331
v 0.732471 -0.155782 0.242852
v 0.732471 -0.155782 0.242852
v 0.795918 -0.203402 0.234748
v 0.403486 0.062841 -0.025613
v 0.403486 0.062841 -0.025613
v 0.479364 -0.210557 0.650868
v 0.742212 -0.198163 -0.340372
v -0.462637 0.066910 -0.027164
v -0.462637 0.066910 -0.027164
v 0.556680 -0.195636 -0.562041
v -0.714491 -0.215784 -0.142755
v -0.313539 -0.214644 -0.657871
v -0.448316 0.007760 -0.141581
v -0.448316 0.007760 -0.141581
v -0.497448 -0.211592 -0.574041
v -0.111190 -0.210874 -0.674228
v -0.452983 0.048462 0.020920
v -0.452983 0.048462 0.020920
v -0.452983 0.048462 0.020920
v -0.452983 0.048462 0.020920
v 0.318309 -0.189017 -0.654201
v 0.383133 -0.200248 -0.647297
v -0.657086 -0.139623 0.000217
v -0.657086 -0.139623 0.000217
v -0.472819 0.045218 0.014127
v -0.472819 0.045218 0.014127
v -0.472819 0.045218 0.014127
v -0.625281 -0.231106 -0.429942
v -0.411924 0.101374 -0.039542
v -0.411924 0.101374 -0.039542
v -0.479348 -0.017074 -0.153679
v -0.479348 -0.017074 -0.153679
v 0.094505 -0.202875 -0.666345
v 0.745704 -0.197548 -0.332575
v 0.399454 -0.200423 -0.643928
v 0.698171 -0.195800 -0.419119
v -0.366077 0.023814 -0.231034
v -0.366077 0.023814 -0.231034
v 0.623257 -0.198619 -0.506379
v 0.623257 -0.198619 -0.506379
v -0.373942 0.009204 -0.236941
v -0.373942 0.009204 -0.236941
v 0.050090 -0.026598 -0.481899
v 0.050090 -0.026598 -0.481899
v -0.393388 0.110319 -0.027478
v -0.393388 0.110319 -0.027478
v -0.515669 -0.163159 -0.452792
v -0.515669 -0.163159 -0.452792
v -0.375216 0.065128 0.072331
v -0.375216 0.065128 0.072331
v 0.051769 -0.066204 -0.544787
v 0.051769 -0.066204 -0.544787
v 0.173231 -0.193935 -0.664939
v 0.738663 -0.198754 -0.348060
v 0.391295 -0.200330 -0.645614
v -0.634697 -0.120626 -0.005670
v -0.634697 -0.120626 -0.005670
v -0.612998 -0.096762 -0.003401
v -0.612998 -0.096762 -0.003401
v -0.551524 -0.065832 -0.195987
v -0.551524 -0.065832 -0.195987
v -0.376379 0.023870 -0.229776
v -0.376379 0.023870 -0.229776
v 0.058144 -0.201320 -0.667049
v 0.539939 -0.087161 -0.444747
v 0.539939 -0.087161 -0.444747
v 0.568926 -0.100229 0.452906
v 0.568926 -0.100229 0.452906
v 0.557010 -0.116039 -0.457059
v 0.557010 -0.116039 -0.457059
v -0.614997 -0.231930 -0.442777
v 0.543181 -0.195953 -0.571154
v -0.668278 -0.225984 -0.351041
v -0.678393 -0.224282 -0.327295
v -0.675203 -0.224796 -0.335278
v -0.070144 -0.214298 -0.672748
v -0.224516 -0.208227 -0.669455
v -0.349802 -0.215789 -0.649865
v 0.642480 -0.199751 -0.486877
v -0.466676 0.040476 -0.066489
v -0.466676 0.040476 -0.066489
v 0.416599 -0.201077 -0.640847
v -0.629935 -0.230568 -0.423784
v -0.367509 0.010962 -0.236364
v -0.367509 0.010962 -0.236364
v -0.378304 0.007145 -0.239122
v -0.378304 0.007145 -0.239122
v -0.424325 0.000570 -0.232736
v -0.424325 0.000570 -0.232736
v -0.497698 -0.034694 -0.202165
v -0.497698 -0.034694 -0.202165
v -0.712721 -0.205844 0.079231
v -0.573503 -0.083835 -0.185359
v -0.573503 -0.083835 -0.185359
v -0.448966 -0.208850 -0.610316
v -0.711374 -0.210593 0.120705
v -0.711634 -0.208003 0.104717
v -0.712959 -0.205470 0.070654
v -0.713185 -0.205111 0.045562
v -0.701080 -0.194316 0.011825
v -0.701080 -0.194316 0.011825
v -0.707424 -0.219810 -0.206769
v -0.716265 -0.207693 0.001901
v -0.716265 -0.207693 0.001901
v -0.716660 -0.207010 -0.014199
v -0.716931 -0.205417 -0.031045
v -0.717412 -0.205194 -0.040094
v -0.717794 -0.205238 -0.049104
v -0.711866 -0.213538 0.135270
v 0.465728 -0.202775 -0.618898
v -0.449809 -0.004420 -0.229452
v -0.449809 -0.004420 -0.229452
v -0.715246 -0.214484 -0.133159
v -0.578872 -0.081605 -0.135141
v -0.578872 -0.081605 -0.135141
v 0.570143 -0.195652 -0.552679
v -0.505885 -0.028663 -0.155022
v -0.505885 -0.028663 -0.155022
v -0.516852 -0.043224 -0.146013
v -0.516852 -0.043224 -0.146013
v -0.519980 -0.040467 -0.140718
v -0.519980 -0.040467 -0.140718
v 0.441614 -0.202717 -0.632974
v -0.532315 -0.172884 -0.456595
v -0.532315 -0.172884 -0.456595
v -0.400868 0.028480 -0.146799
v -0.400868 0.028480 -0.146799
v 0.693183 -0.206046 0.487825
v -0.418233 0.019908 -0.147483
v -0.418233 0.019908 -0.147483
v 0.045130 -0.186786 -0.638322
v 0.045130 -0.186786 -0.638322
v -0.025729 -0.210389 -0.670158
v 0.029060 -0.201662 -0.667499
v 0.041511 -0.036223 -0.499833
v 0.041511 -0.036223 -0.499833
v -0.659592 -0.169437 -0.113706
v -0.659592 -0.169437 -0.113706
v 0.522358 -0.197164 -0.584573
v 0.706393 -0.195929 -0.405745
v 0.710134 -0.196612 -0.399294
v -0.673454 -0.180534 -0.108436
v -0.673454 -0.180534 -0.108436
v 0.758771 -0.195589 -0.291292
v 0.085891 -0.203122 -0.666562
v -0.402707 0.001011 -0.228573
v -0.402707 0.001011 -0.228573
v -0.402707 0.001011 -0.228573
v -0.601346 -0.111828 -0.134462
v -0.601346 -0.111828 -0.134462
v -0.438125 0.079896 -0.039217
v -0.438125 0.079896 -0.039217
v -0.427079 0.076018 -0.066231
v -0.427079 0.076018 -0.066231
v -0.422203 0.075800 -0.054159
v -0.422203 0.075800 -0.054159
v -0.710813 -0.218577 -0.180055
v -0.460857 0.003495 -0.151065
v -0.460857 0.003495 -0.151065
v -0.400277 -0.211749 -0.633703
v -0.581431 -0.092678 -0.186545
v -0.581431 -0.092678 -0.186545
v -0.567773 -0.078098 -0.191256
v -0.567773 -0.078098 -0.191256
v -0.531895 0.010647 -0.016656
v -0.531895 0.010647 -0.016656
v -0.514005 0.030299 -0.022043
v -0.514005 0.030299 -0.022043
v -0.486089 0.043061 0.005123
v -0.486089 0.043061 0.005123
v -0.681337 -0.223787 -0.319173
v 0.403882 0.019378 -0.356609
v 0.403882 0.019378 -0.356609
v -0.464980 0.053935 0.013053
v -0.464980 0.053935 0.013053
v -0.483242 0.055301 -0.026664
v -0.483242 0.055301 -0.026664
v -0.473933 0.061485 -0.027714
v -0.473933 0.061485 -0.027714
v -0.473933 0.061485 -0.027714
v -0.467572 0.039135 0.018888
v -0.467572 0.039135 0.018888
v -0.418357 0.017527 0.047727
v -0.418357 0.017527 0.047727
v -0.457079 0.051125 0.022973
v -0.457079 0.051125 0.022973
v -0.427006 0.082186 -0.063024
v -0.560625 -0.022950 -0.012896
v -0.560625 -0.022950 -0.012896
v -0.654151 -0.229776 -0.380663
v -0.630907 -0.148738 -0.126930
v -0.630907 -0.148738 -0.126930
v 0.717358 -0.198083 -0.386582
v 0.727742 -0.199684 -0.367880
v -0.145788 -0.205767 -0.674137
v -0.692171 -0.187858 0.012235
v -0.692171 -0.187858 0.012235
v -0.408238 0.009831 0.088740
v -0.408238 0.009831 0.088740
v -0.450009 0.018081 -0.091766
v -0.450009 0.018081 -0.091766
v -0.552561 -0.058952 -0.138178
v -0.552561 -0.058952 -0.138178
v -0.523421 -0.214197 -0.547734
v -0.637817 -0.230050 -0.411001
v 0.050016 -0.120583 -0.571880
v 0.050016 -0.120583 -0.571880
v -0.078315 -0.213991 -0.673195
v -0.571566 -0.230507 -0.492561
v -0.571566 -0.230507 -0.492561
v -0.452190 0.020982 -0.084099
v -0.452190 0.020982 -0.084099
v 0.127411 -0.199146 -0.665802
v -0.512091 -0.212706 -0.560259
v -0.517989 -0.213391 -0.553985
v -0.392335 0.000621 0.149130
v -0.392335 0.000621 0.149130
v 0.416979 0.017813 -0.357257
v 0.416979 0.017813 -0.357257
v -0.364227 -0.215432 -0.645951
v -0.215078 -0.206807 -0.670104
v -0.391147 -0.212908 -0.637402
v -0.424389 -0.210101 -0.623207
v -0.432346 -0.209726 -0.619457
v -0.457426 -0.208568 -0.605233
v -0.554767 -0.218460 -0.510024
v -0.539951 -0.216893 -0.527915
v -0.306098 -0.213783 -0.659507
v -0.570349 -0.064185 -0.082335
v -0.263087 -0.211042 -0.665947
v -0.664446 -0.226581 -0.358795
v -0.603346 -0.084241 -0.007442
v -0.603346 -0.084241 -0.007442
v -0.136855 -0.207178 -0.674248
v -0.298422 -0.212884 -0.660990
v -0.433451 0.001528 -0.233357
v -0.433451 0.001528 -0.233357
v -0.197994 -0.203215 -0.671246
v 0.020486 -0.202614 -0.668087
v 0.003859 -0.204664 -0.668914
v -0.018627 -0.208927 -0.669826
v 0.517683 -0.055628 -0.427562
v 0.517683 -0.055628 -0.427562
v -0.039614 -0.212560 -0.670894
v 0.282717 -0.185633 -0.657145
v -0.568341 -0.035456 -0.010790
v -0.568341 -0.035456 -0.010790
v -0.510570 -0.034333 -0.152309
v -0.510570 -0.034333 -0.152309
v -0.335659 -0.215835 -0.652761
v -0.234140 -0.209246 -0.668692
v -0.119580 -0.209673 -0.674280
v -0.062019 -0.214286 -0.672189
v 0.326980 -0.190692 -0.653392
v 0.367263 -0.198997 -0.649278
v 0.375160 -0.199687 -0.648286
v -0.533770 -0.052634 -0.190742
v -0.533770 -0.052634 -0.190742
v -0.395213 0.055575 0.055514
v -0.395213 0.055575 0.055514
v 0.052701 -0.142633 -0.588556
v 0.052701 -0.142633 -0.588556
v -0.539655 0.001608 -0.014169
v -0.539655 0.001608 -0.014169
v 0.044522 -0.161997 -0.606240
v 0.044522 -0.161997 -0.606240
v -0.032576 -0.211730 -0.670538
v 0.237719 -0.188504 -0.660613
v 0.229304 -0.188428 -0.659269
v 0.212154 -0.191242 -0.663934
v 0.188444 -0.193009 -0.664675
v 0.196153 -0.192520 -0.664554
v -0.328334 -0.215556 -0.654428
v -0.411210 0.020502 -0.147310
v -0.411210 0.020502 -0.147310
v 0.050497 -0.075079 -0.550214
v 0.050497 -0.075079 -0.550214
v 0.048835 -0.056133 -0.528703
v 0.048835 -0.056133 -0.528703
v 0.689045 -0.197027 -0.432781
v 0.220271 -0.190593 -0.663481
v 0.291743 -0.185929 -0.656459
v -0.445187 0.005022 -0.126937
v -0.445187 0.005022 -0.126937
v 0.512217 -0.050842 -0.424588
v 0.512217 -0.050842 -0.424588
v 0.683965 -0.197896 -0.439622
v 0.047181 -0.108463 -0.566833
v 0.047181 -0.108463 -0.566833
v 0.452919 0.002810 -0.383122
v 0.452919 0.002810 -0.383122
v -0.446048 -0.078159 -0.401156
v -0.446048 -0.078159 -0.401156
v 0.490814 -0.033298 -0.413849
v 0.490814 -0.033298 -0.413849
v 0.473830 -0.011708 -0.395213
v 0.473830 -0.011708 -0.395213
v 0.462314 -0.003501 -0.383483
v 0.462314 -0.003501 -0.383483
v 0.636094 -0.199420 -0.493455
v 0.655228 -0.200491 -0.473460
v 0.748968 -0.197118 -0.324414
v 0.756453 -0.196638 -0.299887
v 0.761210 -0.194410 -0.282482
v -0.046653 -0.213390 -0.671250
v 0.204076 -0.191898 -0.664322
v 0.616777 -0.197970 -0.512737
v 0.610260 -0.197204 -0.519051
v 0.590367 -0.195991 -0.536777
v 0.576903 -0.195719 -0.547540
v 0.585906 -0.154648 -0.469906
v 0.585906 -0.154648 -0.469906
v 0.052297 -0.062098 -0.538150
v 0.052297 -0.062098 -0.538150
v 0.678881 -0.198811 -0.446461
v 0.536368 -0.196300 -0.575620
v -0.290399 -0.212075 -0.662390
v 0.498500 -0.198741 -0.598448
v -0.416532 -0.210472 -0.626955
v -0.618073 -0.131462 -0.131621
v -0.618073 -0.131462 -0.131621
v 0.119480 -0.200351 -0.665919
v -0.715880 -0.213266 -0.123587
v -0.689217 -0.222244 -0.293954
v -0.503766 0.038448 -0.028905
v -0.503766 0.038448 -0.028905
v 0.425053 -0.201639 -0.638560
v -0.454854 -0.085301 -0.407441
v -0.454854 -0.085301 -0.407441
v 0.648857 -0.200095 -0.480171
v 0.549935 -0.195760 -0.566609
v -0.703301 -0.200576 -0.111148
v -0.703301 -0.200576 -0.111148
v 0.485237 -0.023000 -0.403611
v 0.485237 -0.023000 -0.403611
v -0.712060 -0.215040 0.142564
v -0.589459 -0.102161 -0.185289
v -0.589459 -0.102161 -0.185289
v -0.466393 0.060325 -0.043224
v -0.466393 0.060325 -0.043224
v -0.430894 0.018746 -0.143968
v -0.430894 0.018746 -0.143968
v -0.623688 -0.136945 -0.127354
v -0.623688 -0.136945 -0.127354
v 0.180783 -0.193484 -0.664796
v 0.359417 -0.198178 -0.650264
v -0.413370 0.014090 0.065948
v -0.413370 0.014090 0.065948
v -0.420126 0.087696 -0.042131
v -0.420126 0.087696 -0.042131
v -0.565668 -0.226007 -0.498985
v -0.011524 -0.207464 -0.669494
v 0.375046 0.048605 0.233025
v 0.375046 0.048605 0.233025
v -0.439191 0.014721 -0.146086
v -0.439191 0.014721 -0.146086
v -0.392205 0.033244 -0.151677
v -0.392205 0.033244 -0.151677
v -0.419692 0.086600 -0.064445
v 0.067929 -0.202143 -0.667022
v -0.432932 0.050201 0.028968
v -0.432932 0.050201 0.028968
v -0.417979 0.052737 0.035349
v -0.417979 0.052737 0.035349
v 0.474026 -0.201961 -0.613643
v -0.540946 -0.054284 -0.136109
v -0.540946 -0.054284 -0.136109
v -0.471462 -0.101117 -0.417030
v -0.471462 -0.101117 -0.417030
v 0.597070 -0.196196 -0.531154
v -0.445757 0.077018 -0.034167
v -0.445757 0.077018 -0.034167
v -0.542337 -0.057780 -0.191605
v -0.542337 -0.057780 -0.191605
v 0.629700 -0.199082 -0.499972
v -0.534572 -0.216172 -0.534690
v -0.641570 -0.230974 -0.403596
v -0.527524 -0.048474 -0.194406
v -0.527524 -0.048474 -0.194406
v 0.394553 0.022824 -0.352788
v 0.394553 0.022824 -0.352788
v -0.609377 -0.232181 -0.449458
v 0.735015 -0.199130 -0.354794
v -0.412098 0.093517 -0.042392
v -0.412098 0.093517 -0.042392
v -0.416751 0.081998 -0.069587
v -0.416751 0.081998 -0.069587
v -0.416751 0.081998 -0.069587
v 0.351553 -0.196767 -0.651091
v 0.676503 -0.205043 0.509308
v 0.038533 -0.201199 -0.667270
v 0.038533 -0.201199 -0.667270
v 0.150651 -0.195876 -0.665394
v -0.445854 0.013698 -0.145771
v -0.445854 0.013698 -0.145771
v -0.445854 0.013698 -0.145771
v -0.711504 -0.209300 0.112711
v -0.525571 -0.169063 -0.454825
v -0.525571 -0.169063 -0.454825
v -0.711673 -0.212036 0.127976
v -0.444846 0.011444 -0.116442
v -0.444846 0.011444 -0.116442
v -0.553609 -0.014285 -0.011890
v -0.553609 -0.014285 -0.011890
v -0.466807 0.052506 -0.054154
v -0.466807 0.052506 -0.054154
v -0.589760 -0.093922 -0.136245
v -0.589760 -0.093922 -0.136245
v -0.458122 0.056104 0.018274
v -0.458122 0.056104 0.018274
v -0.493056 -0.024402 -0.153956
v -0.493056 -0.024402 -0.153956
v 0.372300 -0.208956 0.692046
v -0.713639 -0.216901 -0.152378
v -0.712704 -0.217618 -0.161818
v -0.717374 -0.209893 -0.094979
v -0.712434 -0.206255 0.087803
v -0.715489 -0.207387 0.010342
v -0.562471 -0.216834 -0.490747
v -0.562471 -0.216834 -0.490747
v -0.637339 -0.152442 -0.123699
v -0.637339 -0.152442 -0.123699
v 0.264522 -0.186327 -0.658302
v -0.420739 0.014467 0.056417
v -0.420739 0.014467 0.056417
v -0.671758 -0.225357 -0.343167
v 0.043775 -0.170859 -0.615526
v 0.043775 -0.170859 -0.615526
v -0.424760 0.071699 -0.058257
v -0.424760 0.071699 -0.058257
v 0.039590 -0.190596 -0.648135
v 0.039590 -0.190596 -0.648135
v -0.489728 -0.210960 -0.580734
v 0.048338 -0.201260 -0.667159
v 0.724291 -0.199278 -0.374101
v -0.657366 -0.228529 -0.373501
v -0.714248 -0.206079 0.028043
v -0.713582 -0.205516 0.036931
v -0.367212 0.019100 -0.217423
v -0.367212 0.019100 -0.217423
v -0.647893 -0.231592 -0.393572
v -0.559779 -0.221528 -0.505389
v -0.547872 -0.007638 -0.013855
v -0.547872 -0.007638 -0.013855
v -0.462497 0.049629 0.023931
v -0.490904 -0.037718 -0.283901
v -0.521502 -0.046294 -0.195777
v -0.521502 -0.046294 -0.195777
v -0.716463 -0.207348 -0.006149
v 0.255555 -0.186794 -0.658619
v 0.525263 -0.064907 -0.433219
v 0.525263 -0.064907 -0.433219
v -0.482011 -0.210360 -0.587429
v 0.653509 -0.206027 0.537217
v 0.751901 -0.197133 -0.316301
v -0.432589 -0.068013 -0.394136
v -0.432589 -0.068013 -0.394136
v -0.424277 0.049582 0.034836
v -0.424277 0.049582 0.034836
v -0.381861 0.060418 0.068708
v -0.381861 0.060418 0.068708
v -0.649788 -0.162111 -0.119796
v -0.649788 -0.162111 -0.119796
v -0.574335 -0.047516 -0.005137
v -0.574335 -0.047516 -0.005137
v -0.400501 0.051250 0.044341
v -0.400501 0.051250 0.044341
v -0.400501 0.051250 0.044341
v -0.695338 -0.196232 -0.112100
v -0.695338 -0.196232 -0.112100
v -0.712149 -0.216599 0.149880
v -0.372211 0.023532 -0.223602
v -0.372211 0.023532 -0.223602
v -0.608763 -0.120711 -0.134751
v -0.608763 -0.120711 -0.134751
v -0.164765 -0.202622 -0.673344
v 0.497106 -0.041379 -0.420799
v 0.497106 -0.041379 -0.420799
v -0.382176 0.014210 -0.213254
v -0.382176 0.014210 -0.213254
v 0.137560 0.068579 0.375031
v 0.047649 0.089600 -0.234242
v -0.311091 -0.227478 0.652744
v -0.311091 -0.227478 0.652744
v -0.253729 0.210967 0.042025
v -0.253729 0.210967 0.042025
v -0.318901 0.002599 0.279607
v -0.318901 0.002599 0.279607
v -0.666112 -0.155000 0.004631
v -0.666112 -0.155000 0.004631
v -0.306068 0.158360 0.048082
v -0.710332 -0.221748 0.194155
v -0.201945 0.249544 0.034471
v -0.165351 0.068932 0.387350
v -0.165351 0.068932 0.387350
v 0.778310 -0.208288 0.319233
v 0.048967 0.007885 -0.423387
v 0.048967 0.007885 -0.423387
v -0.165352 0.048688 -0.206741
v -0.165352 0.048688 -0.206741
v 0.560326 -0.029600 -0.226460
v -0.318101 0.161682 0.002479
v -0.318101 0.161682 0.002479
v -0.328358 -0.031486 0.375052
v -0.328358 -0.031486 0.375052
v 0.023028 -0.204573 0.713141
v -0.020117 0.137775 0.304941
v -0.020117 0.137775 0.304941
v -0.713146 -0.205246 0.062222
v 0.129511 -0.066392 0.584444
v 0.129511 -0.066392 0.584444
v 0.773332 -0.188713 0.247706
v 0.773332 -0.188713 0.247706
v -0.246320 0.016424 0.313826
v -0.246320 0.016424 0.313826
v -0.250720 0.029521 -0.271982
v -0.250720 0.029521 -0.271982
v 0.028635 0.220215 -0.144407
v 0.028635 0.220215 -0.144407
v -0.138557 0.053160 -0.210238
v -0.138557 0.053160 -0.210238
v -0.144352 0.074593 0.392537
v -0.144352 0.074593 0.392537
v -0.082380 0.253150 -0.136938
v -0.082380 0.253150 -0.136938
v -0.389038 -0.229119 0.617093
v -0.242167 0.127858 -0.131322
v -0.242167 0.127858 -0.131322
v 0.328579 -0.208804 0.698319
v -0.220676 0.084401 -0.164112
v 0.248777 0.040072 0.392947
v 0.248777 0.040072 0.392947
v -0.313880 0.140733 -0.028831
v -0.313880 0.140733 -0.028831
v -0.215013 0.264745 0.004849
v -0.215013 0.264745 0.004849
v -0.198077 0.232686 0.098789
v -0.198077 0.232686 0.098789
v -0.279989 0.023079 -0.260193
v -0.279989 0.023079 -0.260193
v 0.338860 0.057354 -0.303460
v 0.338860 0.057354 -0.303460
v -0.408978 -0.210620 -0.630064
v -0.382016 -0.213911 -0.640517
v 0.115417 -0.041278 0.563279
v 0.115417 -0.041278 0.563279
v -0.049849 0.074318 -0.224160
v -0.049849 0.074318 -0.224160
v 0.803486 -0.200589 0.069419
v -0.469681 -0.004118 -0.153824
v -0.469681 -0.004118 -0.153824
v 0.449495 -0.203149 -0.628610
v 0.154355 0.170498 0.182072
v 0.154355 0.170498 0.182072
v -0.326309 0.125224 0.086342
v -0.326309 0.125224 0.086342
v 0.208158 0.198295 -0.080058
v 0.208158 0.198295 -0.080058
v 0.208388 0.134420 -0.260308
v 0.208388 0.134420 -0.260308
v -0.327064 0.072755 -0.153010
v -0.327064 0.072755 -0.153010
v 0.364366 -0.209682 0.694055
v 0.259378 0.073508 0.406511
v -0.242786 0.007236 0.329377
v -0.242786 0.007236 0.329377
v -0.404397 0.021394 -0.145524
v -0.404397 0.021394 -0.145524
v -0.188596 -0.202074 -0.671910
v -0.505101 -0.212129 -0.567093
v 0.422374 0.052734 -0.031557
v 0.422374 0.052734 -0.031557
v -0.161984 0.058634 -0.197322
v -0.161984 0.058634 -0.197322
v -0.241152 0.220010 0.026658
v -0.241152 0.220010 0.026658
v -0.257824 0.082057 0.234812
v -0.257824 0.082057 0.234812
v -0.257824 0.082057 0.234812
v -0.032903 -0.214430 0.716994
v -0.333831 0.069662 -0.155730
v -0.333831 0.069662 -0.155730
v 0.141708 0.164357 -0.223161
v -0.562811 -0.068662 -0.140094
v -0.562811 -0.068662 -0.140094
v -0.706426 -0.224919 0.264090
v -0.010639 0.109840 -0.228170
v -0.010639 0.109840 -0.228170
v -0.597578 -0.232978 -0.464273
v 0.529489 -0.196710 -0.580078
v -0.266284 0.014364 0.311006
v -0.266284 0.014364 0.311006
v -0.302915 -0.127776 0.546135
v -0.302915 -0.127776 0.546135
v -0.469927 0.045183 0.019211
v 0.603718 -0.196509 -0.525288
v -0.286185 0.066286 -0.156487
v -0.286185 0.066286 -0.156487
v -0.134482 0.277482 -0.116252
v -0.134482 0.277482 -0.116252
v -0.360372 0.014661 -0.233746
v -0.360372 0.014661 -0.233746
v 0.130896 0.141759 -0.245637
v 0.130896 0.141759 -0.245637
v 0.332634 0.104743 0.136233
v 0.332634 0.104743 0.136233
v -0.256359 0.089194 0.231388
v -0.274631 0.181662 0.024706
v -0.274631 0.181662 0.024706
v 0.058624 0.065074 -0.262279
v 0.058624 0.065074 -0.262279
v 0.038654 0.148650 0.269349
v 0.038654 0.148650 0.269349
v -0.046941 0.082367 -0.223034
v -0.046941 0.082367 -0.223034
v -0.606976 -0.133317 -0.223537
v -0.606976 -0.133317 -0.223537
v 0.187715 0.212061 -0.155629
v 0.187715 0.212061 -0.155629
v 0.667605 -0.200339 -0.459977
v 0.213181 -0.180276 0.677340
v 0.213181 -0.180276 0.677340
v 0.231725 0.178751 0.061585
v 0.231725 0.178751 0.061585
v -0.178826 0.223229 0.106907
v 0.798900 -0.192053 -0.027294
v -0.063548 0.208979 0.254396
v -0.063548 0.208979 0.254396
v 0.122295 -0.057071 0.577312
v 0.122295 -0.057071 0.577312
v 0.291877 0.052701 0.288577
v 0.291877 0.052701 0.288577
v -0.620139 -0.231517 -0.436359
v -0.228988 0.039661 -0.265488
v 0.075488 -0.199234 0.709409
v -0.708596 -0.219417 -0.197888
v -0.182265 0.167203 -0.159873
v -0.182265 0.167203 -0.159873
v 0.362855 0.049657 0.233305
v 0.362855 0.049657 0.233305
v -0.304282 0.004530 0.311747
v -0.304282 0.004530 0.311747
v -0.272420 -0.211297 -0.664808
v -0.302729 0.152074 -0.012569
v -0.302729 0.152074 -0.012569
v 0.778686 -0.190127 -0.202828
v -0.193419 0.047207 -0.183341
v -0.193419 0.047207 -0.183341
v -0.120633 0.230877 0.125755
v -0.120633 0.230877 0.125755
v 0.783360 -0.190755 -0.169758
v -0.332489 -0.027727 0.368282
v -0.332489 -0.027727 0.368282
v 0.598545 -0.097604 0.419078
v 0.598545 -0.097604 0.419078
v -0.109794 0.146942 -0.179094
v -0.109794 0.146942 -0.179094
v -0.109794 0.146942 -0.179094
v -0.336264 -0.040793 0.406824
v -0.336264 -0.040793 0.406824
v 0.454766 0.053318 0.161686
v 0.454766 0.053318 0.161686
v -0.165810 0.058284 -0.186179
v -0.165810 0.058284 -0.186179
v -0.277505 0.062316 -0.158663
v -0.277505 0.062316 -0.158663
v -0.614730 -0.230902 0.450435
v -0.250143 0.207014 0.005990
v -0.250143 0.207014 0.005990
v -0.083940 0.079194 0.410019
v -0.083940 0.079194 0.410019
v -0.270369 0.185733 0.030233
v -0.270369 0.185733 0.030233
v 0.054457 0.130363 -0.213613
v 0.054457 0.130363 -0.213613
v 0.330029 0.064017 -0.286409
v 0.330029 0.064017 -0.286409
v -0.255639 0.208020 0.029081
v -0.255639 0.208020 0.029081
v 0.049542 0.169292 0.219469
v 0.049542 0.169292 0.219469
v -0.710373 -0.220878 0.184905
v -0.311045 0.114218 -0.104996
v -0.311045 0.114218 -0.104996
v 0.112166 0.149844 -0.220138
v 0.112166 0.149844 -0.220138
v -0.403507 0.106585 -0.032639
v -0.403507 0.106585 -0.032639
v 0.801449 -0.196485 0.016956
v -0.251168 0.227524 0.011195
v -0.251168 0.227524 0.011195
v -0.409106 -0.228729 0.603451
v -0.338984 -0.230511 0.646123
v -0.233010 0.100340 0.243925
v -0.233010 0.100340 0.243925
v -0.347304 0.060247 -0.159448
v -0.347304 0.060247 -0.159448
v -0.648234 -0.130418 -0.002096
v -0.648234 -0.130418 -0.002096
v -0.710414 -0.224295 0.221566
v 0.765731 -0.206925 0.352900
v 0.249309 0.073242 0.421542
v 0.249309 0.073242 0.421542
v -0.071551 0.257338 -0.162934
v -0.442391 -0.001267 -0.229911
v -0.442391 -0.001267 -0.229911
v -0.217342 0.263045 0.058976
v -0.217342 0.263045 0.058976
v 0.763031 -0.182659 0.248885
v 0.763031 -0.182659 0.248885
v -0.342825 -0.215884 -0.651244
v -0.619598 -0.148410 -0.230833
v -0.619598 -0.148410 -0.230833
v -0.502813 -0.231245 0.543444
v 0.217276 0.039373 0.433124
v 0.342519 -0.210373 0.697468
v 0.292359 0.095333 -0.254194
v 0.292359 0.095333 -0.254194
v 0.772236 -0.190384 -0.237746
v 0.018175 0.031918 -0.274079
v 0.018175 0.031918 -0.274079
v 0.066710 0.181905 0.207987
v 0.066710 0.181905 0.207987
v -0.243396 0.030446 -0.268276
v -0.243396 0.030446 -0.268276
v 0.796583 -0.191682 -0.048954
v -0.317488 0.158755 -0.017121
v -0.317488 0.158755 -0.017121
v -0.611712 -0.140809 -0.229726
v -0.611712 -0.140809 -0.229726
v -0.595885 -0.110387 -0.189070
v -0.595885 -0.110387 -0.189070
v -0.185967 0.183554 -0.120942
v -0.185967 0.183554 -0.120942
v -0.035215 0.202992 0.162938
v -0.035215 0.202992 0.162938
v 0.204960 0.212275 -0.128700
v 0.204960 0.212275 -0.128700
v -0.042420 0.040720 -0.234005
v -0.042420 0.040720 -0.234005
v 0.248825 0.044609 0.399864
v 0.248825 0.044609 0.399864
v -0.332623 0.131496 0.097107
v -0.332623 0.131496 0.097107
v -0.227876 0.108038 0.252620
v 0.302319 0.135511 0.124340
v 0.302319 0.135511 0.124340
v 0.200999 0.212631 -0.144816
v 0.200999 0.212631 -0.144816
v -0.239078 0.031584 -0.253231
v -0.239078 0.031584 -0.253231
v 0.380234 -0.208230 0.690035
v -0.159143 0.223577 -0.119954
v -0.159143 0.223577 -0.119954
v 0.355269 0.047829 0.242168
v 0.355269 0.047829 0.242168
v -0.200046 0.157879 0.172682
v -0.200046 0.157879 0.172682
v -0.188326 0.254905 0.045589
v -0.188326 0.254905 0.045589
v -0.328350 0.090081 0.136379
v -0.328350 0.090081 0.136379
v -0.203685 0.223746 0.074364
v -0.203685 0.223746 0.074364
v -0.203685 0.223746 0.074364
v -0.192095 0.254879 0.034538
v -0.192095 0.254879 0.034538
v -0.641262 -0.125497 -0.003505
v -0.641262 -0.125497 -0.003505
v -0.324777 0.101394 0.140624
v -0.088188 -0.221421 0.718225
v -0.137455 0.126075 -0.177265
v 0.030000 0.025637 -0.362316
v 0.030000 0.025637 -0.362316
v 0.054083 0.047170 0.429645
v 0.054083 0.047170 0.429645
v 0.291323 0.121754 0.077865
v 0.291323 0.121754 0.077865
v -0.094162 0.263309 -0.132407
v -0.094162 0.263309 -0.132407
v -0.527258 -0.044414 -0.135582
v -0.527258 -0.044414 -0.135582
v -0.313432 -0.106617 0.516531
v -0.313432 -0.106617 0.516531
v -0.716513 -0.212086 -0.114011
v -0.716513 -0.212086 -0.114011
v 0.135342 -0.197942 -0.665684
v 0.241322 0.126867 -0.233801
v 0.241322 0.126867 -0.233801
v -0.213285 0.107140 0.257430
v -0.213285 0.107140 0.257430
v 0.322455 0.050526 0.271446
v 0.322455 0.050526 0.271446
v -0.316593 0.091189 -0.111351
v -0.316593 0.091189 -0.111351
v -0.185104 0.240820 0.104622
v -0.185104 0.240820 0.104622
v -0.553095 -0.231579 0.506219
v -0.024667 0.250872 -0.163098
v -0.024667 0.250872 -0.163098
v -0.489815 0.046392 -0.008369
v -0.489815 0.046392 -0.008369
v -0.294668 0.112925 -0.128462
v -0.294668 0.112925 -0.128462
v -0.294080 0.113494 -0.134709
v -0.294080 0.113494 -0.134709
v 0.043834 0.213777 -0.143190
v 0.043834 0.213777 -0.143190
v -0.510810 0.033557 -0.029196
v -0.510810 0.033557 -0.029196
v -0.224182 0.128009 0.197307
v -0.224182 0.128009 0.197307
v -0.041853 -0.216211 0.717327
v -0.129596 0.234272 0.124008
v -0.129596 0.234272 0.124008
v -0.230631 0.265819 -0.024055
v -0.230631 0.265819 -0.024055
v -0.257115 0.016428 0.325453
v -0.294239 0.022705 0.267386
v -0.294239 0.022705 0.267386
v 0.145259 -0.096161 0.607183
v 0.145259 -0.096161 0.607183
v -0.030185 0.040278 -0.240110
v -0.030185 0.040278 -0.240110
v -0.025998 0.233290 -0.044212
v -0.323368 0.120665 -0.068650
v -0.323368 0.120665 -0.068650
v 0.129699 0.129937 -0.251352
v -0.316408 0.073669 -0.138343
v -0.316408 0.073669 -0.138343
v -0.341747 0.063770 -0.159737
v -0.341747 0.063770 -0.159737
v -0.338293 0.002993 0.258058
v -0.338293 0.002993 0.258058
v -0.628909 -0.154796 -0.227971
v -0.628909 -0.154796 -0.227971
v -0.234715 0.205825 0.074887
v -0.234715 0.205825 0.074887
v 0.797047 -0.202783 0.219166
v -0.178582 0.281984 -0.063234
v -0.178582 0.281984 -0.063234
v -0.017016 0.090575 -0.246191
v -0.017016 0.090575 -0.246191
v 0.506719 -0.047731 -0.421931
v 0.506719 -0.047731 -0.421931
v 0.061713 0.217749 -0.150072
v 0.061713 0.217749 -0.150072
v 0.003212 0.237419 -0.160682
v 0.003212 0.237419 -0.160682
v -0.341784 0.138053 -0.011706
v -0.341784 0.138053 -0.011706
v -0.335761 0.086561 0.121749
v -0.335761 0.086561 0.121749
v 0.047877 0.146603 0.262321
v 0.047877 0.146603 0.262321
v -0.311030 0.156903 -0.014989
v -0.311030 0.156903 -0.014989
v -0.311030 0.156903 -0.014989
v 0.709623 -0.207005 0.465526
v -0.192071 0.161717 -0.148038
v -0.192071 0.161717 -0.148038
v -0.022218 0.192147 0.172593
v 0.205563 -0.197806 0.702322
v -0.205486 0.188209 0.132691
v -0.205486 0.188209 0.132691
v -0.691840 -0.227424 0.327762
v -0.184263 0.225646 0.110257
v -0.184263 0.225646 0.110257
v -0.136995 0.075696 0.395808
v -0.136995 0.075696 0.395808
v -0.201505 0.251846 0.107789
v -0.201505 0.251846 0.107789
v -0.701172 -0.220818 -0.241839
v 0.357863 0.045083 -0.323178
v 0.357863 0.045083 -0.323178
v -0.036820 0.037828 -0.237876
v -0.036820 0.037828 -0.237876
v -0.230519 0.224755 0.037365
v -0.230519 0.224755 0.037365
v -0.019493 0.083566 -0.248652
v -0.019493 0.083566 -0.248652
v -0.710292 -0.222618 0.203405
v -0.171225 0.054325 -0.185174
v -0.171225 0.054325 -0.185174
v -0.324642 0.122054 0.102707
v -0.603162 -0.230386 0.462434
v 0.149485 0.211287 -0.174803
v 0.149485 0.211287 -0.174803
v 0.254852 0.073503 0.399822
v 0.254852 0.073503 0.399822
v -0.253817 0.232590 0.013714
v -0.176292 0.221137 0.123551
v -0.176292 0.221137 0.123551
v 0.442320 0.060560 0.162204
v 0.205382 0.164692 -0.015428
v 0.205382 0.164692 -0.015428
v -0.336595 -0.039851 0.396725
v -0.336595 -0.039851 0.396725
v -0.007859 0.114177 0.322100
v -0.007859 0.114177 0.322100
v -0.200875 0.230373 0.086901
v -0.200875 0.230373 0.086901
v -0.363499 0.030739 -0.228728
v -0.717846 -0.206847 -0.067140
v -0.066335 0.078868 0.409157
v -0.066335 0.078868 0.409157
v 0.005658 0.201896 -0.188172
v 0.005658 0.201896 -0.188172
v 0.405373 0.058154 -0.060338
v -0.633894 -0.230209 -0.417483
v -0.539387 -0.059550 -0.213098
v -0.539387 -0.059550 -0.213098
v 0.487921 0.032265 0.176870
v 0.487921 0.032265 0.176870
v -0.673881 -0.167434 0.008306
v -0.673881 -0.167434 0.008306
v 0.792009 -0.205931 0.265000
v -0.407439 -0.041920 -0.352882
v -0.407439 -0.041920 -0.352882
v -0.259092 0.011206 0.339184
v -0.259092 0.011206 0.339184
v -0.259092 0.011206 0.339184
v 0.098399 -0.197389 0.707171
v 0.486602 -0.210118 0.646629
v 0.113450 0.156886 -0.216396
v 0.113450 0.156886 -0.216396
v 0.077927 0.191345 -0.170828
v 0.077927 0.191345 -0.170828
v 0.340377 0.084844 -0.005535
v 0.340377 0.084844 -0.005535
v 0.017550 0.213274 -0.171286
v 0.017550 0.213274 -0.171286
v 0.311311 0.095014 0.017045
v 0.311311 0.095014 0.017045
v -0.253425 -0.210647 -0.666937
v 0.306088 0.099647 -0.081780
v 0.306088 0.099647 -0.081780
v -0.006680 0.246702 -0.160301
v -0.006680 0.246702 -0.160301
v 0.573220 -0.104018 0.461534
v 0.573220 -0.104018 0.461534
v -0.474040 -0.209490 -0.593649
v 0.268209 0.148183 0.160922
v 0.268209 0.148183 0.160922
v -0.356977 0.127573 -0.026288
v -0.356977 0.127573 -0.026288
v 0.200631 0.181414 0.042972
v 0.200631 0.181414 0.042972
v -0.100131 0.147031 -0.180429
v -0.100131 0.147031 -0.180429
v -0.316312 0.110346 -0.101819
v -0.316312 0.110346 -0.101819
v -0.164936 0.177384 -0.170737
v -0.164936 0.177384 -0.170737
v -0.038002 0.200848 0.180888
v -0.038002 0.200848 0.180888
v -0.217823 0.012585 0.353978
v -0.217823 0.012585 0.353978
v -0.424703 -0.059002 -0.380111
v -0.424703 -0.059002 -0.380111
v 0.300360 0.097096 -0.267912
v 0.165025 0.196878 -0.019698
v 0.165025 0.196878 -0.019698
v -0.227953 0.266787 -0.033301
v -0.227953 0.266787 -0.033301
v -0.297511 0.168437 -0.008926
v -0.297511 0.168437 -0.008926
v 0.000703 0.093176 -0.216481
v 0.000703 0.093176 -0.216481
v -0.018462 0.109228 -0.223490
v -0.010309 0.112088 -0.220004
v -0.010309 0.112088 -0.220004
v 0.035680 -0.194336 -0.655808
v 0.035680 -0.194336 -0.655808
v 0.053161 0.168763 0.265798
v 0.053161 0.168763 0.265798
v 0.231626 0.037808 0.398693
v 0.231626 0.037808 0.398693
v -0.176108 0.129541 -0.169118
v -0.176108 0.129541 -0.169118
v 0.312458 0.122721 0.127328
v 0.312458 0.122721 0.127328
v -0.136378 0.091244 -0.195115
v -0.136378 0.091244 -0.195115
v -0.136378 0.091244 -0.195115
v -0.217540 0.091242 0.265342
v -0.217540 0.091242 0.265342
v -0.027152 0.151628 0.291443
v -0.027152 0.151628 0.291443
v -0.004160 0.105973 -0.215530
v -0.004160 0.105973 -0.215530
v 0.278869 0.099731 -0.258283
v 0.278869 0.099731 -0.258283
v -0.329877 0.002041 -0.292268
v -0.329877 0.002041 -0.292268
v 0.108451 0.129229 -0.231861
v 0.108451 0.129229 -0.231861
v 0.574701 -0.084263 0.417967
v 0.574701 -0.084263 0.417967
v 0.042477 0.054630 0.418294
v 0.042477 0.054630 0.418294
v 0.021191 0.123279 0.311849
v 0.021191 0.123279 0.311849
v -0.352499 0.046868 -0.157618
v -0.352499 0.046868 -0.157618
v -0.703855 -0.223874 0.279724
v -0.174431 -0.220527 0.707010
v -0.228141 0.269392 0.046890
v -0.346653 0.134316 -0.019198
v -0.346653 0.134316 -0.019198
v -0.299950 0.083254 -0.155123
v -0.299950 0.083254 -0.155123
v 0.075706 0.179595 -0.180135
v 0.075706 0.179595 -0.180135
v -0.709769 -0.219023 -0.189007
v 0.013668 -0.206123 0.713759
v -0.003860 -0.206062 -0.669205
v -0.340050 0.126010 0.093525
v -0.340050 0.126010 0.093525
v -0.314397 -0.204471 0.615239
v -0.314397 -0.204471 0.615239
v -0.177002 0.245568 0.137715
v -0.177002 0.245568 0.137715
v -0.354202 0.074322 0.106024
v -0.354202 0.074322 0.106024
v -0.197320 0.264875 0.020087
v -0.197320 0.264875 0.020087
v 0.072665 0.053327 0.414053
v 0.072665 0.053327 0.414053
v 0.788959 -0.207062 0.280140
v -0.106527 0.150652 -0.184992
v -0.209770 -0.224147 0.695816
v -0.179080 0.036727 -0.210349
v -0.179080 0.036727 -0.210349
v -0.133289 0.254572 -0.127115
v -0.133289 0.254572 -0.127115
v -0.292690 0.082200 -0.152589
v -0.292690 0.082200 -0.152589
v -0.292690 0.082200 -0.152589
v 0.200793 -0.166172 0.660808
v 0.200793 -0.166172 0.660808
v -0.191266 0.173514 -0.123826
v -0.191266 0.173514 -0.123826
v 0.587583 -0.090521 0.417933
v 0.587583 -0.090521 0.417933
v -0.442769 0.061645 -0.069221
v 0.790527 -0.206498 0.272564
v 0.033028 0.032009 -0.302618
v 0.033028 0.032009 -0.302618
v -0.296045 0.009580 -0.284963
v -0.296045 0.009580 -0.284963
v -0.203884 0.253123 0.017066
v -0.226295 0.118196 0.232003
v -0.226295 0.118196 0.232003
v 0.160338 0.175515 -0.216020
v 0.160338 0.175515 -0.216020
v 0.059717 0.136285 -0.218426
v 0.059717 0.136285 -0.218426
v -0.540216 -0.185230 -0.470323
v -0.540216 -0.185230 -0.470323
v -0.138478 0.165246 0.256772
v 0.659374 -0.205739 0.530252
v -0.717806 -0.207833 -0.076236
v -0.686779 -0.222693 -0.302492
v 0.200723 0.174857 0.015613
v 0.200723 0.174857 0.015613
v 0.171588 0.196774 -0.024948
v 0.171588 0.196774 -0.024948
v -0.183168 -0.221294 0.704394
v 0.152837 0.192657 0.003299
v 0.152837 0.192657 0.003299
v 0.378386 0.035294 -0.337915
v 0.378386 0.035294 -0.337915
v -0.186367 0.220252 0.071000
v -0.186367 0.220252 0.071000
v 0.131523 0.067205 0.362108
v 0.131523 0.067205 0.362108
v 0.131523 0.067205 0.362108
v -0.054336 -0.213838 -0.671720
v -0.262342 0.055564 -0.180687
v -0.262342 0.055564 -0.180687
v -0.193967 0.164488 0.169408
v -0.193967 0.164488 0.169408
v -0.291342 0.092567 -0.150092
v -0.291342 0.092567 -0.150092
v 0.685734 -0.095220 -0.100505
v 0.685734 -0.095220 -0.100505
v 0.120842 0.060922 0.395553
v 0.120842 0.060922 0.395553
v -0.027309 0.200935 0.184636
v -0.027309 0.200935 0.184636
v 0.284406 -0.201528 0.700373
v -0.237643 -0.020648 0.438264
v -0.308678 0.091245 -0.116226
v -0.308678 0.091245 -0.116226
v 0.147920 0.188099 -0.204689
v -0.212742 0.225043 0.063928
v -0.212742 0.225043 0.063928
v 0.327073 0.086160 -0.047563
v 0.327073 0.086160 -0.047563
v 0.524659 0.002831 0.273070
v 0.051014 0.156882 0.234693
v 0.051014 0.156882 0.234693
v 0.230450 0.032604 0.434962
v 0.230450 0.032604 0.434962
v 0.230450 0.032604 0.434962
v -0.290735 0.101508 0.183191
v -0.290735 0.101508 0.183191
v -0.107185 0.045051 -0.227506
v -0.107185 0.045051 -0.227506
v 0.385397 0.047716 0.224939
v 0.385397 0.047716 0.224939
v -0.043961 0.252780 -0.154678
v -0.043961 0.252780 -0.154678
v -0.460886 -0.229925 0.572398
v -0.078049 0.049628 -0.230267
v -0.078049 0.049628 -0.230267
v -0.305410 0.007833 0.327251
v -0.305410 0.007833 0.327251
v -0.305410 0.007833 0.327251
v -0.257838 -0.229028 0.682111
v -0.040696 0.088264 -0.220600
v -0.040696 0.088264 -0.220600
v -0.366299 0.028333 -0.229912
v -0.029737 0.174071 0.275431
v -0.029737 0.174071 0.275431
v 0.060677 0.034882 0.443558
v 0.060677 0.034882 0.443558
v -0.267894 0.030138 -0.206195
v -0.480937 0.043224 0.010914
v -0.480937 0.043224 0.010914
v -0.681104 -0.186396 -0.106193
v -0.681104 -0.186396 -0.106193
v -0.289144 0.031840 0.269402
v -0.289144 0.031840 0.269402
v 0.282268 0.106069 -0.104512
v 0.282268 0.106069 -0.104512
v 0.347370 0.095096 0.139558
v 0.347370 0.095096 0.139558
v 0.390197 0.074625 0.156192
v 0.390197 0.074625 0.156192
v -0.353855 -0.230117 0.638410
v 0.195461 0.126682 -0.259467
v 0.195461 0.126682 -0.259467
v 0.181221 0.180973 0.046713
v 0.181221 0.180973 0.046713
v 0.743339 -0.167026 0.248723
v 0.743339 -0.167026 0.248723
v 0.289315 0.148999 0.116603
v 0.289315 0.148999 0.116603
v -0.581573 -0.102257 -0.214190
v -0.581573 -0.102257 -0.214190
v -0.387638 0.000862 0.160122
v -0.387638 0.000862 0.160122
v 0.262519 0.115297 -0.239641
v 0.262519 0.115297 -0.239641
v -0.305781 0.077910 -0.153700
v -0.305781 0.077910 -0.153700
v 0.469305 0.036265 -0.044285
v 0.469305 0.036265 -0.044285
v 0.031685 0.030920 -0.317598
v 0.031685 0.030920 -0.317598
v -0.418042 0.001865 -0.238335
v -0.418042 0.001865 -0.238335
v -0.232480 0.258143 0.046592
v -0.232480 0.258143 0.046592
v 0.358454 0.090606 0.142971
v 0.358454 0.090606 0.142971
v -0.299078 0.099570 0.178274
v -0.299078 0.099570 0.178274
v 0.298083 0.108623 0.064634
v 0.298083 0.108623 0.064634
v -0.453725 0.011213 -0.148022
v -0.453725 0.011213 -0.148022
v -0.202407 0.255816 0.098512
v -0.202407 0.255816 0.098512
v 0.720825 -0.198680 -0.380342
v -0.511549 -0.043941 -0.207994
v -0.511549 -0.043941 -0.207994
v 0.208616 0.208375 -0.104164
v 0.208616 0.208375 -0.104164
v -0.266716 0.005513 0.333876
v -0.266716 0.005513 0.333876
v -0.176336 -0.201158 -0.672723
v 0.024470 0.029172 -0.348982
v 0.024470 0.029172 -0.348982
v -0.189723 -0.015231 0.505373
v -0.189723 -0.015231 0.505373
v 0.066614 0.112893 0.312234
v 0.066614 0.112893 0.312234
v -0.306556 0.117129 -0.116362
v -0.306556 0.117129 -0.116362
v 0.048991 -0.151145 -0.595956
v 0.048991 -0.151145 -0.595956
v -0.559262 -0.078534 -0.215470
v -0.559262 -0.078534 -0.215470
v -0.184017 0.238447 0.063753
v -0.184017 0.238447 0.063753
v -0.154989 -0.204219 -0.673853
v 0.252892 0.140347 -0.178636
v 0.252892 0.140347 -0.178636
v 0.112893 -0.195920 0.705784
v -0.117999 0.223407 0.156761
v -0.117999 0.223407 0.156761
v -0.377089 -0.001068 0.194306
v -0.377089 -0.001068 0.194306
v -0.588040 -0.108728 -0.215587
v -0.588040 -0.108728 -0.215587
v 0.291359 0.145652 0.139519
v 0.291359 0.145652 0.139519
v -0.291439 0.007143 0.331603
v -0.291439 0.007143 0.331603
v -0.187740 0.036263 -0.228399
v -0.187740 0.036263 -0.228399
v -0.009866 0.060686 0.415519
v -0.009866 0.060686 0.415519
v -0.110750 0.217931 0.215773
v -0.110750 0.217931 0.215773
v -0.233928 0.033146 -0.267574
v -0.233928 0.033146 -0.267574
v -0.233928 0.033146 -0.267574
v 0.249979 0.140960 -0.189641
v 0.249979 0.140960 -0.189641
v 0.577449 -0.140492 -0.461736
v 0.577449 -0.140492 -0.461736
v 0.145022 0.221871 -0.155562
v 0.145022 0.221871 -0.155562
v 0.145022 0.221871 -0.155562
v -0.019986 0.053275 -0.233670
v -0.019986 0.053275 -0.233670
v -0.147238 0.174045 -0.175169
v -0.147238 0.174045 -0.175169
v 0.258330 0.056720 0.314674
v 0.258330 0.056720 0.314674
v -0.413218 0.074269 -0.071591
v -0.413218 0.074269 -0.071591
v 0.183259 0.187502 -0.042356
v 0.183259 0.187502 -0.042356
v -0.417029 -0.050246 -0.366944
v -0.417029 -0.050246 -0.366944
v -0.215653 0.043137 -0.183188
v -0.215653 0.043137 -0.183188
v -0.029700 0.065531 0.417343
v -0.029700 0.065531 0.417343
v 0.226243 -0.192731 0.693980
v 0.226243 -0.192731 0.693980
v 0.270803 0.164705 0.096442
v 0.270803 0.164705 0.096442
v -0.516826 -0.045971 -0.199364
v -0.516826 -0.045971 -0.199364
v 0.158975 0.169660 -0.220831
v 0.158975 0.169660 -0.220831
v -0.105690 0.260690 -0.116435
v -0.105690 0.260690 -0.116435
v 0.167106 0.133770 -0.258645
v 0.167106 0.133770 -0.258645
v -0.251030 0.104890 0.215434
v -0.251030 0.104890 0.215434
v 0.238958 0.081255 0.408903
v 0.238958 0.081255 0.408903
v -0.174816 0.198928 -0.118633
v -0.174816 0.198928 -0.118633
v 0.039086 0.010320 -0.395760
v 0.039086 0.010320 -0.395760
v -0.339340 -0.009680 -0.307559
v -0.339340 -0.009680 -0.307559
v -0.196485 0.241736 0.039715
v -0.196485 0.241736 0.039715
v -0.196485 0.241736 0.039715
v -0.260453 0.020275 0.306038
v -0.260453 0.020275 0.306038
v -0.709123 -0.203100 0.007939
v -0.709123 -0.203100 0.007939
v 0.211606 0.036286 0.432150
v 0.085053 0.176876 0.204230
v 0.085053 0.176876 0.204230
v 0.093397 0.176003 0.206073
v 0.093397 0.176003 0.206073
v -0.222101 0.134071 0.192827
v -0.222101 0.134071 0.192827
v 0.599020 -0.103811 0.448603
v 0.599020 -0.103811 0.448603
v -0.312730 0.142802 -0.037001
v -0.312730 0.142802 -0.037001
v 0.614220 -0.049025 -0.075263
v 0.614220 -0.049025 -0.075263
v -0.249577 0.112739 0.211412
v -0.249577 0.112739 0.211412
v 0.176910 0.123165 -0.265362
v 0.176910 0.123165 -0.265362
v -0.527673 -0.052156 -0.209221
v -0.527673 -0.052156 -0.209221
v -0.333442 0.098841 -0.098851
v 0.105994 0.132069 -0.228427
v 0.105994 0.132069 -0.228427
v 0.116402 0.129517 -0.240950
v 0.116402 0.129517 -0.240950
v 0.095300 0.072332 -0.272815
v 0.095300 0.072332 -0.272815
v -0.234463 0.130030 -0.128341
v -0.234463 0.130030 -0.128341
v 0.242790 0.069453 0.424367
v 0.242790 0.069453 0.424367
v -0.536228 -0.178423 -0.462545
v -0.536228 -0.178423 -0.462545
v 0.172208 0.058906 0.367253
v 0.172208 0.058906 0.367253
v 0.139627 0.071386 0.366217
v -0.210061 0.263795 0.076104
v -0.210061 0.263795 0.076104
v -0.012802 0.107881 -0.236500
v -0.187702 0.276247 -0.052791
v -0.187702 0.276247 -0.052791
v -0.215177 0.137218 0.187560
v -0.215177 0.137218 0.187560
v -0.221115 0.267869 0.045442
v -0.221115 0.267869 0.045442
v -0.221115 0.267869 0.045442
v 0.385698 0.079857 0.154438
v 0.385698 0.079857 0.154438
v -0.408231 0.105147 -0.036876
v -0.408231 0.105147 -0.036876
v 0.326167 0.088540 0.003922
v 0.326167 0.088540 0.003922
v -0.186130 0.233070 0.122300
v -0.186130 0.233070 0.122300
v 0.247308 0.073104 0.400026
v 0.247308 0.073104 0.400026
v 0.246722 0.060493 0.399483
v 0.246722 0.060493 0.399483
v 0.195207 0.171273 -0.030305
v 0.195207 0.171273 -0.030305
v 0.713875 -0.197294 -0.392842
v 0.167080 0.220214 -0.157058
v 0.167080 0.220214 -0.157058
v -0.583827 -0.233489 -0.477958
v -0.452182 0.013630 -0.105605
v -0.452182 0.013630 -0.105605
v 0.047573 0.164518 0.224736
v 0.047573 0.164518 0.224736
v -0.189349 0.212788 0.076525
v -0.189349 0.212788 0.076525
v -0.338339 0.079154 0.121499
v -0.338339 0.079154 0.121499
v -0.338339 0.079154 0.121499
v 0.003525 0.107946 0.339387
v 0.003525 0.107946 0.339387
v -0.695655 -0.221336 -0.268040
v -0.552340 -0.198867 -0.481538
v -0.552340 -0.198867 -0.481538
v -0.010877 0.057770 -0.235496
v -0.010877 0.057770 -0.235496
v 0.011535 0.209590 -0.191293
v 0.011535 0.209590 -0.191293
v 0.034161 0.054761 0.418935
v 0.034161 0.054761 0.418935
v -0.384842 0.006668 -0.242728
v -0.384842 0.006668 -0.242728
v 0.073136 0.017870 0.464983
v 0.073136 0.017870 0.464983
v -0.203969 0.261516 0.079836
v -0.203969 0.261516 0.079836
v 0.235677 0.027252 0.430854
v 0.235677 0.027252 0.430854
v 0.190176 0.180516 0.047152
v 0.190176 0.180516 0.047152
v -0.531727 -0.231234 0.522339
v -0.442507 0.049455 0.022849
v -0.442507 0.049455 0.022849
v 0.244785 0.035003 0.395589
v 0.244785 0.035003 0.395589
v -0.087174 0.262252 -0.137111
v -0.087174 0.262252 -0.137111
v 0.665140 -0.078329 -0.094212
v 0.665140 -0.078329 -0.094212
v 0.237764 0.035968 0.393579
v 0.237764 0.035968 0.393579
v 0.288335 0.130348 0.084318
v 0.288335 0.130348 0.084318
v 0.175478 0.165860 0.186567
v 0.175478 0.165860 0.186567
v -0.084358 0.257901 -0.122436
v -0.084358 0.257901 -0.122436
v -0.022340 0.102426 -0.211042
v -0.022340 0.102426 -0.211042
v 0.060410 0.181904 0.213897
v 0.060410 0.181904 0.213897
v -0.259953 0.193904 -0.005686
v -0.259953 0.193904 -0.005686
v 0.237613 0.076203 0.420299
v 0.237613 0.076203 0.420299
v -0.101545 0.148201 -0.190493
v -0.324474 -0.009478 0.341033
v -0.324474 -0.009478 0.341033
v 0.165185 0.183634 0.060402
v 0.165185 0.183634 0.060402
v -0.689502 -0.192258 -0.108946
v -0.689502 -0.192258 -0.108946
v -0.230310 0.093972 0.249232
v -0.230310 0.093972 0.249232
v -0.129699 -0.220974 0.715467
v 0.027399 0.030047 -0.342668
v 0.027399 0.030047 -0.342668
v 0.228948 0.127765 -0.247224
v 0.228948 0.127765 -0.247224
v 0.342096 0.054600 -0.310844
v 0.342096 0.054600 -0.310844
v 0.041737 0.167709 0.273373
v 0.041737 0.167709 0.273373
v 0.336059 0.057620 -0.295265
v 0.336059 0.057620 -0.295265
v -0.264545 0.188169 -0.007283
v -0.264545 0.188169 -0.007283
v -0.304180 0.004075 0.320359
v -0.304180 0.004075 0.320359
v -0.182135 0.055349 0.374531
v -0.182135 0.055349 0.374531
v -0.226815 0.260395 0.051781
v -0.226815 0.260395 0.051781
v -0.226815 0.260395 0.051781
v 0.045679 -0.091063 -0.559068
v 0.045679 -0.091063 -0.559068
v -0.123121 0.225061 0.169751
v -0.123121 0.225061 0.169751
v -0.317887 0.105924 -0.095177
v -0.317887 0.105924 -0.095177
v -0.317887 0.105924 -0.095177
v 0.335494 -0.209745 0.697983
v -0.693589 -0.221553 -0.276708
v 0.343763 0.047335 0.249527
v 0.343763 0.047335 0.249527
v -0.566621 -0.231835 0.495552
v 0.261852 0.149335 0.167915
v 0.261852 0.149335 0.167915
v 0.242441 0.152163 0.186943
v 0.242441 0.152163 0.186943
v 0.296545 0.141033 0.118751
v 0.296545 0.141033 0.118751
v 0.296545 0.141033 0.118751
v 0.172095 0.216105 -0.159645
v 0.172095 0.216105 -0.159645
v -0.691516 -0.221838 -0.285369
v -0.259971 0.133373 0.144405
v -0.105348 0.143041 -0.187542
v -0.105348 0.143041 -0.187542
v 0.045576 0.000071 -0.441144
v 0.045576 0.000071 -0.441144
v -0.710573 -0.220015 0.175594
v -0.367042 -0.022484 -0.325888
v -0.367042 -0.022484 -0.325888
v -0.173421 0.169163 -0.157640
v -0.173421 0.169163 -0.157640
v -0.306817 -0.117432 0.531851
v -0.306817 -0.117432 0.531851
v 0.196845 0.188105 -0.051523
v 0.196845 0.188105 -0.051523
v -0.251308 0.087115 0.234121
v -0.251308 0.087115 0.234121
v -0.484707 -0.122352 -0.430315
v -0.484707 -0.122352 -0.430315
v -0.133194 0.092616 -0.202771
v -0.133194 0.092616 -0.202771
v 0.280906 0.156156 0.110920
v 0.280906 0.156156 0.110920
v -0.359244 0.016899 -0.223722
v -0.359244 0.016899 -0.223722
v 0.057496 0.215287 -0.146468
v 0.057496 0.215287 -0.146468
v -0.466156 -0.093316 -0.409950
v -0.466156 -0.093316 -0.409950
v 0.139573 -0.089543 0.602139
v 0.139573 -0.089543 0.602139
v 0.563408 -0.195626 -0.557414
v 0.098970 -0.018140 0.539331
v 0.098970 -0.018140 0.539331
v -0.177290 0.229086 0.112073
v -0.177290 0.229086 0.112073
v -0.602729 -0.122000 -0.223334
v -0.602729 -0.122000 -0.223334
v 0.141926 -0.193995 0.703438
v -0.126800 0.273233 -0.118537
v -0.126800 0.273233 -0.118537
v -0.126800 0.273233 -0.118537
v -0.002672 0.219559 -0.179484
v -0.002672 0.219559 -0.179484
v -0.550024 -0.217987 -0.515380
v 0.687623 -0.205428 0.495037
v 0.173530 -0.195721 0.702943
v -0.172663 0.240406 0.138050
v -0.172663 0.240406 0.138050
v 0.171364 -0.128800 0.630770
v 0.171364 -0.128800 0.630770
v -0.182107 0.220984 0.115743
v -0.182107 0.220984 0.115743
v -0.182107 0.220984 0.115743
v 0.003038 0.078527 -0.231395
v 0.003038 0.078527 -0.231395
v -0.310966 -0.219948 0.643763
v -0.310966 -0.219948 0.643763
v 0.071519 0.073998 -0.262470
v 0.071519 0.073998 -0.262470
v 0.030010 0.056957 0.414993
v 0.030010 0.056957 0.414993
v -0.188464 -0.023271 0.508608
v -0.188464 -0.023271 0.508608
v -0.470615 0.061001 -0.033808
v -0.470615 0.061001 -0.033808
v 0.132358 0.065684 0.372062
v 0.132358 0.065684 0.372062
v -0.288337 0.045013 0.265618
v -0.288337 0.045013 0.265618
v -0.196546 0.127768 -0.162548
v -0.196546 0.127768 -0.162548
v -0.316104 0.139336 -0.056058
v -0.316104 0.139336 -0.056058
v 0.228878 -0.198414 0.701949
v -0.338896 0.068202 0.144575
v -0.338896 0.068202 0.144575
v -0.163487 0.226559 0.153817
v -0.163487 0.226559 0.153817
v -0.163487 0.226559 0.153817
v -0.163487 0.226559 0.153817
v -0.322533 0.131117 0.103849
v -0.322533 0.131117 0.103849
v -0.322533 0.131117 0.103849
v -0.343126 -0.013070 -0.310436
v -0.343126 -0.013070 -0.310436
v -0.477313 -0.026958 -0.218872
v -0.477313 -0.026958 -0.218872
v -0.477313 -0.026958 -0.218872
v 0.149890 0.017823 0.487676
v -0.405159 0.038512 0.045822
v -0.405159 0.038512 0.045822
v -0.264333 0.106736 -0.135337
v -0.264333 0.106736 -0.135337
v -0.282088 0.013699 -0.280087
v -0.282088 0.013699 -0.280087
v 0.168610 0.143398 -0.245252
v 0.168610 0.143398 -0.245252
v -0.154798 0.234394 0.153737
v -0.154798 0.234394 0.153737
v -0.059890 -0.218990 0.717727
v 0.387900 0.027600 -0.348867
v 0.387900 0.027600 -0.348867
v 0.711677 -0.131631 0.227359
v 0.711677 -0.131631 0.227359
v -0.312547 0.143448 -0.049759
v -0.312547 0.143448 -0.049759
v -0.263082 0.057934 -0.173419
v -0.263082 0.057934 -0.173419
v -0.308890 -0.214267 0.633526
v -0.308890 -0.214267 0.633526
v -0.267079 -0.229978 0.678769
v 0.105665 -0.196651 0.706464
v -0.322518 0.150754 0.031203
v -0.322518 0.150754 0.031203
v -0.655250 -0.229600 0.398184
v -0.298708 0.164389 0.041108
v -0.298708 0.164389 0.041108
v -0.547008 -0.192343 -0.475748
v -0.547008 -0.192343 -0.475748
v 0.253686 0.037354 0.412512
v 0.253686 0.037354 0.412512
v -0.191727 0.167245 -0.157936
v -0.191727 0.167245 -0.157936
v -0.062362 0.248209 -0.144043
v -0.062362 0.248209 -0.144043
v -0.668752 -0.177613 -0.113228
v -0.668752 -0.177613 -0.113228
v 0.366629 0.088635 0.147353
v 0.366629 0.088635 0.147353
v 0.316716 0.116699 0.131423
v 0.316716 0.116699 0.131423
v 0.281304 0.147712 0.089991
v 0.281304 0.147712 0.089991
v 0.285698 0.153422 0.114518
v 0.285698 0.153422 0.114518
v 0.195562 0.185610 -0.043721
v 0.195562 0.185610 -0.043721
v 0.195562 0.185610 -0.043721
v 0.036569 0.163023 0.273006
v 0.036569 0.163023 0.273006
v 0.009501 0.040103 -0.255092
v 0.009501 0.040103 -0.255092
v 0.009501 0.040103 -0.255092
v -0.139224 -0.220710 0.714924
v -0.382362 -0.229465 0.621657
v -0.559886 -0.231723 0.500883
v -0.626571 -0.231388 0.435712
v -0.645876 -0.230827 0.411863
v 0.043928 0.175583 0.241219
v 0.043928 0.175583 0.241219
v 0.349588 -0.210900 0.696879
v -0.485413 -0.023375 -0.153312
v -0.485413 -0.023375 -0.153312
v -0.608990 -0.230569 0.456579
v -0.492289 -0.133508 -0.437687
v -0.492289 -0.133508 -0.437687
v -0.339900 -0.068514 0.457039
v -0.339900 -0.068514 0.457039
v 0.208979 -0.173270 0.668225
v 0.208979 -0.173270 0.668225
v -0.639720 -0.231103 0.419741
v 0.337993 0.048775 0.257359
v 0.337993 0.048775 0.257359
v -0.358092 0.117445 -0.049438
v 0.705996 -0.124721 0.223129
v 0.705996 -0.124721 0.223129
v 0.795280 -0.192360 -0.060427
v 0.273506 0.148174 0.152268
v 0.273506 0.148174 0.152268
v 0.070633 0.126832 -0.223903
v 0.427654 -0.209193 0.674659
v 0.046821 -0.177382 -0.623261
v 0.046821 -0.177382 -0.623261
v -0.319510 0.105258 -0.087098
v -0.319510 0.105258 -0.087098
v -0.705094 -0.224386 0.271955
v -0.710102 -0.225812 0.239332
v -0.711690 -0.217856 0.158239
v -0.711231 -0.219113 0.166598
v -0.210736 0.243011 0.081241
v -0.260950 0.195948 0.029988
v -0.260950 0.195948 0.029988
v -0.627920 -0.150657 -0.212291
v -0.627920 -0.150657 -0.212291
v 0.189641 -0.196895 0.702638
v 0.207813 0.200909 -0.087594
v 0.207813 0.200909 -0.087594
v -0.148496 -0.220495 0.714104
v 0.157434 -0.194690 0.703095
v -0.015086 0.195744 0.164561
v -0.015086 0.195744 0.164561
v -0.015086 0.195744 0.164561
v -0.711777 -0.218081 -0.171006
v -0.198598 -0.015786 0.493079
v -0.198598 -0.015786 0.493079
v 0.084449 0.002258 0.511082
v 0.084449 0.002258 0.511082
v 0.206536 0.204605 -0.093977
v 0.206536 0.204605 -0.093977
v 0.514585 -0.197632 -0.589094
v 0.051571 0.173058 0.239772
v 0.051571 0.173058 0.239772
v 0.711418 -0.121318 -0.107328
v 0.711418 -0.121318 -0.107328
v 0.107148 0.175755 0.198696
v 0.107148 0.175755 0.198696
v -0.188483 0.052868 0.370145
v -0.188483 0.052868 0.370145
v -0.309638 0.090926 0.165088
v -0.309638 0.090926 0.165088
v 0.350177 0.050410 -0.315991
v 0.350177 0.050410 -0.315991
v 0.316675 0.093197 0.019153
v 0.316675 0.093197 0.019153
v -0.086487 0.049402 -0.234862
v -0.086487 0.049402 -0.234862
v -0.707888 -0.225406 0.255990
v -0.700963 -0.224104 0.295063
v -0.172452 0.232954 0.141458
v -0.172452 0.232954 0.141458
v -0.383735 0.000445 0.174403
v -0.383735 0.000445 0.174403
v -0.371390 -0.001628 0.205590
v -0.371390 -0.001628 0.205590
v -0.694590 -0.226383 0.318957
v 0.027523 0.031537 -0.291557
v 0.027523 0.031537 -0.291557
v -0.250286 0.093782 0.220661
v -0.250286 0.093782 0.220661
v -0.250286 0.093782 0.220661
v 0.262938 0.166060 0.082927
v 0.262938 0.166060 0.082927
v -0.146099 0.238562 -0.122377
v -0.146099 0.238562 -0.122377
v -0.352398 0.075670 0.114903
v -0.352398 0.075670 0.114903
v -0.416112 -0.228869 0.598984
v -0.438336 -0.229365 0.585654
v -0.252561 0.009556 0.342929
v -0.252561 0.009556 0.342929
v 0.348266 0.086052 -0.028653
v 0.348266 0.086052 -0.028653
v -0.488458 0.043588 -0.000945
v -0.488458 0.043588 -0.000945
v -0.306000 0.009265 -0.285401
v -0.306000 0.009265 -0.285401
v 0.315779 0.051451 0.277866
v 0.315779 0.051451 0.277866
v -0.503965 -0.073317 0.272452
v 0.636079 -0.055802 0.202197
v 0.636079 -0.055802 0.202197
v -0.482270 -0.230278 0.558903
v 0.166767 0.059916 0.373664
v 0.166767 0.059916 0.373664
v -0.375573 -0.229832 0.626171
v -0.520143 -0.048467 -0.207644
v -0.520143 -0.048467 -0.207644
v 0.433430 0.059605 0.169427
v 0.433430 0.059605 0.169427
v -0.505755 -0.043461 -0.212312
v -0.505755 -0.043461 -0.212312
v -0.059915 0.042784 -0.227254
v -0.059915 0.042784 -0.227254
v 0.310373 0.100381 0.025085
v 0.310373 0.100381 0.025085
v -0.243763 -0.210265 -0.667929
v 0.427137 0.013983 -0.359820
v 0.427137 0.013983 -0.359820
v -0.706125 -0.220151 -0.215579
v 0.014453 0.057481 0.411791
v 0.014453 0.057481 0.411791
v 0.046712 -0.031880 -0.490558
v 0.046712 -0.031880 -0.490558
v -0.220123 0.115665 0.241583
v -0.220123 0.115665 0.241583
v -0.620857 -0.231343 0.443574
v -0.608058 -0.128065 -0.205570
v -0.608058 -0.128065 -0.205570
v -0.154487 0.177912 -0.175740
v -0.154487 0.177912 -0.175740
v 0.036302 0.019855 -0.375840
v 0.036302 0.019855 -0.375840
v 0.267922 0.055762 0.306694
v 0.267922 0.055762 0.306694
v -0.710353 -0.223455 0.212486
v -0.313195 -0.188747 0.596033
v -0.313195 -0.188747 0.596033
v -0.181176 0.250325 0.062591
v -0.181176 0.250325 0.062591
v 0.665233 -0.205425 0.523295
v 0.282444 0.146123 0.147850
v 0.282444 0.146123 0.147850
v -0.376345 -0.026542 -0.331429
v -0.376345 -0.026542 -0.331429
v -0.204956 0.236056 0.038200
v -0.204956 0.236056 0.038200
v 0.179727 0.213178 -0.157455
v 0.179727 0.213178 -0.157455
v 0.007865 0.232169 -0.161054
v 0.007865 0.232169 -0.161054
v -0.396768 -0.039231 -0.352314
v -0.396768 -0.039231 -0.352314
v 0.797909 -0.202947 0.203211
v -0.699146 -0.224554 0.302689
v -0.201564 0.259001 0.090403
v -0.201564 0.259001 0.090403
v 0.050458 -0.201363 0.711614
v -0.044689 0.184609 0.270005
v 0.068877 0.111257 0.306255
v 0.068877 0.111257 0.306255
v 0.068877 0.111257 0.306255
v -0.525374 0.018004 -0.018130
v -0.525374 0.018004 -0.018130
v -0.225170 0.004794 0.346653
v -0.225170 0.004794 0.346653
v 0.309929 0.096343 -0.073174
v 0.309929 0.096343 -0.073174
v -0.702845 -0.220606 -0.233086
v 0.187273 0.157884 0.189859
v 0.187273 0.157884 0.189859
v 0.006463 0.058538 0.411935
v 0.006463 0.058538 0.411935
v -0.179447 0.227999 0.129941
v -0.179447 0.227999 0.129941
v -0.179447 0.227999 0.129941
v -0.179447 0.227999 0.129941
v -0.323414 0.100837 -0.096714
v -0.323414 0.100837 -0.096714
v 0.266699 0.128103 -0.146426
v 0.266699 0.128103 -0.146426
v 0.557275 -0.012924 -0.055990
v 0.557275 -0.012924 -0.055990
v -0.236781 0.265432 0.000453
v -0.236781 0.265432 0.000453
v -0.383881 0.036030 -0.150629
v -0.383881 0.036030 -0.150629
v -0.251820 0.212449 0.034069
v -0.251820 0.212449 0.034069
v -0.321160 -0.001668 0.335837
v -0.321160 -0.001668 0.335837
v 0.074141 0.188028 -0.176633
v 0.074141 0.188028 -0.176633
v 0.152921 0.205797 -0.177872
v 0.152921 0.205797 -0.177872
v 0.217253 0.132978 -0.255144
v 0.217253 0.132978 -0.255144
v -0.042587 0.203469 0.175308
v -0.042587 0.203469 0.175308
v -0.122671 0.086493 -0.196675
v -0.122671 0.086493 -0.196675
v 0.233680 0.079304 0.415805
v 0.233680 0.079304 0.415805
v 0.479425 -0.016343 -0.397000
v 0.479425 -0.016343 -0.397000
v -0.320007 0.156450 0.019403
v -0.320007 0.156450 0.019403
v -0.040961 0.184370 0.269801
v -0.040961 0.184370 0.269801
v -0.099646 0.193523 -0.178355
v -0.337851 0.092942 0.125650
v -0.337851 0.092942 0.125650
v 0.236645 -0.198579 0.701807
v 0.236645 -0.198579 0.701807
v -0.568251 -0.082571 -0.208804
v -0.568251 -0.082571 -0.208804
v 0.363680 0.073777 -0.026717
v 0.363680 0.073777 -0.026717
v -0.372925 -0.214826 -0.643559
v 0.170213 0.147699 -0.238770
v 0.170213 0.147699 -0.238770
v 0.092055 -0.008640 0.529606
v 0.092055 -0.008640 0.529606
v 0.089276 -0.002287 0.520044
v 0.089276 -0.002287 0.520044
v -0.429047 0.081248 -0.041494
v -0.429047 0.081248 -0.041494
v 0.160391 0.179656 -0.210560
v 0.160391 0.179656 -0.210560
v -0.519673 0.023753 -0.018158
v -0.519673 0.023753 -0.018158
v 0.275446 0.109022 -0.243731
v 0.275446 0.109022 -0.243731
v -0.141439 0.243611 -0.127104
v -0.141439 0.243611 -0.127104
v 0.087202 0.054291 0.409855
v 0.087202 0.054291 0.409855
v 0.260203 0.134993 -0.154909
v 0.260203 0.134993 -0.154909
v 0.225019 0.180326 0.057190
v 0.225019 0.180326 0.057190
v -0.286322 0.050193 0.258210
v -0.286322 0.050193 0.258210
v -0.341724 0.070929 0.137481
v -0.341724 0.070929 0.137481
v -0.403539 -0.003359 -0.239383
v -0.403539 -0.003359 -0.239383
v -0.152692 0.229247 -0.119766
v -0.152692 0.229247 -0.119766
v -0.430052 -0.064210 -0.386679
v -0.430052 -0.064210 -0.386679
v 0.515562 0.013379 -0.045085
v 0.515562 0.013379 -0.045085
v 0.071369 0.016970 0.473870
v 0.071369 0.016970 0.473870
v -0.325614 -0.016296 0.349062
v -0.325614 -0.016296 0.349062
v 0.153367 -0.100982 0.610900
v 0.153367 -0.100982 0.610900
v 0.075350 0.111709 0.305322
v 0.075350 0.111709 0.305322
v -0.508732 -0.041392 -0.202093
v -0.508732 -0.041392 -0.202093
v -0.014560 -0.210992 0.715859
v 0.116783 0.176009 0.194360
v 0.116783 0.176009 0.194360
v 0.029828 0.075066 0.381278
v 0.029828 0.075066 0.381278
v -0.323538 0.114729 -0.073319
v -0.323538 0.114729 -0.073319
v 0.323787 0.109193 0.135652
v 0.323787 0.109193 0.135652
v 0.287545 0.096723 -0.260451
v 0.287545 0.096723 -0.260451
v 0.287545 0.096723 -0.260451
v -0.238635 -0.226797 0.688278
v 0.126607 0.138418 -0.252283
v 0.126607 0.138418 -0.252283
v -0.340276 0.072680 0.124954
v -0.340276 0.072680 0.124954
v 0.289929 0.090222 -0.273881
v 0.289929 0.090222 -0.273881
v 0.202140 0.175505 0.025653
v 0.202140 0.175505 0.025653
v 0.202140 0.175505 0.025653
v -0.163577 0.061982 -0.191363
v -0.163577 0.061982 -0.191363
v -0.304036 -0.145975 0.561702
v -0.304036 -0.145975 0.561702
v -0.246886 0.205967 0.053656
v -0.246886 0.205967 0.053656
v -0.311487 0.115232 -0.111768
v -0.311487 0.115232 -0.111768
v 0.021521 0.031628 -0.280509
v 0.021521 0.031628 -0.280509
v 0.647460 -0.206128 0.544307
v -0.303829 0.091256 -0.122253
v -0.303829 0.091256 -0.122253
v -0.395513 0.002702 0.130997
v -0.395513 0.002702 0.130997
v -0.114829 0.263836 -0.117348
v -0.114829 0.263836 -0.117348
v -0.114829 0.263836 -0.117348
v 0.089149 0.191087 -0.177556
v 0.089149 0.191087 -0.177556
v 0.777283 -0.189891 -0.211342
v 0.041400 -0.202239 0.712164
v -0.123260 0.222344 0.187373
v -0.123260 0.222344 0.187373
v 0.054467 0.053973 0.418548
v 0.054467 0.053973 0.418548
v 0.054467 0.053973 0.418548
v 0.054467 0.053973 0.418548
v -0.509904 -0.231508 0.538398
v 0.307508 0.100137 0.038049
v 0.307508 0.100137 0.038049
v -0.172289 0.283269 -0.070446
v -0.172289 0.283269 -0.070446
v -0.327138 0.094315 -0.098724
v -0.327138 0.094315 -0.098724
v -0.327138 0.094315 -0.098724
v 0.114579 0.090935 -0.272168
v 0.114579 0.090935 -0.272168
v -0.320984 -0.215194 -0.656111
v 0.217142 0.032519 0.424050
v 0.217142 0.032519 0.424050
v 0.217142 0.032519 0.424050
v 0.255165 0.169877 0.078028
v 0.255165 0.169877 0.078028
v -0.365662 0.122641 -0.027713
v -0.365662 0.122641 -0.027713
v -0.457549 0.028182 -0.075315
v -0.457549 0.028182 -0.075315
v -0.248262 0.209928 0.048983
v -0.248262 0.209928 0.048983
v -0.631777 -0.155944 -0.220369
v -0.631777 -0.155944 -0.220369
v -0.389857 0.008195 -0.218406
v -0.389857 0.008195 -0.218406
v 0.028190 0.213930 -0.174061
v 0.028190 0.213930 -0.174061
v -0.030454 0.094160 -0.220984
v -0.030454 0.094160 -0.220984
v 0.661483 -0.200566 -0.466708
v -0.195053 0.271116 -0.054346
v -0.195053 0.271116 -0.054346
v 0.123512 0.152607 -0.221203
v 0.123512 0.152607 -0.221203
v -0.200356 0.041068 0.367497
v -0.200356 0.041068 0.367497
v 0.017661 0.141671 0.283814
v -0.251252 0.212026 0.011283
v -0.251252 0.212026 0.011283
v -0.251252 0.212026 0.011283
v -0.254361 0.013973 0.309742
v -0.254361 0.013973 0.309742
v 0.019214 0.205807 -0.189724
v 0.019214 0.205807 -0.189724
v 0.019214 0.205807 -0.189724
v 0.277643 0.110935 -0.119315
v 0.277643 0.110935 -0.119315
v 0.133447 -0.081613 0.595845
v 0.133447 -0.081613 0.595845
v -0.009714 0.035949 -0.238867
v -0.009714 0.035949 -0.238867
v 0.565403 -0.079590 0.429254
v 0.565403 -0.079590 0.429254
v 0.151810 0.193078 -0.198540
v 0.151810 0.193078 -0.198540
v -0.367454 0.002141 0.218648
v -0.367454 0.002141 0.218648
v 0.208764 0.211452 -0.111307
v 0.208764 0.211452 -0.111307
v 0.535075 -0.075135 -0.435609
v 0.535075 -0.075135 -0.435609
v 0.235657 0.152470 -0.079105
v 0.782315 -0.190674 -0.177900
v 0.140207 0.065001 0.367594
v 0.140207 0.065001 0.367594
v 0.246636 -0.187655 -0.659615
v -0.124160 0.225731 0.149732
v -0.124160 0.225731 0.149732
v 0.088098 0.217524 -0.154529
v 0.088098 0.217524 -0.154529
v -0.571439 -0.075292 -0.135941
v -0.571439 -0.075292 -0.135941
v -0.037844 0.061979 -0.234267
v -0.037844 0.061979 -0.234267
v -0.197413 -0.024276 -0.450162
v -0.444775 0.004925 -0.136634
v -0.444775 0.004925 -0.136634
v 0.269702 0.113319 -0.238906
v 0.269702 0.113319 -0.238906
v 0.045238 -0.048251 -0.520042
v 0.045238 -0.048251 -0.520042
v 0.248662 0.038824 0.423627
v 0.248662 0.038824 0.423627
v -0.263532 0.009531 0.320965
v -0.263532 0.009531 0.320965
v -0.311902 0.007135 0.279748
v -0.311902 0.007135 0.279748
v 0.244836 0.051405 0.400033
v 0.244836 0.051405 0.400033
v 0.017015 0.197910 -0.186855
v 0.017015 0.197910 -0.186855
v 0.724746 -0.206878 0.441669
v -0.141372 0.235154 0.119314
v -0.141372 0.235154 0.119314
v 0.537540 0.006458 0.181493
v 0.537540 0.006458 0.181493
v -0.104288 0.265746 -0.128630
v -0.104288 0.265746 -0.128630
v -0.324363 0.081790 0.152103
v -0.324363 0.081790 0.152103
v -0.324363 0.081790 0.152103
v -0.291962 0.011629 -0.276908
v -0.291962 0.011629 -0.276908
v -0.273802 0.105188 -0.135455
v -0.273802 0.105188 -0.135455
v -0.403242 0.006209 0.104208
v -0.403242 0.006209 0.104208
v -0.484798 -0.023862 -0.208640
v -0.484798 -0.023862 -0.208640
v -0.188005 0.243640 0.096825
v -0.188005 0.243640 0.096825
v 0.281713 0.106019 -0.113428
v 0.281713 0.106019 -0.113428
v -0.230409 0.208052 0.081226
v -0.230409 0.208052 0.081226
v 0.179861 0.192277 -0.037012
v 0.179861 0.192277 -0.037012
v -0.418760 0.081571 -0.058409
v -0.418760 0.081571 -0.058409
v 0.221654 -0.183586 0.682578
v 0.221654 -0.183586 0.682578
v -0.207747 0.223376 0.069204
v -0.207747 0.223376 0.069204
v 0.011142 0.217267 -0.190033
v 0.011142 0.217267 -0.190033
v -0.240209 0.034822 -0.189396
v -0.240209 0.034822 -0.189396
v -0.279588 0.100556 -0.138686
v -0.279588 0.100556 -0.138686
v -0.348148 0.053622 -0.154949
v -0.348148 0.053622 -0.154949
v 0.205365 0.045070 0.377677
v 0.134604 -0.194296 0.703919
v -0.109372 0.075957 0.405042
v -0.109372 0.075957 0.405042
v -0.314214 0.150756 -0.017978
v -0.314214 0.150756 -0.017978
v 0.681081 -0.094764 0.217262
v 0.681081 -0.094764 0.217262
v 0.583663 -0.195786 -0.542401
v -0.180331 0.242494 0.113471
v -0.180331 0.242494 0.113471
v -0.710402 -0.225163 0.230527
v -0.289152 0.167732 0.037870
v -0.289152 0.167732 0.037870
v -0.304371 -0.122888 0.540271
v -0.304371 -0.122888 0.540271
v 0.560370 -0.083468 0.434472
v 0.560370 -0.083468 0.434472
v 0.022318 0.165069 0.261840
v 0.022318 0.165069 0.261840
v -0.025086 0.201640 0.160470
v -0.025086 0.201640 0.160470
v -0.127801 0.045588 -0.214296
v -0.127801 0.045588 -0.214296
v 0.139216 0.157378 -0.220889
v 0.139216 0.157378 -0.220889
v -0.350618 0.040891 0.164875
v -0.211956 0.188913 0.125438
v -0.211956 0.188913 0.125438
v 0.333877 0.085157 0.001637
v 0.333877 0.085157 0.001637
v -0.187982 -0.011855 0.497116
v -0.187982 -0.011855 0.497116
v -0.208206 0.149489 -0.125822
v -0.208206 0.149489 -0.125822
v 0.049496 0.174263 0.246811
v 0.049496 0.174263 0.246811
v 0.247301 0.059686 0.328273
v 0.247301 0.059686 0.328273
v 0.030056 0.030171 -0.324010
v 0.030056 0.030171 -0.324010
v -0.001392 0.098926 -0.213973
v -0.001392 0.098926 -0.213973
v -0.361303 -0.230149 0.634602
v -0.118150 0.040879 -0.218113
v -0.118150 0.040879 -0.218113
v -0.684877 -0.229167 0.346958
v -0.309160 -0.232246 0.661312
v -0.309160 -0.232246 0.661312
v -0.236646 0.116735 0.200996
v -0.236646 0.116735 0.200996
v -0.412809 -0.046355 -0.357552
v -0.412809 -0.046355 -0.357552
v 0.139053 0.194124 0.014569
v 0.139053 0.194124 0.014569
v -0.041473 0.013902 0.513354
v -0.313182 0.161254 0.010445
v -0.313182 0.161254 0.010445
v -0.323844 0.094425 0.134665
v -0.323844 0.094425 0.134665
v -0.323844 0.094425 0.134665
v -0.243954 0.207400 -0.077949
v 0.803716 -0.201101 0.078600
v -0.154346 0.282688 -0.092033
v -0.154346 0.282688 -0.092033
v -0.257033 0.085504 0.223762
v -0.257033 0.085504 0.223762
v -0.257033 0.085504 0.223762
v -0.257033 0.085504 0.223762
v -0.253961 0.114756 -0.134246
v -0.253961 0.114756 -0.134246
v -0.660580 -0.227282 -0.366338
v 0.321761 -0.207381 0.698639
v -0.130717 0.227653 0.158596
v -0.130717 0.227653 0.158596
v -0.130717 0.227653 0.158596
v -0.327050 0.123487 0.095176
v -0.223934 0.221483 0.043088
v -0.223934 0.221483 0.043088
v 0.589407 -0.034358 -0.061773
v 0.589407 -0.034358 -0.061773
v 0.256406 0.151317 0.174367
v 0.256406 0.151317 0.174367
v -0.028481 0.053916 -0.231962
v -0.028481 0.053916 -0.231962
v -0.285421 0.173911 -0.006045
v -0.285421 0.173911 -0.006045
v -0.157007 -0.220521 0.710376
v -0.219225 -0.224958 0.693735
v -0.405946 0.005301 0.111654
v -0.405946 0.005301 0.111654
v 0.113447 0.055660 0.403051
v 0.113447 0.055660 0.403051
v 0.143304 0.196324 0.044015
v 0.143304 0.196324 0.044015
v 0.249492 0.121942 -0.232300
v 0.249492 0.121942 -0.232300
v 0.094884 0.054618 0.407784
v 0.094884 0.054618 0.407784
v -0.209840 0.022241 0.358803
v -0.209840 0.022241 0.358803
v 0.335324 -0.192876 -0.652575
v -0.011360 0.085066 -0.248957
v 0.068426 0.119518 -0.221813
v 0.068426 0.119518 -0.221813
v 0.068426 0.119518 -0.221813
v 0.233780 0.130857 -0.235581
v 0.233780 0.130857 -0.235581
v 0.233780 0.130857 -0.235581
v -0.407222 0.003030 -0.235050
v -0.407222 0.003030 -0.235050
v -0.215961 0.226830 0.104435
v 0.184940 0.123842 -0.265315
v 0.184940 0.123842 -0.265315
v 0.018942 0.235516 -0.157963
v 0.018942 0.235516 -0.157963
v -0.471414 -0.027454 -0.220439
v -0.471414 -0.027454 -0.220439
v 0.320076 0.092626 -0.058839
v 0.320076 0.092626 -0.058839
v -0.200226 0.188268 0.144630
v -0.200226 0.188268 0.144630
v 0.151682 0.200975 -0.188448
v 0.151682 0.200975 -0.188448
v 0.433507 -0.202203 -0.636273
v -0.382604 0.116272 -0.028161
v -0.382604 0.116272 -0.028161
v 0.237121 0.133220 -0.225825
v 0.237121 0.133220 -0.225825
v -0.316430 0.078133 -0.150457
v -0.316430 0.078133 -0.150457
v -0.316430 0.078133 -0.150457
v 0.023067 0.057002 0.412574
v 0.023067 0.057002 0.412574
v 0.567504 -0.091814 0.444562
v 0.567504 -0.091814 0.444562
v 0.783239 -0.208305 0.303237
v -0.001571 0.093566 -0.232456
v 0.192571 0.214077 -0.151217
v 0.192571 0.214077 -0.151217
v -0.173913 0.216177 0.152097
v -0.173913 0.216177 0.152097
v -0.161292 0.280493 -0.079524
v -0.161292 0.280493 -0.079524
v -0.254697 0.036395 -0.184829
v -0.254697 0.036395 -0.184829
v 0.225751 0.039789 0.404870
v 0.225751 0.039789 0.404870
v 0.300430 0.054265 0.285730
v 0.300430 0.054265 0.285730
v -0.016057 0.079711 -0.255786
v -0.223503 0.195940 0.106334
v -0.223503 0.195940 0.106334
v -0.458898 -0.010130 -0.225501
v -0.458898 -0.010130 -0.225501
v -0.338761 0.084782 0.136791
v -0.302893 0.088580 -0.132990
v -0.302893 0.088580 -0.132990
v 0.136931 0.054759 0.385808
v 0.136931 0.054759 0.385808
v 0.136931 0.054759 0.385808
v 0.136931 0.054759 0.385808
v 0.556887 -0.005693 0.188006
v 0.556887 -0.005693 0.188006
v -0.152033 0.158339 -0.176794
v -0.152033 0.158339 -0.176794
v 0.055135 0.177336 0.234555
v 0.055135 0.177336 0.234555
v -0.003739 0.062131 -0.237244
v -0.003739 0.062131 -0.237244
v 0.165695 -0.194438 -0.665083
v 0.379438 0.084512 0.155621
v 0.379438 0.084512 0.155621
v -0.015170 0.109422 -0.208241
v -0.015170 0.109422 -0.208241
v -0.213485 0.221537 0.056299
v -0.213485 0.221537 0.056299
v -0.082150 0.084663 -0.215430
v -0.325801 0.002792 0.274052
v -0.325801 0.002792 0.274052
v 0.235103 0.084592 0.261111
v 0.119717 -0.047724 0.568612
v 0.119717 -0.047724 0.568612
v 0.036249 0.172033 -0.167491
v 0.252332 -0.198984 0.701418
v -0.068928 0.047128 -0.225925
v -0.068928 0.047128 -0.225925
v 0.069513 0.222607 -0.151885
v 0.069513 0.222607 -0.151885
v -0.699391 -0.220988 -0.250588
v -0.324305 -0.231567 0.654169
v -0.209393 0.259561 0.003960
v -0.209393 0.259561 0.003960
v 0.273892 0.116757 -0.127900
v 0.273892 0.116757 -0.127900
v 0.273618 -0.185925 -0.657743
v -0.148584 0.277176 -0.100770
v -0.148584 0.277176 -0.100770
v 0.013323 0.218660 -0.175884
v 0.013323 0.218660 -0.175884
v 0.033884 0.023132 -0.368169
v 0.033884 0.023132 -0.368169
v 0.003752 0.040507 -0.250509
v 0.003752 0.040507 -0.250509
v -0.271567 0.068060 0.234785
v -0.271567 0.068060 0.234785
v -0.696871 -0.225441 0.310824
v -0.489481 -0.030977 -0.206299
v -0.489481 -0.030977 -0.206299
v -0.227415 0.204157 0.089298
v -0.227415 0.204157 0.089298
v 0.124299 0.129629 0.212383
v -0.197668 0.165082 -0.123792
v -0.197668 0.165082 -0.123792
v 0.045115 0.006253 -0.416264
v 0.045115 0.006253 -0.416264
v -0.200772 0.153484 0.177051
v -0.200772 0.153484 0.177051
v 0.034363 0.013169 -0.383061
v 0.034363 0.013169 -0.383061
v -0.528994 -0.215164 -0.541215
v 0.314941 -0.205959 0.698960
v -0.216646 0.217523 0.046642
v -0.216646 0.217523 0.046642
v 0.129948 0.222105 -0.157307
v 0.129948 0.222105 -0.157307
v 0.030059 0.029462 -0.336260
v 0.030059 0.029462 -0.336260
v -0.177210 0.154538 -0.165498
v 0.065080 0.069511 -0.260945
v 0.065080 0.069511 -0.260945
v -0.217167 0.111295 0.251731
v -0.217167 0.111295 0.251731
v 0.207432 0.210900 -0.118750
v 0.207432 0.210900 -0.118750
v -0.002249 0.038559 -0.241632
v -0.002249 0.038559 -0.241632
v 0.070780 0.110910 0.308734
v -0.368573 -0.230086 0.630531
v -0.224492 0.039538 -0.188272
v -0.224492 0.039538 -0.188272
v -0.197697 0.252294 0.116929
v -0.197697 0.252294 0.116929
v 0.283875 0.156769 0.098623
v 0.283875 0.156769 0.098623
v 0.013024 0.036338 -0.263408
v 0.013024 0.036338 -0.263408
v -0.714956 -0.206783 0.019093
v 0.255677 0.119858 -0.235976
v 0.255677 0.119858 -0.235976
v -0.336656 -0.057978 0.443079
v -0.336656 -0.057978 0.443079
v -0.469579 -0.016446 -0.225133
v -0.469579 -0.016446 -0.225133
v 0.195142 0.169107 -0.023458
v 0.195142 0.169107 -0.023458
v 0.702484 -0.195453 -0.412325
v -0.417600 -0.053352 -0.374201
v -0.417600 -0.053352 -0.374201
v -0.440551 -0.209191 -0.615293
v -0.086487 -0.213685 -0.673642
v -0.188821 0.177810 0.172354
v -0.188821 0.177810 0.172354
v -0.188821 0.177810 0.172354
v 0.384313 0.033092 -0.342334
v 0.384313 0.033092 -0.342334
v 0.362472 0.040736 -0.330173
v 0.362472 0.040736 -0.330173
v 0.393878 0.045821 -0.243616
v 0.243275 0.139073 -0.205985
v 0.243275 0.139073 -0.205985
v -0.555336 -0.206404 -0.488798
v -0.555336 -0.206404 -0.488798
v 0.243373 0.136375 -0.214023
v 0.243373 0.136375 -0.214023
v 0.203775 0.126697 -0.258681
v 0.203775 0.126697 -0.258681
v -0.248296 -0.227921 0.685254
v 0.272829 0.055356 0.296242
v 0.272829 0.055356 0.296242
v 0.277984 0.104569 -0.250457
v 0.277984 0.104569 -0.250457
v -0.383624 -0.000816 0.184912
v -0.383624 -0.000816 0.184912
v 0.201564 0.214355 -0.136888
v 0.201564 0.214355 -0.136888
v 0.257874 0.137131 -0.166368
v 0.257874 0.137131 -0.166368
v 0.301091 0.091219 -0.256616
v 0.301091 0.091219 -0.256616
v -0.102904 -0.212094 -0.674145
v -0.478254 -0.031191 -0.226323
v -0.478254 -0.031191 -0.226323
v -0.260026 0.048346 -0.181973
v -0.260026 0.048346 -0.181973
v -0.449908 0.013534 -0.141833
v -0.449908 0.013534 -0.141833
v -0.319507 0.133729 -0.060752
v -0.319507 0.133729 -0.060752
v -0.269469 0.179970 -0.005015
v -0.269469 0.179970 -0.005015
v -0.337143 -0.005491 -0.302478
v -0.337143 -0.005491 -0.302478
v 0.693859 -0.196147 -0.425913
v 0.081824 0.220530 -0.152715
v 0.081824 0.220530 -0.152715
v 0.050723 0.211527 -0.143709
v 0.050723 0.211527 -0.143709
v 0.160664 0.161274 -0.228075
v 0.160664 0.161274 -0.228075
v -0.238015 0.263068 -0.014725
v -0.238015 0.263068 -0.014725
v -0.155354 0.085741 0.348587
v 0.120811 0.221628 -0.157177
v 0.120811 0.221628 -0.157177
v 0.115032 0.221281 -0.153488
v 0.115032 0.221281 -0.153488
v -0.227353 0.088593 0.262323
v -0.227353 0.088593 0.262323
v 0.023142 0.206465 -0.174326
v 0.023142 0.206465 -0.174326
v 0.090216 0.207939 -0.160805
v -0.013634 0.121246 0.315842
v -0.013634 0.121246 0.315842
v 0.000533 0.214358 -0.189096
v 0.003765 0.225008 -0.176100
v 0.003765 0.225008 -0.176100
v -0.404625 0.090280 0.024478
v 0.010071 0.166434 0.267043
v 0.010071 0.166434 0.267043
v 0.037871 0.216503 -0.142887
v 0.037871 0.216503 -0.142887
v 0.023694 0.228755 -0.154723
v 0.023694 0.228755 -0.154723
v 0.308028 -0.204620 0.699413
v 0.074726 0.127011 -0.213913
v 0.074726 0.127011 -0.213913
v 0.059275 0.124045 -0.217192
v 0.059275 0.124045 -0.217192
v -0.008560 0.084304 -0.242061
v -0.008560 0.084304 -0.242061
v -0.268789 0.060942 -0.158281
v -0.268789 0.060942 -0.158281
v 0.110613 0.125364 -0.236758
v 0.110613 0.125364 -0.236758
v -0.333618 0.151152 -0.004522
v -0.333618 0.151152 -0.004522
v -0.176661 0.254607 0.072139
v -0.176661 0.254607 0.072139
v -0.303754 0.159408 -0.010339
v -0.303754 0.159408 -0.010339
v 0.109273 0.084751 -0.272153
v 0.109273 0.084751 -0.272153
v 0.220403 0.039011 0.414422
v 0.220403 0.039011 0.414422
v 0.309639 -0.187337 -0.655012
v -0.114114 0.078810 0.399581
v -0.114114 0.078810 0.399581
v -0.090220 0.078415 0.409728
v -0.090220 0.078415 0.409728
v 0.102360 0.077986 -0.273642
v 0.102360 0.077986 -0.273642
v -0.199906 -0.006817 0.494330
v 0.141460 0.107846 -0.274241
v 0.141460 0.107846 -0.274241
v 0.132720 0.105292 -0.272423
v 0.132720 0.105292 -0.272423
v -0.053776 0.251754 -0.147750
v -0.053776 0.251754 -0.147750
v 0.207439 0.173506 0.037806
v 0.207439 0.173506 0.037806
v -0.154638 0.231254 0.161468
v -0.154638 0.231254 0.161468
v -0.146620 0.054499 -0.209016
v -0.146620 0.054499 -0.209016
v -0.255951 0.090917 0.209827
v -0.255951 0.090917 0.209827
v -0.184312 0.126895 -0.166661
v -0.184312 0.126895 -0.166661
v -0.220529 0.267098 -0.040094
v -0.220529 0.267098 -0.040094
v 0.631040 -0.058169 -0.080006
v 0.631040 -0.058169 -0.080006
v 0.150748 0.217687 -0.168609
v 0.150748 0.217687 -0.168609
v 0.052571 0.169972 0.256811
v 0.052571 0.169972 0.256811
v -0.078656 -0.220854 0.718119
v 0.140734 0.167846 -0.215720
v 0.140734 0.167846 -0.215720
v 0.170599 0.126630 -0.269726
v 0.170599 0.126630 -0.269726
v 0.170599 0.126630 -0.269726
v 0.017461 0.041899 -0.256361
v 0.017461 0.041899 -0.256361
v 0.022975 0.046250 -0.261936
v 0.022975 0.046250 -0.261936
v 0.046504 0.058206 -0.265214
v 0.046504 0.058206 -0.265214
v 0.105450 0.137677 -0.223814
v 0.105450 0.137677 -0.223814
v 0.292396 -0.202531 0.700220
v 0.118009 0.146525 -0.234620
v 0.264427 0.166452 0.090604
v 0.264427 0.166452 0.090604
v 0.123260 0.135436 -0.247697
v 0.123260 0.135436 -0.247697
v 0.134493 0.161134 -0.217863
v 0.134493 0.161134 -0.217863
v 0.145372 0.158520 -0.220816
v 0.145372 0.158520 -0.220816
v 0.145372 0.158520 -0.220816
v -0.067564 0.247318 -0.138623
v -0.067564 0.247318 -0.138623
v -0.067564 0.247318 -0.138623
v -0.603488 -0.232541 -0.456808
v 0.322802 0.068660 -0.278981
v 0.322802 0.068660 -0.278981
v -0.100200 0.260023 -0.118802
v -0.100200 0.260023 -0.118802
v -0.591334 -0.230561 0.473819
v -0.460425 0.045387 0.021281
v -0.460425 0.045387 0.021281
v -0.130832 0.266749 -0.126878
v -0.130832 0.266749 -0.126878
v -0.161915 0.216925 -0.118983
v -0.161915 0.216925 -0.118983
v -0.159818 0.234451 0.122718
v -0.159818 0.234451 0.122718
v 0.145482 0.169862 0.186035
v 0.145482 0.169862 0.186035
v 0.299141 0.104372 -0.087636
v 0.299141 0.104372 -0.087636
v -0.252727 0.202675 -0.000122
v -0.252727 0.202675 -0.000122
v 0.130502 0.148489 -0.237154
v 0.130502 0.148489 -0.237154
v -0.269869 0.089110 0.191356
v -0.269869 0.089110 0.191356
v -0.170564 0.136301 -0.169996
v -0.170564 0.136301 -0.169996
v -0.376882 0.048171 -0.110897
v -0.126663 0.075267 0.400708
v -0.126663 0.075267 0.400708
v -0.150475 0.235601 0.121281
v -0.150475 0.235601 0.121281
v -0.314072 0.007781 -0.289453
v -0.314072 0.007781 -0.289453
v -0.219433 0.136668 -0.126285
v -0.219433 0.136668 -0.126285
v -0.214867 0.142566 -0.125715
v -0.214867 0.142566 -0.125715
v 0.083851 0.185266 -0.182655
v 0.083851 0.185266 -0.182655
v -0.203290 0.158328 -0.122683
v -0.203290 0.158328 -0.122683
v -0.168928 0.204038 -0.123792
v -0.168928 0.204038 -0.123792
v -0.333931 0.002667 0.267178
v -0.333931 0.002667 0.267178
v -0.212737 0.263029 -0.040316
v -0.212737 0.263029 -0.040316
v 0.060345 0.041836 0.434795
v 0.060345 0.041836 0.434795
v 0.212974 0.030214 0.433201
v 0.212974 0.030214 0.433201
v 0.305505 0.082837 -0.279329
v 0.305505 0.082837 -0.279329
v 0.305505 0.082837 -0.279329
v 0.468600 -0.007595 -0.390006
v 0.468600 -0.007595 -0.390006
v 0.158173 -0.195156 -0.665239
v -0.312922 0.079900 -0.131272
v -0.312922 0.079900 -0.131272
v 0.072316 0.143122 -0.212550
v 0.072316 0.143122 -0.212550
v 0.181595 -0.196293 0.702800
v 0.506597 -0.198006 -0.593617
v 0.083128 0.195236 -0.173979
v 0.083128 0.195236 -0.173979
v -0.111620 0.041104 -0.223473
v -0.111620 0.041104 -0.223473
v -0.399117 0.006071 0.122039
v -0.399117 0.006071 0.122039
v 0.204752 0.162822 -0.005907
v 0.204752 0.162822 -0.005907
v -0.270332 0.016169 -0.279960
v -0.270332 0.016169 -0.279960
v 0.339168 0.085879 -0.030980
v 0.339168 0.085879 -0.030980
v -0.225840 0.132140 -0.126606
v -0.225840 0.132140 -0.126606
v 0.108794 -0.034794 0.556878
v 0.108794 -0.034794 0.556878
v -0.366083 0.041315 -0.154258
v -0.366083 0.041315 -0.154258
v -0.593429 -0.073499 -0.003425
v -0.593429 -0.073499 -0.003425
v 0.731368 -0.199507 -0.361529
v -0.320365 0.126832 -0.066484
v -0.320365 0.126832 -0.066484
v -0.114183 0.102877 -0.196560
v -0.114183 0.102877 -0.196560
v -0.596453 -0.114871 -0.217820
v -0.596453 -0.114871 -0.217820
v -0.172571 0.063757 0.385124
v -0.172571 0.063757 0.385124
v 0.256435 0.037233 0.393052
v 0.256435 0.037233 0.393052
v 0.256435 0.037233 0.393052
v -0.347723 0.003397 0.245099
v -0.347723 0.003397 0.245099
v 0.156742 0.220965 -0.160704
v 0.156742 0.220965 -0.160704
v 0.193435 0.178911 -0.034095
v 0.193435 0.178911 -0.034095
v -0.351163 0.130623 -0.021669
v -0.351163 0.130623 -0.021669
v -0.396132 0.005293 -0.220423
v -0.396132 0.005293 -0.220423
v 0.176440 -0.139885 0.638898
v 0.176440 -0.139885 0.638898
v -0.195134 -0.008435 0.493899
v -0.195134 -0.008435 0.493899
v -0.195134 -0.008435 0.493899
v -0.323450 0.160535 -0.012190
v -0.323450 0.160535 -0.012190
v -0.003479 0.169776 0.272343
v -0.003479 0.169776 0.272343
v -0.182917 0.250878 0.050745
v -0.182917 0.250878 0.050745
v -0.182917 0.250878 0.050745
v -0.280902 0.177765 0.026847
v -0.280902 0.177765 0.026847
v -0.005729 0.205785 -0.186951
v -0.005729 0.205785 -0.186951
v 0.444965 0.006447 -0.378359
v 0.444965 0.006447 -0.378359
v 0.217532 0.052228 0.344799
v 0.217532 0.052228 0.344799
v -0.206035 -0.204980 -0.670665
v -0.126187 0.105341 -0.197635
v -0.126187 0.105341 -0.197635
v -0.189833 0.227701 0.116473
v -0.189833 0.227701 0.116473
v -0.189833 0.227701 0.116473
v -0.311821 0.155003 0.036826
v -0.311821 0.155003 0.036826
v 0.757730 -0.165127 -0.124864
v 0.757730 -0.165127 -0.124864
v -0.184010 0.248948 0.082555
v -0.184010 0.248948 0.082555
v -0.275792 0.016291 -0.280048
v -0.275792 0.016291 -0.280048
v -0.188487 0.247091 0.091244
v -0.188487 0.247091 0.091244
v -0.178060 0.235706 0.116093
v -0.178060 0.235706 0.116093
v -0.233205 0.247889 0.041155
v -0.233205 0.247889 0.041155
v 0.602288 -0.174282 -0.482087
v 0.602288 -0.174282 -0.482087
v -0.323876 0.107069 -0.078861
v -0.323876 0.107069 -0.078861
v 0.202019 0.179604 0.036971
v 0.202019 0.179604 0.036971
v -0.390193 -0.034190 -0.341576
v -0.390193 -0.034190 -0.341576
v -0.383201 -0.030708 -0.334647
v -0.383201 -0.030708 -0.334647
v 0.802885 -0.199429 0.051548
v -0.242306 0.203110 0.063206
v -0.242306 0.203110 0.063206
v -0.234545 0.106789 0.236391
v -0.234545 0.106789 0.236391
v -0.021199 0.037216 -0.237597
v -0.021199 0.037216 -0.237597
v -0.241477 0.230703 0.042840
v -0.241477 0.230703 0.042840
v -0.320002 0.128600 0.087007
v -0.320002 0.128600 0.087007
v -0.238064 0.240506 0.044093
v -0.238064 0.240506 0.044093
v -0.180777 0.192357 -0.116436
v -0.180777 0.192357 -0.116436
v -0.011248 0.168713 0.273591
v -0.011248 0.168713 0.273591
v -0.358543 -0.019187 -0.318821
v -0.358543 -0.019187 -0.318821
v -0.093675 0.052043 -0.241933
v -0.093675 0.052043 -0.241933
v 0.241051 0.036256 0.427329
v 0.241051 0.036256 0.427329
v -0.329273 0.091672 0.126665
v -0.329273 0.091672 0.126665
v -0.169762 0.223726 0.137649
v -0.169762 0.223726 0.137649
v -0.547961 -0.070934 -0.216295
v -0.547961 -0.070934 -0.216295
v 0.043722 0.010384 -0.406450
v 0.043722 0.010384 -0.406450
v -0.357039 0.072138 0.098322
v -0.357039 0.072138 0.098322
v 0.227666 0.035793 0.429056
v 0.227666 0.035793 0.429056
v 0.227666 0.035793 0.429056
v -0.234966 0.259075 0.040681
v -0.234966 0.259075 0.040681
v -0.224954 0.263217 0.042770
v -0.224954 0.263217 0.042770
v -0.224954 0.263217 0.042770
v -0.197530 0.213664 0.071537
v -0.197530 0.213664 0.071537
v 0.066343 0.023005 0.456943
v 0.066343 0.023005 0.456943
v -0.395679 -0.228877 0.612526
v -0.317827 0.083852 -0.144872
v 0.770369 -0.190811 -0.246671
v -0.329082 0.157025 -0.007665
v -0.329082 0.157025 -0.007665
v 0.142996 -0.196909 -0.665539
v -0.274295 0.005552 0.330377
v -0.274295 0.005552 0.330377
v 0.120121 -0.195287 0.705126
v -0.274661 0.175819 -0.005923
v -0.274661 0.175819 -0.005923
v -0.501584 -0.013109 -0.219364
v -0.321187 0.005686 -0.291053
v -0.321187 0.005686 -0.291053
v -0.617153 -0.136528 -0.204299
v -0.617153 -0.136528 -0.204299
v 0.580696 -0.025144 -0.059928
v 0.580696 -0.025144 -0.059928
v -0.410669 0.010471 0.077372
v -0.410669 0.010471 0.077372
v -0.291607 0.109009 -0.139138
v -0.291607 0.109009 -0.139138
v -0.356901 -0.215632 -0.647897
v 0.150873 0.054742 0.384588
v 0.150873 0.054742 0.384588
v -0.016329 0.247781 -0.157929
v -0.016329 0.247781 -0.157929
v -0.301245 -0.232190 0.664801
v -0.000378 0.246128 -0.161689
v -0.000378 0.246128 -0.161689
v 0.682083 -0.205061 0.502196
v 0.373152 0.036092 -0.332352
v 0.373152 0.036092 -0.332352
v -0.622844 -0.170064 -0.321217
v 0.600861 -0.030615 0.196785
v 0.600861 -0.030615 0.196785
v 0.250373 0.058611 0.320212
v 0.250373 0.058611 0.320212
v -0.170866 0.176599 -0.165095
v -0.170866 0.176599 -0.165095
v 0.164414 0.137314 -0.252370
v 0.164414 0.137314 -0.252370
v -0.105867 0.138949 -0.181301
v -0.105867 0.138949 -0.181301
v 0.536189 0.004768 -0.045857
v 0.536189 0.004768 -0.045857
v 0.797748 -0.191861 -0.038108
v -0.172379 0.237834 0.119197
v -0.172379 0.237834 0.119197
v -0.172379 0.237834 0.119197
v 0.196318 0.159621 0.193381
v 0.196318 0.159621 0.193381
v 0.002460 0.070996 -0.235067
v 0.002460 0.070996 -0.235067
v 0.033727 0.033736 -0.309023
v 0.033727 0.033736 -0.309023
v 0.053670 0.178563 0.222161
v 0.053670 0.178563 0.222161
v 0.053670 0.178563 0.222161
v -0.373857 0.037469 -0.154705
v -0.373857 0.037469 -0.154705
v -0.167748 0.200838 0.158072
v -0.167748 0.200838 0.158072
v -0.050012 0.040438 -0.230953
v -0.050012 0.040438 -0.230953
v -0.097016 0.141847 -0.191108
v -0.097016 0.141847 -0.191108
v -0.025037 0.098303 -0.217557
v -0.025037 0.098303 -0.217557
v 0.233274 0.153597 0.186330
v 0.233274 0.153597 0.186330
v -0.130785 0.088014 -0.197861
v -0.130785 0.088014 -0.197861
v -0.139744 0.218377 0.133304
v 0.124497 0.174307 0.194765
v 0.124497 0.174307 0.194765
v -0.340304 -0.063634 0.450597
v -0.340304 -0.063634 0.450597
v -0.126319 0.095692 -0.204655
v -0.189973 0.235421 0.083978
v 0.311526 0.084655 -0.264326
v 0.311526 0.084655 -0.264326
v -0.058276 0.204971 0.261332
v -0.058276 0.204971 0.261332
v -0.181474 0.054470 -0.186266
v -0.181474 0.054470 -0.186266
v -0.359811 0.044522 -0.155743
v -0.359811 0.044522 -0.155743
v -0.245432 0.007965 0.340675
v -0.245432 0.007965 0.340675
v -0.245432 0.007965 0.340675
v 0.252796 0.064873 0.400432
v 0.252796 0.064873 0.400432
v -0.074535 0.205217 0.250080
v -0.074535 0.205217 0.250080
v -0.145839 0.225790 0.161627
v -0.145839 0.225790 0.161627
v -0.221595 0.263465 0.053278
v -0.221595 0.263465 0.053278
v -0.263074 0.033460 -0.256219
v -0.263074 0.033460 -0.256219
v -0.179901 0.221977 0.128504
v 0.083407 -0.198628 0.708651
v -0.197574 0.136446 -0.158513
v -0.197574 0.136446 -0.158513
v -0.198597 0.144745 -0.152669
v -0.198597 0.144745 -0.152669
v -0.258043 0.041303 -0.183151
v -0.258043 0.041303 -0.183151
v -0.191899 -0.222153 0.701485
v -0.206416 0.138178 0.185376
v -0.206416 0.138178 0.185376
v 0.314070 0.073227 -0.279739
v 0.314070 0.073227 -0.279739
v -0.363785 0.074761 0.090726
v -0.363785 0.074761 0.090726
v -0.342094 0.058028 -0.159231
v -0.342094 0.058028 -0.159231
v 0.213431 0.050375 0.352103
v 0.213431 0.050375 0.352103
v -0.486971 -0.033239 -0.224912
v -0.486971 -0.033239 -0.224912
v -0.036454 0.252394 -0.158096
v -0.036454 0.252394 -0.158096
v -0.170026 0.192417 0.157459
v -0.170026 0.192417 0.157459
v -0.248706 0.037271 -0.188670
v -0.248706 0.037271 -0.188670
v -0.717885 -0.205892 -0.058041
v -0.287428 0.015261 -0.271397
v -0.287428 0.015261 -0.271397
v 0.793977 -0.193053 -0.071901
v -0.335177 -0.001511 -0.295919
v -0.335177 -0.001511 -0.295919
v -0.183322 0.255849 0.064908
v -0.183322 0.255849 0.064908
v 0.163662 0.154012 -0.231117
v 0.163662 0.154012 -0.231117
v -0.220562 0.035126 -0.262778
v -0.220562 0.035126 -0.262778
v -0.264072 0.037898 -0.267192
v -0.374263 0.121766 -0.030412
v -0.374263 0.121766 -0.030412
v -0.038213 0.055203 -0.228718
v -0.038213 0.055203 -0.228718
v -0.038213 0.055203 -0.228718
v 0.004532 0.103230 0.346159
v 0.004532 0.103230 0.346159
v -0.335192 -0.071380 0.463642
v -0.335192 -0.071380 0.463642
v -0.185651 0.245755 0.133327
v -0.185651 0.245755 0.133327
v -0.310124 -0.111890 0.523439
v -0.310124 -0.111890 0.523439
v -0.331156 -0.034704 0.385617
v -0.331156 -0.034704 0.385617
v -0.192559 0.229231 0.107295
v -0.192559 0.229231 0.107295
v -0.205388 0.045974 -0.179775
v -0.205388 0.045974 -0.179775
v -0.261832 0.020328 -0.281774
v -0.261832 0.020328 -0.281774
v -0.545178 -0.217539 -0.521203
v -0.082817 -0.151108 0.645179
v -0.582478 -0.060541 -0.002296
v -0.582478 -0.060541 -0.002296
v 0.139657 0.060291 0.373950
v 0.139657 0.060291 0.373950
v 0.284888 0.141034 0.088806
v 0.284888 0.141034 0.088806
v 0.656493 -0.071218 0.213148
v 0.656493 -0.071218 0.213148
v -0.662911 -0.229260 0.387668
v 0.197650 -0.197441 0.702470
v -0.538930 -0.231278 0.516954
v -0.546032 -0.231423 0.511584
v -0.524464 -0.231335 0.527749
v -0.297977 0.007978 0.329583
v -0.297977 0.007978 0.329583
v 0.204678 0.165679 0.011532
v 0.204678 0.165679 0.011532
v -0.213042 0.015135 0.357929
v -0.213042 0.015135 0.357929
v 0.160624 0.196392 -0.013959
v 0.160624 0.196392 -0.013959
v 0.145809 0.193901 0.010198
v 0.145809 0.193901 0.010198
v -0.112051 0.226969 0.130864
v -0.112051 0.226969 0.130864
v 0.260280 -0.199415 0.701162
v -0.232781 0.039665 -0.190162
v -0.232781 0.039665 -0.190162
v -0.283947 0.020190 -0.275330
v -0.283947 0.020190 -0.275330
v -0.283947 0.020190 -0.275330
v -0.283947 0.020190 -0.275330
v 0.038082 0.049996 -0.267377
v 0.038082 0.049996 -0.267377
v 0.190969 0.190176 -0.041000
v 0.190969 0.190176 -0.041000
v 0.293131 0.146661 0.133434
v 0.293131 0.146661 0.133434
v 0.201100 0.194049 -0.062578
v 0.201100 0.194049 -0.062578
v -0.310302 0.105320 -0.131370
v 0.354808 0.078421 -0.024404
v 0.354808 0.078421 -0.024404
v 0.256022 0.067867 0.418887
v 0.256022 0.067867 0.418887
v 0.312060 0.095291 -0.064452
v 0.312060 0.095291 -0.064452
v 0.324496 0.088813 0.013590
v 0.324496 0.088813 0.013590
v 0.249722 0.138511 -0.197777
v 0.249722 0.138511 -0.197777
v 0.327024 0.087774 -0.055098
v 0.327024 0.087774 -0.055098
v 0.344989 0.085638 -0.034372
v 0.344989 0.085638 -0.034372
v -0.234484 0.003660 0.344741
v -0.234484 0.003660 0.344741
v -0.430784 -0.229184 0.590099
v -0.217618 0.193763 0.116960
v -0.217618 0.193763 0.116960
v 0.618277 -0.190049 -0.497025
v 0.618277 -0.190049 -0.497025
v -0.676519 -0.229406 0.364752
v 0.137606 0.194306 0.022049
v 0.137606 0.194306 0.022049
v -0.265254 0.058530 -0.163053
v -0.265254 0.058530 -0.163053
v 0.050278 0.150469 0.253514
v 0.050278 0.150469 0.253514
v -0.134568 0.100836 -0.194886
v -0.134568 0.100836 -0.194886
v -0.163731 0.139754 -0.171552
v -0.163731 0.139754 -0.171552
v 0.271122 0.121934 -0.137691
v 0.271122 0.121934 -0.137691
v -0.170919 0.041951 -0.202899
v -0.170919 0.041951 -0.202899
v -0.597271 -0.230385 0.468165
v -0.452596 0.072347 -0.026413
v -0.452596 0.072347 -0.026413
v -0.214646 0.111598 0.245640
v -0.214646 0.111598 0.245640
v 0.157626 0.195054 -0.002445
v 0.157626 0.195054 -0.002445
v -0.314314 -0.098148 0.507921
v -0.314314 -0.098148 0.507921
v 0.371200 0.086622 0.153084
v 0.371200 0.086622 0.153084
v 0.407798 -0.200463 -0.642123
v -0.034290 0.068078 -0.242046
v 0.219418 0.181336 0.052825
v 0.219418 0.181336 0.052825
v 0.214191 0.176865 0.047155
v 0.214191 0.176865 0.047155
v 0.206562 0.177543 0.031347
v 0.206562 0.177543 0.031347
v -0.102064 0.053773 -0.241257
v -0.102064 0.053773 -0.241257
v 0.175523 0.181333 0.052608
v 0.175523 0.181333 0.052608
v 0.705177 -0.114725 -0.105371
v 0.705177 -0.114725 -0.105371
v 0.151964 0.194367 0.055987
v 0.151964 0.194367 0.055987
v 0.149296 0.193940 0.048558
v 0.149296 0.193940 0.048558
v -0.057430 0.193616 0.265079
v -0.057430 0.193616 0.265079
v 0.279753 0.161837 0.109810
v 0.279753 0.161837 0.109810
v 0.306419 0.129281 0.127242
v 0.306419 0.129281 0.127242
v 0.295364 0.135858 0.127486
v 0.295364 0.135858 0.127486
v 0.285100 0.150852 0.094108
v 0.285100 0.150852 0.094108
v -0.116509 0.225494 0.141916
v -0.116509 0.225494 0.141916
v -0.046408 0.065788 -0.225805
v -0.046408 0.065788 -0.225805
v -0.323210 -0.088710 0.490892
v -0.323210 -0.088710 0.490892
v 0.095553 0.191455 0.137524
v 0.224306 0.053249 0.340460
v 0.224306 0.053249 0.340460
v -0.163379 0.224425 0.145232
v -0.163379 0.224425 0.145232
v -0.177568 0.057696 0.378989
v -0.177568 0.057696 0.378989
v -0.169442 0.224616 0.147237
v -0.169442 0.224616 0.147237
v -0.489011 -0.230562 0.553689
v -0.044994 0.177811 0.271762
v -0.044994 0.177811 0.271762
v -0.329226 -0.019260 0.358444
v -0.329226 -0.019260 0.358444
v -0.688831 -0.228429 0.336968
v -0.448484 0.015597 -0.099646
v -0.448484 0.015597 -0.099646
v -0.507579 -0.153873 -0.448171
v -0.507579 -0.153873 -0.448171
v 0.803115 -0.201382 0.108451
v -0.300604 0.117927 -0.121865
v -0.300604 0.117927 -0.121865
v 0.083257 0.071950 -0.269263
v 0.083257 0.071950 -0.269263
v -0.304985 0.008670 0.280130
v -0.015018 0.205712 0.179025
v -0.015018 0.205712 0.179025
v -0.327853 -0.083698 0.481992
v -0.327853 -0.083698 0.481992
v -0.318510 -0.092305 0.499373
v -0.318510 -0.092305 0.499373
v -0.475380 -0.230098 0.563693
v -0.250448 0.216729 0.024017
v -0.250448 0.216729 0.024017
v -0.250448 0.216729 0.024017
v -0.250448 0.216729 0.024017
v -0.250448 0.216729 0.024017
v -0.206213 0.032850 0.362516
v -0.206213 0.032850 0.362516
v -0.178464 0.253464 0.078150
v -0.178464 0.253464 0.078150
v -0.197775 -0.011892 0.499343
v -0.190434 0.169483 0.171444
v -0.190434 0.169483 0.171444
v 0.609447 -0.182602 -0.492190
v 0.609447 -0.182602 -0.492190
v -0.158314 0.070569 0.393046
v -0.158314 0.070569 0.393046
v -0.590876 -0.233312 -0.471290
v -0.335879 0.145292 -0.007456
v -0.335879 0.145292 -0.007456
v 0.022793 0.079070 0.373776
v 0.022793 0.079070 0.373776
v -0.105065 0.049882 -0.234172
v -0.105065 0.049882 -0.234172
v -0.032433 0.162585 0.288348
v -0.032433 0.162585 0.288348
v 0.077823 0.006849 0.500895
v 0.077823 0.006849 0.500895
v -0.276049 -0.230775 0.675322
v 0.017499 0.084537 0.365451
v 0.017499 0.084537 0.365451
v -0.075287 0.079077 0.410927
v -0.075287 0.079077 0.410927
v 0.673325 -0.199624 -0.453233
v -0.046221 0.188145 0.264430
v -0.046221 0.188145 0.264430
v -0.021592 0.172772 0.275234
v -0.021592 0.172772 0.275234
v 0.160086 0.166216 0.185483
v 0.160086 0.166216 0.185483
v 0.307256 0.054302 0.280238
v 0.307256 0.054302 0.280238
v -0.493294 0.045566 -0.027757
v -0.493294 0.045566 -0.027757
v -0.493294 0.045566 -0.027757
v 0.203216 0.199334 -0.072604
v 0.203216 0.199334 -0.072604
v -0.041036 0.071602 0.414897
v -0.041036 0.071602 0.414897
v -0.084868 0.206762 0.247178
v -0.084868 0.206762 0.247178
v -0.002891 0.060679 0.412349
v -0.002891 0.060679 0.412349
v 0.051548 0.157054 0.262610
v 0.356941 -0.210443 0.695575
v 0.000084 0.106659 0.333263
v 0.000084 0.106659 0.333263
v 0.009250 0.090712 0.357935
v 0.009250 0.090712 0.357935
v -0.029291 0.194360 0.177354
v -0.284296 0.056862 0.249116
v -0.284296 0.056862 0.249116
v -0.320204 0.087570 0.144079
v -0.320204 0.087570 0.144079
v 0.007714 0.082599 -0.227277
v 0.007714 0.082599 -0.227277
v -0.223417 0.264611 0.005407
v -0.223417 0.264611 0.005407
v 0.378093 0.066040 -0.025151
v 0.378093 0.066040 -0.025151
v 0.786859 -0.189910 -0.138106
v 0.786859 -0.189910 -0.138106
v -0.015479 0.130112 0.309743
v -0.015479 0.130112 0.309743
v -0.058129 0.077838 0.411121
v -0.058129 0.077838 0.411121
v -0.047466 0.074961 0.412965
v -0.047466 0.074961 0.412965
v -0.017861 0.059971 0.418879
v -0.017861 0.059971 0.418879
v 0.020834 0.217536 -0.145745
v 0.020834 0.217536 -0.145745
v -0.331086 -0.076869 0.472441
v -0.331086 -0.076869 0.472441
v 0.021467 0.221836 -0.175413
v 0.021467 0.221836 -0.175413
v 0.048018 0.005347 -0.431206
v 0.048018 0.005347 -0.431206
v -0.125057 0.222327 0.158440
v -0.125057 0.222327 0.158440
v -0.302144 0.011745 0.275162
v -0.302144 0.011745 0.275162
v -0.302653 0.007878 0.284831
v -0.302653 0.007878 0.284831
v -0.302653 0.007878 0.284831
v 0.187847 0.054667 0.360706
v 0.187847 0.054667 0.360706
v -0.305636 0.004217 0.296304
v -0.305636 0.004217 0.296304
v -0.286180 0.092058 0.185776
v -0.286180 0.092058 0.185776
v 0.166060 0.167137 0.186336
v 0.166060 0.167137 0.186336
v -0.245470 0.115539 0.202710
v -0.245470 0.115539 0.202710
v -0.260908 0.092093 0.198383
v -0.260908 0.092093 0.198383
v -0.404356 0.054705 0.039275
v -0.404356 0.054705 0.039275
v -0.299083 0.017542 0.268693
v -0.299083 0.017542 0.268693
v -0.359235 0.004397 0.233108
v -0.359235 0.004397 0.233108
v -0.281993 0.006615 0.325109
v -0.281993 0.006615 0.325109
v 0.343598 -0.194956 -0.651808
v 0.078528 0.178300 0.205369
v 0.078528 0.178300 0.205369
v 0.240146 0.057621 0.330818
v 0.240146 0.057621 0.330818
v -0.100583 0.077795 0.410812
v -0.100583 0.077795 0.410812
v -0.017105 0.072961 -0.241298
v -0.017105 0.072961 -0.241298
v -0.290221 0.039174 0.268056
v -0.290221 0.039174 0.268056
v -0.354790 0.004291 0.239712
v -0.354790 0.004291 0.239712
v -0.020124 0.200634 0.183184
v -0.020124 0.200634 0.183184
v -0.274866 0.065553 0.239732
v -0.274866 0.065553 0.239732
v 0.048304 0.166622 0.270663
v 0.048304 0.166622 0.270663
v -0.268963 0.070916 0.230039
v -0.268963 0.070916 0.230039
v -0.235224 0.111353 0.228191
v -0.235224 0.111353 0.228191
v -0.219235 0.115090 0.233665
v -0.219235 0.115090 0.233665
v -0.173638 0.185246 0.160326
v -0.173638 0.185246 0.160326
v 0.161228 0.058973 0.378463
v 0.161228 0.058973 0.378463
v -0.262498 0.188634 0.031305
v -0.262498 0.188634 0.031305
v -0.199824 0.144933 0.182652
v -0.199824 0.144933 0.182652
v -0.345257 0.076486 0.115425
v -0.345257 0.076486 0.115425
v 0.006189 0.098188 0.351939
v 0.006189 0.098188 0.351939
v -0.116689 0.219657 0.210284
v -0.116689 0.219657 0.210284
v 0.017985 0.213085 -0.193700
v -0.221222 0.103571 0.269466
v -0.011754 0.097568 -0.245214
v -0.011754 0.097568 -0.245214
v -0.243862 0.006913 0.319639
v -0.243862 0.006913 0.319639
v 0.615527 -0.207283 0.575683
v -0.213160 0.103944 0.266101
v -0.213160 0.103944 0.266101
v -0.212689 0.094753 0.268598
v -0.212689 0.094753 0.268598
v -0.212689 0.094753 0.268598
v 0.295305 0.088768 -0.276428
v 0.295305 0.088768 -0.276428
v 0.012089 -0.203628 -0.668547
v -0.465776 -0.208929 -0.599531
v -0.365348 0.004774 0.225531
v -0.365348 0.004774 0.225531
v 0.276822 0.161664 0.103826
v 0.276822 0.161664 0.103826
v 0.276822 0.161664 0.103826
v 0.300943 0.107035 0.056888
v 0.300943 0.107035 0.056888
v -0.228734 0.118213 0.199419
v -0.228734 0.118213 0.199419
v -0.533940 -0.056952 -0.210675
v -0.533940 -0.056952 -0.210675
v 0.095169 0.220258 -0.148846
v 0.095169 0.220258 -0.148846
v 0.332610 0.086777 -0.040857
v 0.332610 0.086777 -0.040857
v 0.242812 0.079840 0.404322
v 0.242812 0.079840 0.404322
v 0.248801 0.077060 0.411570
v -0.091586 0.208715 0.239888
v -0.091586 0.208715 0.239888
v 0.238788 0.058867 0.418426
v -0.194576 0.038310 -0.236198
v -0.194576 0.038310 -0.236198
v 0.132008 0.064749 0.382863
v 0.132008 0.064749 0.382863
v -0.495908 -0.230904 0.548565
v 0.140291 0.197647 0.037931
v 0.140291 0.197647 0.037931
v -0.093969 0.246193 -0.124536
v -0.193023 0.248777 0.123668
v -0.193023 0.248777 0.123668
v 0.072227 0.010665 0.492037
v 0.072227 0.010665 0.492037
v 0.071578 0.014300 0.483697
v 0.071578 0.014300 0.483697
v -0.445894 -0.229592 0.581209
v 0.080943 0.056629 0.413725
v 0.080943 0.056629 0.413725
v 0.064928 0.053119 0.417984
v 0.064928 0.053119 0.417984
v 0.053761 -0.130123 -0.579290
v 0.053761 -0.130123 -0.579290
v 0.054134 0.060766 0.406992
v 0.054134 0.060766 0.406992
v 0.037426 0.070152 0.390379
v 0.037426 0.070152 0.390379
v 0.140644 0.196525 0.030678
v 0.140644 0.196525 0.030678
v 0.286848 0.092806 -0.269154
v 0.286848 0.092806 -0.269154
v 0.300721 -0.186476 -0.655750
v -0.194089 -0.024526 0.506498
v -0.194089 -0.024526 0.506498
v 0.369169 -0.046138 0.486905
v 0.254539 0.036583 0.403807
v 0.254539 0.036583 0.403807
v 0.775802 -0.189742 -0.219968
v 0.754394 -0.197059 -0.308171
v 0.219139 0.029977 0.434874
v 0.219139 0.029977 0.434874
v 0.388488 0.059822 -0.023117
v 0.388488 0.059822 -0.023117
v -0.118527 -0.221374 0.716265
v -0.311205 0.097135 0.172297
v -0.311205 0.097135 0.172297
v 0.231209 0.055490 0.334977
v 0.231209 0.055490 0.334977
v 0.102042 0.220166 -0.148208
v 0.102042 0.220166 -0.148208
v 0.032224 -0.203337 0.712653
v -0.121988 0.221884 0.196241
v -0.121988 0.221884 0.196241
v -0.146144 0.164135 -0.177075
v -0.146144 0.164135 -0.177075
v 0.208368 0.159640 0.196166
v 0.208368 0.159640 0.196166
v 0.111385 -0.201555 -0.666023
v -0.573108 -0.231747 0.490227
v -0.194916 0.047750 0.369333
v -0.194916 0.047750 0.369333
v 0.214947 0.158236 0.192865
v 0.214947 0.158236 0.192865
v -0.130746 0.091253 -0.209512
v -0.018124 0.197509 0.158448
v -0.018124 0.197509 0.158448
v 0.150688 0.111671 -0.272979
v 0.150688 0.111671 -0.272979
v 0.205222 0.051883 0.353823
v 0.205222 0.051883 0.353823
v 0.548308 -0.101176 -0.450931
v 0.548308 -0.101176 -0.450931
v 0.022637 0.201109 -0.184736
v 0.022637 0.201109 -0.184736
v 0.003295 0.171704 0.269500
v 0.003295 0.171704 0.269500
v -0.562635 -0.074015 -0.197531
v -0.562635 -0.074015 -0.197531
v 0.499229 0.022784 -0.046449
v 0.499229 0.022784 -0.046449
v 0.300601 -0.203626 0.699742
v -0.053078 0.183045 0.261085
v -0.053078 0.183045 0.261085
v -0.053078 0.183045 0.261085
v -0.252133 0.030276 -0.252299
v -0.252133 0.030276 -0.252299
v 0.138753 0.172730 0.188300
v 0.138753 0.172730 0.188300
v -0.165643 -0.220185 0.709036
v 0.180423 0.195328 -0.029614
v 0.180423 0.195328 -0.029614
v -0.021271 0.074100 -0.248097
v -0.021271 0.074100 -0.248097
v -0.021271 0.074100 -0.248097
v -0.500426 -0.024477 -0.153539
v -0.500426 -0.024477 -0.153539
v 0.276339 -0.200638 0.700597
v -0.037573 0.168044 0.281693
v -0.037573 0.168044 0.281693
v -0.092799 0.257232 -0.121190
v -0.092799 0.257232 -0.121190
v -0.005953 0.113487 -0.212036
v -0.005953 0.113487 -0.212036
v -0.005953 0.113487 -0.212036
v 0.005260 0.114023 0.328686
v 0.040887 -0.041758 -0.510957
v 0.040887 -0.041758 -0.510957
v -0.037016 0.075399 -0.242373
v 0.104695 -0.026949 0.548414
v 0.104695 -0.026949 0.548414
v 0.330869 0.049765 0.264610
v 0.330869 0.049765 0.264610
v -0.712039 -0.207066 0.096274
v 0.246430 0.173116 0.070085
v 0.246430 0.173116 0.070085
v -0.306070 0.159968 0.040216
v -0.306070 0.159968 0.040216
v -0.283208 0.026437 -0.272342
v -0.077541 0.208472 0.211806
v 0.108690 0.144279 -0.226290
v 0.108690 0.144279 -0.226290
v -0.227665 0.200099 0.097510
v -0.227665 0.200099 0.097510
v -0.229495 0.092008 0.255421
v -0.229495 0.092008 0.255421
v 0.167146 -0.119413 0.623971
v 0.167146 -0.119413 0.623971
v 0.221381 0.034781 0.430399
v 0.221381 0.034781 0.430399
v -0.394379 0.001949 -0.244066
v -0.394379 0.001949 -0.244066
v -0.123336 0.223999 0.177809
v -0.123336 0.223999 0.177809
v 0.482220 -0.200802 -0.608454
v 0.281382 0.055149 0.289261
v 0.281382 0.055149 0.289261
v 0.165478 -0.195207 0.703021
v -0.463139 0.033570 -0.069987
v -0.463139 0.033570 -0.069987
v 0.018145 0.218216 -0.182566
v -0.153490 0.056465 -0.202724
v -0.153490 0.056465 -0.202724
v -0.153490 0.056465 -0.202724
v 0.131696 0.150271 -0.228583
v 0.131696 0.150271 -0.228583
v 0.045589 0.065161 0.399578
v 0.045589 0.065161 0.399578
v 0.244449 -0.198744 0.701636
v 0.065117 0.027849 0.449253
v 0.065117 0.027849 0.449253
v 0.197222 0.052927 0.356533
v 0.197222 0.052927 0.356533
v 0.213380 -0.198084 0.702204
v -0.228805 0.034399 -0.256978
v -0.228805 0.034399 -0.256978
v -0.228805 0.034399 -0.256978
v 0.147168 0.195328 -0.193974
v 0.147168 0.195328 -0.193974
v 0.221111 -0.198249 0.702091
v -0.006486 0.092448 -0.242017
v -0.006486 0.092448 -0.242017
v -0.210804 0.035965 -0.252720
v -0.210804 0.035965 -0.252720
v 0.127350 -0.194724 0.704487
v -0.023788 -0.212662 0.716479
v -0.071412 0.249314 -0.131567
v -0.071412 0.249314 -0.131567
v 0.090920 -0.198012 0.707909
v 0.067534 -0.199842 0.710169
v 0.059287 -0.200509 0.710932
v -0.143012 0.278612 -0.108324
v -0.143012 0.278612 -0.108324
v 0.205940 0.163006 0.003167
v 0.205940 0.163006 0.003167
v -0.293128 -0.231926 0.668306
v 0.255417 0.138330 -0.173041
v 0.255417 0.138330 -0.173041
v -0.264733 0.074073 0.233448
v -0.264733 0.074073 0.233448
v -0.228912 -0.225825 0.691108
v -0.185088 0.049518 -0.183115
v -0.185088 0.049518 -0.183115
v 0.801416 -0.201761 0.139131
v -0.006644 0.109075 0.329113
v -0.006644 0.109075 0.329113
v 0.295423 0.115953 0.072981
v 0.295423 0.115953 0.072981
v -0.289303 0.102742 -0.141186
v -0.289303 0.102742 -0.141186
v -0.289303 0.102742 -0.141186
v -0.322213 0.132949 0.091185
v -0.322213 0.132949 0.091185
v 0.004294 -0.207691 0.714388
v -0.005199 -0.209346 0.715136
v 0.015625 0.123186 0.309659
v 0.015625 0.123186 0.309659
v 0.004079 0.089333 -0.221421
v 0.004079 0.089333 -0.221421
v -0.050703 -0.217699 0.717466
v -0.069104 -0.220248 0.717988
v -0.103037 0.215148 0.220079
v -0.103037 0.215148 0.220079
v 0.023089 0.031539 -0.287326
v 0.023089 0.031539 -0.287326
v -0.601410 -0.119980 -0.199214
v -0.601410 -0.119980 -0.199214
v 0.304701 0.106000 0.048669
v 0.304701 0.106000 0.048669
v -0.200675 -0.223247 0.697436
v -0.346367 -0.230183 0.642126
v 0.607356 -0.109545 0.441520
v 0.607356 -0.109545 0.441520
v -0.155587 0.148025 -0.174518
v -0.155587 0.148025 -0.174518
v 0.149519 -0.194165 0.703180
v -0.023832 0.143143 0.295336
v -0.023832 0.143143 0.295336
v -0.105894 -0.221880 0.717496
v -0.284753 -0.231448 0.671824
v -0.096962 -0.221675 0.717891
v -0.680698 -0.229287 0.355855
v -0.305842 -0.159246 0.571581
v -0.305842 -0.159246 0.571581
v 0.749452 -0.157474 -0.119460
v 0.749452 -0.157474 -0.119460
v -0.312193 -0.177692 0.584642
v -0.312193 -0.177692 0.584642
v 0.172337 0.172696 0.011867
v 0.026845 0.025769 -0.353940
v 0.026845 0.025769 -0.353940
v -0.204235 0.035621 -0.246225
v -0.204235 0.035621 -0.246225
v -0.182828 0.182951 0.160627
v -0.182828 0.182951 0.160627
v 0.080362 0.192983 -0.180395
v -0.364553 0.024975 -0.225695
v -0.364553 0.024975 -0.225695
v -0.364553 0.024975 -0.225695
v 0.127735 0.175148 0.187879
v 0.127735 0.175148 0.187879
v -0.585358 -0.230884 0.479399
v -0.196896 0.191348 0.150850
v -0.196896 0.191348 0.150850
v -0.282659 0.171910 0.033795
v -0.282659 0.171910 0.033795
v -0.312794 -0.197963 0.607325
v -0.312794 -0.197963 0.607325
v -0.165389 0.236793 0.124154
v -0.165389 0.236793 0.124154
v -0.672610 -0.229179 0.372193
v -0.197709 -0.022311 0.500803
v -0.197709 -0.022311 0.500803
vt 0.378716 0.194365
vt 0.892061 0.811661
vt 0.818433 0.572725
vt 0.914326 0.526884
vt 0.374366 0.196921
vt 0.892782 0.806629
vt 0.088544 0.749363
vt 0.766104 0.601013
vt 0.971790 0.554911
vt 0.897016 0.264823
vt 0.917551 0.716319
vt 0.740311 0.004480
vt 0.926418 0.315739
vt 0.192776 0.818774
vt 0.862772 0.012005
vt 0.064463 0.403631
vt 0.714606 0.119837
vt 0.272254 0.367705
vt 0.100006 0.788448
vt 0.497298 0.569241
vt 0.736499 0.008721
vt 0.327847 0.282231
vt 0.229818 0.645238
vt 0.642185 0.083568
vt 0.072226 0.738657
vt 0.530145 0.557752
vt 0.897732 0.296785
vt 0.163879 0.388662
vt 0.725585 0.733375
vt 0.395372 0.953431
vt 0.047969 0.402726
vt 0.696126 0.111953
vt 0.528058 0.771542
vt 0.865805 0.279542
vt 0.260573 0.615208
vt 0.869074 0.206273
vt 0.917760 0.821693
vt 0.236168 0.360746
vt 0.851716 0.598112
vt 0.254845 0.406142
vt 0.850618 0.276021
vt 0.881956 0.370789
vt 0.584065 0.831534
vt 0.644764 0.560207
vt 0.316756 0.297230
vt 0.688150 0.295982
vt 0.088356 0.298900
vt 0.088776 0.267501
vt 0.083582 0.435573
vt 0.437450 0.364072
vt 0.846559 0.354763
vt 0.221611 0.694687
vt 0.497484 0.008734
vt 0.563854 0.844444
vt 0.665130 0.567233
vt 0.260447 0.735406
vt 0.755668 0.025029
vt 0.362651 0.059495
vt 0.356479 0.014741
vt 0.370050 0.006860
vt 0.153308 0.004607
vt 0.662647 0.770747
vt 0.872517 0.547646
vt 0.526406 0.021029
vt 0.946482 0.259982
vt 0.011264 0.422051
vt 0.531669 0.877172
vt 0.426006 0.229904
vt 0.781211 0.212574
vt 0.950858 0.126145
vt 0.076505 0.992899
vt 0.771411 0.917224
vt 0.335359 0.271241
vt 0.270008 0.104666
vt 0.946957 0.243419
vt 0.065413 0.295961
vt 0.065760 0.262566
vt 0.512905 0.414977
vt 0.971199 0.961454
vt 0.667717 0.303896
vt 0.013892 0.108292
vt 0.569928 0.472844
vt 0.379787 0.028517
vt 0.436484 0.129666
vt 0.906109 0.897839
vt 0.450372 0.134431
vt 0.483179 0.784213
vt 0.259510 0.352028
vt 0.655420 0.618749
vt 0.049182 0.408711
vt 0.688986 0.115027
vt 0.720691 0.619768
vt 0.034830 0.714044
vt 0.867563 0.225445
vt 0.072006 0.765347
vt 0.514128 0.541843
vt 0.568002 0.390408
vt 0.735221 0.124007
vt 0.179712 0.837015
vt 0.885255 0.009390
vt 0.406953 0.198908
vt 0.786225 0.178574
vt 0.978453 0.081730
vt 0.529302 0.322202
vt 0.970232 0.016861
vt 0.799615 0.112932
vt 0.991991 0.169912
vt 0.066317 0.690140
vt 0.753635 0.661523
vt 0.312260 0.267492
vt 0.873583 0.714479
vt 0.396933 0.272743
vt 0.834892 0.456576
vt 0.141299 0.759426
vt 0.957013 0.610427
vt 0.019927 0.079529
vt 0.557753 0.498817
vt 0.781746 0.924010
vt 0.784054 0.263271
vt 0.799212 0.108958
vt 0.993944 0.166671
vt 0.062781 0.728575
vt 0.542217 0.559030
vt 0.688847 0.909077
vt 0.721258 0.941977
vt 0.212962 0.385044
vt 0.714155 0.786747
vt 0.046149 0.405922
vt 0.692222 0.112020
vt 0.553612 0.139884
vt 0.547117 0.317154
vt 0.972458 0.039181
vt 0.094712 0.787062
vt 0.497924 0.564355
vt 0.030789 0.724535
vt 0.770386 0.599906
vt 0.968162 0.552042
vt 0.352576 0.650695
vt 0.630129 0.006763
vt 0.438715 0.368913
vt 0.847791 0.349777
vt 0.640303 0.730738
vt 0.828455 0.251152
vt 0.766364 0.121421
vt 0.470565 0.581394
vt 0.860943 0.940267
vt 0.557187 0.323872
vt 0.969325 0.051884
vt 0.971888 0.055315
vt 0.336443 0.022215
vt 0.841783 0.440711
vt 0.390308 0.184538
vt 0.892450 0.826972
vt 0.110715 0.957098
vt 0.648498 0.049155
vt 0.021079 0.009830
vt 0.707728 0.023337
vt 0.503221 0.027515
vt 0.959424 0.278096
vt 0.471341 0.463013
vt 0.744899 0.988884
vt 0.342031 0.665426
vt 0.646782 0.009933
vt 0.056526 0.301484
vt 0.057204 0.268381
vt 0.026116 0.530218
vt 0.713850 0.824239
vt 0.378853 0.246200
vt 0.837821 0.489518
vt 0.051238 0.734264
vt 0.617346 0.030973
vt 0.414351 0.288829
vt 0.827767 0.433247
vt 0.178883 0.383977
vt 0.726403 0.749232
vt 0.950228 0.191951
vt 0.959401 0.427295
vt 0.654982 0.880201
vt 0.311715 0.019326
vt 0.488785 0.651968
vt 0.007074 0.817026
vt 0.465340 0.317347
vt 0.337182 0.636815
vt 0.988812 0.838302
vt 0.483555 0.429624
vt 0.706623 0.960087
vt 0.462287 0.551429
vt 0.838690 0.961558
vt 0.040742 0.298740
vt 0.041908 0.264227
vt 0.285719 0.634716
vt 0.989605 0.785260
vt 0.046115 0.987906
vt 0.739072 0.911015
vt 0.139892 0.909161
vt 0.409783 0.047921
vt 0.447304 0.323129
vt 0.099181 0.419576
vt 0.698185 0.670453
vt 0.426017 0.082660
vt 0.939093 0.474221
vt 0.663393 0.086722
vt 0.967241 0.530614
vt 0.081596 0.736957
vt 0.763923 0.615006
vt 0.135022 0.994079
vt 0.828769 0.917847
vt 0.452256 0.147316
vt 0.486983 0.796489
vt 0.034235 0.753980
vt 0.427113 0.225553
vt 0.792455 0.904306
vt 0.617608 0.811366
vt 0.736367 0.144602
vt 0.360228 0.234951
vt 0.013293 0.826637
vt 0.478951 0.314061
vt 0.273372 0.311683
vt 0.861681 0.657949
vt 0.358965 0.113478
vt 0.442599 0.024648
vt 0.987512 0.328024
vt 0.317007 0.007396
vt 0.843591 0.417395
vt 0.229512 0.597840
vt 0.677147 0.117571
vt 0.460027 0.527533
vt 0.815482 0.974517
vt 0.413589 0.953669
vt 0.405715 0.012604
vt 0.485087 0.485878
vt 0.311166 0.953044
vt 0.024905 0.021436
vt 0.696756 0.024414
vt 0.225985 0.985077
vt 0.448572 0.633895
vt 0.063468 0.879878
vt 0.936780 0.511977
vt 0.291810 0.108548
vt 0.922265 0.237416
vt 0.567801 0.841391
vt 0.660853 0.566099
vt 0.477587 0.415017
vt 0.837600 0.289880
vt 0.745344 0.008916
vt 0.927601 0.310892
vt 0.434874 0.276016
vt 0.488648 0.921929
vt 0.731155 0.078556
vt 0.967461 0.084737
vt 0.023136 0.072433
vt 0.553149 0.504849
vt 0.919913 0.769143
vt 0.910189 0.231759
vt 0.917328 0.773263
vt 0.822974 0.906792
vt 0.274213 0.018745
vt 0.411416 0.075355
vt 0.923341 0.477955
vt 0.930606 0.767924
vt 0.937883 0.173709
vt 0.344681 0.048592
vt 0.696446 0.008811
vt 0.795416 0.551576
vt 0.150284 0.994557
vt 0.843309 0.920601
vt 0.006729 0.023564
vt 0.310303 0.704565
vt 0.307341 0.031943
vt 0.943437 0.154700
vt 0.019653 0.920264
vt 0.721931 0.158505
vt 0.065144 0.686007
vt 0.752040 0.665616
vt 0.450794 0.300581
vt 0.596591 0.807127
vt 0.764028 0.579838
vt 0.245224 0.436356
vt 0.389593 0.078150
vt 0.226139 0.454359
vt 0.763690 0.236043
vt 0.293797 0.331577
vt 0.269432 0.017241
vt 0.240601 0.489120
vt 0.475058 0.582858
vt 0.859470 0.935738
vt 0.955832 0.011388
vt 0.026886 0.292367
vt 0.679525 0.972779
vt 0.014540 0.423928
vt 0.705888 0.583966
vt 0.495682 0.715132
vt 0.859669 0.350474
vt 0.966162 0.763871
vt 0.110552 0.685772
vt 0.110854 0.691255
vt 0.311296 0.304612
vt 0.841705 0.139199
vt 0.984525 0.220230
vt 0.228918 0.480506
vt 0.746797 0.215037
vt 0.394951 0.179416
vt 0.893496 0.833856
vt 0.342361 0.237475
vt 0.879558 0.756474
vt 0.335390 0.043930
vt 0.465404 0.301142
vt 0.449482 0.140824
vt 0.483293 0.790608
vt 0.368041 0.652819
vt 0.985779 0.436320
vt 0.053022 0.024509
vt 0.405849 0.158590
vt 0.902711 0.855626
vt 0.365530 0.227797
vt 0.768542 0.901517
vt 0.358228 0.056659
vt 0.840018 0.906517
vt 0.017225 0.460035
vt 0.191174 0.007735
vt 0.041894 0.450116
vt 0.221489 0.009496
vt 0.802014 0.905415
vt 0.249957 0.011864
vt 0.059852 0.443842
vt 0.074264 0.722128
vt 0.759941 0.630474
vt 0.866914 0.906687
vt 0.851266 0.906660
vt 0.047902 0.643788
vt 0.747794 0.711735
vt 0.885646 0.906446
vt 0.263319 0.324000
vt 0.858448 0.642137
vt 0.226344 0.009928
vt 0.032137 0.559540
vt 0.722337 0.795153
vt 0.296120 0.276787
vt 0.875818 0.696168
vt 0.037756 0.590374
vt 0.731811 0.764752
vt 0.231011 0.010229
vt 0.287102 0.287958
vt 0.871488 0.682839
vt 0.268817 0.321743
vt 0.856863 0.647870
vt 0.259791 0.014358
vt 0.277349 0.307814
vt 0.861990 0.663374
vt 0.384946 0.074737
vt 0.290393 0.114641
vt 0.924663 0.230934
vt 0.428076 0.107934
vt 0.319320 0.260047
vt 0.874926 0.724553
vt 0.410990 0.092992
vt 0.421768 0.142015
vt 0.905531 0.878552
vt 0.259310 0.304983
vt 0.259549 0.302203
vt 0.365013 0.211686
vt 0.886842 0.790072
vt 0.902963 0.906303
vt 0.711333 0.894481
vt 0.697115 0.892041
vt 0.045050 0.629502
vt 0.743360 0.725789
vt 0.278954 0.020323
vt 0.817424 0.906633
vt 0.216630 0.009036
vt 0.275465 0.104631
vt 0.940567 0.243794
vt 0.014191 0.495662
vt 0.708296 0.860800
vt 0.394122 0.081202
vt 0.942175 0.227855
vt 0.300711 0.273761
vt 0.875874 0.701647
vt 0.371357 0.065249
vt 0.136767 0.004825
vt 0.402816 0.087162
vt 0.406996 0.090103
vt 0.349267 0.051116
vt 0.701539 0.892762
vt 0.330677 0.041910
vt 0.404234 0.164287
vt 0.899324 0.850733
vt 0.280895 0.298391
vt 0.867220 0.672084
vt 0.167415 0.005109
vt 0.162745 0.004727
vt 0.270862 0.128289
vt 0.946168 0.217216
vt 0.244930 0.011134
vt 0.211544 0.008553
vt 0.148940 0.004563
vt 0.254912 0.013018
vt 0.196155 0.007896
vt 0.201296 0.007973
vt 0.233173 0.302142
vt 0.233916 0.293398
vt 0.282751 0.293326
vt 0.870384 0.676252
vt 0.078782 0.437184
vt 0.327235 0.250420
vt 0.878010 0.736671
vt 0.186190 0.007530
vt 0.334073 0.245606
vt 0.877927 0.745030
vt 0.254803 0.305266
vt 0.254841 0.301338
vt 0.773353 0.902072
vt 0.243382 0.296496
vt 0.243578 0.302060
vt 0.375688 0.068230
vt 0.439743 0.120424
vt 0.809940 0.729358
vt 0.351970 0.229679
vt 0.880111 0.768798
vt 0.705844 0.893538
vt 0.067545 0.694938
vt 0.755113 0.657055
vt 0.067568 0.702238
vt 0.757490 0.650410
vt 0.036919 0.582556
vt 0.728796 0.772121
vt 0.037216 0.596237
vt 0.735287 0.759864
vt 0.049134 0.648092
vt 0.748621 0.707358
vt 0.061463 0.662680
vt 0.745880 0.688050
vt 0.061875 0.669610
vt 0.748763 0.681471
vt 0.258073 0.325643
vt 0.860049 0.636921
vt 0.068462 0.713191
vt 0.759844 0.640179
vt 0.064376 0.680938
vt 0.751124 0.670849
vt 0.125494 0.006099
vt 0.015497 0.502222
vt 0.710271 0.854329
vt 0.021646 0.513250
vt 0.709932 0.841562
vt 0.247895 0.299730
vt 0.248147 0.304291
vt 0.044979 0.633175
vt 0.744797 0.722392
vt 0.758880 0.900157
vt 0.033299 0.567259
vt 0.724894 0.787635
vt 0.782923 0.903184
vt 0.037531 0.451662
vt 0.283703 0.021959
vt 0.228300 0.299874
vt 0.229006 0.291279
vt 0.763710 0.900925
vt 0.017865 0.508823
vt 0.711264 0.847302
vt 0.723076 0.896100
vt 0.440732 0.374148
vt 0.848583 0.344011
vt 0.856666 0.906677
vt 0.074007 0.438855
vt 0.834345 0.906564
vt 0.367036 0.062339
vt 0.861934 0.906691
vt 0.787686 0.903763
vt 0.418261 0.098866
vt 0.339653 0.241706
vt 0.877775 0.751804
vt 0.252570 0.327451
vt 0.862752 0.631993
vt 0.021165 0.458287
vt 0.876684 0.906702
vt 0.206407 0.008279
vt 0.871884 0.906706
vt 0.025169 0.456578
vt 0.056069 0.653898
vt 0.746692 0.698548
vt 0.717032 0.895422
vt 0.894393 0.906354
vt 0.172078 0.005536
vt 0.240442 0.510720
vt 0.238705 0.293686
vt 0.238795 0.300268
vt 0.307014 0.269162
vt 0.875460 0.709346
vt 0.044174 0.617121
vt 0.739311 0.737308
vt 0.158030 0.004484
vt 0.016465 0.476231
vt 0.696845 0.876949
vt 0.357853 0.222757
vt 0.882196 0.777662
vt 0.380260 0.071387
vt 0.240191 0.010723
vt 0.235633 0.010488
vt 0.120430 0.006623
vt 0.271259 0.317823
vt 0.858151 0.652402
vt 0.109247 0.689517
vt 0.109252 0.689515
vt 0.442420 0.123665
vt 0.907185 0.906242
vt 0.425014 0.104862
vt 0.029257 0.546390
vt 0.718654 0.808274
vt 0.130753 0.005394
vt 0.016020 0.469535
vt 0.694000 0.883097
vt 0.409925 0.152914
vt 0.904518 0.862409
vt 0.898696 0.906338
vt 0.071619 0.718780
vt 0.759620 0.634322
vt 0.176686 0.006122
vt 0.120498 0.425191
vt 0.215385 0.967243
vt 0.490701 0.412003
vt 0.729627 0.281739
vt 0.921570 0.216652
vt 0.293484 0.951983
vt 0.568148 0.407592
vt 0.917199 0.961352
vt 0.188446 0.918523
vt 0.404591 0.953579
vt 0.194955 0.992164
vt 0.462319 0.608094
vt 0.519464 0.007667
vt 0.520571 0.013976
vt 0.587040 0.303285
vt 0.623967 0.308110
vt 0.312615 0.638686
vt 0.987927 0.812891
vt 0.207129 0.993380
vt 0.453478 0.614456
vt 0.506599 0.011552
vt 0.958956 0.053066
vt 0.196705 0.935370
vt 0.487534 0.378388
vt 0.768135 0.136949
vt 0.909860 0.939574
vt 0.460570 0.301040
vt 0.115921 0.426094
vt 0.633326 0.307664
vt 0.169623 0.421651
vt 0.978549 0.084231
vt 0.979272 0.065477
vt 0.232250 0.425812
vt 0.774886 0.263817
vt 0.739506 0.067104
vt 0.986315 0.087702
vt 0.450863 0.153741
vt 0.486668 0.802911
vt 0.183776 0.931412
vt 0.479043 0.367733
vt 0.170241 0.849094
vt 0.900845 0.008295
vt 0.140901 0.994968
vt 0.834629 0.918234
vt 0.446508 0.194114
vt 0.490593 0.842631
vt 0.505061 0.300592
vt 0.125044 0.424352
vt 0.628642 0.307885
vt 0.329175 0.639970
vt 0.986128 0.829782
vt 0.346315 0.635744
vt 0.989724 0.847611
vt 0.821243 0.137920
vt 0.966995 0.201011
vt 0.977546 0.088635
vt 0.985187 0.063675
vt 0.440180 0.299539
vt 0.230966 0.509351
vt 0.729203 0.191160
vt 0.265079 0.110366
vt 0.954189 0.237912
vt 0.231213 0.489891
vt 0.739668 0.208155
vt 0.958566 0.044012
vt 0.721008 0.284727
vt 0.954963 0.102608
vt 0.952803 0.116739
vt 0.953575 0.112043
vt 0.426882 0.952879
vt 0.342434 0.953423
vt 0.273443 0.949632
vt 0.217480 0.423549
vt 0.517796 0.415078
vt 0.966753 0.960123
vt 0.643114 0.307568
vt 0.959003 0.057322
vt 0.736277 0.065412
vt 0.985084 0.084219
vt 0.742193 0.067351
vt 0.987813 0.090215
vt 0.969076 0.119108
vt 0.991674 0.118865
vt 0.792449 0.118946
vt 0.966637 0.167306
vt 0.258574 0.601295
vt 0.832592 0.150046
vt 0.963081 0.217194
vt 0.217888 0.932924
vt 0.254512 0.578704
vt 0.256443 0.587365
vt 0.259256 0.605981
vt 0.261265 0.619707
vt 0.272809 0.636958
vt 0.987112 0.772131
vt 0.934805 0.183133
vt 0.262364 0.643964
vt 0.979868 0.761561
vt 0.970861 0.762966
vt 0.961461 0.764769
vt 0.956365 0.765352
vt 0.951291 0.765945
vt 0.252236 0.570914
vt 0.672882 0.302030
vt 0.972656 0.133229
vt 0.987484 0.133623
vt 0.919235 0.221553
vt 0.821538 0.176247
vt 0.917922 0.875901
vt 0.738312 0.278776
vt 0.781999 0.143791
vt 0.909891 0.923732
vt 0.788121 0.153088
vt 0.913647 0.913974
vt 0.787461 0.156554
vt 0.917121 0.913633
vt 0.657827 0.306349
vt 0.160930 0.854157
vt 0.911017 0.011994
vt 0.566385 0.375149
vt 0.723766 0.116524
vt 0.325952 0.039943
vt 0.568285 0.387246
vt 0.733245 0.121946
vt 0.434151 0.280960
vt 0.488477 0.926735
vt 0.450828 0.949591
vt 0.480489 0.944845
vt 0.444910 0.164251
vt 0.482741 0.814056
vt 0.878114 0.215004
vt 0.920729 0.809549
vt 0.707907 0.289348
vt 0.161061 0.422039
vt 0.156982 0.422158
vt 0.886008 0.221727
vt 0.922202 0.799234
vt 0.093108 0.432269
vt 0.455735 0.300863
vt 0.750796 0.079001
vt 0.965562 0.105823
vt 0.994252 0.111730
vt 0.840626 0.185085
vt 0.915111 0.855957
vt 0.210087 0.951814
vt 0.493834 0.396049
vt 0.509118 0.388120
vt 0.611767 0.012577
vt 0.502596 0.387947
vt 0.605295 0.016627
vt 0.929571 0.197229
vt 0.754339 0.132775
vt 0.911035 0.954348
vt 0.245467 0.942757
vt 0.838824 0.152193
vt 0.963438 0.224048
vt 0.829995 0.145207
vt 0.966358 0.212883
vt 0.419937 0.636544
vt 0.993370 0.920565
vt 0.434652 0.638442
vt 0.992485 0.934758
vt 0.216034 0.993533
vt 0.448117 0.621117
vt 0.951883 0.121429
vt 0.232347 0.618560
vt 0.660851 0.104256
vt 0.203164 0.988238
vt 0.510426 0.017056
vt 0.224835 0.975962
vt 0.991161 0.956068
vt 0.220574 0.971568
vt 0.492276 0.418571
vt 0.990510 0.961991
vt 0.453391 0.609531
vt 0.509199 0.007194
vt 0.467117 0.578787
vt 0.861677 0.944606
vt 0.517494 0.013314
vt 0.518011 0.010530
vt 0.608482 0.011589
vt 0.395823 0.636131
vt 0.991524 0.897306
vt 0.957666 0.084537
vt 0.862863 0.200259
vt 0.915192 0.829733
vt 0.148978 0.422404
vt 0.137303 0.423045
vt 0.385669 0.953192
vt 0.278812 0.635865
vt 0.988265 0.778249
vt 0.463451 0.556558
vt 0.843067 0.957813
vt 0.538116 0.410108
vt 0.946246 0.962226
vt 0.805317 0.166254
vt 0.918117 0.894261
vt 0.171530 0.907890
vt 0.958647 0.065568
vt 0.441304 0.228346
vt 0.489691 0.875561
vt 0.422461 0.953204
vt 0.135763 0.888586
vt 0.954460 0.007760
vt 0.533667 0.411101
vt 0.950748 0.961901
vt 0.479183 0.300803
vt 0.179122 0.912965
vt 0.175234 0.910410
vt 0.460319 0.523144
vt 0.810708 0.975677
vt 0.228872 0.612132
vt 0.667886 0.106504
vt 0.265495 0.948180
vt 0.347626 0.953199
vt 0.250557 0.944451
vt 0.231923 0.938310
vt 0.227422 0.936773
vt 0.212982 0.930823
vt 0.149792 0.892652
vt 0.160030 0.899925
vt 0.297635 0.952314
vt 0.949906 0.882926
vt 0.321337 0.953452
vt 0.955490 0.097844
vt 0.355182 0.636781
vt 0.988686 0.856649
vt 0.390562 0.953330
vt 0.301909 0.952590
vt 0.970655 0.123702
vt 0.989934 0.123628
vt 0.357119 0.952664
vt 0.475870 0.945565
vt 0.466897 0.946832
vt 0.454686 0.948877
vt 0.230392 0.532368
vt 0.716891 0.171026
vt 0.443329 0.950871
vt 0.566970 0.300919
vt 0.387774 0.635358
vt 0.991462 0.889412
vt 0.784567 0.146780
vt 0.911075 0.919868
vt 0.281222 0.950556
vt 0.337165 0.953547
vt 0.400007 0.953499
vt 0.431265 0.952462
vt 0.591981 0.304011
vt 0.614964 0.307614
vt 0.619447 0.307881
vt 0.809071 0.135055
vt 0.964148 0.189283
vt 0.156533 0.995447
vt 0.849165 0.923615
vt 0.441466 0.243866
vt 0.491469 0.890460
vt 0.413377 0.635549
vt 0.993680 0.914182
vt 0.435594 0.258129
vt 0.487421 0.904742
vt 0.447123 0.950313
vt 0.541568 0.300524
vt 0.536908 0.299437
vt 0.526939 0.301303
vt 0.513600 0.300936
vt 0.517928 0.301130
vt 0.285269 0.951045
vt 0.567698 0.383331
vt 0.730213 0.120117
vt 0.445253 0.199938
vt 0.489978 0.848242
vt 0.446604 0.183752
vt 0.487943 0.832632
vt 0.178599 0.421191
vt 0.531515 0.301337
vt 0.572041 0.301361
vt 0.559035 0.407966
vt 0.925964 0.961456
vt 0.230817 0.536622
vt 0.714104 0.167643
vt 0.183260 0.421063
vt 0.440780 0.220714
vt 0.488203 0.868459
vt 0.230778 0.586225
vt 0.684194 0.127022
vt 0.211982 0.797614
vt 0.834237 0.012625
vt 0.232577 0.552722
vt 0.702986 0.155240
vt 0.229676 0.570654
vt 0.694602 0.138741
vt 0.227915 0.580621
vt 0.689952 0.129605
vt 0.222433 0.424261
vt 0.207484 0.422151
vt 0.111231 0.427087
vt 0.097721 0.430661
vt 0.088368 0.433925
vt 0.439533 0.951428
vt 0.522387 0.301225
vt 0.770226 0.265872
vt 0.765540 0.267871
vt 0.751756 0.273615
vt 0.742766 0.277118
vt 0.227915 0.462860
vt 0.757400 0.229738
vt 0.447511 0.190013
vt 0.490366 0.838430
vt 0.187935 0.420934
vt 0.716698 0.286237
vt 0.306355 0.952825
vt 0.693162 0.294099
vt 0.236366 0.939866
vt 0.853069 0.192666
vt 0.914505 0.841877
vt 0.474676 0.300926
vt 0.916894 0.226427
vt 0.948581 0.135675
vt 0.442228 0.641179
vt 0.989643 0.942108
vt 0.648038 0.307325
vt 0.207179 0.802868
vt 0.841348 0.012526
vt 0.212482 0.422862
vt 0.725310 0.283211
vt 0.904943 0.228805
vt 0.917704 0.779339
vt 0.229761 0.560739
vt 0.700463 0.146946
vt 0.251115 0.567012
vt 0.844750 0.155625
vt 0.963302 0.231195
vt 0.500151 0.413548
vt 0.982274 0.965140
vt 0.567490 0.394629
vt 0.737624 0.126983
vt 0.855997 0.196674
vt 0.916179 0.837289
vt 0.509302 0.300750
vt 0.610505 0.307290
vt 0.465430 0.568950
vt 0.851987 0.948300
vt 0.204040 0.942576
vt 0.493556 0.385095
vt 0.140865 0.889991
vt 0.458549 0.948184
vt 0.217374 0.297491
vt 0.218018 0.286844
vt 0.570220 0.399219
vt 0.742178 0.128294
vt 0.567878 0.369251
vt 0.720392 0.111941
vt 0.606380 0.008045
vt 0.445664 0.300125
vt 0.182912 0.990954
vt 0.471607 0.600808
vt 0.173849 0.990323
vt 0.478845 0.595323
vt 0.678052 0.300067
vt 0.798584 0.164249
vt 0.919486 0.900662
vt 0.197494 0.812401
vt 0.854912 0.012674
vt 0.756294 0.271776
vt 0.211089 0.957005
vt 0.492012 0.400834
vt 0.814143 0.137148
vt 0.965080 0.194313
vt 0.227361 0.424974
vt 0.163792 0.902711
vt 0.958651 0.070142
vt 0.806459 0.131354
vt 0.966167 0.185503
vt 0.233070 0.624366
vt 0.656096 0.100645
vt 0.958246 0.039214
vt 0.129190 0.423866
vt 0.200506 0.938325
vt 0.491958 0.379868
vt 0.508618 0.382292
vt 0.602862 0.005394
vt 0.610234 0.005864
vt 0.606028 0.306668
vt 0.311960 0.034003
vt 0.429190 0.298854
vt 0.485596 0.944405
vt 0.492350 0.300419
vt 0.571669 0.402682
vt 0.744851 0.130430
vt 0.912089 0.964280
vt 0.255477 0.583033
vt 0.164660 0.852044
vt 0.906876 0.010573
vt 0.253364 0.574818
vt 0.552391 0.406645
vt 0.932363 0.963101
vt 0.401825 0.635170
vt 0.993005 0.903022
vt 0.507975 0.414395
vt 0.975629 0.963023
vt 0.829845 0.179742
vt 0.916038 0.867320
vt 0.198254 0.988078
vt 0.515784 0.017056
vt 0.775791 0.140628
vt 0.909828 0.930982
vt 0.110670 0.007435
vt 0.923795 0.211688
vt 0.925817 0.206772
vt 0.925302 0.768502
vt 0.257938 0.596605
vt 0.262195 0.639268
vt 0.143069 0.883485
vt 0.945577 0.005893
vt 0.865955 0.203601
vt 0.916882 0.825611
vt 0.556727 0.300434
vt 0.463717 0.575043
vt 0.858483 0.948909
vt 0.954261 0.107327
vt 0.434584 0.265274
vt 0.487224 0.911686
vt 0.504976 0.389851
vt 0.609206 0.017426
vt 0.430631 0.286635
vt 0.485721 0.932543
vt 0.193289 0.921163
vt 0.434685 0.299196
vt 0.141191 0.422768
vt 0.956823 0.088847
vt 0.261847 0.629421
vt 0.261640 0.624479
vt 0.729560 0.073975
vt 0.972088 0.082375
vt 0.958893 0.076653
vt 0.145939 0.891427
vt 0.406661 0.635855
vt 0.992765 0.907749
vt 0.514677 0.011433
vt 0.810540 0.078523
vt 0.803751 0.129067
vt 0.966181 0.182154
vt 0.975367 0.762270
vt 0.551685 0.300181
vt 0.230444 0.525149
vt 0.720878 0.177251
vt 0.198107 0.923858
vt 0.293422 0.025794
vt 0.106629 0.428046
vt 0.219468 0.791094
vt 0.824220 0.011841
vt 0.177320 0.992005
vt 0.475174 0.596386
vt 0.145824 0.995148
vt 0.838824 0.920849
vt 0.873235 0.209105
vt 0.918194 0.816741
vt 0.380318 0.632624
vt 0.993551 0.881840
vt 0.163578 0.995491
vt 0.485756 0.587177
vt 0.856540 0.924834
vt 0.900588 0.226146
vt 0.917887 0.784495
vt 0.250046 0.563086
vt 0.975052 0.086052
vt 0.986959 0.067893
vt 0.846580 0.187816
vt 0.913812 0.849751
vt 0.375258 0.952679
vt 0.233707 0.546111
vt 0.706019 0.161428
vt 0.735641 0.080051
vt 0.966103 0.089545
vt 0.043757 0.008929
vt 0.956667 0.324782
vt 0.369986 0.229423
vt 0.837667 0.509034
vt 0.088233 0.887339
vt 0.773438 0.215607
vt 0.480498 0.445759
vt 0.723949 0.989078
vt 0.302531 0.637339
vt 0.988294 0.802557
vt 0.112148 0.925354
vt 0.245705 0.539296
vt 0.620882 0.029034
vt 0.597115 0.967486
vt 0.736847 0.297962
vt 0.414622 0.095933
vt 0.453225 0.116280
vt 0.484418 0.766838
vt 0.350037 0.653252
vt 0.633415 0.008237
vt 0.124854 0.574692
vt 0.136195 0.910906
vt 0.406011 0.049425
vt 0.454008 0.393656
vt 0.846522 0.320129
vt 0.651162 0.539034
vt 0.012286 0.395180
vt 0.518948 0.901332
vt 0.259923 0.610591
vt 0.009283 0.145641
vt 0.583126 0.438396
vt 0.431492 0.133303
vt 0.906327 0.891637
vt 0.020048 0.275765
vt 0.669083 0.962369
vt 0.008229 0.027798
vt 0.312249 0.701182
vt 0.501903 0.717754
vt 0.860145 0.342201
vt 0.364931 0.651167
vt 0.983467 0.439071
vt 0.585147 0.966393
vt 0.724466 0.299139
vt 0.322055 0.007289
vt 0.844254 0.421730
vt 0.339881 0.263903
vt 0.066101 0.876392
vt 0.932877 0.510684
vt 0.085830 0.012336
vt 0.961624 0.490601
vt 0.116494 0.234326
vt 0.516925 0.469451
vt 0.007373 0.820908
vt 0.469795 0.317612
vt 0.071595 0.748340
vt 0.524795 0.551169
vt 0.424937 0.182677
vt 0.870989 0.245639
vt 0.024560 0.014311
vt 0.703220 0.025601
vt 0.226736 0.668184
vt 0.628412 0.063824
vt 0.240618 0.941072
vt 0.255618 0.945835
vt 0.007996 0.165986
vt 0.589598 0.419859
vt 0.509468 0.478961
vt 0.969943 0.381425
vt 0.807082 0.905852
vt 0.760268 0.133901
vt 0.909908 0.948146
vt 0.662753 0.305190
vt 0.130529 0.411295
vt 0.702124 0.701424
vt 0.109444 0.954078
vt 0.644468 0.046632
vt 0.582802 0.788397
vt 0.889710 0.639406
vt 0.556354 0.013970
vt 0.971755 0.713419
vt 0.561958 0.325662
vt 0.679728 0.100173
vt 0.105972 0.007704
vt 0.551193 0.438582
vt 0.012933 0.285094
vt 0.662416 0.971834
vt 0.566291 0.379651
vt 0.726709 0.119367
vt 0.362272 0.952498
vt 0.183645 0.915682
vt 0.069969 0.705843
vt 0.756883 0.646605
vt 0.624960 0.011248
vt 0.978328 0.453197
vt 0.036099 0.759042
vt 0.431346 0.228079
vt 0.673493 0.898291
vt 0.713406 0.926009
vt 0.957330 0.161384
vt 0.682568 0.541545
vt 0.564608 0.328907
vt 0.684052 0.100937
vt 0.534308 0.007263
vt 0.812786 0.168592
vt 0.916601 0.887105
vt 0.240645 0.501843
vt 0.488616 0.506204
vt 0.493951 0.506371
vt 0.957888 0.028781
vt 0.712370 0.287782
vt 0.034768 0.282056
vt 0.682172 0.961115
vt 0.416082 0.293061
vt 0.828432 0.428594
vt 0.509706 0.010799
vt 0.760871 0.269857
vt 0.664504 0.082289
vt 0.970902 0.528395
vt 0.147599 0.813592
vt 0.480509 0.617814
vt 0.731864 0.064582
vt 0.982263 0.080557
vt 0.583836 0.313815
vt 0.932318 0.276579
vt 0.232053 0.363908
vt 0.853146 0.593346
vt 0.954310 0.164509
vt 0.109308 0.898547
vt 0.370871 0.045478
vt 0.463072 0.021927
vt 0.974989 0.313893
vt 0.050753 0.399924
vt 0.700254 0.112527
vt 0.509886 0.484254
vt 0.965049 0.380207
vt 0.871365 0.144288
vt 0.992531 0.251059
vt 0.540019 0.796195
vt 0.901891 0.684611
vt 0.197559 0.421155
vt 0.028265 0.050874
vt 0.543658 0.524182
vt 0.659835 0.767033
vt 0.869253 0.551250
vt 0.790714 0.542820
vt 0.753731 0.899341
vt 0.546492 0.850728
vt 0.683071 0.570923
vt 0.007549 0.153295
vt 0.586619 0.431611
vt 0.161684 0.299533
vt 0.162401 0.278572
vt 0.958743 0.048537
vt 0.010136 0.041816
vt 0.621863 0.538081
vt 0.933080 0.187825
vt 0.413278 0.063622
vt 0.916152 0.469258
vt 0.211388 0.288623
vt 0.211467 0.301035
vt 0.483653 0.425781
vt 0.705998 0.964141
vt 0.316228 0.953245
vt 0.010425 0.807124
vt 0.415416 0.032054
vt 0.046261 0.448569
vt 0.637568 0.028050
vt 0.984147 0.473127
vt 0.608035 0.577027
vt 0.753563 0.554162
vt 0.029172 0.454867
vt 0.454049 0.398362
vt 0.848692 0.315912
vt 0.288326 0.119852
vt 0.927382 0.225506
vt 0.004702 0.061610
vt 0.010062 0.056705
vt 0.925110 0.428025
vt 0.443536 0.378865
vt 0.848273 0.338365
vt 0.277592 0.302920
vt 0.865265 0.666980
vt 0.624711 0.017798
vt 0.977340 0.458325
vt 0.662035 0.077572
vt 0.972640 0.523666
vt 0.260752 0.391480
vt 0.037703 0.774742
vt 0.378922 0.004542
vt 0.551689 0.970831
vt 0.691689 0.308405
vt 0.104900 0.897741
vt 0.367379 0.042164
vt 0.730266 0.004560
vt 0.930597 0.322456
vt 0.221988 0.678432
vt 0.625369 0.052788
vt 0.095195 0.884220
vt 0.358688 0.029024
vt 0.071595 0.419285
vt 0.724445 0.136318
vt 0.246689 0.544217
vt 0.021322 0.865847
vt 0.986688 0.010304
vt 0.585376 0.334429
vt 0.922248 0.288478
vt 0.189864 0.934241
vt 0.483127 0.373044
vt 0.778143 0.902626
vt 0.360612 0.012382
vt 0.366480 0.009824
vt 0.332995 0.274885
vt 0.357693 0.238658
vt 0.401120 0.231845
vt 0.655528 0.894940
vt 0.570934 0.336184
vt 0.693543 0.102037
vt 0.319881 0.638989
vt 0.987245 0.820213
vt 0.242674 0.524756
vt 0.398586 0.084224
vt 0.544106 0.446229
vt 0.554843 0.447598
vt 0.860591 0.414426
vt 0.972478 0.128807
vt 0.989192 0.129366
vt 0.404019 0.205754
vt 0.792542 0.182991
vt 0.425775 0.136646
vt 0.907240 0.885055
vt 0.277270 0.950068
vt 0.882455 0.145129
vt 0.994482 0.263841
vt 0.298893 0.323623
vt 0.761737 0.011964
vt 0.093466 0.009789
vt 0.219535 0.711685
vt 0.478433 0.007217
vt 0.064536 0.442170
vt 0.433064 0.033083
vt 0.463882 0.684974
vt 0.081951 0.424809
vt 0.695014 0.652854
vt 0.006596 0.032234
vt 0.315768 0.698635
vt 0.741791 0.897745
vt 0.414974 0.041041
vt 0.456022 0.317784
vt 0.877127 0.143363
vt 0.995349 0.257181
vt 0.850817 0.156091
vt 0.966467 0.236578
vt 0.105462 0.855642
vt 0.899630 0.486055
vt 0.263978 0.333883
vt 0.645977 0.611090
vt 0.557198 0.797441
vt 0.898253 0.666836
vt 0.429574 0.663207
vt 0.990281 0.374319
vt 0.520868 0.467315
vt 0.541849 0.424664
vt 0.105772 0.959531
vt 0.649687 0.057249
vt 0.397721 0.238375
vt 0.222294 0.386367
vt 0.850255 0.570740
vt 0.548577 0.799454
vt 0.901978 0.675148
vt 0.020415 0.039808
vt 0.682739 0.014737
vt 0.115368 0.007147
vt 0.126445 0.839901
vt 0.875277 0.474215
vt 0.205114 0.299276
vt 0.205549 0.285350
vt 0.020174 0.937627
vt 0.641169 0.839556
vt 0.055185 0.720209
vt 0.552602 0.557448
vt 0.787195 0.245926
vt 0.798399 0.255840
vt 0.017032 0.729391
vt 0.428075 0.196471
vt 0.880217 0.235995
vt 0.057737 0.726672
vt 0.546545 0.557254
vt 0.324560 0.639396
vt 0.986883 0.825084
vt 0.793073 0.249899
vt 0.713348 0.542286
vt 0.938631 0.444633
vt 0.444327 0.081967
vt 0.472036 0.732697
vt 0.010230 0.262389
vt 0.617870 0.329615
vt 0.823953 0.568326
vt 0.907147 0.524801
vt 0.333367 0.009716
vt 0.845649 0.431368
vt 0.790293 0.160842
vt 0.919660 0.909212
vt 0.421212 0.312614
vt 0.834001 0.408592
vt 0.914529 0.769800
vt 0.914569 0.231309
vt 0.483685 0.300652
vt 0.227146 0.747181
vt 0.577894 0.005484
vt 0.393429 0.247267
vt 0.642004 0.898153
vt 0.180838 0.298160
vt 0.182065 0.279307
vt 0.533459 0.320009
vt 0.970316 0.021586
vt 0.585473 0.548181
vt 0.861839 0.249228
vt 0.281259 0.352026
vt 0.479522 0.684701
vt 0.857661 0.386798
vt 0.221757 0.988105
vt 0.448972 0.628813
vt 0.034232 0.877008
vt 0.993491 0.026122
vt 0.034798 0.880373
vt 0.994444 0.029804
vt 0.504858 0.725803
vt 0.865543 0.334598
vt 0.437633 0.641982
vt 0.989057 0.937605
vt 0.016507 0.963618
vt 0.655232 0.861751
vt 0.687596 0.541926
vt 0.605177 0.572876
vt 0.757724 0.550904
vt 0.080753 0.772583
vt 0.507192 0.549493
vt 0.023952 0.285446
vt 0.700057 0.935657
vt 0.717883 0.970655
vt 0.011004 0.122609
vt 0.576101 0.459904
vt 0.435784 0.667600
vt 0.991175 0.366816
vt 0.544371 0.660997
vt 0.008690 0.846188
vt 0.498863 0.323392
vt 0.939225 0.276617
vt 0.552209 0.323344
vt 0.967793 0.046852
vt 0.568654 0.333276
vt 0.689993 0.101251
vt 0.473879 0.459468
vt 0.740306 0.987856
vt 0.887421 0.148991
vt 0.990494 0.269911
vt 0.069025 0.896647
vt 0.760920 0.198111
vt 0.890042 0.906385
vt 0.117590 0.789626
vt 0.497653 0.585269
vt 0.419174 0.016038
vt 0.490491 0.491306
vt 0.231237 0.540327
vt 0.711514 0.164830
vt 0.509551 0.735191
vt 0.867969 0.323645
vt 0.484787 0.701168
vt 0.860845 0.368054
vt 0.153595 0.918668
vt 0.460229 0.337932
vt 0.101856 0.988924
vt 0.803276 0.267974
vt 0.056650 0.399165
vt 0.706244 0.115198
vt 0.005824 0.809513
vt 0.414547 0.037308
vt 0.456703 0.313413
vt 0.340038 0.046262
vt 0.407100 0.072197
vt 0.917579 0.477561
vt 0.262196 0.345547
vt 0.549417 0.540791
vt 0.036319 0.912742
vt 0.734318 0.171041
vt 0.240497 0.466577
vt 0.793342 0.540819
vt 0.867771 0.256218
vt 0.580903 0.967274
vt 0.720267 0.300635
vt 0.413079 0.177462
vt 0.770994 0.163274
vt 0.940719 0.164228
vt 0.229244 0.652348
vt 0.637303 0.077818
vt 0.431908 0.666494
vt 0.992163 0.370741
vt 0.034495 0.749783
vt 0.426800 0.221603
vt 0.418761 0.011240
vt 0.490664 0.487918
vt 0.244712 0.534378
vt 0.627402 0.020052
vt 0.979558 0.461167
vt 0.642488 0.055235
vt 0.264631 0.383457
vt 0.876751 0.271103
vt 0.897386 0.708384
vt 0.536115 0.470787
vt 0.553825 0.435226
vt 0.364400 0.013086
vt 0.701562 0.004474
vt 0.788950 0.551980
vt 0.270966 0.307263
vt 0.804620 0.201401
vt 0.884744 0.597059
vt 0.445002 0.384051
vt 0.849465 0.333004
vt 0.011485 0.378947
vt 0.511808 0.916733
vt 0.424869 0.189611
vt 0.873277 0.239270
vt 0.980173 0.069764
vt 0.941076 0.766901
vt 0.542293 0.969783
vt 0.682308 0.308386
vt 0.848582 0.265079
vt 0.886765 0.364000
vt 0.089235 0.706727
vt 0.958806 0.061412
vt 0.818846 0.126361
vt 0.986293 0.194323
vt 0.291205 0.282869
vt 0.873205 0.688952
vt 0.294209 0.636140
vt 0.988661 0.793985
vt 0.436980 0.117233
vt 0.231441 0.763726
vt 0.796016 0.023689
vt 0.021053 0.292350
vt 0.678192 0.977532
vt 0.807693 0.290857
vt 0.609043 0.537575
vt 0.181437 0.006828
vt 0.581391 0.335816
vt 0.917845 0.288173
vt 0.289533 0.011867
vt 0.887323 0.312477
vt 0.775260 0.597457
vt 0.963347 0.549047
vt 0.823712 0.268533
vt 0.873113 0.354510
vt 0.788699 0.581895
vt 0.941744 0.541885
vt 0.326613 0.953553
vt 0.130759 0.754748
vt 0.962735 0.601098
vt 0.483133 0.693459
vt 0.856589 0.375939
vt 0.265463 0.104895
vt 0.952219 0.243679
vt 0.203001 0.926322
vt 0.193184 0.386642
vt 0.720238 0.762489
vt 0.165600 0.920107
vt 0.472493 0.345458
vt 0.642906 0.757046
vt 0.801519 0.239840
vt 0.015185 0.060173
vt 0.924488 0.422024
vt 0.017229 0.865878
vt 0.983231 0.008676
vt 0.418725 0.052174
vt 0.912447 0.460327
vt 0.272801 0.341255
vt 0.654223 0.606381
vt 0.642591 0.976372
vt 0.783073 0.295783
vt 0.223058 0.781801
vt 0.814818 0.015861
vt 0.486970 0.011312
vt 0.603328 0.751745
vt 0.836822 0.202768
vt 0.084350 0.776696
vt 0.503319 0.552630
vt 0.011382 0.797560
vt 0.405759 0.031579
vt 0.474452 0.503324
vt 0.953156 0.353210
vt 0.498911 0.504534
vt 0.486272 0.510638
vt 0.497900 0.509776
vt 0.428108 0.291263
vt 0.483804 0.937241
vt 0.700657 0.126116
vt 0.724575 0.631645
vt 0.106268 0.236038
vt 0.514441 0.458723
vt 0.430617 0.076018
vt 0.937444 0.466248
vt 0.226270 0.378397
vt 0.850334 0.579301
vt 0.939191 0.202934
vt 0.956465 0.203642
vt 0.960253 0.438959
vt 0.410000 0.247397
vt 0.645878 0.908204
vt 0.013125 0.406191
vt 0.523344 0.890792
vt 0.480010 0.509423
vt 0.947066 0.358016
vt 0.225924 0.717212
vt 0.597112 0.026590
vt 0.270559 0.720817
vt 0.738092 0.028057
vt 0.598045 0.327444
vt 0.935464 0.290399
vt 0.276311 0.128222
vt 0.940146 0.217294
vt 0.483194 0.977786
vt 0.623739 0.322078
vt 0.024665 0.378599
vt 0.029369 0.377868
vt 0.568454 0.346196
vt 0.700917 0.100094
vt 0.240746 0.493307
vt 0.760725 0.534438
vt 0.786382 0.009825
vt 0.158581 0.918362
vt 0.466090 0.339491
vt 0.664586 0.095172
vt 0.987492 0.052380
vt 0.300889 0.019086
vt 0.896550 0.313290
vt 0.931365 0.192523
vt 0.656418 0.539432
vt 0.462709 0.947508
vt 0.110723 0.961587
vt 0.652110 0.052241
vt 0.379845 0.250899
vt 0.839250 0.484788
vt 0.418649 0.157745
vt 0.758944 0.145761
vt 0.118004 0.994294
vt 0.811603 0.918318
vt 0.066754 0.732537
vt 0.537359 0.558913
vt 0.021502 0.302485
vt 0.023072 0.266741
vt 0.431153 0.110992
vt 0.009122 0.061174
vt 0.780597 0.529346
vt 0.342191 0.660800
vt 0.642811 0.012362
vt 0.145562 0.828509
vt 0.857724 0.457351
vt 0.661624 0.092149
vt 0.962899 0.533721
vt 0.992502 0.053228
vt 0.025286 0.064912
vt 0.549476 0.511514
vt 0.101713 0.860840
vt 0.905996 0.487312
vt 0.282835 0.124295
vt 0.933323 0.221166
vt 0.512550 0.398591
vt 0.434088 0.114102
vt 0.442703 0.048589
vt 0.472820 0.700562
vt 0.288224 0.713676
vt 0.720431 0.020473
vt 0.061598 0.738553
vt 0.387285 0.230743
vt 0.651100 0.882896
vt 0.906570 0.261689
vt 0.926775 0.719529
vt 0.735811 0.004659
vt 0.928293 0.318603
vt 0.156898 0.864203
vt 0.921434 0.008279
vt 0.592044 0.875147
vt 0.298108 0.027840
vt 0.935917 0.767362
vt 0.949745 0.130902
vt 0.801245 0.222644
vt 0.872378 0.583168
vt 0.602635 0.756152
vt 0.834437 0.198821
vt 0.765602 0.533173
vt 0.611726 0.740362
vt 0.838823 0.218043
vt 0.230152 0.637904
vt 0.647673 0.089061
vt 0.030190 0.716195
vt 0.871986 0.224914
vt 0.034043 0.015213
vt 0.036479 0.004478
vt 0.066232 0.313265
vt 0.435400 0.951937
vt 0.659323 0.061048
vt 0.982459 0.510925
vt 0.018503 0.933079
vt 0.637111 0.836403
vt 0.957512 0.534465
vt 0.993649 0.046217
vt 0.028559 0.538591
vt 0.715589 0.815580
vt 0.051432 0.299215
vt 0.052066 0.266704
vt 0.271751 0.348469
vt 0.658006 0.610562
vt 0.061774 0.021378
vt 0.791292 0.345423
vt 0.536951 0.316249
vt 0.971794 0.026514
vt 0.897690 0.269621
vt 0.021313 0.736204
vt 0.426401 0.203714
vt 0.107514 0.752589
vt 0.970300 0.578148
vt 0.284183 0.222753
vt 0.067627 0.409853
vt 0.719028 0.126004
vt 0.097414 0.218494
vt 0.517658 0.436925
vt 0.771481 0.010606
vt 0.055570 0.987293
vt 0.748621 0.909493
vt 0.385363 0.657214
vt 0.991297 0.418885
vt 0.224284 0.296991
vt 0.225463 0.287829
vt 0.481281 0.673571
vt 0.854282 0.398173
vt 0.313992 0.300950
vt 0.409258 0.656482
vt 0.988560 0.395628
vt 0.482327 0.417002
vt 0.706797 0.973765
vt 0.833419 0.286771
vt 0.807580 0.523581
vt 0.509438 0.489736
vt 0.960786 0.376937
vt 0.981056 0.068030
vt 0.017215 0.420593
vt 0.709241 0.586932
vt 0.009772 0.251718
vt 0.614539 0.339620
vt 0.678568 0.046531
vt 0.211902 0.994530
vt 0.449632 0.617211
vt 0.890414 0.225080
vt 0.922637 0.793673
vt 0.695251 0.932310
vt 0.714956 0.965452
vt 0.148608 0.759915
vt 0.955421 0.617445
vt 0.237110 0.355547
vt 0.854180 0.602555
vt 0.249603 0.330379
vt 0.862714 0.627978
vt 0.352275 0.245772
vt 0.547498 0.016515
vt 0.968853 0.722257
vt 0.639319 0.747211
vt 0.813367 0.242642
vt 0.414735 0.145061
vt 0.907573 0.871137
vt 0.700674 0.785617
vt 0.848190 0.560525
vt 0.848886 0.139703
vt 0.987447 0.227165
vt 0.461010 0.516866
vt 0.803769 0.976760
vt 0.222826 0.733498
vt 0.589351 0.012715
vt 0.668892 0.094396
vt 0.982998 0.054770
vt 0.064033 0.675651
vt 0.748999 0.675419
vt 0.443081 0.057160
vt 0.471222 0.709092
vt 0.965840 0.116036
vt 0.989149 0.114882
vt 0.791892 0.006356
vt 0.794471 0.194018
vt 0.240390 0.349653
vt 0.855978 0.608825
vt 0.060453 0.989032
vt 0.753968 0.911290
vt 0.815558 0.574469
vt 0.917589 0.528284
vt 0.748849 0.131987
vt 0.912165 0.959903
vt 0.410322 0.182152
vt 0.776180 0.165144
vt 0.145082 0.422584
vt 0.802192 0.120480
vt 0.988110 0.177062
vt 0.570089 0.793571
vt 0.893307 0.653606
vt 0.683822 0.975068
vt 0.812950 0.289413
vt 0.368936 0.952404
vt 0.440919 0.074680
vt 0.468427 0.725537
vt 0.442634 0.009490
vt 0.754186 0.372411
vt 0.050855 0.362867
vt 0.720290 0.006982
vt 0.026584 0.870657
vt 0.989271 0.016794
vt 0.438814 0.249983
vt 0.489617 0.896602
vt 0.833037 0.131489
vt 0.988573 0.209178
vt 0.041419 0.713679
vt 0.861948 0.223040
vt 0.380622 0.952975
vt 0.197381 0.761408
vt 0.953839 0.664435
vt 0.600917 0.537203
vt 0.623592 0.572210
vt 0.753671 0.574594
vt 0.461067 0.497923
vt 0.783367 0.982045
vt 0.853744 0.141148
vt 0.987644 0.232620
vt 0.210093 0.387696
vt 0.717753 0.780127
vt 0.697433 0.974916
vt 0.825960 0.288596
vt 0.340245 0.671178
vt 0.652520 0.008324
vt 0.511272 0.975092
vt 0.651727 0.317708
vt 0.577219 0.836368
vt 0.652368 0.561991
vt 0.006479 0.038095
vt 0.320599 0.696603
vt 0.685358 0.006974
vt 0.203577 0.759740
vt 0.956117 0.670237
vt 0.226921 0.472856
vt 0.752730 0.220561
vt 0.530211 0.774929
vt 0.864784 0.275473
vt 0.884935 0.703588
vt 0.482450 0.470617
vt 0.981300 0.361977
vt 0.427717 0.047382
vt 0.915738 0.455489
vt 0.139000 0.298295
vt 0.139040 0.273993
vt 0.512591 0.381315
vt 0.614990 0.004916
vt 0.600361 0.768755
vt 0.824973 0.188277
vt 0.226871 0.773040
vt 0.805808 0.019750
vt 0.645802 0.036488
vt 0.987343 0.485045
vt 0.521884 0.975417
vt 0.662616 0.316631
vt 0.031756 0.037227
vt 0.537485 0.536389
vt 0.685503 0.779437
vt 0.878584 0.522680
vt 0.802585 0.126089
vt 0.965267 0.179167
vt 0.910909 0.262356
vt 0.930116 0.722880
vt 0.330474 0.026474
vt 0.486515 0.634599
vt 0.938590 0.257047
vt 0.957431 0.734807
vt 0.021788 0.987439
vt 0.669896 0.881383
vt 0.540843 0.460612
vt 0.562615 0.441758
vt 0.114819 0.849346
vt 0.889499 0.482372
vt 0.446786 0.101413
vt 0.477254 0.752700
vt 0.266020 0.731365
vt 0.748855 0.023908
vt 0.048998 0.728891
vt 0.617111 0.024535
vt 0.621099 0.034901
vt 0.031182 0.276992
vt 0.678256 0.957340
vt 0.266585 0.640027
vt 0.983982 0.765776
vt 0.761407 0.009279
vt 0.090957 0.420853
vt 0.697645 0.662840
vt 0.095038 0.418802
vt 0.700004 0.666735
vt 0.015925 0.959552
vt 0.654254 0.857757
vt 0.280792 0.105929
vt 0.934385 0.241842
vt 0.011381 0.823480
vt 0.474544 0.314977
vt 0.037458 0.586323
vt 0.730098 0.768483
vt 0.020657 0.982756
vt 0.667916 0.876785
vt 0.537211 0.019398
vt 0.966650 0.733111
vt 0.811155 0.124679
vt 0.986582 0.186780
vt 0.972487 0.009790
vt 0.596956 0.330207
vt 0.933169 0.291824
vt 0.596130 0.320621
vt 0.937024 0.284781
vt 0.483411 0.029017
vt 0.971176 0.293362
vt 0.070837 0.876131
vt 0.931335 0.506539
vt 0.540057 0.447498
vt 0.557293 0.451081
vt 0.158905 0.858579
vt 0.915770 0.010536
vt 0.084017 0.298521
vt 0.084479 0.266986
vt 0.038185 0.010343
vt 0.404257 0.195702
vt 0.787031 0.174349
vt 0.491281 0.501730
vt 0.109939 0.785876
vt 0.501118 0.577784
vt 0.016501 0.954519
vt 0.651150 0.853924
vt 0.400476 0.213248
vt 0.783806 0.006819
vt 0.799483 0.187455
vt 0.248081 0.333888
vt 0.861758 0.624443
vt 0.193546 0.934024
vt 0.485299 0.375996
vt 0.781183 0.590007
vt 0.953776 0.547313
vt 0.424861 0.167946
vt 0.802719 0.549121
vt 0.535893 0.466824
vt 0.557885 0.435314
vt 0.529265 0.466488
vt 0.549577 0.428224
vt 0.811637 0.193920
vt 0.883168 0.607940
vt 0.152904 0.422271
vt 0.534566 0.785763
vt 0.893393 0.693765
vt 0.956620 0.018183
vt 0.546297 0.410664
vt 0.938782 0.960016
vt 0.069408 0.416235
vt 0.723002 0.132336
vt 0.024702 0.718733
vt 0.876561 0.227230
vt 0.103859 0.992673
vt 0.798138 0.917485
vt 0.800624 0.271812
vt 0.012591 0.366613
vt 0.504901 0.926589
vt 0.944752 0.149943
vt 0.150262 0.873648
vt 0.933177 0.007114
vt 0.478334 0.475383
vt 0.978417 0.356725
vt 0.430616 0.096591
vt 0.843474 0.267180
vt 0.487623 0.978078
vt 0.628196 0.322101
vt 0.746036 0.067930
vt 0.988762 0.094251
vt 0.010212 0.234900
vt 0.608103 0.354657
vt 0.405762 0.191927
vt 0.785764 0.170449
vt 0.101529 0.217911
vt 0.520678 0.433414
vt 0.641863 0.751193
vt 0.807959 0.242391
vt 0.288804 0.339875
vt 0.189107 0.991421
vt 0.467205 0.605085
vt 0.113482 0.234443
vt 0.514848 0.466293
vt 0.329203 0.005109
vt 0.847608 0.426746
vt 0.032045 0.553104
vt 0.719330 0.800939
vt 0.110573 0.237005
vt 0.512849 0.462858
vt 0.828290 0.564551
vt 0.901351 0.522902
vt 0.140791 0.405295
vt 0.709736 0.710668
vt 0.315087 0.025414
vt 0.488803 0.646392
vt 0.507437 0.504936
vt 0.948439 0.368287
vt 0.077676 0.425534
vt 0.696720 0.648555
vt 0.034503 0.785883
vt 0.390768 0.008217
vt 0.540840 0.452097
vt 0.561429 0.448302
vt 0.011678 0.063857
vt 0.467581 0.411882
vt 0.843863 0.298202
vt 0.640783 0.736102
vt 0.822992 0.249775
vt 0.896263 0.226079
vt 0.920239 0.788181
vt 0.405585 0.234221
vt 0.654693 0.899778
vt 0.736141 0.539616
vt 0.442363 0.071165
vt 0.469608 0.722084
vt 0.569680 0.010829
vt 0.973868 0.699812
vt 0.228819 0.664096
vt 0.629406 0.068415
vt 0.694288 0.121364
vt 0.725594 0.624732
vt 0.224278 0.672188
vt 0.628299 0.059052
vt 0.031711 0.789384
vt 0.394513 0.010346
vt 0.482593 0.421256
vt 0.705741 0.968985
vt 0.610697 0.967047
vt 0.750311 0.294895
vt 0.781480 0.012481
vt 0.791891 0.010678
vt 0.793594 0.189673
vt 0.441378 0.210068
vt 0.487514 0.858129
vt 0.589374 0.814535
vt 0.628233 0.566760
vt 0.013395 0.863379
vt 0.515958 0.318921
vt 0.980767 0.005137
vt 0.089597 0.010987
vt 0.946039 0.145182
vt 0.197564 0.299870
vt 0.198227 0.284232
vt 0.276467 0.359897
vt 0.188207 0.386140
vt 0.721859 0.757696
vt 0.173403 0.385481
vt 0.726226 0.743474
vt 0.221747 0.391590
vt 0.704286 0.789864
vt 0.848142 0.566177
vt 0.534378 0.789436
vt 0.897218 0.692682
vt 0.947341 0.140431
vt 0.053704 0.954310
vt 0.008879 0.065850
vt 0.929263 0.421922
vt 0.451406 0.126976
vt 0.483026 0.776785
vt 0.247614 0.549202
vt 0.252141 0.744538
vt 0.767992 0.024142
vt 0.411159 0.059134
vt 0.913026 0.466641
vt 0.419059 0.302229
vt 0.830475 0.418901
vt 0.596691 0.778511
vt 0.883049 0.622888
vt 0.669674 0.895848
vt 0.957321 0.165853
vt 0.189214 0.825491
vt 0.870169 0.010123
vt 0.943554 0.201782
vt 0.951719 0.202359
vt 0.694896 0.782688
vt 0.846956 0.554131
vt 0.728296 0.068704
vt 0.976830 0.078842
vt 0.508634 0.732226
vt 0.867244 0.326744
vt 0.200454 0.806613
vt 0.848681 0.014438
vt 0.009485 0.128120
vt 0.578870 0.455017
vt 0.733955 0.280273
vt 0.006183 0.186430
vt 0.597409 0.401232
vt 0.787290 0.541730
vt 0.863978 0.258271
vt 0.865281 0.141857
vt 0.989573 0.244410
vt 0.584685 0.536904
vt 0.151357 0.817305
vt 0.481085 0.622520
vt 0.845636 0.451988
vt 0.845951 0.279021
vt 0.877683 0.370214
vt 0.153030 0.894775
vt 0.321237 0.038027
vt 0.567171 0.538776
vt 0.421429 0.156832
vt 0.755721 0.144023
vt 0.017675 0.096155
vt 0.563551 0.483511
vt 0.696671 0.013140
vt 0.705836 0.007533
vt 0.792163 0.546407
vt 0.476238 0.490629
vt 0.965099 0.349795
vt 0.373255 0.234754
vt 0.837325 0.502607
vt 0.471842 0.020388
vt 0.969756 0.307091
vt 0.489853 0.975695
vt 0.630262 0.319560
vt 0.438776 0.012760
vt 0.754348 0.376374
vt 0.495357 0.416441
vt 0.987204 0.963321
vt 0.042738 0.004474
vt 0.063827 0.308419
vt 0.693109 0.924912
vt 0.715939 0.957618
vt 0.422868 0.084533
vt 0.938128 0.477810
vt 0.013611 0.833812
vt 0.486862 0.316015
vt 0.536485 0.541945
vt 0.785959 0.270072
vt 0.787379 0.928285
vt 0.431779 0.145589
vt 0.611184 0.803796
vt 0.744262 0.138933
vt 0.782970 0.573446
vt 0.100207 0.959134
vt 0.637428 0.054793
vt 0.643680 0.060250
vt 0.263997 0.733744
vt 0.751976 0.023677
vt 0.786687 0.105385
vt 0.966316 0.152341
vt 0.992078 0.153381
vt 0.045592 0.207306
vt 0.479632 0.583398
vt 0.858173 0.931272
vt 0.051447 0.884587
vt 0.945393 0.520995
vt 0.010194 0.006068
vt 0.295430 0.709755
vt 0.930383 0.256994
vt 0.950192 0.728846
vt 0.606053 0.801360
vt 0.777850 0.578772
vt 0.697668 0.542333
vt 0.232904 0.629312
vt 0.652449 0.097096
vt 0.401447 0.170491
vt 0.896290 0.844605
vt 0.014758 0.829331
vt 0.482421 0.313526
vt 0.658412 0.065284
vt 0.978980 0.512962
vt 0.377156 0.239760
vt 0.836203 0.496175
vt 0.812820 0.522206
vt 0.604970 0.537380
vt 0.127045 0.925686
vt 0.397491 0.065323
vt 0.248941 0.424804
vt 0.112616 0.917985
vt 0.381418 0.061236
vt 0.153160 0.868966
vt 0.927611 0.008006
vt 0.113139 0.224792
vt 0.534566 0.428315
vt 0.409474 0.066909
vt 0.918521 0.472241
vt 0.482239 0.662340
vt 0.846988 0.408810
vt 0.884306 0.218000
vt 0.919958 0.802690
vt 0.242291 0.344881
vt 0.858590 0.613092
vt 0.226895 0.373895
vt 0.852555 0.582931
vt 0.833534 0.555922
vt 0.890639 0.522392
vt 0.697823 0.784366
vt 0.847791 0.557415
vt 0.600378 0.776250
vt 0.817689 0.185937
vt 0.881465 0.618623
vt 0.693847 0.117403
vt 0.725074 0.620963
vt 0.429516 0.021505
vt 0.458146 0.674071
vt 0.990810 0.340800
vt 0.741372 0.539115
vt 0.342117 0.260202
vt 0.278838 0.355963
vt 0.257008 0.400857
vt 0.251278 0.416212
vt 0.709514 0.137106
vt 0.711902 0.637439
vt 0.097377 0.008650
vt 0.772199 0.138972
vt 0.909593 0.935050
vt 0.262702 0.387430
vt 0.184633 0.832470
vt 0.878489 0.008801
vt 0.428089 0.352335
vt 0.848822 0.369870
vt 0.027978 0.057887
vt 0.545420 0.517599
vt 0.253050 0.411182
vt 0.192261 0.298849
vt 0.193235 0.282232
vt 0.489379 0.345060
vt 0.399035 0.175371
vt 0.894038 0.839614
vt 0.735455 0.897242
vt 0.198438 0.388111
vt 0.717690 0.767286
vt 0.737483 0.013021
vt 0.143925 0.005324
vt 0.435837 0.271072
vt 0.489045 0.917098
vt 0.010404 0.859836
vt 0.512631 0.322350
vt 0.240714 0.497543
vt 0.240855 0.515320
vt 0.249176 0.558569
vt 0.248317 0.554059
vt 0.416089 0.193907
vt 0.099741 0.890260
vt 0.361698 0.036366
vt 0.882081 0.156123
vt 0.981523 0.266328
vt 0.558244 0.539828
vt 0.578836 0.789749
vt 0.890865 0.643740
vt 0.746452 0.538469
vt 0.576088 0.537740
vt 0.255448 0.344508
vt 0.256086 0.348884
vt 0.652065 0.619696
vt 0.927713 0.201966
vt 0.450810 0.014697
vt 0.759085 0.368050
vt 0.006117 0.207397
vt 0.604317 0.381718
vt 0.574962 0.790396
vt 0.890941 0.647907
vt 0.703098 0.290875
vt 0.710805 0.641482
vt 0.712661 0.133565
vt 0.023114 0.519032
vt 0.711312 0.835684
vt 0.103602 0.418083
vt 0.699092 0.674929
vt 0.614983 0.966386
vt 0.754475 0.293534
vt 0.072108 0.991254
vt 0.766934 0.914441
vt 0.228413 0.658518
vt 0.633476 0.072510
vt 0.789982 0.584970
vt 0.945042 0.541913
vt 0.403967 0.657813
vt 0.990526 0.400298
vt 0.240549 0.506278
vt 0.240570 0.484899
vt 0.425578 0.154896
vt 0.751442 0.144518
vt 0.460790 0.509046
vt 0.795396 0.979182
vt 0.462266 0.491325
vt 0.776000 0.983137
vt 0.240441 0.471558
vt 0.439109 0.042597
vt 0.469234 0.694461
vt 0.022872 0.994003
vt 0.671006 0.887790
vt 0.714762 0.915045
vt 0.677620 0.777744
vt 0.878702 0.531303
vt 0.136304 0.834807
vt 0.866323 0.466507
vt 0.112935 0.993838
vt 0.806872 0.916945
vt 0.330471 0.278538
vt 0.322337 0.289743
vt 0.016856 0.293911
vt 0.804320 0.292915
vt 0.092629 0.749311
vt 0.972708 0.559127
vt 0.219006 0.991535
vt 0.447926 0.624617
vt 0.282979 0.714565
vt 0.724819 0.023556
vt 0.175859 0.297554
vt 0.177121 0.277995
vt 0.374642 0.473729
vt 0.362641 0.217334
vt 0.883738 0.784754
vt 0.306204 0.311987
vt 0.079851 0.297134
vt 0.080282 0.265535
vt 0.344404 0.256491
vt 0.806759 0.123166
vt 0.987375 0.182328
vt 0.264713 0.305779
vt 0.264978 0.307209
vt 0.800916 0.116930
vt 0.989511 0.173328
vt 0.420293 0.658634
vt 0.989994 0.384665
vt 0.793712 0.580017
vt 0.936406 0.542293
vt 0.331893 0.953669
vt 0.227068 0.606179
vt 0.673237 0.109731
vt 0.936439 0.178447
vt 0.498235 0.974049
vt 0.638478 0.317336
vt 0.448422 0.159058
vt 0.485186 0.808429
vt 0.388484 0.237113
vt 0.646249 0.888870
vt 0.258684 0.395946
vt 0.865447 0.152633
vt 0.975147 0.249915
vt 0.423432 0.048202
vt 0.914275 0.458018
vt 0.447058 0.089329
vt 0.474487 0.740637
vt 0.145680 0.299117
vt 0.145795 0.275370
vt 0.243698 0.529564
vt 0.387238 0.261924
vt 0.838094 0.471182
vt 0.048009 0.710949
vt 0.855551 0.223420
vt 0.302777 0.029892
vt 0.203635 0.386653
vt 0.718251 0.772965
vt 0.247444 0.748514
vt 0.774143 0.024413
vt 0.046061 0.734278
vt 0.613175 0.028470
vt 0.537117 0.792953
vt 0.899821 0.688704
vt 0.484396 0.704855
vt 0.862915 0.364865
vt 0.237236 0.762311
vt 0.790819 0.020867
vt 0.881205 0.906549
vt 0.240529 0.480681
vt 0.407847 0.186234
vt 0.780668 0.166817
vt 0.635843 0.538586
vt 0.012547 0.428990
vt 0.053471 0.364480
vt 0.716150 0.007722
vt 0.716731 0.007137
vt 0.425346 0.637050
vt 0.993352 0.925781
vt 0.649889 0.976810
vt 0.789993 0.294678
vt 0.125419 0.754110
vt 0.963362 0.595600
vt 0.939298 0.168962
vt 0.146849 0.399127
vt 0.714312 0.717144
vt 0.502547 0.973863
vt 0.642760 0.316851
vt 0.428342 0.162676
vt 0.696221 0.004483
vt 0.793495 0.556836
vt 0.798669 0.556746
vt 0.520047 0.320570
vt 0.976821 0.006193
vt 0.176495 0.761075
vt 0.953194 0.644260
vt 0.044704 0.623495
vt 0.741010 0.731137
vt 0.071446 0.761249
vt 0.517904 0.541833
vt 0.566421 0.364597
vt 0.715985 0.110389
vt 0.090930 0.883541
vt 0.777457 0.217995
vt 0.472324 0.414232
vt 0.841660 0.293294
vt 0.294001 0.016335
vt 0.891327 0.313590
vt 0.879581 0.268309
vt 0.901484 0.708329
vt 0.561760 0.012653
vt 0.972226 0.707809
vt 0.272753 0.336149
vt 0.650669 0.604798
vt 0.954848 0.194947
vt 0.963028 0.431184
vt 0.540525 0.455828
vt 0.564294 0.446173
vt 0.228652 0.566675
vt 0.697815 0.141399
vt 0.130380 0.918804
vt 0.399817 0.058466
vt 0.014336 0.428533
vt 0.701155 0.583676
vt 0.898572 0.422096
vt 0.099352 0.985646
vt 0.801835 0.263703
vt 0.035728 0.030070
vt 0.532173 0.542300
vt 0.835862 0.137345
vt 0.983966 0.213900
vt 0.085686 0.739766
vt 0.762631 0.610523
vt 0.260650 0.947169
vt 0.926388 0.256177
vt 0.947170 0.725500
vt 0.005271 0.194817
vt 0.600781 0.393673
vt 0.006279 0.201259
vt 0.601989 0.387360
vt 0.208380 0.946813
vt 0.494823 0.391006
vt 0.902643 0.261902
vt 0.923580 0.717581
vt 0.429756 0.636753
vt 0.993932 0.929990
vt 0.220293 0.725423
vt 0.596071 0.017101
vt 0.140457 0.832631
vt 0.864515 0.461903
vt 0.030578 0.300573
vt 0.032091 0.265958
vt 0.183237 0.763380
vt 0.951054 0.650815
vt 0.656135 0.764888
vt 0.868126 0.555539
vt 0.691753 0.919966
vt 0.717953 0.952810
vt 0.790623 0.270863
vt 0.791269 0.925789
vt 0.754918 0.074313
vt 0.994291 0.105317
vt 0.130910 0.838438
vt 0.871155 0.471442
vt 0.220411 0.786457
vt 0.820150 0.014420
vt 0.051603 0.650603
vt 0.748381 0.703800
vt 0.007944 0.230611
vt 0.609359 0.359381
vt 0.463468 0.407359
vt 0.844792 0.303874
vt 0.014221 0.117844
vt 0.571888 0.463668
vt 0.056103 0.362860
vt 0.716013 0.011258
vt 0.798806 0.122291
vt 0.965773 0.173887
vt 0.672266 0.540643
vt 0.109391 0.418225
vt 0.698916 0.680499
vt 0.011303 0.333658
vt 0.490094 0.955143
vt 0.008134 0.850400
vt 0.503087 0.324406
vt 0.228707 0.368135
vt 0.854411 0.588351
vt 0.224036 0.712220
vt 0.478353 0.012507
vt 0.601613 0.029076
vt 0.796719 0.526052
vt 0.589158 0.313551
vt 0.934246 0.278547
vt 0.796758 0.273522
vt 0.797445 0.921792
vt 0.485592 0.018974
vt 0.602167 0.037198
vt 0.634686 0.761941
vt 0.801006 0.228714
vt 0.870815 0.577803
vt 0.622647 0.014557
vt 0.975293 0.455458
vt 0.408202 0.282990
vt 0.830179 0.441630
vt 0.081844 0.892238
vt 0.767685 0.210017
vt 0.022843 0.869406
vt 0.986764 0.013911
vt 0.435263 0.036592
vt 0.465738 0.688498
vt 0.288577 0.023796
vt 0.540362 0.313556
vt 0.973690 0.030398
vt 0.461830 0.532841
vt 0.820462 0.970772
vt 0.337474 0.028006
vt 0.484250 0.630049
vt 0.840432 0.445217
vt 0.297027 0.005783
vt 0.890163 0.305351
vt 0.050709 0.447037
vt 0.640895 0.538728
vt 0.587711 0.823342
vt 0.636444 0.562989
vt 0.011474 0.306023
vt 0.013114 0.268841
vt 0.476814 0.978079
vt 0.617355 0.322679
vt 0.296344 0.327514
vt 0.800992 0.579644
vt 0.931369 0.537123
vt 0.122805 0.791206
vt 0.494588 0.589297
vt 0.523950 0.323365
vt 0.968582 0.011741
vt 0.972669 0.005609
vt 0.497729 0.026911
vt 0.961891 0.282648
vt 0.289341 0.951522
vt 0.092961 0.225881
vt 0.514395 0.442676
vt 0.755562 0.006922
vt 0.673434 0.774801
vt 0.875883 0.535982
vt 0.170321 0.922644
vt 0.474260 0.351095
vt 0.527136 0.412653
vt 0.957403 0.961104
vt 0.083710 0.889323
vt 0.771037 0.211216
vt 0.887150 0.153458
vt 0.985740 0.270878
vt 0.741349 0.079797
vt 0.965625 0.095858
vt 0.829315 0.264254
vt 0.876875 0.353226
vt 0.505836 0.495769
vt 0.957088 0.370987
vt 0.202499 0.421590
vt 0.105208 0.787902
vt 0.498736 0.573726
vt 0.578395 0.330185
vt 0.920295 0.282263
vt 0.623461 0.970131
vt 0.763518 0.295283
vt 0.036355 0.395113
vt 0.036242 0.770823
vt 0.351824 0.015785
vt 0.374736 0.005367
vt 0.025684 0.275435
vt 0.673865 0.960284
vt 0.432960 0.088298
vt 0.435294 0.096157
vt 0.841076 0.263807
vt 0.157685 0.759136
vt 0.955586 0.626176
vt 0.008042 0.134679
vt 0.581812 0.449113
vt 0.446926 0.665402
vt 0.990957 0.355285
vt 0.268640 0.125699
vt 0.948493 0.220415
vt 0.893092 0.268052
vt 0.912579 0.716333
vt 0.463554 0.483922
vt 0.768328 0.984831
vt 0.566372 0.795270
vt 0.894482 0.657780
vt 0.228396 0.517596
vt 0.726840 0.182622
vt 0.917131 0.620405
vt 0.033351 0.453261
vt 0.040601 0.013768
vt 0.068348 0.308142
vt 0.546622 0.300329
vt 0.618896 0.570773
vt 0.753352 0.569633
vt 0.516479 0.748830
vt 0.869036 0.307953
vt 0.817010 0.173310
vt 0.918174 0.881125
vt 0.494952 0.470576
vt 0.499505 0.472394
vt 0.351278 0.798782
vt 0.564382 0.407310
vt 0.920770 0.961935
vt 0.220059 0.730303
vt 0.593302 0.013384
vt 0.445343 0.177232
vt 0.485545 0.826515
vt 0.108818 0.222529
vt 0.530601 0.433544
vt 0.032498 0.289001
vt 0.681739 0.967518
vt 0.484405 0.443684
vt 0.720856 0.985541
vt 0.524504 0.465193
vt 0.545987 0.424928
vt 0.843798 0.259967
vt 0.886839 0.358542
vt 0.353800 0.053825
vt 0.600749 0.568019
vt 0.764409 0.548843
vt 0.316145 0.263302
vt 0.874550 0.720059
vt 0.338147 0.016590
vt 0.845321 0.437773
vt 0.083024 0.993289
vt 0.778349 0.919630
vt 0.782652 0.257913
vt 0.289870 0.709043
vt 0.715933 0.022620
vt 0.046447 0.884421
vt 0.947269 0.525686
vt 0.462884 0.547749
vt 0.834856 0.962880
vt 0.787062 0.111244
vt 0.969569 0.158352
vt 0.580781 0.548054
vt 0.862035 0.244387
vt 0.153061 0.757784
vt 0.957227 0.621842
vt 0.064775 0.896391
vt 0.759905 0.193753
vt 0.600446 0.764588
vt 0.828347 0.191153
vt 0.503935 0.384335
vt 0.603917 0.011983
vt 0.031805 0.046007
vt 0.539291 0.528071
vt 0.019431 0.732321
vt 0.427782 0.199959
vt 0.427610 0.093651
vt 0.841774 0.270428
vt 0.658955 0.043539
vt 0.993142 0.497578
vt 0.043308 0.887256
vt 0.950564 0.528215
vt 0.565841 0.342411
vt 0.696509 0.101408
vt 0.098267 0.252490
vt 0.588769 0.536873
vt 0.565738 0.970093
vt 0.705242 0.305735
vt 0.007453 0.813108
vt 0.460962 0.315478
vt 0.384194 0.191131
vt 0.891144 0.818007
vt 0.747221 0.275463
vt 0.590444 0.549767
vt 0.858030 0.253390
vt 0.241661 0.520009
vt 0.110683 0.912310
vt 0.377124 0.056984
vt 0.417596 0.296918
vt 0.829082 0.424384
vt 0.265176 0.123948
vt 0.952893 0.222512
vt 0.044205 0.411089
vt 0.718083 0.615088
vt 0.258084 0.336772
vt 0.646776 0.616280
vt 0.371665 0.654201
vt 0.987906 0.432959
vt 0.532836 0.011181
vt 0.917258 0.273856
vt 0.784794 0.947680
vt 0.041465 0.911595
vt 0.737097 0.175448
vt 0.779559 0.594454
vt 0.958561 0.546541
vt 0.445770 0.005441
vt 0.752696 0.368795
vt 0.088136 0.869894
vt 0.920210 0.493882
vt 0.708464 0.132591
vt 0.714681 0.634273
vt 0.129656 0.271115
vt 0.129914 0.295487
vt 0.442796 0.060868
vt 0.470423 0.712405
vt 0.476065 0.506961
vt 0.949870 0.354939
vt 0.349468 0.249242
vt 0.377448 0.656081
vt 0.990587 0.427286
vt 0.241165 0.455602
vt 0.368396 0.224334
vt 0.836629 0.514420
vt 0.020591 0.973095
vt 0.663019 0.868201
vt 0.228693 0.767391
vt 0.800479 0.022816
vt 0.613674 0.731025
vt 0.843663 0.227430
vt 0.672390 0.373999
vt 0.132099 0.913349
vt 0.402407 0.052575
vt 0.089484 0.985120
vt 0.783608 0.245228
vt 0.801205 0.253687
vt 0.071480 0.819316
vt 0.812156 0.906278
vt 0.136145 0.799055
vt 0.487390 0.601966
vt 0.674874 0.892231
vt 0.716984 0.920616
vt 0.951068 0.161264
vt 0.951201 0.167882
vt 0.057944 0.881814
vt 0.940417 0.516271
vt 0.955981 0.093166
vt 0.082131 0.013843
vt 0.592512 0.807928
vt 0.621516 0.564805
vt 0.759456 0.579300
vt 0.644210 0.051915
vt 0.032876 0.744686
vt 0.428583 0.216737
vt 0.038234 0.603836
vt 0.738096 0.752683
vt 0.183539 0.385939
vt 0.723749 0.753506
vt 0.487315 0.468363
vt 0.981438 0.367044
vt 0.018239 0.793894
vt 0.400992 0.025002
vt 0.751142 0.536430
vt 0.785851 0.528400
vt 0.460116 0.544569
vt 0.833057 0.967123
vt 0.045423 0.296900
vt 0.046517 0.263033
vt 0.629039 0.726612
vt 0.838440 0.243598
vt 0.223999 0.742744
vt 0.583001 0.006497
vt 0.034934 0.299644
vt 0.036380 0.264519
vt 0.635343 0.974104
vt 0.775658 0.295793
vt 0.596763 0.304942
vt 0.412494 0.014679
vt 0.733466 0.015209
vt 0.737409 0.017543
vt 0.938117 0.314266
vt 0.230231 0.750996
vt 0.573219 0.004844
vt 0.970034 0.693836
vt 0.966585 0.110054
vt 0.991000 0.108662
vt 0.760603 0.175194
vt 0.541600 0.019681
vt 0.968953 0.729178
vt 0.487691 0.710812
vt 0.857898 0.360257
vt 0.784611 0.102941
vt 0.995122 0.151858
vt 0.115730 0.753104
vt 0.966296 0.586087
vt 0.028892 0.915453
vt 0.730292 0.165473
vt 0.885888 0.269288
vt 0.906494 0.712536
vt 0.652961 0.307080
vt 0.178893 0.926985
vt 0.477744 0.361036
vt 0.224564 0.752827
vt 0.966824 0.688996
vt 0.558713 0.319985
vt 0.673060 0.098896
vt 0.976783 0.053193
vt 0.493609 0.974532
vt 0.633922 0.318132
vt 0.266230 0.116411
vt 0.952805 0.231191
vt 0.421721 0.101843
vt 0.481693 0.497410
vt 0.543537 0.796972
vt 0.901182 0.680958
vt 0.617499 0.806378
vt 0.740937 0.146008
vt 0.130431 0.793078
vt 0.492820 0.596494
vt 0.663463 0.050862
vt 0.992640 0.506315
vt 0.102071 0.234468
vt 0.516453 0.454474
vt 0.166547 0.299034
vt 0.167479 0.278603
vt 0.413791 0.009004
vt 0.053007 0.906499
vt 0.746339 0.184703
vt 0.972357 0.139685
vt 0.988571 0.139895
vt 0.794222 0.263352
vt 0.546523 0.312649
vt 0.976234 0.036310
vt 0.053455 0.012090
vt 0.062371 0.297762
vt 0.062567 0.298498
vt 0.062631 0.264625
vt 0.324394 0.253095
vt 0.877547 0.732799
vt 0.430989 0.055539
vt 0.922513 0.454656
vt 0.707086 0.642433
vt 0.714092 0.137711
vt 0.475520 0.479549
vt 0.975745 0.352556
vt 0.500827 0.300463
vt 0.245008 0.336832
vt 0.862571 0.620306
vt 0.505376 0.510937
vt 0.944005 0.364490
vt 0.026056 0.737009
vt 0.429137 0.207432
vt 0.965221 0.403499
vt 0.477385 0.449311
vt 0.728935 0.989386
vt 0.143505 0.335203
vt 0.008647 0.160634
vt 0.587582 0.424575
vt 0.897419 0.339929
vt 0.044311 0.027356
vt 0.415159 0.656305
vt 0.988620 0.389965
vt 0.512466 0.738980
vt 0.866585 0.318778
vt 0.942057 0.159445
vt 0.362813 0.231318
vt 0.069552 0.744351
vt 0.527880 0.552964
vt 0.163767 0.759941
vt 0.954518 0.631988
vt 0.561845 0.300657
vt 0.141457 0.803147
vt 0.485216 0.607815
vt 0.833679 0.275294
vt 0.875725 0.360867
vt 0.446107 0.084952
vt 0.473937 0.736072
vt 0.454924 0.671587
vt 0.990142 0.344781
vt 0.683756 0.902694
vt 0.720572 0.933975
vt 0.240502 0.476119
vt 0.789122 0.114619
vt 0.966938 0.162145
vt 0.060848 0.899558
vt 0.755526 0.190786
vt 0.104876 0.390469
vt 0.096764 0.863801
vt 0.911106 0.489851
vt 0.450181 0.112854
vt 0.481465 0.763554
vt 0.018324 0.940119
vt 0.642279 0.842619
vt 0.444583 0.094178
vt 0.474394 0.745975
vt 0.167669 0.905296
vt 0.078432 0.015355
vt 0.031792 0.739639
vt 0.431755 0.212870
vt 0.525893 0.768163
vt 0.866849 0.283580
vt 0.443684 0.067592
vt 0.470948 0.718693
vt 0.420630 0.066404
vt 0.467336 0.020534
vt 0.971960 0.310966
vt 0.392241 0.242726
vt 0.644367 0.894490
vt 0.562546 0.796377
vt 0.896431 0.661460
vt 0.451255 0.666819
vt 0.989643 0.350809
vt 0.717609 0.008590
vt 0.346839 0.252826
vt 0.651134 0.038434
vt 0.990315 0.489649
vt 0.413299 0.172334
vt 0.768254 0.158679
vt 0.839952 0.553846
vt 0.885370 0.517579
vt 0.430877 0.026709
vt 0.460609 0.678848
vt 0.261985 0.634405
vt 0.223369 0.738559
vt 0.585848 0.009354
vt 0.434234 0.359677
vt 0.847197 0.360285
vt 0.968578 0.145178
vt 0.988268 0.146616
vt 0.811434 0.198205
vt 0.882277 0.604065
vt 0.165239 0.421912
vt 0.226729 0.777276
vt 0.808825 0.016525
vt 0.222758 0.935018
vt 0.418046 0.953506
vt 0.014974 0.926333
vt 0.631313 0.831380
vt 0.714811 0.155800
vt 0.230629 0.633772
vt 0.650569 0.092260
vt 0.231016 0.647730
vt 0.639397 0.082638
vt 0.182308 0.658747
vt 0.213287 0.757352
vt 0.960031 0.679217
vt 0.148527 0.879261
vt 0.938646 0.004652
vt 0.216996 0.754343
vt 0.963603 0.682227
vt 0.551939 0.016074
vt 0.971440 0.718451
vt 0.802178 0.524837
vt 0.150827 0.279421
vt 0.151042 0.302181
vt 0.222539 0.721197
vt 0.597058 0.021556
vt 0.459220 0.503680
vt 0.790115 0.982474
vt 0.552412 0.797558
vt 0.899098 0.671754
vt 0.189724 0.761828
vt 0.952868 0.657042
vt 0.218364 0.706125
vt 0.484396 0.004482
vt 0.409121 0.953654
vt 0.789777 0.102129
vt 0.994864 0.157280
vt 0.662038 0.057871
vt 0.986246 0.509514
vt 0.570979 0.405641
vt 0.914643 0.962922
vt 0.011821 0.837947
vt 0.490829 0.318825
vt 0.026694 0.791330
vt 0.396964 0.015313
vt 0.267089 0.727784
vt 0.745554 0.025631
vt 0.174009 0.421419
vt 0.515404 0.745014
vt 0.867336 0.311733
vt 0.505533 0.729431
vt 0.866962 0.331150
vt 0.917114 0.261505
vt 0.936032 0.725258
vt 0.074653 0.769453
vt 0.510136 0.543874
vt 0.597491 0.945330
vt 0.523778 0.763798
vt 0.867386 0.288553
vt 0.524141 0.760166
vt 0.866449 0.292140
vt 0.410285 0.241221
vt 0.651558 0.907205
vt 0.832508 0.259772
vt 0.880951 0.352925
vt 0.876002 0.306318
vt 0.011300 0.384673
vt 0.515083 0.911809
vt 0.846706 0.272253
vt 0.839810 0.279555
vt 0.873283 0.367532
vt 0.167612 0.965827
vt 0.037312 0.411952
vt 0.717029 0.608342
vt 0.504091 0.722489
vt 0.863236 0.337217
vt 0.491389 0.713632
vt 0.858511 0.355274
vt 0.074632 0.016736
vt 0.743589 0.013879
vt 0.932453 0.310845
vt 0.730191 0.009745
vt 0.934555 0.319523
vt 0.408501 0.017243
vt 0.485185 0.490150
vt 0.658288 0.074552
vt 0.972670 0.519122
vt 0.599585 0.323936
vt 0.938028 0.288871
vt 0.146042 0.913676
vt 0.451328 0.331288
vt 0.569150 0.558601
vt 0.852232 0.230984
vt 0.008816 0.803124
vt 0.411529 0.033531
vt 0.493414 0.027586
vt 0.964797 0.285693
vt 0.097498 0.230785
vt 0.517007 0.448522
vt 0.582119 0.302436
vt 0.568435 0.966972
vt 0.707604 0.302255
vt 0.555073 0.971145
vt 0.694990 0.308189
vt 0.488317 0.028971
vt 0.968644 0.289123
vt 0.451829 0.009758
vt 0.515024 0.026923
vt 0.954129 0.268916
vt 0.510133 0.026075
vt 0.955060 0.273290
vt 0.483258 0.667513
vt 0.850668 0.404206
vt 0.641870 0.764831
vt 0.871229 0.570312
vt 0.605221 0.805539
vt 0.774717 0.582959
vt 0.360528 0.650835
vt 0.982821 0.443557
vt 0.029340 0.991727
vt 0.721431 0.913864
vt 0.428220 0.080131
vt 0.938790 0.470798
vt 0.089186 0.779623
vt 0.501496 0.557431
vt 0.034984 0.575825
vt 0.727432 0.779104
vt 0.871785 0.271184
vt 0.893319 0.705227
vt 0.705046 0.128556
vt 0.720400 0.633661
vt 0.708078 0.542425
vt 0.530817 0.004475
vt 0.910926 0.273227
vt 0.532678 0.020382
vt 0.944808 0.254516
vt 0.964628 0.737487
vt 0.434006 0.022180
vt 0.989171 0.336593
vt 0.438763 0.023432
vt 0.988180 0.331901
vt 0.455486 0.024063
vt 0.980516 0.319054
vt 0.593999 0.333298
vt 0.929279 0.292391
vt 0.066089 0.019738
vt 0.586240 0.324983
vt 0.681531 0.777085
vt 0.877147 0.527300
vt 0.591480 0.316101
vt 0.935244 0.280074
vt 0.529647 0.009420
vt 0.914750 0.276475
vt 0.536185 0.010716
vt 0.537077 0.004474
vt 0.916557 0.270637
vt 0.310735 0.008062
vt 0.483285 0.658530
vt 0.843919 0.412107
vt 0.958035 0.034028
vt 0.221468 0.684651
vt 0.622106 0.047396
vt 0.326289 0.028236
vt 0.487045 0.637713
vt 0.268472 0.375572
vt 0.458499 0.609868
vt 0.514605 0.008154
vt 0.150868 0.823811
vt 0.851900 0.452966
vt 0.123597 0.842677
vt 0.878767 0.476572
vt 0.600004 0.558271
vt 0.773162 0.543980
vt 0.125222 0.411372
vt 0.701856 0.696314
vt 0.135620 0.757500
vt 0.959714 0.605906
vt 0.037796 0.779260
vt 0.383492 0.005176
vt 0.580203 0.320088
vt 0.927410 0.276747
vt 0.041042 0.988587
vt 0.733899 0.911889
vt 0.430379 0.071358
vt 0.933893 0.463410
vt 0.541815 0.362162
vt 0.575078 0.969029
vt 0.714594 0.303214
vt 0.600144 0.563212
vt 0.769482 0.548389
vt 0.278970 0.717345
vt 0.729672 0.024382
vt 0.079955 0.874584
vt 0.927340 0.498999
vt 0.083303 0.872132
vt 0.924088 0.496965
vt 0.301384 0.010971
vt 0.894520 0.307941
vt 0.092274 0.865691
vt 0.914804 0.492740
vt 0.120218 0.849656
vt 0.887140 0.477693
vt 0.474457 0.454133
vt 0.734997 0.989813
vt 0.093006 0.782799
vt 0.501350 0.561947
vt 0.011986 0.257416
vt 0.614587 0.333634
vt 0.089125 0.221958
vt 0.761359 0.006727
vt 0.226997 0.695779
vt 0.496283 0.015513
vt 0.610684 0.042476
vt 0.228968 0.575247
vt 0.692400 0.134577
vt 0.496589 0.300433
vt 0.547262 0.320694
vt 0.969308 0.041166
vt 0.744772 0.004541
vt 0.924216 0.312832
vt 0.562702 0.539300
vt 0.698167 0.292355
vt 0.292448 0.008487
vt 0.887254 0.308612
vt 0.381587 0.657835
vt 0.991541 0.422626
vt 0.461969 0.538242
vt 0.826044 0.968647
vt 0.801839 0.205927
vt 0.883940 0.591783
vt 0.006126 0.012144
vt 0.301775 0.708793
vt 0.096522 0.752159
vt 0.973005 0.565993
vt 0.075854 0.876068
vt 0.929857 0.502132
vt 0.006328 0.172039
vt 0.592805 0.414644
vt 0.567170 0.354284
vt 0.707801 0.104362
vt 0.362789 0.633519
vt 0.992047 0.864295
vt 0.133339 0.423384
vt 0.011107 0.842944
vt 0.495877 0.320456
vt 0.945565 0.187759
vt 0.952924 0.426467
vt 0.859402 0.142452
vt 0.987452 0.238746
vt 0.601909 0.968563
vt 0.741809 0.298170
vt 0.119596 0.232694
vt 0.518322 0.473653
vt 0.538757 0.418746
vt 0.471794 0.467762
vt 0.749490 0.986489
vt 0.530461 0.781671
vt 0.891159 0.699619
vt 0.816330 0.192379
vt 0.880879 0.612155
vt 0.161564 0.919370
vt 0.468921 0.342165
vt 0.745042 0.080701
vt 0.964271 0.099664
vt 0.017997 0.087799
vt 0.561401 0.491382
vt 0.450238 0.007278
vt 0.453993 0.011514
vt 0.755767 0.366741
vt 0.413348 0.044942
vt 0.452810 0.321597
vt 0.029825 0.414276
vt 0.714702 0.600420
vt 0.051358 0.717064
vt 0.556876 0.558358
vt 0.852273 0.218148
vt 0.110847 0.902518
vt 0.375165 0.046977
vt 0.852527 0.271169
vt 0.886264 0.369910
vt 0.230831 0.591753
vt 0.680446 0.122910
vt 0.110992 0.295881
vt 0.111408 0.266561
vt 0.352643 0.952903
vt 0.941175 0.192884
vt 0.953181 0.433112
vt 0.427053 0.172046
vt 0.799360 0.543378
vt 0.872516 0.256376
vt 0.120282 0.923297
vt 0.390683 0.063759
vt 0.016234 0.483595
vt 0.700677 0.870551
vt 0.573761 0.552811
vt 0.858196 0.236081
vt 0.008462 0.009828
vt 0.298894 0.708724
vt 0.577549 0.549182
vt 0.860578 0.241066
vt 0.784277 0.537696
vt 0.859942 0.257058
vt 0.410545 0.220712
vt 0.792190 0.200756
vt 0.228127 0.447405
vt 0.765938 0.243112
vt 0.007135 0.855620
vt 0.508313 0.325637
vt 0.640311 0.759162
vt 0.800737 0.236035
vt 0.240214 0.755552
vt 0.784201 0.023872
vt 0.243741 0.751213
vt 0.778721 0.024965
vt 0.797221 0.904869
vt 0.076527 0.895440
vt 0.763375 0.205641
vt 0.396274 0.228473
vt 0.655881 0.889265
vt 0.440608 0.665273
vt 0.990869 0.361615
vt 0.420507 0.226725
vt 0.783119 0.206245
vt 0.107277 0.952523
vt 0.640594 0.045340
vt 0.415117 0.223825
vt 0.787100 0.201979
vt 0.110716 0.852586
vt 0.893327 0.485829
vt 0.025764 0.414819
vt 0.714235 0.596154
vt 0.256235 0.739956
vt 0.761872 0.024702
vt 0.398131 0.656879
vt 0.993165 0.405215
vt 0.105398 0.221668
vt 0.526280 0.435569
vt 0.094828 0.985185
vt 0.802818 0.258923
vt 0.431467 0.155811
vt 0.786616 0.562009
vt 0.826620 0.127627
vt 0.988705 0.201858
vt 0.449957 0.106975
vt 0.480646 0.757879
vt 0.122981 0.995297
vt 0.816149 0.919244
vt 0.520321 0.439832
vt 0.754514 0.013598
vt 0.768489 0.013736
vt 0.404631 0.221535
vt 0.797037 0.196509
vt 0.402873 0.215726
vt 0.786787 0.004871
vt 0.798747 0.190665
vt 0.022166 0.724517
vt 0.880798 0.229663
vt 0.008504 0.241378
vt 0.611509 0.349304
vt 0.337640 0.267582
vt 0.974834 0.047984
vt 0.069225 0.440508
vt 0.144283 0.909861
vt 0.451510 0.326417
vt 0.488018 0.300512
vt 0.688192 0.973319
vt 0.817029 0.287810
vt 0.596868 0.537062
vt 0.023832 0.793848
vt 0.398869 0.018640
vt 0.978954 0.162140
vt 0.275264 0.718955
vt 0.733461 0.025910
vt 0.871380 0.156160
vt 0.977528 0.256624
vt 0.040675 0.610436
vt 0.738565 0.745614
vt 0.464411 0.562598
vt 0.848319 0.953939
vt 0.036284 0.883682
vt 0.994872 0.033819
vt 0.269527 0.948900
vt 0.069415 0.295685
vt 0.069620 0.263478
vt 0.483241 0.688361
vt 0.854824 0.381620
vt 0.832171 0.516066
vt 0.482802 0.696751
vt 0.858124 0.372493
vt 0.316576 0.036056
vt 0.228981 0.641835
vt 0.645409 0.085413
vt 0.910887 0.103594
vt 0.344764 0.233445
vt 0.881357 0.760790
vt 0.133636 0.273735
vt 0.133685 0.298188
vt 0.415346 0.054942
vt 0.911800 0.462372
vt 0.935251 0.258794
vt 0.953198 0.733819
vt 0.004692 0.066906
vt 0.929837 0.425156
vt 0.046271 0.639204
vt 0.746939 0.716542
vt 0.747768 0.898565
vt 0.595289 0.552538
vt 0.780005 0.538320
vt 0.856906 0.259170
vt 0.150140 0.395330
vt 0.719127 0.719478
vt 0.474643 0.486025
vt 0.970068 0.349440
vt 0.444119 0.052077
vt 0.473710 0.704389
vt 0.072074 0.424750
vt 0.700491 0.643894
vt 0.720577 0.140965
vt 0.568086 0.358871
vt 0.712165 0.106020
vt 0.618358 0.815758
vt 0.731704 0.144868
vt 0.425337 0.661717
vt 0.990668 0.378826
vt 0.014007 0.066965
vt 0.930014 0.418416
vt 0.505837 0.500253
vt 0.953400 0.368333
vt 0.169707 0.388649
vt 0.723808 0.739176
vt 0.955024 0.199798
vt 0.962016 0.435621
vt 0.766603 0.561979
vt 0.112854 0.415622
vt 0.700871 0.684172
vt 0.430150 0.356153
vt 0.849003 0.365467
vt 0.946948 0.196745
vt 0.867084 0.235358
vt 0.218185 0.697940
vt 0.493390 0.004482
vt 0.542205 0.854176
vt 0.687916 0.571070
vt 0.629943 0.025050
vt 0.979830 0.466639
vt 0.567560 0.350378
vt 0.704349 0.102594
vt 0.012933 0.291811
vt 0.661440 0.977960
vt 0.800364 0.292327
vt 0.531570 0.469714
vt 0.550387 0.432051
vt 0.552936 0.852659
vt 0.677316 0.568570
vt 0.600427 0.806584
vt 0.768808 0.580195
vt 0.403310 0.209472
vt 0.794608 0.186362
vt 0.021870 0.025851
vt 0.693924 0.020550
vt 0.698902 0.006493
vt 0.617436 0.537921
vt 0.418547 0.081799
vt 0.933070 0.478759
vt 0.413548 0.079686
vt 0.927764 0.480169
vt 0.663616 0.054183
vt 0.989947 0.508232
vt 0.770511 0.531838
vt 0.016727 0.949819
vt 0.646830 0.851700
vt 0.224576 0.689104
vt 0.616803 0.046043
vt 0.128275 0.992502
vt 0.821483 0.916986
vt 0.569317 0.338880
vt 0.692377 0.099133
vt 0.107127 0.293586
vt 0.107869 0.263682
vt 0.793503 0.105188
vt 0.991016 0.160534
vt 0.480573 0.677897
vt 0.856332 0.393832
vt 0.621425 0.818807
vt 0.727965 0.147611
vt 0.661923 0.047317
vt 0.993004 0.502512
vt 0.946238 0.766433
vt 0.292088 0.705426
vt 0.711705 0.023432
vt 0.729100 0.896782
vt 0.267851 0.723639
vt 0.742037 0.028018
vt 0.564509 0.556373
vt 0.853328 0.225854
vt 0.921232 0.259601
vt 0.940606 0.726101
vt 0.327350 0.692836
vt 0.678097 0.004582
vt 0.015666 0.023919
vt 0.175120 0.923110
vt 0.477791 0.355247
vt 0.493116 0.465343
vt 0.501698 0.467711
vt 0.980925 0.373044
vt 0.010585 0.362406
vt 0.504189 0.930965
vt 0.428425 0.347750
vt 0.846123 0.373700
vt 0.415160 0.160962
vt 0.760500 0.150575
vt 0.420219 0.307761
vt 0.832306 0.413391
vt 0.450281 0.388770
vt 0.847253 0.326186
vt 0.426260 0.177055
vt 0.870186 0.251554
vt 0.640809 0.033625
vt 0.985260 0.479613
vt 0.004679 0.017731
vt 0.306775 0.708658
vt 0.156354 0.897154
vt 0.705314 0.485305
vt 0.371879 0.631766
vt 0.993995 0.873384
vt 0.045533 0.014720
vt 0.066690 0.304248
vt 0.832095 0.559611
vt 0.894811 0.521889
vt 0.370546 0.204216
vt 0.889381 0.799071
vt 0.246711 0.431410
vt 0.553805 0.540344
vt 0.286276 0.343962
vt 0.283763 0.348005
vt 0.291293 0.335720
vt 0.702269 0.975359
vt 0.829473 0.287731
vt 0.800839 0.216279
vt 0.878409 0.583519
vt 0.638858 0.976685
vt 0.779716 0.297072
vt 0.604953 0.748256
vt 0.838059 0.206674
vt 0.613222 0.735245
vt 0.841142 0.223405
vt 0.612501 0.580298
vt 0.748710 0.557891
vt 0.048655 0.025947
vt 0.654695 0.041466
vt 0.990914 0.493683
vt 0.014693 0.008313
vt 0.017324 0.007411
vt 0.295906 0.705404
vt 0.709877 0.020012
vt 0.448836 0.025148
vt 0.985714 0.322580
vt 0.599378 0.772725
vt 0.821256 0.186037
vt 0.212830 0.389701
vt 0.716528 0.783069
vt 0.590427 0.781467
vt 0.884497 0.630029
vt 0.982360 0.027918
vt 0.087454 0.744962
vt 0.764358 0.605248
vt 0.544807 0.441537
vt 0.550412 0.445808
vt 0.120778 0.755035
vt 0.962782 0.590605
vt 0.786497 0.589576
vt 0.950778 0.542838
vt 0.207413 0.756872
vt 0.959434 0.673516
vt 0.111528 0.750238
vt 0.970706 0.582790
vt 0.096116 0.748488
vt 0.973932 0.562441
vt 0.654839 0.977988
vt 0.794801 0.294455
vt 0.325120 0.285978
vt 0.046681 0.908482
vt 0.742060 0.179293
vt 0.229652 0.432768
vt 0.773071 0.256410
vt 0.242980 0.445212
vt 0.616913 0.728643
vt 0.843059 0.231649
vt 0.658077 0.071061
vt 0.974980 0.516742
vt 0.060625 0.402340
vt 0.710313 0.119003
vt 0.938943 0.197697
vt 0.955198 0.437658
vt 0.431970 0.067528
vt 0.932065 0.459844
vt 0.170135 0.759885
vt 0.954401 0.638128
vt 0.345415 0.655368
vt 0.636392 0.012464
vt 0.266572 0.379518
vt 0.210785 0.963114
vt 0.489082 0.406111
vt 0.388604 0.241701
vt 0.642905 0.891430
vt 0.609780 0.744093
vt 0.837416 0.213681
vt 0.424387 0.318235
vt 0.834173 0.401989
vt 0.242256 0.340765
vt 0.861707 0.615693
vt 0.638112 0.307386
vt 0.495210 0.477207
vt 0.652730 0.763297
vt 0.867576 0.559372
vt 0.648080 0.763696
vt 0.869916 0.563675
vt 0.638525 0.762650
vt 0.869534 0.574024
vt 0.394055 0.654775
vt 0.993174 0.409823
vt 0.640380 0.743030
vt 0.816930 0.245733
vt 0.024317 0.523949
vt 0.712528 0.830706
vt 0.636798 0.728218
vt 0.832699 0.249483
vt 0.632652 0.728665
vt 0.834534 0.245523
vt 0.541233 0.860727
vt 0.693050 0.573817
vt 0.692325 0.784076
vt 0.846271 0.551175
vt 0.223363 0.382199
vt 0.851061 0.574782
vt 0.218287 0.387307
vt 0.709339 0.789429
vt 0.836842 0.556160
vt 0.889179 0.519191
vt 0.616885 0.575979
vt 0.751575 0.564159
vt 0.506780 0.473994
vt 0.975090 0.378748
vt 0.425222 0.329639
vt 0.839522 0.391458
vt 0.664448 0.681816
vt 0.115251 0.295906
vt 0.115628 0.267478
vt 0.433515 0.150435
vt 0.783456 0.567611
vt 0.607184 0.967971
vt 0.746961 0.296436
vt 0.429810 0.150493
vt 0.745962 0.143416
vt 0.303841 0.315879
vt 0.010943 0.426174
vt 0.533651 0.873321
vt 0.459413 0.403234
vt 0.846735 0.309065
vt 0.240633 0.461353
vt 0.542588 0.409170
vt 0.941808 0.962365
vt 0.175125 0.843939
vt 0.893608 0.008118
vt 0.828668 0.906658
vt 0.030752 0.872514
vt 0.991907 0.020524
vt 0.477483 0.025608
vt 0.971677 0.299962
vt 0.717857 0.982925
vt 0.264538 0.355568
vt 0.659951 0.617206
vt 0.425711 0.335607
vt 0.842190 0.385871
vt 0.425321 0.324121
vt 0.836567 0.396363
vt 0.308676 0.308247
vt 0.032620 0.763778
vt 0.093727 0.878024
vt 0.356827 0.022335
vt 0.433097 0.233232
vt 0.783060 0.220652
vt 0.629479 0.971284
vt 0.769602 0.295203
vt 0.571885 0.556702
vt 0.854660 0.233396
vt 0.448075 0.010888
vt 0.016158 0.930656
vt 0.634209 0.834929
vt 0.230303 0.439563
vt 0.768588 0.251028
vt 0.592373 0.968731
vt 0.732355 0.300169
vt 0.957375 0.023463
vt 0.148801 0.916111
vt 0.454918 0.334108
vt 0.010000 0.339638
vt 0.494022 0.950661
vt 0.389803 0.656314
vt 0.991949 0.414355
vt 0.012041 0.412710
vt 0.526528 0.884992
vt 0.005291 0.214488
vt 0.607462 0.375346
vt 0.817914 0.520751
vt 0.009848 0.345900
vt 0.497007 0.945390
vt 0.547028 0.970935
vt 0.687119 0.309014
vt 0.192725 0.420996
vt 0.011948 0.432051
vt 0.696990 0.582639
vt 0.020974 0.418207
vt 0.711089 0.590990
vt 0.132315 0.407296
vt 0.705772 0.703399
vt 0.171238 0.299477
vt 0.172231 0.279524
vt 0.229566 0.981173
vt 0.448915 0.639488
vt 0.990739 0.948807
vt 0.585039 0.784231
vt 0.885741 0.636259
vt 0.528378 0.973301
vt 0.668870 0.313585
vt 0.559033 0.851385
vt 0.672929 0.565443
vt 0.507655 0.973541
vt 0.647862 0.316400
vt 0.704927 0.121195
vt 0.101625 0.008085
vt 0.012196 0.370228
vt 0.507035 0.923431
vt 0.008226 0.352754
vt 0.501580 0.940243
vt 0.266838 0.343845
vt 0.690616 0.913686
vt 0.720533 0.946863
vt 0.084760 0.988190
vt 0.784906 0.251975
vt 0.472816 0.493613
vt 0.961197 0.347761
vt 0.070726 0.753188
vt 0.523128 0.547124
vt 0.079933 0.732330
vt 0.762505 0.619376
vt 0.013195 0.461679
vt 0.692713 0.891451
vt 0.012849 0.390002
vt 0.516290 0.906067
vt 0.537881 0.970769
vt 0.678030 0.309848
vt 0.532067 0.971892
vt 0.672362 0.311655
vt 0.515255 0.977049
vt 0.656106 0.319178
vt 0.497736 0.717604
vt 0.860798 0.347073
vt 0.427485 0.341866
vt 0.843889 0.379389
vt 0.829838 0.270931
vt 0.875930 0.356944
vt 0.453065 0.120853
vt 0.483976 0.771187
vt 0.622527 0.568631
vt 0.757251 0.575179
vt 0.705364 0.942714
vt 0.718598 0.979356
vt 0.488149 0.439445
vt 0.705672 0.948527
vt 0.715098 0.984055
vt 0.093085 0.296883
vt 0.093582 0.265808
vt 0.484144 0.434171
vt 0.707325 0.955263
vt 0.050429 0.989750
vt 0.743511 0.912932
vt 0.135570 0.406612
vt 0.707133 0.706332
vt 0.022391 0.977698
vt 0.666794 0.871670
vt 0.034736 0.988120
vt 0.727560 0.910903
vt 0.166425 0.992618
vt 0.484930 0.590925
vt 0.703372 0.937952
vt 0.719611 0.974295
vt 0.467538 0.475739
vt 0.758952 0.986446
vt 0.692743 0.970643
vt 0.821114 0.285236
vt 0.601498 0.305845
vt 0.087694 0.422265
vt 0.696693 0.659358
vt 0.125485 0.270269
vt 0.125522 0.295390
vt 0.560494 0.972261
vt 0.700428 0.308712
vt 0.404065 0.008221
vt 0.486730 0.482654
vt 0.694780 0.928173
vt 0.715913 0.961333
vt 0.469151 0.471775
vt 0.754522 0.987135
vt 0.267968 0.351810
vt 0.659050 0.613631
vt 0.685078 0.906076
vt 0.720230 0.937457
vt 0.697907 0.123247
vt 0.726245 0.628364
vt 0.682799 0.899331
vt 0.721228 0.930758
vt 0.391575 0.225390
vt 0.657198 0.884185
vt 0.384942 0.234444
vt 0.647301 0.884724
vt 0.624118 0.822046
vt 0.724021 0.149911
vt 0.076101 0.296299
vt 0.076576 0.264386
vt 0.102379 0.893658
vt 0.362600 0.041171
vt 0.016003 0.944844
vt 0.643206 0.848004
vt 0.109056 0.993151
vt 0.803060 0.917508
vt 0.009305 0.358205
vt 0.503158 0.935049
vt 0.581133 0.833675
vt 0.648450 0.560558
vt 0.432289 0.092774
vt 0.402139 0.247934
vt 0.417384 0.021103
vt 0.489340 0.494858
vt 0.014141 0.279487
vt 0.665222 0.967273
vt 0.264661 0.015701
vt 0.397733 0.250585
vt 0.640626 0.903128
vt 0.401073 0.255088
vt 0.408572 0.251107
vt 0.642214 0.908223
vt 0.489251 0.018197
vt 0.605026 0.038946
vt 0.471339 0.946214
vt 0.207985 0.928614
vt 0.464483 0.479984
vt 0.764421 0.986530
vt 0.690132 0.781611
vt 0.843181 0.549683
vt 0.879869 0.517348
vt 0.811370 0.575671
vt 0.921361 0.531032
vt 0.019000 0.968959
vt 0.659509 0.865834
vt 0.815376 0.125864
vt 0.986900 0.190999
vt 0.521278 0.749898
vt 0.865147 0.303648
vt 0.102997 0.752037
vt 0.970466 0.572487
vt 0.539688 0.463713
vt 0.560965 0.438994
vt 0.556646 0.442188
vt 0.563936 0.848649
vt 0.667940 0.564779
vt 0.533966 0.447427
vt 0.337653 0.676189
vt 0.658004 0.007268
vt 0.049120 0.006174
vt 0.060503 0.303717
vt 0.301387 0.319762
vt 0.625380 0.726442
vt 0.840792 0.240581
vt 0.323963 0.018607
vt 0.413238 0.167382
vt 0.764591 0.155662
vt 0.004572 0.220568
vt 0.610113 0.369874
vt 0.006184 0.225310
vt 0.609985 0.364904
vt 0.319539 0.293497
vt 0.026257 0.300917
vt 0.027886 0.266187
vt 0.016619 0.303039
vt 0.018390 0.266682
vt 0.442948 0.235237
vt 0.491858 0.882038
vt 0.015146 0.312661
vt 0.476959 0.970960
vt 0.012258 0.326584
vt 0.485903 0.960673
vt 0.621886 0.728191
vt 0.841059 0.236537
vt 0.481913 0.017664
vt 0.600560 0.034192
vt 0.577090 0.301874
vt 0.441253 0.015294
vt 0.757377 0.375706
vt 0.157975 0.148395
vt 0.115821 0.228333
vt 0.536266 0.423982
vt 0.055215 0.445472
vt 0.102139 0.429197
vt 0.091979 0.219942
vt 0.765341 0.007418
vt 0.074822 0.727352
vt 0.762534 0.625976
vt 0.730010 0.540383
vt 0.067236 0.990848
vt 0.761447 0.913372
vt 0.120081 0.296307
vt 0.120146 0.269278
vt 0.523368 0.752854
vt 0.864020 0.299478
vt 0.646023 0.538840
vt 0.585558 0.827510
vt 0.640729 0.561497
vt 0.431516 0.051195
vt 0.919092 0.453168
vt 0.155480 0.391980
vt 0.722904 0.725055
vt 0.470085 0.301054
vt 0.274258 0.363801
vt 0.619048 0.968273
vt 0.758839 0.294471
vt 0.159369 0.391189
vt 0.723002 0.728748
vt 0.947739 0.200829
vt 0.254342 0.340314
vt 0.648839 0.619847
vt 0.520295 0.025869
vt 0.951819 0.264612
vt 0.102958 0.295218
vt 0.103504 0.264840
vt 0.231149 0.499850
vt 0.734271 0.199485
vt 0.839692 0.259949
vt 0.884637 0.356129
vt 0.033691 0.414729
vt 0.714229 0.604495
vt 0.828310 0.140583
vt 0.968148 0.208361
vt 0.057338 0.658720
vt 0.747968 0.693707
vt 0.070584 0.018177
vt 0.007650 0.432049
vt 0.536924 0.865922
vt 0.695569 0.578571
vt 0.023439 0.032721
vt 0.687553 0.019363
vt 0.121792 0.413582
vt 0.701025 0.692387
vt 0.755869 0.535496
vt 0.603223 0.761438
vt 0.829973 0.195427
vt 0.408159 0.005387
vt 0.419396 0.005303
vt 0.490427 0.483721
vt 0.778641 0.142981
vt 0.910861 0.927243
vt 0.057402 0.022977
vt 0.011709 0.418002
vt 0.529601 0.880671
vt 0.320789 0.027220
vt 0.487609 0.642033
vt 0.481980 0.514009
vt 0.500623 0.514513
vt 0.943786 0.359590
vt 0.016781 0.372229
vt 0.443689 0.170922
vt 0.482802 0.820711
vt 0.497253 0.481283
vt 0.006567 0.178776
vt 0.594683 0.408281
vt 0.186726 0.298345
vt 0.187908 0.280498
vt 0.257200 0.591974
vt 0.667579 0.772300
vt 0.873658 0.542323
vt 0.116154 0.921274
vt 0.386134 0.062162
vt 0.017328 0.011641
vt 0.658685 0.579223
vt 0.589709 0.331778
vt 0.926861 0.288939
vt 0.057669 0.903315
vt 0.751024 0.188341
vt 0.407425 0.237548
vt 0.653221 0.903089
vt 0.017473 0.103176
vt 0.565330 0.476876
vt 0.517031 0.439585
vt 0.757616 0.010899
vt 0.751002 0.069898
vt 0.991353 0.099597
vt 0.588902 0.818572
vt 0.631937 0.564950
vt 0.683118 0.297991
vt 0.156850 0.280977
vt 0.156920 0.302834
vt 0.571632 0.538262
vt 0.522484 0.414554
vt 0.962276 0.959918
vt 0.835946 0.269681
vt 0.356292 0.648032
vt 0.625696 0.005829
vt 0.980116 0.447910
vt 0.575995 0.324375
vt 0.923279 0.277028
vt 0.013363 0.319250
vt 0.481456 0.966345
vt 0.039998 0.028728
vt 0.009868 0.246186
vt 0.611970 0.344383
vt 0.098563 0.296118
vt 0.099050 0.265442
vt 0.545086 0.541216
vt 0.004996 0.045261
vt 0.015594 0.044279
vt 0.679682 0.009731
vt 0.890679 0.271133
vt 0.908807 0.717051
vt 0.540797 0.541589
vt 0.411365 0.021169
vt 0.486100 0.494019
vt 0.331203 0.686797
vt 0.670644 0.005662
vt 0.592823 0.536929
vt 0.677443 0.541089
vt 0.310775 0.013864
vt 0.486179 0.655350
vt 0.613231 0.537748
vt 0.626308 0.538242
vt 0.630914 0.538412
vt 0.144080 0.807891
vt 0.482710 0.612105
vt 0.800737 0.211161
vt 0.881792 0.587122
vt 0.827590 0.517670
vt 0.193748 0.761342
vt 0.953643 0.660907
vt 0.679260 0.899959
vt 0.717848 0.929926
vt 0.791261 0.527255
vt 0.633538 0.026020
vt 0.982757 0.468791
vt 0.845680 0.906589
vt 0.010762 0.374435
vt 0.510924 0.921363
vt 0.820846 0.571497
vt 0.911783 0.525553
vt 0.037880 0.887029
vt 0.950649 0.533403
vt 0.995073 0.037932
vt 0.104696 0.953778
vt 0.637814 0.047648
vt 0.661676 0.539791
vt 0.667006 0.540213
vt 0.026218 0.379326
vt 0.026219 0.379321
vt 0.474654 0.499059
vt 0.956480 0.350749
vt 0.692548 0.542151
vt 0.702796 0.542535
vt 0.572602 0.838778
vt 0.656271 0.564561
vt 0.436527 0.040261
vt 0.466659 0.692222
vt 0.858659 0.153396
vt 0.972035 0.243598
vt 0.807029 0.577275
vt 0.925442 0.533856
vt 0.775544 0.530040
vt 0.355043 0.242275
vt 0.287167 0.105507
vt 0.927001 0.241449
vt 0.432686 0.061198
vt 0.927660 0.455863
vt 0.580473 0.537218
vt 0.013357 0.400907
vt 0.521143 0.895549
vt 0.723092 0.541491
vt 0.822849 0.519238
vt 0.718172 0.541893
vt 0.242073 0.450405
vt 0.402142 0.276497
vt 0.832169 0.450554
vt 0.016343 0.490409
vt 0.703852 0.864434
vt 0.392282 0.268756
vt 0.837021 0.462510
vt 0.820549 0.220368
vt 0.442249 0.077883
vt 0.470596 0.728145
vt 0.333716 0.682597
vt 0.665638 0.006381
vt 0.628662 0.824333
vt 0.722132 0.154384
vt 0.295770 0.011167
vt 0.976687 0.068061
vt 0.976698 0.083297
vt 0.983692 0.071432
vt 0.116735 0.416988
vt 0.698189 0.687179
vt 0.270373 0.371635
vt 0.024904 0.916787
vt 0.726732 0.163673
vt 0.110005 0.907544
vt 0.374922 0.052489
vt 0.383378 0.255163
vt 0.838184 0.479191
vt 0.598843 0.555263
vt 0.775003 0.540594
vt 0.244026 0.440828
vt 0.445291 0.015958
vt 0.759190 0.372800
vn 0.7143 0.6803 0.1640
vn 0.7012 0.7021 -0.1239
vn 0.2904 0.7124 -0.6389
vn 0.8670 0.4428 -0.2284
vn 0.5867 0.7729 0.2418
vn 0.6892 0.7168 -0.1059
vn 0.5726 0.7191 0.3938
vn 0.3989 0.9083 -0.1258
vn 0.4591 0.8733 0.1629
vn 0.1335 0.7047 -0.6968
vn 0.6944 0.6741 -0.2517
vn 0.0953 0.5421 -0.8349
vn -0.1382 0.7796 -0.6108
vn -0.2725 0.6493 -0.7101
vn -0.5928 0.6542 -0.4697
vn 0.3383 0.9259 0.1682
vn 0.9985 0.0479 0.0249
vn -0.3597 0.8052 0.4715
vn -0.4604 0.5901 -0.6632
vn 0.0739 0.6109 0.7882
vn -0.1020 0.2585 -0.9606
vn -0.3077 0.8242 0.4755
vn 0.3614 0.9138 -0.1854
vn 0.3248 0.8981 -0.2964
vn -0.8034 0.3318 0.4943
vn 0.0047 0.8375 -0.5464
vn -0.2666 0.6453 -0.7159
vn 0.3684 0.6640 0.6507
vn 0.2762 0.9597 -0.0518
vn 0.1124 0.7845 -0.6099
vn 0.3805 0.4692 0.7969
vn 0.2534 0.3859 0.8870
vn 0.0232 0.9975 -0.0666
vn 0.1020 0.5888 -0.8018
vn -0.5292 0.8485 -0.0044
vn -0.6328 0.7657 -0.1156
vn -0.6393 0.6658 -0.3847
vn 0.3998 0.8109 0.4273
vn 0.4415 0.4548 0.7734
vn -0.4726 0.7835 0.4034
vn -0.7665 0.4291 -0.4779
vn -0.1256 0.4638 -0.8770
vn -0.7654 0.5581 0.3205
vn 0.2293 0.9669 0.1118
vn -0.2985 0.8277 0.4751
vn 0.3114 0.6944 -0.6487
vn 0.4800 0.7423 0.4675
vn 0.3321 0.9288 0.1644
vn 0.5735 0.7821 -0.2436
vn -0.4702 0.7912 0.3910
vn -0.2991 0.8512 0.4313
vn 0.5297 0.7034 -0.4740
vn 0.6727 0.6561 -0.3420
vn -0.5067 0.7597 0.4076
vn 0.4274 0.8832 0.1931
vn -0.2134 0.9318 -0.2934
vn -0.2201 0.8844 -0.4115
vn 0.6055 0.7277 0.3222
vn -0.0386 0.0430 0.9983
vn 0.0386 -0.0430 -0.9983
vn 0.3874 0.7527 0.5323
vn 0.2112 0.9572 0.1978
vn 0.4248 0.8922 -0.1536
vn -0.4883 0.7528 -0.4414
vn -0.3088 0.4906 -0.8148
vn -0.0451 0.6958 0.7168
vn -0.2048 0.6169 0.7599
vn -0.2094 0.9257 -0.3149
vn -0.8332 0.4747 0.2835
vn -0.6573 0.7079 -0.2587
vn -0.6058 0.7642 0.2215
vn -0.7500 0.6258 0.2143
vn -0.3101 0.8233 0.4753
vn 0.2804 -0.7175 0.6377
vn 0.0817 0.7460 0.6609
vn -0.0130 0.9755 0.2197
vn 0.0299 0.9379 0.3457
vn -0.5737 0.5819 -0.5764
vn -0.5291 0.6108 -0.5890
vn 0.3480 0.7092 -0.6131
vn 0.1535 0.7040 0.6934
vn -0.0056 0.5901 0.8073
vn -0.5679 0.8216 -0.0494
vn 0.6004 0.7913 0.1155
vn 0.6218 0.7794 0.0771
vn -0.2871 0.8077 -0.5150
vn -0.0614 0.8370 -0.5438
vn -0.6661 0.6129 -0.4252
vn -0.1019 0.8204 -0.5626
vn -0.2145 0.5747 0.7897
vn -0.6167 0.6402 0.4581
vn 0.0048 0.9789 0.2042
vn -0.9789 0.1945 0.0632
vn -0.9779 0.0201 -0.2080
vn -0.8800 -0.3431 0.3285
vn 0.1041 0.9772 -0.1852
vn -0.2006 0.8706 -0.4492
vn -0.2115 0.8732 -0.4391
vn -0.2539 0.5948 -0.7627
vn -0.5858 0.6806 -0.4400
vn 0.9245 -0.0623 -0.3761
vn -0.8299 0.4294 0.3561
vn 0.8098 0.5291 -0.2536
vn -0.4524 0.5807 -0.6768
vn -0.8765 0.1112 -0.4685
vn -0.6969 0.7105 -0.0971
vn -0.8227 -0.0038 -0.5685
vn 0.1692 0.9758 0.1384
vn 0.1445 0.9570 0.2516
vn 0.4849 0.8686 0.1020
vn 0.4842 0.8731 0.0572
vn -0.5774 0.5987 0.5552
vn -0.2679 0.6193 0.7380
vn 0.2863 0.9407 -0.1818
vn 0.5052 0.7424 -0.4400
vn 0.1104 0.6955 0.7100
vn -0.0072 0.6233 0.7819
vn -0.6137 0.5504 0.5661
vn -0.6591 0.4537 0.5998
vn -0.1188 0.9926 0.0255
vn -0.5298 0.0583 -0.8461
vn -0.8039 0.3098 0.5077
vn 0.3342 0.8273 0.4515
vn -0.4422 0.8187 0.3663
vn -0.5195 0.8281 0.2105
vn 0.9291 -0.1020 0.3555
vn 0.1509 0.5681 -0.8090
vn 0.0156 0.6236 0.7816
vn -0.2260 0.1709 0.9590
vn 0.0365 0.8403 -0.5410
vn -0.1265 0.6404 0.7575
vn 0.1119 -0.0032 0.9937
vn -0.7121 0.6114 -0.3450
vn 0.1476 0.9593 0.2409
vn -0.4427 0.8788 0.1778
vn 0.3449 0.9380 0.0353
vn 0.4806 0.8710 0.1016
vn -0.4219 0.8799 -0.2184
vn -0.1884 0.8611 -0.4722
vn -0.4980 0.7561 0.4247
vn -0.2997 0.8457 0.4415
vn 0.5088 0.7587 0.4068
vn 0.6323 0.7679 -0.1029
vn -0.4930 0.8481 -0.1940
vn 0.8741 -0.4675 0.1319
vn -0.8267 0.3781 0.4165
vn -0.3794 0.8796 0.2870
vn -0.9011 0.1380 0.4111
vn -0.8496 0.2475 -0.4658
vn 0.6107 0.4705 0.6370
vn 0.2260 0.9709 0.0796
vn 0.7501 0.6456 0.1436
vn 0.7720 0.5784 -0.2634
vn 0.5088 0.4550 0.7308
vn 0.0515 0.9925 -0.1110
vn -0.7931 0.5664 0.2240
vn -0.4288 0.8530 -0.2974
vn -0.5621 0.6783 -0.4732
vn -0.5041 0.5596 -0.6578
vn -0.3584 0.8400 0.4073
vn -0.3153 0.8677 0.3843
vn 0.4162 0.8731 -0.2537
vn -0.0661 0.9974 -0.0292
vn 0.5223 -0.6058 0.6001
vn 0.4729 0.8469 0.2434
vn 0.6480 0.7097 -0.2765
vn 0.7223 0.6722 0.1622
vn -0.3995 0.7600 0.5126
vn -0.2556 0.8155 0.5193
vn -0.5839 0.6511 0.4848
vn -0.6764 0.3279 -0.6595
vn -0.6300 0.5285 0.5690
vn -0.2446 0.6661 0.7046
vn 0.6882 0.4778 0.5459
vn 0.1989 0.9608 0.1931
vn 0.3279 -0.1548 -0.9319
vn -0.3049 0.3823 -0.8723
vn -0.5420 0.8119 0.2167
vn -0.2702 0.5781 -0.7699
vn 0.5117 0.8533 -0.1006
vn -0.7549 0.4684 -0.4591
vn -0.1049 0.7490 -0.6542
vn -0.7317 0.6397 0.2354
vn -0.7232 0.6833 -0.1001
vn -0.3469 0.9365 -0.0511
vn -0.5002 0.8640 0.0570
vn -0.3026 0.9168 0.2604
vn -0.7219 0.6214 0.3046
vn -0.1153 0.9894 0.0886
vn 0.0460 0.9145 0.4020
vn -0.6966 0.6892 0.1992
vn -0.7058 0.7081 0.0201
vn -0.1033 0.7238 0.6822
vn -0.3902 0.1850 0.9019
vn -0.6892 0.6663 0.2847
vn -0.6909 0.7140 0.1136
vn -0.6035 0.7845 -0.1425
vn 0.4732 0.4511 0.7567
vn 0.1357 0.9656 0.2218
vn -0.3259 0.1633 -0.9312
vn -0.2437 0.1372 -0.9601
vn 0.9358 0.3335 0.1145
vn -0.2002 0.1460 -0.9688
vn 0.4453 0.8853 0.1340
vn 0.5037 0.2942 -0.8122
vn -0.8435 0.0819 0.5309
vn -0.8939 0.3101 0.3238
vn -0.2777 0.7706 -0.5736
vn -0.0653 0.8247 -0.5618
vn -0.1723 0.9761 -0.1326
vn -0.3216 0.9189 -0.2283
vn 0.6366 0.7703 0.0367
vn -0.9284 -0.3411 0.1472
vn -0.7678 -0.1022 0.6325
vn -0.1769 0.8770 0.4467
vn -0.6610 0.7486 0.0504
vn -0.5112 0.8591 0.0247
vn 0.2187 0.9722 -0.0833
vn 0.2647 0.9287 -0.2597
vn 0.5947 0.7529 0.2819
vn -0.7006 0.2004 -0.6848
vn -0.5308 0.6830 -0.5017
vn 0.2732 0.8086 0.5211
vn 0.4104 0.8376 0.3605
vn 0.1084 0.9643 -0.2416
vn 0.2280 0.9627 -0.1458
vn -0.4014 0.8990 0.1752
vn -0.7098 0.6772 0.1938
vn 0.0923 0.7816 -0.6169
vn 0.3438 -0.4998 -0.7950
vn 0.5564 -0.6013 0.5735
vn -0.1199 0.7692 -0.6277
vn -0.5507 0.7639 0.3363
vn -0.4256 0.9029 -0.0604
vn -0.4717 0.8805 0.0471
vn -0.9211 0.3718 0.1150
vn -0.2840 0.5114 -0.8110
vn -0.4044 0.4344 -0.8049
vn 0.5257 0.8266 0.2008
vn 0.7174 0.6757 0.1696
vn -0.3435 0.7046 0.6209
vn 0.2776 0.9553 0.1016
vn -0.4151 0.8917 0.1805
vn -0.2988 0.8632 0.4071
vn 0.5881 0.1600 -0.7928
vn -0.4694 -0.1380 0.8721
vn -0.5921 0.7207 -0.3607
vn 0.1667 0.8416 -0.5137
vn -0.1629 0.9691 0.1850
vn -0.2351 0.9664 -0.1042
vn 0.1578 0.7202 0.6756
vn -0.0057 0.6609 0.7505
vn -0.6558 0.7385 -0.1567
vn -0.6245 0.7711 -0.1239
vn -0.6372 0.7394 -0.2173
vn 0.6374 0.7704 0.0161
vn 0.3781 0.8191 0.4313
vn -0.5559 0.3778 -0.7404
vn 0.3558 -0.2717 0.8942
vn -0.6967 0.7112 -0.0942
vn -0.6329 0.7619 -0.1378
vn 0.5453 0.7576 0.3588
vn 0.9853 -0.0343 -0.1676
vn 0.7947 0.4718 -0.3820
vn -0.8099 0.1802 0.5582
vn -0.5607 0.7608 0.3268
vn 0.0268 0.7018 -0.7119
vn -0.2589 0.8985 -0.3546
vn 0.4156 0.8300 0.3721
vn -0.6387 0.7550 -0.1484
vn -0.5604 0.5889 0.5824
vn 0.0953 0.8383 0.5369
vn 0.3286 0.9091 -0.2560
vn 0.2992 0.9494 0.0959
vn 0.0560 0.6015 -0.7969
vn 0.0036 0.8438 0.5367
vn -0.1731 0.9430 -0.2841
vn -0.5258 0.7830 0.3324
vn 0.6475 0.7156 0.2620
vn 0.6547 0.6989 -0.2878
vn 0.4080 0.7339 -0.5430
vn -0.3398 0.8116 0.4753
vn 0.3642 0.8102 0.4593
vn -0.5930 0.7962 0.1203
vn 0.7131 -0.7001 -0.0366
vn -0.6948 0.6484 0.3110
vn -0.6571 0.6272 -0.4180
vn -0.8045 0.5805 0.1254
vn 0.5779 -0.8050 -0.1346
vn -0.0346 0.6154 0.7875
vn 0.4430 0.7363 0.5116
vn 0.9106 0.0834 0.4048
vn 0.8996 0.1063 0.4236
vn -0.6769 0.7317 0.0801
vn 0.4501 0.7664 -0.4583
vn 0.0000 0.0000 0.0000
vn -0.2925 0.8299 0.4752
vn -0.7131 0.5595 -0.4224
vn 0.6101 -0.5160 0.6013
vn 0.7122 0.6533 -0.2568
vn 0.2078 0.3570 -0.9107
vn 0.7439 0.6522 0.1455
vn 0.7582 0.6122 -0.2242
vn 0.4307 0.9019 0.0321
vn 0.3863 0.9157 0.1105
vn 0.5302 0.7658 0.3639
vn -0.0251 0.6294 -0.7767
vn -0.2806 0.7928 -0.5411
vn -0.0630 0.8500 -0.5230
vn 0.4328 0.8213 -0.3717
vn 0.5644 0.5233 0.6385
vn 0.0804 0.7910 0.6066
vn 0.6946 0.7035 0.1506
vn 0.7726 0.5870 -0.2418
vn -0.2145 0.8503 0.4806
vn 0.6353 0.7718 0.0265
vn 0.5927 0.7339 0.3319
vn 0.6312 0.7736 0.0558
vn 0.5984 0.7962 -0.0899
vn 0.2526 0.7609 0.5977
vn 0.5958 0.8002 -0.0695
vn 0.2885 0.7734 0.5645
vn 0.6365 0.7707 0.0286
vn 0.3080 0.7780 0.5476
vn 0.5926 0.7921 -0.1462
vn -0.2454 0.9536 -0.1745
vn -0.0400 0.8176 0.5743
vn 0.6346 0.7716 0.0440
vn 0.6315 0.7732 0.0578
vn 0.4779 0.8710 -0.1140
vn 0.5221 0.8501 -0.0681
vn 0.6405 0.7675 0.0276
vn 0.5174 0.4556 0.7244
vn -0.0848 0.7215 -0.6872
vn 0.3057 0.7796 0.5466
vn 0.4657 0.8839 -0.0426
vn 0.3845 0.9015 -0.1985
vn 0.3015 0.9379 0.1718
vn 0.3489 0.9369 -0.0237
vn 0.4281 0.9031 -0.0322
vn 0.2703 0.9334 -0.2359
vn 0.3222 0.7853 0.5286
vn 0.5171 0.8536 0.0630
vn 0.5081 0.8561 0.0941
vn -0.0725 0.9378 -0.3397
vn 0.5106 0.7889 0.3421
vn 0.3336 0.7918 0.5116
vn 0.4883 0.8713 -0.0482
vn 0.4515 0.8921 0.0160
vn 0.6394 0.7144 0.2844
vn 0.5425 0.7957 0.2693
vn 0.7089 0.7053 0.0034
vn 0.6560 0.7272 0.2020
vn 0.4941 0.8629 0.1061
vn 0.5106 0.8577 0.0600
vn 0.6566 0.7248 0.2086
vn 0.6092 0.7867 0.0995
vn 0.5720 0.8019 0.1724
vn 0.3920 0.5990 0.6982
vn -0.0812 0.8344 0.5451
vn 0.5415 0.8134 0.2123
vn 0.6187 0.7853 -0.0233
vn 0.5950 0.7934 0.1287
vn 0.6435 0.7654 0.0067
vn 0.6068 0.7922 -0.0649
vn 0.5298 0.8447 -0.0757
vn 0.5331 0.8393 -0.1062
vn 0.3901 0.8267 0.4053
vn 0.6367 0.7707 0.0249
vn 0.2799 0.7707 0.5724
vn 0.1268 -0.8461 0.5176
vn 0.4566 0.6889 0.5629
vn 0.6028 0.7886 -0.1216
vn -0.4937 -0.8423 0.2162
vn 0.6546 0.7174 0.2385
vn 0.3017 0.9202 0.2495
vn 0.4362 0.8892 0.1378
vn 0.4284 0.9035 0.0115
vn 0.6286 0.7178 0.2994
vn 0.2544 0.7689 0.5866
vn 0.6576 0.7199 0.2222
vn 0.6574 0.7206 0.2204
vn 0.5577 0.7512 0.3532
vn 0.6255 0.7796 -0.0296
vn 0.5367 0.7620 0.3625
vn 0.6997 0.6984 0.1505
vn 0.5839 -0.2349 -0.7771
vn 0.6835 0.7217 -0.1088
vn 0.5240 0.8395 0.1435
vn 0.2365 0.7611 0.6040
vn 0.2308 0.7608 0.6066
vn 0.7792 0.6134 0.1286
vn 0.1775 0.9542 -0.2410
vn 0.3083 0.7776 0.5480
vn 0.2594 0.7642 0.5905
vn 0.3884 0.7542 0.5295
vn 0.3265 0.7880 0.5219
vn 0.2365 0.7572 0.6089
vn 0.2380 0.7579 0.6074
vn -0.0861 0.7021 -0.7069
vn 0.3245 0.9415 0.0914
vn -0.0815 0.9065 0.4143
vn 0.4046 0.9143 -0.0176
vn 0.5786 0.7839 -0.2249
vn 0.4876 0.8675 0.0988
vn 0.4905 0.8691 0.0643
vn 0.2696 0.7635 0.5869
vn 0.5210 0.8446 0.1234
vn 0.5205 0.8519 0.0573
vn 0.4164 0.1970 0.8876
vn -0.0153 0.8788 0.4769
vn 0.6354 0.7717 0.0277
vn 0.1899 0.9444 0.2685
vn 0.3203 0.8750 0.3630
vn 0.6354 0.7155 0.2905
vn 0.6374 0.7528 0.1644
vn 0.5184 0.8549 -0.0199
vn 0.5395 0.8239 0.1735
vn 0.5671 0.8234 0.0201
vn 0.6436 0.7653 0.0073
vn 0.1008 0.9620 0.2538
vn 0.1068 0.9514 0.2890
vn 0.3048 0.9463 0.1078
vn 0.5883 0.6438 -0.4893
vn 0.4565 0.8883 -0.0511
vn 0.4514 0.8816 -0.1379
vn 0.5265 0.8477 -0.0656
vn 0.4484 0.8807 -0.1527
vn 0.1246 0.9707 -0.2053
vn 0.0717 0.9949 0.0711
vn 0.6095 0.7927 -0.0051
vn 0.5572 0.8145 -0.1616
vn 0.2483 0.9416 -0.2274
vn 0.3404 0.9397 0.0338
vn 0.4179 0.7513 0.5107
vn 0.5064 0.7946 0.3349
vn 0.5119 0.8590 0.0085
vn 0.5251 0.7466 -0.4085
vn 0.3859 0.7619 -0.5202
vn 0.5090 0.8498 -0.1374
vn 0.1738 0.7750 0.6075
vn 0.6201 0.7654 -0.1723
vn 0.6651 0.7452 0.0485
vn 0.6837 0.5996 -0.4159
vn 0.6854 0.7230 0.0868
vn 0.1629 0.9377 0.3068
vn 0.3492 0.8114 0.4687
vn 0.6633 0.7468 -0.0480
vn 0.5899 0.7997 -0.1120
vn 0.6404 0.7658 0.0582
vn 0.4954 0.8662 -0.0660
vn 0.4557 0.8785 -0.1432
vn 0.6368 0.7699 0.0414
vn 0.5957 0.8002 -0.0689
vn 0.4015 0.8345 0.3773
vn 0.3049 0.8278 0.4709
vn 0.1299 0.8748 0.4667
vn 0.6379 0.7689 0.0426
vn 0.6521 0.7063 -0.2755
vn 0.6867 0.7212 0.0913
vn 0.6176 0.7846 -0.0537
vn -0.4711 0.7935 0.3852
vn -0.2919 0.8781 0.3791
vn 0.6349 0.7714 0.0435
vn 0.5826 0.7853 -0.2096
vn 0.6353 0.7716 0.0321
vn 0.6170 0.7226 0.3115
vn 0.6358 0.7708 0.0398
vn 0.6369 0.7699 0.0412
vn 0.6554 0.7283 0.2002
vn 0.4824 0.8719 0.0839
vn 0.4781 0.8751 0.0751
vn 0.5388 0.3420 0.7699
vn 0.5639 0.4808 0.6714
vn 0.5986 0.7960 -0.0905
vn 0.6335 0.7723 0.0475
vn 0.2469 0.7603 0.6009
vn 0.6335 0.7723 0.0476
vn 0.5976 0.7974 -0.0841
vn 0.5109 0.8564 -0.0747
vn 0.5077 0.8542 -0.1118
vn 0.6309 0.7755 -0.0232
vn 0.6184 0.7817 0.0809
vn 0.2397 0.7614 0.6023
vn -0.6000 0.7977 0.0608
vn 0.3892 0.9152 -0.1047
vn 0.2460 0.9651 0.0901
vn 0.5481 0.8311 0.0944
vn 0.5649 0.8204 0.0885
vn 0.4509 0.8891 -0.0788
vn 0.4445 0.8884 -0.1148
vn 0.2656 0.7613 0.5915
vn 0.5989 0.7923 -0.1166
vn 0.6821 0.7267 0.0816
vn 0.5557 0.8041 0.2112
vn 0.6167 0.7870 -0.0195
vn 0.6392 0.7142 0.2854
vn 0.3340 0.7894 0.5150
vn 0.3356 0.7903 0.5127
vn 0.1574 0.7761 0.6107
vn -0.0312 0.9648 -0.2613
vn 0.0022 0.8162 -0.5778
vn 0.4451 0.8806 -0.1626
vn 0.0000 0.0000 0.0000
vn 0.6281 0.7635 0.1503
vn 0.6025 0.7898 0.1151
vn 0.6566 0.7264 0.2032
vn 0.5914 0.7861 -0.1797
vn 0.6712 0.7364 0.0851
vn 0.2091 0.7725 0.5996
vn 0.6229 0.7366 -0.2634
vn 0.6868 0.7210 0.0916
vn 0.6883 0.7103 0.1472
vn 0.7539 0.6306 -0.1844
vn 0.6076 0.7874 0.1040
vn 0.3495 0.9308 -0.1066
vn -0.0148 0.8328 0.5534
vn 0.2666 0.7643 0.5872
vn 0.5371 0.7862 -0.3057
vn -0.4440 0.8909 0.0957
vn -0.4135 0.8593 -0.3010
vn 0.3777 0.7378 -0.5594
vn -0.6599 0.7361 -0.1503
vn -0.2074 0.7762 -0.5954
vn -0.4742 0.1847 0.8608
vn 0.1315 0.4877 0.8630
vn -0.3834 0.8512 -0.3585
vn 0.1196 0.7851 -0.6078
vn -0.2158 0.1677 0.9619
vn -0.2383 0.8922 0.3837
vn 0.2022 -0.3835 0.9011
vn 0.6343 0.5967 0.4915
vn 0.1949 0.6551 -0.7300
vn 0.1525 0.6433 -0.7503
vn -0.7421 0.6145 0.2678
vn -0.7882 0.3608 -0.4985
vn -0.4202 0.4556 0.7848
vn -0.0761 0.9097 0.4082
vn -0.8214 0.3238 0.4695
vn -0.4688 0.7747 -0.4244
vn -0.9570 0.2471 0.1519
vn -0.2939 0.4730 -0.8306
vn -0.7441 0.6596 -0.1055
vn -0.6766 0.5248 -0.5165
vn 0.0019 0.6215 -0.7834
vn 0.5483 0.7859 -0.2859
vn 0.1632 0.6466 -0.7452
vn 0.4830 0.8036 -0.3476
vn 0.3411 0.4431 -0.8291
vn 0.4438 0.2363 -0.8644
vn 0.4942 0.7889 -0.3652
vn 0.4416 0.7891 -0.4270
vn -0.2174 0.9058 -0.3636
vn -0.2106 0.8952 -0.3928
vn -0.3108 0.8376 -0.4493
vn -0.0620 0.8364 -0.5446
vn -0.4506 0.8613 0.2347
vn -0.3194 0.9232 -0.2138
vn -0.3077 0.7170 -0.6254
vn -0.5188 0.7646 -0.3824
vn -0.8344 0.0654 0.5472
vn -0.7436 0.5713 0.3473
vn -0.0619 0.6241 -0.7789
vn -0.1566 0.6818 -0.7146
vn -0.0259 0.6365 -0.7709
vn 0.5290 0.7866 -0.3185
vn 0.1611 0.6459 -0.7462
vn -0.6307 0.7578 0.1675
vn -0.6064 0.7917 0.0739
vn -0.7287 0.6439 0.2333
vn -0.7644 0.6259 -0.1547
vn -0.5837 0.7124 0.3896
vn -0.6069 0.7221 0.3321
vn -0.2568 0.6746 -0.6920
vn -0.4044 0.9109 -0.0825
vn 0.0271 0.6144 -0.7885
vn 0.8041 0.5521 -0.2207
vn 0.2961 0.5635 -0.7712
vn 0.3035 0.8484 0.4337
vn -0.3498 0.7369 0.5785
vn 0.7527 0.6128 -0.2405
vn 0.2112 0.3659 -0.9064
vn -0.4694 0.7743 -0.4244
vn 0.3627 0.7269 -0.5831
vn -0.6273 0.6960 -0.3494
vn -0.6518 0.7004 -0.2910
vn -0.6438 0.6970 -0.3159
vn 0.0504 0.7736 -0.6316
vn -0.1435 0.7669 -0.6255
vn -0.1395 0.7657 -0.6279
vn 0.4447 0.8076 -0.3874
vn -0.4499 0.4054 -0.7958
vn -0.4133 0.5223 -0.7459
vn 0.2075 0.6634 -0.7190
vn -0.4934 0.7636 -0.4164
vn -0.4250 0.2197 0.8782
vn -0.2146 0.8138 -0.5401
vn 0.1395 -0.8527 0.5034
vn -0.2021 0.9298 -0.3076
vn -0.1863 0.9797 -0.0739
vn 0.1863 -0.9797 0.0739
vn -0.5004 0.8151 -0.2919
vn -0.1712 0.5949 0.7853
vn -0.5701 0.8199 0.0536
vn -0.0833 0.0089 0.9965
vn -0.7299 0.6639 -0.1629
vn -0.2746 0.8158 -0.5090
vn -0.6131 0.7786 0.1336
vn -0.6080 0.7843 0.1230
vn -0.5609 0.8270 0.0393
vn -0.5199 0.8541 -0.0168
vn -0.7328 0.6276 0.2629
vn -0.7036 0.7106 0.0052
vn -0.6162 0.7788 -0.1169
vn -0.5531 0.8329 0.0206
vn -0.6640 0.7396 0.1099
vn -0.6828 0.7281 0.0599
vn -0.6795 0.7304 0.0692
vn -0.6853 0.7271 0.0416
vn -0.6921 0.7218 -0.0073
vn -0.6166 0.7742 0.1430
vn 0.3343 0.7043 -0.6263
vn 0.2353 -0.3484 0.9073
vn -0.2353 0.3484 -0.9073
vn -0.6465 0.7498 -0.1406
vn -0.5966 0.5837 -0.5508
vn -0.7057 0.6988 -0.1166
vn 0.3962 0.7524 -0.5262
vn -0.5551 0.1630 -0.8157
vn -0.6369 0.7443 -0.2011
vn 0.6908 -0.5019 0.5205
vn -0.7751 0.0713 -0.6277
vn 0.6428 -0.2180 0.7343
vn 0.7780 -0.1507 0.6100
vn 0.3457 0.7095 -0.6141
vn -0.3425 0.7936 -0.5028
vn -0.4712 0.8171 -0.3321
vn -0.7487 0.6467 0.1455
vn -0.5358 0.8162 0.2164
vn 0.5477 0.7553 0.3600
vn -0.1767 0.8654 -0.4689
vn -0.0927 0.8100 -0.5790
vn -0.8391 0.5084 0.1936
vn 0.2129 0.8583 -0.4669
vn -0.1098 0.7149 -0.6905
vn -0.0271 0.7604 -0.6489
vn -0.3286 0.8755 -0.3543
vn -0.0429 0.9047 -0.4239
vn -0.6557 0.7457 -0.1184
vn -0.6216 0.6551 -0.4295
vn 0.3359 0.7090 -0.6201
vn 0.5650 0.7815 -0.2646
vn 0.5762 0.7775 -0.2519
vn -0.6185 0.7782 -0.1088
vn -0.6435 0.6580 -0.3911
vn 0.5699 0.7811 -0.2552
vn 0.0270 0.6127 -0.7899
vn -0.1990 0.9231 -0.3290
vn 0.1511 -0.9816 0.1168
vn -0.7193 -0.6231 0.3073
vn -0.6965 0.6776 -0.2360
vn -0.7818 0.6158 -0.0979
vn -0.2592 0.9656 -0.0211
vn -0.4034 0.8081 -0.4291
vn -0.5831 0.7163 -0.3833
vn -0.8829 0.1475 -0.4458
vn 0.7074 -0.5286 -0.4692
vn -0.7028 0.3394 0.6253
vn -0.6076 0.7868 -0.1083
vn -0.6818 0.7205 -0.1264
vn -0.6271 0.7247 -0.2854
vn -0.1553 0.7718 -0.6166
vn -0.3764 0.4111 0.8303
vn -0.7270 0.5741 -0.3767
vn -0.5845 0.7956 0.1594
vn 0.7013 -0.7129 0.0032
vn -0.6957 0.6691 0.2615
vn -0.7540 0.6073 -0.2504
vn -0.3192 0.8905 0.3242
vn -0.8111 0.5693 -0.1341
vn -0.5309 0.7830 0.3241
vn -0.5387 0.7850 0.3057
vn -0.6555 0.7032 -0.2753
vn 0.1672 0.9632 -0.2106
vn 0.1602 0.9865 -0.0353
vn 0.4016 -0.4094 -0.8192
vn -0.5954 0.6595 0.4589
vn -0.6008 0.6288 0.4935
vn -0.4996 0.6375 -0.5865
vn -0.5045 0.8381 0.2076
vn -0.4031 0.8685 -0.2884
vn -0.6010 0.6582 -0.4535
vn -0.0012 0.9142 0.4053
vn -0.4606 -0.2251 0.8586
vn 0.9419 -0.0823 0.3256
vn -0.7981 0.4787 0.3660
vn 0.3159 0.6854 0.6561
vn 0.2273 -0.3949 0.8901
vn -0.8238 0.5668 0.0118
vn -0.7841 0.5655 0.2555
vn -0.7788 0.5812 -0.2361
vn -0.5979 0.7008 -0.3891
vn -0.6966 0.7095 -0.1068
vn -0.6629 0.6606 -0.3523
vn 0.5865 0.7739 -0.2391
vn 0.5497 0.7830 -0.2910
vn 0.1151 0.7846 -0.6092
vn -0.6146 0.7824 0.1001
vn -0.5950 0.7678 0.2375
vn -0.4511 0.8776 0.1622
vn -0.6464 0.7396 0.1875
vn -0.4360 0.8096 -0.3930
vn -0.5411 0.7473 -0.3857
vn -0.5867 0.7647 -0.2666
vn -0.5117 0.8552 -0.0829
vn -0.4311 0.8675 -0.2482
vn -0.6345 0.6874 -0.3535
vn -0.0164 0.5384 -0.8425
vn -0.2222 0.4926 -0.8414
vn 0.0634 0.7766 -0.6268
vn -0.7693 0.5540 -0.3183
vn -0.7071 0.5734 -0.4139
vn -0.4521 0.6421 -0.6191
vn -0.4826 0.6576 -0.5785
vn -0.0867 0.6452 -0.7591
vn -0.4069 0.8598 -0.3085
vn -0.4220 0.8648 -0.2723
vn -0.4106 0.8966 0.1659
vn -0.7191 0.6314 0.2904
vn 0.2325 0.9543 -0.1879
vn 0.2522 0.9451 -0.2079
vn -0.1315 0.7630 -0.6329
vn -0.1739 0.7646 -0.6206
vn -0.1443 0.7678 -0.6242
vn -0.2270 0.7976 -0.5588
vn -0.2285 0.7983 -0.5573
vn -0.3125 0.8299 -0.4623
vn -0.4697 0.8811 -0.0543
vn -0.4305 0.8670 -0.2510
vn -0.2141 0.7769 -0.5921
vn -0.6957 0.6899 -0.2003
vn -0.0974 0.7670 -0.6342
vn -0.6137 0.6976 -0.3698
vn -0.7418 0.6266 0.2389
vn -0.7713 0.6116 -0.1760
vn 0.1131 0.7845 -0.6097
vn -0.1968 0.7757 -0.5997
vn -0.0237 -0.6309 -0.7755
vn 0.0237 0.6309 0.7755
vn -0.1757 0.7654 -0.6191
vn -0.0437 0.7513 -0.6585
vn -0.0775 0.7330 -0.6758
vn -0.1144 0.7126 -0.6921
vn 0.6376 0.7351 -0.2303
vn 0.3278 0.6878 -0.6476
vn -0.0535 0.7405 -0.6699
vn 0.0570 0.6390 -0.7671
vn -0.8073 0.5324 0.2546
vn -0.8813 0.4466 -0.1546
vn -0.2240 -0.4337 -0.8728
vn -0.7793 0.3625 -0.5111
vn -0.1507 0.7676 -0.6230
vn -0.1310 0.7675 -0.6276
vn 0.1151 0.7847 -0.6091
vn 0.0135 0.7638 -0.6454
vn 0.2253 0.6588 -0.7178
vn 0.1544 0.6434 -0.7498
vn 0.1430 0.6402 -0.7548
vn -0.4149 0.7560 -0.5063
vn -0.4351 0.7330 0.5229
vn -0.7523 0.3139 0.5792
vn -0.8767 0.2752 0.3945
vn -0.2786 0.6835 -0.6747
vn -0.1103 0.6481 -0.7535
vn -0.7052 0.6595 0.2602
vn -0.7561 0.6067 -0.2452
vn -0.3232 0.7011 -0.6356
vn -0.0419 0.7161 -0.6968
vn -0.0840 0.7271 -0.6813
vn -0.0445 0.6314 -0.7742
vn 0.0572 0.6308 -0.7739
vn -0.0115 0.6360 -0.7716
vn -0.0277 0.6366 -0.7707
vn -0.0279 0.6366 -0.7707
vn -0.1726 0.7717 -0.6121
vn -0.0278 0.8084 -0.5880
vn 0.0995 0.6335 -0.7673
vn 0.0792 0.4746 -0.8766
vn -0.2230 0.5269 -0.8201
vn -0.2141 0.7437 -0.6333
vn -0.0875 0.7970 -0.5976
vn 0.4133 0.8159 -0.4043
vn 0.0773 0.6332 -0.7701
vn 0.0904 0.6428 -0.7607
vn -0.4875 0.8484 -0.2063
vn -0.5298 0.8210 -0.2129
vn 0.5053 0.8364 -0.2124
vn 0.3401 0.7748 -0.5330
vn 0.4064 0.8169 -0.4092
vn 0.1399 0.4100 -0.9013
vn -0.3158 0.3203 -0.8931
vn 0.5113 0.8580 -0.0481
vn 0.3598 0.7061 -0.6099
vn -0.2784 0.7963 -0.5370
vn -0.3762 0.8221 -0.4274
vn 0.6667 0.6981 -0.2611
vn 0.3381 0.7504 -0.5680
vn 0.6475 0.7602 0.0530
vn 0.3399 0.7404 -0.5799
vn 0.5156 0.8554 -0.0494
vn 0.3152 0.8662 -0.3878
vn 0.4408 0.8088 -0.3893
vn 0.4460 0.8070 -0.3870
vn 0.5721 0.7844 -0.2397
vn 0.5849 0.7818 -0.2161
vn 0.5699 0.7812 -0.2547
vn -0.0349 0.7476 -0.6633
vn -0.0216 0.6364 -0.7711
vn 0.4558 0.8052 -0.3794
vn 0.4562 0.8057 -0.3778
vn 0.4212 0.7733 -0.4739
vn 0.4008 0.7560 -0.5174
vn 0.6578 0.6958 -0.2883
vn 0.3222 0.5857 -0.7438
vn -0.2920 0.8035 -0.5188
vn -0.0593 0.8450 -0.5315
vn 0.3963 0.8185 -0.4160
vn 0.3521 0.7195 -0.5986
vn -0.1615 0.7731 -0.6134
vn 0.3165 0.6972 -0.6432
vn -0.2243 0.7968 -0.5611
vn -0.7510 0.6505 -0.1135
vn -0.7535 0.6412 -0.1456
vn -0.0864 0.6451 -0.7592
vn -0.6400 0.7563 -0.1360
vn -0.6567 0.7228 -0.2154
vn -0.5571 0.7787 0.2884
vn -0.3352 0.5969 -0.7289
vn 0.2347 0.6727 -0.7017
vn -0.2727 0.6614 -0.6987
vn -0.4215 0.7982 -0.4304
vn 0.4504 0.8058 -0.3844
vn 0.3703 0.7323 -0.5715
vn -0.6115 0.7820 -0.1206
vn -0.6445 0.6954 -0.3177
vn 0.6582 0.7295 -0.1858
vn 0.3369 0.7659 -0.5477
vn -0.6182 0.7719 0.1482
vn 0.6151 -0.7286 0.3014
vn -0.7344 0.6502 -0.1946
vn -0.3392 0.9034 -0.2623
vn -0.6474 0.6602 -0.3808
vn -0.3556 0.9069 -0.2261
vn -0.2222 0.8736 -0.4329
vn -0.8035 0.5862 -0.1036
vn -0.8252 0.5602 0.0722
vn -0.0251 0.6364 -0.7710
vn 0.1728 0.6480 -0.7418
vn -0.2587 0.9251 0.2781
vn -0.8035 -0.1949 0.5625
vn -0.5795 0.8083 0.1035
vn -0.4657 0.7821 -0.4140
vn -0.6194 0.7199 -0.3132
vn -0.1086 0.7157 -0.6899
vn 0.2982 0.8895 0.3463
vn 0.1237 0.8509 0.5106
vn -0.1761 0.8501 -0.4962
vn -0.3047 0.8879 -0.3447
vn -0.4344 0.8862 -0.1611
vn -0.2332 0.7924 -0.5637
vn 0.1505 0.9862 -0.0685
vn 0.0573 0.6011 -0.7971
vn -0.4996 0.4367 0.7481
vn -0.2602 0.8896 0.3754
vn -0.2686 0.3548 0.8955
vn -0.3260 0.8786 0.3489
vn 0.3195 0.6980 -0.6409
vn -0.4343 0.8722 0.2249
vn -0.5008 0.8578 -0.1159
vn -0.2637 0.6226 -0.7368
vn -0.5736 0.6866 -0.4467
vn 0.4286 0.7801 -0.4558
vn -0.3995 0.9138 0.0736
vn -0.6831 0.6456 -0.3414
vn 0.4049 -0.7486 0.5250
vn -0.6569 0.7259 0.2038
vn 0.4424 0.8082 -0.3886
vn -0.4323 0.8677 -0.2454
vn -0.7010 0.6402 -0.3140
vn -0.5432 0.8333 -0.1029
vn 0.1563 0.4904 0.8574
vn 0.3491 0.9174 -0.1911
vn 0.3035 0.9129 -0.2728
vn -0.4781 0.7697 -0.4230
vn 0.5232 0.7869 -0.3273
vn -0.8590 0.4977 0.1201
vn -0.2613 0.3219 -0.9100
vn -0.1935 0.7070 -0.6803
vn 0.9072 0.3813 0.1776
vn -0.4164 0.2713 -0.8678
vn 0.2011 0.6541 -0.7292
vn 0.4686 0.8026 0.3692
vn -0.1750 0.6937 -0.6986
vn 0.0655 0.8072 -0.5866
vn -0.0616 0.6413 -0.7648
vn -0.2770 0.8986 -0.3404
vn -0.1515 0.8703 -0.4686
vn -0.2400 0.9483 -0.2076
vn -0.6141 0.7775 0.1360
vn -0.3589 0.8273 -0.4323
vn -0.4280 0.8507 -0.3052
vn -0.6134 0.7782 0.1348
vn -0.3950 0.7993 -0.4528
vn -0.5470 0.7025 -0.4552
vn -0.7273 0.6356 0.2589
vn -0.7580 0.6035 -0.2474
vn -0.5660 0.6478 -0.5100
vn -0.5945 0.6438 -0.4818
vn -0.4573 0.2430 -0.8555
vn -0.8120 0.5829 -0.0292
vn -0.4588 0.5990 0.6562
vn -0.2314 0.7729 0.5908
vn -0.0211 0.8088 0.5877
vn -0.1113 0.9149 0.3881
vn 0.0853 0.7811 0.6186
vn -0.6474 0.7491 -0.1404
vn -0.6189 0.7767 -0.1172
vn -0.6955 0.7109 -0.1045
vn -0.5809 0.8108 0.0720
vn -0.5596 0.8288 -0.0039
vn -0.3609 0.6323 -0.6855
vn -0.7250 0.5529 -0.4107
vn -0.5854 0.8026 -0.1146
vn -0.6281 0.6656 -0.4030
vn 0.0075 0.6333 -0.7739
vn -0.3957 0.8939 0.2108
vn -0.6056 0.7691 0.2042
vn -0.6370 0.6955 -0.3325
vn -0.2762 0.6865 -0.6726
vn 0.0152 0.7591 -0.6508
vn -0.2013 0.8640 -0.4615
vn -0.9097 -0.0061 0.4153
vn -0.8371 0.5130 0.1900
vn 0.1931 0.8528 -0.4852
vn -0.3818 0.8506 -0.3614
vn 0.0127 0.6206 -0.7840
vn 0.5746 0.7775 -0.2554
vn -0.5969 0.7012 -0.3899
vn -0.5132 0.8579 -0.0245
vn -0.5211 0.8534 -0.0153
vn -0.0937 0.9856 -0.1405
vn 0.0773 0.8466 0.5266
vn -0.6252 0.6879 -0.3686
vn -0.4890 0.8633 0.1252
vn -0.7064 0.6586 0.2594
vn -0.7377 0.6192 -0.2692
vn -0.3093 0.1739 0.9349
vn -0.4658 0.8420 -0.2722
vn -0.3981 0.7793 -0.4839
vn 0.1274 0.5227 0.8430
vn -0.6863 0.7258 0.0477
vn 0.0098 0.6332 -0.7739
vn 0.6755 0.6993 -0.2340
vn 0.2835 0.5085 -0.8131
vn -0.3802 0.8502 -0.3642
vn 0.4050 0.8365 0.3691
vn 0.5899 0.7821 -0.2005
vn -0.2722 0.8212 -0.5016
vn -0.3440 0.8430 -0.4136
vn -0.4204 0.4091 0.8099
vn -0.3328 0.8785 0.3428
vn -0.7221 0.3410 0.6019
vn -0.7487 0.5587 0.3567
vn -0.6420 0.7579 -0.1158
vn -0.6757 0.6677 -0.3124
vn -0.8053 0.5358 0.2539
vn -0.8810 0.4511 -0.1429
vn -0.8593 0.1570 0.4869
vn 0.4404 0.6888 0.5759
vn -0.8701 0.3059 0.3864
vn -0.5053 0.8603 -0.0675
vn -0.3015 0.4721 -0.8284
vn -0.6201 0.7693 0.1538
vn -0.1479 0.8240 0.5469
vn -0.2645 0.8707 0.4147
vn -0.7637 0.6360 -0.1107
vn -0.7655 0.6320 -0.1205
vn 0.0835 0.7844 -0.6146
vn 0.5774 0.7818 -0.2352
vn 0.3281 0.6539 -0.6817
vn -0.3856 0.8172 -0.4284
vn 0.0519 -0.4287 0.9020
vn 0.3596 0.8493 0.3865
vn -0.3027 0.5556 -0.7744
vn -0.2885 0.8187 0.4965
vn -0.2448 0.7877 0.5653
vn -0.6708 0.6966 0.2545
vn -0.5662 0.8130 0.1360
vn -0.0211 0.1447 -0.9893
vn -0.4407 0.8078 0.3914
vn -0.7740 0.5585 0.2983
vn -0.7877 0.3362 -0.5163
vn -0.5787 0.7791 0.2409
vn -0.6014 0.7952 0.0775
vn -0.0618 0.9839 -0.1679
vn -0.5140 0.8274 0.2262
vn -0.5614 0.7021 0.4382
vn 0.6562 0.7265 0.2040
vn -0.2108 0.9772 -0.0248
vn -0.1192 0.9887 -0.0908
vn -0.7732 0.6282 -0.0865
vn -0.0167 0.0627 -0.9979
vn 0.5157 0.8400 -0.1685
vn -0.0321 0.9962 0.0811
vn -0.6521 0.4753 0.5906
vn -0.4030 0.8481 0.3441
vn -0.4457 0.7329 0.5140
vn -0.0660 0.7317 0.6784
vn 0.2463 0.7741 0.5831
vn -0.2090 0.5350 0.8186
vn -0.5577 0.8294 0.0344
vn 0.4502 0.6245 0.6383
vn -0.0610 0.5856 0.8083
vn 0.5357 0.8432 0.0448
vn 0.5278 0.8161 0.2354
vn 0.2767 0.9261 0.2566
vn -0.5160 0.2693 0.8132
vn 0.2510 0.7500 -0.6120
vn -0.0207 0.9554 -0.2947
vn 0.1135 0.9912 -0.0675
vn 0.1529 0.4466 -0.8816
vn 0.2491 0.9021 -0.3523
vn 0.5556 0.3406 0.7585
vn -0.2641 0.9171 0.2987
vn -0.3298 0.6512 0.6835
vn 0.5328 0.4210 0.7340
vn 0.7201 0.5724 0.3922
vn -0.2826 0.8352 0.4718
vn -0.4829 0.4804 -0.7321
vn -0.1288 0.5559 -0.8212
vn 0.1630 0.7666 0.6211
vn -0.2537 0.4514 -0.8555
vn 0.0515 -0.7021 -0.7102
vn -0.3018 0.7982 -0.5214
vn -0.7634 0.5428 -0.3501
vn -0.2647 0.8702 -0.4155
vn 0.2251 0.8001 0.5561
vn -0.0027 0.8371 -0.5471
vn 0.8428 0.3718 -0.3892
vn 0.0056 0.9828 0.1845
vn -0.6053 0.7608 0.2341
vn -0.2206 0.9062 -0.3608
vn 0.3084 0.9458 -0.1013
vn 0.0492 0.9926 -0.1106
vn -0.1941 0.7864 -0.5864
vn -0.1329 0.7636 -0.6319
vn 0.2035 0.7242 0.6589
vn -0.0179 0.6424 0.7661
vn -0.8164 0.0948 -0.5696
vn -0.2167 0.1388 -0.9663
vn 0.6365 0.7708 0.0271
vn -0.7029 0.6923 -0.1632
vn -0.6302 0.7247 -0.2785
vn 0.3629 0.7141 -0.5986
vn 0.1192 0.5334 0.8374
vn 0.6083 0.5984 -0.5215
vn -0.1137 0.7786 0.6171
vn -0.3765 0.9145 0.1483
vn 0.1743 0.9650 0.1962
vn 0.8163 0.4960 0.2961
vn -0.2152 0.8914 -0.3988
vn -0.5441 0.8390 -0.0017
vn -0.3543 0.9019 0.2472
vn 0.4739 -0.6541 -0.5895
vn 0.0627 0.7826 0.6193
vn 0.9698 0.1594 -0.1847
vn 0.5403 0.8414 -0.0020
vn -0.6591 0.7494 -0.0628
vn -0.2312 0.8499 -0.4735
vn -0.5605 0.5188 0.6455
vn -0.1181 0.7724 -0.6240
vn -0.3917 0.8543 -0.3418
vn 0.5741 0.7967 -0.1891
vn 0.3515 0.9361 -0.0111
vn -0.1721 0.8130 -0.5563
vn -0.5822 -0.4978 -0.6428
vn -0.5004 0.8611 -0.0904
vn -0.3233 0.9232 -0.2078
vn -0.6493 0.5434 0.5321
vn -0.5919 0.7206 0.3612
vn -0.7758 0.3953 0.4919
vn -0.1048 0.7087 0.6977
vn -0.4715 0.8813 -0.0303
vn 0.5103 -0.7984 -0.3195
vn 0.1602 0.5098 -0.8452
vn -0.0104 -0.5023 -0.8646
vn -0.6571 0.7400 -0.1431
vn -0.5999 0.7982 0.0548
vn 0.8213 0.5197 -0.2354
vn -0.1986 0.9581 -0.2066
vn -0.4209 0.8006 -0.4264
vn 0.3460 0.7154 -0.6070
vn -0.6449 0.6988 0.3094
vn 0.5880 -0.7078 -0.3914
vn -0.6575 0.4822 0.5789
vn -0.2213 0.7173 0.6607
vn -0.6929 0.1186 0.7112
vn 0.4470 0.7974 -0.4054
vn 0.7385 0.6448 -0.1971
vn -0.2215 0.4333 -0.8736
vn -0.3876 0.1050 -0.9158
vn 0.3345 0.9396 0.0726
vn 0.2910 -0.9320 0.2161
vn 0.3103 0.5619 -0.7668
vn -0.1007 0.8648 -0.4919
vn 0.9935 -0.1118 0.0233
vn 0.5031 0.7006 0.5060
vn 0.4497 0.8760 0.1745
vn -0.3472 0.9323 0.1013
vn -0.6134 0.7888 -0.0386
vn -0.4746 0.3780 0.7949
vn -0.4079 0.8175 -0.4065
vn -0.2589 0.6745 -0.6914
vn 0.5522 0.0620 0.8314
vn 0.3715 0.1630 0.9140
vn -0.6260 0.5738 -0.5280
vn -0.1686 0.3990 -0.9013
vn -0.6974 0.5888 -0.4085
vn 0.6972 -0.6236 0.3536
vn -0.0264 0.9715 -0.2357
vn 0.2456 -0.6842 -0.6867
vn 0.4062 0.8165 -0.4103
vn -0.0007 0.8178 0.5755
vn 0.0261 0.8480 0.5293
vn 0.2700 0.9034 0.3331
vn 0.3971 0.9041 -0.1578
vn -0.3758 0.3651 0.8517
vn 0.6274 0.7787 -0.0017
vn -0.3808 0.6861 0.6199
vn 0.5766 0.7924 -0.1989
vn 0.2551 0.7019 0.6650
vn -0.0527 0.5987 0.7992
vn 0.1171 0.7595 0.6399
vn 0.1234 0.9065 0.4037
vn -0.4678 0.7751 -0.4247
vn 0.7090 0.6308 -0.3154
vn -0.0031 0.7966 0.6045
vn -0.6153 0.7798 -0.1158
vn -0.0532 0.3875 -0.9203
vn -0.1519 -0.2024 -0.9674
vn 0.1686 0.9081 0.3832
vn 0.0421 -0.5234 0.8511
vn -0.3469 0.9338 -0.0871
vn -0.4491 0.8836 -0.1324
vn -0.1022 0.7674 -0.6329
vn -0.5738 0.7829 -0.2404
vn 0.4308 0.3171 -0.8449
vn 0.5958 0.7998 -0.0723
vn -0.2519 0.9623 0.1022
vn -0.1615 0.3572 -0.9199
vn 0.3141 0.9306 0.1881
vn -0.0832 0.6053 0.7917
vn 0.5968 0.7986 -0.0777
vn -0.4949 0.6504 0.5762
vn -0.4519 0.7095 0.5407
vn 0.4385 0.8286 0.3480
vn 0.6501 0.7484 -0.1311
vn -0.9019 -0.1553 -0.4030
vn 0.3258 0.8847 0.3335
vn 0.0647 0.0017 0.9979
vn -0.3553 0.9076 0.2238
vn -0.2545 0.9480 0.1910
vn 0.5526 0.8334 0.0041
vn 0.5322 0.8362 0.1325
vn -0.3202 0.7936 0.5174
vn -0.4840 -0.3331 -0.8092
vn 0.2133 0.8285 -0.5178
vn -0.1331 0.0991 -0.9861
vn -0.4807 0.7832 0.3943
vn -0.9969 0.0280 -0.0734
vn -0.2660 0.7556 -0.5986
vn -0.0260 0.9904 0.1358
vn -0.0966 0.8230 0.5597
vn -0.4634 0.8213 0.3327
vn -0.5510 0.4607 0.6958
vn -0.5988 -0.0551 -0.7990
vn -0.6291 0.3920 -0.6713
vn 0.4123 0.8784 -0.2417
vn 0.3477 0.8898 -0.2954
vn -0.7673 0.6325 -0.1058
vn -0.5741 0.5335 0.6211
vn 0.1899 0.1857 0.9641
vn 0.8950 -0.4164 -0.1597
vn -0.6026 0.7938 0.0827
vn -0.7727 0.6087 -0.1803
vn -0.7998 0.5616 -0.2120
vn -0.7566 0.5010 -0.4201
vn 0.0297 0.6858 -0.7271
vn -0.4587 0.8568 0.2356
vn -0.2581 0.9632 -0.0749
vn 0.6361 0.7708 0.0341
vn 0.1763 -0.1816 0.9674
vn -0.1763 0.1816 -0.9674
vn -0.3174 0.8201 0.4760
vn -0.1973 0.8695 0.4529
vn -0.8992 0.1265 0.4189
vn -0.4467 -0.6850 -0.5755
vn -0.8604 0.0934 -0.5009
vn 0.0039 -0.0879 -0.9961
vn -0.6321 0.7549 0.1751
vn -0.7096 0.6951 -0.1150
vn -0.6004 0.7963 0.0735
vn 0.6570 0.7198 0.2240
vn 0.2838 -0.3969 0.8729
vn 0.0980 0.9311 0.3515
vn -0.0177 0.8419 -0.5394
vn -0.0709 0.8372 0.5423
vn 0.0709 -0.8372 -0.5423
vn 0.7687 -0.3451 -0.5386
vn -0.6052 0.6220 0.4969
vn 0.5384 0.8415 0.0436
vn 0.5155 0.8186 0.2532
vn -0.1249 0.7618 -0.6356
vn -0.6371 0.7545 -0.1579
vn -0.5476 0.5324 -0.6456
vn -0.3780 0.7992 0.4674
vn -0.0636 0.9752 0.2118
vn 0.1124 0.7766 0.6199
vn -0.4463 -0.8770 0.1781
vn 0.2571 0.9281 0.2692
vn 0.5910 0.7903 -0.1615
vn -0.5144 0.6991 -0.4965
vn -0.0356 0.9639 -0.2640
vn 0.4951 0.5984 0.6300
vn 0.2360 0.9454 0.2247
vn 0.0663 0.3213 -0.9446
vn -0.1151 0.9428 -0.3128
vn 0.6018 0.7937 -0.0893
vn -0.0406 0.5910 -0.8057
vn 0.1259 0.5127 -0.8493
vn -0.6829 0.7073 -0.1824
vn 0.4508 -0.3212 -0.8328
vn 0.7584 -0.6380 0.1334
vn -0.7339 0.6478 -0.2042
vn -0.3687 0.5074 -0.7788
vn -0.5102 0.5337 -0.6745
vn 0.3525 0.8596 0.3699
vn 0.2656 0.9522 0.1511
vn 0.1418 0.9794 0.1440
vn 0.9265 0.2257 -0.3012
vn 0.0425 0.9480 -0.3155
vn -0.3105 0.5684 -0.7619
vn -0.6281 0.4704 -0.6198
vn 0.8156 0.5744 0.0697
vn -0.4361 -0.5254 0.7305
vn 0.3272 0.4305 -0.8412
vn -0.6351 0.5941 0.4936
vn 0.3906 0.7671 0.5090
vn 0.4915 0.7772 0.3930
vn 0.0536 0.9951 -0.0833
vn 0.6879 -0.3169 -0.6530
vn -0.0561 0.8682 0.4930
vn -0.2579 0.9576 -0.1285
vn 0.1167 0.7794 0.6156
vn -0.4663 0.4125 -0.7826
vn -0.5693 0.3334 -0.7515
vn 0.3251 0.8206 0.4700
vn 0.1815 0.9207 0.3455
vn -0.5207 0.6844 0.5104
vn -0.6348 0.6566 0.4073
vn -0.7960 -0.3948 0.4588
vn 0.2124 0.9654 0.1516
vn 0.3504 0.9343 -0.0660
vn -0.4999 0.7891 -0.3570
vn 0.5731 0.8007 -0.1747
vn 0.7274 0.4509 -0.5172
vn 0.0829 0.5737 -0.8148
vn -0.4469 0.8685 0.2143
vn 0.2601 0.9189 0.2966
vn -0.5593 0.8197 0.1233
vn -0.5530 0.8211 0.1412
vn 0.2189 0.9712 0.0942
vn -0.0415 0.7214 0.6913
vn -0.2744 0.2421 -0.9306
vn -0.1907 0.9659 -0.1751
vn -0.1101 0.9593 -0.2601
vn -0.1078 0.8041 0.5846
vn 0.1845 0.8227 0.5376
vn 0.2675 0.6614 -0.7007
vn 0.8203 0.5411 -0.1850
vn 0.4836 0.3702 0.7931
vn 0.2045 0.9781 -0.0399
vn -0.5718 0.8151 -0.0931
vn -0.5497 0.8237 -0.1390
vn -0.7006 0.3867 0.5997
vn -0.2485 0.6869 0.6829
vn -0.5783 0.8071 -0.1191
vn -0.5991 0.7931 -0.1100
vn -0.0813 0.6443 -0.7605
vn 0.4258 0.7861 -0.4480
vn 0.5171 0.7957 -0.3153
vn -0.0910 0.8922 0.4425
vn -0.5278 0.6852 0.5019
vn 0.3221 0.9076 0.2692
vn 0.2272 0.9672 0.1139
vn -0.3966 0.5480 -0.7365
vn -0.3759 -0.6973 -0.6103
vn 0.0570 0.9983 0.0104
vn -0.3724 -0.8726 0.3161
vn -0.3749 0.8024 0.4644
vn 0.2229 0.9640 0.1451
vn -0.1265 -0.9071 -0.4014
vn -0.5033 0.8463 0.1746
vn -0.8121 0.5505 0.1937
vn -0.7433 0.5785 -0.3358
vn -0.3598 0.8692 -0.3391
vn -0.5308 0.6276 -0.5696
vn -0.4731 0.7504 -0.4617
vn 0.3432 0.9375 0.0573
vn 0.1378 0.4795 -0.8667
vn -0.4903 0.8180 0.3009
vn -0.5854 0.6324 -0.5073
vn -0.6883 0.5087 0.5172
vn -0.9439 0.3294 -0.0247
vn -0.1115 0.7055 0.6999
vn 0.1688 0.9807 0.0983
vn -0.1045 0.5509 0.8280
vn -0.7937 0.5003 -0.3461
vn 0.1794 0.9300 0.3209
vn -0.1513 0.9562 0.2504
vn -0.5923 0.5644 0.5750
vn -0.7203 0.4967 0.4843
vn 0.1349 0.7144 0.6866
vn -0.0111 0.5994 0.8004
vn 0.1679 0.8968 -0.4093
vn -0.3349 0.6136 -0.7151
vn 0.2059 0.9712 0.1196
vn -0.6178 0.5006 -0.6064
vn -0.4491 0.5236 -0.7240
vn -0.2598 0.5044 -0.8235
vn -0.4583 0.8644 -0.2067
vn -0.9154 0.1190 0.3846
vn -0.5445 0.8291 -0.1269
vn 0.3476 -0.8329 0.4306
vn -0.3713 0.8682 0.3291
vn -0.5746 0.7288 0.3724
vn -0.6661 0.7280 -0.1625
vn -0.7119 0.6551 -0.2530
vn -0.5826 0.8023 0.1300
vn -0.8332 -0.0326 0.5520
vn 0.6324 0.7731 0.0482
vn -0.6580 0.6513 -0.3780
vn 0.2015 0.8328 0.5155
vn -0.1575 0.3092 -0.9379
vn -0.4953 0.4688 -0.7314
vn 0.4638 0.8614 -0.2071
vn 0.3445 0.8591 -0.3785
vn -0.5766 0.5907 -0.5644
vn -0.3943 0.4287 -0.8129
vn 0.8192 0.5278 0.2242
vn 0.0468 0.0628 -0.9969
vn -0.6391 0.7641 0.0876
vn -0.7387 0.6723 -0.0479
vn -0.8030 -0.2017 0.5608
vn -0.9772 0.1090 -0.1820
vn 0.5728 0.2629 0.7764
vn 0.7747 -0.2877 0.5631
vn 0.3930 0.2293 -0.8905
vn 0.4058 0.2802 -0.8700
vn 0.3668 0.2462 -0.8971
vn 0.5417 0.7594 0.3604
vn -0.7574 0.0192 -0.6526
vn 0.3304 -0.0626 0.9417
vn 0.0033 0.9938 -0.1108
vn 0.0391 0.8613 0.5066
vn -0.6076 0.6883 0.3963
vn -0.8681 0.1175 0.4824
vn -0.5624 0.7820 0.2687
vn 0.6392 0.4325 0.6359
vn -0.0488 0.9545 0.2942
vn -0.1237 0.9597 0.2522
vn -0.3322 0.6488 0.6847
vn 0.9261 0.1134 -0.3597
vn -0.8422 0.4461 0.3028
vn -0.6349 0.7597 -0.1407
vn 0.4532 0.8655 -0.2132
vn 0.3388 0.8875 -0.3124
vn -0.1129 0.9734 -0.1994
vn -0.3152 0.5676 -0.7605
vn 0.3946 0.9007 -0.1815
vn 0.2631 0.8429 -0.4693
vn -0.4522 0.5089 -0.7325
vn -0.4459 0.3114 -0.8392
vn -0.6007 0.7960 0.0740
vn -0.3142 0.6811 0.6613
vn -0.2066 0.3101 -0.9280
vn 0.0000 0.0000 0.0000
vn -0.4335 0.7925 0.4289
vn -0.1105 0.7425 -0.6607
vn 0.7778 0.4807 -0.4050
vn -0.0235 -0.0648 -0.9976
vn 0.8434 0.4719 -0.2568
vn 0.0000 0.0000 0.0000
vn -0.1502 0.9509 -0.2707
vn 0.1622 0.9240 -0.3464
vn 0.3001 0.9489 0.0978
vn 0.3466 0.9263 0.1480
vn 0.5864 0.8003 0.1252
vn -0.3037 0.9399 0.1559
vn -0.2667 0.9430 0.1993
vn -0.3799 0.5144 0.7688
vn -0.0232 0.7433 0.6686
vn 0.8087 0.4768 -0.3444
vn -0.4566 0.8644 -0.2104
vn -0.7071 0.0000 0.7071
vn -0.6972 0.7125 -0.0790
vn 0.1244 0.9897 -0.0705
vn 0.0626 0.8535 0.5173
vn 0.0348 -0.0597 -0.9976
vn -0.0594 -0.5342 -0.8433
vn 0.3513 0.9346 -0.0559
vn -0.5675 0.7260 -0.3884
vn -0.6191 0.7622 -0.1889
vn 0.7731 -0.6335 -0.0317
vn 0.4602 0.8828 0.0944
vn 0.4503 0.8916 0.0481
vn -0.7433 0.6172 0.2582
vn -0.7981 0.4752 -0.3703
vn 0.6412 0.7480 0.1711
vn -0.2730 0.8587 -0.4337
vn -0.2555 0.8958 -0.3637
vn -0.1613 0.9299 0.3305
vn -0.6181 0.7848 0.0462
vn -0.5219 0.7726 0.3614
vn -0.0156 0.7788 0.6270
vn 0.2895 0.7662 0.5737
vn -0.3523 0.7730 -0.5276
vn -0.7411 0.3019 -0.5996
vn -0.6212 0.7833 -0.0240
vn -0.4587 0.7373 -0.4960
vn 0.2941 0.9396 0.1753
vn 0.3995 0.8838 0.2437
vn 0.2175 0.3413 0.9144
vn 0.2114 0.2228 0.9517
vn 0.4419 0.7690 -0.4618
vn 0.4662 0.8712 0.1538
vn -0.0959 0.7669 -0.6346
vn 0.5709 0.8202 0.0369
vn 0.6003 0.7997 0.0146
vn 0.1283 0.9825 0.1349
vn 0.1461 0.9551 0.2578
vn -0.0487 -0.8843 0.4643
vn -0.2395 0.7556 0.6096
vn -0.3684 0.8471 -0.3831
vn 0.7735 0.3875 0.5015
vn 0.2277 0.9676 0.1093
vn -0.5243 0.8421 0.1266
vn -0.2539 0.8906 -0.3774
vn 0.2037 -0.9237 0.3245
vn -0.0725 0.9755 -0.2075
vn 0.2778 0.9579 0.0724
vn -0.6981 0.0309 -0.7153
vn -0.8047 0.5929 0.0285
vn -0.9371 0.2585 -0.2346
vn -0.5213 0.0853 -0.8491
vn -0.2556 0.9505 -0.1765
vn 0.4935 0.8202 -0.2894
vn -0.1341 -0.9700 -0.2030
vn -0.7459 0.6482 0.1528
vn -0.6860 0.7174 0.1215
vn -0.2710 0.8455 -0.4601
vn -0.3265 0.8503 -0.4128
vn 0.3260 0.9189 -0.2223
vn 0.1604 0.9688 0.1891
vn 0.4408 0.7589 0.4793
vn -0.7835 0.4942 -0.3766
vn 0.1703 0.9701 0.1732
vn -0.6935 0.7068 -0.1391
vn -0.6600 0.6106 -0.4377
vn 0.8576 0.5025 -0.1098
vn -0.2976 0.3996 -0.8670
vn -0.5778 0.7923 -0.1959
vn 0.7098 0.5917 -0.3821
vn -0.3066 0.9498 -0.0624
vn -0.4920 0.7424 -0.4547
vn 0.2075 0.8563 -0.4730
vn 0.9369 -0.2061 0.2826
vn -0.4066 0.9132 0.0272
vn 0.2824 0.9590 -0.0215
vn -0.3460 0.7015 -0.6231
vn -0.3146 0.1224 -0.9413
vn -0.2164 -0.1423 -0.9659
vn 0.5738 0.6379 0.5136
vn 0.4160 0.4569 0.7862
vn -0.9191 0.1818 -0.3497
vn -0.5949 -0.7111 -0.3748
vn -0.4235 0.2615 -0.8673
vn -0.5842 -0.1024 0.8051
vn 0.4449 -0.5565 -0.7017
vn 0.2405 0.4075 0.8810
vn -0.2569 0.2656 0.9292
vn 0.9597 0.2756 -0.0552
vn -0.2935 0.1503 -0.9441
vn 0.4348 0.8377 -0.3305
vn 0.5184 0.7851 -0.3391
vn -0.3051 0.8642 -0.4000
vn -0.2177 0.7506 -0.6238
vn -0.7158 0.2946 -0.6332
vn -0.3692 0.6087 -0.7023
vn 0.4384 0.8291 0.3469
vn 0.3004 0.9052 -0.3007
vn 0.0451 0.9536 0.2977
vn 0.0424 0.9043 0.4249
vn -0.8944 0.0000 -0.4472
vn 0.1030 0.8214 0.5610
vn -0.5871 0.7405 -0.3270
vn -0.0420 -0.2610 0.9644
vn -0.5997 0.7986 0.0512
vn -0.2163 0.7929 0.5697
vn -0.3975 0.9143 -0.0770
vn -0.6117 0.7910 -0.0143
vn 0.0604 0.8618 -0.5036
vn -0.1662 0.6295 -0.7590
vn -0.1453 0.6925 -0.7066
vn -0.4952 0.1557 -0.8547
vn -0.3473 0.3235 -0.8802
vn -0.6108 0.7839 -0.1113
vn -0.0747 0.7239 0.6858
vn -0.1045 0.7179 -0.6882
vn 0.9502 -0.2687 0.1579
vn 0.2211 0.6848 -0.6944
vn -0.5039 0.6762 0.5374
vn -0.2542 0.7899 0.5581
vn 0.5944 0.7050 -0.3870
vn -0.4779 -0.3976 0.7833
vn -0.6576 -0.7037 0.2689
vn -0.9271 0.2989 0.2262
vn -0.8069 0.3237 0.4941
vn 0.2472 0.9497 0.1921
vn 0.0496 0.9669 0.2503
vn -0.0097 0.8967 0.4426
vn 0.6521 0.7333 0.1925
vn -0.1837 0.9822 0.0403
vn -0.1969 0.7663 0.6116
vn -0.3289 0.9209 -0.2091
vn -0.0860 0.9234 -0.3740
vn -0.4598 0.1704 -0.8715
vn -0.5003 0.2836 -0.8181
vn 0.5962 0.6960 -0.4002
vn -0.1597 0.0692 -0.9847
vn -0.0538 0.6526 -0.7558
vn 0.1216 0.7579 0.6409
vn -0.0012 0.7088 0.7054
vn -0.4430 0.3985 -0.8031
vn -0.5295 0.4270 -0.7330
vn 0.4671 0.8217 0.3266
vn 0.4944 0.8163 -0.2988
vn -0.4748 0.6147 -0.6299
vn 0.6482 0.7388 0.1842
vn -0.0002 0.9972 0.0743
vn -0.2687 0.9618 0.0528
vn -0.0329 0.9751 -0.2195
vn -0.2359 0.9714 -0.0260
vn -0.8095 0.3039 0.5023
vn -0.3448 0.8986 0.2712
vn 0.1523 0.9333 -0.3252
vn 0.0162 0.6778 -0.7350
vn 0.8634 0.2627 -0.4308
vn -0.3064 0.2140 -0.9275
vn -0.5121 0.5741 -0.6389
vn -0.3228 0.7584 -0.5663
vn -0.5276 0.7646 -0.3701
vn -0.4227 0.6935 0.5834
vn 0.4028 0.8346 0.3758
vn -0.6970 0.7117 -0.0874
vn -0.6578 0.7157 -0.2347
vn 0.0090 0.8350 -0.5502
vn 0.0194 0.9746 -0.2232
vn 0.1749 0.9822 0.0684
vn 0.3962 0.7721 0.4969
vn -0.2496 0.8076 0.5342
vn 0.1320 0.9420 0.3087
vn 0.4894 0.7009 0.5189
vn 0.1803 0.9738 -0.1383
vn 0.1642 0.9786 -0.1237
vn -0.9595 0.1920 0.2063
vn -0.9544 0.0275 -0.2973
vn 0.5037 -0.1382 -0.8528
vn -0.5271 0.8351 0.1575
vn 0.1661 -0.9861 0.0006
vn -0.0044 0.7584 -0.6517
vn -0.7132 0.5679 -0.4108
vn -0.0479 0.5488 -0.8346
vn -0.3580 0.0092 0.9337
vn -0.6784 0.5987 0.4257
vn -0.1175 0.4777 -0.8706
vn -0.4984 0.3932 -0.7726
vn 0.6279 0.7406 -0.2393
vn 0.7108 0.6888 0.1425
vn -0.7668 0.1234 -0.6300
vn 0.3279 0.8912 0.3135
vn 0.0388 0.7364 -0.6754
vn -0.0304 -0.9923 0.1203
vn 0.1062 0.7834 0.6124
vn -0.3949 0.7924 0.4650
vn -0.4945 0.7234 -0.4818
vn -0.4620 -0.6738 -0.5767
vn -0.1310 0.7049 -0.6971
vn 0.4449 0.8396 -0.3118
vn 0.9659 0.1153 -0.2316
vn 0.3336 0.9425 -0.0211
vn 0.6262 0.7064 -0.3299
vn 0.3923 0.8812 0.2637
vn 0.4282 0.7854 0.4471
vn 0.9382 0.3454 -0.0201
vn 0.0940 0.6583 0.7468
vn 0.7260 0.6871 0.0287
vn -0.1950 0.8216 0.5357
vn 0.0760 0.7400 0.6683
vn -0.4224 0.1470 0.8944
vn -0.7204 0.6893 0.0773
vn -0.8124 0.5614 -0.1575
vn 0.3236 0.7376 0.5927
vn 0.1678 0.9147 0.3676
vn 0.0817 0.9837 0.1603
vn 0.1080 0.9779 0.1789
vn -0.2929 0.8297 0.4753
vn 0.3915 0.7869 -0.4770
vn 0.4565 0.3917 -0.7988
vn -0.2947 0.9125 -0.2837
vn 0.1263 0.8802 -0.4574
vn -0.2209 0.9037 0.3667
vn -0.2635 0.8272 0.4964
vn -0.4581 0.7292 -0.5083
vn -0.1412 0.2514 -0.9575
vn 0.3358 0.8770 -0.3436
vn 0.1401 0.5821 0.8009
vn 0.2277 0.9187 0.3226
vn -0.2026 0.7032 0.6815
vn 0.2689 0.7403 0.6161
vn -0.0965 0.9453 -0.3115
vn -0.5174 0.6952 0.4991
vn -0.3881 0.8540 0.3464
vn -0.5819 0.8075 -0.0963
vn 0.3593 -0.1457 -0.9218
vn -0.5369 0.1024 0.8374
vn -0.8465 0.1501 0.5108
vn 0.3127 0.9371 -0.1550
vn 0.6213 0.7494 -0.2288
vn 0.2797 0.8993 0.3361
vn 0.4303 0.8960 0.1102
vn 0.5071 0.4998 0.7022
vn 0.5591 0.6189 0.5517
vn -0.2254 0.8586 0.4604
vn -0.0010 0.9314 -0.3640
vn -0.1335 0.9848 -0.1111
vn 0.0413 0.9963 -0.0760
vn -0.0465 0.9745 -0.2196
vn 0.6591 0.7401 0.1337
vn 0.6548 0.7550 0.0351
vn 0.1920 0.4456 0.8744
vn 0.4640 0.6482 0.6038
vn -0.6926 0.6610 -0.2888
vn 0.7305 -0.6646 -0.1574
vn -0.4220 0.8936 0.1531
vn -0.7237 0.6380 0.2631
vn 0.4572 0.8738 -0.1656
vn 0.3430 0.8802 -0.3279
vn -0.3492 0.5537 -0.7559
vn -0.4111 0.5341 -0.7388
vn 0.2852 0.9151 -0.2850
vn 0.4441 0.8919 -0.0851
vn -0.2141 0.9591 -0.1852
vn -0.0928 0.9659 -0.2417
vn 0.1404 -0.9781 -0.1537
vn -0.1404 0.9781 0.1537
vn -0.8805 0.4708 0.0561
vn -0.7396 0.5279 0.4176
vn 0.1842 0.9529 0.2409
vn 0.3738 0.9236 -0.0845
vn -0.3838 0.8363 0.3915
vn -0.5208 0.2727 0.8089
vn 0.3661 0.8932 -0.2609
vn 0.6619 0.7473 -0.0595
vn -0.2722 0.8680 -0.4152
vn -0.5068 0.8545 -0.1139
vn 0.9166 -0.3591 -0.1758
vn -0.8846 0.4432 0.1448
vn 0.5799 0.7761 -0.2479
vn -0.3601 0.9327 -0.0215
vn -0.0746 -0.3237 -0.9432
vn 0.1942 0.9024 0.3848
vn 0.8131 0.5150 0.2714
vn -0.4506 0.4638 0.7628
vn -0.3203 0.8940 0.3133
vn -0.0097 0.7824 -0.6227
vn -0.2428 0.9276 -0.2837
vn -0.1236 0.9634 -0.2378
vn -0.3100 0.5631 0.7661
vn -0.1713 0.6753 0.7174
vn 0.1891 -0.3177 -0.9291
vn 0.0330 0.8859 -0.4626
vn -0.6173 0.6291 -0.4724
vn -0.5773 0.7055 -0.4110
vn -0.3649 0.7129 -0.5988
vn -0.0708 0.6902 -0.7202
vn -0.1243 0.9018 0.4138
vn -0.6128 0.5040 -0.6086
vn -0.9686 0.2443 0.0451
vn -0.9500 0.1843 -0.2522
vn 0.1062 0.7845 -0.6109
vn 0.5480 0.8360 -0.0272
vn 0.4287 0.9028 -0.0357
vn -0.0133 0.7829 0.6220
vn -0.7622 -0.6443 -0.0623
vn -0.3990 0.8997 0.1770
vn -0.3588 0.8996 0.2492
vn -0.6281 0.6717 0.3927
vn -0.6104 0.7908 -0.0459
vn 0.5685 -0.5386 -0.6219
vn 0.8654 0.2507 0.4339
vn 0.2207 0.9524 0.2102
vn -0.1128 -0.0194 0.9934
vn 0.1028 0.9740 0.2019
vn 0.5083 0.8249 -0.2474
vn -0.0293 0.9857 0.1660
vn 0.0706 0.9748 0.2114
vn 0.1883 0.8610 0.4725
vn -0.2896 0.6781 0.6755
vn 0.2768 0.9606 0.0263
vn 0.3012 0.0595 -0.9517
vn -0.1296 0.9382 -0.3210
vn -0.1267 0.9904 -0.0558
vn 0.4998 0.8501 -0.1659
vn -0.6742 0.7205 -0.1624
vn 0.7542 0.6135 -0.2342
vn 0.3216 0.5816 -0.7473
vn 0.0845 0.9960 0.0276
vn -0.2057 0.7559 -0.6215
vn -0.0737 0.9398 -0.3338
vn -0.0784 -0.4166 -0.9057
vn 0.1915 -0.3420 0.9200
vn -0.2531 -0.0887 -0.9634
vn -0.0006 -0.0645 -0.9979
vn 0.3773 0.8784 0.2935
vn 0.3704 0.8828 0.2889
vn -0.1963 0.5672 -0.7999
vn -0.3505 0.0817 -0.9330
vn -0.0019 0.0316 0.9995
vn 0.1460 0.9465 0.2879
vn -0.2316 0.9169 -0.3251
vn -0.2327 0.9096 -0.3443
vn -0.3450 0.8969 0.2767
vn 0.2585 0.4311 -0.8645
vn 0.4212 0.7134 -0.5600
vn 0.3277 0.8147 0.4783
vn 0.0321 0.8052 0.5922
vn 0.0191 0.8087 0.5879
vn 0.1915 0.9629 0.1899
vn 0.5618 0.8098 -0.1689
vn -0.4434 0.7976 -0.4089
vn 0.4786 0.2837 0.8309
vn -0.0268 0.6493 -0.7601
vn 0.8314 0.3822 -0.4035
vn 0.1501 0.5720 -0.8064
vn 0.2842 0.9575 0.0497
vn -0.1921 0.8040 -0.5628
vn 0.5571 0.7768 -0.2936
vn -0.9866 0.0642 0.1499
vn -0.4661 0.4012 0.7885
vn -0.7597 -0.2496 -0.6005
vn 0.3035 0.9104 0.2812
vn -0.5147 -0.1335 -0.8469
vn -0.6002 0.2024 -0.7738
vn -0.2730 0.9279 -0.2540
vn -0.1112 0.9836 -0.1420
vn -0.3872 0.7951 -0.4667
vn -0.2346 0.7885 -0.5686
vn 0.8539 0.4406 0.2769
vn -0.3725 0.3236 0.8698
vn 0.7506 0.0848 -0.6553
vn 0.0417 0.9814 0.1873
vn 0.4080 -0.8579 0.3122
vn -0.5914 0.8047 0.0524
vn -0.6630 0.7392 0.1182
vn -0.9307 0.3511 -0.1024
vn 0.1303 0.2727 0.9532
vn 0.1561 0.9596 0.2343
vn 0.1032 0.2013 0.9741
vn 0.0814 0.9717 0.2216
vn -0.4945 0.7839 0.3754
vn -0.1241 0.8574 0.4994
vn 0.7107 0.2238 0.6670
vn 0.6529 0.6598 0.3718
vn -0.6398 0.7587 0.1224
vn -0.5145 0.8428 0.1583
vn 0.3806 0.9246 -0.0169
vn 0.3240 0.9227 -0.2088
vn -0.8361 0.4743 0.2757
vn -0.3901 0.7703 0.5044
vn 0.2612 0.9196 -0.2935
vn 0.3934 0.8810 -0.2627
vn -0.5246 0.8461 -0.0947
vn 0.5276 -0.5258 -0.6672
vn -0.9614 0.0914 0.2594
vn -0.7072 0.3170 -0.6320
vn -0.3479 0.5789 -0.7375
vn -0.7305 0.2978 -0.6146
vn -0.6164 0.0234 -0.7871
vn -0.2584 0.9187 -0.2988
vn -0.4116 0.5262 -0.7441
vn 0.1077 0.5518 -0.8270
vn 0.0571 0.6266 -0.7773
vn -0.0232 -0.4826 0.8755
vn 0.1430 0.8198 0.5545
vn -0.3396 0.7878 -0.5138
vn -0.5371 0.7561 -0.3739
vn 0.6877 0.4982 0.5281
vn 0.3416 0.9285 0.1458
vn 0.4967 0.7984 -0.3404
vn 0.6612 -0.2002 -0.7230
vn -0.6498 0.5250 0.5497
vn -0.2388 0.2752 -0.9313
vn -0.6602 0.6662 -0.3468
vn -0.0067 0.1715 0.9852
vn -0.1731 0.9806 0.0923
vn 0.0358 0.8453 0.5331
vn 0.8807 -0.2292 -0.4145
vn -0.1893 0.9700 -0.1527
vn -0.5476 0.7433 0.3842
vn 0.4800 0.5874 0.6516
vn 0.5582 0.6182 0.5534
vn -0.6815 0.7010 0.2099
vn -0.3170 0.8371 -0.4459
vn 0.3475 0.9377 -0.0056
vn 0.4872 0.8630 0.1334
vn -0.6873 -0.6833 0.2465
vn 0.6699 0.5138 -0.5360
vn -0.5848 -0.0816 -0.8071
vn 0.2457 0.9068 -0.3425
vn -0.7894 0.1072 -0.6045
vn 0.7687 -0.5787 0.2723
vn 0.7625 0.5114 0.3963
vn 0.7062 0.6166 0.3478
vn 0.5831 0.7751 -0.2431
vn 0.4858 0.3796 0.7873
vn -0.0563 -0.7776 -0.6262
vn -0.5970 0.6809 -0.4242
vn -0.4184 0.8744 -0.2458
vn -0.5664 0.7891 -0.2376
vn 0.4104 0.6925 0.5933
vn 0.8879 -0.4246 -0.1769
vn -0.5221 0.8525 -0.0257
vn -0.0431 0.3114 -0.9493
vn -0.7655 0.3179 0.5594
vn -0.4941 0.7166 0.4923
vn -0.9526 0.2762 -0.1279
vn 0.0806 0.8610 0.5021
vn -0.1142 0.9446 0.3077
vn -0.6451 0.7464 -0.1636
vn -0.3056 0.7309 -0.6103
vn -0.6111 0.6875 -0.3923
vn -0.0036 -0.3680 -0.9298
vn 0.4683 -0.8676 0.1672
vn -0.2618 -0.1709 -0.9499
vn -0.4281 -0.7692 -0.4743
vn 0.0582 0.9620 0.2669
vn 0.0529 0.9003 0.4320
vn 0.4580 -0.3281 -0.8262
vn -0.1657 0.9862 0.0068
vn -0.1330 0.8821 0.4518
vn 0.0936 0.9495 0.2996
vn 0.6998 -0.3050 -0.6460
vn -0.4434 0.6154 0.6516
vn 0.3670 0.8854 0.2852
vn 0.3867 0.5226 0.7598
vn -0.1533 0.9491 -0.2753
vn -0.0628 0.9806 -0.1856
vn -0.3474 0.8096 0.4731
vn -0.2836 0.2260 0.9319
vn -0.2259 0.8950 0.3846
vn 0.1569 -0.6224 -0.7668
vn -0.2318 0.7081 -0.6670
vn 0.5755 0.3392 0.7441
vn 0.3175 0.9482 0.0116
vn 0.5424 0.8309 -0.1238
vn 0.5761 0.8170 -0.0262
vn 0.3643 -0.2415 -0.8994
vn 0.0467 0.7336 -0.6780
vn 0.1772 0.4879 -0.8547
vn 0.8799 0.4173 -0.2271
vn 0.0776 0.5035 0.8605
vn 0.5270 0.6868 -0.5005
vn -0.1731 0.3098 -0.9349
vn 0.1536 0.9696 0.1905
vn -0.7887 0.6086 0.0868
vn -0.1102 0.5719 -0.8129
vn 0.5075 0.6025 0.6160
vn -0.5320 0.8350 -0.1404
vn -0.7642 0.6431 -0.0491
vn -0.3701 0.6176 -0.6940
vn -0.7651 -0.1202 0.6326
vn 0.3283 0.7943 0.5112
vn 0.0739 0.6807 -0.7288
vn -0.4613 0.6599 0.5931
vn -0.5336 0.6422 0.5503
vn 0.4649 0.8188 0.3367
vn 0.5530 0.8266 -0.1048
vn -0.5416 0.8365 -0.0826
vn 0.6352 -0.4625 -0.6185
vn -0.9503 0.0929 0.2970
vn 0.8561 -0.4167 -0.3056
vn -0.0216 0.7162 0.6975
vn -0.0625 0.9979 0.0168
vn -0.3051 0.9381 0.1639
vn 0.3435 0.8772 -0.3355
vn 0.3842 0.9111 -0.1492
vn 0.3734 0.9122 -0.1685
vn 0.2683 0.9281 -0.2580
vn 0.3292 -0.5037 0.7987
vn -0.4244 0.9054 -0.0099
vn 0.3016 0.9457 -0.1216
vn 0.2800 0.9271 -0.2492
vn -0.8321 0.5466 -0.0937
vn -0.5545 0.3766 -0.7421
vn -0.2907 0.9178 -0.2704
vn -0.3657 0.9261 -0.0929
vn -0.5725 0.7623 0.3020
vn -0.6084 0.7215 0.3305
vn 0.2766 0.4901 0.8266
vn -0.7063 0.2549 0.6605
vn -0.6143 0.6292 0.4762
vn 0.1269 0.4236 -0.8969
vn -0.2667 0.4331 -0.8610
vn -0.5408 0.7347 0.4096
vn 0.2979 0.9538 -0.0388
vn -0.8089 0.5879 0.0086
vn -0.2294 0.8769 -0.4225
vn -0.7909 0.5862 -0.1755
vn 0.1257 0.7743 0.6202
vn -0.6490 0.7403 -0.1751
vn 0.3323 0.8299 0.4481
vn 0.2269 0.9698 0.0901
vn -0.3764 0.8019 0.4640
vn 0.7033 0.4731 0.5306
vn 0.2435 0.9698 0.0118
vn 0.2647 0.6997 0.6636
vn 0.2303 0.9693 0.0860
vn 0.2745 0.8106 0.5173
vn 0.2411 0.7177 0.6533
vn 0.4635 0.6528 0.5992
vn 0.3379 0.8226 0.4574
vn -0.5679 -0.8019 -0.1854
vn -0.6523 0.7339 -0.1896
vn -0.5329 0.7077 0.4638
vn -0.7657 -0.1131 -0.6332
vn -0.4877 0.4819 -0.7279
vn -0.2835 0.8292 -0.4817
vn -0.0670 0.8577 -0.5097
vn -0.6089 0.7857 0.1088
vn -0.1980 0.9382 -0.2837
vn -0.1994 0.9490 -0.2440
vn -0.7646 0.4474 -0.4640
vn 0.3309 -0.9409 0.0718
vn -0.6045 0.5701 0.5564
vn -0.1765 0.7922 0.5842
vn 0.3076 0.8931 0.3282
vn 0.7577 0.5217 0.3922
vn -0.0889 -0.3047 -0.9483
vn 0.0634 0.8473 0.5273
vn -0.2737 0.6603 -0.6994
vn -0.5830 0.6834 -0.4393
vn -0.6197 0.5860 -0.5221
vn 0.0527 -0.9177 -0.3938
vn 0.0449 0.8564 0.5144
vn 0.3767 0.4497 0.8099
vn 0.0676 0.7492 -0.6588
vn 0.8141 0.5630 0.1421
vn -0.6869 0.3694 -0.6259
vn -0.6594 0.5650 -0.4960
vn -0.2800 0.7201 -0.6348
vn -0.4957 0.7545 -0.4301
vn 0.2152 0.7025 0.6784
vn -0.0137 0.6057 0.7956
vn 0.3843 0.7429 -0.5481
vn 0.1261 0.7515 0.6476
vn 0.0402 0.7296 0.6827
vn -0.6151 -0.0142 0.7883
vn -0.8947 0.1185 0.4306
vn -0.6506 0.3988 -0.6462
vn 0.0973 -0.1263 0.9872
vn 0.0325 0.8607 0.5081
vn -0.5146 0.4760 -0.7132
vn 0.4823 0.8540 -0.1951
vn 0.1133 0.9718 -0.2069
vn -0.5111 0.6731 -0.5346
vn -0.1671 0.5880 -0.7914
vn -0.4188 0.8603 -0.2906
vn 0.5281 0.7676 0.3631
vn 0.0711 0.9170 0.3926
vn 0.8304 0.0630 -0.5536
vn -0.6163 0.0162 0.7873
vn 0.4682 0.6513 0.5971
vn -0.0057 0.5876 0.8091
vn 0.9853 -0.0343 -0.1676
vn 0.1009 0.9904 -0.0945
vn 0.2307 0.9560 0.1811
vn 0.7438 0.1826 -0.6430
vn -0.1923 0.5693 -0.7993
vn -0.4777 0.7036 0.5261
vn -0.2453 0.8019 0.5448
vn -0.4835 0.7436 -0.4618
vn -0.3109 0.6958 -0.6475
vn 0.0443 -0.8656 -0.4988
vn -0.0234 0.9220 0.3865
vn -0.3922 0.2898 0.8730
vn -0.2647 0.4962 0.8269
vn -0.3886 0.8765 -0.2842
vn -0.6498 0.6623 -0.3730
vn -0.5375 0.8333 0.1295
vn 0.0740 -0.9922 -0.1006
vn -0.5420 0.6248 0.5621
vn -0.7190 0.5523 0.4219
vn -0.4764 0.2513 -0.8425
vn -0.4684 0.2907 -0.8343
vn -0.7039 0.6784 -0.2107
vn -0.4756 0.8052 -0.3541
vn 0.0279 0.8182 0.5742
vn -0.8310 0.2419 0.5008
vn -0.7209 0.5853 0.3712
vn -0.0493 0.9691 -0.2416
vn -0.6079 0.6086 0.5101
vn -0.6717 0.6034 0.4298
vn -0.2449 0.7691 -0.5903
vn -0.5455 0.1549 0.8237
vn -0.9209 0.3502 0.1715
vn 0.7720 0.2206 -0.5961
vn -0.3136 0.8629 -0.3962
vn -0.2340 0.7838 -0.5752
vn -0.0810 0.9058 -0.4159
vn 0.3460 0.6310 0.6944
vn -0.0829 0.4393 -0.8945
vn 0.1223 0.8427 0.5243
vn 0.8759 -0.4562 0.1568
vn -0.7547 0.5643 0.3345
vn -0.1453 0.5120 -0.8466
vn -0.1723 0.6343 -0.7537
vn -0.1940 0.5699 -0.7985
vn -0.4145 0.8162 -0.4024
vn -0.2040 0.8271 -0.5237
vn 0.9213 -0.1363 -0.3643
vn -0.7018 0.5351 0.4703
vn 0.4191 0.8384 -0.3485
vn -0.0795 0.7152 0.6944
vn 0.5652 0.8069 -0.1718
vn 0.3911 0.8217 -0.4147
vn 0.7125 0.6853 0.1505
vn 0.8017 0.3420 -0.4902
vn -0.7013 0.7048 -0.1075
vn -0.4877 0.8519 -0.1910
vn -0.8896 0.4044 -0.2124
vn -0.4744 0.8459 -0.2438
vn -0.2122 0.8660 0.4527
vn -0.2604 0.8463 0.4647
vn -0.2640 0.8276 0.4953
vn -0.0185 0.7744 0.6325
vn 0.6361 -0.7111 -0.2995
vn -0.6425 0.6736 0.3653
vn -0.4840 0.7829 0.3908
vn -0.1745 0.8285 0.5321
vn -0.3528 0.6870 0.6352
vn -0.3240 0.7597 -0.5638
vn -0.5255 0.7669 -0.3685
vn 0.5646 0.8240 0.0484
vn 0.8271 0.5495 0.1181
vn -0.6670 -0.3809 -0.6403
vn -0.1812 0.9150 0.3605
vn -0.1748 0.9625 0.2075
vn 0.0534 0.9090 0.4133
vn -0.6225 0.7750 -0.1093
vn -0.6824 0.6710 -0.2900
vn 0.1459 0.9682 0.2031
vn 0.3586 0.9241 -0.1321
vn 0.5003 0.7129 0.4914
vn 0.4737 0.7061 0.5264
vn 0.1978 0.5082 -0.8382
vn 0.9401 -0.2206 -0.2600
vn 0.2185 0.6551 0.7233
vn 0.4979 0.8562 0.1380
vn 0.7563 0.5767 0.3089
vn 0.7760 0.4604 0.4312
vn 0.7685 0.4888 0.4130
vn 0.0098 -0.5500 0.8351
vn -0.4011 0.9159 0.0176
vn -0.2654 0.8311 -0.4887
vn -0.0226 0.9563 -0.2916
vn -0.3973 0.5991 -0.6952
vn -0.0354 0.7216 0.6914
vn -0.2694 0.8407 0.4697
vn -0.3800 0.8011 0.4625
vn -0.4936 0.7801 0.3846
vn -0.4772 0.7830 0.3989
vn 0.3001 0.9510 -0.0744
vn 0.2480 -0.9684 -0.0248
vn 0.0883 0.7796 0.6200
vn -0.3204 0.8766 0.3591
vn -0.5929 0.7572 -0.2740
vn -0.4584 0.7878 0.4113
vn -0.2464 0.5762 -0.7793
vn -0.5788 0.6919 -0.4316
vn -0.6999 0.3673 0.6126
vn -0.2617 0.7814 0.5665
vn 0.0625 0.7904 0.6094
vn 0.0092 0.7762 0.6305
vn -0.4763 0.7831 0.3999
vn 0.3304 0.9382 0.1028
vn 0.2334 0.9702 0.0646
vn -0.3891 0.7771 -0.4947
vn 0.7303 0.6669 0.1483
vn 0.8017 0.4214 -0.4240
vn 0.5923 0.7975 -0.1151
vn 0.5234 0.6423 0.5599
vn 0.2315 0.9712 0.0570
vn 0.4340 0.2064 -0.8769
vn 0.2925 0.7652 0.5735
vn -0.4675 0.7243 -0.5069
vn 0.0811 0.8006 -0.5937
vn -0.7500 0.5828 -0.3127
vn 0.4138 0.9007 0.1324
vn -0.6000 0.7987 0.0455
vn -0.6007 0.7962 0.0727
vn -0.6189 0.7710 0.1499
vn -0.6164 0.7749 0.1398
vn 0.8699 0.1056 -0.4818
vn -0.4347 0.0904 -0.8961
vn -0.6005 0.2898 0.7452
vn 0.7269 -0.6695 0.1531
vn -0.7351 0.6698 -0.1050
vn 0.0713 0.9169 0.3927
vn 0.1967 0.9003 0.3882
vn 0.8496 0.5111 0.1300
vn -0.1748 0.7722 0.6108
vn 0.0622 0.9043 0.4224
vn 0.1795 0.9367 0.3007
vn -0.7239 0.5711 -0.3870
vn -0.0103 0.9802 -0.1977
vn -0.6001 0.7935 -0.1016
vn -0.9947 -0.0308 -0.0978
vn -0.5056 0.8601 0.0685
vn -0.0491 0.8896 0.4542
vn 0.0917 0.9147 0.3936
vn 0.1982 0.8884 0.4141
vn 0.7975 0.5285 0.2911
vn 0.3257 0.7024 -0.6329
vn 0.1510 0.9596 0.2376
vn 0.1830 0.8901 0.4174
vn 0.6541 0.6976 -0.2924
vn 0.7422 0.6390 0.2019
vn 0.2826 0.3679 0.8859
vn 0.1108 0.9675 0.2273
vn -0.6022 0.7623 0.2371
vn -0.5743 0.7291 0.3724
vn -0.6890 0.6550 -0.3103
vn -0.6887 0.5660 -0.4531
vn 0.3985 0.8986 -0.1836
vn 0.3145 0.9031 -0.2924
vn 0.4044 0.8002 -0.4429
vn 0.4548 0.8771 0.1541
vn 0.3098 0.8393 -0.4468
vn 0.6138 0.3218 -0.7209
vn -0.5998 0.7981 0.0574
vn -0.5837 0.7904 0.1857
vn 0.8711 0.1625 -0.4634
vn -0.6448 0.2794 0.7115
vn -0.4371 0.8895 0.1332
vn -0.7482 0.6471 0.1462
vn -0.4456 0.8922 0.0730
vn -0.7891 0.5797 0.2028
vn -0.5654 0.7830 0.2593
vn -0.5810 0.5488 -0.6011
vn -0.1713 0.9799 -0.1020
vn -0.9411 0.2361 0.2421
vn -0.6782 0.6159 0.4009
vn -0.7209 0.6631 0.2016
vn 0.1743 0.9816 0.0779
vn 0.7227 0.6680 -0.1777
vn -0.2326 -0.4775 -0.8473
vn -0.6875 0.1688 -0.7063
vn -0.2817 0.9082 0.3094
vn -0.7607 0.5197 0.3888
vn -0.3174 0.8201 0.4761
vn -0.3009 0.8269 0.4750
vn 0.2090 0.9274 0.3102
vn 0.1639 0.9475 0.2745
vn 0.4797 0.8721 0.0967
vn 0.4246 0.8804 0.2112
vn -0.5344 0.7721 0.3440
vn -0.2514 0.8950 0.3685
vn -0.0448 0.9727 -0.2276
vn -0.0835 0.3582 0.9299
vn 0.3359 0.9200 0.2021
vn 0.2956 0.9105 0.2893
vn -0.4970 0.8118 0.3067
vn 0.5288 0.8373 0.1387
vn 0.5668 0.8234 0.0275
vn -0.3622 0.8056 0.4689
vn 0.1176 0.9527 0.2802
vn 0.2972 0.8756 0.3808
vn -0.2622 0.8437 0.4685
vn -0.4465 0.8937 -0.0452
vn 0.3486 -0.4547 -0.8196
vn 0.1194 0.9113 0.3941
vn 0.3451 0.7700 0.5366
vn -0.1726 0.9841 0.0432
vn -0.6837 -0.0747 -0.7259
vn 0.2007 0.8971 -0.3937
vn -0.1351 0.1645 -0.9771
vn 0.3976 0.8979 -0.1890
vn 0.5928 0.8050 -0.0227
vn -0.1117 0.7673 -0.6315
vn 0.2773 0.9439 -0.1793
vn 0.2591 0.9412 -0.2170
vn -0.6226 0.7725 -0.1246
vn 0.0317 0.9414 0.3357
vn 0.0557 0.9061 0.4195
vn -0.3530 0.8947 -0.2738
vn -0.0491 0.8849 -0.4632
vn -0.0268 0.9053 0.4240
vn 0.8056 0.4405 -0.3963
vn -0.4992 0.7794 0.3787
vn 0.6903 -0.7039 0.1674
vn 0.0484 0.0746 0.9960
vn -0.1953 -0.2281 -0.9538
vn -0.2344 0.7127 -0.6612
vn -0.3557 0.7864 -0.5050
vn 0.0052 0.8526 -0.5225
vn 0.4047 0.8759 0.2626
vn 0.4359 0.8661 0.2448
vn -0.6000 0.7970 0.0695
vn -0.5405 0.6394 0.5468
vn -0.2550 0.7248 0.6400
vn -0.9638 0.2267 0.1403
vn -0.9619 -0.1999 -0.1863
vn 0.4025 0.8343 0.3768
vn 0.5268 0.6349 0.5651
vn 0.2248 0.9620 0.1553
vn -0.2745 0.8758 -0.3969
vn -0.2375 0.9021 -0.3604
vn -0.8244 0.1409 0.5482
vn -0.6982 0.3313 0.6346
vn 0.1614 0.9797 0.1192
vn -0.1205 -0.8245 -0.5529
vn 0.2305 0.9714 0.0575
vn -0.1608 -0.4415 0.8828
vn -0.2179 0.9281 -0.3020
vn -0.2111 0.9267 -0.3110
vn 0.6388 0.7687 0.0326
vn -0.5772 0.7878 0.2149
vn 0.8939 -0.4137 -0.1729
vn -0.8425 0.4820 0.2407
vn -0.0275 0.7699 0.6376
vn -0.4426 0.5063 0.7401
vn 0.2697 0.8230 0.4999
vn -0.0440 0.9842 0.1713
vn 0.3365 0.9330 -0.1280
vn -0.6890 0.6753 0.2630
vn -0.6822 0.6439 -0.3464
vn -0.3637 0.2925 0.8844
vn -0.4550 0.8721 0.1802
vn 0.5223 0.8528 0.0045
vn 0.6038 0.7968 -0.0211
vn -0.6342 0.7604 -0.1396
vn -0.1056 0.5834 0.8053
vn -0.3461 0.3868 0.8547
vn 0.1435 0.9880 0.0576
vn 0.1605 0.8732 0.4602
vn 0.8157 0.1034 -0.5691
vn 0.5558 0.1531 -0.8171
vn 0.2479 0.8864 -0.3910
vn 0.7947 0.4718 -0.3820
vn -0.5287 0.6014 -0.5991
vn -0.4664 0.8559 0.2233
vn 0.6260 0.7597 0.1761
vn 0.7102 0.7001 0.0741
vn 0.5266 0.8469 -0.0734
vn 0.4796 0.8702 -0.1127
vn -0.3627 -0.7329 0.5756
vn 0.0828 0.9521 -0.2944
vn -0.2598 0.9354 -0.2401
vn -0.2883 0.8411 -0.4576
vn -0.7587 0.6512 0.0163
vn -0.7083 0.6855 0.1685
vn -0.4499 0.8043 0.3883
vn -0.4377 0.7500 0.4959
vn -0.7031 0.4953 -0.5103
vn -0.4334 0.7082 -0.5573
vn 0.4994 0.6774 -0.5402
vn 0.7499 0.5824 -0.3138
vn 0.4755 0.8186 -0.3221
vn 0.3131 0.9398 -0.1368
vn 0.5434 0.8264 0.1476
vn 0.1945 0.9806 -0.0233
vn 0.0515 -0.6427 -0.7644
vn 0.3087 0.1527 0.9388
vn -0.9220 -0.2665 -0.2809
vn 0.2192 0.8821 0.4170
vn 0.8165 0.5235 0.2432
vn 0.3383 0.7667 -0.5456
vn 0.4824 -0.8578 -0.1773
vn -0.7455 0.6633 0.0654
vn 0.0159 0.4908 0.8712
vn 0.4349 0.7559 0.4893
vn -0.2875 0.3216 -0.9022
vn -0.3237 0.9271 0.1892
vn -0.7966 0.5168 0.3135
vn 0.0223 0.8089 0.5876
vn 0.0279 0.8182 0.5742
vn -0.6513 0.7195 -0.2411
vn 0.7098 -0.6969 -0.1028
vn 0.4793 0.8553 0.1970
vn 0.4307 0.8724 -0.2309
vn -0.1295 0.7626 -0.6338
vn -0.1460 0.7716 -0.6192
vn 0.8268 0.4388 -0.3520
vn 0.0838 0.7865 0.6119
vn 0.0524 0.7696 0.6364
vn -0.0088 0.8567 0.5158
vn 0.0819 0.8658 0.4937
vn -0.3516 0.9362 0.0020
vn -0.4615 0.8159 -0.3484
vn 0.2245 0.7577 -0.6127
vn 0.7797 0.5275 -0.3373
vn -0.6577 0.7031 0.2704
vn -0.7674 0.6024 -0.2194
vn 0.4541 0.8504 -0.2657
vn 0.3993 0.8537 -0.3342
vn -0.4874 0.2403 -0.8395
vn -0.6402 0.2192 -0.7363
vn 0.5199 0.5729 0.6336
vn 0.2730 0.9367 0.2191
vn 0.5949 0.7983 0.0939
vn 0.6440 0.7643 0.0323
vn 0.1446 0.9848 0.0966
vn 0.3178 0.9335 -0.1660
vn -0.4972 0.7579 0.4224
vn -0.6101 0.7111 0.3494
vn -0.9513 0.2145 0.2212
vn -0.9442 0.3255 0.0504
vn -0.3211 0.9421 -0.0970
vn -0.2304 -0.8922 -0.3885
vn -0.4419 0.1547 -0.8836
vn -0.5382 0.4092 -0.7368
vn -0.2607 0.8770 -0.4036
vn -0.2699 0.8817 -0.3871
vn 0.2242 0.9593 -0.1720
vn 0.3100 0.9503 -0.0299
vn -0.0415 0.9837 0.1751
vn 0.0299 0.9863 0.1622
vn -0.4198 0.8349 0.3559
vn -0.3953 0.8119 0.4295
vn 0.4772 0.6393 0.6029
vn -0.0035 0.5757 0.8176
vn -0.8445 -0.5136 0.1516
vn -0.3075 0.9316 -0.1938
vn -0.5303 0.8136 -0.2383
vn -0.0985 0.5366 0.8381
vn -0.0777 0.7224 0.6871
vn 0.2251 0.3844 0.8953
vn 0.1476 0.9670 0.2076
vn 0.1623 0.9224 0.3504
vn -0.0382 0.8658 0.4990
vn -0.6061 0.4891 -0.6272
vn -0.4467 0.5464 -0.7085
vn 0.4294 0.7793 0.4564
vn 0.4753 0.7529 0.4552
vn 0.3335 0.8389 0.4301
vn -0.0775 0.9935 -0.0835
vn 0.3034 0.8989 -0.3161
vn -0.2526 0.8161 0.5198
vn -0.5122 0.6584 -0.5515
vn 0.2511 -0.0146 -0.9678
vn -0.9706 0.2189 -0.0995
vn 0.9589 -0.2829 0.0231
vn -0.1606 0.7747 -0.6116
vn 0.2287 0.9283 -0.2934
vn 0.0051 0.9402 -0.3404
vn 0.0231 0.9687 -0.2473
vn -0.0447 0.9726 -0.2282
vn -0.2766 0.9552 -0.1053
vn -0.3116 -0.9423 0.1223
vn -0.6345 0.5224 0.5697
vn -0.2700 0.6007 0.7525
vn -0.5516 0.6205 0.5574
vn -0.8711 0.2044 0.4465
vn -0.7773 0.6162 -0.1270
vn -0.9921 0.0772 -0.0990
vn -0.1813 0.9751 -0.1277
vn -0.1736 0.9798 -0.0988
vn 0.4074 0.8385 0.3620
vn -0.5185 0.7986 -0.3055
vn -0.7833 -0.5493 -0.2912
vn -0.1923 0.9183 0.3461
vn -0.7473 0.5567 0.3628
vn 0.6518 0.7577 0.0318
vn 0.5501 0.7574 -0.3518
vn 0.5302 0.7494 0.3966
vn 0.3578 0.6393 -0.6806
vn -0.1181 0.7097 -0.6945
vn 0.5959 0.7989 -0.0815
vn -0.0388 0.7583 0.6507
vn -0.9332 0.3495 0.0829
vn 0.2306 0.9660 0.1169
vn 0.2007 0.8925 0.4039
vn 0.0105 0.8920 0.4520
vn -0.0214 0.8847 0.4658
vn 0.0974 0.8776 0.4695
vn -0.3573 0.8062 0.4716
vn 0.3738 0.9121 -0.1686
vn 0.6717 0.7361 -0.0832
vn -0.5330 0.5657 -0.6292
vn 0.2629 0.9208 0.2882
vn -0.5539 0.6524 -0.5173
vn -0.6678 -0.5297 -0.5230
vn -0.1653 -0.2031 0.9651
vn -0.6330 0.5980 -0.4916
vn -0.6131 0.5436 -0.5732
vn -0.1864 0.7738 -0.6054
vn 0.3764 0.7326 0.5671
vn -0.7288 0.6468 0.2247
vn -0.4762 0.8793 0.0046
vn 0.2294 0.9331 0.2769
vn 0.5001 0.8517 -0.1564
vn -0.4087 0.8803 0.2407
vn -0.2237 0.9274 -0.2997
vn -0.4511 0.4091 -0.7932
vn -0.3750 0.5164 -0.7699
vn -0.5420 0.5972 0.5913
vn -0.8181 -0.2025 0.5383
vn 0.6568 -0.7366 0.1613
vn -0.7315 0.6677 -0.1381
vn -0.3656 0.8534 -0.3717
vn 0.1354 -0.7396 0.6593
vn 0.9195 0.1345 -0.3694
vn 0.5617 0.2325 0.7940
vn -0.7101 0.6615 -0.2412
vn -0.2032 0.7144 -0.6696
vn 0.4271 0.8119 -0.3980
vn -0.1419 0.4378 -0.8878
vn -0.0334 0.1165 0.9926
vn 0.0588 0.8999 -0.4321
vn 0.0370 -0.7950 0.6054
vn -0.7317 0.6490 -0.2082
vn -0.8018 0.5904 0.0925
vn 0.2885 0.6917 0.6620
vn -0.9461 0.3100 -0.0934
vn -0.2533 0.6839 0.6841
vn -0.1499 0.3633 -0.9195
vn 0.3794 0.9220 -0.0776
vn -0.4418 0.1290 0.8878
vn 0.6202 0.4541 0.6396
vn -0.0616 -0.4865 -0.8715
vn 0.5359 -0.0567 -0.8424
vn 0.6360 0.7439 0.2050
vn 0.7407 0.6664 0.0850
vn 0.2512 0.6933 0.6755
vn -0.0280 0.6124 0.7900
vn -0.1988 0.9748 -0.1013
vn -0.1661 0.2596 -0.9513
vn 0.1460 0.8901 0.4316
vn 0.0031 0.9879 0.1551
vn -0.0570 0.7932 -0.6062
vn 0.5518 0.8272 -0.1061
vn -0.5179 0.8458 -0.1278
vn -0.8627 0.4978 0.0886
vn 0.1285 0.9832 0.1297
vn 0.9222 0.3793 -0.0754
vn 0.7858 0.5778 -0.2207
vn 0.3165 0.6167 -0.7207
vn 0.6814 0.7298 -0.0561
vn 0.5957 0.8003 -0.0685
vn 0.9873 0.0878 -0.1327
vn 0.3252 0.8352 0.4435
vn 0.0256 0.6343 -0.7727
vn 0.1634 0.9753 0.1485
vn -0.7211 0.5291 0.4472
vn 0.0222 0.9927 -0.1189
vn 0.1910 0.5669 -0.8013
vn -0.6058 0.6417 -0.4703
vn -0.6474 0.7488 -0.1420
vn -0.1607 -0.5429 -0.8243
vn -0.7347 -0.3525 -0.5797
vn -0.1417 0.8696 -0.4730
vn -0.5953 0.6762 0.4341
vn -0.3343 0.8775 0.3439
vn -0.1386 -0.3203 0.9371
vn 0.3195 0.8890 -0.3280
vn -0.1841 0.7186 -0.6706
vn -0.1211 0.7312 -0.6713
vn 0.3212 0.8149 0.4824
vn 0.6165 0.4680 0.6331
vn -0.7884 0.5029 0.3543
vn 0.5981 -0.7260 -0.3393
vn -0.3566 0.8090 0.4672
vn -0.3474 0.8609 0.3717
vn -0.9440 -0.2579 -0.2058
vn 0.9440 0.2579 0.2058
vn 0.1675 -0.3175 -0.9333
vn 0.0746 -0.5613 -0.8242
vn 0.5715 0.7443 0.3454
vn 0.0574 0.9979 0.0291
vn -0.0040 0.6402 0.7682
vn 0.4760 0.8736 0.1015
vn 0.4849 0.8726 0.0581
vn 0.5176 0.4282 0.7407
vn -0.7288 -0.0523 -0.6827
vn -0.5756 0.7626 0.2952
vn -0.6202 0.5673 0.5418
vn -0.4130 0.7388 0.5326
vn -0.2177 0.9258 -0.3091
vn -0.2164 0.9191 -0.3293
vn 0.0632 0.4753 -0.8776
vn -0.1236 0.6802 -0.7226
vn -0.2064 0.9266 0.3144
vn -0.7800 0.4787 0.4029
vn -0.5331 0.8331 -0.1478
vn 0.1497 0.8055 0.5734
vn 0.3325 0.8883 0.3167
vn -0.9669 -0.1204 0.2252
vn 0.5247 0.8492 0.0593
vn 0.7137 0.7004 0.0097
vn -0.6196 0.6566 0.4300
vn -0.8390 -0.0263 0.5435
vn 0.1855 0.8423 -0.5061
vn 0.9608 0.1727 0.2171
vn 0.4246 -0.6749 0.6035
vn -0.0526 0.7500 0.6594
vn 0.0315 0.8065 0.5903
vn 0.0114 0.7990 0.6012
vn 0.4377 0.8569 -0.2722
vn 0.7036 0.4462 -0.5531
vn -0.0288 0.6318 -0.7746
vn 0.0102 0.8375 -0.5464
vn -0.3335 0.8936 0.3004
vn -0.1108 0.4858 -0.8670
vn 0.2693 0.4065 -0.8731
vn 0.1252 0.9428 -0.3090
vn -0.7038 0.5969 -0.3852
vn -0.4732 0.7774 0.4144
vn 0.2321 0.9424 0.2407
vn 0.0039 0.8125 0.5829
vn -0.4404 0.7528 0.4892
vn -0.2468 0.7660 0.5936
vn -0.4694 0.8178 -0.3330
vn 0.3144 0.3764 -0.8715
vn 0.7364 0.6594 0.1511
vn 0.7580 0.6099 -0.2312
vn 0.4149 0.7681 -0.4877
vn 0.1419 0.9865 0.0813
vn -0.8441 -0.1589 0.5121
vn -0.6010 0.7954 0.0784
vn -0.4303 -0.1859 -0.8833
vn 0.0623 0.6154 0.7857
vn -0.6401 0.5130 0.5720
vn -0.1833 0.7809 0.5972
vn 0.2040 0.8630 0.4621
vn -0.1478 0.7824 0.6050
vn 0.0942 0.6390 0.7634
vn 0.1399 0.9486 0.2838
vn 0.4255 0.7877 0.4456
vn 0.1647 0.9447 0.2836
vn 0.3840 0.8483 -0.3646
vn 0.5279 0.7515 0.3957
vn -0.3156 -0.1900 -0.9297
vn 0.0053 0.7422 -0.6702
vn -0.6866 0.6271 0.3679
vn -0.4944 0.6314 0.5974
vn -0.7049 0.2852 0.6494
vn 0.3477 0.9375 -0.0136
vn 0.3927 0.8827 0.2581
vn 0.1028 0.8786 0.4665
vn -0.1984 0.6888 0.6973
vn -0.3949 0.4282 -0.8129
vn -0.5334 0.5104 -0.6745
vn 0.8560 0.5128 0.0649
vn -0.2467 -0.9360 -0.2512
vn 0.3131 0.8834 0.3488
vn 0.0969 0.9388 0.3305
vn -0.1284 0.9890 -0.0737
vn -0.1999 0.9779 -0.0616
vn 0.9267 0.3584 -0.1129
vn -0.4022 -0.1531 -0.9027
vn -0.2443 0.8511 0.4648
vn 0.0921 0.9500 -0.2982
vn -0.4027 0.4327 -0.8066
vn -0.5595 0.7815 0.2762
vn -0.2078 0.8341 0.5110
vn -0.2543 0.8134 0.5232
vn -0.0921 0.9444 0.3156
vn -0.1368 0.9854 0.1014
vn -0.2483 0.8979 -0.3634
vn -0.2462 0.8973 -0.3663
vn 0.1590 0.9766 0.1451
vn 0.5378 0.8030 0.2568
vn -0.0597 0.7758 0.6282
vn 0.1131 0.9921 0.0549
vn -0.7767 0.6245 0.0824
vn -0.5295 0.7932 0.3007
vn -0.3966 0.6623 0.6356
vn -0.6454 0.7416 0.1828
vn -0.6470 0.5922 -0.4802
vn 0.6365 0.7708 0.0277
vn -0.5924 0.6058 -0.5311
vn 0.3378 0.9391 0.0635
vn -0.7014 0.6579 0.2740
vn -0.5818 0.7800 0.2306
vn -0.9803 0.1971 -0.0087
vn 0.5274 0.7456 -0.4074
vn -0.2731 0.5209 -0.8087
vn -0.2477 0.5278 -0.8125
vn -0.6013 0.7002 -0.3849
vn 0.1879 0.7607 0.6213
vn -0.1518 0.8395 0.5217
vn 0.6534 0.7027 -0.2817
vn 0.2613 0.8724 -0.4132
vn -0.2652 0.8623 -0.4315
vn 0.5445 0.8180 -0.1852
vn 0.6603 0.5330 -0.5291
vn 0.6414 0.7617 -0.0913
vn 0.6045 0.7928 -0.0780
vn 0.7604 0.4110 0.5029
vn 0.2309 0.9717 0.0506
vn -0.2380 -0.5173 -0.8220
vn 0.2206 -0.4141 0.8831
vn -0.3498 0.9101 0.2221
vn -0.0691 0.5604 -0.8253
vn -0.1410 0.7537 0.6420
vn -0.2198 0.7860 0.5778
vn -0.7227 0.6829 -0.1067
vn -0.5589 0.8288 0.0268
vn 0.0596 0.9669 0.2482
vn -0.0091 0.9114 0.4114
vn 0.1940 0.9695 0.1496
vn 0.5231 0.8399 -0.1449
vn -0.4678 -0.8526 -0.2328
vn 0.3699 0.8710 -0.3234
vn -0.0165 0.9826 0.1850
vn 0.0198 0.9132 0.4070
vn -0.5558 0.3560 -0.7512
vn -0.9167 0.3830 -0.1140
vn 0.2356 0.6598 -0.7135
vn 0.5468 0.0149 -0.8371
vn -0.4831 -0.1125 -0.8683
vn 0.8653 -0.3606 -0.3481
vn 0.7168 -0.2234 -0.6605
vn 0.5012 0.7860 -0.3619
vn 0.4586 0.8275 -0.3239
vn -0.2989 0.9458 -0.1270
vn 0.1085 -0.9423 -0.3166
vn -0.2736 -0.5148 0.8125
vn -0.7994 0.3247 0.5054
vn -0.0597 0.9267 -0.3710
vn -0.1212 0.9855 -0.1185
vn 0.2550 0.9595 0.1195
vn -0.1121 -0.6384 -0.7615
vn -0.9839 0.1275 0.1251
vn -0.0563 0.8711 -0.4879
vn 0.4754 0.8792 -0.0328
vn 0.5912 0.8005 -0.0989
vn -0.6732 0.7323 0.1026
vn -0.9010 0.0774 0.4269
vn -0.9702 0.2399 0.0345
vn 0.8156 0.1554 -0.5574
vn 0.2823 0.6896 -0.6669
vn -0.4869 0.8467 0.2144
vn -0.4725 0.7226 -0.5045
vn 0.4298 0.8034 -0.4121
vn -0.2896 0.9486 -0.1274
vn -0.4829 0.7141 0.5069
vn -0.2073 0.6172 -0.7590
vn -0.5677 0.4703 -0.6757
vn -0.3141 0.1403 0.9390
vn -0.0611 0.9313 0.3592
vn 0.2986 0.7531 0.5862
vn -0.1291 0.6968 0.7056
vn 0.6551 0.7289 0.1987
vn 0.7913 0.3848 -0.4752
vn 0.0444 0.9951 -0.0880
vn 0.6593 -0.3298 -0.6757
vn -0.8013 0.3844 0.4583
vn -0.6893 0.3419 0.6388
vn -0.6062 0.6766 -0.4179
vn 0.2856 0.9437 0.1671
vn 0.2292 0.8868 -0.4013
vn -0.2321 0.5194 -0.8224
vn 0.1725 0.9831 0.0616
vn -0.5248 0.7014 -0.4824
vn 0.2266 0.8597 0.4577
vn 0.1504 0.9042 0.3999
vn 0.1576 -0.1781 -0.9713
vn -0.6242 0.6050 0.4944
vn -0.8306 0.2339 0.5054
vn 0.1070 0.3691 0.9232
vn -0.1070 -0.3691 -0.9232
vn -0.8076 0.5117 0.2932
vn -0.5099 0.8448 -0.1624
vn -0.4504 -0.2813 0.8473
vn 0.7745 0.3667 0.5154
vn 0.2287 0.3773 0.8974
vn 0.0531 0.9609 0.2717
vn 0.2320 0.9235 0.3053
vn 0.4970 0.8617 0.1020
vn 0.5043 0.8612 0.0641
vn -0.4277 0.2606 -0.8656
vn -0.1128 -0.0365 -0.9930
vn -0.9185 0.1672 -0.3583
vn 0.9640 -0.2583 -0.0635
vn 0.1237 -0.0425 -0.9914
vn 0.4535 -0.8072 -0.3779
vn -0.0379 0.6379 -0.7692
vn 0.4371 0.6723 0.5975
vn 0.3542 0.9249 -0.1382
vn -0.5432 0.8328 0.1066
vn -0.2499 0.1008 -0.9630
vn 0.3377 0.8958 -0.2889
vn 0.8403 0.3616 -0.4039
vn -0.1880 0.3802 -0.9056
vn -0.3539 0.8189 0.4518
vn -0.2879 0.8820 0.3732
vn 0.2788 0.8418 0.4623
vn 0.2666 0.6980 0.6647
vn 0.0023 0.6710 0.7415
vn 0.0309 0.5122 -0.8583
vn 0.0488 0.8007 0.5971
vn 0.3658 0.8056 -0.4661
vn 0.0730 0.2590 -0.9631
vn -0.0185 0.9932 -0.1149
vn -0.2419 0.2316 -0.9423
vn -0.6370 0.7573 -0.1444
vn -0.1651 0.8812 0.4430
vn 0.1120 0.9098 0.3998
vn 0.2854 0.5388 0.7926
vn 0.6416 0.7366 0.2138
vn 0.7547 0.6451 0.1192
vn 0.0252 0.6351 -0.7720
vn -0.5949 0.6659 -0.4502
vn 0.3413 0.9399 -0.0105
vn 0.2673 0.9549 0.1294
vn -0.0017 0.3142 -0.9494
vn -0.3727 0.7552 -0.5392
vn -0.0416 0.9113 -0.4095
vn -0.2080 0.9724 -0.1059
vn -0.5924 0.6753 -0.4394
vn -0.3893 0.8836 0.2602
vn -0.4671 0.8629 0.1928
vn -0.5691 0.7841 0.2475
vn -0.6335 0.7609 -0.1402
vn -0.0427 0.5707 0.8201
vn -0.6101 0.6765 0.4126
vn -0.9168 0.2618 0.3016
vn 0.2422 0.7174 0.6532
vn -0.4963 0.3279 -0.8038
vn -0.5305 0.3330 -0.7795
vn -0.2751 0.9261 -0.2583
vn -0.1100 0.9886 -0.1031
vn -0.5404 0.5305 0.6531
vn -0.7293 0.4658 0.5011
vn -0.3540 0.7990 -0.4860
vn 0.0104 0.8575 -0.5144
vn -0.4343 0.8685 -0.2390
vn 0.1880 0.7607 0.6214
vn -0.7719 0.6246 0.1184
vn 0.6246 0.5740 -0.5295
vn 0.0073 0.9961 -0.0884
vn 0.0529 0.6115 -0.7895
vn -0.0762 0.9971 0.0016
vn -0.2390 0.9708 0.0192
vn -0.4667 0.1722 -0.8675
vn -0.4905 0.7388 -0.4622
vn -0.4171 0.5744 -0.7044
vn -0.2560 0.9216 0.2918
vn -0.5494 0.7713 0.3214
vn 0.1003 0.9948 0.0154
vn 0.9283 0.3214 -0.1872
vn -0.3148 0.9491 0.0087
vn -0.5304 0.6046 -0.5943
vn -0.2839 0.8189 -0.4988
vn -0.2557 0.8464 0.4672
vn -0.1701 -0.6413 0.7482
vn 0.2435 0.4437 -0.8624
vn 0.8493 0.3445 -0.3999
vn -0.7878 0.3016 0.5370
vn 0.4305 0.8352 -0.3422
vn 0.6546 0.7303 -0.1953
vn -0.3970 0.8031 -0.4443
vn 0.0667 0.9245 -0.3752
vn -0.5356 0.8444 -0.0107
vn 0.4685 0.8495 0.2424
vn 0.2236 0.9185 -0.3261
vn -0.4607 0.8022 0.3796
vn -0.2919 0.8345 0.4673
vn 0.1740 -0.0330 0.9842
vn -0.1740 0.0330 -0.9842
vn 0.4545 0.8668 0.2053
vn 0.4823 0.8713 0.0906
vn 0.5138 0.7968 -0.3180
vn -0.2609 0.8671 -0.4244
vn -0.3066 0.8644 -0.3986
vn -0.2553 0.8088 -0.5298
vn 0.0716 0.7781 -0.6240
vn -0.5598 0.4648 0.6860
vn -0.5899 0.6695 0.4514
vn 0.1179 0.8859 0.4487
vn 0.6079 0.7779 -0.1592
vn 0.3245 0.8871 -0.3282
vn 0.4131 0.8880 -0.2021
vn 0.3472 0.8815 -0.3201
vn 0.4295 0.8942 -0.1263
vn 0.4516 0.8450 -0.2866
vn -0.8942 0.4365 -0.0998
vn -0.0650 0.3277 -0.9425
vn -0.6934 0.5939 -0.4081
vn 0.4312 0.8313 -0.3507
vn -0.3097 0.9419 -0.1301
vn -0.4898 0.7954 -0.3570
vn -0.4391 0.8970 -0.0508
vn -0.2601 0.8234 0.5043
vn 0.3680 0.8850 0.2852
vn 0.4096 0.8675 0.2821
vn 0.4329 0.8073 -0.4012
vn 0.5210 0.7820 -0.3420
vn -0.4108 0.8945 0.1761
vn -0.6772 0.6758 0.2912
vn 0.0697 0.9970 -0.0327
vn 0.9234 0.3366 -0.1843
vn 0.5566 0.8308 -0.0021
vn 0.5200 0.8540 -0.0177
vn 0.4391 0.8984 0.0030
vn 0.5668 0.7453 0.3511
vn 0.1112 0.7841 -0.6106
vn -0.3944 0.9188 -0.0175
vn -0.2114 0.8610 -0.4626
vn 0.7933 0.3343 -0.5089
vn 0.2218 0.2276 -0.9482
vn -0.5304 0.5211 0.6687
vn -0.2069 0.9240 0.3215
vn -0.6676 0.5740 -0.4741
vn -0.4551 0.6749 -0.5808
vn -0.7180 0.6960 0.0106
vn -0.4496 0.3892 -0.8040
vn -0.3529 0.8263 -0.4390
vn -0.2351 0.8368 -0.4945
vn 0.4448 0.8112 -0.3796
vn 0.4267 0.8440 0.3248
vn 0.0353 0.5567 -0.8300
vn -0.3838 0.7950 -0.4698
vn -0.2946 0.5699 -0.7671
vn 0.0196 0.5861 -0.8100
vn 0.7937 0.4820 -0.3711
vn -0.9172 0.3379 -0.2113
vn 0.1560 0.9787 0.1334
vn -0.3697 0.8239 0.4296
vn -0.0765 0.9767 -0.2003
vn -0.2192 0.6802 -0.6995
vn -0.4354 0.6408 -0.6323
vn -0.3205 0.7256 -0.6089
vn -0.5787 0.3516 0.7359
vn 0.5082 -0.6350 -0.5819
vn 0.8613 0.0101 -0.5079
vn 0.5801 0.0596 -0.8124
vn -0.1434 0.6421 -0.7531
vn 0.0462 0.7402 0.6708
vn -0.0595 0.6585 0.7502
vn -0.3685 0.4037 -0.8374
vn 0.0331 0.8723 -0.4878
vn 0.3612 0.8578 0.3656
vn -0.6203 0.6636 0.4182
vn 0.5291 0.5810 0.6185
vn 0.5587 0.6640 0.4970
vn 0.3987 0.9113 0.1030
vn 0.2600 0.4602 -0.8489
vn 0.8132 0.4675 0.3465
vn 0.4986 0.1159 -0.8591
vn 0.1566 0.7696 0.6190
vn 0.7468 0.2141 -0.6297
vn -0.3720 -0.2207 0.9016
vn -0.5535 -0.0589 -0.8308
vn -0.1058 0.4696 -0.8765
vn 0.9028 -0.1868 -0.3873
vn 0.8630 -0.1515 -0.4819
vn 0.0738 0.8395 -0.5383
vn -0.1412 0.0438 -0.9890
vn -0.7233 0.3149 -0.6145
vn -0.4689 0.7112 -0.5239
vn -0.8447 0.3637 0.3926
vn -0.8413 0.5378 0.0549
vn 0.2686 0.9474 0.1742
vn -0.6532 0.6704 0.3519
vn -0.8074 0.2598 -0.5297
vn 0.3929 0.2879 -0.8734
vn -0.6091 0.6295 -0.4823
vn -0.3823 0.5234 -0.7615
vn 0.0381 0.9670 0.2517
vn -0.7326 0.6806 -0.0112
vn 0.1674 0.6523 -0.7392
vn 0.7168 0.4689 -0.5160
vn -0.1749 0.8030 0.5698
vn -0.1072 0.9672 0.2301
vn -0.0484 0.8376 0.5442
vn -0.5757 0.6679 -0.4716
vn -0.4191 0.5066 -0.7535
vn -0.5688 0.8022 -0.1814
vn -0.3205 0.8530 -0.4119
vn -0.2441 0.6320 -0.7355
vn -0.4488 0.7741 -0.4464
vn -0.3478 0.5843 -0.7333
vn -0.1073 0.9734 0.2024
vn -0.0116 0.9340 0.3571
vn 0.2763 0.9510 0.1389
vn 0.1218 0.9816 -0.1472
vn -0.9753 -0.2206 0.0126
vn 0.6961 0.7168 0.0404
vn 0.0390 0.9474 -0.3177
vn 0.0359 0.8581 -0.5122
vn -0.8280 0.4458 0.3402
vn -0.5935 0.7596 0.2660
vn -0.2123 0.0955 -0.9725
vn -0.2021 0.0821 -0.9759
vn -0.2145 0.5817 -0.7846
vn 0.1724 0.9795 0.1041
vn 0.5113 0.8557 -0.0800
vn 0.5136 0.8525 -0.0968
vn -0.3530 0.7819 -0.5139
vn 0.6301 0.5321 -0.5656
vn 0.9347 -0.2045 -0.2907
vn 0.0205 -0.9852 -0.1701
vn -0.0357 0.7213 0.6917
vn -0.0810 0.8983 -0.4318
vn -0.0970 0.5607 -0.8223
vn 0.0537 0.9287 -0.3669
vn -0.2608 0.6645 -0.7003
vn 0.5994 0.7401 -0.3049
vn -0.4371 0.7404 -0.5107
vn -0.4425 0.5923 -0.6734
vn -0.7185 0.0031 -0.6955
vn -0.7591 0.5973 -0.2587
vn -0.4768 0.7465 -0.4641
vn -0.3859 0.6550 -0.6497
vn -0.7349 0.3007 -0.6079
vn -0.4931 0.5147 -0.7014
vn 0.1224 0.7789 0.6151
vn -0.4783 0.6851 -0.5494
vn 0.1534 0.9878 0.0258
vn 0.3856 0.9119 -0.1405
vn -0.8243 0.2232 -0.5202
vn -0.6249 -0.2373 -0.7438
vn -0.6506 0.3399 -0.6791
vn 0.7649 -0.5223 0.3770
vn 0.0728 -0.3322 -0.9404
vn 0.8618 0.4933 -0.1185
vn -0.9529 0.1264 0.2756
vn -0.0622 0.9974 -0.0370
vn 0.1288 0.9876 0.0900
vn 0.1973 0.9174 0.3458
vn -0.4781 0.7698 -0.4229
vn 0.4349 0.8363 -0.3339
vn 0.3807 0.8722 -0.3072
vn -0.3213 0.2355 -0.9172
vn 0.2454 0.9641 0.1015
vn -0.3923 0.7998 0.4543
vn -0.4965 0.8149 0.2991
vn 0.0117 -0.4306 0.9025
vn -0.5612 0.5973 -0.5730
vn -0.3782 0.5288 -0.7598
vn -0.4566 0.2312 -0.8591
vn -0.5742 0.3499 -0.7402
vn 0.3176 0.9152 0.2482
vn 0.3449 0.7773 0.5263
vn 0.3819 0.3571 0.8524
vn 0.1955 0.9548 0.2238
vn 0.4397 0.8955 -0.0691
vn 0.5809 0.7965 -0.1677
vn -0.7990 0.5990 -0.0537
vn -0.2885 0.7774 -0.5590
vn -0.2226 0.8830 -0.4132
vn 0.9915 0.0490 -0.1201
vn -0.4526 0.6945 0.5593
vn -0.5566 0.6438 0.5250
vn -0.2931 0.1269 -0.9476
vn -0.2068 0.0256 -0.9780
vn -0.4465 0.7722 -0.4521
vn -0.1923 0.9363 0.2940
vn -0.2913 0.7097 0.6415
vn -0.0946 0.9919 -0.0850
vn 0.1063 0.6128 0.7830
vn -0.1391 0.9469 -0.2898
vn -0.2445 0.9635 0.1095
vn -0.3396 0.4476 -0.8272
vn -0.4973 0.5164 -0.6972
vn -0.4265 0.4046 -0.8089
vn -0.5390 0.5009 -0.6772
vn -0.0840 0.2449 -0.9659
vn -0.2919 0.3334 -0.8965
vn -0.4121 0.4033 -0.8170
vn -0.5360 0.4830 -0.6924
vn -0.4810 0.3318 -0.8115
vn -0.5946 0.1651 -0.7869
vn -0.3735 0.8600 0.3477
vn -0.3905 0.8397 0.3774
vn -0.2568 0.6363 -0.7275
vn 0.0500 0.4320 -0.9005
vn -0.3545 0.4647 0.8114
vn 0.2294 0.7844 0.5763
vn 0.0992 0.9016 0.4210
vn -0.7888 0.4541 0.4143
vn 0.6014 0.5603 -0.5695
vn 0.4430 0.6523 -0.6150
vn 0.5490 0.7424 -0.3839
vn 0.6380 0.7687 0.0452
vn 0.3030 0.8866 -0.3494
vn -0.0452 0.6388 -0.7680
vn -0.4441 0.3717 -0.8153
vn -0.8702 0.0946 0.4835
vn 0.4582 0.2954 -0.8384
vn 0.0606 0.5470 -0.8349
vn 0.0764 0.9242 0.3743
vn 0.3231 0.7010 -0.6358
vn -0.2048 0.9478 -0.2446
vn -0.3365 0.7618 -0.5535
vn -0.4081 0.9067 -0.1071
vn -0.6324 0.5318 -0.5632
vn -0.3129 0.9125 0.2635
vn -0.7490 0.4755 0.4615
vn 0.3436 0.9328 0.1084
vn 0.2900 0.9569 -0.0129
vn -0.1449 0.5320 -0.8343
vn -0.1634 0.9418 -0.2938
vn 0.2462 0.9178 -0.3115
vn -0.1296 -0.7052 -0.6970
vn -0.1045 0.5221 -0.8465
vn -0.2115 0.5896 -0.7795
vn 0.1171 0.7558 0.6442
vn 0.0355 0.7246 0.6883
vn -0.4579 0.8534 -0.2490
vn -0.4422 0.8944 0.0664
vn -0.7543 0.6094 0.2442
vn -0.7265 0.6742 -0.1329
vn 0.5251 0.7867 -0.3247
vn -0.6325 0.5179 -0.5759
vn -0.4532 0.5557 -0.6970
vn 0.3053 0.4374 -0.8459
vn -0.1661 0.5236 -0.8356
vn -0.6427 0.7514 -0.1492
vn 0.7311 -0.6819 -0.0219
vn -0.7113 0.6978 0.0847
vn -0.6798 0.6865 0.2580
vn -0.1549 -0.8236 -0.5456
vn 0.3024 0.7961 -0.5242
vn 0.7606 0.6260 0.1719
vn -0.3861 0.8823 0.2693
vn -0.7391 0.5996 0.3069
vn 0.0724 0.9973 0.0081
vn 0.5572 0.3669 -0.7449
vn 0.8255 0.3673 0.4286
vn 0.7715 0.4231 0.4752
vn -0.5912 0.8062 0.0199
vn -0.4598 0.8412 -0.2845
vn -0.3057 0.9154 -0.2618
vn 0.1453 -0.7992 0.5833
vn 0.2350 0.6930 0.6815
vn -0.0067 0.6022 0.7983
vn 0.2135 0.7746 0.5953
vn -0.0449 0.1315 -0.9903
vn 0.0869 0.2435 -0.9660
vn -0.4754 0.7619 -0.4398
vn -0.5075 0.7783 -0.3698
vn 0.1365 0.4606 0.8770
vn -0.1577 0.9866 0.0428
vn -0.9112 0.1479 0.3844
vn 0.1030 0.9946 -0.0140
vn -0.9088 -0.4011 0.1148
vn -0.5138 0.8426 0.1611
vn 0.6214 0.4483 0.6426
vn -0.4820 0.1355 -0.8656
vn -0.1227 0.2701 -0.9550
vn 0.3024 0.9397 -0.1599
vn 0.2506 0.9446 -0.2119
vn 0.2767 0.8753 0.3966
vn -0.0243 0.9787 0.2041
vn -0.2012 0.7615 -0.6162
vn -0.1526 0.5828 -0.7982
vn -0.0817 0.6755 -0.7328
vn 0.8715 0.0747 -0.4846
vn 0.5545 0.6886 -0.4673
vn 0.3844 0.9223 0.0395
vn -0.3948 0.9160 -0.0714
vn -0.5983 0.6547 0.4620
vn 0.5868 0.8073 -0.0632
vn 0.3876 0.8551 -0.3442
vn 0.4700 0.7303 0.4957
vn -0.7720 0.2803 -0.5704
vn -0.1525 0.5651 -0.8108
vn -0.2120 0.9241 -0.3180
vn 0.4284 0.7930 0.4332
vn -0.9753 0.1920 -0.1089
vn -0.5131 -0.3611 0.7787
vn -0.7967 -0.0760 0.5996
vn 0.8375 -0.2269 -0.4971
vn -0.9404 0.1486 0.3057
vn 0.4285 0.8147 -0.3908
vn 0.4522 0.8033 -0.3875
vn -0.6554 0.5270 -0.5410
vn 0.0320 0.9537 -0.2992
vn 0.5779 -0.5272 0.6230
vn 0.0328 0.9530 -0.3011
vn -0.2104 0.9342 -0.2882
vn -0.2000 0.9353 -0.2920
vn -0.2406 0.9105 -0.3363
vn -0.2505 0.8767 -0.4107
vn 0.6366 0.7705 0.0334
vn -0.5946 0.7457 0.3005
vn -0.8691 0.1411 0.4742
vn -0.8646 0.3826 0.3258
vn -0.2103 -0.7805 -0.5887
vn 0.1636 0.9032 -0.3969
vn 0.1263 -0.1028 -0.9866
vn 0.7666 0.0750 -0.6377
vn -0.9138 0.1249 0.3864
vn 0.6618 -0.3499 -0.6630
vn -0.7770 0.5312 -0.3378
vn 0.7542 -0.3896 -0.5286
vn -0.7968 0.4569 0.3954
vn -0.4287 0.3405 -0.8368
vn -0.5275 0.5070 -0.6817
vn 0.2894 0.5933 0.7512
vn 0.2724 0.8912 0.3627
vn -0.1735 0.9526 -0.2498
vn -0.1947 0.9530 -0.2322
vn 0.5414 0.6656 -0.5137
vn 0.3639 0.5065 -0.7817
vn -0.0240 0.5610 0.8274
vn 0.1712 0.3576 0.9181
vn -0.4210 0.8756 0.2368
vn -0.3084 0.8716 0.3811
vn 0.7290 0.5933 -0.3412
vn 0.1911 0.9741 0.1211
vn -0.6176 0.7738 -0.1410
vn -0.0086 -0.0461 -0.9989
vn -0.2493 0.9476 -0.1998
vn -0.0963 0.9671 -0.2354
vn -0.8171 -0.3807 0.4330
vn -0.3452 0.8363 0.4260
vn 0.2433 0.4447 0.8620
vn -0.2470 0.3217 -0.9140
vn 0.0667 0.6550 0.7526
vn 0.7418 -0.3403 -0.5779
vn -0.8410 0.4242 0.3359
vn 0.5944 -0.6004 -0.5350
vn -0.6353 0.7051 -0.3151
vn -0.4180 0.8538 0.3104
vn 0.6243 0.7706 0.1284
vn 0.4162 0.3381 -0.8441
vn -0.1583 0.8085 0.5668
vn 0.1732 0.8652 0.4706
vn -0.2985 0.8284 0.4740
vn -0.8748 0.4201 -0.2414
vn 0.5871 0.7881 -0.1847
vn -0.7187 0.6358 0.2815
vn -0.6806 0.7164 -0.1534
vn -0.0723 0.6427 -0.7627
vn -0.4331 0.4674 0.7707
vn -0.0570 0.9656 0.2538
vn -0.0084 0.7912 0.6116
vn -0.3510 0.9034 0.2465
vn -0.1672 0.5413 -0.8241
vn -0.3015 0.9161 -0.2641
vn -0.2661 0.8883 -0.3743
vn -0.2508 0.9516 -0.1778
vn 0.7051 -0.6900 0.1636
vn -0.7302 0.6642 -0.1602
vn 0.5902 0.8018 -0.0936
vn 0.6246 0.7789 -0.0561
vn -0.2212 0.9300 0.2936
vn -0.7576 0.5674 0.3227
vn 0.1647 0.4622 -0.8714
vn -0.4155 0.2896 -0.8623
vn -0.1490 0.7679 -0.6230
vn 0.0851 0.9537 0.2886
vn -0.0614 0.9399 0.3360
vn 0.2069 0.9682 0.1410
vn 0.1562 0.9774 0.1425
vn -0.2485 0.8012 0.5443
vn 0.6257 0.7489 0.2183
vn 0.0165 -0.0065 -0.9998
vn 0.4832 0.7944 0.3680
vn 0.1614 0.9762 -0.1447
vn 0.1894 0.9710 -0.1459
vn -0.6276 0.7283 -0.2753
vn 0.5152 0.8448 0.1442
vn 0.5007 0.8638 0.0562
vn 0.4740 0.8573 0.2010
vn 0.5728 0.7946 0.2013
vn -0.8109 0.2429 -0.5324
vn -0.0924 0.8252 0.5572
vn -0.1880 0.8076 -0.5589
vn 0.6315 0.7056 -0.3214
vn -0.8856 -0.3512 -0.3039
vn -0.3918 0.8963 -0.2078
vn 0.7003 0.7126 -0.0420
vn 0.6926 0.7121 -0.1154
vn 0.6144 0.7872 -0.0523
vn 0.2286 0.9571 0.1781
vn -0.4695 -0.1577 0.8687
vn -0.5172 0.1523 0.8422
vn -0.3239 0.5362 0.7795
vn -0.1981 0.6540 0.7301
vn 0.2545 0.1558 -0.9544
vn -0.1277 0.3512 -0.9275
vn 0.0372 0.9932 0.1106
vn -0.2801 0.9578 0.0651
vn 0.2372 0.1507 0.9597
vn 0.0227 -0.9900 -0.1396
vn 0.9192 -0.3656 -0.1462
vn -0.3393 0.9081 -0.2453
vn -0.4287 0.9034 -0.0062
vn -0.9632 -0.0848 0.2551
vn -0.7347 0.0352 0.6775
vn -0.0252 0.9632 -0.2674
vn -0.2512 0.4414 -0.8614
vn 0.4500 0.3981 -0.7994
vn -0.6280 0.1704 -0.7593
vn -0.7717 0.5914 0.2338
vn -0.2195 0.8425 -0.4920
vn 0.3707 0.6871 0.6249
vn 0.1699 0.9510 0.2583
vn -0.2141 -0.7338 -0.6447
vn -0.1721 -0.8199 -0.5461
vn -0.0523 0.9569 0.2858
vn 0.5594 0.3019 0.7720
vn 0.1897 0.9628 0.1925
vn -0.5480 0.6949 0.4656
vn -0.2621 0.7864 0.5593
vn -0.0413 0.0476 -0.9980
vn -0.8116 0.5415 -0.2193
vn 0.4547 0.8747 -0.1679
vn 0.7385 0.6733 0.0364
vn -0.2900 0.4912 0.8213
vn 0.9314 0.0677 -0.3575
vn -0.0115 0.6578 -0.7531
vn -0.1764 0.4258 -0.8875
vn -0.3953 0.8911 -0.2230
vn -0.3742 0.8895 -0.2623
vn 0.4046 0.8951 0.1872
vn -0.6256 0.6870 0.3696
vn 0.2796 0.9271 0.2495
vn 0.0772 0.0023 -0.9970
vn 0.7826 -0.4023 0.4750
vn -0.3951 0.7262 0.5626
vn -0.1795 0.9789 0.0973
vn 0.2539 0.8248 0.5052
vn 0.2683 0.9445 -0.1895
vn 0.4939 0.7820 0.3802
vn -0.5464 0.7201 0.4278
vn -0.1839 0.9053 0.3829
vn -0.1962 0.9795 0.0461
vn 0.2646 0.5697 -0.7781
vn -0.0047 0.7946 0.6072
vn -0.5639 0.3450 -0.7504
vn -0.6437 0.3585 -0.6761
vn -0.5939 0.3447 -0.7269
vn 0.2760 -0.2292 0.9334
vn 0.7410 0.4228 -0.5216
vn 0.1170 0.3147 -0.9420
vn -0.2964 0.8298 0.4728
vn -0.3847 0.8291 0.4056
vn -0.4373 0.8385 0.3252
vn 0.5229 0.6162 -0.5890
vn 0.5544 0.7432 -0.3746
vn 0.2117 0.9725 0.0973
vn -0.7145 0.5797 0.3917
vn -0.6152 -0.5583 -0.5566
vn -0.5193 0.4856 0.7032
vn 0.2558 0.8832 0.3931
vn -0.0711 0.9809 0.1810
vn -0.3973 0.9167 -0.0431
vn -0.0267 0.4258 -0.9044
vn 0.1604 0.9757 0.1489
vn 0.1335 0.9901 0.0436
vn -0.8590 0.3542 0.3698
vn -0.5687 0.3716 0.7338
vn 0.0343 0.9120 -0.4088
vn -0.2717 0.5669 -0.7777
vn -0.6966 0.7148 -0.0610
vn -0.5932 0.6458 -0.4807
vn -0.3502 0.6563 -0.6683
vn 0.6088 0.7897 -0.0761
vn -0.3134 0.8582 -0.4066
vn -0.2340 0.8500 -0.4720
vn 0.0587 0.9910 -0.1202
vn -0.9936 0.0951 0.0611
vn 0.0737 0.5787 -0.8122
vn 0.6505 0.6973 -0.3010
vn 0.1154 0.9509 -0.2872
vn -0.1030 0.9946 -0.0117
vn -0.2298 0.9522 -0.2011
vn -0.2978 0.8898 0.3457
vn -0.3881 0.7709 -0.5050
vn -0.3246 -0.5886 -0.7404
vn -0.7267 -0.4111 -0.5504
vn 0.1552 -0.2332 0.9600
vn 0.5338 0.7093 0.4604
vn -0.0754 0.7763 0.6258
vn -0.6816 0.4227 0.5974
vn -0.2595 0.7823 0.5663
vn 0.1531 0.9802 -0.1254
vn -0.4956 -0.3906 0.7758
vn -0.6639 0.4666 0.5844
vn -0.2168 0.7356 0.6418
vn -0.3476 0.9115 0.2198
vn -0.2781 0.9285 0.2462
vn 0.6773 0.7307 -0.0861
vn 0.2995 0.9300 0.2132
vn -0.1657 0.9680 -0.1883
vn -0.0884 0.3456 -0.9342
vn -0.3367 0.5756 -0.7452
vn -0.4992 0.7711 -0.3952
vn -0.4243 0.8636 -0.2724
vn -0.1357 0.7030 0.6981
vn -0.7726 0.5845 0.2480
vn -0.8005 0.5808 -0.1478
vn 0.9388 0.2010 0.2798
vn 0.3672 0.7955 0.4819
vn 0.0473 0.2434 -0.9688
vn 0.8681 0.4428 -0.2244
vn 0.5258 0.8055 0.2734
vn 0.6814 0.7255 -0.0962
vn -0.5016 0.7830 0.3678
vn 0.0510 0.8839 0.4649
vn -0.3613 0.8059 0.4690
vn -0.3700 0.8036 0.4662
vn -0.3362 0.8127 0.4760
vn -0.3807 0.9237 0.0423
vn -0.0751 0.9532 0.2928
vn 0.1735 0.8253 -0.5374
vn -0.9377 -0.1865 -0.2933
vn -0.7196 0.6273 0.2978
vn -0.7803 0.6242 0.0391
vn 0.1620 0.9696 0.1835
vn 0.5738 0.7163 0.3970
vn 0.1964 0.9767 0.0870
vn 0.4786 0.6456 0.5951
vn 0.5839 0.7487 0.3140
vn -0.2449 0.8952 0.3725
vn 0.0678 0.7948 0.6030
vn 0.0924 0.7539 -0.6504
vn -0.2098 0.5338 -0.8192
vn -0.1241 0.5259 -0.8414
vn -0.9776 0.1730 -0.1201
vn -0.8286 0.1565 -0.5374
vn -0.8609 0.4848 -0.1546
vn -0.2057 0.9547 -0.2150
vn -0.1745 0.6563 -0.7340
vn 0.3583 0.9059 0.2255
vn 0.3783 0.8309 0.4081
vn 0.9303 0.2040 0.3048
vn 0.0491 0.3035 -0.9516
vn 0.1865 0.8446 0.5018
vn 0.7623 0.4478 0.4673
vn -0.7679 0.4040 -0.4972
vn 0.5860 0.6796 0.4413
vn 0.4350 0.8652 -0.2493
vn 0.4424 -0.8601 0.2539
vn 0.5736 0.7363 0.3590
vn 0.4082 0.9106 -0.0650
vn 0.5991 0.7017 -0.3856
vn 0.3632 0.9266 -0.0977
vn 0.5301 0.8449 0.0721
vn 0.4539 0.8453 -0.2819
vn 0.1203 0.9875 -0.1019
vn 0.4374 0.8976 0.0557
vn 0.5438 0.8250 0.1538
vn -0.3141 0.1888 -0.9304
vn 0.5518 0.4209 -0.7199
vn -0.2532 0.1998 0.9465
vn 0.0884 0.9633 0.2534
vn -0.3005 0.8271 0.4751
vn -0.5515 0.6308 0.5458
vn -0.7571 0.2642 0.5975
vn 0.6491 0.7072 -0.2803
vn 0.4274 0.7727 -0.4694
vn -0.5612 0.7815 0.2725
vn -0.2932 0.9524 -0.0833
vn 0.4805 0.8579 -0.1820
vn -0.3173 0.8010 -0.5077
vn -0.4579 0.7709 -0.4427
vn 0.4254 0.8384 0.3407
vn 0.8548 -0.4697 0.2208
vn -0.6603 0.4415 -0.6075
vn -0.7818 0.2943 -0.5497
vn -0.3351 0.0789 -0.9389
vn -0.2318 -0.0394 -0.9720
vn 0.6382 0.7416 0.2067
vn 0.7458 0.6572 0.1089
vn -0.6787 0.7243 -0.1213
vn 0.0646 -0.2620 -0.9629
vn -0.4117 0.7964 0.4429
vn -0.4719 0.8708 0.1380
vn -0.5541 0.7688 -0.3194
vn -0.0289 0.9115 0.4102
vn -0.4764 0.8707 0.1219
vn 0.1332 0.9496 0.2837
vn 0.6155 0.6703 0.4145
vn -0.6530 0.4898 0.5776
vn -0.2160 0.7352 0.6425
vn 0.1654 0.9599 0.2265
vn 0.3825 0.9216 -0.0664
vn 0.1574 0.6444 -0.7483
vn 0.0000 0.0000 0.0000
vn -0.0369 0.9845 -0.1716
vn 0.0804 0.9757 -0.2036
vn -0.1677 0.9147 -0.3678
vn -0.3941 0.8876 -0.2385
vn 0.2628 0.9648 -0.0133
vn 0.7298 0.6827 0.0373
vn -0.3551 0.9172 -0.1806
vn -0.5125 0.7207 -0.4668
vn -0.6614 0.3480 -0.6644
vn 0.0017 0.9782 -0.2075
vn 0.6513 0.7035 -0.2845
vn 0.7377 0.6472 0.1924
vn 0.0870 0.9916 0.0956
vn 0.5247 0.8346 -0.1677
vn 0.1326 0.9853 0.1076
vn 0.4683 0.8597 -0.2037
vn -0.0995 -0.0071 0.9950
vn 0.9250 0.2604 -0.2766
vn -0.8929 -0.0953 0.4400
vn 0.5092 0.8402 0.1863
vn 0.6017 0.6043 0.5223
vn 0.4516 0.5730 0.6839
vn 0.4141 0.7582 0.5037
vn 0.2720 0.9419 0.1972
vn 0.2666 0.6237 -0.7348
vn 0.9514 0.1476 -0.2702
vn 0.1996 0.9694 0.1432
vn -0.2601 0.9611 -0.0924
vn -0.7648 -0.2868 -0.5769
vn 0.1205 -0.2507 0.9605
vn -0.6539 0.4909 0.5757
vn -0.2957 0.7886 0.5391
vn 0.1612 0.9731 0.1644
vn 0.0752 0.9239 0.3752
vn 0.1492 0.9076 0.3925
vn -0.0247 0.9853 -0.1690
vn 0.1337 0.9653 -0.2245
vn -0.6978 0.7028 0.1384
vn -0.7356 0.6643 0.1326
vn 0.3273 0.9315 -0.1585
vn -0.6194 0.5442 0.5658
vn -0.3906 0.7945 0.4650
vn -0.2757 0.4496 0.8496
vn -0.2042 0.6832 0.7011
vn -0.4203 0.8489 0.3205
vn -0.2883 0.8927 0.3463
vn -0.5602 0.7817 0.2741
vn -0.4308 0.8837 -0.1833
vn -0.5566 0.8114 -0.1785
vn -0.2560 0.6010 -0.7571
vn -0.5868 0.6754 -0.4466
vn 0.6369 0.7707 0.0187
vn -0.4564 0.6079 -0.6498
vn -0.3808 0.7253 -0.5735
vn 0.1094 0.9923 -0.0589
vn -0.2023 0.7764 -0.5969
vn -0.2724 0.8997 0.3411
vn -0.7885 0.5035 -0.3533
vn 0.3161 0.7464 0.5856
vn -0.6775 0.4377 0.5911
vn -0.2496 0.7671 0.5910
vn -0.6948 0.3952 0.6009
vn -0.2487 0.7755 0.5803
vn -0.3173 0.8217 0.4735
vn -0.4032 0.9086 -0.1088
vn -0.8176 0.5615 0.1274
vn -0.4960 0.8609 0.1132
vn -0.2768 0.9410 -0.1947
vn -0.7740 0.6138 0.1557
vn -0.6663 0.4934 -0.5591
vn -0.8750 0.4836 -0.0215
vn 0.6289 0.2065 0.7496
vn -0.8513 0.4635 -0.2460
vn -0.6162 0.5022 0.6067
vn -0.3332 -0.0628 0.9408
vn -0.8195 0.2578 0.5118
vn 0.4594 0.8038 -0.3779
vn 0.4485 0.8001 -0.3983
vn -0.3273 0.9007 0.2856
vn -0.2654 0.6035 0.7519
vn -0.3881 0.8168 -0.4269
vn -0.8461 0.3910 0.3622
vn -0.9148 0.2382 0.3261
vn 0.1876 0.8982 0.3976
vn -0.0414 0.8539 0.5188
vn -0.7817 0.6111 0.1244
vn -0.8438 0.5352 0.0385
vn 0.3637 0.7518 0.5501
vn -0.2657 0.2967 0.9173
vn -0.0578 0.9001 0.4319
vn 0.0920 0.9308 0.3537
vn -0.2636 0.8271 0.4963
vn 0.2093 0.8317 0.5143
vn -0.0529 0.7992 0.5988
vn 0.0290 0.9972 0.0694
vn 0.0250 0.8471 0.5308
vn 0.3915 0.8192 -0.4191
vn -0.5945 0.4874 0.6395
vn -0.1062 0.9900 -0.0928
vn 0.1210 0.4030 0.9071
vn 0.2226 0.9228 0.3145
vn -0.1282 0.6658 0.7350
vn -0.1376 0.7881 0.6000
vn 0.3326 0.9208 0.2034
vn 0.3324 0.8836 0.3299
vn -0.5413 0.8100 0.2255
vn -0.6647 0.7024 0.2545
vn -0.5445 0.6475 -0.5332
vn 0.1639 0.9735 0.1593
vn 0.7702 0.4739 0.4268
vn 0.4619 0.5774 -0.6732
vn 0.3029 0.8216 0.4829
vn -0.2784 0.5426 0.7925
vn 0.1503 0.9855 0.0788
vn 0.1865 0.9806 -0.0605
vn 0.2167 0.8517 0.4772
vn 0.8605 -0.2476 0.4452
vn 0.0551 0.7829 0.6197
vn -0.5027 0.6829 0.5301
vn -0.1261 0.9894 0.0719
vn 0.0950 0.7848 0.6125
vn -0.0617 0.6946 0.7167
vn 0.1634 0.9647 -0.2066
vn -0.5459 0.6600 0.5161
vn -0.6637 0.6301 0.4031
vn -0.5536 0.7251 0.4097
vn -0.2039 0.7373 0.6441
vn 0.7348 0.3468 -0.5829
vn -0.2400 0.7069 -0.6654
vn -0.5003 -0.4494 0.7401
vn 0.1033 0.9736 -0.2036
vn 0.4929 0.8486 0.1920
vn 0.4365 0.8617 -0.2589
vn 0.6085 0.7803 -0.1445
vn 0.6309 0.7755 -0.0224
vn 0.3508 0.6024 0.7170
vn -0.2210 0.4942 0.8408
vn 0.2847 0.9004 -0.3288
vn 0.0389 0.8500 0.5253
vn 0.4642 0.5632 -0.6836
vn 0.1933 0.8433 0.5014
vn 0.1006 0.9815 0.1631
vn 0.2046 0.8587 0.4699
vn 0.5737 0.8071 0.1394
vn 0.8482 0.4331 -0.3049
vn -0.6578 0.4838 0.5772
vn -0.2353 0.7596 0.6063
vn 0.4413 0.8943 -0.0737
vn 0.3492 0.6933 0.6305
vn -0.2737 0.9018 -0.3345
vn -0.0841 0.9283 -0.3623
vn 0.2432 0.9325 -0.2670
vn 0.1698 0.9535 -0.2490
vn -0.5528 0.7620 0.3373
vn -0.3323 0.8629 0.3808
vn -0.3733 0.8813 0.2899
vn -0.5279 0.8212 0.2168
vn -0.2899 0.9098 0.2971
vn 0.3266 0.8512 0.4107
vn 0.2972 0.9294 0.2188
vn -0.3780 0.8990 0.2210
vn -0.5190 0.8326 0.1934
vn 0.2351 0.6093 0.7573
vn -0.1926 -0.1534 0.9692
vn -0.0181 0.5838 0.8117
vn 0.0581 0.9245 0.3767
vn -0.0397 0.9527 0.3013
vn -0.1791 0.9730 0.1455
vn -0.7101 0.5651 0.4199
vn -0.5582 0.7595 0.3339
vn -0.5282 0.3227 0.7854
vn -0.1082 0.8902 0.4425
vn -0.5678 0.7112 0.4144
vn -0.5489 0.7149 0.4332
vn -0.3850 0.8712 0.3045
vn -0.4862 0.7946 0.3636
vn 0.1906 -0.5469 0.8152
vn 0.1074 0.9753 0.1929
vn 0.2206 0.6576 -0.7203
vn 0.3001 0.4066 0.8629
vn 0.3010 0.9192 0.2538
vn 0.0089 0.8361 0.5485
vn -0.0844 0.9272 0.3649
vn -0.1109 0.9689 0.2213
vn -0.3674 0.6794 0.6351
vn 0.4382 -0.6199 -0.6510
vn -0.0060 -0.6578 0.7532
vn -0.5588 0.2518 0.7902
vn -0.8482 0.1764 0.4994
vn -0.3373 0.8332 0.4382
vn -0.2903 0.8659 0.4073
vn -0.4651 0.7882 -0.4030
vn 0.0962 -0.9002 0.4247
vn -0.2799 0.9511 0.1309
vn -0.3593 0.9315 0.0567
vn 0.4261 -0.4937 0.7581
vn 0.1635 0.9577 0.2367
vn -0.5207 0.7515 0.4050
vn -0.6600 0.3279 0.6759
vn -0.7162 0.6297 0.3009
vn -0.1097 -0.7155 -0.6899
vn 0.4067 0.9133 -0.0208
vn 0.0370 -0.9966 -0.0733
vn -0.5252 0.7747 0.3521
vn -0.3054 0.6386 0.7064
vn -0.3661 0.9302 -0.0274
vn 0.1604 0.9057 0.3923
vn -0.3947 0.0599 -0.9169
vn -0.4952 0.4442 0.7466
vn -0.5227 0.5417 0.6583
vn -0.7201 0.5268 0.4516
vn -0.5511 0.6929 0.4649
vn -0.3731 0.7717 0.5150
vn 0.7016 0.6017 0.3817
vn -0.0669 0.6687 0.7405
vn -0.5475 0.6594 0.5152
vn 0.2770 0.9494 -0.1483
vn 0.6737 0.4094 -0.6152
vn -0.4738 0.3740 0.7973
vn 0.3544 0.2785 -0.8927
vn 0.0045 0.8305 -0.5570
vn 0.6329 0.7375 0.2357
vn -0.6689 0.5807 0.4640
vn 0.3510 0.8025 0.4825
vn 0.1847 0.7565 0.6273
vn -0.3071 0.4976 0.8112
vn 0.3614 0.2616 0.8950
vn -0.3073 -0.3832 0.8710
vn 0.6935 -0.7058 0.1444
vn 0.0392 0.7027 -0.7104
vn 0.2606 0.9158 -0.3055
vn -0.0569 0.7441 -0.6657
vn -0.3439 0.8397 -0.4203
vn -0.4534 0.8820 0.1284
vn -0.5947 0.7460 0.2998
vn 0.0345 0.8605 0.5083
vn 0.4561 0.8595 -0.2305
vn 0.5264 0.8349 -0.1604
vn 0.3757 0.9267 -0.0112
vn 0.5074 0.8606 0.0439
vn -0.4646 0.7502 0.4705
vn -0.6694 0.7395 0.0713
vn -0.4924 0.8682 -0.0613
vn 0.5450 -0.5308 -0.6491
vn -0.0397 0.9849 -0.1686
vn 0.1521 0.6563 -0.7390
vn 0.2980 0.9231 -0.2431
vn 0.6170 0.6784 -0.3988
vn -0.7993 -0.2221 -0.5584
vn 0.5510 0.8227 -0.1397
vn 0.3877 0.9014 0.1930
vn -0.5858 0.7506 0.3056
vn 0.2435 0.9632 0.1134
vn -0.5299 0.4711 0.7052
vn 0.4133 0.8725 -0.2607
vn -0.0632 0.9913 0.1156
vn 0.3729 0.7015 0.6073
vn -0.6535 0.7568 0.0126
vn -0.3853 0.7966 0.4659
vn -0.3306 0.9394 -0.0901
vn 0.5599 0.8226 -0.0991
vn 0.3362 0.9227 -0.1887
vn 0.7548 0.5296 -0.3871
vn -0.7418 0.2203 0.6334
vn -0.0606 0.9088 0.4127
vn 0.0950 0.9256 0.3663
vn -0.0592 0.9421 0.3302
vn 0.0802 0.9445 0.3185
vn -0.3029 0.8261 0.4751
vn -0.2418 0.9680 -0.0668
vn -0.0065 0.8830 0.4694
vn 0.1001 0.9490 0.2990
vn 0.1080 0.9337 0.3412
vn -0.0976 0.5953 -0.7975
vn -0.1607 0.5869 -0.7936
vn 0.2296 0.8743 0.4277
vn -0.0424 0.8545 0.5176
vn 0.1654 0.9199 0.3557
vn -0.0391 0.8638 0.5023
vn -0.3798 0.9177 -0.1167
vn 0.5104 0.8364 -0.1996
vn -0.2259 0.8495 -0.4768
vn 0.5548 0.7527 -0.3545
vn 0.1140 0.6457 -0.7550
vn -0.5581 0.2479 0.7919
vn -0.7764 0.0196 0.6299
vn 0.2586 0.8180 0.5138
vn 0.5422 0.8360 0.0843
vn 0.7911 0.6056 0.0862
vn 0.5951 0.7963 -0.1085
vn 0.5948 0.7814 -0.1886
vn -0.2229 0.2113 0.9517
vn 0.0141 0.3473 0.9376
vn 0.2545 0.9644 0.0723
vn 0.4356 0.8571 -0.2749
vn -0.0302 0.7184 0.6950
vn -0.6399 0.7369 -0.2180
vn -0.7058 0.4192 0.5711
vn -0.0242 0.9306 0.3653
vn 0.0750 0.8590 0.5065
vn -0.1872 0.9192 -0.3465
vn -0.1679 0.7815 -0.6009
vn -0.0557 0.7413 0.6688
vn -0.8805 0.4413 0.1731
vn 0.2596 0.9617 0.0876
vn -0.3958 0.1997 -0.8964
vn 0.6752 0.1577 -0.7206
vn 0.0914 0.6701 0.7367
vn 0.1919 0.9689 0.1565
vn -0.0781 0.6432 -0.7617
vn -0.3665 0.8039 0.4685
vn -0.7235 0.6753 -0.1431
vn -0.6686 0.6920 0.2722
vn 0.2819 0.6925 0.6640
vn 0.1343 0.9503 0.2808
vn 0.8321 0.0000 0.5547
vn 0.3426 0.8728 0.3477
vn 0.1881 0.2440 0.9514
vn -0.4169 0.8013 -0.4291
vn -0.2086 0.6380 -0.7413
vn 0.2473 0.8860 0.3923
vn 0.2215 0.9380 0.2666
vn 0.7963 0.5627 -0.2221
vn 0.2743 0.5043 -0.8188
vn 0.8560 -0.0034 -0.5170
vn 0.7888 0.0048 -0.6146
vn 0.3658 0.5372 0.7600
vn -0.0562 0.9924 0.1092
vn -0.5821 0.8108 0.0608
vn 0.7273 -0.6417 0.2435
vn 0.4259 0.8972 -0.1165
vn 0.3972 0.9166 -0.0448
vn 0.1358 0.7750 0.6172
vn -0.6250 0.4009 0.6698
vn -0.1364 0.4393 0.8879
vn 0.3384 0.9350 -0.1061
vn -0.0134 0.8857 0.4641
vn 0.0556 0.9982 0.0220
vn 0.2600 0.4031 0.8775
vn 0.3419 0.9381 0.0551
vn -0.1422 0.7585 0.6360
vn 0.1927 0.9407 -0.2793
vn 0.9682 0.0850 0.2351
vn 0.6894 -0.6484 -0.3232
vn -0.8628 0.1334 -0.4877
vn -0.3012 -0.6725 -0.6760
vn -0.4753 0.8797 -0.0174
vn -0.1676 0.9218 0.3495
vn 0.0935 0.7871 0.6097
vn 0.1840 0.6946 0.6955
vn -0.1969 0.6621 0.7231
vn -0.1756 0.3025 -0.9368
vn 0.2277 0.9682 0.1036
vn 0.7739 0.5283 -0.3493
vn -0.3690 0.9276 0.0581
vn 0.4466 0.1890 0.8746
vn -0.0231 0.7978 0.6025
vn -0.2537 0.7991 -0.5451
vn -0.0787 0.8328 -0.5480
vn -0.5641 0.0334 -0.8250
vn 0.1199 0.7544 0.6453
vn 0.0461 0.7404 0.6706
vn 0.3263 0.9193 0.2202
vn 0.2265 0.9623 0.1505
vn -0.6006 0.7923 0.1078
vn 0.1855 0.9710 0.1509
vn 0.4513 0.8789 -0.1542
vn -0.6189 0.7695 0.1574
vn -0.6605 0.6569 0.3636
vn -0.6416 0.7072 -0.2969
vn 0.2724 0.9536 0.1279
vn -0.6664 0.3750 -0.6444
vn -0.7415 0.4039 -0.5358
vn -0.6279 0.6156 0.4762
vn -0.8892 0.2997 0.3458
vn -0.9432 0.1473 0.2979
vn 0.5596 -0.6738 -0.4825
vn 0.4027 0.6700 0.6236
vn -0.0067 0.5918 0.8060
vn -0.5392 0.6537 0.5310
vn -0.3286 0.4875 -0.8089
vn -0.4522 0.8589 0.2405
vn -0.2590 0.5907 -0.7642
vn -0.9623 0.2714 0.0174
vn 0.2212 0.9647 0.1426
vn 0.3106 0.6939 -0.6496
vn 0.2650 0.9008 0.3439
vn 0.2611 0.8492 0.4589
vn 0.0619 0.9038 0.4235
vn -0.4091 0.3201 -0.8545
vn -0.2699 0.4063 -0.8730
vn 0.4967 0.6990 -0.5145
vn -0.1179 0.9500 -0.2891
vn -0.1795 0.8461 -0.5018
vn -0.5181 -0.7888 -0.3307
vn -0.1305 0.9474 -0.2921
vn 0.5420 -0.6498 0.5328
vn 0.1646 0.9205 0.3545
vn -0.0529 0.8361 0.5460
vn 0.0339 0.8052 0.5920
vn -0.2742 0.5904 0.7591
vn 0.2513 0.7707 0.5855
vn 0.3141 0.8568 0.4090
vn 0.2470 0.9355 0.2525
vn 0.0268 0.8353 0.5491
vn 0.8004 -0.5021 -0.3276
vn -0.0642 0.8550 0.5146
vn -0.1133 0.9934 -0.0160
vn 0.3588 -0.7619 0.5392
vn 0.6886 0.6684 -0.2811
vn 0.0234 0.8208 0.5708
vn 0.7707 0.0849 -0.6315
vn 0.8649 0.1854 -0.4664
vn 0.2759 0.9244 -0.2633
vn -0.0615 0.9969 0.0494
vn -0.0018 0.8025 0.5966
vn -0.0894 0.7161 0.6922
vn -0.2635 0.8414 -0.4719
vn 0.4695 0.8790 -0.0829
vn -0.0057 0.7932 0.6090
vn -0.0040 0.7956 0.6058
vn -0.0112 0.7877 0.6160
vn -0.5762 0.5649 -0.5906
vn 0.2269 0.9410 0.2511
vn 0.2405 0.9604 -0.1407
vn -0.5449 0.7841 -0.2972
vn -0.2550 0.8132 0.5231
vn 0.5547 0.8321 -0.0024
vn 0.5876 0.8091 0.0018
vn -0.7046 0.3110 0.6378
vn -0.6591 0.4281 0.6184
vn -0.2362 0.8005 0.5508
vn -0.3384 0.7084 0.6194
vn -0.3909 0.0997 -0.9150
vn 0.6284 0.7747 0.0705
vn -0.2698 0.7056 0.6552
vn -0.0521 0.8145 0.5778
vn 0.2842 0.6922 -0.6634
vn 0.8350 0.5103 -0.2056
vn 0.3072 0.3911 -0.8676
vn 0.0220 0.8118 -0.5835
vn -0.3168 0.4966 -0.8081
vn 0.2759 0.9028 -0.3299
vn -0.8895 0.3151 -0.3310
vn -0.0742 0.7242 0.6855
vn -0.0732 0.7251 0.6848
vn 0.0555 0.8474 0.5281
vn 0.0000 0.0000 0.0000
vn 0.7412 0.6592 -0.1266
vn -0.2160 0.6592 -0.7203
vn -0.0960 0.7105 0.6971
vn -0.0579 0.7185 0.6932
vn -0.2439 0.6810 0.6905
vn 0.2847 0.9524 0.1089
vn -0.1078 0.9930 -0.0482
vn -0.1738 0.9796 -0.1005
vn 0.7989 -0.5926 0.1029
vn -0.7367 0.6657 -0.1187
vn 0.3818 0.9172 -0.1141
vn 0.5539 0.8326 0.0035
vn -0.2211 0.7827 0.5818
vn -0.2113 0.8641 0.4568
vn -0.6894 -0.0507 -0.7226
vn 0.7068 0.6541 0.2696
vn -0.3913 -0.0253 -0.9199
vn -0.2713 -0.1043 -0.9568
vn 0.0619 0.9039 0.4232
vn 0.2157 0.6924 0.6885
vn -0.0727 0.7566 0.6498
vn -0.0424 0.7208 0.6919
vn -0.2606 0.8227 0.5052
vn -0.0471 0.7214 0.6909
vn -0.5605 0.7816 0.2738
vn -0.6068 0.5611 0.5631
vn -0.2712 0.5959 0.7559
vn 0.6078 0.7816 -0.1402
vn 0.7407 0.6356 0.2176
vn -0.5632 0.6152 0.5517
vn -0.2605 0.6743 0.6910
vn 0.4064 0.9131 0.0328
vn -0.3860 0.7507 -0.5361
vn -0.0646 0.9390 -0.3378
vn 0.1010 0.9555 -0.2772
vn -0.1033 0.9942 -0.0281
vn -0.2321 0.9319 0.2787
vn -0.0143 0.8113 0.5844
vn -0.2585 0.7004 -0.6653
vn 0.8761 -0.1282 -0.4647
vn 0.6431 0.7324 0.2238
vn -0.1790 0.7322 0.6571
vn 0.4585 0.3942 0.7965
vn 0.1899 0.9631 0.1905
vn -0.3708 0.8034 0.4659
vn -0.6078 0.6040 0.5155
vn -0.2336 0.7238 0.6493
vn 0.0514 -0.7653 -0.6416
vn 0.1781 0.5991 0.7807
vn -0.4501 0.7219 0.5256
vn -0.2534 0.7591 0.5997
vn 0.2087 0.9660 0.1527
vn -0.4917 -0.2740 0.8266
vn -0.5504 0.7823 0.2918
vn -0.8916 0.0573 0.4492
vn -0.8364 0.1099 0.5370
f 3636/3636/3636 3642/3642/3642 1257/1257/1257
f 1695/1695/1695 1605/1605/1605 1434/1434/1434
f 2729/2729/2729 3521/3521/3521 2201/2201/2201
f 138/138/138 2492/2492/2492 1011/1011/1011
f 3860/3860/3860 1955/1955/1955 3128/3128/3128
f 1008/1008/1008 220/220/220 356/356/356
f 3131/3131/3131 2660/2660/2660 3108/3108/3108
f 1289/1289/1289 1890/1890/1890 417/417/417
f 2884/2884/2884 2653/2653/2653 2124/2124/2124
f 2167/2167/2167 1445/1445/1445 2218/2218/2218
f 1562/1562/1562 2492/2492/2492 2199/2199/2199
f 1594/1594/1594 3492/3492/3492 1955/1955/1955
f 1195/1195/1195 1463/1463/1463 2610/2610/2610
f 2538/2538/2538 3327/3327/3327 1758/1758/1758
f 1042/1042/1042 1754/1754/1754 2789/2789/2789
f 281/281/281 3110/3110/3110 130/130/130
f 1720/1720/1720 3175/3175/3175 1664/1664/1664
f 847/847/847 807/807/807 130/130/130
f 1063/1063/1063 544/544/544 741/741/741
f 2313/2313/2313 2188/2188/2188 2338/2338/2338
f 3875/3875/3875 3175/3175/3175 2232/2232/2232
f 1307/1307/1307 105/105/105 3368/3368/3368
f 2817/2817/2817 2822/2822/2822 2818/2818/2818
f 2479/2479/2479 1072/1072/1072 2825/2825/2825
f 732/732/732 2492/2492/2492 3186/3186/3186
f 2173/2173/2173 3457/3457/3457 3144/3144/3144
f 669/669/669 2147/2147/2147 3197/3197/3197
f 1897/1897/1897 3232/3232/3232 2726/2726/2726
f 1681/1681/1681 1619/1619/1619 1955/1955/1955
f 558/558/558 2118/2118/2118 1200/1200/1200
f 996/996/996 2597/2597/2597 3327/3327/3327
f 2134/2134/2134 3261/3261/3261 1219/1219/1219
f 3368/3368/3368 1670/1670/1670 2680/2680/2680
f 2479/2479/2479 2825/2825/2825 1656/1656/1656
f 3338/3338/3338 1879/1879/1879 2203/2203/2203
f 171/171/171 2250/2250/2250 1005/1005/1005
f 1278/1278/1278 1564/1564/1564 1271/1271/1271
f 1274/1274/1274 2609/2609/2609 3143/3143/3143
f 1181/1181/1181 83/83/83 2457/2457/2457
f 88/88/88 2145/2145/2145 1374/1374/1374
f 1421/1421/1421 3369/3369/3369 2320/2320/2320
f 3807/3807/3807 1558/1558/1558 2435/2435/2435
f 3710/3710/3710 1227/1227/1227 1786/1786/1786
f 3153/3153/3153 3798/3798/3798 1227/1227/1227
f 2313/2313/2313 3084/3084/3084 1420/1420/1420
f 459/459/459 1013/1013/1013 444/444/444
f 3046/3046/3046 741/741/741 745/745/745
f 2882/2882/2882 2732/2732/2732 1216/1216/1216
f 1833/1833/1833 2876/2876/2876 1199/1199/1199
f 1089/1089/1089 178/178/178 1969/1969/1969
f 3827/3827/3827 2479/2479/2479 2472/2472/2472
f 2324/2324/2324 3301/3301/3301 2479/2479/2479
f 751/751/751 2492/2492/2492 646/646/646
f 2313/2313/2313 1042/1042/1042 3000/3000/3000
f 1392/1392/1392 1354/1354/1354 2651/2651/2651
f 457/457/457 1613/1613/1613 401/401/401
f 2276/2276/2276 2604/2604/2604 2225/2225/2225
f 2203/2203/2203 2100/2100/2100 1310/1310/1310
f 3450/3450/3450 1950/1950/1950 1661/1661/1661
f 1722/1722/1722 3450/3450/3450 2246/2246/2246
f 1627/1627/1627 45/45/45 2203/2203/2203
f 3007/3007/3007 1345/1345/1345 2203/2203/2203
f 2114/2114/2114 1553/1553/1553 3327/3327/3327
f 83/83/83 1121/1121/1121 1185/1185/1185
f 289/289/289 2861/2861/2861 1694/1694/1694
f 925/925/925 3704/3704/3704 1075/1075/1075
f 3438/3438/3438 2729/2729/2729 1493/1493/1493
f 178/178/178 1912/1912/1912 1207/1207/1207
f 1498/1498/1498 1257/1257/1257 2866/2866/2866
f 3008/3008/3008 2575/2575/2575 1346/1346/1346
f 1946/1946/1946 1456/1456/1456 3450/3450/3450
f 3513/3513/3513 1183/1183/1183 2604/2604/2604
f 715/715/715 1097/1097/1097 741/741/741
f 3363/3363/3363 3897/3897/3897 2091/2091/2091
f 2167/2167/2167 2218/2218/2218 417/417/417
f 3547/3547/3547 2287/2287/2287 2610/2610/2610
f 1597/1597/1597 1551/1551/1551 3368/3368/3368
f 3517/3517/3517 2454/2454/2454 3134/3134/3134
f 2711/2711/2711 1613/1613/1613 405/405/405
f 741/741/741 856/856/856 704/704/704
f 1605/1605/1605 2269/2269/2269 3384/3384/3384
f 3569/3569/3569 2623/2623/2623 1936/1936/1936
f 1964/1964/1964 2313/2313/2313 3203/3203/3203
f 2300/2300/2300 2479/2479/2479 1917/1917/1917
f 3801/3801/3801 1935/1935/1935 1573/1573/1573
f 1340/1340/1340 3737/3737/3737 2913/2913/2913
f 322/322/322 3704/3704/3704 370/370/370
f 1955/1955/1955 2765/2765/2765 1269/1269/1269
f 142/142/142 3450/3450/3450 1907/1907/1907
f 453/453/453 1201/1201/1201 417/417/417
f 3340/3340/3340 2203/2203/2203 1879/1879/1879
f 3117/3117/3117 2492/2492/2492 3115/3115/3115
f 2504/2504/2504 3474/3474/3474 3572/3572/3572
f 125/125/125 3612/3612/3612 2575/2575/2575
f 707/707/707 2492/2492/2492 746/746/746
f 1847/1847/1847 2479/2479/2479 3062/3062/3062
f 1558/1558/1558 2118/2118/2118 2535/2535/2535
f 2747/2747/2747 3565/3565/3565 3809/3809/3809
f 303/303/303 2120/2120/2120 417/417/417
f 686/686/686 921/921/921 2876/2876/2876
f 805/805/805 958/958/958 969/969/969
f 1613/1613/1613 418/418/418 3198/3198/3198
f 1116/1116/1116 1340/1340/1340 2381/2381/2381
f 1839/1839/1839 1841/1841/1841 3671/3671/3671
f 1496/1496/1496 1974/1974/1974 3235/3235/3235
f 2542/2542/2542 3809/3809/3809 2462/2462/2462
f 3907/3907/3907 1636/1636/1636 985/985/985
f 2746/2746/2746 1337/1337/1337 3841/3841/3841
f 364/364/364 417/417/417 482/482/482
f 806/806/806 1013/1013/1013 989/989/989
f 2451/2451/2451 1438/1438/1438 1340/1340/1340
f 2203/2203/2203 710/710/710 3182/3182/3182
f 2492/2492/2492 588/588/588 720/720/720
f 3506/3506/3506 1573/1573/1573 1501/1501/1501
f 1402/1402/1402 3668/3668/3668 1076/1076/1076
f 1938/1938/1938 2281/2281/2281 2118/2118/2118
f 165/165/165 1601/1601/1601 2043/2043/2043
f 3491/3491/3491 2148/2148/2148 3920/3920/3920
f 555/555/555 130/130/130 2226/2226/2226
f 1939/1939/1939 1464/1464/1464 3368/3368/3368
f 251/251/251 3704/3704/3704 2043/2043/2043
f 694/694/694 1107/1107/1107 539/539/539
f 1580/1580/1580 1475/1475/1475 3897/3897/3897
f 296/296/296 2817/2817/2817 503/503/503
f 3363/3363/3363 1750/1750/1750 3897/3897/3897
f 2492/2492/2492 1233/1233/1233 2398/2398/2398
f 2397/2397/2397 1232/1232/1232 130/130/130
f 1448/1448/1448 2817/2817/2817 2980/2980/2980
f 2314/2314/2314 3142/3142/3142 2876/2876/2876
f 972/972/972 561/561/561 2876/2876/2876
f 2323/2323/2323 1340/1340/1340 3300/3300/3300
f 2876/2876/2876 1521/1521/1521 3065/3065/3065
f 2604/2604/2604 2151/2151/2151 3508/3508/3508
f 3547/3547/3547 2610/2610/2610 1564/1564/1564
f 3237/3237/3237 2921/2921/2921 3260/3260/3260
f 174/174/174 1947/1947/1947 2729/2729/2729
f 923/923/923 144/144/144 3764/3764/3764
f 1515/1515/1515 3865/3865/3865 3774/3774/3774
f 2729/2729/2729 2122/2122/2122 1455/1455/1455
f 2492/2492/2492 2795/2795/2795 1233/1233/1233
f 2992/2992/2992 2604/2604/2604 2906/2906/2906
f 360/360/360 1613/1613/1613 2212/2212/2212
f 2173/2173/2173 3144/3144/3144 2277/2277/2277
f 3827/3827/3827 2672/2672/2672 2479/2479/2479
f 2817/2817/2817 2463/2463/2463 2529/2529/2529
f 3605/3605/3605 2861/2861/2861 2022/2022/2022
f 2997/2997/2997 3039/3039/3039 2610/2610/2610
f 204/204/204 1421/1421/1421 2320/2320/2320
f 2880/2880/2880 1320/1320/1320 2732/2732/2732
f 864/864/864 753/753/753 2492/2492/2492
f 1621/1621/1621 3503/3503/3503 2492/2492/2492
f 2203/2203/2203 2239/2239/2239 1212/1212/1212
f 3885/3885/3885 1019/1019/1019 2454/2454/2454
f 2813/2813/2813 2817/2817/2817 2055/2055/2055
f 3887/3887/3887 3889/3889/3889 3327/3327/3327
f 2725/2725/2725 2134/2134/2134 1610/1610/1610
f 510/510/510 380/380/380 3704/3704/3704
f 1042/1042/1042 3272/3272/3272 2843/2843/2843
f 2023/2023/2023 2575/2575/2575 3606/3606/3606
f 524/524/524 2427/2427/2427 2492/2492/2492
f 1406/1406/1406 1613/1613/1613 1173/1173/1173
f 63/63/63 2479/2479/2479 1136/1136/1136
f 3833/3833/3833 2550/2550/2550 3327/3327/3327
f 825/825/825 790/790/790 130/130/130
f 551/551/551 1013/1013/1013 887/887/887
f 144/144/144 633/633/633 631/631/631
f 3450/3450/3450 2369/2369/2369 3239/3239/3239
f 3536/3536/3536 1858/1858/1858 3774/3774/3774
f 1770/1770/1770 178/178/178 1800/1800/1800
f 52/52/52 3276/3276/3276 3015/3015/3015
f 3774/3774/3774 2729/2729/2729 1515/1515/1515
f 3592/3592/3592 3651/3651/3651 2203/2203/2203
f 2674/2674/2674 2876/2876/2876 3305/3305/3305
f 199/199/199 2160/2160/2160 3450/3450/3450
f 2203/2203/2203 3182/3182/3182 859/859/859
f 2664/2664/2664 1216/1216/1216 2254/2254/2254
f 1602/1602/1602 3609/3609/3609 3540/3540/3540
f 2203/2203/2203 3651/3651/3651 2473/2473/2473
f 1020/1020/1020 1573/1573/1573 3554/3554/3554
f 3544/3544/3544 2608/2608/2608 1273/1273/1273
f 103/103/103 3906/3906/3906 1978/1978/1978
f 559/559/559 2492/2492/2492 910/910/910
f 1765/1765/1765 3679/3679/3679 2404/2404/2404
f 1421/1421/1421 2817/2817/2817 3379/3379/3379
f 2968/2968/2968 1766/1766/1766 1337/1337/1337
f 3640/3640/3640 1078/1078/1078 2861/2861/2861
f 3450/3450/3450 3783/3783/3783 62/62/62
f 1230/1230/1230 1473/1473/1473 2377/2377/2377
f 2649/2649/2649 3346/3346/3346 1605/1605/1605
f 1013/1013/1013 846/846/846 2817/2817/2817
f 1471/1471/1471 2492/2492/2492 2353/2353/2353
f 2628/2628/2628 427/427/427 1013/1013/1013
f 3237/3237/3237 3570/3570/3570 1716/1716/1716
f 2003/2003/2003 3069/3069/3069 2043/2043/2043
f 2175/2175/2175 2203/2203/2203 2831/2831/2831
f 1388/1388/1388 2492/2492/2492 1251/1251/1251
f 2491/2491/2491 3308/3308/3308 3446/3446/3446
f 1840/1840/1840 3667/3667/3667 3668/3668/3668
f 2203/2203/2203 3318/3318/3318 1016/1016/1016
f 3175/3175/3175 599/599/599 1870/1870/1870
f 1647/1647/1647 2575/2575/2575 1332/1332/1332
f 738/738/738 954/954/954 2492/2492/2492
f 1875/1875/1875 1616/1616/1616 3704/3704/3704
f 2110/2110/2110 3197/3197/3197 1972/1972/1972
f 316/316/316 458/458/458 417/417/417
f 14/14/14 2492/2492/2492 1971/1971/1971
f 2867/2867/2867 2861/2861/2861 1573/1573/1573
f 130/130/130 2912/2912/2912 3736/3736/3736
f 3543/3543/3543 1955/1955/1955 2607/2607/2607
f 3786/3786/3786 83/83/83 3096/3096/3096
f 1254/1254/1254 3706/3706/3706 3058/3058/3058
f 1172/1172/1172 1605/1605/1605 1410/1410/1410
f 3165/3165/3165 3368/3368/3368 2680/2680/2680
f 1675/1675/1675 3175/3175/3175 600/600/600
f 3111/3111/3111 2610/2610/2610 2128/2128/2128
f 2575/2575/2575 188/188/188 2524/2524/2524
f 969/969/969 958/958/958 2354/2354/2354
f 1573/1573/1573 3628/3628/3628 3275/3275/3275
f 272/272/272 3903/3903/3903 2660/2660/2660
f 2873/2873/2873 2542/2542/2542 1866/1866/1866
f 2610/2610/2610 2972/2972/2972 1547/1547/1547
f 474/474/474 417/417/417 1653/1653/1653
f 3165/3165/3165 3022/3022/3022 3368/3368/3368
f 103/103/103 1978/1978/1978 1114/1114/1114
f 1669/1669/1669 1641/1641/1641 2679/2679/2679
f 3072/3072/3072 2148/2148/2148 2911/2911/2911
f 130/130/130 800/800/800 1933/1933/1933
f 2486/2486/2486 1337/1337/1337 3662/3662/3662
f 3031/3031/3031 2638/2638/2638 2203/2203/2203
f 3777/3777/3777 2632/2632/2632 2490/2490/2490
f 699/699/699 2536/2536/2536 871/871/871
f 1391/1391/1391 2134/2134/2134 2627/2627/2627
f 83/83/83 2983/2983/2983 1901/1901/1901
f 3499/3499/3499 1362/1362/1362 1003/1003/1003
f 1822/1822/1822 2660/2660/2660 1874/1874/1874
f 1013/1013/1013 3748/3748/3748 480/480/480
f 3101/3101/3101 3304/3304/3304 3035/3035/3035
f 2234/2234/2234 1466/1466/1466 2313/2313/2313
f 2604/2604/2604 2731/2731/2731 1058/1058/1058
f 3077/3077/3077 3745/3745/3745 3450/3450/3450
f 960/960/960 1762/1762/1762 3175/3175/3175
f 1862/1862/1862 3197/3197/3197 2073/2073/2073
f 3861/3861/3861 3129/3129/3129 2625/2625/2625
f 301/301/301 1737/1737/1737 130/130/130
f 3237/3237/3237 2994/2994/2994 2977/2977/2977
f 2361/2361/2361 2043/2043/2043 1333/1333/1333
f 2551/2551/2551 2861/2861/2861 2905/2905/2905
f 2686/2686/2686 2717/2717/2717 3777/3777/3777
f 2876/2876/2876 1255/1255/1255 1530/1530/1530
f 417/417/417 496/496/496 2205/2205/2205
f 1177/1177/1177 2890/2890/2890 1641/1641/1641
f 2481/2481/2481 993/993/993 3330/3330/3330
f 3597/3597/3597 2760/2760/2760 1787/1787/1787
f 2275/2275/2275 2224/2224/2224 2861/2861/2861
f 3104/3104/3104 3243/3243/3243 2528/2528/2528
f 2479/2479/2479 2419/2419/2419 2219/2219/2219
f 1397/1397/1397 2036/2036/2036 2625/2625/2625
f 3585/3585/3585 178/178/178 2599/2599/2599
f 144/144/144 675/675/675 605/605/605
f 3890/3890/3890 3390/3390/3390 2203/2203/2203
f 3073/3073/3073 2604/2604/2604 2149/2149/2149
f 2097/2097/2097 994/994/994 2943/2943/2943
f 1641/1641/1641 3832/3832/3832 3303/3303/3303
f 3653/3653/3653 1975/1975/1975 3436/3436/3436
f 625/625/625 3197/3197/3197 523/523/523
f 2097/2097/2097 2752/2752/2752 994/994/994
f 2240/2240/2240 2203/2203/2203 3915/3915/3915
f 2203/2203/2203 983/983/983 2132/2132/2132
f 1299/1299/1299 725/725/725 130/130/130
f 474/474/474 436/436/436 417/417/417
f 2776/2776/2776 1915/1915/1915 2492/2492/2492
f 1536/1536/1536 2189/2189/2189 2876/2876/2876
f 3056/3056/3056 3704/3704/3704 1043/1043/1043
f 1208/1208/1208 3280/3280/3280 2990/2990/2990
f 1945/1945/1945 2729/2729/2729 1455/1455/1455
f 175/175/175 3450/3450/3450 1948/1948/1948
f 3834/3834/3834 3327/3327/3327 1092/1092/1092
f 1790/1790/1790 3450/3450/3450 1788/1788/1788
f 181/181/181 2610/2610/2610 1045/1045/1045
f 2842/2842/2842 1641/1641/1641 1592/1592/1592
f 2365/2365/2365 1761/1761/1761 144/144/144
f 613/613/613 709/709/709 741/741/741
f 3897/3897/3897 1460/1460/1460 3114/3114/3114
f 2558/2558/2558 3211/3211/3211 1337/1337/1337
f 1013/1013/1013 3708/3708/3708 967/967/967
f 1998/1998/1998 2492/2492/2492 3326/3326/3326
f 2277/2277/2277 1837/1837/1837 2134/2134/2134
f 1880/1880/1880 2876/2876/2876 529/529/529
f 1077/1077/1077 1330/1330/1330 3252/3252/3252
f 560/560/560 3197/3197/3197 3468/3468/3468
f 3689/3689/3689 1540/1540/1540 2729/2729/2729
f 241/241/241 3870/3870/3870 1573/1573/1573
f 3227/3227/3227 1251/1251/1251 2492/2492/2492
f 2729/2729/2729 1117/1117/1117 2374/2374/2374
f 417/417/417 3098/3098/3098 3894/3894/3894
f 2726/2726/2726 2594/2594/2594 1042/1042/1042
f 2507/2507/2507 2462/2462/2462 3742/3742/3742
f 3226/3226/3226 2660/2660/2660 3289/3289/3289
f 1057/1057/1057 2730/2730/2730 2043/2043/2043
f 3776/3776/3776 2498/2498/2498 2492/2492/2492
f 1713/1713/1713 1735/1735/1735 2479/2479/2479
f 741/741/741 879/879/879 715/715/715
f 1013/1013/1013 1163/1163/1163 2480/2480/2480
f 224/224/224 1216/1216/1216 1037/1037/1037
f 1984/1984/1984 2466/2466/2466 3327/3327/3327
f 2828/2828/2828 2729/2729/2729 2237/2237/2237
f 3175/3175/3175 2350/2350/2350 2659/2659/2659
f 2086/2086/2086 417/417/417 3332/3332/3332
f 1284/1284/1284 1744/1744/1744 2313/2313/2313
f 2897/2897/2897 3299/3299/3299 3243/3243/3243
f 1032/1032/1032 2492/2492/2492 2922/2922/2922
f 3315/3315/3315 2660/2660/2660 1535/1535/1535
f 1847/1847/1847 1953/1953/1953 2479/2479/2479
f 3792/3792/3792 2701/2701/2701 2660/2660/2660
f 2492/2492/2492 1529/1529/1529 864/864/864
f 1621/1621/1621 2492/2492/2492 3029/3029/3029
f 130/130/130 820/820/820 1108/1108/1108
f 199/199/199 3450/3450/3450 1790/1790/1790
f 1143/1143/1143 2729/2729/2729 3805/3805/3805
f 3621/3621/3621 1573/1573/1573 3288/3288/3288
f 1337/1337/1337 3061/3061/3061 1738/1738/1738
f 643/643/643 247/247/247 130/130/130
f 3327/3327/3327 2098/2098/2098 1913/1913/1913
f 1901/1901/1901 1925/1925/1925 83/83/83
f 2167/2167/2167 417/417/417 3375/3375/3375
f 3228/3228/3228 994/994/994 1252/1252/1252
f 2211/2211/2211 1804/1804/1804 3175/3175/3175
f 130/130/130 725/725/725 834/834/834
f 3679/3679/3679 3769/3769/3769 1894/1894/1894
f 1706/1706/1706 778/778/778 2492/2492/2492
f 994/994/994 3024/3024/3024 27/27/27
f 395/395/395 370/370/370 3704/3704/3704
f 464/464/464 329/329/329 417/417/417
f 2200/2200/2200 2996/2996/2996 958/958/958
f 3141/3141/3141 2500/2500/2500 3671/3671/3671
f 2527/2527/2527 1308/1308/1308 1337/1337/1337
f 2575/2575/2575 562/562/562 973/973/973
f 1797/1797/1797 1013/1013/1013 340/340/340
f 2610/2610/2610 3173/3173/3173 2848/2848/2848
f 3584/3584/3584 2598/2598/2598 1955/1955/1955
f 2263/2263/2263 2454/2454/2454 1701/1701/1701
f 2492/2492/2492 965/965/965 945/945/945
f 741/741/741 536/536/536 1211/1211/1211
f 2861/2861/2861 2371/2371/2371 3502/3502/3502
f 2479/2479/2479 1131/1131/1131 2688/2688/2688
f 2632/2632/2632 3307/3307/3307 2490/2490/2490
f 3707/3707/3707 1013/1013/1013 2409/2409/2409
f 178/178/178 1207/1207/1207 3123/3123/3123
f 2657/2657/2657 2479/2479/2479 2677/2677/2677
f 2858/2858/2858 2479/2479/2479 3301/3301/3301
f 55/55/55 3670/3670/3670 3788/3788/3788
f 2256/2256/2256 958/958/958 3116/3116/3116
f 3892/3892/3892 3327/3327/3327 2392/2392/2392
f 3158/3158/3158 1677/1677/1677 1829/1829/1829
f 2521/2521/2521 2545/2545/2545 2610/2610/2610
f 1745/1745/1745 2237/2237/2237 2729/2729/2729
f 2437/2437/2437 997/997/997 1003/1003/1003
f 2726/2726/2726 3447/3447/3447 994/994/994
f 960/960/960 3175/3175/3175 891/891/891
f 3782/3782/3782 609/609/609 2203/2203/2203
f 1042/1042/1042 2304/2304/2304 177/177/177
f 1859/1859/1859 2861/2861/2861 3311/3311/3311
f 160/160/160 2203/2203/2203 1345/1345/1345
f 1095/1095/1095 2937/2937/2937 2959/2959/2959
f 1400/1400/1400 2933/2933/2933 2479/2479/2479
f 3287/3287/3287 1216/1216/1216 1626/1626/1626
f 1959/1959/1959 2492/2492/2492 3568/3568/3568
f 1337/1337/1337 1048/1048/1048 2741/2741/2741
f 2861/2861/2861 1755/1755/1755 3559/3559/3559
f 549/549/549 3175/3175/3175 574/574/574
f 2955/2955/2955 1340/1340/1340 1809/1809/1809
f 2876/2876/2876 557/557/557 1199/1199/1199
f 3378/3378/3378 2479/2479/2479 1735/1735/1735
f 3897/3897/3897 3033/3033/3033 1407/1407/1407
f 161/161/161 2575/2575/2575 3060/3060/3060
f 1013/1013/1013 493/493/493 511/511/511
f 2295/2295/2295 1439/1439/1439 3904/3904/3904
f 3510/3510/3510 3501/3501/3501 2729/2729/2729
f 2702/2702/2702 623/623/623 3175/3175/3175
f 417/417/417 327/327/327 3712/3712/3712
f 3351/3351/3351 1337/1337/1337 1161/1161/1161
f 3374/3374/3374 2479/2479/2479 2668/2668/2668
f 2818/2818/2818 3377/3377/3377 2817/2817/2817
f 3435/3435/3435 3788/3788/3788 3247/3247/3247
f 141/141/141 1605/1605/1605 463/463/463
f 326/326/326 516/516/516 1421/1421/1421
f 583/583/583 1145/1145/1145 3197/3197/3197
f 185/185/185 2203/2203/2203 1153/1153/1153
f 2663/2663/2663 2253/2253/2253 1337/1337/1337
f 3672/3672/3672 1725/1725/1725 2492/2492/2492
f 2985/2985/2985 3814/3814/3814 1340/1340/1340
f 1966/1966/1966 3327/3327/3327 3317/3317/3317
f 2868/2868/2868 3809/3809/3809 2443/2443/2443
f 924/924/924 741/741/741 2107/2107/2107
f 1107/1107/1107 2971/2971/2971 957/957/957
f 417/417/417 1201/1201/1201 412/412/412
f 2817/2817/2817 1448/1448/1448 2270/2270/2270
f 3156/3156/3156 2660/2660/2660 1678/1678/1678
f 3327/3327/3327 1375/1375/1375 3822/3822/3822
f 2566/2566/2566 376/376/376 2470/2470/2470
f 2917/2917/2917 1626/1626/1626 1216/1216/1216
f 1337/1337/1337 2078/2078/2078 2962/2962/2962
f 2117/2117/2117 3781/3781/3781 1613/1613/1613
f 116/116/116 2043/2043/2043 3069/3069/3069
f 2313/2313/2313 2338/2338/2338 1548/1548/1548
f 1300/1300/1300 2655/2655/2655 2676/2676/2676
f 3534/3534/3534 2716/2716/2716 2156/2156/2156
f 1042/1042/1042 1033/1033/1033 2923/2923/2923
f 2313/2313/2313 1466/1466/1466 3203/3203/3203
f 2576/2576/2576 3386/3386/3386 1955/1955/1955
f 2780/2780/2780 1257/1257/1257 1302/1302/1302
f 3425/3425/3425 2726/2726/2726 3139/3139/3139
f 3241/3241/3241 2112/2112/2112 1605/1605/1605
f 3810/3810/3810 2922/2922/2922 2492/2492/2492
f 417/417/417 1259/1259/1259 3439/3439/3439
f 2388/2388/2388 3423/3423/3423 2479/2479/2479
f 3388/3388/3388 3494/3494/3494 1013/1013/1013
f 1103/1103/1103 1330/1330/1330 1782/1782/1782
f 3108/3108/3108 2660/2660/2660 3156/3156/3156
f 2537/2537/2537 1757/1757/1757 3704/3704/3704
f 2729/2729/2729 3501/3501/3501 2370/2370/2370
f 3450/3450/3450 3441/3441/3441 1950/1950/1950
f 3703/3703/3703 3921/3921/3921 1605/1605/1605
f 83/83/83 3082/3082/3082 1121/1121/1121
f 693/693/693 2203/2203/2203 2970/2970/2970
f 437/437/437 1083/1083/1083 1421/1421/1421
f 2760/2760/2760 2363/2363/2363 1701/1701/1701
f 3367/3367/3367 2479/2479/2479 3527/3527/3527
f 3532/3532/3532 2275/2275/2275 2861/2861/2861
f 1137/1137/1137 1988/1988/1988 1379/1379/1379
f 1337/1337/1337 1326/1326/1326 1161/1161/1161
f 2492/2492/2492 817/817/817 1591/1591/1591
f 1641/1641/1641 3755/3755/3755 3264/3264/3264
f 2017/2017/2017 2604/2604/2604 1700/1700/1700
f 3704/3704/3704 407/407/407 320/320/320
f 876/876/876 971/971/971 2203/2203/2203
f 2760/2760/2760 1192/1192/1192 1851/1851/1851
f 3723/3723/3723 2713/2713/2713 2777/2777/2777
f 827/827/827 1013/1013/1013 799/799/799
f 1026/1026/1026 1330/1330/1330 3639/3639/3639
f 3122/3122/3122 1257/1257/1257 3617/3617/3617
f 2203/2203/2203 1394/1394/1394 2239/2239/2239
f 3404/3404/3404 1641/1641/1641 1012/1012/1012
f 3598/3598/3598 3450/3450/3450 1235/1235/1235
f 1042/1042/1042 2927/2927/2927 1284/1284/1284
f 3249/3249/3249 3851/3851/3851 1042/1042/1042
f 491/491/491 417/417/417 3181/3181/3181
f 3175/3175/3175 748/748/748 600/600/600
f 119/119/119 2518/2518/2518 2704/2704/2704
f 3327/3327/3327 3869/3869/3869 2054/2054/2054
f 2734/2734/2734 2492/2492/2492 1628/1628/1628
f 2604/2604/2604 3529/3529/3529 3558/3558/3558
f 841/841/841 1982/1982/1982 958/958/958
f 1042/1042/1042 2062/2062/2062 3394/3394/3394
f 1356/1356/1356 1013/1013/1013 797/797/797
f 16/16/16 2760/2760/2760 1614/1614/1614
f 2283/2283/2283 2817/2817/2817 2341/2341/2341
f 3197/3197/3197 654/654/654 2080/2080/2080
f 333/333/333 2729/2729/2729 345/345/345
f 438/438/438 517/517/517 417/417/417
f 2604/2604/2604 3327/3327/3327 2466/2466/2466
f 2203/2203/2203 3563/3563/3563 3312/3312/3312
f 2841/2841/2841 3285/3285/3285 2042/2042/2042
f 2660/2660/2660 2394/2394/2394 3121/3121/3121
f 1916/1916/1916 2656/2656/2656 130/130/130
f 2820/2820/2820 2492/2492/2492 931/931/931
f 3671/3671/3671 1214/1214/1214 1814/1814/1814
f 1849/1849/1849 3465/3465/3465 2990/2990/2990
f 3140/3140/3140 3704/3704/3704 2499/2499/2499
f 352/352/352 1167/1167/1167 376/376/376
f 2997/2997/2997 2610/2610/2610 2999/2999/2999
f 3774/3774/3774 1514/1514/1514 3864/3864/3864
f 359/359/359 2729/2729/2729 410/410/410
f 1178/1178/1178 1110/1110/1110 1042/1042/1042
f 2610/2610/2610 3857/3857/3857 3184/3184/3184
f 1003/1003/1003 1190/1190/1190 2135/2135/2135
f 130/130/130 1108/1108/1108 882/882/882
f 2307/2307/2307 808/808/808 2817/2817/2817
f 1482/1482/1482 3777/3777/3777 2445/2445/2445
f 2579/2579/2579 1442/1442/1442 2479/2479/2479
f 1663/1663/1663 958/958/958 1719/1719/1719
f 3327/3327/3327 2564/2564/2564 1106/1106/1106
f 2151/2151/2151 2604/2604/2604 2328/2328/2328
f 1613/1613/1613 338/338/338 1425/1425/1425
f 1560/1560/1560 130/130/130 3218/3218/3218
f 2735/2735/2735 1629/1629/1629 2726/2726/2726
f 2610/2610/2610 2771/2771/2771 2724/2724/2724
f 2861/2861/2861 3537/3537/3537 3854/3854/3854
f 2594/2594/2594 2726/2726/2726 3030/3030/3030
f 2202/2202/2202 1613/1613/1613 1305/1305/1305
f 3608/3608/3608 3060/3060/3060 2575/2575/2575
f 3002/3002/3002 27/27/27 1526/1526/1526
f 2876/2876/2876 1003/1003/1003 1362/1362/1362
f 922/922/922 957/957/957 697/697/697
f 21/21/21 1569/1569/1569 12/12/12
f 1194/1194/1194 1004/1004/1004 2203/2203/2203
f 3049/3049/3049 2118/2118/2118 2847/2847/2847
f 2817/2817/2817 1188/1188/1188 2965/2965/2965
f 3431/3431/3431 3897/3897/3897 3433/3433/3433
f 3352/3352/3352 1162/1162/1162 3237/3237/3237
f 272/272/272 2660/2660/2660 3912/3912/3912
f 1478/1478/1478 2610/2610/2610 2898/2898/2898
f 2134/2134/2134 1837/1837/1837 3092/3092/3092
f 1478/1478/1478 2634/2634/2634 2610/2610/2610
f 3017/3017/3017 3277/3277/3277 130/130/130
f 1089/1089/1089 3847/3847/3847 2861/2861/2861
f 2118/2118/2118 897/897/897 542/542/542
f 3712/3712/3712 3550/3550/3550 417/417/417
f 1187/1187/1187 2887/2887/2887 994/994/994
f 3773/3773/3773 2723/2723/2723 994/994/994
f 3788/3788/3788 3634/3634/3634 1730/1730/1730
f 3592/3592/3592 2203/2203/2203 3607/3607/3607
f 741/741/741 634/634/634 1294/1294/1294
f 1573/1573/1573 1729/1729/1729 3633/3633/3633
f 1091/1091/1091 1970/1970/1970 1119/1119/1119
f 2928/2928/2928 2610/2610/2610 1476/1476/1476
f 412/412/412 316/316/316 417/417/417
f 829/829/829 747/747/747 2492/2492/2492
f 958/958/958 553/553/553 596/596/596
f 2732/2732/2732 2870/2870/2870 1440/1440/1440
f 1134/1134/1134 2114/2114/2114 3327/3327/3327
f 2575/2575/2575 2754/2754/2754 3616/3616/3616
f 1573/1573/1573 3275/3275/3275 178/178/178
f 1932/1932/1932 1678/1678/1678 2660/2660/2660
f 2856/2856/2856 1980/1980/1980 2732/2732/2732
f 3624/3624/3624 3188/3188/3188 2043/2043/2043
f 597/597/597 3175/3175/3175 1114/1114/1114
f 2860/2860/2860 1337/1337/1337 1329/1329/1329
f 3450/3450/3450 3215/3215/3215 3726/3726/3726
f 3442/3442/3442 2792/2792/2792 417/417/417
f 3612/3612/3612 2754/2754/2754 2575/2575/2575
f 948/948/948 3197/3197/3197 702/702/702
f 3648/3648/3648 130/130/130 2385/2385/2385
f 741/741/741 689/689/689 692/692/692
f 2402/2402/2402 3031/3031/3031 2203/2203/2203
f 2729/2729/2729 3716/3716/3716 3600/3600/3600
f 1565/1565/1565 3617/3617/3617 1257/1257/1257
f 551/551/551 3388/3388/3388 1013/1013/1013
f 741/741/741 2489/2489/2489 627/627/627
f 3821/3821/3821 2549/2549/2549 3739/3739/3739
f 3183/3183/3183 711/711/711 2575/2575/2575
f 3434/3434/3434 3246/3246/3246 1573/1573/1573
f 1861/1861/1861 2072/2072/2072 2492/2492/2492
f 130/130/130 2775/2775/2775 2588/2588/2588
f 2675/2675/2675 3306/3306/3306 2118/2118/2118
f 3900/3900/3900 2492/2492/2492 3831/3831/3831
f 3835/3835/3835 2961/2961/2961 3679/3679/3679
f 2492/2492/2492 2038/2038/2038 1777/1777/1777
f 3510/3510/3510 2729/2729/2729 3774/3774/3774
f 2223/2223/2223 614/614/614 3197/3197/3197
f 3215/3215/3215 3450/3450/3450 2274/2274/2274
f 2622/2622/2622 276/276/276 1573/1573/1573
f 3748/3748/3748 1013/1013/1013 431/431/431
f 2610/2610/2610 2691/2691/2691 2612/2612/2612
f 3772/3772/3772 1482/1482/1482 2722/2722/2722
f 417/417/417 2218/2218/2218 2418/2418/2418
f 173/173/173 2392/2392/2392 3327/3327/3327
f 1337/1337/1337 3450/3450/3450 2602/2602/2602
f 2300/2300/2300 1072/1072/1072 2479/2479/2479
f 417/417/417 432/432/432 434/434/434
f 1728/1728/1728 3560/3560/3560 2604/2604/2604
f 2007/2007/2007 3093/3093/3093 1838/1838/1838
f 2683/2683/2683 3704/3704/3704 579/579/579
f 1372/1372/1372 2076/2076/2076 2777/2777/2777
f 413/413/413 486/486/486 1613/1613/1613
f 1572/1572/1572 3197/3197/3197 1817/1817/1817
f 3867/3867/3867 994/994/994 3546/3546/3546
f 701/701/701 741/741/741 759/759/759
f 3839/3839/3839 3327/3327/3327 2261/2261/2261
f 2203/2203/2203 1212/1212/1212 2560/2560/2560
f 3722/3722/3722 44/44/44 3788/3788/3788
f 3525/3525/3525 741/741/741 838/838/838
f 3704/3704/3704 2698/2698/2698 1144/1144/1144
f 2240/2240/2240 3895/3895/3895 2203/2203/2203
f 1310/1310/1310 3339/3339/3339 2203/2203/2203
f 2492/2492/2492 763/763/763 2220/2220/2220
f 3266/3266/3266 3327/3327/3327 1147/1147/1147
f 3304/3304/3304 1262/1262/1262 3824/3824/3824
f 2191/2191/2191 1204/1204/1204 2203/2203/2203
f 3704/3704/3704 1888/1888/1888 1882/1882/1882
f 336/336/336 1886/1886/1886 1013/1013/1013
f 3897/3897/3897 1908/1908/1908 3427/3427/3427
f 220/220/220 1008/1008/1008 470/470/470
f 958/958/958 1803/1803/1803 2210/2210/2210
f 3378/3378/3378 2819/2819/2819 2479/2479/2479
f 741/741/741 709/709/709 192/192/192
f 2729/2729/2729 1267/1267/1267 1152/1152/1152
f 448/448/448 366/366/366 1013/1013/1013
f 3118/3118/3118 3116/3116/3116 958/958/958
f 1634/1634/1634 2445/2445/2445 3777/3777/3777
f 1976/1976/1976 2089/2089/2089 417/417/417
f 3362/3362/3362 2090/2090/2090 1967/1967/1967
f 3570/3570/3570 3237/3237/3237 2624/2624/2624
f 3313/3313/3313 3564/3564/3564 1605/1605/1605
f 414/414/414 2729/2729/2729 487/487/487
f 2284/2284/2284 2342/2342/2342 2479/2479/2479
f 2604/2604/2604 2015/2015/2015 2682/2682/2682
f 1546/1546/1546 163/163/163 1641/1641/1641
f 2043/2043/2043 1601/1601/1601 2641/2641/2641
f 2149/2149/2149 1605/1605/1605 3921/3921/3921
f 2893/2893/2893 1809/1809/1809 1340/1340/1340
f 92/92/92 3450/3450/3450 2568/2568/2568
f 3805/3805/3805 2729/2729/2729 2828/2828/2828
f 3371/3371/3371 3671/3671/3671 1076/1076/1076
f 1013/1013/1013 3740/3740/3740 577/577/577
f 417/417/417 3855/3855/3855 1289/1289/1289
f 419/419/419 496/496/496 417/417/417
f 1786/1786/1786 1227/1227/1227 3798/3798/3798
f 2933/2933/2933 3062/3062/3062 2479/2479/2479
f 1931/1931/1931 1520/1520/1520 1677/1677/1677
f 2011/2011/2011 3327/3327/3327 2064/2064/2064
f 626/626/626 144/144/144 919/919/919
f 1383/1383/1383 2790/2790/2790 2134/2134/2134
f 3012/3012/3012 2604/2604/2604 1640/1640/1640
f 1545/1545/1545 3403/3403/3403 2492/2492/2492
f 693/693/693 538/538/538 2203/2203/2203
f 2095/2095/2095 2942/2942/2942 2794/2794/2794
f 2488/2488/2488 144/144/144 626/626/626
f 2203/2203/2203 1226/1226/1226 3676/3676/3676
f 1482/1482/1482 2445/2445/2445 3231/3231/3231
f 327/327/327 417/417/417 517/517/517
f 3237/3237/3237 2034/2034/2034 2053/2053/2053
f 1379/1379/1379 3093/3093/3093 2007/2007/2007
f 417/417/417 515/515/515 483/483/483
f 1891/1891/1891 2479/2479/2479 3333/3333/3333
f 603/603/603 3175/3175/3175 2366/2366/2366
f 2929/2929/2929 1337/1337/1337 3010/3010/3010
f 3819/3819/3819 2604/2604/2604 3163/3163/3163
f 1412/1412/1412 2861/2861/2861 3854/3854/3854
f 2843/2843/2843 1593/1593/1593 1042/1042/1042
f 1840/1840/1840 3668/3668/3668 1402/1402/1402
f 3809/3809/3809 2873/2873/2873 2874/2874/2874
f 56/56/56 2038/2038/2038 2492/2492/2492
f 1013/1013/1013 319/319/319 475/475/475
f 1698/1698/1698 3899/3899/3899 2492/2492/2492
f 3874/3874/3874 3197/3197/3197 1243/1243/1243
f 1042/1042/1042 1284/1284/1284 1497/1497/1497
f 1171/1171/1171 1409/1409/1409 2203/2203/2203
f 826/826/826 2492/2492/2492 791/791/791
f 321/321/321 1013/1013/1013 454/454/454
f 2880/2880/2880 2732/2732/2732 1031/1031/1031
f 2163/2163/2163 3714/3714/3714 1955/1955/1955
f 1042/1042/1042 3040/3040/3040 2998/2998/2998
f 2856/2856/2856 2732/2732/2732 1320/1320/1320
f 1833/1833/1833 541/541/541 2876/2876/2876
f 2829/2829/2829 2817/2817/2817 1504/1504/1504
f 1102/1102/1102 651/651/651 130/130/130
f 2586/2586/2586 3704/3704/3704 3200/3200/3200
f 1721/1721/1721 2245/2245/2245 2729/2729/2729
f 417/417/417 430/430/430 2356/2356/2356
f 1659/1659/1659 220/220/220 357/357/357
f 1680/1680/1680 417/417/417 1651/1651/1651
f 1835/1835/1835 417/417/417 2578/2578/2578
f 2575/2575/2575 2023/2023/2023 2346/2346/2346
f 890/890/890 144/144/144 959/959/959
f 2514/2514/2514 3679/3679/3679 1291/1291/1291
f 1449/1449/1449 2479/2479/2479 2271/2271/2271
f 388/388/388 1173/1173/1173 1613/1613/1613
f 1654/1654/1654 2203/2203/2203 2592/2592/2592
f 144/144/144 572/572/572 3746/3746/3746
f 1573/1573/1573 3493/3493/3493 1595/1595/1595
f 2817/2817/2817 114/114/114 2980/2980/2980
f 639/639/639 144/144/144 1080/1080/1080
f 1818/1818/1818 47/47/47 2729/2729/2729
f 130/130/130 1923/1923/1923 1054/1054/1054
f 2775/2775/2775 130/130/130 1914/1914/1914
f 1661/1661/1661 2088/2088/2088 3450/3450/3450
f 2355/2355/2355 429/429/429 1013/1013/1013
f 3791/3791/3791 2758/2758/2758 1003/1003/1003
f 608/608/608 2203/2203/2203 909/909/909
f 3583/3583/3583 3450/3450/3450 3520/3520/3520
f 2233/2233/2233 2777/2777/2777 1465/1465/1465
f 735/735/735 2492/2492/2492 831/831/831
f 818/818/818 130/130/130 782/782/782
f 2226/2226/2226 130/130/130 647/647/647
f 3775/3775/3775 647/647/647 130/130/130
f 1013/1013/1013 705/705/705 1845/1845/1845
f 1473/1473/1473 3016/3016/3016 3647/3647/3647
f 1732/1732/1732 3302/3302/3302 2492/2492/2492
f 219/219/219 349/349/349 417/417/417
f 1605/1605/1605 1929/1929/1929 2162/2162/2162
f 2492/2492/2492 2220/2220/2220 1447/1447/1447
f 1580/1580/1580 3897/3897/3897 3760/3760/3760
f 602/602/602 144/144/144 2756/2756/2756
f 2203/2203/2203 3891/3891/3891 2391/2391/2391
f 178/178/178 2867/2867/2867 3794/3794/3794
f 3740/3740/3740 1013/1013/1013 581/581/581
f 204/204/204 3549/3549/3549 1421/1421/1421
f 3713/3713/3713 3887/3887/3887 3327/3327/3327
f 2817/2817/2817 2644/2644/2644 1300/1300/1300
f 2259/2259/2259 1687/1687/1687 2134/2134/2134
f 2953/2953/2953 1760/1760/1760 2479/2479/2479
f 3548/3548/3548 1337/1337/1337 2288/2288/2288
f 3788/3788/3788 3753/3753/3753 3450/3450/3450
f 2651/2651/2651 1354/1354/1354 3637/3637/3637
f 2729/2729/2729 1258/1258/1258 3440/3440/3440
f 3328/3328/3328 2203/2203/2203 976/976/976
f 3386/3386/3386 2700/2700/2700 1003/1003/1003
f 178/178/178 3620/3620/3620 2229/2229/2229
f 318/318/318 466/466/466 417/417/417
f 2351/2351/2351 2610/2610/2610 2187/2187/2187
f 1284/1284/1284 3883/3883/3883 2714/2714/2714
f 402/402/402 1613/1613/1613 343/343/343
f 2760/2760/2760 2729/2729/2729 2273/2273/2273
f 2118/2118/2118 2373/2373/2373 3112/3112/3112
f 1472/1472/1472 2354/2354/2354 958/958/958
f 2817/2817/2817 1229/1229/1229 2376/2376/2376
f 2492/2492/2492 752/752/752 1529/1529/1529
f 579/579/579 3704/3704/3704 1452/1452/1452
f 2817/2817/2817 2221/2221/2221 730/730/730
f 3715/3715/3715 2575/2575/2575 1682/1682/1682
f 3038/3038/3038 2479/2479/2479 3382/3382/3382
f 2467/2467/2467 2784/2784/2784 2492/2492/2492
f 3503/3503/3503 3424/3424/3424 2492/2492/2492
f 3267/3267/3267 2777/2777/2777 2024/2024/2024
f 2447/2447/2447 813/813/813 1013/1013/1013
f 2329/2329/2329 2876/2876/2876 861/861/861
f 1955/1955/1955 1799/1799/1799 3584/3584/3584
f 869/869/869 638/638/638 2990/2990/2990
f 1423/1423/1423 3660/3660/3660 958/958/958
f 3511/3511/3511 2861/2861/2861 3502/3502/3502
f 1938/1938/1938 2118/2118/2118 2129/2129/2129
f 2164/2164/2164 2575/2575/2575 3715/3715/3715
f 1783/1783/1783 2459/2459/2459 2861/2861/2861
f 3348/3348/3348 3411/3411/3411 3897/3897/3897
f 3631/3631/3631 3538/3538/3538 3774/3774/3774
f 2214/2214/2214 958/958/958 1690/1690/1690
f 417/417/417 1890/1890/1890 3332/3332/3332
f 3700/3700/3700 130/130/130 2378/2378/2378
f 838/838/838 741/741/741 1322/1322/1322
f 2704/2704/2704 2382/2382/2382 2347/2347/2347
f 1319/1319/1319 2879/2879/2879 1337/1337/1337
f 191/191/191 2203/2203/2203 1427/1427/1427
f 3761/3761/3761 2651/2651/2651 3603/3603/3603
f 2479/2479/2479 2168/2168/2168 3376/3376/3376
f 1909/1909/1909 1644/1644/1644 3197/3197/3197
f 958/958/958 1778/1778/1778 2039/2039/2039
f 2217/2217/2217 2735/2735/2735 994/994/994
f 3112/3112/3112 2129/2129/2129 2118/2118/2118
f 3837/3837/3837 3327/3327/3327 3266/3266/3266
f 1753/1753/1753 3322/3322/3322 1641/1641/1641
f 1641/1641/1641 2389/2389/2389 1085/1085/1085
f 3350/3350/3350 2603/2603/2603 3897/3897/3897
f 2947/2947/2947 994/994/994 1123/1123/1123
f 2992/2992/2992 1382/1382/1382 1605/1605/1605
f 3125/3125/3125 994/994/994 2468/2468/2468
f 3900/3900/3900 3672/3672/3672 2492/2492/2492
f 2286/2286/2286 367/367/367 417/417/417
f 1666/1666/1666 2176/2176/2176 2575/2575/2575
f 2610/2610/2610 1265/1265/1265 2974/2974/2974
f 3588/3588/3588 978/978/978 2876/2876/2876
f 2797/2797/2797 2644/2644/2644 2817/2817/2817
f 2992/2992/2992 1605/1605/1605 2604/2604/2604
f 2437/2437/2437 1003/1003/1003 2393/2393/2393
f 2604/2604/2604 1513/1513/1513 1868/1868/1868
f 741/741/741 982/982/982 845/845/845
f 2817/2817/2817 2667/2667/2667 3379/3379/3379
f 321/321/321 1158/1158/1158 1013/1013/1013
f 3897/3897/3897 1658/1658/1658 1878/1878/1878
f 156/156/156 3304/3304/3304 3787/3787/3787
f 233/233/233 3304/3304/3304 1051/1051/1051
f 1699/1699/1699 3491/3491/3491 3702/3702/3702
f 3045/3045/3045 2203/2203/2203 3328/3328/3328
f 3817/3817/3817 2733/2733/2733 3704/3704/3704
f 76/76/76 3187/3187/3187 2729/2729/2729
f 3175/3175/3175 3068/3068/3068 2442/2442/2442
f 2610/2610/2610 216/216/216 1795/1795/1795
f 1274/1274/1274 3143/3143/3143 2704/2704/2704
f 203/203/203 1042/1042/1042 1110/1110/1110
f 2817/2817/2817 2376/2376/2376 1504/1504/1504
f 684/684/684 2817/2817/2817 730/730/730
f 994/994/994 3447/3447/3447 3309/3309/3309
f 2454/2454/2454 2263/2263/2263 2363/2363/2363
f 1662/1662/1662 1951/1951/1951 417/417/417
f 2454/2454/2454 3864/3864/3864 1515/1515/1515
f 2511/2511/2511 3237/3237/3237 1327/1327/1327
f 1037/1037/1037 1216/1216/1216 1885/1885/1885
f 3079/3079/3079 1337/1337/1337 1272/1272/1272
f 1155/1155/1155 2492/2492/2492 742/742/742
f 2724/2724/2724 1609/1609/1609 135/135/135
f 3772/3772/3772 1484/1484/1484 1482/1482/1482
f 2970/2970/2970 2203/2203/2203 530/530/530
f 3146/3146/3146 1423/1423/1423 958/958/958
f 1337/1337/1337 2962/2962/2962 3836/3836/3836
f 675/675/675 144/144/144 3746/3746/3746
f 2134/2134/2134 2790/2790/2790 3680/3680/3680
f 3027/3027/3027 2407/2407/2407 3904/3904/3904
f 2390/2390/2390 1042/1042/1042 1086/1086/1086
f 2575/2575/2575 3591/3591/3591 1332/1332/1332
f 2492/2492/2492 3650/3650/3650 1454/1454/1454
f 393/393/393 2470/2470/2470 376/376/376
f 1670/1670/1670 3368/3368/3368 1524/1524/1524
f 2203/2203/2203 2560/2560/2560 2131/2131/2131
f 3838/3838/3838 3327/3327/3327 3839/3839/3839
f 3091/3091/3091 3398/3398/3398 1284/1284/1284
f 3111/3111/3111 2372/2372/2372 2610/2610/2610
f 2900/2900/2900 2425/2425/2425 130/130/130
f 2521/2521/2521 2610/2610/2610 2046/2046/2046
f 3450/3450/3450 1488/1488/1488 2935/2935/2935
f 3134/3134/3134 2454/2454/2454 3076/3076/3076
f 2047/2047/2047 1042/1042/1042 2522/2522/2522
f 2951/2951/2951 1808/1808/1808 2892/2892/2892
f 1613/1613/1613 2565/2565/2565 2469/2469/2469
f 213/213/213 1573/1573/1573 2689/2689/2689
f 1027/1027/1027 2861/2861/2861 2459/2459/2459
f 2704/2704/2704 2315/2315/2315 1365/1365/1365
f 689/689/689 741/741/741 3525/3525/3525
f 3248/3248/3248 1641/1641/1641 3850/3850/3850
f 3223/3223/3223 2990/2990/2990 3043/3043/3043
f 178/178/178 1566/1566/1566 3620/3620/3620
f 27/27/27 3002/3002/3002 2408/2408/2408
f 556/556/556 2227/2227/2227 2492/2492/2492
f 1337/1337/1337 3298/3298/3298 2896/2896/2896
f 3103/3103/3103 2527/2527/2527 1337/1337/1337
f 1641/1641/1641 2788/2788/2788 1753/1753/1753
f 185/185/185 3578/3578/3578 2203/2203/2203
f 678/678/678 2267/2267/2267 741/741/741
f 223/223/223 3679/3679/3679 2961/2961/2961
f 2243/2243/2243 3243/3243/3243 3299/3299/3299
f 2610/2610/2610 3840/3840/3840 1111/1111/1111
f 2610/2610/2610 2745/2745/2745 3840/3840/3840
f 3253/3253/3253 2861/2861/2861 1078/1078/1078
f 2203/2203/2203 2638/2638/2638 2523/2523/2523
f 1120/1120/1120 3081/3081/3081 1003/1003/1003
f 43/43/43 3721/3721/3721 1573/1573/1573
f 3653/3653/3653 1759/1759/1759 3450/3450/3450
f 3434/3434/3434 1573/1573/1573 3752/3752/3752
f 1276/1276/1276 2134/2134/2134 1413/1413/1413
f 2575/2575/2575 2524/2524/2524 2639/2639/2639
f 3228/3228/3228 2217/2217/2217 994/994/994
f 1337/1337/1337 2773/2773/2773 2862/2862/2862
f 3197/3197/3197 981/981/981 1909/1909/1909
f 1731/1731/1731 1146/1146/1146 3823/3823/3823
f 2740/2740/2740 1047/1047/1047 1564/1564/1564
f 2876/2876/2876 663/663/663 883/883/883
f 3897/3897/3897 1583/1583/1583 3350/3350/3350
f 3385/3385/3385 2203/2203/2203 2192/2192/2192
f 1827/1827/1827 178/178/178 3275/3275/3275
f 1846/1846/1846 3061/3061/3061 1337/1337/1337
f 1741/1741/1741 3777/3777/3777 1863/1863/1863
f 3196/3196/3196 1585/1585/1585 130/130/130
f 2203/2203/2203 2198/2198/2198 1314/1314/1314
f 162/162/162 2492/2492/2492 1725/1725/1725
f 43/43/43 1573/1573/1573 3633/3633/3633
f 1613/1613/1613 3704/3704/3704 2565/2565/2565
f 2479/2479/2479 2688/2688/2688 1261/1261/1261
f 3729/3729/3729 2161/2161/2161 2861/2861/2861
f 351/351/351 1613/1613/1613 1166/1166/1166
f 2916/2916/2916 2078/2078/2078 1337/1337/1337
f 2761/2761/2761 2610/2610/2610 1554/1554/1554
f 1699/1699/1699 3702/3702/3702 2016/2016/2016
f 1955/1955/1955 1003/1003/1003 1067/1067/1067
f 1667/1667/1667 2797/2797/2797 2817/2817/2817
f 2729/2729/2729 473/473/473 1652/1652/1652
f 1232/1232/1232 2794/2794/2794 130/130/130
f 1342/1342/1342 3022/3022/3022 3165/3165/3165
f 1943/1943/1943 2117/2117/2117 1613/1613/1613
f 1559/1559/1559 1429/1429/1429 220/220/220
f 3386/3386/3386 1003/1003/1003 1955/1955/1955
f 110/110/110 1613/1613/1613 2512/2512/2512
f 2760/2760/2760 1234/1234/1234 1898/1898/1898
f 958/958/958 1241/1241/1241 1128/1128/1128
f 676/676/676 3747/3747/3747 3175/3175/3175
f 1337/1337/1337 2993/2993/2993 2510/2510/2510
f 1120/1120/1120 1003/1003/1003 1184/1184/1184
f 2143/2143/2143 3327/3327/3327 3884/3884/3884
f 2231/2231/2231 3197/3197/3197 3874/3874/3874
f 2178/2178/2178 2474/2474/2474 2575/2575/2575
f 124/124/124 2861/2861/2861 3611/3611/3611
f 1592/1592/1592 1641/1641/1641 2061/2061/2061
f 205/205/205 417/417/417 3550/3550/3550
f 550/550/550 575/575/575 1636/1636/1636
f 2426/2426/2426 2901/2901/2901 1340/1340/1340
f 2538/2538/2538 1134/1134/1134 3327/3327/3327
f 1216/1216/1216 2664/2664/2664 2882/2882/2882
f 3197/3197/3197 911/911/911 637/637/637
f 2610/2610/2610 1993/1993/1993 2972/2972/2972
f 2492/2492/2492 2750/2750/2750 2236/2236/2236
f 601/601/601 749/749/749 3175/3175/3175
f 2767/2767/2767 130/130/130 1775/1775/1775
f 3327/3327/3327 3413/3413/3413 1296/1296/1296
f 3450/3450/3450 3420/3420/3420 2918/2918/2918
f 2876/2876/2876 1457/1457/1457 2433/2433/2433
f 611/611/611 2203/2203/2203 950/950/950
f 3515/3515/3515 2262/2262/2262 2311/2311/2311
f 83/83/83 2071/2071/2071 2562/2562/2562
f 2205/2205/2205 362/362/362 417/417/417
f 153/153/153 417/417/417 2556/2556/2556
f 408/408/408 405/405/405 1613/1613/1613
f 2176/2176/2176 2832/2832/2832 2575/2575/2575
f 1487/1487/1487 3534/3534/3534 2934/2934/2934
f 3327/3327/3327 1605/1605/1605 3413/3413/3413
f 2557/2557/2557 822/822/822 130/130/130
f 3699/3699/3699 2377/2377/2377 1473/1473/1473
f 1789/1789/1789 1787/1787/1787 2760/2760/2760
f 30/30/30 2492/2492/2492 764/764/764
f 1716/1716/1716 2485/2485/2485 3237/3237/3237
f 2341/2341/2341 2817/2817/2817 2835/2835/2835
f 2952/2952/2952 3450/3450/3450 1759/1759/1759
f 1042/1042/1042 1497/1497/1497 3236/3236/3236
f 994/994/994 2654/2654/2654 2885/2885/2885
f 3025/3025/3025 2139/2139/2139 3327/3327/3327
f 3596/3596/3596 2650/2650/2650 130/130/130
f 136/136/136 417/417/417 8/8/8
f 130/130/130 3277/3277/3277 2966/2966/2966
f 130/130/130 3803/3803/3803 877/877/877
f 2282/2282/2282 1939/1939/1939 3368/3368/3368
f 280/280/280 823/823/823 1013/1013/1013
f 2510/2510/2510 1326/1326/1326 1337/1337/1337
f 1159/1159/1159 1641/1641/1641 3322/3322/3322
f 2290/2290/2290 144/144/144 870/870/870
f 2260/2260/2260 2660/2660/2660 1688/1688/1688
f 267/267/267 3324/3324/3324 3304/3304/3304
f 3132/3132/3132 2610/2610/2610 1773/1773/1773
f 2351/2351/2351 1265/1265/1265 2610/2610/2610
f 1628/1628/1628 2492/2492/2492 2169/2169/2169
f 65/65/65 3737/3737/3737 1340/1340/1340
f 3347/3347/3347 1337/1337/1337 3410/3410/3410
f 2185/2185/2185 2431/2431/2431 3450/3450/3450
f 3024/3024/3024 13/13/13 2732/2732/2732
f 2449/2449/2449 1337/1337/1337 1825/1825/1825
f 2729/2729/2729 1652/1652/1652 1831/1831/1831
f 1954/1954/1954 1941/1941/1941 3197/3197/3197
f 3243/3243/3243 3321/3321/3321 1380/1380/1380
f 3046/3046/3046 3329/3329/3329 741/741/741
f 3872/3872/3872 2397/2397/2397 130/130/130
f 653/653/653 1013/1013/1013 1845/1845/1845
f 3219/3219/3219 2492/2492/2492 1561/1561/1561
f 1325/1325/1325 1092/1092/1092 3327/3327/3327
f 2686/2686/2686 2590/2590/2590 1480/1480/1480
f 1667/1667/1667 2817/2817/2817 2495/2495/2495
f 3826/3826/3826 1608/1608/1608 2671/2671/2671
f 1760/1760/1760 3655/3655/3655 2479/2479/2479
f 1631/1631/1631 3341/3341/3341 1927/1927/1927
f 1337/1337/1337 1069/1069/1069 2140/2140/2140
f 3671/3671/3671 1902/1902/1902 2305/2305/2305
f 135/135/135 1779/1779/1779 2249/2249/2249
f 2841/2841/2841 2042/2042/2042 2666/2666/2666
f 302/302/302 220/220/220 2119/2119/2119
f 119/119/119 2704/2704/2704 2029/2029/2029
f 3763/3763/3763 3777/3777/3777 1393/1393/1393
f 2454/2454/2454 128/128/128 2567/2567/2567
f 161/161/161 1346/1346/1346 2575/2575/2575
f 2126/2126/2126 939/939/939 130/130/130
f 3329/3329/3329 977/977/977 741/741/741
f 2401/2401/2401 3368/3368/3368 2706/2706/2706
f 1896/1896/1896 2722/2722/2722 1482/1482/1482
f 3430/3430/3430 3432/3432/3432 3450/3450/3450
f 1682/1682/1682 2575/2575/2575 1620/1620/1620
f 220/220/220 1793/1793/1793 371/371/371
f 1558/1558/1558 941/941/941 665/665/665
f 1337/1337/1337 3526/3526/3526 1069/1069/1069
f 2861/2861/2861 1927/1927/1927 3341/3341/3341
f 2561/2561/2561 2070/2070/2070 1003/1003/1003
f 2631/2631/2631 1946/1946/1946 3450/3450/3450
f 1955/1955/1955 1619/1619/1619 3580/3580/3580
f 3714/3714/3714 1681/1681/1681 1955/1955/1955
f 1019/1019/1019 3553/3553/3553 2454/2454/2454
f 239/239/239 220/220/220 1613/1613/1613
f 1074/1074/1074 144/144/144 1094/1094/1094
f 111/111/111 2513/2513/2513 417/417/417
f 1864/1864/1864 2718/2718/2718 994/994/994
f 2777/2777/2777 1491/1491/1491 2926/2926/2926
f 3623/3623/3623 2729/2729/2729 3187/3187/3187
f 2861/2861/2861 2907/2907/2907 1182/1182/1182
f 837/837/837 1321/1321/1321 2203/2203/2203
f 417/417/417 2513/2513/2513 355/355/355
f 2511/2511/2511 2994/2994/2994 3237/3237/3237
f 1479/1479/1479 2899/2899/2899 83/83/83
f 126/126/126 1721/1721/1721 2729/2729/2729
f 47/47/47 3576/3576/3576 2729/2729/2729
f 1803/1803/1803 958/958/958 3660/3660/3660
f 3393/3393/3393 1641/1641/1641 2890/2890/2890
f 904/904/904 646/646/646 2492/2492/2492
f 807/807/807 990/990/990 130/130/130
f 2549/2549/2549 3088/3088/3088 3283/3283/3283
f 1849/1849/1849 2990/2990/2990 913/913/913
f 1337/1337/1337 2140/2140/2140 2152/2152/2152
f 1824/1824/1824 1352/1352/1352 2610/2610/2610
f 3337/3337/3337 1375/1375/1375 3327/3327/3327
f 1573/1573/1573 3257/3257/3257 3530/3530/3530
f 2479/2479/2479 2186/2186/2186 2953/2953/2953
f 2610/2610/2610 2395/2395/2395 1195/1195/1195
f 3100/3100/3100 3243/3243/3243 3104/3104/3104
f 3180/3180/3180 2628/2628/2628 1013/1013/1013
f 3704/3704/3704 499/499/499 498/498/498
f 1015/1015/1015 2606/2606/2606 83/83/83
f 451/451/451 336/336/336 1013/1013/1013
f 1083/1083/1083 423/423/423 1421/1421/1421
f 2876/2876/2876 541/541/541 896/896/896
f 2798/2798/2798 130/130/130 2645/2645/2645
f 870/870/870 144/144/144 639/639/639
f 1194/1194/1194 2203/2203/2203 1960/1960/1960
f 130/130/130 1485/1485/1485 943/943/943
f 3390/3390/3390 3919/3919/3919 2203/2203/2203
f 3624/3624/3624 2043/2043/2043 2549/2549/2549
f 1469/1469/1469 3345/3345/3345 2861/2861/2861
f 2045/2045/2045 2575/2575/2575 980/980/980
f 144/144/144 3224/3224/3224 3044/3044/3044
f 3014/3014/3014 3798/3798/3798 2430/2430/2430
f 3327/3327/3327 2142/2142/2142 2098/2098/2098
f 2861/2861/2861 178/178/178 1089/1089/1089
f 2954/2954/2954 1808/1808/1808 2951/2951/2951
f 2174/2174/2174 2002/2002/2002 2660/2660/2660
f 2549/2549/2549 1819/1819/1819 2208/2208/2208
f 2575/2575/2575 2615/2615/2615 2925/2925/2925
f 2729/2729/2729 1942/1942/1942 1267/1267/1267
f 1216/1216/1216 1548/1548/1548 2973/2973/2973
f 3407/3407/3407 884/884/884 1558/1558/1558
f 2732/2732/2732 1440/1440/1440 2296/2296/2296
f 3152/3152/3152 1876/1876/1876 3141/3141/3141
f 1115/1115/1115 2951/2951/2951 2984/2984/2984
f 1608/1608/1608 2857/2857/2857 1340/1340/1340
f 2864/2864/2864 1337/1337/1337 2862/2862/2862
f 2737/2737/2737 2870/2870/2870 1359/1359/1359
f 1613/1613/1613 1406/1406/1406 2212/2212/2212
f 3435/3435/3435 3753/3753/3753 3788/3788/3788
f 3671/3671/3671 3371/3371/3371 1214/1214/1214
f 266/266/266 2575/2575/2575 973/973/973
f 2479/2479/2479 3657/3657/3657 3877/3877/3877
f 1360/1360/1360 1337/1337/1337 2253/2253/2253
f 2839/2839/2839 528/528/528 2492/2492/2492
f 3777/3777/3777 1741/1741/1741 2632/2632/2632
f 2203/2203/2203 1105/1105/1105 2563/2563/2563
f 2757/2757/2757 2526/2526/2526 3175/3175/3175
f 1571/1571/1571 2492/2492/2492 2072/2072/2072
f 3197/3197/3197 586/586/586 683/683/683
f 135/135/135 1853/1853/1853 1586/1586/1586
f 3450/3450/3450 3391/3391/3391 2602/2602/2602
f 2048/2048/2048 3356/3356/3356 3304/3304/3304
f 2610/2610/2610 2761/2761/2761 3003/3003/3003
f 3253/3253/3253 3383/3383/3383 2861/2861/2861
f 2492/2492/2492 1237/1237/1237 1732/1732/1732
f 123/123/123 1279/1279/1279 1337/1337/1337
f 3327/3327/3327 1714/1714/1714 3172/3172/3172
f 1026/1026/1026 2458/2458/2458 1330/1330/1330
f 994/994/994 246/246/246 3024/3024/3024
f 3419/3419/3419 2344/2344/2344 2479/2479/2479
f 2861/2861/2861 2551/2551/2551 3601/3601/3601
f 2174/2174/2174 2660/2660/2660 3458/3458/3458
f 1608/1608/1608 1763/1763/1763 2857/2857/2857
f 3237/3237/3237 3918/3918/3918 3212/3212/3212
f 2732/2732/2732 2444/2444/2444 1444/1444/1444
f 958/958/958 3137/3137/3137 1962/1962/1962
f 130/130/130 857/857/857 565/565/565
f 417/417/417 2120/2120/2120 2058/2058/2058
f 3382/3382/3382 2479/2479/2479 2196/2196/2196
f 3297/3297/3297 2851/2851/2851 958/958/958
f 2936/2936/2936 3869/3869/3869 3327/3327/3327
f 1702/1702/1702 2364/2364/2364 2786/2786/2786
f 2652/2652/2652 21/21/21 2124/2124/2124
f 2732/2732/2732 3743/3743/3743 2869/2869/2869
f 2570/2570/2570 3735/3735/3735 3450/3450/3450
f 740/740/740 2492/2492/2492 747/747/747
f 1699/1699/1699 2580/2580/2580 3491/3491/3491
f 151/151/151 2515/2515/2515 1216/1216/1216
f 3175/3175/3175 1804/1804/1804 3661/3661/3661
f 1629/1629/1629 2170/2170/2170 2726/2726/2726
f 2817/2817/2817 1734/1734/1734 1712/1712/1712
f 376/376/376 3881/3881/3881 240/240/240
f 1771/1771/1771 3671/3671/3671 2305/2305/2305
f 993/993/993 1820/1820/1820 1589/1589/1589
f 3406/3406/3406 520/520/520 2876/2876/2876
f 1556/1556/1556 1613/1613/1613 1510/1510/1510
f 2876/2876/2876 921/921/921 529/529/529
f 2593/2593/2593 2492/2492/2492 2571/2571/2571
f 1863/1863/1863 3777/3777/3777 2717/2717/2717
f 2544/2544/2544 1042/1042/1042 3355/3355/3355
f 3664/3664/3664 3037/3037/3037 1421/1421/1421
f 1367/1367/1367 3396/3396/3396 3534/3534/3534
f 2118/2118/2118 1747/1747/1747 898/898/898
f 2917/2917/2917 1216/1216/1216 2079/2079/2079
f 144/144/144 629/629/629 3764/3764/3764
f 2861/2861/2861 1727/1727/1727 3532/3532/3532
f 288/288/288 1330/1330/1330 2501/2501/2501
f 3175/3175/3175 770/770/770 891/891/891
f 460/460/460 445/445/445 417/417/417
f 1406/1406/1406 1173/1173/1173 348/348/348
f 144/144/144 714/714/714 878/878/878
f 2118/2118/2118 1363/1363/1363 3500/3500/3500
f 1797/1797/1797 425/425/425 1013/1013/1013
f 3507/3507/3507 2043/2043/2043 3682/3682/3682
f 3018/3018/3018 810/810/810 2817/2817/2817
f 994/994/994 2723/2723/2723 2313/2313/2313
f 382/382/382 356/356/356 220/220/220
f 135/135/135 2249/2249/2249 2610/2610/2610
f 700/700/700 2203/2203/2203 915/915/915
f 2124/2124/2124 21/21/21 2884/2884/2884
f 130/130/130 818/818/818 784/784/784
f 417/417/417 2721/2721/2721 1832/1832/1832
f 2577/2577/2577 2660/2660/2660 3387/3387/3387
f 3450/3450/3450 3614/3614/3614 1488/1488/1488
f 3567/3567/3567 1009/1009/1009 130/130/130
f 3681/3681/3681 2791/2791/2791 2660/2660/2660
f 659/659/659 3175/3175/3175 2658/2658/2658
f 239/239/239 1613/1613/1613 351/351/351
f 1319/1319/1319 1337/1337/1337 2855/2855/2855
f 1337/1337/1337 2853/2853/2853 2736/2736/2736
f 3902/3902/3902 2811/2811/2811 1573/1573/1573
f 940/940/940 2127/2127/2127 2492/2492/2492
f 1257/1257/1257 3793/3793/3793 2866/2866/2866
f 3351/3351/3351 3444/3444/3444 1337/1337/1337
f 1562/1562/1562 2519/2519/2519 2492/2492/2492
f 1635/1635/1635 2726/2726/2726 2446/2446/2446
f 147/147/147 2678/2678/2678 1073/1073/1073
f 2975/2975/2975 2313/2313/2313 3006/3006/3006
f 1066/1066/1066 3520/3520/3520 3450/3450/3450
f 3510/3510/3510 3774/3774/3774 3538/3538/3538
f 685/685/685 731/731/731 130/130/130
f 704/704/704 934/934/934 741/741/741
f 1366/1366/1366 2760/2760/2760 3395/3395/3395
f 1138/1138/1138 3210/3210/3210 417/417/417
f 3907/3907/3907 1415/1415/1415 1636/1636/1636
f 202/202/202 1641/1641/1641 1549/1549/1549
f 1756/1756/1756 3529/3529/3529 2604/2604/2604
f 2832/2832/2832 1718/1718/1718 2575/2575/2575
f 578/578/578 130/130/130 2478/2478/2478
f 2454/2454/2454 1515/1515/1515 2729/2729/2729
f 3193/3193/3193 1216/1216/1216 1451/1451/1451
f 403/403/403 344/344/344 417/417/417
f 1138/1138/1138 417/417/417 450/450/450
f 1919/1919/1919 130/130/130 1054/1054/1054
f 2704/2704/2704 1282/1282/1282 1274/1274/1274
f 294/294/294 741/741/741 618/618/618
f 164/164/164 3675/3675/3675 2729/2729/2729
f 724/724/724 713/713/713 741/741/741
f 3733/3733/3733 1973/1973/1973 3242/3242/3242
f 3426/3426/3426 1907/1907/1907 3450/3450/3450
f 789/789/789 2492/2492/2492 564/564/564
f 2729/2729/2729 2207/2207/2207 1818/1818/1818
f 1641/1641/1641 1977/1977/1977 951/951/951
f 266/266/266 772/772/772 2575/2575/2575
f 2355/2355/2355 1013/1013/1013 480/480/480
f 281/281/281 130/130/130 824/824/824
f 3375/3375/3375 417/417/417 1835/1835/1835
f 2686/2686/2686 1482/1482/1482 1823/1823/1823
f 29/29/29 3450/3450/3450 3732/3732/3732
f 3313/3313/3313 1605/1605/1605 2112/2112/2112
f 1983/1983/1983 1333/1333/1333 2043/2043/2043
f 2492/2492/2492 1335/1335/1335 3124/3124/3124
f 1605/1605/1605 3346/3346/3346 1470/1470/1470
f 3319/3319/3319 1410/1410/1410 1605/1605/1605
f 2934/2934/2934 3534/3534/3534 2584/2584/2584
f 74/74/74 220/220/220 371/371/371
f 3150/3150/3150 2876/2876/2876 3278/3278/3278
f 149/149/149 3165/3165/3165 2680/2680/2680
f 3793/3793/3793 1257/1257/1257 1911/1911/1911
f 2479/2479/2479 1768/1768/1768 3205/3205/3205
f 1308/1308/1308 2558/2558/2558 1337/1337/1337
f 1659/1659/1659 513/513/513 220/220/220
f 2203/2203/2203 1717/1717/1717 2831/2831/2831
f 1275/1275/1275 135/135/135 2539/2539/2539
f 3687/3687/3687 2729/2729/2729 1540/1540/1540
f 1221/1221/1221 220/220/220 1024/1024/1024
f 263/263/263 2278/2278/2278 3265/3265/3265
f 3704/3704/3704 1552/1552/1552 2113/2113/2113
f 532/532/532 922/922/922 697/697/697
f 2309/2309/2309 2605/2605/2605 1003/1003/1003
f 2043/2043/2043 2325/2325/2325 1986/1986/1986
f 315/315/315 2203/2203/2203 2739/2739/2739
f 3635/3635/3635 1865/1865/1865 2541/2541/2541
f 2951/2951/2951 2380/2380/2380 2954/2954/2954
f 2946/2946/2946 1122/1122/1122 130/130/130
f 2081/2081/2081 655/655/655 741/741/741
f 3368/3368/3368 3185/3185/3185 3859/3859/3859
f 3246/3246/3246 1139/1139/1139 1573/1573/1573
f 130/130/130 788/788/788 563/563/563
f 1473/1473/1473 2384/2384/2384 3699/3699/3699
f 2492/2492/2492 944/944/944 1486/1486/1486
f 946/946/946 903/903/903 130/130/130
f 2367/2367/2367 3863/3863/3863 3327/3327/3327
f 3704/3704/3704 3705/3705/3705 2074/2074/2074
f 3516/3516/3516 3450/3450/3450 3753/3753/3753
f 1028/1028/1028 267/267/267 3304/3304/3304
f 1174/1174/1174 417/417/417 349/349/349
f 2316/2316/2316 3704/3704/3704 1757/1757/1757
f 462/462/462 1171/1171/1171 2203/2203/2203
f 1633/1633/1633 3327/3327/3327 2065/2065/2065
f 134/134/134 3010/3010/3010 1337/1337/1337
f 2690/2690/2690 2033/2033/2033 3458/3458/3458
f 2101/2101/2101 2203/2203/2203 40/40/40
f 3236/3236/3236 2304/2304/2304 1042/1042/1042
f 244/244/244 2294/2294/2294 1605/1605/1605
f 753/753/753 645/645/645 2492/2492/2492
f 1444/1444/1444 3566/3566/3566 1216/1216/1216
f 1298/1298/1298 3197/3197/3197 835/835/835
f 2861/2861/2861 124/124/124 3541/3541/3541
f 2492/2492/2492 2784/2784/2784 2751/2751/2751
f 3704/3704/3704 477/477/477 395/395/395
f 3195/3195/3195 23/23/23 2817/2817/2817
f 994/994/994 2887/2887/2887 2654/2654/2654
f 877/877/877 622/622/622 130/130/130
f 1284/1284/1284 1462/1462/1462 1170/1170/1170
f 2593/2593/2593 3029/3029/3029 2492/2492/2492
f 1315/1315/1315 3470/3470/3470 2610/2610/2610
f 1608/1608/1608 10/10/10 2331/2331/2331
f 417/417/417 426/426/426 1798/1798/1798
f 2414/2414/2414 1287/1287/1287 2043/2043/2043
f 618/618/618 741/741/741 619/619/619
f 1641/1641/1641 144/144/144 2679/2679/2679
f 3175/3175/3175 2215/2215/2215 1691/1691/1691
f 1290/1290/1290 2479/2479/2479 1891/1891/1891
f 994/994/994 3217/3217/3217 2009/2009/2009
f 2614/2614/2614 178/178/178 2183/2183/2183
f 741/741/741 37/37/37 975/975/975
f 1104/1104/1104 2861/2861/2861 2502/2502/2502
f 3096/3096/3096 83/83/83 2068/2068/2068
f 1407/1407/1407 2803/2803/2803 3897/3897/3897
f 688/688/688 3523/3523/3523 2876/2876/2876
f 130/130/130 2814/2814/2814 2056/2056/2056
f 1698/1698/1698 2492/2492/2492 1915/1915/1915
f 2610/2610/2610 2545/2545/2545 3857/3857/3857
f 3524/3524/3524 837/837/837 2203/2203/2203
f 611/611/611 35/35/35 2203/2203/2203
f 3611/3611/3611 2861/2861/2861 2753/2753/2753
f 81/81/81 3795/3795/3795 2043/2043/2043
f 2043/2043/2043 190/190/190 2647/2647/2647
f 3559/3559/3559 1727/1727/1727 2861/2861/2861
f 1605/1605/1605 1017/1017/1017 3319/3319/3319
f 130/130/130 2909/2909/2909 2900/2900/2900
f 2610/2610/2610 2059/2059/2059 216/216/216
f 1046/1046/1046 1796/1796/1796 2118/2118/2118
f 446/446/446 1613/1613/1613 411/411/411
f 1704/1704/1704 3368/3368/3368 2396/2396/2396
f 3788/3788/3788 2412/2412/2412 3722/3722/3722
f 3804/3804/3804 3704/3704/3704 1144/1144/1144
f 3372/3372/3372 3668/3668/3668 1215/1215/1215
f 1337/1337/1337 2741/2741/2741 26/26/26
f 2043/2043/2043 3818/3818/3818 3162/3162/3162
f 2729/2729/2729 414/414/414 447/447/447
f 2760/2760/2760 16/16/16 3395/3395/3395
f 3596/3596/3596 130/130/130 901/901/901
f 584/584/584 828/828/828 130/130/130
f 1541/1541/1541 2043/2043/2043 3688/3688/3688
f 1254/1254/1254 2506/2506/2506 3671/3671/3671
f 3711/3711/3711 326/326/326 1421/1421/1421
f 696/696/696 937/937/937 2575/2575/2575
f 3014/3014/3014 1786/1786/1786 3798/3798/3798
f 3211/3211/3211 3917/3917/3917 1337/1337/1337
f 900/900/900 666/666/666 699/699/699
f 456/456/456 400/400/400 2729/2729/2729
f 1883/1883/1883 3671/3671/3671 1253/1253/1253
f 140/140/140 462/462/462 2203/2203/2203
f 3450/3450/3450 3745/3745/3745 2878/2878/2878
f 1013/1013/1013 2157/2157/2157 444/444/444
f 812/812/812 887/887/887 1013/1013/1013
f 130/130/130 2942/2942/2942 2944/2944/2944
f 3450/3450/3450 175/175/175 2631/2631/2631
f 963/963/963 1013/1013/1013 2477/2477/2477
f 130/130/130 2778/2778/2778 2012/2012/2012
f 299/299/299 3175/3175/3175 2319/2319/2319
f 1805/1805/1805 2282/2282/2282 3368/3368/3368
f 3730/3730/3730 2453/2453/2453 1605/1605/1605
f 2810/2810/2810 1955/1955/1955 3492/3492/3492
f 3652/3652/3652 2575/2575/2575 2474/2474/2474
f 417/417/417 3/3/3 3855/3855/3855
f 723/723/723 2435/2435/2435 2990/2990/2990
f 1003/1003/1003 3120/3120/3120 2393/2393/2393
f 3765/3765/3765 630/630/630 741/741/741
f 1221/1221/1221 357/357/357 220/220/220
f 2990/2990/2990 2400/2400/2400 2705/2705/2705
f 1624/1624/1624 866/866/866 1613/1613/1613
f 2004/2004/2004 3796/3796/3796 3327/3327/3327
f 2601/2601/2601 958/958/958 1431/1431/1431
f 2203/2203/2203 278/278/278 3336/3336/3336
f 2729/2729/2729 2640/2640/2640 1600/1600/1600
f 850/850/850 674/674/674 3175/3175/3175
f 2742/2742/2742 2463/2463/2463 2817/2817/2817
f 2752/2752/2752 2785/2785/2785 994/994/994
f 3671/3671/3671 3797/3797/3797 3152/3152/3152
f 144/144/144 3281/3281/3281 1344/1344/1344
f 286/286/286 146/146/146 2575/2575/2575
f 2728/2728/2728 2575/2575/2575 3008/3008/3008
f 2729/2729/2729 2084/2084/2084 1493/1493/1493
f 2811/2811/2811 3493/3493/3493 1573/1573/1573
f 82/82/82 3327/3327/3327 3796/3796/3796
f 2133/2133/2133 1960/1960/1960 2203/2203/2203
f 130/130/130 651/651/651 2154/2154/2154
f 2228/2228/2228 3619/3619/3619 1565/1565/1565
f 3897/3897/3897 1878/1878/1878 1460/1460/1460
f 2492/2492/2492 527/527/527 1082/1082/1082
f 2726/2726/2726 3232/3232/3232 2446/2446/2446
f 1799/1799/1799 1955/1955/1955 1769/1769/1769
f 2913/2913/2913 2915/2915/2915 1340/1340/1340
f 2817/2817/2817 2270/2270/2270 3373/3373/3373
f 2258/2258/2258 2203/2203/2203 2172/2172/2172
f 1340/1340/1340 3204/3204/3204 1767/1767/1767
f 144/144/144 2106/2106/2106 543/543/543
f 441/441/441 3704/3704/3704 500/500/500
f 1581/1581/1581 1519/1519/1519 3327/3327/3327
f 2817/2817/2817 2965/2965/2965 3276/3276/3276
f 3828/3828/3828 3327/3327/3327 3822/3822/3822
f 2203/2203/2203 315/315/315 995/995/995
f 3197/3197/3197 1941/1941/1941 1860/1860/1860
f 151/151/151 1216/1216/1216 2406/2406/2406
f 1603/1603/1603 3450/3450/3450 3610/3610/3610
f 2043/2043/2043 1639/1639/1639 3818/3818/3818
f 3327/3327/3327 2604/2604/2604 2017/2017/2017
f 2938/2938/2938 1608/1608/1608 2960/2960/2960
f 144/144/144 878/878/878 1293/1293/1293
f 2415/2415/2415 2861/2861/2861 1512/1512/1512
f 535/535/535 2203/2203/2203 1210/1210/1210
f 130/130/130 718/718/718 800/800/800
f 3704/3704/3704 966/966/966 1574/1574/1574
f 3563/3563/3563 2203/2203/2203 3477/3477/3477
f 2719/2719/2719 130/130/130 565/565/565
f 3132/3132/3132 1245/1245/1245 2610/2610/2610
f 2013/2013/2013 2779/2779/2779 994/994/994
f 1042/1042/1042 201/201/201 2927/2927/2927
f 1641/1641/1641 3303/3303/3303 3825/3825/3825
f 190/190/190 2043/2043/2043 2641/2641/2641
f 2084/2084/2084 2729/2729/2729 2374/2374/2374
f 2203/2203/2203 3448/3448/3448 3477/3477/3477
f 1839/1839/1839 3255/3255/3255 1841/1841/1841
f 2492/2492/2492 756/756/756 817/817/817
f 1743/1743/1743 3723/3723/3723 2777/2777/2777
f 1408/1408/1408 2479/2479/2479 2804/2804/2804
f 2152/2152/2152 1692/1692/1692 1337/1337/1337
f 419/419/419 417/417/417 3199/3199/3199
f 1013/1013/1013 373/373/373 3893/3893/3893
f 289/289/289 2502/2502/2502 2861/2861/2861
f 1487/1487/1487 3613/3613/3613 3534/3534/3534
f 417/417/417 2356/2356/2356 481/481/481
f 2271/2271/2271 2479/2479/2479 3374/3374/3374
f 220/220/220 1542/1542/1542 1559/1559/1559
f 3368/3368/3368 2401/2401/2401 1607/1607/1607
f 1340/1340/1340 2050/2050/2050 3204/3204/3204
f 3327/3327/3327 3806/3806/3806 2000/2000/2000
f 2083/2083/2083 3415/3415/3415 417/417/417
f 1431/1431/1431 958/958/958 2256/2256/2256
f 1608/1608/1608 2297/2297/2297 2671/2671/2671
f 935/935/935 130/130/130 2744/2744/2744
f 2729/2729/2729 3695/3695/3695 3815/3815/3815
f 2008/2008/2008 2686/2686/2686 3545/3545/3545
f 255/255/255 253/253/253 741/741/741
f 417/417/417 3415/3415/3415 2721/2721/2721
f 106/106/106 958/958/958 2214/2214/2214
f 2313/2313/2313 2726/2726/2726 3230/3230/3230
f 1828/1828/1828 2134/2134/2134 3157/3157/3157
f 2285/2285/2285 1013/1013/1013 366/366/366
f 2704/2704/2704 1857/1857/1857 2382/2382/2382
f 3297/3297/3297 958/958/958 1507/1507/1507
f 1340/1340/1340 2574/2574/2574 2960/2960/2960
f 2352/2352/2352 2188/2188/2188 2313/2313/2313
f 218/218/218 501/501/501 2729/2729/2729
f 2479/2479/2479 1446/1446/1446 2168/2168/2168
f 1641/1641/1641 3393/3393/3393 2061/2061/2061
f 34/34/34 1739/1739/1739 27/27/27
f 3197/3197/3197 958/958/958 881/881/881
f 343/343/343 1613/1613/1613 1425/1425/1425
f 2495/2495/2495 2817/2817/2817 2335/2335/2335
f 1421/1421/1421 503/503/503 2817/2817/2817
f 82/82/82 2362/2362/2362 3327/3327/3327
f 2118/2118/2118 558/558/558 2675/2675/2675
f 29/29/29 3234/3234/3234 3450/3450/3450
f 3254/3254/3254 2194/2194/2194 1605/1605/1605
f 700/700/700 758/758/758 2203/2203/2203
f 1937/1937/1937 2128/2128/2128 2610/2610/2610
f 433/433/433 1013/1013/1013 1671/1671/1671
f 130/130/130 1655/1655/1655 2824/2824/2824
f 2993/2993/2993 1337/1337/1337 2976/2976/2976
f 1003/1003/1003 3081/3081/3081 3913/3913/3913
f 237/237/237 2618/2618/2618 2610/2610/2610
f 132/132/132 3368/3368/3368 3022/3022/3022
f 2827/2827/2827 2238/2238/2238 3704/3704/3704
f 417/417/417 512/512/512 494/494/494
f 3053/3053/3053 3175/3175/3175 1720/1720/1720
f 1013/1013/1013 3097/3097/3097 493/493/493
f 681/681/681 2876/2876/2876 2197/2197/2197
f 3175/3175/3175 984/984/984 574/574/574
f 375/375/375 1213/1213/1213 220/220/220
f 3734/3734/3734 3540/3540/3540 2144/2144/2144
f 1955/1955/1955 2516/2516/2516 71/71/71
f 1256/1256/1256 2037/2037/2037 2625/2625/2625
f 2159/2159/2159 198/198/198 2760/2760/2760
f 1872/1872/1872 2604/2604/2604 2358/2358/2358
f 227/227/227 2203/2203/2203 728/728/728
f 3207/3207/3207 1957/1957/1957 1284/1284/1284
f 2203/2203/2203 568/568/568 1280/1280/1280
f 2203/2203/2203 1398/1398/1398 3405/3405/3405
f 2610/2610/2610 210/210/210 1390/1390/1390
f 2729/2729/2729 2201/2201/2201 1304/1304/1304
f 1238/1238/1238 417/417/417 3210/3210/3210
f 2462/2462/2462 3809/3809/3809 3742/3742/3742
f 108/108/108 1421/1421/1421 421/421/421
f 2768/2768/2768 1776/1776/1776 2492/2492/2492
f 2479/2479/2479 2783/2783/2783 2476/2476/2476
f 3590/3590/3590 2861/2861/2861 1331/1331/1331
f 2834/2834/2834 1250/1250/1250 2479/2479/2479
f 1577/1577/1577 3897/3897/3897 2387/2387/2387
f 2203/2203/2203 1643/1643/1643 682/682/682
f 178/178/178 3123/3123/3123 3618/3618/3618
f 197/197/197 3075/3075/3075 3168/3168/3168
f 95/95/95 2859/2859/2859 2610/2610/2610
f 187/187/187 2203/2203/2203 2523/2523/2523
f 3083/3083/3083 41/41/41 2873/2873/2873
f 2479/2479/2479 3655/3655/3655 2793/2793/2793
f 3455/3455/3455 2861/2861/2861 1928/1928/1928
f 994/994/994 2945/2945/2945 2943/2943/2943
f 3581/3581/3581 1620/1620/1620 2575/2575/2575
f 722/722/722 3197/3197/3197 932/932/932
f 1242/1242/1242 3175/3175/3175 1129/1129/1129
f 1160/1160/1160 1042/1042/1042 3851/3851/3851
f 2536/2536/2536 899/899/899 871/871/871
f 2861/2861/2861 2648/2648/2648 3487/3487/3487
f 1622/1622/1622 2726/2726/2726 3504/3504/3504
f 2373/2373/2373 2118/2118/2118 1339/1339/1339
f 2041/2041/2041 3175/3175/3175 2526/2526/2526
f 2203/2203/2203 2595/2595/2595 3890/3890/3890
f 417/417/417 1061/1061/1061 323/323/323
f 2651/2651/2651 230/230/230 3603/3603/3603
f 2660/2660/2660 3315/3315/3315 3681/3681/3681
f 189/189/189 2729/2729/2729 2646/2646/2646
f 104/104/104 1306/1306/1306 2990/2990/2990
f 3555/3555/3555 2861/2861/2861 1417/1417/1417
f 928/928/928 741/741/741 253/253/253
f 3023/3023/3023 245/245/245 21/21/21
f 1113/1113/1113 1977/1977/1977 958/958/958
f 2492/2492/2492 716/716/716 2769/2769/2769
f 3135/3135/3135 3077/3077/3077 3450/3450/3450
f 1337/1337/1337 2746/2746/2746 2613/2613/2613
f 3003/3003/3003 2582/2582/2582 2610/2610/2610
f 2492/2492/2492 1454/1454/1454 965/965/965
f 1405/1405/1405 2279/2279/2279 3237/3237/3237
f 3469/3469/3469 256/256/256 417/417/417
f 939/939/939 777/777/777 130/130/130
f 2005/2005/2005 263/263/263 3265/3265/3265
f 212/212/212 469/469/469 417/417/417
f 2629/2629/2629 3181/3181/3181 417/417/417
f 2492/2492/2492 2764/2764/2764 1010/1010/1010
f 1421/1421/1421 3037/3037/3037 3381/3381/3381
f 1255/1255/1255 2876/2876/2876 2035/2035/2035
f 188/188/188 2575/2575/2575 711/711/711
f 3744/3744/3744 2454/2454/2454 2877/2877/2877
f 2313/2313/2313 1774/1774/1774 3006/3006/3006
f 235/235/235 2876/2876/2876 3523/3523/3523
f 2920/2920/2920 2052/2052/2052 1573/1573/1573
f 3248/3248/3248 1395/1395/1395 1641/1641/1641
f 1260/1260/1260 2687/2687/2687 1337/1337/1337
f 38/38/38 1117/1117/1117 2729/2729/2729
f 3671/3671/3671 1842/1842/1842 3256/3256/3256
f 325/325/325 1013/1013/1013 3707/3707/3707
f 2099/2099/2099 2203/2203/2203 1038/1038/1038
f 1042/1042/1042 3812/3812/3812 1086/1086/1086
f 1733/1733/1733 3825/3825/3825 3303/3303/3303
f 1955/1955/1955 1067/1067/1067 3128/3128/3128
f 1104/1104/1104 1783/1783/1783 2861/2861/2861
f 577/577/577 2477/2477/2477 1013/1013/1013
f 1848/1848/1848 3498/3498/3498 3197/3197/3197
f 96/96/96 2288/2288/2288 1337/1337/1337
f 910/910/910 2492/2492/2492 636/636/636
f 1613/1613/1613 360/360/360 411/411/411
f 2118/2118/2118 1458/1458/1458 3066/3066/3066
f 1573/1573/1573 2872/2872/2872 3554/3554/3554
f 638/638/638 1079/1079/1079 2990/2990/2990
f 417/417/417 1494/1494/1494 2085/2085/2085
f 21/21/21 12/12/12 3023/3023/3023
f 3270/3270/3270 3268/3268/3268 1042/1042/1042
f 1573/1573/1573 3259/3259/3259 2920/2920/2920
f 3783/3783/3783 3450/3450/3450 2431/2431/2431
f 1544/1544/1544 3878/3878/3878 3327/3327/3327
f 401/401/401 1613/1613/1613 486/486/486
f 1216/1216/1216 3566/3566/3566 2748/2748/2748
f 2610/2610/2610 2553/2553/2553 1156/1156/1156
f 354/354/354 2512/2512/2512 1613/1613/1613
f 130/130/130 822/822/822 628/628/628
f 3917/3917/3917 2976/2976/2976 1337/1337/1337
f 3267/3267/3267 3269/3269/3269 2777/2777/2777
f 130/130/130 308/308/308 86/86/86
f 2492/2492/2492 2850/2850/2850 3296/3296/3296
f 417/417/417 334/334/334 346/346/346
f 1234/1234/1234 2760/2760/2760 3597/3597/3597
f 189/189/189 2640/2640/2640 2729/2729/2729
f 14/14/14 880/880/880 2492/2492/2492
f 3687/3687/3687 2339/2339/2339 2729/2729/2729
f 2990/2990/2990 2289/2289/2289 869/869/869
f 1284/1284/1284 1957/1957/1957 3230/3230/3230
f 3557/3557/3557 2861/2861/2861 3555/3555/3555
f 815/815/815 1013/1013/1013 656/656/656
f 741/741/741 184/184/184 571/571/571
f 2322/2322/2322 2492/2492/2492 732/732/732
f 3237/3237/3237 1988/1988/1988 2007/2007/2007
f 130/130/130 1919/1919/1919 2166/2166/2166
f 11/11/11 2479/2479/2479 2332/2332/2332
f 2726/2726/2726 1622/1622/1622 3030/3030/3030
f 3368/3368/3368 132/132/132 2706/2706/2706
f 196/196/196 83/83/83 3074/3074/3074
f 417/417/417 409/409/409 472/472/472
f 528/528/528 764/764/764 2492/2492/2492
f 1133/1133/1133 2537/2537/2537 3704/3704/3704
f 1155/1155/1155 232/232/232 2492/2492/2492
f 1436/1436/1436 3704/3704/3704 518/518/518
f 3271/3271/3271 2693/2693/2693 1641/1641/1641
f 958/958/958 3284/3284/3284 2840/2840/2840
f 57/57/57 3137/3137/3137 958/958/958
f 436/436/436 334/334/334 417/417/417
f 1419/1419/1419 2873/2873/2873 2507/2507/2507
f 3214/3214/3214 2273/2273/2273 2729/2729/2729
f 207/207/207 562/562/562 2575/2575/2575
f 250/250/250 952/952/952 3175/3175/3175
f 3613/3613/3613 1920/1920/1920 3534/3534/3534
f 1558/1558/1558 3807/3807/3807 592/592/592
f 1127/1127/1127 1060/1060/1060 2726/2726/2726
f 2610/2610/2610 1156/1156/1156 2898/2898/2898
f 1805/1805/1805 2424/2424/2424 2282/2282/2282
f 2236/2236/2236 2768/2768/2768 2492/2492/2492
f 3425/3425/3425 3504/3504/3504 2726/2726/2726
f 3771/3771/3771 2686/2686/2686 1483/1483/1483
f 3269/3269/3269 258/258/258 2777/2777/2777
f 3901/3901/3901 1641/1641/1641 3673/3673/3673
f 3518/3518/3518 3135/3135/3135 3450/3450/3450
f 2156/2156/2156 2584/2584/2584 3534/3534/3534
f 895/895/895 1013/1013/1013 566/566/566
f 859/859/859 936/936/936 2203/2203/2203
f 2421/2421/2421 1337/1337/1337 2692/2692/2692
f 717/717/717 889/889/889 3197/3197/3197
f 2686/2686/2686 3638/3638/3638 1482/1482/1482
f 958/958/958 1962/1962/1962 2248/2248/2248
f 3450/3450/3450 1899/1899/1899 1235/1235/1235
f 2729/2729/2729 2245/2245/2245 2122/2122/2122
f 2094/2094/2094 1921/1921/1921 3450/3450/3450
f 1231/1231/1231 3166/3166/3166 1013/1013/1013
f 201/201/201 1042/1042/1042 2025/2025/2025
f 476/476/476 417/417/417 2257/2257/2257
f 2729/2729/2729 2116/2116/2116 1942/1942/1942
f 1852/1852/1852 3534/3534/3534 1615/1615/1615
f 2787/2787/2787 2592/2592/2592 2203/2203/2203
f 2254/2254/2254 1216/1216/1216 1361/1361/1361
f 3780/3780/3780 2729/2729/2729 1304/1304/1304
f 2468/2468/2468 994/994/994 2785/2785/2785
f 3262/3262/3262 1932/1932/1932 1220/1220/1220
f 2594/2594/2594 2572/2572/2572 1042/1042/1042
f 478/478/478 417/417/417 476/476/476
f 3366/3366/3366 3526/3526/3526 1337/1337/1337
f 3569/3569/3569 1936/1936/1936 1715/1715/1715
f 3047/3047/3047 1013/1013/1013 895/895/895
f 1929/1929/1929 1605/1605/1605 3456/3456/3456
f 2931/2931/2931 417/417/417 452/452/452
f 1637/1637/1637 290/290/290 3767/3767/3767
f 2660/2660/2660 2292/2292/2292 998/998/998
f 2604/2604/2604 1023/1023/1023 1142/1142/1142
f 135/135/135 1709/1709/1709 2242/2242/2242
f 2203/2203/2203 3459/3459/3459 2206/2206/2206
f 1892/1892/1892 3582/3582/3582 2760/2760/2760
f 1340/1340/1340 2938/2938/2938 2957/2957/2957
f 1663/1663/1663 298/298/298 958/958/958
f 144/144/144 2525/2525/2525 2756/2756/2756
f 994/994/994 2893/2893/2893 1340/1340/1340
f 3710/3710/3710 3154/3154/3154 1227/1227/1227
f 3897/3897/3897 3411/3411/3411 1583/1583/1583
f 3460/3460/3460 2311/2311/2311 2262/2262/2262
f 2990/2990/2990 2118/2118/2118 2422/2422/2422
f 27/27/27 2932/2932/2932 1399/1399/1399
f 1575/1575/1575 741/741/741 260/260/260
f 172/172/172 1105/1105/1105 2203/2203/2203
f 1547/1547/1547 2337/2337/2337 2610/2610/2610
f 994/994/994 2735/2735/2735 2726/2726/2726
f 1113/1113/1113 958/958/958 596/596/596
f 3556/3556/3556 2604/2604/2604 3558/3558/3558
f 1930/1930/1930 1829/1829/1829 1520/1520/1520
f 347/347/347 3641/3641/3641 3704/3704/3704
f 2492/2492/2492 1776/1776/1776 3149/3149/3149
f 104/104/104 2990/2990/2990 2422/2422/2422
f 564/564/564 2492/2492/2492 826/826/826
f 3841/3841/3841 1337/1337/1337 1112/1112/1112
f 3628/3628/3628 1573/1573/1573 2766/2766/2766
f 3450/3450/3450 2715/2715/2715 3221/3221/3221
f 3133/3133/3133 2313/2313/2313 1246/1246/1246
f 3574/3574/3574 2861/2861/2861 3571/3571/3571
f 1373/1373/1373 2313/2313/2313 2077/2077/2077
f 3813/3813/3813 2951/2951/2951 2450/2450/2450
f 2549/2549/2549 2208/2208/2208 3624/3624/3624
f 314/314/314 514/514/514 417/417/417
f 3240/3240/3240 2799/2799/2799 2203/2203/2203
f 261/261/261 2223/2223/2223 3197/3197/3197
f 2990/2990/2990 2547/2547/2547 1516/1516/1516
f 1978/1978/1978 3906/3906/3906 952/952/952
f 614/614/614 1148/1148/1148 3197/3197/3197
f 479/479/479 1163/1163/1163 1013/1013/1013
f 2134/2134/2134 1276/1276/1276 2540/2540/2540
f 1990/1990/1990 3052/3052/3052 958/958/958
f 182/182/182 2118/2118/2118 2554/2554/2554
f 3480/3480/3480 1605/1605/1605 3449/3449/3449
f 2203/2203/2203 679/679/679 2333/2333/2333
f 98/98/98 642/642/642 144/144/144
f 2203/2203/2203 609/609/609 909/909/909
f 1856/1856/1856 2575/2575/2575 2383/2383/2383
f 2817/2817/2817 892/892/892 2055/2055/2055
f 2729/2729/2729 3675/3675/3675 2021/2021/2021
f 1393/1393/1393 3777/3777/3777 1355/1355/1355
f 2203/2203/2203 2473/2473/2473 2177/2177/2177
f 3419/3419/3419 2479/2479/2479 3421/3421/3421
f 1336/1336/1336 994/994/994 3125/3125/3125
f 1044/1044/1044 1253/1253/1253 3057/3057/3057
f 1383/1383/1383 2134/2134/2134 1687/1687/1687
f 226/226/226 130/130/130 2222/2222/2222
f 3074/3074/3074 83/83/83 1239/1239/1239
f 2604/2604/2604 3556/3556/3556 1418/1418/1418
f 1141/1141/1141 1022/1022/1022 2043/2043/2043
f 585/585/585 3197/3197/3197 743/743/743
f 885/885/885 572/572/572 144/144/144
f 1358/1358/1358 1337/1337/1337 2736/2736/2736
f 1228/1228/1228 2105/2105/2105 3704/3704/3704
f 1366/1366/1366 1124/1124/1124 2454/2454/2454
f 3202/3202/3202 2777/2777/2777 1963/1963/1963
f 2876/2876/2876 3065/3065/3065 1457/1457/1457
f 3557/3557/3557 3528/3528/3528 2861/2861/2861
f 544/544/544 2107/2107/2107 741/741/741
f 490/490/490 3180/3180/3180 1013/1013/1013
f 1936/1936/1936 3788/3788/3788 1715/1715/1715
f 1805/1805/1805 3368/3368/3368 2423/2423/2423
f 545/545/545 657/657/657 130/130/130
f 3090/3090/3090 3050/3050/3050 3242/3242/3242
f 358/358/358 417/417/417 1660/1660/1660
f 3892/3892/3892 113/113/113 3327/3327/3327
f 2738/2738/2738 1385/1385/1385 3197/3197/3197
f 534/534/534 130/130/130 567/567/567
f 2203/2203/2203 610/610/610 604/604/604
f 126/126/126 2729/2729/2729 3440/3440/3440
f 1708/1708/1708 3175/3175/3175 3147/3147/3147
f 3220/3220/3220 2760/2760/2760 1898/1898/1898
f 729/729/729 1666/1666/1666 2575/2575/2575
f 1955/1955/1955 2924/2924/2924 2182/2182/2182
f 885/885/885 144/144/144 769/769/769
f 53/53/53 3016/3016/3016 1473/1473/1473
f 3380/3380/3380 2479/2479/2479 1612/1612/1612
f 3601/3601/3601 2907/2907/2907 2861/2861/2861
f 1328/1328/1328 1476/1476/1476 2610/2610/2610
f 100/100/100 3197/3197/3197 2110/2110/2110
f 193/193/193 2986/2986/2986 1955/1955/1955
f 1303/1303/1303 1573/1573/1573 2781/2781/2781
f 2266/2266/2266 2203/2203/2203 2333/2333/2333
f 2835/2835/2835 2817/2817/2817 3845/3845/3845
f 1340/1340/1340 2957/2957/2957 2574/2574/2574
f 220/220/220 3880/3880/3880 1793/1793/1793
f 2999/2999/2999 2610/2610/2610 2582/2582/2582
f 3508/3508/3508 3683/3683/3683 2604/2604/2604
f 722/722/722 287/287/287 3197/3197/3197
f 900/900/900 1748/1748/1748 666/666/666
f 741/741/741 3808/3808/3808 2436/2436/2436
f 1013/1013/1013 433/433/433 431/431/431
f 1290/1290/1290 3856/3856/3856 2479/2479/2479
f 2487/2487/2487 3663/3663/3663 2870/2870/2870
f 130/130/130 2425/2425/2425 158/158/158
f 265/265/265 2876/2876/2876 771/771/771
f 1564/1564/1564 25/25/25 2740/2740/2740
f 2867/2867/2867 1573/1573/1573 1499/1499/1499
f 741/741/741 593/593/593 3808/3808/3808
f 2203/2203/2203 608/608/608 912/912/912
f 3588/3588/3588 2876/2876/2876 875/875/875
f 2625/2625/2625 1531/1531/1531 1256/1256/1256
f 417/417/417 363/363/363 515/515/515
f 2930/2930/2930 1013/1013/1013 425/425/425
f 2852/2852/2852 1013/1013/1013 548/548/548
f 3224/3224/3224 144/144/144 2290/2290/2290
f 1905/1905/1905 2293/2293/2293 2203/2203/2203
f 2272/2272/2272 261/261/261 3197/3197/3197
f 2549/2549/2549 3704/3704/3704 3452/3452/3452
f 257/257/257 368/368/368 3704/3704/3704
f 17/17/17 3534/3534/3534 3396/3396/3396
f 417/417/417 466/466/466 3469/3469/3469
f 761/761/761 632/632/632 741/741/741
f 2580/2580/2580 3071/3071/3071 3491/3491/3491
f 2983/2983/2983 83/83/83 1181/1181/1181
f 283/283/283 257/257/257 3704/3704/3704
f 3049/3049/3049 1339/1339/1339 2118/2118/2118
f 312/312/312 3704/3704/3704 3353/3353/3353
f 6/6/6 417/417/417 3335/3335/3335
f 220/220/220 239/239/239 3880/3880/3880
f 2621/2621/2621 1041/1041/1041 3704/3704/3704
f 1378/1378/1378 3464/3464/3464 2203/2203/2203
f 2762/2762/2762 1555/1555/1555 2313/2313/2313
f 423/423/423 421/421/421 1421/1421/1421
f 230/230/230 2651/2651/2651 2888/2888/2888
f 2876/2876/2876 3150/3150/3150 1536/1536/1536
f 798/798/798 130/130/130 1357/1357/1357
f 723/723/723 2990/2990/2990 712/712/712
f 417/417/417 481/481/481 3749/3749/3749
f 139/139/139 1012/1012/1012 1641/1641/1641
f 3433/3433/3433 3897/3897/3897 2643/2643/2643
f 3763/3763/3763 3604/3604/3604 3777/3777/3777
f 3281/3281/3281 1209/1209/1209 1344/1344/1344
f 110/110/110 488/488/488 1613/1613/1613
f 3595/3595/3595 1605/1605/1605 3171/3171/3171
f 3704/3704/3704 1882/1882/1882 1043/1043/1043
f 3815/3815/3815 3693/3693/3693 2729/2729/2729
f 2492/2492/2492 840/840/840 804/804/804
f 1801/1801/1801 2661/2661/2661 130/130/130
f 350/350/350 220/220/220 497/497/497
f 2492/2492/2492 968/968/968 2353/2353/2353
f 918/918/918 79/79/79 741/741/741
f 144/144/144 661/661/661 919/919/919
f 2118/2118/2118 2027/2027/2027 2847/2847/2847
f 2726/2726/2726 2313/2313/2313 2723/2723/2723
f 1456/1456/1456 2123/2123/2123 3450/3450/3450
f 1955/1955/1955 3274/3274/3274 3627/3627/3627
f 2118/2118/2118 2895/2895/2895 3168/3168/3168
f 2729/2729/2729 3738/3738/3738 3282/3282/3282
f 2876/2876/2876 520/520/520 690/690/690
f 126/126/126 3364/3364/3364 1721/1721/1721
f 3867/3867/3867 1481/1481/1481 994/994/994
f 134/134/134 1337/1337/1337 20/20/20
f 986/986/986 661/661/661 3197/3197/3197
f 3774/3774/3774 3310/3310/3310 3631/3631/3631
f 3450/3450/3450 2642/2642/2642 3677/3677/3677
f 417/417/417 2792/2792/2792 3654/3654/3654
f 2660/2660/2660 2670/2670/2670 3912/3912/3912
f 130/130/130 2794/2794/2794 2942/2942/2942
f 3768/3768/3768 1573/1573/1573 3506/3506/3506
f 842/842/842 1013/1013/1013 813/813/813
f 1038/1038/1038 2203/2203/2203 3164/3164/3164
f 178/178/178 1792/1792/1792 1324/1324/1324
f 1869/1869/1869 958/958/958 3799/3799/3799
f 136/136/136 1441/1441/1441 417/417/417
f 495/495/495 418/418/418 1613/1613/1613
f 3568/3568/3568 2492/2492/2492 1010/1010/1010
f 1125/1125/1125 1367/1367/1367 3534/3534/3534
f 994/994/994 1481/1481/1481 2591/2591/2591
f 145/145/145 2203/2203/2203 695/695/695
f 1314/1314/1314 236/236/236 2203/2203/2203
f 892/892/892 2817/2817/2817 684/684/684
f 1955/1955/1955 1323/1323/1323 1791/1791/1791
f 1100/1100/1100 1482/1482/1482 1484/1484/1484
f 3545/3545/3545 2686/2686/2686 3866/3866/3866
f 1903/1903/1903 1772/1772/1772 2306/2306/2306
f 1071/1071/1071 2299/2299/2299 130/130/130
f 2760/2760/2760 3220/3220/3220 1192/1192/1192
f 396/396/396 3704/3704/3704 2125/2125/2125
f 97/97/97 853/853/853 2990/2990/2990
f 305/305/305 3199/3199/3199 417/417/417
f 1842/1842/1842 3671/3671/3671 2506/2506/2506
f 3368/3368/3368 3471/3471/3471 1316/1316/1316
f 745/745/745 741/741/741 571/571/571
f 2729/2729/2729 3282/3282/3282 3087/3087/3087
f 130/130/130 2496/2496/2496 2336/2336/2336
f 2203/2203/2203 2111/2111/2111 3240/3240/3240
f 130/130/130 793/793/793 782/782/782
f 3400/3400/3400 3883/3883/3883 1284/1284/1284
f 2579/2579/2579 2479/2479/2479 1836/1836/1836
f 500/500/500 3704/3704/3704 1264/1264/1264
f 1254/1254/1254 3671/3671/3671 2075/2075/2075
f 3852/3852/3852 417/417/417 329/329/329
f 3342/3342/3342 1605/1605/1605 1724/1724/1724
f 94/94/94 3243/3243/3243 1710/1710/1710
f 2067/2067/2067 2309/2309/2309 1003/1003/1003
f 1103/1103/1103 2501/2501/2501 1330/1330/1330
f 415/415/415 497/497/497 220/220/220
f 1360/1360/1360 3192/3192/3192 1337/1337/1337
f 2058/2058/2058 387/387/387 417/417/417
f 1541/1541/1541 3690/3690/3690 2043/2043/2043
f 1340/1340/1340 2857/2857/2857 3300/3300/3300
f 1724/1724/1724 1605/1605/1605 3595/3595/3595
f 130/130/130 552/552/552 819/819/819
f 2455/2455/2455 2610/2610/2610 1180/1180/1180
f 2575/2575/2575 3630/3630/3630 2190/2190/2190
f 2479/2479/2479 1070/1070/1070 3527/3527/3527
f 3548/3548/3548 1048/1048/1048 1337/1337/1337
f 241/241/241 1573/1573/1573 54/54/54
f 622/622/622 80/80/80 130/130/130
f 1160/1160/1160 3323/3323/3323 1042/1042/1042
f 1605/1605/1605 1632/1632/1632 244/244/244
f 2990/2990/2990 1516/1516/1516 3250/3250/3250
f 443/443/443 460/460/460 417/417/417
f 3451/3451/3451 2729/2729/2729 3087/3087/3087
f 361/361/361 2204/2204/2204 1613/1613/1613
f 417/417/417 374/374/374 443/443/443
f 679/679/679 2203/2203/2203 1321/1321/1321
f 3281/3281/3281 144/144/144 2548/2548/2548
f 3401/3401/3401 2742/2742/2742 2817/2817/2817
f 1245/1245/1245 1554/1554/1554 2610/2610/2610
f 2203/2203/2203 936/936/936 695/695/695
f 741/741/741 796/796/796 2494/2494/2494
f 88/88/88 3540/3540/3540 3609/3609/3609
f 417/417/417 358/358/358 1222/1222/1222
f 2203/2203/2203 3312/3312/3312 2111/2111/2111
f 3106/3106/3106 3243/3243/3243 1989/1989/1989
f 182/182/182 1046/1046/1046 2118/2118/2118
f 1955/1955/1955 3586/3586/3586 2924/2924/2924
f 3059/3059/3059 2203/2203/2203 160/160/160
f 2479/2479/2479 3443/3443/3443 2087/2087/2087
f 1482/1482/1482 1100/1100/1100 1823/1823/1823
f 283/283/283 3704/3704/3704 3641/3641/3641
f 949/949/949 950/950/950 2203/2203/2203
f 144/144/144 670/670/670 1685/1685/1685
f 2001/2001/2001 2134/2134/2134 1534/1534/1534
f 3174/3174/3174 83/83/83 2849/2849/2849
f 588/588/588 2492/2492/2492 765/765/765
f 3097/3097/3097 1013/1013/1013 3893/3893/3893
f 1284/1284/1284 3230/3230/3230 2726/2726/2726
f 3175/3175/3175 674/674/674 606/606/606
f 2910/2910/2910 994/994/994 1340/1340/1340
f 781/781/781 793/793/793 130/130/130
f 1861/1861/1861 2492/2492/2492 2820/2820/2820
f 22/22/22 2203/2203/2203 3385/3385/3385
f 2222/2222/2222 130/130/130 731/731/731
f 3704/3704/3704 220/220/220 1452/1452/1452
f 221/221/221 130/130/130 2944/2944/2944
f 2504/2504/2504 3575/3575/3575 3474/3474/3474
f 2861/2861/2861 2681/2681/2681 2014/2014/2014
f 2912/2912/2912 130/130/130 2914/2914/2914
f 2134/2134/2134 3320/3320/3320 1049/1049/1049
f 873/873/873 970/970/970 2876/2876/2876
f 3327/3327/3327 3758/3758/3758 2636/2636/2636
f 105/105/105 2423/2423/2423 3368/3368/3368
f 3450/3450/3450 1722/1722/1722 3365/3365/3365
f 259/259/259 2313/2313/2313 1373/1373/1373
f 1216/1216/1216 2875/2875/2875 2313/2313/2313
f 56/56/56 2492/2492/2492 3136/3136/3136
f 1955/1955/1955 3543/3543/3543 2516/2516/2516
f 2660/2660/2660 3121/3121/3121 1350/1350/1350
f 3450/3450/3450 3113/3113/3113 1459/1459/1459
f 3106/3106/3106 2559/2559/2559 3243/3243/3243
f 196/196/196 1015/1015/1015 83/83/83
f 2419/2419/2419 2479/2479/2479 3877/3877/3877
f 3702/3702/3702 3491/3491/3491 3920/3920/3920
f 3233/3233/3233 2729/2729/2729 1947/1947/1947
f 387/387/387 314/314/314 417/417/417
f 3829/3829/3829 2651/2651/2651 3637/3637/3637
f 1149/1149/1149 1963/1963/1963 2777/2777/2777
f 27/27/27 2865/2865/2865 2863/2863/2863
f 35/35/35 1021/1021/1021 2203/2203/2203
f 2070/2070/2070 3785/3785/3785 1003/1003/1003
f 2492/2492/2492 3124/3124/3124 2467/2467/2467
f 2777/2777/2777 200/200/200 2024/2024/2024
f 463/463/463 1605/1605/1605 1172/1172/1172
f 1573/1573/1573 1020/1020/1020 3886/3886/3886
f 184/184/184 741/741/741 569/569/569
f 1402/1402/1402 3671/3671/3671 3256/3256/3256
f 3741/3741/3741 582/582/582 130/130/130
f 1657/1657/1657 3450/3450/3450 1877/1877/1877
f 2379/2379/2379 3849/3849/3849 3327/3327/3327
f 130/130/130 777/777/777 1705/1705/1705
f 2471/2471/2471 1608/1608/1608 3826/3826/3826
f 1337/1337/1337 2782/2782/2782 1249/1249/1249
f 2575/2575/2575 1000/1000/1000 2504/2504/2504
f 1013/1013/1013 2805/2805/2805 548/548/548
f 3817/3817/3817 3704/3704/3704 2316/2316/2316
f 1648/1648/1648 114/114/114 2817/2817/2817
f 2486/2486/2486 2853/2853/2853 1337/1337/1337
f 2499/2499/2499 3704/3704/3704 2074/2074/2074
f 2704/2704/2704 3143/3143/3143 2315/2315/2315
f 775/775/775 2203/2203/2203 677/677/677
f 620/620/620 619/619/619 741/741/741
f 2043/2043/2043 77/77/77 2710/2710/2710
f 1381/1381/1381 2991/2991/2991 2861/2861/2861
f 3544/3544/3544 2704/2704/2704 2518/2518/2518
f 2179/2179/2179 1378/1378/1378 2203/2203/2203
f 720/720/720 2809/2809/2809 2492/2492/2492
f 1472/1472/1472 958/958/958 2807/2807/2807
f 2213/2213/2213 1406/1406/1406 2729/2729/2729
f 3327/3327/3327 3172/3172/3172 3833/3833/3833
f 3704/3704/3704 498/498/498 394/394/394
f 50/50/50 2203/2203/2203 2799/2799/2799
f 2543/2543/2543 3354/3354/3354 1641/1641/1641
f 3197/3197/3197 1644/1644/1644 654/654/654
f 3484/3484/3484 2456/2456/2456 83/83/83
f 1225/1225/1225 3175/3175/3175 1242/1242/1242
f 3811/3811/3811 139/139/139 1641/1641/1641
f 3516/3516/3516 2312/2312/2312 3450/3450/3450
f 1937/1937/1937 2610/2610/2610 1463/1463/1463
f 1568/1568/1568 2332/2332/2332 2479/2479/2479
f 2313/2313/2313 1420/1420/1420 2732/2732/2732
f 2359/2359/2359 2203/2203/2203 3462/3462/3462
f 1499/1499/1499 1573/1573/1573 3646/3646/3646
f 2454/2454/2454 3767/3767/3767 3505/3505/3505
f 3168/3168/3168 3075/3075/3075 2118/2118/2118
f 1623/1623/1623 2729/2729/2729 865/865/865
f 2686/2686/2686 231/231/231 2889/2889/2889
f 721/721/721 931/931/931 863/863/863
f 2986/2986/2986 3586/3586/3586 1955/1955/1955
f 248/248/248 644/644/644 2492/2492/2492
f 2816/2816/2816 24/24/24 130/130/130
f 795/795/795 2990/2990/2990 2493/2493/2493
f 2413/2413/2413 2729/2729/2729 3693/3693/3693
f 3747/3747/3747 573/573/573 3175/3175/3175
f 2729/2729/2729 359/359/359 2213/2213/2213
f 3450/3450/3450 3598/3598/3598 1788/1788/1788
f 1637/1637/1637 3767/3767/3767 2454/2454/2454
f 831/831/831 2492/2492/2492 1055/1055/1055
f 1186/1186/1186 21/21/21 2886/2886/2886
f 587/587/587 3197/3197/3197 938/938/938
f 2203/2203/2203 3919/3919/3919 278/278/278
f 1337/1337/1337 2687/2687/2687 1130/1130/1130
f 93/93/93 1709/1709/1709 135/135/135
f 882/882/882 821/821/821 130/130/130
f 461/461/461 482/482/482 417/417/417
f 1605/1605/1605 1007/1007/1007 3055/3055/3055
f 75/75/75 376/376/376 1453/1453/1453
f 3704/3704/3704 2202/2202/2202 3522/3522/3522
f 228/228/228 2575/2575/2575 2403/2403/2403
f 3368/3368/3368 1196/1196/1196 2396/2396/2396
f 1003/1003/1003 3095/3095/3095 2067/2067/2067
f 372/372/372 1794/1794/1794 376/376/376
f 3742/3742/3742 3809/3809/3809 2868/2868/2868
f 229/229/229 2492/2492/2492 2809/2809/2809
f 235/235/235 1313/1313/1313 2876/2876/2876
f 3561/3561/3561 292/292/292 1337/1337/1337
f 220/220/220 2685/2685/2685 507/507/507
f 2203/2203/2203 18/18/18 3728/3728/3728
f 2203/2203/2203 1098/1098/1098 2130/2130/2130
f 495/495/495 1613/1613/1613 2204/2204/2204
f 3565/3565/3565 2443/2443/2443 3809/3809/3809
f 1563/1563/1563 958/958/958 2520/2520/2520
f 1091/1091/1091 1119/1119/1119 2616/2616/2616
f 2492/2492/2492 750/750/750 3089/3089/3089
f 1247/1247/1247 2301/2301/2301 3540/3540/3540
f 194/194/194 3581/3581/3581 2575/2575/2575
f 2146/2146/2146 89/89/89 3450/3450/3450
f 1578/1578/1578 2388/2388/2388 2479/2479/2479
f 3709/3709/3709 3013/3013/3013 3704/3704/3704
f 2435/2435/2435 1558/1558/1558 2990/2990/2990
f 3735/3735/3735 2146/2146/2146 3450/3450/3450
f 2622/2622/2622 1573/1573/1573 1935/1935/1935
f 2575/2575/2575 228/228/228 729/729/729
f 3489/3489/3489 3099/3099/3099 1337/1337/1337
f 2159/2159/2159 2760/2760/2760 2368/2368/2368
f 1944/1944/1944 2100/2100/2100 2203/2203/2203
f 2450/2450/2450 2951/2951/2951 1437/1437/1437
f 2002/2002/2002 1535/1535/1535 2660/2660/2660
f 504/504/504 295/295/295 2817/2817/2817
f 1042/1042/1042 2891/2891/2891 1178/1178/1178
f 3397/3397/3397 3242/3242/3242 1973/1973/1973
f 217/217/217 2118/2118/2118 1796/1796/1796
f 328/328/328 468/468/468 417/417/417
f 2255/2255/2255 2492/2492/2492 1430/1430/1430
f 2570/2570/2570 1337/1337/1337 1248/1248/1248
f 130/130/130 275/275/275 872/872/872
f 3910/3910/3910 2203/2203/2203 2969/2969/2969
f 424/424/424 417/417/417 422/422/422
f 234/234/234 1052/1052/1052 958/958/958
f 3866/3866/3866 2686/2686/2686 1480/1480/1480
f 1190/1190/1190 1003/1003/1003 2291/2291/2291
f 3814/3814/3814 2451/2451/2451 1340/1340/1340
f 398/398/398 3704/3704/3704 320/320/320
f 2904/2904/2904 130/130/130 533/533/533
f 2604/2604/2604 1418/1418/1418 3513/3513/3513
f 2440/2440/2440 3175/3175/3175 1348/1348/1348
f 2484/2484/2484 3788/3788/3788 3444/3444/3444
f 737/737/737 3650/3650/3650 2492/2492/2492
f 3028/3028/3028 2870/2870/2870 2408/2408/2408
f 2503/2503/2503 2203/2203/2203 3573/3573/3573
f 2817/2817/2817 1918/1918/1918 1053/1053/1053
f 2836/2836/2836 3846/3846/3846 2479/2479/2479
f 785/785/785 2492/2492/2492 2427/2427/2427
f 1573/1573/1573 3643/3643/3643 3646/3646/3646
f 542/542/542 1834/1834/1834 2118/2118/2118
f 3799/3799/3799 958/958/958 2349/2349/2349
f 1095/1095/1095 2573/2573/2573 2956/2956/2956
f 2258/2258/2258 2755/2755/2755 2203/2203/2203
f 15/15/15 3197/3197/3197 881/881/881
f 2479/2479/2479 2432/2432/2432 2186/2186/2186
f 3671/3671/3671 1841/1841/1841 2505/2505/2505
f 3632/3632/3632 2861/2861/2861 3539/3539/3539
f 594/594/594 130/130/130 839/839/839
f 3456/3456/3456 1605/1605/1605 3055/3055/3055
f 2360/2360/2360 1605/1605/1605 1906/1906/1906
f 2877/2877/2877 2454/2454/2454 2567/2567/2567
f 1673/1673/1673 3218/3218/3218 130/130/130
f 3897/3897/3897 2603/2603/2603 3392/3392/3392
f 1087/1087/1087 2610/2610/2610 3482/3482/3482
f 3399/3399/3399 2777/2777/2777 3882/3882/3882
f 3442/3442/3442 417/417/417 2086/2086/2086
f 2726/2726/2726 2170/2170/2170 3139/3139/3139
f 3344/3344/3344 2479/2479/2479 3843/3843/3843
f 1035/1035/1035 3497/3497/3497 1605/1605/1605
f 1806/1806/1806 2951/2951/2951 1508/1508/1508
f 928/928/928 260/260/260 741/741/741
f 291/291/291 3450/3450/3450 2312/2312/2312
f 417/417/417 346/346/346 502/502/502
f 3175/3175/3175 3179/3179/3179 2232/2232/2232
f 1450/1450/1450 1337/1337/1337 3192/3192/3192
f 1206/1206/1206 1257/1257/1257 3122/3122/3122
f 749/749/749 1218/1218/1218 3175/3175/3175
f 1982/1982/1982 881/881/881 958/958/958
f 1216/1216/1216 2732/2732/2732 1444/1444/1444
f 130/130/130 990/990/990 1357/1357/1357
f 2433/2433/2433 3305/3305/3305 2876/2876/2876
f 699/699/699 942/942/942 668/668/668
f 208/208/208 308/308/308 130/130/130
f 171/171/171 1005/1005/1005 1781/1781/1781
f 2549/2549/2549 3452/3452/3452 3088/3088/3088
f 994/994/994 1336/1336/1336 1389/1389/1389
f 3197/3197/3197 849/849/849 1243/1243/1243
f 461/461/461 417/417/417 3295/3295/3295
f 1829/1829/1829 1677/1677/1677 1520/1520/1520
f 3450/3450/3450 3221/3221/3221 1899/1899/1899
f 1806/1806/1806 2948/2948/2948 2951/2951/2951
f 2203/2203/2203 1630/1630/1630 1926/1926/1926
f 225/225/225 2817/2817/2817 3085/3085/3085
f 2345/2345/2345 2861/2861/2861 3541/3541/3541
f 726/726/726 2492/2492/2492 1082/1082/1082
f 1914/1914/1914 130/130/130 1697/1697/1697
f 3450/3450/3450 2343/2343/2343 3418/3418/3418
f 1775/1775/1775 130/130/130 3148/3148/3148
f 3392/3392/3392 3698/3698/3698 3897/3897/3897
f 118/118/118 2030/2030/2030 2575/2575/2575
f 1337/1337/1337 1979/1979/1979 2855/2855/2855
f 89/89/89 3476/3476/3476 3450/3450/3450
f 1317/1317/1317 1315/1315/1315 2610/2610/2610
f 3450/3450/3450 2918/2918/2918 3422/3422/3422
f 678/678/678 741/741/741 776/776/776
f 294/294/294 617/617/617 741/741/741
f 69/69/69 2660/2660/2660 3127/3127/3127
f 2611/2611/2611 417/417/417 369/369/369
f 3327/3327/3327 2826/2826/2826 2379/2379/2379
f 165/165/165 2043/2043/2043 2710/2710/2710
f 3290/3290/3290 1641/1641/1641 2693/2693/2693
f 2414/2414/2414 2043/2043/2043 3690/3690/3690
f 2479/2479/2479 1844/1844/1844 2804/2804/2804
f 953/953/953 702/702/702 3197/3197/3197
f 1556/1556/1556 1166/1166/1166 1613/1613/1613
f 699/699/699 871/871/871 900/900/900
f 2517/2517/2517 118/118/118 2575/2575/2575
f 914/914/914 796/796/796 741/741/741
f 310/310/310 2571/2571/2571 2492/2492/2492
f 2927/2927/2927 1492/1492/1492 1284/1284/1284
f 3464/3464/3464 2595/2595/2595 2203/2203/2203
f 3491/3491/3491 3071/3071/3071 2911/2911/2911
f 2870/2870/2870 2854/2854/2854 2487/2487/2487
f 27/27/27 2863/2863/2863 2774/2774/2774
f 3190/3190/3190 1451/1451/1451 1216/1216/1216
f 2604/2604/2604 1183/1183/1183 2908/2908/2908
f 3776/3776/3776 2492/2492/2492 648/648/648
f 3876/3876/3876 3656/3656/3656 417/417/417
f 2249/2249/2249 170/170/170 1564/1564/1564
f 2241/2241/2241 3327/3327/3327 3896/3896/3896
f 3528/3528/3528 1755/1755/1755 2861/2861/2861
f 915/915/915 2203/2203/2203 955/955/955
f 2014/2014/2014 1867/1867/1867 2861/2861/2861
f 2313/2313/2313 1462/1462/1462 1284/1284/1284
f 958/958/958 1752/1752/1752 2807/2807/2807
f 2479/2479/2479 1649/1649/1649 2530/2530/2530
f 2492/2492/2492 589/589/589 763/763/763
f 2497/2497/2497 3775/3775/3775 130/130/130
f 3777/3777/3777 1482/1482/1482 3638/3638/3638
f 2697/2697/2697 2729/2729/2729 1143/1143/1143
f 3762/3762/3762 1392/1392/1392 2699/2699/2699
f 143/143/143 1908/1908/1908 3897/3897/3897
f 3903/3903/3903 272/272/272 2812/2812/2812
f 2875/2875/2875 1216/1216/1216 2748/2748/2748
f 1241/1241/1241 3197/3197/3197 1224/1224/1224
f 3576/3576/3576 3820/3820/3820 2729/2729/2729
f 417/417/417 434/434/434 1672/1672/1672
f 2492/2492/2492 789/789/789 1934/1934/1934
f 2203/2203/2203 2727/2727/2727 3007/3007/3007
f 3512/3512/3512 2861/2861/2861 1182/1182/1182
f 311/311/311 1033/1033/1033 1042/1042/1042
f 101/101/101 2134/2134/2134 1219/1219/1219
f 315/315/315 2596/2596/2596 995/995/995
f 1490/1490/1490 3671/3671/3671 1889/1889/1889
f 3908/3908/3908 3238/3238/3238 2760/2760/2760
f 2492/2492/2492 2808/2808/2808 607/607/607
f 218/218/218 2729/2729/2729 1406/1406/1406
f 113/113/113 3896/3896/3896 3327/3327/3327
f 1544/1544/1544 3327/3327/3327 2637/2637/2637
f 3213/3213/3213 2559/2559/2559 3106/3106/3106
f 917/917/917 851/851/851 1558/1558/1558
f 741/741/741 1645/1645/1645 1910/1910/1910
f 2161/2161/2161 1928/1928/1928 2861/2861/2861
f 3683/3683/3683 3685/3685/3685 2604/2604/2604
f 3146/3146/3146 958/958/958 1707/1707/1707
f 335/335/335 3704/3704/3704 322/322/322
f 224/224/224 2963/2963/2963 1216/1216/1216
f 2301/2301/2301 1467/1467/1467 3540/3540/3540
f 3626/3626/3626 2136/2136/2136 83/83/83
f 3078/3078/3078 1564/1564/1564 135/135/135
f 2610/2610/2610 2846/2846/2846 2026/2026/2026
f 446/446/446 413/413/413 1613/1613/1613
f 1443/1443/1443 2443/2443/2443 3565/3565/3565
f 193/193/193 1955/1955/1955 3580/3580/3580
f 83/83/83 3786/3786/3786 2071/2071/2071
f 2543/2543/2543 1641/1641/1641 3290/3290/3290
f 2919/2919/2919 3421/3421/3421 2479/2479/2479
f 941/941/941 1558/1558/1558 667/667/667
f 2420/2420/2420 2691/2691/2691 2610/2610/2610
f 2158/2158/2158 417/417/417 445/445/445
f 2876/2876/2876 3629/3629/3629 1855/1855/1855
f 2066/2066/2066 1714/1714/1714 3327/3327/3327
f 2689/2689/2689 1573/1573/1573 2032/2032/2032
f 1004/1004/1004 1394/1394/1394 2203/2203/2203
f 3450/3450/3450 3726/3726/3726 3732/3732/3732
f 3704/3704/3704 1574/1574/1574 2244/2244/2244
f 958/958/958 2248/2248/2248 3118/3118/3118
f 2696/2696/2696 2903/2903/2903 3671/3671/3671
f 277/277/277 2624/2624/2624 3237/3237/3237
f 1013/1013/1013 754/754/754 797/797/797
f 242/242/242 3788/3788/3788 3871/3871/3871
f 1968/1968/1968 2479/2479/2479 3367/3367/3367
f 2968/2968/2968 1337/1337/1337 3770/3770/3770
f 2489/2489/2489 741/741/741 1097/1097/1097
f 240/240/240 352/352/352 376/376/376
f 3834/3834/3834 2367/2367/2367 3327/3327/3327
f 416/416/416 220/220/220 1429/1429/1429
f 3251/3251/3251 144/144/144 3044/3044/3044
f 2049/2049/2049 3293/3293/3293 3358/3358/3358
f 1006/1006/1006 2861/2861/2861 3054/3054/3054
f 657/657/657 275/275/275 130/130/130
f 3327/3327/3327 3878/3878/3878 3273/3273/3273
f 2686/2686/2686 3830/3830/3830 3638/3638/3638
f 2966/2966/2966 1189/1189/1189 130/130/130
f 3416/3416/3416 547/547/547 130/130/130
f 759/759/759 741/741/741 977/977/977
f 2652/2652/2652 2886/2886/2886 21/21/21
f 2876/2876/2876 1880/1880/1880 873/873/873
f 1387/1387/1387 130/130/130 2166/2166/2166
f 2228/2228/2228 1257/1257/1257 3408/3408/3408
f 1866/1866/1866 2462/2462/2462 2873/2873/2873
f 561/561/561 206/206/206 2876/2876/2876
f 1637/1637/1637 2454/2454/2454 3517/3517/3517
f 1437/1437/1437 2951/2951/2951 1197/1197/1197
f 2990/2990/2990 1093/1093/1093 1343/1343/1343
f 1609/1609/1609 2539/2539/2539 135/135/135
f 3327/3327/3327 2410/2410/2410 2261/2261/2261
f 3175/3175/3175 1225/1225/1225 1348/1348/1348
f 2221/2221/2221 2817/2817/2817 225/225/225
f 727/727/727 716/716/716 2492/2492/2492
f 1461/1461/1461 1904/1904/1904 1169/1169/1169
f 1822/1822/1822 102/102/102 2660/2660/2660
f 1074/1074/1074 2679/2679/2679 144/144/144
f 3616/3616/3616 3848/3848/3848 2575/2575/2575
f 3225/3225/3225 3288/3288/3288 1573/1573/1573
f 3675/3675/3675 164/164/164 2708/2708/2708
f 3368/3368/3368 1318/1318/1318 3185/3185/3185
f 417/417/417 341/341/341 428/428/428
f 1925/1925/1925 2849/2849/2849 83/83/83
f 2660/2660/2660 2577/2577/2577 1377/1377/1377
f 2203/2203/2203 3895/3895/3895 112/112/112
f 2359/2359/2359 1905/1905/1905 2203/2203/2203
f 2492/2492/2492 3176/3176/3176 2995/2995/2995
f 130/130/130 766/766/766 533/533/533
f 1932/1932/1932 3262/3262/3262 1830/1830/1830
f 2846/2846/2846 2610/2610/2610 3048/3048/3048
f 1728/1728/1728 2604/2604/2604 3533/3533/3533
f 87/87/87 2492/2492/2492 1959/1959/1959
f 2509/2509/2509 220/220/220 383/383/383
f 3160/3160/3160 135/135/135 1275/1275/1275
f 1811/1811/1811 3473/3473/3473 994/994/994
f 2492/2492/2492 3089/3089/3089 733/733/733
f 3901/3901/3901 3832/3832/3832 1641/1641/1641
f 3859/3859/3859 1597/1597/1597 3368/3368/3368
f 3673/3673/3673 1641/1641/1641 1726/1726/1726
f 694/694/694 2971/2971/2971 1107/1107/1107
f 644/644/644 944/944/944 2492/2492/2492
f 1014/1014/1014 1003/1003/1003 2605/2605/2605
f 3478/3478/3478 1605/1605/1605 3564/3564/3564
f 3383/3383/3383 2268/2268/2268 2861/2861/2861
f 2686/2686/2686 1502/1502/1502 2590/2590/2590
f 2729/2729/2729 400/400/400 487/487/487
f 3615/3615/3615 2753/2753/2753 2861/2861/2861
f 1765/1765/1765 2967/2967/2967 3679/3679/3679
f 3636/3636/3636 3644/3644/3644 3642/3642/3642
f 2791/2791/2791 1384/1384/1384 2660/2660/2660
f 238/238/238 1040/1040/1040 1042/1042/1042
f 130/130/130 2650/2650/2650 766/766/766
f 1598/1598/1598 1013/1013/1013 508/508/508
f 59/59/59 83/83/83 2456/2456/2456
f 1122/1122/1122 2778/2778/2778 130/130/130
f 31/31/31 128/128/128 2454/2454/2454
f 2203/2203/2203 3686/3686/3686 2192/2192/2192
f 195/195/195 3167/3167/3167 1003/1003/1003
f 144/144/144 907/907/907 868/868/868
f 288/288/288 1432/1432/1432 1330/1330/1330
f 3197/3197/3197 1527/1527/1527 669/669/669
f 162/162/162 1545/1545/1545 2492/2492/2492
f 3836/3836/3836 180/180/180 1337/1337/1337
f 3226/3226/3226 214/214/214 2660/2660/2660
f 1686/1686/1686 741/741/741 2845/2845/2845
f 1675/1675/1675 2658/2658/2658 3175/3175/3175
f 3243/3243/3243 1414/1414/1414 1050/1050/1050
f 3602/3602/3602 2604/2604/2604 2908/2908/2908
f 254/254/254 3197/3197/3197 1298/1298/1298
f 2760/2760/2760 1701/1701/1701 2729/2729/2729
f 3107/3107/3107 3155/3155/3155 2134/2134/2134
f 993/993/993 3674/3674/3674 2707/2707/2707
f 2876/2876/2876 1530/1530/1530 1003/1003/1003
f 3327/3327/3327 3273/3273/3273 1581/1581/1581
f 2203/2203/2203 682/682/682 2198/2198/2198
f 130/130/130 3086/3086/3086 803/803/803
f 231/231/231 2686/2686/2686 3604/3604/3604
f 1411/1411/1411 3853/3853/3853 3774/3774/3774
f 1063/1063/1063 741/741/741 671/671/671
f 2861/2861/2861 3632/3632/3632 3311/3311/3311
f 2035/2035/2035 1955/1955/1955 3860/3860/3860
f 200/200/200 2777/2777/2777 2926/2926/2926
f 2179/2179/2179 2203/2203/2203 2755/2755/2755
f 3453/3453/3453 3144/3144/3144 3457/3457/3457
f 2760/2760/2760 3519/3519/3519 1065/1065/1065
f 760/760/760 629/629/629 144/144/144
f 49/49/49 816/816/816 1013/1013/1013
f 3119/3119/3119 212/212/212 417/417/417
f 1998/1998/1998 738/738/738 2492/2492/2492
f 137/137/137 2479/2479/2479 1442/1442/1442
f 3291/3291/3291 1042/1042/1042 2544/2544/2544
f 83/83/83 2310/2310/2310 2068/2068/2068
f 420/420/420 417/417/417 364/364/364
f 3163/3163/3163 2604/2604/2604 1872/1872/1872
f 2947/2947/2947 3361/3361/3361 994/994/994
f 115/115/115 1649/1649/1649 2479/2479/2479
f 3788/3788/3788 1337/1337/1337 3444/3444/3444
f 3175/3175/3175 573/573/573 886/886/886
f 73/73/73 2203/2203/2203 1204/1204/1204
f 220/220/220 302/302/302 152/152/152
f 3704/3704/3704 2399/2399/2399 966/966/966
f 3197/3197/3197 2821/2821/2821 932/932/932
f 616/616/616 1785/1785/1785 741/741/741
f 1013/1013/1013 2930/2930/2930 451/451/451
f 392/392/392 1510/1510/1510 1613/1613/1613
f 3327/3327/3327 3862/3862/3862 1528/1528/1528
f 2325/2325/2325 2043/2043/2043 2327/2327/2327
f 1236/1236/1236 1028/1028/1028 3304/3304/3304
f 2102/2102/2102 2115/2115/2115 2203/2203/2203
f 3026/3026/3026 130/130/130 2154/2154/2154
f 1657/1657/1657 3426/3426/3426 3450/3450/3450
f 3270/3270/3270 1042/1042/1042 2313/2313/2313
f 148/148/148 1342/1342/1342 3165/3165/3165
f 1614/1614/1614 2760/2760/2760 1851/1851/1851
f 2575/2575/2575 2639/2639/2639 3032/3032/3032
f 1013/1013/1013 1356/1356/1356 989/989/989
f 3340/3340/3340 282/282/282 2203/2203/2203
f 2492/2492/2492 3296/3296/3296 1506/1506/1506
f 621/621/621 848/848/848 2203/2203/2203
f 3781/3781/3781 1305/1305/1305 1613/1613/1613
f 3515/3515/3515 3460/3460/3460 2262/2262/2262
f 2660/2660/2660 2438/2438/2438 2394/2394/2394
f 2417/2417/2417 1226/1226/1226 2203/2203/2203
f 1751/1751/1751 2492/2492/2492 2806/2806/2806
f 1237/1237/1237 2492/2492/2492 1029/1029/1029
f 2553/2553/2553 1368/1368/1368 1156/1156/1156
f 3405/3405/3405 2969/2969/2969 2203/2203/2203
f 1737/1737/1737 824/824/824 130/130/130
f 1184/1184/1184 1003/1003/1003 3625/3625/3625
f 144/144/144 1293/1293/1293 633/633/633
f 1380/1380/1380 1989/1989/1989 3243/3243/3243
f 3729/3729/3729 2861/2861/2861 2452/2452/2452
f 2418/2418/2418 3876/3876/3876 417/417/417
f 903/903/903 1485/1485/1485 130/130/130
f 3067/3067/3067 658/658/658 958/958/958
f 1337/1337/1337 3788/3788/3788 2302/2302/2302
f 57/57/57 958/958/958 2039/2039/2039
f 3389/3389/3389 130/130/130 3495/3495/3495
f 1284/1284/1284 1170/1170/1170 3207/3207/3207
f 249/249/249 991/991/991 144/144/144
f 1013/1013/1013 652/652/652 2805/2805/2805
f 2911/2911/2911 2148/2148/2148 3491/3491/3491
f 2434/2434/2434 1458/1458/1458 2118/2118/2118
f 792/792/792 1013/1013/1013 2852/2852/2852
f 211/211/211 68/68/68 2134/2134/2134
f 376/376/376 580/580/580 1453/1453/1453
f 42/42/42 3084/3084/3084 2313/2313/2313
f 3668/3668/3668 1903/1903/1903 1815/1815/1815
f 417/417/417 167/167/167 1599/1599/1599
f 398/398/398 399/399/399 3704/3704/3704
f 3345/3345/3345 2648/2648/2648 2861/2861/2861
f 64/64/64 2939/2939/2939 130/130/130
f 993/993/993 2707/2707/2707 3330/3330/3330
f 130/130/130 3169/3169/3169 1299/1299/1299
f 417/417/417 2085/2085/2085 2375/2375/2375
f 11/11/11 2472/2472/2472 2479/2479/2479
f 2313/2313/2313 1548/1548/1548 1216/1216/1216
f 3197/3197/3197 832/832/832 986/986/986
f 2492/2492/2492 1388/1388/1388 1335/1335/1335
f 2726/2726/2726 1060/1060/1060 3447/3447/3447
f 1577/1577/1577 3343/3343/3343 3897/3897/3897
f 755/755/755 130/130/130 798/798/798
f 3479/3479/3479 2203/2203/2203 3412/3412/3412
f 2633/2633/2633 994/994/994 3309/3309/3309
f 270/270/270 3197/3197/3197 1860/1860/1860
f 3711/3711/3711 1421/1421/1421 3549/3549/3549
f 1041/1041/1041 1940/1940/1940 3704/3704/3704
f 3064/3064/3064 1844/1844/1844 2479/2479/2479
f 2203/2203/2203 2206/2206/2206 3481/3481/3481
f 1450/1450/1450 3189/3189/3189 1337/1337/1337
f 1426/1426/1426 339/339/339 417/417/417
f 1558/1558/1558 851/851/851 2018/2018/2018
f 2662/2662/2662 2479/2479/2479 1656/1656/1656
f 2203/2203/2203 1881/1881/1881 530/530/530
f 957/957/957 2971/2971/2971 698/698/698
f 484/484/484 518/518/518 3704/3704/3704
f 2767/2767/2767 2235/2235/2235 130/130/130
f 1090/1090/1090 2575/2575/2575 3848/3848/3848
f 2882/2882/2882 293/293/293 2732/2732/2732
f 832/832/832 3197/3197/3197 855/855/855
f 3197/3197/3197 3498/3498/3498 1101/1101/1101
f 2914/2914/2914 130/130/130 158/158/158
f 2876/2876/2876 970/970/970 875/875/875
f 2069/2069/2069 2203/2203/2203 3336/3336/3336
f 2049/2049/2049 3102/3102/3102 2492/2492/2492
f 312/312/312 3766/3766/3766 3704/3704/3704
f 2407/2407/2407 3001/3001/3001 3904/3904/3904
f 587/587/587 586/586/586 3197/3197/3197
f 58/58/58 467/467/467 220/220/220
f 3749/3749/3749 432/432/432 417/417/417
f 2336/2336/2336 2830/2830/2830 130/130/130
f 2203/2203/2203 971/971/971 874/874/874
f 3607/3607/3607 2203/2203/2203 3059/3059/3059
f 2817/2817/2817 2829/2829/2829 2335/2335/2335
f 130/130/130 1585/1585/1585 2814/2814/2814
f 3197/3197/3197 144/144/144 849/849/849
f 896/896/896 861/861/861 2876/2876/2876
f 1351/1351/1351 417/417/417 483/483/483
f 3731/3731/3731 3725/3725/3725 2729/2729/2729
f 1922/1922/1922 2817/2817/2817 1053/1053/1053
f 2938/2938/2938 27/27/27 1608/1608/1608
f 2449/2449/2449 20/20/20 1337/1337/1337
f 2185/2185/2185 3450/3450/3450 2952/2952/2952
f 467/467/467 379/379/379 220/220/220
f 589/589/589 2492/2492/2492 733/733/733
f 1317/1317/1317 2610/2610/2610 3184/3184/3184
f 597/597/597 554/554/554 3175/3175/3175
f 2950/2950/2950 3704/3704/3704 1604/1604/1604
f 1955/1955/1955 3142/3142/3142 2607/2607/2607
f 209/209/209 2492/2492/2492 309/309/309
f 3910/3910/3910 18/18/18 2203/2203/2203
f 1337/1337/1337 2533/2533/2533 1749/1749/1749
f 2387/2387/2387 3897/3897/3897 3114/3114/3114
f 1042/1042/1042 2047/2047/2047 2619/2619/2619
f 3671/3671/3671 1883/1883/1883 1889/1889/1889
f 3397/3397/3397 1973/1973/1973 1495/1495/1495
f 3704/3704/3704 2683/2683/2683 2565/2565/2565
f 1421/1421/1421 108/108/108 273/273/273
f 2751/2751/2751 2096/2096/2096 2492/2492/2492
f 1164/1164/1164 3462/3462/3462 2203/2203/2203
f 2492/2492/2492 3692/3692/3692 774/774/774
f 3327/3327/3327 1992/1992/1992 3884/3884/3884
f 378/378/378 489/489/489 417/417/417
f 1961/1961/1961 2492/2492/2492 2247/2247/2247
f 1875/1875/1875 3704/3704/3704 3140/3140/3140
f 3813/3813/3813 2984/2984/2984 2951/2951/2951
f 1025/1025/1025 85/85/85 417/417/417
f 234/234/234 1641/1641/1641 3264/3264/3264
f 2532/2532/2532 2759/2759/2759 2660/2660/2660
f 2043/2043/2043 1287/1287/1287 3011/3011/3011
f 916/916/916 956/956/956 741/741/741
f 137/137/137 9/9/9 2479/2479/2479
f 127/127/127 3441/3441/3441 3450/3450/3450
f 2575/2575/2575 3652/3652/3652 3593/3593/3593
f 2777/2777/2777 2076/2076/2076 1149/1149/1149
f 2905/2905/2905 2861/2861/2861 2991/2991/2991
f 2479/2479/2479 3423/3423/3423 2919/2919/2919
f 1434/1434/1434 1605/1605/1605 2194/2194/2194
f 2861/2861/2861 3694/3694/3694 3816/3816/3816
f 1647/1647/1647 3606/3606/3606 2575/2575/2575
f 129/129/129 32/32/32 3534/3534/3534
f 1421/1421/1421 516/516/516 437/437/437
f 417/417/417 3852/3852/3852 318/318/318
f 664/664/664 1558/1558/1558 884/884/884
f 2251/2251/2251 1337/1337/1337 1130/1130/1130
f 3828/3828/3828 2028/2028/2028 1758/1758/1758
f 1080/1080/1080 144/144/144 787/787/787
f 348/348/348 218/218/218 1406/1406/1406
f 131/131/131 2990/2990/2990 2705/2705/2705
f 1386/1386/1386 2165/2165/2165 2817/2817/2817
f 1084/1084/1084 417/417/417 424/424/424
f 386/386/386 2057/2057/2057 220/220/220
f 2902/2902/2902 2043/2043/2043 2428/2428/2428
f 45/45/45 3686/3686/3686 2203/2203/2203
f 958/958/958 106/106/106 120/120/120
f 1059/1059/1059 3777/3777/3777 3446/3446/3446
f 1587/1587/1587 1854/1854/1854 3243/3243/3243
f 128/128/128 90/90/90 2567/2567/2567
f 3173/3173/3173 2610/2610/2610 2634/2634/2634
f 1511/1511/1511 393/393/393 376/376/376
f 3792/3792/3792 2660/2660/2660 2759/2759/2759
f 2051/2051/2051 2324/2324/2324 2479/2479/2479
f 2434/2434/2434 2118/2118/2118 3306/3306/3306
f 3488/3488/3488 2649/2649/2649 1605/1605/1605
f 1337/1337/1337 3286/3286/3286 1625/1625/1625
f 3704/3704/3704 925/925/925 1264/1264/1264
f 680/680/680 741/741/741 2334/2334/2334
f 2411/2411/2411 1573/1573/1573 3721/3721/3721
f 2203/2203/2203 1532/1532/1532 3915/3915/3915
f 1887/1887/1887 417/417/417 509/509/509
f 2492/2492/2492 672/672/672 1055/1055/1055
f 130/130/130 2824/2824/2824 1071/1071/1071
f 2118/2118/2118 217/217/217 2060/2060/2060
f 1697/1697/1697 130/130/130 3898/3898/3898
f 1596/1596/1596 1042/1042/1042 1550/1550/1550
f 741/741/741 975/975/975 650/650/650
f 1329/1329/1329 1337/1337/1337 1477/1477/1477
f 667/667/667 1558/1558/1558 2535/2535/2535
f 417/417/417 365/365/365 3552/3552/3552
f 52/52/52 3244/3244/3244 2817/2817/2817
f 781/781/781 130/130/130 780/780/780
f 1035/1035/1035 1605/1605/1605 1382/1382/1382
f 2686/2686/2686 3777/3777/3777 3604/3604/3604
f 3063/3063/3063 2091/2091/2091 3897/3897/3897
f 1490/1490/1490 2696/2696/2696 3671/3671/3671
f 3209/3209/3209 417/417/417 449/449/449
f 2479/2479/2479 1802/1802/1802 2941/2941/2941
f 1751/1751/1751 2600/2600/2600 2492/2492/2492
f 1566/1566/1566 178/178/178 3618/3618/3618
f 274/274/274 417/417/417 440/440/440
f 2732/2732/2732 1526/1526/1526 27/27/27
f 28/28/28 3731/3731/3731 2729/2729/2729
f 1994/1994/1994 1112/1112/1112 1337/1337/1337
f 69/69/69 2292/2292/2292 2660/2660/2660
f 25/25/25 1564/1564/1564 1538/1538/1538
f 897/897/897 2118/2118/2118 862/862/862
f 3407/3407/3407 1558/1558/1558 521/521/521
f 1285/1285/1285 3898/3898/3898 130/130/130
f 3169/3169/3169 130/130/130 905/905/905
f 1641/1641/1641 3404/3404/3404 1546/1546/1546
f 2861/2861/2861 2415/2415/2415 3694/3694/3694
f 2903/2903/2903 2429/2429/2429 3671/3671/3671
f 2134/2134/2134 3126/3126/3126 3130/3130/3130
f 1992/1992/1992 3327/3327/3327 2550/2550/2550
f 1524/1524/1524 3368/3368/3368 1551/1551/1551
f 391/391/391 3704/3704/3704 492/492/492
f 3463/3463/3463 1605/1605/1605 2360/2360/2360
f 249/249/249 1641/1641/1641 951/951/951
f 234/234/234 958/958/958 1641/1641/1641
f 740/740/740 524/524/524 2492/2492/2492
f 2990/2990/2990 3250/3250/3250 3043/3043/3043
f 93/93/93 135/135/135 1586/1586/1586
f 2822/2822/2822 2817/2817/2817 2676/2676/2676
f 236/236/236 3524/3524/3524 2203/2203/2203
f 27/27/27 3790/3790/3790 2949/2949/2949
f 1309/1309/1309 3243/3243/3243 2559/2559/2559
f 2861/2861/2861 3487/3487/3487 2452/2452/2452
f 2703/2703/2703 2802/2802/2802 3175/3175/3175
f 1295/1295/1295 2203/2203/2203 3316/3316/3316
f 130/130/130 628/628/628 1985/1985/1985
f 1340/1340/1340 2323/2323/2323 2050/2050/2050
f 88/88/88 3609/3609/3609 3475/3475/3475
f 64/64/64 130/130/130 3736/3736/3736
f 447/447/447 410/410/410 2729/2729/2729
f 17/17/17 1615/1615/1615 3534/3534/3534
f 285/285/285 2203/2203/2203 145/145/145
f 2732/2732/2732 1570/1570/1570 1187/1187/1187
f 3704/3704/3704 3013/3013/3013 2043/2043/2043
f 2729/2729/2729 3438/3438/3438 1258/1258/1258
f 1381/1381/1381 2861/2861/2861 1034/1034/1034
f 2870/2870/2870 3028/3028/3028 1440/1440/1440
f 741/741/741 956/956/956 776/776/776
f 84/84/84 1024/1024/1024 220/220/220
f 2937/2937/2937 1095/1095/1095 2956/2956/2956
f 2265/2265/2265 1702/1702/1702 2786/2786/2786
f 3237/3237/3237 3145/3145/3145 3454/3454/3454
f 382/382/382 220/220/220 381/381/381
f 1461/1461/1461 3229/3229/3229 1904/1904/1904
f 1708/1708/1708 2319/2319/2319 3175/3175/3175
f 115/115/115 2479/2479/2479 2981/2981/2981
f 2787/2787/2787 2203/2203/2203 2209/2209/2209
f 1568/1568/1568 2479/2479/2479 1764/1764/1764
f 183/183/183 2203/2203/2203 570/570/570
f 3327/3327/3327 2054/2054/2054 3868/3868/3868
f 178/178/178 2229/2229/2229 3409/3409/3409
f 2492/2492/2492 719/719/719 3692/3692/3692
f 450/450/450 417/417/417 458/458/458
f 858/858/858 130/130/130 767/767/767
f 670/670/670 144/144/144 1062/1062/1062
f 3004/3004/3004 2313/2313/2313 2583/2583/2583
f 1762/1762/1762 2366/2366/2366 3175/3175/3175
f 304/304/304 1613/1613/1613 3198/3198/3198
f 3208/3208/3208 1013/1013/1013 330/330/330
f 3327/3327/3327 2143/2143/2143 3806/3806/3806
f 2729/2729/2729 2587/2587/2587 3201/3201/3201
f 2454/2454/2454 3774/3774/3774 3864/3864/3864
f 1168/1168/1168 1956/1956/1956 3206/3206/3206
f 249/249/249 144/144/144 1641/1641/1641
f 3551/3551/3551 1013/1013/1013 511/511/511
f 2216/2216/2216 2492/2492/2492 2734/2734/2734
f 484/484/484 3704/3704/3704 390/390/390
f 3627/3627/3627 2765/2765/2765 1955/1955/1955
f 176/176/176 3242/3242/3242 3050/3050/3050
f 748/748/748 3175/3175/3175 1217/1217/1217
f 3147/3147/3147 3175/3175/3175 1424/1424/1424
f 2454/2454/2454 2871/2871/2871 3774/3774/3774
f 1557/1557/1557 376/376/376 1167/1167/1167
f 2042/2042/2042 3285/3285/3285 3175/3175/3175
f 2651/2651/2651 2699/2699/2699 1392/1392/1392
f 417/417/417 339/339/339 378/378/378
f 191/191/191 708/708/708 2203/2203/2203
f 2481/2481/2481 1820/1820/1820 993/993/993
f 3416/3416/3416 130/130/130 594/594/594
f 3706/3706/3706 1254/1254/1254 2075/2075/2075
f 1174/1174/1174 389/389/389 417/417/417
f 2963/2963/2963 2079/2079/2079 1216/1216/1216
f 2940/2940/2940 1340/1340/1340 1767/1767/1767
f 2889/2889/2889 3830/3830/3830 2686/2686/2686
f 3020/3020/3020 130/130/130 2719/2719/2719
f 2530/2530/2530 2464/2464/2464 2479/2479/2479
f 330/330/330 1013/1013/1013 429/429/429
f 3321/3321/3321 3243/3243/3243 1050/1050/1050
f 226/226/226 3086/3086/3086 130/130/130
f 1350/1350/1350 2532/2532/2532 2660/2660/2660
f 2043/2043/2043 2465/2465/2465 1983/1983/1983
f 2184/2184/2184 2925/2925/2925 2615/2615/2615
f 958/958/958 2601/2601/2601 1752/1752/1752
f 1605/1605/1605 3497/3497/3497 1007/1007/1007
f 3331/3331/3331 2709/2709/2709 2729/2729/2729
f 3243/3243/3243 3161/3161/3161 1277/1277/1277
f 473/473/473 2729/2729/2729 435/435/435
f 2479/2479/2479 2344/2344/2344 1136/1136/1136
f 96/96/96 1337/1337/1337 2860/2860/2860
f 2492/2492/2492 645/645/645 779/779/779
f 1477/1477/1477 1337/1337/1337 2929/2929/2929
f 9/9/9 2196/2196/2196 2479/2479/2479
f 3768/3768/3768 67/67/67 1573/1573/1573
f 3494/3494/3494 3109/3109/3109 1013/1013/1013
f 3537/3537/3537 2861/2861/2861 1859/1859/1859
f 1479/1479/1479 83/83/83 2635/2635/2635
f 1896/1896/1896 1482/1482/1482 3231/3231/3231
f 2745/2745/2745 2610/2610/2610 2612/2612/2612
f 3879/3879/3879 2203/2203/2203 1654/1654/1654
f 2010/2010/2010 2203/2203/2203 995/995/995
f 152/152/152 2555/2555/2555 220/220/220
f 926/926/926 523/523/523 3197/3197/3197
f 2894/2894/2894 3499/3499/3499 1003/1003/1003
f 2372/2372/2372 1338/1338/1338 2610/2610/2610
f 1438/1438/1438 27/27/27 1340/1340/1340
f 3222/3222/3222 2716/2716/2716 3534/3534/3534
f 127/127/127 3450/3450/3450 3365/3365/3365
f 3551/3551/3551 319/319/319 1013/1013/1013
f 2729/2729/2729 2082/2082/2082 1679/1679/1679
f 142/142/142 3430/3430/3430 3450/3450/3450
f 2283/2283/2283 3401/3401/3401 2817/2817/2817
f 1514/1514/1514 3774/3774/3774 3865/3865/3865
f 3665/3665/3665 1612/1612/1612 2479/2479/2479
f 3237/3237/3237 1162/1162/1162 1327/1327/1327
f 39/39/39 1651/1651/1651 417/417/417
f 3254/3254/3254 1605/1605/1605 3384/3384/3384
f 39/39/39 417/417/417 1118/1118/1118
f 33/33/33 2773/2773/2773 1337/1337/1337
f 3362/3362/3362 1967/1967/1967 1337/1337/1337
f 1582/1582/1582 1337/1337/1337 3349/3349/3349
f 1047/1047/1047 3547/3547/3547 1564/1564/1564
f 3635/3635/3635 2461/2461/2461 1865/1865/1865
f 3162/3162/3162 1871/1871/1871 2043/2043/2043
f 130/130/130 3648/3648/3648 3017/3017/3017
f 724/724/724 741/741/741 2436/2436/2436
f 1641/1641/1641 1159/1159/1159 3850/3850/3850
f 2149/2149/2149 2604/2604/2604 1605/1605/1605
f 2490/2490/2490 3417/3417/3417 3777/3777/3777
f 455/455/455 3704/3704/3704 368/368/368
f 2043/2043/2043 3795/3795/3795 2003/2003/2003
f 521/521/521 1558/1558/1558 2018/2018/2018
f 982/982/982 741/741/741 1910/1910/1910
f 2439/2439/2439 3197/3197/3197 2137/2137/2137
f 122/122/122 1538/1538/1538 1564/1564/1564
f 223/223/223 1036/1036/1036 3679/3679/3679
f 3151/3151/3151 2575/2575/2575 1537/1537/1537
f 3159/3159/3159 3156/3156/3156 1678/1678/1678
f 3789/3789/3789 1197/1197/1197 2951/2951/2951
f 1730/1730/1730 3871/3871/3871 3788/3788/3788
f 169/169/169 3327/3327/3327 1533/1533/1533
f 2492/2492/2492 590/590/590 3186/3186/3186
f 1013/1013/1013 814/814/814 546/546/546
f 307/307/307 545/545/545 130/130/130
f 958/958/958 3177/3177/3177 1507/1507/1507
f 3175/3175/3175 606/606/606 676/676/676
f 893/893/893 130/130/130 2056/2056/2056
f 2669/2669/2669 1376/1376/1376 1955/1955/1955
f 1133/1133/1133 3704/3704/3704 2113/2113/2113
f 3227/3227/3227 2492/2492/2492 2216/2216/2216
f 81/81/81 2043/2043/2043 2361/2361/2361
f 3009/3009/3009 133/133/133 2610/2610/2610
f 1088/1088/1088 68/68/68 211/211/211
f 1353/1353/1353 1337/1337/1337 2421/2421/2421
f 1190/1190/1190 2291/2291/2291 3483/3483/3483
f 2313/2313/2313 2875/2875/2875 1997/1997/1997
f 1123/1123/1123 994/994/994 2779/2779/2779
f 2101/2101/2101 2230/2230/2230 2203/2203/2203
f 1124/1124/1124 31/31/31 2454/2454/2454
f 2116/2116/2116 2729/2729/2729 3780/3780/3780
f 109/109/109 417/417/417 274/274/274
f 156/156/156 1051/1051/1051 3304/3304/3304
f 2330/2330/2330 862/862/862 1558/1558/1558
f 1003/1003/1003 1349/1349/1349 3120/3120/3120
f 2695/2695/2695 2549/2549/2549 2902/2902/2902
f 750/750/750 2492/2492/2492 1081/1081/1081
f 2040/2040/2040 2525/2525/2525 144/144/144
f 2479/2479/2479 2657/2657/2657 1917/1917/1917
f 916/916/916 741/741/741 701/701/701
f 1337/1337/1337 3718/3718/3718 3662/3662/3662
f 2777/2777/2777 2988/2988/2988 1491/1491/1491
f 2496/2496/2496 130/130/130 1668/1668/1668
f 1563/1563/1563 2200/2200/2200 958/958/958
f 858/858/858 901/901/901 130/130/130
f 3174/3174/3174 2635/2635/2635 83/83/83
f 2203/2203/2203 538/538/538 1643/1643/1643
f 3615/3615/3615 2861/2861/2861 3847/3847/3847
f 2043/2043/2043 3011/3011/3011 1639/1639/1639
f 1742/1742/1742 1864/1864/1864 994/994/994
f 3314/3314/3314 1534/1534/1534 2134/2134/2134
f 687/687/687 539/539/539 1107/1107/1107
f 3905/3905/3905 550/550/550 1636/1636/1636
f 3175/3175/3175 549/549/549 1114/1114/1114
f 2760/2760/2760 2454/2454/2454 2363/2363/2363
f 3294/3294/3294 157/157/157 3359/3359/3359
f 27/27/27 2408/2408/2408 2870/2870/2870
f 147/147/147 1073/1073/1073 2990/2990/2990
f 300/300/300 581/581/581 1013/1013/1013
f 2134/2134/2134 3130/3130/3130 3107/3107/3107
f 2150/2150/2150 2327/2327/2327 2043/2043/2043
f 741/741/741 1785/1785/1785 613/613/613
f 1613/1613/1613 457/457/457 1624/1624/1624
f 1573/1573/1573 1270/1270/1270 2766/2766/2766
f 269/269/269 902/902/902 220/220/220
f 794/794/794 130/130/130 3701/3701/3701
f 1002/1002/1002 741/741/741 1428/1428/1428
f 2203/2203/2203 612/612/612 1784/1784/1784
f 1013/1013/1013 947/947/947 1689/1689/1689
f 130/130/130 2763/2763/2763 3148/3148/3148
f 3291/3291/3291 2694/2694/2694 1042/1042/1042
f 1987/1987/1987 2326/2326/2326 2604/2604/2604
f 2346/2346/2346 3542/3542/3542 2575/2575/2575
f 2197/2197/2197 2876/2876/2876 1313/1313/1313
f 1/1/1 5/5/5 220/220/220
f 438/438/438 417/417/417 1084/1084/1084
f 178/178/178 3409/3409/3409 1573/1573/1573
f 144/144/144 3251/3251/3251 1517/1517/1517
f 2492/2492/2492 3403/3403/3403 1011/1011/1011
f 1044/1044/1044 1883/1883/1883 1253/1253/1253
f 1168/1168/1168 1543/1543/1543 1956/1956/1956
f 220/220/220 1999/1999/1999 640/640/640
f 3151/3151/3151 3279/3279/3279 2575/2575/2575
f 3295/3295/3295 417/417/417 2121/2121/2121
f 852/852/852 741/741/741 2019/2019/2019
f 1277/1277/1277 1414/1414/1414 3243/3243/3243
f 3659/3659/3659 178/178/178 1324/1324/1324
f 1598/1598/1598 166/166/166 1013/1013/1013
f 2203/2203/2203 744/744/744 570/570/570
f 1719/1719/1719 958/958/958 3052/3052/3052
f 1525/1525/1525 2295/2295/2295 3904/3904/3904
f 7/7/7 1421/1421/1421 2195/2195/2195
f 2183/2183/2183 178/178/178 1770/1770/1770
f 3347/3347/3347 1474/1474/1474 1337/1337/1337
f 2203/2203/2203 874/874/874 1881/1881/1881
f 2990/2990/2990 906/906/906 2844/2844/2844
f 2686/2686/2686 3771/3771/3771 1502/1502/1502
f 92/92/92 2094/2094/2094 3450/3450/3450
f 958/958/958 3197/3197/3197 1241/1241/1241
f 1200/1200/1200 2118/2118/2118 1834/1834/1834
f 1301/1301/1301 130/130/130 2656/2656/2656
f 3243/3243/3243 2243/2243/2243 1710/1710/1710
f 601/601/601 3175/3175/3175 1676/1676/1676
f 741/741/741 961/961/961 616/616/616
f 3788/3788/3788 3531/3531/3531 3258/3258/3258
f 1468/1468/1468 3450/3450/3450 1603/1603/1603
f 2492/2492/2492 2398/2398/2398 3873/3873/3873
f 220/220/220 2057/2057/2057 2119/2119/2119
f 296/296/296 504/504/504 2817/2817/2817
f 862/862/862 2118/2118/2118 1558/1558/1558
f 391/391/391 390/390/390 3704/3704/3704
f 403/403/403 417/417/417 389/389/389
f 220/220/220 505/505/505 84/84/84
f 2481/2481/2481 1588/1588/1588 1820/1820/1820
f 3276/3276/3276 52/52/52 2817/2817/2817
f 402/402/402 388/388/388 1613/1613/1613
f 1427/1427/1427 2203/2203/2203 1001/1001/1001
f 2065/2065/2065 3327/3327/3327 3509/3509/3509
f 144/144/144 605/605/605 673/673/673
f 489/489/489 111/111/111 417/417/417
f 2578/2578/2578 417/417/417 1441/1441/1441
f 219/219/219 417/417/417 502/502/502
f 718/718/718 130/130/130 3691/3691/3691
f 741/741/741 692/692/692 2019/2019/2019
f 1560/1560/1560 2180/2180/2180 130/130/130
f 202/202/202 1109/1109/1109 1641/1641/1641
f 1210/1210/1210 2203/2203/2203 1280/1280/1280
f 660/660/660 2659/2659/2659 2350/2350/2350
f 1013/1013/1013 827/827/827 3514/3514/3514
f 860/860/860 3183/3183/3183 2575/2575/2575
f 1013/1013/1013 475/475/475 479/479/479
f 2870/2870/2870 2732/2732/2732 1359/1359/1359
f 2479/2479/2479 2662/2662/2662 1802/1802/1802
f 485/485/485 2171/2171/2171 2203/2203/2203
f 3589/3589/3589 2203/2203/2203 979/979/979
f 3161/3161/3161 3243/3243/3243 1854/1854/1854
f 3704/3704/3704 2238/2238/2238 1746/1746/1746
f 2681/2681/2681 2861/2861/2861 2224/2224/2224
f 442/442/442 373/373/373 1013/1013/1013
f 83/83/83 1369/1369/1369 1239/1239/1239
f 2411/2411/2411 3801/3801/3801 1573/1573/1573
f 1075/1075/1075 3704/3704/3704 3535/3535/3535
f 246/246/246 994/994/994 2885/2885/2885
f 1030/1030/1030 3561/3561/3561 1337/1337/1337
f 3197/3197/3197 948/948/948 2620/2620/2620
f 130/130/130 893/893/893 685/685/685
f 3/3/3 417/417/417 1683/1683/1683
f 3243/3243/3243 1309/1309/1309 2528/2528/2528
f 773/773/773 130/130/130 1705/1705/1705
f 1807/1807/1807 1509/1509/1509 994/994/994
f 1340/1340/1340 2955/2955/2955 2381/2381/2381
f 1823/1823/1823 1099/1099/1099 2686/2686/2686
f 2891/2891/2891 1042/1042/1042 3394/3394/3394
f 3704/3704/3704 3750/3750/3750 2883/2883/2883
f 2035/2035/2035 2876/2876/2876 1955/1955/1955
f 802/802/802 2817/2817/2817 810/810/810
f 2960/2960/2960 1608/1608/1608 1340/1340/1340
f 2941/2941/2941 1768/1768/1768 2479/2479/2479
f 3717/3717/3717 3704/3704/3704 3599/3599/3599
f 2492/2492/2492 751/751/751 3649/3649/3649
f 2260/2260/2260 1874/1874/1874 2660/2660/2660
f 1077/1077/1077 3639/3639/3639 1330/1330/1330
f 1750/1750/1750 2534/2534/2534 3897/3897/3897
f 2694/2694/2694 3272/3272/3272 1042/1042/1042
f 2250/2250/2250 1780/1780/1780 1005/1005/1005
f 3885/3885/3885 2454/2454/2454 1500/1500/1500
f 2686/2686/2686 3216/3216/3216 2717/2717/2717
f 879/879/879 741/741/741 1294/1294/1294
f 2989/2989/2989 3400/3400/3400 1284/1284/1284
f 1906/1906/1906 1605/1605/1605 2294/2294/2294
f 2861/2861/2861 3170/3170/3170 1694/1694/1694
f 1042/1042/1042 1593/1593/1593 2062/2062/2062
f 946/946/946 130/130/130 576/576/576
f 1034/1034/1034 2861/2861/2861 3496/3496/3496
f 1013/1013/1013 1689/1689/1689 705/705/705
f 1337/1337/1337 1474/1474/1474 1579/1579/1579
f 2492/2492/2492 1934/1934/1934 801/801/801
f 417/417/417 2712/2712/2712 406/406/406
f 2549/2549/2549 1489/1489/1489 1888/1888/1888
f 3373/3373/3373 2667/2667/2667 2817/2817/2817
f 2203/2203/2203 3728/3728/3728 1944/1944/1944
f 1642/1642/1642 2876/2876/2876 681/681/681
f 3788/3788/3788 3258/3258/3258 1140/1140/1140
f 2817/2817/2817 846/846/846 2307/2307/2307
f 2118/2118/2118 3075/3075/3075 1240/1240/1240
f 3249/3249/3249 1042/1042/1042 1396/1396/1396
f 3152/3152/3152 3141/3141/3141 3671/3671/3671
f 3019/3019/3019 809/809/809 130/130/130
f 994/994/994 2009/2009/2009 3546/3546/3546
f 771/771/771 2876/2876/2876 978/978/978
f 1613/1613/1613 471/471/471 408/408/408
f 3777/3777/3777 1059/1059/1059 1126/1126/1126
f 3755/3755/3755 1641/1641/1641 1263/1263/1263
f 3241/3241/3241 1605/1605/1605 2800/2800/2800
f 2529/2529/2529 1648/1648/1648 2817/2817/2817
f 3379/3379/3379 1611/1611/1611 1421/1421/1421
f 147/147/147 2990/2990/2990 1341/1341/1341
f 2028/2028/2028 2317/2317/2317 1758/1758/1758
f 1223/1223/1223 2492/2492/2492 762/762/762
f 374/374/374 417/417/417 3894/3894/3894
f 3903/3903/3903 3622/3622/3622 2660/2660/2660
f 1671/1671/1671 1421/1421/1421 439/439/439
f 73/73/73 3164/3164/3164 2203/2203/2203
f 2729/2729/2729 2720/2720/2720 3414/3414/3414
f 2851/2851/2851 1778/1778/1778 958/958/958
f 295/295/295 503/503/503 1013/1013/1013
f 1467/1467/1467 1602/1602/1602 3540/3540/3540
f 3809/3809/3809 2874/2874/2874 2747/2747/2747
f 1557/1557/1557 1511/1511/1511 376/376/376
f 1003/1003/1003 3785/3785/3785 3095/3095/3095
f 767/767/767 130/130/130 768/768/768
f 3449/3449/3449 1605/1605/1605 3478/3478/3478
f 840/840/840 2492/2492/2492 1981/1981/1981
f 3078/3078/3078 1271/1271/1271 1564/1564/1564
f 2492/2492/2492 99/99/99 2109/2109/2109
f 3175/3175/3175 1218/1218/1218 624/624/624
f 3013/3013/3013 2428/2428/2428 2043/2043/2043
f 3450/3450/3450 62/62/62 1135/1135/1135
f 101/101/101 1821/1821/1821 2134/2134/2134
f 3033/3033/3033 3897/3897/3897 3842/3842/3842
f 1306/1306/1306 1606/1606/1606 2990/2990/2990
f 582/582/582 301/301/301 130/130/130
f 992/992/992 250/250/250 3175/3175/3175
f 3716/3716/3716 2729/2729/2729 3451/3451/3451
f 3459/3459/3459 2203/2203/2203 3676/3676/3676
f 178/178/178 2614/2614/2614 1969/1969/1969
f 2203/2203/2203 912/912/912 621/621/621
f 1519/1519/1519 3758/3758/3758 3327/3327/3327
f 2350/2350/2350 3175/3175/3175 3800/3800/3800
f 2732/2732/2732 2508/2508/2508 3743/3743/3743
f 3480/3480/3480 3413/3413/3413 1605/1605/1605
f 164/164/164 2729/2729/2729 1600/1600/1600
f 2340/2340/2340 2043/2043/2043 2647/2647/2647
f 1338/1338/1338 3048/3048/3048 2610/2610/2610
f 843/843/843 584/584/584 130/130/130
f 342/342/342 499/499/499 3704/3704/3704
f 1936/1936/1936 3802/3802/3802 3788/3788/3788
f 2630/2630/2630 2729/2729/2729 1945/1945/1945
f 1435/1435/1435 3327/3327/3327 3837/3837/3837
f 3685/3685/3685 2358/2358/2358 2604/2604/2604
f 1191/1191/1191 83/83/83 2136/2136/2136
f 3271/3271/3271 1641/1641/1641 2842/2842/2842
f 3897/3897/3897 2534/2534/2534 3760/3760/3760
f 1009/1009/1009 2763/2763/2763 130/130/130
f 3704/3704/3704 3522/3522/3522 2698/2698/2698
f 2729/2729/2729 3623/3623/3623 2207/2207/2207
f 3381/3381/3381 2195/2195/2195 1421/1421/1421
f 2704/2704/2704 2347/2347/2347 2029/2029/2029
f 3327/3327/3327 3849/3849/3849 2637/2637/2637
f 1337/1337/1337 3759/3759/3759 2533/2533/2533
f 3237/3237/3237 2977/2977/2977 3918/3918/3918
f 102/102/102 1220/1220/1220 2660/2660/2660
f 2611/2611/2611 1061/1061/1061 417/417/417
f 846/846/846 1013/1013/1013 806/806/806
f 2479/2479/2479 2858/2858/2858 1764/1764/1764
f 3197/3197/3197 36/36/36 933/933/933
f 741/741/741 833/833/833 856/856/856
f 3237/3237/3237 3445/3445/3445 3352/3352/3352
f 1473/1473/1473 3647/3647/3647 2384/2384/2384
f 3041/3041/3041 1057/1057/1057 2043/2043/2043
f 1403/1403/1403 83/83/83 1202/1202/1202
f 2817/2817/2817 2815/2815/2815 1386/1386/1386
f 251/251/251 1552/1552/1552 3704/3704/3704
f 2269/2269/2269 1605/1605/1605 1470/1470/1470
f 297/297/297 2203/2203/2203 3481/3481/3481
f 2479/2479/2479 4/4/4 1684/1684/1684
f 842/842/842 591/591/591 1013/1013/1013
f 258/258/258 1372/1372/1372 2777/2777/2777
f 922/922/922 1107/1107/1107 957/957/957
f 2904/2904/2904 3701/3701/3701 130/130/130
f 3085/3085/3085 2817/2817/2817 802/802/802
f 3484/3484/3484 83/83/83 1191/1191/1191
f 2515/2515/2515 1292/1292/1292 1216/1216/1216
f 2203/2203/2203 3589/3589/3589 876/876/876
f 2203/2203/2203 2796/2796/2796 949/949/949
f 168/168/168 1532/1532/1532 2203/2203/2203
f 256/256/256 369/369/369 417/417/417
f 1828/1828/1828 3261/3261/3261 2134/2134/2134
f 2604/2604/2604 2466/2466/2466 1023/1023/1023
f 536/536/536 741/741/741 1002/1002/1002
f 417/417/417 2931/2931/2931 426/426/426
f 271/271/271 1955/1955/1955 2810/2810/2810
f 2492/2492/2492 3138/3138/3138 2169/2169/2169
f 1066/1066/1066 3450/3450/3450 2979/2979/2979
f 3109/3109/3109 280/280/280 1013/1013/1013
f 2088/2088/2088 1975/1975/1975 3450/3450/3450
f 154/154/154 1067/1067/1067 1003/1003/1003
f 661/661/661 144/144/144 3197/3197/3197
f 15/15/15 1972/1972/1972 3197/3197/3197
f 2041/2041/2041 2801/2801/2801 3175/3175/3175
f 3175/3175/3175 624/624/624 2703/2703/2703
f 1013/1013/1013 2480/2480/2480 454/454/454
f 1977/1977/1977 1641/1641/1641 958/958/958
f 177/177/177 3051/3051/3051 2726/2726/2726
f 2546/2546/2546 1042/1042/1042 3858/3858/3858
f 3897/3897/3897 3678/3678/3678 2643/2643/2643
f 2549/2549/2549 1888/1888/1888 3704/3704/3704
f 3787/3787/3787 3304/3304/3304 3356/3356/3356
f 1284/1284/1284 2726/2726/2726 3051/3051/3051
f 1723/1723/1723 2861/2861/2861 3341/3341/3341
f 1438/1438/1438 1198/1198/1198 27/27/27
f 958/958/958 1128/1128/1128 1990/1990/1990
f 2491/2491/2491 3446/3446/3446 3777/3777/3777
f 3091/3091/3091 1284/1284/1284 3051/3051/3051
f 1151/1151/1151 1268/1268/1268 1613/1613/1613
f 3245/3245/3245 1473/1473/1473 2838/2838/2838
f 3530/3530/3530 3669/3669/3669 1573/1573/1573
f 2738/2738/2738 3197/3197/3197 270/270/270
f 2118/2118/2118 1240/1240/1240 2554/2554/2554
f 1669/1669/1669 1523/1523/1523 1641/1641/1641
f 1613/1613/1613 220/220/220 361/361/361
f 409/409/409 417/417/417 406/406/406
f 2380/2380/2380 2951/2951/2951 1115/1115/1115
f 2203/2203/2203 3339/3339/3339 3338/3338/3338
f 2203/2203/2203 2108/2108/2108 1398/1398/1398
f 342/342/342 3704/3704/3704 335/335/335
f 2626/2626/2626 2610/2610/2610 1390/1390/1390
f 3809/3809/3809 2542/2542/2542 2873/2873/2873
f 299/299/299 1664/1664/1664 3175/3175/3175
f 2479/2479/2479 3846/3846/3846 1713/1713/1713
f 2479/2479/2479 2087/2087/2087 3333/3333/3333
f 576/576/576 130/130/130 872/872/872
f 144/144/144 1096/1096/1096 714/714/714
f 3177/3177/3177 958/958/958 2996/2996/2996
f 2479/2479/2479 2476/2476/2476 1693/1693/1693
f 2171/2171/2171 1098/1098/1098 2203/2203/2203
f 1337/1337/1337 1311/1311/1311 3286/3286/3286
f 264/264/264 2007/2007/2007 1838/1838/1838
f 179/179/179 3835/3835/3835 3679/3679/3679
f 232/232/232 829/829/829 2492/2492/2492
f 3704/3704/3704 1436/1436/1436 407/407/407
f 2479/2479/2479 2672/2672/2672 2298/2298/2298
f 2093/2093/2093 3534/3534/3534 1920/1920/1920
f 3083/3083/3083 2873/2873/2873 1419/1419/1419
f 2203/2203/2203 227/227/227 2402/2402/2402
f 2760/2760/2760 2273/2273/2273 1892/1892/1892
f 3325/3325/3325 2492/2492/2492 3036/3036/3036
f 1636/1636/1636 575/575/575 985/985/985
f 635/635/635 2673/2673/2673 130/130/130
f 1537/1537/1537 2575/2575/2575 2190/2190/2190
f 3039/3039/3039 1812/1812/1812 2610/2610/2610
f 1636/1636/1636 1415/1415/1415 3905/3905/3905
f 1711/1711/1711 2492/2492/2492 707/707/707
f 3237/3237/3237 3212/3212/3212 3105/3105/3105
f 631/631/631 760/760/760 144/144/144
f 2876/2876/2876 3142/3142/3142 1955/1955/1955
f 3004/3004/3004 2762/2762/2762 2313/2313/2313
f 2203/2203/2203 999/999/999 2727/2727/2727
f 2987/2987/2987 2575/2575/2575 3587/3587/3587
f 742/742/742 2492/2492/2492 1447/1447/1447
f 1040/1040/1040 1813/1813/1813 1042/1042/1042
f 1032/1032/1032 310/310/310 2492/2492/2492
f 1555/1555/1555 1246/1246/1246 2313/2313/2313
f 1641/1641/1641 1175/1175/1175 2389/2389/2389
f 3034/3034/3034 3843/3843/3843 2479/2479/2479
f 1385/1385/1385 2272/2272/2272 3197/3197/3197
f 60/60/60 2457/2457/2457 83/83/83
f 2203/2203/2203 1409/1409/1409 3318/3318/3318
f 3585/3585/3585 1800/1800/1800 178/178/178
f 853/853/853 867/867/867 2990/2990/2990
f 819/819/819 820/820/820 130/130/130
f 792/792/792 799/799/799 1013/1013/1013
f 3582/3582/3582 3519/3519/3519 2760/2760/2760
f 3432/3432/3432 2642/2642/2642 3450/3450/3450
f 1876/1876/1876 3152/3152/3152 1617/1617/1617
f 3752/3752/3752 1573/1573/1573 3461/3461/3461
f 27/27/27 3024/3024/3024 2732/2732/2732
f 1017/1017/1017 1605/1605/1605 1165/1165/1165
f 1094/1094/1094 144/144/144 1344/1344/1344
f 1164/1164/1164 2203/2203/2203 1016/1016/1016
f 1039/1039/1039 237/237/237 2610/2610/2610
f 10/10/10 1608/1608/1608 2471/2471/2471
f 3067/3067/3067 958/958/958 144/144/144
f 150/150/150 3679/3679/3679 2514/2514/2514
f 2485/2485/2485 3445/3445/3445 3237/3237/3237
f 2479/2479/2479 2252/2252/2252 1131/1131/1131
f 3916/3916/3916 3327/3327/3327 2241/2241/2241
f 1374/1374/1374 2144/2144/2144 3540/3540/3540
f 772/772/772 980/980/980 2575/2575/2575
f 265/265/265 972/972/972 2876/2876/2876
f 1676/1676/1676 3175/3175/3175 2659/2659/2659
f 220/220/220 5/5/5 3334/3334/3334
f 1013/1013/1013 1132/1132/1132 2447/2447/2447
f 3704/3704/3704 3766/3766/3766 1604/1604/1604
f 2203/2203/2203 848/848/848 983/983/983
f 1686/1686/1686 2845/2845/2845 908/908/908
f 1003/1003/1003 2531/2531/2531 1349/1349/1349
f 1337/1337/1337 3079/3079/3079 3298/3298/3298
f 994/994/994 222/222/222 2945/2945/2945
f 1498/1498/1498 3636/3636/3636 1257/1257/1257
f 994/994/994 3473/3473/3473 2013/2013/2013
f 3544/3544/3544 1282/1282/1282 2704/2704/2704
f 2575/2575/2575 3032/3032/3032 2403/2403/2403
f 220/220/220 3194/3194/3194 1999/1999/1999
f 1958/1958/1958 3567/3567/3567 130/130/130
f 37/37/37 741/741/741 934/934/934
f 3479/3479/3479 3448/3448/3448 2203/2203/2203
f 1337/1337/1337 1249/1249/1249 2833/2833/2833
f 130/130/130 794/794/794 757/757/757
f 1240/1240/1240 1370/1370/1370 2554/2554/2554
f 952/952/952 984/984/984 3175/3175/3175
f 3468/3468/3468 3197/3197/3197 100/100/100
f 1826/1826/1826 3274/3274/3274 1955/1955/1955
f 1351/1351/1351 332/332/332 417/417/417
f 3778/3778/3778 3041/3041/3041 2043/2043/2043
f 1042/1042/1042 177/177/177 2726/2726/2726
f 2990/2990/2990 786/786/786 641/641/641
f 3450/3450/3450 3697/3697/3697 3391/3391/3391
f 2479/2479/2479 3402/3402/3402 2284/2284/2284
f 1955/1955/1955 1269/1269/1269 1594/1594/1594
f 3725/3725/3725 3214/3214/3214 2729/2729/2729
f 2604/2604/2604 3012/3012/3012 1288/1288/1288
f 2296/2296/2296 1526/1526/1526 2732/2732/2732
f 1340/1340/1340 27/27/27 2938/2938/2938
f 2203/2203/2203 3045/3045/3045 744/744/744
f 2234/2234/2234 2313/2313/2313 1744/1744/1744
f 2383/2383/2383 2575/2575/2575 2348/2348/2348
f 238/238/238 1042/1042/1042 2619/2619/2619
f 3770/3770/3770 1337/1337/1337 1895/1895/1895
f 1013/1013/1013 653/653/653 652/652/652
f 1575/1575/1575 1416/1416/1416 741/741/741
f 2043/2043/2043 1022/1022/1022 2465/2465/2465
f 3242/3242/3242 3235/3235/3235 1974/1974/1974
f 1900/1900/1900 2610/2610/2610 1924/1924/1924
f 2819/2819/2819 2823/2823/2823 2479/2479/2479
f 2313/2313/2313 2732/2732/2732 994/994/994
f 3897/3897/3897 3343/3343/3343 3842/3842/3842
f 3175/3175/3175 3661/3661/3661 1424/1424/1424
f 1337/1337/1337 2864/2864/2864 3718/3718/3718
f 1337/1337/1337 1692/1692/1692 2475/2475/2475
f 1337/1337/1337 2251/2251/2251 1952/1952/1952
f 1642/1642/1642 537/537/537 2876/2876/2876
f 2651/2651/2651 3761/3761/3761 2699/2699/2699
f 254/254/254 844/844/844 3197/3197/3197
f 635/635/635 130/130/130 1064/1064/1064
f 2872/2872/2872 2861/2861/2861 1412/1412/1412
f 3704/3704/3704 1613/1613/1613 2202/2202/2202
f 3243/3243/3243 94/94/94 1587/1587/1587
f 3704/3704/3704 394/394/394 324/324/324
f 1715/1715/1715 3788/3788/3788 2484/2484/2484
f 417/417/417 331/331/331 430/430/430
f 3191/3191/3191 3844/3844/3844 3327/3327/3327
f 1867/1867/1867 1512/1512/1512 2861/2861/2861
f 617/617/617 961/961/961 741/741/741
f 1206/1206/1206 1911/1911/1911 1257/1257/1257
f 3197/3197/3197 927/927/927 926/926/926
f 2491/2491/2491 3777/3777/3777 3417/3417/3417
f 2861/2861/2861 1006/1006/1006 3496/3496/3496
f 2711/2711/2711 354/354/354 1613/1613/1613
f 138/138/138 3810/3810/3810 2492/2492/2492
f 3237/3237/3237 3105/3105/3105 1988/1988/1988
f 4/4/4 2479/2479/2479 3856/3856/3856
f 247/247/247 2126/2126/2126 130/130/130
f 890/890/890 769/769/769 144/144/144
f 3098/3098/3098 417/417/417 494/494/494
f 1610/1610/1610 2134/2134/2134 2540/2540/2540
f 1013/1013/1013 3208/3208/3208 448/448/448
f 123/123/123 1337/1337/1337 1539/1539/1539
f 169/169/169 2064/2064/2064 3327/3327/3327
f 1573/1573/1573 3886/3886/3886 1501/1501/1501
f 1613/1613/1613 488/488/488 377/377/377
f 2604/2604/2604 2416/2416/2416 1513/1513/1513
f 2313/2313/2313 3230/3230/3230 1462/1462/1462
f 2118/2118/2118 2990/2990/2990 1747/1747/1747
f 3064/3064/3064 2479/2479/2479 2092/2092/2092
f 642/642/642 787/787/787 144/144/144
f 2492/2492/2492 1486/1486/1486 904/904/904
f 233/233/233 3263/3263/3263 3304/3304/3304
f 2497/2497/2497 130/130/130 790/790/790
f 78/78/78 917/917/917 1558/1558/1558
f 2549/2549/2549 3577/3577/3577 48/48/48
f 130/130/130 1189/1189/1189 1923/1923/1923
f 1003/1003/1003 2700/2700/2700 3791/3791/3791
f 306/306/306 220/220/220 385/385/385
f 2413/2413/2413 3689/3689/3689 2729/2729/2729
f 2520/2520/2520 958/958/958 3294/3294/3294
f 1980/1980/1980 1359/1359/1359 2732/2732/2732
f 2604/2604/2604 1288/1288/1288 2416/2416/2416
f 3362/3362/3362 1337/1337/1337 1749/1749/1749
f 2895/2895/2895 2118/2118/2118 3500/3500/3500
f 262/262/262 383/383/383 220/220/220
f 3018/3018/3018 2817/2817/2817 808/808/808
f 1369/1369/1369 2899/2899/2899 1157/1157/1157
f 2063/2063/2063 168/168/168 2203/2203/2203
f 3197/3197/3197 595/595/595 1422/1422/1422
f 2249/2249/2249 1564/1564/1564 2610/2610/2610
f 1400/1400/1400 2479/2479/2479 2298/2298/2298
f 213/213/213 3225/3225/3225 1573/1573/1573
f 1397/1397/1397 2625/2625/2625 2037/2037/2037
f 3897/3897/3897 3427/3427/3427 1658/1658/1658
f 3040/3040/3040 1042/1042/1042 1813/1813/1813
f 417/417/417 506/506/506 363/363/363
f 3908/3908/3908 2760/2760/2760 3756/3756/3756
f 2492/2492/2492 734/734/734 672/672/672
f 1605/1605/1605 1695/1695/1695 3171/3171/3171
f 987/987/987 833/833/833 741/741/741
f 2610/2610/2610 2618/2618/2618 2046/2046/2046
f 1573/1573/1573 2861/2861/2861 2872/2872/2872
f 785/785/785 762/762/762 2492/2492/2492
f 3450/3450/3450 3422/3422/3422 3113/3113/3113
f 107/107/107 3175/3175/3175 121/121/121
f 1723/1723/1723 3594/3594/3594 2861/2861/2861
f 1140/1140/1140 3247/3247/3247 3788/3788/3788
f 1380/1380/1380 3321/3321/3321 3094/3094/3094
f 2531/2531/2531 1003/1003/1003 2758/2758/2758
f 2405/2405/2405 1337/1337/1337 1766/1766/1766
f 178/178/178 1827/1827/1827 1792/1792/1792
f 2865/2865/2865 27/27/27 2870/2870/2870
f 1404/1404/1404 3265/3265/3265 2278/2278/2278
f 220/220/220 470/470/470 2685/2685/2685
f 309/309/309 2492/2492/2492 87/87/87
f 1505/1505/1505 2378/2378/2378 130/130/130
f 3197/3197/3197 836/836/836 1954/1954/1954
f 3090/3090/3090 3242/3242/3242 3397/3397/3397
f 3703/3703/3703 3327/3327/3327 2017/2017/2017
f 1014/1014/1014 195/195/195 1003/1003/1003
f 2439/2439/2439 1347/1347/1347 3197/3197/3197
f 804/804/804 968/968/968 2492/2492/2492
f 514/514/514 1660/1660/1660 417/417/417
f 220/220/220 640/640/640 385/385/385
f 24/24/24 3196/3196/3196 130/130/130
f 3713/3713/3713 3327/3327/3327 1913/1913/1913
f 3238/3238/3238 2368/2368/2368 2760/2760/2760
f 2549/2549/2549 3283/3283/3283 3739/3739/3739
f 2990/2990/2990 867/867/867 906/906/906
f 3197/3197/3197 703/703/703 855/855/855
f 2990/2990/2990 131/131/131 3021/3021/3021
f 3544/3544/3544 1273/1273/1273 1282/1282/1282
f 1886/1886/1886 508/508/508 1013/1013/1013
f 2492/2492/2492 2519/2519/2519 2049/2049/2049
f 1475/1475/1475 3348/3348/3348 3897/3897/3897
f 130/130/130 755/755/755 964/964/964
f 2410/2410/2410 3327/3327/3327 3720/3720/3720
f 2729/2729/2729 2482/2482/2482 3331/3331/3331
f 1576/1576/1576 3197/3197/3197 70/70/70
f 144/144/144 1761/1761/1761 959/959/959
f 3063/3063/3063 3897/3897/3897 1843/1843/1843
f 3820/3820/3820 3738/3738/3738 2729/2729/2729
f 953/953/953 3197/3197/3197 889/889/889
f 1926/1926/1926 1153/1153/1153 2203/2203/2203
f 1671/1671/1671 1013/1013/1013 1421/1421/1421
f 2555/2555/2555 1/1/1 220/220/220
f 1337/1337/1337 2896/2896/2896 3489/3489/3489
f 955/955/955 2203/2203/2203 775/775/775
f 417/417/417 1951/1951/1951 1259/1259/1259
f 1543/1543/1543 1169/1169/1169 1904/1904/1904
f 3406/3406/3406 2876/2876/2876 883/883/883
f 3402/3402/3402 2479/2479/2479 2743/2743/2743
f 2686/2686/2686 2008/2008/2008 3216/3216/3216
f 923/923/923 2106/2106/2106 144/144/144
f 3242/3242/3242 176/176/176 2303/2303/2303
f 2770/2770/2770 3704/3704/3704 2883/2883/2883
f 293/293/293 3562/3562/3562 2732/2732/2732
f 2308/2308/2308 130/130/130 809/809/809
f 2876/2876/2876 690/690/690 688/688/688
f 3490/3490/3490 3243/3243/3243 3100/3100/3100
f 1013/1013/1013 3166/3166/3166 465/465/465
f 3788/3788/3788 3450/3450/3450 2302/2302/2302
f 1151/1151/1151 1613/1613/1613 866/866/866
f 3704/3704/3704 399/399/399 477/477/477
f 1578/1578/1578 2479/2479/2479 3344/3344/3344
f 3047/3047/3047 706/706/706 1013/1013/1013
f 2610/2610/2610 2626/2626/2626 2771/2771/2771
f 205/205/205 2321/2321/2321 417/417/417
f 3710/3710/3710 1786/1786/1786 3014/3014/3014
f 2492/2492/2492 30/30/30 746/746/746
f 417/417/417 1680/1680/1680 2083/2083/2083
f 741/741/741 1850/1850/1850 914/914/914
f 2509/2509/2509 317/317/317 220/220/220
f 2006/2006/2006 3265/3265/3265 1404/1404/1404
f 3858/3858/3858 1042/1042/1042 1596/1596/1596
f 157/157/157 958/958/958 1052/1052/1052
f 32/32/32 1125/1125/1125 3534/3534/3534
f 2504/2504/2504 3572/3572/3572 2575/2575/2575
f 209/209/209 556/556/556 2492/2492/2492
f 297/297/297 1627/1627/1627 2203/2203/2203
f 2453/2453/2453 3488/3488/3488 1605/1605/1605
f 130/130/130 1933/1933/1933 788/788/788
f 3515/3515/3515 3751/3751/3751 3460/3460/3460
f 1729/1729/1729 1573/1573/1573 3870/3870/3870
f 273/273/273 439/439/439 1421/1421/1421
f 255/255/255 1297/1297/1297 253/253/253
f 2625/2625/2625 155/155/155 1531/1531/1531
f 2405/2405/2405 1994/1994/1994 1337/1337/1337
f 3879/3879/3879 1205/1205/1205 2203/2203/2203
f 2479/2479/2479 1693/1693/1693 2153/2153/2153
f 3067/3067/3067 144/144/144 2441/2441/2441
f 2228/2228/2228 1565/1565/1565 1257/1257/1257
f 154/154/154 1003/1003/1003 1530/1530/1530
f 1045/1045/1045 2610/2610/2610 1795/1795/1795
f 2933/2933/2933 1740/1740/1740 3062/3062/3062
f 703/703/703 3197/3197/3197 933/933/933
f 1638/1638/1638 3518/3518/3518 3450/3450/3450
f 417/417/417 85/85/85 506/506/506
f 3304/3304/3304 3263/3263/3263 3754/3754/3754
f 2576/2576/2576 1955/1955/1955 1376/1376/1376
f 276/276/276 3259/3259/3259 1573/1573/1573
f 3668/3668/3668 3667/3667/3667 1772/1772/1772
f 991/991/991 2441/2441/2441 144/144/144
f 778/778/778 940/940/940 2492/2492/2492
f 3368/3368/3368 1607/1607/1607 1307/1307/1307
f 2299/2299/2299 1916/1916/1916 130/130/130
f 3042/3042/3042 3779/3779/3779 2604/2604/2604
f 1284/1284/1284 1492/1492/1492 2989/2989/2989
f 44/44/44 3634/3634/3634 3788/3788/3788
f 2704/2704/2704 1365/1365/1365 1857/1857/1857
f 156/156/156 3787/3787/3787 3357/3357/3357
f 88/88/88 1374/1374/1374 3540/3540/3540
f 279/279/279 220/220/220 350/350/350
f 2823/2823/2823 2677/2677/2677 2479/2479/2479
f 3727/3727/3727 307/307/307 130/130/130
f 2910/2910/2910 1340/1340/1340 2901/2901/2901
f 2483/2483/2483 130/130/130 962/962/962
f 2492/2492/2492 2322/2322/2322 1056/1056/1056
f 2479/2479/2479 1250/1250/1250 2783/2783/2783
f 1042/1042/1042 2923/2923/2923 3812/3812/3812
f 2178/2178/2178 2575/2575/2575 1718/1718/1718
f 1814/1814/1814 1902/1902/1902 3671/3671/3671
f 2492/2492/2492 3649/3649/3649 752/752/752
f 2118/2118/2118 1522/1522/1522 1363/1363/1363
f 65/65/65 1340/1340/1340 2940/2940/2940
f 3193/3193/3193 1361/1361/1361 1216/1216/1216
f 1817/1817/1817 3197/3197/3197 637/637/637
f 174/174/174 2729/2729/2729 2630/2630/2630
f 1300/1300/1300 2676/2676/2676 2817/2817/2817
f 1088/1088/1088 3485/3485/3485 68/68/68
f 3170/3170/3170 2861/2861/2861 3594/3594/3594
f 699/699/699 666/666/666 942/942/942
f 2492/2492/2492 888/888/888 739/739/739
f 2492/2492/2492 1471/1471/1471 2806/2806/2806
f 964/964/964 2478/2478/2478 130/130/130
f 1518/1518/1518 284/284/284 2203/2203/2203
f 1704/1704/1704 3471/3471/3471 3368/3368/3368
f 3197/3197/3197 1148/1148/1148 1527/1527/1527
f 2492/2492/2492 3873/3873/3873 2181/2181/2181
f 3888/3888/3888 3509/3509/3509 3327/3327/3327
f 269/269/269 220/220/220 3704/3704/3704
f 1506/1506/1506 3176/3176/3176 2492/2492/2492
f 3197/3197/3197 1145/1145/1145 540/540/540
f 2808/2808/2808 2492/2492/2492 736/736/736
f 2432/2432/2432 2479/2479/2479 3784/3784/3784
f 3579/3579/3579 186/186/186 2861/2861/2861
f 2203/2203/2203 2177/2177/2177 1717/1717/1717
f 417/417/417 491/491/491 2286/2286/2286
f 2660/2660/2660 2690/2690/2690 3458/3458/3458
f 845/845/845 255/255/255 741/741/741
f 3377/3377/3377 1734/1734/1734 2817/2817/2817
f 83/83/83 59/59/59 1202/1202/1202
f 63/63/63 3784/3784/3784 2479/2479/2479
f 40/40/40 2203/2203/2203 2115/2115/2115
f 2211/2211/2211 3175/3175/3175 1691/1691/1691
f 2867/2867/2867 178/178/178 2861/2861/2861
f 780/780/780 130/130/130 2483/2483/2483
f 1334/1334/1334 3327/3327/3327 2362/2362/2362
f 783/783/783 130/130/130 784/784/784
f 54/54/54 1573/1573/1573 3669/3669/3669
f 292/292/292 2881/2881/2881 1337/1337/1337
f 1268/1268/1268 1943/1943/1943 1613/1613/1613
f 3450/3450/3450 2123/2123/2123 2246/2246/2246
f 671/671/671 741/741/741 1686/1686/1686
f 2906/2906/2906 2604/2604/2604 2552/2552/2552
f 3327/3327/3327 2597/2597/2597 3191/3191/3191
f 2348/2348/2348 2575/2575/2575 2030/2030/2030
f 1743/1743/1743 2777/2777/2777 2233/2233/2233
f 36/36/36 3197/3197/3197 974/974/974
f 958/958/958 2318/2318/2318 1707/1707/1707
f 656/656/656 1013/1013/1013 816/816/816
f 417/417/417 2089/2089/2089 1662/1662/1662
f 2732/2732/2732 2869/2869/2869 2444/2444/2444
f 1771/1771/1771 3666/3666/3666 3671/3671/3671
f 2438/2438/2438 2660/2660/2660 998/998/998
f 1645/1645/1645 741/741/741 655/655/655
f 427/427/427 340/340/340 1013/1013/1013
f 3450/3450/3450 1921/1921/1921 3614/3614/3614
f 1747/1747/1747 2990/2990/2990 1558/1558/1558
f 2203/2203/2203 2044/2044/2044 979/979/979
f 1605/1605/1605 3342/3342/3342 1632/1632/1632
f 3197/3197/3197 2964/2964/2964 894/894/894
f 3578/3578/3578 3573/3573/3573 2203/2203/2203
f 2069/2069/2069 2102/2102/2102 2203/2203/2203
f 1366/1366/1366 2454/2454/2454 2760/2760/2760
f 347/347/347 3704/3704/3704 397/397/397
f 2859/2859/2859 1328/1328/1328 2610/2610/2610
f 1572/1572/1572 2073/2073/2073 3197/3197/3197
f 3889/3889/3889 1283/1283/1283 3327/3327/3327
f 583/583/583 3197/3197/3197 894/894/894
f 221/221/221 3360/3360/3360 130/130/130
f 3539/3539/3539 2861/2861/2861 3511/3511/3511
f 1337/1337/1337 3189/3189/3189 1311/1311/1311
f 420/420/420 384/384/384 417/417/417
f 3223/3223/3223 2289/2289/2289 2990/2990/2990
f 3450/3450/3450 3418/3418/3418 3420/3420/3420
f 843/843/843 130/130/130 522/522/522
f 1303/1303/1303 3643/3643/3643 1573/1573/1573
f 3719/3719/3719 2870/2870/2870 3663/3663/3663
f 2492/2492/2492 1591/1591/1591 765/765/765
f 3460/3460/3460 66/66/66 290/290/290
f 1465/1465/1465 2777/2777/2777 3202/3202/3202
f 3575/3575/3575 3572/3572/3572 3474/3474/3474
f 3027/3027/3027 3904/3904/3904 1439/1439/1439
f 2364/2364/2364 2264/2264/2264 2786/2786/2786
f 2134/2134/2134 2001/2001/2001 2173/2173/2173
f 130/130/130 2661/2661/2661 1655/1655/1655
f 2412/2412/2412 3788/3788/3788 3802/3802/3802
f 2492/2492/2492 1056/1056/1056 734/734/734
f 2291/2291/2291 1003/1003/1003 997/997/997
f 3450/3450/3450 3677/3677/3677 3697/3697/3697
f 2610/2610/2610 3005/3005/3005 1773/1773/1773
f 1599/1599/1599 509/509/509 417/417/417
f 3175/3175/3175 3285/3285/3285 121/121/121
f 3070/3070/3070 3327/3327/3327 117/117/117
f 958/958/958 1869/1869/1869 598/598/598
f 2733/2733/2733 3353/3353/3353 3704/3704/3704
f 417/417/417 2375/2375/2375 1118/1118/1118
f 1165/1165/1165 1605/1605/1605 3463/3463/3463
f 3590/3590/3590 3571/3571/3571 2861/2861/2861
f 3410/3410/3410 1337/1337/1337 1582/1582/1582
f 2547/2547/2547 2990/2990/2990 3280/3280/3280
f 2313/2313/2313 1964/1964/1964 1150/1150/1150
f 2834/2834/2834 2479/2479/2479 1261/1261/1261
f 3512/3512/3512 1417/1417/1417 2861/2861/2861
f 1042/1042/1042 2998/2998/2998 3000/3000/3000
f 839/839/839 130/130/130 2673/2673/2673
f 1337/1337/1337 2879/2879/2879 1030/1030/1030
f 2610/2610/2610 2724/2724/2724 135/135/135
f 578/578/578 3741/3741/3741 130/130/130
f 2610/2610/2610 1703/1703/1703 2395/2395/2395
f 1042/1042/1042 2546/2546/2546 2522/2522/2522
f 1744/1744/1744 1284/1284/1284 3724/3724/3724
f 1641/1641/1641 3825/3825/3825 1263/1263/1263
f 2660/2660/2660 3131/3131/3131 3127/3127/3127
f 3653/3653/3653 3450/3450/3450 1975/1975/1975
f 1782/1782/1782 1330/1330/1330 2458/2458/2458
f 229/229/229 2839/2839/2839 2492/2492/2492
f 2147/2147/2147 927/927/927 3197/3197/3197
f 2492/2492/2492 988/988/988 1696/1696/1696
f 3495/3495/3495 130/130/130 3110/3110/3110
f 1292/1292/1292 1885/1885/1885 1216/1216/1216
f 841/841/841 958/958/958 805/805/805
f 287/287/287 1848/1848/1848 3197/3197/3197
f 3197/3197/3197 585/585/585 938/938/938
f 1769/1769/1769 1955/1955/1955 2182/2182/2182
f 3704/3704/3704 3056/3056/3056 3705/3705/3705
f 220/220/220 353/353/353 1542/1542/1542
f 1736/1736/1736 1013/1013/1013 823/823/823
f 3788/3788/3788 242/242/242 55/55/55
f 687/687/687 1107/1107/1107 922/922/922
f 3237/3237/3237 2053/2053/2053 2921/2921/2921
f 3698/3698/3698 3678/3678/3678 3897/3897/3897
f 1039/1039/1039 2610/2610/2610 1812/1812/1812
f 3658/3658/3658 1323/1323/1323 1955/1955/1955
f 2127/2127/2127 248/248/248 2492/2492/2492
f 2203/2203/2203 929/929/929 3782/3782/3782
f 1634/1634/1634 3777/3777/3777 1126/1126/1126
f 3099/3099/3099 3103/3103/3103 1337/1337/1337
f 1852/1852/1852 1193/1193/1193 3534/3534/3534
f 2492/2492/2492 1777/1777/1777 2850/2850/2850
f 2988/2988/2988 2777/2777/2777 3399/3399/3399
f 2803/2803/2803 1843/1843/1843 3897/3897/3897
f 1154/1154/1154 1927/1927/1927 2861/2861/2861
f 2610/2610/2610 2337/2337/2337 2187/2187/2187
f 317/317/317 58/58/58 220/220/220
f 1031/1031/1031 2732/2732/2732 3562/3562/3562
f 325/325/325 1231/1231/1231 1013/1013/1013
f 144/144/144 1685/1685/1685 907/907/907
f 1811/1811/1811 994/994/994 2910/2910/2910
f 1248/1248/1248 1337/1337/1337 2302/2302/2302
f 3157/3157/3157 2134/2134/2134 3155/3155/3155
f 1672/1672/1672 440/440/440 417/417/417
f 1754/1754/1754 1042/1042/1042 3323/3323/3323
f 3909/3909/3909 3757/3757/3757 3450/3450/3450
f 2203/2203/2203 112/112/112 3891/3891/3891
f 1257/1257/1257 2780/2780/2780 3408/3408/3408
f 2134/2134/2134 3680/3680/3680 3314/3314/3314
f 3583/3583/3583 1893/1893/1893 3450/3450/3450
f 2660/2660/2660 1384/1384/1384 1688/1688/1688
f 3608/3608/3608 2575/2575/2575 3593/3593/3593
f 2189/2189/2189 3629/3629/3629 2876/2876/2876
f 2138/2138/2138 3179/3179/3179 3175/3175/3175
f 641/641/641 97/97/97 2990/2990/2990
f 2610/2610/2610 133/133/133 19/19/19
f 2981/2981/2981 2479/2479/2479 1449/1449/1449
f 3881/3881/3881 376/376/376 1794/1794/1794
f 3777/3777/3777 3638/3638/3638 1355/1355/1355
f 1127/1127/1127 2726/2726/2726 1635/1635/1635
f 2498/2498/2498 791/791/791 2492/2492/2492
f 3774/3774/3774 2871/2871/2871 1411/1411/1411
f 3450/3450/3450 1468/1468/1468 2302/2302/2302
f 706/706/706 947/947/947 1013/1013/1013
f 1576/1576/1576 836/836/836 3197/3197/3197
f 727/727/727 2492/2492/2492 726/726/726
f 1564/1564/1564 1779/1779/1779 135/135/135
f 2203/2203/2203 215/215/215 2739/2739/2739
f 1549/1549/1549 1641/1641/1641 1523/1523/1523
f 3704/3704/3704 3717/3717/3717 3452/3452/3452
f 2549/2549/2549 48/48/48 1819/1819/1819
f 1608/1608/1608 27/27/27 1399/1399/1399
f 178/178/178 3794/3794/3794 1912/1912/1912
f 3429/3429/3429 167/167/167 417/417/417
f 144/144/144 958/958/958 2665/2665/2665
f 3368/3368/3368 1464/1464/1464 1196/1196/1196
f 1956/1956/1956 1904/1904/1904 3229/3229/3229
f 1421/1421/1421 1013/1013/1013 503/503/503
f 3671/3671/3671 2500/2500/2500 2075/2075/2075
f 2729/2729/2729 2697/2697/2697 3521/3521/3521
f 2876/2876/2876 2674/2674/2674 557/557/557
f 1132/1132/1132 1013/1013/1013 3514/3514/3514
f 1284/1284/1284 3398/3398/3398 1497/1497/1497
f 1013/1013/1013 1158/1158/1158 2409/2409/2409
f 83/83/83 2606/2606/2606 2310/2310/2310
f 2770/2770/2770 2621/2621/2621 3704/3704/3704
f 918/918/918 741/741/741 852/852/852
f 2620/2620/2620 743/743/743 3197/3197/3197
f 1633/1633/1633 2826/2826/2826 3327/3327/3327
f 2586/2586/2586 3599/3599/3599 3704/3704/3704
f 1337/1337/1337 2613/2613/2613 2692/2692/2692
f 3257/3257/3257 1573/1573/1573 1139/1139/1139
f 3533/3533/3533 2604/2604/2604 2276/2276/2276
f 1831/1831/1831 2720/2720/2720 2729/2729/2729
f 3505/3505/3505 1500/1500/1500 2454/2454/2454
f 3695/3695/3695 2729/2729/2729 2370/2370/2370
f 2118/2118/2118 3066/3066/3066 1522/1522/1522
f 2365/2365/2365 144/144/144 602/602/602
f 1337/1337/1337 1353/1353/1353 1825/1825/1825
f 1700/1700/1700 2604/2604/2604 2581/2581/2581
f 60/60/60 83/83/83 1203/1203/1203
f 1683/1683/1683 417/417/417 3656/3656/3656
f 76/76/76 2729/2729/2729 2709/2709/2709
f 662/662/662 741/741/741 920/920/920
f 937/937/937 860/860/860 2575/2575/2575
f 2231/2231/2231 3178/3178/3178 3197/3197/3197
f 1337/1337/1337 1279/1279/1279 1272/1272/1272
f 181/181/181 2553/2553/2553 2610/2610/2610
f 2/2/2 2556/2556/2556 417/417/417
f 1618/1618/1618 3154/3154/3154 3710/3710/3710
f 659/659/659 3068/3068/3068 3175/3175/3175
f 21/21/21 1186/1186/1186 1569/1569/1569
f 2817/2817/2817 1712/1712/1712 3845/3845/3845
f 53/53/53 1473/1473/1473 3245/3245/3245
f 3053/3053/3053 1991/1991/1991 3175/3175/3175
f 183/183/183 568/568/568 2203/2203/2203
f 285/285/285 2044/2044/2044 2203/2203/2203
f 3659/3659/3659 2599/2599/2599 178/178/178
f 3260/3260/3260 277/277/277 3237/3237/3237
f 3863/3863/3863 3862/3862/3862 3327/3327/3327
f 3704/3704/3704 324/324/324 397/397/397
f 2575/2575/2575 2045/2045/2045 286/286/286
f 220/220/220 3334/3334/3334 361/361/361
f 376/376/376 2684/2684/2684 580/580/580
f 835/835/835 3197/3197/3197 625/625/625
f 3560/3560/3560 1756/1756/1756 2604/2604/2604
f 279/279/279 375/375/375 220/220/220
f 2897/2897/2897 3243/3243/3243 3490/3490/3490
f 3222/3222/3222 3534/3534/3534 1193/1193/1193
f 2203/2203/2203 2563/2563/2563 1965/1965/1965
f 3001/3001/3001 1525/1525/1525 3904/3904/3904
f 2817/2817/2817 2837/2837/2837 1229/1229/1229
f 1426/1426/1426 417/417/417 344/344/344
f 130/130/130 811/811/811 3019/3019/3019
f 1070/1070/1070 2479/2479/2479 2141/2141/2141
f 2479/2479/2479 1968/1968/1968 2092/2092/2092
f 2492/2492/2492 607/607/607 737/737/737
f 2916/2916/2916 1337/1337/1337 1625/1625/1625
f 2313/2313/2313 1150/1150/1150 2077/2077/2077
f 3819/3819/3819 1640/1640/1640 2604/2604/2604
f 3450/3450/3450 1135/1135/1135 2343/2343/2343
f 3756/3756/3756 2760/2760/2760 2978/2978/2978
f 130/130/130 2749/2749/2749 1285/1285/1285
f 3450/3450/3450 1893/1893/1893 2274/2274/2274
f 3552/3552/3552 512/512/512 417/417/417
f 72/72/72 2517/2517/2517 2575/2575/2575
f 2479/2479/2479 3376/3376/3376 1836/1836/1836
f 2617/2617/2617 1119/1119/1119 1970/1970/1970
f 1673/1673/1673 130/130/130 2588/2588/2588
f 1316/1316/1316 1318/1318/1318 3368/3368/3368
f 284/284/284 2172/2172/2172 2203/2203/2203
f 2569/2569/2569 3540/3540/3540 3734/3734/3734
f 1993/1993/1993 2610/2610/2610 1111/1111/1111
f 521/521/521 2018/2018/2018 691/691/691
f 2893/2893/2893 994/994/994 1509/1509/1509
f 1810/1810/1810 130/130/130 3472/3472/3472
f 1337/1337/1337 2881/2881/2881 2663/2663/2663
f 3197/3197/3197 540/540/540 595/595/595
f 1341/1341/1341 2990/2990/2990 3021/3021/3021
f 109/109/109 422/422/422 417/417/417
f 417/417/417 337/337/337 452/452/452
f 2352/2352/2352 2313/2313/2313 1266/1266/1266
f 27/27/27 2949/2949/2949 994/994/994
f 2043/2043/2043 2340/2340/2340 3688/3688/3688
f 3804/3804/3804 2827/2827/2827 3704/3704/3704
f 844/844/844 981/981/981 3197/3197/3197
f 3175/3175/3175 603/603/603 2757/2757/2757
f 741/741/741 632/632/632 634/634/634
f 313/313/313 386/386/386 220/220/220
f 1608/1608/1608 1399/1399/1399 2297/2297/2297
f 13/13/13 1570/1570/1570 2732/2732/2732
f 987/987/987 741/741/741 662/662/662
f 3472/3472/3472 130/130/130 2012/2012/2012
f 569/569/569 741/741/741 1281/1281/1281
f 291/291/291 1638/1638/1638 3450/3450/3450
f 304/304/304 471/471/471 1613/1613/1613
f 203/203/203 1550/1550/1550 1042/1042/1042
f 3160/3160/3160 1853/1853/1853 135/135/135
f 1176/1176/1176 1396/1396/1396 1042/1042/1042
f 1187/1187/1187 994/994/994 2732/2732/2732
f 1003/1003/1003 3913/3913/3913 2561/2561/2561
f 1668/1668/1668 130/130/130 2798/2798/2798
f 3197/3197/3197 1347/1347/1347 1224/1224/1224
f 180/180/180 1895/1895/1895 1337/1337/1337
f 2833/2833/2833 1260/1260/1260 1337/1337/1337
f 1141/1141/1141 2043/2043/2043 2730/2730/2730
f 2564/2564/2564 3327/3327/3327 1966/1966/1966
f 553/553/553 958/958/958 598/598/598
f 2788/2788/2788 1641/1641/1641 3354/3354/3354
f 79/79/79 593/593/593 741/741/741
f 604/604/604 929/929/929 2203/2203/2203
f 2610/2610/2610 19/19/19 2448/2448/2448
f 2329/2329/2329 663/663/663 2876/2876/2876
f 3327/3327/3327 1018/1018/1018 3720/3720/3720
f 3020/3020/3020 905/905/905 130/130/130
f 3476/3476/3476 3610/3610/3610 3450/3450/3450
f 170/170/170 1779/1779/1779 1564/1564/1564
f 3197/3197/3197 2080/2080/2080 649/649/649
f 2575/2575/2575 2728/2728/2728 1000/1000/1000
f 2519/2519/2519 3293/3293/3293 2049/2049/2049
f 3668/3668/3668 1815/1815/1815 1215/1215/1215
f 1027/1027/1027 3640/3640/3640 2861/2861/2861
f 854/854/854 144/144/144 868/868/868
f 2440/2440/2440 2138/2138/2138 3175/3175/3175
f 442/442/442 1013/1013/1013 459/459/459
f 3788/3788/3788 3670/3670/3670 3531/3531/3531
f 2162/2162/2162 3730/3730/3730 1605/1605/1605
f 2876/2876/2876 1362/1362/1362 1521/1521/1521
f 130/130/130 46/46/46 3803/3803/3803
f 2479/2479/2479 3205/3205/3205 2051/2051/2051
f 1278/1278/1278 122/122/122 1564/1564/1564
f 2774/2774/2774 34/34/34 27/27/27
f 2874/2874/2874 2873/2873/2873 1996/1996/1996
f 2660/2660/2660 3622/3622/3622 3289/3289/3289
f 592/592/592 78/78/78 1558/1558/1558
f 3902/3902/3902 1573/1573/1573 3621/3621/3621
f 3092/3092/3092 3320/3320/3320 2134/2134/2134
f 3327/3327/3327 1106/1106/1106 173/173/173
f 3668/3668/3668 1772/1772/1772 1903/1903/1903
f 3167/3167/3167 2894/2894/2894 1003/1003/1003
f 3197/3197/3197 560/560/560 911/911/911
f 22/22/22 2191/2191/2191 2203/2203/2203
f 3553/3553/3553 2871/2871/2871 2454/2454/2454
f 144/144/144 2665/2665/2665 2040/2040/2040
f 1746/1746/1746 3200/3200/3200 3704/3704/3704
f 1986/1986/1986 3778/3778/3778 2043/2043/2043
f 2203/2203/2203 2099/2099/2099 2209/2209/2209
f 3242/3242/3242 2303/2303/2303 3235/3235/3235
f 166/166/166 3428/3428/3428 1013/1013/1013
f 992/992/992 3175/3175/3175 2442/2442/2442
f 3765/3765/3765 741/741/741 924/924/924
f 7/7/7 3369/3369/3369 1421/1421/1421
f 472/472/472 305/305/305 417/417/417
f 952/952/952 3906/3906/3906 984/984/984
f 1856/1856/1856 3630/3630/3630 2575/2575/2575
f 2004/2004/2004 3327/3327/3327 3070/3070/3070
f 2584/2584/2584 2156/2156/2156 2103/2103/2103
f 3136/3136/3136 2492/2492/2492 1961/1961/1961
f 1558/1558/1558 664/664/664 2330/2330/2330
f 974/974/974 3197/3197/3197 649/649/649
f 3380/3380/3380 2668/2668/2668 2479/2479/2479
f 3197/3197/3197 1101/1101/1101 2964/2964/2964
f 415/415/415 220/220/220 379/379/379
f 1220/1220/1220 1932/1932/1932 2660/2660/2660
f 2104/2104/2104 2155/2155/2155 3450/3450/3450
f 2193/2193/2193 3252/3252/3252 1330/1330/1330
f 2020/2020/2020 3674/3674/3674 993/993/993
f 2575/2575/2575 2925/2925/2925 3587/3587/3587
f 49/49/49 1013/1013/1013 404/404/404
f 74/74/74 1452/1452/1452 220/220/220
f 1337/1337/1337 1358/1358/1358 1979/1979/1979
f 3572/3572/3572 3591/3591/3591 2575/2575/2575
f 774/774/774 1706/1706/1706 2492/2492/2492
f 28/28/28 2729/2729/2729 3233/3233/3233
f 2255/2255/2255 3115/3115/3115 2492/2492/2492
f 146/146/146 696/696/696 2575/2575/2575
f 3679/3679/3679 2967/2967/2967 3769/3769/3769
f 1731/1731/1731 1236/1236/1236 3304/3304/3304
f 2987/2987/2987 194/194/194 2575/2575/2575
f 1064/1064/1064 130/130/130 80/80/80
f 2464/2464/2464 2743/2743/2743 2479/2479/2479
f 1042/1042/1042 3268/3268/3268 2025/2025/2025
f 27/27/27 1198/1198/1198 3790/3790/3790
f 3327/3327/3327 1283/1283/1283 2936/2936/2936
f 2651/2651/2651 3829/3829/3829 2888/2888/2888
f 2043/2043/2043 2357/2357/2357 3684/3684/3684
f 3696/3696/3696 2371/2371/2371 2861/2861/2861
f 1337/1337/1337 1579/1579/1579 3759/3759/3759
f 2492/2492/2492 779/779/779 756/756/756
f 741/741/741 1211/1211/1211 1281/1281/1281
f 2455/2455/2455 3482/3482/3482 2610/2610/2610
f 1337/1337/1337 1952/1952/1952 1846/1846/1846
f 186/186/186 1154/1154/1154 2861/2861/2861
f 2203/2203/2203 2230/2230/2230 1179/1179/1179
f 222/222/222 994/994/994 3361/3361/3361
f 289/289/289 1694/1694/1694 1433/1433/1433
f 1684/1684/1684 3657/3657/3657 2479/2479/2479
f 1013/1013/1013 465/465/465 404/404/404
f 2252/2252/2252 2479/2479/2479 1953/1953/1953
f 2108/2108/2108 2203/2203/2203 1179/1179/1179
f 1731/1731/1731 3304/3304/3304 1146/1146/1146
f 172/172/172 2203/2203/2203 2391/2391/2391
f 1679/1679/1679 1650/1650/1650 2729/2729/2729
f 741/741/741 526/526/526 2845/2845/2845
f 535/535/535 1001/1001/1001 2203/2203/2203
f 627/627/627 920/920/920 741/741/741
f 2492/2492/2492 1286/1286/1286 2750/2750/2750
f 2670/2670/2670 2660/2660/2660 1377/1377/1377
f 1991/1991/1991 1129/1129/1129 3175/3175/3175
f 2043/2043/2043 1871/1871/1871 2357/2357/2357
f 66/66/66 3767/3767/3767 290/290/290
f 1301/1301/1301 2645/2645/2645 130/130/130
f 2990/2990/2990 795/795/795 913/913/913
f 2007/2007/2007 1405/1405/1405 3237/3237/3237
f 2454/2454/2454 2729/2729/2729 1701/1701/1701
f 2950/2950/2950 3750/3750/3750 3704/3704/3704
f 559/559/559 3467/3467/3467 2492/2492/2492
f 2244/2244/2244 269/269/269 3704/3704/3704
f 71/71/71 2163/2163/2163 1955/1955/1955
f 2861/2861/2861 2268/2268/2268 1469/1469/1469
f 1116/1116/1116 2985/2985/2985 1340/1340/1340
f 1976/1976/1976 417/417/417 3437/3437/3437
f 1955/1955/1955 2598/2598/2598 3658/3658/3658
f 1573/1573/1573 3409/3409/3409 2781/2781/2781
f 1561/1561/1561 2492/2492/2492 2181/2181/2181
f 1312/1312/1312 3190/3190/3190 1216/1216/1216
f 1003/1003/1003 2135/2135/2135 3625/3625/3625
f 1013/1013/1013 591/591/591 812/812/812
f 2604/2604/2604 1142/1142/1142 2731/2731/2731
f 3831/3831/3831 2492/2492/2492 3302/3302/3302
f 206/206/206 3278/3278/3278 2876/2876/2876
f 531/531/531 698/698/698 2971/2971/2971
f 42/42/42 2313/2313/2313 1997/1997/1997
f 2892/2892/2892 1508/1508/1508 2951/2951/2951
f 2990/2990/2990 3465/3465/3465 712/712/712
f 2203/2203/2203 758/758/758 976/976/976
f 259/259/259 3270/3270/3270 2313/2313/2313
f 313/313/313 220/220/220 513/513/513
f 95/95/95 2610/2610/2610 2287/2287/2287
f 130/130/130 3700/3700/3700 2385/2385/2385
f 2975/2975/2975 1266/1266/1266 2313/2313/2313
f 815/815/815 3708/3708/3708 1013/1013/1013
f 1605/1605/1605 3327/3327/3327 3703/3703/3703
f 2535/2535/2535 2118/2118/2118 898/898/898
f 994/994/994 2718/2718/2718 3217/3217/3217
f 1956/1956/1956 1543/1543/1543 1904/1904/1904
f 1188/1188/1188 2817/2817/2817 1922/1922/1922
f 1371/1371/1371 262/262/262 220/220/220
f 1093/1093/1093 2990/2990/2990 1073/1073/1073
f 3327/3327/3327 1334/1334/1334 1984/1984/1984
f 1176/1176/1176 1042/1042/1042 2390/2390/2390
f 464/464/464 417/417/417 468/468/468
f 3579/3579/3579 2861/2861/2861 3574/3574/3574
f 2492/2492/2492 2995/2995/2995 2199/2199/2199
f 2279/2279/2279 3145/3145/3145 3237/3237/3237
f 2479/2479/2479 2219/2219/2219 1446/1446/1446
f 994/994/994 1389/1389/1389 1252/1252/1252
f 8/8/8 417/417/417 3370/3370/3370
f 3536/3536/3536 3774/3774/3774 3853/3853/3853
f 1147/1147/1147 3327/3327/3327 3838/3838/3838
f 2043/2043/2043 116/116/116 251/251/251
f 192/192/192 1428/1428/1428 741/741/741
f 2990/2990/2990 1606/1606/1606 2400/2400/2400
f 994/994/994 2949/2949/2949 1807/1807/1807
f 2541/2541/2541 2460/2460/2460 3635/3635/3635
f 478/478/478 328/328/328 417/417/417
f 377/377/377 338/338/338 1613/1613/1613
f 2610/2610/2610 2026/2026/2026 2059/2059/2059
f 417/417/417 323/323/323 3119/3119/3119
f 2031/2031/2031 3453/3453/3453 3457/3457/3457
f 2816/2816/2816 130/130/130 1387/1387/1387
f 2610/2610/2610 3470/3470/3470 1703/1703/1703
f 220/220/220 416/416/416 505/505/505
f 958/958/958 658/658/658 2349/2349/2349
f 3916/3916/3916 1533/1533/1533 3327/3327/3327
f 2737/2737/2737 2854/2854/2854 2870/2870/2870
f 620/620/620 741/741/741 3292/3292/3292
f 650/650/650 2081/2081/2081 741/741/741
f 834/834/834 3727/3727/3727 130/130/130
f 963/963/963 754/754/754 1013/1013/1013
f 144/144/144 2488/2488/2488 1096/1096/1096
f 615/615/615 930/930/930 1784/1784/1784
f 1213/1213/1213 381/381/381 220/220/220
f 2865/2865/2865 2870/2870/2870 3719/3719/3719
f 1330/1330/1330 1432/1432/1432 2193/2193/2193
f 75/75/75 372/372/372 376/376/376
f 2627/2627/2627 2134/2134/2134 2772/2772/2772
f 3327/3327/3327 3868/3868/3868 1325/1325/1325
f 1379/1379/1379 2007/2007/2007 1137/1137/1137
f 129/129/129 3534/3534/3534 2093/2093/2093
f 129/129/129 2093/2093/2093 91/91/91
f 2042/2042/2042 3175/3175/3175 2802/2802/2802
f 1013/1013/1013 2285/2285/2285 490/490/490
f 1987/1987/1987 2604/2604/2604 3779/3779/3779
f 2134/2134/2134 2173/2173/2173 2277/2277/2277
f 2406/2406/2406 1216/1216/1216 1995/1995/1995
f 130/130/130 757/757/757 2744/2744/2744
f 2203/2203/2203 1295/1295/1295 3412/3412/3412
f 179/179/179 3679/3679/3679 1894/1894/1894
f 295/295/295 1013/1013/1013 2817/2817/2817
f 1302/1302/1302 1257/1257/1257 3642/3642/3642
f 2492/2492/2492 2769/2769/2769 888/888/888
f 2503/2503/2503 999/999/999 2203/2203/2203
f 2015/2015/2015 2604/2604/2604 1868/1868/1868
f 1095/1095/1095 2958/2958/2958 2573/2573/2573
f 417/417/417 3209/3209/3209 331/331/331
f 958/958/958 2840/2840/2840 2665/2665/2665
f 2492/2492/2492 3102/3102/3102 3036/3036/3036
f 3466/3466/3466 1850/1850/1850 741/741/741
f 68/68/68 3126/3126/3126 2134/2134/2134
f 1087/1087/1087 210/210/210 2610/2610/2610
f 3691/3691/3691 130/130/130 773/773/773
f 50/50/50 140/140/140 2203/2203/2203
f 130/130/130 828/828/828 1102/1102/1102
f 2702/2702/2702 3175/3175/3175 2801/2801/2801
f 3704/3704/3704 1940/1940/1940 1228/1228/1228
f 3450/3450/3450 2155/2155/2155 2715/2715/2715
f 3219/3219/3219 1674/1674/1674 2492/2492/2492
f 3824/3824/3824 1146/1146/1146 3304/3304/3304
f 2227/2227/2227 648/648/648 2492/2492/2492
f 1839/1839/1839 3671/3671/3671 3666/3666/3666
f 1322/1322/1322 741/741/741 680/680/680
f 1413/1413/1413 2134/2134/2134 1049/1049/1049
f 130/130/130 563/563/563 825/825/825
f 1062/1062/1062 144/144/144 543/543/543
f 2243/2243/2243 3299/3299/3299 3080/3080/3080
f 2131/2131/2131 485/485/485 2203/2203/2203
f 3197/3197/3197 1422/1422/1422 717/717/717
f 207/207/207 2575/2575/2575 3279/3279/3279
f 2492/2492/2492 863/863/863 931/931/931
f 519/519/519 566/566/566 1013/1013/1013
f 2604/2604/2604 2682/2682/2682 2225/2225/2225
f 3906/3906/3906 103/103/103 549/549/549
f 2729/2729/2729 1623/1623/1623 456/456/456
f 1641/1641/1641 1395/1395/1395 1175/1175/1175
f 847/847/847 130/130/130 2308/2308/2308
f 1567/1567/1567 1763/1763/1763 1608/1608/1608
f 1402/1402/1402 1076/1076/1076 3671/3671/3671
f 469/469/469 453/453/453 417/417/417
f 2010/2010/2010 2063/2063/2063 2203/2203/2203
f 2615/2615/2615 2575/2575/2575 1090/1090/1090
f 2134/2134/2134 1873/1873/1873 2259/2259/2259
f 2280/2280/2280 264/264/264 1838/1838/1838
f 2836/2836/2836 2479/2479/2479 2342/2342/2342
f 865/865/865 2729/2729/2729 1152/1152/1152
f 2876/2876/2876 537/537/537 686/686/686
f 830/830/830 46/46/46 130/130/130
f 2492/2492/2492 1571/1571/1571 1816/1816/1816
f 1745/1745/1745 2729/2729/2729 3201/3201/3201
f 120/120/120 3284/3284/3284 958/958/958
f 198/198/198 1789/1789/1789 2760/2760/2760
f 2417/2417/2417 2203/2203/2203 282/282/282
f 2331/2331/2331 1567/1567/1567 1608/1608/1608
f 935/935/935 962/962/962 130/130/130
f 332/332/332 2257/2257/2257 417/417/417
f 2203/2203/2203 1965/1965/1965 3316/3316/3316
f 2021/2021/2021 1590/1590/1590 2729/2729/2729
f 2043/2043/2043 3507/3507/3507 2150/2150/2150
f 1505/1505/1505 130/130/130 2830/2830/2830
f 77/77/77 2043/2043/2043 3188/3188/3188
f 2203/2203/2203 2175/2175/2175 1665/1665/1665
f 83/83/83 2899/2899/2899 1369/1369/1369
f 333/333/333 435/435/435 2729/2729/2729
f 61/61/61 3704/3704/3704 396/396/396
f 26/26/26 1539/1539/1539 1337/1337/1337
f 1641/1641/1641 163/163/163 1726/1726/1726
f 2386/2386/2386 3113/3113/3113 3422/3422/3422
f 290/290/290 2311/2311/2311 3460/3460/3460
f 3671/3671/3671 2429/2429/2429 3797/3797/3797
f 830/830/830 130/130/130 3026/3026/3026
f 2572/2572/2572 311/311/311 1042/1042/1042
f 27/27/27 1739/1739/1739 2932/2932/2932
f 546/546/546 519/519/519 1013/1013/1013
f 2902/2902/2902 2549/2549/2549 2043/2043/2043
f 2141/2141/2141 2479/2479/2479 2153/2153/2153
f 3724/3724/3724 1284/1284/1284 2714/2714/2714
f 996/996/996 3327/3327/3327 2011/2011/2011
f 1528/1528/1528 1018/1018/1018 3327/3327/3327
f 1337/1337/1337 2570/2570/2570 3450/3450/3450
f 3101/3101/3101 2048/2048/2048 3304/3304/3304
f 1286/1286/1286 2492/2492/2492 3899/3899/3899
f 130/130/130 534/534/534 768/768/768
f 67/67/67 3461/3461/3461 1573/1573/1573
f 353/353/353 220/220/220 507/507/507
f 1791/1791/1791 1826/1826/1826 1955/1955/1955
f 1887/1887/1887 337/337/337 417/417/417
f 252/252/252 3327/3327/3327 1553/1553/1553
f 1205/1205/1205 215/215/215 2203/2203/2203
f 2130/2130/2130 1518/1518/1518 2203/2203/2203
f 2247/2247/2247 2492/2492/2492 3117/3117/3117
f 2625/2625/2625 2036/2036/2036 3861/3861/3861
f 2203/2203/2203 1021/1021/1021 610/610/610
f 130/130/130 1985/1985/1985 522/522/522
f 1738/1738/1738 33/33/33 1337/1337/1337
f 2636/2636/2636 2142/2142/2142 3327/3327/3327
f 1558/1558/1558 665/665/665 1747/1747/1747
f 2328/2328/2328 2604/2604/2604 2326/2326/2326
f 3175/3175/3175 1870/1870/1870 3800/3800/3800
f 2137/2137/2137 3197/3197/3197 3178/3178/3178
f 3242/3242/3242 1974/1974/1974 3733/3733/3733
f 2990/2990/2990 2844/2844/2844 525/525/525
f 2813/2813/2813 1584/1584/1584 2817/2817/2817
f 3244/3244/3244 2837/2837/2837 2817/2817/2817
f 3194/3194/3194 220/220/220 902/902/902
f 41/41/41 1996/1996/1996 2873/2873/2873
f 3443/3443/3443 2479/2479/2479 2793/2793/2793
f 159/159/159 2426/2426/2426 1340/1340/1340
f 623/623/623 1217/1217/1217 3175/3175/3175
f 2729/2729/2729 1590/1590/1590 2482/2482/2482
f 2203/2203/2203 187/187/187 710/710/710
f 2979/2979/2979 3450/3450/3450 3757/3757/3757
f 376/376/376 2566/2566/2566 2684/2684/2684
f 211/211/211 2134/2134/2134 1391/1391/1391
f 3774/3774/3774 1858/1858/1858 3310/3310/3310
f 880/880/880 1981/1981/1981 2492/2492/2492
f 3304/3304/3304 3754/3754/3754 1262/1262/1262
f 2732/2732/2732 1420/1420/1420 2508/2508/2508
f 994/994/994 2633/2633/2633 1742/1742/1742
f 3138/3138/3138 2492/2492/2492 3424/3424/3424
f 2581/2581/2581 2604/2604/2604 3073/3073/3073
f 3366/3366/3366 1337/1337/1337 1967/1967/1967
f 3671/3671/3671 2505/2505/2505 1253/1253/1253
f 2876/2876/2876 1855/1855/1855 1364/1364/1364
f 3025/3025/3025 3327/3327/3327 2000/2000/2000
f 3875/3875/3875 1244/1244/1244 3175/3175/3175
f 3872/3872/3872 130/130/130 2180/2180/2180
f 1331/1331/1331 2861/2861/2861 1646/1646/1646
f 3682/3682/3682 2043/2043/2043 3684/3684/3684
f 2293/2293/2293 243/243/243 2203/2203/2203
f 3042/3042/3042 2604/2604/2604 1058/1058/1058
f 2861/2861/2861 2345/2345/2345 2022/2022/2022
f 741/741/741 1416/1416/1416 3292/3292/3292
f 2165/2165/2165 1918/1918/1918 2817/2817/2817
f 143/143/143 3897/3897/3897 3431/3431/3431
f 2669/2669/2669 1955/1955/1955 3911/3911/3911
f 130/130/130 547/547/547 567/567/567
f 2105/2105/2105 3535/3535/3535 3704/3704/3704
f 677/677/677 2203/2203/2203 2266/2266/2266
f 1884/1884/1884 3679/3679/3679 1036/1036/1036
f 728/728/728 2203/2203/2203 1665/1665/1665
f 3327/3327/3327 1435/1435/1435 2066/2066/2066
f 954/954/954 863/863/863 2492/2492/2492
f 3234/3234/3234 1948/1948/1948 3450/3450/3450
f 2492/2492/2492 801/801/801 719/719/719
f 1216/1216/1216 3287/3287/3287 1312/1312/1312
f 555/555/555 208/208/208 130/130/130
f 2974/2974/2974 3005/3005/3005 2610/2610/2610
f 1216/1216/1216 2973/2973/2973 1995/1995/1995
f 1924/1924/1924 2610/2610/2610 2848/2848/2848
f 271/271/271 3911/3911/3911 1955/1955/1955
f 6/6/6 2/2/2 417/417/417
f 69/69/69 3486/3486/3486 2292/2292/2292
f 1247/1247/1247 3540/3540/3540 2569/2569/2569
f 643/643/643 130/130/130 943/943/943
f 1690/1690/1690 958/958/958 2210/2210/2210
f 3600/3600/3600 2587/2587/2587 2729/2729/2729
f 1616/1616/1616 3709/3709/3709 3704/3704/3704
f 300/300/300 1013/1013/1013 1736/1736/1736
f 268/268/268 1029/1029/1029 2492/2492/2492
f 1517/1517/1517 2548/2548/2548 144/144/144
f 3387/3387/3387 2660/2660/2660 2701/2701/2701
f 3175/3175/3175 107/107/107 2215/2215/2215
f 417/417/417 355/355/355 2712/2712/2712
f 2479/2479/2479 3038/3038/3038 3665/3665/3665
f 417/417/417 3439/3439/3439 1494/1494/1494
f 3679/3679/3679 150/150/150 2404/2404/2404
f 2713/2713/2713 3882/3882/3882 2777/2777/2777
f 2776/2776/2776 2492/2492/2492 2589/2589/2589
f 3428/3428/3428 2157/2157/2157 1013/1013/1013
f 699/699/699 668/668/668 2536/2536/2536
f 2610/2610/2610 2928/2928/2928 3009/3009/3009
f 1784/1784/1784 930/930/930 2796/2796/2796
f 2507/2507/2507 2873/2873/2873 2462/2462/2462
f 3577/3577/3577 2549/2549/2549 3821/3821/3821
f 1459/1459/1459 1877/1877/1877 3450/3450/3450
f 741/741/741 2267/2267/2267 2334/2334/2334
f 1238/1238/1238 2121/2121/2121 417/417/417
f 3704/3704/3704 61/61/61 492/492/492
f 510/510/510 3704/3704/3704 441/441/441
f 945/945/945 527/527/527 2492/2492/2492
f 1821/1821/1821 1873/1873/1873 2134/2134/2134
f 23/23/23 2815/2815/2815 2817/2817/2817
f 2420/2420/2420 2610/2610/2610 1352/1352/1352
f 159/159/159 1340/1340/1340 2915/2915/2915
f 2448/2448/2448 1824/1824/1824 2610/2610/2610
f 3372/3372/3372 1076/1076/1076 3668/3668/3668
f 783/783/783 857/857/857 130/130/130
f 1337/1337/1337 2475/2475/2475 2782/2782/2782
f 1068/1068/1068 2625/2625/2625 3129/3129/3129
f 3175/3175/3175 554/554/554 599/599/599
f 2133/2133/2133 2203/2203/2203 2132/2132/2132
f 994/994/994 2591/2591/2591 1503/1503/1503
f 1988/1988/1988 1137/1137/1137 2007/2007/2007
f 2118/2118/2118 2281/2281/2281 2422/2422/2422
f 2314/2314/2314 2876/2876/2876 1364/1364/1364
f 1177/1177/1177 1641/1641/1641 1109/1109/1109
f 380/380/380 2125/2125/2125 3704/3704/3704
f 3324/3324/3324 3035/3035/3035 3304/3304/3304
f 1711/1711/1711 988/988/988 2492/2492/2492
f 130/130/130 3360/3360/3360 2946/2946/2946
f 1650/1650/1650 38/38/38 2729/2729/2729
f 3349/3349/3349 1337/1337/1337 2602/2602/2602
f 673/673/673 849/849/849 144/144/144
f 2610/2610/2610 1900/1900/1900 2982/2982/2982
f 2158/2158/2158 3429/3429/3429 417/417/417
f 2878/2878/2878 2568/2568/2568 3450/3450/3450
f 2032/2032/2032 1573/1573/1573 2052/2052/2052
f 3000/3000/3000 2583/2583/2583 2313/2313/2313
f 341/341/341 417/417/417 1798/1798/1798
f 214/214/214 2690/2690/2690 2660/2660/2660
f 3082/3082/3082 83/83/83 3914/3914/3914
f 1244/1244/1244 850/850/850 3175/3175/3175
f 2492/2492/2492 1674/1674/1674 2589/2589/2589
f 298/298/298 2318/2318/2318 958/958/958
f 3237/3237/3237 3454/3454/3454 2034/2034/2034
f 3816/3816/3816 3696/3696/3696 2861/2861/2861
f 417/417/417 428/428/428 2629/2629/2629
f 3467/3467/3467 99/99/99 2492/2492/2492
f 2321/2321/2321 3370/3370/3370 417/417/417
f 2729/2729/2729 3414/3414/3414 2082/2082/2082
f 3389/3389/3389 552/552/552 130/130/130
f 1897/1897/1897 2726/2726/2726 2723/2723/2723
f 2935/2935/2935 2585/2585/2585 3450/3450/3450
f 1816/1816/1816 636/636/636 2492/2492/2492
f 3811/3811/3811 1641/1641/1641 1085/1085/1085
f 417/417/417 1832/1832/1832 1653/1653/1653
f 155/155/155 2625/2625/2625 1068/1068/1068
f 103/103/103 1114/1114/1114 549/549/549
f 268/268/268 2492/2492/2492 3325/3325/3325
f 2686/2686/2686 1099/1099/1099 1483/1483/1483
f 130/130/130 2235/2235/2235 2749/2749/2749
f 2164/2164/2164 72/72/72 2575/2575/2575
f 2557/2557/2557 130/130/130 821/821/821
f 1013/1013/1013 967/967/967 814/814/814
f 1862/1862/1862 2821/2821/2821 3197/3197/3197
f 2492/2492/2492 735/735/735 736/736/736
f 303/303/303 417/417/417 153/153/153
f 365/365/365 417/417/417 384/384/384
f 2990/2990/2990 1343/1343/1343 1208/1208/1208
f 2978/2978/2978 2760/2760/2760 1065/1065/1065
f 1949/1949/1949 3440/3440/3440 1258/1258/1258
f 2492/2492/2492 2096/2096/2096 2795/2795/2795
f 3626/3626/3626 83/83/83 1185/1185/1185
f 3327/3327/3327 1296/1296/1296 3317/3317/3317
f 886/886/886 770/770/770 3175/3175/3175
f 1646/1646/1646 2861/2861/2861 3605/3605/3605
f 1884/1884/1884 1291/1291/1291 3679/3679/3679
f 3326/3326/3326 2492/2492/2492 739/739/739
f 1810/1810/1810 2909/2909/2909 130/130/130
f 2764/2764/2764 2492/2492/2492 3149/3149/3149
f 3337/3337/3337 3327/3327/3327 2139/2139/2139
f 1503/1503/1503 3773/3773/3773 994/994/994
f 683/683/683 70/70/70 3197/3197/3197
f 2160/2160/2160 2369/2369/2369 3450/3450/3450
f 3133/3133/3133 1774/1774/1774 2313/2313/2313
f 1971/1971/1971 2492/2492/2492 2109/2109/2109
f 786/786/786 2990/2990/2990 1079/1079/1079
f 157/157/157 3294/3294/3294 958/958/958
f 630/630/630 761/761/761 741/741/741
f 362/362/362 3335/3335/3335 417/417/417
f 392/392/392 1613/1613/1613 2469/2469/2469
f 1421/1421/1421 1611/1611/1611 3664/3664/3664
f 135/135/135 2242/2242/2242 3078/3078/3078
f 306/306/306 1371/1371/1371 220/220/220
f 1401/1401/1401 3255/3255/3255 1839/1839/1839
f 455/455/455 2399/2399/2399 3704/3704/3704
f 3654/3654/3654 3437/3437/3437 417/417/417
f 83/83/83 2562/2562/2562 3914/3914/3914
f 2479/2479/2479 1408/1408/1408 3034/3034/3034
f 3054/3054/3054 2861/2861/2861 3455/3455/3455
f 2796/2796/2796 2203/2203/2203 1784/1784/1784
f 243/243/243 1630/1630/1630 2203/2203/2203
f 2982/2982/2982 1180/1180/1180 2610/2610/2610
f 2789/2789/2789 3355/3355/3355 1042/1042/1042
f 3195/3195/3195 2817/2817/2817 1584/1584/1584
f 86/86/86 1958/1958/1958 130/130/130
f 2729/2729/2729 501/501/501 345/345/345
f 854/854/854 98/98/98 144/144/144
f 2020/2020/2020 993/993/993 1589/1589/1589
f 2339/2339/2339 2646/2646/2646 2729/2729/2729
f 141/141/141 51/51/51 1605/1605/1605
f 1430/1430/1430 2492/2492/2492 2600/2600/2600
f 2585/2585/2585 2104/2104/2104 3450/3450/3450
f 2027/2027/2027 2118/2118/2118 2060/2060/2060
f 51/51/51 2800/2800/2800 1605/1605/1605
f 117/117/117 3327/3327/3327 252/252/252
f 3828/3828/3828 1758/1758/1758 3327/3327/3327
f 3888/3888/3888 3327/3327/3327 3844/3844/3844
f 3466/3466/3466 741/741/741 713/713/713
f 1473/1473/1473 1230/1230/1230 2838/2838/2838
f 2492/2492/2492 1696/1696/1696 1081/1081/1081
f 3789/3789/3789 2951/2951/2951 2948/2948/2948
f 3645/3645/3645 3636/3636/3636 1498/1498/1498
f 1801/1801/1801 130/130/130 2939/2939/2939
f 1403/1403/1403 1203/1203/1203 83/83/83
f 612/612/612 2203/2203/2203 708/708/708
f 2772/2772/2772 2134/2134/2134 2725/2725/2725
f 125/125/125 2575/2575/2575 3542/3542/3542
f 3450/3450/3450 3239/3239/3239 3909/3909/3909
f 1489/1489/1489 2549/2549/2549 2695/2695/2695
f 3076/3076/3076 2454/2454/2454 3744/3744/3744
f 2604/2604/2604 3602/3602/3602 2552/2552/2552
f 417/417/417 367/367/367 449/449/449
f 1223/1223/1223 590/590/590 2492/2492/2492
f 1573/1573/1573 1595/1595/1595 1270/1270/1270
f 130/130/130 803/803/803 811/811/811
f 245/245/245 2884/2884/2884 21/21/21
f 417/417/417 1222/1222/1222 1025/1025/1025
f 2990/2990/2990 525/525/525 2493/2493/2493
f 741/741/741 2494/2494/2494 526/526/526
