# GloomhavenVR import — Poly Haven 'wooden_axe_02' (CC0), processed by ph_pipeline.py
v 0.009581 0.189846 0.012067
v -0.000000 0.189868 0.000534
v -0.000000 0.189868 0.000534
v 0.011199 0.268036 0.009844
v -0.000000 0.270391 -0.007199
v -0.000000 0.270391 -0.007199
v -0.000000 0.072177 -0.007875
v -0.000000 0.072177 -0.007875
v -0.000000 0.072177 -0.007875
v -0.000000 0.072177 -0.007875
v 0.008532 0.072239 0.003589
v 0.008532 0.072239 0.003589
v 0.008167 0.131003 0.009186
v -0.000000 0.131022 -0.001795
v -0.000000 0.131022 -0.001795
v -0.000000 0.160443 0.000391
v -0.000000 0.160443 0.000391
v 0.009561 0.160459 0.011059
v -0.000000 0.106138 -0.003401
v -0.000000 0.106138 -0.003401
v 0.008318 0.106148 0.008041
v 0.000000 -0.147355 -0.040211
v 0.000000 -0.147355 -0.040211
v 0.011781 -0.147215 -0.028004
v -0.000000 0.017699 -0.017978
v -0.000000 0.017699 -0.017978
v 0.009643 0.018012 -0.004419
v 0.000000 -0.065710 -0.034639
v 0.000000 -0.065710 -0.034639
v 0.010899 -0.065287 -0.021610
v 0.000000 -0.096848 -0.038055
v 0.000000 -0.096848 -0.038055
v 0.010836 -0.096640 -0.025569
v 0.000000 -0.122976 -0.039157
v 0.000000 -0.122976 -0.039157
v 0.000000 -0.122976 -0.039157
v 0.000000 -0.122976 -0.039157
v 0.011387 -0.122841 -0.027593
v 0.011387 -0.122841 -0.027593
v 0.012018 -0.235007 -0.010464
v 0.000000 -0.239568 -0.021627
v 0.000000 -0.239568 -0.021627
v 0.000000 -0.260973 -0.015958
v 0.000000 -0.260973 -0.015958
v 0.014010 -0.251461 -0.002024
v 0.010754 -0.272527 0.008883
v 0.000000 -0.280193 -0.000664
v 0.010824 0.409919 0.015468
v 0.001187 0.409919 0.008134
v 0.001186 0.402920 -0.000106
v 0.014094 0.403263 0.011165
v -0.000000 0.233970 -0.003737
v -0.000000 0.233970 -0.003737
v 0.010498 0.232984 0.011784
v 0.000000 -0.217153 -0.028519
v 0.000000 -0.217153 -0.028519
v 0.011331 -0.215594 -0.017254
v 0.015627 -0.271191 0.006743
v 0.015627 -0.271191 0.006743
v 0.000000 -0.281611 -0.007259
v 0.000000 -0.281611 -0.007259
v 0.000000 -0.281611 -0.007259
v 0.000000 -0.281708 -0.004971
v 0.013989 -0.272133 0.008244
v 0.016593 -0.268971 0.004928
v 0.016501 -0.265922 0.003455
v 0.000000 -0.280166 -0.009227
v 0.000000 -0.280166 -0.009227
v 0.000000 -0.277209 -0.010656
v 0.000000 -0.277209 -0.010656
v 0.014308 0.189757 0.035147
v 0.013151 0.189746 0.043176
v 0.016902 0.268445 0.036862
v 0.014916 0.269334 0.045330
v 0.011527 0.072420 0.023960
v 0.011527 0.072420 0.023960
v 0.010569 0.072379 0.030259
v 0.010569 0.072379 0.030259
v 0.012722 0.131113 0.031005
v 0.011977 0.131022 0.038424
v 0.014104 0.160483 0.033303
v 0.012981 0.160383 0.041229
v 0.011266 0.106275 0.028631
v 0.010440 0.106266 0.034997
v 0.013866 -0.147221 -0.008866
v 0.012273 -0.147285 -0.002153
v 0.012327 0.018071 0.014889
v 0.011059 0.017980 0.021182
v 0.013251 -0.065309 -0.002415
v 0.011903 -0.065462 0.004200
v 0.013193 -0.096645 -0.006663
v 0.011848 -0.096718 -0.000083
v 0.013585 -0.122849 -0.008895
v 0.013585 -0.122849 -0.008895
v 0.012084 -0.122902 -0.002257
v 0.012084 -0.122902 -0.002257
v 0.013622 -0.228328 0.008726
v 0.012144 -0.226211 0.015486
v 0.015288 -0.242436 0.015339
v 0.012920 -0.238992 0.022426
v 0.013443 -0.260972 0.021905
v 0.010696 -0.258158 0.025520
v 0.015545 0.407103 0.034637
v 0.015545 0.407103 0.034637
v 0.016270 0.403237 0.035264
v 0.015377 0.233058 0.036142
v 0.013938 0.233442 0.044382
v 0.013168 -0.212168 0.001706
v 0.011807 -0.210859 0.008556
v 0.000000 -0.266709 0.015245
v 0.001187 0.409919 0.028640
v 0.016678 -0.257886 0.022590
v 0.016678 -0.257886 0.022590
v 0.013347 -0.254241 0.028059
v 0.013347 -0.254241 0.028059
v 0.015347 -0.259608 0.022517
v 0.012212 -0.256347 0.027539
v 0.017465 -0.255577 0.021905
v 0.013938 -0.251705 0.027665
v 0.017341 -0.252670 0.020584
v 0.013836 -0.248678 0.026285
v 0.012216 0.301166 0.005211
v 0.012216 0.301166 0.005211
v -0.000000 0.303182 -0.011309
v -0.000000 0.303182 -0.011309
v -0.000000 0.297164 -0.011490
v -0.000000 0.297164 -0.011490
v -0.000000 0.300234 -0.011501
v -0.000000 0.300234 -0.011501
v -0.000000 0.300234 -0.011501
v -0.000000 0.300234 -0.011501
v 0.018570 0.301293 0.035909
v 0.018570 0.301293 0.035909
v 0.016288 0.301024 0.044763
v 0.016288 0.301024 0.044763
v 0.001186 0.407103 0.002092
v 0.001186 0.407103 0.002092
v 0.013377 0.407103 0.012412
v 0.013377 0.407103 0.012412
v 0.012377 0.409919 0.032998
v 0.011940 -0.166708 -0.026751
v 0.011713 -0.187619 -0.023894
v 0.000000 -0.166819 -0.038575
v 0.000000 -0.166819 -0.038575
v 0.000000 -0.187660 -0.035332
v 0.000000 -0.187660 -0.035332
v 0.013574 -0.187591 -0.004493
v 0.013949 -0.166716 -0.007578
v 0.011967 -0.187643 0.002452
v 0.012306 -0.166785 -0.000798
v 0.005556 0.189924 0.005683
v 0.004440 0.189923 0.002732
v 0.007316 0.269580 0.000028
v 0.004979 0.269968 -0.005420
v 0.004292 0.072001 -0.005493
v 0.004292 0.072001 -0.005493
v 0.005744 0.072019 -0.002249
v 0.005744 0.072019 -0.002249
v 0.005620 0.130934 0.003580
v 0.004399 0.130936 0.000474
v 0.004406 0.160394 0.002615
v 0.005342 0.160394 0.005309
v 0.004296 0.106025 -0.001045
v 0.005653 0.106023 0.002009
v 0.006940 -0.147343 -0.034267
v 0.004380 -0.147395 -0.038071
v 0.004497 0.017470 -0.015790
v 0.006248 0.017553 -0.011921
v 0.004465 -0.065895 -0.032490
v 0.006702 -0.065757 -0.028457
v 0.004351 -0.096933 -0.035809
v 0.006565 -0.096868 -0.032051
v 0.004254 -0.123019 -0.036884
v 0.004254 -0.123019 -0.036884
v 0.006645 -0.122979 -0.033464
v 0.006645 -0.122979 -0.033464
v 0.006736 -0.238194 -0.017177
v 0.004527 -0.239253 -0.019889
v 0.009478 -0.257310 -0.010741
v 0.004454 -0.260195 -0.014752
v 0.005377 -0.278713 0.001250
v 0.008880 -0.275659 0.005086
v 0.005692 0.402988 0.001090
v 0.010299 0.403151 0.004994
v 0.004130 0.233978 -0.001167
v 0.006356 0.233794 0.002841
v 0.004039 -0.216770 -0.026050
v 0.006001 -0.216403 -0.023440
v 0.007148 -0.279056 -0.004465
v 0.007148 -0.279056 -0.004465
v 0.012876 -0.274781 0.001807
v 0.012876 -0.274781 0.001807
v 0.006516 -0.280113 -0.002495
v 0.011623 -0.275336 0.003503
v 0.013567 -0.272896 0.000042
v 0.007409 -0.277448 -0.006279
v 0.013560 -0.270028 -0.001321
v 0.007020 -0.275292 -0.007931
v 0.004423 0.303316 -0.008381
v 0.008676 0.303552 -0.002512
v 0.008516 0.297627 -0.003003
v 0.004578 0.297352 -0.008825
v 0.003943 0.300442 -0.009319
v 0.003943 0.300442 -0.009319
v 0.008104 0.300850 -0.003584
v 0.008104 0.300850 -0.003584
v 0.005631 0.407103 0.003249
v 0.005631 0.407103 0.003249
v 0.009953 0.407103 0.006872
v 0.009953 0.407103 0.006872
v 0.008230 0.409919 0.011536
v 0.004864 0.409919 0.008985
v 0.004320 -0.166860 -0.036422
v 0.006558 -0.166873 -0.033426
v 0.006333 -0.187697 -0.030099
v 0.004177 -0.187665 -0.032969
v 0.001187 0.409141 0.004637
v 0.012362 0.409094 0.013777
v 0.014170 0.409083 0.034185
v 0.009265 0.409113 0.008924
v 0.005349 0.409133 0.005703
v 0.006290 0.189722 0.048240
v -0.000000 0.189712 0.050606
v -0.000000 0.189712 0.050606
v 0.006694 0.269927 0.050747
v -0.000000 0.270184 0.053123
v -0.000000 0.270184 0.053123
v 0.004995 0.072282 0.033460
v 0.004995 0.072282 0.033460
v -0.000000 0.072232 0.035146
v -0.000000 0.072232 0.035146
v -0.000000 0.072232 0.035146
v -0.000000 0.072232 0.035146
v 0.005757 0.130899 0.043113
v -0.000000 0.130846 0.045372
v -0.000000 0.130846 0.045372
v 0.006260 0.160281 0.046249
v -0.000000 0.160239 0.048612
v -0.000000 0.160239 0.048612
v 0.004904 0.106204 0.038468
v -0.000000 0.106172 0.040282
v -0.000000 0.106172 0.040282
v 0.005689 -0.147314 0.000004
v 0.000000 -0.147331 0.001022
v 0.000000 -0.147331 0.001022
v 0.005335 0.017847 0.023200
v -0.000000 0.017774 0.024293
v -0.000000 0.017774 0.024293
v 0.005611 -0.065597 0.006259
v 0.000000 -0.065652 0.007230
v 0.000000 -0.065652 0.007230
v 0.005604 -0.096790 0.001962
v 0.000000 -0.096818 0.002928
v 0.000000 -0.096818 0.002928
v 0.005646 -0.122940 -0.000161
v 0.005646 -0.122940 -0.000161
v 0.000000 -0.122958 0.000836
v 0.000000 -0.122958 0.000836
v 0.000000 -0.122958 0.000836
v 0.000000 -0.122958 0.000836
v 0.005625 -0.225266 0.017543
v 0.000000 -0.224781 0.018599
v 0.000000 -0.224781 0.018599
v 0.006679 -0.237358 0.025904
v 0.000000 -0.236857 0.026870
v 0.000000 -0.236857 0.026870
v 0.005835 -0.255906 0.028403
v 0.000000 -0.254845 0.029510
v 0.005925 0.409919 0.042520
v 0.007252 0.403236 0.047097
v 0.006472 0.233683 0.049614
v -0.000000 0.233790 0.051981
v -0.000000 0.233790 0.051981
v 0.005544 -0.210248 0.010616
v 0.000000 -0.209929 0.011692
v 0.000000 -0.209929 0.011692
v 0.006293 -0.250399 0.031509
v 0.006293 -0.250399 0.031509
v 0.000000 -0.249631 0.032321
v 0.000000 -0.249631 0.032321
v 0.000000 -0.249631 0.032321
v 0.006010 -0.252618 0.030486
v 0.000000 -0.251858 0.031241
v 0.006430 -0.248131 0.031637
v 0.000000 -0.247400 0.032509
v 0.000000 -0.247400 0.032509
v 0.006517 -0.245382 0.030508
v 0.000000 -0.244690 0.031409
v 0.000000 -0.244690 0.031409
v 0.007005 0.300859 0.050491
v 0.007005 0.300859 0.050491
v -0.000000 0.300778 0.052901
v -0.000000 0.300778 0.052901
v -0.000000 0.300778 0.052901
v -0.000000 0.300778 0.052901
v 0.007107 0.407103 0.046083
v 0.007107 0.407103 0.046083
v 0.005615 -0.187629 0.004779
v 0.000000 -0.187632 0.005901
v 0.000000 -0.187632 0.005901
v 0.005697 -0.166800 0.001424
v 0.000000 -0.166815 0.002478
v 0.000000 -0.166815 0.002478
v 0.006626 0.409080 0.044707
v 0.012853 0.189822 0.018301
v 0.014952 0.189779 0.029566
v 0.014622 0.189801 0.023798
v 0.014765 0.160477 0.028136
v 0.012690 0.160465 0.016893
v 0.014473 0.160471 0.022376
v 0.016017 0.233039 0.029929
v 0.013938 0.233004 0.018615
v 0.015663 0.233021 0.024144
v 0.015135 0.268159 0.017968
v 0.017371 0.268331 0.029338
v 0.016871 0.268243 0.023529
v 0.010784 0.106178 0.012954
v 0.012217 0.106247 0.024218
v 0.012323 0.106212 0.018482
v 0.010982 0.072282 0.008397
v 0.010982 0.072282 0.008397
v 0.012452 0.072382 0.019668
v 0.012452 0.072382 0.019668
v 0.012548 0.072331 0.013926
v 0.012548 0.072331 0.013926
v 0.013251 0.018059 0.011095
v 0.011883 0.018025 -0.000125
v 0.013442 0.018042 0.005382
v 0.013365 0.131088 0.026056
v 0.011252 0.131032 0.014822
v 0.013067 0.131059 0.020297
v 0.013801 -0.147215 -0.023922
v 0.014902 -0.147221 -0.012604
v 0.015249 -0.147219 -0.018334
v 0.013400 -0.122843 -0.023667
v 0.013400 -0.122843 -0.023667
v 0.014564 -0.122847 -0.012424
v 0.014564 -0.122847 -0.012424
v 0.014893 -0.122845 -0.018128
v 0.014893 -0.122845 -0.018128
v 0.014238 -0.065304 -0.006179
v 0.013028 -0.065292 -0.017413
v 0.014518 -0.065298 -0.011886
v 0.012927 -0.096641 -0.021513
v 0.014156 -0.096644 -0.010284
v 0.014439 -0.096642 -0.015989
v 0.014292 -0.212862 -0.002134
v 0.013278 -0.214871 -0.013253
v 0.014679 -0.213873 -0.007727
v 0.014023 -0.233518 -0.006186
v 0.014900 -0.229804 0.004486
v 0.015312 -0.231664 -0.000858
v 0.015766 -0.248899 0.002792
v 0.016373 -0.243780 0.012588
v 0.017003 -0.246280 0.007672
v 0.012335 -0.269656 0.012134
v 0.014285 -0.263691 0.018622
v 0.013779 -0.266610 0.015400
v 0.016504 -0.262059 0.019270
v 0.015553 -0.268084 0.011981
v 0.016617 -0.265192 0.015455
v 0.016390 0.407103 0.029677
v 0.016390 0.407103 0.029677
v 0.015490 0.407103 0.018401
v 0.015490 0.407103 0.018401
v 0.016436 0.407103 0.024169
v 0.016436 0.407103 0.024169
v 0.016382 0.403252 0.017708
v 0.017228 0.403227 0.029750
v 0.017333 0.403225 0.023815
v 0.018074 -0.260417 0.019209
v 0.018074 -0.260417 0.019209
v 0.017425 -0.266639 0.011545
v 0.017425 -0.266639 0.011545
v 0.018364 -0.263641 0.014883
v 0.018364 -0.263641 0.014883
v 0.018580 -0.264335 0.010461
v 0.018927 -0.258291 0.018200
v 0.019306 -0.261450 0.013898
v 0.018584 -0.255401 0.016909
v 0.018491 -0.261382 0.009233
v 0.019114 -0.258682 0.012674
v 0.018231 0.301081 0.029990
v 0.018231 0.301081 0.029990
v 0.015150 0.301116 0.012419
v 0.015150 0.301116 0.012419
v 0.017498 0.301096 0.021695
v 0.017498 0.301096 0.021695
v 0.013050 0.409919 0.029091
v 0.012421 0.409919 0.020056
v 0.013115 0.409919 0.024704
v 0.013925 -0.166712 -0.022702
v 0.015000 -0.166715 -0.011322
v 0.015364 -0.166713 -0.017075
v 0.013657 -0.187619 -0.019817
v 0.014668 -0.187603 -0.008331
v 0.015064 -0.187609 -0.014124
v 0.015019 0.409083 0.029654
v 0.014317 0.409086 0.019170
v 0.015160 0.409084 0.024531
v -0.009581 0.189846 0.012067
v -0.011199 0.268036 0.009844
v -0.008532 0.072239 0.003589
v -0.008532 0.072239 0.003589
v -0.008167 0.131003 0.009186
v -0.009561 0.160459 0.011059
v -0.008318 0.106148 0.008041
v -0.011781 -0.147215 -0.028004
v -0.009643 0.018012 -0.004419
v -0.010899 -0.065287 -0.021610
v -0.010836 -0.096640 -0.025569
v -0.011387 -0.122841 -0.027593
v -0.011387 -0.122841 -0.027593
v -0.012018 -0.235007 -0.010464
v -0.014010 -0.251461 -0.002024
v -0.010754 -0.272527 0.008883
v -0.008448 0.409919 0.015470
v -0.011719 0.403263 0.011165
v -0.010498 0.232984 0.011784
v -0.011331 -0.215594 -0.017254
v -0.015626 -0.271191 0.006743
v -0.015626 -0.271191 0.006743
v -0.013989 -0.272133 0.008244
v -0.016592 -0.268971 0.004928
v -0.016501 -0.265922 0.003455
v -0.014308 0.189757 0.035147
v -0.013151 0.189746 0.043176
v -0.016902 0.268445 0.036862
v -0.014916 0.269334 0.045330
v -0.011527 0.072420 0.023960
v -0.011527 0.072420 0.023960
v -0.010569 0.072379 0.030259
v -0.010569 0.072379 0.030259
v -0.012722 0.131113 0.031005
v -0.011977 0.131022 0.038424
v -0.014104 0.160483 0.033303
v -0.012981 0.160383 0.041229
v -0.011266 0.106275 0.028631
v -0.010440 0.106266 0.034997
v -0.013866 -0.147221 -0.008866
v -0.012199 -0.147288 -0.002219
v -0.012327 0.018071 0.014889
v -0.011059 0.017980 0.021182
v -0.013251 -0.065309 -0.002415
v -0.011863 -0.065456 0.004165
v -0.013193 -0.096645 -0.006663
v -0.011815 -0.096715 -0.000113
v -0.013585 -0.122849 -0.008895
v -0.013585 -0.122849 -0.008895
v -0.012244 -0.122906 -0.002115
v -0.012244 -0.122906 -0.002115
v -0.013622 -0.228328 0.008726
v -0.012144 -0.226211 0.015486
v -0.015288 -0.242436 0.015339
v -0.012920 -0.238992 0.022426
v -0.013443 -0.260972 0.021905
v -0.010695 -0.258158 0.025520
v -0.013170 0.407103 0.034637
v -0.013170 0.407103 0.034637
v -0.013896 0.403237 0.035264
v -0.015377 0.233058 0.036142
v -0.013938 0.233442 0.044382
v -0.013168 -0.212168 0.001706
v -0.011807 -0.210859 0.008556
v -0.016678 -0.257886 0.022590
v -0.016678 -0.257886 0.022590
v -0.013347 -0.254241 0.028059
v -0.013347 -0.254241 0.028059
v -0.015347 -0.259608 0.022517
v -0.012211 -0.256347 0.027539
v -0.017465 -0.255577 0.021905
v -0.013938 -0.251705 0.027665
v -0.017341 -0.252670 0.020584
v -0.013836 -0.248678 0.026285
v -0.012216 0.301166 0.005211
v -0.012216 0.301166 0.005211
v -0.018570 0.301293 0.035909
v -0.018570 0.301293 0.035909
v -0.016288 0.301024 0.044763
v -0.016288 0.301024 0.044763
v -0.011002 0.407103 0.012412
v -0.011002 0.407103 0.012412
v -0.010003 0.409919 0.032998
v -0.011940 -0.166708 -0.026751
v -0.011713 -0.187619 -0.023894
v -0.013574 -0.187591 -0.004493
v -0.013949 -0.166716 -0.007578
v -0.012128 -0.187617 0.002591
v -0.012232 -0.166792 -0.000863
v -0.005556 0.189924 0.005683
v -0.004440 0.189923 0.002732
v -0.007316 0.269580 0.000028
v -0.004979 0.269968 -0.005420
v -0.004292 0.072001 -0.005493
v -0.004292 0.072001 -0.005493
v -0.005744 0.072019 -0.002249
v -0.005744 0.072019 -0.002249
v -0.005620 0.130934 0.003580
v -0.004399 0.130936 0.000474
v -0.004406 0.160394 0.002615
v -0.005342 0.160394 0.005309
v -0.004296 0.106025 -0.001045
v -0.005653 0.106023 0.002009
v -0.006939 -0.147343 -0.034267
v -0.004380 -0.147395 -0.038071
v -0.004497 0.017470 -0.015790
v -0.006248 0.017553 -0.011921
v -0.004465 -0.065895 -0.032490
v -0.006702 -0.065757 -0.028457
v -0.004351 -0.096933 -0.035809
v -0.006565 -0.096868 -0.032051
v -0.004254 -0.123019 -0.036884
v -0.004254 -0.123019 -0.036884
v -0.006645 -0.122979 -0.033464
v -0.006645 -0.122979 -0.033464
v -0.006735 -0.238194 -0.017177
v -0.004527 -0.239253 -0.019889
v -0.009478 -0.257310 -0.010741
v -0.004454 -0.260195 -0.014752
v -0.005377 -0.278713 0.001250
v -0.008880 -0.275659 0.005086
v -0.003318 0.402988 0.001090
v -0.007923 0.403151 0.004995
v -0.004130 0.233978 -0.001167
v -0.006357 0.233794 0.002841
v -0.004039 -0.216770 -0.026050
v -0.006001 -0.216403 -0.023440
v -0.007148 -0.279056 -0.004465
v -0.007148 -0.279056 -0.004465
v -0.012876 -0.274781 0.001807
v -0.012876 -0.274781 0.001807
v -0.006516 -0.280113 -0.002495
v -0.011623 -0.275336 0.003503
v -0.013567 -0.272896 0.000042
v -0.007409 -0.277448 -0.006279
v -0.013560 -0.270028 -0.001321
v -0.007020 -0.275292 -0.007931
v -0.004424 0.303316 -0.008381
v -0.008676 0.303552 -0.002512
v -0.008516 0.297627 -0.003003
v -0.004578 0.297352 -0.008825
v -0.003943 0.300442 -0.009319
v -0.003943 0.300442 -0.009319
v -0.008104 0.300850 -0.003584
v -0.008104 0.300850 -0.003584
v -0.003257 0.407103 0.003250
v -0.003257 0.407103 0.003250
v -0.007578 0.407103 0.006873
v -0.007578 0.407103 0.006873
v -0.005856 0.409919 0.011539
v -0.002490 0.409919 0.008987
v -0.004320 -0.166860 -0.036422
v -0.006558 -0.166873 -0.033426
v -0.006332 -0.187697 -0.030099
v -0.004177 -0.187665 -0.032969
v -0.009986 0.409094 0.013778
v -0.011796 0.409083 0.034185
v -0.006891 0.409113 0.008925
v -0.002975 0.409133 0.005705
v -0.006290 0.189722 0.048240
v -0.006694 0.269927 0.050747
v -0.004995 0.072282 0.033460
v -0.004995 0.072282 0.033460
v -0.005757 0.130899 0.043113
v -0.006260 0.160281 0.046249
v -0.004904 0.106204 0.038468
v -0.005689 -0.147314 0.000004
v -0.005335 0.017847 0.023200
v -0.005611 -0.065597 0.006259
v -0.005604 -0.096790 0.001962
v -0.005646 -0.122940 -0.000161
v -0.005646 -0.122940 -0.000161
v -0.005625 -0.225266 0.017543
v -0.006679 -0.237358 0.025904
v -0.005835 -0.255906 0.028403
v -0.003551 0.409919 0.042520
v -0.004877 0.403236 0.047097
v -0.006472 0.233683 0.049614
v -0.005544 -0.210248 0.010616
v -0.006293 -0.250399 0.031509
v -0.006293 -0.250399 0.031509
v -0.006010 -0.252618 0.030486
v -0.006430 -0.248131 0.031637
v -0.006517 -0.245382 0.030508
v -0.007005 0.300859 0.050491
v -0.007005 0.300859 0.050491
v -0.004733 0.407103 0.046083
v -0.004733 0.407103 0.046083
v -0.005615 -0.187629 0.004779
v -0.005697 -0.166800 0.001424
v -0.004251 0.409080 0.044707
v -0.012853 0.189822 0.018301
v -0.014952 0.189779 0.029566
v -0.014622 0.189801 0.023798
v -0.014765 0.160477 0.028136
v -0.012690 0.160465 0.016893
v -0.014473 0.160471 0.022376
v -0.016017 0.233039 0.029929
v -0.013938 0.233004 0.018615
v -0.015663 0.233021 0.024144
v -0.015135 0.268159 0.017968
v -0.017371 0.268331 0.029338
v -0.016871 0.268243 0.023529
v -0.010784 0.106178 0.012954
v -0.012217 0.106247 0.024218
v -0.012323 0.106212 0.018482
v -0.010982 0.072282 0.008397
v -0.010982 0.072282 0.008397
v -0.012452 0.072382 0.019668
v -0.012452 0.072382 0.019668
v -0.012548 0.072331 0.013926
v -0.012548 0.072331 0.013926
v -0.013251 0.018059 0.011095
v -0.011883 0.018025 -0.000125
v -0.013442 0.018042 0.005382
v -0.013365 0.131088 0.026056
v -0.011252 0.131032 0.014822
v -0.013067 0.131059 0.020297
v -0.013801 -0.147215 -0.023922
v -0.014902 -0.147221 -0.012604
v -0.015249 -0.147219 -0.018334
v -0.013400 -0.122843 -0.023667
v -0.013400 -0.122843 -0.023667
v -0.014564 -0.122847 -0.012424
v -0.014564 -0.122847 -0.012424
v -0.014892 -0.122845 -0.018128
v -0.014892 -0.122845 -0.018128
v -0.014238 -0.065304 -0.006179
v -0.013028 -0.065292 -0.017413
v -0.014518 -0.065298 -0.011885
v -0.012927 -0.096641 -0.021513
v -0.014156 -0.096644 -0.010284
v -0.014439 -0.096642 -0.015989
v -0.014292 -0.212862 -0.002134
v -0.013278 -0.214871 -0.013253
v -0.014679 -0.213873 -0.007727
v -0.014023 -0.233518 -0.006186
v -0.014900 -0.229804 0.004486
v -0.015312 -0.231664 -0.000858
v -0.015766 -0.248899 0.002792
v -0.016373 -0.243780 0.012588
v -0.017003 -0.246280 0.007672
v -0.012335 -0.269656 0.012134
v -0.014285 -0.263691 0.018622
v -0.013779 -0.266610 0.015400
v -0.016504 -0.262059 0.019270
v -0.015553 -0.268084 0.011981
v -0.016617 -0.265192 0.015455
v -0.014015 0.407103 0.029677
v -0.014015 0.407103 0.029677
v -0.013115 0.407103 0.018401
v -0.013115 0.407103 0.018401
v -0.014061 0.407103 0.024169
v -0.014061 0.407103 0.024169
v -0.014007 0.403252 0.017708
v -0.014853 0.403227 0.029750
v -0.014958 0.403225 0.023815
v -0.018074 -0.260417 0.019209
v -0.018074 -0.260417 0.019209
v -0.017425 -0.266639 0.011545
v -0.017425 -0.266639 0.011545
v -0.018364 -0.263641 0.014883
v -0.018364 -0.263641 0.014883
v -0.018580 -0.264335 0.010461
v -0.018927 -0.258291 0.018200
v -0.019306 -0.261450 0.013898
v -0.018584 -0.255401 0.016909
v -0.018491 -0.261382 0.009233
v -0.019114 -0.258682 0.012674
v -0.018231 0.301081 0.029990
v -0.018231 0.301081 0.029990
v -0.015150 0.301116 0.012419
v -0.015150 0.301116 0.012419
v -0.017498 0.301096 0.021695
v -0.017498 0.301096 0.021695
v -0.010675 0.409919 0.029091
v -0.010045 0.409919 0.020056
v -0.010740 0.409919 0.024704
v -0.013925 -0.166712 -0.022702
v -0.015000 -0.166715 -0.011322
v -0.015364 -0.166713 -0.017075
v -0.013657 -0.187619 -0.019817
v -0.014668 -0.187603 -0.008331
v -0.015064 -0.187609 -0.014124
v -0.012645 0.409083 0.029654
v -0.011941 0.409086 0.019169
v -0.012785 0.409084 0.024531
v 0.001187 0.380580 -0.000997
v 0.013500 0.380874 0.011974
v 0.016161 0.380888 0.035629
v 0.008784 0.380846 0.004612
v 0.005326 0.380763 0.000703
v 0.006732 0.380919 0.047757
v 0.017193 0.380885 0.029789
v 0.017280 0.380881 0.023947
v 0.016028 0.380878 0.018311
v -0.011125 0.380874 0.011974
v -0.013787 0.380888 0.035629
v -0.006409 0.380846 0.004612
v -0.002951 0.380763 0.000703
v -0.004358 0.380919 0.047757
v -0.014818 0.380885 0.029789
v -0.014905 0.380881 0.023947
v -0.013653 0.380878 0.018311
v 0.010514 0.403236 0.044948
v 0.014767 0.403238 0.039487
v 0.012970 0.403237 0.042446
v 0.014158 0.407103 0.038609
v 0.014158 0.407103 0.038609
v 0.010028 0.407103 0.044123
v 0.010028 0.407103 0.044123
v 0.012367 0.407103 0.041643
v 0.012367 0.407103 0.041643
v 0.008000 0.409919 0.041030
v 0.011255 0.409919 0.036297
v 0.009784 0.409919 0.038963
v 0.012901 0.409084 0.037824
v 0.009198 0.409084 0.042949
v 0.011286 0.409085 0.040659
v -0.001245 0.409919 0.043424
v 0.003620 0.409919 0.043424
v 0.001187 0.409919 0.043728
v -0.001608 0.403237 0.048362
v 0.003982 0.403237 0.048362
v 0.001187 0.403237 0.048733
v 0.001187 0.403237 0.048733
v 0.004046 0.407103 0.047257
v 0.004046 0.407103 0.047257
v -0.001671 0.407103 0.047257
v -0.001671 0.407103 0.047257
v 0.001187 0.407103 0.047620
v 0.001187 0.407103 0.047620
v 0.001187 0.407103 0.047620
v 0.003871 0.409077 0.045765
v -0.001496 0.409077 0.045765
v 0.001187 0.409076 0.046103
v -0.012393 0.403238 0.039487
v -0.008140 0.403236 0.044948
v -0.010595 0.403237 0.042446
v -0.007653 0.407103 0.044123
v -0.007653 0.407103 0.044123
v -0.011783 0.407103 0.038609
v -0.011783 0.407103 0.038609
v -0.009993 0.407103 0.041643
v -0.009993 0.407103 0.041643
v -0.008880 0.409919 0.036297
v -0.005625 0.409919 0.041030
v -0.007409 0.409919 0.038963
v -0.006824 0.409084 0.042949
v -0.010526 0.409084 0.037824
v -0.008911 0.409085 0.040659
v 0.013490 0.380907 0.042617
v 0.001187 0.380923 0.049336
v 0.001187 0.380923 0.049336
v -0.011116 0.380907 0.042617
v 0.012524 0.337158 0.012505
v 0.012279 0.318419 0.010021
v 0.012365 0.327767 0.011825
v 0.012365 0.327767 0.011825
v -0.000000 0.318587 -0.005287
v -0.000000 0.318587 -0.005287
v 0.000212 0.337137 -0.001590
v 0.000062 0.327800 -0.002726
v 0.000062 0.327800 -0.002726
v 0.000062 0.327800 -0.002726
v 0.017361 0.318383 0.035409
v 0.016603 0.337179 0.035222
v 0.016864 0.327770 0.035241
v 0.016864 0.327770 0.035241
v 0.014281 0.337225 0.043037
v 0.015094 0.318435 0.043700
v 0.014589 0.327819 0.043269
v 0.014589 0.327819 0.043269
v 0.007543 0.337136 0.004669
v 0.007809 0.318512 0.001942
v 0.007510 0.327778 0.003875
v 0.007510 0.327778 0.003875
v 0.004319 0.318529 -0.002798
v 0.004446 0.337137 0.000595
v 0.004330 0.327783 -0.000408
v 0.004330 0.327783 -0.000408
v 0.006739 0.318452 0.049055
v 0.006621 0.337252 0.048195
v 0.006646 0.327843 0.048486
v 0.006646 0.327843 0.048486
v 0.000211 0.337262 0.050389
v 0.000211 0.337262 0.050389
v -0.000000 0.318463 0.051408
v -0.000000 0.318463 0.051408
v 0.000062 0.327855 0.050782
v 0.000062 0.327855 0.050782
v 0.000062 0.327855 0.050782
v 0.000062 0.327855 0.050782
v 0.015325 0.318380 0.016401
v 0.015528 0.337166 0.018516
v 0.015424 0.327760 0.017915
v 0.015424 0.327760 0.017915
v 0.017359 0.337175 0.029889
v 0.017689 0.318364 0.029939
v 0.017524 0.327770 0.029914
v 0.017524 0.327770 0.029914
v 0.017273 0.318364 0.023245
v 0.017173 0.337171 0.024062
v 0.017193 0.327758 0.023833
v 0.017193 0.327758 0.023833
v -0.012279 0.318419 0.010021
v -0.012103 0.337163 0.012505
v -0.012242 0.327768 0.011825
v -0.012242 0.327768 0.011825
v -0.016182 0.337175 0.035222
v -0.017361 0.318383 0.035409
v -0.016741 0.327769 0.035241
v -0.016741 0.327769 0.035241
v -0.015094 0.318435 0.043700
v -0.013860 0.337218 0.043037
v -0.014466 0.327817 0.043269
v -0.014466 0.327817 0.043269
v -0.007809 0.318512 0.001942
v -0.007122 0.337140 0.004669
v -0.007387 0.327779 0.003875
v -0.007387 0.327779 0.003875
v -0.004024 0.337139 0.000595
v -0.004319 0.318529 -0.002798
v -0.004206 0.327784 -0.000408
v -0.004206 0.327784 -0.000408
v -0.006200 0.337250 0.048195
v -0.006739 0.318452 0.049055
v -0.006522 0.327843 0.048486
v -0.006522 0.327843 0.048486
v -0.015107 0.337166 0.018516
v -0.015325 0.318380 0.016401
v -0.015300 0.327760 0.017915
v -0.015300 0.327760 0.017915
v -0.017689 0.318364 0.029939
v -0.016938 0.337171 0.029889
v -0.017314 0.327768 0.029914
v -0.017314 0.327768 0.029914
v -0.016752 0.337168 0.024062
v -0.017273 0.318364 0.023245
v -0.017069 0.327758 0.023833
v -0.017069 0.327758 0.023833
v -0.018972 0.363407 0.005267
v 0.019002 0.363407 0.005267
v -0.018972 0.362805 -0.013652
v -0.018972 0.362805 -0.013652
v 0.019002 0.362811 -0.013469
v 0.019002 0.362811 -0.013469
v -0.018972 0.363186 -0.001681
v 0.019002 0.363186 -0.001681
v 0.000015 0.362660 -0.018198
v -0.012691 0.401019 0.004691
v -0.011493 0.402961 0.059374
v -0.011751 0.399416 -0.009713
v -0.012037 0.362660 -0.018198
v 0.011969 0.362660 -0.018198
v 0.000025 0.422291 0.160238
v 0.000025 0.422291 0.160238
v 0.000025 0.422291 0.160238
v 0.000005 0.288590 0.164190
v -0.019734 0.325520 0.005838
v -0.019734 0.325520 0.005838
v 0.018498 0.324442 -0.009487
v 0.019002 0.326336 -0.009913
v 0.019002 0.326336 -0.009913
v 0.019002 0.326336 -0.009913
v -0.018364 0.324442 -0.009487
v -0.018972 0.326331 -0.010095
v -0.018972 0.326331 -0.010095
v -0.018972 0.326331 -0.010095
v 0.019002 0.325429 -0.000479
v 0.019002 0.325429 -0.000479
v -0.018972 0.325429 -0.000479
v -0.018972 0.325429 -0.000479
v 0.000015 0.286342 0.174386
v 0.000015 0.286205 0.177350
v 0.000015 0.286205 0.177350
v 0.000015 0.286205 0.177350
v 0.000015 0.286205 0.177350
v 0.019479 0.325520 0.005838
v 0.019479 0.325520 0.005838
v 0.000015 0.325204 -0.013055
v 0.000015 0.326183 -0.014640
v 0.000015 0.326183 -0.014640
v -0.012037 0.326184 -0.014640
v -0.012037 0.326184 -0.014640
v -0.012037 0.324818 -0.012430
v 0.001045 0.287230 0.167985
v -0.001032 0.287244 0.167878
v 0.011969 0.326184 -0.014640
v 0.011969 0.326184 -0.014640
v 0.011969 0.324818 -0.012430
v -0.009007 0.323129 -0.006518
v 0.000005 0.324025 -0.008569
v -0.008309 0.325123 0.058840
v 0.000270 0.325153 0.059767
v 0.009010 0.323129 -0.006518
v 0.008963 0.325122 0.058806
v -0.017813 0.323219 -0.001016
v -0.018452 0.323461 0.006594
v -0.016679 0.325051 0.056582
v 0.017607 0.325049 0.056508
v 0.018070 0.323485 0.007356
v 0.017835 0.323219 -0.001016
v -0.019057 0.395615 0.004218
v 0.019474 0.395615 0.004218
v -0.015847 0.396491 -0.016268
v -0.015847 0.396491 -0.016268
v -0.015847 0.396491 -0.016268
v -0.018972 0.393171 -0.015187
v -0.018972 0.393171 -0.015187
v 0.014978 0.396450 -0.016263
v 0.014978 0.396450 -0.016263
v 0.014978 0.396450 -0.016263
v 0.019002 0.393176 -0.015005
v 0.019002 0.393176 -0.015005
v 0.019002 0.395036 -0.002694
v -0.018972 0.395245 -0.002701
v 0.000015 0.422497 0.167296
v 0.000015 0.422497 0.167296
v 0.000015 0.393026 -0.019733
v 0.000015 0.396426 -0.017647
v 0.000015 0.396426 -0.017647
v -0.011986 0.396428 -0.017589
v -0.011986 0.396428 -0.017589
v -0.012037 0.393026 -0.019733
v -0.000786 0.420709 0.157196
v -0.000786 0.420709 0.157196
v 0.011969 0.396426 -0.017646
v 0.011969 0.396426 -0.017646
v 0.011969 0.393026 -0.019733
v 0.000965 0.420709 0.157196
v 0.000965 0.420709 0.157196
v -0.024761 0.364433 0.037523
v -0.024546 0.363706 0.014659
v -0.025639 0.364030 0.024835
v 0.024216 0.363703 0.014571
v 0.024468 0.364433 0.037500
v 0.025264 0.364027 0.024749
v -0.015193 0.401225 0.013882
v -0.016263 0.402042 0.037730
v -0.016517 0.401502 0.023777
v -0.022251 0.326835 0.038881
v -0.022251 0.326835 0.038881
v -0.022470 0.325769 0.015774
v -0.022470 0.325769 0.015774
v -0.023640 0.326107 0.026120
v -0.023640 0.326107 0.026120
v 0.021721 0.325808 0.015712
v 0.021721 0.325808 0.015712
v 0.022467 0.326671 0.038882
v 0.022467 0.326671 0.038882
v 0.023272 0.326133 0.026066
v 0.023272 0.326133 0.026066
v -0.021097 0.323777 0.016524
v -0.020611 0.324556 0.041004
v -0.021951 0.324126 0.027514
v 0.020790 0.324553 0.040908
v 0.020068 0.323770 0.016325
v 0.021352 0.324118 0.027252
v -0.022953 0.396305 0.013985
v -0.024178 0.398007 0.037495
v -0.024492 0.397026 0.024012
v 0.022467 0.398857 0.037452
v 0.021720 0.398142 0.013841
v 0.023272 0.398441 0.023896
v 0.000015 0.343686 0.185526
v 0.000015 0.343686 0.185526
v 0.000015 0.362126 0.184032
v 0.000015 0.362126 0.184032
v 0.000015 0.329306 0.185262
v 0.000015 0.329306 0.185262
v 0.000015 0.310387 0.182947
v 0.000015 0.310387 0.182947
v 0.000015 0.396892 0.176284
v 0.000015 0.396892 0.176284
v 0.000015 0.378902 0.181032
v 0.000015 0.378902 0.181032
v 0.003299 0.330753 0.173804
v 0.003299 0.330753 0.173804
v 0.002899 0.378352 0.170635
v 0.002899 0.378352 0.170635
v 0.003402 0.344470 0.173813
v 0.003402 0.344470 0.173813
v 0.003256 0.362889 0.172626
v 0.003256 0.362889 0.172626
v -0.003254 0.362899 0.172465
v -0.003254 0.362899 0.172465
v -0.003402 0.344481 0.173647
v -0.003402 0.344481 0.173647
v -0.003298 0.330773 0.173642
v -0.003298 0.330773 0.173642
v -0.002892 0.378344 0.170487
v -0.002892 0.378344 0.170487
v -0.002421 0.287547 0.169274
v -0.002421 0.287547 0.169274
v -0.002421 0.287547 0.169274
v 0.002434 0.287529 0.169392
v 0.002434 0.287529 0.169392
v 0.002434 0.287529 0.169392
v -0.018322 0.399380 0.057794
v 0.019055 0.399513 0.057831
v 0.001519 0.420702 0.161420
v -0.001492 0.420677 0.161337
v -0.020144 0.365003 0.055437
v -0.018923 0.328897 0.056586
v -0.018923 0.328897 0.056586
v 0.020122 0.365003 0.055437
v 0.019584 0.327902 0.056618
v 0.019584 0.327902 0.056618
v -0.003000 0.311682 0.172418
v -0.003000 0.311682 0.172418
v 0.003005 0.311663 0.172567
v 0.003005 0.311663 0.172567
v -0.002359 0.396403 0.167172
v -0.002359 0.396403 0.167172
v 0.002374 0.396410 0.167298
v 0.002374 0.396410 0.167298
v -0.018972 0.350741 -0.001285
v -0.018972 0.341668 -0.000996
v -0.018972 0.333196 -0.000727
v 0.011969 0.331970 -0.015205
v 0.011969 0.341679 -0.016151
v 0.011969 0.351307 -0.017090
v -0.019661 0.375345 0.056154
v -0.018975 0.390017 0.057172
v 0.023452 0.374250 0.014441
v 0.022552 0.386677 0.014184
v -0.022684 0.333324 0.038646
v -0.023110 0.339703 0.038416
v -0.023753 0.349332 0.038068
v 0.000015 0.373379 -0.018740
v 0.000015 0.384077 -0.019281
v 0.022211 0.333249 0.015488
v 0.022712 0.340858 0.015259
v 0.023325 0.350159 0.014979
v 0.019314 0.385929 0.004547
v 0.019149 0.374000 0.004928
v 0.019900 0.349707 0.055924
v 0.019771 0.340759 0.056208
v 0.019690 0.335184 0.056386
v -0.024580 0.374856 0.037514
v -0.024344 0.388489 0.037502
v -0.012037 0.351307 -0.017090
v -0.012037 0.341679 -0.016151
v -0.012037 0.331970 -0.015205
v 0.023070 0.388486 0.037467
v 0.023862 0.374855 0.037485
v -0.023805 0.350156 0.015057
v -0.023296 0.340854 0.015331
v -0.022879 0.333249 0.015554
v 0.019002 0.373818 -0.002019
v 0.019002 0.385390 -0.002387
v -0.018972 0.373498 -0.014192
v -0.018972 0.373498 -0.014192
v -0.018972 0.384430 -0.014745
v -0.018972 0.384430 -0.014745
v -0.019580 0.333216 0.005722
v -0.019416 0.341340 0.005600
v -0.019232 0.350500 0.005462
v -0.023424 0.386677 0.014184
v -0.024031 0.374250 0.014441
v 0.019002 0.373503 -0.014010
v 0.019002 0.373503 -0.014010
v 0.019002 0.384444 -0.014564
v 0.019002 0.384444 -0.014564
v 0.023648 0.333282 0.025818
v 0.024019 0.340343 0.025572
v 0.024516 0.349791 0.025244
v -0.012037 0.384077 -0.019281
v -0.012037 0.373379 -0.018740
v -0.019626 0.349707 0.055924
v -0.019324 0.340759 0.056208
v -0.019135 0.335184 0.056386
v 0.019002 0.350741 -0.001285
v 0.019002 0.341668 -0.000996
v 0.019002 0.333196 -0.000727
v 0.019349 0.390017 0.057172
v 0.019802 0.375345 0.056154
v -0.018972 0.332016 -0.010649
v -0.018972 0.332016 -0.010649
v -0.018972 0.341445 -0.011569
v -0.018972 0.341445 -0.011569
v -0.018972 0.351144 -0.012515
v -0.018972 0.351144 -0.012515
v 0.023908 0.387453 0.024168
v 0.024657 0.374514 0.024489
v -0.024888 0.349789 0.025318
v -0.024390 0.340340 0.025638
v -0.024018 0.333282 0.025877
v 0.011969 0.373379 -0.018740
v 0.011969 0.384077 -0.019281
v 0.019382 0.333216 0.005722
v 0.019280 0.341340 0.005600
v 0.019165 0.350500 0.005462
v -0.019000 0.374000 0.004922
v -0.019031 0.385927 0.004533
v 0.019002 0.332017 -0.010467
v 0.019002 0.332017 -0.010467
v 0.019002 0.341436 -0.011385
v 0.019002 0.341436 -0.011385
v 0.019002 0.351137 -0.012331
v 0.019002 0.351137 -0.012331
v -0.024825 0.387459 0.024251
v -0.025275 0.374516 0.024574
v 0.000015 0.351307 -0.017090
v 0.000015 0.341679 -0.016151
v 0.000015 0.331970 -0.015204
v 0.023668 0.349332 0.038052
v 0.023158 0.339704 0.038405
v 0.022820 0.333324 0.038638
v -0.018972 0.385390 -0.002387
v -0.018972 0.373818 -0.002019
v -0.012037 0.325501 -0.013535
v -0.018668 0.325386 -0.009791
v 0.018419 0.324324 -0.000748
v 0.018750 0.325389 -0.009700
v -0.018393 0.324324 -0.000748
v -0.019093 0.324491 0.006216
v -0.017801 0.326974 0.056584
v -0.001726 0.287396 0.168576
v 0.001739 0.287380 0.168688
v 0.018774 0.324503 0.006597
v 0.011969 0.325501 -0.013535
v 0.000015 0.325693 -0.013848
v 0.000015 0.286273 0.175868
v 0.000015 0.286273 0.175868
v -0.021783 0.324773 0.016149
v -0.022795 0.325117 0.026817
v -0.021431 0.325695 0.039942
v 0.021629 0.325612 0.039895
v 0.022312 0.325125 0.026659
v 0.020895 0.324789 0.016019
v 0.018595 0.326476 0.056563
v -0.016548 0.400419 0.058629
v -0.017510 0.397762 0.004446
v 0.016857 0.400419 0.058629
v 0.017419 0.397762 0.004446
v -0.012012 0.394727 -0.018661
v -0.017410 0.394831 -0.015728
v -0.017410 0.394831 -0.015728
v 0.017184 0.396791 -0.003938
v -0.016907 0.396872 -0.004713
v 0.016990 0.394813 -0.015634
v 0.016990 0.394813 -0.015634
v -0.001139 0.420693 0.159266
v 0.000020 0.422394 0.163767
v 0.000020 0.422394 0.163767
v 0.011969 0.394726 -0.018690
v 0.000015 0.394726 -0.018690
v 0.001242 0.420706 0.159308
v -0.020445 0.398049 0.013925
v -0.022106 0.398476 0.023915
v -0.021637 0.399373 0.037637
v 0.020352 0.398967 0.013853
v 0.021913 0.399183 0.023856
v 0.021417 0.399798 0.037616
v 0.011429 0.402961 0.059374
v 0.000015 0.402961 0.059374
v 0.011969 0.399416 -0.009713
v 0.000015 0.399406 -0.010030
v 0.015365 0.398547 -0.005181
v 0.015365 0.398547 -0.005181
v 0.015364 0.399908 0.004675
v 0.015364 0.399908 0.004675
v -0.015964 0.399908 0.004675
v -0.015964 0.399908 0.004675
v -0.014841 0.398498 -0.006725
v -0.014841 0.398498 -0.006725
v -0.014563 0.401326 0.059426
v -0.014563 0.401326 0.059426
v -0.019719 0.399925 0.023817
v -0.019719 0.399925 0.023817
v -0.017936 0.399792 0.013865
v -0.017936 0.399792 0.013865
v -0.019096 0.400740 0.037779
v -0.019096 0.400740 0.037779
v 0.018984 0.399792 0.013865
v 0.018984 0.399792 0.013865
v 0.020554 0.399925 0.023817
v 0.020554 0.399925 0.023817
v 0.020366 0.400740 0.037779
v 0.020366 0.400740 0.037779
v 0.014659 0.401326 0.059426
v 0.014659 0.401326 0.059426
v 0.001373 0.400931 -0.000943
v 0.001348 0.400046 0.000030
v 0.001348 0.400046 0.000030
v 0.001368 0.400744 -0.000239
v 0.001368 0.400744 -0.000239
v 0.001368 0.400744 -0.000239
v 0.003881 0.401977 0.048543
v 0.003469 0.403036 0.049711
v 0.003772 0.402725 0.048871
v 0.003772 0.402725 0.048871
v -0.005630 0.401087 0.001467
v -0.005227 0.400136 0.002318
v -0.005332 0.400854 0.002074
v -0.005332 0.400854 0.002074
v -0.003450 0.401951 0.047897
v -0.004418 0.403021 0.048995
v -0.003718 0.402702 0.048204
v -0.003718 0.402702 0.048204
v 0.007083 0.400121 0.001901
v 0.008163 0.400934 0.001389
v 0.007400 0.400798 0.001768
v 0.007400 0.400798 0.001768
v 0.010161 0.402908 0.046757
v 0.010235 0.401864 0.045725
v 0.010221 0.402608 0.046012
v 0.010221 0.402608 0.046012
v -0.014180 0.401620 0.015864
v -0.013787 0.400702 0.016554
v -0.013893 0.401409 0.016351
v -0.013893 0.401409 0.016351
v -0.010109 0.402872 0.045168
v -0.009474 0.401789 0.043835
v -0.009641 0.402545 0.044211
v -0.009641 0.402545 0.044211
v 0.012570 0.401056 0.006222
v 0.011514 0.400305 0.006562
v 0.011826 0.400963 0.006468
v 0.011826 0.400963 0.006468
v -0.011143 0.401345 0.007889
v -0.010730 0.400392 0.008770
v -0.010843 0.401110 0.008508
v -0.010843 0.401110 0.008508
v 0.014827 0.400568 0.013169
v 0.015075 0.401228 0.011340
v 0.014899 0.401199 0.012637
v 0.014899 0.401199 0.012637
v 0.014334 0.401680 0.041094
v 0.014425 0.402685 0.041969
v 0.014361 0.402413 0.041338
v 0.014361 0.402413 0.041338
v -0.013322 0.401545 0.037697
v -0.013452 0.402630 0.039903
v -0.013342 0.402301 0.038332
v -0.013342 0.402301 0.038332
v -0.015036 0.400989 0.023760
v -0.015415 0.401909 0.023903
v -0.015135 0.401698 0.023802
v -0.015135 0.401698 0.023802
v -0.015321 0.402275 0.032429
v -0.014998 0.401269 0.030775
v -0.015071 0.402002 0.031248
v -0.015071 0.402002 0.031248
v 0.016985 0.401512 0.018420
v 0.016748 0.400853 0.020330
v 0.016810 0.401486 0.019775
v 0.016810 0.401486 0.019775
v 0.016707 0.401431 0.034849
v 0.016994 0.402338 0.035157
v 0.016790 0.402135 0.034931
v 0.016790 0.402135 0.034931
v 0.017739 0.401911 0.026849
v 0.017412 0.401139 0.027513
v 0.017508 0.401804 0.027314
v 0.017508 0.401804 0.027314
v -0.000652 0.323950 -0.002800
v -0.000652 0.323950 -0.002800
v -0.000521 0.323075 -0.004393
v -0.000625 0.323228 -0.003286
v -0.000625 0.323228 -0.003286
v -0.000625 0.323228 -0.003286
v 0.001468 0.324557 0.052359
v 0.001684 0.325585 0.051123
v 0.001608 0.324819 0.051501
v 0.001608 0.324819 0.051501
v -0.007282 0.324056 0.001372
v -0.007541 0.323088 -0.000115
v -0.007370 0.323307 0.000930
v -0.007370 0.323307 0.000930
v -0.006215 0.324526 0.051470
v -0.005857 0.325560 0.050325
v -0.005977 0.324792 0.050676
v -0.005977 0.324792 0.050676
v 0.006217 0.323030 -0.001760
v 0.005670 0.323998 -0.000431
v 0.005822 0.323250 -0.000835
v 0.005822 0.323250 -0.000835
v 0.008846 0.325502 0.048556
v 0.008855 0.324464 0.049791
v 0.008841 0.324733 0.048935
v 0.008841 0.324733 0.048935
v -0.015554 0.324495 0.016811
v -0.016078 0.323366 0.015436
v -0.015718 0.323698 0.016411
v -0.015718 0.323698 0.016411
v -0.012200 0.325432 0.046239
v -0.012744 0.324385 0.047147
v -0.012376 0.324661 0.046519
v -0.012376 0.324661 0.046519
v 0.010725 0.324165 0.005987
v 0.011468 0.323074 0.004983
v 0.010937 0.323380 0.005690
v 0.010937 0.323380 0.005690
v -0.012351 0.324266 0.009360
v -0.012813 0.323156 0.008038
v -0.012497 0.323476 0.008977
v -0.012497 0.323476 0.008977
v 0.015132 0.323284 0.012259
v 0.014409 0.324388 0.013225
v 0.014618 0.323599 0.012942
v 0.014618 0.323599 0.012942
v 0.014502 0.324283 0.044303
v 0.014219 0.325333 0.043226
v 0.014301 0.324561 0.043555
v 0.014301 0.324561 0.043555
v -0.017015 0.324171 0.039842
v -0.016231 0.325227 0.039598
v -0.016478 0.324453 0.039681
v -0.016478 0.324453 0.039681
v -0.018071 0.323640 0.022752
v -0.017416 0.324732 0.023978
v -0.017622 0.323947 0.023620
v -0.017622 0.323947 0.023620
v -0.017802 0.324981 0.031703
v -0.018612 0.323917 0.031067
v -0.018057 0.324205 0.031522
v -0.018057 0.324205 0.031522
v 0.016835 0.324627 0.020377
v 0.017575 0.323566 0.019623
v 0.017052 0.323851 0.020156
v 0.017052 0.323851 0.020156
v 0.017749 0.324066 0.036614
v 0.017172 0.325113 0.036007
v 0.017343 0.324341 0.036193
v 0.017343 0.324341 0.036193
v 0.017881 0.324871 0.028037
v 0.018627 0.323834 0.027896
v 0.018102 0.324102 0.027999
v 0.018102 0.324102 0.027999
v 0.000007 0.298560 0.143697
v 0.000165 0.320447 0.081232
v 0.000054 0.311149 0.112702
v 0.000022 0.417787 0.141295
v 0.000016 0.405653 0.077935
v 0.000018 0.411107 0.109590
v -0.001499 0.298644 0.143808
v -0.006451 0.320497 0.081036
v -0.003891 0.311335 0.112671
v -0.009268 0.405419 0.077806
v -0.002010 0.417583 0.141354
v -0.005555 0.410735 0.109569
v 0.002038 0.417578 0.141335
v 0.009222 0.405420 0.077813
v 0.005544 0.410734 0.109566
v 0.006845 0.320542 0.081033
v 0.001518 0.298710 0.143775
v 0.004021 0.311416 0.112667
v -0.012936 0.320349 0.079351
v -0.003861 0.298666 0.143684
v -0.008051 0.311199 0.111744
v 0.013480 0.320370 0.079358
v 0.003887 0.298750 0.143631
v 0.008221 0.311261 0.111745
v -0.011961 0.403672 0.077800
v -0.011961 0.403672 0.077800
v -0.002978 0.416445 0.141555
v -0.002978 0.416445 0.141555
v -0.007463 0.409097 0.109653
v -0.007463 0.409097 0.109653
v 0.011776 0.403680 0.077859
v 0.011776 0.403680 0.077859
v 0.002893 0.416429 0.141499
v 0.002893 0.416429 0.141499
v 0.007117 0.409094 0.109654
v 0.007117 0.409094 0.109654
v 0.007826 0.362851 0.133112
v 0.017211 0.364276 0.071067
v 0.012049 0.363256 0.102193
v -0.007722 0.362855 0.133157
v -0.017161 0.364273 0.071123
v -0.011937 0.363256 0.102222
v -0.015520 0.323484 0.078639
v -0.015520 0.323484 0.078639
v -0.005919 0.299682 0.144100
v -0.005919 0.299682 0.144100
v -0.010613 0.313181 0.111385
v -0.010613 0.313181 0.111385
v 0.015972 0.322785 0.078729
v 0.015972 0.322785 0.078729
v 0.006024 0.299654 0.144005
v 0.006024 0.299654 0.144005
v 0.010847 0.312877 0.111386
v 0.010847 0.312877 0.111386
v -0.014809 0.401864 0.077380
v -0.004241 0.414991 0.141580
v -0.009195 0.407299 0.109410
v 0.015075 0.401867 0.077401
v 0.004215 0.414978 0.141533
v 0.009206 0.407297 0.109403
v -0.006788 0.317335 0.141221
v -0.015792 0.330421 0.077331
v -0.010998 0.323515 0.109559
v -0.007270 0.332606 0.138625
v -0.016063 0.338268 0.075870
v -0.011293 0.334933 0.107482
v -0.016470 0.348691 0.073957
v -0.007541 0.345816 0.136306
v -0.011576 0.347116 0.105235
v 0.016201 0.330428 0.077297
v 0.006894 0.317355 0.141137
v 0.011220 0.323525 0.109512
v 0.016407 0.338271 0.075840
v 0.007375 0.332604 0.138561
v 0.011495 0.334933 0.107445
v 0.007645 0.345815 0.136251
v 0.016709 0.348693 0.073922
v 0.011745 0.347116 0.105204
v 0.005739 0.395209 0.138416
v 0.015671 0.391453 0.075652
v 0.010146 0.393574 0.107184
v 0.016556 0.375789 0.073026
v 0.006929 0.377430 0.135539
v 0.011222 0.376613 0.104407
v -0.015458 0.391452 0.075648
v -0.005748 0.395210 0.138462
v -0.010111 0.393575 0.107196
v -0.006880 0.377429 0.135583
v -0.016436 0.375789 0.073057
v -0.011146 0.376613 0.104428
v -0.004889 0.299173 0.143894
v -0.014234 0.321919 0.078966
v -0.009333 0.312191 0.111556
v 0.004956 0.299207 0.143807
v 0.014733 0.321581 0.079013
v 0.009536 0.312072 0.111553
v -0.003606 0.415736 0.141598
v -0.013397 0.402767 0.077566
v -0.008332 0.408203 0.109534
v 0.003543 0.415719 0.141535
v 0.013437 0.402772 0.077607
v 0.008162 0.408199 0.109527
vt 0.061587 0.243538
vt 0.027795 0.243872
vt 0.331390 0.243877
vt 0.058102 0.074591
vt 0.011271 0.070391
vt 0.347921 0.070396
vt 0.015350 0.497761
vt 0.343824 0.497766
vt 0.356827 0.045601
vt 0.485180 0.561520
vt 0.047528 0.497874
vt 0.388712 0.041784
vt 0.056493 0.370265
vt 0.025420 0.370575
vt 0.333760 0.370579
vt 0.028092 0.307205
vt 0.331090 0.307209
vt 0.060170 0.306855
vt 0.023261 0.424213
vt 0.335916 0.424217
vt 0.055432 0.424161
vt 0.732072 0.301929
vt 0.810273 0.746189
vt 0.695658 0.295089
vt 0.353506 0.164945
vt 0.481770 0.442191
vt 0.390761 0.159854
vt 0.347272 0.347983
vt 0.475411 0.259172
vt 0.384659 0.342772
vt 0.349834 0.415348
vt 0.477891 0.191818
vt 0.386173 0.410698
vt 0.354503 0.471454
vt 0.482446 0.135718
vt 0.720191 0.352974
vt 0.822001 0.797276
vt 0.389886 0.467196
vt 0.685232 0.346188
vt 0.704401 0.101474
vt 0.742423 0.099171
vt 0.800246 0.543480
vt 0.744206 0.051696
vt 0.798529 0.496026
vt 0.696437 0.062172
vt 0.513753 0.081738
vt 0.544752 0.095357
vt 0.506828 0.610159
vt 0.527474 0.594745
vt 0.479408 0.980181
vt 0.442721 0.983653
vt 0.019828 0.148674
vt 0.339360 0.148679
vt 0.061525 0.150233
vt 0.742258 0.149736
vt 0.800334 0.594021
vt 0.707139 0.146349
vt 0.503760 0.088915
vt 0.690591 0.016458
vt 0.550577 0.108607
vt 0.740390 0.003287
vt 0.802406 0.447647
vt 0.548593 0.104093
vt 0.507587 0.085230
vt 0.692034 0.022670
vt 0.692984 0.029607
vt 0.742325 0.008207
vt 0.800466 0.452562
vt 0.743265 0.015222
vt 0.799517 0.459572
vt 0.113846 0.243633
vt 0.131320 0.243760
vt 0.118769 0.073911
vt 0.137469 0.072367
vt 0.093448 0.496807
vt 0.433931 0.034383
vt 0.107221 0.496668
vt 0.447533 0.032239
vt 0.105902 0.369098
vt 0.121791 0.369006
vt 0.110031 0.306280
vt 0.127081 0.306446
vt 0.102284 0.423099
vt 0.116316 0.422860
vt 0.653698 0.286758
vt 0.639065 0.283802
vt 0.433669 0.152953
vt 0.447274 0.150879
vt 0.427266 0.336296
vt 0.441681 0.334312
vt 0.428481 0.404785
vt 0.442954 0.402867
vt 0.431516 0.461534
vt 0.644066 0.338288
vt 0.446015 0.459608
vt 0.629745 0.335512
vt 0.658145 0.103506
vt 0.642182 0.103692
vt 0.654002 0.069771
vt 0.636938 0.072532
vt 0.492763 0.049745
vt 0.494339 0.038258
vt 0.391515 0.994220
vt 0.493716 0.652004
vt 0.390330 0.985696
vt 0.116583 0.150215
vt 0.134662 0.149633
vt 0.662911 0.142566
vt 0.646946 0.141408
vt 0.527162 0.055344
vt 0.527239 0.638436
vt 0.482790 0.047680
vt 0.648496 0.033890
vt 0.484461 0.031492
vt 0.633729 0.038930
vt 0.487545 0.048725
vt 0.489078 0.034221
vt 0.649422 0.039148
vt 0.634444 0.044314
vt 0.650426 0.045691
vt 0.635458 0.051036
vt 0.049548 0.003219
vt 0.897797 0.410869
vt 0.206335 0.560144
vt 0.891106 0.455658
vt 0.003979 0.012717
vt 0.355215 0.012723
vt 0.003752 0.006119
vt 0.207341 0.566436
vt 0.355442 0.006124
vt 0.897398 0.456644
vt 0.117470 0.003219
vt 0.898095 0.342870
vt 0.137130 0.004241
vt 0.898432 0.323218
vt 0.479469 0.990527
vt 0.527555 0.579939
vt 0.441433 0.992470
vt 0.499142 0.602261
vt 0.503243 0.647687
vt 0.701454 0.253857
vt 0.705611 0.208822
vt 0.737561 0.260347
vt 0.804871 0.704596
vt 0.740807 0.215063
vt 0.801683 0.659318
vt 0.662862 0.198890
vt 0.659466 0.244866
vt 0.647592 0.195207
vt 0.644670 0.241584
vt 0.045261 0.243482
vt 0.038437 0.243510
vt 0.035410 0.071281
vt 0.022689 0.070460
vt 0.025924 0.498602
vt 0.367401 0.045331
vt 0.033570 0.498476
vt 0.374976 0.044204
vt 0.043218 0.370704
vt 0.036047 0.370856
vt 0.038731 0.307322
vt 0.044855 0.307216
vt 0.033852 0.424737
vt 0.041098 0.424638
vt 0.712243 0.298101
vt 0.721864 0.299896
vt 0.364322 0.164873
vt 0.373347 0.163381
vt 0.357949 0.347641
vt 0.367711 0.346024
vt 0.360332 0.414524
vt 0.369643 0.413225
vt 0.364841 0.470480
vt 0.710008 0.350713
vt 0.373786 0.469344
vt 0.701210 0.349083
vt 0.724075 0.099059
vt 0.731955 0.098553
vt 0.719727 0.055732
vt 0.734249 0.052505
vt 0.532772 0.095384
vt 0.521810 0.089479
vt 0.470055 0.980880
vt 0.457816 0.982310
vt 0.030317 0.148193
vt 0.040193 0.148534
vt 0.732006 0.149016
vt 0.724933 0.148273
vt 0.533043 0.108607
vt 0.723828 0.008210
vt 0.514932 0.098781
vt 0.704310 0.012671
vt 0.533962 0.103684
vt 0.517163 0.094504
vt 0.705586 0.018068
vt 0.725321 0.013092
vt 0.706331 0.024589
vt 0.727304 0.018407
vt 0.892148 0.444346
vt 0.892336 0.428946
vt 0.030281 0.011053
vt 0.015288 0.011932
vt 0.013423 0.005357
vt 0.898156 0.446948
vt 0.028645 0.004142
vt 0.898046 0.431721
vt 0.468758 0.990830
vt 0.517395 0.582330
vt 0.455948 0.991631
vt 0.507277 0.590142
vt 0.512453 0.601856
vt 0.519655 0.596508
vt 0.727316 0.258663
vt 0.719482 0.257059
vt 0.723009 0.211996
vt 0.730557 0.213608
vt 0.527514 0.587090
vt 0.503267 0.606325
vt 0.499011 0.650366
vt 0.510119 0.596049
vt 0.518622 0.589321
vt 0.149631 0.244435
vt 0.164059 0.245139
vt 0.195126 0.245138
vt 0.158634 0.072001
vt 0.173909 0.072144
vt 0.185282 0.072142
vt 0.120993 0.497588
vt 0.461344 0.031212
vt 0.132322 0.498606
vt 0.226852 0.498606
vt 0.472688 0.030671
vt 0.601042 0.576359
vt 0.138401 0.370224
vt 0.151622 0.371587
vt 0.207557 0.371587
vt 0.144948 0.307427
vt 0.159259 0.308468
vt 0.199923 0.308467
vt 0.130548 0.423912
vt 0.141824 0.425053
vt 0.217354 0.425052
vt 0.624317 0.281368
vt 0.612062 0.279438
vt 0.930311 0.723886
vt 0.460316 0.150464
vt 0.472041 0.150296
vt 0.600299 0.456746
vt 0.456017 0.333881
vt 0.468300 0.333665
vt 0.596334 0.273402
vt 0.457160 0.402008
vt 0.469403 0.401381
vt 0.597450 0.205699
vt 0.460422 0.458432
vt 0.615545 0.332966
vt 0.472688 0.457572
vt 0.601042 0.149564
vt 0.603466 0.330884
vt 0.939206 0.775265
vt 0.627092 0.106214
vt 0.614769 0.108315
vt 0.927858 0.552772
vt 0.621850 0.075057
vt 0.607749 0.077792
vt 0.934897 0.522269
vt 0.500714 0.026750
vt 0.510967 0.018504
vt 0.517077 0.667938
vt 0.357788 0.987225
vt 0.154351 0.149886
vt 0.169191 0.150346
vt 0.189997 0.150345
vt 0.632165 0.142386
vt 0.619842 0.143248
vt 0.922780 0.587695
vt 0.493788 0.014498
vt 0.616832 0.045762
vt 0.505682 0.006483
vt 0.603466 0.047783
vt 0.939206 0.492280
vt 0.496711 0.019129
vt 0.507905 0.011538
vt 0.616953 0.050464
vt 0.603603 0.052596
vt 0.939064 0.497091
vt 0.617845 0.056427
vt 0.604337 0.058761
vt 0.938324 0.503252
vt 0.160579 0.005571
vt 0.896972 0.299792
vt 0.034489 0.564748
vt 0.176487 0.006407
vt 0.182707 0.006406
vt 0.895649 0.283899
vt 0.359173 0.995809
vt 0.513480 0.677928
vt 0.632888 0.193719
vt 0.620518 0.192840
vt 0.922205 0.637252
vt 0.629715 0.239480
vt 0.617334 0.237946
vt 0.925098 0.682378
vt 0.515484 0.672874
vt 0.076813 0.243504
vt 0.101751 0.243544
vt 0.089288 0.243501
vt 0.098934 0.306330
vt 0.074334 0.306637
vt 0.086642 0.306457
vt 0.103090 0.150103
vt 0.078054 0.150104
vt 0.090565 0.150063
vt 0.077506 0.074219
vt 0.102567 0.073963
vt 0.090032 0.074051
vt 0.067400 0.423943
vt 0.092442 0.423300
vt 0.079919 0.423628
vt 0.059186 0.497710
vt 0.400207 0.040091
vt 0.083963 0.497050
vt 0.424614 0.035991
vt 0.071581 0.497414
vt 0.412423 0.038107
vt 0.425385 0.154352
vt 0.401092 0.158380
vt 0.413262 0.156433
vt 0.095178 0.369286
vt 0.070342 0.369920
vt 0.082768 0.369581
vt 0.686120 0.293181
vt 0.661906 0.288351
vt 0.674008 0.290751
vt 0.399313 0.466015
vt 0.675937 0.344355
vt 0.423711 0.462635
vt 0.651796 0.339726
vt 0.411547 0.464364
vt 0.663844 0.342006
vt 0.418969 0.337597
vt 0.394674 0.341391
vt 0.406831 0.339543
vt 0.395930 0.409431
vt 0.420444 0.405939
vt 0.408198 0.407720
vt 0.671946 0.143301
vt 0.697292 0.145536
vt 0.684562 0.144414
vt 0.693609 0.101862
vt 0.668441 0.102925
vt 0.680924 0.102331
vt 0.684409 0.064236
vt 0.660822 0.068509
vt 0.672478 0.066352
vt 0.506683 0.074747
vt 0.494852 0.059003
vt 0.499747 0.067207
vt 0.488717 0.057976
vt 0.498911 0.076278
vt 0.492852 0.067998
vt 0.402505 0.993830
vt 0.491801 0.640743
vt 0.427388 0.993044
vt 0.494088 0.615510
vt 0.414539 0.993461
vt 0.491801 0.628376
vt 0.428026 0.984355
vt 0.402229 0.985301
vt 0.414865 0.984820
vt 0.483668 0.057638
vt 0.657476 0.030616
vt 0.493651 0.077401
vt 0.677197 0.022420
vt 0.487609 0.069067
vt 0.668285 0.026620
vt 0.677584 0.028309
vt 0.658713 0.035724
vt 0.668976 0.031982
vt 0.659521 0.042212
vt 0.678244 0.034917
vt 0.669763 0.038163
vt 0.104726 0.003578
vt 0.898478 0.355630
vt 0.066271 0.003279
vt 0.898143 0.394132
vt 0.086820 0.003401
vt 0.898352 0.373552
vt 0.501805 0.639267
vt 0.503310 0.619913
vt 0.501738 0.629846
vt 0.692008 0.251885
vt 0.667702 0.246625
vt 0.679834 0.249268
vt 0.696085 0.206718
vt 0.671389 0.200871
vt 0.683699 0.203836
vt 0.497160 0.640506
vt 0.498905 0.617865
vt 0.496977 0.629408
vt 0.297598 0.243540
vt 0.301089 0.074594
vt 0.311647 0.497877
vt 0.517065 0.565312
vt 0.302687 0.370268
vt 0.299012 0.306858
vt 0.303745 0.424164
vt 0.846722 0.739436
vt 0.519024 0.447255
vt 0.512801 0.264347
vt 0.514237 0.196407
vt 0.517826 0.139904
vt 0.856986 0.790600
vt 0.838248 0.545837
vt 0.846262 0.506560
vt 0.555676 0.063308
vt 0.547948 0.610382
vt 0.516084 0.983282
vt 0.297664 0.150236
vt 0.835443 0.590690
vt 0.567720 0.060798
vt 0.852162 0.460876
vt 0.562417 0.061126
vt 0.850712 0.467082
vt 0.849754 0.474015
vt 0.245339 0.243634
vt 0.227865 0.243760
vt 0.240423 0.073912
vt 0.221723 0.072367
vt 0.265727 0.496808
vt 0.562284 0.572678
vt 0.251954 0.496669
vt 0.575889 0.574811
vt 0.253278 0.369099
vt 0.237389 0.369006
vt 0.249151 0.306280
vt 0.232101 0.306446
vt 0.256894 0.423100
vt 0.242862 0.422861
vt 0.888781 0.731203
vt 0.903376 0.728302
vt 0.561932 0.454124
vt 0.575535 0.456188
vt 0.555419 0.270792
vt 0.569771 0.272768
vt 0.556582 0.202248
vt 0.571034 0.204135
vt 0.559459 0.145465
vt 0.898199 0.782857
vt 0.574180 0.147371
vt 0.912753 0.780094
vt 0.884493 0.547932
vt 0.900450 0.548134
vt 0.888672 0.514207
vt 0.905725 0.516985
vt 0.546294 0.026213
vt 0.536764 0.019608
vt 0.560616 0.652362
vt 0.567147 0.993752
vt 0.568372 0.985262
vt 0.242605 0.150215
vt 0.224526 0.149633
vt 0.879662 0.586994
vt 0.895663 0.585882
vt 0.551515 0.017468
vt 0.894214 0.478349
vt 0.538457 0.007755
vt 0.908967 0.483402
vt 0.549069 0.021679
vt 0.537346 0.013002
vt 0.893283 0.483603
vt 0.908248 0.488783
vt 0.892272 0.490142
vt 0.907227 0.495500
vt 0.161541 0.566966
vt 0.309647 0.003222
vt 0.093506 0.567334
vt 0.241724 0.003219
vt 0.073829 0.567643
vt 0.222065 0.004241
vt 0.517431 0.992065
vt 0.555721 0.602564
vt 0.551136 0.647943
vt 0.840997 0.698161
vt 0.836867 0.653123
vt 0.879565 0.643229
vt 0.883046 0.689182
vt 0.894983 0.639552
vt 0.897778 0.685888
vt 0.313923 0.243486
vt 0.320747 0.243514
vt 0.323781 0.071285
vt 0.336502 0.070465
vt 0.333250 0.498606
vt 0.495754 0.561782
vt 0.325604 0.498480
vt 0.503329 0.562903
vt 0.315962 0.370708
vt 0.323132 0.370860
vt 0.320452 0.307326
vt 0.314327 0.307219
vt 0.325325 0.424741
vt 0.318080 0.424641
vt 0.830117 0.742409
vt 0.820487 0.744181
vt 0.492585 0.442255
vt 0.501610 0.443740
vt 0.486087 0.259503
vt 0.495850 0.261111
vt 0.488388 0.192624
vt 0.497700 0.193909
vt 0.492783 0.136672
vt 0.832192 0.795047
vt 0.501728 0.137789
vt 0.840997 0.793442
vt 0.818586 0.543395
vt 0.810710 0.542878
vt 0.822991 0.500093
vt 0.808480 0.496848
vt 0.552872 0.086548
vt 0.555932 0.074479
vt 0.488759 0.980772
vt 0.501000 0.982069
vt 0.328872 0.148197
vt 0.318996 0.148538
vt 0.810583 0.593317
vt 0.817653 0.592585
vt 0.562432 0.095688
vt 0.818954 0.452589
vt 0.567436 0.075700
vt 0.838455 0.457073
vt 0.558183 0.093036
vt 0.562776 0.074452
vt 0.837173 0.462466
vt 0.817455 0.457467
vt 0.836420 0.468982
vt 0.815466 0.462776
vt 0.195021 0.561222
vt 0.179614 0.561455
vt 0.328913 0.011057
vt 0.343906 0.011937
vt 0.197643 0.567224
vt 0.345771 0.005362
vt 0.182406 0.567160
vt 0.330549 0.004146
vt 0.490169 0.990696
vt 0.537685 0.582440
vt 0.502956 0.991353
vt 0.547715 0.590359
vt 0.542416 0.602022
vt 0.535275 0.596597
vt 0.815118 0.702930
vt 0.822956 0.701338
vt 0.819478 0.656276
vt 0.811930 0.657878
vt 0.551551 0.606584
vt 0.555338 0.650668
vt 0.544813 0.596237
vt 0.536383 0.589419
vt 0.209554 0.244434
vt 0.200558 0.072000
vt 0.238182 0.497589
vt 0.589698 0.575827
vt 0.220779 0.370224
vt 0.214234 0.307427
vt 0.228630 0.423912
vt 0.918049 0.725845
vt 0.588575 0.456591
vt 0.584050 0.273192
vt 0.585208 0.205036
vt 0.588789 0.148636
vt 0.927143 0.777420
vt 0.915538 0.550666
vt 0.920805 0.519524
vt 0.523975 0.016524
vt 0.537085 0.668046
vt 0.600810 0.987103
vt 0.204837 0.149885
vt 0.910457 0.586845
vt 0.519630 0.003137
vt 0.925848 0.490248
vt 0.521066 0.008423
vt 0.925723 0.494947
vt 0.924826 0.500907
vt 0.050389 0.566121
vt 0.198615 0.005570
vt 0.540575 0.678073
vt 0.599321 0.995632
vt 0.909853 0.638101
vt 0.912698 0.683862
vt 0.538626 0.672998
vt 0.282372 0.243506
vt 0.257434 0.243545
vt 0.269897 0.243502
vt 0.260248 0.306331
vt 0.284848 0.306639
vt 0.272540 0.306458
vt 0.256098 0.150104
vt 0.281134 0.150106
vt 0.268623 0.150065
vt 0.281686 0.074221
vt 0.256624 0.073964
vt 0.269159 0.074053
vt 0.291777 0.423946
vt 0.266735 0.423302
vt 0.279259 0.423630
vt 0.299988 0.497713
vt 0.528560 0.566996
vt 0.275212 0.497052
vt 0.552968 0.571077
vt 0.287593 0.497416
vt 0.540777 0.568970
vt 0.553647 0.452731
vt 0.529355 0.448721
vt 0.541525 0.450659
vt 0.264001 0.369288
vt 0.288837 0.369923
vt 0.276412 0.369583
vt 0.856276 0.737551
vt 0.880547 0.732777
vt 0.868413 0.735149
vt 0.527253 0.141064
vt 0.866290 0.788798
vt 0.551652 0.144385
vt 0.890457 0.784261
vt 0.539488 0.142686
vt 0.878396 0.786494
vt 0.547119 0.269496
vt 0.522818 0.265720
vt 0.534977 0.267558
vt 0.524000 0.197658
vt 0.548536 0.201108
vt 0.536277 0.199348
vt 0.870627 0.587709
vt 0.845286 0.589895
vt 0.858013 0.588796
vt 0.849037 0.546239
vt 0.874198 0.547338
vt 0.861718 0.546726
vt 0.858282 0.508638
vt 0.881855 0.512939
vt 0.870205 0.510768
vt 0.555304 0.053373
vt 0.551702 0.034011
vt 0.554438 0.043164
vt 0.555093 0.028796
vt 0.561687 0.048681
vt 0.559682 0.038619
vt 0.556205 0.993324
vt 0.562651 0.641122
vt 0.531426 0.992559
vt 0.560633 0.615866
vt 0.544222 0.992945
vt 0.562783 0.628756
vt 0.530755 0.983898
vt 0.556500 0.984821
vt 0.543891 0.984331
vt 0.558258 0.024848
vt 0.885242 0.475067
vt 0.566070 0.045565
vt 0.865543 0.466851
vt 0.564014 0.035478
vt 0.874444 0.471060
vt 0.865148 0.472737
vt 0.884001 0.480171
vt 0.873747 0.476419
vt 0.883185 0.486654
vt 0.864480 0.479340
vt 0.872953 0.482595
vt 0.106273 0.567720
vt 0.254468 0.003579
vt 0.144798 0.567345
vt 0.292923 0.003282
vt 0.124207 0.567583
vt 0.272374 0.003403
vt 0.552664 0.639539
vt 0.551362 0.620171
vt 0.552830 0.630120
vt 0.850453 0.696198
vt 0.874796 0.690946
vt 0.862643 0.693588
vt 0.846389 0.651029
vt 0.871054 0.645204
vt 0.858763 0.648159
vt 0.557295 0.640828
vt 0.555789 0.618169
vt 0.557597 0.629733
vt 0.479133 0.934633
vt 0.439816 0.936423
vt 0.387640 0.938079
vt 0.458465 0.935779
vt 0.469605 0.935261
vt 0.353198 0.939654
vt 0.400376 0.937642
vt 0.412902 0.937246
vt 0.425260 0.936876
vt 0.518698 0.935817
vt 0.571362 0.937478
vt 0.499872 0.935402
vt 0.488691 0.935058
vt 0.606041 0.939636
vt 0.558513 0.936949
vt 0.545866 0.936509
vt 0.533392 0.936166
vt 0.366073 0.986679
vt 0.380821 0.985995
vt 0.373489 0.986283
vt 0.382266 0.994540
vt 0.497049 0.661056
vt 0.366952 0.995270
vt 0.506743 0.673540
vt 0.374489 0.994855
vt 0.501298 0.667938
vt 0.512676 0.664806
vt 0.505675 0.654771
vt 0.508856 0.660444
vt 0.501839 0.658255
vt 0.509964 0.669167
vt 0.505428 0.664317
vt 0.532200 0.669900
vt 0.521943 0.669845
vt 0.527068 0.670510
vt 0.608247 0.987772
vt 0.350314 0.987796
vt 0.344244 0.988401
vt 0.614283 0.988461
vt 0.351927 0.996433
vt 0.520514 0.680494
vt 0.533514 0.680564
vt 0.606524 0.996349
vt 0.345581 0.997212
vt 0.527010 0.681264
vt 0.612831 0.997212
vt 0.521352 0.675100
vt 0.532734 0.675161
vt 0.527039 0.675853
vt 0.577861 0.985625
vt 0.592560 0.986456
vt 0.585170 0.985981
vt 0.547359 0.673757
vt 0.591586 0.995003
vt 0.557186 0.661378
vt 0.576352 0.994129
vt 0.552864 0.668214
vt 0.584090 0.994510
vt 0.548628 0.655001
vt 0.541520 0.664961
vt 0.545386 0.660640
vt 0.544184 0.669351
vt 0.552426 0.658526
vt 0.548773 0.664549
vt 0.371541 0.938716
vt 0.340700 0.940365
vt 0.618516 0.940673
vt 0.587606 0.938301
vt 0.437471 0.842002
vt 0.860553 0.400718
vt 0.438154 0.821737
vt 0.840425 0.396685
vt 0.194672 0.526543
vt 0.857478 0.444106
vt 0.479534 0.840188
vt 0.189187 0.506670
vt 0.479507 0.819557
vt 0.837653 0.438505
vt 0.861153 0.343773
vt 0.386046 0.843516
vt 0.385584 0.823158
vt 0.840879 0.344101
vt 0.368346 0.844100
vt 0.860761 0.325193
vt 0.367573 0.823716
vt 0.840497 0.326161
vt 0.457724 0.841125
vt 0.859808 0.420677
vt 0.457994 0.820878
vt 0.839741 0.416710
vt 0.859125 0.433437
vt 0.468960 0.840598
vt 0.469275 0.820152
vt 0.839135 0.428176
vt 0.859142 0.303824
vt 0.348306 0.845080
vt 0.347075 0.824746
vt 0.839004 0.305804
vt 0.333635 0.845836
vt 0.625196 0.846167
vt 0.039234 0.526809
vt 0.857726 0.288524
vt 0.041462 0.506670
vt 0.332018 0.825537
vt 0.626960 0.825910
vt 0.837653 0.290892
vt 0.860948 0.385455
vt 0.422894 0.842486
vt 0.423556 0.822175
vt 0.840758 0.382034
vt 0.397721 0.843196
vt 0.861197 0.355611
vt 0.397163 0.822872
vt 0.840907 0.355649
vt 0.861134 0.370094
vt 0.410354 0.842852
vt 0.410281 0.822528
vt 0.840894 0.368748
vt 0.151309 0.529746
vt 0.521617 0.841132
vt 0.147340 0.509596
vt 0.520939 0.820850
vt 0.573003 0.842411
vt 0.094435 0.530410
vt 0.094744 0.510139
vt 0.573524 0.822050
vt 0.075890 0.529997
vt 0.590654 0.843208
vt 0.076791 0.509732
vt 0.591525 0.822841
vt 0.171257 0.528954
vt 0.501348 0.840590
vt 0.167381 0.508851
vt 0.501063 0.820327
vt 0.490110 0.840271
vt 0.184010 0.528236
vt 0.178855 0.508212
vt 0.489757 0.819834
vt 0.610584 0.844864
vt 0.054545 0.528297
vt 0.056401 0.508105
vt 0.611964 0.824551
vt 0.536199 0.841399
vt 0.136057 0.530178
vt 0.132676 0.509981
vt 0.535554 0.821085
vt 0.106254 0.530460
vt 0.561345 0.842010
vt 0.106278 0.510178
vt 0.561961 0.821694
vt 0.548727 0.841655
vt 0.120714 0.530389
vt 0.119378 0.510153
vt 0.548841 0.821334
vt 0.091440 0.670104
vt 0.713798 0.417861
vt 0.050713 0.673254
vt 0.084232 0.834322
vt 0.083966 0.922674
vt 0.716900 0.377607
vt 0.076581 0.671248
vt 0.714934 0.403027
vt 0.084252 0.878506
vt 0.145642 0.766255
vt 0.263397 0.770477
vt 0.114563 0.767994
vt 0.084465 0.852455
vt 0.084282 0.904269
vt 0.443945 0.763953
vt 0.486264 0.800304
vt 0.808383 0.769762
vt 0.813642 0.408576
vt 0.085228 0.588389
vt 0.756093 0.046866
vt 0.833288 0.015718
vt 0.003784 0.923162
vt 0.637073 0.377563
vt 0.836304 0.013259
vt 0.763625 0.017692
vt 0.003784 0.833819
vt 0.050673 0.593298
vt 0.760403 0.015183
vt 0.633232 0.397847
vt 0.839804 0.030877
vt 0.071386 0.589429
vt 0.758041 0.033563
vt 0.814742 0.432360
vt 0.512389 0.777118
vt 0.814850 0.439366
vt 0.815269 0.439355
vt 0.451054 0.467689
vt 0.632195 0.411603
vt 0.842205 0.044012
vt 0.798315 0.007305
vt 0.004377 0.878420
vt 0.798202 0.003482
vt 0.004396 0.851995
vt 0.773292 0.005044
vt 0.773974 0.010234
vt 0.816358 0.417213
vt 0.811718 0.417191
vt 0.004410 0.904609
vt 0.822918 0.003572
vt 0.822524 0.008750
vt 0.780755 0.022128
vt 0.798590 0.016948
vt 0.784548 0.159700
vt 0.803798 0.161169
vt 0.816620 0.020943
vt 0.823127 0.158335
vt 0.763171 0.033146
vt 0.761118 0.048772
vt 0.765190 0.155174
vt 0.842505 0.152355
vt 0.837347 0.047790
vt 0.834692 0.030771
vt 0.098389 0.740120
vt 0.783429 0.424580
vt 0.053364 0.749436
vt 0.099618 0.758507
vt 0.157974 0.845713
vt 0.055056 0.739322
vt 0.151729 0.837719
vt 0.098846 0.825283
vt 0.156445 0.910473
vt 0.794107 0.379724
vt 0.150326 0.919913
vt 0.782698 0.381899
vt 0.783889 0.409112
vt 0.082815 0.740751
vt 0.806366 0.784767
vt 0.458952 0.761897
vt 0.148755 0.879184
vt 0.095845 0.792848
vt 0.156978 0.879366
vt 0.096529 0.766847
vt 0.157073 0.854379
vt 0.148849 0.854738
vt 0.436897 0.761283
vt 0.479215 0.797402
vt 0.095845 0.818729
vt 0.155749 0.903646
vt 0.147847 0.902852
vt 0.479084 0.803060
vt 0.805530 0.762722
vt 0.162534 0.664791
vt 0.114424 0.668193
vt 0.135830 0.666602
vt 0.711998 0.440261
vt 0.708775 0.488517
vt 0.710503 0.461651
vt 0.165470 0.761189
vt 0.216601 0.759825
vt 0.186657 0.758687
vt 0.158136 0.584213
vt 0.752035 0.116943
vt 0.107649 0.586877
vt 0.751319 0.068313
vt 0.130271 0.585446
vt 0.749612 0.090199
vt 0.630835 0.433608
vt 0.847718 0.064931
vt 0.627909 0.484143
vt 0.851580 0.113732
vt 0.629444 0.456332
vt 0.851580 0.086796
vt 0.756386 0.069959
vt 0.758334 0.120881
vt 0.755193 0.092853
vt 0.845855 0.117992
vt 0.842282 0.066639
vt 0.845799 0.089457
vt 0.121147 0.736126
vt 0.168551 0.733914
vt 0.141649 0.734544
vt 0.781074 0.494933
vt 0.784062 0.446559
vt 0.781833 0.467152
vt 0.633877 0.806404
vt 0.480536 0.589230
vt 0.673686 0.807149
vt 0.481328 0.629073
vt 0.603128 0.802812
vt 0.476902 0.558461
vt 0.563080 0.793958
vt 0.467984 0.518394
vt 0.749779 0.798253
vt 0.472464 0.705244
vt 0.710251 0.804391
vt 0.478595 0.665674
vt 0.608770 0.777613
vt 0.608770 0.777613
vt 0.711279 0.781179
vt 0.711279 0.781179
vt 0.638113 0.780470
vt 0.638113 0.780470
vt 0.677756 0.781916
vt 0.677756 0.781916
vt 0.455732 0.633227
vt 0.455732 0.633227
vt 0.454232 0.593561
vt 0.454232 0.593561
vt 0.451344 0.564219
vt 0.451344 0.564219
vt 0.455046 0.666730
vt 0.455046 0.666730
vt 0.808341 0.420197
vt 0.433283 0.472459
vt 0.433283 0.472459
vt 0.819997 0.419933
vt 0.517068 0.759603
vt 0.517068 0.759603
vt 0.213245 0.736796
vt 0.780368 0.538927
vt 0.803418 0.771552
vt 0.445546 0.758925
vt 0.201920 0.662464
vt 0.197358 0.584777
vt 0.755391 0.155415
vt 0.706557 0.527801
vt 0.626824 0.523055
vt 0.850112 0.152148
vt 0.444823 0.523583
vt 0.444823 0.523583
vt 0.568161 0.771123
vt 0.568161 0.771123
vt 0.452228 0.706116
vt 0.452228 0.706116
vt 0.750635 0.778309
vt 0.750635 0.778309
vt 0.074708 0.644408
vt 0.073478 0.624748
vt 0.072376 0.606338
vt 0.017141 0.904586
vt 0.038479 0.904540
vt 0.059579 0.904470
vt 0.205553 0.684454
vt 0.210396 0.716007
vt 0.734228 0.441913
vt 0.760490 0.444031
vt 0.158914 0.598264
vt 0.159687 0.612034
vt 0.160845 0.632723
vt 0.107323 0.878635
vt 0.130004 0.878836
vt 0.646990 0.434834
vt 0.663435 0.436116
vt 0.683406 0.437768
vt 0.761985 0.422340
vt 0.736344 0.419809
vt 0.673760 0.525914
vt 0.654528 0.524751
vt 0.642523 0.524016
vt 0.164606 0.686585
vt 0.167080 0.714673
vt 0.059650 0.852171
vt 0.038501 0.852066
vt 0.017140 0.852014
vt 0.759303 0.493250
vt 0.730704 0.490654
vt 0.111869 0.639549
vt 0.110191 0.619572
vt 0.108885 0.603124
vt 0.737751 0.404930
vt 0.762746 0.407209
vt 0.052192 0.696486
vt 0.107906 0.834476
vt 0.053789 0.720269
vt 0.132248 0.835510
vt 0.086426 0.605116
vt 0.087704 0.622724
vt 0.089186 0.642489
vt 0.118526 0.716457
vt 0.116125 0.690368
vt 0.107421 0.922618
vt 0.740073 0.379086
vt 0.131397 0.921809
vt 0.763780 0.380676
vt 0.644930 0.457314
vt 0.660156 0.458303
vt 0.680400 0.459651
vt 0.130644 0.853620
vt 0.107680 0.852760
vt 0.200058 0.629625
vt 0.198907 0.610368
vt 0.198180 0.598348
vt 0.688133 0.401164
vt 0.668500 0.399938
vt 0.650114 0.398838
vt 0.759866 0.536066
vt 0.728528 0.531312
vt 0.016310 0.833844
vt 0.050602 0.605758
vt 0.037091 0.833897
vt 0.050504 0.626431
vt 0.050504 0.647705
vt 0.058480 0.834009
vt 0.759518 0.465232
vt 0.732523 0.463230
vt 0.133726 0.636485
vt 0.132322 0.616230
vt 0.131294 0.601000
vt 0.107388 0.904164
vt 0.130061 0.903703
vt 0.648894 0.412834
vt 0.666483 0.414127
vt 0.686222 0.415615
vt 0.093393 0.692677
vt 0.096009 0.718370
vt 0.016285 0.923130
vt 0.649505 0.377493
vt 0.037008 0.923066
vt 0.670121 0.377394
vt 0.058336 0.922954
vt 0.691369 0.377394
vt 0.139723 0.715259
vt 0.137521 0.688525
vt 0.059528 0.878447
vt 0.038438 0.878425
vt 0.017112 0.878418
vt 0.676706 0.486848
vt 0.656041 0.485701
vt 0.642291 0.484935
vt 0.080831 0.719154
vt 0.078504 0.694105
vt 0.773632 0.007669
vt 0.762045 0.016455
vt 0.837303 0.030842
vt 0.834761 0.014505
vt 0.760568 0.033370
vt 0.758608 0.047819
vt 0.760231 0.155294
vt 0.810041 0.418682
vt 0.818165 0.418563
vt 0.839783 0.045909
vt 0.822724 0.006195
vt 0.798258 0.005402
vt 0.814795 0.435851
vt 0.815005 0.435845
vt 0.753867 0.069142
vt 0.752400 0.091531
vt 0.755174 0.118919
vt 0.848724 0.115868
vt 0.848688 0.088130
vt 0.844987 0.065789
vt 0.846343 0.152250
vt 0.215930 0.740831
vt 0.099203 0.746056
vt 0.785088 0.541561
vt 0.789964 0.425242
vt 0.152901 0.854543
vt 0.054214 0.744380
vt 0.154917 0.841773
vt 0.789573 0.406671
vt 0.078692 0.746769
vt 0.153477 0.915144
vt 0.788404 0.380817
vt 0.441243 0.760108
vt 0.807407 0.777208
vt 0.451391 0.762948
vt 0.151748 0.903244
vt 0.152895 0.879271
vt 0.804478 0.767159
vt 0.120687 0.742432
vt 0.141638 0.740367
vt 0.169695 0.739644
vt 0.787373 0.446416
vt 0.785051 0.467202
vt 0.783949 0.495645
vt 0.262440 0.820380
vt 0.262921 0.795590
vt 0.113905 0.818371
vt 0.113373 0.793043
vt 0.122896 0.826488
vt 0.795226 0.404251
vt 0.144267 0.826928
vt 0.796399 0.425881
vt 0.099958 0.751881
vt 0.145490 0.758821
vt 0.074556 0.752761
vt 0.120622 0.760808
vt 0.218558 0.745154
vt 0.263466 0.762924
vt 0.141634 0.746184
vt 0.186720 0.751038
vt 0.120327 0.748951
vt 0.165320 0.754540
vt 0.170867 0.745561
vt 0.216753 0.753110
vt 0.163927 0.835361
vt 0.790743 0.446308
vt 0.185310 0.839238
vt 0.788259 0.467244
vt 0.215154 0.839028
vt 0.786847 0.496355
vt 0.262169 0.828169
vt 0.789824 0.544197
vt 0.133046 0.796233
vt 0.694972 0.980892
vt 0.970324 0.980836
vt 0.134606 0.796255
vt 0.694855 0.982402
vt 0.970456 0.982402
vt 0.826787 0.978379
vt 0.241836 0.802689
vt 0.239879 0.803268
vt 0.827130 0.980037
vt 0.138486 0.781353
vt 0.955606 0.980110
vt 0.139842 0.782078
vt 0.955575 0.981737
vt 0.842415 0.978491
vt 0.240635 0.785633
vt 0.238793 0.787132
vt 0.842747 0.980232
vt 0.707620 0.980824
vt 0.137758 0.810850
vt 0.138624 0.809216
vt 0.708132 0.982321
vt 0.235057 0.816992
vt 0.811991 0.978017
vt 0.233319 0.816976
vt 0.812373 0.979626
vt 0.169717 0.763508
vt 0.919292 0.978185
vt 0.170758 0.764270
vt 0.919557 0.979742
vt 0.232554 0.773240
vt 0.857830 0.978288
vt 0.230395 0.774293
vt 0.857408 0.980009
vt 0.147978 0.820589
vt 0.721424 0.979879
vt 0.148539 0.818981
vt 0.721790 0.981393
vt 0.152483 0.769709
vt 0.937309 0.978811
vt 0.153839 0.770488
vt 0.937539 0.980424
vt 0.737330 0.979138
vt 0.158943 0.826105
vt 0.161727 0.825740
vt 0.736291 0.980651
vt 0.798761 0.977649
vt 0.224458 0.825819
vt 0.223027 0.825490
vt 0.799222 0.979202
vt 0.873258 0.978046
vt 0.221223 0.765977
vt 0.217794 0.766302
vt 0.871739 0.979687
vt 0.903568 0.977949
vt 0.186917 0.761187
vt 0.186679 0.761933
vt 0.903375 0.979459
vt 0.205169 0.761822
vt 0.888498 0.977907
vt 0.202603 0.762460
vt 0.887353 0.979435
vt 0.174101 0.830337
vt 0.753238 0.978607
vt 0.176994 0.829967
vt 0.752094 0.980066
vt 0.784507 0.977940
vt 0.209791 0.830934
vt 0.209271 0.830347
vt 0.784730 0.979429
vt 0.192137 0.832146
vt 0.768714 0.978238
vt 0.193116 0.831596
vt 0.768356 0.979691
vt 0.679300 0.816750
vt 0.980378 0.815935
vt 0.797781 0.025721
vt 0.678777 0.814947
vt 0.797649 0.027991
vt 0.981168 0.814252
vt 0.805884 0.144618
vt 0.827560 0.811757
vt 0.806112 0.142633
vt 0.827831 0.810019
vt 0.963374 0.814260
vt 0.783830 0.034853
vt 0.784267 0.037020
vt 0.964256 0.812530
vt 0.788935 0.143101
vt 0.843510 0.811643
vt 0.789446 0.141268
vt 0.843503 0.809870
vt 0.811548 0.030580
vt 0.693899 0.815132
vt 0.693539 0.813334
vt 0.810800 0.032526
vt 0.811486 0.811892
vt 0.821861 0.138396
vt 0.811966 0.810168
vt 0.821659 0.136460
vt 0.926049 0.813115
vt 0.766750 0.067376
vt 0.767686 0.069437
vt 0.926908 0.811368
vt 0.859461 0.811713
vt 0.774579 0.134009
vt 0.775464 0.132594
vt 0.859357 0.809977
vt 0.711177 0.815292
vt 0.823026 0.043792
vt 0.710820 0.813542
vt 0.821924 0.045385
vt 0.943364 0.813699
vt 0.773127 0.051850
vt 0.773936 0.053852
vt 0.944097 0.811977
vt 0.831546 0.058538
vt 0.728455 0.814652
vt 0.727952 0.812901
vt 0.830432 0.060088
vt 0.833275 0.125977
vt 0.795347 0.811979
vt 0.795825 0.810251
vt 0.832608 0.124368
vt 0.765757 0.118502
vt 0.876057 0.812028
vt 0.767025 0.118129
vt 0.876180 0.810319
vt 0.763079 0.082730
vt 0.910110 0.812687
vt 0.764194 0.084551
vt 0.910970 0.810965
vt 0.893407 0.812363
vt 0.762313 0.100136
vt 0.763628 0.101075
vt 0.893971 0.810654
vt 0.744624 0.814058
vt 0.837263 0.073762
vt 0.744150 0.812345
vt 0.836101 0.074966
vt 0.839083 0.109429
vt 0.778525 0.812776
vt 0.778728 0.811056
vt 0.838023 0.108575
vt 0.761262 0.813454
vt 0.840134 0.091026
vt 0.761072 0.811765
vt 0.838904 0.091310
vt 0.811409 0.358443
vt 0.805458 0.210015
vt 0.808214 0.283359
vt 0.443993 0.799421
vt 0.303659 0.796424
vt 0.373441 0.797937
vt 0.808033 0.358746
vt 0.790685 0.210139
vt 0.799355 0.283529
vt 0.303757 0.776295
vt 0.444114 0.794980
vt 0.373504 0.785804
vt 0.443888 0.803828
vt 0.302897 0.816347
vt 0.372982 0.809961
vt 0.820332 0.208934
vt 0.814813 0.358317
vt 0.817110 0.282706
vt 0.776095 0.207139
vt 0.802706 0.358713
vt 0.789915 0.282052
vt 0.834950 0.204806
vt 0.820129 0.357756
vt 0.826473 0.280460
vt 0.259540 0.745111
vt 0.303468 0.769368
vt 0.402007 0.756209
vt 0.444173 0.791711
vt 0.330705 0.748417
vt 0.373270 0.780351
vt 0.302427 0.823009
vt 0.790255 0.585203
vt 0.443740 0.806951
vt 0.800848 0.727724
vt 0.372557 0.814876
vt 0.793588 0.656452
vt 0.686290 0.696619
vt 0.702039 0.561738
vt 0.693690 0.629489
vt 0.370874 0.641788
vt 0.236021 0.657844
vt 0.303731 0.649300
vt 0.244228 0.568570
vt 0.767273 0.204776
vt 0.381320 0.503787
vt 0.797511 0.358974
vt 0.313240 0.539654
vt 0.782841 0.280333
vt 0.611341 0.570181
vt 0.842307 0.202228
vt 0.825367 0.357552
vt 0.548322 0.707155
vt 0.583442 0.639173
vt 0.833081 0.278380
vt 0.257354 0.738002
vt 0.401448 0.752082
vt 0.329321 0.743132
vt 0.782328 0.582792
vt 0.796632 0.727173
vt 0.787732 0.654967
vt 0.378651 0.542293
vt 0.242784 0.583752
vt 0.311381 0.562229
vt 0.376207 0.575620
vt 0.241200 0.600923
vt 0.309240 0.587202
vt 0.239134 0.623732
vt 0.373992 0.604481
vt 0.306903 0.613881
vt 0.628051 0.568597
vt 0.586897 0.704459
vt 0.606685 0.637236
vt 0.645195 0.567009
vt 0.620153 0.702001
vt 0.631619 0.635076
vt 0.649002 0.699764
vt 0.667975 0.564916
vt 0.658283 0.632710
vt 0.754810 0.715577
vt 0.759955 0.577007
vt 0.758349 0.646983
vt 0.726472 0.568288
vt 0.717148 0.705171
vt 0.722103 0.637191
vt 0.251440 0.715816
vt 0.389861 0.710247
vt 0.321294 0.713827
vt 0.379444 0.672614
vt 0.242618 0.682309
vt 0.311467 0.677679
vt 0.800103 0.358848
vt 0.771706 0.205890
vt 0.786381 0.281170
vt 0.822756 0.357625
vt 0.838615 0.203449
vt 0.829776 0.279388
vt 0.401800 0.754169
vt 0.258392 0.741537
vt 0.330018 0.745777
vt 0.798773 0.727494
vt 0.786271 0.583947
vt 0.790664 0.655709
vn 0.8654 -0.0054 -0.5011
vn 0.4468 -0.0363 -0.8939
vn -0.4468 -0.0363 -0.8939
vn 0.9106 -0.0653 -0.4082
vn 0.3383 -0.1032 -0.9354
vn -0.3383 -0.1032 -0.9354
vn 0.4851 0.1134 -0.8671
vn -0.4851 0.1134 -0.8671
vn 0.4840 0.1596 -0.8604
vn -0.4840 0.1596 -0.8604
vn 0.8949 0.0640 -0.4416
vn 0.8926 0.0848 -0.4427
vn 0.8949 0.0069 -0.4462
vn 0.4579 0.0609 -0.8869
vn -0.4579 0.0609 -0.8869
vn 0.4504 0.0348 -0.8922
vn -0.4504 0.0348 -0.8922
vn 0.8499 0.0144 -0.5267
vn 0.4795 0.0838 -0.8735
vn -0.4795 0.0838 -0.8735
vn 0.9023 0.0406 -0.4292
vn 0.4408 -0.0145 -0.8975
vn -0.4408 -0.0145 -0.8975
vn 0.8459 -0.0046 -0.5334
vn 0.4393 0.1721 -0.8817
vn -0.4393 0.1721 -0.8817
vn 0.8934 0.0915 -0.4398
vn 0.4343 0.1369 -0.8903
vn -0.4343 0.1369 -0.8903
vn 0.8673 0.0861 -0.4902
vn 0.4574 0.0651 -0.8869
vn -0.4574 0.0651 -0.8869
vn 0.8590 0.0548 -0.5091
vn 0.4697 0.0349 -0.8821
vn -0.4697 0.0349 -0.8821
vn 0.4711 0.0381 -0.8812
vn -0.4711 0.0381 -0.8812
vn 0.8342 0.0597 -0.5482
vn 0.8396 0.0255 -0.5426
vn 0.8713 -0.1163 -0.4768
vn 0.3731 -0.2398 -0.8963
vn -0.3731 -0.2398 -0.8963
vn 0.2997 -0.2654 -0.9164
vn -0.2997 -0.2654 -0.9164
vn 0.9225 -0.0472 -0.3830
vn -0.3908 -0.6028 0.6956
vn -0.0000 -0.8903 0.4554
vn 0.1808 0.9800 -0.0836
vn -0.0000 0.9919 -0.1269
vn -0.0001 0.2489 -0.9685
vn 0.8915 0.1288 -0.4343
vn 0.5175 -0.0966 -0.8502
vn -0.5175 -0.0966 -0.8502
vn 0.8977 -0.0360 -0.4391
vn 0.5215 -0.2240 -0.8233
vn -0.5215 -0.2240 -0.8233
vn 0.8374 -0.1382 -0.5288
vn 0.6545 -0.6959 0.2956
vn 0.8954 -0.4400 -0.0680
vn 0.0000 -0.9939 -0.1103
vn 0.4610 -0.7152 -0.5253
vn -0.4610 -0.7152 -0.5253
vn 0.0000 -0.9940 0.1098
vn 0.4546 -0.7619 0.4613
vn 0.9325 -0.2985 -0.2033
vn 0.9212 -0.0689 -0.3829
vn 0.4721 -0.5640 -0.6775
vn -0.4721 -0.5640 -0.6775
vn 0.4279 -0.3642 -0.8272
vn -0.4279 -0.3642 -0.8272
vn 0.9913 -0.0195 0.1300
vn 0.8555 -0.0343 0.5166
vn 0.9876 -0.0443 0.1507
vn 0.8163 -0.0337 0.5766
vn 0.9831 -0.0192 0.1821
vn 0.9839 -0.0144 0.1780
vn 0.8400 -0.0720 0.5378
vn 0.7974 -0.1005 0.5950
vn 0.9914 -0.0573 0.1179
vn 0.8647 -0.1023 0.4917
vn 0.9904 -0.0359 0.1335
vn 0.8596 -0.0599 0.5075
vn 0.9847 -0.0463 0.1678
vn 0.8353 -0.1017 0.5402
vn 0.9684 0.0156 0.2491
vn 0.7411 0.0286 0.6708
vn 0.9760 -0.0288 0.2160
vn 0.7510 -0.1138 0.6504
vn 0.9733 -0.0345 0.2270
vn 0.7519 -0.1072 0.6505
vn 0.9732 -0.0187 0.2293
vn 0.7491 -0.0687 0.6589
vn 0.9698 -0.0084 0.2437
vn 0.9697 0.0115 0.2441
vn 0.7511 -0.0479 0.6584
vn 0.7396 0.0103 0.6730
vn 0.9667 0.1614 0.1987
vn 0.7561 0.3435 0.5571
vn 0.9411 0.2403 0.2381
vn 0.7888 0.3183 0.5258
vn 0.1587 -0.7454 0.6475
vn 0.0362 -0.7691 0.6381
vn 0.9468 0.2162 0.2383
vn 0.7829 0.5864 0.2080
vn 0.9612 0.1084 0.2538
vn 0.9895 -0.0331 0.1406
vn 0.8434 -0.0338 0.5363
vn 0.9705 0.0842 0.2258
vn 0.7645 0.2221 0.6051
vn 0.0000 -0.7609 0.6488
vn 0.0000 1.0000 0.0000
vn 0.5894 -0.4831 0.6474
vn 0.8491 -0.1321 0.5115
vn 0.3772 -0.4181 0.8263
vn 0.6828 -0.0459 0.7292
vn 0.4621 -0.6000 0.6531
vn 0.2841 -0.5757 0.7667
vn 0.9078 0.0333 0.4180
vn 0.7161 0.1302 0.6857
vn 0.9319 0.2376 0.2741
vn 0.7728 0.3097 0.5539
vn 0.9195 -0.0617 -0.3882
vn 0.9114 0.1141 -0.3953
vn -0.5130 0.1973 -0.8354
vn 0.5099 0.1928 -0.8383
vn 0.5040 -0.0699 -0.8609
vn -0.5040 -0.0699 -0.8609
vn 0.4973 -0.0155 -0.8674
vn -0.4811 0.0569 -0.8748
vn -0.4973 -0.0155 -0.8674
vn 0.4811 0.0569 -0.8748
vn 0.9943 -0.0337 0.1015
vn 0.9918 0.0604 0.1125
vn 0.8157 -0.0211 0.5781
vn 0.7980 0.0873 0.5963
vn -0.0001 0.4651 -0.8853
vn -0.0001 0.7806 -0.6251
vn 0.8690 0.2904 -0.4006
vn 0.7058 0.6105 -0.3594
vn 0.1992 0.9788 0.0476
vn 0.8416 -0.0555 -0.5372
vn 0.8317 -0.1137 -0.5434
vn 0.4452 -0.1109 -0.8885
vn -0.4452 -0.1109 -0.8885
vn 0.4856 -0.1639 -0.8587
vn -0.4856 -0.1639 -0.8587
vn 0.9676 0.0336 0.2504
vn 0.9673 0.0207 0.2527
vn 0.7549 0.1217 0.6445
vn 0.7444 0.0712 0.6639
vn 0.8963 -0.0159 -0.4432
vn 0.7451 -0.0298 -0.6663
vn 0.9165 -0.0638 -0.3950
vn 0.6853 -0.0822 -0.7236
vn 0.7246 0.0894 -0.6834
vn 0.7481 0.1237 -0.6520
vn 0.9069 0.0571 -0.4175
vn 0.9031 0.0830 -0.4212
vn 0.9173 0.0177 -0.3977
vn 0.7424 0.0451 -0.6684
vn 0.7564 0.0242 -0.6537
vn 0.8853 0.0204 -0.4646
vn 0.7395 0.0644 -0.6701
vn 0.9132 0.0395 -0.4055
vn 0.8097 -0.0095 -0.5867
vn 0.6516 -0.0134 -0.7585
vn 0.7148 0.1347 -0.6862
vn 0.9062 0.0833 -0.4147
vn 0.6808 0.1107 -0.7240
vn 0.8600 0.0809 -0.5039
vn 0.6843 0.0525 -0.7273
vn 0.8471 0.0430 -0.5296
vn 0.6629 0.0342 -0.7479
vn 0.6647 0.0366 -0.7462
vn 0.8039 0.0457 -0.5930
vn 0.7988 0.0309 -0.6008
vn 0.7920 -0.1345 -0.5955
vn 0.6013 -0.1988 -0.7739
vn 0.7918 -0.1288 -0.5970
vn 0.4950 -0.2308 -0.8377
vn 0.1267 -0.8527 0.5069
vn 0.1749 -0.8208 0.5438
vn 0.4429 0.2246 -0.8680
vn 0.7430 0.1676 -0.6480
vn 0.7227 -0.0760 -0.6870
vn 0.8911 -0.0463 -0.4514
vn 0.6677 -0.1884 -0.7202
vn 0.7797 -0.1506 -0.6077
vn 0.5641 -0.7893 -0.2426
vn 0.6328 -0.6271 -0.4542
vn 0.6052 -0.7810 0.1545
vn 0.8226 -0.5190 -0.2322
vn 0.4101 -0.9096 0.0666
vn 0.4735 -0.8243 0.3104
vn 0.8458 -0.3843 -0.3700
vn 0.6406 -0.5055 -0.5780
vn 0.8441 -0.1709 -0.5083
vn 0.6046 -0.3403 -0.7201
vn 0.6817 0.1860 -0.7076
vn 0.8653 0.1102 -0.4890
vn 0.8778 -0.0386 -0.4775
vn 0.6844 -0.0473 -0.7276
vn 0.6409 0.0089 -0.7676
vn 0.6418 0.1114 -0.7587
vn 0.8621 0.0298 -0.5059
vn 0.8455 0.0324 -0.5331
vn 0.4399 0.4219 -0.7928
vn 0.2798 0.7550 -0.5930
vn 0.7268 0.3444 -0.5943
vn 0.5323 0.6871 -0.4945
vn 0.1371 0.9845 -0.1091
vn 0.0647 0.9903 -0.1229
vn 0.6367 -0.0962 -0.7651
vn 0.7881 -0.0703 -0.6115
vn 0.7721 -0.1300 -0.6221
vn 0.6500 -0.1491 -0.7451
vn -0.0000 0.8875 -0.4609
vn 0.5549 0.7887 -0.2647
vn 0.6027 0.7814 0.1617
vn 0.4302 0.8288 -0.3578
vn 0.2344 0.8707 -0.4324
vn 0.4754 -0.0454 0.8786
vn 0.3518 -0.0462 0.9349
vn -0.3518 -0.0462 0.9349
vn 0.4424 -0.0154 0.8967
vn 0.3347 -0.0117 0.9423
vn -0.3347 -0.0117 0.9423
vn 0.4150 -0.1304 0.9004
vn 0.4031 -0.1671 0.8998
vn 0.3180 -0.1419 0.9374
vn -0.3180 -0.1419 0.9374
vn 0.3092 -0.1750 0.9347
vn -0.3092 -0.1750 0.9347
vn 0.4835 -0.1390 0.8643
vn 0.3615 -0.1424 0.9214
vn -0.3615 -0.1424 0.9214
vn 0.4791 -0.0807 0.8740
vn 0.3532 -0.0837 0.9318
vn -0.3532 -0.0837 0.9318
vn 0.4415 -0.1510 0.8845
vn 0.3420 -0.1643 0.9252
vn -0.3420 -0.1643 0.9252
vn 0.2446 0.0383 0.9689
vn 0.1763 0.0399 0.9835
vn -0.1763 0.0399 0.9835
vn 0.2709 -0.1814 0.9454
vn 0.1989 -0.1930 0.9608
vn -0.1989 -0.1930 0.9608
vn 0.2415 -0.1627 0.9567
vn 0.1696 -0.1665 0.9714
vn -0.1696 -0.1665 0.9714
vn 0.2410 -0.1054 0.9648
vn 0.1696 -0.1073 0.9796
vn -0.1696 -0.1073 0.9796
vn 0.2426 -0.0775 0.9670
vn 0.2425 0.0070 0.9701
vn 0.1736 -0.0785 0.9817
vn -0.1736 -0.0785 0.9817
vn 0.1742 0.0071 0.9847
vn -0.1742 0.0071 0.9847
vn 0.2635 0.4870 0.8327
vn 0.1960 0.4923 0.8481
vn -0.1960 0.4923 0.8481
vn 0.3393 0.4907 0.8026
vn 0.1623 0.5245 0.8358
vn -0.1623 0.5245 0.8358
vn 0.0329 -0.6635 0.7475
vn 0.0000 -0.6233 0.7820
vn 0.0915 0.9819 0.1658
vn 0.4533 0.1305 0.8817
vn 0.4603 -0.0314 0.8872
vn 0.3433 -0.0300 0.9387
vn -0.3433 -0.0300 0.9387
vn 0.2621 0.3248 0.9087
vn 0.1988 0.3310 0.9225
vn -0.1988 0.3310 0.9225
vn 0.1177 -0.4278 0.8962
vn 0.3088 -0.0645 0.9489
vn -0.0000 -0.4334 0.9012
vn 0.1175 -0.0833 0.9896
vn -0.1175 -0.0833 0.9896
vn 0.1047 -0.4726 0.8751
vn -0.0000 -0.4718 0.8817
vn 0.3392 0.1562 0.9276
vn 0.1481 0.1632 0.9754
vn -0.1481 0.1632 0.9754
vn 0.3729 0.3948 0.8397
vn 0.1686 0.4347 0.8846
vn -0.1686 0.4347 0.8846
vn 0.4294 0.0031 0.9031
vn 0.4240 0.0792 0.9022
vn -0.3247 0.0813 0.9423
vn 0.3266 0.0049 0.9451
vn -0.3266 0.0049 0.9451
vn 0.3234 0.0796 0.9429
vn 0.4522 0.2420 0.8584
vn 0.3688 0.5911 0.7174
vn 0.2638 0.1967 0.9443
vn 0.1924 0.2034 0.9600
vn -0.1924 0.2034 0.9600
vn 0.2494 0.1124 0.9619
vn 0.1816 0.1155 0.9766
vn -0.1816 0.1155 0.9766
vn 0.2873 0.7870 0.5460
vn 0.9224 -0.0036 -0.3863
vn 0.9994 -0.0165 0.0298
vn 0.9833 -0.0095 -0.1819
vn 0.9988 -0.0298 0.0385
vn 0.9201 -0.0022 -0.3917
vn 0.9834 -0.0158 -0.1806
vn 0.9992 -0.0332 0.0202
vn 0.9267 -0.0301 -0.3747
vn 0.9831 -0.0308 -0.1805
vn 0.9318 -0.0491 -0.3598
vn 0.9992 -0.0359 -0.0148
vn 0.9810 -0.0333 -0.1911
vn 0.9323 0.0291 -0.3605
vn 0.9928 -0.0353 0.1147
vn 0.9920 -0.0023 -0.1262
vn 0.9265 0.0558 -0.3722
vn 0.9316 0.0711 -0.3564
vn 0.9944 -0.0073 0.1056
vn 0.9921 -0.0044 0.1251
vn 0.9895 0.0258 -0.1423
vn 0.9928 0.0344 -0.1146
vn 0.9905 -0.0124 0.1371
vn 0.9268 0.0808 -0.3668
vn 0.9923 0.0356 -0.1186
vn 0.9981 -0.0466 0.0414
vn 0.9174 -0.0002 -0.3979
vn 0.9828 -0.0227 -0.1830
vn 0.9363 0.0012 -0.3513
vn 0.9866 0.0142 0.1623
vn 0.9950 0.0074 -0.0999
vn 0.9301 0.0464 -0.3644
vn 0.9331 0.0203 -0.3591
vn 0.9875 0.0019 0.1574
vn 0.9863 0.0128 0.1642
vn 0.9935 0.0255 -0.1111
vn 0.9947 0.0164 -0.1013
vn 0.9885 -0.0205 0.1495
vn 0.9308 0.0655 -0.3595
vn 0.9936 0.0241 -0.1106
vn 0.9302 0.0461 -0.3641
vn 0.9882 -0.0094 0.1529
vn 0.9936 0.0196 -0.1110
vn 0.9851 0.0604 0.1610
vn 0.9393 -0.0889 -0.3314
vn 0.9956 -0.0183 -0.0921
vn 0.9480 -0.0703 -0.3104
vn 0.9817 0.1355 0.1337
vn 0.9949 0.0256 -0.0978
vn 0.9560 -0.0015 -0.2933
vn 0.9672 0.2127 0.1389
vn 0.9906 0.0944 -0.0994
vn 0.1981 -0.7760 0.5988
vn 0.1925 -0.7435 0.6404
vn 0.1942 -0.7541 0.6274
vn 0.4914 -0.6393 0.5914
vn 0.5135 -0.7176 0.4705
vn 0.5388 -0.6873 0.4872
vn 0.9727 0.2139 0.0901
vn 0.8197 0.5683 0.0711
vn 0.9371 0.2592 -0.2337
vn 0.7998 0.5607 -0.2144
vn 0.9700 0.2331 -0.0684
vn 0.8310 0.5526 -0.0639
vn 0.9617 0.1161 -0.2484
vn 0.9900 0.1053 0.0938
vn 0.9913 0.1094 -0.0737
vn 0.6139 -0.5497 0.5666
vn 0.9144 -0.1998 0.3521
vn 0.6138 -0.6687 0.4196
vn 0.9107 -0.4080 0.0652
vn 0.6665 -0.6093 0.4295
vn 0.9322 -0.3271 0.1550
vn 0.9681 -0.2416 -0.0668
vn 0.9711 -0.0176 0.2379
vn 0.9888 -0.1404 0.0497
vn 0.9793 0.1798 0.0927
vn 0.9679 -0.0035 -0.2513
vn 0.9926 0.0805 -0.0913
vn 0.9971 -0.0245 -0.0716
vn 0.9968 0.0310 -0.0732
vn 0.9464 -0.0541 -0.3185
vn 0.9412 0.0732 -0.3298
vn 0.9844 -0.0329 -0.1729
vn 0.9852 0.0316 -0.1684
vn 0.2040 0.9788 0.0193
vn 0.1977 0.9792 -0.0463
vn 0.2016 0.9794 -0.0138
vn 0.9369 -0.0382 -0.3476
vn 0.9862 0.0117 0.1652
vn 0.9952 -0.0142 -0.0968
vn 0.9376 -0.0772 -0.3391
vn 0.9855 0.0171 0.1688
vn 0.9953 -0.0329 -0.0915
vn 0.6339 0.7708 0.0643
vn 0.6236 0.7662 -0.1549
vn 0.6459 0.7623 -0.0402
vn -0.8654 -0.0054 -0.5011
vn -0.9106 -0.0653 -0.4082
vn -0.8949 0.0640 -0.4416
vn -0.8926 0.0848 -0.4427
vn -0.8949 0.0069 -0.4462
vn -0.8499 0.0144 -0.5267
vn -0.9023 0.0406 -0.4292
vn -0.8459 -0.0046 -0.5334
vn -0.8934 0.0915 -0.4398
vn -0.8673 0.0861 -0.4902
vn -0.8590 0.0548 -0.5091
vn -0.8342 0.0597 -0.5482
vn -0.8396 0.0255 -0.5426
vn -0.8713 -0.1163 -0.4768
vn -0.9225 -0.0472 -0.3830
vn 0.3908 -0.6028 0.6956
vn -0.1807 0.9800 -0.0835
vn -0.8915 0.1288 -0.4344
vn -0.8977 -0.0360 -0.4391
vn -0.8374 -0.1382 -0.5288
vn -0.6545 -0.6959 0.2956
vn -0.8954 -0.4400 -0.0680
vn -0.4546 -0.7619 0.4613
vn -0.9325 -0.2985 -0.2033
vn -0.9212 -0.0689 -0.3829
vn -0.9913 -0.0195 0.1300
vn -0.8555 -0.0343 0.5166
vn -0.9876 -0.0443 0.1507
vn -0.8163 -0.0337 0.5766
vn -0.9831 -0.0192 0.1821
vn -0.9839 -0.0144 0.1780
vn -0.8400 -0.0720 0.5378
vn -0.7974 -0.1005 0.5950
vn -0.9914 -0.0573 0.1179
vn -0.8647 -0.1023 0.4917
vn -0.9904 -0.0359 0.1335
vn -0.8596 -0.0599 0.5075
vn -0.9847 -0.0463 0.1678
vn -0.8353 -0.1017 0.5402
vn -0.9673 0.0134 0.2534
vn -0.7410 0.0222 0.6711
vn -0.9760 -0.0288 0.2160
vn -0.7510 -0.1138 0.6504
vn -0.9725 -0.0351 0.2302
vn -0.7518 -0.1075 0.6506
vn -0.9725 -0.0190 0.2321
vn -0.7491 -0.0678 0.6590
vn -0.9723 -0.0041 0.2337
vn -0.9729 0.0115 0.2310
vn -0.7521 -0.0380 0.6580
vn -0.7398 0.0082 0.6728
vn -0.9667 0.1614 0.1987
vn -0.7561 0.3435 0.5571
vn -0.9411 0.2403 0.2381
vn -0.7888 0.3183 0.5258
vn -0.1587 -0.7454 0.6474
vn -0.0362 -0.7691 0.6381
vn -0.7829 0.5863 0.2080
vn -0.9468 0.2162 0.2383
vn -0.9612 0.1084 0.2537
vn -0.9895 -0.0331 0.1406
vn -0.8434 -0.0338 0.5363
vn -0.9709 0.0823 0.2250
vn -0.7640 0.2199 0.6066
vn -0.5894 -0.4831 0.6474
vn -0.8491 -0.1321 0.5115
vn -0.3772 -0.4181 0.8263
vn -0.6828 -0.0459 0.7292
vn -0.4621 -0.6000 0.6531
vn -0.2841 -0.5757 0.7667
vn -0.9078 0.0333 0.4180
vn -0.7161 0.1302 0.6857
vn -0.9319 0.2376 0.2741
vn -0.7728 0.3097 0.5539
vn -0.9161 0.0850 -0.3917
vn -0.9195 -0.0617 -0.3882
vn -0.9918 0.0604 0.1125
vn -0.9943 -0.0337 0.1015
vn -0.7959 0.0911 0.5985
vn -0.8157 -0.0211 0.5781
vn -0.8690 0.2905 -0.4006
vn -0.7057 0.6106 -0.3593
vn -0.1992 0.9788 0.0476
vn -0.8416 -0.0555 -0.5372
vn -0.8317 -0.1137 -0.5434
vn -0.9707 0.0312 0.2381
vn -0.9662 0.0234 0.2568
vn -0.7528 0.1241 0.6464
vn -0.7425 0.0764 0.6655
vn -0.8963 -0.0159 -0.4432
vn -0.7451 -0.0298 -0.6663
vn -0.9165 -0.0638 -0.3950
vn -0.6853 -0.0822 -0.7236
vn -0.7246 0.0894 -0.6834
vn -0.7481 0.1237 -0.6520
vn -0.9069 0.0571 -0.4175
vn -0.9031 0.0830 -0.4212
vn -0.9173 0.0177 -0.3977
vn -0.7424 0.0451 -0.6684
vn -0.7564 0.0242 -0.6537
vn -0.8853 0.0204 -0.4646
vn -0.7395 0.0644 -0.6701
vn -0.9132 0.0395 -0.4055
vn -0.8097 -0.0095 -0.5867
vn -0.6516 -0.0134 -0.7585
vn -0.7148 0.1347 -0.6862
vn -0.9062 0.0833 -0.4147
vn -0.6808 0.1107 -0.7240
vn -0.8600 0.0809 -0.5039
vn -0.6843 0.0525 -0.7273
vn -0.8471 0.0430 -0.5296
vn -0.6629 0.0342 -0.7479
vn -0.6647 0.0366 -0.7462
vn -0.8039 0.0457 -0.5930
vn -0.7988 0.0309 -0.6008
vn -0.7920 -0.1345 -0.5955
vn -0.6013 -0.1988 -0.7739
vn -0.7918 -0.1288 -0.5970
vn -0.4950 -0.2308 -0.8377
vn -0.1267 -0.8527 0.5069
vn -0.1749 -0.8208 0.5438
vn -0.4430 0.2246 -0.8680
vn -0.7430 0.1676 -0.6480
vn -0.7227 -0.0760 -0.6870
vn -0.8911 -0.0463 -0.4514
vn -0.6677 -0.1884 -0.7202
vn -0.7797 -0.1506 -0.6077
vn -0.5641 -0.7893 -0.2426
vn -0.6328 -0.6271 -0.4542
vn -0.6052 -0.7810 0.1545
vn -0.8226 -0.5190 -0.2322
vn -0.4101 -0.9096 0.0666
vn -0.4735 -0.8243 0.3104
vn -0.8458 -0.3843 -0.3700
vn -0.6406 -0.5055 -0.5780
vn -0.8441 -0.1709 -0.5083
vn -0.6046 -0.3403 -0.7201
vn -0.6795 0.1900 -0.7086
vn -0.8602 0.1016 -0.4997
vn -0.8778 -0.0386 -0.4775
vn -0.6844 -0.0473 -0.7276
vn -0.6418 0.1114 -0.7587
vn -0.6409 0.0089 -0.7676
vn -0.8455 0.0324 -0.5331
vn -0.8621 0.0298 -0.5059
vn -0.4401 0.4218 -0.7927
vn -0.2799 0.7550 -0.5930
vn -0.7268 0.3445 -0.5943
vn -0.5324 0.6870 -0.4946
vn -0.1371 0.9845 -0.1090
vn -0.0647 0.9903 -0.1228
vn -0.6367 -0.0962 -0.7651
vn -0.7881 -0.0703 -0.6115
vn -0.7721 -0.1300 -0.6221
vn -0.6500 -0.1491 -0.7451
vn -0.5547 0.7888 -0.2646
vn -0.6028 0.7813 0.1618
vn -0.4302 0.8288 -0.3577
vn -0.2345 0.8707 -0.4324
vn -0.4754 -0.0454 0.8786
vn -0.4424 -0.0154 0.8967
vn -0.4150 -0.1304 0.9004
vn -0.4031 -0.1671 0.8998
vn -0.4835 -0.1390 0.8643
vn -0.4791 -0.0807 0.8740
vn -0.4415 -0.1510 0.8845
vn -0.2491 0.0360 0.9678
vn -0.2709 -0.1814 0.9454
vn -0.2449 -0.1626 0.9558
vn -0.2439 -0.1053 0.9641
vn -0.2319 -0.0743 0.9699
vn -0.2294 0.0070 0.9733
vn -0.2635 0.4870 0.8327
vn -0.3393 0.4907 0.8026
vn -0.0329 -0.6635 0.7475
vn -0.0915 0.9819 0.1658
vn -0.4533 0.1305 0.8817
vn -0.4603 -0.0314 0.8872
vn -0.2621 0.3248 0.9087
vn -0.1177 -0.4278 0.8962
vn -0.3088 -0.0645 0.9489
vn -0.1047 -0.4726 0.8751
vn -0.3392 0.1562 0.9276
vn -0.3729 0.3948 0.8397
vn -0.4259 0.0834 0.9009
vn -0.4294 0.0031 0.9031
vn -0.3688 0.5911 0.7174
vn -0.4522 0.2420 0.8584
vn -0.2535 0.1981 0.9468
vn -0.2554 0.1122 0.9603
vn -0.2873 0.7870 0.5460
vn -0.9224 -0.0036 -0.3863
vn -0.9994 -0.0165 0.0298
vn -0.9833 -0.0095 -0.1819
vn -0.9988 -0.0298 0.0385
vn -0.9201 -0.0022 -0.3917
vn -0.9834 -0.0158 -0.1806
vn -0.9992 -0.0332 0.0202
vn -0.9267 -0.0301 -0.3747
vn -0.9831 -0.0308 -0.1805
vn -0.9318 -0.0491 -0.3598
vn -0.9992 -0.0359 -0.0148
vn -0.9810 -0.0333 -0.1911
vn -0.9323 0.0291 -0.3605
vn -0.9928 -0.0353 0.1147
vn -0.9920 -0.0023 -0.1262
vn -0.9265 0.0558 -0.3722
vn -0.9316 0.0711 -0.3564
vn -0.9944 -0.0073 0.1056
vn -0.9921 -0.0044 0.1251
vn -0.9895 0.0258 -0.1423
vn -0.9928 0.0344 -0.1146
vn -0.9905 -0.0124 0.1371
vn -0.9268 0.0808 -0.3668
vn -0.9923 0.0356 -0.1186
vn -0.9981 -0.0466 0.0414
vn -0.9174 -0.0002 -0.3979
vn -0.9828 -0.0227 -0.1830
vn -0.9363 0.0012 -0.3513
vn -0.9866 0.0142 0.1623
vn -0.9950 0.0074 -0.0999
vn -0.9301 0.0464 -0.3644
vn -0.9331 0.0203 -0.3591
vn -0.9875 0.0019 0.1574
vn -0.9863 0.0128 0.1642
vn -0.9935 0.0255 -0.1111
vn -0.9947 0.0164 -0.1013
vn -0.9885 -0.0205 0.1495
vn -0.9308 0.0655 -0.3595
vn -0.9936 0.0241 -0.1106
vn -0.9302 0.0461 -0.3641
vn -0.9882 -0.0094 0.1529
vn -0.9936 0.0196 -0.1110
vn -0.9851 0.0604 0.1610
vn -0.9393 -0.0889 -0.3314
vn -0.9956 -0.0183 -0.0921
vn -0.9480 -0.0703 -0.3104
vn -0.9817 0.1355 0.1337
vn -0.9949 0.0256 -0.0978
vn -0.9560 -0.0015 -0.2933
vn -0.9672 0.2127 0.1389
vn -0.9906 0.0944 -0.0994
vn -0.1981 -0.7760 0.5988
vn -0.1925 -0.7435 0.6404
vn -0.1942 -0.7541 0.6274
vn -0.4914 -0.6393 0.5914
vn -0.5135 -0.7176 0.4705
vn -0.5388 -0.6873 0.4872
vn -0.9727 0.2139 0.0901
vn -0.8198 0.5682 0.0711
vn -0.9371 0.2592 -0.2337
vn -0.7995 0.5611 -0.2144
vn -0.9700 0.2331 -0.0683
vn -0.8310 0.5526 -0.0639
vn -0.9617 0.1161 -0.2484
vn -0.9900 0.1053 0.0939
vn -0.9913 0.1094 -0.0736
vn -0.6139 -0.5497 0.5666
vn -0.9144 -0.1998 0.3521
vn -0.6138 -0.6687 0.4196
vn -0.9107 -0.4080 0.0652
vn -0.6665 -0.6093 0.4295
vn -0.9322 -0.3271 0.1550
vn -0.9681 -0.2416 -0.0668
vn -0.9711 -0.0176 0.2379
vn -0.9888 -0.1404 0.0497
vn -0.9793 0.1798 0.0927
vn -0.9679 -0.0036 -0.2513
vn -0.9926 0.0805 -0.0913
vn -0.9968 0.0310 -0.0732
vn -0.9971 -0.0245 -0.0716
vn -0.9444 0.0611 -0.3230
vn -0.9464 -0.0541 -0.3185
vn -0.9852 0.0316 -0.1684
vn -0.9844 -0.0329 -0.1729
vn -0.2040 0.9788 0.0193
vn -0.1976 0.9792 -0.0463
vn -0.2016 0.9794 -0.0139
vn -0.9369 -0.0382 -0.3476
vn -0.9862 0.0117 0.1652
vn -0.9952 -0.0142 -0.0968
vn -0.9376 -0.0772 -0.3391
vn -0.9855 0.0171 0.1688
vn -0.9953 -0.0329 -0.0915
vn -0.6339 0.7707 0.0643
vn -0.6233 0.7665 -0.1550
vn -0.6459 0.7624 -0.0402
vn 0.0029 0.0141 -0.9999
vn 0.8904 -0.0298 -0.4543
vn 0.9639 0.0015 0.2662
vn 0.7985 -0.0306 -0.6012
vn 0.5756 -0.0082 -0.8177
vn 0.4463 0.0060 0.8949
vn 0.9956 -0.0003 0.0936
vn 0.9947 -0.0048 -0.1029
vn 0.9558 -0.0168 -0.2934
vn -0.8904 -0.0100 -0.4551
vn -0.9636 0.0230 0.2664
vn -0.7983 -0.0127 -0.6021
vn -0.5732 0.0049 -0.8194
vn -0.4441 0.0159 0.8958
vn -0.9954 0.0220 0.0937
vn -0.9945 0.0174 -0.1031
vn -0.9558 0.0045 -0.2938
vn 0.6282 0.1262 0.7677
vn 0.8969 0.1208 0.4253
vn 0.7824 0.1305 0.6090
vn 0.8849 0.2329 0.4034
vn 0.7302 0.5934 0.3387
vn 0.6246 0.2400 0.7432
vn 0.5217 0.5859 0.6201
vn 0.7761 0.2449 0.5811
vn 0.6465 0.5889 0.4850
vn 0.1289 0.9817 0.1398
vn 0.1822 0.9803 0.0765
vn 0.1583 0.9815 0.1076
vn 0.5624 0.7865 0.2553
vn 0.4045 0.7850 0.4693
vn 0.4980 0.7874 0.3634
vn -0.0472 0.9827 0.1793
vn 0.0472 0.9827 0.1793
vn -0.0000 0.9832 0.1827
vn -0.2437 0.1426 0.9593
vn 0.2432 0.1432 0.9594
vn 0.1299 0.1501 0.9801
vn -0.1289 0.1491 0.9804
vn 0.2420 0.2623 0.9341
vn 0.1899 0.6029 0.7749
vn -0.1902 0.6025 0.7751
vn -0.2429 0.2633 0.9336
vn 0.1234 0.2723 0.9543
vn 0.0003 0.6094 0.7928
vn -0.1213 0.2745 0.9539
vn 0.1486 0.7944 0.5890
vn -0.1488 0.7945 0.5888
vn 0.0002 0.7983 0.6022
vn -0.8961 0.1226 0.4266
vn -0.6296 0.1283 0.7662
vn -0.7815 0.1343 0.6093
vn -0.5232 0.5887 0.6162
vn -0.6289 0.2352 0.7411
vn -0.7266 0.5965 0.3410
vn -0.8843 0.2306 0.4060
vn -0.6427 0.5948 0.4828
vn -0.7767 0.2377 0.5832
vn -0.1823 0.9802 0.0772
vn -0.1317 0.9814 0.1399
vn -0.1595 0.9812 0.1090
vn -0.4078 0.7842 0.4676
vn -0.5617 0.7861 0.2580
vn -0.4986 0.7863 0.3648
vn 0.8003 0.0039 0.5995
vn 0.2708 0.0094 0.9626
vn -0.2707 0.0156 0.9625
vn -0.7987 0.0218 0.6013
vn 0.8719 0.0009 -0.4897
vn 0.8844 0.1016 -0.4556
vn 0.8708 0.0255 -0.4909
vn 0.8759 0.0787 -0.4760
vn -0.4842 0.2714 -0.8318
vn 0.4821 0.2799 -0.8302
vn 0.0011 0.0615 -0.9981
vn -0.4640 0.2401 -0.8527
vn -0.0015 0.1165 -0.9932
vn 0.4727 0.2237 -0.8523
vn 0.9842 0.0587 0.1670
vn 0.9767 0.0221 0.2135
vn 0.9793 0.0242 0.2008
vn 0.9790 0.0575 0.1956
vn 0.8050 0.0291 0.5925
vn 0.8037 0.0785 0.5899
vn 0.8047 0.0378 0.5925
vn 0.8030 0.0673 0.5921
vn 0.8224 0.0080 -0.5689
vn 0.8375 0.1574 -0.5232
vn 0.8259 0.0470 -0.5618
vn 0.8312 0.1276 -0.5411
vn 0.6539 0.2327 -0.7200
vn 0.6459 0.0279 -0.7629
vn 0.6433 0.0778 -0.7616
vn 0.6621 0.1857 -0.7260
vn 0.4365 0.0726 0.8968
vn 0.4463 0.0230 0.8946
vn 0.4442 0.0317 0.8954
vn 0.4430 0.0587 0.8946
vn 0.3238 0.0251 0.9458
vn -0.3248 0.0360 0.9451
vn -0.3289 0.0723 0.9416
vn 0.3282 0.0710 0.9419
vn -0.3289 0.0648 0.9421
vn 0.3270 0.0318 0.9445
vn -0.3290 0.0446 0.9433
vn 0.3288 0.0607 0.9425
vn 0.9336 0.0617 -0.3530
vn 0.9313 0.0026 -0.3643
vn 0.9282 0.0131 -0.3718
vn 0.9327 0.0447 -0.3580
vn 0.9985 0.0135 0.0537
vn 0.9995 0.0295 -0.0086
vn 0.9992 0.0131 0.0384
vn 0.9993 0.0299 0.0236
vn 0.9856 0.0273 -0.1669
vn 0.9872 0.0054 -0.1595
vn 0.9849 0.0058 -0.1731
vn 0.9855 0.0207 -0.1686
vn -0.8869 0.1121 -0.4482
vn -0.8725 0.0360 -0.4873
vn -0.8763 0.1041 -0.4704
vn -0.8728 0.0485 -0.4857
vn -0.9758 0.0546 0.2118
vn -0.9840 0.0722 0.1627
vn -0.9815 0.0589 0.1820
vn -0.9794 0.0616 0.1921
vn -0.8044 0.0814 0.5885
vn -0.8061 0.0599 0.5887
vn -0.8044 0.0785 0.5889
vn -0.8094 0.0636 0.5838
vn -0.8280 0.1725 -0.5336
vn -0.8208 0.0430 -0.5696
vn -0.8220 0.1527 -0.5486
vn -0.8239 0.0667 -0.5628
vn -0.6461 0.0558 -0.7612
vn -0.6540 0.2311 -0.7204
vn -0.6616 0.1993 -0.7229
vn -0.6461 0.0918 -0.7577
vn -0.4447 0.0409 0.8948
vn -0.4368 0.0717 0.8967
vn -0.4393 0.0673 0.8958
vn -0.4425 0.0441 0.8957
vn -0.9307 0.0378 -0.3639
vn -0.9349 0.0673 -0.3484
vn -0.9319 0.0642 -0.3570
vn -0.9277 0.0432 -0.3709
vn -0.9989 0.0459 -0.0055
vn -0.9975 0.0444 0.0543
vn -0.9990 0.0352 0.0291
vn -0.9982 0.0464 0.0390
vn -0.9867 0.0404 -0.1575
vn -0.9859 0.0343 -0.1636
vn -0.9870 0.0341 -0.1572
vn -0.9856 0.0389 -0.1645
vn -0.9633 -0.0015 -0.2683
vn 0.9716 -0.0066 -0.2365
vn -1.0000 -0.0000 0.0000
vn -0.5481 -0.0620 -0.8341
vn 0.5578 -0.0615 -0.8277
vn 1.0000 0.0000 0.0000
vn -1.0000 -0.0004 -0.0004
vn 1.0000 0.0000 0.0000
vn -0.0000 -0.0738 -0.9973
vn -0.1944 0.9757 -0.1007
vn -0.2440 0.9692 -0.0336
vn -0.1831 0.9589 -0.2168
vn -0.2848 -0.0706 -0.9560
vn 0.2904 -0.0705 -0.9543
vn -0.7951 0.6050 -0.0426
vn -0.0031 0.9891 -0.1470
vn 0.8474 0.5307 -0.0143
vn 0.0132 -0.9092 -0.4161
vn -0.9822 0.0108 -0.1876
vn -0.8228 -0.5526 -0.1324
vn 0.6162 -0.6987 -0.3635
vn 0.5573 -0.0806 -0.8264
vn 1.0000 0.0000 0.0000
vn 0.8170 -0.3348 -0.4695
vn -0.5918 -0.7058 -0.3893
vn -0.5476 -0.0812 -0.8328
vn -1.0000 0.0000 0.0000
vn -0.7488 -0.4357 -0.4995
vn 0.9992 -0.0013 -0.0394
vn 0.8834 -0.4671 -0.0383
vn -0.9980 -0.0020 -0.0628
vn -0.8925 -0.4458 -0.0687
vn -0.0497 -0.9974 -0.0522
vn 0.9587 -0.0604 0.2781
vn -0.3710 -0.9272 -0.0522
vn 0.3675 -0.9290 -0.0429
vn -0.9583 -0.0644 0.2783
vn 0.9894 0.0064 -0.1450
vn 0.7867 -0.6111 -0.0880
vn -0.0029 -0.9156 -0.4020
vn -0.0000 -0.0971 -0.9953
vn -0.0000 -0.8506 -0.5258
vn -0.2889 -0.0929 -0.9528
vn -0.1422 -0.8420 -0.5205
vn -0.1007 -0.9020 -0.4198
vn 0.2397 -0.9361 -0.2574
vn -0.2358 -0.9362 -0.2606
vn 0.2946 -0.0928 -0.9511
vn 0.1269 -0.8317 -0.5406
vn 0.0776 -0.9153 -0.3952
vn -0.0118 -0.9884 -0.1517
vn 0.0068 -0.9739 -0.2270
vn 0.0192 -0.9969 -0.0758
vn 0.0015 -0.9971 -0.0756
vn 0.0184 -0.9884 -0.1510
vn -0.0215 -0.9970 -0.0740
vn -0.5094 -0.8593 -0.0458
vn -0.4714 -0.8798 -0.0621
vn -0.4980 -0.8656 0.0523
vn 0.4714 -0.8812 0.0364
vn 0.4671 -0.8833 -0.0403
vn 0.5163 -0.8553 -0.0434
vn -0.9265 0.3288 -0.1831
vn 0.9086 0.3604 -0.2109
vn -0.7370 0.6729 -0.0638
vn -0.1839 0.9353 -0.3023
vn -0.4394 0.2247 -0.8697
vn -0.9306 0.3626 -0.0506
vn -0.5467 0.0534 -0.8356
vn 0.2289 0.9220 -0.3122
vn 0.4111 0.1606 -0.8973
vn 0.6643 0.7344 -0.1392
vn 0.5472 0.0819 -0.8330
vn 0.9053 0.4199 -0.0634
vn 0.9247 0.3726 -0.0784
vn -0.9158 0.3965 -0.0643
vn 0.9637 0.1936 0.1836
vn -0.9615 0.2012 0.1872
vn -0.0005 0.2476 -0.9689
vn -0.0030 0.9320 -0.3624
vn -0.0020 0.5230 -0.8524
vn -0.0484 0.9344 -0.3530
vn -0.1439 0.5287 -0.8365
vn -0.2554 0.2263 -0.9400
vn -0.6954 0.7098 -0.1122
vn -0.8592 0.5105 -0.0344
vn 0.0683 0.9326 -0.3544
vn 0.2474 0.4806 -0.8413
vn 0.2708 0.2278 -0.9353
vn 0.7976 0.5996 -0.0655
vn 0.7354 0.6719 -0.0880
vn -0.9872 -0.0173 0.1587
vn -0.9541 -0.0066 -0.2993
vn -0.9997 -0.0079 -0.0209
vn 0.9532 -0.0054 -0.3022
vn 0.9896 0.0092 0.1437
vn 0.9998 0.0000 -0.0222
vn -0.3494 0.9315 -0.1007
vn -0.3285 0.9444 0.0124
vn -0.3914 0.9183 -0.0596
vn -0.9873 -0.0583 0.1476
vn -0.8635 -0.4818 0.1494
vn -0.9778 -0.0439 -0.2051
vn -0.7900 -0.5984 -0.1334
vn -0.9986 -0.0530 -0.0002
vn -0.7628 -0.6466 -0.0014
vn 0.9781 -0.0538 -0.2009
vn 0.7521 -0.6474 -0.1236
vn 0.9923 -0.0484 0.1137
vn 0.8198 -0.5643 0.0971
vn 0.9977 -0.0563 -0.0384
vn 0.7219 -0.6918 -0.0159
vn -0.5019 -0.8632 -0.0541
vn -0.5625 -0.8148 0.1401
vn -0.4893 -0.8711 0.0414
vn 0.5315 -0.8393 0.1145
vn 0.4685 -0.8817 -0.0553
vn 0.4616 -0.8868 0.0214
vn -0.8531 0.4489 -0.2660
vn -0.8582 0.5036 0.0991
vn -0.8682 0.4891 -0.0836
vn 0.9013 0.4236 0.0904
vn 0.8289 0.5185 -0.2097
vn 0.8550 0.5150 -0.0605
vn 0.9607 0.0087 0.2775
vn -0.9611 0.0072 0.2763
vn 0.9612 0.0360 0.2734
vn -0.9608 0.0352 0.2749
vn 0.9616 -0.0202 0.2737
vn -0.9621 -0.0193 0.2721
vn 0.9615 -0.0471 0.2709
vn -0.9615 -0.0459 0.2709
vn 0.9658 0.0767 0.2475
vn -0.9651 0.0784 0.2500
vn 0.9632 0.0590 0.2621
vn -0.9624 0.0604 0.2650
vn 0.9617 -0.0194 0.2734
vn 0.9935 -0.0144 0.1132
vn 0.9618 0.0647 0.2658
vn 0.9927 0.0429 0.1131
vn 0.9606 0.0107 0.2779
vn 0.9936 0.0027 0.1131
vn 0.9601 0.0423 0.2765
vn 0.9931 0.0262 0.1142
vn -0.9615 0.0397 0.2718
vn -0.9934 0.0250 0.1120
vn -0.9611 0.0090 0.2761
vn -0.9938 0.0040 0.1113
vn -0.9619 -0.0185 0.2726
vn -0.9934 -0.0138 0.1138
vn -0.9635 0.0638 0.2600
vn -0.9926 0.0428 0.1133
vn -0.3623 -0.9179 -0.1619
vn -0.9592 -0.0627 0.2756
vn -0.9921 -0.0393 0.1189
vn 0.3649 -0.9168 -0.1623
vn 0.9578 -0.0597 0.2812
vn 0.9923 -0.0357 0.1190
vn -0.8481 0.5069 0.1542
vn 0.8294 0.5438 0.1278
vn 0.8892 0.4545 0.0535
vn -0.9017 0.4302 0.0424
vn -0.9766 -0.0001 0.2151
vn -0.9845 -0.0294 0.1728
vn -0.8550 -0.5018 0.1310
vn 0.9787 0.0093 0.2049
vn 0.9862 -0.0129 0.1652
vn 0.8134 -0.5732 0.0990
vn -0.9619 -0.0452 0.2696
vn -0.9927 -0.0299 0.1170
vn 0.9610 -0.0469 0.2724
vn 0.9928 -0.0297 0.1157
vn -0.9661 0.0809 0.2451
vn -0.9917 0.0551 0.1159
vn 0.9644 0.0829 0.2510
vn 0.9920 0.0548 0.1141
vn -0.9999 0.0032 -0.0160
vn -0.9995 0.0024 -0.0304
vn -0.9989 0.0046 -0.0468
vn 0.2912 -0.0929 -0.9521
vn 0.2913 -0.0929 -0.9521
vn 0.2913 -0.0929 -0.9521
vn -0.9750 0.0300 0.2203
vn -0.9749 0.0391 0.2193
vn 0.9621 0.0429 -0.2694
vn 0.9745 0.0522 -0.2183
vn -0.9867 -0.0572 0.1523
vn -0.9858 -0.0567 0.1580
vn -0.9853 -0.0550 0.1617
vn 0.0000 -0.0505 -0.9987
vn 0.0000 -0.0505 -0.9987
vn 0.9740 -0.0610 -0.2180
vn 0.9678 -0.0611 -0.2441
vn 0.9607 -0.0572 -0.2717
vn 0.9804 -0.0064 -0.1968
vn 0.9747 -0.0183 -0.2226
vn 0.9810 -0.0111 0.1935
vn 0.9836 -0.0107 0.1803
vn 0.9852 -0.0104 0.1709
vn -0.9878 0.0192 0.1548
vn -0.9879 0.0216 0.1538
vn -0.2857 -0.0930 -0.9538
vn -0.2857 -0.0930 -0.9538
vn -0.2857 -0.0930 -0.9538
vn 0.9907 0.0536 0.1248
vn 0.9887 0.0545 0.1396
vn -0.9631 -0.0515 -0.2640
vn -0.9710 -0.0516 -0.2336
vn -0.9749 -0.0594 -0.2146
vn 1.0000 -0.0024 -0.0085
vn 0.9998 -0.0030 -0.0202
vn -1.0000 -0.0000 -0.0000
vn -0.5484 -0.0422 -0.8352
vn -1.0000 -0.0000 -0.0000
vn -0.5484 -0.0422 -0.8352
vn -0.9782 0.0013 -0.2075
vn -0.9724 0.0037 -0.2332
vn -0.9678 0.0013 -0.2519
vn -0.9568 0.0322 -0.2891
vn -0.9532 0.0364 -0.3003
vn 0.5580 -0.0419 -0.8287
vn 1.0000 0.0000 0.0000
vn 0.5580 -0.0419 -0.8287
vn 1.0000 0.0000 0.0000
vn 0.9979 -0.0550 -0.0352
vn 0.9980 -0.0550 -0.0307
vn 0.9982 -0.0535 -0.0266
vn -0.2861 -0.0484 -0.9570
vn -0.2861 -0.0484 -0.9570
vn -0.9803 -0.0294 0.1955
vn -0.9823 -0.0273 0.1851
vn -0.9838 -0.0262 0.1774
vn 0.9999 0.0038 -0.0117
vn 0.9997 0.0011 -0.0227
vn 0.9995 0.0009 -0.0312
vn 0.9826 0.0219 0.1846
vn 0.9806 0.0217 0.1948
vn -0.5476 -0.0812 -0.8328
vn -1.0000 -0.0000 -0.0000
vn -0.5476 -0.0812 -0.8328
vn -1.0000 -0.0000 0.0000
vn -1.0000 -0.0000 -0.0000
vn -0.5476 -0.0812 -0.8328
vn 0.9974 0.0585 -0.0421
vn 0.9977 0.0612 -0.0306
vn -0.9984 -0.0553 -0.0122
vn -0.9985 -0.0546 -0.0074
vn -0.9985 -0.0548 -0.0027
vn 0.2917 -0.0483 -0.9553
vn 0.2917 -0.0483 -0.9553
vn 0.9872 0.0001 -0.1593
vn 0.9835 -0.0001 -0.1806
vn 0.9782 0.0002 -0.2074
vn -0.9703 0.0037 -0.2419
vn -0.9778 -0.0029 -0.2096
vn 0.5573 -0.0806 -0.8264
vn 1.0000 0.0000 0.0000
vn 0.5573 -0.0806 -0.8264
vn 1.0000 0.0000 0.0000
vn 0.5573 -0.0806 -0.8264
vn 1.0000 0.0000 0.0000
vn -0.9980 0.0336 -0.0535
vn -0.9989 0.0294 -0.0352
vn -0.0000 -0.0971 -0.9953
vn -0.0000 -0.0971 -0.9953
vn -0.0000 -0.0971 -0.9953
vn 0.9901 -0.0450 0.1328
vn 0.9911 -0.0462 0.1247
vn 0.9919 -0.0459 0.1184
vn -1.0000 -0.0005 -0.0046
vn -1.0000 -0.0005 -0.0024
vn -0.1634 -0.8338 -0.5273
vn -0.7725 -0.4227 -0.4738
vn 0.8867 -0.4616 -0.0260
vn 0.8278 -0.3420 -0.4447
vn -0.8894 -0.4541 -0.0524
vn -0.8201 -0.5567 -0.1324
vn -0.8562 -0.5008 0.1271
vn -0.3989 -0.8945 -0.2020
vn 0.3994 -0.8940 -0.2029
vn 0.7876 -0.6093 -0.0919
vn 0.1282 -0.8376 -0.5310
vn -0.0000 -0.8506 -0.5258
vn -0.4111 -0.9106 -0.0432
vn 0.3678 -0.9289 -0.0443
vn -0.7944 -0.5951 -0.1216
vn -0.7721 -0.6350 0.0262
vn -0.8659 -0.4717 0.1662
vn 0.8291 -0.5463 0.1193
vn 0.7271 -0.6865 0.0022
vn 0.7523 -0.6481 -0.1180
vn 0.8155 -0.5704 0.0979
vn -0.4669 0.8841 0.0173
vn -0.7794 0.6084 -0.1496
vn 0.3911 0.9202 0.0177
vn 0.6924 0.6916 -0.2056
vn -0.1921 0.5084 -0.8394
vn -0.7329 0.6756 -0.0800
vn -0.5056 0.2383 -0.8292
vn 0.7268 0.6767 -0.1177
vn -0.6946 0.7082 -0.1261
vn 0.4811 0.2963 -0.8251
vn 0.6552 0.7446 -0.1273
vn -0.7230 0.6828 -0.1051
vn 0.7890 0.6141 -0.0202
vn -0.7380 0.6742 -0.0297
vn 0.2456 0.5017 -0.8295
vn -0.0014 0.5232 -0.8522
vn 0.7068 0.7017 -0.0892
vn -0.5717 0.7984 -0.1891
vn -0.5206 0.8501 -0.0801
vn -0.4753 0.8796 0.0185
vn 0.5161 0.8399 -0.1679
vn 0.4839 0.8728 -0.0645
vn 0.6639 0.7460 0.0518
vn 0.2512 0.9659 -0.0622
vn -0.0003 0.9979 -0.0645
vn 0.2097 0.9527 -0.2201
vn 0.0025 0.9648 -0.2628
vn 0.4140 0.8998 -0.1377
vn 0.7323 0.6684 -0.1302
vn 0.3350 0.9325 -0.1348
vn 0.6897 0.6983 -0.1915
vn -0.7882 0.5989 -0.1413
vn -0.3195 0.9424 -0.0987
vn -0.6890 0.7152 -0.1172
vn -0.3913 0.9104 -0.1346
vn -0.4100 0.9119 -0.0208
vn -0.4715 0.8818 0.0109
vn -0.5171 0.8529 -0.0723
vn -0.4434 0.8944 -0.0584
vn -0.5840 0.7951 -0.1636
vn -0.4455 0.8888 -0.1076
vn -0.4746 0.8798 0.0286
vn -0.4195 0.9076 0.0136
vn 0.4468 0.8838 -0.1388
vn 0.5098 0.8476 -0.1470
vn 0.5146 0.8546 -0.0699
vn 0.4815 0.8736 -0.0702
vn 0.3955 0.9176 0.0392
vn 0.6589 0.7494 0.0653
vn 0.4189 0.9075 -0.0305
vn 0.3827 0.9239 -0.0064
vn 0.0191 0.9998 0.0049
vn -0.3097 0.1655 0.9363
vn 0.3328 0.1659 0.9283
vn 0.0090 0.9666 0.2562
vn -0.2984 0.3514 0.8874
vn 0.3136 0.3351 0.8885
vn -0.1780 0.1809 -0.9673
vn -0.0102 0.9885 -0.1511
vn -0.0896 0.9229 -0.3745
vn -0.1218 0.3836 -0.9154
vn 0.0614 0.9973 0.0410
vn 0.5653 0.1678 0.8076
vn 0.2149 0.9429 0.2544
vn 0.5308 0.3412 0.7758
vn 0.3079 0.2185 -0.9260
vn 0.0387 0.9915 -0.1239
vn 0.0760 0.9464 -0.3140
vn 0.3116 0.4529 -0.8353
vn -0.5124 0.1868 0.8382
vn -0.0127 0.9997 -0.0188
vn -0.0935 0.9825 0.1610
vn -0.5293 0.3965 0.7500
vn -0.0249 0.9886 -0.1485
vn -0.5969 0.1340 -0.7910
vn -0.3092 0.8734 -0.3763
vn -0.5337 0.2951 -0.7925
vn 0.0928 0.9955 0.0189
vn 0.9613 0.0950 0.2587
vn 0.5000 0.8625 0.0779
vn 0.9400 0.2151 0.2649
vn 0.0567 0.9923 -0.1100
vn 0.7050 0.2163 -0.6754
vn 0.2074 0.9525 -0.2232
vn 0.6143 0.4560 -0.6439
vn 0.0931 0.9939 -0.0589
vn -0.7999 0.2209 0.5581
vn -0.1077 0.9931 0.0455
vn -0.7552 0.4288 0.4958
vn 0.1159 0.9921 0.0473
vn 0.8560 0.1456 0.4960
vn 0.3812 0.9105 0.1604
vn 0.8118 0.3070 0.4967
vn -0.9286 0.1795 0.3249
vn 0.1727 0.9815 -0.0828
vn -0.1421 0.9898 0.0029
vn -0.8545 0.3887 0.3446
vn -0.8587 0.0910 -0.5043
vn -0.0054 0.9932 -0.1163
vn -0.5443 0.7884 -0.2865
vn -0.8159 0.2095 -0.5388
vn 0.9244 0.1283 -0.3592
vn 0.0135 0.9965 -0.0830
vn 0.4048 0.9004 -0.1592
vn 0.8218 0.3783 -0.4261
vn 0.9953 0.0514 0.0823
vn 0.1258 0.9914 -0.0349
vn 0.6063 0.7948 0.0257
vn 0.9888 0.1332 0.0680
vn -0.0050 0.9970 -0.0767
vn 0.9930 0.0575 -0.1028
vn 0.6086 0.7917 -0.0533
vn 0.9642 0.2043 -0.1692
vn 0.2031 0.9775 -0.0576
vn -0.9823 0.1069 0.1536
vn -0.2748 0.9614 -0.0169
vn -0.9456 0.2624 0.1924
vn -0.9721 0.0656 -0.2251
vn -0.0383 0.9944 -0.0989
vn -0.6135 0.7760 -0.1465
vn -0.9604 0.1403 -0.2405
vn 0.1005 0.9948 -0.0179
vn -0.9977 0.0671 -0.0119
vn -0.5422 0.8368 -0.0761
vn -0.9893 0.1455 0.0073
vn -0.3303 -0.3112 0.8911
vn 0.5051 -0.2949 0.8111
vn 0.0353 -0.9974 -0.0623
vn -0.2926 -0.5382 0.7904
vn 0.0265 -0.9896 0.1410
vn 0.4597 -0.4839 0.7446
vn -0.0102 -0.9964 -0.0847
vn -0.1242 -0.2407 -0.9626
vn -0.0535 -0.9527 -0.2990
vn -0.0914 -0.4328 -0.8968
vn 0.6930 -0.2514 0.6757
vn 0.0558 -0.9956 0.0756
vn 0.1967 -0.9652 0.1723
vn 0.5965 -0.4588 0.6585
vn 0.0392 -0.9960 -0.0803
vn 0.3269 -0.2500 -0.9114
vn 0.1163 -0.9519 -0.2835
vn 0.3058 -0.4335 -0.8477
vn -0.0571 -0.9974 0.0434
vn -0.5734 -0.2674 0.7744
vn -0.4974 -0.4867 0.7181
vn -0.1331 -0.9762 0.1713
vn -0.5381 -0.2040 -0.8178
vn -0.0682 -0.9935 -0.0908
vn -0.4734 -0.3857 -0.7919
vn -0.2364 -0.9283 -0.2868
vn 0.9311 -0.1816 0.3162
vn 0.1422 -0.9856 0.0916
vn 0.4047 -0.9010 0.1560
vn 0.8774 -0.3466 0.3317
vn 0.7072 -0.2239 -0.6707
vn 0.1017 -0.9920 -0.0746
vn 0.2965 -0.9266 -0.2312
vn 0.6627 -0.3835 -0.6432
vn -0.8250 -0.2037 0.5271
vn -0.1185 -0.9882 0.0968
vn -0.7634 -0.3986 0.5084
vn -0.2827 -0.9400 0.1909
vn 0.8669 -0.1970 0.4579
vn 0.1321 -0.9857 0.1043
vn 0.3484 -0.9169 0.1946
vn 0.8095 -0.3699 0.4559
vn -0.1213 -0.9882 0.0931
vn -0.9061 -0.1828 0.3815
vn -0.8513 -0.3616 0.3802
vn -0.3457 -0.9237 0.1653
vn -0.1246 -0.9889 -0.0809
vn -0.8320 -0.1601 -0.5311
vn -0.7771 -0.3137 -0.5457
vn -0.4296 -0.8784 -0.2094
vn 0.1514 -0.9879 -0.0338
vn 0.9174 -0.1861 -0.3519
vn 0.4264 -0.8939 -0.1385
vn 0.8894 -0.3175 -0.3290
vn 0.1411 -0.9875 0.0703
vn 0.9749 -0.1710 0.1428
vn 0.4556 -0.8869 0.0767
vn 0.9290 -0.3238 0.1792
vn 0.9828 -0.1682 -0.0760
vn 0.1544 -0.9874 0.0350
vn 0.4782 -0.8777 -0.0315
vn 0.9528 -0.3012 -0.0386
vn -0.9603 -0.1651 0.2247
vn -0.1232 -0.9898 0.0721
vn -0.9155 -0.3238 0.2388
vn -0.3893 -0.9149 0.1068
vn -0.1714 -0.9847 -0.0300
vn -0.9651 -0.1374 -0.2231
vn -0.9358 -0.2631 -0.2346
vn -0.5034 -0.8607 -0.0758
vn -0.9891 -0.1448 0.0254
vn -0.1579 -0.9868 0.0353
vn -0.9604 -0.2763 0.0345
vn -0.4503 -0.8924 0.0291
vn 0.0160 -0.9139 -0.4055
vn 0.0059 -0.9692 -0.2461
vn 0.0111 -0.9444 -0.3286
vn -0.0006 0.9761 -0.2173
vn -0.0011 0.9879 -0.1552
vn -0.0019 0.9827 -0.1851
vn -0.0348 -0.9148 -0.4023
vn 0.0427 -0.9677 -0.2485
vn 0.0319 -0.9423 -0.3333
vn -0.2923 0.9506 -0.1048
vn -0.4710 0.8694 -0.1492
vn -0.3785 0.9160 -0.1329
vn 0.4978 0.8555 -0.1425
vn 0.3017 0.9475 -0.1061
vn 0.4220 0.8986 -0.1203
vn -0.0433 -0.9677 -0.2483
vn 0.0530 -0.9127 -0.4052
vn -0.0244 -0.9427 -0.3329
vn -0.3873 -0.9073 -0.1636
vn -0.2375 -0.9021 -0.3603
vn -0.2588 -0.9244 -0.2800
vn 0.3286 -0.9282 -0.1744
vn 0.2063 -0.9063 -0.3689
vn 0.1991 -0.9369 -0.2874
vn -0.5260 0.8493 -0.0445
vn -0.5436 0.8381 -0.0457
vn -0.7491 0.6595 -0.0627
vn -0.7629 0.6438 -0.0601
vn -0.7139 0.6989 -0.0429
vn -0.6486 0.7584 -0.0647
vn 0.5667 0.8229 -0.0404
vn 0.4713 0.8796 -0.0641
vn 0.8042 0.5927 -0.0444
vn 0.7362 0.6726 -0.0756
vn 0.7233 0.6896 -0.0363
vn 0.6421 0.7640 -0.0642
vn 0.9918 0.0257 0.1252
vn 0.9843 0.0127 0.1761
vn 0.9884 0.0214 0.1501
vn -0.9918 0.0246 0.1251
vn -0.9843 0.0114 0.1762
vn -0.9883 0.0207 0.1514
vn -0.9891 -0.0113 0.1465
vn -0.7644 -0.6426 -0.0531
vn -0.9922 -0.0309 0.1204
vn -0.4705 -0.8292 -0.3017
vn -0.9901 -0.0122 0.1395
vn -0.5844 -0.7893 -0.1885
vn 0.9877 -0.0017 0.1566
vn 0.6857 -0.7240 -0.0756
vn 0.4172 -0.8531 -0.3132
vn 0.9912 -0.0277 0.1296
vn 0.9900 -0.0126 0.1403
vn 0.4959 -0.8439 -0.2047
vn -0.8649 0.4950 0.0833
vn -0.9276 0.3715 0.0381
vn -0.9178 0.3911 0.0681
vn 0.8503 0.5195 0.0840
vn 0.9226 0.3843 0.0322
vn 0.8996 0.4318 0.0648
vn -0.9925 -0.0207 0.1206
vn -0.9888 -0.0094 0.1489
vn -0.9902 -0.0074 0.1392
vn -0.9928 -0.0057 0.1196
vn -0.9881 -0.0086 0.1533
vn -0.9901 0.0002 0.1400
vn -0.9868 -0.0140 0.1614
vn -0.9926 0.0060 0.1210
vn -0.9897 0.0026 0.1433
vn 0.9872 0.0016 0.1597
vn 0.9916 -0.0189 0.1278
vn 0.9897 -0.0042 0.1428
vn 0.9866 0.0027 0.1630
vn 0.9922 -0.0047 0.1244
vn 0.9898 0.0038 0.1426
vn 0.9925 0.0062 0.1223
vn 0.9858 0.0009 0.1680
vn 0.9895 0.0075 0.1444
vn 0.9909 0.0513 0.1247
vn 0.9828 0.0259 0.1828
vn 0.9873 0.0403 0.1539
vn 0.9835 0.0253 0.1790
vn 0.9913 0.0430 0.1245
vn 0.9878 0.0371 0.1510
vn -0.9840 0.0325 0.1750
vn -0.9909 0.0490 0.1256
vn -0.9879 0.0387 0.1504
vn -0.9915 0.0396 0.1238
vn -0.9838 0.0322 0.1764
vn -0.9881 0.0347 0.1501
vn -0.4714 -0.8284 -0.3024
vn -0.7659 -0.6410 -0.0504
vn -0.5843 -0.7882 -0.1934
vn 0.4169 -0.8525 -0.3153
vn 0.6844 -0.7250 -0.0771
vn 0.4915 -0.8441 -0.2144
vn -0.7534 0.6548 -0.0604
vn -0.5328 0.8456 -0.0340
vn -0.7161 0.6971 -0.0347
vn 0.7375 0.6716 -0.0714
vn 0.4746 0.8786 -0.0528
vn 0.6470 0.7607 -0.0523
f 27/27/27 12/12/12 321/321/321
f 27/27/27 321/321/321 327/327/327
f 21/21/21 13/13/13 330/330/330
f 21/21/21 330/330/330 317/317/317
f 188/188/188 215/215/215 142/142/142
f 188/188/188 142/142/142 57/57/57
f 311/311/311 315/315/315 73/73/73
f 311/311/311 73/73/73 106/106/106
f 396/396/396 147/147/147 108/108/108
f 396/396/396 108/108/108 347/347/347
f 85/85/85 148/148/148 393/393/393
f 85/85/85 393/393/393 333/333/333
f 38/38/38 33/33/33 344/344/344
f 38/38/38 344/344/344 335/335/335
f 337/337/337 345/345/345 91/91/91
f 337/337/337 91/91/91 93/93/93
f 116/116/116 359/359/359 371/371/371
f 116/116/116 371/371/371 112/112/112
f 198/198/198 180/180/180 179/179/179
f 198/198/198 179/179/179 197/197/197
f 218/218/218 399/399/399 365/365/365
f 218/218/218 365/365/365 139/139/139
f 46/46/46 182/182/182 194/194/194
f 46/46/46 194/194/194 64/64/64
f 13/13/13 18/18/18 309/309/309
f 13/13/13 309/309/309 330/330/330
f 7/7/7 19/19/19 163/163/163
f 7/7/7 163/163/163 155/155/155
f 368/368/368 51/51/51 138/138/138
f 368/368/368 138/138/138 364/364/364
f 30/30/30 27/27/27 327/327/327
f 30/30/30 327/327/327 342/342/342
f 142/142/142 395/395/395 348/348/348
f 142/142/142 348/348/348 57/57/57
f 1/1/1 54/54/54 312/312/312
f 1/1/1 312/312/312 305/305/305
f 381/381/381 66/66/66 45/45/45
f 381/381/381 45/45/45 353/353/353
f 121/121/121 120/120/120 99/99/99
f 121/121/121 99/99/99 100/100/100
f 66/66/66 381/381/381 377/377/377
f 66/66/66 377/377/377 65/65/65
f 222/222/222 72/72/72 107/107/107
f 222/222/222 107/107/107 271/271/271
f 298/298/298 274/274/274 109/109/109
f 298/298/298 109/109/109 149/149/149
f 798/798/798 694/694/694 690/690/690
f 798/798/798 690/690/690 767/767/767
f 783/783/783 770/770/770 752/752/752
f 783/783/783 752/752/752 693/693/693
f 190/190/190 61/61/61 67/67/67
f 190/190/190 67/67/67 196/196/196
f 333/333/333 338/338/338 94/94/94
f 333/333/333 94/94/94 85/85/85
f 243/243/243 301/301/301 150/150/150
f 243/243/243 150/150/150 86/86/86
f 308/308/308 306/306/306 71/71/71
f 308/308/308 71/71/71 81/81/81
f 177/177/177 188/188/188 57/57/57
f 177/177/177 57/57/57 40/40/40
f 179/179/179 177/177/177 40/40/40
f 179/179/179 40/40/40 45/45/45
f 151/151/151 186/186/186 54/54/54
f 151/151/151 54/54/54 1/1/1
f 162/162/162 151/151/151 1/1/1
f 162/162/162 1/1/1 18/18/18
f 689/689/689 51/51/51 368/368/368
f 689/689/689 368/368/368 696/696/696
f 50/50/50 136/136/136 207/207/207
f 50/50/50 207/207/207 183/183/183
f 783/783/783 693/693/693 753/753/753
f 783/783/783 753/753/753 786/786/786
f 184/184/184 209/209/209 138/138/138
f 184/184/184 138/138/138 51/51/51
f 55/55/55 145/145/145 216/216/216
f 55/55/55 216/216/216 187/187/187
f 197/197/197 179/179/179 45/45/45
f 197/197/197 45/45/45 66/66/66
f 64/64/64 194/194/194 191/191/191
f 64/64/64 191/191/191 58/58/58
f 181/181/181 47/47/47 63/63/63
f 181/181/181 63/63/63 193/193/193
f 140/140/140 389/389/389 111/111/111
f 41/41/41 55/55/55 187/187/187
f 41/41/41 187/187/187 178/178/178
f 193/193/193 63/63/63 60/60/60
f 193/193/193 60/60/60 189/189/189
f 165/165/165 176/176/176 39/39/39
f 165/165/165 39/39/39 24/24/24
f 214/214/214 165/165/165 24/24/24
f 214/214/214 24/24/24 141/141/141
f 28/28/28 25/25/25 167/167/167
f 28/28/28 167/167/167 169/169/169
f 175/175/175 172/172/172 33/33/33
f 175/175/175 33/33/33 38/38/38
f 43/43/43 41/41/41 178/178/178
f 43/43/43 178/178/178 180/180/180
f 172/172/172 170/170/170 30/30/30
f 172/172/172 30/30/30 33/33/33
f 34/34/34 31/31/31 171/171/171
f 34/34/34 171/171/171 173/173/173
f 170/170/170 168/168/168 27/27/27
f 170/170/170 27/27/27 30/30/30
f 31/31/31 28/28/28 169/169/169
f 31/31/31 169/169/169 171/171/171
f 168/168/168 158/158/158 12/12/12
f 168/168/168 12/12/12 27/27/27
f 157/157/157 164/164/164 21/21/21
f 157/157/157 21/21/21 11/11/11
f 25/25/25 9/9/9 156/156/156
f 25/25/25 156/156/156 167/167/167
f 19/19/19 14/14/14 160/160/160
f 19/19/19 160/160/160 163/163/163
f 159/159/159 162/162/162 18/18/18
f 159/159/159 18/18/18 13/13/13
f 164/164/164 159/159/159 13/13/13
f 164/164/164 13/13/13 21/21/21
f 14/14/14 16/16/16 161/161/161
f 14/14/14 161/161/161 160/160/160
f 143/143/143 22/22/22 166/166/166
f 143/143/143 166/166/166 213/213/213
f 2/2/2 52/52/52 185/185/185
f 2/2/2 185/185/185 152/152/152
f 52/52/52 5/5/5 154/154/154
f 52/52/52 154/154/154 185/185/185
f 186/186/186 153/153/153 4/4/4
f 186/186/186 4/4/4 54/54/54
f 153/153/153 201/201/201 122/122/122
f 153/153/153 122/122/122 4/4/4
f 774/774/774 691/691/691 689/689/689
f 774/774/774 689/689/689 756/756/756
f 691/691/691 184/184/184 51/51/51
f 691/691/691 51/51/51 689/689/689
f 59/59/59 192/192/192 195/195/195
f 59/59/59 195/195/195 65/65/65
f 142/142/142 215/215/215 214/214/214
f 142/142/142 214/214/214 141/141/141
f 380/380/380 120/120/120 118/118/118
f 380/380/380 118/118/118 378/378/378
f 123/123/123 206/206/206 200/200/200
f 197/197/197 66/66/66 65/65/65
f 197/197/197 65/65/65 195/195/195
f 69/69/69 198/198/198 196/196/196
f 69/69/69 196/196/196 67/67/67
f 48/48/48 390/390/390 399/399/399
f 48/48/48 399/399/399 218/218/218
f 688/688/688 50/50/50 183/183/183
f 688/688/688 183/183/183 692/692/692
f 538/538/538 823/823/823 760/760/760
f 538/538/538 760/760/760 124/124/124
f 270/270/270 705/705/705 710/710/710
f 270/270/270 710/710/710 296/296/296
f 120/120/120 380/380/380 354/354/354
f 120/120/120 354/354/354 99/99/99
f 98/98/98 100/100/100 99/99/99
f 98/98/98 99/99/99 97/97/97
f 22/22/22 36/36/36 174/174/174
f 22/22/22 174/174/174 166/166/166
f 109/109/109 98/98/98 97/97/97
f 109/109/109 97/97/97 108/108/108
f 92/92/92 95/95/95 93/93/93
f 92/92/92 93/93/93 91/91/91
f 90/90/90 92/92/92 91/91/91
f 90/90/90 91/91/91 89/89/89
f 88/88/88 90/90/90 89/89/89
f 88/88/88 89/89/89 87/87/87
f 78/78/78 88/88/88 87/87/87
f 78/78/78 87/87/87 76/76/76
f 96/96/96 86/86/86 85/85/85
f 96/96/96 85/85/85 94/94/94
f 80/80/80 84/84/84 83/83/83
f 80/80/80 83/83/83 79/79/79
f 72/72/72 82/82/82 81/81/81
f 72/72/72 81/81/81 71/71/71
f 82/82/82 80/80/80 79/79/79
f 82/82/82 79/79/79 81/81/81
f 84/84/84 77/77/77 75/75/75
f 84/84/84 75/75/75 83/83/83
f 5/5/5 126/126/126 202/202/202
f 5/5/5 202/202/202 154/154/154
f 122/122/122 385/385/385 314/314/314
f 122/122/122 314/314/314 4/4/4
f 106/106/106 73/73/73 74/74/74
f 106/106/106 74/74/74 107/107/107
f 71/71/71 106/106/106 107/107/107
f 71/71/71 107/107/107 72/72/72
f 149/149/149 109/109/109 108/108/108
f 149/149/149 108/108/108 147/147/147
f 86/86/86 150/150/150 148/148/148
f 86/86/86 148/148/148 85/85/85
f 117/117/117 102/102/102 101/101/101
f 117/117/117 101/101/101 116/116/116
f 116/116/116 112/112/112 114/114/114
f 116/116/116 114/114/114 117/117/117
f 141/141/141 392/392/392 395/395/395
f 141/141/141 395/395/395 142/142/142
f 121/121/121 119/119/119 118/118/118
f 121/121/121 118/118/118 120/120/120
f 113/113/113 118/118/118 119/119/119
f 113/113/113 119/119/119 115/115/115
f 217/217/217 221/221/221 208/208/208
f 217/217/217 208/208/208 137/137/137
f 122/122/122 201/201/201 205/205/205
f 202/202/202 126/126/126 128/128/128
f 202/202/202 128/128/128 203/203/203
f 204/204/204 131/131/131 125/125/125
f 204/204/204 125/125/125 199/199/199
f 220/220/220 218/218/218 139/139/139
f 220/220/220 139/139/139 210/210/210
f 105/105/105 103/103/103 708/708/708
f 105/105/105 708/708/708 706/706/706
f 718/718/718 304/304/304 297/297/297
f 718/718/718 297/297/297 711/711/711
f 181/181/181 182/182/182 110/110/110
f 181/181/181 110/110/110 47/47/47
f 216/216/216 145/145/145 143/143/143
f 216/216/216 143/143/143 213/213/213
f 40/40/40 57/57/57 348/348/348
f 40/40/40 348/348/348 350/350/350
f 149/149/149 147/147/147 148/148/148
f 149/149/149 148/148/148 150/150/150
f 188/188/188 177/177/177 178/178/178
f 188/188/188 178/178/178 187/187/187
f 186/186/186 151/151/151 152/152/152
f 186/186/186 152/152/152 185/185/185
f 219/219/219 717/717/717 709/709/709
f 219/219/219 709/709/709 104/104/104
f 209/209/209 184/184/184 183/183/183
f 209/209/209 183/183/183 207/207/207
f 177/177/177 179/179/179 180/180/180
f 177/177/177 180/180/180 178/178/178
f 176/176/176 165/165/165 166/166/166
f 176/176/176 166/166/166 174/174/174
f 172/172/172 175/175/175 173/173/173
f 172/172/172 173/173/173 171/171/171
f 170/170/170 172/172/172 171/171/171
f 170/170/170 171/171/171 169/169/169
f 168/168/168 170/170/170 169/169/169
f 168/168/168 169/169/169 167/167/167
f 158/158/158 168/168/168 167/167/167
f 158/158/158 167/167/167 156/156/156
f 164/164/164 157/157/157 155/155/155
f 164/164/164 155/155/155 163/163/163
f 162/162/162 159/159/159 160/160/160
f 162/162/162 160/160/160 161/161/161
f 159/159/159 164/164/164 163/163/163
f 159/159/159 163/163/163 160/160/160
f 151/151/151 162/162/162 161/161/161
f 151/151/151 161/161/161 152/152/152
f 153/153/153 186/186/186 185/185/185
f 153/153/153 185/185/185 154/154/154
f 194/194/194 182/182/182 181/181/181
f 194/194/194 181/181/181 193/193/193
f 193/193/193 189/189/189 191/191/191
f 193/193/193 191/191/191 194/194/194
f 69/69/69 43/43/43 180/180/180
f 69/69/69 180/180/180 198/198/198
f 197/197/197 195/195/195 196/196/196
f 197/197/197 196/196/196 198/198/198
f 190/190/190 196/196/196 195/195/195
f 190/190/190 195/195/195 192/192/192
f 205/205/205 201/201/201 202/202/202
f 205/205/205 202/202/202 203/203/203
f 200/200/200 206/206/206 204/204/204
f 200/200/200 204/204/204 199/199/199
f 220/220/220 210/210/210 208/208/208
f 220/220/220 208/208/208 221/221/221
f 214/214/214 215/215/215 216/216/216
f 214/214/214 216/216/216 213/213/213
f 187/187/187 216/216/216 215/215/215
f 187/187/187 215/215/215 188/188/188
f 213/213/213 166/166/166 165/165/165
f 213/213/213 165/165/165 214/214/214
f 16/16/16 2/2/2 152/152/152
f 16/16/16 152/152/152 161/161/161
f 54/54/54 4/4/4 314/314/314
f 54/54/54 314/314/314 312/312/312
f 202/202/202 201/201/201 153/153/153
f 202/202/202 153/153/153 154/154/154
f 211/211/211 220/220/220 221/221/221
f 211/211/211 221/221/221 212/212/212
f 269/269/269 304/304/304 718/718/718
f 269/269/269 718/718/718 714/714/714
f 211/211/211 48/48/48 218/218/218
f 211/211/211 218/218/218 220/220/220
f 49/49/49 212/212/212 221/221/221
f 49/49/49 221/221/221 217/217/217
f 393/393/393 148/148/148 147/147/147
f 393/393/393 147/147/147 396/396/396
f 389/389/389 140/140/140 219/219/219
f 389/389/389 219/219/219 398/398/398
f 799/799/799 766/766/766 133/133/133
f 799/799/799 133/133/133 384/384/384
f 756/756/756 689/689/689 696/696/696
f 756/756/756 696/696/696 795/795/795
f 284/284/284 119/119/119 121/121/121
f 284/284/284 121/121/121 287/287/287
f 228/228/228 77/77/77 84/84/84
f 228/228/228 84/84/84 240/240/240
f 237/237/237 82/82/82 72/72/72
f 237/237/237 72/72/72 222/222/222
f 234/234/234 80/80/80 82/82/82
f 234/234/234 82/82/82 237/237/237
f 252/252/252 92/92/92 90/90/90
f 252/252/252 90/90/90 249/249/249
f 255/255/255 95/95/95 92/92/92
f 255/255/255 92/92/92 252/252/252
f 261/261/261 98/98/98 109/109/109
f 261/261/261 109/109/109 274/274/274
f 264/264/264 100/100/100 98/98/98
f 264/264/264 98/98/98 261/261/261
f 132/132/132 73/73/73 315/315/315
f 132/132/132 315/315/315 383/383/383
f 693/693/693 752/752/752 705/705/705
f 693/693/693 705/705/705 270/270/270
f 246/246/246 88/88/88 78/78/78
f 246/246/246 78/78/78 229/229/229
f 271/271/271 107/107/107 74/74/74
f 271/271/271 74/74/74 225/225/225
f 243/243/243 86/86/86 96/96/96
f 243/243/243 96/96/96 256/256/256
f 249/249/249 90/90/90 88/88/88
f 249/249/249 88/88/88 246/246/246
f 282/282/282 117/117/117 114/114/114
f 282/282/282 114/114/114 277/277/277
f 240/240/240 84/84/84 80/80/80
f 240/240/240 80/80/80 234/234/234
f 267/267/267 102/102/102 117/117/117
f 267/267/267 117/117/117 282/282/282
f 278/278/278 115/115/115 119/119/119
f 278/278/278 119/119/119 284/284/284
f 287/287/287 121/121/121 100/100/100
f 287/287/287 100/100/100 264/264/264
f 111/111/111 747/747/747 576/576/576
f 298/298/298 149/149/149 150/150/150
f 298/298/298 150/150/150 301/301/301
f 271/271/271 225/225/225 226/226/226
f 271/271/271 226/226/226 272/272/272
f 577/577/577 723/723/723 730/730/730
f 577/577/577 730/730/730 588/588/588
f 199/199/199 778/778/778 775/775/775
f 199/199/199 775/775/775 200/200/200
f 292/292/292 788/788/788 827/827/827
f 292/292/292 827/827/827 585/585/585
f 264/264/264 261/261/261 262/262/262
f 264/264/264 262/262/262 265/265/265
f 261/261/261 274/274/274 275/275/275
f 261/261/261 275/275/275 262/262/262
f 255/255/255 252/252/252 253/253/253
f 255/255/255 253/253/253 257/257/257
f 252/252/252 249/249/249 250/250/250
f 252/252/252 250/250/250 253/253/253
f 249/249/249 246/246/246 247/247/247
f 249/249/249 247/247/247 250/250/250
f 246/246/246 229/229/229 232/232/232
f 246/246/246 232/232/232 247/247/247
f 243/243/243 256/256/256 259/259/259
f 243/243/243 259/259/259 244/244/244
f 240/240/240 234/234/234 235/235/235
f 240/240/240 235/235/235 241/241/241
f 237/237/237 222/222/222 223/223/223
f 237/237/237 223/223/223 238/238/238
f 234/234/234 237/237/237 238/238/238
f 234/234/234 238/238/238 235/235/235
f 228/228/228 240/240/240 241/241/241
f 228/228/228 241/241/241 230/230/230
f 222/222/222 271/271/271 272/272/272
f 222/222/222 272/272/272 223/223/223
f 283/283/283 268/268/268 267/267/267
f 283/283/283 267/267/267 282/282/282
f 279/279/279 283/283/283 282/282/282
f 279/279/279 282/282/282 277/277/277
f 288/288/288 285/285/285 284/284/284
f 288/288/288 284/284/284 287/287/287
f 285/285/285 280/280/280 278/278/278
f 285/285/285 278/278/278 284/284/284
f 265/265/265 288/288/288 287/287/287
f 265/265/265 287/287/287 264/264/264
f 293/293/293 226/226/226 225/225/225
f 293/293/293 225/225/225 290/290/290
f 134/134/134 290/290/290 225/225/225
f 134/134/134 225/225/225 74/74/74
f 735/735/735 591/591/591 587/587/587
f 735/735/735 587/587/587 729/729/729
f 302/302/302 299/299/299 298/298/298
f 302/302/302 298/298/298 301/301/301
f 244/244/244 302/302/302 301/301/301
f 244/244/244 301/301/301 243/243/243
f 299/299/299 275/275/275 274/274/274
f 299/299/299 274/274/274 298/298/298
f 720/720/720 576/576/576 591/591/591
f 720/720/720 591/591/591 735/735/735
f 140/140/140 715/715/715 717/717/717
f 140/140/140 717/717/717 219/219/219
f 357/357/357 359/359/359 116/116/116
f 357/357/357 116/116/116 101/101/101
f 111/111/111 721/721/721 269/269/269
f 391/391/391 390/390/390 111/111/111
f 45/45/45 40/40/40 350/350/350
f 45/45/45 350/350/350 353/353/353
f 111/111/111 211/211/211 212/212/212
f 322/322/322 318/318/318 83/83/83
f 322/322/322 83/83/83 75/75/75
f 182/182/182 46/46/46 356/356/356
f 182/182/182 356/356/356 110/110/110
f 374/374/374 59/59/59 65/65/65
f 374/374/374 65/65/65 377/377/377
f 24/24/24 39/39/39 336/336/336
f 24/24/24 336/336/336 332/332/332
f 113/113/113 372/372/372 378/378/378
f 113/113/113 378/378/378 118/118/118
f 354/354/354 351/351/351 97/97/97
f 354/354/354 97/97/97 99/99/99
f 306/306/306 311/311/311 106/106/106
f 306/306/306 106/106/106 71/71/71
f 351/351/351 347/347/347 108/108/108
f 351/351/351 108/108/108 97/97/97
f 326/326/326 323/323/323 76/76/76
f 326/326/326 76/76/76 87/87/87
f 105/105/105 369/369/369 362/362/362
f 105/105/105 362/362/362 103/103/103
f 270/270/270 296/296/296 727/727/727
f 270/270/270 727/727/727 724/724/724
f 18/18/18 1/1/1 305/305/305
f 18/18/18 305/305/305 309/309/309
f 360/360/360 64/64/64 58/58/58
f 360/360/360 58/58/58 373/373/373
f 398/398/398 219/219/219 104/104/104
f 398/398/398 104/104/104 363/363/363
f 110/110/110 357/357/357 101/101/101
f 110/110/110 101/101/101 102/102/102
f 332/332/332 392/392/392 141/141/141
f 332/332/332 141/141/141 24/24/24
f 33/33/33 30/30/30 342/342/342
f 33/33/33 342/342/342 344/344/344
f 341/341/341 326/326/326 87/87/87
f 341/341/341 87/87/87 89/89/89
f 345/345/345 341/341/341 89/89/89
f 345/345/345 89/89/89 91/91/91
f 329/329/329 308/308/308 81/81/81
f 329/329/329 81/81/81 79/79/79
f 318/318/318 329/329/329 79/79/79
f 318/318/318 79/79/79 83/83/83
f 11/11/11 21/21/21 317/317/317
f 11/11/11 317/317/317 320/320/320
f 46/46/46 64/64/64 360/360/360
f 46/46/46 360/360/360 356/356/356
f 831/831/831 806/806/806 475/475/475
f 831/831/831 475/475/475 672/672/672
f 694/694/694 798/798/798 803/803/803
f 694/694/694 803/803/803 695/695/695
f 389/389/389 398/398/398 400/400/400
f 389/389/389 400/400/400 391/391/391
f 391/391/391 400/400/400 399/399/399
f 391/391/391 399/399/399 390/390/390
f 315/315/315 311/311/311 313/313/313
f 315/315/315 313/313/313 316/316/316
f 316/316/316 313/313/313 312/312/312
f 316/316/316 312/312/312 314/314/314
f 396/396/396 347/347/347 349/349/349
f 396/396/396 349/349/349 397/397/397
f 397/397/397 349/349/349 348/348/348
f 397/397/397 348/348/348 395/395/395
f 393/393/393 396/396/396 397/397/397
f 393/393/393 397/397/397 394/394/394
f 394/394/394 397/397/397 395/395/395
f 394/394/394 395/395/395 392/392/392
f 383/383/383 315/315/315 316/316/316
f 383/383/383 316/316/316 387/387/387
f 387/387/387 316/316/316 314/314/314
f 387/387/387 314/314/314 385/385/385
f 381/381/381 353/353/353 355/355/355
f 381/381/381 355/355/355 382/382/382
f 382/382/382 355/355/355 354/354/354
f 382/382/382 354/354/354 380/380/380
f 374/374/374 377/377/377 379/379/379
f 374/374/374 379/379/379 376/376/376
f 376/376/376 379/379/379 378/378/378
f 376/376/376 378/378/378 372/372/372
f 392/392/392 332/332/332 334/334/334
f 392/392/392 334/334/334 394/394/394
f 394/394/394 334/334/334 333/333/333
f 394/394/394 333/333/333 393/393/393
f 380/380/380 378/378/378 379/379/379
f 380/380/380 379/379/379 382/382/382
f 382/382/382 379/379/379 377/377/377
f 382/382/382 377/377/377 381/381/381
f 351/351/351 354/354/354 355/355/355
f 351/351/351 355/355/355 352/352/352
f 352/352/352 355/355/355 353/353/353
f 352/352/352 353/353/353 350/350/350
f 306/306/306 308/308/308 310/310/310
f 306/306/306 310/310/310 307/307/307
f 307/307/307 310/310/310 309/309/309
f 307/307/307 309/309/309 305/305/305
f 347/347/347 351/351/351 352/352/352
f 347/347/347 352/352/352 349/349/349
f 349/349/349 352/352/352 350/350/350
f 349/349/349 350/350/350 348/348/348
f 323/323/323 326/326/326 328/328/328
f 323/323/323 328/328/328 325/325/325
f 325/325/325 328/328/328 327/327/327
f 325/325/325 327/327/327 321/321/321
f 398/398/398 363/363/363 367/367/367
f 398/398/398 367/367/367 400/400/400
f 400/400/400 367/367/367 365/365/365
f 400/400/400 365/365/365 399/399/399
f 694/694/694 369/369/369 105/105/105
f 694/694/694 105/105/105 690/690/690
f 799/799/799 384/384/384 388/388/388
f 799/799/799 388/388/388 802/802/802
f 311/311/311 306/306/306 307/307/307
f 311/311/311 307/307/307 313/313/313
f 313/313/313 307/307/307 305/305/305
f 313/313/313 305/305/305 312/312/312
f 360/360/360 373/373/373 375/375/375
f 360/360/360 375/375/375 361/361/361
f 361/361/361 375/375/375 371/371/371
f 361/361/361 371/371/371 359/359/359
f 368/368/368 364/364/364 366/366/366
f 368/368/368 366/366/366 370/370/370
f 370/370/370 366/366/366 362/362/362
f 370/370/370 362/362/362 369/369/369
f 359/359/359 357/357/357 358/358/358
f 359/359/359 358/358/358 361/361/361
f 361/361/361 358/358/358 356/356/356
f 361/361/361 356/356/356 360/360/360
f 338/338/338 333/333/333 334/334/334
f 338/338/338 334/334/334 340/340/340
f 340/340/340 334/334/334 332/332/332
f 340/340/340 332/332/332 336/336/336
f 345/345/345 337/337/337 339/339/339
f 345/345/345 339/339/339 346/346/346
f 346/346/346 339/339/339 335/335/335
f 346/346/346 335/335/335 344/344/344
f 326/326/326 341/341/341 343/343/343
f 326/326/326 343/343/343 328/328/328
f 328/328/328 343/343/343 342/342/342
f 328/328/328 342/342/342 327/327/327
f 341/341/341 345/345/345 346/346/346
f 341/341/341 346/346/346 343/343/343
f 343/343/343 346/346/346 344/344/344
f 343/343/343 344/344/344 342/342/342
f 308/308/308 329/329/329 331/331/331
f 308/308/308 331/331/331 310/310/310
f 310/310/310 331/331/331 330/330/330
f 310/310/310 330/330/330 309/309/309
f 318/318/318 322/322/322 324/324/324
f 318/318/318 324/324/324 319/319/319
f 319/319/319 324/324/324 320/320/320
f 319/319/319 320/320/320 317/317/317
f 329/329/329 318/318/318 319/319/319
f 329/329/329 319/319/319 331/331/331
f 331/331/331 319/319/319 317/317/317
f 331/331/331 317/317/317 330/330/330
f 110/110/110 356/356/356 358/358/358
f 110/110/110 358/358/358 357/357/357
f 110/110/110 102/102/102 267/267/267
f 110/110/110 267/267/267 268/268/268
f 111/111/111 390/390/390 48/48/48
f 132/132/132 134/134/134 74/74/74
f 132/132/132 74/74/74 73/73/73
f 409/409/409 614/614/614 608/608/608
f 409/409/409 608/608/608 404/404/404
f 407/407/407 604/604/604 617/617/617
f 407/407/407 617/617/617 405/405/405
f 527/527/527 420/420/420 485/485/485
f 527/527/527 485/485/485 554/554/554
f 598/598/598 461/461/461 428/428/428
f 598/598/598 428/428/428 602/602/602
f 683/683/683 634/634/634 463/463/463
f 683/683/683 463/463/463 486/486/486
f 440/440/440 620/620/620 680/680/680
f 440/440/440 680/680/680 487/487/487
f 412/412/412 622/622/622 631/631/631
f 412/412/412 631/631/631 411/411/411
f 624/624/624 448/448/448 446/446/446
f 624/624/624 446/446/446 632/632/632
f 469/469/469 465/465/465 658/658/658
f 469/469/469 658/658/658 646/646/646
f 802/802/802 388/388/388 386/386/386
f 802/802/802 386/386/386 794/794/794
f 537/537/537 536/536/536 518/518/518
f 537/537/537 518/518/518 519/519/519
f 556/556/556 482/482/482 652/652/652
f 556/556/556 652/652/652 686/686/686
f 416/416/416 423/423/423 533/533/533
f 416/416/416 533/533/533 521/521/521
f 405/405/405 617/617/617 596/596/596
f 405/405/405 596/596/596 406/406/406
f 8/8/8 494/494/494 502/502/502
f 8/8/8 502/502/502 20/20/20
f 655/655/655 651/651/651 481/481/481
f 655/655/655 481/481/481 418/418/418
f 410/410/410 629/629/629 614/614/614
f 410/410/410 614/614/614 409/409/409
f 485/485/485 420/420/420 635/635/635
f 485/485/485 635/635/635 682/682/682
f 401/401/401 592/592/592 599/599/599
f 401/401/401 599/599/599 419/419/419
f 668/668/668 640/640/640 415/415/415
f 668/668/668 415/415/415 425/425/425
f 474/474/474 455/455/455 454/454/454
f 474/474/474 454/454/454 473/473/473
f 425/425/425 424/424/424 664/664/664
f 425/425/425 664/664/664 668/668/668
f 560/560/560 578/578/578 462/462/462
f 560/560/560 462/462/462 427/427/427
f 589/589/589 488/488/488 464/464/464
f 589/589/589 464/464/464 579/579/579
f 835/835/835 810/810/810 698/698/698
f 835/835/835 698/698/698 702/702/702
f 826/826/826 701/701/701 755/755/755
f 826/826/826 755/755/755 815/815/815
f 529/529/529 535/535/535 68/68/68
f 529/529/529 68/68/68 62/62/62
f 620/620/620 440/440/440 449/449/449
f 620/620/620 449/449/449 625/625/625
f 567/567/567 441/441/441 489/489/489
f 567/567/567 489/489/489 590/590/590
f 595/595/595 436/436/436 426/426/426
f 595/595/595 426/426/426 593/593/593
f 516/516/516 414/414/414 420/420/420
f 516/516/516 420/420/420 527/527/527
f 518/518/518 415/415/415 414/414/414
f 518/518/518 414/414/414 516/516/516
f 490/490/490 401/401/401 419/419/419
f 490/490/490 419/419/419 525/525/525
f 501/501/501 406/406/406 401/401/401
f 501/501/501 401/401/401 490/490/490
f 697/697/697 704/704/704 655/655/655
f 697/697/697 655/655/655 418/418/418
f 50/50/50 522/522/522 546/546/546
f 50/50/50 546/546/546 136/136/136
f 703/703/703 704/704/704 830/830/830
f 703/703/703 830/830/830 838/838/838
f 523/523/523 418/418/418 481/481/481
f 523/523/523 481/481/481 548/548/548
f 56/56/56 526/526/526 555/555/555
f 56/56/56 555/555/555 146/146/146
f 536/536/536 425/425/425 415/415/415
f 536/536/536 415/415/415 518/518/518
f 423/423/423 421/421/421 530/530/530
f 423/423/423 530/530/530 533/533/533
f 520/520/520 532/532/532 63/63/63
f 520/520/520 63/63/63 47/47/47
f 483/483/483 746/746/746 111/111/111
f 42/42/42 517/517/517 526/526/526
f 42/42/42 526/526/526 56/56/56
f 532/532/532 528/528/528 60/60/60
f 532/532/532 60/60/60 63/63/63
f 504/504/504 408/408/408 413/413/413
f 504/504/504 413/413/413 515/515/515
f 553/553/553 484/484/484 408/408/408
f 553/553/553 408/408/408 504/504/504
f 29/29/29 508/508/508 506/506/506
f 29/29/29 506/506/506 26/26/26
f 514/514/514 412/412/412 411/411/411
f 514/514/514 411/411/411 511/511/511
f 44/44/44 519/519/519 517/517/517
f 44/44/44 517/517/517 42/42/42
f 511/511/511 411/411/411 410/410/410
f 511/511/511 410/410/410 509/509/509
f 35/35/35 512/512/512 510/510/510
f 35/35/35 510/510/510 32/32/32
f 509/509/509 410/410/410 409/409/409
f 509/509/509 409/409/409 507/507/507
f 32/32/32 510/510/510 508/508/508
f 32/32/32 508/508/508 29/29/29
f 507/507/507 409/409/409 404/404/404
f 507/507/507 404/404/404 497/497/497
f 496/496/496 403/403/403 407/407/407
f 496/496/496 407/407/407 503/503/503
f 26/26/26 506/506/506 495/495/495
f 26/26/26 495/495/495 10/10/10
f 20/20/20 502/502/502 499/499/499
f 20/20/20 499/499/499 15/15/15
f 498/498/498 405/405/405 406/406/406
f 498/498/498 406/406/406 501/501/501
f 503/503/503 407/407/407 405/405/405
f 503/503/503 405/405/405 498/498/498
f 15/15/15 499/499/499 500/500/500
f 15/15/15 500/500/500 17/17/17
f 144/144/144 552/552/552 505/505/505
f 144/144/144 505/505/505 23/23/23
f 3/3/3 491/491/491 524/524/524
f 3/3/3 524/524/524 53/53/53
f 53/53/53 524/524/524 493/493/493
f 53/53/53 493/493/493 6/6/6
f 525/525/525 419/419/419 402/402/402
f 525/525/525 402/402/402 492/492/492
f 492/492/492 402/402/402 476/476/476
f 492/492/492 476/476/476 540/540/540
f 807/807/807 830/830/830 704/704/704
f 807/807/807 704/704/704 697/697/697
f 699/699/699 697/697/697 418/418/418
f 699/699/699 418/418/418 523/523/523
f 422/422/422 424/424/424 534/534/534
f 422/422/422 534/534/534 531/531/531
f 485/485/485 484/484/484 553/553/553
f 485/485/485 553/553/553 554/554/554
f 667/667/667 665/665/665 471/471/471
f 667/667/667 471/471/471 473/473/473
f 475/475/475 539/539/539 544/544/544
f 536/536/536 534/534/534 424/424/424
f 536/536/536 424/424/424 425/425/425
f 70/70/70 68/68/68 535/535/535
f 70/70/70 535/535/535 537/537/537
f 417/417/417 556/556/556 686/686/686
f 417/417/417 686/686/686 677/677/677
f 688/688/688 700/700/700 522/522/522
f 688/688/688 522/522/522 50/50/50
f 762/762/762 822/822/822 700/700/700
f 762/762/762 700/700/700 688/688/688
f 577/577/577 588/588/588 741/741/741
f 577/577/577 741/741/741 738/738/738
f 473/473/473 454/454/454 641/641/641
f 473/473/473 641/641/641 667/667/667
f 453/453/453 452/452/452 454/454/454
f 453/453/453 454/454/454 455/455/455
f 23/23/23 505/505/505 513/513/513
f 23/23/23 513/513/513 37/37/37
f 464/464/464 463/463/463 452/452/452
f 464/464/464 452/452/452 453/453/453
f 447/447/447 446/446/446 448/448/448
f 447/447/447 448/448/448 450/450/450
f 445/445/445 444/444/444 446/446/446
f 445/445/445 446/446/446 447/447/447
f 443/443/443 442/442/442 444/444/444
f 443/443/443 444/444/444 445/445/445
f 433/433/433 431/431/431 442/442/442
f 433/433/433 442/442/442 443/443/443
f 451/451/451 449/449/449 440/440/440
f 451/451/451 440/440/440 441/441/441
f 435/435/435 434/434/434 438/438/438
f 435/435/435 438/438/438 439/439/439
f 427/427/427 426/426/426 436/436/436
f 427/427/427 436/436/436 437/437/437
f 437/437/437 436/436/436 434/434/434
f 437/437/437 434/434/434 435/435/435
f 439/439/439 438/438/438 430/430/430
f 439/439/439 430/430/430 432/432/432
f 6/6/6 493/493/493 541/541/541
f 6/6/6 541/541/541 127/127/127
f 476/476/476 402/402/402 601/601/601
f 476/476/476 601/601/601 673/673/673
f 461/461/461 462/462/462 429/429/429
f 461/461/461 429/429/429 428/428/428
f 426/426/426 427/427/427 462/462/462
f 426/426/426 462/462/462 461/461/461
f 488/488/488 486/486/486 463/463/463
f 488/488/488 463/463/463 464/464/464
f 441/441/441 440/440/440 487/487/487
f 441/441/441 487/487/487 489/489/489
f 470/470/470 469/469/469 456/456/456
f 470/470/470 456/456/456 457/457/457
f 469/469/469 470/470/470 467/467/467
f 469/469/469 467/467/467 465/465/465
f 484/484/484 485/485/485 682/682/682
f 484/484/484 682/682/682 679/679/679
f 474/474/474 473/473/473 471/471/471
f 474/474/474 471/471/471 472/472/472
f 466/466/466 468/468/468 472/472/472
f 466/466/466 472/472/472 471/471/471
f 217/217/217 137/137/137 547/547/547
f 217/217/217 547/547/547 559/559/559
f 476/476/476 545/545/545 540/540/540
f 541/541/541 543/543/543 130/130/130
f 541/541/541 130/130/130 127/127/127
f 542/542/542 538/538/538 124/124/124
f 542/542/542 124/124/124 129/129/129
f 558/558/558 549/549/549 482/482/482
f 558/558/558 482/482/482 556/556/556
f 460/460/460 737/737/737 743/743/743
f 460/460/460 743/743/743 459/459/459
f 749/749/749 740/740/740 587/587/587
f 749/749/749 587/587/587 591/591/591
f 520/520/520 47/47/47 110/110/110
f 520/520/520 110/110/110 521/521/521
f 555/555/555 552/552/552 144/144/144
f 555/555/555 144/144/144 146/146/146
f 414/414/414 637/637/637 635/635/635
f 414/414/414 635/635/635 420/420/420
f 488/488/488 489/489/489 487/487/487
f 488/488/488 487/487/487 486/486/486
f 527/527/527 526/526/526 517/517/517
f 527/527/527 517/517/517 516/516/516
f 525/525/525 524/524/524 491/491/491
f 525/525/525 491/491/491 490/490/490
f 557/557/557 458/458/458 742/742/742
f 557/557/557 742/742/742 750/750/750
f 548/548/548 546/546/546 522/522/522
f 548/548/548 522/522/522 523/523/523
f 516/516/516 517/517/517 519/519/519
f 516/516/516 519/519/519 518/518/518
f 515/515/515 513/513/513 505/505/505
f 515/515/515 505/505/505 504/504/504
f 511/511/511 510/510/510 512/512/512
f 511/511/511 512/512/512 514/514/514
f 509/509/509 508/508/508 510/510/510
f 509/509/509 510/510/510 511/511/511
f 507/507/507 506/506/506 508/508/508
f 507/507/507 508/508/508 509/509/509
f 497/497/497 495/495/495 506/506/506
f 497/497/497 506/506/506 507/507/507
f 503/503/503 502/502/502 494/494/494
f 503/503/503 494/494/494 496/496/496
f 501/501/501 500/500/500 499/499/499
f 501/501/501 499/499/499 498/498/498
f 498/498/498 499/499/499 502/502/502
f 498/498/498 502/502/502 503/503/503
f 490/490/490 491/491/491 500/500/500
f 490/490/490 500/500/500 501/501/501
f 492/492/492 493/493/493 524/524/524
f 492/492/492 524/524/524 525/525/525
f 533/533/533 532/532/532 520/520/520
f 533/533/533 520/520/520 521/521/521
f 532/532/532 533/533/533 530/530/530
f 532/532/532 530/530/530 528/528/528
f 70/70/70 537/537/537 519/519/519
f 70/70/70 519/519/519 44/44/44
f 536/536/536 537/537/537 535/535/535
f 536/536/536 535/535/535 534/534/534
f 529/529/529 531/531/531 534/534/534
f 529/529/529 534/534/534 535/535/535
f 545/545/545 543/543/543 541/541/541
f 545/545/545 541/541/541 540/540/540
f 539/539/539 538/538/538 542/542/542
f 539/539/539 542/542/542 544/544/544
f 558/558/558 559/559/559 547/547/547
f 558/558/558 547/547/547 549/549/549
f 553/553/553 552/552/552 555/555/555
f 553/553/553 555/555/555 554/554/554
f 526/526/526 527/527/527 554/554/554
f 526/526/526 554/554/554 555/555/555
f 552/552/552 553/553/553 504/504/504
f 552/552/552 504/504/504 505/505/505
f 17/17/17 500/500/500 491/491/491
f 17/17/17 491/491/491 3/3/3
f 419/419/419 599/599/599 601/601/601
f 419/419/419 601/601/601 402/402/402
f 541/541/541 493/493/493 492/492/492
f 541/541/541 492/492/492 540/540/540
f 550/550/550 551/551/551 559/559/559
f 550/550/550 559/559/559 558/558/558
f 133/133/133 766/766/766 771/771/771
f 133/133/133 771/771/771 135/135/135
f 550/550/550 558/558/558 556/556/556
f 550/550/550 556/556/556 417/417/417
f 49/49/49 217/217/217 559/559/559
f 49/49/49 559/559/559 551/551/551
f 680/680/680 683/683/683 486/486/486
f 680/680/680 486/486/486 487/487/487
f 676/676/676 685/685/685 557/557/557
f 676/676/676 557/557/557 483/483/483
f 477/477/477 811/811/811 834/834/834
f 477/477/477 834/834/834 670/670/670
f 806/806/806 818/818/818 539/539/539
f 806/806/806 539/539/539 475/475/475
f 583/583/583 584/584/584 474/474/474
f 583/583/583 474/474/474 472/472/472
f 562/562/562 566/566/566 439/439/439
f 562/562/562 439/439/439 432/432/432
f 565/565/565 560/560/560 427/427/427
f 565/565/565 427/427/427 437/437/437
f 564/564/564 565/565/565 437/437/437
f 564/564/564 437/437/437 435/435/435
f 570/570/570 569/569/569 445/445/445
f 570/570/570 445/445/445 447/447/447
f 571/571/571 570/570/570 447/447/447
f 571/571/571 447/447/447 450/450/450
f 573/573/573 579/579/579 464/464/464
f 573/573/573 464/464/464 453/453/453
f 574/574/574 573/573/573 453/453/453
f 574/574/574 453/453/453 455/455/455
f 478/478/478 671/671/671 602/602/602
f 478/478/478 602/602/602 428/428/428
f 701/701/701 577/577/577 738/738/738
f 701/701/701 738/738/738 755/755/755
f 568/568/568 563/563/563 433/433/433
f 568/568/568 433/433/433 443/443/443
f 578/578/578 561/561/561 429/429/429
f 578/578/578 429/429/429 462/462/462
f 567/567/567 572/572/572 451/451/451
f 567/567/567 451/451/451 441/441/441
f 569/569/569 568/568/568 443/443/443
f 569/569/569 443/443/443 445/445/445
f 582/582/582 580/580/580 467/467/467
f 582/582/582 467/467/467 470/470/470
f 566/566/566 564/564/564 435/435/435
f 566/566/566 435/435/435 439/439/439
f 575/575/575 582/582/582 470/470/470
f 575/575/575 470/470/470 457/457/457
f 581/581/581 583/583/583 472/472/472
f 581/581/581 472/472/472 468/468/468
f 584/584/584 574/574/574 455/455/455
f 584/584/584 455/455/455 474/474/474
f 483/483/483 557/557/557 750/750/750
f 483/483/483 750/750/750 746/746/746
f 589/589/589 590/590/590 489/489/489
f 589/589/589 489/489/489 488/488/488
f 578/578/578 273/273/273 227/227/227
f 578/578/578 227/227/227 561/561/561
f 701/701/701 754/754/754 723/723/723
f 701/701/701 723/723/723 577/577/577
f 538/538/538 539/539/539 818/818/818
f 538/538/538 818/818/818 823/823/823
f 826/826/826 787/787/787 754/754/754
f 826/826/826 754/754/754 701/701/701
f 574/574/574 266/266/266 263/263/263
f 574/574/574 263/263/263 573/573/573
f 573/573/573 263/263/263 276/276/276
f 573/573/573 276/276/276 579/579/579
f 571/571/571 258/258/258 254/254/254
f 571/571/571 254/254/254 570/570/570
f 570/570/570 254/254/254 251/251/251
f 570/570/570 251/251/251 569/569/569
f 569/569/569 251/251/251 248/248/248
f 569/569/569 248/248/248 568/568/568
f 568/568/568 248/248/248 233/233/233
f 568/568/568 233/233/233 563/563/563
f 567/567/567 245/245/245 260/260/260
f 567/567/567 260/260/260 572/572/572
f 566/566/566 242/242/242 236/236/236
f 566/566/566 236/236/236 564/564/564
f 565/565/565 239/239/239 224/224/224
f 565/565/565 224/224/224 560/560/560
f 564/564/564 236/236/236 239/239/239
f 564/564/564 239/239/239 565/565/565
f 562/562/562 231/231/231 242/242/242
f 562/562/562 242/242/242 566/566/566
f 560/560/560 224/224/224 273/273/273
f 560/560/560 273/273/273 578/578/578
f 283/283/283 582/582/582 575/575/575
f 283/283/283 575/575/575 268/268/268
f 279/279/279 580/580/580 582/582/582
f 279/279/279 582/582/582 283/283/283
f 289/289/289 584/584/584 583/583/583
f 289/289/289 583/583/583 286/286/286
f 286/286/286 583/583/583 581/581/581
f 286/286/286 581/581/581 281/281/281
f 266/266/266 574/574/574 584/584/584
f 266/266/266 584/584/584 289/289/289
f 294/294/294 586/586/586 561/561/561
f 294/294/294 561/561/561 227/227/227
f 480/480/480 429/429/429 561/561/561
f 480/480/480 561/561/561 586/586/586
f 698/698/698 755/755/755 737/737/737
f 698/698/698 737/737/737 460/460/460
f 303/303/303 590/590/590 589/589/589
f 303/303/303 589/589/589 300/300/300
f 245/245/245 567/567/567 590/590/590
f 245/245/245 590/590/590 303/303/303
f 300/300/300 589/589/589 579/579/579
f 300/300/300 579/579/579 276/276/276
f 693/693/693 270/270/270 724/724/724
f 693/693/693 724/724/724 753/753/753
f 721/721/721 734/734/734 304/304/304
f 721/721/721 304/304/304 269/269/269
f 644/644/644 456/456/456 469/469/469
f 644/644/644 469/469/469 646/646/646
f 576/576/576 747/747/747 749/749/749
f 576/576/576 749/749/749 591/591/591
f 111/111/111 677/677/677 678/678/678
f 415/415/415 640/640/640 637/637/637
f 415/415/415 637/637/637 414/414/414
f 111/111/111 49/49/49 551/551/551
f 609/609/609 430/430/430 438/438/438
f 609/609/609 438/438/438 605/605/605
f 521/521/521 110/110/110 643/643/643
f 521/521/521 643/643/643 416/416/416
f 661/661/661 664/664/664 424/424/424
f 661/661/661 424/424/424 422/422/422
f 408/408/408 619/619/619 623/623/623
f 408/408/408 623/623/623 413/413/413
f 466/466/466 471/471/471 665/665/665
f 466/466/466 665/665/665 659/659/659
f 641/641/641 454/454/454 452/452/452
f 641/641/641 452/452/452 638/638/638
f 593/593/593 426/426/426 461/461/461
f 593/593/593 461/461/461 598/598/598
f 638/638/638 452/452/452 463/463/463
f 638/638/638 463/463/463 634/634/634
f 613/613/613 442/442/442 431/431/431
f 613/613/613 431/431/431 610/610/610
f 460/460/460 459/459/459 649/649/649
f 460/460/460 649/649/649 656/656/656
f 734/734/734 728/728/728 297/297/297
f 734/734/734 297/297/297 304/304/304
f 406/406/406 596/596/596 592/592/592
f 406/406/406 592/592/592 401/401/401
f 647/647/647 660/660/660 421/421/421
f 647/647/647 421/421/421 423/423/423
f 685/685/685 650/650/650 458/458/458
f 685/685/685 458/458/458 557/557/557
f 110/110/110 457/457/457 456/456/456
f 110/110/110 456/456/456 644/644/644
f 619/619/619 408/408/408 484/484/484
f 619/619/619 484/484/484 679/679/679
f 411/411/411 631/631/631 629/629/629
f 411/411/411 629/629/629 410/410/410
f 628/628/628 444/444/444 442/442/442
f 628/628/628 442/442/442 613/613/613
f 632/632/632 446/446/446 444/444/444
f 632/632/632 444/444/444 628/628/628
f 616/616/616 434/434/434 436/436/436
f 616/616/616 436/436/436 595/595/595
f 605/605/605 438/438/438 434/434/434
f 605/605/605 434/434/434 616/616/616
f 403/403/403 607/607/607 604/604/604
f 403/403/403 604/604/604 407/407/407
f 416/416/416 643/643/643 647/647/647
f 416/416/416 647/647/647 423/423/423
f 702/702/702 703/703/703 838/838/838
f 702/702/702 838/838/838 835/835/835
f 676/676/676 678/678/678 687/687/687
f 676/676/676 687/687/687 685/685/685
f 678/678/678 677/677/677 686/686/686
f 678/678/678 686/686/686 687/687/687
f 602/602/602 603/603/603 600/600/600
f 602/602/602 600/600/600 598/598/598
f 603/603/603 601/601/601 599/599/599
f 603/603/603 599/599/599 600/600/600
f 683/683/683 684/684/684 636/636/636
f 683/683/683 636/636/636 634/634/634
f 684/684/684 682/682/682 635/635/635
f 684/684/684 635/635/635 636/636/636
f 680/680/680 681/681/681 684/684/684
f 680/680/680 684/684/684 683/683/683
f 681/681/681 679/679/679 682/682/682
f 681/681/681 682/682/682 684/684/684
f 671/671/671 675/675/675 603/603/603
f 671/671/671 603/603/603 602/602/602
f 675/675/675 673/673/673 601/601/601
f 675/675/675 601/601/601 603/603/603
f 668/668/668 669/669/669 642/642/642
f 668/668/668 642/642/642 640/640/640
f 669/669/669 667/667/667 641/641/641
f 669/669/669 641/641/641 642/642/642
f 661/661/661 663/663/663 666/666/666
f 661/661/661 666/666/666 664/664/664
f 663/663/663 659/659/659 665/665/665
f 663/663/663 665/665/665 666/666/666
f 679/679/679 681/681/681 621/621/621
f 679/679/679 621/621/621 619/619/619
f 681/681/681 680/680/680 620/620/620
f 681/681/681 620/620/620 621/621/621
f 667/667/667 669/669/669 666/666/666
f 667/667/667 666/666/666 665/665/665
f 669/669/669 668/668/668 664/664/664
f 669/669/669 664/664/664 666/666/666
f 638/638/638 639/639/639 642/642/642
f 638/638/638 642/642/642 641/641/641
f 639/639/639 637/637/637 640/640/640
f 639/639/639 640/640/640 642/642/642
f 593/593/593 594/594/594 597/597/597
f 593/593/593 597/597/597 595/595/595
f 594/594/594 592/592/592 596/596/596
f 594/594/594 596/596/596 597/597/597
f 634/634/634 636/636/636 639/639/639
f 634/634/634 639/639/639 638/638/638
f 636/636/636 635/635/635 637/637/637
f 636/636/636 637/637/637 639/639/639
f 610/610/610 612/612/612 615/615/615
f 610/610/610 615/615/615 613/613/613
f 612/612/612 608/608/608 614/614/614
f 612/612/612 614/614/614 615/615/615
f 685/685/685 687/687/687 654/654/654
f 685/685/685 654/654/654 650/650/650
f 687/687/687 686/686/686 652/652/652
f 687/687/687 652/652/652 654/654/654
f 702/702/702 698/698/698 460/460/460
f 702/702/702 460/460/460 656/656/656
f 834/834/834 839/839/839 674/674/674
f 834/834/834 674/674/674 670/670/670
f 598/598/598 600/600/600 594/594/594
f 598/598/598 594/594/594 593/593/593
f 600/600/600 599/599/599 592/592/592
f 600/600/600 592/592/592 594/594/594
f 647/647/647 648/648/648 662/662/662
f 647/647/647 662/662/662 660/660/660
f 648/648/648 646/646/646 658/658/658
f 648/648/648 658/658/658 662/662/662
f 655/655/655 657/657/657 653/653/653
f 655/655/655 653/653/653 651/651/651
f 657/657/657 656/656/656 649/649/649
f 657/657/657 649/649/649 653/653/653
f 646/646/646 648/648/648 645/645/645
f 646/646/646 645/645/645 644/644/644
f 648/648/648 647/647/647 643/643/643
f 648/648/648 643/643/643 645/645/645
f 625/625/625 627/627/627 621/621/621
f 625/625/625 621/621/621 620/620/620
f 627/627/627 623/623/623 619/619/619
f 627/627/627 619/619/619 621/621/621
f 632/632/632 633/633/633 626/626/626
f 632/632/632 626/626/626 624/624/624
f 633/633/633 631/631/631 622/622/622
f 633/633/633 622/622/622 626/626/626
f 613/613/613 615/615/615 630/630/630
f 613/613/613 630/630/630 628/628/628
f 615/615/615 614/614/614 629/629/629
f 615/615/615 629/629/629 630/630/630
f 628/628/628 630/630/630 633/633/633
f 628/628/628 633/633/633 632/632/632
f 630/630/630 629/629/629 631/631/631
f 630/630/630 631/631/631 633/633/633
f 595/595/595 597/597/597 618/618/618
f 595/595/595 618/618/618 616/616/616
f 597/597/597 596/596/596 617/617/617
f 597/597/597 617/617/617 618/618/618
f 605/605/605 606/606/606 611/611/611
f 605/605/605 611/611/611 609/609/609
f 606/606/606 604/604/604 607/607/607
f 606/606/606 607/607/607 611/611/611
f 616/616/616 618/618/618 606/606/606
f 616/616/616 606/606/606 605/605/605
f 618/618/618 617/617/617 604/604/604
f 618/618/618 604/604/604 606/606/606
f 110/110/110 644/644/644 645/645/645
f 110/110/110 645/645/645 643/643/643
f 110/110/110 268/268/268 575/575/575
f 110/110/110 575/575/575 457/457/457
f 111/111/111 550/550/550 417/417/417
f 478/478/478 428/428/428 429/429/429
f 478/478/478 429/429/429 480/480/480
f 839/839/839 831/831/831 672/672/672
f 839/839/839 672/672/672 674/674/674
f 657/657/657 655/655/655 704/704/704
f 657/657/657 704/704/704 703/703/703
f 656/656/656 657/657/657 703/703/703
f 656/656/656 703/703/703 702/702/702
f 814/814/814 479/479/479 585/585/585
f 814/814/814 585/585/585 827/827/827
f 814/814/814 811/811/811 477/477/477
f 814/814/814 477/477/477 479/479/479
f 523/523/523 522/522/522 700/700/700
f 523/523/523 700/700/700 699/699/699
f 699/699/699 700/700/700 822/822/822
f 699/699/699 822/822/822 819/819/819
f 767/767/767 690/690/690 752/752/752
f 767/767/767 752/752/752 770/770/770
f 810/810/810 815/815/815 755/755/755
f 810/810/810 755/755/755 698/698/698
f 819/819/819 807/807/807 697/697/697
f 819/819/819 697/697/697 699/699/699
f 370/370/370 695/695/695 696/696/696
f 370/370/370 696/696/696 368/368/368
f 369/369/369 694/694/694 695/695/695
f 369/369/369 695/695/695 370/370/370
f 782/782/782 291/291/291 135/135/135
f 782/782/782 135/135/135 771/771/771
f 695/695/695 803/803/803 795/795/795
f 695/695/695 795/795/795 696/696/696
f 184/184/184 691/691/691 692/692/692
f 184/184/184 692/692/692 183/183/183
f 291/291/291 782/782/782 789/789/789
f 291/291/291 789/789/789 295/295/295
f 691/691/691 774/774/774 779/779/779
f 691/691/691 779/779/779 692/692/692
f 125/125/125 761/761/761 778/778/778
f 125/125/125 778/778/778 199/199/199
f 762/762/762 688/688/688 692/692/692
f 762/762/762 692/692/692 779/779/779
f 775/775/775 757/757/757 123/123/123
f 775/775/775 123/123/123 200/200/200
f 748/748/748 747/747/747 111/111/111
f 716/716/716 715/715/715 111/111/111
f 722/722/722 721/721/721 111/111/111
f 710/710/710 705/705/705 707/707/707
f 710/710/710 707/707/707 712/712/712
f 712/712/712 707/707/707 706/706/706
f 712/712/712 706/706/706 708/708/708
f 718/718/718 711/711/711 713/713/713
f 718/718/718 713/713/713 719/719/719
f 719/719/719 713/713/713 709/709/709
f 719/719/719 709/709/709 717/717/717
f 714/714/714 718/718/718 719/719/719
f 714/714/714 719/719/719 716/716/716
f 716/716/716 719/719/719 717/717/717
f 716/716/716 717/717/717 715/715/715
f 730/730/730 723/723/723 726/726/726
f 730/730/730 726/726/726 733/733/733
f 731/731/731 725/725/725 724/724/724
f 731/731/731 724/724/724 727/727/727
f 728/728/728 734/734/734 736/736/736
f 728/728/728 736/736/736 732/732/732
f 732/732/732 736/736/736 735/735/735
f 732/732/732 735/735/735 729/729/729
f 734/734/734 721/721/721 722/722/722
f 734/734/734 722/722/722 736/736/736
f 736/736/736 722/722/722 720/720/720
f 736/736/736 720/720/720 735/735/735
f 743/743/743 737/737/737 739/739/739
f 743/743/743 739/739/739 745/745/745
f 745/745/745 739/739/739 738/738/738
f 745/745/745 738/738/738 741/741/741
f 750/750/750 742/742/742 744/744/744
f 750/750/750 744/744/744 751/751/751
f 751/751/751 744/744/744 740/740/740
f 751/751/751 740/740/740 749/749/749
f 746/746/746 750/750/750 751/751/751
f 746/746/746 751/751/751 748/748/748
f 748/748/748 751/751/751 749/749/749
f 748/748/748 749/749/749 747/747/747
f 705/705/705 752/752/752 707/707/707
f 707/707/707 752/752/752 706/706/706
f 723/723/723 754/754/754 726/726/726
f 725/725/725 753/753/753 724/724/724
f 737/737/737 755/755/755 739/739/739
f 739/739/739 755/755/755 738/738/738
f 690/690/690 105/105/105 706/706/706
f 690/690/690 706/706/706 752/752/752
f 771/771/771 766/766/766 769/769/769
f 771/771/771 769/769/769 773/773/773
f 772/772/772 768/768/768 767/767/767
f 772/772/772 767/767/767 770/770/770
f 775/775/775 778/778/778 781/781/781
f 775/775/775 781/781/781 777/777/777
f 776/776/776 780/780/780 779/779/779
f 776/776/776 779/779/779 774/774/774
f 762/762/762 779/779/779 780/780/780
f 762/762/762 780/780/780 764/764/764
f 765/765/765 781/781/781 778/778/778
f 765/765/765 778/778/778 761/761/761
f 774/774/774 756/756/756 758/758/758
f 774/774/774 758/758/758 776/776/776
f 777/777/777 759/759/759 757/757/757
f 777/777/777 757/757/757 775/775/775
f 789/789/789 782/782/782 785/785/785
f 789/789/789 785/785/785 793/793/793
f 791/791/791 784/784/784 783/783/783
f 791/791/791 783/783/783 786/786/786
f 770/770/770 783/783/783 784/784/784
f 770/770/770 784/784/784 772/772/772
f 773/773/773 785/785/785 782/782/782
f 773/773/773 782/782/782 771/771/771
f 803/803/803 798/798/798 800/800/800
f 803/803/803 800/800/800 804/804/804
f 805/805/805 801/801/801 799/799/799
f 805/805/805 799/799/799 802/802/802
f 795/795/795 803/803/803 804/804/804
f 795/795/795 804/804/804 796/796/796
f 797/797/797 805/805/805 802/802/802
f 797/797/797 802/802/802 794/794/794
f 794/794/794 757/757/757 759/759/759
f 794/794/794 759/759/759 797/797/797
f 796/796/796 758/758/758 756/756/756
f 796/796/796 756/756/756 795/795/795
f 766/766/766 799/799/799 801/801/801
f 766/766/766 801/801/801 769/769/769
f 768/768/768 800/800/800 798/798/798
f 768/768/768 798/798/798 767/767/767
f 815/815/815 810/810/810 813/813/813
f 815/815/815 813/813/813 817/817/817
f 816/816/816 812/812/812 811/811/811
f 816/816/816 811/811/811 814/814/814
f 819/819/819 822/822/822 825/825/825
f 819/819/819 825/825/825 821/821/821
f 820/820/820 824/824/824 823/823/823
f 820/820/820 823/823/823 818/818/818
f 760/760/760 823/823/823 824/824/824
f 760/760/760 824/824/824 763/763/763
f 764/764/764 825/825/825 822/822/822
f 764/764/764 822/822/822 762/762/762
f 818/818/818 806/806/806 808/808/808
f 818/818/818 808/808/808 820/820/820
f 821/821/821 809/809/809 807/807/807
f 821/821/821 807/807/807 819/819/819
f 787/787/787 826/826/826 829/829/829
f 787/787/787 829/829/829 792/792/792
f 790/790/790 828/828/828 827/827/827
f 790/790/790 827/827/827 788/788/788
f 814/814/814 827/827/827 828/828/828
f 814/814/814 828/828/828 816/816/816
f 817/817/817 829/829/829 826/826/826
f 817/817/817 826/826/826 815/815/815
f 839/839/839 834/834/834 836/836/836
f 839/839/839 836/836/836 840/840/840
f 841/841/841 837/837/837 835/835/835
f 841/841/841 835/835/835 838/838/838
f 831/831/831 839/839/839 840/840/840
f 831/831/831 840/840/840 832/832/832
f 833/833/833 841/841/841 838/838/838
f 833/833/833 838/838/838 830/830/830
f 830/830/830 807/807/807 809/809/809
f 830/830/830 809/809/809 833/833/833
f 832/832/832 808/808/808 806/806/806
f 832/832/832 806/806/806 831/831/831
f 810/810/810 835/835/835 837/837/837
f 810/810/810 837/837/837 813/813/813
f 812/812/812 836/836/836 834/834/834
f 812/812/812 834/834/834 811/811/811
f 757/757/757 794/794/794 386/386/386
f 757/757/757 386/386/386 123/123/123
f 389/389/389 391/391/391 111/111/111
f 715/715/715 140/140/140 111/111/111
f 714/714/714 716/716/716 111/111/111
f 714/714/714 111/111/111 269/269/269
f 720/720/720 722/722/722 111/111/111
f 720/720/720 111/111/111 576/576/576
f 746/746/746 748/748/748 111/111/111
f 676/676/676 483/483/483 111/111/111
f 676/676/676 111/111/111 678/678/678
f 677/677/677 111/111/111 417/417/417
f 550/550/550 111/111/111 551/551/551
f 211/211/211 111/111/111 48/48/48
f 49/49/49 111/111/111 212/212/212
f 904/904/904 917/917/917 1111/1111/1111
f 904/904/904 1111/1111/1111 1096/1096/1096
f 1005/1005/1005 1073/1073/1073 1028/1028/1028
f 1005/1005/1005 1028/1028/1028 942/942/942
f 1007/1007/1007 937/937/937 1047/1047/1047
f 1007/1007/1007 1047/1047/1047 1078/1078/1078
f 850/850/850 855/855/855 1023/1023/1023
f 850/850/850 1023/1023/1023 1105/1105/1105
f 990/990/990 971/971/971 967/967/967
f 990/990/990 967/967/967 988/988/988
f 939/939/939 1174/1174/1174 1172/1172/1172
f 939/939/939 1172/1172/1172 941/941/941
f 933/933/933 1041/1041/1041 1104/1104/1104
f 933/933/933 1104/1104/1104 935/935/935
f 942/942/942 1028/1028/1028 1089/1089/1089
f 942/942/942 1089/1089/1089 946/946/946
f 934/934/934 1061/1061/1061 1095/1095/1095
f 934/934/934 1095/1095/1095 842/842/842
f 930/930/930 914/914/914 1064/1064/1064
f 930/930/930 1064/1064/1064 1091/1091/1091
f 843/843/843 936/936/936 1035/1035/1035
f 843/843/843 1035/1035/1035 1094/1094/1094
f 1158/1158/1158 1337/1337/1337 1346/1346/1346
f 1158/1158/1158 1346/1346/1346 1157/1157/1157
f 892/892/892 898/898/898 866/866/866
f 892/892/892 866/866/866 886/886/886
f 937/937/937 1007/1007/1007 1038/1038/1038
f 937/937/937 1038/1038/1038 1108/1108/1108
f 903/903/903 896/896/896 891/891/891
f 903/903/903 891/891/891 862/862/862
f 944/944/944 1050/1050/1050 1057/1057/1057
f 944/944/944 1057/1057/1057 860/860/860
f 1053/1053/1053 1112/1112/1112 1111/1111/1111
f 1053/1053/1053 1111/1111/1111 1055/1055/1055
f 1366/1366/1366 932/932/932 1150/1150/1150
f 1366/1366/1366 1150/1150/1150 1432/1432/1432
f 1345/1345/1345 1336/1336/1336 857/857/857
f 910/910/910 925/925/925 1069/1069/1069
f 910/910/910 1069/1069/1069 1056/1056/1056
f 1349/1349/1349 1355/1355/1355 887/887/887
f 1349/1349/1349 887/887/887 859/859/859
f 854/854/854 1070/1070/1070 1031/1031/1031
f 854/854/854 1031/1031/1031 850/850/850
f 867/867/867 1079/1079/1079 1045/1045/1045
f 867/867/867 1045/1045/1045 884/884/884
f 1387/1387/1387 1000/1000/1000 1025/1025/1025
f 1387/1387/1387 1025/1025/1025 1417/1417/1417
f 1351/1351/1351 1424/1424/1424 1119/1119/1119
f 1351/1351/1351 1119/1119/1119 900/900/900
f 1160/1160/1160 1159/1159/1159 928/928/928
f 1160/1160/1160 928/928/928 921/921/921
f 1415/1415/1415 981/981/981 985/985/985
f 1415/1415/1415 985/985/985 1369/1369/1369
f 855/855/855 846/846/846 1101/1101/1101
f 855/855/855 1101/1101/1101 1023/1023/1023
f 986/986/986 969/969/969 977/977/977
f 986/986/986 977/977/977 992/992/992
f 854/854/854 850/850/850 1105/1105/1105
f 854/854/854 1105/1105/1105 1043/1043/1043
f 872/872/872 1020/1020/1020 1080/1080/1080
f 872/872/872 1080/1080/1080 868/868/868
f 843/843/843 1094/1094/1094 1074/1074/1074
f 843/843/843 1074/1074/1074 849/849/849
f 1122/1122/1122 1132/1132/1132 958/958/958
f 1122/1122/1122 958/958/958 902/902/902
f 1004/1004/1004 1024/1024/1024 1041/1041/1041
f 1004/1004/1004 1041/1041/1041 933/933/933
f 857/857/857 931/931/931 1365/1365/1365
f 857/857/857 1365/1365/1365 1345/1345/1345
f 980/980/980 976/976/976 968/968/968
f 980/980/980 968/968/968 984/984/984
f 982/982/982 966/966/966 970/970/970
f 982/982/982 970/970/970 978/978/978
f 920/920/920 930/930/930 1091/1091/1091
f 920/920/920 1091/1091/1091 1032/1032/1032
f 897/897/897 901/901/901 1354/1354/1354
f 897/897/897 1354/1354/1354 1348/1348/1348
f 1334/1334/1334 1340/1340/1340 894/894/894
f 1334/1334/1334 894/894/894 895/895/895
f 848/848/848 1112/1112/1112 1053/1053/1053
f 848/848/848 1053/1053/1053 844/844/844
f 1159/1159/1159 1161/1161/1161 911/911/911
f 1159/1159/1159 911/911/911 928/928/928
f 843/843/843 1037/1037/1037 1026/1026/1026
f 843/843/843 1026/1026/1026 936/936/936
f 1012/1012/1012 972/972/972 875/875/875
f 1012/1012/1012 875/875/875 998/998/998
f 1394/1394/1394 1073/1073/1073 1005/1005/1005
f 1394/1394/1394 1005/1005/1005 1375/1375/1375
f 1388/1388/1388 1003/1003/1003 1145/1145/1145
f 1388/1388/1388 1145/1145/1145 1429/1429/1429
f 893/893/893 892/892/892 886/886/886
f 893/893/893 886/886/886 881/881/881
f 896/896/896 893/893/893 881/881/881
f 896/896/896 881/881/881 891/891/891
f 915/915/915 916/916/916 1052/1052/1052
f 915/915/915 1052/1052/1052 1065/1065/1065
f 1342/1342/1342 1337/1337/1337 1158/1158/1158
f 1342/1342/1342 1158/1158/1158 852/852/852
f 1014/1014/1014 975/975/975 919/919/919
f 1014/1014/1014 919/919/919 1003/1003/1003
f 860/860/860 1057/1057/1057 1020/1020/1020
f 860/860/860 1020/1020/1020 872/872/872
f 1183/1183/1183 1157/1157/1157 1346/1346/1346
f 1183/1183/1183 1346/1346/1346 1363/1363/1363
f 916/916/916 905/905/905 1036/1036/1036
f 916/916/916 1036/1036/1036 1052/1052/1052
f 859/859/859 1339/1339/1339 1333/1333/1333
f 887/887/887 1355/1355/1355 1426/1426/1426
f 887/887/887 1426/1426/1426 1121/1121/1121
f 995/995/995 878/878/878 973/973/973
f 995/995/995 973/973/973 1010/1010/1010
f 853/853/853 1160/1160/1160 921/921/921
f 853/853/853 921/921/921 923/923/923
f 1381/1381/1381 1008/1008/1008 1040/1040/1040
f 1381/1381/1381 1040/1040/1040 1402/1402/1402
f 1113/1113/1113 1114/1114/1114 869/869/869
f 1113/1113/1113 869/869/869 885/885/885
f 1115/1115/1115 1116/1116/1116 865/865/865
f 1115/1115/1115 865/865/865 871/871/871
f 1117/1117/1117 1114/1114/1114 866/866/866
f 1117/1117/1117 866/866/866 898/898/898
f 1118/1118/1118 1117/1117/1117 898/898/898
f 1118/1118/1118 898/898/898 899/899/899
f 1339/1339/1339 859/859/859 888/888/888
f 1339/1339/1339 888/888/888 1352/1352/1352
f 1130/1130/1130 1133/1133/1133 901/901/901
f 1130/1130/1130 901/901/901 957/957/957
f 1122/1122/1122 1115/1115/1115 871/871/871
f 1122/1122/1122 871/871/871 880/880/880
f 1129/1129/1129 1119/1119/1119 1006/1006/1006
f 1129/1129/1129 1006/1006/1006 943/943/943
f 1118/1118/1118 1127/1127/1127 945/945/945
f 1118/1118/1118 945/945/945 861/861/861
f 1123/1123/1123 1124/1124/1124 883/883/883
f 1123/1123/1123 883/883/883 890/890/890
f 1124/1124/1124 1113/1113/1113 885/885/885
f 1124/1124/1124 885/885/885 883/883/883
f 1002/1002/1002 918/918/918 974/974/974
f 1002/1002/1002 974/974/974 1016/1016/1016
f 1125/1125/1125 1120/1120/1120 888/888/888
f 1125/1125/1125 888/888/888 874/874/874
f 1343/1343/1343 1360/1360/1360 927/927/927
f 1343/1343/1343 927/927/927 857/857/857
f 1126/1126/1126 1121/1121/1121 997/997/997
f 1126/1126/1126 997/997/997 877/877/877
f 1266/1266/1266 1274/1274/1274 1199/1199/1199
f 1266/1266/1266 1199/1199/1199 1191/1191/1191
f 1135/1135/1135 1151/1151/1151 1173/1173/1173
f 1135/1135/1135 1173/1173/1173 1165/1165/1165
f 1314/1314/1314 1285/1285/1285 1212/1212/1212
f 1314/1314/1314 1212/1212/1212 1239/1239/1239
f 1116/1116/1116 1123/1123/1123 890/890/890
f 1116/1116/1116 890/890/890 865/865/865
f 1137/1137/1137 1154/1154/1154 964/964/964
f 1137/1137/1137 964/964/964 905/905/905
f 1153/1153/1153 1134/1134/1134 1169/1169/1169
f 1153/1153/1153 1169/1169/1169 1175/1175/1175
f 1156/1156/1156 1136/1136/1136 1001/1001/1001
f 1156/1156/1156 1001/1001/1001 963/963/963
f 1138/1138/1138 1140/1140/1140 908/908/908
f 1138/1138/1138 908/908/908 924/924/924
f 1141/1141/1141 1137/1137/1137 905/905/905
f 1141/1141/1141 905/905/905 916/916/916
f 1142/1142/1142 1135/1135/1135 1165/1165/1165
f 1142/1142/1142 1165/1165/1165 1167/1167/1167
f 1144/1144/1144 1141/1141/1141 916/916/916
f 1144/1144/1144 916/916/916 915/915/915
f 1139/1139/1139 1142/1142/1142 1167/1167/1167
f 1139/1139/1139 1167/1167/1167 906/906/906
f 1397/1397/1397 1072/1072/1072 1073/1073/1073
f 1397/1397/1397 1073/1073/1073 1394/1394/1394
f 1170/1170/1170 1358/1358/1358 1342/1342/1342
f 1170/1170/1170 1342/1342/1342 852/852/852
f 1145/1145/1145 1147/1147/1147 856/856/856
f 1145/1145/1145 856/856/856 926/926/926
f 1148/1148/1148 1149/1149/1149 922/922/922
f 1148/1148/1148 922/922/922 929/929/929
f 1149/1149/1149 1138/1138/1138 924/924/924
f 1149/1149/1149 924/924/924 922/922/922
f 936/936/936 1026/1026/1026 1086/1086/1086
f 936/936/936 1086/1086/1086 938/938/938
f 938/938/938 1086/1086/1086 1047/1047/1047
f 938/938/938 1047/1047/1047 937/937/937
f 946/946/946 1089/1089/1089 1050/1050/1050
f 946/946/946 1050/1050/1050 944/944/944
f 938/938/938 1068/1068/1068 1035/1035/1035
f 938/938/938 1035/1035/1035 936/936/936
f 937/937/937 1108/1108/1108 1068/1068/1068
f 937/937/937 1068/1068/1068 938/938/938
f 935/935/935 1104/1104/1104 1061/1061/1061
f 935/935/935 1061/1061/1061 934/934/934
f 1127/1127/1127 954/954/954 956/956/956
f 1127/1127/1127 956/956/956 1128/1128/1128
f 1128/1128/1128 956/956/956 955/955/955
f 1128/1128/1128 955/955/955 1129/1129/1129
f 1130/1130/1130 957/957/957 959/959/959
f 1130/1130/1130 959/959/959 1131/1131/1131
f 1131/1131/1131 959/959/959 958/958/958
f 1131/1131/1131 958/958/958 1132/1132/1132
f 1143/1143/1143 1148/1148/1148 929/929/929
f 1143/1143/1143 929/929/929 912/912/912
f 1146/1146/1146 1150/1150/1150 932/932/932
f 1146/1146/1146 932/932/932 858/858/858
f 1151/1151/1151 960/960/960 962/962/962
f 1151/1151/1151 962/962/962 1152/1152/1152
f 1152/1152/1152 962/962/962 961/961/961
f 1152/1152/1152 961/961/961 1153/1153/1153
f 1154/1154/1154 1178/1178/1178 1180/1180/1180
f 1154/1154/1154 1180/1180/1180 1155/1155/1155
f 1155/1155/1155 1180/1180/1180 1182/1182/1182
f 1155/1155/1155 1182/1182/1182 1156/1156/1156
f 941/941/941 1172/1172/1172 1176/1176/1176
f 941/941/941 1176/1176/1176 940/940/940
f 1177/1177/1177 1247/1247/1247 1255/1255/1255
f 1177/1177/1177 1255/1255/1255 1179/1179/1179
f 849/849/849 1074/1074/1074 1102/1102/1102
f 849/849/849 1102/1102/1102 847/847/847
f 1418/1418/1418 1420/1420/1420 993/993/993
f 1418/1418/1418 993/993/993 1015/1015/1015
f 1402/1402/1402 1040/1040/1040 1039/1039/1039
f 1402/1402/1402 1039/1039/1039 1405/1405/1405
f 988/988/988 967/967/967 969/969/969
f 988/988/988 969/969/969 986/986/986
f 978/978/978 970/970/970 972/972/972
f 978/978/978 972/972/972 1012/1012/1012
f 1010/1010/1010 973/973/973 971/971/971
f 1010/1010/1010 971/971/971 990/990/990
f 992/992/992 977/977/977 975/975/975
f 992/992/992 975/975/975 1014/1014/1014
f 1390/1390/1390 1412/1412/1412 1077/1077/1077
f 1390/1390/1390 1077/1077/1077 1001/1001/1001
f 1022/1022/1022 1099/1099/1099 1097/1097/1097
f 1022/1022/1022 1097/1097/1097 1021/1021/1021
f 1427/1427/1427 1133/1133/1133 1009/1009/1009
f 1427/1427/1427 1009/1009/1009 1382/1382/1382
f 993/993/993 1420/1420/1420 1372/1372/1372
f 993/993/993 1372/1372/1372 987/987/987
f 1430/1430/1430 1134/1134/1134 1000/1000/1000
f 1430/1430/1430 1000/1000/1000 1387/1387/1387
f 1023/1023/1023 1101/1101/1101 1099/1099/1099
f 1023/1023/1023 1099/1099/1099 1022/1022/1022
f 1170/1170/1170 852/852/852 940/940/940
f 1170/1170/1170 940/940/940 1176/1176/1176
f 907/907/907 1168/1168/1168 853/853/853
f 907/907/907 853/853/853 923/923/923
f 1432/1432/1432 1150/1150/1150 1002/1002/1002
f 1432/1432/1432 1002/1002/1002 1391/1391/1391
f 1405/1405/1405 1039/1039/1039 1038/1038/1038
f 1405/1405/1405 1038/1038/1038 1409/1409/1409
f 1390/1390/1390 1001/1001/1001 1136/1136/1136
f 1390/1390/1390 1136/1136/1136 1433/1433/1433
f 999/999/999 1384/1384/1384 1403/1403/1403
f 999/999/999 1403/1403/1403 1013/1013/1013
f 1078/1078/1078 1414/1414/1414 1370/1370/1370
f 1078/1078/1078 1370/1370/1370 1007/1007/1007
f 1021/1021/1021 1097/1097/1097 863/863/863
f 1021/1021/1021 863/863/863 889/889/889
f 994/994/994 1378/1378/1378 1423/1423/1423
f 994/994/994 1423/1423/1423 1120/1120/1120
f 1055/1055/1055 1111/1111/1111 917/917/917
f 1055/1055/1055 917/917/917 909/909/909
f 1016/1016/1016 974/974/974 976/976/976
f 1016/1016/1016 976/976/976 980/980/980
f 1336/1336/1336 1343/1343/1343 857/857/857
f 984/984/984 968/968/968 966/966/966
f 984/984/984 966/966/966 982/982/982
f 888/888/888 859/859/859 887/887/887
f 888/888/888 887/887/887 874/874/874
f 1326/1326/1326 1306/1306/1306 1231/1231/1231
f 1326/1326/1326 1231/1231/1231 1251/1251/1251
f 1274/1274/1274 1289/1289/1289 1216/1216/1216
f 1274/1274/1274 1216/1216/1216 1199/1199/1199
f 1285/1285/1285 1297/1297/1297 1224/1224/1224
f 1285/1285/1285 1224/1224/1224 1212/1212/1212
f 1278/1278/1278 1293/1293/1293 1220/1220/1220
f 1278/1278/1278 1220/1220/1220 1203/1203/1203
f 1329/1329/1329 1326/1326/1326 1251/1251/1251
f 1329/1329/1329 1251/1251/1251 1256/1256/1256
f 1293/1293/1293 1302/1302/1302 1227/1227/1227
f 1293/1293/1293 1227/1227/1227 1220/1220/1220
f 1297/1297/1297 1269/1269/1269 1196/1196/1196
f 1297/1297/1297 1196/1196/1196 1224/1224/1224
f 1310/1310/1310 1317/1317/1317 1244/1244/1244
f 1310/1310/1310 1244/1244/1244 1235/1235/1235
f 956/956/956 1318/1318/1318 1309/1309/1309
f 956/956/956 1309/1309/1309 955/955/955
f 1321/1321/1321 1329/1329/1329 1256/1256/1256
f 1321/1321/1321 1256/1256/1256 1248/1248/1248
f 1277/1277/1277 1261/1261/1261 893/893/893
f 1277/1277/1277 893/893/893 896/896/896
f 1298/1298/1298 1286/1286/1286 899/899/899
f 1298/1298/1298 899/899/899 898/898/898
f 1273/1273/1273 1265/1265/1265 895/895/895
f 1273/1273/1273 895/895/895 894/894/894
f 1269/1269/1269 1260/1260/1260 1187/1187/1187
f 1269/1269/1269 1187/1187/1187 1196/1196/1196
f 1301/1301/1301 1294/1294/1294 903/903/903
f 1301/1301/1301 903/903/903 902/902/902
f 1411/1411/1411 1017/1017/1017 981/981/981
f 1411/1411/1411 981/981/981 1415/1415/1415
f 1091/1091/1091 1064/1064/1064 1062/1062/1062
f 1091/1091/1091 1062/1062/1062 1090/1090/1090
f 1090/1090/1090 1062/1062/1062 846/846/846
f 1090/1090/1090 846/846/846 855/855/855
f 1078/1078/1078 1047/1047/1047 1046/1046/1046
f 1078/1078/1078 1046/1046/1046 1077/1077/1077
f 1077/1077/1077 1046/1046/1046 963/963/963
f 1077/1077/1077 963/963/963 1001/1001/1001
f 1035/1035/1035 1068/1068/1068 1067/1067/1067
f 1035/1035/1035 1067/1067/1067 1034/1034/1034
f 1034/1034/1034 1067/1067/1067 1066/1066/1066
f 1034/1034/1034 1066/1066/1066 1033/1033/1033
f 1033/1033/1033 1066/1066/1066 952/952/952
f 1033/1033/1033 952/952/952 948/948/948
f 1065/1065/1065 1052/1052/1052 1051/1051/1051
f 1065/1065/1065 1051/1051/1051 1063/1063/1063
f 1063/1063/1063 1051/1051/1051 849/849/849
f 1063/1063/1063 849/849/849 847/847/847
f 1077/1077/1077 1412/1412/1412 1414/1414/1414
f 1077/1077/1077 1414/1414/1414 1078/1078/1078
f 1409/1409/1409 1038/1038/1038 1007/1007/1007
f 1409/1409/1409 1007/1007/1007 1370/1370/1370
f 1399/1399/1399 1071/1071/1071 1072/1072/1072
f 1399/1399/1399 1072/1072/1072 1397/1397/1397
f 1424/1424/1424 1376/1376/1376 1006/1006/1006
f 1424/1424/1424 1006/1006/1006 1119/1119/1119
f 1421/1421/1421 1024/1024/1024 1004/1004/1004
f 1421/1421/1421 1004/1004/1004 1373/1373/1373
f 1096/1096/1096 1111/1111/1111 1112/1112/1112
f 1096/1096/1096 1112/1112/1112 1095/1095/1095
f 1095/1095/1095 1112/1112/1112 848/848/848
f 1095/1095/1095 848/848/848 842/842/842
f 1089/1089/1089 1028/1028/1028 1029/1029/1029
f 1089/1089/1089 1029/1029/1029 1088/1088/1088
f 1088/1088/1088 1029/1029/1029 1030/1030/1030
f 1088/1088/1088 1030/1030/1030 1087/1087/1087
f 1087/1087/1087 1030/1030/1030 933/933/933
f 1087/1087/1087 933/933/933 935/935/935
f 1047/1047/1047 1086/1086/1086 1085/1085/1085
f 1047/1047/1047 1085/1085/1085 1046/1046/1046
f 1046/1046/1046 1085/1085/1085 965/965/965
f 1046/1046/1046 965/965/965 963/963/963
f 1052/1052/1052 1036/1036/1036 1037/1037/1037
f 1052/1052/1052 1037/1037/1037 1051/1051/1051
f 1051/1051/1051 1037/1037/1037 843/843/843
f 1051/1051/1051 843/843/843 849/849/849
f 1026/1026/1026 1037/1037/1037 1036/1036/1036
f 1026/1026/1026 1036/1036/1036 1027/1027/1027
f 1027/1027/1027 1036/1036/1036 905/905/905
f 1027/1027/1027 905/905/905 964/964/964
f 1032/1032/1032 1091/1091/1091 1090/1090/1090
f 1032/1032/1032 1090/1090/1090 1031/1031/1031
f 1031/1031/1031 1090/1090/1090 855/855/855
f 1031/1031/1031 855/855/855 850/850/850
f 1080/1080/1080 1020/1020/1020 1019/1019/1019
f 1080/1080/1080 1019/1019/1019 1082/1082/1082
f 1082/1082/1082 1019/1019/1019 1018/1018/1018
f 1082/1082/1082 1018/1018/1018 1083/1083/1083
f 1083/1083/1083 1018/1018/1018 848/848/848
f 1083/1083/1083 848/848/848 844/844/844
f 1013/1013/1013 1403/1403/1403 1406/1406/1406
f 1013/1013/1013 1406/1406/1406 979/979/979
f 979/979/979 1406/1406/1406 1408/1408/1408
f 979/979/979 1408/1408/1408 983/983/983
f 983/983/983 1408/1408/1408 1369/1369/1369
f 983/983/983 1369/1369/1369 985/985/985
f 1020/1020/1020 1057/1057/1057 1058/1058/1058
f 1020/1020/1020 1058/1058/1058 1019/1019/1019
f 1019/1019/1019 1058/1058/1058 1059/1059/1059
f 1019/1019/1019 1059/1059/1059 1018/1018/1018
f 1018/1018/1018 1059/1059/1059 842/842/842
f 1018/1018/1018 842/842/842 848/848/848
f 1031/1031/1031 1070/1070/1070 1069/1069/1069
f 1031/1031/1031 1069/1069/1069 1032/1032/1032
f 1032/1032/1032 1069/1069/1069 925/925/925
f 1032/1032/1032 925/925/925 920/920/920
f 1057/1057/1057 1050/1050/1050 1049/1049/1049
f 1057/1057/1057 1049/1049/1049 1058/1058/1058
f 1058/1058/1058 1049/1049/1049 1048/1048/1048
f 1058/1058/1058 1048/1048/1048 1059/1059/1059
f 1059/1059/1059 1048/1048/1048 934/934/934
f 1059/1059/1059 934/934/934 842/842/842
f 1094/1094/1094 1035/1035/1035 1034/1034/1034
f 1094/1094/1094 1034/1034/1034 1093/1093/1093
f 1093/1093/1093 1034/1034/1034 1033/1033/1033
f 1093/1093/1093 1033/1033/1033 1092/1092/1092
f 1092/1092/1092 1033/1033/1033 948/948/948
f 1092/1092/1092 948/948/948 879/879/879
f 1102/1102/1102 1074/1074/1074 1075/1075/1075
f 1102/1102/1102 1075/1075/1075 1100/1100/1100
f 1100/1100/1100 1075/1075/1075 1076/1076/1076
f 1100/1100/1100 1076/1076/1076 1098/1098/1098
f 1098/1098/1098 1076/1076/1076 870/870/870
f 1098/1098/1098 870/870/870 864/864/864
f 1068/1068/1068 1108/1108/1108 1109/1109/1109
f 1068/1068/1068 1109/1109/1109 1067/1067/1067
f 1067/1067/1067 1109/1109/1109 1110/1110/1110
f 1067/1067/1067 1110/1110/1110 1066/1066/1066
f 1066/1066/1066 1110/1110/1110 950/950/950
f 1066/1066/1066 950/950/950 952/952/952
f 1105/1105/1105 1023/1023/1023 1022/1022/1022
f 1105/1105/1105 1022/1022/1022 1106/1106/1106
f 1106/1106/1106 1022/1022/1022 1021/1021/1021
f 1106/1106/1106 1021/1021/1021 1107/1107/1107
f 1107/1107/1107 1021/1021/1021 889/889/889
f 1107/1107/1107 889/889/889 882/882/882
f 1041/1041/1041 1024/1024/1024 1025/1025/1025
f 1041/1041/1041 1025/1025/1025 1042/1042/1042
f 1042/1042/1042 1025/1025/1025 1000/1000/1000
f 1042/1042/1042 1000/1000/1000 961/961/961
f 989/989/989 1400/1400/1400 1396/1396/1396
f 989/989/989 1396/1396/1396 991/991/991
f 991/991/991 1396/1396/1396 1393/1393/1393
f 991/991/991 1393/1393/1393 1011/1011/1011
f 1121/1121/1121 1426/1426/1426 1383/1383/1383
f 1121/1121/1121 1383/1383/1383 997/997/997
f 1056/1056/1056 1069/1069/1069 1070/1070/1070
f 1056/1056/1056 1070/1070/1070 1054/1054/1054
f 1054/1054/1054 1070/1070/1070 854/854/854
f 1054/1054/1054 854/854/854 845/845/845
f 1108/1108/1108 1038/1038/1038 1039/1039/1039
f 1108/1108/1108 1039/1039/1039 1109/1109/1109
f 1109/1109/1109 1039/1039/1039 1040/1040/1040
f 1109/1109/1109 1040/1040/1040 1110/1110/1110
f 1110/1110/1110 1040/1040/1040 1008/1008/1008
f 1110/1110/1110 1008/1008/1008 950/950/950
f 1095/1095/1095 1061/1061/1061 1060/1060/1060
f 1095/1095/1095 1060/1060/1060 1096/1096/1096
f 1096/1096/1096 1060/1060/1060 960/960/960
f 1096/1096/1096 960/960/960 904/904/904
f 1028/1028/1028 1073/1073/1073 1072/1072/1072
f 1028/1028/1028 1072/1072/1072 1029/1029/1029
f 1029/1029/1029 1072/1072/1072 1071/1071/1071
f 1029/1029/1029 1071/1071/1071 1030/1030/1030
f 1030/1030/1030 1071/1071/1071 1004/1004/1004
f 1030/1030/1030 1004/1004/1004 933/933/933
f 1050/1050/1050 1089/1089/1089 1088/1088/1088
f 1050/1050/1050 1088/1088/1088 1049/1049/1049
f 1049/1049/1049 1088/1088/1088 1087/1087/1087
f 1049/1049/1049 1087/1087/1087 1048/1048/1048
f 1048/1048/1048 1087/1087/1087 935/935/935
f 1048/1048/1048 935/935/935 934/934/934
f 1074/1074/1074 1094/1094/1094 1093/1093/1093
f 1074/1074/1074 1093/1093/1093 1075/1075/1075
f 1075/1075/1075 1093/1093/1093 1092/1092/1092
f 1075/1075/1075 1092/1092/1092 1076/1076/1076
f 1076/1076/1076 1092/1092/1092 879/879/879
f 1076/1076/1076 879/879/879 870/870/870
f 1104/1104/1104 1041/1041/1041 1042/1042/1042
f 1104/1104/1104 1042/1042/1042 1103/1103/1103
f 1103/1103/1103 1042/1042/1042 961/961/961
f 1103/1103/1103 961/961/961 962/962/962
f 1086/1086/1086 1026/1026/1026 1027/1027/1027
f 1086/1086/1086 1027/1027/1027 1085/1085/1085
f 1085/1085/1085 1027/1027/1027 964/964/964
f 1085/1085/1085 964/964/964 965/965/965
f 1043/1043/1043 1105/1105/1105 1106/1106/1106
f 1043/1043/1043 1106/1106/1106 1044/1044/1044
f 1044/1044/1044 1106/1106/1106 1107/1107/1107
f 1044/1044/1044 1107/1107/1107 1045/1045/1045
f 1045/1045/1045 1107/1107/1107 882/882/882
f 1045/1045/1045 882/882/882 884/884/884
f 1004/1004/1004 1071/1071/1071 1399/1399/1399
f 1004/1004/1004 1399/1399/1399 1373/1373/1373
f 1417/1417/1417 1025/1025/1025 1024/1024/1024
f 1417/1417/1417 1024/1024/1024 1421/1421/1421
f 1400/1400/1400 989/989/989 987/987/987
f 1400/1400/1400 987/987/987 1372/1372/1372
f 1045/1045/1045 1079/1079/1079 1081/1081/1081
f 1045/1045/1045 1081/1081/1081 1044/1044/1044
f 1044/1044/1044 1081/1081/1081 1084/1084/1084
f 1044/1044/1044 1084/1084/1084 1043/1043/1043
f 1043/1043/1043 1084/1084/1084 845/845/845
f 1043/1043/1043 845/845/845 854/854/854
f 1061/1061/1061 1104/1104/1104 1103/1103/1103
f 1061/1061/1061 1103/1103/1103 1060/1060/1060
f 1060/1060/1060 1103/1103/1103 962/962/962
f 1060/1060/1060 962/962/962 960/960/960
f 953/953/953 1131/1131/1131 1132/1132/1132
f 953/953/953 1132/1132/1132 949/949/949
f 951/951/951 1130/1130/1130 1131/1131/1131
f 951/951/951 1131/1131/1131 953/953/953
f 947/947/947 1128/1128/1128 1129/1129/1129
f 947/947/947 1129/1129/1129 943/943/943
f 945/945/945 1127/1127/1127 1128/1128/1128
f 945/945/945 1128/1128/1128 947/947/947
f 862/862/862 891/891/891 1123/1123/1123
f 862/862/862 1123/1123/1123 1116/1116/1116
f 874/874/874 887/887/887 1121/1121/1121
f 874/874/874 1121/1121/1121 1126/1126/1126
f 876/876/876 994/994/994 1120/1120/1120
f 876/876/876 1120/1120/1120 1125/1125/1125
f 881/881/881 886/886/886 1113/1113/1113
f 881/881/881 1113/1113/1113 1124/1124/1124
f 891/891/891 881/881/881 1124/1124/1124
f 891/891/891 1124/1124/1124 1123/1123/1123
f 899/899/899 954/954/954 1127/1127/1127
f 899/899/899 1127/1127/1127 1118/1118/1118
f 955/955/955 900/900/900 1119/1119/1119
f 955/955/955 1119/1119/1119 1129/1129/1129
f 902/902/902 903/903/903 1115/1115/1115
f 902/902/902 1115/1115/1115 1122/1122/1122
f 951/951/951 1009/1009/1009 1133/1133/1133
f 951/951/951 1133/1133/1133 1130/1130/1130
f 861/861/861 873/873/873 1117/1117/1117
f 861/861/861 1117/1117/1117 1118/1118/1118
f 873/873/873 869/869/869 1114/1114/1114
f 873/873/873 1114/1114/1114 1117/1117/1117
f 903/903/903 862/862/862 1116/1116/1116
f 903/903/903 1116/1116/1116 1115/1115/1115
f 886/886/886 866/866/866 1114/1114/1114
f 886/886/886 1114/1114/1114 1113/1113/1113
f 1354/1354/1354 901/901/901 1133/1133/1133
f 1354/1354/1354 1133/1133/1133 1427/1427/1427
f 1011/1011/1011 1393/1393/1393 1377/1377/1377
f 1011/1011/1011 1377/1377/1377 996/996/996
f 1357/1357/1357 1169/1169/1169 1134/1134/1134
f 1357/1357/1357 1134/1134/1134 1430/1430/1430
f 1120/1120/1120 1423/1423/1423 1352/1352/1352
f 1120/1120/1120 1352/1352/1352 888/888/888
f 880/880/880 949/949/949 1132/1132/1132
f 880/880/880 1132/1132/1132 1122/1122/1122
f 965/965/965 1155/1155/1155 1156/1156/1156
f 965/965/965 1156/1156/1156 963/963/963
f 964/964/964 1154/1154/1154 1155/1155/1155
f 964/964/964 1155/1155/1155 965/965/965
f 1171/1171/1171 1152/1152/1152 1153/1153/1153
f 1171/1171/1171 1153/1153/1153 1175/1175/1175
f 1173/1173/1173 1151/1151/1151 1152/1152/1152
f 1173/1173/1173 1152/1152/1152 1171/1171/1171
f 918/918/918 1002/1002/1002 1150/1150/1150
f 918/918/918 1150/1150/1150 1146/1146/1146
f 914/914/914 930/930/930 1148/1148/1148
f 914/914/914 1148/1148/1148 1143/1143/1143
f 920/920/920 925/925/925 1138/1138/1138
f 920/920/920 1138/1138/1138 1149/1149/1149
f 930/930/930 920/920/920 1149/1149/1149
f 930/930/930 1149/1149/1149 1148/1148/1148
f 1003/1003/1003 919/919/919 1147/1147/1147
f 1003/1003/1003 1147/1147/1147 1145/1145/1145
f 1433/1433/1433 1136/1136/1136 1184/1184/1184
f 1433/1433/1433 1184/1184/1184 1364/1364/1364
f 909/909/909 917/917/917 1142/1142/1142
f 909/909/909 1142/1142/1142 1139/1139/1139
f 913/913/913 1162/1162/1162 1141/1141/1141
f 913/913/913 1141/1141/1141 1144/1144/1144
f 917/917/917 904/904/904 1135/1135/1135
f 917/917/917 1135/1135/1135 1142/1142/1142
f 1162/1162/1162 1164/1164/1164 1137/1137/1137
f 1162/1162/1162 1137/1137/1137 1141/1141/1141
f 925/925/925 910/910/910 1140/1140/1140
f 925/925/925 1140/1140/1140 1138/1138/1138
f 1182/1182/1182 1184/1184/1184 1136/1136/1136
f 1182/1182/1182 1136/1136/1136 1156/1156/1156
f 961/961/961 1000/1000/1000 1134/1134/1134
f 961/961/961 1134/1134/1134 1153/1153/1153
f 1164/1164/1164 1178/1178/1178 1154/1154/1154
f 1164/1164/1164 1154/1154/1154 1137/1137/1137
f 904/904/904 960/960/960 1151/1151/1151
f 904/904/904 1151/1151/1151 1135/1135/1135
f 1391/1391/1391 1002/1002/1002 1017/1017/1017
f 1391/1391/1391 1017/1017/1017 1411/1411/1411
f 1429/1429/1429 1145/1145/1145 926/926/926
f 1429/1429/1429 926/926/926 1359/1359/1359
f 1015/1015/1015 1003/1003/1003 1388/1388/1388
f 1015/1015/1015 1388/1388/1388 1418/1418/1418
f 1160/1160/1160 1185/1185/1185 1204/1204/1204
f 1160/1160/1160 1204/1204/1204 1159/1159/1159
f 1158/1158/1158 1192/1192/1192 1200/1200/1200
f 1158/1158/1158 1200/1200/1200 852/852/852
f 853/853/853 1195/1195/1195 1185/1185/1185
f 853/853/853 1185/1185/1185 1160/1160/1160
f 1179/1179/1179 1255/1255/1255 1252/1252/1252
f 1179/1179/1179 1252/1252/1252 1181/1181/1181
f 851/851/851 1166/1166/1166 1174/1174/1174
f 851/851/851 1174/1174/1174 939/939/939
f 1181/1181/1181 1252/1252/1252 1232/1232/1232
f 1181/1181/1181 1232/1232/1232 1183/1183/1183
f 1177/1177/1177 1163/1163/1163 1228/1228/1228
f 1177/1177/1177 1228/1228/1228 1247/1247/1247
f 1168/1168/1168 1166/1166/1166 851/851/851
f 1168/1168/1168 851/851/851 853/853/853
f 1183/1183/1183 1232/1232/1232 1207/1207/1207
f 1183/1183/1183 1207/1207/1207 1157/1157/1157
f 1159/1159/1159 1204/1204/1204 1219/1219/1219
f 851/851/851 939/939/939 1211/1211/1211
f 851/851/851 1211/1211/1211 1223/1223/1223
f 1215/1215/1215 1236/1236/1236 852/852/852
f 1215/1215/1215 852/852/852 1200/1200/1200
f 851/851/851 1223/1223/1223 1195/1195/1195
f 851/851/851 1195/1195/1195 853/853/853
f 1286/1286/1286 1313/1313/1313 954/954/954
f 1286/1286/1286 954/954/954 899/899/899
f 1302/1302/1302 1321/1321/1321 1248/1248/1248
f 1302/1302/1302 1248/1248/1248 1227/1227/1227
f 941/941/941 1240/1240/1240 1211/1211/1211
f 941/941/941 1211/1211/1211 939/939/939
f 941/941/941 940/940/940 1243/1243/1243
f 941/941/941 1243/1243/1243 1240/1240/1240
f 1261/1261/1261 1270/1270/1270 892/892/892
f 1261/1261/1261 892/892/892 893/893/893
f 1236/1236/1236 1243/1243/1243 940/940/940
f 1236/1236/1236 940/940/940 852/852/852
f 1281/1281/1281 1266/1266/1266 1191/1191/1191
f 1281/1281/1281 1191/1191/1191 1208/1208/1208
f 1305/1305/1305 1325/1325/1325 957/957/957
f 1305/1305/1305 957/957/957 901/901/901
f 1282/1282/1282 1305/1305/1305 901/901/901
f 1282/1282/1282 901/901/901 897/897/897
f 957/957/957 1325/1325/1325 1330/1330/1330
f 957/957/957 1330/1330/1330 959/959/959
f 959/959/959 1330/1330/1330 1322/1322/1322
f 959/959/959 1322/1322/1322 958/958/958
f 1322/1322/1322 1301/1301/1301 902/902/902
f 1322/1322/1322 902/902/902 958/958/958
f 1306/1306/1306 1281/1281/1281 1208/1208/1208
f 1306/1306/1306 1208/1208/1208 1231/1231/1231
f 1290/1290/1290 1273/1273/1273 894/894/894
f 1290/1290/1290 894/894/894 900/900/900
f 1289/1289/1289 1310/1310/1310 1235/1235/1235
f 1289/1289/1289 1235/1235/1235 1216/1216/1216
f 1309/1309/1309 1290/1290/1290 900/900/900
f 1309/1309/1309 900/900/900 955/955/955
f 954/954/954 1313/1313/1313 1318/1318/1318
f 954/954/954 1318/1318/1318 956/956/956
f 1294/1294/1294 1277/1277/1277 896/896/896
f 1294/1294/1294 896/896/896 903/903/903
f 1265/1265/1265 1282/1282/1282 897/897/897
f 1265/1265/1265 897/897/897 895/895/895
f 1270/1270/1270 1298/1298/1298 898/898/898
f 1270/1270/1270 898/898/898 892/892/892
f 1317/1317/1317 1314/1314/1314 1239/1239/1239
f 1317/1317/1317 1239/1239/1239 1244/1244/1244
f 1252/1252/1252 1255/1255/1255 1257/1257/1257
f 1252/1252/1252 1257/1257/1257 1253/1253/1253
f 1254/1254/1254 1258/1258/1258 1256/1256/1256
f 1254/1254/1254 1256/1256/1256 1251/1251/1251
f 1186/1186/1186 1203/1203/1203 1206/1206/1206
f 1186/1186/1186 1206/1206/1206 1189/1189/1189
f 1188/1188/1188 1205/1205/1205 1204/1204/1204
f 1188/1188/1188 1204/1204/1204 1185/1185/1185
f 1192/1192/1192 1207/1207/1207 1209/1209/1209
f 1192/1192/1192 1209/1209/1209 1193/1193/1193
f 1194/1194/1194 1210/1210/1210 1208/1208/1208
f 1194/1194/1194 1208/1208/1208 1191/1191/1191
f 1244/1244/1244 1239/1239/1239 1242/1242/1242
f 1244/1244/1244 1242/1242/1242 1246/1246/1246
f 1245/1245/1245 1241/1241/1241 1240/1240/1240
f 1245/1245/1245 1240/1240/1240 1243/1243/1243
f 1255/1255/1255 1247/1247/1247 1249/1249/1249
f 1255/1255/1255 1249/1249/1249 1257/1257/1257
f 1258/1258/1258 1250/1250/1250 1248/1248/1248
f 1258/1258/1258 1248/1248/1248 1256/1256/1256
f 1236/1236/1236 1215/1215/1215 1217/1217/1217
f 1236/1236/1236 1217/1217/1217 1237/1237/1237
f 1238/1238/1238 1218/1218/1218 1216/1216/1216
f 1238/1238/1238 1216/1216/1216 1235/1235/1235
f 1251/1251/1251 1231/1231/1231 1234/1234/1234
f 1251/1251/1251 1234/1234/1234 1254/1254/1254
f 1253/1253/1253 1233/1233/1233 1232/1232/1232
f 1253/1253/1253 1232/1232/1232 1252/1252/1252
f 1207/1207/1207 1232/1232/1232 1233/1233/1233
f 1207/1207/1207 1233/1233/1233 1209/1209/1209
f 1210/1210/1210 1234/1234/1234 1231/1231/1231
f 1210/1210/1210 1231/1231/1231 1208/1208/1208
f 1196/1196/1196 1187/1187/1187 1190/1190/1190
f 1196/1196/1196 1190/1190/1190 1198/1198/1198
f 1197/1197/1197 1188/1188/1188 1185/1185/1185
f 1197/1197/1197 1185/1185/1185 1195/1195/1195
f 1220/1220/1220 1227/1227/1227 1230/1230/1230
f 1220/1220/1220 1230/1230/1230 1222/1222/1222
f 1221/1221/1221 1229/1229/1229 1228/1228/1228
f 1221/1221/1221 1228/1228/1228 1219/1219/1219
f 1191/1191/1191 1199/1199/1199 1202/1202/1202
f 1191/1191/1191 1202/1202/1202 1194/1194/1194
f 1193/1193/1193 1201/1201/1201 1200/1200/1200
f 1193/1193/1193 1200/1200/1200 1192/1192/1192
f 1235/1235/1235 1244/1244/1244 1246/1246/1246
f 1235/1235/1235 1246/1246/1246 1238/1238/1238
f 1237/1237/1237 1245/1245/1245 1243/1243/1243
f 1237/1237/1237 1243/1243/1243 1236/1236/1236
f 1247/1247/1247 1228/1228/1228 1229/1229/1229
f 1247/1247/1247 1229/1229/1229 1249/1249/1249
f 1250/1250/1250 1230/1230/1230 1227/1227/1227
f 1250/1250/1250 1227/1227/1227 1248/1248/1248
f 1195/1195/1195 1223/1223/1223 1225/1225/1225
f 1195/1195/1195 1225/1225/1225 1197/1197/1197
f 1198/1198/1198 1226/1226/1226 1224/1224/1224
f 1198/1198/1198 1224/1224/1224 1196/1196/1196
f 1219/1219/1219 1204/1204/1204 1205/1205/1205
f 1219/1219/1219 1205/1205/1205 1221/1221/1221
f 1222/1222/1222 1206/1206/1206 1203/1203/1203
f 1222/1222/1222 1203/1203/1203 1220/1220/1220
f 1212/1212/1212 1224/1224/1224 1226/1226/1226
f 1212/1212/1212 1226/1226/1226 1214/1214/1214
f 1213/1213/1213 1225/1225/1225 1223/1223/1223
f 1213/1213/1213 1223/1223/1223 1211/1211/1211
f 1211/1211/1211 1240/1240/1240 1241/1241/1241
f 1211/1211/1211 1241/1241/1241 1213/1213/1213
f 1214/1214/1214 1242/1242/1242 1239/1239/1239
f 1214/1214/1214 1239/1239/1239 1212/1212/1212
f 1215/1215/1215 1200/1200/1200 1201/1201/1201
f 1215/1215/1215 1201/1201/1201 1217/1217/1217
f 1218/1218/1218 1202/1202/1202 1199/1199/1199
f 1218/1218/1218 1199/1199/1199 1216/1216/1216
f 1157/1157/1157 1207/1207/1207 1192/1192/1192
f 1157/1157/1157 1192/1192/1192 1158/1158/1158
f 1161/1161/1161 1159/1159/1159 1163/1163/1163
f 1163/1163/1163 1159/1159/1159 1219/1219/1219
f 1163/1163/1163 1219/1219/1219 1228/1228/1228
f 1326/1326/1326 1329/1329/1329 1331/1331/1331
f 1326/1326/1326 1331/1331/1331 1327/1327/1327
f 1328/1328/1328 1332/1332/1332 1330/1330/1330
f 1328/1328/1328 1330/1330/1330 1325/1325/1325
f 1261/1261/1261 1277/1277/1277 1280/1280/1280
f 1261/1261/1261 1280/1280/1280 1263/1263/1263
f 1262/1262/1262 1279/1279/1279 1278/1278/1278
f 1262/1262/1262 1278/1278/1278 1259/1259/1259
f 1266/1266/1266 1281/1281/1281 1283/1283/1283
f 1266/1266/1266 1283/1283/1283 1268/1268/1268
f 1267/1267/1267 1284/1284/1284 1282/1282/1282
f 1267/1267/1267 1282/1282/1282 1265/1265/1265
f 1318/1318/1318 1313/1313/1313 1315/1315/1315
f 1318/1318/1318 1315/1315/1315 1319/1319/1319
f 1320/1320/1320 1316/1316/1316 1314/1314/1314
f 1320/1320/1320 1314/1314/1314 1317/1317/1317
f 1329/1329/1329 1321/1321/1321 1323/1323/1323
f 1329/1329/1329 1323/1323/1323 1331/1331/1331
f 1332/1332/1332 1324/1324/1324 1322/1322/1322
f 1332/1332/1332 1322/1322/1322 1330/1330/1330
f 1310/1310/1310 1289/1289/1289 1292/1292/1292
f 1310/1310/1310 1292/1292/1292 1312/1312/1312
f 1311/1311/1311 1291/1291/1291 1290/1290/1290
f 1311/1311/1311 1290/1290/1290 1309/1309/1309
f 1325/1325/1325 1305/1305/1305 1308/1308/1308
f 1325/1325/1325 1308/1308/1308 1328/1328/1328
f 1327/1327/1327 1307/1307/1307 1306/1306/1306
f 1327/1327/1327 1306/1306/1306 1326/1326/1326
f 1281/1281/1281 1306/1306/1306 1307/1307/1307
f 1281/1281/1281 1307/1307/1307 1283/1283/1283
f 1284/1284/1284 1308/1308/1308 1305/1305/1305
f 1284/1284/1284 1305/1305/1305 1282/1282/1282
f 1270/1270/1270 1261/1261/1261 1263/1263/1263
f 1270/1270/1270 1263/1263/1263 1271/1271/1271
f 1272/1272/1272 1264/1264/1264 1260/1260/1260
f 1272/1272/1272 1260/1260/1260 1269/1269/1269
f 1294/1294/1294 1301/1301/1301 1304/1304/1304
f 1294/1294/1294 1304/1304/1304 1296/1296/1296
f 1295/1295/1295 1303/1303/1303 1302/1302/1302
f 1295/1295/1295 1302/1302/1302 1293/1293/1293
f 1265/1265/1265 1273/1273/1273 1275/1275/1275
f 1265/1265/1265 1275/1275/1275 1267/1267/1267
f 1268/1268/1268 1276/1276/1276 1274/1274/1274
f 1268/1268/1268 1274/1274/1274 1266/1266/1266
f 1309/1309/1309 1318/1318/1318 1319/1319/1319
f 1309/1309/1309 1319/1319/1319 1311/1311/1311
f 1312/1312/1312 1320/1320/1320 1317/1317/1317
f 1312/1312/1312 1317/1317/1317 1310/1310/1310
f 1321/1321/1321 1302/1302/1302 1303/1303/1303
f 1321/1321/1321 1303/1303/1303 1323/1323/1323
f 1324/1324/1324 1304/1304/1304 1301/1301/1301
f 1324/1324/1324 1301/1301/1301 1322/1322/1322
f 1269/1269/1269 1297/1297/1297 1300/1300/1300
f 1269/1269/1269 1300/1300/1300 1272/1272/1272
f 1271/1271/1271 1299/1299/1299 1298/1298/1298
f 1271/1271/1271 1298/1298/1298 1270/1270/1270
f 1293/1293/1293 1278/1278/1278 1279/1279/1279
f 1293/1293/1293 1279/1279/1279 1295/1295/1295
f 1296/1296/1296 1280/1280/1280 1277/1277/1277
f 1296/1296/1296 1277/1277/1277 1294/1294/1294
f 1286/1286/1286 1298/1298/1298 1299/1299/1299
f 1286/1286/1286 1299/1299/1299 1287/1287/1287
f 1288/1288/1288 1300/1300/1300 1297/1297/1297
f 1288/1288/1288 1297/1297/1297 1285/1285/1285
f 1285/1285/1285 1314/1314/1314 1316/1316/1316
f 1285/1285/1285 1316/1316/1316 1288/1288/1288
f 1287/1287/1287 1315/1315/1315 1313/1313/1313
f 1287/1287/1287 1313/1313/1313 1286/1286/1286
f 1289/1289/1289 1274/1274/1274 1276/1276/1276
f 1289/1289/1289 1276/1276/1276 1292/1292/1292
f 1291/1291/1291 1275/1275/1275 1273/1273/1273
f 1291/1291/1291 1273/1273/1273 1290/1290/1290
f 1259/1259/1259 1278/1278/1278 1203/1203/1203
f 1259/1259/1259 1203/1203/1203 1186/1186/1186
f 900/900/900 894/894/894 1340/1340/1340
f 900/900/900 1340/1340/1340 1351/1351/1351
f 1348/1348/1348 1334/1334/1334 895/895/895
f 1348/1348/1348 895/895/895 897/897/897
f 1349/1349/1349 1333/1333/1333 1335/1335/1335
f 1349/1349/1349 1335/1335/1335 1350/1350/1350
f 1350/1350/1350 1335/1335/1335 1334/1334/1334
f 1350/1350/1350 1334/1334/1334 1348/1348/1348
f 1343/1343/1343 1336/1336/1336 1338/1338/1338
f 1343/1343/1343 1338/1338/1338 1344/1344/1344
f 1344/1344/1344 1338/1338/1338 1337/1337/1337
f 1344/1344/1344 1337/1337/1337 1342/1342/1342
f 1333/1333/1333 1339/1339/1339 1341/1341/1341
f 1333/1333/1333 1341/1341/1341 1335/1335/1335
f 1335/1335/1335 1341/1341/1341 1340/1340/1340
f 1335/1335/1335 1340/1340/1340 1334/1334/1334
f 1336/1336/1336 1345/1345/1345 1347/1347/1347
f 1336/1336/1336 1347/1347/1347 1338/1338/1338
f 1338/1338/1338 1347/1347/1347 1346/1346/1346
f 1338/1338/1338 1346/1346/1346 1337/1337/1337
f 1424/1424/1424 1351/1351/1351 1353/1353/1353
f 1424/1424/1424 1353/1353/1353 1425/1425/1425
f 1425/1425/1425 1353/1353/1353 1352/1352/1352
f 1425/1425/1425 1352/1352/1352 1423/1423/1423
f 1427/1427/1427 1382/1382/1382 1386/1386/1386
f 1427/1427/1427 1386/1386/1386 1428/1428/1428
f 1428/1428/1428 1386/1386/1386 1383/1383/1383
f 1428/1428/1428 1383/1383/1383 1426/1426/1426
f 1348/1348/1348 1354/1354/1354 1356/1356/1356
f 1348/1348/1348 1356/1356/1356 1350/1350/1350
f 1350/1350/1350 1356/1356/1356 1355/1355/1355
f 1350/1350/1350 1355/1355/1355 1349/1349/1349
f 1430/1430/1430 1387/1387/1387 1389/1389/1389
f 1430/1430/1430 1389/1389/1389 1431/1431/1431
f 1431/1431/1431 1389/1389/1389 1388/1388/1388
f 1431/1431/1431 1388/1388/1388 1429/1429/1429
f 1433/1433/1433 1364/1364/1364 1368/1368/1368
f 1433/1433/1433 1368/1368/1368 1434/1434/1434
f 1434/1434/1434 1368/1368/1368 1366/1366/1366
f 1434/1434/1434 1366/1366/1366 1432/1432/1432
f 1342/1342/1342 1358/1358/1358 1362/1362/1362
f 1342/1342/1342 1362/1362/1362 1344/1344/1344
f 1344/1344/1344 1362/1362/1362 1360/1360/1360
f 1344/1344/1344 1360/1360/1360 1343/1343/1343
f 1400/1400/1400 1372/1372/1372 1374/1374/1374
f 1400/1400/1400 1374/1374/1374 1401/1401/1401
f 1401/1401/1401 1374/1374/1374 1373/1373/1373
f 1401/1401/1401 1373/1373/1373 1399/1399/1399
f 1421/1421/1421 1373/1373/1373 1374/1374/1374
f 1421/1421/1421 1374/1374/1374 1422/1422/1422
f 1422/1422/1422 1374/1374/1374 1372/1372/1372
f 1422/1422/1422 1372/1372/1372 1420/1420/1420
f 1415/1415/1415 1369/1369/1369 1371/1371/1371
f 1415/1415/1415 1371/1371/1371 1416/1416/1416
f 1416/1416/1416 1371/1371/1371 1370/1370/1370
f 1416/1416/1416 1370/1370/1370 1414/1414/1414
f 1409/1409/1409 1370/1370/1370 1371/1371/1371
f 1409/1409/1409 1371/1371/1371 1410/1410/1410
f 1410/1410/1410 1371/1371/1371 1369/1369/1369
f 1410/1410/1410 1369/1369/1369 1408/1408/1408
f 1351/1351/1351 1340/1340/1340 1341/1341/1341
f 1351/1351/1351 1341/1341/1341 1353/1353/1353
f 1353/1353/1353 1341/1341/1341 1339/1339/1339
f 1353/1353/1353 1339/1339/1339 1352/1352/1352
f 1363/1363/1363 1346/1346/1346 1347/1347/1347
f 1363/1363/1363 1347/1347/1347 1367/1367/1367
f 1367/1367/1367 1347/1347/1347 1345/1345/1345
f 1367/1367/1367 1345/1345/1345 1365/1365/1365
f 1377/1377/1377 1393/1393/1393 1395/1395/1395
f 1377/1377/1377 1395/1395/1395 1379/1379/1379
f 1379/1379/1379 1395/1395/1395 1394/1394/1394
f 1379/1379/1379 1394/1394/1394 1375/1375/1375
f 1393/1393/1393 1396/1396/1396 1398/1398/1398
f 1393/1393/1393 1398/1398/1398 1395/1395/1395
f 1395/1395/1395 1398/1398/1398 1397/1397/1397
f 1395/1395/1395 1397/1397/1397 1394/1394/1394
f 1396/1396/1396 1400/1400/1400 1401/1401/1401
f 1396/1396/1396 1401/1401/1401 1398/1398/1398
f 1398/1398/1398 1401/1401/1401 1399/1399/1399
f 1398/1398/1398 1399/1399/1399 1397/1397/1397
f 1381/1381/1381 1402/1402/1402 1404/1404/1404
f 1381/1381/1381 1404/1404/1404 1385/1385/1385
f 1385/1385/1385 1404/1404/1404 1403/1403/1403
f 1385/1385/1385 1403/1403/1403 1384/1384/1384
f 1402/1402/1402 1405/1405/1405 1407/1407/1407
f 1402/1402/1402 1407/1407/1407 1404/1404/1404
f 1404/1404/1404 1407/1407/1407 1406/1406/1406
f 1404/1404/1404 1406/1406/1406 1403/1403/1403
f 1405/1405/1405 1409/1409/1409 1410/1410/1410
f 1405/1405/1405 1410/1410/1410 1407/1407/1407
f 1407/1407/1407 1410/1410/1410 1408/1408/1408
f 1407/1407/1407 1408/1408/1408 1406/1406/1406
f 1391/1391/1391 1411/1411/1411 1413/1413/1413
f 1391/1391/1391 1413/1413/1413 1392/1392/1392
f 1392/1392/1392 1413/1413/1413 1412/1412/1412
f 1392/1392/1392 1412/1412/1412 1390/1390/1390
f 1411/1411/1411 1415/1415/1415 1416/1416/1416
f 1411/1411/1411 1416/1416/1416 1413/1413/1413
f 1413/1413/1413 1416/1416/1416 1414/1414/1414
f 1413/1413/1413 1414/1414/1414 1412/1412/1412
f 1387/1387/1387 1417/1417/1417 1419/1419/1419
f 1387/1387/1387 1419/1419/1419 1389/1389/1389
f 1389/1389/1389 1419/1419/1419 1418/1418/1418
f 1389/1389/1389 1418/1418/1418 1388/1388/1388
f 1417/1417/1417 1421/1421/1421 1422/1422/1422
f 1417/1417/1417 1422/1422/1422 1419/1419/1419
f 1419/1419/1419 1422/1422/1422 1420/1420/1420
f 1419/1419/1419 1420/1420/1420 1418/1418/1418
f 1376/1376/1376 1424/1424/1424 1425/1425/1425
f 1376/1376/1376 1425/1425/1425 1380/1380/1380
f 1380/1380/1380 1425/1425/1425 1423/1423/1423
f 1380/1380/1380 1423/1423/1423 1378/1378/1378
f 1354/1354/1354 1427/1427/1427 1428/1428/1428
f 1354/1354/1354 1428/1428/1428 1356/1356/1356
f 1356/1356/1356 1428/1428/1428 1426/1426/1426
f 1356/1356/1356 1426/1426/1426 1355/1355/1355
f 1357/1357/1357 1430/1430/1430 1431/1431/1431
f 1357/1357/1357 1431/1431/1431 1361/1361/1361
f 1361/1361/1361 1431/1431/1431 1429/1429/1429
f 1361/1361/1361 1429/1429/1429 1359/1359/1359
f 1390/1390/1390 1433/1433/1433 1434/1434/1434
f 1390/1390/1390 1434/1434/1434 1392/1392/1392
f 1392/1392/1392 1434/1434/1434 1432/1432/1432
f 1392/1392/1392 1432/1432/1432 1391/1391/1391
f 1349/1349/1349 859/859/859 1333/1333/1333
