# GloomhavenVR - pico-4 left 'body' (glTF material 0)
# generated by controllers_pipeline.py from webxr-input-profiles (MIT)
o pico4_left_body__m0
v -0.029374 0.019172 -0.004685
v -0.027207 0.023664 0.003745
v -0.030673 0.011585 -0.007635
v -0.030673 0.011585 -0.007635
v -0.029551 0.014596 -0.008465
v -0.027381 0.017519 -0.008886
v -0.023334 0.019686 -0.008232
v -0.020781 -0.025727 -0.065136
v -0.017359 0.000249 0.026963
v -0.017359 0.000249 0.026963
v 0.003637 0.005119 -0.016669
v -0.003980 0.024561 0.012517
v -0.003980 0.024561 0.012517
v 0.004807 -0.017934 -0.029658
v -0.027261 0.000439 -0.025636
v -0.007229 -0.010372 0.020409
v -0.007229 -0.010372 0.020409
v -0.028101 0.005910 -0.017785
v -0.028869 0.012341 -0.011780
v -0.021626 -0.028883 -0.063719
v -0.021626 -0.028883 -0.063719
v 0.003893 0.024308 0.004788
v 0.003893 0.024308 0.004788
v -0.005638 0.027004 0.013647
v -0.005638 0.027004 0.013647
v -0.000718 -0.010757 -0.013979
v 0.005253 -0.006212 -0.002729
v -0.028351 -0.004160 -0.022776
v -0.028351 -0.004160 -0.022776
v -0.001117 0.024550 0.007420
v -0.001117 0.024550 0.007420
v -0.000704 0.024716 0.025042
v -0.033262 0.017049 0.001406
v -0.033262 0.017049 0.001406
v -0.032589 0.019170 0.000924
v -0.031412 0.020699 0.000529
v -0.029498 0.023105 0.004617
v -0.031770 0.014442 -0.003862
v -0.031770 0.014442 -0.003862
v -0.030904 0.016779 -0.004504
v 0.003352 0.005212 -0.018718
v -0.016198 -0.002895 0.024849
v -0.016198 -0.002895 0.024849
v 0.001036 -0.013274 -0.010704
v 0.001338 -0.011237 -0.005333
v -0.017149 0.003576 0.029892
v -0.017149 0.003576 0.029892
v 0.000617 -0.013183 -0.008555
v -0.022350 0.024571 0.036628
v -0.001137 -0.011266 -0.010276
v -0.017527 0.002203 0.028438
v -0.017527 0.002203 0.028438
v -0.000933 -0.011323 -0.011938
v -0.014744 0.005929 0.032455
v -0.014744 0.005929 0.032455
v -0.029289 0.020736 0.025717
v -0.029289 0.020736 0.025717
v -0.016496 0.004681 0.030848
v -0.016496 0.004681 0.030848
v -0.028441 0.022709 0.025466
v -0.028441 0.022709 0.025466
v -0.028441 0.022709 0.025466
v 0.000560 0.003248 -0.017686
v -0.007151 0.024343 0.007103
v 0.001749 -0.023712 -0.066659
v -0.029460 0.018667 0.027804
v -0.029460 0.018667 0.027804
v -0.029460 0.018667 0.027804
v -0.028029 0.024671 0.024482
v -0.012550 0.014181 -0.022095
v -0.012230 0.024670 0.036384
v -0.009496 0.007593 0.034651
v -0.009496 0.007593 0.034651
v 0.010052 0.024674 0.028570
v -0.006243 -0.018698 -0.069780
v -0.018344 0.000367 -0.042148
v -0.006504 0.008986 -0.029808
v 0.006507 -0.004055 -0.002922
v -0.018463 -0.025816 -0.069622
v -0.020889 0.021169 0.036736
v 0.003033 -0.032013 -0.066755
v 0.003033 -0.032013 -0.066755
v 0.000803 -0.040395 -0.055255
v 0.003869 -0.034998 -0.059016
v -0.020045 -0.038917 -0.056608
v -0.021651 -0.034847 -0.059595
v -0.019964 -0.036974 -0.063726
v 0.000174 -0.030001 -0.070581
v -0.018471 -0.040718 -0.060794
v -0.013977 0.024584 0.040997
v -0.006260 -0.022407 -0.072991
v -0.000463 -0.041653 -0.060225
v 0.002583 -0.037630 -0.062094
v -0.028815 -0.004246 -0.011055
v -0.029966 0.002222 -0.003560
v 0.003134 -0.034446 -0.065999
v -0.004465 0.016601 -0.016177
v -0.008753 -0.010082 0.020646
v -0.008753 -0.010082 0.020646
v -0.003492 0.024378 0.011042
v -0.000334 0.024671 0.015976
v -0.027435 0.012721 0.035872
v -0.019225 0.008046 -0.029817
v -0.000400 0.024672 0.035485
v 0.013291 0.013122 0.035934
v -0.024839 -0.020581 -0.050257
v -0.024839 -0.020581 -0.050257
v 0.015430 0.004259 0.017485
v -0.012033 0.017273 -0.016350
v -0.012283 0.006880 0.033815
v -0.012283 0.006880 0.033815
v -0.002930 0.007749 0.034541
v -0.002930 0.007749 0.034541
v 0.014422 0.024578 0.013754
v 0.014160 0.005534 0.003362
v 0.004924 0.003577 -0.012417
v -0.001660 -0.034124 -0.070806
v -0.001660 -0.034124 -0.070806
v -0.005858 0.013501 -0.021802
v -0.032639 0.018638 0.030288
v -0.032639 0.018638 0.030288
v -0.032639 0.018638 0.030288
v -0.032639 0.018638 0.030288
v 0.000451 -0.008249 -0.018179
v 0.000260 -0.011357 0.001199
v -0.032477 0.021331 0.028943
v -0.032477 0.021331 0.028943
v -0.017613 -0.027737 -0.071205
v -0.018477 -0.029619 -0.070511
v 0.004202 0.004517 -0.014586
v 0.005144 -0.009484 -0.035655
v -0.019037 -0.022765 -0.066652
v 0.001891 -0.010397 -0.004516
v -0.000449 -0.004617 -0.006282
v 0.003756 -0.008094 -0.003196
v -0.000933 -0.007861 -0.006474
v -0.001159 -0.009411 -0.007298
v 0.004511 -0.003201 -0.024299
v -0.026113 0.018660 0.033187
v -0.026113 0.018660 0.033187
v -0.001467 -0.014108 -0.004904
v -0.000486 -0.017599 -0.011876
v -0.019140 -0.032346 -0.069355
v -0.019140 -0.032346 -0.069355
v -0.015976 -0.030491 -0.072179
v -0.012910 0.009377 -0.030355
v -0.012407 -0.030602 -0.021589
v -0.027923 -0.003734 -0.001126
v -0.026167 -0.014786 -0.015517
v -0.026669 -0.009261 -0.008001
v -0.028052 -0.010256 -0.018613
v -0.025215 -0.022870 -0.027698
v -0.023019 -0.003067 -0.040464
v -0.020607 -0.030990 -0.067169
v -0.020607 -0.030990 -0.067169
v -0.005917 0.007776 0.034889
v -0.005917 0.007776 0.034889
v 0.004140 -0.029589 -0.062816
v 0.004140 -0.029589 -0.062816
v -0.006323 -0.031454 -0.073819
v -0.011488 -0.018872 -0.069829
v 0.002391 0.006803 0.032044
v 0.002391 0.006803 0.032044
v -0.000067 0.007427 0.033674
v -0.000067 0.007427 0.033674
v 0.015848 0.005629 0.021399
v 0.014790 0.024642 0.017372
v 0.011785 0.009913 0.035099
v 0.007140 0.010719 0.038699
v -0.011406 -0.022645 -0.073022
v -0.025833 0.008205 0.034582
v -0.005373 0.024505 0.011017
v -0.005373 0.024505 0.011017
v 0.016389 0.007754 0.007750
v -0.009885 -0.009656 0.020911
v -0.009885 -0.009656 0.020911
v 0.009167 -0.003477 0.025052
v 0.009167 -0.003477 0.025052
v 0.000864 -0.025380 -0.069515
v 0.010531 0.000357 0.027733
v 0.010531 0.000357 0.027733
v 0.011589 -0.000297 0.006882
v -0.000235 -0.027668 -0.071092
v -0.023181 0.003006 0.033238
v -0.023181 0.003006 0.033238
v -0.009309 0.022561 -0.003083
v -0.009309 0.022561 -0.003083
v 0.009476 0.006031 0.033972
v 0.009476 0.006031 0.033972
v 0.008306 0.013547 0.040092
v -0.003230 0.024615 0.013692
v -0.003230 0.024615 0.013692
v -0.024491 0.024671 0.029973
v 0.008328 0.005054 -0.007410
v 0.008328 0.005054 -0.007410
v 0.001935 -0.038213 -0.062869
v 0.001935 -0.038213 -0.062869
v 0.001935 -0.038213 -0.062869
v -0.001544 -0.035988 -0.060781
v -0.001544 -0.035988 -0.060781
v -0.001576 -0.033328 -0.063187
v -0.001576 -0.033328 -0.063187
v -0.001576 -0.033328 -0.063187
v 0.002143 -0.035835 -0.065546
v 0.002143 -0.035835 -0.065546
v 0.002143 -0.035835 -0.065546
v -0.003155 -0.033064 -0.065901
v -0.003155 -0.033064 -0.065901
v -0.003155 -0.033064 -0.065901
v 0.000450 -0.035434 -0.068140
v 0.000450 -0.035434 -0.068140
v 0.000450 -0.035434 -0.068140
v 0.000450 -0.035434 -0.068140
v -0.005184 -0.034686 -0.067308
v -0.005184 -0.034686 -0.067308
v -0.005184 -0.034686 -0.067308
v -0.001993 -0.036713 -0.069321
v -0.001993 -0.036713 -0.069321
v -0.001993 -0.036713 -0.069321
v -0.001993 -0.036713 -0.069321
v -0.006657 -0.037583 -0.066662
v -0.006657 -0.037583 -0.066662
v -0.004039 -0.039304 -0.068522
v -0.004039 -0.039304 -0.068522
v -0.004039 -0.039304 -0.068522
v -0.004039 -0.039304 -0.068522
v -0.006562 -0.039433 -0.064535
v -0.004873 -0.039628 -0.061672
v -0.004873 -0.039628 -0.061672
v -0.004873 -0.039628 -0.061672
v -0.002262 -0.041786 -0.063714
v -0.002262 -0.041786 -0.063714
v -0.002262 -0.041786 -0.063714
v -0.002926 -0.037997 -0.060387
v 0.000014 -0.040513 -0.062443
v 0.000014 -0.040513 -0.062443
v 0.000014 -0.040513 -0.062443
v -0.005098 -0.010145 0.020314
v -0.001648 -0.035504 -0.070157
v -0.015580 -0.038836 -0.068452
v -0.028417 0.024465 0.011721
v -0.001261 -0.020564 -0.068406
v -0.015354 -0.027412 -0.072673
v -0.016074 -0.020404 -0.068436
v -0.023657 0.023722 0.037737
v -0.023657 0.023722 0.037737
v 0.006735 0.008379 -0.011119
v 0.004701 0.011082 -0.013729
v 0.004505 0.004403 0.028520
v 0.004505 0.004403 0.028520
v -0.030534 0.024444 0.026160
v -0.013558 -0.013887 -0.000336
v -0.026877 -0.017827 -0.031191
v -0.006483 -0.020866 -0.010267
v -0.025612 0.021003 0.031756
v -0.030071 0.008999 -0.010357
v -0.030071 0.008999 -0.010357
v -0.003925 -0.044011 -0.053241
v -0.004161 -0.044152 -0.058616
v 0.001716 0.013945 -0.015329
v 0.003527 0.006001 0.030738
v 0.003527 0.006001 0.030738
v 0.001895 -0.012539 -0.013025
v -0.031916 0.023137 0.027714
v -0.031916 0.023137 0.027714
v -0.031916 0.023137 0.027714
v -0.006134 -0.013973 -0.000549
v -0.027093 0.024535 0.031817
v -0.010818 -0.013708 0.010904
v -0.013475 -0.021705 -0.009820
v -0.025023 0.023140 0.030213
v -0.025023 0.023140 0.030213
v 0.004300 0.000273 0.024743
v 0.004300 0.000273 0.024743
v -0.006358 -0.027076 -0.074296
v -0.028452 0.018665 0.036420
v -0.028452 0.018665 0.036420
v -0.010702 -0.045077 -0.052688
v -0.010601 -0.045246 -0.058228
v -0.011376 -0.039608 -0.069449
v -0.006277 -0.034909 -0.072498
v -0.006277 -0.034909 -0.072498
v -0.033546 0.010234 0.019439
v -0.030141 0.003677 0.021053
v 0.004687 0.002580 0.026665
v 0.004687 0.002580 0.026665
v 0.000486 -0.001775 -0.040718
v -0.031221 0.011738 0.029606
v -0.028608 0.006250 0.029565
v -0.022500 -0.002370 0.028853
v -0.022500 -0.002370 0.028853
v -0.006401 0.001602 -0.042252
v -0.020945 0.024671 0.033664
v -0.013757 0.013737 0.043885
v -0.013350 0.011235 0.042368
v -0.013050 0.009432 0.041249
v -0.013050 0.009432 0.041249
v -0.012577 0.001935 -0.042755
v -0.011549 -0.034691 -0.072632
v -0.011549 -0.034691 -0.072632
v 0.003813 0.013740 0.042522
v 0.006088 0.008319 0.037527
v 0.006088 0.008319 0.037527
v -0.006813 0.013815 0.044451
v 0.013720 0.009009 0.031496
v 0.004700 -0.004568 -0.023653
v -0.019881 -0.027954 -0.068222
v -0.014368 0.018642 0.045546
v -0.014368 0.018642 0.045546
v -0.014368 0.018642 0.045546
v -0.014368 0.018642 0.045546
v 0.002666 0.009136 0.039768
v 0.002666 0.009136 0.039768
v -0.002045 -0.030799 -0.072081
v -0.016222 -0.033638 -0.071234
v -0.016222 -0.033638 -0.071234
v 0.003475 -0.026858 -0.064607
v -0.028317 0.023653 0.032800
v -0.028317 0.023653 0.032800
v 0.014679 0.007976 0.028400
v -0.002527 -0.009006 0.020469
v -0.002527 -0.009006 0.020469
v -0.022347 0.013318 0.040088
v -0.021252 0.009955 0.038877
v -0.019901 0.006421 0.037134
v -0.019901 0.006421 0.037134
v -0.011244 -0.027167 -0.074185
v 0.005550 -0.021150 -0.048272
v 0.005550 -0.021150 -0.048272
v -0.024915 0.010434 -0.020156
v -0.020412 0.018659 0.038016
v -0.020412 0.018659 0.038016
v -0.025855 0.015191 -0.013578
v -0.024313 0.004841 -0.028217
v -0.016516 -0.012408 0.023263
v -0.016516 -0.012408 0.023263
v -0.004604 -0.039499 -0.068876
v -0.006239 -0.039604 -0.069295
v -0.019553 0.013143 -0.021759
v -0.001039 0.019784 0.007585
v -0.002702 -0.042328 -0.063452
v -0.004775 -0.043446 -0.062848
v -0.027114 -0.011375 -0.035330
v -0.027114 -0.011375 -0.035330
v -0.010705 -0.044259 -0.062486
v 0.003594 0.022468 -0.004020
v -0.016638 -0.041505 -0.063632
v -0.018221 -0.038151 -0.066586
v 0.003518 -0.005127 -0.038482
v -0.033053 0.008947 0.011464
v -0.029965 0.001588 0.013648
v 0.002331 -0.003694 0.022368
v 0.002331 -0.003694 0.022368
v -0.001667 0.013811 0.043980
v 0.003637 -0.001327 0.023683
v 0.003637 -0.001327 0.023683
v -0.001159 -0.007939 0.020694
v -0.001159 -0.007939 0.020694
v 0.013245 0.001400 0.010736
v -0.011892 0.024273 0.007657
v -0.005156 -0.029422 -0.022143
v 0.005652 -0.012391 -0.033592
v 0.005652 -0.012391 -0.033592
v 0.014544 0.002694 0.013901
v 0.017701 0.009080 0.010761
v 0.001164 0.005273 -0.028282
v -0.032244 0.007140 0.004792
v -0.029307 -0.000129 0.007335
v 0.012455 0.024305 0.008203
v -0.004929 -0.012531 0.005532
v -0.015334 0.023517 0.043375
v -0.015334 0.023517 0.043375
v -0.015334 0.023517 0.043375
v -0.006738 -0.015825 -0.003910
v 0.000669 -0.006039 0.021322
v 0.000669 -0.006039 0.021322
v 0.010120 -0.001536 0.004302
v 0.012502 0.003776 0.000542
v 0.000503 -0.033379 -0.069316
v 0.000503 -0.033379 -0.069316
v -0.031095 0.004479 -0.000055
v -0.028445 -0.002007 0.002341
v -0.002414 0.024720 0.015672
v -0.002414 0.024720 0.015672
v -0.013038 -0.012564 0.006003
v -0.010076 -0.016775 0.021111
v -0.010076 -0.016775 0.021111
v 0.007916 -0.003781 0.000076
v 0.009479 0.001029 -0.003151
v -0.000238 0.000712 -0.011444
v -0.000238 0.000712 -0.011444
v 0.000086 -0.001842 -0.007925
v -0.000462 -0.012261 -0.001195
v -0.006060 -0.013553 0.010390
v -0.008297 0.023059 -0.000988
v -0.008297 0.023059 -0.000988
v -0.002503 -0.012920 0.009866
v -0.029235 0.001682 -0.015370
v -0.029235 0.001682 -0.015370
v -0.027332 -0.006054 -0.004368
v -0.029570 -0.000478 -0.006838
v -0.011497 -0.031342 -0.073697
v -0.021871 0.023196 0.035635
v -0.021871 0.023196 0.035635
v -0.011182 -0.008883 0.021334
v -0.011182 -0.008883 0.021334
v -0.011143 0.018684 0.043063
v -0.011143 0.018684 0.043063
v -0.011143 0.018684 0.043063
v -0.000183 -0.000356 -0.010051
v 0.002384 -0.028172 -0.068135
v -0.001892 -0.023419 -0.071448
v -0.003912 -0.009749 0.020345
v 0.004743 -0.005625 -0.022928
v 0.004743 -0.005625 -0.022928
v -0.001264 -0.009959 -0.007827
v 0.004624 -0.007101 -0.021374
v -0.001020 -0.013900 0.014710
v -0.000984 -0.013473 0.022149
v -0.000984 -0.013473 0.022149
v -0.002899 -0.014571 0.014951
v -0.019856 0.016760 -0.015391
v -0.009542 -0.014834 0.022480
v -0.009542 -0.014834 0.022480
v -0.014478 -0.013637 0.016079
v -0.025749 -0.007192 -0.038152
v -0.011573 0.023015 0.041230
v -0.011573 0.023015 0.041230
v -0.011573 0.023015 0.041230
v 0.001191 -0.024956 -0.024874
v 0.000905 0.010008 -0.020566
v -0.002402 -0.027302 -0.072675
v -0.008143 -0.017147 0.020869
v -0.008143 -0.017147 0.020869
v -0.023538 0.018665 0.041131
v -0.023538 0.018665 0.041131
v -0.017765 0.022062 -0.004281
v -0.017765 0.022062 -0.004281
v -0.015299 0.021369 0.045162
v -0.015299 0.021369 0.045162
v -0.000168 -0.009647 -0.016131
v -0.015859 -0.023883 -0.071385
v -0.011439 0.021260 0.042727
v -0.011439 0.021260 0.042727
v -0.006650 -0.010383 0.020360
v -0.029654 0.024660 0.018119
v 0.000516 0.020925 -0.007392
v 0.015591 0.006946 0.025414
v -0.006566 0.011298 0.043053
v 0.000469 -0.034706 -0.068557
v -0.011611 -0.016163 0.021414
v -0.011611 -0.016163 0.021414
v -0.013309 -0.015088 0.021891
v -0.013309 -0.015088 0.021891
v -0.014954 -0.004933 0.023453
v -0.014954 -0.004933 0.023453
v -0.013003 -0.007321 0.022131
v -0.013003 -0.007321 0.022131
v -0.019972 -0.012069 -0.001094
v -0.020107 -0.014365 -0.004177
v -0.020577 -0.019863 -0.011578
v -0.012608 -0.014377 0.015884
v -0.020202 -0.028284 -0.023668
v -0.016490 -0.042748 -0.053954
v -0.015263 -0.043663 -0.058981
v -0.014064 -0.043291 -0.062795
v -0.024559 -0.027243 -0.046690
v -0.023197 -0.031965 -0.043205
v -0.018723 -0.037119 -0.039060
v -0.011281 -0.039204 -0.037447
v -0.004293 -0.038137 -0.037236
v 0.002254 -0.033669 -0.040561
v 0.004971 -0.027302 -0.044639
v 0.004974 -0.017760 -0.050199
v 0.003068 -0.014027 -0.052582
v -0.000751 -0.010113 -0.055055
v -0.006093 -0.007876 -0.056622
v -0.012169 -0.007840 -0.056990
v -0.017569 -0.009789 -0.056073
v -0.021391 -0.013008 -0.054270
v -0.023633 -0.016579 -0.052175
v -0.011026 0.022142 -0.004604
v -0.011026 0.022142 -0.004604
v -0.004528 0.027004 0.015770
v -0.004528 0.027004 0.015770
v 0.000028 0.019782 0.007573
v -0.012976 0.027005 0.024616
v -0.012976 0.027005 0.024616
v -0.013643 0.027016 0.023321
v -0.013643 0.027016 0.023321
v -0.008173 0.023569 0.001314
v -0.008173 0.023569 0.001314
v -0.004242 0.027004 0.017126
v -0.004242 0.027004 0.017126
v -0.010594 0.024145 0.005314
v -0.009085 0.023956 0.003646
v -0.009085 0.023956 0.003646
v -0.024507 0.024569 0.011637
v -0.002285 -0.016230 0.020688
v -0.002285 -0.016230 0.020688
v -0.013626 -0.015948 -0.003465
v -0.020476 -0.010782 0.002079
v -0.014405 -0.013094 0.010960
v -0.021115 -0.010056 0.005286
v 0.018667 0.012016 0.023755
v -0.021559 -0.009811 0.010206
v -0.013399 -0.012594 0.002898
v -0.021142 -0.009207 0.016543
v 0.007227 -0.003862 0.025884
v 0.007227 -0.003862 0.025884
v -0.000549 -0.015203 0.020762
v -0.000549 -0.015203 0.020762
v 0.005520 -0.006825 0.024294
v 0.005520 -0.006825 0.024294
v 0.000830 0.002834 -0.019353
v 0.001127 0.002032 -0.020617
v 0.005892 0.002162 -0.009829
v 0.005892 0.002162 -0.009829
v -0.000057 -0.003115 -0.006830
v 0.006536 0.000863 -0.007663
v 0.003238 0.003640 -0.022474
v 0.003239 0.004657 -0.020830
v 0.001252 0.001193 -0.021456
v 0.001423 -0.000001 -0.022224
v 0.001329 -0.003886 -0.022431
v 0.007219 -0.002464 -0.003730
v 0.001175 -0.004848 -0.021953
v 0.003883 0.000916 -0.024253
v 0.002638 -0.011607 -0.015034
v 0.003405 0.002609 -0.023405
v 0.001442 -0.000968 -0.022533
v -0.000763 -0.006321 -0.006158
v 0.001382 -0.002062 -0.022676
v 0.004344 -0.001711 -0.024523
v 0.000623 -0.012534 -0.006872
v 0.004090 -0.000063 -0.024473
v 0.001088 -0.005648 -0.021374
v 0.001088 -0.005648 -0.021374
v 0.007371 -0.000860 -0.005169
v 0.000856 -0.006802 -0.020106
v -0.000123 0.001754 -0.013131
v 0.004176 -0.008939 -0.019025
v 0.000172 0.002865 -0.015338
v 0.003499 -0.010256 -0.017110
v -0.001275 -0.010916 -0.009291
v -0.000038 0.024556 0.007425
v -0.000038 0.024556 0.007425
v 0.003891 0.018806 0.002539
v 0.004393 0.023971 0.002005
v 0.004393 0.023971 0.002005
v 0.004399 0.024105 0.003083
v 0.004399 0.024105 0.003083
v 0.003908 0.019013 0.003604
v -0.000898 0.018109 -0.001065
v -0.000078 0.023278 -0.002351
v -0.000078 0.023278 -0.002351
v -0.001775 0.018158 -0.000815
v -0.002574 0.018240 -0.000387
v -0.002895 0.023367 -0.001745
v -0.002895 0.023367 -0.001745
v -0.002052 0.023300 -0.002118
v -0.002052 0.023300 -0.002118
v 0.010176 0.023921 0.004621
v -0.003847 -0.016810 0.020679
v -0.003847 -0.016810 0.020679
v -0.005806 -0.017155 0.020733
v -0.005806 -0.017155 0.020733
v -0.008971 -0.015098 0.015542
v -0.007610 -0.015188 0.022194
v -0.007610 -0.015188 0.022194
v -0.015095 -0.011427 0.024238
v -0.015095 -0.011427 0.024238
v -0.017698 -0.008404 0.025864
v -0.017698 -0.008404 0.025864
v -0.020939 -0.001862 0.030197
v -0.020939 -0.001862 0.030197
v -0.020064 -0.007943 0.025564
v -0.020064 -0.007943 0.025564
v -0.019408 -0.005810 0.027581
v -0.019408 -0.005810 0.027581
v -0.020729 0.002555 0.033866
v -0.020729 0.002555 0.033866
v 0.001305 -0.010749 0.004242
v -0.021194 0.000701 0.032120
v -0.021194 0.000701 0.032120
v -0.017554 0.005400 0.037245
v -0.017554 0.005400 0.037245
v -0.010942 -0.014820 0.015722
v -0.019809 0.003899 0.035244
v -0.019809 0.003899 0.035244
v 0.003340 -0.009754 0.023063
v 0.003340 -0.009754 0.023063
v 0.000908 -0.012106 0.022377
v 0.000908 -0.012106 0.022377
v -0.001815 0.007703 0.040028
v -0.001815 0.007703 0.040028
v 0.002802 -0.010499 0.008643
v -0.005572 0.007715 0.040453
v -0.005572 0.007715 0.040453
v 0.005452 0.006577 0.036752
v 0.005452 0.006577 0.036752
v -0.004394 -0.014905 0.022022
v -0.004394 -0.014905 0.022022
v 0.002339 0.007461 0.038794
v 0.002339 0.007461 0.038794
v 0.008355 0.003490 0.032072
v 0.008355 0.003490 0.032072
v 0.003412 -0.011064 0.013909
v 0.007104 0.005470 0.034866
v 0.007104 0.005470 0.034866
v 0.002127 -0.013225 0.021013
v 0.002127 -0.013225 0.021013
v -0.004570 -0.014949 0.015141
v 0.005339 -0.009394 0.022203
v 0.005339 -0.009394 0.022203
v 0.008099 -0.001814 0.027219
v 0.008099 -0.001814 0.027219
v -0.006368 -0.015201 0.022094
v -0.006368 -0.015201 0.022094
v 0.008600 0.001085 0.029620
v 0.008600 0.001085 0.029620
v -0.002777 -0.014386 0.022039
v -0.002777 -0.014386 0.022039
v -0.006541 -0.015148 0.015336
v -0.011101 -0.014255 0.022827
v -0.011101 -0.014255 0.022827
v -0.012820 -0.013253 0.023352
v -0.012820 -0.013253 0.023352
v -0.010589 0.007460 0.040114
v -0.010589 0.007460 0.040114
v -0.005336 -0.012737 0.002367
v -0.014121 0.006765 0.039080
v -0.014121 0.006765 0.039080
v -0.001768 0.011339 0.042467
v -0.004919 0.024671 0.036426
v 0.003115 0.011223 0.041157
v -0.006242 0.009633 0.041817
v -0.006242 0.009633 0.041817
v -0.001804 0.009544 0.041197
v -0.001804 0.009544 0.041197
v 0.006858 0.024672 0.031730
v 0.019215 0.011251 0.019578
v 0.018770 0.010167 0.014442
v 0.007223 0.023299 0.000240
v 0.014080 0.024673 0.022260
v 0.017221 0.012444 0.028264
v 0.013361 0.024674 0.023943
v 0.010515 0.002864 0.029784
v 0.010515 0.002864 0.029784
v 0.015643 0.012805 0.031939
v 0.011457 0.024674 0.027048
v 0.004225 0.024213 0.003979
v 0.004225 0.024213 0.003979
v 0.007278 -0.006572 0.023460
v 0.007278 -0.006572 0.023460
v 0.008133 0.021472 0.041126
v 0.004582 0.023809 0.040689
v -0.000624 0.018654 0.045121
v -0.000624 0.018654 0.045121
v -0.000810 0.021533 0.044601
v 0.003170 0.018655 0.044032
v 0.003170 0.018655 0.044032
v 0.009495 0.023794 0.037869
v 0.013235 0.021475 0.037115
v -0.008518 0.018649 0.045954
v -0.008518 0.018649 0.045954
v 0.011915 0.023789 0.035792
v 0.008316 0.024651 0.035887
v 0.010586 0.024647 0.033927
v 0.018454 0.023666 0.025780
v 0.020797 0.021382 0.024422
v 0.013880 0.023765 0.033752
v 0.016868 0.021443 0.032868
v 0.010703 0.018636 0.039969
v 0.010703 0.018636 0.039969
v 0.010478 0.021469 0.039518
v 0.013598 0.018616 0.037420
v 0.013598 0.018616 0.037420
v 0.011676 0.018460 -0.003637
v 0.011896 0.014333 -0.004673
v -0.003405 0.018653 0.045664
v -0.003405 0.018653 0.045664
v 0.012469 0.024645 0.032010
v 0.019760 0.023507 0.015950
v 0.021193 0.021029 0.013218
v 0.021958 0.018436 0.019078
v 0.021958 0.018436 0.019078
v 0.021815 0.018504 0.021620
v 0.021815 0.018504 0.021620
v 0.021352 0.021359 0.021621
v 0.013805 0.024646 0.030232
v 0.017173 0.024575 0.015623
v 0.016841 0.024486 0.013397
v 0.019443 0.023341 0.013245
v -0.003798 0.023819 0.043203
v 0.014374 0.013426 -0.001810
v 0.014374 0.013426 -0.001810
v 0.013435 0.015871 -0.002836
v 0.013022 0.012151 -0.003433
v 0.013022 0.012151 -0.003433
v 0.005798 0.018653 0.042963
v 0.005798 0.018653 0.042963
v 0.005534 0.021482 0.042499
v 0.008368 0.018647 0.041589
v 0.008368 0.018647 0.041589
v 0.005508 0.017731 -0.009021
v -0.006132 0.023784 0.043509
v -0.003590 0.021538 0.045144
v 0.019564 0.023647 0.021035
v 0.021597 0.021330 0.018827
v 0.005749 0.024656 0.037622
v 0.007124 0.023801 0.039433
v 0.003814 0.024659 0.038652
v -0.001027 0.023834 0.042613
v 0.002901 0.021500 0.043555
v 0.015587 0.024647 0.026819
v 0.017541 0.023680 0.028201
v 0.015034 0.024646 0.028094
v 0.019072 0.021411 0.029117
v 0.016840 0.023690 0.029551
v 0.019516 0.018610 0.029361
v 0.019516 0.018610 0.029361
v 0.018717 0.018618 0.030872
v 0.018717 0.018618 0.030872
v 0.018379 0.021421 0.030476
v 0.013210 0.019651 -0.001588
v 0.020086 0.017729 0.008823
v 0.020086 0.017729 0.008823
v 0.020808 0.017974 0.010974
v 0.020808 0.017974 0.010974
v 0.020552 0.020739 0.010469
v -0.008704 0.021487 0.045479
v -0.008910 0.024632 0.041065
v 0.021471 0.018199 0.013750
v 0.021471 0.018199 0.013750
v 0.021831 0.018325 0.016219
v 0.021831 0.018325 0.016219
v 0.021543 0.021217 0.015973
v -0.005873 0.021524 0.045398
v 0.017181 0.018621 0.033253
v 0.017181 0.018621 0.033253
v 0.015543 0.018613 0.035364
v 0.015543 0.018613 0.035364
v 0.015180 0.021466 0.035060
v 0.019759 0.020405 0.008161
v 0.018855 0.023098 0.010471
v 0.008764 0.015329 -0.008073
v 0.011535 0.010263 -0.004925
v 0.011535 0.010263 -0.004925
v 0.010546 0.012726 -0.006603
v -0.000739 0.024666 0.040121
v 0.001148 0.024664 0.039667
v 0.001935 0.023820 0.041731
v 0.014134 0.023731 0.005263
v 0.013068 0.023170 0.002903
v 0.015968 0.021572 0.003005
v -0.006066 0.024652 0.040918
v 0.021314 0.018560 0.024432
v 0.021314 0.018560 0.024432
v 0.020602 0.018587 0.026740
v 0.020602 0.018587 0.026740
v 0.020146 0.021393 0.026489
v 0.017352 0.024648 0.020153
v 0.017392 0.024646 0.018340
v 0.019785 0.023615 0.018803
v 0.015372 0.024120 0.008118
v 0.018169 0.022822 0.008068
v 0.016214 0.024314 0.010871
v 0.011782 0.022404 0.000346
v 0.009002 0.020539 -0.003952
v 0.007099 0.019053 -0.006596
v 0.010096 0.016794 -0.006036
v -0.008960 0.023714 0.043645
v -0.005681 0.018651 0.045904
v -0.005681 0.018651 0.045904
v -0.003622 0.024662 0.040635
v 0.016334 0.024649 0.024763
v 0.016869 0.024649 0.022850
v 0.019022 0.023667 0.023840
v 0.015864 0.014750 0.000209
v 0.015864 0.014750 0.000209
v 0.017109 0.015783 0.002103
v 0.017109 0.015783 0.002103
v 0.016456 0.018220 0.001179
v 0.015045 0.017142 -0.000903
v 0.014651 0.020690 0.000653
v 0.015430 0.023726 0.031778
v 0.019090 0.017218 0.006190
v 0.019090 0.017218 0.006190
v 0.018723 0.019821 0.005579
v 0.018365 0.016735 0.004473
v 0.018365 0.016735 0.004473
v 0.017764 0.019170 0.003505
v 0.017165 0.022300 0.005468
v 0.010535 0.021597 -0.001694
v 0.003109 0.024657 0.013153
v 0.003109 0.024657 0.013153
v 0.003634 0.019562 0.013424
v 0.003645 0.019594 0.014491
v 0.003109 0.024690 0.014220
v 0.003109 0.024690 0.014220
v 0.012324 0.019444 0.013392
v 0.013016 0.024528 0.013286
v 0.013016 0.024528 0.013286
v 0.013005 0.024561 0.014356
v 0.013005 0.024561 0.014356
v 0.012327 0.019477 0.014457
v 0.012126 0.019417 0.012439
v 0.011923 0.019405 0.011964
v 0.012500 0.024480 0.011504
v 0.012500 0.024480 0.011504
v 0.012834 0.024501 0.012329
v 0.012834 0.024501 0.012329
v 0.014675 0.024609 0.015255
v 0.004259 0.024759 0.016958
v 0.004259 0.024759 0.016958
v 0.004576 0.019649 0.016665
v 0.005344 0.019662 0.017429
v 0.005021 0.024772 0.017712
v 0.005021 0.024772 0.017712
v 0.003848 0.019621 0.015443
v 0.004028 0.019632 0.015860
v 0.003714 0.024741 0.016151
v 0.003714 0.024741 0.016151
v 0.003302 0.024716 0.015174
v 0.003302 0.024716 0.015174
v 0.014713 0.024658 0.018728
v 0.012802 0.024593 0.015308
v 0.012802 0.024593 0.015308
v 0.012424 0.024625 0.016177
v 0.012424 0.024625 0.016177
v 0.011929 0.019526 0.015887
v 0.012133 0.019509 0.015410
v 0.014437 0.024672 0.020721
v 0.006488 0.024777 0.018515
v 0.006488 0.024777 0.018515
v 0.005833 0.024778 0.018248
v 0.005833 0.024778 0.018248
v 0.006152 0.019668 0.017974
v 0.006318 0.019668 0.018045
v 0.011091 0.024691 0.017716
v 0.011091 0.024691 0.017716
v 0.010603 0.019592 0.017420
v 0.011375 0.019559 0.016686
v 0.011867 0.024657 0.016975
v 0.011867 0.024657 0.016975
v 0.009314 0.019630 0.018109
v 0.009777 0.019619 0.017936
v 0.010267 0.024718 0.018238
v 0.010267 0.024718 0.018238
v 0.009488 0.024737 0.018539
v 0.009488 0.024737 0.018539
v -0.000799 0.024502 0.014790
v -0.000018 0.024671 0.019260
v 0.008545 0.024673 0.030220
v 0.007444 0.024770 0.018707
v 0.007444 0.024770 0.018707
v 0.007271 0.019662 0.018250
v 0.008352 0.019648 0.018273
v 0.008528 0.024756 0.018715
v 0.008528 0.024756 0.018715
v 0.012757 0.024674 0.025098
v -0.001657 0.024467 0.013366
v 0.004000 0.019513 0.012016
v 0.003816 0.019530 0.012468
v 0.003301 0.024625 0.012200
v 0.003301 0.024625 0.012200
v 0.003624 0.024597 0.011432
v 0.003624 0.024597 0.011432
v -0.004001 0.019457 0.005902
v 0.010607 0.019375 0.010404
v 0.011213 0.024448 0.009919
v 0.011213 0.024448 0.009919
v 0.011965 0.024462 0.010687
v 0.011965 0.024462 0.010687
v 0.011373 0.019388 0.011158
v 0.003325 0.024672 0.034001
v 0.004930 0.024531 0.009873
v 0.004930 0.024531 0.009873
v 0.005290 0.019447 0.010451
v 0.004537 0.019481 0.011206
v 0.004169 0.024564 0.010626
v 0.004169 0.024564 0.010626
v -0.008038 0.024671 0.036615
v 0.009582 0.024442 0.009010
v 0.009582 0.024442 0.009010
v 0.010410 0.024442 0.009367
v 0.010410 0.024442 0.009367
v 0.009794 0.019369 0.009867
v 0.009486 0.019369 0.009741
v 0.006619 0.024481 0.008979
v 0.006619 0.024481 0.008979
v 0.006096 0.019420 0.009912
v -0.003235 0.019606 0.006670
v 0.005740 0.024503 0.009338
v 0.005740 0.024503 0.009338
v 0.007464 0.019391 0.009553
v 0.007570 0.024462 0.008797
v 0.007570 0.024462 0.008797
v 0.008634 0.024448 0.008808
v 0.008634 0.024448 0.008808
v 0.008534 0.019376 0.009553
v -0.003498 0.024451 0.006413
v -0.003498 0.024451 0.006413
v 0.006513 0.019409 0.009741
v 0.013878 0.024493 0.011677
v -0.005370 0.023941 0.002026
v -0.005370 0.023941 0.002026
v -0.004844 0.018846 0.002747
v -0.004864 0.019051 0.003807
v -0.005354 0.024083 0.003111
v -0.005354 0.024083 0.003111
v -0.005206 0.023815 0.001127
v -0.005206 0.023815 0.001127
v -0.004895 0.023697 0.000337
v -0.004895 0.023697 0.000337
v -0.004592 0.018654 0.001752
v -0.004642 0.018675 0.001863
v 0.003740 0.019185 0.004494
v -0.002475 0.019705 0.007182
v -0.001939 0.019749 0.007408
v -0.002017 0.024531 0.007234
v -0.002017 0.024531 0.007234
v -0.002734 0.024503 0.006928
v -0.002734 0.024503 0.006928
v 0.003512 0.019292 0.005048
v -0.004080 0.018507 0.000993
v -0.004400 0.023578 -0.000435
v -0.004400 0.023578 -0.000435
v -0.003646 0.023454 -0.001219
v -0.003646 0.023454 -0.001219
v -0.003305 0.018348 0.000171
v -0.004695 0.019223 0.004695
v -0.004509 0.019310 0.005143
v -0.004788 0.024288 0.004880
v -0.004788 0.024288 0.004880
v -0.005162 0.024191 0.004007
v -0.005162 0.024191 0.004007
v 0.002625 0.024471 0.006316
v 0.002625 0.024471 0.006316
v 0.002259 0.019591 0.006590
v 0.003015 0.019440 0.005809
v 0.003388 0.024393 0.005549
v 0.003388 0.024393 0.005549
v 0.001865 0.024517 0.006826
v 0.001865 0.024517 0.006826
v 0.000861 0.024546 0.007246
v 0.000861 0.024546 0.007246
v 0.000922 0.019744 0.007377
v 0.001512 0.019692 0.007113
v -0.004273 0.024370 0.005641
v -0.004273 0.024370 0.005641
v 0.002153 0.018241 -0.000387
v 0.002521 0.023499 -0.001356
v 0.002521 0.023499 -0.001356
v 0.003289 0.023619 -0.000612
v 0.003289 0.023619 -0.000612
v 0.002929 0.018383 0.000350
v 0.000824 0.023321 -0.002198
v 0.000824 0.023321 -0.002198
v 0.001751 0.023406 -0.001845
v 0.001751 0.023406 -0.001845
v 0.001380 0.018147 -0.000872
v 0.001049 0.018123 -0.000997
v 0.000148 0.018096 -0.001133
v 0.003697 0.018634 0.001650
v 0.003452 0.018527 0.001092
v 0.003804 0.023728 0.000141
v 0.003804 0.023728 0.000141
v 0.004210 0.023856 0.001108
v 0.004210 0.023856 0.001108
v 0.005589 0.022902 -0.001733
v -0.001157 0.023270 -0.002321
v -0.001157 0.023270 -0.002321
v 0.008809 0.023593 0.002504
v -0.015077 0.024353 0.006249
v -0.015077 0.024353 0.006249
v -0.012739 0.024263 0.006148
v -0.012739 0.024263 0.006148
v -0.005109 0.027016 0.018535
v -0.005109 0.027016 0.018535
v -0.012458 0.024311 0.008929
v -0.012458 0.024311 0.008929
v -0.010052 0.024346 0.008932
v -0.010052 0.024346 0.008932
v -0.010137 0.027004 0.011065
v -0.010137 0.027004 0.011065
v -0.013281 0.021963 -0.005327
v -0.013281 0.021963 -0.005327
v -0.015595 0.021956 -0.005223
v -0.015595 0.021956 -0.005223
v -0.002447 0.024410 0.012239
v -0.019321 0.022409 -0.002524
v -0.019321 0.022409 -0.002524
v -0.020127 0.022885 -0.000438
v -0.020127 0.022885 -0.000438
v -0.019985 0.023497 0.001917
v -0.019985 0.023497 0.001917
v -0.019038 0.023971 0.003905
v -0.019038 0.023971 0.003905
v -0.017834 0.024209 0.005057
v -0.017834 0.024209 0.005057
v -0.015575 0.021513 0.004570
v -0.015330 0.021518 0.004659
v -0.015048 0.023984 0.004686
v -0.015048 0.023984 0.004686
v -0.015789 0.023916 0.004447
v -0.015789 0.023916 0.004447
v -0.014262 0.021500 0.004832
v -0.017729 0.021236 0.002475
v -0.017603 0.021278 0.002740
v -0.017835 0.023488 0.002679
v -0.017835 0.023488 0.002679
v -0.018145 0.023343 0.002041
v -0.018145 0.023343 0.002041
v -0.014010 0.024032 0.004809
v -0.014010 0.024032 0.004809
v -0.014555 0.020141 -0.002859
v -0.014361 0.022172 -0.003710
v -0.014361 0.022172 -0.003710
v -0.013697 0.022187 -0.003708
v -0.013697 0.022187 -0.003708
v -0.013931 0.020109 -0.002880
v -0.017198 0.023682 0.003505
v -0.017198 0.023682 0.003505
v -0.015386 0.022195 -0.003506
v -0.015386 0.022195 -0.003506
v -0.015607 0.020231 -0.002618
v -0.015893 0.020267 -0.002491
v -0.016120 0.022246 -0.003200
v -0.016120 0.022246 -0.003200
v -0.010473 0.020394 -0.000407
v -0.010650 0.020333 -0.000790
v -0.010067 0.022775 -0.001356
v -0.010067 0.022775 -0.001356
v -0.009900 0.022857 -0.000992
v -0.009900 0.022857 -0.000992
v -0.013348 0.024035 0.004758
v -0.013348 0.024035 0.004758
v -0.010532 0.023731 0.003087
v -0.010532 0.023731 0.003087
v -0.012681 0.020095 -0.002640
v -0.012866 0.020091 -0.002708
v -0.012677 0.022252 -0.003506
v -0.012677 0.022252 -0.003506
v -0.012064 0.022319 -0.003256
v -0.012064 0.022319 -0.003256
v -0.011824 0.023951 0.004224
v -0.011824 0.023951 0.004224
v -0.012343 0.023996 0.004481
v -0.012343 0.023996 0.004481
v -0.012590 0.021379 0.004576
v -0.012385 0.021353 0.004485
v -0.011502 0.021204 0.003872
v -0.010983 0.023830 0.003587
v -0.010983 0.023830 0.003587
v -0.017992 0.021063 0.001438
v -0.018404 0.023116 0.001023
v -0.018404 0.023116 0.001023
v -0.018433 0.022971 0.000357
v -0.018433 0.022971 0.000357
v -0.018022 0.020954 0.000818
v -0.016693 0.023787 0.003939
v -0.016693 0.023787 0.003939
v -0.016962 0.021402 0.003598
v -0.017752 0.020702 -0.000524
v -0.017861 0.020760 -0.000230
v -0.018259 0.022749 -0.000678
v -0.018259 0.022749 -0.000678
v -0.018027 0.022627 -0.001266
v -0.018027 0.022627 -0.001266
v -0.016500 0.021456 0.004015
v -0.017191 0.020516 -0.001426
v -0.017455 0.022448 -0.002143
v -0.017455 0.022448 -0.002143
v -0.016985 0.022354 -0.002618
v -0.016985 0.022354 -0.002618
v -0.016767 0.020417 -0.001875
v -0.011071 0.021105 0.003428
v -0.010229 0.020567 0.000628
v -0.009659 0.023085 0.000032
v -0.009659 0.023085 0.000032
v -0.009638 0.023291 0.000953
v -0.009638 0.023291 0.000953
v -0.010211 0.020675 0.001238
v -0.013639 0.021468 0.004813
v -0.010494 0.020919 0.002534
v -0.010395 0.020870 0.002283
v -0.009814 0.023454 0.001743
v -0.009814 0.023454 0.001743
v -0.010080 0.023588 0.002436
v -0.010080 0.023588 0.002436
v -0.010684 0.022574 -0.002219
v -0.010684 0.022574 -0.002219
v -0.011287 0.020207 -0.001656
v -0.011748 0.020153 -0.002075
v -0.011166 0.022464 -0.002677
v -0.011166 0.022464 -0.002677
v -0.022910 0.020580 0.011217
v -0.022550 0.020545 0.011056
v -0.022169 0.024528 0.010753
v -0.022169 0.024528 0.010753
v -0.022883 0.024564 0.011054
v -0.022883 0.024564 0.011054
v -0.021845 0.020128 0.004733
v -0.021636 0.023854 0.003888
v -0.021636 0.023854 0.003888
v -0.021019 0.023958 0.004478
v -0.021019 0.023958 0.004478
v -0.021236 0.020070 0.005343
v -0.026902 0.023661 0.003977
v -0.026902 0.023661 0.003977
v -0.020549 0.024065 0.005151
v -0.020549 0.024065 0.005151
v -0.020275 0.024156 0.005779
v -0.020275 0.024156 0.005779
v -0.020612 0.020103 0.006404
v -0.020768 0.020072 0.006035
v -0.023641 0.020463 0.003961
v -0.027091 0.020902 0.005332
v -0.022537 0.020243 0.004262
v -0.024553 0.024607 0.011222
v -0.024553 0.024607 0.011222
v -0.024557 0.020710 0.011395
v -0.023716 0.020649 0.011391
v -0.023693 0.024600 0.011218
v -0.023693 0.024600 0.011218
v -0.023058 0.023690 0.003167
v -0.023058 0.023690 0.003167
v -0.022332 0.023763 0.003447
v -0.022332 0.023763 0.003447
v -0.024734 0.023602 0.003040
v -0.024734 0.023602 0.003040
v -0.020449 0.020168 0.007213
v -0.020096 0.024251 0.006583
v -0.020096 0.024251 0.006583
v -0.020074 0.024331 0.007450
v -0.020074 0.024331 0.007450
v -0.020452 0.020236 0.008063
v -0.027497 0.023736 0.004589
v -0.027497 0.023736 0.004589
v -0.022806 0.020302 0.004146
v -0.023873 0.023634 0.003024
v -0.023873 0.023634 0.003024
v -0.024526 0.020610 0.003941
v -0.026074 0.020795 0.010919
v -0.025366 0.020760 0.011228
v -0.025366 0.024595 0.011072
v -0.025366 0.024595 0.011072
v -0.026124 0.024556 0.010781
v -0.026124 0.024556 0.010781
v -0.028194 0.023930 0.005918
v -0.028194 0.023930 0.005918
v -0.027943 0.023833 0.005279
v -0.027943 0.023833 0.005279
v -0.027557 0.020940 0.006021
v -0.027692 0.020949 0.006342
v -0.026470 0.020842 0.004719
v -0.021489 0.024490 0.010282
v -0.021489 0.024490 0.010282
v -0.021871 0.020472 0.010585
v -0.021259 0.020398 0.009966
v -0.020904 0.024451 0.009668
v -0.020904 0.024451 0.009668
v -0.026221 0.023613 0.003508
v -0.026221 0.023613 0.003508
v -0.025543 0.023596 0.003216
v -0.025543 0.023596 0.003216
v -0.025343 0.020723 0.004089
v -0.025778 0.020771 0.004264
v -0.028343 0.024046 0.006727
v -0.028343 0.024046 0.006727
v -0.027873 0.020955 0.007158
v -0.027907 0.020945 0.008052
v -0.028330 0.024135 0.007597
v -0.028330 0.024135 0.007597
v -0.027790 0.020922 0.008890
v -0.027722 0.020913 0.009100
v -0.027886 0.024340 0.009058
v -0.027886 0.024340 0.009058
v -0.028160 0.024241 0.008411
v -0.028160 0.024241 0.008411
v -0.020210 0.024386 0.008270
v -0.020210 0.024386 0.008270
v -0.020466 0.024416 0.008966
v -0.020466 0.024416 0.008966
v -0.020797 0.020331 0.009280
v -0.020621 0.020300 0.008873
v -0.027307 0.020875 0.009816
v -0.026745 0.020834 0.010437
v -0.026810 0.024509 0.010339
v -0.026810 0.024509 0.010339
v -0.027422 0.024433 0.009738
v -0.027422 0.024433 0.009738
v -0.033931 0.019853 0.005347
v -0.034613 0.017764 0.005822
v -0.034613 0.017764 0.005822
v -0.035638 0.018277 0.010566
v -0.035638 0.018277 0.010566
v -0.034939 0.020478 0.009999
v -0.036166 0.018507 0.014581
v -0.036166 0.018507 0.014581
v -0.033808 0.022257 0.009770
v -0.035496 0.020960 0.014175
v -0.032163 0.023512 0.009864
v -0.032624 0.023852 0.013701
v -0.034285 0.022777 0.013831
v -0.029098 0.024516 0.013238
v -0.031182 0.022854 0.005213
v -0.032837 0.021547 0.005129
v -0.035867 0.018644 0.019329
v -0.035867 0.018644 0.019329
v -0.035200 0.021254 0.018876
v -0.032356 0.024155 0.018476
v -0.033990 0.023083 0.018709
v -0.029415 0.024510 0.015469
v -0.018249 0.024371 0.012346
v -0.018249 0.024371 0.012346
v -0.017515 0.024313 0.011498
v -0.017515 0.024313 0.011498
v -0.015546 0.027004 0.012697
v -0.015546 0.027004 0.012697
v -0.005177 0.020890 0.017296
v -0.010350 0.020823 0.011798
v -0.011483 0.020817 0.011783
v -0.011605 0.027016 0.012021
v -0.011605 0.027016 0.012021
v -0.011397 0.027016 0.023936
v -0.011397 0.027016 0.023936
v -0.010183 0.027004 0.024864
v -0.010183 0.027004 0.024864
v -0.016919 0.027016 0.017430
v -0.016919 0.027016 0.017430
v -0.017787 0.027004 0.018884
v -0.017787 0.027004 0.018884
v -0.015561 0.020815 0.013934
v -0.015634 0.027016 0.014248
v -0.015634 0.027016 0.014248
v -0.014757 0.020813 0.013126
v -0.020081 0.024801 0.019222
v -0.020081 0.024801 0.019222
v -0.007141 0.027016 0.022549
v -0.007141 0.027016 0.022549
v -0.005589 0.027004 0.022206
v -0.005589 0.027004 0.022206
v -0.005696 0.020878 0.015179
v -0.017825 0.027004 0.017322
v -0.017825 0.027004 0.017322
v -0.002132 0.024766 0.017037
v -0.002132 0.024766 0.017037
v -0.002103 0.024800 0.019133
v -0.002103 0.024800 0.019133
v -0.004171 0.027004 0.018736
v -0.004171 0.027004 0.018736
v -0.009980 0.024775 0.027119
v -0.009980 0.024775 0.027119
v -0.012082 0.024776 0.027192
v -0.012082 0.024776 0.027192
v -0.011631 0.027004 0.024887
v -0.011631 0.027004 0.024887
v -0.016693 0.024823 0.025286
v -0.016693 0.024823 0.025286
v -0.018212 0.024829 0.023735
v -0.018212 0.024829 0.023735
v -0.016227 0.027005 0.022397
v -0.016227 0.027005 0.022397
v -0.009003 0.027016 0.012271
v -0.009003 0.027016 0.012271
v -0.008344 0.020841 0.012388
v -0.009006 0.020834 0.012093
v -0.004900 0.027004 0.014811
v -0.004900 0.027004 0.014811
v -0.005395 0.027016 0.015758
v -0.005395 0.027016 0.015758
v -0.005405 0.020885 0.015938
v -0.011486 0.020813 0.024101
v -0.010455 0.020818 0.024090
v -0.010242 0.027016 0.023919
v -0.010242 0.027016 0.023919
v -0.005592 0.027016 0.015287
v -0.005592 0.027016 0.015287
v -0.016526 0.027004 0.013743
v -0.016526 0.027004 0.013743
v -0.014759 0.027016 0.013349
v -0.014759 0.027016 0.013349
v -0.004417 0.027004 0.020082
v -0.004417 0.027004 0.020082
v -0.005595 0.027016 0.020558
v -0.005595 0.027016 0.020558
v -0.020098 0.024738 0.016895
v -0.020098 0.024738 0.016895
v -0.014888 0.020813 0.022693
v -0.014800 0.027016 0.022571
v -0.014800 0.027016 0.022571
v -0.015517 0.020814 0.022076
v -0.006515 0.020860 0.021868
v -0.006330 0.027016 0.021719
v -0.006330 0.027016 0.021719
v -0.007255 0.020849 0.022637
v -0.006363 0.027016 0.014147
v -0.006363 0.027016 0.014147
v -0.006634 0.027004 0.012597
v -0.006634 0.027004 0.012597
v -0.015302 0.027005 0.023321
v -0.015302 0.027005 0.023321
v -0.015510 0.027016 0.021890
v -0.015510 0.027016 0.021890
v -0.016986 0.020822 0.018594
v -0.016907 0.027016 0.018677
v -0.016907 0.027016 0.018677
v -0.016988 0.020823 0.017442
v -0.016619 0.027016 0.020023
v -0.016619 0.027016 0.020023
v -0.017013 0.027005 0.021261
v -0.017013 0.027005 0.021261
v -0.012750 0.027016 0.023683
v -0.012750 0.027016 0.023683
v -0.013740 0.020811 0.023457
v -0.012835 0.020810 0.023836
v -0.008795 0.027004 0.011335
v -0.008795 0.027004 0.011335
v -0.008406 0.027016 0.012515
v -0.008406 0.027016 0.012515
v -0.005218 0.020889 0.018574
v -0.013622 0.027016 0.012575
v -0.013622 0.027016 0.012575
v -0.012835 0.020813 0.012040
v -0.013613 0.020813 0.012360
v -0.003856 0.024817 0.023547
v -0.003856 0.024817 0.023547
v -0.005477 0.024812 0.025189
v -0.005477 0.024812 0.025189
v -0.006629 0.027004 0.023320
v -0.006629 0.027004 0.023320
v -0.007754 0.027004 0.024110
v -0.007754 0.027004 0.024110
v -0.008900 0.027016 0.023621
v -0.008900 0.027016 0.023621
v -0.014418 0.027004 0.011913
v -0.014418 0.027004 0.011913
v -0.012955 0.027016 0.012296
v -0.012955 0.027016 0.012296
v -0.016662 0.027016 0.016077
v -0.016662 0.027016 0.016077
v -0.016320 0.020818 0.015085
v -0.016726 0.020821 0.016089
v -0.009115 0.020828 0.023785
v -0.008379 0.020835 0.023441
v -0.008272 0.027016 0.023339
v -0.008272 0.027016 0.023339
v -0.016711 0.020821 0.019943
v -0.016292 0.020818 0.020937
v -0.016297 0.027016 0.020760
v -0.016297 0.027016 0.020760
v -0.010356 0.027016 0.012012
v -0.010356 0.027016 0.012012
v -0.005780 0.020874 0.020704
v -0.005489 0.020882 0.019933
v -0.005349 0.027016 0.019895
v -0.005349 0.027016 0.019895
v -0.019839 0.024655 0.015534
v -0.019839 0.024655 0.015534
v -0.019019 0.024456 0.013514
v -0.019019 0.024456 0.013514
v -0.017241 0.027004 0.014918
v -0.017241 0.027004 0.014918
v -0.018980 0.024829 0.022573
v -0.018980 0.024829 0.022573
v -0.019803 0.024823 0.020586
v -0.019803 0.024823 0.020586
v -0.017481 0.027005 0.020226
v -0.017481 0.027005 0.020226
v -0.005120 0.027016 0.017108
v -0.005120 0.027016 0.017108
v -0.013449 0.024785 0.026942
v -0.013449 0.024785 0.026942
v -0.015225 0.024812 0.026210
v -0.015225 0.024812 0.026210
v -0.014094 0.027005 0.024127
v -0.014094 0.027005 0.024127
v -0.006627 0.024803 0.025972
v -0.006627 0.024803 0.025972
v -0.008614 0.024781 0.026814
v -0.008614 0.024781 0.026814
v -0.008836 0.027004 0.024576
v -0.008836 0.027004 0.024576
v -0.011849 0.027004 0.011109
v -0.011849 0.027004 0.011109
v -0.007219 0.020854 0.013183
v -0.007254 0.027016 0.013272
v -0.007254 0.027016 0.013272
v -0.006431 0.020865 0.014013
v -0.007758 0.027004 0.011800
v -0.007758 0.027004 0.011800
v -0.008432 0.024377 0.009272
v -0.008432 0.024377 0.009272
v -0.006491 0.024459 0.010195
v -0.006491 0.024459 0.010195
v -0.017609 0.027004 0.015958
v -0.017609 0.027004 0.015958
v -0.016388 0.027016 0.015402
v -0.016388 0.027016 0.015402
v -0.015918 0.024289 0.010390
v -0.015918 0.024289 0.010390
v -0.014206 0.024301 0.009490
v -0.014206 0.024301 0.009490
v -0.013198 0.027004 0.011399
v -0.013198 0.027004 0.011399
v -0.002354 0.024813 0.020500
v -0.002354 0.024813 0.020500
v -0.003097 0.024817 0.022379
v -0.003097 0.024817 0.022379
v -0.004832 0.027004 0.021048
v -0.004832 0.027004 0.021048
v -0.018872 0.020093 -0.008906
v -0.012198 0.020423 -0.009372
v -0.006104 0.020716 -0.008523
v -0.024045 0.023517 0.002668
v -0.003958 0.022313 -0.004322
v -0.009693 0.024292 0.007400
v -0.022826 0.023618 0.002882
v -0.021877 0.023749 0.003429
v -0.020928 0.023886 0.004157
v -0.020432 0.023989 0.004799
v -0.019955 0.024129 0.005616
v -0.025682 0.023434 0.002850
v -0.023845 0.022705 -0.000384
v -0.026545 0.022284 -0.000175
v -0.028752 0.021724 0.000126
v -0.026850 0.020423 -0.004427
v -0.023788 0.021491 -0.003935
v -0.021550 0.022044 -0.003191
v -0.029482 0.024133 0.009617
v -0.029804 0.023919 0.008759
v -0.019784 0.024243 0.006571
v -0.019765 0.024349 0.007450
v -0.019899 0.024392 0.008341
v -0.020138 0.024423 0.009092
v -0.021993 0.024498 0.011045
v -0.020593 0.024459 0.009791
v -0.021227 0.024492 0.010524
v -0.017230 0.024534 0.007749
v -0.018634 0.024386 0.007255
v -0.019368 0.024315 0.006793
v -0.022864 0.024535 0.011365
v -0.028166 0.023739 0.004980
v -0.028503 0.023830 0.005728
v -0.028705 0.023905 0.006667
v -0.028710 0.023980 0.007518
v -0.028523 0.024140 0.008490
v -0.028234 0.024249 0.009185
v -0.027622 0.024409 0.010145
v -0.027083 0.024489 0.010612
v -0.026591 0.024522 0.011022
v -0.025680 0.024557 0.011384
v -0.023650 0.024557 0.011501
v -0.029955 0.023449 0.006302
v -0.019317 0.024431 0.010527
v -0.019912 0.024472 0.011316
v -0.021761 0.024496 0.013095
v -0.022418 0.024474 0.014153
v -0.022905 0.024608 0.015513
v 0.009664 0.024255 0.006599
v -0.018519 0.024470 0.009466
v -0.023283 0.024712 0.017303
v -0.023767 0.024757 0.019594
v -0.022894 0.024766 0.022050
v -0.022449 0.024769 0.023305
v -0.022189 0.024765 0.024038
v -0.017598 0.024754 0.029302
v -0.012141 0.024734 0.030868
v -0.007300 0.024742 0.030232
v -0.003824 0.024766 0.028540
v -0.020321 0.024764 0.027115
v -0.015758 0.024314 0.008538
v -0.016454 0.024328 0.005784
v -0.016454 0.024328 0.005784
v -0.004992 0.024334 0.009598
v -0.006065 0.024307 0.008357
v 0.007192 0.024733 0.023401
v 0.004070 0.024726 0.024165
v 0.007325 0.024753 0.020932
v 0.004597 0.024752 0.020427
v 0.001929 0.024731 0.019742
v 0.001491 0.024716 0.019634
v 0.009074 0.024727 0.022274
v 0.011934 0.024698 0.019997
v 0.013351 0.024658 0.017888
v 0.010593 0.024712 0.021271
v 0.012572 0.024680 0.019047
v 0.013850 0.024639 0.016896
v -0.000115 0.024482 0.011198
v -0.006503 0.022844 -0.002366
v -0.007518 0.022132 -0.004464
v -0.008993 0.020577 -0.008926
v -0.004961 0.023690 0.000338
v -0.005276 0.023809 0.001131
v -0.005438 0.023932 0.002009
v -0.005403 0.024081 0.003128
v -0.005206 0.024194 0.004076
v -0.004858 0.024289 0.004945
v -0.004344 0.024368 0.005705
v -0.003533 0.024449 0.006458
v -0.002779 0.024498 0.007029
v -0.002057 0.024527 0.007335
v -0.001075 0.024547 0.007562
v 0.000277 0.024554 0.007553
v 0.001146 0.024543 0.007349
v 0.002115 0.024515 0.006925
v 0.002860 0.024471 0.006423
v 0.003616 0.024395 0.005684
v 0.004111 0.024313 0.004950
v 0.004467 0.024219 0.004145
v 0.004714 0.024103 0.003222
v 0.004764 0.023968 0.002172
v 0.004533 0.023851 0.001263
v -0.004498 0.023530 -0.000558
v -0.003663 0.023390 -0.001392
v -0.002953 0.023309 -0.001886
v -0.002158 0.023245 -0.002241
v -0.001318 0.023215 -0.002436
v -0.001093 0.023180 -0.002515
v -0.000053 0.023181 -0.002559
v 0.000810 0.023214 -0.002431
v 0.000987 0.023271 -0.002305
v 0.001856 0.023353 -0.001969
v 0.002582 0.023440 -0.001507
v 0.002708 0.023462 -0.001379
v 0.003430 0.023576 -0.000680
v 0.003509 0.023601 -0.000564
v 0.003995 0.023704 0.000147
v 0.004081 0.023721 0.000272
v 0.009568 0.024435 0.008907
v 0.008386 0.024448 0.008684
v 0.007302 0.024464 0.008687
v 0.006351 0.024483 0.008880
v 0.005610 0.024505 0.009264
v 0.004814 0.024531 0.009822
v 0.004028 0.024562 0.010611
v 0.003524 0.024593 0.011426
v 0.003201 0.024621 0.012221
v 0.003003 0.024656 0.013265
v 0.003007 0.024689 0.014385
v 0.003217 0.024716 0.015317
v 0.003647 0.024741 0.016269
v 0.004183 0.024758 0.017048
v 0.004962 0.024771 0.017807
v 0.005851 0.024776 0.018380
v 0.006529 0.024776 0.018633
v 0.007437 0.024769 0.018841
v 0.008537 0.024755 0.018836
v 0.009572 0.024736 0.018634
v 0.010345 0.024717 0.018320
v 0.011144 0.024690 0.017798
v 0.011925 0.024658 0.017053
v 0.012494 0.024626 0.016248
v 0.012908 0.024596 0.015370
v 0.013098 0.024563 0.014366
v 0.013085 0.024528 0.013243
v 0.012902 0.024500 0.012286
v 0.012589 0.024480 0.011515
v 0.012044 0.024458 0.010644
v 0.011286 0.024440 0.009820
v 0.010527 0.024434 0.009301
v 0.000366 0.003236 -0.016593
v -0.000578 -0.005319 -0.006231
v 0.003270 -0.004454 -0.004869
v 0.003270 -0.004454 -0.004869
v 0.003814 -0.002856 -0.005546
v 0.003814 -0.002856 -0.005546
v 0.003971 -0.001365 -0.006851
v 0.003971 -0.001365 -0.006851
v 0.003479 0.000236 -0.009151
v 0.003479 0.000236 -0.009151
v 0.003201 0.001403 -0.010845
v 0.003201 0.001403 -0.010845
v 0.003201 0.001403 -0.010845
v 0.003201 0.001403 -0.010845
v 0.002905 0.002598 -0.012851
v 0.002905 0.002598 -0.012851
v 0.002781 0.003687 -0.015028
v 0.002781 0.003687 -0.015028
v 0.002595 0.004186 -0.016585
v 0.002595 0.004186 -0.016585
v 0.002529 0.004226 -0.018073
v 0.002529 0.004226 -0.018073
v 0.002616 0.003728 -0.019987
v 0.002616 0.003728 -0.019987
v 0.002786 0.002800 -0.021454
v 0.002786 0.002800 -0.021454
v 0.002938 0.001834 -0.022378
v 0.002938 0.001834 -0.022378
v 0.003233 0.000445 -0.023190
v 0.003233 0.000445 -0.023190
v 0.003344 -0.000614 -0.023493
v 0.003344 -0.000614 -0.023493
v 0.003421 -0.001946 -0.023608
v 0.003421 -0.001946 -0.023608
v 0.003497 -0.003710 -0.023364
v 0.003497 -0.003710 -0.023364
v 0.003531 -0.004869 -0.022791
v 0.003531 -0.004869 -0.022791
v 0.003524 -0.005795 -0.022122
v 0.003524 -0.005795 -0.022122
v 0.003524 -0.005795 -0.022122
v 0.003524 -0.005795 -0.022122
v 0.003350 -0.007105 -0.020694
v 0.003350 -0.007105 -0.020694
v 0.002933 -0.008701 -0.018600
v 0.002933 -0.008701 -0.018600
v 0.002270 -0.010086 -0.016592
v 0.002270 -0.010086 -0.016592
v 0.001542 -0.011303 -0.014474
v 0.001542 -0.011303 -0.014474
v 0.001046 -0.012000 -0.012444
v 0.001046 -0.012000 -0.012444
v 0.000540 -0.012231 -0.010492
v 0.000540 -0.012231 -0.010492
v 0.000285 -0.011974 -0.008986
v 0.000285 -0.011974 -0.008986
v 0.000326 -0.011109 -0.007338
v 0.000326 -0.011109 -0.007338
v 0.000726 -0.010266 -0.006393
v 0.000726 -0.010266 -0.006393
v 0.001145 -0.008968 -0.005564
v 0.001145 -0.008968 -0.005564
v 0.001992 -0.007133 -0.004888
v 0.001992 -0.007133 -0.004888
v 0.002696 -0.005760 -0.004761
v 0.002696 -0.005760 -0.004761
v -0.006534 -0.019858 -0.008995
v -0.013505 -0.020553 -0.008549
v -0.020483 -0.018764 -0.010098
v -0.026267 -0.013681 -0.014014
v -0.028205 -0.009054 -0.017102
v -0.028528 -0.002992 -0.021294
v -0.028528 -0.002992 -0.021294
v -0.027429 0.001533 -0.024066
v -0.024433 0.005960 -0.026604
v -0.019291 0.009065 -0.028205
v -0.012838 0.010338 -0.028703
v -0.006375 0.009889 -0.028207
v 0.001109 0.006144 -0.026712
v -0.006585 -0.018850 -0.007724
v -0.013535 -0.019402 -0.007278
v -0.020389 -0.017664 -0.008618
v -0.026368 -0.012576 -0.012510
v -0.028357 -0.007852 -0.015590
v -0.028705 -0.001823 -0.019813
v -0.028705 -0.001823 -0.019813
v -0.027597 0.002627 -0.022496
v -0.024554 0.007078 -0.024992
v -0.019356 0.010085 -0.026594
v -0.012766 0.011299 -0.027051
v -0.006246 0.010792 -0.026605
v 0.001016 0.007031 -0.025150
v -0.006636 -0.017841 -0.006453
v -0.013565 -0.018250 -0.006007
v -0.020295 -0.016564 -0.007137
v -0.026468 -0.011471 -0.011007
v -0.028510 -0.006650 -0.014078
v -0.028881 -0.000655 -0.018332
v -0.028881 -0.000655 -0.018332
v -0.027765 0.003721 -0.020925
v -0.024674 0.008197 -0.023380
v -0.019422 0.011104 -0.024982
v -0.012694 0.012260 -0.025399
v -0.006116 0.011695 -0.025004
v 0.000891 0.008028 -0.023422
v -0.001271 -0.014806 -0.006299
v -0.006687 -0.016833 -0.005182
v -0.013596 -0.017099 -0.004736
v -0.020201 -0.015465 -0.005657
v -0.026569 -0.010366 -0.009504
v -0.028662 -0.005448 -0.012567
v -0.029058 0.000514 -0.016851
v -0.029058 0.000514 -0.016851
v -0.027933 0.004815 -0.019355
v -0.024794 0.009316 -0.021768
v -0.019488 0.012123 -0.023371
v -0.012622 0.013221 -0.023747
v -0.005987 0.012598 -0.023403
v 0.000853 0.008904 -0.022065
v -0.001051 -0.015588 -0.007859
v -0.000777 -0.016563 -0.009807
v 0.004105 -0.047699 -0.059329
v 0.004105 -0.047699 -0.059329
v 0.002292 -0.049883 -0.062042
v 0.002292 -0.049883 -0.062042
v 0.004901 -0.046726 -0.063662
v 0.006306 -0.045326 -0.059207
v 0.006306 -0.045326 -0.059207
v 0.000201 -0.050206 -0.065731
v 0.000201 -0.050206 -0.065731
v 0.002885 -0.047094 -0.067456
v -0.002471 -0.049514 -0.068882
v -0.002471 -0.049514 -0.068882
v 0.000184 -0.046484 -0.070572
v -0.005681 -0.047836 -0.071361
v -0.005681 -0.047836 -0.071361
v -0.003193 -0.044730 -0.073037
v -0.007065 -0.044688 -0.073456
v -0.007065 -0.044688 -0.073456
v -0.006736 -0.041719 -0.074660
v -0.006736 -0.041719 -0.074660
v 0.009650 -0.040501 -0.066391
v -0.029023 0.055392 0.039264
v -0.029023 0.055392 0.039264
v 0.007649 -0.040879 -0.070181
v 0.004829 -0.040221 -0.073437
v 0.001380 -0.038398 -0.075850
v -0.031152 0.021326 0.028017
v -0.031152 0.021326 0.028017
v 0.013716 -0.034846 -0.068661
v -0.023205 0.078720 0.011968
v -0.023205 0.078720 0.011968
v 0.011711 -0.035101 -0.072472
v 0.008717 -0.034381 -0.075790
v 0.005196 -0.032432 -0.078132
v -0.035536 0.072995 -0.010534
v -0.035536 0.072995 -0.010534
v 0.018071 -0.027398 -0.070801
v 0.018108 -0.021246 -0.064656
v 0.018108 -0.021246 -0.064656
v 0.015986 -0.027732 -0.074672
v 0.012987 -0.026982 -0.078004
v 0.009060 -0.024933 -0.080418
v -0.042181 0.045174 0.024187
v -0.042181 0.045174 0.024187
v 0.022214 -0.018398 -0.072828
v -0.037525 0.071579 -0.006334
v -0.037525 0.071579 -0.006334
v 0.020118 -0.018730 -0.076713
v 0.017191 -0.018029 -0.079899
v 0.013068 -0.015759 -0.082381
v -0.033204 0.025940 0.027529
v -0.033204 0.025940 0.027529
v 0.025812 -0.008024 -0.074230
v -0.019968 0.081035 0.004933
v -0.019968 0.081035 0.004933
v 0.023803 -0.008059 -0.078149
v 0.020791 -0.007504 -0.081289
v 0.016357 -0.005863 -0.083610
v -0.043047 0.049220 0.021677
v -0.043047 0.049220 0.021677
v 0.028464 0.003483 -0.074646
v -0.035068 0.030405 0.026683
v -0.035068 0.030405 0.026683
v 0.026478 0.003854 -0.078593
v 0.023382 0.004348 -0.081715
v 0.018763 0.005172 -0.083899
v -0.017741 0.081893 0.000744
v -0.017741 0.081893 0.000744
v 0.029522 0.014400 -0.073995
v -0.030495 0.074846 -0.019809
v -0.030495 0.074846 -0.019809
v 0.027287 0.014711 -0.078108
v 0.024150 0.015253 -0.081018
v 0.019375 0.016069 -0.083016
v -0.024970 0.076821 0.016147
v -0.024970 0.076821 0.016147
v 0.028960 0.026908 -0.071808
v -0.028424 0.051957 0.041206
v -0.028424 0.051957 0.041206
v 0.026638 0.027381 -0.075717
v 0.023154 0.027624 -0.078757
v 0.018186 0.027369 -0.080735
v -0.032846 0.074213 -0.015617
v -0.032846 0.074213 -0.015617
v 0.027146 0.036778 -0.068750
v -0.026422 0.053833 0.036041
v -0.026422 0.053833 0.036041
v 0.024597 0.037259 -0.072736
v 0.020919 0.037542 -0.075622
v 0.015682 0.037215 -0.077387
v -0.014513 0.082305 -0.004593
v -0.014513 0.082305 -0.004593
v 0.020357 0.054307 -0.059833
v -0.027450 0.047681 0.043202
v -0.027450 0.047681 0.043202
v 0.017295 0.055167 -0.063488
v 0.013246 0.055039 -0.066294
v 0.007884 0.053851 -0.067783
v 0.026849 0.027916 -0.063533
v 0.026849 0.027916 -0.063533
v 0.015910 0.061617 -0.054135
v -0.011966 0.082245 -0.008704
v -0.011966 0.082245 -0.008704
v 0.012548 0.062507 -0.057737
v 0.008454 0.062349 -0.060268
v 0.003520 0.060802 -0.061791
v -0.021105 0.073693 -0.034590
v -0.021105 0.073693 -0.034590
v 0.005799 0.073102 -0.041516
v -0.010909 0.064124 -0.047114
v -0.010909 0.064124 -0.047114
v 0.002314 0.073884 -0.044528
v -0.001440 0.073415 -0.046962
v -0.006339 0.071319 -0.048649
v -0.040234 0.038366 0.027193
v -0.040234 0.038366 0.027193
v -0.000618 0.078123 -0.032657
v -0.023742 0.074450 -0.030627
v -0.023742 0.074450 -0.030627
v -0.004269 0.078827 -0.035613
v -0.008310 0.078100 -0.038206
v -0.012641 0.075677 -0.040044
v -0.007327 0.061063 -0.052052
v -0.007327 0.061063 -0.052052
v -0.006170 0.081200 -0.024379
v -0.004743 0.080298 -0.019928
v -0.004743 0.080298 -0.019928
v -0.010146 0.081870 -0.027302
v -0.014490 0.081004 -0.029707
v -0.018874 0.078199 -0.031558
v -0.041522 0.042665 0.025436
v -0.041522 0.042665 0.025436
v -0.016658 0.083566 -0.008595
v -0.003778 0.057421 -0.056718
v -0.003778 0.057421 -0.056718
v -0.020801 0.083864 -0.010672
v -0.025291 0.082500 -0.013253
v -0.029255 0.078906 -0.015896
v -0.002126 0.079078 -0.023790
v -0.002126 0.079078 -0.023790
v -0.021867 0.082397 0.001317
v -0.015201 0.070963 -0.043041
v -0.015201 0.070963 -0.043041
v -0.026285 0.082484 -0.001080
v -0.030792 0.080793 -0.003594
v -0.034479 0.077078 -0.006080
v 0.026577 0.006322 -0.066970
v 0.026577 0.006322 -0.066970
v -0.027566 0.078584 0.012319
v -0.026397 0.043901 0.044614
v -0.026397 0.043901 0.044614
v -0.031813 0.078321 0.010134
v -0.036017 0.076395 0.007656
v -0.039357 0.072451 0.004735
v -0.017882 0.072346 -0.039283
v -0.017882 0.072346 -0.039283
v -0.030849 0.073308 0.021346
v 0.000423 0.052140 -0.062339
v 0.000423 0.052140 -0.062339
v -0.035387 0.072699 0.019295
v -0.039302 0.070704 0.016800
v -0.042403 0.066532 0.013690
v 0.000666 0.077415 -0.027737
v 0.000666 0.077415 -0.027737
v -0.032976 0.065565 0.030251
v -0.024799 0.039509 0.045808
v -0.024799 0.039509 0.045808
v -0.037400 0.064532 0.028178
v -0.040748 0.062429 0.025654
v -0.043170 0.058863 0.021827
v 0.023719 0.041908 -0.058065
v 0.023719 0.041908 -0.058065
v 0.003277 0.075530 -0.031323
v 0.003277 0.075530 -0.031323
v 0.024052 0.046424 -0.064416
v 0.021328 0.046987 -0.068385
v 0.017226 0.047049 -0.071354
v 0.011934 0.046560 -0.072705
v -0.009298 0.066999 -0.050997
v -0.009298 0.066999 -0.050997
v -0.033186 0.057158 0.036741
v 0.004155 0.046110 -0.067411
v 0.004155 0.046110 -0.067411
v -0.037087 0.055931 0.034542
v -0.039988 0.053759 0.031779
v -0.042065 0.050662 0.027529
v -0.037426 0.030407 0.029420
v -0.037426 0.030407 0.029420
v -0.031584 0.049060 0.041129
v -0.011925 0.068955 -0.047461
v -0.011925 0.068955 -0.047461
v -0.035322 0.047423 0.038678
v -0.037946 0.045481 0.035522
v -0.039944 0.043339 0.031387
v 0.006578 0.047289 -0.071588
v 0.006578 0.047289 -0.071588
v -0.029076 0.040547 0.043928
v 0.007027 0.072340 -0.036316
v 0.007027 0.072340 -0.036316
v -0.032555 0.039138 0.041244
v -0.035349 0.037430 0.037689
v -0.037218 0.035395 0.033677
v -0.039214 0.035323 0.028175
v -0.039214 0.035323 0.028175
v -0.025597 0.032105 0.045241
v 0.006689 0.040897 -0.070904
v 0.006689 0.040897 -0.070904
v -0.029183 0.031180 0.042440
v -0.032352 0.030144 0.038740
v -0.034651 0.028944 0.034658
v 0.009572 0.069915 -0.039648
v 0.009572 0.069915 -0.039648
v -0.022488 0.025401 0.045045
v 0.000292 0.057240 -0.063417
v 0.000292 0.057240 -0.063417
v -0.026372 0.024941 0.042281
v -0.029803 0.024376 0.038723
v -0.032473 0.023665 0.034698
v 0.008241 0.036782 -0.073316
v 0.008241 0.036782 -0.073316
v -0.019263 0.018666 0.043565
v -0.019263 0.018666 0.043565
v -0.014403 0.018660 0.045435
v -0.014403 0.018660 0.045435
v -0.014403 0.018660 0.045435
v -0.023633 0.018664 0.041122
v -0.023633 0.018664 0.041122
v -0.026915 0.018668 0.038120
v -0.026915 0.018668 0.038120
v -0.030167 0.018657 0.034279
v -0.030167 0.018657 0.034279
v -0.032671 0.018657 0.030417
v -0.032671 0.018657 0.030417
v -0.032671 0.018657 0.030417
v -0.022779 0.035011 0.046574
v -0.022779 0.035011 0.046574
v 0.011512 0.067329 -0.048512
v 0.008120 0.068118 -0.052026
v 0.004228 0.067833 -0.054474
v -0.000928 0.066023 -0.056045
v -0.002139 0.060116 -0.060359
v -0.002139 0.060116 -0.060359
v 0.009568 0.032477 -0.075368
v 0.009568 0.032477 -0.075368
v -0.012263 0.083168 -0.015260
v -0.016338 0.083694 -0.017738
v -0.020938 0.082537 -0.020256
v -0.024978 0.079368 -0.022467
v 0.016913 0.061604 -0.049066
v 0.016913 0.061604 -0.049066
v 0.023153 -0.008352 -0.066590
v 0.023153 -0.008352 -0.066590
v -0.012872 0.018927 0.042746
v -0.012872 0.018927 0.042746
v -0.012872 0.018927 0.042746
v 0.011286 0.024160 -0.078150
v 0.011286 0.024160 -0.078150
v 0.019150 0.058350 -0.051853
v 0.019150 0.058350 -0.051853
v 0.004785 0.050723 -0.069137
v 0.004785 0.050723 -0.069137
v 0.010471 0.028807 -0.076756
v 0.010471 0.028807 -0.076756
v -0.020699 0.030660 0.046912
v -0.020699 0.030660 0.046912
v 0.002678 0.054076 -0.066394
v 0.002678 0.054076 -0.066394
v 0.011971 0.014014 -0.080159
v 0.011971 0.014014 -0.080159
v 0.021146 0.054897 -0.054263
v 0.021146 0.054897 -0.054263
v 0.019903 -0.017422 -0.065370
v 0.019903 -0.017422 -0.065370
v 0.011867 0.018768 -0.079361
v 0.011867 0.018768 -0.079361
v 0.023098 0.051097 -0.056671
v 0.023098 0.051097 -0.056671
v 0.011737 0.034550 -0.078422
v 0.011737 0.034550 -0.078422
v 0.010993 0.003665 -0.081023
v 0.010993 0.003665 -0.081023
v 0.021653 -0.012984 -0.066042
v 0.021653 -0.012984 -0.066042
v 0.010418 0.038776 -0.076525
v 0.010418 0.038776 -0.076525
v 0.011621 0.008452 -0.080781
v 0.011621 0.008452 -0.080781
v 0.027975 0.037957 -0.063129
v 0.027975 0.037957 -0.063129
v -0.019342 0.027986 0.046873
v -0.019342 0.027986 0.046873
v 0.010038 -0.001115 -0.080970
v 0.010038 -0.001115 -0.080970
v 0.029015 0.033528 -0.064713
v 0.029015 0.033528 -0.064713
v 0.013565 0.024631 -0.081736
v 0.013565 0.024631 -0.081736
v 0.008821 -0.005769 -0.080716
v 0.008821 -0.005769 -0.080716
v -0.016991 0.023580 0.046385
v -0.016991 0.023580 0.046385
v 0.012813 0.029304 -0.080331
v 0.012813 0.029304 -0.080331
v 0.005915 -0.014072 -0.079630
v 0.005915 -0.014072 -0.079630
v 0.029859 0.028331 -0.066206
v 0.029859 0.028331 -0.066206
v 0.003948 -0.042474 -0.057161
v 0.003948 -0.042474 -0.057161
v 0.001618 -0.044359 -0.057174
v 0.001618 -0.044359 -0.057174
v -0.001110 -0.045285 -0.059044
v -0.001110 -0.045285 -0.059044
v -0.003504 -0.044950 -0.062143
v -0.003504 -0.044950 -0.062143
v -0.005836 -0.044265 -0.064970
v -0.005836 -0.044265 -0.064970
v -0.008633 -0.043360 -0.068117
v -0.008633 -0.043360 -0.068117
v -0.009364 -0.041793 -0.070251
v -0.009364 -0.041793 -0.070251
v -0.009364 -0.041793 -0.070251
v -0.008297 -0.039126 -0.071838
v -0.008297 -0.039126 -0.071838
v -0.033539 0.020820 0.030372
v -0.033539 0.020820 0.030372
v 0.007578 -0.009591 -0.080335
v 0.007578 -0.009591 -0.080335
v 0.030328 0.023626 -0.067319
v 0.030328 0.023626 -0.067319
v 0.014345 0.014379 -0.083839
v 0.014345 0.014379 -0.083839
v 0.004133 -0.018317 -0.078704
v 0.004133 -0.018317 -0.078704
v -0.035404 0.025283 0.030146
v -0.035404 0.025283 0.030146
v 0.014210 0.019139 -0.083044
v 0.014210 0.019139 -0.083044
v 0.001297 -0.024103 -0.077205
v 0.001297 -0.024103 -0.077205
v 0.030589 0.016716 -0.068609
v 0.030589 0.016716 -0.068609
v 0.014760 0.064227 -0.046312
v 0.014760 0.064227 -0.046312
v 0.026243 0.043496 -0.060730
v 0.026243 0.043496 -0.060730
v 0.030425 0.011939 -0.069218
v 0.030425 0.011939 -0.069218
v 0.013399 0.003688 -0.084598
v 0.013399 0.003688 -0.084598
v -0.002352 -0.030548 -0.075136
v -0.002352 -0.030548 -0.075136
v 0.012322 0.067000 -0.043184
v 0.012322 0.067000 -0.043184
v 0.013994 0.008468 -0.084409
v 0.013994 0.008468 -0.084409
v 0.027188 0.011739 -0.066609
v 0.027188 0.011739 -0.066609
v 0.029771 0.005748 -0.069641
v 0.029771 0.005748 -0.069641
v -0.006758 0.064751 -0.054409
v -0.006758 0.064751 -0.054409
v -0.005443 -0.035241 -0.073363
v -0.005443 -0.035241 -0.073363
v 0.028966 0.000998 -0.069712
v 0.028966 0.000998 -0.069712
v 0.011237 -0.006402 -0.084206
v 0.011237 -0.006402 -0.084206
v -0.040191 0.068822 0.000033
v -0.040191 0.068822 0.000033
v -0.004231 0.062310 -0.057707
v -0.004231 0.062310 -0.057707
v 0.012369 -0.001725 -0.084503
v 0.012369 -0.001725 -0.084503
v -0.018942 0.069121 -0.035554
v -0.018942 0.069121 -0.035554
v 0.027591 -0.004863 -0.069480
v 0.027591 -0.004863 -0.069480
v -0.030160 0.019106 0.028177
v -0.030160 0.019106 0.028177
v -0.030160 0.019106 0.028177
v 0.007196 -0.038251 -0.059292
v 0.007196 -0.038251 -0.059292
v -0.007811 0.081322 -0.015203
v -0.007811 0.081322 -0.015203
v -0.010391 0.081974 -0.011186
v -0.010391 0.081974 -0.011186
v -0.015076 0.067087 -0.041460
v -0.015076 0.067087 -0.041460
v 0.026260 -0.009481 -0.069137
v 0.026260 -0.009481 -0.069137
v 0.008282 -0.015340 -0.083006
v 0.008282 -0.015340 -0.083006
v 0.025347 0.036409 -0.060525
v 0.025347 0.036409 -0.060525
v -0.029211 0.074977 -0.021975
v -0.029211 0.074977 -0.021975
v 0.009921 -0.010864 -0.083712
v 0.009921 -0.010864 -0.083712
v -0.023732 0.070725 -0.027513
v -0.023732 0.070725 -0.027513
v 0.024464 -0.014699 -0.068562
v 0.024464 -0.014699 -0.068562
v -0.026652 0.074898 -0.026111
v -0.026652 0.074898 -0.026111
v 0.014388 0.060188 -0.045523
v 0.014388 0.060188 -0.045523
v 0.022684 -0.019128 -0.067875
v 0.022684 -0.019128 -0.067875
v 0.004154 -0.024275 -0.080985
v 0.004154 -0.024275 -0.080985
v -0.027976 0.071068 -0.019954
v -0.027976 0.071068 -0.019954
v -0.015440 0.023689 0.043339
v -0.015440 0.023689 0.043339
v 0.006208 -0.020043 -0.082030
v 0.006208 -0.020043 -0.082030
v 0.010608 -0.033616 -0.061261
v 0.010608 -0.033616 -0.061261
v 0.020539 -0.023760 -0.066935
v 0.020539 -0.023760 -0.066935
v -0.018322 0.029479 0.043576
v -0.018322 0.029479 0.043576
v -0.030881 0.070429 -0.014439
v -0.030881 0.070429 -0.014439
v 0.018358 -0.028008 -0.065931
v 0.018358 -0.028008 -0.065931
v 0.000136 -0.031674 -0.078730
v 0.000136 -0.031674 -0.078730
v -0.034058 0.068672 -0.007843
v -0.034058 0.068672 -0.007843
v 0.027397 0.016505 -0.066001
v 0.027397 0.016505 -0.066001
v 0.002382 -0.027610 -0.080024
v 0.002382 -0.027610 -0.080024
v 0.008379 0.043497 -0.073958
v 0.008379 0.043497 -0.073958
v 0.016423 -0.031417 -0.065004
v 0.016423 -0.031417 -0.065004
v -0.020903 0.035283 0.043135
v -0.020903 0.035283 0.043135
v 0.024460 -0.003719 -0.066923
v 0.024460 -0.003719 -0.066923
v -0.022471 0.039216 0.042411
v -0.022471 0.039216 0.042411
v -0.039656 0.044998 0.020630
v -0.039656 0.044998 0.020630
v 0.027225 0.023226 -0.064729
v 0.027225 0.023226 -0.064729
v -0.038962 0.041904 0.022324
v -0.038962 0.041904 0.022324
v -0.026729 0.060485 0.031202
v -0.026729 0.060485 0.031202
v -0.026728 0.074158 0.020723
v -0.026728 0.074158 0.020723
v 0.025738 0.001566 -0.067066
v 0.025738 0.001566 -0.067066
v -0.026441 0.064165 0.027906
v -0.026441 0.064165 0.027906
v -0.037021 0.065720 -0.000836
v -0.037021 0.065720 -0.000836
v 0.013887 -0.035325 -0.063747
v 0.013887 -0.035325 -0.063747
v -0.003651 -0.037675 -0.076460
v -0.003651 -0.037675 -0.076460
v -0.039518 0.060973 0.006666
v -0.039518 0.060973 0.006666
v 0.026292 0.031985 -0.062219
v 0.026292 0.031985 -0.062219
v -0.025572 0.067641 0.023903
v -0.025572 0.067641 0.023903
v -0.001122 -0.033864 -0.077964
v -0.001122 -0.033864 -0.077964
v -0.038451 0.063435 0.003150
v -0.038451 0.063435 0.003150
v 0.012429 -0.037298 -0.063004
v 0.012429 -0.037298 -0.063004
v -0.024449 0.070461 0.020076
v -0.024449 0.070461 0.020076
v -0.040293 0.057863 0.010377
v -0.040293 0.057863 0.010377
v 0.009692 -0.040928 -0.061414
v 0.009692 -0.040928 -0.061414
v -0.027914 0.071369 0.024638
v -0.027914 0.071369 0.024638
v -0.040622 0.054604 0.013655
v -0.040622 0.054604 0.013655
v -0.043660 0.060240 0.012213
v -0.043660 0.060240 0.012213
v -0.023016 0.072869 0.016150
v -0.023016 0.072869 0.016150
v -0.040499 0.051307 0.016362
v -0.040499 0.051307 0.016362
v -0.043002 0.063365 0.008587
v -0.043002 0.063365 0.008587
v -0.029047 0.066986 0.029814
v -0.029047 0.066986 0.029814
v 0.021589 0.047630 -0.054981
v 0.021589 0.047630 -0.054981
v -0.021328 0.074800 0.012018
v -0.021328 0.074800 0.012018
v -0.029431 0.063525 0.033188
v -0.029431 0.063525 0.033188
v -0.025925 0.050684 0.037893
v -0.025925 0.050684 0.037893
v -0.043586 0.052541 0.019178
v -0.043586 0.052541 0.019178
v -0.017224 0.077460 0.003016
v -0.017224 0.077460 0.003016
v 0.014858 -0.027105 -0.063284
v 0.014858 -0.027105 -0.063284
v -0.043824 0.056210 0.016062
v -0.043824 0.056210 0.016062
v -0.029404 0.059381 0.036549
v -0.029404 0.059381 0.036549
v -0.013906 0.078145 -0.003743
v -0.013906 0.078145 -0.003743
v -0.010831 0.078098 -0.009138
v -0.010831 0.078098 -0.009138
v 0.018262 0.054314 -0.050511
v 0.018262 0.054314 -0.050511
v -0.006133 0.076947 -0.016612
v -0.006133 0.076947 -0.016612
v 0.011115 0.064302 -0.041235
v 0.011115 0.064302 -0.041235
v -0.001065 0.074494 -0.024464
v -0.001065 0.074494 -0.024464
v 0.024673 0.047621 -0.058664
v 0.024673 0.047621 -0.058664
v 0.002601 0.072019 -0.029814
v 0.002601 0.072019 -0.029814
v 0.007299 0.068234 -0.036121
v 0.007299 0.068234 -0.036121
v -0.041641 0.066566 0.004041
v -0.041641 0.066566 0.004041
v -0.025001 0.046997 0.039617
v -0.025001 0.046997 0.039617
v -0.037841 0.038120 0.024025
v -0.037841 0.038120 0.024025
v -0.023791 0.043232 0.041088
v -0.023791 0.043232 0.041088
v -0.036581 0.034385 0.025460
v -0.036581 0.034385 0.025460
v -0.026710 0.057337 0.033663
v -0.026710 0.057337 0.033663
v -0.040189 0.048154 0.018662
v -0.040189 0.048154 0.018662
v -0.018182 0.023574 0.001486
v -0.018182 0.023574 0.001486
v -0.013978 0.023304 0.000537
v -0.018187 0.021818 0.001863
v -0.018061 0.023373 -0.000163
v -0.018061 0.023373 -0.000163
v -0.017492 0.022138 0.003363
v -0.018236 0.023221 -0.000160
v -0.018236 0.023221 -0.000160
v -0.016264 0.022375 0.004490
v -0.017492 0.023053 -0.001641
v -0.017492 0.023053 -0.001641
v -0.014687 0.022495 0.005071
v -0.017643 0.022888 -0.001701
v -0.017643 0.022888 -0.001701
v -0.013004 0.022478 0.005019
v -0.016387 0.022802 -0.002792
v -0.016387 0.022802 -0.002792
v -0.011470 0.022328 0.004341
v -0.016491 0.022627 -0.002901
v -0.016491 0.022627 -0.002901
v -0.010319 0.022066 0.003140
v -0.014916 0.022658 -0.003443
v -0.014916 0.022658 -0.003443
v -0.009725 0.021733 0.001599
v -0.014956 0.022476 -0.003579
v -0.014956 0.022476 -0.003579
v -0.009780 0.021380 -0.000046
v -0.013301 0.022642 -0.003493
v -0.013301 0.022642 -0.003493
v -0.010474 0.021060 -0.001547
v -0.013274 0.022459 -0.003632
v -0.013274 0.022459 -0.003632
v -0.011703 0.020822 -0.002673
v -0.011791 0.022757 -0.002935
v -0.011791 0.022757 -0.002935
v -0.013279 0.020703 -0.003255
v -0.011698 0.022579 -0.003050
v -0.011698 0.022579 -0.003050
v -0.014963 0.020719 -0.003202
v -0.010611 0.022985 -0.001855
v -0.010611 0.022985 -0.001855
v -0.016496 0.020870 -0.002524
v -0.010469 0.022817 -0.001924
v -0.010469 0.022817 -0.001924
v -0.017648 0.021132 -0.001323
v -0.009946 0.023291 -0.000416
v -0.009946 0.023291 -0.000416
v -0.018242 0.021464 0.000217
v -0.009774 0.023136 -0.000423
v -0.009774 0.023136 -0.000423
v -0.018008 0.023711 0.001415
v -0.018008 0.023711 0.001415
v -0.017486 0.023894 0.002986
v -0.017486 0.023894 0.002986
v -0.017343 0.024018 0.002854
v -0.017343 0.024018 0.002854
v -0.016257 0.024132 0.004113
v -0.016257 0.024132 0.004113
v -0.016164 0.024246 0.003935
v -0.016164 0.024246 0.003935
v -0.014682 0.024251 0.004694
v -0.014682 0.024251 0.004694
v -0.014653 0.024361 0.004493
v -0.014653 0.024361 0.004493
v -0.012999 0.024235 0.004642
v -0.012999 0.024235 0.004642
v -0.013038 0.024345 0.004442
v -0.013038 0.024345 0.004442
v -0.011464 0.024084 0.003964
v -0.011464 0.024084 0.003964
v -0.011567 0.024200 0.003792
v -0.011567 0.024200 0.003792
v -0.010312 0.023822 0.002763
v -0.010312 0.023822 0.002763
v -0.010462 0.023949 0.002640
v -0.010462 0.023949 0.002640
v -0.009719 0.023490 0.001222
v -0.009719 0.023490 0.001222
v -0.009893 0.023630 0.001163
v -0.009893 0.023630 0.001163
v -0.012203 0.022394 0.004767
v -0.012197 0.024152 0.004378
v -0.012197 0.024152 0.004378
v -0.012269 0.024266 0.004188
v -0.012269 0.024266 0.004188
v -0.010839 0.022193 0.003819
v -0.010998 0.024081 0.003318
v -0.010998 0.024081 0.003318
v -0.010879 0.023961 0.003478
v -0.010879 0.023961 0.003478
v -0.010110 0.023798 0.001965
v -0.010110 0.023798 0.001965
v -0.009944 0.023663 0.002056
v -0.009944 0.023663 0.002056
v -0.009944 0.023663 0.002056
v -0.009941 0.021900 0.002422
v -0.009941 0.021900 0.002422
v -0.009828 0.023475 0.000420
v -0.009828 0.023475 0.000420
v -0.009652 0.023322 0.000420
v -0.009652 0.023322 0.000420
v -0.009659 0.021566 0.000819
v -0.010164 0.023159 -0.001106
v -0.010164 0.023159 -0.001106
v -0.010015 0.022993 -0.001169
v -0.010015 0.022993 -0.001169
v -0.010031 0.021231 -0.000798
v -0.011127 0.022882 -0.002451
v -0.011127 0.022882 -0.002451
v -0.011023 0.020950 -0.002164
v -0.011015 0.022708 -0.002552
v -0.011015 0.022708 -0.002552
v -0.012508 0.022710 -0.003297
v -0.012508 0.022710 -0.003297
v -0.012442 0.022530 -0.003425
v -0.012442 0.022530 -0.003425
v -0.012463 0.020771 -0.003041
v -0.014120 0.022660 -0.003558
v -0.014120 0.022660 -0.003558
v -0.014138 0.022478 -0.003698
v -0.014138 0.022478 -0.003698
v -0.014150 0.020720 -0.003309
v -0.015678 0.022738 -0.003206
v -0.015678 0.022738 -0.003206
v -0.015750 0.022559 -0.003331
v -0.015750 0.022559 -0.003331
v -0.015777 0.020803 -0.002933
v -0.016994 0.022932 -0.002292
v -0.016994 0.022932 -0.002292
v -0.017113 0.022759 -0.002390
v -0.017113 0.022759 -0.002390
v -0.017149 0.021008 -0.001968
v -0.017873 0.023223 -0.000905
v -0.017873 0.023223 -0.000905
v -0.018042 0.023066 -0.000924
v -0.018042 0.023066 -0.000924
v -0.018023 0.021294 -0.000601
v -0.018123 0.023541 0.000623
v -0.018123 0.023541 0.000623
v -0.018300 0.023399 0.000675
v -0.018300 0.023399 0.000675
v -0.018308 0.021636 0.001040
v -0.017920 0.021973 0.002664
v -0.017755 0.023860 0.002164
v -0.017755 0.023860 0.002164
v -0.017908 0.023733 0.002287
v -0.017908 0.023733 0.002287
v -0.016879 0.022259 0.004053
v -0.016817 0.024124 0.003444
v -0.016817 0.024124 0.003444
v -0.016940 0.024004 0.003602
v -0.016940 0.024004 0.003602
v -0.015474 0.022427 0.004881
v -0.015410 0.024297 0.004295
v -0.015410 0.024297 0.004295
v -0.015498 0.024183 0.004480
v -0.015498 0.024183 0.004480
v -0.013827 0.022476 0.005138
v -0.013887 0.024345 0.004545
v -0.013887 0.024345 0.004545
v -0.013889 0.024234 0.004751
v -0.013889 0.024234 0.004751
v -0.028161 0.024708 0.007938
v -0.028161 0.024708 0.007938
v -0.020350 0.022851 0.005763
v -0.028128 0.023023 0.008165
v -0.020372 0.024543 0.005557
v -0.020372 0.024543 0.005557
v -0.027507 0.023231 0.009619
v -0.028173 0.024495 0.006357
v -0.028173 0.024495 0.006357
v -0.026371 0.023402 0.010725
v -0.020033 0.023060 0.007344
v -0.024893 0.023510 0.011315
v -0.027574 0.024309 0.004891
v -0.027574 0.024309 0.004891
v -0.023298 0.023539 0.011299
v -0.027540 0.024916 0.009392
v -0.027540 0.024916 0.009392
v -0.021830 0.023484 0.010679
v -0.026456 0.024179 0.003762
v -0.026456 0.024179 0.003762
v -0.020711 0.023353 0.009550
v -0.020711 0.023353 0.009550
v -0.026404 0.025088 0.010498
v -0.026404 0.025088 0.010498
v -0.020112 0.023167 0.008084
v -0.024987 0.024123 0.003142
v -0.024987 0.024123 0.003142
v -0.020125 0.022954 0.006503
v -0.020145 0.024853 0.007856
v -0.020145 0.024853 0.007856
v -0.020745 0.022746 0.005049
v -0.023392 0.024152 0.003126
v -0.023392 0.024152 0.003126
v -0.021882 0.022575 0.003943
v -0.020744 0.025039 0.009323
v -0.020744 0.025039 0.009323
v -0.020744 0.025039 0.009323
v -0.023359 0.022466 0.003353
v -0.021914 0.024260 0.003716
v -0.021914 0.024260 0.003716
v -0.024954 0.022438 0.003370
v -0.021862 0.025169 0.010452
v -0.021862 0.025169 0.010452
v -0.026423 0.022493 0.003989
v -0.020778 0.024431 0.004822
v -0.020778 0.024431 0.004822
v -0.027541 0.022623 0.005118
v -0.023331 0.025225 0.011072
v -0.023331 0.025225 0.011072
v -0.028141 0.022809 0.006585
v -0.020157 0.024640 0.006276
v -0.020157 0.024640 0.006276
v -0.024926 0.025196 0.011088
v -0.024926 0.025196 0.011088
v -0.021235 0.022668 0.004462
v -0.021244 0.024359 0.004249
v -0.021244 0.024359 0.004249
v -0.022566 0.024222 0.003364
v -0.022566 0.024222 0.003364
v -0.022567 0.022532 0.003588
v -0.024156 0.024153 0.003050
v -0.024156 0.024153 0.003050
v -0.024131 0.022465 0.003287
v -0.025751 0.024167 0.003373
v -0.025751 0.024167 0.003373
v -0.025734 0.022480 0.003619
v -0.027091 0.024260 0.004283
v -0.027091 0.024260 0.004283
v -0.027055 0.022572 0.004521
v -0.027951 0.024413 0.005588
v -0.027951 0.024413 0.005588
v -0.027907 0.022723 0.005804
v -0.028252 0.024604 0.007116
v -0.028252 0.024604 0.007116
v -0.028217 0.022914 0.007331
v -0.027923 0.024815 0.008708
v -0.027923 0.024815 0.008708
v -0.027897 0.023124 0.008922
v -0.027059 0.024993 0.009971
v -0.027059 0.024993 0.009971
v -0.027002 0.023309 0.010230
v -0.025730 0.025130 0.010849
v -0.025730 0.025130 0.010849
v -0.025692 0.023442 0.011088
v -0.024157 0.025197 0.011154
v -0.024157 0.025197 0.011154
v -0.024126 0.023509 0.011392
v -0.022591 0.025184 0.010839
v -0.022591 0.025184 0.010839
v -0.022517 0.023495 0.011061
v -0.021275 0.025095 0.009966
v -0.021275 0.025095 0.009966
v -0.021211 0.023404 0.010175
v -0.020379 0.024940 0.008637
v -0.020379 0.024940 0.008637
v -0.020343 0.023252 0.008874
v -0.020068 0.024752 0.007136
v -0.020068 0.024752 0.007136
v -0.024163 0.024675 0.007113
vt 0.658843 0.438804
vt 0.649216 0.441623
vt 0.404809 0.324257
vt 0.680900 0.409576
vt 0.665498 0.413071
vt 0.647905 0.416349
vt 0.624832 0.420452
vt 0.682881 0.082958
vt 0.281331 0.149061
vt 0.281331 0.149061
vt 0.465912 0.339474
vt 0.566643 0.517126
vt 0.566643 0.517126
vt 0.062306 0.412431
vt 0.674714 0.310540
vt 0.225343 0.181283
vt 0.225343 0.181283
vt 0.672162 0.354591
vt 0.664080 0.394028
vt 0.231135 0.638563
vt 0.699130 0.077648
vt 0.502042 0.497837
vt 0.502042 0.497837
vt 0.576689 0.525440
vt 0.576689 0.525440
vt 0.087807 0.322264
vt 0.102274 0.248769
vt 0.340242 0.409871
vt 0.701330 0.311613
vt 0.529779 0.513064
vt 0.529779 0.513064
vt 0.543881 0.581316
vt 0.428141 0.274801
vt 0.688461 0.463724
vt 0.678132 0.466041
vt 0.669075 0.466889
vt 0.659121 0.466368
vt 0.417480 0.303451
vt 0.682612 0.432847
vt 0.670759 0.435498
vt 0.474134 0.329930
vt 0.271207 0.161815
vt 0.271207 0.161815
vt 0.113244 0.323158
vt 0.121608 0.286829
vt 0.287651 0.131719
vt 0.287651 0.131719
vt 0.120538 0.312218
vt 0.621930 0.651798
vt 0.101685 0.310842
vt 0.285819 0.139984
vt 0.285819 0.139984
vt 0.096706 0.317082
vt 0.283902 0.114348
vt 0.283902 0.114348
vt 0.692753 0.638148
vt 0.691425 0.627127
vt 0.287367 0.125051
vt 0.287367 0.125051
vt 0.685084 0.630608
vt 0.685084 0.630608
vt 0.685084 0.630608
vt 0.456782 0.320070
vt 0.571145 0.489127
vt 0.560064 0.060544
vt 0.695178 0.651237
vt 0.420687 0.110933
vt 0.702989 0.627016
vt 0.657593 0.593760
vt 0.574863 0.347516
vt 0.571309 0.651756
vt 0.267326 0.095018
vt 0.267326 0.095018
vt 0.465213 0.604531
vt 0.601043 0.079915
vt 0.623173 0.240390
vt 0.549592 0.300767
vt 0.090746 0.239083
vt 0.665296 0.066164
vt 0.637452 0.679491
vt 0.048401 0.621876
vt 0.549646 0.021286
vt 0.093581 0.568244
vt 0.061851 0.579908
vt 0.195906 0.594017
vt 0.211935 0.611737
vt 0.193350 0.628237
vt 0.575121 0.025772
vt 0.181725 0.610452
vt 0.579863 0.675648
vt 0.606141 0.059199
vt 0.098196 0.591080
vt 0.073355 0.596256
vt 0.327246 0.353934
vt 0.354697 0.313128
vt 0.058601 0.616832
vt 0.528744 0.378428
vt 0.231411 0.181965
vt 0.231411 0.181965
vt 0.559485 0.509930
vt 0.540837 0.554988
vt 0.360598 0.111140
vt 0.614852 0.307094
vt 0.514605 0.640725
vt 0.169659 0.035691
vt 0.286172 0.566271
vt 0.706864 0.158855
vt 0.111868 0.124111
vt 0.570648 0.377443
vt 0.276958 0.103806
vt 0.276958 0.103806
vt 0.240123 0.084495
vt 0.240123 0.084495
vt 0.450884 0.532247
vt 0.065418 0.171382
vt 0.444020 0.353972
vt 0.080164 0.654467
vt 0.584444 0.004566
vt 0.540032 0.343694
vt 0.406799 0.127482
vt 0.706508 0.610791
vt 0.406799 0.127482
vt 0.706508 0.610791
vt 0.063877 0.329740
vt 0.139730 0.263648
vt 0.691994 0.608106
vt 0.691994 0.608106
vt 0.663164 0.053475
vt 0.671675 0.048320
vt 0.455519 0.347122
vt 0.480846 0.207438
vt 0.665618 0.086824
vt 0.119391 0.278596
vt 0.083605 0.277491
vt 0.110988 0.261060
vt 0.097316 0.286878
vt 0.102417 0.294342
vt 0.466137 0.268119
vt 0.670707 0.673146
vt 0.398405 0.084746
vt 0.139212 0.300418
vt 0.130533 0.336816
vt 0.194791 0.662744
vt 0.682818 0.040030
vt 0.659804 0.036966
vt 0.582226 0.304003
vt 0.181981 0.423006
vt 0.320243 0.307708
vt 0.279649 0.385360
vt 0.296527 0.344514
vt 0.307100 0.395791
vt 0.259457 0.450886
vt 0.652459 0.241805
vt 0.211213 0.654633
vt 0.691976 0.054886
vt 0.253087 0.087974
vt 0.253087 0.087974
vt 0.033342 0.595200
vt 0.531103 0.041942
vt 0.612443 0.019114
vt 0.624081 0.084169
vt 0.213986 0.086910
vt 0.213986 0.086910
vt 0.226752 0.083624
vt 0.226752 0.083624
vt 0.122368 0.105006
vt 0.449155 0.549916
vt 0.174686 0.051540
vt 0.202676 0.042813
vt 0.627903 0.062921
vt 0.342903 0.124688
vt 0.573702 0.508904
vt 0.573702 0.508904
vt 0.069775 0.144093
vt 0.236226 0.181682
vt 0.236226 0.181682
vt 0.164393 0.133115
vt 0.164393 0.133115
vt 0.570836 0.048238
vt 0.163945 0.110173
vt 0.163945 0.110173
vt 0.098454 0.184592
vt 0.578477 0.036143
vt 0.320139 0.138334
vt 0.320139 0.138334
vt 0.537787 0.404804
vt 0.537921 0.404957
vt 0.178636 0.069573
vt 0.178636 0.069573
vt 0.200982 0.027413
vt 0.562828 0.523636
vt 0.562828 0.523636
vt 0.635785 0.619898
vt 0.037759 0.223357
vt 0.428827 0.378026
vt 0.076750 0.599912
vt 0.076750 0.599912
vt 0.076750 0.599912
vt 0.086351 0.615890
vt 0.086351 0.615890
vt 0.080400 0.620148
vt 0.080400 0.620148
vt 0.080400 0.620148
vt 0.066632 0.615829
vt 0.066632 0.615829
vt 0.066632 0.615829
vt 0.085652 0.627008
vt 0.085652 0.627008
vt 0.085652 0.627008
vt 0.071645 0.634516
vt 0.071645 0.634516
vt 0.071645 0.634516
vt 0.071645 0.634516
vt 0.092581 0.629873
vt 0.092581 0.629873
vt 0.092581 0.629873
vt 0.088971 0.643629
vt 0.088971 0.643629
vt 0.088971 0.643629
vt 0.088971 0.643629
vt 0.098312 0.628184
vt 0.098312 0.628184
vt 0.106994 0.637274
vt 0.106994 0.637274
vt 0.106994 0.637274
vt 0.106994 0.637274
vt 0.094725 0.622052
vt 0.094224 0.615943
vt 0.094224 0.615943
vt 0.094224 0.615943
vt 0.105826 0.608703
vt 0.105826 0.608703
vt 0.105826 0.608703
vt 0.089788 0.613833
vt 0.092553 0.599470
vt 0.092553 0.599470
vt 0.092553 0.599470
vt 0.217620 0.177982
vt 0.084095 0.648731
vt 0.163601 0.645429
vt 0.652733 0.506986
vt 0.578046 0.071679
vt 0.651327 0.049018
vt 0.646516 0.086952
vt 0.628440 0.657582
vt 0.628440 0.657582
vt 0.453746 0.373488
vt 0.474791 0.370214
vt 0.199602 0.100921
vt 0.199602 0.100921
vt 0.670556 0.602107
vt 0.217471 0.303443
vt 0.287564 0.464134
vt 0.162454 0.347837
vt 0.666202 0.660721
vt 0.393334 0.339321
vt 0.682426 0.392244
vt 0.121030 0.565742
vt 0.118461 0.588082
vt 0.498309 0.370627
vt 0.207020 0.091322
vt 0.207020 0.091322
vt 0.100477 0.333559
vt 0.680368 0.610186
vt 0.680368 0.610186
vt 0.680368 0.610186
vt 0.174497 0.291847
vt 0.647421 0.628075
vt 0.218999 0.251216
vt 0.199765 0.357044
vt 0.663358 0.648595
vt 0.663358 0.648595
vt 0.193369 0.123314
vt 0.193369 0.123314
vt 0.610291 0.038484
vt 0.382481 0.094141
vt 0.382481 0.094141
vt 0.150292 0.569322
vt 0.145754 0.591690
vt 0.141863 0.646837
vt 0.109246 0.668299
vt 0.613485 0.001953
vt 0.385369 0.194912
vt 0.350998 0.197372
vt 0.195267 0.110976
vt 0.195267 0.110976
vt 0.528468 0.222171
vt 0.375763 0.143472
vt 0.349438 0.153254
vt 0.305172 0.167662
vt 0.305172 0.167662
vt 0.564410 0.233087
vt 0.611074 0.638557
vt 0.310235 0.052485
vt 0.302575 0.063756
vt 0.297194 0.071880
vt 0.297194 0.071880
vt 0.594131 0.237621
vt 0.141749 0.673580
vt 0.643337 0.009130
vt 0.226411 0.025440
vt 0.204421 0.055654
vt 0.204421 0.055654
vt 0.279489 0.036358
vt 0.157386 0.063280
vt 0.456400 0.261728
vt 0.678468 0.063318
vt 0.567373 0.714419
vt 0.325102 0.032807
vt 0.567373 0.714419
vt 0.325102 0.032807
vt 0.224387 0.050528
vt 0.224387 0.050528
vt 0.588732 0.021158
vt 0.172890 0.670216
vt 0.667996 0.024128
vt 0.544133 0.050490
vt 0.652660 0.633368
vt 0.652660 0.633368
vt 0.145375 0.075326
vt 0.209153 0.170777
vt 0.209153 0.170777
vt 0.342325 0.084904
vt 0.329919 0.095912
vt 0.318038 0.105460
vt 0.318038 0.105460
vt 0.632115 0.042690
vt 0.021266 0.502971
vt 0.490268 0.119769
vt 0.642212 0.354001
vt 0.641168 0.692744
vt 0.371896 0.052054
vt 0.641954 0.391683
vt 0.645865 0.309050
vt 0.259894 0.203635
vt 0.259894 0.203635
vt 0.109676 0.639078
vt 0.117094 0.642379
vt 0.611053 0.350522
vt 0.527293 0.497243
vt 0.108411 0.607578
vt 0.118262 0.606665
vt 0.320896 0.479473
vt 0.703704 0.244311
vt 0.143500 0.609936
vt 0.487345 0.448854
vt 0.169903 0.620972
vt 0.178918 0.638912
vt 0.505561 0.215515
vt 0.384154 0.235200
vt 0.345342 0.234540
vt 0.195931 0.143741
vt 0.195931 0.143741
vt 0.254642 0.028902
vt 0.193706 0.131639
vt 0.193706 0.131639
vt 0.205099 0.165165
vt 0.205099 0.165165
vt 0.101679 0.160772
vt 0.595879 0.488565
vt 0.146780 0.415904
vt 0.029421 0.414017
vt 0.464461 0.202393
vt 0.105751 0.142899
vt 0.074293 0.126534
vt 0.506130 0.289336
vt 0.377704 0.269083
vt 0.337864 0.265971
vt 0.458287 0.505118
vt 0.179473 0.262614
vt 0.582734 0.690251
vt 0.582734 0.690251
vt 0.582734 0.690251
vt 0.171889 0.310079
vt 0.199878 0.155530
vt 0.199878 0.155530
vt 0.096488 0.200191
vt 0.064432 0.190462
vt 0.064854 0.642631
vt 0.569220 0.010280
vt 0.365404 0.294432
vt 0.328311 0.290681
vt 0.558861 0.534640
vt 0.558861 0.534640
vt 0.223992 0.275028
vt 0.228157 0.210148
vt 0.228157 0.210148
vt 0.095427 0.227314
vt 0.068064 0.220169
vt 0.047418 0.278772
vt 0.425900 0.329464
vt 0.067633 0.274479
vt 0.139254 0.277880
vt 0.194694 0.245871
vt 0.532630 0.416833
vt 0.532807 0.416888
vt 0.177313 0.239281
vt 0.360465 0.369015
vt 0.696513 0.354573
vt 0.309744 0.324615
vt 0.342936 0.330744
vt 0.638285 0.024652
vt 0.636759 0.667123
vt 0.636759 0.667123
vt 0.242193 0.180281
vt 0.242193 0.180281
vt 0.582172 0.722141
vt 0.603562 0.726487
vt 0.331624 0.014314
vt 0.055554 0.277185
vt 0.559678 0.037684
vt 0.586307 0.054576
vt 0.213595 0.175150
vt 0.038621 0.355418
vt 0.450098 0.259370
vt 0.103429 0.297940
vt 0.049789 0.353529
vt 0.182248 0.217605
vt 0.197628 0.186976
vt 0.197628 0.186976
vt 0.190342 0.221608
vt 0.610379 0.384178
vt 0.230091 0.201197
vt 0.230091 0.201197
vt 0.243133 0.233826
vt 0.678719 0.242435
vt 0.592879 0.705773
vt 0.592879 0.705773
vt 0.592879 0.705773
vt 0.107454 0.411741
vt 0.501029 0.335890
vt 0.590912 0.036853
vt 0.220770 0.209149
vt 0.220770 0.209149
vt 0.361191 0.068789
vt 0.361191 0.068789
vt 0.585636 0.401366
vt 0.585776 0.401218
vt 0.573502 0.702108
vt 0.573502 0.702108
vt 0.076222 0.326403
vt 0.648890 0.066298
vt 0.586980 0.710847
vt 0.596636 0.716041
vt 0.223163 0.180649
vt 0.674133 0.561760
vt 0.508330 0.422651
vt 0.134605 0.087123
vt 0.273298 0.048183
vt 0.069377 0.637336
vt 0.234565 0.210485
vt 0.234565 0.210485
vt 0.242548 0.209578
vt 0.242548 0.209578
vt 0.262562 0.169106
vt 0.262562 0.169106
vt 0.251372 0.176435
vt 0.251372 0.176435
vt 0.256244 0.311826
vt 0.249620 0.328569
vt 0.238154 0.370074
vt 0.233893 0.233168
vt 0.220970 0.435528
vt 0.175661 0.578753
vt 0.165518 0.598816
vt 0.157847 0.614271
vt 0.254480 0.548120
vt 0.231238 0.531429
vt 0.199007 0.512107
vt 0.163682 0.501305
vt 0.131786 0.493315
vt 0.091723 0.494842
vt 0.054787 0.499512
vt 0.507075 0.128335
vt 0.528096 0.137262
vt 0.554557 0.147287
vt 0.581990 0.154616
vt 0.610384 0.159181
vt 0.637717 0.161746
vt 0.662807 0.162277
vt 0.685175 0.161867
vt 0.547354 0.396577
vt 0.547430 0.396775
vt 0.571208 0.536464
vt 0.571208 0.536464
vt 0.524927 0.496788
vt 0.614745 0.584210
vt 0.614745 0.584210
vt 0.618881 0.578722
vt 0.618881 0.578722
vt 0.532505 0.429928
vt 0.532686 0.429906
vt 0.569701 0.543543
vt 0.569701 0.543543
vt 0.557175 0.458786
vt 0.548449 0.452482
vt 0.548584 0.452363
vt 0.636101 0.489918
vt 0.200365 0.200302
vt 0.200365 0.200302
vt 0.211956 0.319581
vt 0.263543 0.297029
vt 0.237055 0.254478
vt 0.270293 0.282435
vt 0.112257 0.070666
vt 0.276052 0.261064
vt 0.221934 0.288452
vt 0.278040 0.233248
vt 0.173539 0.133740
vt 0.173539 0.133740
vt 0.194110 0.195670
vt 0.194110 0.195670
vt 0.177007 0.151180
vt 0.177007 0.151180
vt 0.461576 0.313397
vt 0.463621 0.306271
vt 0.041392 0.243191
vt 0.430061 0.360752
vt 0.075840 0.274755
vt 0.053044 0.238413
vt 0.482067 0.305570
vt 0.479889 0.317283
vt 0.463766 0.300408
vt 0.462462 0.293519
vt 0.452451 0.281180
vt 0.080023 0.233277
vt 0.444981 0.277873
vt 0.478472 0.285884
vt 0.089313 0.339702
vt 0.481504 0.296519
vt 0.460188 0.289084
vt 0.091263 0.281693
vt 0.454810 0.282904
vt 0.467824 0.269724
vt 0.122908 0.303232
vt 0.475314 0.279876
vt 0.043997 0.334326
vt 0.440392 0.276726
vt 0.067414 0.232025
vt 0.052220 0.332751
vt 0.435274 0.327973
vt 0.064253 0.349529
vt 0.446871 0.325480
vt 0.076109 0.345240
vt 0.103287 0.306102
vt 0.523969 0.513088
vt 0.523969 0.513088
vt 0.516298 0.483990
vt 0.498816 0.482479
vt 0.498816 0.482479
vt 0.499053 0.488513
vt 0.499053 0.488513
vt 0.516217 0.486486
vt 0.526161 0.475862
vt 0.522138 0.457341
vt 0.522138 0.457341
vt 0.528018 0.476297
vt 0.529820 0.477141
vt 0.537648 0.461053
vt 0.537648 0.461053
vt 0.532913 0.458802
vt 0.532913 0.458802
vt 0.465007 0.487335
vt 0.205811 0.203457
vt 0.205811 0.203457
vt 0.212610 0.206293
vt 0.212610 0.206293
vt 0.217036 0.230351
vt 0.222170 0.199975
vt 0.222170 0.199975
vt 0.257396 0.195999
vt 0.257396 0.195999
vt 0.273930 0.186880
vt 0.273930 0.186880
vt 0.300977 0.159048
vt 0.300977 0.159048
vt 0.282777 0.190141
vt 0.282777 0.190141
vt 0.286196 0.176729
vt 0.286196 0.176729
vt 0.310299 0.132389
vt 0.310299 0.132389
vt 0.142412 0.248108
vt 0.307569 0.144904
vt 0.307569 0.144904
vt 0.305475 0.105678
vt 0.305475 0.105678
vt 0.226031 0.232145
vt 0.309971 0.121712
vt 0.309971 0.121712
vt 0.182978 0.167528
vt 0.182978 0.167528
vt 0.191068 0.179858
vt 0.191068 0.179858
vt 0.244190 0.060273
vt 0.244190 0.060273
vt 0.150014 0.226649
vt 0.261382 0.064951
vt 0.261382 0.064951
vt 0.205482 0.064587
vt 0.205482 0.064587
vt 0.209962 0.195377
vt 0.209962 0.195377
vt 0.223453 0.059334
vt 0.223453 0.059334
vt 0.182449 0.086635
vt 0.182449 0.086635
vt 0.161129 0.206059
vt 0.194252 0.072397
vt 0.194252 0.072397
vt 0.184933 0.185983
vt 0.184933 0.185983
vt 0.197598 0.224580
vt 0.173714 0.167251
vt 0.173714 0.167251
vt 0.172869 0.121182
vt 0.172869 0.121182
vt 0.217381 0.198532
vt 0.217381 0.198532
vt 0.176088 0.102606
vt 0.176088 0.102606
vt 0.204027 0.191998
vt 0.204027 0.191998
vt 0.206049 0.227851
vt 0.236977 0.201276
vt 0.236977 0.201276
vt 0.245263 0.199982
vt 0.245263 0.199982
vt 0.282412 0.075966
vt 0.282412 0.075966
vt 0.175515 0.276593
vt 0.295170 0.088538
vt 0.295170 0.088538
vt 0.250579 0.041616
vt 0.536644 0.647250
vt 0.225818 0.038976
vt 0.268308 0.056265
vt 0.268308 0.056265
vt 0.247313 0.051036
vt 0.247313 0.051036
vt 0.480095 0.620470
vt 0.097436 0.086121
vt 0.082681 0.108150
vt 0.475553 0.466521
vt 0.452194 0.573739
vt 0.131367 0.056586
vt 0.454382 0.581921
vt 0.168567 0.093902
vt 0.168567 0.093902
vt 0.148533 0.045829
vt 0.460562 0.597035
vt 0.500185 0.493418
vt 0.500185 0.493418
vt 0.167941 0.150765
vt 0.167941 0.150765
vt 0.467189 0.667550
vt 0.487530 0.662886
vt 0.255857 0.005110
vt 0.503241 0.700184
vt 0.509089 0.687479
vt 0.234933 0.002626
vt 0.484680 0.692895
vt 0.465211 0.648134
vt 0.443660 0.646815
vt 0.297066 0.017888
vt 0.541256 0.709572
vt 0.454334 0.637706
vt 0.472025 0.638962
vt 0.461752 0.629096
vt 0.424932 0.588854
vt 0.408926 0.582885
vt 0.445520 0.627561
vt 0.426933 0.625131
vt 0.189217 0.004075
vt 0.447336 0.669575
vt 0.456419 0.659157
vt 0.169297 0.008684
vt 0.433087 0.655621
vt 0.451479 0.439571
vt 0.441280 0.423075
vt 0.270858 0.008533
vt 0.516799 0.704298
vt 0.453262 0.619525
vt 0.419215 0.542208
vt 0.407112 0.527729
vt 0.074397 0.058577
vt 0.391698 0.556582
vt 0.084287 0.049971
vt 0.392896 0.570055
vt 0.406408 0.569113
vt 0.447268 0.610792
vt 0.432197 0.541130
vt 0.433710 0.530535
vt 0.420582 0.529318
vt 0.526727 0.678118
vt 0.021299 0.163205
vt 0.423555 0.433686
vt 0.436500 0.436864
vt 0.021266 0.176000
vt 0.428262 0.421652
vt 0.219758 0.001953
vt 0.471737 0.686341
vt 0.479275 0.674932
vt 0.204311 0.002279
vt 0.459117 0.678373
vt 0.482056 0.410676
vt 0.537954 0.680948
vt 0.522216 0.691363
vt 0.420040 0.566272
vt 0.405454 0.555409
vt 0.483727 0.647867
vt 0.475896 0.656182
vt 0.492635 0.653306
vt 0.513625 0.674005
vt 0.491571 0.680943
vt 0.439264 0.594302
vt 0.429061 0.600465
vt 0.441757 0.600421
vt 0.416771 0.606241
vt 0.432198 0.606992
vt 0.119716 0.027433
vt 0.404288 0.611477
vt 0.127778 0.023587
vt 0.408175 0.619722
vt 0.419989 0.613041
vt 0.445718 0.452600
vt 0.039738 0.099772
vt 0.399752 0.500283
vt 0.046140 0.089988
vt 0.396364 0.512403
vt 0.409701 0.513859
vt 0.546361 0.696564
vt 0.554261 0.671374
vt 0.055163 0.078318
vt 0.393366 0.527768
vt 0.063846 0.068850
vt 0.391899 0.541234
vt 0.405735 0.541388
vt 0.532967 0.693951
vt 0.141504 0.017756
vt 0.415628 0.632693
vt 0.154748 0.012852
vt 0.423689 0.644200
vt 0.434714 0.636274
vt 0.412852 0.501967
vt 0.423131 0.515973
vt 0.461964 0.410056
vt 0.024006 0.190585
vt 0.431110 0.407936
vt 0.445607 0.409199
vt 0.514084 0.661974
vt 0.505094 0.659039
vt 0.499761 0.668708
vt 0.445844 0.491277
vt 0.450335 0.479358
vt 0.434943 0.478565
vt 0.539930 0.668624
vt 0.096162 0.041216
vt 0.395410 0.584997
vt 0.106788 0.034640
vt 0.398778 0.597444
vt 0.411860 0.593125
vt 0.431358 0.562548
vt 0.431215 0.553984
vt 0.419169 0.555708
vt 0.440370 0.505209
vt 0.426144 0.504376
vt 0.436553 0.518438
vt 0.455773 0.465991
vt 0.467378 0.441598
vt 0.474906 0.424936
vt 0.457436 0.423796
vt 0.551874 0.683723
vt 0.282605 0.012345
vt 0.527781 0.706960
vt 0.527970 0.665825
vt 0.435890 0.584463
vt 0.433482 0.575345
vt 0.422417 0.579593
vt 0.022526 0.148546
vt 0.417995 0.447809
vt 0.024718 0.135809
vt 0.413273 0.460504
vt 0.425741 0.463284
vt 0.430941 0.450277
vt 0.440116 0.465663
vt 0.438543 0.617859
vt 0.032774 0.112673
vt 0.404501 0.485283
vt 0.416980 0.488232
vt 0.028858 0.121750
vt 0.407984 0.475207
vt 0.420740 0.476820
vt 0.430253 0.491430
vt 0.460969 0.454691
vt 0.527798 0.553657
vt 0.527798 0.553657
vt 0.511070 0.555037
vt 0.510807 0.557458
vt 0.527950 0.559761
vt 0.527950 0.559761
vt 0.491721 0.553373
vt 0.474552 0.551364
vt 0.474552 0.551364
vt 0.474670 0.557211
vt 0.474670 0.557211
vt 0.491570 0.555803
vt 0.492178 0.551251
vt 0.492631 0.550232
vt 0.477302 0.541733
vt 0.477302 0.541733
vt 0.475528 0.546163
vt 0.475528 0.546163
vt 0.449692 0.539590
vt 0.521642 0.574553
vt 0.521642 0.574553
vt 0.508746 0.562157
vt 0.507334 0.563890
vt 0.517523 0.578136
vt 0.517523 0.578136
vt 0.510241 0.559528
vt 0.509731 0.560358
vt 0.524558 0.570618
vt 0.524558 0.570618
vt 0.526888 0.565177
vt 0.526888 0.565177
vt 0.449513 0.556528
vt 0.475648 0.562486
vt 0.475648 0.562486
vt 0.477677 0.567318
vt 0.477677 0.567318
vt 0.492816 0.559108
vt 0.492427 0.557942
vt 0.450662 0.566247
vt 0.509646 0.581846
vt 0.509646 0.581846
vt 0.513170 0.580685
vt 0.513170 0.580685
vt 0.505453 0.564631
vt 0.505102 0.564758
vt 0.484954 0.575923
vt 0.484954 0.575923
vt 0.495447 0.563203
vt 0.493935 0.561142
vt 0.480699 0.571790
vt 0.480699 0.571790
vt 0.498495 0.564748
vt 0.497431 0.564344
vt 0.489357 0.579018
vt 0.489357 0.579018
vt 0.493540 0.580888
vt 0.493540 0.580888
vt 0.550520 0.530174
vt 0.541782 0.562981
vt 0.472225 0.612806
vt 0.504499 0.582584
vt 0.504499 0.582584
vt 0.503059 0.565111
vt 0.500677 0.565138
vt 0.498671 0.582243
vt 0.498671 0.582243
vt 0.456281 0.587531
vt 0.552797 0.524805
vt 0.509963 0.551788
vt 0.510285 0.552887
vt 0.526798 0.548194
vt 0.526798 0.548194
vt 0.525033 0.543853
vt 0.525033 0.543853
vt 0.533291 0.492692
vt 0.495538 0.547055
vt 0.483962 0.533318
vt 0.483962 0.533318
vt 0.480042 0.537353
vt 0.480042 0.537353
vt 0.493854 0.548550
vt 0.496750 0.632344
vt 0.518005 0.534801
vt 0.518005 0.534801
vt 0.507064 0.548131
vt 0.509005 0.549717
vt 0.522074 0.539310
vt 0.522074 0.539310
vt 0.548538 0.649448
vt 0.492454 0.528753
vt 0.492454 0.528753
vt 0.488157 0.530501
vt 0.488157 0.530501
vt 0.497269 0.546021
vt 0.497927 0.545821
vt 0.508588 0.529283
vt 0.508588 0.529283
vt 0.505129 0.546984
vt 0.531833 0.494695
vt 0.513521 0.531526
vt 0.513521 0.531526
vt 0.502196 0.545693
vt 0.503295 0.528034
vt 0.503295 0.528034
vt 0.497489 0.527947
vt 0.497489 0.527947
vt 0.499894 0.545243
vt 0.542404 0.507918
vt 0.542404 0.507918
vt 0.504239 0.546453
vt 0.453530 0.522073
vt 0.552080 0.482842
vt 0.552080 0.482842
vt 0.534814 0.484979
vt 0.535167 0.487566
vt 0.552073 0.489080
vt 0.552073 0.489080
vt 0.551020 0.477712
vt 0.551020 0.477712
vt 0.549175 0.473193
vt 0.549175 0.473193
vt 0.534132 0.482552
vt 0.534223 0.482834
vt 0.516575 0.488616
vt 0.530291 0.496023
vt 0.529177 0.496616
vt 0.534460 0.512200
vt 0.534460 0.512200
vt 0.538262 0.510628
vt 0.538262 0.510628
vt 0.517079 0.489970
vt 0.533087 0.480590
vt 0.546311 0.468706
vt 0.546311 0.468706
vt 0.541896 0.464216
vt 0.541896 0.464216
vt 0.531572 0.478320
vt 0.534539 0.489669
vt 0.534263 0.490792
vt 0.549342 0.499256
vt 0.549342 0.499256
vt 0.551267 0.494230
vt 0.551267 0.494230
vt 0.509131 0.506382
vt 0.509131 0.506382
vt 0.519769 0.494062
vt 0.518175 0.491901
vt 0.504828 0.502062
vt 0.504828 0.502062
vt 0.513347 0.509473
vt 0.513347 0.509473
vt 0.518995 0.511972
vt 0.518995 0.511972
vt 0.522935 0.496071
vt 0.521657 0.495185
vt 0.546616 0.503632
vt 0.546616 0.503632
vt 0.520022 0.477618
vt 0.508303 0.463228
vt 0.508303 0.463228
vt 0.504288 0.467582
vt 0.504288 0.467582
vt 0.518321 0.479088
vt 0.517314 0.458230
vt 0.517314 0.458230
vt 0.512401 0.460355
vt 0.512401 0.460355
vt 0.521616 0.476661
vt 0.522302 0.476485
vt 0.524056 0.475996
vt 0.516654 0.481941
vt 0.517179 0.480691
vt 0.501708 0.471952
vt 0.501708 0.471952
vt 0.499647 0.477446
vt 0.499647 0.477446
vt 0.481174 0.457916
vt 0.527924 0.457567
vt 0.527924 0.457567
vt 0.470018 0.476443
vt 0.573907 0.462890
vt 0.573969 0.463101
vt 0.567540 0.463903
vt 0.567540 0.463691
vt 0.572797 0.551278
vt 0.572797 0.551278
vt 0.609722 0.498706
vt 0.609722 0.498706
vt 0.595880 0.498127
vt 0.595880 0.498127
vt 0.598549 0.512363
vt 0.598549 0.512363
vt 0.560220 0.393452
vt 0.560226 0.393246
vt 0.573538 0.395027
vt 0.573624 0.394840
vt 0.556663 0.516084
vt 0.594439 0.411317
vt 0.594626 0.411232
vt 0.598744 0.422803
vt 0.598952 0.422778
vt 0.597555 0.435987
vt 0.597746 0.436044
vt 0.592258 0.447506
vt 0.592420 0.447630
vt 0.587152 0.456883
vt 0.587270 0.457071
vt 0.570849 0.438061
vt 0.570122 0.438262
vt 0.571223 0.449187
vt 0.571223 0.449187
vt 0.575027 0.448072
vt 0.575027 0.448072
vt 0.566901 0.438439
vt 0.577713 0.432158
vt 0.577250 0.432969
vt 0.585348 0.438884
vt 0.585348 0.438884
vt 0.586945 0.435524
vt 0.586945 0.435524
vt 0.565822 0.449453
vt 0.565822 0.449453
vt 0.566629 0.413760
vt 0.566386 0.404083
vt 0.566386 0.404083
vt 0.562738 0.403812
vt 0.562738 0.403812
vt 0.564551 0.413573
vt 0.582046 0.443138
vt 0.582046 0.443138
vt 0.572018 0.405517
vt 0.572018 0.405517
vt 0.570196 0.414897
vt 0.571174 0.415403
vt 0.576031 0.407406
vt 0.576031 0.407406
vt 0.553707 0.420446
vt 0.554170 0.419263
vt 0.543389 0.415223
vt 0.543389 0.415223
vt 0.542582 0.417135
vt 0.542582 0.417135
vt 0.562340 0.448945
vt 0.562340 0.448945
vt 0.546859 0.438926
vt 0.546859 0.438926
vt 0.560459 0.413918
vt 0.561042 0.413741
vt 0.557162 0.404532
vt 0.557162 0.404532
vt 0.553802 0.405581
vt 0.553802 0.405581
vt 0.554111 0.445454
vt 0.554111 0.445454
vt 0.556971 0.446994
vt 0.556971 0.446994
vt 0.561725 0.436972
vt 0.561090 0.436596
vt 0.558180 0.434378
vt 0.549434 0.441725
vt 0.549434 0.441725
vt 0.578845 0.428815
vt 0.588204 0.430180
vt 0.588204 0.430180
vt 0.588349 0.426722
vt 0.588349 0.426722
vt 0.579052 0.426749
vt 0.579534 0.445417
vt 0.579534 0.445417
vt 0.575359 0.435739
vt 0.577861 0.422190
vt 0.578203 0.423203
vt 0.587562 0.421283
vt 0.587562 0.421283
vt 0.586324 0.418185
vt 0.586324 0.418185
vt 0.573844 0.436858
vt 0.576054 0.418906
vt 0.583173 0.413503
vt 0.583173 0.413503
vt 0.580655 0.410858
vt 0.580655 0.410858
vt 0.574448 0.417405
vt 0.556749 0.432807
vt 0.552959 0.423674
vt 0.541613 0.422529
vt 0.541613 0.422529
vt 0.541639 0.426058
vt 0.541639 0.426058
vt 0.553139 0.425642
vt 0.565008 0.438088
vt 0.554593 0.429846
vt 0.554233 0.429017
vt 0.542758 0.431588
vt 0.542758 0.431588
vt 0.543767 0.433955
vt 0.543767 0.433955
vt 0.546453 0.410699
vt 0.546453 0.410699
vt 0.556101 0.416687
vt 0.557490 0.415449
vt 0.548994 0.408394
vt 0.548994 0.408394
vt 0.622686 0.466600
vt 0.621861 0.466292
vt 0.613791 0.479227
vt 0.613791 0.479227
vt 0.618015 0.480683
vt 0.618015 0.480683
vt 0.619212 0.451656
vt 0.609667 0.441175
vt 0.609667 0.441175
vt 0.606342 0.444247
vt 0.606342 0.444247
vt 0.617936 0.453202
vt 0.637787 0.443333
vt 0.637787 0.443333
vt 0.603889 0.447881
vt 0.603889 0.447881
vt 0.602542 0.451343
vt 0.602542 0.451343
vt 0.616676 0.455783
vt 0.616985 0.454898
vt 0.623221 0.449454
vt 0.632369 0.453317
vt 0.620699 0.450387
vt 0.627156 0.482122
vt 0.627156 0.482122
vt 0.626152 0.467651
vt 0.624367 0.467311
vt 0.622504 0.481831
vt 0.622504 0.481831
vt 0.617186 0.437659
vt 0.617186 0.437659
vt 0.613379 0.439027
vt 0.613379 0.439027
vt 0.626164 0.437508
vt 0.626164 0.437508
vt 0.616490 0.457712
vt 0.601666 0.455748
vt 0.601666 0.455748
vt 0.601729 0.460479
vt 0.601729 0.460479
vt 0.616685 0.459700
vt 0.641143 0.446775
vt 0.641143 0.446775
vt 0.621281 0.450043
vt 0.621532 0.437108
vt 0.621532 0.437108
vt 0.625430 0.449250
vt 0.629481 0.467116
vt 0.627907 0.467571
vt 0.631511 0.481535
vt 0.631511 0.481535
vt 0.635498 0.480121
vt 0.635498 0.480121
vt 0.645049 0.454250
vt 0.645049 0.454250
vt 0.643630 0.450695
vt 0.643630 0.450695
vt 0.633517 0.455433
vt 0.633817 0.456363
vt 0.630817 0.451271
vt 0.609353 0.477252
vt 0.609353 0.477252
vt 0.620284 0.465307
vt 0.618812 0.463979
vt 0.606062 0.473840
vt 0.606062 0.473840
vt 0.634122 0.440580
vt 0.634122 0.440580
vt 0.630508 0.438812
vt 0.630508 0.438812
vt 0.627610 0.449541
vt 0.628805 0.450026
vt 0.646068 0.458648
vt 0.646068 0.458648
vt 0.634132 0.458643
vt 0.634087 0.460986
vt 0.646248 0.463342
vt 0.646248 0.463342
vt 0.633739 0.463037
vt 0.633556 0.463522
vt 0.644178 0.471108
vt 0.644178 0.471108
vt 0.645482 0.467721
vt 0.645482 0.467721
vt 0.602733 0.464932
vt 0.602733 0.464932
vt 0.604317 0.468670
vt 0.604317 0.468670
vt 0.617645 0.462483
vt 0.617207 0.461563
vt 0.632438 0.465053
vt 0.631044 0.466264
vt 0.639015 0.477862
vt 0.639015 0.477862
vt 0.642006 0.474749
vt 0.642006 0.474749
vt 0.685902 0.488819
vt 0.430115 0.251375
vt 0.696443 0.487430
vt 0.430311 0.226536
vt 0.702798 0.512621
vt 0.691501 0.512941
vt 0.428621 0.205722
vt 0.706195 0.534162
vt 0.681732 0.514014
vt 0.694340 0.534658
vt 0.672426 0.515780
vt 0.675449 0.535392
vt 0.684334 0.534864
vt 0.661781 0.513952
vt 0.667022 0.492360
vt 0.676553 0.490339
vt 0.424032 0.181291
vt 0.706864 0.559599
vt 0.694518 0.559272
vt 0.676089 0.561797
vt 0.684569 0.560252
vt 0.672725 0.535243
vt 0.641298 0.517690
vt 0.641298 0.517690
vt 0.633071 0.509239
vt 0.633071 0.509239
vt 0.625762 0.521609
vt 0.625762 0.521609
vt 0.592118 0.547226
vt 0.602098 0.537877
vt 0.604132 0.537668
vt 0.606154 0.516184
vt 0.606154 0.516184
vt 0.606658 0.581725
vt 0.606658 0.581725
vt 0.600134 0.585018
vt 0.600134 0.585018
vt 0.635530 0.546320
vt 0.635530 0.546320
vt 0.638911 0.554077
vt 0.638911 0.554077
vt 0.612102 0.541504
vt 0.627673 0.528881
vt 0.627673 0.528881
vt 0.610405 0.539979
vt 0.652195 0.555483
vt 0.652195 0.555483
vt 0.583781 0.573515
vt 0.583781 0.573515
vt 0.576696 0.570586
vt 0.576696 0.570586
vt 0.592916 0.542907
vt 0.638738 0.545780
vt 0.638738 0.545780
vt 0.557594 0.542166
vt 0.557594 0.542166
vt 0.557628 0.553688
vt 0.557628 0.553688
vt 0.569419 0.552021
vt 0.569419 0.552021
vt 0.598358 0.597918
vt 0.598358 0.597918
vt 0.609606 0.598437
vt 0.609606 0.598437
vt 0.607659 0.585365
vt 0.607659 0.585365
vt 0.635163 0.588852
vt 0.635163 0.588852
vt 0.643295 0.580506
vt 0.643295 0.580506
vt 0.631742 0.572898
vt 0.631742 0.572898
vt 0.592757 0.517465
vt 0.592757 0.517465
vt 0.598418 0.538313
vt 0.599607 0.537860
vt 0.573170 0.531520
vt 0.573170 0.531520
vt 0.574602 0.536243
vt 0.574602 0.536243
vt 0.592269 0.544367
vt 0.605388 0.561226
vt 0.603457 0.561179
vt 0.600402 0.581452
vt 0.600402 0.581452
vt 0.575607 0.533690
vt 0.575607 0.533690
vt 0.630898 0.527085
vt 0.630898 0.527085
vt 0.622855 0.523957
vt 0.622855 0.523957
vt 0.570757 0.559164
vt 0.570757 0.559164
vt 0.575566 0.562393
vt 0.575566 0.562393
vt 0.651581 0.542657
vt 0.651581 0.542657
vt 0.611308 0.558090
vt 0.625203 0.574839
vt 0.625203 0.574839
vt 0.612626 0.557133
vt 0.595653 0.556737
vt 0.579468 0.568875
vt 0.579468 0.568875
vt 0.597174 0.558310
vt 0.579359 0.527451
vt 0.579359 0.527451
vt 0.581476 0.519997
vt 0.581476 0.519997
vt 0.626971 0.577696
vt 0.626971 0.577696
vt 0.628855 0.571033
vt 0.628855 0.571033
vt 0.615314 0.550801
vt 0.635640 0.553175
vt 0.635640 0.553175
vt 0.614862 0.548507
vt 0.634163 0.560555
vt 0.634163 0.560555
vt 0.635494 0.566781
vt 0.635494 0.566781
vt 0.614027 0.580610
vt 0.614027 0.580610
vt 0.609455 0.559814
vt 0.607825 0.560538
vt 0.591985 0.513703
vt 0.591985 0.513703
vt 0.589679 0.518708
vt 0.589679 0.518708
vt 0.592498 0.549926
vt 0.616755 0.519606
vt 0.616755 0.519606
vt 0.606637 0.538028
vt 0.608064 0.538702
vt 0.567173 0.578342
vt 0.567173 0.578342
vt 0.575122 0.587144
vt 0.575122 0.587144
vt 0.581970 0.576526
vt 0.581970 0.576526
vt 0.587700 0.580752
vt 0.587700 0.580752
vt 0.593190 0.579553
vt 0.593190 0.579553
vt 0.619990 0.517440
vt 0.619990 0.517440
vt 0.613205 0.518025
vt 0.613205 0.518025
vt 0.633430 0.538981
vt 0.633430 0.538981
vt 0.613843 0.543705
vt 0.614780 0.545684
vt 0.600890 0.560576
vt 0.599505 0.559791
vt 0.589805 0.577967
vt 0.589805 0.577967
vt 0.615348 0.553515
vt 0.614409 0.555290
vt 0.632706 0.564685
vt 0.632706 0.564685
vt 0.599667 0.515891
vt 0.599667 0.515891
vt 0.594026 0.554362
vt 0.593445 0.552724
vt 0.574159 0.558745
vt 0.574159 0.558745
vt 0.649886 0.535128
vt 0.649886 0.535128
vt 0.644952 0.524001
vt 0.644952 0.524001
vt 0.634842 0.533191
vt 0.634842 0.533191
vt 0.647082 0.574095
vt 0.647082 0.574095
vt 0.650749 0.563081
vt 0.650749 0.563081
vt 0.637634 0.561240
vt 0.637634 0.561240
vt 0.572903 0.543501
vt 0.572903 0.543501
vt 0.617005 0.597192
vt 0.617005 0.597192
vt 0.626894 0.593560
vt 0.626894 0.593560
vt 0.620656 0.581807
vt 0.620656 0.581807
vt 0.580953 0.591443
vt 0.580953 0.591443
vt 0.591214 0.596209
vt 0.591214 0.596209
vt 0.593208 0.583328
vt 0.593208 0.583328
vt 0.607065 0.512726
vt 0.607065 0.512726
vt 0.596164 0.539373
vt 0.583833 0.522743
vt 0.583833 0.522743
vt 0.594553 0.540787
vt 0.586992 0.516066
vt 0.586992 0.516066
vt 0.589003 0.499608
vt 0.589003 0.499608
vt 0.579256 0.504379
vt 0.579256 0.504379
vt 0.637029 0.538618
vt 0.637029 0.538618
vt 0.631849 0.535255
vt 0.631849 0.535255
vt 0.626292 0.505046
vt 0.626292 0.505046
vt 0.616893 0.500576
vt 0.616893 0.500576
vt 0.613857 0.514478
vt 0.613857 0.514478
vt 0.559069 0.561316
vt 0.559069 0.561316
vt 0.563068 0.571810
vt 0.563068 0.571810
vt 0.572841 0.564353
vt 0.572841 0.564353
vt 0.597959 0.396095
vt 0.564423 0.388040
vt 0.535039 0.393850
vt 0.624199 0.429614
vt 0.522221 0.419325
vt 0.583514 0.487053
vt 0.613829 0.434919
vt 0.609459 0.437247
vt 0.604589 0.441386
vt 0.601483 0.445276
vt 0.599427 0.450200
vt 0.636400 0.435471
vt 0.624374 0.427080
vt 0.645167 0.434712
vt 0.656101 0.447043
vt 0.646555 0.425405
vt 0.629396 0.425431
vt 0.609562 0.421824
vt 0.657999 0.501596
vt 0.659782 0.499771
vt 0.597917 0.452457
vt 0.593623 0.458732
vt 0.592365 0.460406
vt 0.598037 0.474671
vt 0.628863 0.493965
vt 0.604215 0.477888
vt 0.625410 0.492547
vt 0.596835 0.476311
vt 0.588661 0.458789
vt 0.590956 0.458158
vt 0.631997 0.491177
vt 0.651612 0.458771
vt 0.651962 0.460203
vt 0.652712 0.462578
vt 0.652652 0.468055
vt 0.652148 0.482661
vt 0.650516 0.485090
vt 0.645870 0.486362
vt 0.643436 0.487248
vt 0.641153 0.488936
vt 0.637838 0.489123
vt 0.633932 0.490403
vt 0.660266 0.480934
vt 0.637520 0.505754
vt 0.645188 0.507353
vt 0.652001 0.508782
vt 0.661987 0.523417
vt 0.665642 0.536298
vt 0.472453 0.500253
vt 0.619643 0.494221
vt 0.666658 0.549187
vt 0.666974 0.561955
vt 0.659911 0.580425
vt 0.655375 0.589774
vt 0.655677 0.591690
vt 0.620332 0.612225
vt 0.594291 0.619759
vt 0.571810 0.614358
vt 0.555425 0.604583
vt 0.634196 0.600551
vt 0.606261 0.491159
vt 0.581989 0.460291
vt 0.582086 0.460487
vt 0.564048 0.501790
vt 0.567576 0.495494
vt 0.494703 0.594654
vt 0.515877 0.592322
vt 0.499163 0.591725
vt 0.515537 0.591100
vt 0.532362 0.574939
vt 0.534569 0.572472
vt 0.487052 0.588077
vt 0.473104 0.576709
vt 0.464443 0.563834
vt 0.479313 0.581769
vt 0.469202 0.570909
vt 0.458885 0.554700
vt 0.542354 0.526156
vt 0.528326 0.417863
vt 0.534881 0.407866
vt 0.548969 0.391096
vt 0.530796 0.430225
vt 0.556594 0.469459
vt 0.558786 0.472752
vt 0.568453 0.487000
vt 0.567723 0.490005
vt 0.567114 0.491000
vt 0.565257 0.494373
vt 0.562258 0.500082
vt 0.559166 0.506448
vt 0.557419 0.510117
vt 0.540306 0.521494
vt 0.519164 0.524856
vt 0.514764 0.521880
vt 0.509858 0.518666
vt 0.505282 0.515844
vt 0.500766 0.512769
vt 0.498374 0.509663
vt 0.491773 0.502204
vt 0.481695 0.491251
vt 0.477181 0.485586
vt 0.478317 0.480435
vt 0.528952 0.430606
vt 0.528372 0.433360
vt 0.527215 0.432833
vt 0.525589 0.431758
vt 0.523872 0.430397
vt 0.518696 0.441123
vt 0.515112 0.439689
vt 0.512356 0.438597
vt 0.495576 0.451429
vt 0.494826 0.452288
vt 0.493700 0.453213
vt 0.487881 0.459229
vt 0.486937 0.460326
vt 0.484508 0.466852
vt 0.483686 0.468210
vt 0.480095 0.475015
vt 0.482479 0.516088
vt 0.500413 0.521092
vt 0.505886 0.521823
vt 0.510801 0.523894
vt 0.515452 0.526850
vt 0.523449 0.528925
vt 0.532932 0.531000
vt 0.536720 0.531912
vt 0.540027 0.534692
vt 0.540345 0.551360
vt 0.539403 0.562427
vt 0.536403 0.567408
vt 0.532043 0.573221
vt 0.530439 0.574869
vt 0.522605 0.582146
vt 0.508195 0.589470
vt 0.500877 0.590109
vt 0.500020 0.590257
vt 0.490097 0.586505
vt 0.478352 0.579314
vt 0.474590 0.576920
vt 0.472606 0.574023
vt 0.468349 0.567846
vt 0.463297 0.560058
vt 0.458298 0.550333
vt 0.458214 0.542902
vt 0.459054 0.534073
vt 0.459468 0.528576
vt 0.460244 0.527626
vt 0.462684 0.520585
vt 0.467392 0.515118
vt 0.469226 0.514413
vt 0.454908 0.321093
vt 0.086762 0.279223
vt 0.086218 0.263437
vt 0.086218 0.263437
vt 0.077371 0.259578
vt 0.077371 0.259578
vt 0.067553 0.258944
vt 0.067553 0.258944
vt 0.054636 0.262998
vt 0.054636 0.262998
vt 0.045213 0.265752
vt 0.427423 0.340913
vt 0.045213 0.265752
vt 0.427423 0.340913
vt 0.438474 0.337487
vt 0.438474 0.337487
vt 0.450036 0.333399
vt 0.450036 0.333399
vt 0.458934 0.327819
vt 0.458934 0.327819
vt 0.463131 0.323678
vt 0.463131 0.323678
vt 0.468277 0.314819
vt 0.468277 0.314819
vt 0.470371 0.306015
vt 0.470371 0.306015
vt 0.470257 0.298985
vt 0.470257 0.298985
vt 0.468320 0.290725
vt 0.468320 0.290725
vt 0.465723 0.285715
vt 0.465723 0.285715
vt 0.459572 0.278081
vt 0.459572 0.278081
vt 0.457459 0.276401
vt 0.457459 0.276401
vt 0.449159 0.271965
vt 0.449159 0.271965
vt 0.042030 0.342044
vt 0.443944 0.270375
vt 0.042030 0.342044
vt 0.443944 0.270375
vt 0.051330 0.340354
vt 0.051330 0.340354
vt 0.064015 0.336981
vt 0.064015 0.336981
vt 0.076181 0.333296
vt 0.076181 0.333296
vt 0.088358 0.328645
vt 0.088358 0.328645
vt 0.098086 0.323111
vt 0.098086 0.323111
vt 0.105915 0.315349
vt 0.105915 0.315349
vt 0.109599 0.308340
vt 0.109599 0.308340
vt 0.110557 0.299876
vt 0.110557 0.299876
vt 0.109439 0.291593
vt 0.109439 0.291593
vt 0.105394 0.283847
vt 0.105394 0.283847
vt 0.098481 0.274143
vt 0.098481 0.274143
vt 0.092438 0.268080
vt 0.092438 0.268080
vt 0.164341 0.340285
vt 0.202203 0.349551
vt 0.240447 0.361773
vt 0.283025 0.377191
vt 0.311129 0.387420
vt 0.344287 0.401700
vt 0.700367 0.320205
vt 0.674204 0.319350
vt 0.645134 0.318040
vt 0.614092 0.315780
vt 0.580753 0.312706
vt 0.547680 0.309353
vt 0.505110 0.298647
vt 0.166228 0.332734
vt 0.204641 0.342059
vt 0.242740 0.353472
vt 0.286400 0.369022
vt 0.315158 0.379048
vt 0.348331 0.393529
vt 0.699403 0.328797
vt 0.673693 0.328161
vt 0.644404 0.327031
vt 0.613332 0.324465
vt 0.579281 0.321408
vt 0.545768 0.317938
vt 0.504090 0.307958
vt 0.168115 0.325182
vt 0.207080 0.334566
vt 0.245034 0.345171
vt 0.289776 0.360852
vt 0.319188 0.370677
vt 0.352376 0.385357
vt 0.698440 0.337389
vt 0.673183 0.336971
vt 0.643673 0.336021
vt 0.612573 0.333151
vt 0.577808 0.330111
vt 0.543856 0.326523
vt 0.503069 0.317269
vt 0.137476 0.307698
vt 0.170002 0.317631
vt 0.209518 0.327074
vt 0.247327 0.336870
vt 0.293151 0.352683
vt 0.323217 0.362306
vt 0.356420 0.377186
vt 0.697476 0.345981
vt 0.672672 0.345781
vt 0.642943 0.345011
vt 0.611813 0.341836
vt 0.576336 0.338814
vt 0.541944 0.335109
vt 0.502049 0.326579
vt 0.135533 0.315845
vt 0.133108 0.326017
vt 0.974657 0.820637
vt 0.974657 0.820637
vt 0.975699 0.831425
vt 0.975699 0.831425
vt 0.962595 0.828599
vt 0.966774 0.813758
vt 0.966774 0.813758
vt 0.974588 0.843264
vt 0.974588 0.843264
vt 0.960277 0.841886
vt 0.973732 0.855262
vt 0.973732 0.855262
vt 0.959338 0.854929
vt 0.973029 0.868145
vt 0.973029 0.868145
vt 0.958639 0.869199
vt 0.967548 0.879155
vt 0.967548 0.879155
vt 0.957173 0.884681
vt 0.957173 0.884681
vt 0.935817 0.823257
vt 0.159878 0.796536
vt 0.159878 0.796536
vt 0.934185 0.838321
vt 0.932880 0.853431
vt 0.931440 0.869134
vt 0.064667 0.890016
vt 0.064667 0.890016
vt 0.911864 0.821145
vt 0.284773 0.799835
vt 0.284773 0.799835
vt 0.910587 0.836398
vt 0.909325 0.852411
vt 0.907097 0.868679
vt 0.323053 0.889060
vt 0.323053 0.889060
vt 0.882253 0.819167
vt 0.869668 0.971480
vt 0.870657 0.787433
vt 0.882140 0.834887
vt 0.880926 0.851135
vt 0.878288 0.869009
vt 0.158374 0.881584
vt 0.158374 0.881584
vt 0.848436 0.818767
vt 0.306093 0.889042
vt 0.306093 0.889042
vt 0.849165 0.834512
vt 0.848240 0.850222
vt 0.844389 0.868974
vt 0.082385 0.891186
vt 0.082385 0.891186
vt 0.811623 0.818902
vt 0.311770 0.801129
vt 0.311770 0.801129
vt 0.812092 0.834535
vt 0.811769 0.850191
vt 0.809380 0.868910
vt 0.175577 0.882735
vt 0.175577 0.882735
vt 0.772652 0.818997
vt 0.100268 0.892289
vt 0.100268 0.892289
vt 0.772478 0.834654
vt 0.772347 0.850317
vt 0.771708 0.868663
vt 0.327871 0.801290
vt 0.327871 0.801290
vt 0.736667 0.819403
vt 0.360892 0.889526
vt 0.360892 0.889526
vt 0.737404 0.835867
vt 0.736934 0.851063
vt 0.735183 0.869480
vt 0.268239 0.799327
vt 0.268239 0.799327
vt 0.695221 0.819827
vt 0.146621 0.796212
vt 0.146621 0.796212
vt 0.695905 0.835862
vt 0.696169 0.852131
vt 0.696502 0.870945
vt 0.343822 0.889791
vt 0.343822 0.889791
vt 0.661083 0.819857
vt 0.160908 0.780831
vt 0.149472 0.974161
vt 0.662176 0.836512
vt 0.661784 0.852974
vt 0.660662 0.872398
vt 0.348760 0.801052
vt 0.348760 0.801052
vt 0.592929 0.819876
vt 0.130416 0.796206
vt 0.130416 0.796206
vt 0.592872 0.836872
vt 0.592522 0.854162
vt 0.590621 0.874019
vt 0.682966 0.977199
vt 0.683995 0.787688
vt 0.559135 0.819272
vt 0.365174 0.801142
vt 0.365174 0.801142
vt 0.558917 0.836852
vt 0.557824 0.853722
vt 0.556342 0.872564
vt 0.422638 0.889591
vt 0.422638 0.889591
vt 0.493551 0.818992
vt 0.488288 0.905238
vt 0.488288 0.905238
vt 0.493025 0.835424
vt 0.492571 0.851250
vt 0.490623 0.870779
vt 0.131164 0.880309
vt 0.131164 0.880309
vt 0.453694 0.817855
vt 0.405510 0.889780
vt 0.405510 0.889780
vt 0.453439 0.834528
vt 0.453097 0.851581
vt 0.452025 0.870117
vt 0.513583 0.905193
vt 0.513583 0.905193
vt 0.419267 0.816272
vt 0.410705 0.802248
vt 0.410705 0.802248
vt 0.418956 0.833724
vt 0.417623 0.851350
vt 0.415832 0.870645
vt 0.148261 0.881016
vt 0.148261 0.881016
vt 0.356482 0.815381
vt 0.539236 0.905486
vt 0.539236 0.905486
vt 0.355077 0.831598
vt 0.354007 0.850365
vt 0.353201 0.871322
vt 0.427242 0.802601
vt 0.427242 0.802601
vt 0.319941 0.813101
vt 0.459908 0.889776
vt 0.459908 0.889776
vt 0.319707 0.830663
vt 0.318219 0.849577
vt 0.315987 0.869655
vt 0.763016 0.974632
vt 0.763383 0.786672
vt 0.277876 0.812990
vt 0.116489 0.796238
vt 0.116489 0.796238
vt 0.278008 0.829650
vt 0.276592 0.847878
vt 0.274218 0.868425
vt 0.442950 0.889928
vt 0.442950 0.889928
vt 0.242609 0.811346
vt 0.571989 0.905238
vt 0.571989 0.905238
vt 0.242557 0.828736
vt 0.241428 0.846164
vt 0.237956 0.866704
vt 0.444385 0.802798
vt 0.444385 0.802798
vt 0.203994 0.810633
vt 0.100178 0.796201
vt 0.100178 0.796201
vt 0.204276 0.827920
vt 0.203349 0.844107
vt 0.201715 0.863918
vt 0.626933 0.979320
vt 0.628642 0.788714
vt 0.460914 0.802716
vt 0.460914 0.802716
vt 0.625138 0.819644
vt 0.626298 0.836603
vt 0.625932 0.854362
vt 0.623288 0.873357
vt 0.497210 0.889477
vt 0.497210 0.889477
vt 0.169814 0.810638
vt 0.604717 0.904735
vt 0.604717 0.904735
vt 0.170714 0.826781
vt 0.169911 0.842671
vt 0.168870 0.862394
vt 0.100282 0.879242
vt 0.100282 0.879242
vt 0.139725 0.809463
vt 0.480341 0.889664
vt 0.480341 0.889664
vt 0.140244 0.826180
vt 0.140203 0.842193
vt 0.140656 0.860127
vt 0.612723 0.889111
vt 0.612723 0.889111
vt 0.109333 0.809624
vt 0.484763 0.802564
vt 0.484763 0.802564
vt 0.110824 0.825784
vt 0.111722 0.842838
vt 0.111424 0.860055
vt 0.119358 0.879828
vt 0.119358 0.879828
vt 0.078674 0.810107
vt 0.630258 0.904351
vt 0.630258 0.904351
vt 0.081882 0.826086
vt 0.085102 0.843396
vt 0.087419 0.860384
vt 0.501290 0.802470
vt 0.501290 0.802470
vt 0.053575 0.811795
vt 0.562326 0.889188
vt 0.562326 0.889188
vt 0.058639 0.828025
vt 0.063495 0.845156
vt 0.067518 0.862100
vt 0.649176 0.903521
vt 0.649176 0.903521
vt 0.028617 0.814533
vt 0.007437 0.925608
vt 0.020649 0.797144
vt 0.001953 0.943775
vt 0.020649 0.797144
vt 0.035805 0.831567
vt 0.015787 0.909660
vt 0.042386 0.846998
vt 0.025770 0.897532
vt 0.049282 0.864752
vt 0.039408 0.886309
vt 0.055341 0.880129
vt 0.055341 0.880129
vt 0.055341 0.880129
vt 0.083407 0.795850
vt 0.083407 0.795850
vt 0.528957 0.818598
vt 0.529180 0.836041
vt 0.528339 0.852233
vt 0.526203 0.872086
vt 0.545128 0.889537
vt 0.545128 0.889537
vt 0.667919 0.903188
vt 0.667919 0.903188
vt 0.382605 0.815362
vt 0.381733 0.832172
vt 0.380320 0.850952
vt 0.379195 0.870511
vt 0.550816 0.803459
vt 0.550816 0.803459
vt 0.818177 0.973103
vt 0.818543 0.786703
vt 0.011599 0.949060
vt 0.011599 0.949060
vt 0.016352 0.787118
vt 0.701837 0.902953
vt 0.701837 0.902953
vt 0.567344 0.803506
vt 0.567344 0.803506
vt 0.596734 0.888827
vt 0.596734 0.888827
vt 0.683145 0.902957
vt 0.683145 0.902957
vt 0.066812 0.796249
vt 0.066812 0.796249
vt 0.579580 0.889035
vt 0.579580 0.889035
vt 0.741187 0.902641
vt 0.741187 0.902641
vt 0.582889 0.803203
vt 0.582889 0.803203
vt 0.853859 0.972341
vt 0.854506 0.787368
vt 0.722871 0.902758
vt 0.722871 0.902758
vt 0.599644 0.802824
vt 0.599644 0.802824
vt 0.667064 0.887987
vt 0.667064 0.887987
vt 0.780506 0.901867
vt 0.780506 0.901867
vt 0.836187 0.972889
vt 0.836597 0.786804
vt 0.649953 0.888290
vt 0.649953 0.888290
vt 0.762340 0.902131
vt 0.762340 0.902131
vt 0.651678 0.802293
vt 0.651678 0.802293
vt 0.056775 0.796266
vt 0.056775 0.796266
vt 0.798702 0.901549
vt 0.798702 0.901549
vt 0.668021 0.802086
vt 0.668021 0.802086
vt 0.704486 0.887953
vt 0.704486 0.887953
vt 0.816621 0.901349
vt 0.816621 0.901349
vt 0.039504 0.796681
vt 0.039504 0.796681
vt 0.687044 0.888395
vt 0.687044 0.888395
vt 0.849249 0.901037
vt 0.849249 0.901037
vt 0.686398 0.801771
vt 0.686398 0.801771
vt 0.967895 0.961290
vt 0.974704 0.802519
vt 0.976891 0.955309
vt 0.985672 0.811250
vt 0.981108 0.943911
vt 0.994298 0.825010
vt 0.979806 0.930394
vt 0.998047 0.842245
vt 0.997438 0.858273
vt 0.977456 0.917789
vt 0.992337 0.875552
vt 0.974665 0.903235
vt 0.968419 0.896421
vt 0.986856 0.885267
vt 0.968419 0.896421
vt 0.957332 0.897068
vt 0.957332 0.897068
vt 0.063021 0.878992
vt 0.063021 0.878992
vt 0.831502 0.901039
vt 0.831502 0.901039
vt 0.702949 0.801632
vt 0.702949 0.801632
vt 0.741514 0.886899
vt 0.741514 0.886899
vt 0.866366 0.901127
vt 0.866366 0.901127
vt 0.080536 0.878811
vt 0.080536 0.878811
vt 0.724471 0.887440
vt 0.724471 0.887440
vt 0.890364 0.901124
vt 0.890364 0.901124
vt 0.726639 0.801644
vt 0.726639 0.801644
vt 0.536125 0.802786
vt 0.536125 0.802786
vt 0.630594 0.802448
vt 0.630594 0.802448
vt 0.743050 0.801611
vt 0.743050 0.801611
vt 0.779347 0.886472
vt 0.779347 0.886472
vt 0.918161 0.900511
vt 0.918161 0.900511
vt 0.519495 0.802417
vt 0.519495 0.802417
vt 0.762334 0.886883
vt 0.762334 0.886883
vt 0.743093 0.975136
vt 0.743605 0.787178
vt 0.764181 0.801514
vt 0.764181 0.801514
vt 0.514126 0.889847
vt 0.514126 0.889847
vt 0.939381 0.899309
vt 0.939381 0.899309
vt 0.780708 0.801439
vt 0.780708 0.801439
vt 0.815421 0.885951
vt 0.815421 0.885951
vt 0.280252 0.887832
vt 0.280252 0.887832
vt 0.531135 0.889608
vt 0.531135 0.889608
vt 0.798492 0.886393
vt 0.798492 0.886393
vt 0.432700 0.904716
vt 0.432700 0.904716
vt 0.801239 0.801235
vt 0.801239 0.801235
vt 0.056816 0.889255
vt 0.056816 0.889255
vt 0.056816 0.889255
vt 0.946917 0.964227
vt 0.952053 0.795647
vt 0.391534 0.801491
vt 0.391534 0.801491
vt 0.375032 0.801206
vt 0.375032 0.801206
vt 0.460036 0.904622
vt 0.460036 0.904622
vt 0.817912 0.801240
vt 0.817912 0.801240
vt 0.848387 0.885560
vt 0.848387 0.885560
vt 0.649668 0.978788
vt 0.650989 0.788130
vt 0.369589 0.889702
vt 0.369589 0.889702
vt 0.831582 0.885713
vt 0.831582 0.885713
vt 0.397232 0.905117
vt 0.397232 0.905117
vt 0.837030 0.801484
vt 0.837030 0.801484
vt 0.386867 0.889565
vt 0.386867 0.889565
vt 0.538741 0.980925
vt 0.542588 0.789615
vt 0.853916 0.801716
vt 0.853916 0.801716
vt 0.883114 0.885811
vt 0.883114 0.885811
vt 0.364499 0.905137
vt 0.364499 0.905137
vt 0.030624 0.955956
vt 0.035868 0.785199
vt 0.866339 0.885909
vt 0.866339 0.885909
vt 0.924492 0.966667
vt 0.927942 0.791124
vt 0.871993 0.802153
vt 0.871993 0.802153
vt 0.053049 0.961955
vt 0.059723 0.783135
vt 0.340599 0.904833
vt 0.340599 0.904833
vt 0.889303 0.802958
vt 0.889303 0.802958
vt 0.912977 0.885539
vt 0.912977 0.885539
vt 0.311997 0.904698
vt 0.311997 0.904698
vt 0.725576 0.975631
vt 0.726065 0.787063
vt 0.896350 0.885971
vt 0.896350 0.885971
vt 0.629755 0.888884
vt 0.629755 0.888884
vt 0.903251 0.804103
vt 0.903251 0.804103
vt 0.075161 0.966583
vt 0.083174 0.782335
vt 0.800546 0.973499
vt 0.800812 0.786364
vt 0.090308 0.969030
vt 0.099242 0.781612
vt 0.162228 0.896797
vt 0.162228 0.896797
vt 0.700668 0.976418
vt 0.701539 0.787594
vt 0.148479 0.895735
vt 0.148479 0.895735
vt 0.179324 0.976287
vt 0.191492 0.781935
vt 0.249801 0.798796
vt 0.249801 0.798796
vt 0.780656 0.974136
vt 0.781042 0.786783
vt 0.197423 0.977500
vt 0.209661 0.783037
vt 0.280827 0.903796
vt 0.280827 0.903796
vt 0.920569 0.805539
vt 0.920569 0.805539
vt 0.938579 0.884782
vt 0.938579 0.884782
vt 0.245180 0.902250
vt 0.245180 0.902250
vt 0.667269 0.978023
vt 0.668442 0.788183
vt 0.217216 0.978625
vt 0.229397 0.783057
vt 0.921922 0.885340
vt 0.921922 0.885340
vt 0.262271 0.902944
vt 0.262271 0.902944
vt 0.929468 0.806535
vt 0.929468 0.806535
vt 0.235251 0.979532
vt 0.247194 0.783878
vt 0.226202 0.901107
vt 0.226202 0.901107
vt 0.946850 0.809070
vt 0.946850 0.809070
vt 0.233010 0.798371
vt 0.233010 0.798371
vt 0.208239 0.900229
vt 0.208239 0.900229
vt 0.226459 0.885821
vt 0.226459 0.885821
vt 0.253121 0.980484
vt 0.265003 0.784089
vt 0.191722 0.899162
vt 0.191722 0.899162
vt 0.243448 0.886196
vt 0.243448 0.886196
vt 0.210202 0.797697
vt 0.210202 0.797697
vt 0.601990 0.980180
vt 0.604355 0.788963
vt 0.271138 0.980963
vt 0.282753 0.784944
vt 0.193827 0.797411
vt 0.193827 0.797411
vt 0.136218 0.973203
vt 0.147078 0.781209
vt 0.190211 0.884017
vt 0.190211 0.884017
vt 0.309233 0.981209
vt 0.319250 0.785525
vt 0.894841 0.969587
vt 0.896812 0.788308
vt 0.207226 0.884949
vt 0.207226 0.884949
vt 0.176118 0.796866
vt 0.176118 0.796866
vt 0.337232 0.980424
vt 0.346792 0.785884
vt 0.360186 0.980369
vt 0.369461 0.786554
vt 0.570283 0.980639
vt 0.573346 0.789374
vt 0.393051 0.980674
vt 0.401469 0.787481
vt 0.513893 0.981077
vt 0.518268 0.789913
vt 0.428714 0.980497
vt 0.435941 0.788377
vt 0.613978 0.802813
vt 0.613978 0.802813
vt 0.454318 0.980442
vt 0.460676 0.789214
vt 0.486420 0.981040
vt 0.491460 0.789713
vt 0.263242 0.887310
vt 0.263242 0.887310
vt 0.121210 0.972046
vt 0.131464 0.780730
vt 0.132190 0.894557
vt 0.132190 0.894557
vt 0.116946 0.781285
vt 0.107303 0.970816
vt 0.119329 0.893601
vt 0.119329 0.893601
vt 0.176790 0.781271
vt 0.164805 0.975277
vt 0.176648 0.897977
vt 0.176648 0.897977
vt 0.375485 0.682796
vt 0.385356 0.774646
vt 0.371334 0.759512
vt 0.367444 0.680120
vt 0.389086 0.767671
vt 0.389086 0.767671
vt 0.369972 0.672537
vt 0.372962 0.690379
vt 0.390077 0.768132
vt 0.372503 0.664960
vt 0.390853 0.760256
vt 0.390853 0.760256
vt 0.375044 0.657383
vt 0.370438 0.697962
vt 0.391950 0.760300
vt 0.377593 0.649815
vt 0.389646 0.752725
vt 0.389646 0.752725
vt 0.380153 0.642245
vt 0.367907 0.705544
vt 0.390669 0.752346
vt 0.382720 0.634679
vt 0.385646 0.746229
vt 0.385646 0.746229
vt 0.344535 0.748232
vt 0.365369 0.713121
vt 0.386445 0.745487
vt 0.347111 0.740665
vt 0.379461 0.741758
vt 0.379461 0.741758
vt 0.349680 0.733104
vt 0.379919 0.740765
vt 0.362824 0.720690
vt 0.352242 0.725544
vt 0.372041 0.739997
vt 0.372041 0.739997
vt 0.354793 0.717986
vt 0.372079 0.738908
vt 0.360269 0.728258
vt 0.357336 0.710423
vt 0.364507 0.741213
vt 0.364507 0.741213
vt 0.359870 0.702858
vt 0.364125 0.740190
vt 0.357704 0.735826
vt 0.362399 0.695284
vt 0.358019 0.745220
vt 0.358019 0.745220
vt 0.364922 0.687704
vt 0.357269 0.744421
vt 0.355133 0.743395
vt 0.384614 0.773842
vt 0.384614 0.773842
vt 0.378009 0.675218
vt 0.378502 0.778856
vt 0.378127 0.777834
vt 0.378127 0.777834
vt 0.380538 0.667647
vt 0.370565 0.780127
vt 0.370604 0.779038
vt 0.370604 0.779038
vt 0.383075 0.660084
vt 0.362740 0.778273
vt 0.363196 0.777281
vt 0.363196 0.777281
vt 0.356225 0.773562
vt 0.385621 0.652527
vt 0.357023 0.772816
vt 0.357023 0.772816
vt 0.352001 0.766717
vt 0.388178 0.644966
vt 0.353022 0.766333
vt 0.353022 0.766333
vt 0.350712 0.758774
vt 0.390745 0.637404
vt 0.351806 0.758810
vt 0.351806 0.758810
vt 0.352558 0.750959
vt 0.352558 0.750959
vt 0.353558 0.751403
vt 0.353558 0.751403
vt 0.378747 0.646005
vt 0.353760 0.770344
vt 0.386800 0.648702
vt 0.354692 0.769764
vt 0.354692 0.769764
vt 0.381320 0.638510
vt 0.352071 0.762926
vt 0.352071 0.762926
vt 0.350995 0.763169
vt 0.389273 0.641499
vt 0.352246 0.755173
vt 0.352246 0.755173
vt 0.351184 0.754907
vt 0.351184 0.754907
vt 0.391950 0.633764
vt 0.343171 0.752093
vt 0.383931 0.630968
vt 0.355312 0.748266
vt 0.355312 0.748266
vt 0.354495 0.747527
vt 0.353828 0.747297
vt 0.345755 0.744657
vt 0.360739 0.743062
vt 0.360739 0.743062
vt 0.360273 0.742069
vt 0.356411 0.739859
vt 0.348386 0.737081
vt 0.368127 0.740231
vt 0.368127 0.740231
vt 0.351031 0.729413
vt 0.368001 0.739153
vt 0.359082 0.732116
vt 0.375803 0.740500
vt 0.375803 0.740500
vt 0.376032 0.739438
vt 0.361659 0.724575
vt 0.353630 0.721806
vt 0.382809 0.743712
vt 0.382809 0.743712
vt 0.364263 0.716863
vt 0.383487 0.742866
vt 0.356223 0.714126
vt 0.387944 0.749230
vt 0.387944 0.749230
vt 0.366742 0.709425
vt 0.388869 0.748658
vt 0.358729 0.706606
vt 0.390633 0.756350
vt 0.390633 0.756350
vt 0.369215 0.701923
vt 0.391695 0.756107
vt 0.361237 0.698997
vt 0.390334 0.764212
vt 0.390334 0.764212
vt 0.371809 0.693988
vt 0.391384 0.764519
vt 0.363663 0.691578
vt 0.387199 0.770977
vt 0.387199 0.770977
vt 0.374232 0.686546
vt 0.388045 0.771679
vt 0.366156 0.683922
vt 0.368656 0.676253
vt 0.381612 0.776161
vt 0.381612 0.776161
vt 0.376718 0.678922
vt 0.382093 0.777156
vt 0.371252 0.668335
vt 0.374496 0.778807
vt 0.374496 0.778807
vt 0.379160 0.671473
vt 0.374673 0.779888
vt 0.373693 0.660972
vt 0.366695 0.778496
vt 0.366695 0.778496
vt 0.381692 0.663830
vt 0.366562 0.779596
vt 0.376206 0.653482
vt 0.360059 0.775472
vt 0.360059 0.775472
vt 0.359446 0.776384
vt 0.384152 0.656496
vt 0.347672 0.545716
vt 0.342200 0.453804
vt 0.373196 0.494343
vt 0.355294 0.548224
vt 0.360092 0.487820
vt 0.365612 0.491672
vt 0.352929 0.555410
vt 0.350037 0.538530
vt 0.336819 0.459060
vt 0.350562 0.562595
vt 0.375695 0.487055
vt 0.348190 0.569778
vt 0.352405 0.531347
vt 0.333852 0.465973
vt 0.345811 0.576955
vt 0.345307 0.552901
vt 0.349185 0.451012
vt 0.343423 0.584131
vt 0.354780 0.524167
vt 0.333759 0.473497
vt 0.341027 0.591304
vt 0.379190 0.476513
vt 0.342942 0.560081
vt 0.356706 0.451103
vt 0.376784 0.483683
vt 0.357163 0.516989
vt 0.336555 0.480486
vt 0.374375 0.490855
vt 0.368615 0.480876
vt 0.369177 0.481129
vt 0.371967 0.498023
vt 0.341810 0.485871
vt 0.359554 0.509815
vt 0.369561 0.505193
vt 0.371580 0.473964
vt 0.333417 0.588757
vt 0.371580 0.473964
vt 0.367166 0.512356
vt 0.348728 0.488835
vt 0.361954 0.502641
vt 0.364778 0.519521
vt 0.371673 0.466441
vt 0.335810 0.581592
vt 0.362398 0.526690
vt 0.356249 0.488925
vt 0.364359 0.495469
vt 0.360026 0.533862
vt 0.368878 0.459453
vt 0.338195 0.574425
vt 0.357659 0.541040
vt 0.363234 0.486133
vt 0.366769 0.488298
vt 0.340572 0.567256
vt 0.363623 0.454068
vt 0.370765 0.501444
vt 0.352766 0.489284
vt 0.363182 0.498767
vt 0.345379 0.487828
vt 0.360747 0.505924
vt 0.368323 0.508621
vt 0.339021 0.483565
vt 0.358292 0.513208
vt 0.365909 0.515784
vt 0.355854 0.520524
vt 0.334805 0.477147
vt 0.363453 0.523157
vt 0.353451 0.527825
vt 0.333417 0.469621
vt 0.361077 0.530375
vt 0.351147 0.534901
vt 0.334965 0.462371
vt 0.358806 0.537349
vt 0.348861 0.541971
vt 0.339124 0.456248
vt 0.356518 0.544428
vt 0.346480 0.549360
vt 0.345596 0.452024
vt 0.354139 0.551809
vt 0.344238 0.556307
vt 0.352739 0.450680
vt 0.351819 0.558999
vt 0.341898 0.563515
vt 0.360128 0.452186
vt 0.349521 0.566077
vt 0.366394 0.456425
vt 0.339529 0.570743
vt 0.347165 0.573264
vt 0.370544 0.462719
vt 0.337144 0.577938
vt 0.344715 0.580653
vt 0.371975 0.470041
vt 0.334758 0.585049
vt 0.342333 0.587751
vt 0.370470 0.477483
vt 0.370470 0.477483
vt 0.378105 0.480008
vt 0.366433 0.483550
vt 0.368102 0.484408
vt 0.352724 0.469934
vn -0.591055 0.654341 -0.471691
vn -0.267801 0.905111 -0.330237
vn -0.973388 -0.050732 -0.223479
vn -0.973388 -0.050732 -0.223479
vn -0.818845 0.351348 -0.453925
vn -0.528943 0.676366 -0.512590
vn -0.251104 0.858567 -0.447001
vn -0.909188 0.209721 -0.359714
vn -0.241516 -0.602654 0.760578
vn 0.726168 -0.250298 0.640337
vn 0.914942 0.022584 -0.402954
vn 0.074876 0.992335 -0.098310
vn 0.594490 0.634376 -0.494114
vn 0.960587 -0.211587 0.180288
vn -0.928620 0.261015 -0.263698
vn 0.069614 -0.386561 0.919633
vn 0.172149 0.328662 0.928626
vn -0.909327 0.234778 -0.343516
vn -0.843915 0.335563 -0.418574
vn -0.974790 -0.037660 -0.219921
vn -0.974790 -0.037660 -0.219921
vn -0.879396 0.041714 -0.474259
vn 0.043407 0.994945 -0.090551
vn 0.010427 0.999911 -0.008373
vn 0.607963 0.633640 -0.478415
vn 0.321536 0.853719 0.409608
vn 0.724583 -0.657883 -0.205349
vn -0.994909 0.001383 -0.100766
vn -0.994909 0.001383 -0.100766
vn -0.018366 0.999394 0.029567
vn 0.095244 -0.031973 -0.994940
vn 0.009683 0.999944 0.004208
vn -0.970486 -0.115294 -0.211813
vn -0.970486 -0.115294 -0.211813
vn -0.856346 0.359516 -0.370702
vn -0.591294 0.703035 -0.395111
vn -0.319428 0.884657 -0.339630
vn -0.970346 -0.071016 -0.231051
vn -0.970346 -0.071016 -0.231051
vn -0.832639 0.340510 -0.436767
vn 0.959743 0.259235 -0.108120
vn 0.074457 -0.697257 0.712944
vn 0.707728 -0.123849 0.695545
vn 0.932003 -0.274165 0.237073
vn 0.827627 -0.560863 0.021601
vn -0.040168 -0.717025 0.695889
vn 0.637579 -0.654538 0.406292
vn 0.919770 -0.334259 0.205655
vn -0.121318 0.977610 0.171934
vn 0.521925 0.851219 -0.054955
vn -0.280225 -0.599228 0.749933
vn 0.712344 -0.466790 0.524093
vn 0.405282 0.892189 0.199362
vn -0.165925 -0.645042 0.745915
vn 0.389366 -0.912200 0.127617
vn -0.752346 0.460715 0.470869
vn 0.686732 0.078901 0.722616
vn -0.412969 -0.444164 0.795094
vn 0.518715 -0.817892 0.248972
vn -0.762714 0.393179 0.513495
vn -0.044587 -0.990739 0.128252
vn 0.662600 -0.056629 0.746829
vn 0.443650 -0.883520 0.150223
vn -0.025979 0.997964 -0.058244
vn 0.836903 0.397271 -0.376523
vn -0.726775 0.516684 0.452588
vn -0.005314 0.999975 0.004636
vn 0.489848 0.598646 0.633776
vn -0.051987 0.998620 0.007445
vn -0.031087 0.876053 -0.481212
vn -0.003837 0.999894 0.014068
vn -0.022023 -0.675094 0.737403
vn 0.137449 -0.990503 0.003511
vn 0.006587 0.999958 0.006334
vn 0.213640 0.733037 -0.645767
vn -0.452439 0.721314 -0.524409
vn 0.306298 0.818483 -0.486073
vn 0.675815 -0.505790 -0.536144
vn -0.760040 0.317095 -0.567266
vn -0.551757 0.269428 0.789286
vn 0.892191 -0.061269 -0.447483
vn 0.892191 -0.061269 -0.447483
vn 0.781036 -0.603864 0.159157
vn 0.965731 -0.258782 0.019903
vn -0.856017 -0.515460 0.039194
vn -0.963865 -0.238799 -0.118061
vn -0.888061 -0.375752 -0.264873
vn 0.693753 -0.124468 -0.709376
vn -0.771011 -0.622086 -0.136203
vn -0.059081 0.984183 0.167014
vn 0.182432 0.473280 -0.861815
vn 0.660532 -0.748168 -0.062784
vn 0.881582 -0.466849 -0.069748
vn -0.976407 -0.213917 0.029490
vn -0.974848 -0.211472 -0.070369
vn 0.933729 -0.225069 -0.278377
vn 0.238592 0.819755 -0.520650
vn 0.077782 -0.367661 0.926701
vn 0.257984 0.310413 0.914925
vn -0.014434 0.999788 -0.014654
vn -0.005164 0.999461 -0.032430
vn -0.709861 -0.279311 0.646594
vn -0.407359 0.766370 -0.496726
vn 0.003175 0.999980 0.005382
vn 0.684427 -0.353791 0.637489
vn -0.983333 -0.007135 -0.181674
vn -0.983333 -0.007135 -0.181674
vn 0.842572 -0.535933 0.053365
vn -0.022284 0.889811 -0.455785
vn -0.078092 -0.658050 0.748914
vn 0.271824 -0.960391 0.061332
vn -0.058949 -0.998254 0.003670
vn 0.089518 -0.743361 0.662873
vn 0.020553 0.998814 -0.044148
vn 0.886737 -0.370544 -0.276397
vn 0.781695 -0.371880 -0.500658
vn 0.469392 -0.307322 -0.827783
vn 0.469392 -0.307322 -0.827783
vn 0.296144 0.807174 -0.510655
vn -0.914280 -0.172179 0.366670
vn -0.914280 -0.172179 0.366670
vn -0.004149 0.999989 0.002013
vn 0.654450 0.379606 0.653907
vn 0.243515 0.757054 0.606275
vn 0.526251 -0.848540 0.055133
vn -0.928078 0.268534 0.257993
vn 0.683724 0.245716 0.687128
vn -0.647570 0.143312 -0.748408
vn -0.717274 -0.043162 -0.695453
vn 0.870083 -0.222521 -0.439819
vn 0.969780 0.216664 -0.112179
vn -0.777713 0.406389 -0.479594
vn 0.820101 -0.565773 -0.085646
vn 0.357061 -0.316347 -0.878881
vn 0.797943 -0.577547 -0.172416
vn 0.482470 0.215143 -0.849080
vn 0.538313 0.395283 -0.744292
vn 0.984354 0.175584 -0.014740
vn -0.693359 0.452498 0.560802
vn -0.001226 0.999999 -0.000863
vn 0.480562 -0.806235 0.345031
vn 0.710606 -0.571062 0.411007
vn -0.753853 -0.288842 -0.590149
vn -0.753853 -0.288842 -0.590149
vn -0.434901 -0.150750 -0.887770
vn -0.063367 0.856343 -0.512506
vn -0.117279 -0.837874 0.533115
vn -0.835392 -0.521798 0.172763
vn -0.844151 -0.472865 0.252603
vn -0.800942 -0.507563 0.317604
vn -0.983383 -0.179524 0.026998
vn -0.879346 -0.437788 0.187330
vn -0.751051 0.505814 -0.424351
vn -0.929045 -0.149164 -0.338563
vn -0.929045 -0.149164 -0.338563
vn 0.026416 -0.999585 -0.011507
vn 0.083962 -0.726685 0.681821
vn 0.994087 -0.021958 -0.106344
vn 0.994087 -0.021958 -0.106344
vn 0.161255 -0.224716 -0.960989
vn -0.201733 0.720062 -0.663938
vn -0.278185 -0.950976 0.135119
vn 0.257006 -0.707425 0.658406
vn -0.137790 -0.988932 0.055029
vn 0.108517 -0.782111 0.613618
vn 0.845720 -0.512616 0.148263
vn 0.008433 0.999799 -0.018199
vn 0.596252 -0.487319 0.637969
vn 0.446583 -0.527942 0.722385
vn -0.196730 0.464383 -0.863508
vn -0.617491 -0.456556 0.640517
vn 0.060303 0.992826 -0.103243
vn 0.511977 0.628628 -0.585411
vn 0.888969 -0.387588 -0.243944
vn 0.081764 -0.368174 0.926154
vn 0.380631 0.266299 0.885553
vn 0.411037 -0.611969 0.675679
vn 0.822606 -0.548054 0.151515
vn 0.765064 0.288677 -0.575624
vn 0.426413 -0.604334 0.673017
vn 0.795163 -0.480494 0.369921
vn 0.798707 -0.590743 -0.114407
vn 0.662111 0.059111 -0.747071
vn -0.630819 -0.489068 0.602395
vn -0.312733 -0.593341 0.741718
vn -0.035396 0.969315 -0.243261
vn -0.035396 0.969315 -0.243261
vn 0.432480 -0.616588 0.657861
vn 0.597927 -0.509437 0.618835
vn 0.514404 -0.370515 0.773374
vn 0.088270 0.991819 -0.092213
vn 0.665730 0.648211 -0.369628
vn -0.022874 0.999580 0.017774
vn 0.821589 -0.259943 -0.507367
vn 0.821589 -0.259943 -0.507367
vn -0.671687 -0.517227 -0.530390
vn -0.440729 0.182385 -0.878916
vn 0.782430 -0.581629 -0.222509
vn -0.658346 -0.509199 -0.554344
vn -0.446077 0.132920 -0.885069
vn -0.667759 -0.514873 -0.537590
vn -0.463619 -0.867681 0.179408
vn -0.463614 -0.867683 0.179411
vn -0.679190 -0.521699 -0.516266
vn -0.471973 -0.864171 0.174498
vn 0.664965 -0.604025 -0.439289
vn -0.458695 -0.869697 0.182280
vn 0.021253 -0.680122 0.732791
vn 0.021265 -0.680120 0.732793
vn -0.467433 -0.866093 0.177172
vn -0.467428 -0.866095 0.177175
vn 0.004316 -0.683150 0.730266
vn 0.619997 -0.454377 -0.639645
vn 0.033015 -0.677898 0.734415
vn 0.508514 -0.098874 0.855358
vn 0.508552 -0.098860 0.855337
vn 0.013363 -0.681559 0.731642
vn 0.013375 -0.681556 0.731644
vn 0.479485 -0.110087 0.870618
vn 0.546089 -0.568271 -0.615512
vn 0.538446 -0.086930 0.838164
vn 0.691947 0.559680 0.456035
vn 0.488196 0.805834 0.335106
vn 0.502140 -0.101369 0.858824
vn 0.502142 -0.101369 0.858824
vn 0.557067 -0.619437 -0.553149
vn 0.510402 0.836236 0.200498
vn -0.001732 0.650843 -0.759210
vn -0.001729 0.650839 -0.759214
vn 0.500832 0.831898 -0.238985
vn 0.012687 0.695170 -0.718733
vn 0.457864 0.880263 0.124492
vn 0.545010 -0.678464 -0.492596
vn -0.242898 0.411745 -0.878332
vn -0.252009 0.436948 -0.863463
vn -0.252005 0.436970 -0.863453
vn 0.676331 -0.703592 -0.218025
vn -0.036199 0.184340 0.982196
vn 0.421418 -0.482401 -0.767917
vn -0.410987 -0.643426 -0.645828
vn -0.085173 0.994818 -0.055520
vn 0.597808 0.602912 -0.528321
vn -0.421719 0.110549 -0.899962
vn -0.536645 0.596976 -0.596348
vn -0.263182 0.900424 0.346368
vn -0.121029 -0.984914 0.123681
vn 0.807759 -0.096003 -0.581644
vn 0.773401 0.193134 -0.603779
vn -0.572776 -0.689277 0.443650
vn 0.322078 -0.663650 0.675155
vn -0.329260 0.939601 0.093478
vn -0.126558 -0.876955 0.463608
vn -0.985064 -0.171404 -0.016404
vn 0.354577 -0.753339 0.553856
vn -0.735878 0.468760 0.488618
vn -0.982185 0.001652 -0.187909
vn -0.982185 0.001652 -0.187909
vn 0.413501 -0.871416 0.263917
vn 0.318784 -0.945520 -0.066103
vn 0.479065 0.641690 -0.598941
vn -0.464393 -0.834839 0.295606
vn 0.222829 -0.741356 0.633039
vn 0.914606 -0.283704 0.288111
vn -0.720983 0.659428 0.212928
vn -0.039295 -0.990971 0.128192
vn 0.538555 0.352870 0.765141
vn 0.144573 -0.903035 0.404508
vn -0.198068 0.969999 0.140968
vn -0.069069 -0.970120 -0.232587
vn -0.121050 -0.799660 0.588125
vn -0.745231 0.504835 0.435629
vn -0.073567 -0.990984 0.111977
vn -0.637899 -0.343380 0.689329
vn 0.325507 -0.620413 0.713536
vn 0.159071 0.088518 -0.983291
vn -0.744636 -0.215208 0.631825
vn -0.000186 0.999998 -0.001892
vn -0.094748 -0.956303 0.276600
vn -0.046164 -0.996573 -0.068638
vn -0.112590 -0.716455 -0.688488
vn 0.154081 -0.457607 -0.875702
vn 0.154081 -0.457607 -0.875702
vn -0.931972 -0.328437 0.153483
vn -0.820654 -0.526686 0.221650
vn -0.637369 -0.493079 0.592143
vn 0.291200 -0.649497 0.702393
vn 0.611561 0.667064 -0.425462
vn -0.881184 -0.298411 0.366696
vn -0.772037 -0.495470 0.398081
vn -0.715569 -0.541170 0.441697
vn -0.387935 -0.606434 0.694078
vn 0.301629 0.810190 -0.502605
vn -0.012953 0.999739 0.018811
vn -0.232497 -0.398637 0.887149
vn -0.178890 -0.534609 0.825949
vn -0.194133 -0.532221 0.824047
vn -0.132483 -0.568294 0.812090
vn -0.095484 0.831006 -0.548007
vn -0.160878 -0.442726 -0.882107
vn -0.160878 -0.442726 -0.882107
vn 0.334825 -0.363175 0.869480
vn 0.410453 -0.496496 0.764866
vn 0.430656 -0.525583 0.733688
vn -0.009538 -0.383175 0.923626
vn 0.740282 -0.484387 0.466210
vn 0.989836 0.126296 0.065383
vn -0.874869 0.144076 -0.462435
vn -0.578599 -0.303836 -0.756906
vn -0.231184 -0.227542 0.945927
vn -0.231184 -0.227542 0.945927
vn -0.003415 0.999918 0.012332
vn 0.279093 -0.573121 0.770480
vn 0.281958 -0.523024 0.804329
vn 0.464941 -0.192462 -0.864169
vn -0.465947 -0.379560 -0.799267
vn -0.465947 -0.379560 -0.799267
vn 0.943480 0.211257 -0.255375
vn -0.396221 0.873834 0.281819
vn -0.065948 -0.991839 0.109116
vn 0.790410 -0.472316 0.390089
vn -0.284872 0.253602 0.924410
vn 0.089906 -0.316884 0.944193
vn -0.482843 -0.325154 0.813104
vn -0.393457 -0.466147 0.792401
vn -0.320376 -0.514804 0.795196
vn -0.271986 -0.559212 0.783138
vn -0.164748 0.085407 -0.982631
vn 0.999134 -0.024048 -0.033964
vn 0.999134 -0.024048 -0.033964
vn -0.650487 0.576224 -0.494806
vn -0.542319 0.276138 0.793498
vn -0.000152 0.999998 -0.002092
vn -0.516763 0.676319 -0.524927
vn -0.736744 0.535829 -0.412426
vn -0.675792 -0.727469 0.118718
vn -0.165632 -0.567208 0.806747
vn 0.299360 -0.659095 -0.689911
vn 0.074259 -0.741833 -0.666460
vn -0.313676 0.818193 -0.481838
vn 0.084432 -0.033050 -0.995881
vn 0.422712 -0.831438 -0.360591
vn 0.168593 -0.902089 -0.397256
vn -0.990553 0.011296 -0.136665
vn -0.990553 0.011296 -0.136665
vn -0.035592 -0.910300 -0.412416
vn 0.201907 0.829889 -0.520113
vn -0.584011 -0.717719 -0.379224
vn -0.707284 -0.525421 -0.472950
vn 0.891417 0.381855 -0.244056
vn -0.952894 -0.301019 -0.037149
vn -0.840166 -0.535023 0.088727
vn -0.558716 -0.049541 0.827878
vn 0.090356 -0.503904 0.859021
vn 0.171200 -0.369495 0.913326
vn -0.598707 -0.157335 0.785364
vn 0.108902 -0.696479 0.709265
vn -0.398855 0.171567 0.900821
vn 0.090848 -0.382317 0.919554
vn 0.807490 -0.582102 -0.095490
vn 0.006938 0.999665 -0.024942
vn 0.432438 -0.742370 0.511747
vn 0.999259 -0.014259 0.035754
vn 0.999259 -0.014259 0.035754
vn 0.819293 -0.572579 -0.030202
vn 0.899584 -0.398939 -0.177754
vn 0.691188 0.629391 -0.355142
vn -0.969073 -0.232878 -0.081645
vn -0.850797 -0.522903 0.052124
vn 0.055097 0.991380 -0.118871
vn 0.112494 -0.987765 -0.108009
vn -0.449883 -0.581759 -0.677615
vn -0.118881 0.867782 0.482516
vn -0.077931 -0.991207 0.106935
vn 0.165166 -0.840828 0.515488
vn -0.487585 0.067720 0.870445
vn 0.089053 -0.443785 0.891697
vn 0.784976 -0.603414 -0.140370
vn 0.852144 -0.387969 -0.351185
vn 0.695841 -0.243564 -0.675634
vn 0.695841 -0.243564 -0.675634
vn -0.963161 -0.241964 -0.117361
vn -0.842631 -0.535153 0.059869
vn 0.120555 0.990165 -0.070992
vn 0.702887 0.665144 -0.252057
vn -0.176518 -0.980971 -0.080853
vn -0.286214 -0.918750 -0.271991
vn -0.023857 -0.566720 0.823565
vn 0.780181 -0.611939 -0.129806
vn 0.835394 -0.391766 -0.385534
vn 0.261911 -0.794401 -0.548024
vn 0.261911 -0.794401 -0.548024
vn 0.268404 -0.727392 -0.631554
vn 0.498070 -0.836198 0.229561
vn 0.041381 -0.968231 -0.246609
vn -0.092093 0.972239 -0.215106
vn -0.092093 0.972239 -0.215106
vn 0.262058 -0.937022 -0.230901
vn -0.992454 -0.022128 -0.120602
vn -0.992454 -0.022128 -0.120602
vn -0.821668 -0.510263 0.253956
vn -0.985068 -0.171901 0.009539
vn -0.176083 -0.200618 -0.963715
vn -0.637372 0.180191 0.749192
vn -0.127898 -0.984245 0.122085
vn 0.092748 -0.362381 0.927404
vn 0.480525 0.203138 0.853130
vn -0.548354 -0.217544 -0.807454
vn -0.477534 0.059634 0.876587
vn -0.002601 0.999971 0.007109
vn 0.263546 -0.770381 -0.580566
vn 0.875183 0.079709 -0.477181
vn 0.524877 0.404988 -0.748658
vn -0.070220 0.018159 0.997366
vn 0.991835 0.081799 0.097840
vn 0.991835 0.081799 0.097840
vn 0.601728 0.614602 -0.510086
vn 0.987153 0.000706 0.159774
vn 0.424369 -0.875897 -0.229601
vn -0.243083 0.261102 0.934204
vn 0.284058 -0.547166 0.787350
vn 0.236516 -0.930481 -0.279758
vn -0.233273 0.840279 -0.489402
vn -0.015419 -0.579438 0.814871
vn 0.249645 0.312577 0.916500
vn -0.502111 -0.862226 -0.066712
vn -0.915991 0.268793 -0.297843
vn -0.455974 -0.597428 -0.659672
vn -0.451299 0.530807 0.717338
vn -0.073466 -0.991944 0.103195
vn 0.797346 -0.486622 0.356984
vn 0.649530 0.545052 -0.530122
vn 0.463146 0.065500 -0.883858
vn -0.104845 -0.937411 -0.332067
vn 0.020525 -0.561541 0.827195
vn -0.528867 -0.274325 0.803147
vn -0.000150 1.000000 -0.000267
vn -0.126885 0.938349 -0.321561
vn -0.126885 0.938349 -0.321561
vn -0.514163 -0.418199 -0.748830
vn -0.052594 0.426366 0.903020
vn 0.264468 0.789206 0.554266
vn -0.519413 0.427304 -0.740015
vn -0.504023 -0.391948 -0.769635
vn -0.485098 0.277674 0.829203
vn 0.018132 0.255300 0.966692
vn -0.088055 0.996064 -0.010137
vn 0.194116 0.824374 -0.531721
vn 0.830672 -0.473625 0.292683
vn -0.007624 -0.535676 0.844389
vn 0.679274 -0.352269 -0.643812
vn -0.464172 -0.870001 -0.166260
vn -0.087207 -0.570992 0.816311
vn -0.580218 -0.813336 -0.042796
vn -0.138046 -0.586386 0.798182
vn 0.091284 -0.495631 0.863723
vn 0.654382 0.007722 0.756125
vn 0.092963 -0.414285 0.905387
vn 0.575285 0.113500 0.810040
vn -0.536425 -0.748401 0.390057
vn -0.531668 -0.669974 0.518135
vn -0.581042 -0.680203 0.446894
vn -0.332265 -0.923514 -0.191629
vn -0.604463 -0.690910 0.396570
vn -0.598438 -0.782800 0.170576
vn -0.474697 -0.878377 -0.055832
vn -0.310372 -0.855643 -0.414180
vn -0.979106 -0.189818 -0.072937
vn -0.885910 -0.455204 0.089180
vn -0.596899 -0.747729 0.290881
vn -0.109238 -0.905158 0.410800
vn 0.418085 -0.815243 0.400728
vn 0.811274 -0.524126 0.259087
vn 0.975136 -0.204798 0.084657
vn 0.957082 0.220893 -0.187620
vn 0.848104 0.419939 -0.323065
vn 0.615923 0.633656 -0.468102
vn 0.254135 0.775428 -0.578038
vn -0.158383 0.778537 -0.607285
vn -0.514950 0.651085 -0.557597
vn -0.778692 0.439074 -0.448166
vn -0.913056 0.241555 -0.328604
vn 0.006294 0.951427 -0.307810
vn 0.006294 0.951427 -0.307810
vn 0.013607 0.999900 -0.003827
vn 0.713804 0.659437 -0.235853
vn -0.105688 -0.032286 -0.993875
vn -0.202684 0.729998 0.652704
vn -0.003393 0.999929 0.011443
vn -0.006020 0.999926 0.010578
vn 0.477201 -0.025364 -0.878428
vn -0.092162 0.976063 -0.196997
vn -0.092162 0.976063 -0.196997
vn 0.013565 0.999907 -0.001592
vn 0.726740 0.681439 -0.086538
vn 0.005294 0.994738 -0.102312
vn -0.050235 0.990374 -0.128983
vn -0.050235 0.990374 -0.128983
vn -0.021073 0.995659 0.090661
vn 0.227731 -0.545168 0.806802
vn 0.410570 -0.857502 -0.310036
vn -0.103882 -0.803713 0.585879
vn -0.558836 -0.810616 0.174940
vn -0.347386 -0.924137 -0.159040
vn -0.579604 -0.814698 0.018054
vn 0.876149 -0.411718 0.250702
vn -0.663361 -0.746929 0.045256
vn -0.129994 -0.970516 0.202979
vn -0.732862 -0.667601 0.131230
vn -0.595192 -0.158672 0.787763
vn 0.411275 -0.609108 0.678116
vn 0.308179 -0.552654 0.774338
vn 0.524734 -0.826105 -0.205438
vn -0.542445 -0.043634 0.838958
vn 0.411409 -0.596681 0.688995
vn 0.505290 -0.779711 0.369773
vn 0.549599 -0.621580 0.558193
vn 0.706177 -0.482139 -0.518514
vn 0.706177 -0.482139 -0.518514
vn 0.306908 -0.536703 -0.785976
vn 0.691599 -0.474075 -0.544926
vn 0.939819 0.300050 -0.163433
vn 0.946746 0.283110 -0.153367
vn 0.558272 -0.467000 0.685743
vn 0.513250 -0.321077 0.795918
vn 0.357842 0.246544 0.900647
vn 0.703501 -0.535395 -0.467374
vn 0.293588 0.480908 0.826156
vn 0.953006 0.275877 -0.125186
vn 0.944062 -0.215488 0.249625
vn 0.941817 0.310896 -0.127769
vn 0.451953 -0.173898 0.874927
vn 0.423086 0.018959 -0.905891
vn 0.404847 0.032412 0.913810
vn 0.990652 0.132037 -0.034280
vn 0.874152 -0.469738 0.123308
vn 0.932202 0.332230 -0.143606
vn 0.255498 0.655584 0.710585
vn 0.255498 0.655584 0.710585
vn 0.648991 -0.516362 -0.558731
vn 0.240791 0.732225 0.637076
vn 0.278252 -0.850600 -0.446157
vn 0.977414 -0.070250 0.199315
vn 0.302351 -0.882366 -0.360574
vn 0.938467 -0.217843 0.268001
vn 0.590239 0.727348 -0.350119
vn -0.086603 -0.032229 -0.995721
vn -0.002419 0.999722 0.023434
vn -0.990020 0.106027 0.092833
vn -0.991309 0.104608 0.079770
vn 0.070988 0.988141 -0.136156
vn -0.991770 0.086346 -0.094531
vn 0.058312 0.991214 -0.118724
vn -0.992272 0.086722 -0.088741
vn 0.157085 0.241051 0.957715
vn -0.060605 0.228172 0.971733
vn 0.002599 0.906266 -0.422700
vn 0.374220 0.252357 0.892343
vn 0.543431 0.249895 0.801396
vn -0.104109 0.934955 -0.339147
vn 0.498130 0.245364 0.831663
vn -0.064518 0.930393 -0.360841
vn 0.321577 0.244585 0.914749
vn 0.086758 0.979044 -0.184242
vn 0.149259 -0.545652 0.824612
vn 0.225627 -0.909460 -0.349249
vn 0.060727 -0.932851 -0.355108
vn 0.083173 -0.554626 0.827932
vn -0.093950 -0.948435 -0.302727
vn 0.028210 -0.570739 0.820647
vn 0.153787 0.332916 0.930331
vn -0.169202 -0.567549 0.805766
vn 0.560513 0.140878 0.816075
vn -0.215515 -0.609664 0.762800
vn 0.642932 0.023433 0.765565
vn -0.387748 -0.609607 0.691397
vn 0.729121 -0.261214 0.632574
vn -0.767549 -0.603902 0.214874
vn -0.249655 -0.604284 0.756646
vn -0.335779 -0.596122 0.729309
vn 0.704264 -0.119734 0.699768
vn -0.300107 -0.587267 0.751701
vn 0.639710 -0.666644 0.382567
vn 0.545531 -0.829813 -0.117496
vn -0.273922 -0.600433 0.751297
vn 0.711389 -0.480970 0.512440
vn -0.264043 -0.518530 0.813270
vn 0.377558 -0.917197 0.127280
vn -0.206146 -0.944212 -0.256840
vn -0.290663 -0.580421 0.760675
vn 0.497475 -0.837531 0.225964
vn -0.453641 0.081538 0.887446
vn 0.397846 -0.573495 0.716116
vn -0.348820 0.186743 0.918396
vn 0.330160 -0.558710 0.760814
vn -0.036244 -0.999301 0.009208
vn 0.164118 -0.531857 0.830779
vn 0.635408 -0.756963 -0.152522
vn 0.026736 -0.999563 -0.012606
vn 0.033501 -0.571433 0.819965
vn -0.269499 -0.952906 0.139069
vn 0.418799 -0.499359 0.758451
vn -0.057623 0.329731 0.942315
vn 0.136821 -0.542608 0.828768
vn -0.124496 -0.990083 0.065094
vn 0.302242 -0.517928 0.800250
vn -0.555983 -0.720637 0.414203
vn 0.358017 -0.655125 0.665308
vn 0.722175 -0.685159 -0.094977
vn -0.440492 -0.855624 0.271797
vn 0.400905 -0.619100 0.675271
vn 0.349735 -0.560192 0.750913
vn 0.701428 -0.707254 -0.088266
vn 0.126300 -0.940946 -0.314115
vn 0.408662 -0.583514 0.701788
vn 0.781506 -0.622703 -0.038596
vn -0.639174 -0.352340 0.683604
vn 0.408856 -0.616993 0.672426
vn 0.021525 0.338647 0.940667
vn 0.080010 -0.556260 0.827148
vn -0.632918 -0.516145 0.577069
vn 0.466788 -0.603524 0.646427
vn -0.160583 0.302014 0.939681
vn 0.203133 -0.538160 0.817998
vn 0.010798 -0.947712 -0.318945
vn -0.088046 -0.587384 0.804505
vn 0.365393 0.274052 0.889597
vn -0.142691 -0.591292 0.793734
vn 0.461504 0.225558 0.857985
vn -0.064680 -0.565028 0.822532
vn 0.117354 -0.993050 0.008948
vn 0.130478 -0.972402 0.193415
vn -0.213022 -0.560790 0.800085
vn 0.254814 -0.964601 0.067925
vn 0.160421 -0.540674 0.825795
vn 0.000711 0.999964 0.008471
vn 0.294889 -0.538556 0.789302
vn 0.006799 -0.565478 0.824735
vn 0.009046 -0.586956 0.809568
vn 0.155974 -0.530030 0.833511
vn 0.159533 -0.573024 0.803862
vn 0.002589 0.999986 0.004707
vn 0.905553 -0.417219 0.076825
vn 0.911725 -0.405657 -0.064808
vn 0.176796 0.931498 -0.317890
vn 0.009078 0.999956 0.002381
vn 0.839562 -0.416476 0.348832
vn 0.008833 0.999954 0.003763
vn 0.508045 -0.603483 0.614572
vn 0.735396 -0.461680 0.496029
vn 0.801820 -0.384067 0.457795
vn 0.007139 0.999958 0.005712
vn -0.955315 0.062803 -0.288839
vn 0.049363 0.993206 -0.105380
vn 0.412079 -0.598973 0.686602
vn 0.815094 -0.575126 0.069655
vn 0.468146 0.430956 0.771438
vn 0.247830 0.793420 0.555936
vn 0.238049 -0.117245 0.964150
vn 0.238049 -0.117245 0.964150
vn 0.217038 0.429763 0.876469
vn 0.313337 -0.091785 0.945196
vn 0.313337 -0.091785 0.945196
vn 0.370528 0.792894 0.483764
vn 0.628687 0.408113 0.661965
vn -0.048501 -0.165279 0.985054
vn -0.048501 -0.165279 0.985054
vn 0.426418 0.785021 0.449343
vn 0.081388 0.991234 0.104071
vn 0.102344 0.989130 0.105582
vn 0.590715 0.782236 0.197896
vn 0.883352 0.415419 0.217064
vn 0.475568 0.780809 0.405181
vn 0.750914 0.404476 0.522042
vn 0.615745 -0.132645 0.776701
vn 0.615745 -0.132645 0.776701
vn 0.559930 0.413630 0.717906
vn 0.683862 -0.099318 0.722820
vn 0.683862 -0.099318 0.722820
vn 0.600826 0.427535 -0.675442
vn 0.747207 0.078222 -0.659972
vn 0.133690 -0.147328 0.980011
vn 0.133690 -0.147328 0.980011
vn 0.119122 0.987772 0.100577
vn 0.624122 0.777522 -0.077012
vn 0.916784 0.346381 -0.198817
vn 0.973169 -0.229776 0.012007
vn 0.973169 -0.229776 0.012007
vn 0.962152 -0.237284 0.134011
vn 0.962152 -0.237284 0.134011
vn 0.906217 0.403608 0.125980
vn 0.140515 0.985848 0.091425
vn 0.222819 0.973228 -0.056379
vn 0.244377 0.964066 -0.104195
vn 0.614987 0.771300 -0.163975
vn 0.089714 0.815323 0.572013
vn 0.845248 -0.221250 -0.486419
vn 0.845248 -0.221250 -0.486419
vn 0.724107 0.142875 -0.674727
vn 0.818982 -0.207806 -0.534870
vn 0.818982 -0.207806 -0.534870
vn 0.428656 -0.093390 0.898628
vn 0.428656 -0.093390 0.898628
vn 0.376995 0.439919 0.815074
vn 0.507931 -0.118620 0.853191
vn 0.507931 -0.118620 0.853191
vn 0.400486 0.661578 -0.633975
vn 0.034985 0.817018 0.575550
vn 0.138169 0.432255 0.891103
vn 0.618170 0.781477 0.084620
vn 0.919565 0.392632 0.015539
vn 0.071568 0.990358 0.118615
vn 0.309254 0.793955 0.523447
vn 0.051380 0.992363 0.112143
vn 0.144097 0.809200 0.569590
vn 0.287071 0.439516 0.851126
vn 0.188221 0.979316 0.074256
vn 0.579489 0.776763 0.246643
vn 0.145659 0.986466 0.075295
vn 0.836443 0.403572 0.370800
vn 0.543400 0.780432 0.309260
vn 0.884907 -0.234611 0.402364
vn 0.884907 -0.234611 0.402364
vn 0.847591 -0.177440 0.500105
vn 0.847591 -0.177440 0.500105
vn 0.789787 0.406565 0.459283
vn 0.583196 0.471406 -0.661558
vn 0.926456 -0.233440 -0.295272
vn 0.926456 -0.233440 -0.295272
vn 0.942399 -0.238165 -0.234866
vn 0.942399 -0.238165 -0.234866
vn 0.905084 0.314903 -0.285759
vn -0.033880 0.411010 0.911001
vn -0.014035 0.988552 0.150224
vn 0.957413 -0.254469 -0.136402
vn 0.957413 -0.254469 -0.136402
vn 0.964222 -0.251788 -0.082937
vn 0.964222 -0.251788 -0.082937
vn 0.926228 0.366710 -0.087318
vn 0.056913 0.424000 0.903872
vn 0.803610 -0.174432 0.569021
vn 0.803610 -0.174432 0.569021
vn 0.773752 -0.148415 0.615858
vn 0.773752 -0.148415 0.615858
vn 0.694694 0.407391 0.592818
vn 0.881111 0.283260 -0.378693
vn 0.611117 0.759349 -0.223438
vn 0.674743 0.315941 -0.667011
vn 0.823455 -0.226230 -0.520329
vn 0.823455 -0.226230 -0.520329
vn 0.784948 0.028196 -0.618919
vn 0.027439 0.992964 0.115198
vn 0.042357 0.991194 0.125461
vn 0.198643 0.788068 0.582658
vn 0.237835 0.934014 -0.266555
vn 0.288597 0.880154 -0.376882
vn 0.591676 0.619259 -0.516177
vn 0.005872 0.991968 0.126353
vn 0.936537 -0.252195 0.243509
vn 0.936537 -0.252195 0.243509
vn 0.914843 -0.234417 0.328802
vn 0.914843 -0.234417 0.328802
vn 0.857647 0.411332 0.308621
vn 0.194786 0.980650 0.019609
vn 0.229184 0.973169 -0.020421
vn 0.629588 0.776918 0.004192
vn 0.246906 0.948101 -0.200352
vn 0.611381 0.719931 -0.328502
vn 0.233195 0.963930 -0.128291
vn 0.315148 0.832465 -0.455723
vn 0.374289 0.691951 -0.617342
vn 0.375138 0.673195 -0.637244
vn 0.623612 0.369825 -0.688721
vn -0.032282 0.808679 0.587363
vn 0.061752 -0.128302 0.989811
vn 0.061752 -0.128302 0.989811
vn 0.017054 0.992093 0.124338
vn 0.180795 0.981775 0.058575
vn 0.209044 0.976882 0.044740
vn 0.607529 0.781611 0.141399
vn 0.871064 -0.247658 -0.424161
vn 0.871064 -0.247658 -0.424161
vn 0.879613 -0.251982 -0.403467
vn 0.879613 -0.251982 -0.403467
vn 0.784441 0.223962 -0.578354
vn 0.741104 0.174464 -0.648327
vn 0.596015 0.563098 -0.572440
vn 0.523407 0.774017 0.356291
vn 0.920371 -0.230551 -0.315853
vn 0.920371 -0.230551 -0.315853
vn 0.855418 0.275871 -0.438355
vn 0.906455 -0.241781 -0.346238
vn 0.906455 -0.241781 -0.346238
vn 0.821029 0.257249 -0.509641
vn 0.606172 0.679233 -0.413761
vn 0.347708 0.762273 -0.545929
vn -0.051810 0.997851 -0.040113
vn 0.990206 0.106893 0.089810
vn 0.991161 0.106315 0.079356
vn 0.989225 0.098121 -0.108656
vn -0.049454 0.998402 -0.027347
vn 0.990476 0.099086 -0.095598
vn -0.986251 0.136284 0.093464
vn -0.987635 0.136078 0.077850
vn -0.020353 0.999380 -0.028746
vn -0.985765 0.129826 -0.106829
vn -0.017403 0.999259 -0.034341
vn -0.986773 0.129667 -0.097295
vn -0.953098 0.139560 0.268566
vn -0.855111 0.144448 0.497915
vn -0.875371 0.140543 0.462573
vn -0.005789 0.999729 -0.022535
vn -0.952924 0.137021 0.270483
vn -0.008509 0.999644 -0.025272
vn 0.012041 0.999604 -0.025440
vn -0.018281 0.999819 -0.005302
vn 0.762296 0.083559 -0.641812
vn 0.763564 0.084106 -0.640232
vn 0.635396 0.082163 -0.767802
vn -0.014052 0.999898 0.002730
vn 0.631417 0.082550 -0.771037
vn 0.956181 0.088158 -0.279187
vn 0.856480 0.082128 -0.509605
vn -0.027491 0.999565 -0.010647
vn 0.875589 0.080613 -0.476282
vn -0.037628 0.999141 -0.017377
vn 0.951150 0.085301 -0.296712
vn 0.006675 0.999959 -0.006087
vn -0.945855 0.118030 -0.302369
vn -0.002402 0.999388 -0.034886
vn -0.863777 0.111494 -0.491385
vn 0.011261 0.999460 -0.030867
vn -0.855199 0.112090 -0.506034
vn -0.954758 0.121169 -0.271580
vn 0.011150 0.999934 -0.002693
vn 0.000154 0.999950 0.009990
vn 0.269582 0.079671 -0.959676
vn -0.010456 0.999882 0.011287
vn 0.480741 0.077825 -0.873402
vn 0.525559 0.077971 -0.847176
vn 0.239805 0.079127 -0.967591
vn -0.613934 0.104475 -0.782413
vn 0.024914 0.999570 -0.015442
vn -0.609931 0.103968 -0.785605
vn -0.749662 0.109746 -0.652658
vn -0.748378 0.109305 -0.654204
vn 0.021033 0.999499 -0.023650
vn -0.231620 0.088939 -0.968732
vn -0.466300 0.096192 -0.879381
vn -0.455613 0.096636 -0.884917
vn 0.022812 0.999687 -0.010291
vn -0.260360 0.090949 -0.961218
vn 0.020176 0.999795 -0.001609
vn -0.019735 0.997959 -0.060729
vn 0.015718 0.999858 -0.006013
vn 0.004577 0.999974 0.005593
vn 0.009836 0.999917 0.008357
vn 0.097944 0.085140 -0.991543
vn 0.114113 0.084638 -0.989856
vn -0.068068 0.088690 -0.993731
vn -0.080598 0.088707 -0.992791
vn 0.016655 0.999837 0.006908
vn 0.008492 0.999953 0.004570
vn 0.010236 0.999004 -0.043429
vn 0.865934 0.120403 0.485449
vn 0.962261 0.111478 0.248248
vn -0.044829 0.997794 -0.048967
vn 0.953792 0.110627 0.279361
vn -0.026419 0.998300 -0.051961
vn 0.870690 0.118437 0.477358
vn 0.769856 0.008565 -0.638160
vn -0.626999 0.147817 0.764868
vn -0.643011 0.148662 0.751290
vn 0.034845 0.997750 -0.057281
vn -0.768430 0.147667 0.622664
vn 0.025380 0.998850 -0.040683
vn -0.756628 0.147396 0.637015
vn 0.002041 0.999992 0.003450
vn 0.015748 0.999536 -0.026082
vn 0.632874 0.131792 0.762955
vn 0.635631 0.131434 0.760722
vn 0.767939 0.127281 0.627750
vn -0.007783 0.998885 -0.046567
vn 0.762612 0.127595 0.634147
vn -0.000586 0.999954 0.009611
vn -0.293493 0.141264 0.945466
vn 0.027864 0.997024 -0.071877
vn -0.484783 0.142252 0.862989
vn 0.030021 0.997460 -0.064588
vn -0.497286 0.145446 0.855308
vn -0.241109 0.144650 0.959658
vn 0.016765 0.999671 -0.019394
vn 0.281531 0.136238 0.949831
vn 0.498741 0.132276 0.856598
vn 0.645683 -0.005184 -0.763588
vn 0.021267 0.999630 -0.016963
vn 0.470159 0.131449 0.872738
vn 0.094110 0.144313 0.985047
vn 0.014843 0.999664 -0.021228
vn 0.084728 0.145085 0.985785
vn -0.100517 0.146283 0.984123
vn 0.018217 0.998972 -0.041505
vn -0.090264 0.146376 0.985102
vn -0.077345 0.996951 -0.010352
vn 0.642371 -0.005799 -0.766372
vn 0.261377 0.138165 0.955297
vn 0.041033 0.997198 -0.062556
vn -0.095505 0.985726 -0.138644
vn 0.991766 0.111343 0.063265
vn 0.988789 0.115467 0.094675
vn 0.992154 0.085455 -0.091261
vn -0.077217 0.990002 -0.118041
vn 0.990335 0.080712 -0.112791
vn -0.092396 0.980867 -0.171358
vn 0.958702 0.141135 0.246924
vn -0.100492 0.973788 -0.204057
vn 0.882277 0.176923 0.436217
vn 0.848179 0.189071 0.494818
vn 0.966817 0.132274 0.218562
vn -0.960352 0.064960 -0.271117
vn 0.496299 -0.018767 -0.867949
vn 0.274451 -0.029546 -0.961147
vn -0.036736 0.998993 0.025771
vn 0.290815 -0.030235 -0.956302
vn -0.062195 0.997949 0.015130
vn 0.487308 -0.019821 -0.873005
vn -0.875514 0.041239 -0.481429
vn 0.778146 0.212751 0.590954
vn -0.139127 0.955702 -0.259378
vn 0.775503 0.215950 0.593262
vn -0.153430 0.933441 -0.324263
vn 0.658274 0.236691 0.714600
vn 0.679255 0.234744 0.695348
vn 0.961569 0.052746 -0.269451
vn 0.867584 0.021917 -0.496808
vn -0.053036 0.995280 -0.081272
vn 0.875537 0.024003 -0.482555
vn -0.074005 0.992585 -0.096423
vn 0.951270 0.048690 -0.304490
vn -0.646384 0.005559 -0.762992
vn 0.029569 0.997881 -0.057961
vn -0.655911 0.006876 -0.754807
vn -0.775622 0.024428 -0.630725
vn -0.768290 0.024227 -0.639643
vn 0.035568 0.996502 -0.075619
vn -0.472721 -0.019434 -0.880998
vn 0.021142 0.999293 -0.031082
vn -0.300268 -0.031460 -0.953336
vn 0.013289 0.999868 -0.009366
vn -0.304102 -0.027602 -0.952239
vn -0.508015 -0.011984 -0.861265
vn -0.063405 0.996749 -0.049705
vn 0.765269 0.008088 -0.643660
vn -0.623130 0.183567 0.760271
vn -0.632584 0.183022 0.752556
vn 0.118342 0.941487 -0.315589
vn -0.761120 0.167435 0.626627
vn 0.140854 0.948684 -0.283124
vn -0.754381 0.168397 0.634470
vn -0.270533 0.205383 0.940547
vn 0.033246 0.915721 -0.400436
vn -0.456201 0.192594 0.868786
vn 0.069907 0.936151 -0.344579
vn -0.481183 0.192457 0.855233
vn -0.215287 0.213240 0.952985
vn -0.038364 0.227057 0.973126
vn -0.953014 0.123010 0.276825
vn -0.862681 0.147544 0.483748
vn -0.879507 0.141974 0.454215
vn 0.121377 0.970348 -0.209029
vn -0.951420 0.122309 0.282562
vn 0.094704 0.981712 -0.165144
vn 0.207170 0.911811 -0.354516
vn -0.026634 0.911957 -0.409420
vn 0.118070 0.240336 0.963482
vn 0.120176 0.968371 -0.218666
vn 0.032708 0.998236 -0.049548
vn 0.032708 0.998236 -0.049548
vn 0.029491 0.996232 -0.081566
vn 0.029491 0.996232 -0.081566
vn -0.996165 0.015516 -0.086107
vn 0.012489 0.999922 0.000942
vn -0.115733 0.640568 -0.759130
vn -0.016798 0.999157 -0.037449
vn -0.012438 0.999210 -0.037737
vn 0.053137 0.628633 -0.775884
vn 0.001189 0.999924 -0.012281
vn 0.059038 0.626050 -0.777545
vn 0.002278 0.949066 -0.315071
vn 0.002278 0.949066 -0.315071
vn -0.067958 0.931844 -0.356437
vn -0.067958 0.931844 -0.356437
vn -0.002883 0.999793 -0.020158
vn -0.089629 0.944512 -0.316014
vn -0.089629 0.944512 -0.316014
vn -0.026123 0.967952 -0.249775
vn -0.026123 0.967952 -0.249775
vn -0.033382 0.969507 -0.242778
vn -0.033382 0.969507 -0.242778
vn -0.017290 0.978178 -0.207048
vn -0.017290 0.978178 -0.207048
vn -0.012458 0.985019 -0.171996
vn -0.012458 0.985019 -0.171996
vn 0.466707 -0.005702 -0.884393
vn 0.191241 -0.021407 -0.981310
vn 0.023803 0.969733 -0.243003
vn 0.187412 -0.009507 -0.982235
vn 0.033306 0.939947 -0.339691
vn 0.417246 -0.004165 -0.908784
vn 0.093179 -0.017977 -0.995487
vn 0.940823 0.119633 -0.317082
vn 0.818205 0.064780 -0.571265
vn 0.096307 0.955246 -0.279695
vn 0.824458 0.071415 -0.561399
vn 0.097251 0.962574 -0.252970
vn 0.932309 0.115244 -0.342809
vn -0.020392 0.972513 -0.231955
vn 0.043107 -0.010134 -0.999019
vn 0.158499 0.373923 0.913816
vn -0.009967 0.990645 -0.136101
vn 0.104387 0.375745 0.920825
vn -0.122635 0.370875 0.920550
vn -0.028815 0.989194 -0.143754
vn -0.068769 0.376108 0.924020
vn 0.082960 0.948556 -0.305546
vn 0.734105 0.049493 -0.677230
vn 0.002405 0.990377 -0.138378
vn 0.267743 0.362883 0.892541
vn 0.284328 0.368143 0.885228
vn 0.523432 0.345046 0.779078
vn -0.005460 0.988214 -0.152983
vn 0.482598 0.343969 0.805472
vn -0.933823 0.272705 0.231530
vn -0.818376 0.315235 0.480507
vn -0.835353 0.304597 0.457609
vn -0.113924 0.978743 -0.170538
vn -0.939523 0.266197 0.215488
vn -0.122582 0.975949 -0.180271
vn -0.198922 0.001530 -0.980014
vn 0.014359 0.984462 -0.175012
vn -0.777934 0.078678 -0.623400
vn -0.063488 0.977468 -0.201312
vn -0.467157 0.356236 0.809234
vn -0.185767 0.370934 0.909889
vn -0.277599 0.352310 0.893765
vn -0.033822 0.988382 -0.148180
vn -0.491738 0.343952 0.799932
vn -0.046921 0.985110 -0.165399
vn -0.552829 0.036782 -0.832482
vn -0.003514 0.985573 -0.169214
vn -0.325590 0.005378 -0.945496
vn 0.001247 0.987423 -0.158093
vn -0.261660 -0.011710 -0.965089
vn -0.543895 0.022552 -0.838850
vn -0.619102 0.037147 -0.784431
vn -0.652150 0.051098 -0.756366
vn 0.009806 0.983376 -0.181317
vn 0.967486 0.151604 -0.202455
vn 0.086068 0.965368 -0.246285
vn 0.967851 0.153812 -0.199012
vn 0.048450 0.976874 -0.208254
vn 0.977855 0.205937 0.037264
vn 0.977486 0.207715 0.037098
vn 0.060338 0.950924 -0.303486
vn 0.550570 0.018389 -0.834587
vn 0.751859 0.051010 -0.657347
vn 0.863983 0.284781 0.415250
vn 0.961356 0.229032 0.152773
vn 0.042491 0.978177 -0.203381
vn 0.955079 0.231938 0.184469
vn 0.021129 0.981279 -0.191429
vn 0.864305 0.279282 0.418305
vn 0.566066 0.015946 -0.824206
vn 0.796111 0.305236 0.522530
vn 0.016384 0.983112 -0.182268
vn 0.780894 0.308289 0.543288
vn 0.009339 0.984121 -0.177252
vn 0.618622 0.336755 0.709861
vn 0.635479 0.337676 0.694364
vn -0.782170 0.088885 -0.616693
vn -0.964918 0.242965 0.099503
vn -0.968454 0.237165 0.076486
vn -0.132198 0.970191 -0.203109
vn -0.971893 0.192592 -0.135400
vn -0.129452 0.966944 -0.219684
vn -0.971338 0.198687 -0.130486
vn -0.159354 -0.008165 -0.987188
vn -0.851941 0.112810 -0.511341
vn -0.952765 0.171687 -0.250524
vn -0.940718 0.148207 -0.305099
vn -0.119988 0.969465 -0.213870
vn -0.864486 0.110595 -0.490339
vn -0.073724 0.969554 -0.233518
vn -0.764838 0.322644 0.557605
vn -0.088721 0.983711 -0.156334
vn -0.737278 0.328103 0.590567
vn -0.566541 0.346018 0.747865
vn -0.612313 0.339800 0.713868
vn -0.077984 0.982913 -0.166733
vn -0.285916 -0.036001 -0.957578
vn -0.519401 -0.015358 -0.854393
vn -0.491600 -0.020353 -0.870583
vn 0.081734 0.995242 0.053029
vn -0.293278 -0.038432 -0.955255
vn 0.069582 0.994033 0.084007
vn -0.623888 0.206010 0.753873
vn -0.624020 0.205859 0.753804
vn 0.045024 0.969310 -0.241685
vn -0.760757 0.181843 0.623043
vn 0.051441 0.977310 -0.205473
vn -0.760983 0.181077 0.622990
vn 0.050830 0.997432 -0.050446
vn 0.633681 0.284649 0.719321
vn -0.866099 0.153095 0.475851
vn 0.077897 0.979502 -0.185765
vn -0.951067 0.124183 0.282931
vn 0.014732 0.989478 -0.143928
vn -0.960451 0.118620 0.251920
vn -0.857691 0.156320 0.489827
vn -0.080095 0.277242 0.957456
vn 0.756428 0.263745 0.598545
vn -0.482664 0.225255 0.846342
vn -0.013863 0.995527 0.093457
vn 0.086881 -0.042271 -0.995321
vn 0.090976 -0.044252 -0.994869
vn -0.114286 -0.041678 -0.992573
vn -0.099620 -0.042916 -0.994100
vn 0.038663 0.991231 0.126358
vn -0.271403 0.247483 0.930104
vn -0.021785 0.963987 -0.265057
vn -0.464585 0.223055 0.856975
vn 0.016435 0.966397 -0.256529
vn -0.083679 0.926614 -0.366585
vn 0.103261 0.293276 0.950435
vn -0.991254 0.100337 0.085719
vn -0.988581 0.102385 0.110562
vn 0.020990 0.993892 -0.108343
vn -0.993963 0.081495 -0.073463
vn -0.044408 0.995374 -0.085191
vn -0.990686 0.074458 -0.114009
vn 0.151849 0.987877 -0.032278
vn 0.769924 0.262706 0.581552
vn -0.226360 0.258090 0.939229
vn -0.085633 0.276088 0.957310
vn -0.022150 0.952260 -0.304485
vn 0.099285 0.291624 0.951366
vn 0.487917 -0.029441 -0.872394
vn 0.290828 -0.040601 -0.955914
vn -0.041702 0.995925 0.079969
vn 0.271137 -0.035415 -0.961889
vn -0.060949 0.997721 0.028954
vn 0.454599 -0.022000 -0.890424
vn -0.228585 0.958996 -0.167559
vn 0.953443 0.195660 0.229486
vn -0.155225 0.970155 -0.186293
vn 0.872677 0.231793 0.429775
vn 0.848812 0.232163 0.474994
vn 0.950199 0.185612 0.250341
vn 0.619930 0.287209 0.730204
vn -0.654178 0.003131 -0.756334
vn 0.021171 0.999639 -0.016552
vn -0.643709 0.003371 -0.765263
vn -0.772786 0.019734 -0.634359
vn -0.791489 0.024582 -0.610688
vn -0.001369 0.998750 -0.049968
vn -0.023743 0.962979 -0.268528
vn 0.480982 0.294616 0.825746
vn -0.108005 0.923462 -0.368174
vn 0.286709 0.295617 0.911267
vn 0.272223 0.297093 0.915222
vn 0.485868 0.292981 0.823465
vn -0.340962 0.930384 -0.134646
vn 0.985141 0.157370 0.068785
vn 0.979304 0.165208 0.116918
vn 0.990570 0.118504 -0.068755
vn -0.351739 0.932299 -0.084247
vn 0.986469 0.114015 -0.117813
vn 0.977669 0.076379 -0.195780
vn 0.881038 0.023559 -0.472458
vn -0.251382 0.967883 0.003236
vn 0.867551 0.037997 -0.495895
vn -0.274381 0.960273 -0.050903
vn 0.953571 0.073750 -0.291999
vn -0.967056 0.063500 -0.246517
vn -0.005828 0.998404 -0.056169
vn -0.895078 0.041692 -0.443956
vn -0.003641 0.998802 -0.048794
vn -0.864784 0.028518 -0.501334
vn -0.959200 0.050878 -0.278114
vn 0.804439 0.013024 -0.593892
vn 0.654683 -0.008012 -0.755861
vn -0.092228 0.995690 -0.009741
vn 0.624417 -0.009664 -0.781032
vn -0.174781 0.984417 -0.019349
vn 0.767046 0.011355 -0.641491
vn -0.886481 0.364774 -0.284764
vn -0.953147 -0.201000 -0.226074
vn -0.953147 -0.201000 -0.226074
vn -0.971954 -0.201444 -0.121348
vn -0.971954 -0.201444 -0.121348
vn -0.904111 0.373359 -0.207812
vn -0.980388 -0.193622 -0.036743
vn -0.980388 -0.193622 -0.036743
vn -0.727864 0.653057 -0.209119
vn -0.916867 0.395446 -0.054571
vn -0.414091 0.895044 -0.165602
vn -0.362861 0.927919 -0.085431
vn -0.717143 0.692046 -0.082336
vn -0.092455 0.994542 -0.048361
vn -0.448932 0.843751 -0.294183
vn -0.713926 0.636192 -0.292524
vn -0.967362 -0.136722 0.213347
vn -0.967362 -0.136722 0.213347
vn -0.899144 0.403806 0.168763
vn -0.359618 0.932565 0.031599
vn -0.714219 0.689981 0.117545
vn -0.073382 0.996486 -0.040378
vn -0.589343 0.644226 -0.487491
vn 0.071289 0.997334 -0.015551
vn -0.498212 0.629036 -0.596740
vn 0.053264 0.997911 0.036552
vn -0.501116 0.630844 -0.592384
vn -0.007768 0.999930 -0.008942
vn -0.997197 0.011968 0.073851
vn -0.123624 -0.034332 0.991735
vn 0.097500 -0.035976 0.994585
vn -0.001333 0.999920 -0.012582
vn 0.110277 -0.035980 0.993249
vn -0.000892 0.999927 0.012026
vn 0.094285 -0.027171 -0.995174
vn 0.001450 0.999922 0.012372
vn 0.076751 0.714078 0.695847
vn -0.012847 0.999917 -0.001121
vn 0.995405 -0.011220 0.095093
vn -0.688789 0.722289 0.062204
vn -0.012841 0.999916 0.001571
vn 0.779844 -0.022058 0.625585
vn -0.009235 0.999931 -0.007319
vn 0.784893 -0.022057 0.619239
vn 0.627080 -0.027887 0.778455
vn -0.689126 0.723584 0.039132
vn -0.012968 0.999708 -0.020380
vn -0.642245 0.000305 -0.766499
vn 0.008478 0.999916 0.009841
vn 0.010659 0.999909 0.008280
vn 0.549284 0.704329 0.449676
vn -0.879607 0.003369 0.475690
vn -0.701918 0.711161 -0.039521
vn -0.012783 0.999918 -0.001086
vn 0.044627 0.998213 -0.039739
vn 0.723599 0.685635 -0.079428
vn 0.070611 0.997503 -0.000978
vn 0.722631 0.689999 0.041299
vn 0.012610 0.999920 0.001083
vn 0.725290 0.687348 0.038816
vn -0.001344 0.999948 0.010143
vn 0.073886 0.712547 0.697723
vn -0.043512 0.722398 0.690107
vn 0.002473 0.999930 0.011542
vn -0.057468 0.723417 0.688016
vn -0.001108 0.999927 0.012005
vn -0.424418 0.740210 0.521496
vn -0.007443 0.999860 0.014959
vn -0.517850 0.737579 0.433369
vn -0.012999 0.999851 0.011377
vn -0.517005 0.738224 0.433280
vn -0.009731 0.999920 0.008125
vn -0.251312 -0.026642 0.967539
vn 0.003740 0.999923 -0.011830
vn -0.519190 -0.023806 0.854327
vn -0.278156 -0.030840 0.960041
vn 0.012607 0.999900 -0.006450
vn 0.681915 0.637841 -0.357982
vn -0.968262 0.012659 0.249616
vn 0.013687 0.999898 -0.004048
vn -0.971477 0.008518 0.236980
vn 0.106786 -0.027883 -0.993891
vn -0.128128 -0.022048 -0.991513
vn -0.127678 -0.022948 -0.991550
vn 0.001517 0.999923 0.012329
vn -0.857832 0.005511 0.513900
vn 0.012278 0.999902 -0.006698
vn -0.598355 0.651786 -0.465990
vn -0.009378 0.999931 -0.007017
vn -0.007519 0.999929 -0.009198
vn 0.638849 -0.027565 0.768838
vn 0.012151 0.999921 0.003251
vn 0.694683 0.690767 0.200643
vn -0.881500 0.015113 -0.471942
vn 0.011669 0.999913 0.006196
vn -0.698836 0.711490 -0.073549
vn -0.013218 0.998983 -0.043110
vn 0.612228 -0.025032 -0.790285
vn -0.007862 0.999923 0.009631
vn 0.608168 -0.024226 -0.793438
vn 0.780050 -0.019735 -0.625406
vn -0.792340 0.008557 -0.610019
vn -0.791418 0.008945 -0.611210
vn 0.010468 0.999911 0.008312
vn -0.643458 0.000973 -0.765481
vn -0.775219 -0.004569 0.631676
vn 0.010241 0.999910 -0.008643
vn 0.008411 0.999918 -0.009672
vn 0.512429 0.628980 -0.584638
vn -0.429591 0.736959 0.521865
vn -0.007758 0.999923 0.009642
vn -0.009810 0.999919 0.008055
vn 0.772527 -0.019271 -0.634690
vn 0.993875 -0.011625 -0.109898
vn -0.012868 0.999916 0.001367
vn 0.993209 -0.011206 -0.115801
vn 0.994634 -0.010956 0.102876
vn -0.012323 0.999916 0.004040
vn 0.959368 -0.010203 -0.281972
vn -0.598450 0.733131 0.323074
vn -0.011285 0.999916 0.006309
vn -0.003463 0.999928 0.011466
vn 0.264320 -0.026672 -0.964066
vn 0.486049 -0.027488 -0.873499
vn 0.274390 -0.028491 -0.961196
vn 0.003340 0.999924 -0.011826
vn 0.232507 0.619480 -0.749790
vn -0.499031 -0.018407 0.866389
vn 0.006043 0.999922 -0.010966
vn -0.992864 0.016822 -0.118057
vn -0.005704 0.999922 -0.011107
vn 0.503932 -0.029345 0.863245
vn 0.259669 -0.035109 0.965059
vn 0.491222 -0.030444 0.870502
vn 0.022096 0.999533 0.021116
vn 0.539150 0.707413 0.457039
vn 0.015957 0.999828 0.009497
vn 0.461977 0.705065 0.538016
vn 0.008420 0.999915 0.009950
vn 0.474017 0.702205 0.531240
vn 0.006339 0.999917 0.011173
vn 0.347969 0.704790 0.618214
vn -0.285999 -0.015457 -0.958105
vn 0.003790 0.999919 0.012169
vn -0.380835 0.604521 -0.699656
vn -0.006147 0.999925 -0.010553
vn -0.003787 0.999919 -0.012187
vn 0.265619 -0.033068 0.963511
vn -0.012013 0.999922 -0.003401
vn 0.966683 -0.009488 0.255799
vn 0.877308 -0.014893 0.479697
vn 0.962163 -0.009864 0.272295
vn -0.295154 -0.015030 -0.955331
vn -0.522607 -0.004277 -0.852563
vn -0.521308 -0.005053 -0.853354
vn 0.006542 0.999917 0.011080
vn 0.959038 -0.010656 -0.283076
vn 0.870524 -0.013944 -0.491929
vn -0.011332 0.999917 0.006186
vn 0.860428 -0.013803 -0.509385
vn -0.099462 -0.033322 0.994483
vn 0.001006 0.999925 -0.012234
vn -0.881858 0.015068 -0.471274
vn -0.967030 0.017745 -0.254042
vn -0.972132 0.020605 -0.233527
vn 0.012208 0.999920 0.003283
vn -0.686911 0.676817 -0.264712
vn -0.014405 0.995828 -0.090111
vn -0.651554 0.653815 -0.384713
vn 0.012682 0.998991 -0.043074
vn -0.662688 0.669191 -0.336195
vn -0.010845 0.999926 -0.005456
vn -0.605922 0.733500 0.307956
vn -0.016010 0.999849 0.006728
vn -0.653334 0.729020 0.204165
vn -0.015913 0.999873 -0.001067
vn -0.650351 0.727969 0.217036
vn -0.012342 0.999916 0.003900
vn -0.994483 0.012401 0.104160
vn 0.013453 0.999908 -0.001703
vn -0.193354 0.729131 0.656492
vn 0.009286 0.999907 0.009964
vn -0.307691 0.733801 0.605692
vn -0.000610 0.999862 0.016599
vn -0.330507 0.734082 0.593201
vn -0.005672 0.999926 0.010750
vn -0.001197 0.999903 0.013875
vn 0.327874 0.700854 0.633484
vn -0.002478 0.999924 0.012066
vn 0.218481 0.703486 0.676295
vn 0.003778 0.999919 0.012151
vn 0.221905 0.704189 0.674445
vn -0.088208 0.628343 -0.772919
vn -0.001614 0.999920 -0.012548
vn -0.643240 -0.015480 0.765508
vn -0.624405 -0.014819 0.780960
vn 0.008252 0.999918 -0.009816
vn -0.793746 -0.004462 0.608233
vn 0.006176 0.999921 -0.010928
vn 0.380601 0.620403 -0.685742
vn -0.023747 0.999220 -0.031548
vn 0.233450 0.620794 -0.748409
vn 0.018027 0.998155 -0.057974
vn 0.370746 0.621177 -0.690425
vn -0.689338 0.701877 -0.179391
vn -0.012130 0.999922 -0.003047
vn -0.010763 0.999926 -0.005598
vn 0.872872 -0.014822 0.487725
vn -0.407287 0.615629 -0.674625
vn 0.045423 0.998585 0.027646
vn -0.302971 0.631795 -0.713472
vn 0.006258 0.999980 -0.000748
vn -0.251111 0.609871 -0.751665
vn -0.003441 0.999919 -0.012237
vn 0.068402 0.997556 0.014258
vn 0.690796 0.694142 0.202405
vn 0.042291 0.999103 0.002350
vn 0.637534 0.700873 0.319887
vn 0.011468 0.999914 0.006392
vn 0.635627 0.698693 0.328340
vn -0.107470 0.903694 -0.414472
vn -0.052383 0.911757 -0.407377
vn 0.046389 0.901757 -0.429748
vn -0.058282 0.963904 -0.259794
vn -0.002889 0.929222 -0.369511
vn -0.018342 0.997650 -0.066021
vn -0.024542 0.971420 -0.236096
vn 0.008972 0.976458 -0.215523
vn 0.006882 0.980428 -0.196755
vn -0.058638 0.984780 -0.163615
vn -0.039262 0.991651 -0.122828
vn -0.096379 0.944260 -0.314776
vn -0.107592 0.950777 -0.290597
vn -0.228453 0.908918 -0.348823
vn -0.346482 0.863996 -0.365325
vn -0.316536 0.848506 -0.424080
vn -0.183709 0.908486 -0.375372
vn -0.062321 0.932147 -0.356677
vn -0.206650 0.975563 -0.074649
vn -0.245865 0.953214 -0.175881
vn -0.066469 0.990030 -0.124190
vn -0.050717 0.996205 -0.070731
vn -0.034516 0.997933 -0.054209
vn -0.026009 0.999437 -0.021203
vn 0.024513 0.999694 0.003228
vn 0.027802 0.999201 -0.028720
vn 0.017335 0.999812 -0.008656
vn 0.026092 0.999639 -0.006375
vn -0.057919 0.993956 -0.093252
vn -0.062516 0.992115 -0.108621
vn 0.038914 0.999170 0.012040
vn -0.309962 0.908285 -0.280965
vn -0.319901 0.918493 -0.232450
vn -0.314389 0.942218 -0.115688
vn -0.260303 0.955137 -0.141268
vn -0.198590 0.973521 -0.113218
vn -0.145536 0.986202 -0.078899
vn -0.116822 0.989835 -0.081114
vn -0.066968 0.996691 -0.046073
vn -0.042017 0.999079 -0.008669
vn -0.032303 0.997819 0.057558
vn 0.022588 0.999225 0.032238
vn -0.293247 0.936343 -0.193048
vn 0.030348 0.999439 0.014193
vn 0.029925 0.999537 -0.005476
vn 0.004369 0.999836 0.017575
vn 0.001044 0.998832 -0.048298
vn -0.004903 0.997641 -0.068476
vn 0.047464 0.992790 -0.110068
vn 0.018931 0.999133 0.037079
vn -0.013655 0.999053 -0.041305
vn -0.015409 0.999863 -0.006026
vn -0.016923 0.999852 0.003077
vn -0.016203 0.999852 0.005812
vn -0.015313 0.999833 0.009971
vn -0.004760 0.999877 0.014974
vn -0.000091 0.999928 0.012034
vn -0.000818 0.999927 0.012094
vn 0.011636 0.999903 0.007611
vn -0.012040 0.999854 0.012121
vn 0.048396 0.998351 0.030866
vn 0.010233 0.987301 -0.158533
vn 0.010233 0.987301 -0.158533
vn -0.017327 0.999754 -0.013834
vn 0.012288 0.999874 -0.010006
vn 0.002317 0.999965 0.008012
vn -0.001101 0.999979 0.006320
vn 0.003559 0.999962 0.007991
vn -0.006030 0.999957 0.007038
vn -0.009263 0.999957 0.000867
vn -0.027783 0.999551 -0.011223
vn 0.009722 0.999934 0.006178
vn 0.013075 0.999913 -0.001604
vn 0.007182 0.999858 -0.015248
vn 0.012716 0.999913 0.003479
vn 0.012298 0.999871 -0.010329
vn 0.000150 0.999803 -0.019827
vn -0.024479 0.999659 0.009040
vn -0.049899 0.956209 -0.288400
vn -0.010772 0.945072 -0.326686
vn 0.010318 0.924291 -0.381549
vn -0.096972 0.972557 -0.211494
vn -0.092251 0.980883 -0.171343
vn -0.095680 0.985711 -0.138634
vn -0.057995 0.991499 -0.116471
vn -0.074307 0.992557 -0.096489
vn -0.052115 0.995420 -0.080145
vn -0.046809 0.998424 -0.030962
vn -0.066137 0.997796 -0.005427
vn -0.056510 0.998290 0.014933
vn -0.036145 0.999005 0.026124
vn -0.020522 0.999559 0.021485
vn -0.000655 0.999999 -0.000857
vn 0.013088 0.999806 -0.014749
vn 0.021792 0.999291 -0.030705
vn 0.031359 0.997984 -0.055179
vn 0.039969 0.996569 -0.072479
vn 0.053085 0.994874 -0.086064
vn 0.042427 0.994529 -0.095461
vn 0.059981 0.990345 -0.124973
vn 0.070058 0.988188 -0.136292
vn 0.102769 0.978920 -0.176504
vn -0.079198 0.956051 -0.282300
vn -0.155233 0.932210 -0.326935
vn -0.103472 0.934931 -0.339407
vn -0.064552 0.930399 -0.360821
vn -0.035008 0.919854 -0.390695
vn -0.010525 0.906260 -0.422589
vn 0.002080 0.906243 -0.422753
vn 0.010581 0.907725 -0.419433
vn 0.036227 0.925055 -0.378103
vn 0.070038 0.936176 -0.344483
vn 0.105214 0.941007 -0.321615
vn 0.145367 0.941248 -0.304829
vn 0.145372 0.941597 -0.303747
vn 0.138872 0.948551 -0.284546
vn 0.127837 0.965632 -0.226300
vn 0.120333 0.972466 -0.199576
vn 0.026033 0.996797 -0.075624
vn 0.025561 0.997045 -0.072446
vn 0.019416 0.998066 -0.059049
vn 0.016619 0.999519 -0.026179
vn 0.018036 0.999595 -0.022001
vn 0.016927 0.999614 -0.022053
vn -0.004472 0.999973 -0.005879
vn -0.027273 0.998301 -0.051482
vn -0.038444 0.998908 -0.026566
vn -0.040775 0.998540 -0.035421
vn -0.049368 0.998415 -0.027017
vn -0.034646 0.999259 -0.016793
vn -0.027534 0.999562 -0.010828
vn -0.017893 0.999828 -0.004908
vn -0.011411 0.999931 0.002905
vn -0.004815 0.999949 0.008847
vn 0.000074 0.999949 0.010058
vn 0.009329 0.999922 0.008318
vn 0.013701 0.999891 0.005572
vn 0.017578 0.999845 0.000541
vn 0.022987 0.999678 -0.010767
vn 0.023000 0.999628 -0.014664
vn 0.017052 0.999636 -0.020889
vn 0.008409 0.999573 -0.027985
vn -0.005712 0.999558 -0.029189
vn -0.017477 0.999461 -0.027790
vn -0.022701 0.999216 -0.032434
vn -0.008256 0.999647 -0.025247
vn -0.006710 0.999731 -0.022222
vn 0.017786 0.998198 -0.057303
vn 0.035530 0.997720 -0.057374
vn 0.030071 0.997481 -0.064252
vn 0.360507 -0.920973 -0.147798
vn 0.387622 -0.132665 -0.912222
vn 0.329782 -0.376488 -0.865737
vn 0.519007 -0.401284 -0.754720
vn 0.293312 -0.567342 -0.769475
vn 0.449547 -0.567082 -0.690163
vn 0.267662 -0.713146 -0.647904
vn 0.416329 -0.667650 -0.617182
vn 0.262215 -0.770375 -0.581176
vn 0.419445 -0.709209 -0.566646
vn 0.259802 -0.791654 -0.552981
vn 0.259802 -0.791654 -0.552981
vn 0.423506 -0.723293 -0.545427
vn 0.423506 -0.723293 -0.545427
vn 0.278954 -0.837307 -0.470215
vn 0.478146 -0.736634 -0.478275
vn 0.331415 -0.859249 -0.389686
vn 0.560777 -0.737672 -0.375990
vn 0.400375 -0.895823 -0.192877
vn 0.646309 -0.738264 -0.193004
vn 0.472788 -0.870936 0.133951
vn 0.756747 -0.653591 0.012367
vn 0.529529 -0.758096 0.380643
vn 0.871433 -0.451948 0.190650
vn 0.559885 -0.606775 0.564227
vn 0.935316 -0.244534 0.255708
vn 0.538178 -0.435681 0.721489
vn 0.930948 -0.084210 0.355310
vn 0.505098 -0.281024 0.816028
vn 0.862484 -0.024057 0.505512
vn 0.474433 -0.121337 0.871889
vn 0.772227 0.005544 0.635323
vn 0.424685 0.052565 0.903814
vn 0.676484 0.086352 0.731377
vn 0.375200 0.241996 0.894798
vn 0.551212 0.303148 0.777346
vn 0.306819 0.481354 0.821073
vn 0.437745 0.482620 0.758589
vn 0.263199 0.640784 0.721195
vn 0.263199 0.640784 0.721195
vn 0.362559 0.637791 0.679539
vn 0.362559 0.637791 0.679539
vn 0.241937 0.724728 0.645164
vn 0.336695 0.700979 0.628701
vn 0.239679 0.754403 0.611089
vn 0.346950 0.711723 0.610799
vn 0.246332 0.777479 0.578659
vn 0.373846 0.706672 0.600711
vn 0.282984 0.835169 0.471606
vn 0.500128 0.700987 0.508419
vn 0.342268 0.893449 0.290862
vn 0.715260 0.574751 0.397575
vn 0.445977 0.892447 0.068135
vn 0.907972 0.368856 0.198826
vn 0.550914 0.791227 -0.265433
vn 0.969214 0.246057 -0.008931
vn 0.580333 0.618517 -0.529764
vn 0.957313 0.112259 -0.266366
vn 0.537225 0.394152 -0.745676
vn 0.884219 0.041480 -0.465226
vn 0.484452 0.207611 -0.849826
vn 0.780672 -0.061764 -0.621881
vn 0.420458 -0.013032 -0.907218
vn 0.651215 -0.152343 -0.743445
vn 0.372682 -0.180079 -0.910319
vn 0.574205 -0.274651 -0.771269
vn 0.313381 -0.742433 0.592102
vn -0.110021 -0.741503 0.661867
vn -0.566326 -0.644510 0.513695
vn -0.842769 -0.457572 0.283493
vn -0.982956 -0.178790 0.042809
vn -0.993520 -0.003781 -0.113592
vn -0.993520 -0.003781 -0.113592
vn -0.924996 0.258432 -0.278560
vn -0.722680 0.542199 -0.428665
vn -0.384269 0.773066 -0.504684
vn -0.053617 0.863237 -0.501943
vn 0.316139 0.816102 -0.483770
vn 0.674966 0.654323 -0.341002
vn 0.280048 -0.751008 0.597963
vn -0.110240 -0.739422 0.664155
vn -0.555207 -0.649413 0.519622
vn -0.836388 -0.465403 0.289577
vn -0.982146 -0.182461 0.045804
vn -0.993574 -0.004351 -0.113103
vn -0.993574 -0.004351 -0.113103
vn -0.921555 0.265585 -0.283199
vn -0.714902 0.549113 -0.432887
vn -0.368539 0.778743 -0.507679
vn -0.045622 0.863459 -0.502351
vn 0.321409 0.814643 -0.482756
vn 0.658089 0.669358 -0.344789
vn 0.245008 -0.757305 0.605360
vn -0.112131 -0.741468 0.661553
vn -0.542600 -0.657824 0.522353
vn -0.830024 -0.473011 0.295500
vn -0.981321 -0.186095 0.048769
vn -0.993625 -0.004906 -0.112627
vn -0.993625 -0.004906 -0.112627
vn -0.917994 0.272796 -0.287870
vn -0.705200 0.559039 -0.436082
vn -0.355605 0.784559 -0.507949
vn -0.037751 0.863625 -0.502720
vn 0.321400 0.813202 -0.485185
vn 0.657595 0.656784 -0.369058
vn 0.550329 -0.714169 0.432551
vn 0.213601 -0.763060 0.610011
vn -0.108264 -0.741855 0.661763
vn -0.532201 -0.663408 0.525977
vn -0.823740 -0.480334 0.301217
vn -0.980491 -0.189650 0.051676
vn -0.993678 -0.005480 -0.112138
vn -0.993678 -0.005480 -0.112138
vn -0.914288 0.280112 -0.292598
vn -0.694567 0.566480 -0.443483
vn -0.343254 0.787318 -0.512159
vn -0.030147 0.863733 -0.503048
vn 0.320901 0.813468 -0.485069
vn 0.651856 0.624427 -0.430320
vn 0.583045 -0.687085 0.433558
vn 0.635266 -0.653217 0.412000
vn -0.077200 -0.581726 0.809713
vn 0.730305 -0.680498 0.059803
vn -0.503811 -0.699154 0.507305
vn 0.699283 -0.690222 -0.186001
vn 0.736334 -0.655485 -0.167784
vn 0.504533 -0.178747 0.844687
vn 0.775342 -0.629900 -0.045500
vn -0.613382 -0.689494 0.385176
vn 0.555907 -0.715869 -0.422492
vn 0.593584 -0.677586 -0.434206
vn -0.628842 -0.682244 0.372962
vn 0.353233 -0.667294 -0.655702
vn 0.379529 -0.630469 -0.677102
vn -0.725171 -0.650944 0.224498
vn 0.178927 -0.566404 -0.804470
vn 0.146607 -0.517842 -0.842820
vn -0.889366 -0.347131 -0.297536
vn 0.394767 -0.382479 -0.835386
vn -0.813663 0.132803 -0.565964
vn 0.045028 -0.440331 -0.896706
vn 0.745775 -0.637242 -0.194273
vn -0.337453 0.420576 0.842164
vn 0.799382 0.391550 0.455716
vn 0.618176 -0.644854 -0.449468
vn 0.404147 -0.587318 -0.701230
vn 0.177211 -0.478647 -0.859938
vn -0.621932 -0.343197 -0.703858
vn 0.662559 0.225638 -0.714215
vn 0.780305 -0.578675 -0.237190
vn -0.002262 0.941352 0.337419
vn 0.789063 0.379127 0.483366
vn 0.650952 -0.578475 -0.491556
vn 0.432323 -0.519030 -0.737363
vn 0.199801 -0.413246 -0.888430
vn -0.813443 0.511842 -0.276277
vn -0.680980 -0.540511 -0.494079
vn 0.826841 -0.492799 -0.271076
vn -0.584956 0.448868 0.675532
vn 0.599995 -0.129355 0.789476
vn 0.696768 -0.494131 -0.519951
vn 0.468017 -0.435434 -0.768998
vn 0.234005 -0.341578 -0.910256
vn -0.962826 -0.122989 0.240499
vn -0.733341 -0.452924 -0.507022
vn 0.865839 -0.397267 -0.304141
vn -0.858153 0.476333 -0.191520
vn -0.671575 -0.538841 -0.508563
vn 0.738959 -0.393048 -0.547222
vn 0.503427 -0.337881 -0.795234
vn 0.279251 -0.258735 -0.924703
vn -0.656225 -0.363757 -0.661098
vn 0.686016 0.203828 -0.698453
vn 0.900886 -0.281720 -0.330209
vn 0.042163 0.943660 0.328220
vn 0.799161 0.352326 0.487039
vn 0.775037 -0.267560 -0.572477
vn 0.540290 -0.216214 -0.813227
vn 0.307617 -0.147323 -0.940036
vn -0.982224 -0.056830 0.178906
vn -0.709786 -0.476774 -0.518546
vn 0.926025 -0.145712 -0.348204
vn -0.685826 -0.403042 -0.605970
vn 0.727758 0.133925 -0.672631
vn 0.799245 -0.121772 -0.588540
vn 0.560403 -0.073999 -0.824908
vn 0.312217 -0.017044 -0.949858
vn 0.145223 0.970609 0.191909
vn 0.824928 0.310657 0.472214
vn 0.930567 0.029776 -0.364908
vn -0.738215 -0.473803 -0.480156
vn -0.735420 0.573143 -0.361475
vn 0.794971 0.065855 -0.603062
vn 0.543160 0.110666 -0.832304
vn 0.296095 0.143559 -0.944309
vn -0.085569 0.882049 0.463322
vn 0.771863 0.382029 0.508214
vn 0.910907 0.189738 -0.366399
vn -0.365461 0.376066 0.851477
vn 0.796789 0.398364 0.454350
vn 0.759474 0.235954 -0.606238
vn 0.497178 0.274483 -0.823087
vn 0.234572 0.288085 -0.928430
vn -0.768370 0.560512 -0.308924
vn -0.717228 -0.513821 -0.470714
vn 0.863038 0.356948 -0.357425
vn 0.798591 0.390014 0.458412
vn 0.803366 -0.243697 -0.543337
vn 0.698869 0.408184 -0.587340
vn 0.420600 0.432336 -0.797610
vn 0.163114 0.420845 -0.892347
vn 0.195027 0.961543 0.193387
vn 0.827567 0.225794 0.513955
vn 0.730299 0.606829 -0.313722
vn -0.387751 0.213898 0.896603
vn 0.791675 0.395909 0.465302
vn 0.540025 0.661877 -0.519896
vn 0.241232 0.657079 -0.714181
vn -0.013989 0.604137 -0.796758
vn -0.618420 -0.284491 0.732544
vn 0.671703 -0.116205 0.731650
vn 0.655659 0.699611 -0.283999
vn 0.271675 0.956562 0.105739
vn 0.845038 0.191603 0.499199
vn 0.462431 0.748636 -0.475080
vn 0.162275 0.730426 -0.663434
vn -0.092169 0.658282 -0.747107
vn -0.823358 -0.286300 -0.490014
vn -0.553646 0.635926 -0.537656
vn 0.515607 0.839019 -0.173769
vn -0.839749 -0.205784 -0.502468
vn -0.069562 -0.884550 0.461230
vn 0.301103 0.886520 -0.351312
vn 0.007844 0.847554 -0.530651
vn -0.244304 0.740800 -0.625724
vn -0.927907 -0.204702 0.311586
vn -0.739101 -0.430106 -0.518401
vn 0.420858 0.897789 -0.129819
vn -0.820920 -0.358819 -0.444228
vn -0.594944 0.640924 -0.485033
vn 0.203340 0.936780 -0.284774
vn -0.089006 0.885867 -0.455321
vn -0.346001 0.755318 -0.556577
vn -0.846772 -0.187415 -0.497849
vn -0.148393 -0.848662 0.507693
vn 0.317035 0.946571 -0.059091
vn 0.401762 0.914098 0.054882
vn 0.841018 0.161940 0.516202
vn 0.100600 0.974759 -0.199308
vn -0.200303 0.909613 -0.363982
vn -0.446555 0.760123 -0.472019
vn -0.951874 -0.146785 0.269056
vn -0.744020 -0.436203 -0.506124
vn 0.113895 0.987091 0.112606
vn -0.849120 -0.166441 -0.501290
vn -0.233730 -0.805816 0.544088
vn -0.122063 0.992522 -0.000040
vn -0.422569 0.892697 -0.156610
vn -0.648171 0.708210 -0.279844
vn 0.466563 0.884335 -0.016461
vn 0.845933 0.124675 0.518510
vn -0.023570 0.973794 0.226209
vn -0.829559 -0.233646 -0.507190
vn -0.463784 0.640855 -0.611726
vn -0.243587 0.961814 0.124813
vn -0.536162 0.843539 -0.031187
vn -0.744579 0.648139 -0.159744
vn -0.676267 0.059064 0.734285
vn 0.623471 -0.120117 0.772565
vn -0.158431 0.920643 0.356814
vn -0.431522 0.163059 0.887243
vn 0.772902 0.413356 0.481414
vn -0.373802 0.890059 0.260896
vn -0.650726 0.752185 0.103796
vn -0.834948 0.548946 -0.038976
vn -0.837947 -0.263233 -0.478072
vn -0.503629 0.651558 -0.567301
vn -0.266597 0.813463 0.516917
vn -0.847322 -0.118628 -0.517661
vn -0.294742 -0.756644 0.583624
vn -0.474214 0.766695 0.432782
vn -0.746374 0.608823 0.268814
vn -0.912292 0.393279 0.114255
vn 0.499008 0.866545 -0.009472
vn 0.831709 0.115741 0.543014
vn -0.368590 0.661471 0.653144
vn -0.401739 0.001497 0.915753
vn 0.765576 0.418626 0.488515
vn -0.576161 0.583691 0.572140
vn -0.822783 0.394058 0.409569
vn -0.953679 0.185296 0.236983
vn -0.486091 -0.529871 0.694948
vn 0.746425 -0.076635 0.661042
vn 0.569819 0.818550 -0.072678
vn 0.828387 0.083520 0.553895
vn 0.805101 0.487196 -0.338308
vn 0.623292 0.543787 -0.561963
vn 0.330556 0.554606 -0.763639
vn 0.068689 0.525328 -0.848123
vn -0.841851 -0.203509 -0.499870
vn -0.384223 0.630043 -0.674847
vn -0.454536 0.451099 0.768054
vn -0.850810 -0.079477 -0.519428
vn -0.388844 -0.665480 0.637131
vn -0.656785 0.337544 0.674313
vn -0.851792 0.151379 0.501532
vn -0.946093 0.000097 0.323896
vn -0.886828 -0.278290 0.368905
vn -0.704228 -0.393601 -0.590882
vn -0.507415 0.224447 0.831958
vn -0.835111 -0.216766 -0.505571
vn -0.416392 0.649315 -0.636402
vn -0.686017 0.101928 0.720410
vn -0.832914 -0.035487 0.552264
vn -0.911510 -0.129143 0.390476
vn -0.852045 -0.072110 -0.518478
vn -0.114247 0.509289 -0.852978
vn -0.524993 0.009862 0.851049
vn 0.606038 0.794705 -0.034080
vn 0.820688 0.081237 0.565572
vn -0.676227 -0.086710 0.731573
vn -0.796373 -0.169837 0.580470
vn -0.873121 -0.226353 0.431769
vn -0.915287 -0.223789 0.334914
vn -0.724356 -0.419989 -0.546733
vn -0.492379 -0.161454 0.855275
vn -0.845524 -0.057051 -0.530880
vn -0.454266 -0.608701 0.650481
vn -0.635978 -0.224247 0.738407
vn -0.746214 -0.269538 0.608698
vn -0.831513 -0.295988 0.470082
vn 0.664757 0.743334 -0.074517
vn 0.820686 0.068981 0.567201
vn -0.443199 -0.317084 0.838471
vn -0.834924 -0.134237 -0.533743
vn -0.243987 0.577005 -0.779446
vn -0.580860 -0.340309 0.739453
vn -0.696254 -0.360485 0.620710
vn -0.782843 -0.360784 0.506943
vn -0.830661 0.011242 -0.556665
vn -0.517550 -0.515841 0.682678
vn -0.390687 -0.362170 0.846284
vn 0.032812 -0.997523 -0.062225
vn -0.334005 -0.349950 0.875200
vn 0.030267 -0.996200 -0.081668
vn 0.805785 0.361671 0.468939
vn -0.528884 -0.369606 0.763985
vn 0.032755 -0.998169 -0.050855
vn -0.663913 -0.393222 0.636079
vn 0.059552 -0.996211 -0.063388
vn -0.741904 -0.382134 0.550955
vn 0.093221 -0.992961 -0.073064
vn -0.797881 -0.309163 0.517497
vn -0.615691 -0.262180 -0.743092
vn 0.112472 -0.990977 -0.072897
vn -0.382301 -0.052558 0.922542
vn 0.788106 0.404841 0.463672
vn 0.594095 0.773776 -0.219821
vn 0.390212 0.823076 -0.412651
vn 0.087028 0.796613 -0.598192
vn -0.166650 0.705979 -0.688347
vn -0.848006 -0.156215 -0.506442
vn -0.270044 0.600076 -0.752984
vn -0.826399 0.016091 -0.562856
vn -0.558701 -0.454744 0.693585
vn 0.229868 0.973142 0.012454
vn -0.003661 0.992645 -0.121006
vn -0.300760 0.912762 -0.276423
vn -0.541867 0.745046 -0.388956
vn 0.723984 0.676392 -0.135429
vn 0.805055 0.044632 0.591519
vn -0.651937 0.261877 0.711617
vn 0.606346 -0.108815 0.787721
vn 0.031790 -0.997933 -0.055850
vn 0.591444 0.405761 -0.696816
vn 0.792371 0.366663 0.487552
vn -0.843457 0.024616 -0.536633
vn -0.623097 -0.270685 0.733812
vn 0.761728 0.616628 -0.198846
vn 0.799430 0.027087 0.600148
vn -0.843216 -0.083364 -0.531072
vn -0.171193 0.529242 -0.831021
vn -0.837040 0.008631 -0.547073
vn -0.592397 -0.357714 0.721877
vn -0.363001 -0.173533 0.915487
vn 0.804347 0.413789 0.426386
vn -0.845969 -0.102037 -0.523378
vn -0.195415 0.565890 -0.800988
vn -0.840036 0.088249 -0.535304
vn -0.664502 -0.081712 0.742806
vn 0.786306 0.591164 -0.179580
vn 0.791002 0.022460 0.611401
vn -0.614612 0.378210 0.692249
vn 0.616236 -0.134650 0.775965
vn -0.845011 0.047110 -0.532670
vn -0.648131 -0.181946 0.739474
vn 0.776742 -0.023001 0.629399
vn 0.833287 0.515943 -0.198583
vn -0.821533 0.020445 -0.569794
vn -0.001964 0.364579 -0.931170
vn -0.821589 0.140723 -0.552439
vn -0.672426 0.101765 0.733135
vn -0.635044 0.322525 0.701924
vn 0.616116 -0.122309 0.778101
vn -0.831429 -0.011735 -0.555507
vn -0.025200 0.436545 -0.899329
vn -0.830642 0.123680 -0.542897
vn -0.671950 0.008158 0.740552
vn 0.723461 -0.073391 0.686453
vn 0.906590 0.364527 -0.212635
vn -0.335110 -0.236988 0.911887
vn 0.813238 0.392586 0.429559
vn -0.809131 0.168113 -0.563068
vn -0.667559 0.182663 0.721803
vn 0.701185 -0.106255 0.705018
vn 0.939684 0.248572 -0.234959
vn -0.845368 0.026305 -0.533537
vn 0.056770 0.257121 -0.964710
vn -0.793701 0.173288 -0.583104
vn -0.657862 0.244815 0.712239
vn -0.324247 -0.324869 0.888439
vn 0.821490 0.372704 0.431563
vn -0.836486 0.021214 -0.547577
vn 0.041979 0.325329 -0.944669
vn -0.770408 0.197121 -0.606313
vn -0.617166 0.372731 0.692948
vn 0.668382 -0.105595 0.736285
vn 0.952735 0.216037 -0.213599
vn -0.502200 0.654922 0.564688
vn 0.513852 -0.176373 0.839553
vn -0.531542 0.627067 0.569430
vn 0.003248 -0.547693 0.836673
vn -0.598769 0.525273 0.604619
vn -0.470768 -0.698695 0.538704
vn -0.774124 0.145414 0.616106
vn -0.616729 -0.692633 0.374040
vn -0.631901 -0.683183 0.366009
vn -0.627343 0.454906 0.632061
vn -0.747900 -0.634011 0.196663
vn -0.498153 0.608541 0.617674
vn -0.890742 -0.289325 -0.350527
vn -0.890742 -0.289325 -0.350527
vn -0.556731 0.578806 0.595847
vn -0.778562 0.152743 -0.608696
vn -0.527446 0.609352 0.592023
vn -0.815535 -0.358526 0.454271
vn -0.637764 -0.324882 -0.698362
vn -0.771439 0.190586 -0.607090
vn -0.637437 0.315880 0.702776
vn 0.646690 -0.124335 0.752551
vn 0.969704 0.098435 -0.223572
vn -0.841029 0.085457 -0.534198
vn 0.122476 0.115104 -0.985774
vn -0.775429 0.213242 -0.594338
vn -0.591333 0.438813 0.676586
vn -0.855222 -0.320459 0.407309
vn -0.680397 -0.351773 -0.642896
vn -0.844306 0.048733 -0.533640
vn 0.117912 0.204805 -0.971675
vn -0.768192 0.235775 -0.595223
vn -0.569203 0.498131 0.654120
vn 0.632967 -0.118982 0.764981
vn 0.972543 0.067154 -0.222823
vn 0.716776 0.692510 -0.081617
vn 0.810083 0.042670 0.584761
vn 0.744617 -0.069437 0.663871
vn 0.892343 0.396803 -0.215107
vn 0.627941 -0.121666 0.768692
vn 0.974493 -0.061209 -0.215911
vn -0.822379 0.135555 -0.552555
vn 0.134761 -0.020852 -0.990659
vn -0.754855 0.244191 -0.608740
vn -0.548411 0.553807 0.626532
vn 0.681128 0.729503 -0.062366
vn 0.811119 0.057778 0.582021
vn -0.831593 0.118361 -0.542627
vn 0.144849 0.063234 -0.987431
vn -0.672658 -0.022623 0.739608
vn 0.627153 -0.123708 0.769009
vn 0.624523 -0.118090 0.772027
vn 0.972453 -0.099034 -0.211013
vn -0.845393 -0.188236 -0.499878
vn -0.338856 0.629324 -0.699377
vn -0.731651 0.260838 -0.629802
vn -0.528413 0.598069 0.602572
vn 0.614828 -0.120617 0.779383
vn 0.956549 -0.209479 -0.202810
vn -0.797034 0.163013 -0.581519
vn 0.127580 -0.125207 -0.983893
vn -0.893756 0.417591 -0.163762
vn -0.665184 -0.533345 -0.522565
vn -0.840333 -0.181136 -0.510911
vn -0.318618 0.608841 -0.726495
vn -0.809892 0.159908 -0.564362
vn 0.149776 -0.064362 -0.986623
vn -0.834781 -0.294816 -0.464999
vn 0.081306 -0.947815 0.308279
vn 0.603393 -0.112863 0.789416
vn 0.950653 -0.237903 -0.199152
vn -0.622790 -0.305288 -0.720369
vn 0.051932 -0.997040 -0.056698
vn 0.643896 0.283309 -0.710728
vn -0.501473 0.635729 0.586833
vn 0.596014 -0.077754 0.799200
vn 0.381627 0.922275 0.061391
vn 0.845040 0.162470 0.509422
vn 0.318295 0.940304 0.120485
vn 0.840592 0.175242 0.512538
vn -0.836116 -0.234873 -0.495726
vn -0.004943 -0.918107 0.396301
vn 0.608276 -0.114593 0.785410
vn 0.932013 -0.318451 -0.173034
vn -0.766279 0.197352 -0.611448
vn 0.106683 -0.225218 -0.968450
vn -0.543699 -0.440714 0.714256
vn 0.724970 -0.081564 0.683934
vn -0.775751 -0.454763 -0.437494
vn -0.682529 0.606273 -0.408150
vn -0.777458 0.184301 -0.601326
vn 0.138619 -0.171458 -0.975391
vn -0.808333 -0.390719 -0.440382
vn 0.170801 -0.956347 0.237122
vn 0.617832 -0.127520 0.775901
vn 0.919238 -0.351150 -0.178029
vn -0.787496 -0.391189 -0.476257
vn -0.646711 0.612614 -0.454389
vn -0.247011 -0.754569 0.607956
vn 0.807160 0.036451 0.589206
vn 0.614616 -0.129645 0.778100
vn 0.895940 -0.419238 -0.146731
vn -0.771035 0.231284 -0.593307
vn 0.070856 -0.292613 -0.953602
vn -0.762060 -0.476683 -0.438220
vn 0.272818 -0.950615 0.147992
vn 0.621707 0.369077 -0.690842
vn 0.817593 0.370767 0.440537
vn -0.771523 0.215444 -0.598612
vn 0.101585 -0.256119 -0.961293
vn -0.524298 0.577500 0.625784
vn 0.571441 -0.104341 0.813983
vn 0.607118 -0.124303 0.784829
vn 0.882924 -0.447436 -0.142289
vn 0.669220 0.305058 -0.677558
vn 0.808583 0.395502 0.435627
vn -0.717958 -0.517675 -0.465348
vn 0.396864 -0.916671 0.047047
vn 0.583539 -0.123835 0.802588
vn 0.860885 -0.496136 -0.112808
vn -0.764823 0.230169 -0.601721
vn 0.059136 -0.344579 -0.936893
vn -0.679930 -0.535589 -0.500839
vn 0.505944 -0.861078 -0.050645
vn -0.661925 -0.123381 0.739346
vn 0.634220 -0.121570 0.763535
vn -0.766532 0.239089 -0.596041
vn 0.070701 -0.325490 -0.942899
vn -0.844770 -0.073323 -0.530083
vn -0.088751 0.463645 -0.881565
vn 0.578047 -0.112690 0.808185
vn 0.837934 -0.533434 -0.115392
vn 0.704713 0.224034 -0.673192
vn 0.793586 0.393546 0.464050
vn -0.663168 0.206936 0.719296
vn 0.606123 -0.115884 0.786883
vn 0.747650 0.102371 -0.656155
vn 0.770878 0.414617 0.483570
vn -0.742081 -0.441549 -0.504332
vn 0.791587 -0.194097 -0.579410
vn -0.645449 -0.199222 0.737364
vn 0.645286 -0.132112 0.752431
vn -0.740877 -0.439804 -0.507616
vn 0.786780 -0.100359 -0.609020
vn 0.784121 -0.412946 -0.463282
vn 0.785186 0.383389 0.486309
vn -0.102099 0.860803 0.498592
vn 0.768709 0.382928 0.512301
vn -0.672922 0.140981 0.726155
vn 0.615494 -0.126090 0.777990
vn 0.753890 -0.515357 -0.407501
vn 0.778417 0.382301 0.497909
vn -0.666859 -0.533130 -0.520645
vn 0.581797 -0.800314 -0.144947
vn 0.565077 -0.112013 0.817399
vn 0.806795 -0.584686 -0.084998
vn -0.733407 0.259486 -0.628316
vn 0.049116 -0.422103 -0.905216
vn -0.657046 -0.508047 -0.556937
vn 0.691845 -0.647677 -0.319163
vn -0.576366 -0.375258 0.725936
vn 0.706972 -0.121760 0.696681
vn 0.711533 -0.623774 -0.323459
vn 0.773956 0.385610 0.502291
vn -0.747899 0.245809 -0.616624
vn 0.060439 -0.389179 -0.919177
vn -0.659518 -0.516262 -0.546360
vn 0.639815 -0.732472 -0.232640
vn 0.580973 -0.095270 0.808328
vn 0.789886 -0.608599 -0.075413
vn 0.672806 -0.691881 -0.261978
vn 0.768469 0.384073 0.511803
vn -0.659233 -0.501009 -0.560716
vn 0.728654 -0.570122 -0.379507
vn 0.595962 -0.078630 0.799154
vn 0.778840 -0.624336 -0.060102
vn -0.175616 0.773620 0.608827
vn 0.773014 0.386288 0.503221
vn -0.668973 -0.497232 -0.552480
vn 0.765532 -0.449968 -0.459880
vn -0.983656 0.170806 0.056975
vn -0.660541 -0.502767 -0.557594
vn 0.617304 -0.766653 -0.176578
vn 0.771776 0.381524 0.508725
vn -0.694778 -0.477838 -0.537545
vn 0.778182 -0.360952 -0.513952
vn -0.963599 0.262665 -0.049844
vn -0.656476 -0.509109 -0.556639
vn -0.200399 0.748404 0.632243
vn 0.779238 0.384170 0.495179
vn -0.428327 -0.601471 0.674365
vn 0.769553 -0.037082 0.637505
vn 0.535770 -0.840118 -0.084573
vn 0.787618 0.383248 0.482472
vn -0.271371 0.609571 0.744836
vn 0.788946 0.384125 0.479595
vn 0.798259 -0.134199 -0.587174
vn 0.798922 0.400697 0.448515
vn -0.987439 -0.003999 0.157950
vn -0.680038 -0.499974 -0.536260
vn 0.445721 -0.895166 0.003300
vn 0.811144 0.347615 0.470329
vn -0.555484 0.512368 0.654917
vn 0.574088 -0.120456 0.809885
vn -0.994185 0.072794 0.079361
vn -0.666084 -0.504370 -0.549493
vn -0.297535 0.572028 0.764367
vn 0.796051 0.385825 0.466306
vn 0.341941 -0.930857 0.128772
vn 0.836697 0.244693 0.489963
vn 0.255158 -0.939339 0.229208
vn 0.848727 0.175034 0.499024
vn -0.332041 -0.702585 0.629383
vn 0.793898 0.013141 0.607909
vn 0.160122 -0.938128 0.307044
vn 0.845928 0.152241 0.511105
vn -0.183659 -0.810713 0.555890
vn 0.814578 0.055862 0.577359
vn 0.069420 -0.925682 0.371877
vn 0.842247 0.111681 0.527397
vn 0.766368 -0.027071 0.641832
vn 0.849190 0.490329 -0.196098
vn -0.032864 -0.898830 0.437063
vn 0.829535 0.077883 0.552997
vn -0.112464 -0.864820 0.489324
vn 0.821904 0.077079 0.564387
vn -0.929464 0.359397 -0.083249
vn -0.659204 -0.516957 -0.546082
vn 0.783050 -0.039251 -0.620720
vn 0.785867 0.407947 0.464749
vn -0.727797 -0.442505 -0.523929
vn 0.775297 -0.021761 -0.631222
vn 0.765298 0.422951 0.485213
vn 0.769721 0.025120 -0.637886
vn -0.711382 -0.428793 -0.556841
vn 0.758966 0.046846 -0.649443
vn 0.793021 0.384328 0.472662
vn 0.797810 -0.324915 -0.507868
vn -0.724080 -0.456400 -0.517115
vn 0.788444 -0.275967 -0.549726
vn -0.972848 0.051444 0.225654
vn -0.623356 0.781871 -0.010265
vn 0.003007 0.978392 -0.206739
vn -0.973386 0.052200 0.223148
vn -0.636214 0.728264 -0.254684
vn 0.050067 0.979381 -0.195718
vn -0.806830 0.126343 0.577116
vn -0.987266 -0.032418 -0.155740
vn -0.636004 0.728542 -0.254411
vn -0.514363 0.183435 0.837724
vn -0.548987 0.676604 -0.490734
vn 0.041348 0.982853 -0.179692
vn -0.157140 0.208790 0.965253
vn -0.849524 -0.108540 -0.516263
vn -0.548517 0.677532 -0.489978
vn 0.229400 0.205810 0.951324
vn -0.373124 0.636883 -0.674654
vn 0.028089 0.985275 -0.168655
vn 0.577323 0.171789 0.798239
vn -0.576233 -0.171326 -0.799127
vn -0.373110 0.637050 -0.674505
vn 0.846441 0.109205 0.521165
vn -0.145573 0.613993 -0.775772
vn 0.012402 0.986550 -0.162990
vn 0.985494 0.032784 0.166513
vn -0.225078 -0.205946 -0.952327
vn -0.145593 0.614316 -0.775512
vn 0.975893 -0.050509 -0.212324
vn -0.004154 0.986662 -0.162727
vn 0.108068 0.610593 -0.784536
vn 0.815617 -0.125571 -0.564802
vn 0.107808 0.611597 -0.783790
vn 0.163621 -0.209570 -0.964006
vn 0.529392 -0.182108 -0.828602
vn -0.019864 0.985621 -0.167800
vn 0.346814 0.629783 -0.695049
vn 0.161666 -0.210102 -0.964221
vn 0.346804 0.630013 -0.694845
vn 0.530657 -0.181435 -0.827940
vn -0.227939 -0.206248 -0.951580
vn -0.033513 0.983404 -0.178305
vn 0.533114 0.665880 -0.521914
vn -0.581462 -0.171652 -0.795259
vn 0.532933 0.665699 -0.522328
vn 0.816369 -0.124686 -0.563911
vn -0.848836 -0.107814 -0.517545
vn -0.042802 0.980132 -0.193675
vn 0.633364 0.716539 -0.292271
vn -0.986117 -0.031390 -0.163058
vn 0.632649 0.716859 -0.293035
vn 0.976030 -0.049727 -0.211877
vn -0.623832 0.781483 -0.010832
vn 0.051875 0.975340 -0.214525
vn -0.810688 0.126370 0.571678
vn -0.519973 0.827279 0.212692
vn -0.519979 0.827549 0.211624
vn 0.045618 0.971365 -0.233171
vn -0.524565 0.184306 0.831182
vn -0.336664 0.862624 0.377540
vn -0.336102 0.862957 0.377280
vn 0.031087 0.968128 -0.248521
vn -0.166034 0.210551 0.963380
vn -0.105905 0.880060 0.462902
vn -0.105850 0.880104 0.462831
vn 0.011775 0.966525 -0.256303
vn 0.143335 0.877891 0.456906
vn 0.223633 0.207544 0.952320
vn -0.009197 0.966765 -0.255500
vn 0.143194 0.878025 0.456691
vn 0.370923 0.856443 0.359058
vn 0.572538 0.170398 0.801976
vn -0.027831 0.968809 -0.246243
vn 0.370748 0.856543 0.358998
vn 0.543406 0.818749 0.185361
vn 0.842613 0.112844 0.526564
vn -0.040322 0.972114 -0.231017
vn 0.543340 0.818685 0.185840
vn 0.637877 0.768717 -0.046773
vn 0.985372 0.033697 0.167052
vn -0.045640 0.976296 -0.211572
vn 0.638357 0.768357 -0.046121
vn 0.412174 0.195698 0.889840
vn 0.270346 0.867717 0.417110
vn 0.412657 0.191558 0.890517
vn -0.014763 0.968562 -0.248334
vn 0.270594 0.867727 0.416928
vn 0.730469 0.142329 0.667951
vn -0.029397 0.970364 -0.239855
vn 0.475786 0.836492 0.271864
vn 0.473463 0.837042 0.274214
vn 0.727367 0.145557 0.670635
vn -0.040884 0.973306 -0.225839
vn 0.606998 0.792187 0.063184
vn 0.607291 0.792038 0.062243
vn 0.935499 0.072495 0.345813
vn 0.935499 0.072495 0.345813
vn 0.935669 0.071978 0.345460
vn 0.935669 0.071978 0.345460
vn -0.046315 0.977012 -0.208093
vn 0.647498 0.741633 -0.175291
vn 0.645988 0.740282 -0.186231
vn 0.999430 -0.011089 -0.031872
vn 0.999479 -0.010057 -0.030655
vn -0.044101 0.981046 -0.188688
vn 0.593716 0.689756 -0.414413
vn 0.586824 0.688725 -0.425788
vn 0.910581 -0.091696 -0.403031
vn 0.910482 -0.091848 -0.403221
vn -0.033670 0.984687 -0.171050
vn 0.446414 0.645590 -0.619619
vn 0.682706 -0.158534 -0.713288
vn 0.442042 0.645572 -0.622765
vn 0.682458 -0.158829 -0.713460
vn -0.015983 0.987155 -0.158965
vn 0.229470 0.617936 -0.751996
vn 0.231433 0.618841 -0.750650
vn 0.351145 -0.201352 -0.914415
vn 0.350535 -0.201818 -0.914546
vn -0.015775 0.610256 -0.792047
vn 0.004673 0.987847 -0.155360
vn -0.034297 -0.213624 -0.976314
vn -0.021508 0.611214 -0.791173
vn -0.034708 -0.213935 -0.976231
vn -0.264214 0.623266 -0.736024
vn 0.026140 0.986609 -0.160997
vn -0.413153 -0.192863 -0.890005
vn -0.263777 0.623908 -0.735636
vn -0.415019 -0.193809 -0.888930
vn -0.471061 0.655806 -0.589932
vn 0.042211 0.983775 -0.174371
vn -0.729136 -0.143039 -0.669254
vn -0.465583 0.655472 -0.594634
vn -0.731817 -0.144460 -0.666014
vn -0.601076 0.700276 -0.385125
vn 0.050630 0.980109 -0.191891
vn -0.936938 -0.073137 -0.341758
vn -0.602227 0.701634 -0.380831
vn -0.935230 -0.071356 -0.346777
vn -0.642716 0.752669 -0.142845
vn 0.051501 0.976095 -0.211153
vn -0.999461 0.009999 0.031258
vn -0.642084 0.754209 -0.137467
vn -0.999501 0.010280 0.029859
vn -0.911299 0.091233 0.401511
vn -0.588455 0.802659 0.097256
vn 0.045133 0.972611 -0.228016
vn -0.911106 0.091140 0.401969
vn -0.585054 0.804404 0.103181
vn -0.682431 0.157004 0.713889
vn -0.440312 0.845552 0.301940
vn 0.033677 0.969992 -0.240792
vn -0.687503 0.159456 0.708459
vn -0.440569 0.845400 0.301989
vn -0.352923 0.200883 0.913833
vn -0.223595 0.872836 0.433777
vn 0.018098 0.968328 -0.249026
vn -0.355343 0.201966 0.912656
vn -0.228442 0.872555 0.431811
vn 0.033124 0.212498 0.976600
vn 0.001951 0.967879 -0.251410
vn 0.024122 0.880582 0.473279
vn 0.022824 0.880423 0.473639
vn 0.028282 0.215053 0.976193
vn -0.979645 0.007134 0.200609
vn -0.017985 0.991650 -0.127701
vn 0.920472 -0.035705 -0.389175
vn -0.980263 0.008111 0.197532
vn -0.020301 0.990873 -0.133263
vn 0.920993 -0.034724 -0.388029
vn -0.827647 0.059288 0.558109
vn -0.980721 -0.046067 -0.189906
vn -0.020255 0.991532 -0.128274
vn -0.550863 0.102481 0.828280
vn 0.999777 0.018372 -0.010368
vn -0.192087 0.129573 0.972786
vn -0.835469 -0.091223 -0.541913
vn -0.021652 0.991289 -0.129909
vn 0.201442 0.136133 0.969994
vn -0.828418 0.058857 0.557010
vn -0.016032 0.991522 -0.128946
vn 0.562657 0.122446 0.817572
vn -0.561978 -0.123027 -0.817951
vn -0.020783 0.990962 -0.132525
vn 0.833907 0.091208 0.544316
vn 0.833907 0.091208 0.544316
vn -0.553915 0.102582 0.826229
vn -0.015343 0.991253 -0.131077
vn 0.980092 0.045248 0.193319
vn -0.196732 -0.136792 -0.970868
vn -0.018501 0.990845 -0.133734
vn 0.980909 -0.008343 -0.194287
vn -0.020204 0.991511 -0.128447
vn 0.979523 0.046826 0.195813
vn 0.830653 -0.060221 -0.553525
vn -0.016327 0.990976 -0.133043
vn 0.198101 -0.128348 -0.971742
vn 0.555119 -0.103177 -0.825347
vn -0.021300 0.991231 -0.130413
vn 0.832008 0.092714 0.546962
vn 0.832008 0.092714 0.546962
vn 0.194234 -0.129574 -0.972360
vn -0.015153 0.991272 -0.130956
vn 0.560370 -0.100748 -0.822092
vn -0.199822 -0.137362 -0.970156
vn -0.020613 0.990952 -0.132625
vn 0.556844 0.124714 0.821201
vn -0.564062 -0.123225 -0.816486
vn -0.015704 0.991587 -0.128483
vn 0.833848 -0.057561 -0.548985
vn -0.834531 -0.090550 -0.543469
vn -0.018588 0.990845 -0.133718
vn 0.197959 0.136909 0.970602
vn -0.980088 -0.045000 -0.193400
vn -0.017960 0.991655 -0.127664
vn 0.981858 -0.005784 -0.189528
vn -0.192454 0.129399 0.972737
vn -0.016319 0.990976 -0.133043
vn 0.700075 -0.084695 -0.709029
vn -0.021536 0.991130 -0.131137
vn 0.701618 -0.083378 -0.707658
vn -0.020995 0.991459 -0.128718
vn 0.375223 -0.119324 -0.919222
vn 0.373261 -0.120559 -0.919860
vn -0.018971 0.991681 -0.127314
vn -0.009139 -0.137543 -0.990454
vn -0.009607 -0.137693 -0.990428
vn -0.390413 -0.133927 -0.910846
vn -0.016512 0.991673 -0.127719
vn -0.391876 -0.134762 -0.910095
vn -0.713358 -0.110576 -0.692022
vn -0.015181 0.991456 -0.129553
vn -0.713585 -0.110858 -0.691742
vn -0.927229 -0.070381 -0.367822
vn -0.015317 0.991118 -0.132101
vn -0.926673 -0.069666 -0.369357
vn -0.999759 -0.019040 0.010902
vn -0.017136 0.990822 -0.134081
vn -0.999773 -0.018744 0.010136
vn -0.920486 0.034667 0.389235
vn -0.019557 0.990863 -0.133444
vn -0.921092 0.035129 0.387756
vn -0.703315 0.084177 0.705877
vn -0.020823 0.991089 -0.131567
vn -0.701332 0.082868 0.708002
vn -0.377179 0.119836 0.918354
vn -0.020684 0.991369 -0.129457
vn -0.376619 0.119439 0.918636
vn -0.019258 0.991571 -0.128129
vn 0.005838 0.137557 0.990477
vn 0.005715 0.137531 0.990481
vn -0.017006 0.991577 -0.128401
vn 0.386502 0.135277 0.912314
vn 0.389163 0.133665 0.911420
vn -0.015613 0.991360 -0.130237
vn 0.710315 0.111722 0.694961
vn 0.712016 0.110168 0.693466
vn -0.016149 0.991085 -0.132247
vn 0.926348 0.070340 0.370043
vn 0.926108 0.070668 0.370581
vn -0.017925 0.990833 -0.133899
vn 0.999769 0.019657 -0.008723
vn -0.019463 0.991218 -0.130800
f 230/230/230 232/232/232 227/227/227
f 338/338/338 281/281/281 337/337/337
f 274/274/274 113/113/113 356/356/356
f 1545/1545/1545 1485/1485/1485 1484/1484/1484
f 1485/1485/1485 1545/1545/1545 1544/1544/1544
f 1543/1543/1543 1542/1542/1542 854/854/854
f 983/983/983 984/984/984 360/360/360
f 32/32/32 854/854/854 1411/1411/1411
f 101/101/101 1251/1251/1251 1409/1409/1409
f 360/360/360 1406/1406/1406 983/983/983
f 1475/1475/1475 1406/1406/1406 360/360/360
f 1395/1395/1395 1420/1420/1420 984/984/984
f 64/64/64 1420/1420/1420 1395/1395/1395
f 193/193/193 1469/1469/1469 69/69/69
f 1474/1474/1474 1469/1469/1469 193/193/193
f 1468/1468/1468 1467/1467/1467 69/69/69
f 1475/1475/1475 1404/1404/1404 1406/1406/1406
f 1464/1464/1464 1404/1404/1404 1475/1475/1475
f 1438/1438/1438 1458/1458/1458 1464/1464/1464
f 1440/1440/1440 1458/1458/1458 1438/1438/1438
f 1445/1445/1445 1127/1127/1127 1456/1456/1456
f 1104/1104/1104 1127/1127/1127 1445/1445/1445
f 1104/1104/1104 1439/1439/1439 1102/1102/1102
f 1445/1445/1445 1439/1439/1439 1104/1104/1104
f 1395/1395/1395 1397/1397/1397 64/64/64
f 1504/1504/1504 1478/1478/1478 100/100/100
f 1478/1478/1478 1504/1504/1504 1503/1503/1503
f 1478/1478/1478 172/172/172 100/100/100
f 101/101/101 1409/1409/1409 854/854/854
f 1450/1450/1450 1433/1433/1433 1451/1451/1451
f 1434/1434/1434 1433/1433/1433 1450/1450/1450
f 1208/1208/1208 241/241/241 1205/1205/1205
f 1205/1205/1205 1206/1206/1206 1208/1208/1208
f 1198/1198/1198 1196/1196/1196 350/350/350
f 1201/1201/1201 1198/1198/1198 283/283/283
f 1196/1196/1196 33/33/33 350/350/350
f 288/288/288 120/120/120 283/283/283
f 1439/1439/1439 1160/1160/1160 1102/1102/1102
f 1441/1441/1441 1160/1160/1160 1439/1439/1439
f 1138/1138/1138 1437/1437/1437 1436/1436/1436
f 1184/1184/1184 1437/1437/1437 1138/1138/1138
f 1138/1138/1138 1435/1435/1435 1136/1136/1136
f 1436/1436/1436 1435/1435/1435 1138/1138/1138
f 241/241/241 1455/1455/1455 1454/1454/1454
f 1184/1184/1184 1438/1438/1438 1437/1437/1437
f 1186/1186/1186 1438/1438/1438 1184/1184/1184
f 1132/1132/1132 1426/1426/1426 1167/1167/1167
f 1418/1418/1418 1426/1426/1426 1132/1132/1132
f 1453/1453/1453 1452/1452/1452 241/241/241
f 37/37/37 1446/1446/1446 2/2/2
f 1209/1209/1209 1457/1457/1457 37/37/37
f 2/2/2 1140/1140/1140 1111/1111/1111
f 1131/1131/1131 1421/1421/1421 1129/1129/1129
f 1422/1422/1422 1421/1421/1421 1131/1131/1131
f 1418/1418/1418 1132/1132/1132 1144/1144/1144
f 1107/1107/1107 1423/1423/1423 1422/1422/1422
f 1109/1109/1109 1423/1423/1423 1107/1107/1107
f 1425/1425/1425 1424/1424/1424 1116/1116/1116
f 1016/1016/1016 976/976/976 1039/1039/1039
f 1007/1007/1007 1001/1001/1001 1005/1005/1005
f 1051/1051/1051 979/979/979 1049/1049/1049
f 1056/1056/1056 495/495/495 1041/1041/1041
f 1092/1092/1092 497/497/497 1090/1090/1090
f 1084/1084/1084 492/492/492 1082/1082/1082
f 1037/1037/1037 396/396/396 1035/1035/1035
f 1094/1094/1094 187/187/187 1098/1098/1098
f 1047/1047/1047 483/483/483 1045/1045/1045
f 1022/1022/1022 988/988/988 1019/1019/1019
f 1026/1026/1026 990/990/990 1030/1030/1030
f 1076/1076/1076 437/437/437 1074/1074/1074
f 1070/1070/1070 993/993/993 1068/1068/1068
f 1060/1060/1060 995/995/995 1058/1058/1058
f 1014/1014/1014 997/997/997 1012/1012/1012
f 1024/1024/1024 999/999/999 1063/1063/1063
f 556/556/556 1522/1522/1522 973/973/973
f 1523/1523/1523 1522/1522/1522 556/556/556
f 64/64/64 1499/1499/1499 496/496/496
f 383/383/383 1249/1249/1249 863/863/863
f 1525/1525/1525 962/962/962 1526/1526/1526
f 960/960/960 962/962/962 1525/1525/1525
f 369/369/369 563/563/563 1463/1463/1463
f 100/100/100 1506/1506/1506 1505/1505/1505
f 992/992/992 1506/1506/1506 100/100/100
f 992/992/992 1492/1492/1492 1506/1506/1506
f 1530/1530/1530 969/969/969 1531/1531/1531
f 957/957/957 969/969/969 1530/1530/1530
f 563/563/563 975/975/975 1516/1516/1516
f 962/962/962 1527/1527/1527 1526/1526/1526
f 955/955/955 1527/1527/1527 962/962/962
f 1528/1528/1528 957/957/957 1529/1529/1529
f 955/955/955 957/957/957 1528/1528/1528
f 447/447/447 346/346/346 771/771/771
f 992/992/992 100/100/100 191/191/191
f 896/896/896 879/879/879 893/893/893
f 899/899/899 892/892/892 897/897/897
f 1411/1411/1411 1329/1329/1329 32/32/32
f 906/906/906 768/768/768 369/369/369
f 757/757/757 884/884/884 733/733/733
f 635/635/635 884/884/884 757/757/757
f 115/115/115 378/378/378 696/696/696
f 748/748/748 378/378/378 194/194/194
f 115/115/115 780/780/780 174/174/174
f 788/788/788 365/365/365 791/791/791
f 643/643/643 365/365/365 729/729/729
f 643/643/643 734/734/734 642/642/642
f 505/505/505 642/642/642 688/688/688
f 505/505/505 758/758/758 646/646/646
f 646/646/646 721/721/721 650/650/650
f 105/105/105 650/650/650 742/742/742
f 190/190/190 105/105/105 674/674/674
f 190/190/190 704/704/704 301/301/301
f 354/354/354 301/301/301 658/658/658
f 354/354/354 681/681/681 304/304/304
f 309/309/309 294/294/294 665/665/665
f 972/972/972 644/644/644 795/795/795
f 706/706/706 260/260/260 447/447/447
f 972/972/972 795/795/795 346/346/346
f 769/769/769 644/644/644 755/755/755
f 814/814/814 167/167/167 692/692/692
f 763/763/763 827/827/827 778/778/778
f 777/777/777 645/645/645 716/716/716
f 834/834/834 645/645/645 778/778/778
f 1643/1643/1643 530/530/530 528/528/528
f 1656/1656/1656 530/530/530 1643/1643/1643
f 287/287/287 366/366/366 349/349/349
f 41/41/41 431/431/431 11/11/11
f 260/260/260 248/248/248 431/431/431
f 648/648/648 621/621/621 180/180/180
f 648/648/648 188/188/188 621/621/621
f 691/691/691 718/718/718 651/651/651
f 359/359/359 364/364/364 608/608/608
f 597/597/597 377/377/377 608/608/608
f 655/655/655 108/108/108 178/178/178
f 181/181/181 178/178/178 448/448/448
f 735/735/735 685/685/685 737/737/737
f 728/728/728 745/745/745 730/730/730
f 74/74/74 855/855/855 683/683/683
f 169/169/169 303/303/303 168/168/168
f 313/313/313 605/605/605 302/302/302
f 639/639/639 596/596/596 313/313/313
f 640/640/640 634/634/634 638/638/638
f 599/599/599 596/596/596 637/637/637
f 752/752/752 751/751/751 753/753/753
f 297/297/297 632/632/632 629/629/629
f 96/96/96 84/84/84 93/93/93
f 529/529/529 430/430/430 544/544/544
f 994/994/994 1432/1432/1432 996/996/996
f 181/181/181 448/448/448 649/649/649
f 374/374/374 1672/1672/1672 1671/1671/1671
f 501/501/501 1672/1672/1672 374/374/374
f 1671/1671/1671 141/141/141 374/374/374
f 1670/1670/1670 141/141/141 1671/1671/1671
f 501/501/501 1673/1673/1673 1672/1672/1672
f 460/460/460 1673/1673/1673 501/501/501
f 304/304/304 449/449/449 354/354/354
f 568/568/568 269/269/269 624/624/624
f 326/326/326 589/589/589 586/586/586
f 397/397/397 597/597/597 418/418/418
f 503/503/503 425/425/425 506/506/506
f 592/592/592 614/614/614 514/514/514
f 578/578/578 579/579/579 291/291/291
f 613/613/613 394/394/394 421/421/421
f 462/462/462 503/503/503 588/588/588
f 584/584/584 185/185/185 575/575/575
f 290/290/290 289/289/289 577/577/577
f 459/459/459 460/460/460 252/252/252
f 400/400/400 150/150/150 459/459/459
f 583/583/583 27/27/27 388/388/388
f 125/125/125 27/27/27 583/583/583
f 370/370/370 631/631/631 583/583/583
f 177/177/177 180/180/180 510/510/510
f 297/297/297 326/326/326 632/632/632
f 589/589/589 326/326/326 581/581/581
f 1256/1256/1256 1384/1384/1384 1231/1231/1231
f 389/389/389 388/388/388 526/526/526
f 194/194/194 389/389/389 520/520/520
f 135/135/135 125/125/125 393/393/393
f 27/27/27 125/125/125 135/135/135
f 133/133/133 393/393/393 45/45/45
f 48/48/48 1685/1685/1685 44/44/44
f 1684/1684/1684 1685/1685/1685 48/48/48
f 14/14/14 362/362/362 542/542/542
f 306/306/306 415/415/415 131/131/131
f 534/534/534 138/138/138 349/349/349
f 11/11/11 248/248/248 130/130/130
f 247/247/247 195/195/195 116/116/116
f 1297/1297/1297 1296/1296/1296 1242/1242/1242
f 853/853/853 1249/1249/1249 101/101/101
f 394/394/394 613/613/613 624/624/624
f 397/397/397 418/418/418 421/421/421
f 503/503/503 462/462/462 425/425/425
f 590/590/590 59/59/59 587/587/587
f 633/633/633 111/111/111 630/630/630
f 598/598/598 156/156/156 595/595/595
f 604/604/604 164/164/164 600/600/600
f 413/413/413 622/622/622 321/321/321
f 421/421/421 500/500/500 613/613/613
f 1382/1382/1382 1332/1332/1332 1336/1336/1336
f 573/573/573 578/578/578 571/571/571
f 625/625/625 452/452/452 423/423/423
f 499/499/499 623/623/623 564/564/564
f 594/594/594 611/611/611 592/592/592
f 392/392/392 1573/1573/1573 1571/1571/1571
f 410/410/410 1573/1573/1573 392/392/392
f 519/519/519 1567/1567/1567 134/134/134
f 1569/1569/1569 1567/1567/1567 519/519/519
f 1330/1330/1330 1412/1412/1412 1245/1245/1245
f 192/192/192 13/13/13 1272/1272/1272
f 1335/1335/1335 1333/1333/1333 1350/1350/1350
f 1064/1064/1064 1072/1072/1072 1025/1025/1025
f 1059/1059/1059 1057/1057/1057 1061/1061/1061
f 438/438/438 991/991/991 1415/1415/1415
f 989/989/989 482/482/482 1416/1416/1416
f 1419/1419/1419 1494/1494/1494 1493/1493/1493
f 580/580/580 43/43/43 576/576/576
f 649/649/649 305/305/305 189/189/189
f 169/169/169 636/636/636 303/303/303
f 364/364/364 108/108/108 615/615/615
f 602/602/602 238/238/238 618/618/618
f 99/99/99 424/424/424 17/17/17
f 626/626/626 176/176/176 628/628/628
f 500/500/500 421/421/421 512/512/512
f 84/84/84 96/96/96 158/158/158
f 142/142/142 430/430/430 263/263/263
f 1420/1420/1420 496/496/496 495/495/495
f 64/64/64 496/496/496 1420/1420/1420
f 1144/1144/1144 1129/1129/1129 1418/1418/1418
f 830/830/830 828/828/828 832/832/832
f 848/848/848 847/847/847 849/849/849
f 467/467/467 106/106/106 86/86/86
f 467/467/467 253/253/253 106/106/106
f 474/474/474 329/329/329 317/317/317
f 131/131/131 363/363/363 474/474/474
f 425/425/425 453/453/453 508/508/508
f 96/96/96 450/450/450 81/81/81
f 206/206/206 213/213/213 96/96/96
f 767/767/767 766/766/766 746/746/746
f 527/527/527 1604/1604/1604 1601/1601/1601
f 538/538/538 1604/1604/1604 527/527/527
f 39/39/39 40/40/40 4/4/4
f 380/380/380 88/88/88 82/82/82
f 1305/1305/1305 1293/1293/1293 1266/1266/1266
f 745/745/745 767/767/767 731/731/731
f 1286/1286/1286 1360/1360/1360 1413/1413/1413
f 345/345/345 466/466/466 280/280/280
f 342/342/342 345/345/345 338/338/338
f 1232/1232/1232 1248/1248/1248 1309/1309/1309
f 1228/1228/1228 1260/1260/1260 1279/1279/1279
f 1607/1607/1607 537/537/537 540/540/540
f 1603/1603/1603 537/537/537 1607/1607/1607
f 183/183/183 432/432/432 179/179/179
f 339/339/339 330/330/330 422/422/422
f 70/70/70 339/339/339 109/109/109
f 275/275/275 327/327/327 91/91/91
f 252/252/252 507/507/507 459/459/459
f 1250/1250/1250 494/494/494 1252/1252/1252
f 473/473/473 14/14/14 472/472/472
f 426/426/426 15/15/15 153/153/153
f 676/676/676 675/675/675 664/664/664
f 787/787/787 672/672/672 673/673/673
f 660/660/660 659/659/659 715/715/715
f 672/672/672 787/787/787 683/683/683
f 666/666/666 732/732/732 310/310/310
f 137/137/137 1625/1625/1625 1623/1623/1623
f 136/136/136 1625/1625/1625 137/137/137
f 1566/1566/1566 1627/1627/1627 532/532/532
f 1629/1629/1629 1627/1627/1627 1566/1566/1566
f 119/119/119 97/97/97 431/431/431
f 147/147/147 270/270/270 463/463/463
f 349/349/349 131/131/131 475/475/475
f 477/477/477 292/292/292 476/476/476
f 478/478/478 298/298/298 477/477/477
f 652/652/652 551/551/551 919/919/919
f 372/372/372 90/90/90 245/245/245
f 429/429/429 373/373/373 404/404/404
f 268/268/268 318/318/318 49/49/49
f 404/404/404 246/246/246 272/272/272
f 609/609/609 261/261/261 606/606/606
f 253/253/253 151/151/151 343/343/343
f 403/403/403 80/80/80 428/428/428
f 119/119/119 1683/1683/1683 1682/1682/1682
f 431/431/431 1683/1683/1683 119/119/119
f 255/255/255 139/139/139 80/80/80
f 255/255/255 271/271/271 56/56/56
f 1178/1178/1178 1177/1177/1177 1180/1180/1180
f 934/934/934 933/933/933 936/936/936
f 311/311/311 409/409/409 436/436/436
f 1155/1155/1155 1153/1153/1153 1156/1156/1156
f 1342/1342/1342 1326/1326/1326 1327/1327/1327
f 1320/1320/1320 1268/1268/1268 1393/1393/1393
f 1402/1402/1402 1344/1344/1344 1345/1345/1345
f 1340/1340/1340 1325/1325/1325 1408/1408/1408
f 1351/1351/1351 1313/1313/1313 1352/1352/1352
f 1347/1347/1347 1337/1337/1337 1348/1348/1348
f 1358/1358/1358 1357/1357/1357 1359/1359/1359
f 1275/1275/1275 1273/1273/1273 1246/1246/1246
f 1322/1322/1322 1267/1267/1267 1269/1269/1269
f 1271/1271/1271 1281/1281/1281 484/484/484
f 1294/1294/1294 490/490/490 1292/1292/1292
f 1203/1203/1203 1200/1200/1200 1207/1207/1207
f 943/943/943 22/22/22 942/942/942
f 1317/1317/1317 1229/1229/1229 1319/1319/1319
f 1283/1283/1283 1366/1366/1366 1237/1237/1237
f 546/546/546 947/947/947 486/486/486
f 1043/1043/1043 1042/1042/1042 1044/1044/1044
f 1028/1028/1028 1027/1027/1027 1029/1029/1029
f 1067/1067/1067 1066/1066/1066 1069/1069/1069
f 1011/1011/1011 1010/1010/1010 1013/1013/1013
f 1004/1004/1004 1003/1003/1003 1006/1006/1006
f 1088/1088/1088 1087/1087/1087 1089/1089/1089
f 1033/1033/1033 1032/1032/1032 1034/1034/1034
f 1050/1050/1050 1048/1048/1048 1052/1052/1052
f 34/34/34 1197/1197/1197 35/35/35
f 1210/1210/1210 1209/1209/1209 36/36/36
f 18/18/18 19/19/19 330/330/330
f 339/339/339 1681/1681/1681 1680/1680/1680
f 70/70/70 1681/1681/1681 339/339/339
f 706/706/706 747/747/747 260/260/260
f 411/411/411 179/179/179 317/317/317
f 1679/1679/1679 339/339/339 1680/1680/1680
f 330/330/330 339/339/339 1679/1679/1679
f 107/107/107 344/344/344 481/481/481
f 107/107/107 481/481/481 21/21/21
f 709/709/709 690/690/690 765/765/765
f 427/427/427 443/443/443 371/371/371
f 88/88/88 183/183/183 411/411/411
f 5/5/5 6/6/6 19/19/19
f 179/179/179 412/412/412 65/65/65
f 193/193/193 69/69/69 268/268/268
f 1321/1321/1321 1394/1394/1394 1396/1396/1396
f 1405/1405/1405 1403/1403/1403 1407/1407/1407
f 1363/1363/1363 1361/1361/1361 1365/1365/1365
f 1367/1367/1367 1314/1314/1314 1369/1369/1369
f 1375/1375/1375 487/487/487 1377/1377/1377
f 1384/1384/1384 1382/1382/1382 1386/1386/1386
f 1412/1412/1412 1410/1410/1410 1414/1414/1414
f 384/384/384 192/192/192 485/485/485
f 692/692/692 693/693/693 814/814/814
f 118/118/118 314/314/314 380/380/380
f 287/287/287 349/349/349 476/476/476
f 442/442/442 79/79/79 244/244/244
f 33/33/33 38/38/38 367/367/367
f 747/747/747 750/750/750 248/248/248
f 750/750/750 749/749/749 247/247/247
f 316/316/316 145/145/145 300/300/300
f 754/754/754 794/794/794 755/755/755
f 308/308/308 439/439/439 407/407/407
f 793/793/793 756/756/756 790/790/790
f 790/790/790 789/789/789 793/793/793
f 67/67/67 122/122/122 140/140/140
f 1185/1185/1185 1183/1183/1183 1187/1187/1187
f 763/763/763 709/709/709 764/764/764
f 1205/1205/1205 1203/1203/1203 1206/1206/1206
f 300/300/300 402/402/402 282/282/282
f 1115/1115/1115 1113/1113/1113 1117/1117/1117
f 1130/1130/1130 1128/1128/1128 1121/1121/1121
f 1168/1168/1168 1166/1166/1166 1169/1169/1169
f 145/145/145 129/129/129 243/243/243
f 1330/1330/1330 1245/1245/1245 1332/1332/1332
f 36/36/36 1429/1429/1429 1/1/1
f 267/267/267 631/631/631 252/252/252
f 160/160/160 402/402/402 275/275/275
f 1213/1213/1213 1212/1212/1212 126/126/126
f 1213/1213/1213 126/126/126 1215/1215/1215
f 1200/1200/1200 1199/1199/1199 1204/1204/1204
f 282/282/282 160/160/160 118/118/118
f 741/741/741 673/673/673 743/743/743
f 40/40/40 39/39/39 35/35/35
f 94/94/94 1676/1676/1676 1675/1675/1675
f 398/398/398 1676/1676/1676 94/94/94
f 399/399/399 1678/1678/1678 1677/1677/1677
f 18/18/18 1678/1678/1678 399/399/399
f 863/863/863 992/992/992 383/383/383
f 361/361/361 147/147/147 471/471/471
f 430/430/430 361/361/361 472/472/472
f 391/391/391 1579/1579/1579 1576/1576/1576
f 541/541/541 1579/1579/1579 391/391/391
f 470/470/470 147/147/147 469/469/469
f 152/152/152 253/253/253 468/468/468
f 567/567/567 619/619/619 434/434/434
f 251/251/251 1214/1214/1214 264/264/264
f 454/454/454 627/627/627 336/336/336
f 1256/1256/1256 1231/1231/1231 1257/1257/1257
f 1261/1261/1261 1304/1304/1304 1263/1263/1263
f 1240/1240/1240 1234/1234/1234 1290/1290/1290
f 128/128/128 129/129/129 79/79/79
f 254/254/254 270/270/270 361/361/361
f 142/142/142 254/254/254 430/430/430
f 1565/1565/1565 1581/1581/1581 543/543/543
f 1583/1583/1583 1581/1581/1581 1565/1565/1565
f 143/143/143 315/315/315 348/348/348
f 149/149/149 151/151/151 152/152/152
f 611/611/611 594/594/594 511/511/511
f 20/20/20 154/154/154 86/86/86
f 79/79/79 307/307/307 132/132/132
f 277/277/277 436/436/436 140/140/140
f 119/119/119 70/70/70 97/97/97
f 68/68/68 57/57/57 123/123/123
f 57/57/57 62/62/62 127/127/127
f 18/18/18 1679/1679/1679 1678/1678/1678
f 330/330/330 1679/1679/1679 18/18/18
f 87/87/87 89/89/89 86/86/86
f 464/464/464 465/465/465 278/278/278
f 278/278/278 279/279/279 258/258/258
f 259/259/259 92/92/92 258/258/258
f 92/92/92 93/93/93 83/83/83
f 408/408/408 444/444/444 331/331/331
f 94/94/94 401/401/401 398/398/398
f 90/90/90 372/372/372 733/733/733
f 125/125/125 631/631/631 393/393/393
f 432/432/432 275/275/275 412/412/412
f 102/102/102 276/276/276 288/288/288
f 435/435/435 323/323/323 309/309/309
f 388/388/388 389/389/389 377/377/377
f 583/583/583 388/388/388 597/597/597
f 597/597/597 397/397/397 583/583/583
f 269/269/269 385/385/385 394/394/394
f 714/714/714 660/660/660 753/753/753
f 6/6/6 7/7/7 333/333/333
f 53/53/53 1617/1617/1617 1615/1615/1615
f 50/50/50 1617/1617/1617 53/53/53
f 441/441/441 1613/1613/1613 1611/1611/1611
f 26/26/26 1613/1613/1613 441/441/441
f 35/35/35 1195/1195/1195 36/36/36
f 29/29/29 15/15/15 344/344/344
f 393/393/393 267/267/267 141/141/141
f 945/945/945 939/939/939 950/950/950
f 80/80/80 403/403/403 255/255/255
f 255/255/255 56/56/56 139/139/139
f 267/267/267 252/252/252 374/374/374
f 87/87/87 154/154/154 348/348/348
f 272/272/272 319/319/319 61/61/61
f 968/968/968 956/956/956 967/967/967
f 1585/1585/1585 515/515/515 1587/1587/1587
f 63/63/63 515/515/515 1585/1585/1585
f 381/381/381 382/382/382 367/367/367
f 146/146/146 298/298/298 103/103/103
f 549/549/549 970/970/970 548/548/548
f 401/401/401 94/94/94 400/400/400
f 4/4/4 5/5/5 257/257/257
f 1589/1589/1589 523/523/523 1591/1591/1591
f 516/516/516 523/523/523 1589/1589/1589
f 385/385/385 507/507/507 370/370/370
f 377/377/377 378/378/378 182/182/182
f 367/367/367 368/368/368 350/350/350
f 284/284/284 283/283/283 351/351/351
f 566/566/566 433/433/433 624/624/624
f 418/418/418 608/608/608 512/512/512
f 359/359/359 174/174/174 364/364/364
f 364/364/364 365/365/365 108/108/108
f 166/166/166 642/642/642 448/448/448
f 305/305/305 650/650/650 168/168/168
f 168/168/168 105/105/105 169/169/169
f 354/354/354 634/634/634 301/301/301
f 294/294/294 295/295/295 304/304/304
f 323/323/323 324/324/324 294/294/294
f 288/288/288 289/289/289 102/102/102
f 283/283/283 284/284/284 288/288/288
f 1217/1217/1217 1282/1282/1282 1219/1219/1219
f 71/71/71 293/293/293 90/90/90
f 25/25/25 13/13/13 1303/1303/1303
f 184/184/184 171/171/171 290/290/290
f 295/295/295 324/324/324 296/296/296
f 449/449/449 295/295/295 638/638/638
f 302/302/302 601/601/601 188/188/188
f 634/634/634 640/640/640 636/636/636
f 982/982/982 1387/1387/1387 985/985/985
f 1390/1390/1390 1389/1389/1389 1300/1300/1300
f 199/199/199 201/201/201 196/196/196
f 207/207/207 211/211/211 203/203/203
f 214/214/214 217/217/217 208/208/208
f 221/221/221 225/225/225 215/215/215
f 234/234/234 236/236/236 229/229/229
f 200/200/200 197/197/197 234/234/234
f 292/292/292 77/77/77 287/287/287
f 280/280/280 240/240/240 299/299/299
f 240/240/240 466/466/466 348/348/348
f 237/237/237 198/198/198 92/92/92
f 96/96/96 93/93/93 206/206/206
f 338/338/338 280/280/280 281/281/281
f 1/1/1 40/40/40 36/36/36
f 1335/1335/1335 1350/1350/1350 1385/1385/1385
f 809/809/809 808/808/808 810/810/810
f 91/91/91 170/170/170 75/75/75
f 155/155/155 307/307/307 144/144/144
f 480/480/480 153/153/153 479/479/479
f 919/919/919 926/926/926 652/652/652
f 40/40/40 1/1/1 5/5/5
f 480/480/480 481/481/481 153/153/153
f 76/76/76 298/298/298 479/479/479
f 490/490/490 1317/1317/1317 1318/1318/1318
f 298/298/298 146/146/146 292/292/292
f 1595/1595/1595 524/524/524 531/531/531
f 1593/1593/1593 524/524/524 1595/1595/1595
f 1373/1373/1373 1223/1223/1223 980/980/980
f 372/372/372 440/440/440 773/773/773
f 1312/1312/1312 1372/1372/1372 1353/1353/1353
f 504/504/504 385/385/385 506/506/506
f 144/144/144 129/129/129 316/316/316
f 698/698/698 697/697/697 680/680/680
f 947/947/947 945/945/945 949/949/949
f 1100/1100/1100 1099/1099/1099 1101/1101/1101
f 38/38/38 3/3/3 381/381/381
f 1599/1599/1599 533/533/533 525/525/525
f 1597/1597/1597 533/533/533 1599/1599/1599
f 243/243/243 128/128/128 442/442/442
f 887/887/887 885/885/885 889/889/889
f 967/967/967 966/966/966 968/968/968
f 70/70/70 1682/1682/1682 1681/1681/1681
f 119/119/119 1682/1682/1682 70/70/70
f 507/507/507 385/385/385 502/502/502
f 402/402/402 145/145/145 327/327/327
f 327/327/327 243/243/243 170/170/170
f 1400/1400/1400 1343/1343/1343 1366/1366/1366
f 1675/1675/1675 150/150/150 94/94/94
f 1674/1674/1674 150/150/150 1675/1675/1675
f 381/381/381 95/95/95 382/382/382
f 318/318/318 268/268/268 264/264/264
f 679/679/679 698/698/698 772/772/772
f 136/136/136 1627/1627/1627 1625/1625/1625
f 532/532/532 1627/1627/1627 136/136/136
f 153/153/153 334/334/334 76/76/76
f 488/488/488 1316/1316/1316 1380/1380/1380
f 314/314/314 160/160/160 432/432/432
f 1472/1472/1472 884/884/884 635/635/635
f 1471/1471/1471 884/884/884 1472/1472/1472
f 884/884/884 1471/1471/1471 71/71/71
f 148/148/148 95/95/95 400/400/400
f 663/663/663 667/667/667 668/668/668
f 954/954/954 961/961/961 953/953/953
f 49/49/49 293/293/293 268/268/268
f 82/82/82 411/411/411 159/159/159
f 412/412/412 91/91/91 242/242/242
f 18/18/18 399/399/399 19/19/19
f 620/620/620 285/285/285 616/616/616
f 770/770/770 679/679/679 771/771/771
f 102/102/102 323/323/323 276/276/276
f 102/102/102 171/171/171 323/323/323
f 325/325/325 324/324/324 184/184/184
f 961/961/961 959/959/959 963/963/963
f 88/88/88 314/314/314 183/183/183
f 170/170/170 442/442/442 161/161/161
f 838/838/838 836/836/836 839/839/839
f 822/822/822 821/821/821 824/824/824
f 865/865/865 864/864/864 867/867/867
f 893/893/893 905/905/905 896/896/896
f 558/558/558 557/557/557 560/560/560
f 916/916/916 914/914/914 917/917/917
f 1147/1147/1147 1146/1146/1146 1149/1149/1149
f 921/921/921 920/920/920 923/923/923
f 341/341/341 342/342/342 337/337/337
f 545/545/545 1621/1621/1621 1619/1619/1619
f 416/416/416 1621/1621/1621 545/545/545
f 401/401/401 95/95/95 256/256/256
f 92/92/92 259/259/259 341/341/341
f 345/345/345 342/342/342 279/279/279
f 1429/1429/1429 1430/1430/1430 1/1/1
f 1428/1428/1428 1430/1430/1430 1429/1429/1429
f 466/466/466 345/345/345 465/465/465
f 348/348/348 347/347/347 87/87/87
f 21/21/21 8/8/8 155/155/155
f 92/92/92 341/341/341 237/237/237
f 341/341/341 337/337/337 233/233/233
f 337/337/337 239/239/239 226/226/226
f 473/473/473 328/328/328 14/14/14
f 450/450/450 239/239/239 379/379/379
f 239/239/239 450/450/450 220/220/220
f 351/351/351 508/508/508 284/284/284
f 351/351/351 368/368/368 508/508/508
f 368/368/368 382/382/382 506/506/506
f 504/504/504 382/382/382 502/502/502
f 459/459/459 502/502/502 400/400/400
f 150/150/150 1673/1673/1673 460/460/460
f 1674/1674/1674 1673/1673/1673 150/150/150
f 463/463/463 461/461/461 152/152/152
f 463/463/463 152/152/152 469/469/469
f 85/85/85 89/89/89 464/464/464
f 89/89/89 347/347/347 465/465/465
f 468/468/468 467/467/467 85/85/85
f 469/469/469 468/468/468 464/464/464
f 464/464/464 278/278/278 469/469/469
f 471/471/471 470/470/470 258/258/258
f 472/472/472 471/471/471 83/83/83
f 83/83/83 84/84/84 472/472/472
f 475/475/475 474/474/474 65/65/65
f 476/476/476 475/475/475 242/242/242
f 242/242/242 75/75/75 476/476/476
f 75/75/75 161/161/161 477/477/477
f 479/479/479 478/478/478 244/244/244
f 244/244/244 132/132/132 479/479/479
f 132/132/132 8/8/8 480/480/480
f 328/328/328 473/473/473 158/158/158
f 929/929/929 927/927/927 931/931/931
f 759/759/759 671/671/671 761/761/761
f 777/777/777 670/670/670 778/778/778
f 670/670/670 762/762/762 779/779/779
f 647/647/647 862/862/862 716/716/716
f 646/646/646 320/320/320 505/505/505
f 843/843/843 841/841/841 844/844/844
f 803/803/803 802/802/802 805/805/805
f 858/858/858 857/857/857 859/859/859
f 872/872/872 871/871/871 874/874/874
f 899/899/899 897/897/897 900/900/900
f 817/817/817 816/816/816 818/818/818
f 798/798/798 797/797/797 799/799/799
f 880/880/880 879/879/879 881/881/881
f 386/386/386 588/588/588 433/433/433
f 1081/1081/1081 1080/1080/1080 1083/1083/1083
f 613/613/613 565/565/565 624/624/624
f 623/623/623 499/499/499 420/420/420
f 452/452/452 625/625/625 454/454/454
f 423/423/423 387/387/387 569/569/569
f 564/564/564 603/603/603 567/567/567
f 974/974/974 554/554/554 555/555/555
f 954/954/954 953/953/953 956/956/956
f 462/462/462 451/451/451 425/425/425
f 269/269/269 568/568/568 588/588/588
f 909/909/909 908/908/908 910/910/910
f 904/904/904 894/894/894 952/952/952
f 549/549/549 548/548/548 551/551/551
f 941/941/941 939/939/939 942/942/942
f 340/340/340 31/31/31 486/486/486
f 1124/1124/1124 1123/1123/1123 1125/1125/1125
f 1054/1054/1054 1055/1055/1055 1079/1079/1079
f 1038/1038/1038 1086/1086/1086 1017/1017/1017
f 959/959/959 555/555/555 964/964/964
f 1415/1415/1415 994/994/994 438/438/438
f 1161/1161/1161 1159/1159/1159 1162/1162/1162
f 1416/1416/1416 991/991/991 989/989/989
f 1135/1135/1135 1134/1134/1134 1137/1137/1137
f 69/69/69 1469/1469/1469 1468/1468/1468
f 560/560/560 931/931/931 558/558/558
f 974/974/974 562/562/562 554/554/554
f 929/929/929 916/916/916 927/927/927
f 914/914/914 908/908/908 918/918/918
f 923/923/923 31/31/31 921/921/921
f 904/904/904 925/925/925 894/894/894
f 1516/1516/1516 1515/1515/1515 563/563/563
f 1020/1020/1020 1018/1018/1018 1021/1021/1021
f 1095/1095/1095 1093/1093/1093 1096/1096/1096
f 1075/1075/1075 1073/1073/1073 1077/1077/1077
f 612/612/612 608/608/608 615/615/615
f 394/394/394 370/370/370 397/397/397
f 508/508/508 335/335/335 577/577/577
f 453/453/453 335/335/335 508/508/508
f 588/588/588 386/386/386 462/462/462
f 1133/1133/1133 1145/1145/1145 1143/1143/1143
f 503/503/503 385/385/385 269/269/269
f 1106/1106/1106 1105/1105/1105 1108/1108/1108
f 578/578/578 573/573/573 579/579/579
f 585/585/585 52/52/52 582/582/582
f 1192/1192/1192 1190/1190/1190 1194/1194/1194
f 1173/1173/1173 1172/1172/1172 1174/1174/1174
f 1158/1158/1158 1112/1112/1112 1120/1120/1120
f 509/509/509 355/355/355 513/513/513
f 591/591/591 375/375/375 593/593/593
f 602/602/602 622/622/622 238/238/238
f 626/626/626 424/424/424 176/176/176
f 456/456/456 574/574/574 458/458/458
f 185/185/185 584/584/584 581/581/581
f 188/188/188 610/610/610 607/607/607
f 1211/1211/1211 1201/1201/1201 283/283/283
f 493/493/493 1374/1374/1374 1253/1253/1253
f 1243/1243/1243 1333/1333/1333 1298/1298/1298
f 1238/1238/1238 1236/1236/1236 1285/1285/1285
f 1224/1224/1224 1355/1355/1355 1225/1225/1225
f 1388/1388/1388 1226/1226/1226 986/986/986
f 1301/1301/1301 24/24/24 1391/1391/1391
f 1310/1310/1310 1308/1308/1308 1233/1233/1233
f 1283/1283/1283 1237/1237/1237 1222/1222/1222
f 1294/1294/1294 1292/1292/1292 1307/1307/1307
f 1276/1276/1276 1229/1229/1229 1277/1277/1277
f 458/458/458 572/572/572 406/406/406
f 17/17/17 570/570/570 445/445/445
f 321/321/321 419/419/419 357/357/357
f 375/375/375 591/591/591 352/352/352
f 273/273/273 355/355/355 616/616/616
f 249/249/249 285/285/285 606/606/606
f 162/162/162 261/261/261 600/600/600
f 112/112/112 164/164/164 595/595/595
f 73/73/73 156/156/156 630/630/630
f 55/55/55 111/111/111 587/587/587
f 47/47/47 59/59/59 582/582/582
f 10/10/10 52/52/52 576/576/576
f 456/456/456 43/43/43 574/574/574
f 194/194/194 520/520/520 517/517/517
f 349/349/349 536/536/536 534/534/534
f 124/124/124 1611/1611/1611 1609/1609/1609
f 441/441/441 1611/1611/1611 124/124/124
f 14/14/14 542/542/542 544/544/544
f 389/389/389 526/526/526 539/539/539
f 388/388/388 27/27/27 78/78/78
f 50/50/50 1619/1619/1619 1617/1617/1617
f 545/545/545 1619/1619/1619 50/50/50
f 362/362/362 414/414/414 417/417/417
f 1579/1579/1579 543/543/543 1581/1581/1581
f 541/541/541 543/543/543 1579/1579/1579
f 131/131/131 138/138/138 306/306/306
f 247/247/247 116/116/116 130/130/130
f 519/519/519 1571/1571/1571 1569/1569/1569
f 392/392/392 1571/1571/1571 519/519/519
f 1575/1575/1575 410/410/410 390/390/390
f 1573/1573/1573 410/410/410 1575/1575/1575
f 134/134/134 1629/1629/1629 1566/1566/1566
f 1567/1567/1567 1629/1629/1629 134/134/134
f 663/663/663 676/676/676 667/667/667
f 656/656/656 712/712/712 703/703/703
f 301/301/301 636/636/636 190/190/190
f 599/599/599 637/637/637 629/629/629
f 707/707/707 739/739/739 695/695/695
f 712/712/712 711/711/711 657/657/657
f 757/757/757 707/707/707 776/776/776
f 703/703/703 702/702/702 656/656/656
f 739/739/739 775/775/775 708/708/708
f 90/90/90 733/733/733 71/71/71
f 687/687/687 710/710/710 689/689/689
f 692/692/692 684/684/684 693/693/693
f 684/684/684 738/738/738 694/694/694
f 642/642/642 166/166/166 643/643/643
f 510/510/510 514/514/514 177/177/177
f 608/608/608 182/182/182 359/359/359
f 726/726/726 795/795/795 786/786/786
f 785/785/785 726/726/726 784/784/784
f 781/781/781 785/785/785 783/783/783
f 174/174/174 359/359/359 115/115/115
f 320/320/320 646/646/646 305/305/305
f 305/305/305 649/649/649 320/320/320
f 719/719/719 717/717/717 725/725/725
f 717/717/717 716/716/716 720/720/720
f 722/722/722 719/719/719 724/724/724
f 730/730/730 731/731/731 735/735/735
f 737/737/737 738/738/738 687/687/687
f 728/728/728 789/789/789 745/745/745
f 753/753/753 657/657/657 752/752/752
f 695/695/695 714/714/714 776/776/776
f 767/767/767 794/794/794 766/766/766
f 694/694/694 746/746/746 693/693/693
f 745/745/745 790/790/790 767/767/767
f 685/685/685 731/731/731 694/694/694
f 705/705/705 675/675/675 656/656/656
f 678/678/678 743/743/743 664/664/664
f 673/673/673 725/725/725 787/787/787
f 664/664/664 744/744/744 667/667/667
f 682/682/682 659/659/659 708/708/708
f 662/662/662 702/702/702 715/715/715
f 667/667/667 672/672/672 669/669/669
f 787/787/787 720/720/720 691/691/691
f 666/666/666 775/775/775 732/732/732
f 772/772/772 747/747/747 771/771/771
f 671/671/671 690/690/690 779/779/779
f 710/710/710 738/738/738 765/765/765
f 680/680/680 750/750/750 772/772/772
f 700/700/700 749/749/749 680/680/680
f 756/756/756 786/786/786 755/755/755
f 793/793/793 784/784/784 756/756/756
f 792/792/792 783/783/783 793/793/793
f 779/779/779 709/709/709 778/778/778
f 765/765/765 684/684/684 764/764/764
f 741/741/741 724/724/724 673/673/673
f 773/773/773 707/707/707 733/733/733
f 708/708/708 660/660/660 695/695/695
f 715/715/715 703/703/703 753/753/753
f 732/732/732 739/739/739 773/773/773
f 781/781/781 697/697/697 785/785/785
f 785/785/785 698/698/698 726/726/726
f 712/712/712 663/663/663 711/711/711
f 726/726/726 679/679/679 795/795/795
f 689/689/689 690/690/690 759/759/759
f 722/722/722 761/761/761 719/719/719
f 717/717/717 670/670/670 716/716/716
f 719/719/719 762/762/762 717/717/717
f 656/656/656 676/676/676 712/712/712
f 736/736/736 686/686/686 642/642/642
f 788/788/788 727/727/727 365/365/365
f 1544/1544/1544 1543/1543/1543 854/854/854
f 505/505/505 688/688/688 758/758/758
f 668/668/668 877/877/877 711/711/711
f 641/641/641 877/877/877 668/668/668
f 774/774/774 665/665/665 304/304/304
f 354/354/354 658/658/658 681/681/681
f 701/701/701 661/661/661 301/301/301
f 748/748/748 699/699/699 378/378/378
f 760/760/760 721/721/721 646/646/646
f 115/115/115 696/696/696 780/780/780
f 742/742/742 677/677/677 105/105/105
f 190/190/190 674/674/674 704/704/704
f 650/650/650 723/723/723 740/740/740
f 771/771/771 706/706/706 447/447/447
f 643/643/643 729/729/729 734/734/734
f 877/877/877 713/713/713 711/711/711
f 104/104/104 713/713/713 877/877/877
f 104/104/104 752/752/752 713/713/713
f 766/766/766 754/754/754 369/369/369
f 556/556/556 1524/1524/1524 1523/1523/1523
f 960/960/960 1524/1524/1524 556/556/556
f 174/174/174 782/782/782 791/791/791
f 167/167/167 827/827/827 764/764/764
f 651/651/651 74/74/74 691/691/691
f 668/668/668 669/669/669 641/641/641
f 751/751/751 635/635/635 776/776/776
f 104/104/104 635/635/635 751/751/751
f 845/845/845 830/830/830 844/844/844
f 828/828/828 805/805/805 833/833/833
f 849/849/849 841/841/841 848/848/848
f 860/860/860 851/851/851 859/859/859
f 810/810/810 874/874/874 809/809/809
f 803/803/803 812/812/812 802/802/802
f 872/872/872 887/887/887 871/871/871
f 885/885/885 900/900/900 890/890/890
f 820/820/820 838/838/838 818/818/818
f 836/836/836 857/857/857 840/840/840
f 824/824/824 816/816/816 822/822/822
f 801/801/801 826/826/826 799/799/799
f 867/867/867 797/797/797 865/865/865
f 883/883/883 869/869/869 881/881/881
f 693/693/693 768/768/768 114/114/114
f 1500/1500/1500 1499/1499/1499 64/64/64
f 975/975/975 563/563/563 755/755/755
f 936/936/936 952/952/952 934/934/934
f 912/912/912 938/938/938 910/910/910
f 1003/1003/1003 1072/1072/1072 1008/1008/1008
f 1065/1065/1065 1011/1011/1011 1025/1025/1025
f 1010/1010/1010 1057/1057/1057 1015/1015/1015
f 1062/1062/1062 1067/1067/1067 1061/1061/1061
f 1023/1023/1023 1043/1043/1043 1021/1021/1021
f 1042/1042/1042 1096/1096/1096 1046/1046/1046
f 1028/1028/1028 1018/1018/1018 1027/1027/1027
f 1078/1078/1078 1029/1029/1029 1077/1077/1077
f 1066/1066/1066 1073/1073/1073 1071/1071/1071
f 1009/1009/1009 1004/1004/1004 1017/1017/1017
f 1085/1085/1085 1088/1088/1088 1083/1083/1083
f 1087/1087/1087 1079/1079/1079 1091/1091/1091
f 1095/1095/1095 1033/1033/1033 1093/1093/1093
f 1032/1032/1032 1080/1080/1080 1036/1036/1036
f 1052/1052/1052 1086/1086/1086 1050/1050/1050
f 1054/1054/1054 1053/1053/1053 1055/1055/1055
f 993/993/993 1070/1070/1070 1074/1074/1074
f 1016/1016/1016 1005/1005/1005 976/976/976
f 1001/1001/1001 1007/1007/1007 1063/1063/1063
f 1024/1024/1024 1012/1012/1012 999/999/999
f 997/997/997 1014/1014/1014 1058/1058/1058
f 1026/1026/1026 1019/1019/1019 990/990/990
f 988/988/988 1022/1022/1022 1045/1045/1045
f 1076/1076/1076 1030/1030/1030 437/437/437
f 1094/1094/1094 1035/1035/1035 187/187/187
f 396/396/396 1037/1037/1037 1082/1082/1082
f 483/483/483 1047/1047/1047 1098/1098/1098
f 1056/1056/1056 1049/1049/1049 495/495/495
f 979/979/979 1051/1051/1051 1039/1039/1039
f 995/995/995 1060/1060/1060 1068/1068/1068
f 492/492/492 1084/1084/1084 1090/1090/1090
f 497/497/497 1092/1092/1092 1041/1041/1041
f 1189/1189/1189 1178/1178/1178 1194/1194/1194
f 1177/1177/1177 1174/1174/1174 1182/1182/1182
f 1156/1156/1156 1120/1120/1120 1155/1155/1155
f 1173/1173/1173 1157/1157/1157 1172/1172/1172
f 1187/1187/1187 1162/1162/1162 1185/1185/1185
f 1139/1139/1139 1188/1188/1188 1137/1137/1137
f 1117/1117/1117 1134/1134/1134 1115/1115/1115
f 1110/1110/1110 1118/1118/1118 1108/1108/1108
f 1121/1121/1121 1105/1105/1105 1130/1130/1130
f 1119/1119/1119 1142/1142/1142 1143/1143/1143
f 1169/1169/1169 1145/1145/1145 1168/1168/1168
f 1158/1158/1158 1170/1170/1170 1112/1112/1112
f 1161/1161/1161 1100/1100/1100 1159/1159/1159
f 1099/1099/1099 1125/1125/1125 1103/1103/1103
f 1124/1124/1124 1147/1147/1147 1123/1123/1123
f 1146/1146/1146 1190/1190/1190 1151/1151/1151
f 1136/1136/1136 1425/1425/1425 1116/1116/1116
f 1435/1435/1435 1425/1425/1425 1136/1136/1136
f 1131/1131/1131 1107/1107/1107 1422/1422/1422
f 1424/1424/1424 1109/1109/1109 1114/1114/1114
f 1423/1423/1423 1109/1109/1109 1424/1424/1424
f 241/241/241 498/498/498 1455/1455/1455
f 1111/1111/1111 1165/1165/1165 2/2/2
f 241/241/241 1454/1454/1454 1453/1453/1453
f 2/2/2 1154/1154/1154 1140/1140/1140
f 446/446/446 1214/1214/1214 69/69/69
f 1214/1214/1214 446/446/446 1206/1206/1206
f 1195/1195/1195 1200/1200/1200 1210/1210/1210
f 1204/1204/1204 1213/1213/1213 1207/1207/1207
f 1200/1200/1200 1195/1195/1195 1199/1199/1199
f 1210/1210/1210 1203/1203/1203 1209/1209/1209
f 1207/1207/1207 1215/1215/1215 1206/1206/1206
f 1202/1202/1202 1212/1212/1212 1204/1204/1204
f 1297/1297/1297 1288/1288/1288 1296/1296/1296
f 1349/1349/1349 1242/1242/1242 1348/1348/1348
f 1305/1305/1305 1380/1380/1380 1293/1293/1293
f 1315/1315/1315 1266/1266/1266 1353/1353/1353
f 1286/1286/1286 1253/1253/1253 1360/1360/1360
f 1244/1244/1244 1413/1413/1413 1298/1298/1298
f 1400/1400/1400 1248/1248/1248 1343/1343/1343
f 1235/1235/1235 1372/1372/1372 1309/1309/1309
f 488/488/488 1260/1260/1260 1316/1316/1316
f 1230/1230/1230 1385/1385/1385 1279/1279/1279
f 1250/1250/1250 384/384/384 494/494/494
f 1410/1410/1410 1252/1252/1252 1287/1287/1287
f 1227/1227/1227 1342/1342/1342 1225/1225/1225
f 1326/1326/1326 1285/1285/1285 1328/1328/1328
f 1320/1320/1320 986/986/986 1268/1268/1268
f 1302/1302/1302 1393/1393/1393 1391/1391/1391
f 1238/1238/1238 1402/1402/1402 1236/1236/1236
f 1344/1344/1344 1233/1233/1233 1346/1346/1346
f 1340/1340/1340 1222/1222/1222 1325/1325/1325
f 1388/1388/1388 1408/1408/1408 1226/1226/1226
f 1310/1310/1310 1313/1313/1313 1308/1308/1308
f 1354/1354/1354 1307/1307/1307 1352/1352/1352
f 1278/1278/1278 1337/1337/1337 1277/1277/1277
f 1359/1359/1359 980/980/980 1358/1358/1358
f 1373/1373/1373 1273/1273/1273 1223/1223/1223
f 1280/1280/1280 1300/1300/1300 1246/1246/1246
f 1390/1390/1390 1322/1322/1322 1389/1389/1389
f 1267/1267/1267 1355/1355/1355 1270/1270/1270
f 1271/1271/1271 24/24/24 1281/1281/1281
f 493/493/493 484/484/484 1374/1374/1374
f 1396/1396/1396 985/985/985 1321/1321/1321
f 173/173/173 1398/1398/1398 1303/1303/1303
f 982/982/982 1405/1405/1405 1387/1387/1387
f 1403/1403/1403 1219/1219/1219 1339/1339/1339
f 1217/1217/1217 1363/1363/1363 1282/1282/1282
f 1361/1361/1361 1290/1290/1290 1399/1399/1399
f 1367/1367/1367 1263/1263/1263 1314/1314/1314
f 1240/1240/1240 1369/1369/1369 1234/1234/1234
f 1375/1375/1375 1257/1257/1257 487/487/487
f 1261/1261/1261 1377/1377/1377 1304/1304/1304
f 1485/1485/1485 1544/1544/1544 854/854/854
f 854/854/854 1542/1542/1542 101/101/101
f 1411/1411/1411 854/854/854 1409/1409/1409
f 1467/1467/1467 1466/1466/1466 69/69/69
f 69/69/69 1466/1466/1466 446/446/446
f 498/498/498 1127/1127/1127 1122/1122/1122
f 100/100/100 172/172/172 12/12/12
f 1433/1433/1433 1434/1434/1434 1205/1205/1205
f 1208/1208/1208 1206/1206/1206 1216/1216/1216
f 283/283/283 1198/1198/1198 350/350/350
f 350/350/350 33/33/33 367/367/367
f 283/283/283 120/120/120 1211/1211/1211
f 37/37/37 1447/1447/1447 1446/1446/1446
f 1116/1116/1116 1424/1424/1424 1114/1114/1114
f 1039/1039/1039 976/976/976 979/979/979
f 1001/1001/1001 1476/1476/1476 1005/1005/1005
f 1049/1049/1049 979/979/979 495/495/495
f 1041/1041/1041 495/495/495 497/497/497
f 1090/1090/1090 497/497/497 492/492/492
f 1082/1082/1082 492/492/492 396/396/396
f 1035/1035/1035 396/396/396 187/187/187
f 1098/1098/1098 187/187/187 483/483/483
f 1045/1045/1045 483/483/483 988/988/988
f 1019/1019/1019 988/988/988 990/990/990
f 1030/1030/1030 990/990/990 437/437/437
f 1074/1074/1074 437/437/437 993/993/993
f 1068/1068/1068 993/993/993 995/995/995
f 1058/1058/1058 995/995/995 997/997/997
f 1012/1012/1012 997/997/997 999/999/999
f 1063/1063/1063 999/999/999 1001/1001/1001
f 863/863/863 1249/1249/1249 853/853/853
f 369/369/369 1533/1533/1533 1564/1564/1564
f 1463/1463/1463 1533/1533/1533 369/369/369
f 563/563/563 1515/1515/1515 1514/1514/1514
f 969/969/969 1532/1532/1532 1531/1531/1531
f 971/971/971 1532/1532/1532 969/969/969
f 1516/1516/1516 1532/1532/1532 971/971/971
f 955/955/955 1528/1528/1528 1527/1527/1527
f 957/957/957 1530/1530/1530 1529/1529/1529
f 771/771/771 346/346/346 770/770/770
f 1509/1509/1509 1537/1537/1537 1536/1536/1536
f 1508/1508/1508 1537/1537/1537 1509/1509/1509
f 1508/1508/1508 1538/1538/1538 1537/1537/1537
f 1507/1507/1507 1538/1538/1538 1508/1508/1508
f 191/191/191 100/100/100 12/12/12
f 1507/1507/1507 1539/1539/1539 1538/1538/1538
f 1506/1506/1506 1539/1539/1539 1507/1507/1507
f 893/893/893 879/879/879 880/880/880
f 897/897/897 892/892/892 905/905/905
f 369/369/369 768/768/768 766/766/766
f 696/696/696 378/378/378 699/699/699
f 194/194/194 378/378/378 389/389/389
f 174/174/174 780/780/780 782/782/782
f 791/791/791 365/365/365 174/174/174
f 729/729/729 365/365/365 727/727/727
f 642/642/642 734/734/734 736/736/736
f 688/688/688 642/642/642 686/686/686
f 646/646/646 758/758/758 760/760/760
f 650/650/650 721/721/721 723/723/723
f 742/742/742 650/650/650 740/740/740
f 674/674/674 105/105/105 677/677/677
f 301/301/301 704/704/704 701/701/701
f 658/658/658 301/301/301 661/661/661
f 304/304/304 681/681/681 774/774/774
f 665/665/665 294/294/294 304/304/304
f 795/795/795 644/644/644 769/769/769
f 447/447/447 260/260/260 97/97/97
f 346/346/346 795/795/795 770/770/770
f 755/755/755 644/644/644 975/975/975
f 692/692/692 167/167/167 764/764/764
f 778/778/778 827/827/827 834/834/834
f 716/716/716 645/645/645 647/647/647
f 778/778/778 645/645/645 777/777/777
f 349/349/349 366/366/366 536/536/536
f 180/180/180 621/621/621 617/617/617
f 621/621/621 188/188/188 607/607/607
f 651/651/651 718/718/718 862/862/862
f 608/608/608 364/364/364 615/615/615
f 608/608/608 377/377/377 182/182/182
f 178/178/178 108/108/108 166/166/166
f 448/448/448 178/178/178 166/166/166
f 737/737/737 685/685/685 738/738/738
f 730/730/730 745/745/745 731/731/731
f 683/683/683 855/855/855 669/669/669
f 168/168/168 303/303/303 189/189/189
f 302/302/302 605/605/605 601/601/601
f 313/313/313 596/596/596 605/605/605
f 638/638/638 634/634/634 449/449/449
f 637/637/637 596/596/596 639/639/639
f 753/753/753 751/751/751 714/714/714
f 544/544/544 430/430/430 14/14/14
f 649/649/649 448/448/448 320/320/320
f 354/354/354 449/449/449 634/634/634
f 624/624/624 269/269/269 394/394/394
f 418/418/418 597/597/597 608/608/608
f 506/506/506 425/425/425 508/508/508
f 514/514/514 614/614/614 654/654/654
f 291/291/291 579/579/579 575/575/575
f 421/421/421 394/394/394 397/397/397
f 588/588/588 503/503/503 269/269/269
f 575/575/575 185/185/185 291/291/291
f 577/577/577 289/289/289 284/284/284
f 252/252/252 460/460/460 501/501/501
f 459/459/459 150/150/150 460/460/460
f 583/583/583 631/631/631 125/125/125
f 510/510/510 180/180/180 617/617/617
f 632/632/632 326/326/326 586/586/586
f 581/581/581 326/326/326 185/185/185
f 1231/1231/1231 1384/1384/1384 1386/1386/1386
f 526/526/526 388/388/388 78/78/78
f 520/520/520 389/389/389 539/539/539
f 135/135/135 393/393/393 133/133/133
f 45/45/45 393/393/393 141/141/141
f 356/356/356 113/113/113 157/157/157
f 542/542/542 362/362/362 417/417/417
f 131/131/131 415/415/415 363/363/363
f 349/349/349 138/138/138 131/131/131
f 116/116/116 195/195/195 518/518/518
f 1242/1242/1242 1296/1296/1296 1299/1299/1299
f 101/101/101 1249/1249/1249 1251/1251/1251
f 587/587/587 59/59/59 55/55/55
f 630/630/630 111/111/111 73/73/73
f 595/595/595 156/156/156 112/112/112
f 600/600/600 164/164/164 162/162/162
f 321/321/321 622/622/622 419/419/419
f 613/613/613 500/500/500 565/565/565
f 1336/1336/1336 1332/1332/1332 1334/1334/1334
f 571/571/571 578/578/578 336/336/336
f 423/423/423 452/452/452 387/387/387
f 564/564/564 623/623/623 603/603/603
f 592/592/592 611/611/611 614/614/614
f 1245/1245/1245 1412/1412/1412 1414/1414/1414
f 1272/1272/1272 13/13/13 25/25/25
f 1350/1350/1350 1333/1333/1333 1243/1243/1243
f 1025/1025/1025 1072/1072/1072 1065/1065/1065
f 1061/1061/1061 1057/1057/1057 1062/1062/1062
f 991/991/991 1416/1416/1416 1415/1415/1415
f 576/576/576 43/43/43 10/10/10
f 189/189/189 305/305/305 168/168/168
f 303/303/303 636/636/636 312/312/312
f 615/615/615 108/108/108 655/655/655
f 618/618/618 238/238/238 445/445/445
f 17/17/17 424/424/424 570/570/570
f 628/628/628 176/176/176 406/406/406
f 512/512/512 421/421/421 418/418/418
f 158/158/158 96/96/96 81/81/81
f 1129/1129/1129 1421/1421/1421 1418/1418/1418
f 832/832/832 828/828/828 833/833/833
f 849/849/849 847/847/847 851/851/851
f 86/86/86 106/106/106 20/20/20
f 106/106/106 253/253/253 343/343/343
f 317/317/317 329/329/329 159/159/159
f 474/474/474 363/363/363 329/329/329
f 81/81/81 450/450/450 379/379/379
f 96/96/96 213/213/213 450/450/450
f 746/746/746 766/766/766 768/768/768
f 4/4/4 40/40/40 5/5/5
f 82/82/82 88/88/88 411/411/411
f 1266/1266/1266 1293/1293/1293 1306/1306/1306
f 731/731/731 767/767/767 746/746/746
f 1413/1413/1413 1360/1360/1360 1289/1289/1289
f 280/280/280 466/466/466 240/240/240
f 338/338/338 345/345/345 280/280/280
f 1309/1309/1309 1248/1248/1248 1235/1235/1235
f 1279/1279/1279 1260/1260/1260 1230/1230/1230
f 179/179/179 432/432/432 412/412/412
f 422/422/422 330/330/330 333/333/333
f 109/109/109 339/339/339 422/422/422
f 91/91/91 327/327/327 170/170/170
f 459/459/459 507/507/507 502/502/502
f 1252/1252/1252 494/494/494 1254/1254/1254
f 472/472/472 14/14/14 430/430/430
f 153/153/153 15/15/15 334/334/334
f 664/664/664 675/675/675 678/678/678
f 673/673/673 672/672/672 744/744/744
f 715/715/715 659/659/659 662/662/662
f 683/683/683 787/787/787 691/691/691
f 310/310/310 732/732/732 440/440/440
f 1621/1621/1621 137/137/137 1623/1623/1623
f 416/416/416 137/137/137 1621/1621/1621
f 431/431/431 97/97/97 260/260/260
f 463/463/463 270/270/270 461/461/461
f 475/475/475 131/131/131 474/474/474
f 476/476/476 292/292/292 287/287/287
f 477/477/477 298/298/298 292/292/292
f 919/919/919 551/551/551 553/553/553
f 245/245/245 90/90/90 49/49/49
f 404/404/404 373/373/373 246/246/246
f 49/49/49 318/318/318 245/245/245
f 272/272/272 246/246/246 319/319/319
f 606/606/606 261/261/261 249/249/249
f 343/343/343 151/151/151 28/28/28
f 428/428/428 80/80/80 444/444/444
f 80/80/80 139/139/139 331/331/331
f 56/56/56 271/271/271 60/60/60
f 1180/1180/1180 1177/1177/1177 1182/1182/1182
f 936/936/936 933/933/933 938/938/938
f 436/436/436 409/409/409 332/332/332
f 1156/1156/1156 1153/1153/1153 1157/1157/1157
f 1327/1327/1327 1326/1326/1326 1328/1328/1328
f 1393/1393/1393 1268/1268/1268 1323/1323/1323
f 1345/1345/1345 1344/1344/1344 1346/1346/1346
f 1408/1408/1408 1325/1325/1325 1341/1341/1341
f 1352/1352/1352 1313/1313/1313 1354/1354/1354
f 1348/1348/1348 1337/1337/1337 1349/1349/1349
f 1359/1359/1359 1357/1357/1357 1288/1288/1288
f 1246/1246/1246 1273/1273/1273 1280/1280/1280
f 1269/1269/1269 1267/1267/1267 1270/1270/1270
f 484/484/484 1281/1281/1281 1274/1274/1274
f 1292/1292/1292 490/490/490 1318/1318/1318
f 1207/1207/1207 1200/1200/1200 1204/1204/1204
f 942/942/942 22/22/22 926/926/926
f 1319/1319/1319 1229/1229/1229 1276/1276/1276
f 1237/1237/1237 1366/1366/1366 1401/1401/1401
f 486/486/486 947/947/947 949/949/949
f 1044/1044/1044 1042/1042/1042 1046/1046/1046
f 1029/1029/1029 1027/1027/1027 1031/1031/1031
f 1069/1069/1069 1066/1066/1066 1071/1071/1071
f 1013/1013/1013 1010/1010/1010 1015/1015/1015
f 1006/1006/1006 1003/1003/1003 1008/1008/1008
f 1089/1089/1089 1087/1087/1087 1091/1091/1091
f 1034/1034/1034 1032/1032/1032 1036/1036/1036
f 1052/1052/1052 1048/1048/1048 1053/1053/1053
f 35/35/35 1197/1197/1197 1195/1195/1195
f 36/36/36 1209/1209/1209 37/37/37
f 330/330/330 19/19/19 333/333/333
f 260/260/260 747/747/747 248/248/248
f 317/317/317 179/179/179 65/65/65
f 481/481/481 344/344/344 426/426/426
f 21/21/21 481/481/481 8/8/8
f 765/765/765 690/690/690 710/710/710
f 371/371/371 443/443/443 439/439/439
f 411/411/411 183/183/183 179/179/179
f 19/19/19 6/6/6 333/333/333
f 65/65/65 412/412/412 242/242/242
f 268/268/268 69/69/69 251/251/251
f 1396/1396/1396 1394/1394/1394 1398/1398/1398
f 1407/1407/1407 1403/1403/1403 1339/1339/1339
f 1365/1365/1365 1361/1361/1361 1399/1399/1399
f 1369/1369/1369 1314/1314/1314 1371/1371/1371
f 1377/1377/1377 487/487/487 1379/1379/1379
f 1386/1386/1386 1382/1382/1382 1336/1336/1336
f 1414/1414/1414 1410/1410/1410 1287/1287/1287
f 485/485/485 192/192/192 1272/1272/1272
f 814/814/814 693/693/693 114/114/114
f 380/380/380 314/314/314 88/88/88
f 476/476/476 349/349/349 475/475/475
f 244/244/244 79/79/79 132/132/132
f 367/367/367 38/38/38 381/381/381
f 248/248/248 750/750/750 247/247/247
f 247/247/247 749/749/749 195/195/195
f 300/300/300 145/145/145 402/402/402
f 755/755/755 794/794/794 756/756/756
f 407/407/407 439/439/439 443/443/443
f 790/790/790 756/756/756 794/794/794
f 793/793/793 789/789/789 792/792/792
f 140/140/140 122/122/122 277/277/277
f 1187/1187/1187 1183/1183/1183 1188/1188/1188
f 764/764/764 709/709/709 765/765/765
f 1206/1206/1206 1203/1203/1203 1207/1207/1207
f 282/282/282 402/402/402 160/160/160
f 1117/1117/1117 1113/1113/1113 1118/1118/1118
f 1121/1121/1121 1128/1128/1128 1142/1142/1142
f 1169/1169/1169 1166/1166/1166 1170/1170/1170
f 243/243/243 129/129/129 128/128/128
f 1332/1332/1332 1245/1245/1245 1334/1334/1334
f 252/252/252 631/631/631 507/507/507
f 275/275/275 402/402/402 327/327/327
f 126/126/126 1212/1212/1212 121/121/121
f 1215/1215/1215 126/126/126 264/264/264
f 1204/1204/1204 1199/1199/1199 1202/1202/1202
f 118/118/118 160/160/160 314/314/314
f 743/743/743 673/673/673 744/744/744
f 35/35/35 39/39/39 34/34/34
f 383/383/383 992/992/992 191/191/191
f 471/471/471 147/147/147 470/470/470
f 472/472/472 361/361/361 471/471/471
f 469/469/469 147/147/147 463/463/463
f 468/468/468 253/253/253 467/467/467
f 434/434/434 619/619/619 569/569/569
f 264/264/264 1214/1214/1214 1215/1215/1215
f 336/336/336 627/627/627 571/571/571
f 1257/1257/1257 1231/1231/1231 1259/1259/1259
f 1263/1263/1263 1304/1304/1304 1265/1265/1265
f 1290/1290/1290 1234/1234/1234 1247/1247/1247
f 79/79/79 129/129/129 307/307/307
f 361/361/361 270/270/270 147/147/147
f 430/430/430 254/254/254 361/361/361
f 348/348/348 315/315/315 240/240/240
f 152/152/152 151/151/151 253/253/253
f 511/511/511 594/594/594 420/420/420
f 86/86/86 154/154/154 87/87/87
f 132/132/132 307/307/307 8/8/8
f 140/140/140 436/436/436 332/332/332
f 97/97/97 70/70/70 109/109/109
f 123/123/123 57/57/57 127/127/127
f 127/127/127 62/62/62 266/266/266
f 86/86/86 89/89/89 85/85/85
f 278/278/278 465/465/465 279/279/279
f 258/258/258 279/279/279 259/259/259
f 258/258/258 92/92/92 83/83/83
f 83/83/83 93/93/93 84/84/84
f 331/331/331 444/444/444 80/80/80
f 398/398/398 401/401/401 256/256/256
f 733/733/733 372/372/372 773/773/773
f 393/393/393 631/631/631 267/267/267
f 412/412/412 275/275/275 91/91/91
f 288/288/288 276/276/276 120/120/120
f 309/309/309 323/323/323 294/294/294
f 377/377/377 389/389/389 378/378/378
f 597/597/597 388/388/388 377/377/377
f 583/583/583 397/397/397 370/370/370
f 394/394/394 385/385/385 370/370/370
f 753/753/753 660/660/660 715/715/715
f 333/333/333 7/7/7 422/422/422
f 1615/1615/1615 26/26/26 53/53/53
f 1613/1613/1613 26/26/26 1615/1615/1615
f 540/540/540 1609/1609/1609 1607/1607/1607
f 124/124/124 1609/1609/1609 540/540/540
f 36/36/36 1195/1195/1195 1210/1210/1210
f 344/344/344 15/15/15 426/426/426
f 141/141/141 267/267/267 374/374/374
f 950/950/950 939/939/939 941/941/941
f 255/255/255 403/403/403 271/271/271
f 139/139/139 56/56/56 66/66/66
f 374/374/374 252/252/252 501/501/501
f 348/348/348 154/154/154 143/143/143
f 61/61/61 319/319/319 265/265/265
f 967/967/967 956/956/956 958/958/958
f 367/367/367 382/382/382 368/368/368
f 103/103/103 298/298/298 76/76/76
f 548/548/548 970/970/970 966/966/966
f 400/400/400 94/94/94 150/150/150
f 257/257/257 5/5/5 19/19/19
f 370/370/370 507/507/507 631/631/631
f 182/182/182 378/378/378 115/115/115
f 350/350/350 368/368/368 351/351/351
f 351/351/351 283/283/283 350/350/350
f 624/624/624 433/433/433 568/568/568
f 512/512/512 608/608/608 612/612/612
f 364/364/364 174/174/174 365/365/365
f 108/108/108 365/365/365 643/643/643
f 448/448/448 642/642/642 505/505/505
f 168/168/168 650/650/650 105/105/105
f 169/169/169 105/105/105 190/190/190
f 301/301/301 634/634/634 636/636/636
f 304/304/304 295/295/295 449/449/449
f 294/294/294 324/324/324 295/295/295
f 102/102/102 289/289/289 171/171/171
f 288/288/288 284/284/284 289/289/289
f 1219/1219/1219 1282/1282/1282 1221/1221/1221
f 525/525/525 1601/1601/1601 1599/1599/1599
f 527/527/527 1601/1601/1601 525/525/525
f 90/90/90 293/293/293 49/49/49
f 1303/1303/1303 13/13/13 173/173/173
f 290/290/290 171/171/171 289/289/289
f 296/296/296 324/324/324 325/325/325
f 638/638/638 295/295/295 296/296/296
f 188/188/188 601/601/601 610/610/610
f 636/636/636 640/640/640 312/312/312
f 985/985/985 1387/1387/1387 987/987/987
f 1300/1300/1300 1389/1389/1389 1392/1392/1392
f 196/196/196 201/201/201 204/204/204
f 202/202/202 210/210/210 205/205/205
f 209/209/209 218/218/218 212/212/212
f 216/216/216 224/224/224 219/219/219
f 228/228/228 235/235/235 231/231/231
f 234/234/234 197/197/197 236/236/236
f 287/287/287 77/77/77 366/366/366
f 299/299/299 240/240/240 315/315/315
f 348/348/348 466/466/466 347/347/347
f 92/92/92 198/198/198 93/93/93
f 206/206/206 93/93/93 198/198/198
f 281/281/281 280/280/280 299/299/299
f 36/36/36 40/40/40 35/35/35
f 1385/1385/1385 1350/1350/1350 1338/1338/1338
f 810/810/810 808/808/808 812/812/812
f 75/75/75 170/170/170 161/161/161
f 144/144/144 307/307/307 129/129/129
f 479/479/479 153/153/153 76/76/76
f 652/652/652 926/926/926 22/22/22
f 5/5/5 1/1/1 6/6/6
f 153/153/153 481/481/481 426/426/426
f 479/479/479 298/298/298 478/478/478
f 1318/1318/1318 1317/1317/1317 1319/1319/1319
f 292/292/292 146/146/146 77/77/77
f 980/980/980 1223/1223/1223 1324/1324/1324
f 773/773/773 440/440/440 732/732/732
f 1353/1353/1353 1372/1372/1372 1315/1315/1315
f 506/506/506 385/385/385 503/503/503
f 316/316/316 129/129/129 145/145/145
f 680/680/680 697/697/697 700/700/700
f 949/949/949 945/945/945 950/950/950
f 1101/1101/1101 1099/1099/1099 1103/1103/1103
f 381/381/381 3/3/3 95/95/95
f 442/442/442 128/128/128 79/79/79
f 889/889/889 885/885/885 890/890/890
f 968/968/968 966/966/966 970/970/970
f 502/502/502 385/385/385 504/504/504
f 327/327/327 145/145/145 243/243/243
f 170/170/170 243/243/243 442/442/442
f 1366/1366/1366 1343/1343/1343 1401/1401/1401
f 382/382/382 95/95/95 148/148/148
f 264/264/264 268/268/268 251/251/251
f 772/772/772 698/698/698 680/680/680
f 76/76/76 334/334/334 103/103/103
f 1380/1380/1380 1316/1316/1316 489/489/489
f 432/432/432 160/160/160 275/275/275
f 400/400/400 95/95/95 401/401/401
f 668/668/668 667/667/667 669/669/669
f 953/953/953 961/961/961 963/963/963
f 268/268/268 293/293/293 193/193/193
f 159/159/159 411/411/411 317/317/317
f 242/242/242 91/91/91 75/75/75
f 19/19/19 399/399/399 257/257/257
f 616/616/616 285/285/285 273/273/273
f 771/771/771 679/679/679 772/772/772
f 276/276/276 323/323/323 435/435/435
f 323/323/323 171/171/171 324/324/324
f 184/184/184 324/324/324 171/171/171
f 963/963/963 959/959/959 964/964/964
f 183/183/183 314/314/314 432/432/432
f 161/161/161 442/442/442 244/244/244
f 839/839/839 836/836/836 840/840/840
f 824/824/824 821/821/821 826/826/826
f 867/867/867 864/864/864 869/869/869
f 896/896/896 905/905/905 892/892/892
f 560/560/560 557/557/557 562/562/562
f 917/917/917 914/914/914 918/918/918
f 1149/1149/1149 1146/1146/1146 1151/1151/1151
f 923/923/923 920/920/920 925/925/925
f 337/337/337 342/342/342 338/338/338
f 256/256/256 95/95/95 3/3/3
f 341/341/341 259/259/259 342/342/342
f 279/279/279 342/342/342 259/259/259
f 465/465/465 345/345/345 279/279/279
f 87/87/87 347/347/347 89/89/89
f 155/155/155 8/8/8 307/307/307
f 237/237/237 341/341/341 233/233/233
f 233/233/233 337/337/337 226/226/226
f 226/226/226 239/239/239 220/220/220
f 14/14/14 328/328/328 362/362/362
f 379/379/379 239/239/239 117/117/117
f 220/220/220 450/450/450 213/213/213
f 284/284/284 508/508/508 577/577/577
f 508/508/508 368/368/368 506/506/506
f 506/506/506 382/382/382 504/504/504
f 502/502/502 382/382/382 148/148/148
f 400/400/400 502/502/502 148/148/148
f 152/152/152 461/461/461 149/149/149
f 469/469/469 152/152/152 468/468/468
f 464/464/464 89/89/89 465/465/465
f 465/465/465 347/347/347 466/466/466
f 85/85/85 467/467/467 86/86/86
f 464/464/464 468/468/468 85/85/85
f 469/469/469 278/278/278 470/470/470
f 258/258/258 470/470/470 278/278/278
f 83/83/83 471/471/471 258/258/258
f 472/472/472 84/84/84 473/473/473
f 65/65/65 474/474/474 317/317/317
f 242/242/242 475/475/475 65/65/65
f 476/476/476 75/75/75 477/477/477
f 477/477/477 161/161/161 478/478/478
f 244/244/244 478/478/478 161/161/161
f 479/479/479 132/132/132 480/480/480
f 480/480/480 8/8/8 481/481/481
f 158/158/158 473/473/473 84/84/84
f 931/931/931 927/927/927 932/932/932
f 761/761/761 671/671/671 762/762/762
f 778/778/778 670/670/670 779/779/779
f 779/779/779 762/762/762 671/671/671
f 716/716/716 862/862/862 718/718/718
f 505/505/505 320/320/320 448/448/448
f 844/844/844 841/841/841 845/845/845
f 805/805/805 802/802/802 807/807/807
f 859/859/859 857/857/857 860/860/860
f 874/874/874 871/871/871 876/876/876
f 900/900/900 897/897/897 902/902/902
f 818/818/818 816/816/816 820/820/820
f 799/799/799 797/797/797 801/801/801
f 881/881/881 879/879/879 883/883/883
f 433/433/433 588/588/588 568/568/568
f 1083/1083/1083 1080/1080/1080 1085/1085/1085
f 624/624/624 565/565/565 566/566/566
f 420/420/420 499/499/499 511/511/511
f 454/454/454 625/625/625 627/627/627
f 569/569/569 387/387/387 434/434/434
f 567/567/567 603/603/603 619/619/619
f 555/555/555 554/554/554 965/965/965
f 956/956/956 953/953/953 958/958/958
f 425/425/425 451/451/451 453/453/453
f 910/910/910 908/908/908 912/912/912
f 952/952/952 894/894/894 870/870/870
f 551/551/551 548/548/548 553/553/553
f 942/942/942 939/939/939 943/943/943
f 486/486/486 31/31/31 546/546/546
f 1125/1125/1125 1123/1123/1123 1126/1126/1126
f 1079/1079/1079 1055/1055/1055 1040/1040/1040
f 1017/1017/1017 1086/1086/1086 1009/1009/1009
f 964/964/964 555/555/555 965/965/965
f 1162/1162/1162 1159/1159/1159 1163/1163/1163
f 1137/1137/1137 1134/1134/1134 1139/1139/1139
f 558/558/558 931/931/931 932/932/932
f 554/554/554 562/562/562 557/557/557
f 927/927/927 916/916/916 917/917/917
f 918/918/918 908/908/908 909/909/909
f 921/921/921 31/31/31 340/340/340
f 894/894/894 925/925/925 920/920/920
f 1021/1021/1021 1018/1018/1018 1023/1023/1023
f 1096/1096/1096 1093/1093/1093 1097/1097/1097
f 1077/1077/1077 1073/1073/1073 1078/1078/1078
f 462/462/462 386/386/386 451/451/451
f 1143/1143/1143 1145/1145/1145 1119/1119/1119
f 1108/1108/1108 1105/1105/1105 1110/1110/1110
f 582/582/582 52/52/52 47/47/47
f 1194/1194/1194 1190/1190/1190 1189/1189/1189
f 1174/1174/1174 1172/1172/1172 1176/1176/1176
f 1120/1120/1120 1112/1112/1112 1141/1141/1141
f 513/513/513 355/355/355 352/352/352
f 593/593/593 375/375/375 357/357/357
f 238/238/238 622/622/622 413/413/413
f 176/176/176 424/424/424 99/99/99
f 458/458/458 574/574/574 572/572/572
f 1253/1253/1253 1374/1374/1374 981/981/981
f 1298/1298/1298 1333/1333/1333 1244/1244/1244
f 1285/1285/1285 1236/1236/1236 1239/1239/1239
f 1225/1225/1225 1355/1355/1355 1227/1227/1227
f 986/986/986 1226/1226/1226 1356/1356/1356
f 1391/1391/1391 24/24/24 1302/1302/1302
f 1233/1233/1233 1308/1308/1308 1311/1311/1311
f 1222/1222/1222 1237/1237/1237 1284/1284/1284
f 1307/1307/1307 1292/1292/1292 1295/1295/1295
f 1277/1277/1277 1229/1229/1229 1278/1278/1278
f 406/406/406 572/572/572 628/628/628
f 445/445/445 570/570/570 618/618/618
f 357/357/357 419/419/419 593/593/593
f 352/352/352 591/591/591 513/513/513
f 616/616/616 355/355/355 509/509/509
f 606/606/606 285/285/285 620/620/620
f 600/600/600 261/261/261 609/609/609
f 595/595/595 164/164/164 604/604/604
f 630/630/630 156/156/156 598/598/598
f 587/587/587 111/111/111 633/633/633
f 582/582/582 59/59/59 590/590/590
f 576/576/576 52/52/52 585/585/585
f 574/574/574 43/43/43 580/580/580
f 524/524/524 1591/1591/1591 523/523/523
f 1593/1593/1593 1591/1591/1591 524/524/524
f 516/516/516 1587/1587/1587 515/515/515
f 1589/1589/1589 1587/1587/1587 516/516/516
f 63/63/63 1583/1583/1583 1565/1565/1565
f 1585/1585/1585 1583/1583/1583 63/63/63
f 1597/1597/1597 531/531/531 533/533/533
f 1595/1595/1595 531/531/531 1597/1597/1597
f 667/667/667 676/676/676 664/664/664
f 703/703/703 712/712/712 657/657/657
f 190/190/190 636/636/636 169/169/169
f 629/629/629 637/637/637 297/297/297
f 695/695/695 739/739/739 708/708/708
f 657/657/657 711/711/711 713/713/713
f 776/776/776 707/707/707 695/695/695
f 656/656/656 702/702/702 705/705/705
f 708/708/708 775/775/775 682/682/682
f 71/71/71 733/733/733 884/884/884
f 689/689/689 710/710/710 690/690/690
f 693/693/693 684/684/684 694/694/694
f 694/694/694 738/738/738 685/685/685
f 643/643/643 166/166/166 108/108/108
f 177/177/177 514/514/514 654/654/654
f 786/786/786 795/795/795 769/769/769
f 784/784/784 726/726/726 786/786/786
f 783/783/783 785/785/785 784/784/784
f 115/115/115 359/359/359 182/182/182
f 305/305/305 646/646/646 650/650/650
f 725/725/725 717/717/717 720/720/720
f 720/720/720 716/716/716 718/718/718
f 724/724/724 719/719/719 725/725/725
f 735/735/735 731/731/731 685/685/685
f 687/687/687 738/738/738 710/710/710
f 745/745/745 789/789/789 790/790/790
f 752/752/752 657/657/657 713/713/713
f 776/776/776 714/714/714 751/751/751
f 766/766/766 794/794/794 754/754/754
f 693/693/693 746/746/746 768/768/768
f 767/767/767 790/790/790 794/794/794
f 694/694/694 731/731/731 746/746/746
f 656/656/656 675/675/675 676/676/676
f 664/664/664 743/743/743 744/744/744
f 787/787/787 725/725/725 720/720/720
f 667/667/667 744/744/744 672/672/672
f 708/708/708 659/659/659 660/660/660
f 715/715/715 702/702/702 703/703/703
f 669/669/669 672/672/672 683/683/683
f 691/691/691 720/720/720 718/718/718
f 732/732/732 775/775/775 739/739/739
f 771/771/771 747/747/747 706/706/706
f 779/779/779 690/690/690 709/709/709
f 765/765/765 738/738/738 684/684/684
f 772/772/772 750/750/750 747/747/747
f 680/680/680 749/749/749 750/750/750
f 755/755/755 786/786/786 769/769/769
f 756/756/756 784/784/784 786/786/786
f 793/793/793 783/783/783 784/784/784
f 778/778/778 709/709/709 763/763/763
f 764/764/764 684/684/684 692/692/692
f 673/673/673 724/724/724 725/725/725
f 733/733/733 707/707/707 757/757/757
f 695/695/695 660/660/660 714/714/714
f 753/753/753 703/703/703 657/657/657
f 773/773/773 739/739/739 707/707/707
f 785/785/785 697/697/697 698/698/698
f 726/726/726 698/698/698 679/679/679
f 711/711/711 663/663/663 668/668/668
f 795/795/795 679/679/679 770/770/770
f 759/759/759 690/690/690 671/671/671
f 719/719/719 761/761/761 762/762/762
f 716/716/716 670/670/670 777/777/777
f 717/717/717 762/762/762 670/670/670
f 712/712/712 676/676/676 663/663/663
f 752/752/752 104/104/104 751/751/751
f 369/369/369 754/754/754 563/563/563
f 960/960/960 1525/1525/1525 1524/1524/1524
f 764/764/764 827/827/827 763/763/763
f 691/691/691 74/74/74 683/683/683
f 641/641/641 669/669/669 855/855/855
f 776/776/776 635/635/635 757/757/757
f 1510/1510/1510 1536/1536/1536 1535/1535/1535
f 1509/1509/1509 1536/1536/1536 1510/1510/1510
f 844/844/844 830/830/830 832/832/832
f 833/833/833 805/805/805 807/807/807
f 848/848/848 841/841/841 843/843/843
f 859/859/859 851/851/851 847/847/847
f 809/809/809 874/874/874 876/876/876
f 802/802/802 812/812/812 808/808/808
f 871/871/871 887/887/887 889/889/889
f 890/890/890 900/900/900 902/902/902
f 818/818/818 838/838/838 839/839/839
f 840/840/840 857/857/857 858/858/858
f 822/822/822 816/816/816 817/817/817
f 799/799/799 826/826/826 821/821/821
f 865/865/865 797/797/797 798/798/798
f 881/881/881 869/869/869 864/864/864
f 114/114/114 768/768/768 906/906/906
f 755/755/755 563/563/563 754/754/754
f 934/934/934 952/952/952 870/870/870
f 910/910/910 938/938/938 933/933/933
f 1008/1008/1008 1072/1072/1072 1064/1064/1064
f 1025/1025/1025 1011/1011/1011 1013/1013/1013
f 1015/1015/1015 1057/1057/1057 1059/1059/1059
f 1061/1061/1061 1067/1067/1067 1069/1069/1069
f 1021/1021/1021 1043/1043/1043 1044/1044/1044
f 1046/1046/1046 1096/1096/1096 1097/1097/1097
f 1027/1027/1027 1018/1018/1018 1020/1020/1020
f 1077/1077/1077 1029/1029/1029 1031/1031/1031
f 1071/1071/1071 1073/1073/1073 1075/1075/1075
f 1017/1017/1017 1004/1004/1004 1006/1006/1006
f 1083/1083/1083 1088/1088/1088 1089/1089/1089
f 1091/1091/1091 1079/1079/1079 1040/1040/1040
f 1093/1093/1093 1033/1033/1033 1034/1034/1034
f 1036/1036/1036 1080/1080/1080 1081/1081/1081
f 1050/1050/1050 1086/1086/1086 1038/1038/1038
f 1055/1055/1055 1053/1053/1053 1048/1048/1048
f 1194/1194/1194 1178/1178/1178 1180/1180/1180
f 1182/1182/1182 1174/1174/1174 1176/1176/1176
f 1155/1155/1155 1120/1120/1120 1141/1141/1141
f 1172/1172/1172 1157/1157/1157 1153/1153/1153
f 1185/1185/1185 1162/1162/1162 1163/1163/1163
f 1137/1137/1137 1188/1188/1188 1183/1183/1183
f 1115/1115/1115 1134/1134/1134 1135/1135/1135
f 1108/1108/1108 1118/1118/1118 1113/1113/1113
f 1130/1130/1130 1105/1105/1105 1106/1106/1106
f 1143/1143/1143 1142/1142/1142 1128/1128/1128
f 1168/1168/1168 1145/1145/1145 1133/1133/1133
f 1112/1112/1112 1170/1170/1170 1166/1166/1166
f 1159/1159/1159 1100/1100/1100 1101/1101/1101
f 1103/1103/1103 1125/1125/1125 1126/1126/1126
f 1123/1123/1123 1147/1147/1147 1149/1149/1149
f 1151/1151/1151 1190/1190/1190 1192/1192/1192
f 69/69/69 1214/1214/1214 251/251/251
f 1206/1206/1206 446/446/446 1216/1216/1216
f 1210/1210/1210 1200/1200/1200 1203/1203/1203
f 1207/1207/1207 1213/1213/1213 1215/1215/1215
f 1199/1199/1199 1195/1195/1195 1197/1197/1197
f 1209/1209/1209 1203/1203/1203 1205/1205/1205
f 1206/1206/1206 1215/1215/1215 1214/1214/1214
f 1204/1204/1204 1212/1212/1212 1213/1213/1213
f 1296/1296/1296 1288/1288/1288 1357/1357/1357
f 1348/1348/1348 1242/1242/1242 1299/1299/1299
f 1293/1293/1293 1380/1380/1380 489/489/489
f 1353/1353/1353 1266/1266/1266 1306/1306/1306
f 1360/1360/1360 1253/1253/1253 981/981/981
f 1298/1298/1298 1413/1413/1413 1289/1289/1289
f 1343/1343/1343 1248/1248/1248 1232/1232/1232
f 1309/1309/1309 1372/1372/1372 1312/1312/1312
f 1316/1316/1316 1260/1260/1260 1228/1228/1228
f 1279/1279/1279 1385/1385/1385 1338/1338/1338
f 494/494/494 384/384/384 485/485/485
f 1287/1287/1287 1252/1252/1252 1254/1254/1254
f 1225/1225/1225 1342/1342/1342 1327/1327/1327
f 1328/1328/1328 1285/1285/1285 1239/1239/1239
f 1268/1268/1268 986/986/986 1356/1356/1356
f 1391/1391/1391 1393/1393/1393 1323/1323/1323
f 1236/1236/1236 1402/1402/1402 1345/1345/1345
f 1346/1346/1346 1233/1233/1233 1311/1311/1311
f 1325/1325/1325 1222/1222/1222 1284/1284/1284
f 1226/1226/1226 1408/1408/1408 1341/1341/1341
f 1308/1308/1308 1313/1313/1313 1351/1351/1351
f 1352/1352/1352 1307/1307/1307 1295/1295/1295
f 1277/1277/1277 1337/1337/1337 1347/1347/1347
f 1358/1358/1358 980/980/980 1324/1324/1324
f 1223/1223/1223 1273/1273/1273 1275/1275/1275
f 1246/1246/1246 1300/1300/1300 1392/1392/1392
f 1389/1389/1389 1322/1322/1322 1269/1269/1269
f 1270/1270/1270 1355/1355/1355 1224/1224/1224
f 1281/1281/1281 24/24/24 1301/1301/1301
f 1374/1374/1374 484/484/484 1274/1274/1274
f 1321/1321/1321 985/985/985 987/987/987
f 1303/1303/1303 1398/1398/1398 1394/1394/1394
f 1387/1387/1387 1405/1405/1405 1407/1407/1407
f 1339/1339/1339 1219/1219/1219 1221/1221/1221
f 1282/1282/1282 1363/1363/1363 1365/1365/1365
f 1399/1399/1399 1290/1290/1290 1247/1247/1247
f 1314/1314/1314 1263/1263/1263 1265/1265/1265
f 1234/1234/1234 1369/1369/1369 1371/1371/1371
f 487/487/487 1257/1257/1257 1259/1259/1259
f 1304/1304/1304 1377/1377/1377 1379/1379/1379
f 222/222/222 227/227/227 223/223/223
f 117/117/117 239/239/239 281/281/281
f 353/353/353 356/356/356 42/42/42
f 376/376/376 353/353/353 455/455/455
f 358/358/358 376/376/376 457/457/457
f 322/322/322 358/358/358 405/405/405
f 322/322/322 405/405/405 413/413/413
f 413/413/413 175/175/175 238/238/238
f 238/238/238 98/98/98 445/445/445
f 42/42/42 110/110/110 9/9/9
f 9/9/9 54/54/54 51/51/51
f 58/58/58 46/46/46 54/54/54
f 110/110/110 42/42/42 72/72/72
f 274/274/274 286/286/286 113/113/113
f 163/163/163 165/165/165 262/262/262
f 262/262/262 165/165/165 250/250/250
f 42/42/42 356/356/356 157/157/157
f 455/455/455 353/353/353 42/42/42
f 457/457/457 376/376/376 455/455/455
f 405/405/405 358/358/358 457/457/457
f 413/413/413 405/405/405 175/175/175
f 238/238/238 175/175/175 98/98/98
f 445/445/445 98/98/98 16/16/16
f 9/9/9 110/110/110 54/54/54
f 51/51/51 54/54/54 46/46/46
f 72/72/72 42/42/42 157/157/157
f 113/113/113 286/286/286 165/165/165
f 250/250/250 165/165/165 286/286/286
f 227/227/227 232/232/232 223/223/223
f 337/337/337 281/281/281 239/239/239
f 7/7/7 1415/1415/1415 422/422/422
f 422/422/422 1416/1416/1416 109/109/109
f 1415/1415/1415 1416/1416/1416 422/422/422
f 109/109/109 1417/1417/1417 97/97/97
f 1495/1495/1495 1417/1417/1417 109/109/109
f 97/97/97 1417/1417/1417 447/447/447
f 1431/1431/1431 1428/1428/1428 1427/1427/1427
f 1430/1430/1430 1428/1428/1428 1431/1431/1431
f 1432/1432/1432 1427/1427/1427 996/996/996
f 1431/1431/1431 1427/1427/1427 1432/1432/1432
f 559/559/559 1518/1518/1518 930/930/930
f 1519/1519/1519 1518/1518/1518 559/559/559
f 1417/1417/1417 1419/1419/1419 447/447/447
f 559/559/559 1520/1520/1520 1519/1519/1519
f 561/561/561 1520/1520/1520 559/559/559
f 561/561/561 1521/1521/1521 1520/1520/1520
f 973/973/973 1521/1521/1521 561/561/561
f 973/973/973 1522/1522/1522 1521/1521/1521
f 1415/1415/1415 7/7/7 994/994/994
f 977/977/977 360/360/360 978/978/978
f 984/984/984 1420/1420/1420 360/360/360
f 495/495/495 360/360/360 1420/1420/1420
f 978/978/978 360/360/360 495/495/495
f 1418/1418/1418 1421/1421/1421 996/996/996
f 996/996/996 1421/1421/1421 1422/1422/1422
f 1422/1422/1422 1423/1423/1423 996/996/996
f 996/996/996 1423/1423/1423 998/998/998
f 998/998/998 1423/1423/1423 1424/1424/1424
f 1000/1000/1000 1424/1424/1424 1425/1425/1425
f 998/998/998 1424/1424/1424 1000/1000/1000
f 1165/1165/1165 1426/1426/1426 2/2/2
f 1167/1167/1167 1426/1426/1426 1165/1165/1165
f 1427/1427/1427 1418/1418/1418 996/996/996
f 1426/1426/1426 1428/1428/1428 2/2/2
f 1426/1426/1426 1427/1427/1427 1428/1428/1428
f 1427/1427/1427 1426/1426/1426 1418/1418/1418
f 2/2/2 1428/1428/1428 1429/1429/1429
f 1429/1429/1429 37/37/37 2/2/2
f 37/37/37 1429/1429/1429 36/36/36
f 1/1/1 1430/1430/1430 6/6/6
f 7/7/7 1430/1430/1430 1431/1431/1431
f 6/6/6 1430/1430/1430 7/7/7
f 7/7/7 1431/1431/1431 1432/1432/1432
f 7/7/7 1432/1432/1432 994/994/994
f 1433/1433/1433 1452/1452/1452 1451/1451/1451
f 241/241/241 1452/1452/1452 1433/1433/1433
f 241/241/241 1433/1433/1433 1205/1205/1205
f 1205/1205/1205 1434/1434/1434 1209/1209/1209
f 1209/1209/1209 1434/1434/1434 1457/1457/1457
f 1000/1000/1000 1425/1425/1425 1435/1435/1435
f 1435/1435/1435 1002/1002/1002 1000/1000/1000
f 1444/1444/1444 1002/1002/1002 1435/1435/1435
f 1002/1002/1002 1444/1444/1444 1443/1443/1443
f 1443/1443/1443 1477/1477/1477 1002/1002/1002
f 1440/1440/1440 1186/1186/1186 1164/1164/1164
f 1438/1438/1438 1186/1186/1186 1440/1440/1440
f 1441/1441/1441 1164/1164/1164 1160/1160/1160
f 1440/1440/1440 1164/1164/1164 1441/1441/1441
f 1443/1443/1443 1438/1438/1438 1442/1442/1442
f 1437/1437/1437 1438/1438/1438 1443/1443/1443
f 1443/1443/1443 1436/1436/1436 1437/1437/1437
f 1444/1444/1444 1436/1436/1436 1443/1443/1443
f 1436/1436/1436 1444/1444/1444 1435/1435/1435
f 2/2/2 1446/1446/1446 1154/1154/1154
f 1154/1154/1154 1447/1447/1447 1152/1152/1152
f 1446/1446/1446 1447/1447/1447 1154/1154/1154
f 1448/1448/1448 1152/1152/1152 1447/1447/1447
f 1171/1171/1171 1152/1152/1152 1448/1448/1448
f 1171/1171/1171 1449/1449/1449 1175/1175/1175
f 1448/1448/1448 1449/1449/1449 1171/1171/1171
f 1175/1175/1175 1450/1450/1450 1181/1181/1181
f 1449/1449/1449 1450/1450/1450 1175/1175/1175
f 1181/1181/1181 1451/1451/1451 1179/1179/1179
f 1450/1450/1450 1451/1451/1451 1181/1181/1181
f 1193/1193/1193 1451/1451/1451 1452/1452/1452
f 1179/1179/1179 1451/1451/1451 1193/1193/1193
f 1191/1191/1191 1452/1452/1452 1453/1453/1453
f 1193/1193/1193 1452/1452/1452 1191/1191/1191
f 1191/1191/1191 1454/1454/1454 1150/1150/1150
f 1453/1453/1453 1454/1454/1454 1191/1191/1191
f 1150/1150/1150 1455/1455/1455 1148/1148/1148
f 1454/1454/1454 1455/1455/1455 1150/1150/1150
f 1148/1148/1148 498/498/498 1122/1122/1122
f 1455/1455/1455 498/498/498 1148/1148/1148
f 1456/1456/1456 1127/1127/1127 498/498/498
f 1447/1447/1447 1457/1457/1457 1448/1448/1448
f 37/37/37 1457/1457/1457 1447/1447/1447
f 1449/1449/1449 1434/1434/1434 1450/1450/1450
f 1457/1457/1457 1434/1434/1434 1449/1449/1449
f 1457/1457/1457 1449/1449/1449 1448/1448/1448
f 241/241/241 1460/1460/1460 498/498/498
f 1440/1440/1440 1459/1459/1459 1458/1458/1458
f 1441/1441/1441 1459/1459/1459 1440/1440/1440
f 1464/1464/1464 1220/1220/1220 1404/1404/1404
f 1458/1458/1458 1220/1220/1220 1464/1464/1464
f 1218/1218/1218 1458/1458/1458 1459/1459/1459
f 1220/1220/1220 1458/1458/1458 1218/1218/1218
f 1364/1364/1364 1459/1459/1459 1460/1460/1460
f 1218/1218/1218 1459/1459/1459 1364/1364/1364
f 1460/1460/1460 1461/1461/1461 1364/1364/1364
f 1362/1362/1362 1461/1461/1461 1462/1462/1462
f 1364/1364/1364 1461/1461/1461 1362/1362/1362
f 1362/1362/1362 1462/1462/1462 1291/1291/1291
f 1445/1445/1445 1460/1460/1460 1439/1439/1439
f 1439/1439/1439 1459/1459/1459 1441/1441/1441
f 1460/1460/1460 1459/1459/1459 1439/1439/1439
f 1456/1456/1456 1460/1460/1460 1445/1445/1445
f 498/498/498 1460/1460/1460 1456/1456/1456
f 814/814/814 114/114/114 1558/1558/1558
f 814/814/814 1558/1558/1558 1557/1557/1557
f 906/906/906 1559/1559/1559 114/114/114
f 114/114/114 1559/1559/1559 1558/1558/1558
f 1561/1561/1561 1560/1560/1560 906/906/906
f 1560/1560/1560 1559/1559/1559 906/906/906
f 1564/1564/1564 1563/1563/1563 369/369/369
f 906/906/906 1562/1562/1562 1561/1561/1561
f 369/369/369 1562/1562/1562 906/906/906
f 1563/1563/1563 1562/1562/1562 369/369/369
f 1513/1513/1513 1535/1535/1535 1534/1534/1534
f 1512/1512/1512 1535/1535/1535 1513/1513/1513
f 1514/1514/1514 1513/1513/1513 1463/1463/1463
f 1463/1463/1463 563/563/563 1514/1514/1514
f 1438/1438/1438 1464/1464/1464 1442/1442/1442
f 293/293/293 1474/1474/1474 193/193/193
f 1470/1470/1470 1474/1474/1474 293/293/293
f 32/32/32 877/877/877 641/641/641
f 104/104/104 877/877/877 32/32/32
f 32/32/32 1473/1473/1473 104/104/104
f 635/635/635 1473/1473/1473 1472/1472/1472
f 104/104/104 1473/1473/1473 635/635/635
f 1462/1462/1462 1465/1465/1465 1291/1291/1291
f 1291/1291/1291 1465/1465/1465 1241/1241/1241
f 1241/1241/1241 1466/1466/1466 1370/1370/1370
f 1465/1465/1465 1466/1466/1466 1241/1241/1241
f 1370/1370/1370 1466/1466/1466 1467/1467/1467
f 1468/1468/1468 1370/1370/1370 1467/1467/1467
f 1368/1368/1368 1370/1370/1370 1468/1468/1468
f 1368/1368/1368 1469/1469/1469 1264/1264/1264
f 1468/1468/1468 1469/1469/1469 1368/1368/1368
f 1474/1474/1474 1264/1264/1264 1469/1469/1469
f 1262/1262/1262 1264/1264/1264 1474/1474/1474
f 71/71/71 1470/1470/1470 293/293/293
f 1471/1471/1471 1470/1470/1470 71/71/71
f 1470/1470/1470 1262/1262/1262 1474/1474/1474
f 1378/1378/1378 1262/1262/1262 1470/1470/1470
f 1471/1471/1471 1378/1378/1378 1470/1470/1470
f 1471/1471/1471 1376/1376/1376 1378/1378/1378
f 1258/1258/1258 1376/1376/1376 1471/1471/1471
f 1383/1383/1383 1471/1471/1471 1472/1472/1472
f 1255/1255/1255 1471/1471/1471 1383/1383/1383
f 1255/1255/1255 1258/1258/1258 1471/1471/1471
f 1381/1381/1381 1473/1473/1473 1331/1331/1331
f 1381/1381/1381 1472/1472/1472 1473/1473/1473
f 1381/1381/1381 1383/1383/1383 1472/1472/1472
f 32/32/32 1331/1331/1331 1473/1473/1473
f 1329/1329/1329 1331/1331/1331 32/32/32
f 855/855/855 1480/1480/1480 1481/1481/1481
f 74/74/74 1480/1480/1480 855/855/855
f 74/74/74 651/651/651 1480/1480/1480
f 1442/1442/1442 1464/1464/1464 1475/1475/1475
f 977/977/977 1475/1475/1475 360/360/360
f 1442/1442/1442 1475/1475/1475 977/977/977
f 1005/1005/1005 1476/1476/1476 976/976/976
f 1442/1442/1442 1477/1477/1477 1443/1443/1443
f 977/977/977 1477/1477/1477 1442/1442/1442
f 491/491/491 1496/1496/1496 395/395/395
f 491/491/491 1497/1497/1497 1496/1496/1496
f 491/491/491 1498/1498/1498 1497/1497/1497
f 491/491/491 1499/1499/1499 1498/1498/1498
f 496/496/496 1499/1499/1499 491/491/491
f 930/930/930 1517/1517/1517 928/928/928
f 1518/1518/1518 1517/1517/1517 930/930/930
f 928/928/928 1496/1496/1496 915/915/915
f 1517/1517/1517 1496/1496/1496 928/928/928
f 1397/1397/1397 1478/1478/1478 1479/1479/1479
f 172/172/172 1478/1478/1478 1397/1397/1397
f 1503/1503/1503 1479/1479/1479 1478/1478/1478
f 1479/1479/1479 1503/1503/1503 1502/1502/1502
f 1397/1397/1397 1479/1479/1479 64/64/64
f 64/64/64 1501/1501/1501 1500/1500/1500
f 1502/1502/1502 64/64/64 1479/1479/1479
f 64/64/64 1502/1502/1502 1501/1501/1501
f 1505/1505/1505 1504/1504/1504 100/100/100
f 1483/1483/1483 1548/1548/1548 1547/1547/1547
f 1482/1482/1482 1548/1548/1548 1483/1483/1483
f 1482/1482/1482 1549/1549/1549 1548/1548/1548
f 1482/1482/1482 1550/1550/1550 1549/1549/1549
f 834/834/834 1487/1487/1487 645/645/645
f 1490/1490/1490 1487/1487/1487 834/834/834
f 641/641/641 1481/1481/1481 32/32/32
f 855/855/855 1481/1481/1481 641/641/641
f 1484/1484/1484 1546/1546/1546 1545/1545/1545
f 1547/1547/1547 1484/1484/1484 1483/1483/1483
f 1484/1484/1484 1547/1547/1547 1546/1546/1546
f 651/651/651 1486/1486/1486 1480/1480/1480
f 862/862/862 1486/1486/1486 651/651/651
f 1483/1483/1483 1480/1480/1480 1482/1482/1482
f 1481/1481/1481 1480/1480/1480 1483/1483/1483
f 1484/1484/1484 1481/1481/1481 1483/1483/1483
f 32/32/32 1481/1481/1481 1484/1484/1484
f 1484/1484/1484 1485/1485/1485 32/32/32
f 32/32/32 1485/1485/1485 854/854/854
f 645/645/645 1489/1489/1489 647/647/647
f 1487/1487/1487 1489/1489/1489 645/645/645
f 167/167/167 1488/1488/1488 827/827/827
f 1491/1491/1491 1488/1488/1488 167/167/167
f 1482/1482/1482 1480/1480/1480 1486/1486/1486
f 1551/1551/1551 1482/1482/1482 1486/1486/1486
f 1482/1482/1482 1551/1551/1551 1550/1550/1550
f 1554/1554/1554 1487/1487/1487 1490/1490/1490
f 1487/1487/1487 1554/1554/1554 1553/1553/1553
f 1556/1556/1556 1488/1488/1488 1491/1491/1491
f 1488/1488/1488 1556/1556/1556 1555/1555/1555
f 1487/1487/1487 1552/1552/1552 1489/1489/1489
f 1553/1553/1553 1552/1552/1552 1487/1487/1487
f 862/862/862 1489/1489/1489 1486/1486/1486
f 647/647/647 1489/1489/1489 862/862/862
f 1489/1489/1489 1552/1552/1552 1551/1551/1551
f 1486/1486/1486 1489/1489/1489 1551/1551/1551
f 1555/1555/1555 1490/1490/1490 1488/1488/1488
f 1490/1490/1490 1555/1555/1555 1554/1554/1554
f 827/827/827 1490/1490/1490 834/834/834
f 1488/1488/1488 1490/1490/1490 827/827/827
f 1557/1557/1557 1491/1491/1491 814/814/814
f 1491/1491/1491 1557/1557/1557 1556/1556/1556
f 814/814/814 1491/1491/1491 167/167/167
f 1542/1542/1542 853/853/853 101/101/101
f 853/853/853 1542/1542/1542 1541/1541/1541
f 1492/1492/1492 1539/1539/1539 1506/1506/1506
f 1540/1540/1540 1539/1539/1539 1492/1492/1492
f 1541/1541/1541 1540/1540/1540 1492/1492/1492
f 863/863/863 1492/1492/1492 992/992/992
f 1492/1492/1492 853/853/853 1541/1541/1541
f 863/863/863 853/853/853 1492/1492/1492
f 1417/1417/1417 1494/1494/1494 1419/1419/1419
f 1495/1495/1495 1494/1494/1494 1417/1417/1417
f 1493/1493/1493 186/186/186 395/395/395
f 1495/1495/1495 482/482/482 1494/1494/1494
f 1416/1416/1416 482/482/482 1495/1495/1495
f 1416/1416/1416 1495/1495/1495 109/109/109
f 1494/1494/1494 186/186/186 1493/1493/1493
f 482/482/482 186/186/186 1494/1494/1494
f 130/130/130 248/248/248 247/247/247
f 431/431/431 248/248/248 11/11/11
f 1496/1496/1496 913/913/913 915/915/915
f 1497/1497/1497 913/913/913 1496/1496/1496
f 1497/1497/1497 907/907/907 913/913/913
f 1498/1498/1498 907/907/907 1497/1497/1497
f 907/907/907 1499/1499/1499 911/911/911
f 1498/1498/1498 1499/1499/1499 907/907/907
f 937/937/937 1499/1499/1499 1500/1500/1500
f 911/911/911 1499/1499/1499 937/937/937
f 935/935/935 1500/1500/1500 1501/1501/1501
f 937/937/937 1500/1500/1500 935/935/935
f 951/951/951 1501/1501/1501 1502/1502/1502
f 935/935/935 1501/1501/1501 951/951/951
f 951/951/951 1503/1503/1503 903/903/903
f 1502/1502/1502 1503/1503/1503 951/951/951
f 924/924/924 1503/1503/1503 1504/1504/1504
f 903/903/903 1503/1503/1503 924/924/924
f 922/922/922 1504/1504/1504 1505/1505/1505
f 924/924/924 1504/1504/1504 922/922/922
f 1505/1505/1505 30/30/30 922/922/922
f 1506/1506/1506 30/30/30 1505/1505/1505
f 547/547/547 1506/1506/1506 1507/1507/1507
f 30/30/30 1506/1506/1506 547/547/547
f 948/948/948 1507/1507/1507 1508/1508/1508
f 547/547/547 1507/1507/1507 948/948/948
f 946/946/946 1508/1508/1508 1509/1509/1509
f 948/948/948 1508/1508/1508 946/946/946
f 940/940/940 1509/1509/1509 1510/1510/1510
f 946/946/946 1509/1509/1509 940/940/940
f 944/944/944 1510/1510/1510 1511/1511/1511
f 940/940/940 1510/1510/1510 944/944/944
f 23/23/23 1511/1511/1511 1512/1512/1512
f 944/944/944 1511/1511/1511 23/23/23
f 23/23/23 1513/1513/1513 653/653/653
f 1512/1512/1512 1513/1513/1513 23/23/23
f 1514/1514/1514 653/653/653 1513/1513/1513
f 552/552/552 653/653/653 1514/1514/1514
f 552/552/552 1515/1515/1515 550/550/550
f 1514/1514/1514 1515/1515/1515 552/552/552
f 1516/1516/1516 550/550/550 1515/1515/1515
f 971/971/971 550/550/550 1516/1516/1516
f 1493/1493/1493 395/395/395 1517/1517/1517
f 1419/1419/1419 1493/1493/1493 1517/1517/1517
f 1419/1419/1419 1517/1517/1517 1518/1518/1518
f 1419/1419/1419 1518/1518/1518 1519/1519/1519
f 1419/1419/1419 1519/1519/1519 1520/1520/1520
f 1419/1419/1419 1520/1520/1520 1521/1521/1521
f 1419/1419/1419 1522/1522/1522 447/447/447
f 1521/1521/1521 1522/1522/1522 1419/1419/1419
f 447/447/447 1522/1522/1522 1523/1523/1523
f 1523/1523/1523 1524/1524/1524 447/447/447
f 346/346/346 1524/1524/1524 1525/1525/1525
f 447/447/447 1524/1524/1524 346/346/346
f 1525/1525/1525 1526/1526/1526 346/346/346
f 1526/1526/1526 1527/1527/1527 346/346/346
f 1528/1528/1528 346/346/346 1527/1527/1527
f 346/346/346 1528/1528/1528 972/972/972
f 1528/1528/1528 1529/1529/1529 972/972/972
f 1530/1530/1530 972/972/972 1529/1529/1529
f 972/972/972 1530/1530/1530 644/644/644
f 1530/1530/1530 1531/1531/1531 644/644/644
f 1532/1532/1532 644/644/644 1531/1531/1531
f 644/644/644 1532/1532/1532 975/975/975
f 975/975/975 1532/1532/1532 1516/1516/1516
f 395/395/395 1496/1496/1496 1517/1517/1517
f 901/901/901 1533/1533/1533 1534/1534/1534
f 886/886/886 1533/1533/1533 901/901/901
f 898/898/898 1534/1534/1534 1535/1535/1535
f 901/901/901 1534/1534/1534 898/898/898
f 891/891/891 1535/1535/1535 1536/1536/1536
f 898/898/898 1535/1535/1535 891/891/891
f 895/895/895 1536/1536/1536 1537/1537/1537
f 891/891/891 1536/1536/1536 895/895/895
f 878/878/878 1537/1537/1537 1538/1538/1538
f 895/895/895 1537/1537/1537 878/878/878
f 882/882/882 1538/1538/1538 1539/1539/1539
f 878/878/878 1538/1538/1538 882/882/882
f 868/868/868 1539/1539/1539 1540/1540/1540
f 882/882/882 1539/1539/1539 868/868/868
f 866/866/866 1540/1540/1540 1541/1541/1541
f 868/868/868 1540/1540/1540 866/866/866
f 796/796/796 1541/1541/1541 1542/1542/1542
f 866/866/866 1541/1541/1541 796/796/796
f 800/800/800 1542/1542/1542 1543/1543/1543
f 796/796/796 1542/1542/1542 800/800/800
f 825/825/825 1543/1543/1543 1544/1544/1544
f 800/800/800 1543/1543/1543 825/825/825
f 823/823/823 1544/1544/1544 1545/1545/1545
f 825/825/825 1544/1544/1544 823/823/823
f 1545/1545/1545 815/815/815 823/823/823
f 1546/1546/1546 815/815/815 1545/1545/1545
f 819/819/819 1546/1546/1546 1547/1547/1547
f 815/815/815 1546/1546/1546 819/819/819
f 1547/1547/1547 837/837/837 819/819/819
f 1548/1548/1548 837/837/837 1547/1547/1547
f 1548/1548/1548 835/835/835 837/837/837
f 1549/1549/1549 835/835/835 1548/1548/1548
f 856/856/856 1549/1549/1549 1550/1550/1550
f 835/835/835 1549/1549/1549 856/856/856
f 861/861/861 1550/1550/1550 1551/1551/1551
f 856/856/856 1550/1550/1550 861/861/861
f 852/852/852 1551/1551/1551 1552/1552/1552
f 861/861/861 1551/1551/1551 852/852/852
f 850/850/850 1552/1552/1552 1553/1553/1553
f 852/852/852 1552/1552/1552 850/850/850
f 842/842/842 1553/1553/1553 1554/1554/1554
f 850/850/850 1553/1553/1553 842/842/842
f 842/842/842 1555/1555/1555 846/846/846
f 1554/1554/1554 1555/1555/1555 842/842/842
f 846/846/846 1556/1556/1556 831/831/831
f 1555/1555/1555 1556/1556/1556 846/846/846
f 831/831/831 1557/1557/1557 829/829/829
f 1556/1556/1556 1557/1557/1557 831/831/831
f 829/829/829 1558/1558/1558 806/806/806
f 1557/1557/1557 1558/1558/1558 829/829/829
f 1558/1558/1558 804/804/804 806/806/806
f 1559/1559/1559 804/804/804 1558/1558/1558
f 813/813/813 1559/1559/1559 1560/1560/1560
f 804/804/804 1559/1559/1559 813/813/813
f 1561/1561/1561 813/813/813 1560/1560/1560
f 811/811/811 813/813/813 1561/1561/1561
f 811/811/811 1562/1562/1562 875/875/875
f 1561/1561/1561 1562/1562/1562 811/811/811
f 873/873/873 1562/1562/1562 1563/1563/1563
f 875/875/875 1562/1562/1562 873/873/873
f 1564/1564/1564 873/873/873 1563/1563/1563
f 888/888/888 873/873/873 1564/1564/1564
f 888/888/888 1533/1533/1533 886/886/886
f 1564/1564/1564 1533/1533/1533 888/888/888
f 446/446/446 1465/1465/1465 1216/1216/1216
f 1466/1466/1466 1465/1465/1465 446/446/446
f 1461/1461/1461 241/241/241 1208/1208/1208
f 1460/1460/1460 241/241/241 1461/1461/1461
f 1216/1216/1216 1462/1462/1462 1208/1208/1208
f 1465/1465/1465 1462/1462/1462 1216/1216/1216
f 1461/1461/1461 1208/1208/1208 1462/1462/1462
f 1511/1511/1511 1510/1510/1510 1535/1535/1535
f 1463/1463/1463 1513/1513/1513 1534/1534/1534
f 1512/1512/1512 1511/1511/1511 1535/1535/1535
f 1533/1533/1533 1463/1463/1463 1534/1534/1534
f 1570/1570/1570 78/78/78 1568/1568/1568
f 526/526/526 78/78/78 1570/1570/1570
f 1570/1570/1570 539/539/539 526/526/526
f 1572/1572/1572 539/539/539 1570/1570/1570
f 1572/1572/1572 520/520/520 539/539/539
f 1574/1574/1574 520/520/520 1572/1572/1572
f 517/517/517 1574/1574/1574 1577/1577/1577
f 520/520/520 1574/1574/1574 517/517/517
f 1578/1578/1578 116/116/116 518/518/518
f 1580/1580/1580 116/116/116 1578/1578/1578
f 130/130/130 1580/1580/1580 1582/1582/1582
f 116/116/116 1580/1580/1580 130/130/130
f 11/11/11 1582/1582/1582 1584/1584/1584
f 130/130/130 1582/1582/1582 11/11/11
f 1586/1586/1586 11/11/11 1584/1584/1584
f 41/41/41 11/11/11 1586/1586/1586
f 41/41/41 1588/1588/1588 522/522/522
f 1586/1586/1586 1588/1588/1588 41/41/41
f 1590/1590/1590 522/522/522 1588/1588/1588
f 521/521/521 522/522/522 1590/1590/1590
f 521/521/521 1592/1592/1592 530/530/530
f 1590/1590/1590 1592/1592/1592 521/521/521
f 1594/1594/1594 530/530/530 1592/1592/1592
f 528/528/528 530/530/530 1594/1594/1594
f 536/536/536 1594/1594/1594 1596/1596/1596
f 528/528/528 1594/1594/1594 536/536/536
f 534/534/534 1596/1596/1596 1598/1598/1598
f 536/536/536 1596/1596/1596 534/534/534
f 138/138/138 1598/1598/1598 1600/1600/1600
f 534/534/534 1598/1598/1598 138/138/138
f 1600/1600/1600 306/306/306 138/138/138
f 1602/1602/1602 306/306/306 1600/1600/1600
f 1602/1602/1602 415/415/415 306/306/306
f 1606/1606/1606 415/415/415 1602/1602/1602
f 417/417/417 1605/1605/1605 1608/1608/1608
f 414/414/414 1605/1605/1605 417/417/417
f 542/542/542 1608/1608/1608 1610/1610/1610
f 417/417/417 1608/1608/1608 542/542/542
f 544/544/544 1610/1610/1610 1612/1612/1612
f 542/542/542 1610/1610/1610 544/544/544
f 529/529/529 1612/1612/1612 1614/1614/1614
f 544/544/544 1612/1612/1612 529/529/529
f 263/263/263 1614/1614/1614 1616/1616/1616
f 529/529/529 1614/1614/1614 263/263/263
f 44/44/44 1616/1616/1616 1618/1618/1618
f 263/263/263 1616/1616/1616 44/44/44
f 48/48/48 1618/1618/1618 1620/1620/1620
f 44/44/44 1618/1618/1618 48/48/48
f 535/535/535 1620/1620/1620 1622/1622/1622
f 48/48/48 1620/1620/1620 535/535/535
f 535/535/535 1624/1624/1624 45/45/45
f 1622/1622/1622 1624/1624/1624 535/535/535
f 1626/1626/1626 45/45/45 1624/1624/1624
f 133/133/133 45/45/45 1626/1626/1626
f 1628/1628/1628 133/133/133 1626/1626/1626
f 135/135/135 133/133/133 1628/1628/1628
f 1630/1630/1630 135/135/135 1628/1628/1628
f 27/27/27 135/135/135 1630/1630/1630
f 1568/1568/1568 27/27/27 1630/1630/1630
f 78/78/78 27/27/27 1568/1568/1568
f 1631/1631/1631 270/270/270 254/254/254
f 1632/1632/1632 270/270/270 1631/1631/1631
f 270/270/270 1633/1633/1633 461/461/461
f 1632/1632/1632 1633/1633/1633 270/270/270
f 1634/1634/1634 461/461/461 1633/1633/1633
f 149/149/149 461/461/461 1634/1634/1634
f 151/151/151 1634/1634/1634 1635/1635/1635
f 149/149/149 1634/1634/1634 151/151/151
f 28/28/28 1635/1635/1635 1636/1636/1636
f 151/151/151 1635/1635/1635 28/28/28
f 1637/1637/1637 15/15/15 29/29/29
f 1638/1638/1638 15/15/15 1637/1637/1637
f 1638/1638/1638 334/334/334 15/15/15
f 1639/1639/1639 334/334/334 1638/1638/1638
f 1639/1639/1639 103/103/103 334/334/334
f 1640/1640/1640 103/103/103 1639/1639/1639
f 1640/1640/1640 146/146/146 103/103/103
f 1641/1641/1641 146/146/146 1640/1640/1640
f 1641/1641/1641 77/77/77 146/146/146
f 1642/1642/1642 77/77/77 1641/1641/1641
f 77/77/77 1643/1643/1643 366/366/366
f 1642/1642/1642 1643/1643/1643 77/77/77
f 1644/1644/1644 1632/1632/1632 1631/1631/1631
f 1645/1645/1645 1632/1632/1632 1644/1644/1644
f 1632/1632/1632 1646/1646/1646 1633/1633/1633
f 1645/1645/1645 1646/1646/1646 1632/1632/1632
f 1647/1647/1647 1633/1633/1633 1646/1646/1646
f 1634/1634/1634 1633/1633/1633 1647/1647/1647
f 1635/1635/1635 1647/1647/1647 1648/1648/1648
f 1634/1634/1634 1647/1647/1647 1635/1635/1635
f 1636/1636/1636 1648/1648/1648 1649/1649/1649
f 1635/1635/1635 1648/1648/1648 1636/1636/1636
f 1650/1650/1650 1638/1638/1638 1637/1637/1637
f 1651/1651/1651 1638/1638/1638 1650/1650/1650
f 1651/1651/1651 1639/1639/1639 1638/1638/1638
f 1652/1652/1652 1639/1639/1639 1651/1651/1651
f 1652/1652/1652 1640/1640/1640 1639/1639/1639
f 1653/1653/1653 1640/1640/1640 1652/1652/1652
f 1653/1653/1653 1641/1641/1641 1640/1640/1640
f 1654/1654/1654 1641/1641/1641 1653/1653/1653
f 1654/1654/1654 1642/1642/1642 1641/1641/1641
f 1655/1655/1655 1642/1642/1642 1654/1654/1654
f 1642/1642/1642 1656/1656/1656 1643/1643/1643
f 1655/1655/1655 1656/1656/1656 1642/1642/1642
f 1657/1657/1657 1645/1645/1645 1644/1644/1644
f 1658/1658/1658 1645/1645/1645 1657/1657/1657
f 1658/1658/1658 1646/1646/1646 1645/1645/1645
f 1659/1659/1659 1646/1646/1646 1658/1658/1658
f 1660/1660/1660 1646/1646/1646 1659/1659/1659
f 1647/1647/1647 1646/1646/1646 1660/1660/1660
f 1648/1648/1648 1660/1660/1660 1661/1661/1661
f 1647/1647/1647 1660/1660/1660 1648/1648/1648
f 1649/1649/1649 1661/1661/1661 1662/1662/1662
f 1648/1648/1648 1661/1661/1661 1649/1649/1649
f 1663/1663/1663 1651/1651/1651 1650/1650/1650
f 1664/1664/1664 1651/1651/1651 1663/1663/1663
f 1664/1664/1664 1652/1652/1652 1651/1651/1651
f 1665/1665/1665 1652/1652/1652 1664/1664/1664
f 1665/1665/1665 1653/1653/1653 1652/1652/1652
f 1666/1666/1666 1653/1653/1653 1665/1665/1665
f 1666/1666/1666 1654/1654/1654 1653/1653/1653
f 1667/1667/1667 1654/1654/1654 1666/1666/1666
f 1667/1667/1667 1655/1655/1655 1654/1654/1654
f 1668/1668/1668 1655/1655/1655 1667/1667/1667
f 1655/1655/1655 1669/1669/1669 1656/1656/1656
f 1668/1668/1668 1669/1669/1669 1655/1655/1655
f 1657/1657/1657 1684/1684/1684 1670/1670/1670
f 1644/1644/1644 1684/1684/1684 1657/1657/1657
f 1671/1671/1671 1658/1658/1658 1657/1657/1657
f 1672/1672/1672 1658/1658/1658 1671/1671/1671
f 1672/1672/1672 1659/1659/1659 1658/1658/1658
f 1673/1673/1673 1659/1659/1659 1672/1672/1672
f 1674/1674/1674 1659/1659/1659 1673/1673/1673
f 1660/1660/1660 1659/1659/1659 1674/1674/1674
f 1661/1661/1661 1674/1674/1674 1675/1675/1675
f 1660/1660/1660 1674/1674/1674 1661/1661/1661
f 1662/1662/1662 1675/1675/1675 1676/1676/1676
f 1661/1661/1661 1675/1675/1675 1662/1662/1662
f 1677/1677/1677 1664/1664/1664 1663/1663/1663
f 1678/1678/1678 1664/1664/1664 1677/1677/1677
f 1678/1678/1678 1665/1665/1665 1664/1664/1664
f 1679/1679/1679 1665/1665/1665 1678/1678/1678
f 1665/1665/1665 1680/1680/1680 1666/1666/1666
f 1679/1679/1679 1680/1680/1680 1665/1665/1665
f 1680/1680/1680 1667/1667/1667 1666/1666/1666
f 1681/1681/1681 1667/1667/1667 1680/1680/1680
f 1681/1681/1681 1668/1668/1668 1667/1667/1667
f 1682/1682/1682 1668/1668/1668 1681/1681/1681
f 1668/1668/1668 1683/1683/1683 1669/1669/1669
f 1682/1682/1682 1683/1683/1683 1668/1668/1668
f 48/48/48 1670/1670/1670 1684/1684/1684
f 535/535/535 1670/1670/1670 48/48/48
f 535/535/535 141/141/141 1670/1670/1670
f 45/45/45 141/141/141 535/535/535
f 366/366/366 528/528/528 536/536/536
f 1643/1643/1643 528/528/528 366/366/366
f 1669/1669/1669 522/522/522 521/521/521
f 1683/1683/1683 522/522/522 1669/1669/1669
f 1656/1656/1656 521/521/521 530/530/530
f 1669/1669/1669 521/521/521 1656/1656/1656
f 431/431/431 522/522/522 1683/1683/1683
f 41/41/41 522/522/522 431/431/431
f 1657/1657/1657 1670/1670/1670 1671/1671/1671
f 1644/1644/1644 1685/1685/1685 1684/1684/1684
f 1631/1631/1631 1685/1685/1685 1644/1644/1644
f 263/263/263 430/430/430 529/529/529
f 142/142/142 44/44/44 1685/1685/1685
f 263/263/263 44/44/44 142/142/142
f 1631/1631/1631 142/142/142 1685/1685/1685
f 254/254/254 142/142/142 1631/1631/1631
f 2188/2188/2188 2138/2138/2138 2182/2182/2182
f 2137/2137/2137 2178/2178/2178 2143/2143/2143
f 2231/2231/2231 1745/1745/1745 2177/2177/2177
f 2232/2232/2232 2230/2230/2230 2132/2132/2132
f 2200/2200/2200 2229/2229/2229 2188/2188/2188
f 2132/2132/2132 1772/1772/1772 2136/2136/2136
f 2135/2135/2135 1817/1817/1817 2131/2131/2131
f 2136/2136/2136 2189/2189/2189 2224/2224/2224
f 2227/2227/2227 1889/1889/1889 2223/2223/2223
f 2228/2228/2228 2226/2226/2226 1748/1748/1748
f 2224/2224/2224 2221/2221/2221 2228/2228/2228
f 1995/1995/1995 1993/1993/1993 2007/2007/2007
f 1938/1938/1938 1907/1907/1907 1912/1912/1912
f 2065/2065/2065 1914/1914/1914 1916/1916/1916
f 2065/2065/2065 1916/1916/1916 1919/1919/1919
f 2103/2103/2103 2037/2037/2037 2067/2067/2067
f 2049/2049/2049 2009/2009/2009 2067/2067/2067
f 2007/2007/2007 2002/2002/2002 1999/1999/1999
f 2007/2007/2007 1999/1999/1999 1997/1997/1997
f 2061/2061/2061 2211/2211/2211 2086/2086/2086
f 1984/1984/1984 2013/2013/2013 1936/1936/1936
f 1735/1735/1735 2078/2078/2078 2084/2084/2084
f 1948/1948/1948 1942/1942/1942 1784/1784/1784
f 1929/1929/1929 1948/1948/1948 2153/2153/2153
f 1929/1929/1929 2153/2153/2153 1905/1905/1905
f 1942/1942/1942 1960/1960/1960 2133/2133/2133
f 1960/1960/1960 1954/1954/1954 2117/2117/2117
f 1954/1954/1954 1972/1972/1972 2042/2042/2042
f 1972/1972/1972 1966/1966/1966 1832/1832/1832
f 2077/2077/2077 1989/1989/1989 2083/2083/2083
f 1727/1727/1727 2096/2096/2096 2102/2102/2102
f 2012/2012/2012 1983/1983/1983 2083/2083/2083
f 1977/1977/1977 2058/2058/2058 1983/1983/1983
f 1933/1933/1933 2090/2090/2090 2082/2082/2082
f 1930/1930/1930 2071/2071/2071 2069/2069/2069
f 1925/1925/1925 2057/2057/2057 2047/2047/2047
f 1922/1922/1922 2038/2038/2038 2028/2028/2028
f 1903/1903/1903 2020/2020/2020 2010/2010/2010
f 1898/1898/1898 1985/1985/1985 1975/1975/1975
f 1895/1895/1895 1872/1872/1872 2020/2020/2020
f 1890/1890/1890 1949/1949/1949 1920/1920/1920
f 1887/1887/1887 1888/1888/1888 1872/1872/1872
f 1882/1882/1882 1851/1851/1851 1835/1835/1835
f 1879/1879/1879 1816/1816/1816 1800/1800/1800
f 1874/1874/1874 1779/1779/1779 1763/1763/1763
f 1871/1871/1871 1744/1744/1744 1728/1728/1728
f 1866/1866/1866 1707/1707/1707 2199/2199/2199
f 1863/1863/1863 2122/2122/2122 1881/1881/1881
f 1860/1860/1860 2214/2214/2214 2031/2031/2031
f 1855/1855/1855 2197/2197/2197 2191/2191/2191
f 1850/1850/1850 2187/2187/2187 2181/2181/2181
f 1847/1847/1847 2179/2179/2179 2173/2173/2173
f 1842/1842/1842 2169/2169/2169 2139/2139/2139
f 1839/1839/1839 2054/2054/2054 2219/2219/2219
f 1834/1834/1834 1760/1760/1760 1715/1715/1715
f 1831/1831/1831 1720/1720/1720 1731/1731/1731
f 1826/1826/1826 1739/1739/1739 1752/1752/1752
f 1823/1823/1823 1756/1756/1756 1768/1768/1768
f 1818/1818/1818 1776/1776/1776 1787/1787/1787
f 1815/1815/1815 1793/1793/1793 1804/1804/1804
f 1810/1810/1810 1811/1811/1811 1824/1824/1824
f 1807/1807/1807 1828/1828/1828 1841/1841/1841
f 1802/1802/1802 1848/1848/1848 1858/1858/1858
f 1799/1799/1799 1865/1865/1865 1876/1876/1876
f 1794/1794/1794 1883/1883/1883 1896/1896/1896
f 1791/1791/1791 1900/1900/1900 1927/1927/1927
f 1786/1786/1786 1934/1934/1934 1943/1943/1943
f 1783/1783/1783 1946/1946/1946 1952/1952/1952
f 1778/1778/1778 1955/1955/1955 1962/1962/1962
f 1775/1775/1775 1964/1964/1964 1970/1970/1970
f 1770/1770/1770 1974/1974/1974 1980/1980/1980
f 1767/1767/1767 1982/1982/1982 1988/1988/1988
f 1762/1762/1762 1992/1992/1992 2015/2015/2015
f 2097/2097/2097 2081/2081/2081 2085/2085/2085
f 2155/2155/2155 2166/2166/2166 2163/2163/2163
f 2175/2175/2175 2160/2160/2160 2185/2185/2185
f 1711/1711/1711 2150/2150/2150 2158/2158/2158
f 2098/2098/2098 2203/2203/2203 2110/2110/2110
f 2203/2203/2203 2098/2098/2098 2207/2207/2207
f 1914/1914/1914 2065/2065/2065 1912/1912/1912
f 2209/2209/2209 1809/1809/1809 2091/2091/2091
f 2091/2091/2091 1820/1820/1820 2205/2205/2205
f 1844/1844/1844 1868/1868/1868 2205/2205/2205
f 2183/2183/2183 1868/1868/1868 1856/1856/1856
f 1890/1890/1890 1898/1898/1898 1949/1949/1949
f 1906/1906/1906 1908/1908/1908 1898/1898/1898
f 1882/1882/1882 1890/1890/1890 1851/1851/1851
f 1874/1874/1874 1882/1882/1882 1779/1779/1779
f 1866/1866/1866 1874/1874/1874 1707/1707/1707
f 1850/1850/1850 1866/1866/1866 2187/2187/2187
f 1842/1842/1842 1850/1850/1850 2169/2169/2169
f 1834/1834/1834 1842/1842/1842 1760/1760/1760
f 1826/1826/1826 1834/1834/1834 1739/1739/1739
f 1818/1818/1818 1826/1826/1826 1776/1776/1776
f 1930/1930/1930 1818/1818/1818 2071/2071/2071
f 1810/1810/1810 1930/1930/1930 1811/1811/1811
f 1802/1802/1802 1810/1810/1810 1848/1848/1848
f 1794/1794/1794 1802/1802/1802 1883/1883/1883
f 1922/1922/1922 1794/1794/1794 2038/2038/2038
f 1786/1786/1786 1922/1922/1922 1934/1934/1934
f 1778/1778/1778 1786/1786/1786 1955/1955/1955
f 1860/1860/1860 1778/1778/1778 2214/2214/2214
f 1770/1770/1770 1860/1860/1860 1974/1974/1974
f 1762/1762/1762 1770/1770/1770 1992/1992/1992
f 1754/1754/1754 1762/1762/1762 2027/2027/2027
f 1746/1746/1746 1754/1754/1754 2045/2045/2045
f 1738/1738/1738 1746/1746/1746 2063/2063/2063
f 1730/1730/1730 1738/1738/1738 2088/2088/2088
f 1722/1722/1722 1730/1730/1730 2106/2106/2106
f 1714/1714/1714 1722/1722/1722 2124/2124/2124
f 1706/1706/1706 1714/1714/1714 2162/2162/2162
f 1690/1690/1690 1706/1706/1706 1692/1692/1692
f 2150/2150/2150 1711/1711/1711 1705/1705/1705
f 2114/2114/2114 1719/1719/1719 2158/2158/2158
f 2096/2096/2096 1727/1727/1727 2120/2120/2120
f 2078/2078/2078 1735/1735/1735 2102/2102/2102
f 2053/2053/2053 1743/1743/1743 2084/2084/2084
f 2035/2035/2035 1751/1751/1751 2059/2059/2059
f 2017/2017/2017 1759/1759/1759 2041/2041/2041
f 1982/1982/1982 1767/1767/1767 2023/2023/2023
f 1964/1964/1964 1775/1775/1775 1988/1988/1988
f 2122/2122/2122 1863/1863/1863 1970/1970/1970
f 1946/1946/1946 1783/1783/1783 1881/1881/1881
f 1900/1900/1900 1791/1791/1791 1952/1952/1952
f 2057/2057/2057 1925/1925/1925 1927/1927/1927
f 1865/1865/1865 1799/1799/1799 2047/2047/2047
f 1828/1828/1828 1807/1807/1807 1876/1876/1876
f 1793/1793/1793 1815/1815/1815 1841/1841/1841
f 2090/2090/2090 1933/1933/1933 1804/1804/1804
f 1756/1756/1756 1823/1823/1823 2082/2082/2082
f 1720/1720/1720 1831/1831/1831 1768/1768/1768
f 2054/2054/2054 1839/1839/1839 1731/1731/1731
f 2179/2179/2179 1847/1847/1847 2219/2219/2219
f 2197/2197/2197 1855/1855/1855 2173/2173/2173
f 1744/1744/1744 1871/1871/1871 2191/2191/2191
f 1816/1816/1816 1879/1879/1879 1728/1728/1728
f 1888/1888/1888 1887/1887/1887 1800/1800/1800
f 1872/1872/1872 1895/1895/1895 1887/1887/1887
f 2020/2020/2020 1903/1903/1903 1895/1895/1895
f 1917/1917/1917 1915/1915/1915 2010/2010/2010
f 2109/2109/2109 1769/1769/1769 2097/2097/2097
f 1759/1759/1759 2017/2017/2017 2023/2023/2023
f 2155/2155/2155 2143/2143/2143 2166/2166/2166
f 1754/1754/1754 2027/2027/2027 2033/2033/2033
f 2144/2144/2144 2156/2156/2156 2182/2182/2182
f 2177/2177/2177 2192/2192/2192 2171/2171/2171
f 1751/1751/1751 2035/2035/2035 2041/2041/2041
f 1737/1737/1737 1748/1748/1748 2107/2107/2107
f 1713/1713/1713 1737/1737/1737 2099/2099/2099
f 2127/2127/2127 1978/1978/1978 1936/1936/1936
f 1723/1723/1723 2019/2019/2019 2195/2195/2195
f 2037/2037/2037 2103/2103/2103 2025/2025/2025
f 2115/2115/2115 1732/1732/1732 1721/1721/1721
f 2159/2159/2159 2220/2220/2220 2145/2145/2145
f 2165/2165/2165 2174/2174/2174 2151/2151/2151
f 1990/1990/1990 1957/1957/1957 2013/2013/2013
f 2131/2131/2131 1729/1729/1729 2231/2231/2231
f 1736/1736/1736 2021/2021/2021 1747/1747/1747
f 1712/1712/1712 2011/2011/2011 1736/1736/1736
f 2085/2085/2085 1803/1803/1803 2060/2060/2060
f 2060/2060/2060 1840/1840/1840 2073/2073/2073
f 1795/1795/1795 1875/1875/1875 1864/1864/1864
f 1808/1808/1808 2046/2046/2046 1819/1819/1819
f 2074/2074/2074 2215/2215/2215 2061/2061/2061
f 1730/1730/1730 2088/2088/2088 2094/2094/2094
f 1819/1819/1819 1926/1926/1926 1843/1843/1843
f 1843/1843/1843 1951/1951/1951 1867/1867/1867
f 1867/1867/1867 1880/1880/1880 1891/1891/1891
f 1904/1904/1904 1969/1969/1969 1928/1928/1928
f 1947/1947/1947 1987/1987/1987 1941/1941/1941
f 1959/1959/1959 2022/2022/2022 1953/1953/1953
f 2164/2164/2164 2140/2140/2140 2156/2156/2156
f 1746/1746/1746 2045/2045/2045 2051/2051/2051
f 1971/1971/1971 2040/2040/2040 1965/1965/1965
f 2018/2018/2018 2101/2101/2101 2024/2024/2024
f 2024/2024/2024 2119/2119/2119 2036/2036/2036
f 2036/2036/2036 2157/2157/2157 2048/2048/2048
f 2068/2068/2068 2167/2167/2167 2104/2104/2104
f 1690/1690/1690 1692/1692/1692 1689/1689/1689
f 1694/1694/1694 1695/1695/1695 1689/1689/1689
f 1697/1697/1697 1698/1698/1698 1694/1694/1694
f 1700/1700/1700 1701/1701/1701 1697/1697/1697
f 1703/1703/1703 1705/1705/1705 1700/1700/1700
f 1709/1709/1709 1706/1706/1706 1695/1695/1695
f 1710/1710/1710 1709/1709/1709 1698/1698/1698
f 1711/1711/1711 1710/1710/1710 1701/1701/1701
f 1717/1717/1717 1714/1714/1714 1709/1709/1709
f 1718/1718/1718 1717/1717/1717 1710/1710/1710
f 1719/1719/1719 1718/1718/1718 1711/1711/1711
f 1725/1725/1725 1722/1722/1722 1717/1717/1717
f 1726/1726/1726 1725/1725/1725 1718/1718/1718
f 1727/1727/1727 1726/1726/1726 1719/1719/1719
f 1733/1733/1733 1730/1730/1730 1725/1725/1725
f 1734/1734/1734 1733/1733/1733 1726/1726/1726
f 1735/1735/1735 1734/1734/1734 1727/1727/1727
f 1741/1741/1741 1738/1738/1738 1733/1733/1733
f 1742/1742/1742 1741/1741/1741 1734/1734/1734
f 1743/1743/1743 1742/1742/1742 1735/1735/1735
f 1749/1749/1749 1746/1746/1746 1741/1741/1741
f 1750/1750/1750 1749/1749/1749 1742/1742/1742
f 1751/1751/1751 1750/1750/1750 1743/1743/1743
f 1757/1757/1757 1754/1754/1754 1749/1749/1749
f 1758/1758/1758 1757/1757/1757 1750/1750/1750
f 1759/1759/1759 1758/1758/1758 1751/1751/1751
f 1765/1765/1765 1762/1762/1762 1757/1757/1757
f 1766/1766/1766 1765/1765/1765 1758/1758/1758
f 1767/1767/1767 1766/1766/1766 1759/1759/1759
f 1773/1773/1773 1770/1770/1770 1765/1765/1765
f 1774/1774/1774 1773/1773/1773 1766/1766/1766
f 1775/1775/1775 1774/1774/1774 1767/1767/1767
f 1781/1781/1781 1778/1778/1778 1861/1861/1861
f 1782/1782/1782 1781/1781/1781 1862/1862/1862
f 1783/1783/1783 1782/1782/1782 1863/1863/1863
f 1789/1789/1789 1786/1786/1786 1781/1781/1781
f 1790/1790/1790 1789/1789/1789 1782/1782/1782
f 1791/1791/1791 1790/1790/1790 1783/1783/1783
f 1797/1797/1797 1794/1794/1794 1923/1923/1923
f 1798/1798/1798 1797/1797/1797 1924/1924/1924
f 1799/1799/1799 1798/1798/1798 1925/1925/1925
f 1805/1805/1805 1802/1802/1802 1797/1797/1797
f 1806/1806/1806 1805/1805/1805 1798/1798/1798
f 1807/1807/1807 1806/1806/1806 1799/1799/1799
f 1813/1813/1813 1810/1810/1810 1805/1805/1805
f 1814/1814/1814 1813/1813/1813 1806/1806/1806
f 1815/1815/1815 1814/1814/1814 1807/1807/1807
f 1821/1821/1821 1818/1818/1818 1931/1931/1931
f 1822/1822/1822 1821/1821/1821 1932/1932/1932
f 1823/1823/1823 1822/1822/1822 1933/1933/1933
f 1829/1829/1829 1826/1826/1826 1821/1821/1821
f 1830/1830/1830 1829/1829/1829 1822/1822/1822
f 1831/1831/1831 1830/1830/1830 1823/1823/1823
f 1837/1837/1837 1834/1834/1834 1829/1829/1829
f 1838/1838/1838 1837/1837/1837 1830/1830/1830
f 1839/1839/1839 1838/1838/1838 1831/1831/1831
f 1845/1845/1845 1842/1842/1842 1837/1837/1837
f 1846/1846/1846 1845/1845/1845 1838/1838/1838
f 1847/1847/1847 1846/1846/1846 1839/1839/1839
f 1853/1853/1853 1850/1850/1850 1845/1845/1845
f 1854/1854/1854 1853/1853/1853 1846/1846/1846
f 1855/1855/1855 1854/1854/1854 1847/1847/1847
f 1861/1861/1861 1860/1860/1860 1773/1773/1773
f 1862/1862/1862 1861/1861/1861 1774/1774/1774
f 1863/1863/1863 1862/1862/1862 1775/1775/1775
f 1869/1869/1869 1866/1866/1866 1853/1853/1853
f 1870/1870/1870 1869/1869/1869 1854/1854/1854
f 1871/1871/1871 1870/1870/1870 1855/1855/1855
f 1877/1877/1877 1874/1874/1874 1869/1869/1869
f 1878/1878/1878 1877/1877/1877 1870/1870/1870
f 1879/1879/1879 1878/1878/1878 1871/1871/1871
f 1885/1885/1885 1882/1882/1882 1877/1877/1877
f 1886/1886/1886 1885/1885/1885 1878/1878/1878
f 1887/1887/1887 1886/1886/1886 1879/1879/1879
f 1893/1893/1893 1890/1890/1890 1885/1885/1885
f 1894/1894/1894 1893/1893/1893 1886/1886/1886
f 1895/1895/1895 1894/1894/1894 1887/1887/1887
f 1901/1901/1901 1898/1898/1898 1893/1893/1893
f 1902/1902/1902 1901/1901/1901 1894/1894/1894
f 1903/1903/1903 1902/1902/1902 1895/1895/1895
f 1911/1911/1911 1906/1906/1906 1901/1901/1901
f 1913/1913/1913 1911/1911/1911 1902/1902/1902
f 1915/1915/1915 1913/1913/1913 1903/1903/1903
f 1923/1923/1923 1922/1922/1922 1789/1789/1789
f 1924/1924/1924 1923/1923/1923 1790/1790/1790
f 1925/1925/1925 1924/1924/1924 1791/1791/1791
f 1931/1931/1931 1930/1930/1930 1813/1813/1813
f 1932/1932/1932 1931/1931/1931 1814/1814/1814
f 1933/1933/1933 1932/1932/1932 1815/1815/1815
f 1940/1940/1940 2100/2100/2100 1910/1910/1910
f 1976/1976/1976 2108/2108/2108 1950/1950/1950
f 2126/2126/2126 2130/2130/2130 1921/1921/1921
f 1780/1780/1780 1836/1836/1836 2222/2222/2222
f 1708/1708/1708 1764/1764/1764 1771/1771/1771
f 2164/2164/2164 2176/2176/2176 2140/2140/2140
f 2186/2186/2186 2194/2194/2194 1716/1716/1716
f 2194/2194/2194 2202/2202/2202 1753/1753/1753
f 1788/1788/1788 2204/2204/2204 2072/2072/2072
f 2070/2070/2070 2208/2208/2208 1812/1812/1812
f 1825/1825/1825 2212/2212/2212 1849/1849/1849
f 2216/2216/2216 2218/2218/2218 1859/1859/1859
f 2218/2218/2218 2210/2210/2210 1897/1897/1897
f 2029/2029/2029 2092/2092/2092 1935/1935/1935
f 1944/1944/1944 2206/2206/2206 1956/1956/1956
f 1961/1961/1961 2184/2184/2184 2213/2213/2213
f 1857/1857/1857 2080/2080/2080 2030/2030/2030
f 2154/2154/2154 1785/1785/1785 1979/1979/1979
f 2134/2134/2134 2118/2118/2118 2014/2014/2014
f 2043/2043/2043 1833/1833/1833 2032/2032/2032
f 2142/2142/2142 2128/2128/2128 2050/2050/2050
f 1937/1937/1937 1968/1968/1968 2075/2075/2075
f 1958/1958/1958 1724/1724/1724 2093/2093/2093
f 2111/2111/2111 2196/2196/2196 2123/2123/2123
f 2147/2147/2147 2104/2104/2104 2161/2161/2161
f 2068/2068/2068 1994/1994/1994 2167/2167/2167
f 1994/1994/1994 1996/1996/1996 1691/1691/1691
f 1996/1996/1996 1998/1998/1998 1686/1686/1686
f 1998/1998/1998 2000/2000/2000 1688/1688/1688
f 2000/2000/2000 2001/2001/2001 1693/1693/1693
f 2001/2001/2001 2003/2003/2003 1696/1696/1696
f 2003/2003/2003 2006/2006/2006 1699/1699/1699
f 2005/2005/2005 2008/2008/2008 1702/1702/1702
f 2008/2008/2008 2048/2048/2048 1704/1704/1704
f 2157/2157/2157 2036/2036/2036 2113/2113/2113
f 2119/2119/2119 2024/2024/2024 2095/2095/2095
f 2018/2018/2018 1989/1989/1989 2101/2101/2101
f 1977/1977/1977 1965/1965/1965 2058/2058/2058
f 1971/1971/1971 1953/1953/1953 2040/2040/2040
f 1959/1959/1959 1941/1941/1941 2022/2022/2022
f 1947/1947/1947 1928/1928/1928 1987/1987/1987
f 1904/1904/1904 1891/1891/1891 1969/1969/1969
f 1880/1880/1880 1867/1867/1867 1945/1945/1945
f 1951/1951/1951 1843/1843/1843 1899/1899/1899
f 1926/1926/1926 1819/1819/1819 2056/2056/2056
f 1808/1808/1808 1795/1795/1795 2046/2046/2046
f 1795/1795/1795 2073/2073/2073 1875/1875/1875
f 1840/1840/1840 2060/2060/2060 1792/1792/1792
f 1803/1803/1803 2085/2085/2085 2089/2089/2089
f 2081/2081/2081 2097/2097/2097 1755/1755/1755
f 2109/2109/2109 2115/2115/2115 1769/1769/1769
f 2115/2115/2115 2145/2145/2145 1732/1732/1732
f 2159/2159/2159 2151/2151/2151 2220/2220/2220
f 2165/2165/2165 2171/2171/2171 2174/2174/2174
f 2230/2230/2230 2232/2232/2232 2137/2137/2137
f 2223/2223/2223 1801/1801/1801 2135/2135/2135
f 2190/2190/2190 1764/1764/1764 2222/2222/2222
f 1743/1743/1743 2053/2053/2053 2059/2059/2059
f 1738/1738/1738 2063/2063/2063 2076/2076/2076
f 1712/1712/1712 2064/2064/2064 2011/2011/2011
f 1939/1939/1939 2066/2066/2066 2099/2099/2099
f 1719/1719/1719 2114/2114/2114 2120/2120/2120
f 2129/2129/2129 2125/2125/2125 1748/1748/1748
f 1714/1714/1714 2124/2124/2124 2148/2148/2148
f 1997/1997/1997 1995/1995/1995 2007/2007/2007
f 2175/2175/2175 2163/2163/2163 2160/2160/2160
f 2193/2193/2193 2185/2185/2185 2116/2116/2116
f 2201/2201/2201 2193/2193/2193 2110/2110/2110
f 2108/2108/2108 1976/1976/1976 2100/2100/2100
f 2104/2104/2104 2147/2147/2147 2196/2196/2196
f 2217/2217/2217 2215/2215/2215 1796/1796/1796
f 2209/2209/2209 2217/2217/2217 1809/1809/1809
f 2126/2126/2126 1921/1921/1921 2108/2108/2108
f 1706/1706/1706 2162/2162/2162 2168/2168/2168
f 2079/2079/2079 1856/1856/1856 1905/1905/1905
f 2196/2196/2196 2111/2111/2111 1724/1724/1724
f 1958/1958/1958 2093/2093/2093 1968/1968/1968
f 1937/1937/1937 2075/2075/2075 2128/2128/2128
f 2127/2127/2127 2141/2141/2141 1978/1978/1978
f 2142/2142/2142 2050/2050/2050 1833/1833/1833
f 1723/1723/1723 1957/1957/1957 2019/2019/2019
f 1722/1722/1722 2106/2106/2106 2112/2112/2112
f 1907/1907/1907 1938/1938/1938 1909/1909/1909
f 2043/2043/2043 2032/2032/2032 2118/2118/2118
f 2134/2134/2134 2014/2014/2014 1785/1785/1785
f 2154/2154/2154 1979/1979/1979 2080/2080/2080
f 1857/1857/1857 2030/2030/2030 2184/2184/2184
f 2184/2184/2184 1961/1961/1961 2206/2206/2206
f 2007/2007/2007 2004/2004/2004 2002/2002/2002
f 2206/2206/2206 1944/1944/1944 2092/2092/2092
f 2092/2092/2092 2029/2029/2029 2210/2210/2210
f 2218/2218/2218 1897/1897/1897 1884/1884/1884
f 2216/2216/2216 1859/1859/1859 2212/2212/2212
f 2212/2212/2212 1825/1825/1825 2208/2208/2208
f 2208/2208/2208 2070/2070/2070 2204/2204/2204
f 2204/2204/2204 1788/1788/1788 2202/2202/2202
f 2194/2194/2194 1753/1753/1753 1740/1740/1740
f 2186/2186/2186 1716/1716/1716 2176/2176/2176
f 1747/1747/1747 1873/1873/1873 2227/2227/2227
f 2225/2225/2225 1836/1836/1836 2130/2130/2130
f 1708/1708/1708 1771/1771/1771 2200/2200/2200
f 2182/2182/2182 2138/2138/2138 2144/2144/2144
f 2143/2143/2143 2178/2178/2178 2172/2172/2172
f 2177/2177/2177 1745/1745/1745 2192/2192/2192
f 2132/2132/2132 2230/2230/2230 1772/1772/1772
f 2188/2188/2188 2229/2229/2229 2138/2138/2138
f 2136/2136/2136 1772/1772/1772 2189/2189/2189
f 2131/2131/2131 1817/1817/1817 1729/1729/1729
f 2224/2224/2224 2189/2189/2189 2221/2221/2221
f 2223/2223/2223 1889/1889/1889 1801/1801/1801
f 1748/1748/1748 2226/2226/2226 2129/2129/2129
f 2228/2228/2228 2221/2221/2221 2226/2226/2226
f 2007/2007/2007 1993/1993/1993 2009/2009/2009
f 2067/2067/2067 2037/2037/2037 2049/2049/2049
f 2067/2067/2067 2009/2009/2009 1993/1993/1993
f 2086/2086/2086 2211/2211/2211 2207/2207/2207
f 1936/1936/1936 2013/2013/2013 1967/1967/1967
f 1784/1784/1784 1942/1942/1942 2133/2133/2133
f 2153/2153/2153 1948/1948/1948 1784/1784/1784
f 1905/1905/1905 2153/2153/2153 2079/2079/2079
f 2133/2133/2133 1960/1960/1960 2117/2117/2117
f 2117/2117/2117 1954/1954/1954 2042/2042/2042
f 2042/2042/2042 1972/1972/1972 1832/1832/1832
f 1832/1832/1832 1966/1966/1966 2141/2141/2141
f 2083/2083/2083 1989/1989/1989 2012/2012/2012
f 2083/2083/2083 1983/1983/1983 2052/2052/2052
f 1983/1983/1983 2058/2058/2058 2052/2052/2052
f 2085/2085/2085 2081/2081/2081 2089/2089/2089
f 2163/2163/2163 2166/2166/2166 2152/2152/2152
f 2185/2185/2185 2160/2160/2160 2146/2146/2146
f 2110/2110/2110 2203/2203/2203 2201/2201/2201
f 2207/2207/2207 2098/2098/2098 2086/2086/2086
f 1912/1912/1912 2065/2065/2065 1938/1938/1938
f 2091/2091/2091 1809/1809/1809 1820/1820/1820
f 2205/2205/2205 1820/1820/1820 1844/1844/1844
f 2205/2205/2205 1868/1868/1868 2183/2183/2183
f 1856/1856/1856 1868/1868/1868 1892/1892/1892
f 1949/1949/1949 1898/1898/1898 1975/1975/1975
f 1898/1898/1898 1908/1908/1908 1985/1985/1985
f 1851/1851/1851 1890/1890/1890 1920/1920/1920
f 1779/1779/1779 1882/1882/1882 1835/1835/1835
f 1707/1707/1707 1874/1874/1874 1763/1763/1763
f 2187/2187/2187 1866/1866/1866 2199/2199/2199
f 2169/2169/2169 1850/1850/1850 2181/2181/2181
f 1760/1760/1760 1842/1842/1842 2139/2139/2139
f 1739/1739/1739 1834/1834/1834 1715/1715/1715
f 1776/1776/1776 1826/1826/1826 1752/1752/1752
f 2071/2071/2071 1818/1818/1818 1787/1787/1787
f 1811/1811/1811 1930/1930/1930 2069/2069/2069
f 1848/1848/1848 1810/1810/1810 1824/1824/1824
f 1883/1883/1883 1802/1802/1802 1858/1858/1858
f 2038/2038/2038 1794/1794/1794 1896/1896/1896
f 1934/1934/1934 1922/1922/1922 2028/2028/2028
f 1955/1955/1955 1786/1786/1786 1943/1943/1943
f 2214/2214/2214 1778/1778/1778 1962/1962/1962
f 1974/1974/1974 1860/1860/1860 2031/2031/2031
f 1992/1992/1992 1770/1770/1770 1980/1980/1980
f 2027/2027/2027 1762/1762/1762 2015/2015/2015
f 2045/2045/2045 1754/1754/1754 2033/2033/2033
f 2063/2063/2063 1746/1746/1746 2051/2051/2051
f 2088/2088/2088 1738/1738/1738 2076/2076/2076
f 2106/2106/2106 1730/1730/1730 2094/2094/2094
f 2124/2124/2124 1722/1722/1722 2112/2112/2112
f 2162/2162/2162 1714/1714/1714 2148/2148/2148
f 1692/1692/1692 1706/1706/1706 2168/2168/2168
f 1705/1705/1705 1711/1711/1711 1701/1701/1701
f 2158/2158/2158 1719/1719/1719 1711/1711/1711
f 2120/2120/2120 1727/1727/1727 1719/1719/1719
f 2102/2102/2102 1735/1735/1735 1727/1727/1727
f 2084/2084/2084 1743/1743/1743 1735/1735/1735
f 2059/2059/2059 1751/1751/1751 1743/1743/1743
f 2041/2041/2041 1759/1759/1759 1751/1751/1751
f 2023/2023/2023 1767/1767/1767 1759/1759/1759
f 1988/1988/1988 1775/1775/1775 1767/1767/1767
f 1970/1970/1970 1863/1863/1863 1775/1775/1775
f 1881/1881/1881 1783/1783/1783 1863/1863/1863
f 1952/1952/1952 1791/1791/1791 1783/1783/1783
f 1927/1927/1927 1925/1925/1925 1791/1791/1791
f 2047/2047/2047 1799/1799/1799 1925/1925/1925
f 1876/1876/1876 1807/1807/1807 1799/1799/1799
f 1841/1841/1841 1815/1815/1815 1807/1807/1807
f 1804/1804/1804 1933/1933/1933 1815/1815/1815
f 2082/2082/2082 1823/1823/1823 1933/1933/1933
f 1768/1768/1768 1831/1831/1831 1823/1823/1823
f 1731/1731/1731 1839/1839/1839 1831/1831/1831
f 2219/2219/2219 1847/1847/1847 1839/1839/1839
f 2173/2173/2173 1855/1855/1855 1847/1847/1847
f 2191/2191/2191 1871/1871/1871 1855/1855/1855
f 1728/1728/1728 1879/1879/1879 1871/1871/1871
f 1800/1800/1800 1887/1887/1887 1879/1879/1879
f 2010/2010/2010 1915/1915/1915 1903/1903/1903
f 2097/2097/2097 1769/1769/1769 1755/1755/1755
f 2166/2166/2166 2143/2143/2143 2172/2172/2172
f 2182/2182/2182 2156/2156/2156 2170/2170/2170
f 2171/2171/2171 2192/2192/2192 2198/2198/2198
f 2107/2107/2107 1748/1748/1748 2125/2125/2125
f 2099/2099/2099 1737/1737/1737 2107/2107/2107
f 1936/1936/1936 1978/1978/1978 1984/1984/1984
f 2195/2195/2195 2019/2019/2019 2025/2025/2025
f 2025/2025/2025 2103/2103/2103 2195/2195/2195
f 2145/2145/2145 2220/2220/2220 2055/2055/2055
f 2151/2151/2151 2174/2174/2174 2180/2180/2180
f 2013/2013/2013 1957/1957/1957 1967/1967/1967
f 2231/2231/2231 1729/1729/1729 1745/1745/1745
f 1747/1747/1747 2021/2021/2021 1873/1873/1873
f 1736/1736/1736 2011/2011/2011 2021/2021/2021
f 2060/2060/2060 1803/1803/1803 1792/1792/1792
f 2073/2073/2073 1840/1840/1840 1827/1827/1827
f 1819/1819/1819 2046/2046/2046 2056/2056/2056
f 2061/2061/2061 2215/2215/2215 2211/2211/2211
f 1843/1843/1843 1926/1926/1926 1899/1899/1899
f 1867/1867/1867 1951/1951/1951 1945/1945/1945
f 1891/1891/1891 1880/1880/1880 2121/2121/2121
f 1928/1928/1928 1969/1969/1969 1963/1963/1963
f 1941/1941/1941 1987/1987/1987 1981/1981/1981
f 1953/1953/1953 2022/2022/2022 2016/2016/2016
f 2156/2156/2156 2140/2140/2140 2170/2170/2170
f 1965/1965/1965 2040/2040/2040 2034/2034/2034
f 2024/2024/2024 2101/2101/2101 2095/2095/2095
f 2036/2036/2036 2119/2119/2119 2113/2113/2113
f 2048/2048/2048 2157/2157/2157 2149/2149/2149
f 2104/2104/2104 2167/2167/2167 2161/2161/2161
f 1689/1689/1689 1692/1692/1692 1687/1687/1687
f 1689/1689/1689 1695/1695/1695 1690/1690/1690
f 1694/1694/1694 1698/1698/1698 1695/1695/1695
f 1697/1697/1697 1701/1701/1701 1698/1698/1698
f 1700/1700/1700 1705/1705/1705 1701/1701/1701
f 1695/1695/1695 1706/1706/1706 1690/1690/1690
f 1698/1698/1698 1709/1709/1709 1695/1695/1695
f 1701/1701/1701 1710/1710/1710 1698/1698/1698
f 1709/1709/1709 1714/1714/1714 1706/1706/1706
f 1710/1710/1710 1717/1717/1717 1709/1709/1709
f 1711/1711/1711 1718/1718/1718 1710/1710/1710
f 1717/1717/1717 1722/1722/1722 1714/1714/1714
f 1718/1718/1718 1725/1725/1725 1717/1717/1717
f 1719/1719/1719 1726/1726/1726 1718/1718/1718
f 1725/1725/1725 1730/1730/1730 1722/1722/1722
f 1726/1726/1726 1733/1733/1733 1725/1725/1725
f 1727/1727/1727 1734/1734/1734 1726/1726/1726
f 1733/1733/1733 1738/1738/1738 1730/1730/1730
f 1734/1734/1734 1741/1741/1741 1733/1733/1733
f 1735/1735/1735 1742/1742/1742 1734/1734/1734
f 1741/1741/1741 1746/1746/1746 1738/1738/1738
f 1742/1742/1742 1749/1749/1749 1741/1741/1741
f 1743/1743/1743 1750/1750/1750 1742/1742/1742
f 1749/1749/1749 1754/1754/1754 1746/1746/1746
f 1750/1750/1750 1757/1757/1757 1749/1749/1749
f 1751/1751/1751 1758/1758/1758 1750/1750/1750
f 1757/1757/1757 1762/1762/1762 1754/1754/1754
f 1758/1758/1758 1765/1765/1765 1757/1757/1757
f 1759/1759/1759 1766/1766/1766 1758/1758/1758
f 1765/1765/1765 1770/1770/1770 1762/1762/1762
f 1766/1766/1766 1773/1773/1773 1765/1765/1765
f 1767/1767/1767 1774/1774/1774 1766/1766/1766
f 1861/1861/1861 1778/1778/1778 1860/1860/1860
f 1862/1862/1862 1781/1781/1781 1861/1861/1861
f 1863/1863/1863 1782/1782/1782 1862/1862/1862
f 1781/1781/1781 1786/1786/1786 1778/1778/1778
f 1782/1782/1782 1789/1789/1789 1781/1781/1781
f 1783/1783/1783 1790/1790/1790 1782/1782/1782
f 1923/1923/1923 1794/1794/1794 1922/1922/1922
f 1924/1924/1924 1797/1797/1797 1923/1923/1923
f 1925/1925/1925 1798/1798/1798 1924/1924/1924
f 1797/1797/1797 1802/1802/1802 1794/1794/1794
f 1798/1798/1798 1805/1805/1805 1797/1797/1797
f 1799/1799/1799 1806/1806/1806 1798/1798/1798
f 1805/1805/1805 1810/1810/1810 1802/1802/1802
f 1806/1806/1806 1813/1813/1813 1805/1805/1805
f 1807/1807/1807 1814/1814/1814 1806/1806/1806
f 1931/1931/1931 1818/1818/1818 1930/1930/1930
f 1932/1932/1932 1821/1821/1821 1931/1931/1931
f 1933/1933/1933 1822/1822/1822 1932/1932/1932
f 1821/1821/1821 1826/1826/1826 1818/1818/1818
f 1822/1822/1822 1829/1829/1829 1821/1821/1821
f 1823/1823/1823 1830/1830/1830 1822/1822/1822
f 1829/1829/1829 1834/1834/1834 1826/1826/1826
f 1830/1830/1830 1837/1837/1837 1829/1829/1829
f 1831/1831/1831 1838/1838/1838 1830/1830/1830
f 1837/1837/1837 1842/1842/1842 1834/1834/1834
f 1838/1838/1838 1845/1845/1845 1837/1837/1837
f 1839/1839/1839 1846/1846/1846 1838/1838/1838
f 1845/1845/1845 1850/1850/1850 1842/1842/1842
f 1846/1846/1846 1853/1853/1853 1845/1845/1845
f 1847/1847/1847 1854/1854/1854 1846/1846/1846
f 1773/1773/1773 1860/1860/1860 1770/1770/1770
f 1774/1774/1774 1861/1861/1861 1773/1773/1773
f 1775/1775/1775 1862/1862/1862 1774/1774/1774
f 1853/1853/1853 1866/1866/1866 1850/1850/1850
f 1854/1854/1854 1869/1869/1869 1853/1853/1853
f 1855/1855/1855 1870/1870/1870 1854/1854/1854
f 1869/1869/1869 1874/1874/1874 1866/1866/1866
f 1870/1870/1870 1877/1877/1877 1869/1869/1869
f 1871/1871/1871 1878/1878/1878 1870/1870/1870
f 1877/1877/1877 1882/1882/1882 1874/1874/1874
f 1878/1878/1878 1885/1885/1885 1877/1877/1877
f 1879/1879/1879 1886/1886/1886 1878/1878/1878
f 1885/1885/1885 1890/1890/1890 1882/1882/1882
f 1886/1886/1886 1893/1893/1893 1885/1885/1885
f 1887/1887/1887 1894/1894/1894 1886/1886/1886
f 1893/1893/1893 1898/1898/1898 1890/1890/1890
f 1894/1894/1894 1901/1901/1901 1893/1893/1893
f 1895/1895/1895 1902/1902/1902 1894/1894/1894
f 1901/1901/1901 1906/1906/1906 1898/1898/1898
f 1902/1902/1902 1911/1911/1911 1901/1901/1901
f 1903/1903/1903 1913/1913/1913 1902/1902/1902
f 1789/1789/1789 1922/1922/1922 1786/1786/1786
f 1790/1790/1790 1923/1923/1923 1789/1789/1789
f 1791/1791/1791 1924/1924/1924 1790/1790/1790
f 1813/1813/1813 1930/1930/1930 1810/1810/1810
f 1814/1814/1814 1931/1931/1931 1813/1813/1813
f 1815/1815/1815 1932/1932/1932 1814/1814/1814
f 1910/1910/1910 2100/2100/2100 1986/1986/1986
f 1921/1921/1921 2130/2130/2130 1852/1852/1852
f 2222/2222/2222 1836/1836/1836 2225/2225/2225
f 1771/1771/1771 1764/1764/1764 2190/2190/2190
f 2140/2140/2140 2176/2176/2176 1761/1761/1761
f 1716/1716/1716 2194/2194/2194 1740/1740/1740
f 1753/1753/1753 2202/2202/2202 1777/1777/1777
f 1859/1859/1859 2218/2218/2218 1884/1884/1884
f 1897/1897/1897 2210/2210/2210 2039/2039/2039
f 2030/2030/2030 2080/2080/2080 1973/1973/1973
f 1979/1979/1979 1785/1785/1785 1991/1991/1991
f 2014/2014/2014 2118/2118/2118 2026/2026/2026
f 2032/2032/2032 1833/1833/1833 2044/2044/2044
f 2050/2050/2050 2128/2128/2128 2062/2062/2062
f 2075/2075/2075 1968/1968/1968 2087/2087/2087
f 2093/2093/2093 1724/1724/1724 2105/2105/2105
f 2167/2167/2167 1994/1994/1994 1691/1691/1691
f 1691/1691/1691 1996/1996/1996 1686/1686/1686
f 1686/1686/1686 1998/1998/1998 1688/1688/1688
f 1688/1688/1688 2000/2000/2000 1693/1693/1693
f 1693/1693/1693 2001/2001/2001 1696/1696/1696
f 1696/1696/1696 2003/2003/2003 1699/1699/1699
f 1699/1699/1699 2006/2006/2006 1702/1702/1702
f 1702/1702/1702 2008/2008/2008 1704/1704/1704
f 1704/1704/1704 2048/2048/2048 2149/2149/2149
f 2101/2101/2101 1989/1989/1989 2077/2077/2077
f 2058/2058/2058 1965/1965/1965 2034/2034/2034
f 2040/2040/2040 1953/1953/1953 2016/2016/2016
f 2022/2022/2022 1941/1941/1941 1981/1981/1981
f 1987/1987/1987 1928/1928/1928 1963/1963/1963
f 1969/1969/1969 1891/1891/1891 2121/2121/2121
f 2046/2046/2046 1795/1795/1795 1864/1864/1864
f 1875/1875/1875 2073/2073/2073 1827/1827/1827
f 1769/1769/1769 2115/2115/2115 1721/1721/1721
f 1732/1732/1732 2145/2145/2145 2055/2055/2055
f 2220/2220/2220 2151/2151/2151 2180/2180/2180
f 2174/2174/2174 2171/2171/2171 2198/2198/2198
f 2137/2137/2137 2232/2232/2232 2178/2178/2178
f 2135/2135/2135 1801/1801/1801 1817/1817/1817
f 2222/2222/2222 1764/1764/1764 1780/1780/1780
f 2011/2011/2011 2064/2064/2064 1918/1918/1918
f 2099/2099/2099 2066/2066/2066 1713/1713/1713
f 2160/2160/2160 2163/2163/2163 2152/2152/2152
f 2116/2116/2116 2185/2185/2185 2146/2146/2146
f 2110/2110/2110 2193/2193/2193 2116/2116/2116
f 2100/2100/2100 1976/1976/1976 1986/1986/1986
f 2196/2196/2196 2147/2147/2147 2123/2123/2123
f 1796/1796/1796 2215/2215/2215 2074/2074/2074
f 1809/1809/1809 2217/2217/2217 1796/1796/1796
f 2108/2108/2108 1921/1921/1921 1950/1950/1950
f 1905/1905/1905 1856/1856/1856 1892/1892/1892
f 1724/1724/1724 2111/2111/2111 2105/2105/2105
f 1968/1968/1968 2093/2093/2093 2087/2087/2087
f 2128/2128/2128 2075/2075/2075 2062/2062/2062
f 1978/1978/1978 2141/2141/2141 1966/1966/1966
f 1833/1833/1833 2050/2050/2050 2044/2044/2044
f 2019/2019/2019 1957/1957/1957 1990/1990/1990
f 2118/2118/2118 2032/2032/2032 2026/2026/2026
f 1785/1785/1785 2014/2014/2014 1991/1991/1991
f 2080/2080/2080 1979/1979/1979 1973/1973/1973
f 2184/2184/2184 2030/2030/2030 2213/2213/2213
f 2206/2206/2206 1961/1961/1961 1956/1956/1956
f 2092/2092/2092 1944/1944/1944 1935/1935/1935
f 2210/2210/2210 2029/2029/2029 2039/2039/2039
f 2212/2212/2212 1859/1859/1859 1849/1849/1849
f 2208/2208/2208 1825/1825/1825 1812/1812/1812
f 2204/2204/2204 2070/2070/2070 2072/2072/2072
f 2202/2202/2202 1788/1788/1788 1777/1777/1777
f 2176/2176/2176 1716/1716/1716 1761/1761/1761
f 2227/2227/2227 1873/1873/1873 1889/1889/1889
f 2130/2130/2130 1836/1836/1836 1852/1852/1852
f 2200/2200/2200 1771/1771/1771 2229/2229/2229
f 2358/2358/2358 2360/2360/2360 2252/2252/2252
f 2379/2379/2379 2376/2376/2376 2286/2286/2286
f 2233/2233/2233 2236/2236/2236 2379/2379/2379
f 2378/2378/2378 2235/2235/2235 2285/2285/2285
f 2384/2384/2384 2381/2381/2381 2290/2290/2290
f 2286/2286/2286 2239/2239/2239 2384/2384/2384
f 2235/2235/2235 2383/2383/2383 2293/2293/2293
f 2389/2389/2389 2386/2386/2386 2294/2294/2294
f 2290/2290/2290 2242/2242/2242 2389/2389/2389
f 2235/2235/2235 2388/2388/2388 2297/2297/2297
f 2395/2395/2395 2391/2391/2391 2299/2299/2299
f 2294/2294/2294 2245/2245/2245 2395/2395/2395
f 2235/2235/2235 2392/2392/2392 2300/2300/2300
f 2318/2318/2318 2301/2301/2301 2315/2315/2315
f 2299/2299/2299 2248/2248/2248 2316/2316/2316
f 2235/2235/2235 2317/2317/2317 2304/2304/2304
f 2323/2323/2323 2319/2319/2319 2307/2307/2307
f 2303/2303/2303 2251/2251/2251 2323/2323/2323
f 2235/2235/2235 2320/2320/2320 2308/2308/2308
f 2327/2327/2327 2329/2329/2329 2311/2311/2311
f 2307/2307/2307 2254/2254/2254 2328/2328/2328
f 2235/2235/2235 2324/2324/2324 2312/2312/2312
f 2334/2334/2334 2335/2335/2335 2283/2283/2283
f 2311/2311/2311 2257/2257/2257 2334/2334/2334
f 2235/2235/2235 2331/2331/2331 2279/2279/2279
f 2339/2339/2339 2340/2340/2340 2277/2277/2277
f 2283/2283/2283 2260/2260/2260 2339/2339/2339
f 2235/2235/2235 2336/2336/2336 2273/2273/2273
f 2345/2345/2345 2343/2343/2343 2271/2271/2271
f 2277/2277/2277 2263/2263/2263 2345/2345/2345
f 2235/2235/2235 2341/2341/2341 2267/2267/2267
f 2349/2349/2349 2350/2350/2350 2265/2265/2265
f 2271/2271/2271 2266/2266/2266 2349/2349/2349
f 2235/2235/2235 2346/2346/2346 2261/2261/2261
f 2353/2353/2353 2355/2355/2355 2258/2258/2258
f 2265/2265/2265 2269/2269/2269 2353/2353/2353
f 2235/2235/2235 2352/2352/2352 2256/2256/2256
f 2356/2356/2356 2359/2359/2359 2249/2249/2249
f 2235/2235/2235 2357/2357/2357 2250/2250/2250
f 2363/2363/2363 2365/2365/2365 2246/2246/2246
f 2252/2252/2252 2275/2275/2275 2363/2363/2363
f 2235/2235/2235 2362/2362/2362 2244/2244/2244
f 2368/2368/2368 2370/2370/2370 2240/2240/2240
f 2246/2246/2246 2278/2278/2278 2368/2368/2368
f 2235/2235/2235 2367/2367/2367 2238/2238/2238
f 2373/2373/2373 2375/2375/2375 2233/2233/2233
f 2240/2240/2240 2281/2281/2281 2373/2373/2373
f 2235/2235/2235 2372/2372/2372 2285/2285/2285
f 2303/2303/2303 2316/2316/2316 2251/2251/2251
f 2305/2305/2305 2318/2318/2318 2302/2302/2302
f 2321/2321/2321 2305/2305/2305 2322/2322/2322
f 2321/2321/2321 2322/2322/2322 2309/2309/2309
f 2325/2325/2325 2309/2309/2309 2326/2326/2326
f 2325/2325/2325 2326/2326/2326 2313/2313/2313
f 2332/2332/2332 2313/2313/2313 2333/2333/2333
f 2332/2332/2332 2333/2333/2333 2280/2280/2280
f 2337/2337/2337 2280/2280/2280 2338/2338/2338
f 2337/2337/2337 2338/2338/2338 2274/2274/2274
f 2342/2342/2342 2274/2274/2274 2344/2344/2344
f 2342/2342/2342 2344/2344/2344 2268/2268/2268
f 2347/2347/2347 2268/2268/2268 2348/2348/2348
f 2347/2347/2347 2348/2348/2348 2262/2262/2262
f 2351/2351/2351 2262/2262/2262 2354/2354/2354
f 2351/2351/2351 2354/2354/2354 2255/2255/2255
f 2356/2356/2356 2255/2255/2255 2359/2359/2359
f 2258/2258/2258 2272/2272/2272 2358/2358/2358
f 2361/2361/2361 2249/2249/2249 2364/2364/2364
f 2361/2361/2361 2364/2364/2364 2243/2243/2243
f 2366/2366/2366 2243/2243/2243 2369/2369/2369
f 2366/2366/2366 2369/2369/2369 2237/2237/2237
f 2371/2371/2371 2237/2237/2237 2374/2374/2374
f 2371/2371/2371 2374/2374/2374 2284/2284/2284
f 2377/2377/2377 2284/2284/2284 2380/2380/2380
f 2377/2377/2377 2380/2380/2380 2288/2288/2288
f 2382/2382/2382 2288/2288/2288 2385/2385/2385
f 2382/2382/2382 2385/2385/2385 2292/2292/2292
f 2387/2387/2387 2292/2292/2292 2390/2390/2390
f 2387/2387/2387 2390/2390/2390 2296/2296/2296
f 2393/2393/2393 2296/2296/2296 2394/2394/2394
f 2393/2393/2393 2394/2394/2394 2301/2301/2301
f 2383/2383/2383 2235/2235/2235 2289/2289/2289
f 2378/2378/2378 2289/2289/2289 2235/2235/2235
f 2372/2372/2372 2235/2235/2235 2238/2238/2238
f 2367/2367/2367 2235/2235/2235 2244/2244/2244
f 2362/2362/2362 2235/2235/2235 2250/2250/2250
f 2357/2357/2357 2235/2235/2235 2256/2256/2256
f 2352/2352/2352 2235/2235/2235 2261/2261/2261
f 2346/2346/2346 2235/2235/2235 2267/2267/2267
f 2341/2341/2341 2235/2235/2235 2273/2273/2273
f 2336/2336/2336 2235/2235/2235 2279/2279/2279
f 2331/2331/2331 2235/2235/2235 2312/2312/2312
f 2324/2324/2324 2235/2235/2235 2308/2308/2308
f 2320/2320/2320 2235/2235/2235 2304/2304/2304
f 2317/2317/2317 2235/2235/2235 2300/2300/2300
f 2392/2392/2392 2235/2235/2235 2297/2297/2297
f 2388/2388/2388 2235/2235/2235 2293/2293/2293
f 2252/2252/2252 2360/2360/2360 2275/2275/2275
f 2286/2286/2286 2376/2376/2376 2239/2239/2239
f 2379/2379/2379 2236/2236/2236 2376/2376/2376
f 2290/2290/2290 2381/2381/2381 2242/2242/2242
f 2384/2384/2384 2239/2239/2239 2381/2381/2381
f 2294/2294/2294 2386/2386/2386 2245/2245/2245
f 2389/2389/2389 2242/2242/2242 2386/2386/2386
f 2299/2299/2299 2391/2391/2391 2248/2248/2248
f 2395/2395/2395 2245/2245/2245 2391/2391/2391
f 2315/2315/2315 2301/2301/2301 2298/2298/2298
f 2316/2316/2316 2248/2248/2248 2314/2314/2314
f 2307/2307/2307 2319/2319/2319 2254/2254/2254
f 2323/2323/2323 2251/2251/2251 2319/2319/2319
f 2311/2311/2311 2329/2329/2329 2257/2257/2257
f 2328/2328/2328 2254/2254/2254 2330/2330/2330
f 2283/2283/2283 2335/2335/2335 2260/2260/2260
f 2334/2334/2334 2257/2257/2257 2335/2335/2335
f 2277/2277/2277 2340/2340/2340 2263/2263/2263
f 2339/2339/2339 2260/2260/2260 2340/2340/2340
f 2271/2271/2271 2343/2343/2343 2266/2266/2266
f 2345/2345/2345 2263/2263/2263 2343/2343/2343
f 2265/2265/2265 2350/2350/2350 2269/2269/2269
f 2349/2349/2349 2266/2266/2266 2350/2350/2350
f 2258/2258/2258 2355/2355/2355 2272/2272/2272
f 2353/2353/2353 2269/2269/2269 2355/2355/2355
f 2249/2249/2249 2359/2359/2359 2253/2253/2253
f 2246/2246/2246 2365/2365/2365 2278/2278/2278
f 2363/2363/2363 2275/2275/2275 2365/2365/2365
f 2240/2240/2240 2370/2370/2370 2281/2281/2281
f 2368/2368/2368 2278/2278/2278 2370/2370/2370
f 2233/2233/2233 2375/2375/2375 2236/2236/2236
f 2373/2373/2373 2281/2281/2281 2375/2375/2375
f 2251/2251/2251 2316/2316/2316 2314/2314/2314
f 2302/2302/2302 2318/2318/2318 2315/2315/2315
f 2322/2322/2322 2305/2305/2305 2302/2302/2302
f 2309/2309/2309 2322/2322/2322 2306/2306/2306
f 2326/2326/2326 2309/2309/2309 2306/2306/2306
f 2313/2313/2313 2326/2326/2326 2310/2310/2310
f 2333/2333/2333 2313/2313/2313 2310/2310/2310
f 2280/2280/2280 2333/2333/2333 2282/2282/2282
f 2338/2338/2338 2280/2280/2280 2282/2282/2282
f 2274/2274/2274 2338/2338/2338 2276/2276/2276
f 2344/2344/2344 2274/2274/2274 2276/2276/2276
f 2268/2268/2268 2344/2344/2344 2270/2270/2270
f 2348/2348/2348 2268/2268/2268 2270/2270/2270
f 2262/2262/2262 2348/2348/2348 2264/2264/2264
f 2354/2354/2354 2262/2262/2262 2264/2264/2264
f 2255/2255/2255 2354/2354/2354 2259/2259/2259
f 2359/2359/2359 2255/2255/2255 2259/2259/2259
f 2358/2358/2358 2272/2272/2272 2360/2360/2360
f 2364/2364/2364 2249/2249/2249 2253/2253/2253
f 2243/2243/2243 2364/2364/2364 2247/2247/2247
f 2369/2369/2369 2243/2243/2243 2247/2247/2247
f 2237/2237/2237 2369/2369/2369 2241/2241/2241
f 2374/2374/2374 2237/2237/2237 2241/2241/2241
f 2284/2284/2284 2374/2374/2374 2234/2234/2234
f 2380/2380/2380 2284/2284/2284 2234/2234/2234
f 2288/2288/2288 2380/2380/2380 2287/2287/2287
f 2385/2385/2385 2288/2288/2288 2287/2287/2287
f 2292/2292/2292 2385/2385/2385 2291/2291/2291
f 2390/2390/2390 2292/2292/2292 2291/2291/2291
f 2296/2296/2296 2390/2390/2390 2295/2295/2295
f 2394/2394/2394 2296/2296/2296 2295/2295/2295
f 2301/2301/2301 2394/2394/2394 2298/2298/2298
f 2494/2494/2494 2451/2451/2451 2434/2434/2434
f 2449/2449/2449 2494/2494/2494 2478/2478/2478
f 2478/2478/2478 2494/2494/2494 2419/2419/2419
f 2494/2494/2494 2475/2475/2475 2419/2419/2419
f 2447/2447/2447 2423/2423/2423 2401/2401/2401
f 2425/2425/2425 2420/2420/2420 2493/2493/2493
f 2432/2432/2432 2417/2417/2417 2490/2490/2490
f 2438/2438/2438 2413/2413/2413 2487/2487/2487
f 2444/2444/2444 2410/2410/2410 2484/2484/2484
f 2448/2448/2448 2407/2407/2407 2481/2481/2481
f 2418/2418/2418 2405/2405/2405 2477/2477/2477
f 2411/2411/2411 2402/2402/2402 2474/2474/2474
f 2396/2396/2396 2399/2399/2399 2471/2471/2471
f 2403/2403/2403 2445/2445/2445 2468/2468/2468
f 2408/2408/2408 2442/2442/2442 2465/2465/2465
f 2471/2471/2471 2473/2473/2473 2411/2411/2411
f 2459/2459/2459 2461/2461/2461 2414/2414/2414
f 2474/2474/2474 2476/2476/2476 2418/2418/2418
f 2468/2468/2468 2470/2470/2470 2396/2396/2396
f 2457/2457/2457 2458/2458/2458 2421/2421/2421
f 2477/2477/2477 2479/2479/2479 2448/2448/2448
f 2462/2462/2462 2464/2464/2464 2408/2408/2408
f 2481/2481/2481 2482/2482/2482 2444/2444/2444
f 2454/2454/2454 2455/2455/2455 2428/2428/2428
f 2484/2484/2484 2485/2485/2485 2438/2438/2438
f 2452/2452/2452 2450/2450/2450 2435/2435/2435
f 2487/2487/2487 2488/2488/2488 2431/2431/2431
f 2465/2465/2465 2467/2467/2467 2403/2403/2403
f 2490/2490/2490 2491/2491/2491 2425/2425/2425
f 2401/2401/2401 2398/2398/2398 2441/2441/2441
f 2493/2493/2493 2406/2406/2406 2447/2447/2447
f 2441/2441/2441 2426/2426/2426 2452/2452/2452
f 2435/2435/2435 2429/2429/2429 2454/2454/2454
f 2428/2428/2428 2433/2433/2433 2457/2457/2457
f 2421/2421/2421 2436/2436/2436 2459/2459/2459
f 2414/2414/2414 2439/2439/2439 2462/2462/2462
f 2494/2494/2494 2434/2434/2434 2453/2453/2453
f 2494/2494/2494 2453/2453/2453 2427/2427/2427
f 2494/2494/2494 2427/2427/2427 2456/2456/2456
f 2494/2494/2494 2456/2456/2456 2422/2422/2422
f 2494/2494/2494 2422/2422/2422 2460/2460/2460
f 2494/2494/2494 2460/2460/2460 2415/2415/2415
f 2494/2494/2494 2415/2415/2415 2463/2463/2463
f 2494/2494/2494 2463/2463/2463 2409/2409/2409
f 2494/2494/2494 2409/2409/2409 2466/2466/2466
f 2494/2494/2494 2466/2466/2466 2404/2404/2404
f 2494/2494/2494 2404/2404/2404 2469/2469/2469
f 2494/2494/2494 2469/2469/2469 2397/2397/2397
f 2494/2494/2494 2397/2397/2397 2472/2472/2472
f 2494/2494/2494 2472/2472/2472 2412/2412/2412
f 2494/2494/2494 2412/2412/2412 2475/2475/2475
f 2494/2494/2494 2449/2449/2449 2480/2480/2480
f 2494/2494/2494 2480/2480/2480 2443/2443/2443
f 2494/2494/2494 2443/2443/2443 2483/2483/2483
f 2494/2494/2494 2483/2483/2483 2437/2437/2437
f 2494/2494/2494 2437/2437/2437 2486/2486/2486
f 2494/2494/2494 2486/2486/2486 2430/2430/2430
f 2494/2494/2494 2430/2430/2430 2489/2489/2489
f 2494/2494/2494 2489/2489/2489 2424/2424/2424
f 2494/2494/2494 2424/2424/2424 2492/2492/2492
f 2494/2494/2494 2492/2492/2492 2446/2446/2446
f 2494/2494/2494 2446/2446/2446 2400/2400/2400
f 2494/2494/2494 2400/2400/2400 2440/2440/2440
f 2494/2494/2494 2440/2440/2440 2451/2451/2451
f 2401/2401/2401 2423/2423/2423 2398/2398/2398
f 2493/2493/2493 2420/2420/2420 2406/2406/2406
f 2490/2490/2490 2417/2417/2417 2491/2491/2491
f 2487/2487/2487 2413/2413/2413 2488/2488/2488
f 2484/2484/2484 2410/2410/2410 2485/2485/2485
f 2481/2481/2481 2407/2407/2407 2482/2482/2482
f 2477/2477/2477 2405/2405/2405 2479/2479/2479
f 2474/2474/2474 2402/2402/2402 2476/2476/2476
f 2471/2471/2471 2399/2399/2399 2473/2473/2473
f 2468/2468/2468 2445/2445/2445 2470/2470/2470
f 2465/2465/2465 2442/2442/2442 2467/2467/2467
f 2411/2411/2411 2473/2473/2473 2402/2402/2402
f 2414/2414/2414 2461/2461/2461 2439/2439/2439
f 2418/2418/2418 2476/2476/2476 2405/2405/2405
f 2396/2396/2396 2470/2470/2470 2399/2399/2399
f 2421/2421/2421 2458/2458/2458 2436/2436/2436
f 2448/2448/2448 2479/2479/2479 2407/2407/2407
f 2408/2408/2408 2464/2464/2464 2442/2442/2442
f 2444/2444/2444 2482/2482/2482 2410/2410/2410
f 2428/2428/2428 2455/2455/2455 2433/2433/2433
f 2438/2438/2438 2485/2485/2485 2413/2413/2413
f 2435/2435/2435 2450/2450/2450 2429/2429/2429
f 2431/2431/2431 2488/2488/2488 2416/2416/2416
f 2403/2403/2403 2467/2467/2467 2445/2445/2445
f 2425/2425/2425 2491/2491/2491 2420/2420/2420
f 2441/2441/2441 2398/2398/2398 2426/2426/2426
f 2447/2447/2447 2406/2406/2406 2423/2423/2423
f 2452/2452/2452 2426/2426/2426 2450/2450/2450
f 2454/2454/2454 2429/2429/2429 2455/2455/2455
f 2457/2457/2457 2433/2433/2433 2458/2458/2458
f 2459/2459/2459 2436/2436/2436 2461/2461/2461
f 2462/2462/2462 2439/2439/2439 2464/2464/2464
